step,fixed_time,frame,input_x,input_y,desired_vx,desired_vy,desired_vz,target_ax,target_ay,target_az,applied_ax,applied_ay,applied_az,grounded,stepped,step_rise,full_rig_acceleration,Player_vx,Player_vy,Player_vz,Player_avx,Player_avy,Player_avz,ChestPhysics_vx,ChestPhysics_vy,ChestPhysics_vz,ChestPhysics_angle_x,ChestPhysics_angle_y,ChestPhysics_angle_z,ChestPhysics_rel_avx,ChestPhysics_rel_avy,ChestPhysics_rel_avz,ThighPhysics_L_vx,ThighPhysics_L_vy,ThighPhysics_L_vz,ThighPhysics_L_angle_x,ThighPhysics_L_angle_y,ThighPhysics_L_angle_z,ThighPhysics_L_rel_avx,ThighPhysics_L_rel_avy,ThighPhysics_L_rel_avz,ThighPhysics_R_vx,ThighPhysics_R_vy,ThighPhysics_R_vz,ThighPhysics_R_angle_x,ThighPhysics_R_angle_y,ThighPhysics_R_angle_z,ThighPhysics_R_rel_avx,ThighPhysics_R_rel_avy,ThighPhysics_R_rel_avz,ShinPhysics_L_vx,ShinPhysics_L_vy,ShinPhysics_L_vz,ShinPhysics_L_angle_x,ShinPhysics_L_angle_y,ShinPhysics_L_angle_z,ShinPhysics_L_rel_avx,ShinPhysics_L_rel_avy,ShinPhysics_L_rel_avz,ShinPhysics_R_vx,ShinPhysics_R_vy,ShinPhysics_R_vz,ShinPhysics_R_angle_x,ShinPhysics_R_angle_y,ShinPhysics_R_angle_z,ShinPhysics_R_rel_avx,ShinPhysics_R_rel_avy,ShinPhysics_R_rel_avz,FootPhysics_L_vx,FootPhysics_L_vy,FootPhysics_L_vz,FootPhysics_L_angle_x,FootPhysics_L_angle_y,FootPhysics_L_angle_z,FootPhysics_L_rel_avx,FootPhysics_L_rel_avy,FootPhysics_L_rel_avz,FootPhysics_R_vx,FootPhysics_R_vy,FootPhysics_R_vz,FootPhysics_R_angle_x,FootPhysics_R_angle_y,FootPhysics_R_angle_z,FootPhysics_R_rel_avx,FootPhysics_R_rel_avy,FootPhysics_R_rel_avz,camera_offset_x,camera_offset_y,camera_offset_z,camera_distance
0,0,1,0,0,0,0,0,0,0,0,0,0,0,0,0,0,1,0,0,0,0,0,0,0,0,0,0,0,0,0,0,0,0,0,0,0,0,0,0,0,0,0,0,0,0,0,0,0,0,0,0,0,0,0,0,0,0,0,0,0,0,0,0,0,0,0,0,0,0,0,0,0,0,0,0,0,0,0,0,0,0,0,0,0,0,0,0.5500003,2.13215256,-2.82050323,3.57824159
1,0.0199999929138322,2,0,0,0,0,0,-0.0403742231,0,0.0182626322,0,0,0,0,0,0,1,0.000807484146,-0.17405583,-0.0003652525,0,0,0,0.009857623,-0.1301699,-0.0007003928,0.024248179,-0.00183105469,0.05631886,0.0187213887,-0.002343124,0.0288325232,0.000854112,-0.17396529,-0.0252742171,-0.134613037,-0.006866455,0.00265029375,-0.127504051,-0.005644791,0.00179940776,0.000884377747,-0.17405583,-0.0260984879,-0.132141113,-0.00598144531,0.00275490549,-0.125954971,-0.004887905,0.00188739772,-6.423013E-05,-0.177589625,0.003823428,0.6381655,-0.00561523438,0.0022319206,0.5639726,-0.00528056035,0.002165905,-5.73790931E-05,-0.177677289,0.00381592615,0.6401472,-0.00491333,0.00228514173,0.5659156,-0.00464290846,0.00221556076,-8.97659047E-05,-0.214666039,0.08460981,0.495589942,-0.00341796875,0.0013098066,0.463403046,-0.0039628474,0.00157798454,-0.000108300992,-0.214778081,0.08477558,0.4957767,-0.00305175781,0.00129645923,0.463962018,-0.00356294122,0.0015696889,-0.550032139,2.13567233,2.738815,3.51635313
2,0.0399999858276644,3,0,0,0,0,0,-0.0129940361,0,0.09765431,0,0,0,0,0,0,1,0.000259880617,-0.351888359,-0.00195308554,0,0,0,0.000643655658,-0.3370413,-0.00436450867,0.03097205,-10.8017883,0.0141898785,0.00440500351,0.00164289214,0.009993357,-3.84952873E-05,-0.351839185,-0.0272479169,-0.28729248,-10.8018188,7.58667447E-05,-0.123708025,0.005619535,-0.000911578943,3.259722E-05,-0.351831317,-0.02622247,-0.289794922,-10.7996521,0.0001420334,-0.1237401,0.00646245945,-0.0008780127,0.000262778049,-0.350132644,0.0313427821,1.20368516,-10.80423,0.00230386946,0.6345971,0.00267455261,-0.000584099151,0.000313816185,-0.3501744,0.0311758444,1.20284283,-10.8019409,0.00245924969,0.63159126,0.00395247433,-0.0005356819,8.617058E-05,-0.3878334,0.131433323,1.06553721,-10.806427,0.00260990346,0.5168135,-0.0005656723,0.0009322051,-1.54817826E-07,-0.387876838,0.131162733,1.06541777,-10.8041992,0.00266343378,0.516375363,0.0009890392,0.00102903857,0.7544312,4.18816948,0.806526363,4.33132935
3,0.059999978741496596,3,0,0,0,0,0,-1.49054229,0,0.270984918,0,0,0,0,0,0,1,0.0298108347,-0.5363843,-0.005419696,0,0,0,-0.13906908,-0.5258726,0.0118564572,0.0494371578,-17.5696716,0.9740199,-0.05763546,1.19933379,-0.118724152,-0.2828968,-0.533909261,-0.368455976,0.4357202,-22.4933777,-0.628051758,-2.80003476,-0.140004516,1.97030568,-0.241286919,-0.5391254,0.374297976,-1.3343811,-22.4927063,-0.5398865,2.426925,-0.0622755624,2.17158842,-0.06820111,-0.5260437,-0.02205788,3.16412973,-22.00705,-1.21292114,1.94736469,-0.481416643,-0.73456955,-0.05480312,-0.539110363,0.144403681,0.22063756,-22.01944,-0.988433838,-0.5691482,-0.5125963,-0.922150731,0.1366645,-0.6188528,0.304547936,2.546731,-21.3068542,-1.02548218,1.531358,0.0544072837,-0.738218665,0.11360424,-0.507597148,-0.008934006,0.62868154,-21.3913574,-0.82598877,-0.399587572,-0.0133600915,-0.830716252,0.753442168,4.198888,0.806428134,4.34150457
4,0.0799999716553288,3,0,0,0,0,0,-2.5570488,0,0.601544261,0,0,0,0,0,0,1,0.0511409566,-0.7269795,-0.0120308809,0,0,0,-0.184022352,-0.7142631,0.0355816558,-0.0594482422,-20.2822876,1.61651015,-0.0857783258,2.84577012,-0.554162,-0.373811632,-0.7394802,-0.3994316,0.9258454,-30.039856,-1.19818115,-3.650858,-2.39650059,2.47278166,-0.203002185,-0.7486005,0.5210028,-2.115265,-30.0286255,-0.929962158,3.23410034,-2.20585251,2.84010029,-0.174038529,-0.694691837,-0.14013584,5.37828064,-29.9855652,-2.456604,1.92285693,2.54202676,-0.5279224,-0.104278192,-0.709649,0.34098208,-1.33929443,-29.9536438,-1.70956421,-0.61393,2.50557876,-0.8202453,0.0151293427,-0.808647156,0.275939822,4.81255054,-30.2127075,-2.61407471,2.34353781,1.933518,-0.774704933,-0.05316087,-0.6027354,0.0237345546,-0.7354126,-30.34552,-1.86752319,-1.02793574,1.85042214,-1.25635564,0.7518415,4.21343327,0.8064142,4.355294
5,0.099999964569160993,3,0,0,0,0,0,-3.55141258,0,1.12670255,0,0,0,0,0,0,1,0.0710282251,-0.9227902,-0.0225340426,0,0,0,-0.213163555,-0.8892405,0.07317521,-0.2291565,-21.0621033,1.925831,-0.0594600141,3.845284,-0.851909,-0.471160769,-0.949702561,-0.3666516,1.57631528,-30.835144,-1.65737915,-4.0635643,-2.67015314,2.71751356,-0.112454921,-0.9614865,0.633839548,-2.6819458,-30.7972717,-1.51193237,3.60558581,-2.372167,3.222886,-0.220116362,-0.8749546,-0.2120917,7.480617,-31.53418,-3.41348267,1.68068027,8.281956,-0.301125526,-0.0514065064,-0.8939754,0.4984575,-2.850647,-31.4408264,-2.636139,-0.298999041,8.22445,-0.893058956,-0.322695881,-0.962358534,0.111082792,7.259487,-33.17206,-4.28823853,2.33958769,7.354964,-0.416836739,-0.44007203,-0.7603822,0.173243567,-2.27508545,-33.2992554,-3.33883667,-0.9511206,7.25150871,-1.52505183,0.749718845,4.23191,0.80668664,4.372858
6,0.11999995748299319,3,0,0,0,0,0,-4.448584,0,1.86089289,0,0,0,0,0,0,1,0.0889716446,-1.12041926,-0.0372178443,0,0,0,-0.236825183,-1.06263232,0.131737173,-0.337036133,-20.5838013,1.9683702,0.007357657,4.71684265,-1.03757715,-0.570570648,-1.16079,-0.281023622,2.51503634,-30.66446,-2.03115845,-4.15155649,-2.4101162,2.768609,0.025663428,-1.173263,0.726166964,-3.08206177,-30.5515137,-2.25308228,3.72392082,-2.10046458,3.41147614,-0.343925536,-1.07227075,-0.2955233,8.804299,-31.2419434,-3.96203613,1.13021147,9.721861,-0.177835822,-0.04394578,-1.08621645,0.6242931,-4.064972,-31.0509033,-3.60128784,-0.125387609,9.711793,-0.725943148,-0.6536381,-1.125862,-0.107199751,9.144673,-32.5266724,-5.228424,1.52918363,9.900145,0.084131,-0.797071457,-0.96427,0.426286429,-3.54470825,-32.64023,-4.84472656,-0.790633857,9.899801,-1.22466338,0.7472083,4.25435543,0.8074132,4.394289
7,0.13999995039682539,3,0,0,0,0,0,-5.084903,0,2.73544717,0,0,0,0,0,0,1,0.101698019,-1.31805873,-0.05470892,0,0,0,-0.23579967,-1.2411207,0.195373625,-0.307189941,-19.5063477,1.83050907,0.106810749,5.33130836,-1.12324381,-0.652199566,-1.37276351,-0.189616844,3.43955183,-30.1105347,-2.1953125,-4.22051144,-1.948671,2.62132072,0.165674374,-1.38135028,0.75957185,-3.33096313,-29.8969421,-2.90667725,3.54492021,-1.679353,3.51763,-0.5391487,-1.28028309,-0.380082667,9.70089,-30.5970459,-4.02829,0.6527221,10.0205927,-0.009414256,-0.07556193,-1.2874341,0.737246931,-5.04312134,-30.2463684,-4.245636,-0.07000117,10.1052847,-0.3850292,-0.9173529,-1.31583333,-0.21902743,10.4212952,-31.58908,-5.520813,0.871498942,10.1304388,0.378226042,-0.991838634,-1.18593967,0.7704181,-4.62554932,-31.5288086,-5.90856934,-0.7652566,10.3505688,-0.749965549,0.7444933,4.28076839,0.808654368,4.419635
8,0.15999994331065759,3,0,0,0,0,0,-5.350347,0,3.721261,0,0,0,0,0,0,1,0.1070069,-1.51515627,-0.07442519,0,0,0,-0.209174767,-1.42517579,0.25325036,-0.112518311,-15.6976318,1.62858236,0.213879049,5.6576376,-1.1261251,-0.711574,-1.581409,-0.09100738,4.10853624,-26.84616,-2.18286133,-4.29159546,-1.47611725,2.38868523,0.294286162,-1.58531988,0.747190654,-3.52880859,-26.5429688,-3.33795166,3.23849154,-1.27045834,3.58751,-0.7336881,-1.49739122,-0.407514185,10.141119,-27.3361511,-3.85647583,0.215169936,9.999047,0.0381525457,-0.08305064,-1.49405313,0.851016641,-5.905182,-26.8309326,-4.52734375,-0.07349934,10.1215982,-0.0450006574,-1.13325489,-1.51453674,-0.244005218,11.0484219,-28.2590942,-5.49908447,0.3056181,9.960479,0.3998858,-1.04372,-1.4079144,1.13461685,-5.61749268,-27.9716187,-6.467041,-0.8260071,10.2825155,-0.340965867,0.741767,4.31113338,0.810425937,4.448919
9,0.17999993622448979,3,0,0,0,0,0,-5.099416,0,4.441602,0,0,0,0,0,0,1,0.101988271,-1.7099582,-0.0888320059,0,0,0,-0.158685058,-1.62115479,0.2724673,0.229434863,-5.382599,1.25669193,0.3251527,5.28705359,-1.0444231,-0.646836162,-1.7723875,-0.0137730539,4.268751,-17.2324219,-2.10287476,-3.645943,-0.5972858,1.75681424,0.354945272,-1.77353477,0.6209879,-3.63412476,-16.8940735,-3.40341187,2.45203447,-0.481039524,3.05678439,-0.8909317,-1.72957349,-0.365695477,9.904142,-17.67633,-3.44491577,-0.415498257,8.425804,0.05996734,-0.06736312,-1.7113452,0.946923435,-6.511261,-17.0335388,-4.21929932,0.00516077876,8.613057,0.529817164,-1.32191038,-1.72566032,-0.19709383,10.8607845,-18.3919678,-5.154602,-0.414468318,8.463283,0.403980672,-0.9117055,-1.64907682,1.47650981,-6.499695,-17.7648926,-6.28521729,-0.9192739,8.96721649,0.285796,0.73935467,4.34539,0.8125168,4.48210239
10,0.19999992913832199,3,0,0,0,0,0,-4.28879452,0,3.96663928,0,0,0,0,0,0,1,0.08577586,-1.8993386,-0.079332754,0,0,0,-0.111288115,-1.84459329,0.18838194,0.683877945,-0.8732605,0.360650122,0.406181574,3.32675171,-0.7933923,-0.3546835,-1.92289317,-0.07465673,3.55603838,-13.2732239,-2.02029419,-1.34161532,3.68090248,0.409617066,0.186660618,-1.922188,0.331353664,-3.40393066,-13.0210266,-2.83544922,0.690326452,3.77328682,1.12317407,-0.9391602,-1.98543143,-0.2601957,8.443817,-13.5660095,-2.44833374,-1.53059506,3.51463556,0.343589544,-0.0716611743,-1.95597732,0.9776142,-6.174286,-12.8270569,-2.652954,0.556392133,3.84845543,1.70913708,-1.46376562,-1.9486773,-0.121569254,9.328914,-13.6834412,-4.046936,-1.670475,3.779036,0.7301357,-0.519714057,-1.9708178,1.6482861,-6.86889648,-12.5167542,-4.5105896,-0.680158734,4.64409447,1.71776891,0.7376917,4.383395,0.8142165,4.51899242
11,0.21999992205215418,3,0,0,0,0,0,-3.39467287,0,3.26732779,0,0,0,0,0,0,1,0.06789343,-2.0917716,-0.06534653,0,0,0,-0.06724192,-2.0524745,0.116664417,1.09852839,2.21307945,-0.47555542,0.328473926,2.69758034,-0.5504575,-0.212166563,-2.10011029,-0.0989952162,2.46650815,-9.699799,-1.57461548,-0.62455976,3.16861415,-0.0777457952,0.0401107371,-2.09773684,0.196941644,-2.998169,-9.417053,-1.84683228,-0.194276482,3.25939679,0.615185857,-0.8322068,-2.17413759,-0.208603144,6.66373,-10.0133362,-1.378418,-1.65635216,3.02680063,0.554703355,-0.0441573933,-2.15735531,0.8849757,-4.955597,-9.281464,-0.902526855,1.1835084,3.26319575,1.82130575,-1.38205767,-2.101347,-0.07300097,7.205815,-10.1682434,-2.74252319,-2.08052158,3.00195313,0.7880225,-0.199603289,-2.254307,1.569755,-6.20019531,-8.935394,-2.17279053,0.35743627,3.43518329,2.070136,0.736448944,4.42522573,0.8155355,4.5596137
12,0.23999991496598638,3,0,0,0,0,0,-2.56212258,0,2.71809149,0,0,0,0,0,0,1,0.05124243,-2.28385448,-0.05436181,0,0,0,-0.0362166427,-2.24880743,0.0776042938,1.42295623,4.67460966,-1.06262207,0.236127824,2.047963,-0.334430337,-0.178649426,-2.28759074,-0.072528325,1.39984274,-6.835449,-1.14822388,-0.439605355,2.56745553,-0.11879757,0.00904754549,-2.28524041,0.172917038,-2.73028564,-6.49099731,-0.748504639,-0.345976532,2.61732912,0.54636,-0.689735949,-2.33101964,-0.174278826,4.685548,-7.012207,-0.724060059,-1.32569957,2.54166675,0.39566958,0.0108649023,-2.32193136,0.7559422,-3.56417847,-6.31771851,0.5658672,1.27154469,2.67097425,1.50394654,-1.17863715,-2.226315,-0.0732759759,4.880809,-6.969452,-1.695221,-2.105377,2.693811,0.5324421,0.008543298,-2.43946719,1.35015535,-4.880829,-5.86395264,-0.0278625488,0.9801936,2.83664083,1.7858839,0.735533059,4.470904,0.8166213,4.604005
13,0.25999990787981858,3,0,0,0,0,0,-1.84083021,0,2.182861,0,0,0,0,0,0,1,0.03681659,-2.47275043,-0.043657206,0,0,0,-0.01979265,-2.44928932,0.0546101332,1.59542191,5.334432,-1.39547729,0.142615288,1.036906,-0.115469553,-0.181440726,-2.47428465,-0.0391559973,0.54076004,-4.196747,-0.8567505,-0.3315206,2.22805452,-0.11059162,0.02613806,-2.47200871,0.181908831,-2.57724,-3.80685425,0.2311233,-0.291900635,2.23697543,0.485917479,-0.561837733,-2.49031115,-0.144691378,2.96888971,-4.36557,-0.427154541,-0.9185192,2.29133725,0.198459923,0.07984337,-2.48458028,0.6250873,-2.2835083,-3.678711,1.65071034,1.1735363,2.37148356,1.09214354,-0.9446448,-2.37760043,-0.0813507,2.77232051,-4.333435,-1.0607605,-1.81079948,2.29594016,0.22641921,0.147544786,-2.583348,1.08763468,-3.47772217,-3.274353,1.698944,1.09156549,2.35988951,1.28105,0.7349283,4.52036333,0.817492,4.652107
14,0.27999990079365078,3,0,0,0,0,0,-1.21701217,0,1.59463072,-1.21701217,0,1.59463072,1,0,0,1,0.0243402347,-2.660056,-0.0318926,0,0,0,-0.0007269345,-2.642861,0.0240825,1.62852108,5.08385849,-1.52331543,0.0544662327,0.473965168,0.07036849,-0.1404395,-2.66005468,-0.0294193141,-0.2119751,-2.05822754,-0.6264343,-0.171203345,1.71408486,-0.175067589,0.02787999,-2.65772772,0.146431237,-2.366272,-1.640625,1.08620572,-0.2587015,1.69394684,0.326536119,-0.446126878,-2.664156,-0.1174735,1.53383148,-2.210083,-0.278564453,-0.647955537,1.85632467,0.1293264,0.142244011,-2.65940428,0.496747345,-1.05050659,-1.5072937,2.47062922,1.14876437,1.91914892,0.8138634,-0.744557858,-2.56106949,-0.06867281,0.989524,-2.21499634,-0.689117432,-1.47651923,1.8491621,0.105279565,0.253620476,-2.74119687,0.8524307,-2.17962646,-1.14407349,3.02170157,1.07350993,1.88715148,0.8701652,0.734571159,4.573567,0.8181147,4.703873
15,0.299999893707483,3,0,0,0,0,0,0.490677446,0,-0.496866047,0.490677446,0,-0.496866047,1,0,0,1,-0.009813545,-2.8461802,0.009937317,0,0,0,-0.009303167,-2.83191371,0.0281290375,1.5716778,4.583029,-1.47372437,-0.0126854181,0.2077627,0.202803761,-0.123796515,-2.84581947,0.00779318158,-0.836700439,-0.5361328,-0.465942383,-0.07668303,1.17156053,-0.192871422,0.004729612,-2.84401727,0.137273818,-2.11193848,-0.106811523,1.77781677,-0.178091556,1.13396335,0.195549324,-0.359984368,-2.84256148,-0.0590645224,0.400717229,-0.643310547,-0.20916748,-0.395988554,1.34004557,0.08566603,0.161947682,-2.83941936,0.403064966,0.145187333,0.0867126361,3.06477833,1.11135209,1.38584852,0.5700487,-0.5893983,-2.75653982,-0.01974731,-0.441589355,-0.6343384,-0.4649353,-1.14720249,1.37034476,0.0756956339,0.308364958,-2.914288,0.6685202,-0.9530029,0.4469865,4.001629,1.07435215,1.37823367,0.5549203,0.734875441,4.63049269,0.8178942,4.75924969
16,0.31999988662131518,3,0,0,0,0,0,0.363227069,0,-0.356530756,0.363227069,0,-0.356530756,1,0,0,1,-0.00726453867,-3.03127837,0.007130612,0,0,0,0.009985512,-3.02038026,0.000293293968,1.463481,4.092582,-1.30422974,-0.0587510169,0.08716591,0.268417776,-0.08369121,-3.03100514,0.0032166,-1.32290649,0.433857441,-0.357940674,-0.03606426,0.714812756,-0.1650229,0.0177044123,-3.03012276,0.092575036,-1.83120728,0.8603608,2.29201341,-0.0725274,0.66831,0.100937471,-0.251873136,-3.02434516,-0.04180986,-0.415527344,0.372152627,-0.1743164,-0.152984053,0.8617517,0.0577756166,0.200669035,-3.02234674,0.280527025,1.30334818,1.12390578,3.44371414,1.05235076,0.889139235,0.3485819,-0.4137504,-2.9589932,-0.0149651133,-1.51547241,0.4064058,-0.3206482,-0.8217421,0.897597551,0.06119573,0.368843317,-3.09355521,0.460401237,0.2328776,1.475778,4.664475,1.06461823,0.8768405,0.273565173,0.7351016,4.691121,0.817730546,4.81826448
17,0.33999987953514738,3,0,0,0,0,0,-0.002200818,0,0.0168147571,-0.002200818,0,0.0168147571,1,0,0,1,4.40163421E-05,-2.38418579E-07,-0.000336295,0,0,0,-0.02311687,0.8290417,0.00916015,1.6246928,3.88333225,-1.26559448,0.167257011,0.161968112,0.179279476,-0.037627928,1.09863,0.011832267,-1.48318481,1.09202051,-0.263397217,0.126252174,0.4807793,-0.102860287,0.09459865,1.095092,0.0491854176,-1.19796753,1.50649261,2.41567945,0.255840421,0.4278957,-0.117160454,-0.0480138361,1.03954172,0.00744200125,-0.6998596,0.94777894,-0.1510315,0.316046923,0.446142763,0.022246778,0.202882409,1.03957462,0.06723584,2.03088665,1.64721036,3.403896,0.5486082,0.456554353,-0.0261018276,-0.02264756,0.142102957,0.0161120985,-0.254241943,0.471355051,-0.34362793,0.545469344,-0.0115893483,-0.8810764,0.0763150156,0.2108984,0.03941375,-0.4977417,1.195782,0.926080048,-1.033751,-0.232493818,-2.82846546,0.7351677,4.66877174,0.8177472,4.79652071
18,0.35999987244897957,4,0,0,0,0,0,0.00559481466,0,0.0176182184,0.00559481466,0,0.0176182184,1,0,0,1,-0.000111896254,1.49011612E-08,-0.000352364237,0,0,0,0.0122674666,0.4834911,-0.0416546129,1.65578341,14.2316065,-0.9836426,0.0452283174,-0.217787221,0.247424379,-0.0168998819,0.238312662,-0.00216062367,-1.693512,12.1553612,-0.184661865,0.0736222,0.137447566,-0.09569619,-0.00421343,0.240201414,0.00555391237,-1.12567139,12.5329227,2.58683062,-0.14627099,0.07858735,-0.07612702,0.0232077762,0.2924673,0.009793618,-0.4658203,12.0627232,-0.160400391,0.5826386,0.310296178,0.0117011666,0.149929881,0.307316959,-0.00109126419,2.38140869,12.7365932,3.28700542,0.6969148,0.2688032,-0.134474218,0.06526537,0.331597775,0.06297464,0.09994987,11.9384918,-0.3638916,0.2868889,0.467187315,0.021641314,0.3573768,0.348977029,-0.0177901685,0.07154872,12.7697048,1.36343384,0.472785175,0.273998648,-0.07198101,-1.021528,4.179649,0.4195959,4.323083
19,0.37999986536281177,4,0,0,0,0,0,-0.0592811964,0,0.15796867,-0.0592811964,0,0.15796867,1,0,0,1,0.00118562346,-1.49011612E-08,-0.00315937214,0,0,0,0.0718739554,0.113033667,-0.19659242,1.518098,17.5757446,-1.84259033,-0.0711468756,-2.596745,0.265352249,0.430393934,0.0310062,-0.1409897,-2.61657715,24.1478615,0.510769248,2.57186961,0.0357062221,-2.089797,-0.22521925,0.035098847,-0.398833334,-0.17098999,24.5304985,3.35500526,-2.578607,-0.189577222,-1.94087434,0.162774161,0.0557647459,0.00221457146,-1.56668091,23.6615963,0.827368557,-0.535472035,0.8369906,0.9547484,0.134103477,0.08078505,-0.135621175,4.391962,24.3941364,4.275345,1.95808351,0.834582,0.5178015,-0.07026574,0.10501942,0.136364132,-0.610137939,23.004427,0.475329131,-0.6077913,0.404929,0.8936018,0.3987777,0.037050426,0.0853586048,0.745881736,23.6659985,1.50114727,0.676962137,0.29403457,-0.0455774665,-1.02125955,4.17875576,0.41969797,4.322166
20,0.39999985827664397,4,0,0,0,0,0,-0.113980934,0,0.197725162,-0.113980934,0,0.197725162,1,0,0,1,0.00227961782,-1.49011612E-08,-0.003954502,0,0,0,0.159778148,0.0464177281,-0.313934267,1.192454,18.0229015,-2.41958618,-0.0641559362,-3.878777,0.693244,0.648103952,-0.0310555845,-0.101474419,-3.51602173,29.4520874,1.31013715,3.25453925,1.70184863,-2.866741,-0.231359571,-0.0300553888,-0.6391088,1.04423046,29.32691,4.05402,-3.55329847,1.72829759,-2.46312165,0.3739453,0.0367718339,0.03359888,-3.32290649,29.7963219,1.9979552,-0.548344,-4.158191,1.243777,0.01514744,0.08263436,-0.307232082,6.76378727,30.2086048,5.55526066,2.12465858,-4.60379362,0.45780468,0.0605318025,0.143600047,-0.0309997052,-1.6361084,30.8569679,1.69241261,-0.6923809,-2.99435973,1.35626936,0.3157851,0.0802108347,-0.146370977,1.35442507,31.0995255,1.80493236,0.698809743,-3.21772575,0.148385882,-1.02097559,4.17857647,0.419873655,4.32194233
21,0.41999985119047617,5,0,0,0,0,0,-0.155331016,0,0.1839237,-0.155331016,0,0.1839237,1,0,0,1,0.00310661923,0,-0.00367847271,0,0,0,0.2750494,0.0682347,-0.3943745,0.877766,17.8105774,-2.52313232,-0.0293868184,-4.49166632,1.00404143,0.732076645,-0.0576895177,0.0191828534,-4.01971436,29.4848614,2.36768651,3.41368532,1.63502753,-3.10889864,-0.132366925,-0.05915484,-0.7472252,2.52636,29.4993458,4.33719969,-3.822635,1.58072281,-2.5155282,0.550614238,0.05282429,0.102140248,-4.662384,30.4162254,3.519363,0.02564627,-8.888951,1.26803279,-0.0837706,0.09258549,-0.453738034,8.69006,30.968277,6.327047,1.74132228,-8.943882,0.0798707,0.389677674,0.191053048,-0.387490749,-2.36340332,32.7677078,3.150531,-0.40820694,-8.034225,1.37615347,0.146707654,0.10244754,-0.611320734,2.25408673,32.6798668,2.224312,0.7758095,-8.195702,0.146868169,-1.05842471,4.162618,0.443191826,4.31787825
22,0.43999984410430837,5,0,0,0,0,0,-0.192569986,0,0.159865826,-0.192569986,0,0.159865826,1,0,0,1,0.00385139813,0,-0.00319731515,0,0,0,0.3981955,0.074062556,-0.414966226,0.686396,17.33032,-2.406952,0.102850914,-4.78213263,1.192105,0.774802,-0.07233518,0.163949981,-4.19329834,28.9771118,3.462661,3.39314055,1.38939857,-3.222567,-0.0161753222,-0.07610923,-0.8127087,3.94363952,29.20031,4.36721849,-3.956845,1.25637341,-2.36457,0.7009881,0.0509997755,0.0992430151,-5.399048,29.73903,4.875937,0.314310342,-9.894515,0.900954247,-0.176611364,0.07984626,-0.668526649,10.2134514,30.4724483,6.426591,1.1511941,-9.865458,-0.203274488,0.804309249,0.14467904,-0.6556409,-2.66195679,31.906044,4.462949,-0.128704876,-10.07248,1.10029387,0.04189557,0.06894204,-1.05448353,3.070375,31.6013622,2.034136,0.5519111,-10.0736618,-0.37230128,-1.058243,4.162611,0.44343248,4.31785154
23,0.45999983701814057,7,0,0,0,0,0,-0.215406314,0,0.123574451,-0.215406314,0,0.123574451,1,0,0,1,0.00430812454,1.49011612E-08,-0.002471488,0,0,0,0.4775747,0.06602658,-0.3617521,0.680850863,16.89964,-2.08712769,0.310170621,-4.84563732,1.35378027,0.770157158,-0.08123827,0.2842064,-4.145447,28.44005,4.289702,3.17898226,1.20271373,-3.35306787,0.09824435,-0.09089029,-0.855544031,4.979727,28.8730946,4.16519165,-4.14565372,0.963066041,-2.145484,0.850767851,0.0326135457,0.0693771243,-5.754059,28.9861755,5.70227671,0.387030452,-9.99439049,0.386792779,-0.206142128,0.04437913,-0.9244006,11.072298,29.92339,6.060153,0.474777341,-9.865206,-0.338168979,1.22645521,0.0761516243,-0.7351613,-2.68603516,30.8575726,5.28776026,-0.0384198427,-10.2618074,0.6323039,0.0551436767,0.0198235437,-1.36406767,3.69420481,30.6365776,1.43667018,0.260869145,-10.0313387,-0.650703,-1.14085031,4.13648844,0.3886151,4.308491
24,0.47999982993197277,12,0,0,0,0,0,-0.22809568,0,0.0833092,-0.22809568,0,0.0833092,1,0,0,1,0.004561912,0,-0.00166618335,0,0,0,0.4967432,0.0524758548,-0.269577622,0.8826185,16.66781,-1.71127319,0.52327764,-4.722889,1.44084954,0.736605763,-0.08660184,0.3850782,-4.04336548,28.09031,4.741021,2.91425943,1.13557458,-3.50285482,0.220359042,-0.101677254,-0.87139523,5.52719927,28.6676464,3.83631,-4.35006142,0.783355832,-1.94055545,0.994124651,0.00945434,0.07759205,-5.981903,28.4903431,5.979837,0.328061461,-9.829054,-0.0823967159,-0.156568617,0.00486792624,-1.14141035,11.3172417,29.5134087,5.55207729,-0.07209125,-9.727683,-0.2919346,1.59915531,0.02534382,-0.6717706,-2.6289978,30.11981,5.628601,-0.117642567,-10.0690165,0.213092491,0.135605261,-0.0204029232,-1.58022666,3.99086285,29.89806,0.7791039,0.0009133145,-9.881864,-0.574991941,-1.239347,4.103936,0.289704,4.29676628
25,0.49999982284580496,17,0,0,0,0,0,-0.233601853,0,0.04285781,-0.233601853,0,0.04285781,1,0,0,1,0.004672035,1.49011612E-08,-0.0008571559,0,0,0,0.5283842,0.0512987226,-0.184317976,1.24170148,16.616972,-1.42297363,0.626368761,-4.70287848,1.36411464,0.6825616,-0.08995193,0.477863073,-4.00408936,27.96262,4.854083,2.68705869,1.15858281,-3.648518,0.346349061,-0.106861874,-0.8546598,5.633668,28.5990715,3.52174425,-4.53000259,0.714450657,-1.75825477,1.11078656,-0.00788562,0.143266916,-6.28912354,28.2591972,5.8360796,0.182252854,-9.629075,-0.4236754,-0.04182545,-0.0253018588,-1.30029058,11.0719337,29.3951,5.146348,-0.4568748,-9.4967,-0.112796053,1.90418625,0.004462078,-0.50359726,-2.685852,29.7584553,5.51632357,-0.353895724,-9.825197,-0.118024543,0.265657663,-0.0489915758,-1.70525527,4.111939,29.8713131,0.292820364,-0.110504054,-9.419843,-0.4395492,-1.3213588,4.071743,0.193200618,4.28513765
26,0.51999981575963716,19,0,0,0,0,0,-0.235921979,0,0.00275592273,-0.235921979,0,0.00275592273,1,0,0,1,0.004718438,1.49011612E-08,-5.51184348E-05,0,0,0,0.5427825,0.0513286442,-0.09042591,1.6864624,16.649025,-1.28848267,0.6704676,-4.70010757,1.25748265,0.6118461,-0.09204692,0.568415642,-4.09390259,27.9694977,4.721259,2.515704,1.19339442,-3.77787733,0.473692238,-0.10695526,-0.80787003,5.41371536,28.5936661,3.33013678,-4.66630459,0.690832257,-1.60223675,1.18379855,-0.0148505419,0.262058079,-6.810913,28.1747646,5.43765163,0.00470546633,-9.521597,-0.611711264,0.1128197,-0.0388006866,-1.38516545,10.5340548,29.3315163,4.97996664,-0.644333243,-9.47392,0.117046081,2.12448287,0.01148586,-0.2522604,-2.99517822,29.5533066,5.14587164,-0.6413415,-9.713415,-0.2381174,0.447351426,-0.0419392,-1.75773036,3.80771875,29.800106,0.167400047,-0.256772131,-9.461763,0.0226706825,-1.41010892,4.02955627,0.07685273,4.269852
27,0.53999980867346942,24,0,0,0,0,0,-0.232895836,0,-0.03773859,-0.232895836,0,-0.03773859,1,0,0,1,0.004657915,1.49011612E-08,0.0007547715,0,0,0,0.541895747,0.0522762835,0.008156583,2.15192,16.7026711,-1.30410767,0.674454153,-4.70527458,1.17122376,0.51988554,-0.09342472,0.654159546,-4.33377075,28.0427532,4.45013475,2.39865327,1.214492,-3.873778,0.5933563,-0.103494331,-0.7302655,4.995596,28.6124382,3.336431,-4.748695,0.6922322,-1.46292067,1.20334721,-0.011350885,0.42013973,-7.607605,28.1588669,4.937039,-0.1620769,-9.473975,-0.6732254,0.29950887,-0.0406237245,-1.40997922,9.861432,29.3329678,5.090102,-0.702703834,-9.456922,0.341809571,2.25355434,0.040499717,0.06433067,-3.63723755,29.4123859,4.72342157,-0.941874564,-9.669108,-0.168428719,0.6723608,-0.03890015,-1.72636473,3.465353,29.826498,0.136764869,-0.243895069,-9.416962,0.124567956,-1.511504,3.96996951,-0.0403648876,4.248168
28,0.55999980158730156,30,0,0,0,0,0,-0.223996863,0,-0.07869614,-0.223996863,0,-0.07869614,1,0,0,1,0.00447993539,0,0.00157392211,0,0,0,0.526279449,0.0540410876,0.10831476,2.59294271,16.7556152,-1.42849731,0.6549948,-4.706317,1.12928152,0.4057616,-0.09495254,0.7283649,-4.71365356,28.1441231,4.138711,2.32977629,1.22394443,-3.93607926,0.7033147,-0.09880772,-0.6232637,4.50191259,28.6394978,3.54394984,-4.79149342,0.715637147,-1.36850691,1.16576636,-0.000138923526,0.601599753,-8.673737,28.1741943,4.45348,-0.284742177,-9.45425,-0.6439694,0.511199,-0.03002797,-1.36959064,9.18934,29.3761253,5.44649935,-0.617376268,-9.448697,0.4964242,2.287003,0.08265039,0.4271764,-4.62466431,29.3031368,4.423668,-1.20977426,-9.6480875,0.023311615,0.912736237,-0.0102508366,-1.6222049,2.9440074,29.92659,0.698671,-0.172076866,-9.40315151,0.6040704,-1.61320925,3.89934158,-0.143744856,4.222318
29,0.57999979450113381,35,0,0,0,0,0,-0.208494052,0,-0.119070694,-0.208494052,0,-0.119070694,1,0,0,1,0.00416987948,0,0.002381413,0,0,0,0.496093869,0.0564314723,0.20746,2.98552155,16.7980442,-1.61053467,0.627112031,-4.70386267,1.13475025,0.2724681,-0.0975656956,0.7846757,-5.204895,28.2472515,3.86430335,2.30056119,1.22684407,-3.97358632,0.7981344,-0.09487158,-0.489297837,4.03386068,28.6620731,3.90809178,-4.81094933,0.753875554,-1.32481146,1.07187188,0.0151340812,0.790850043,-9.957581,28.1961479,4.071739,-0.344853163,-9.449924,-0.5581209,0.7294628,-0.0139801055,-1.26753211,8.61152,29.4452629,5.99334145,-0.435102642,-9.449753,0.5786975,2.22372675,0.128302008,0.816313267,-5.911865,29.2093239,4.373208,-1.41446483,-9.63559,0.280149579,1.15366769,0.0128940642,-1.44982362,2.50459838,30.02818,1.52904212,-0.04161486,-9.392329,0.7775835,-1.68821788,3.84025717,-0.2172155,4.200576
30,0.599999787414966,40,0,0,0,0,0,-0.186193809,0,-0.157658726,-0.186193809,0,-0.157658726,1,0,0,1,0.00372387469,1.49011612E-08,0.00315317325,0,0,0,0.450901419,0.05930625,0.302832425,3.32367516,16.8262844,-1.80450439,0.601659238,-4.70072556,1.178798,0.125177324,-0.101824895,0.8180325,-5.76855469,28.3347473,3.67935848,2.300589,1.22866857,-3.99648976,0.8691049,-0.09266609,-0.3328976,3.657475,28.6712017,4.38129044,-4.81277847,0.799646735,-1.3173852,0.925991654,0.0308492333,0.974078536,-11.379364,28.2006779,3.84313583,-0.337668151,-9.452223,-0.44814688,0.9401626,0.0009711534,-1.10923445,8.113771,29.5167656,6.66482973,-0.3286554,-9.46153,0.641906857,2.065907,0.169361725,1.21204686,-7.41192627,29.13642,4.647365,-1.54012561,-9.606256,0.5423907,1.38775492,0.0312869549,-1.21266234,2.144112,30.1376019,2.514123,0.07628971,-9.389802,0.851905346,-1.75882971,3.78146553,-0.263912648,4.178829
31,0.61999978032879821,44,0,0,0,0,0,-0.1562798,0,-0.19266361,-0.1562798,0,-0.19266361,1,0,0,1,0.003125595,-1.31130219E-05,0.00385327078,0,0,0,0.390158743,0.06236805,0.39105922,3.61414981,16.8421631,-1.9777832,0.5846434,-4.69786167,1.24749494,-0.0297410935,-0.107769221,0.8239954,-6.363495,28.39753,3.611425,2.31686354,1.23479009,-4.00988626,0.9119961,-0.09290969,-0.161277428,3.41448522,28.6646957,4.90768766,-4.8134017,0.8491603,-1.33769608,0.7343261,0.0485466719,1.1374017,-12.8585815,28.2022133,3.77924919,-0.28020066,-9.435878,-0.336948782,1.13314748,0.0142814815,-0.9004096,7.775344,29.591795,7.37476969,-0.20549953,-9.465445,0.634161,1.81480336,0.226502165,1.59967244,-8.568512,29.1564312,4.527236,-1.608799,-9.560273,0.38832736,1.59939826,0.0443930477,-0.9180988,1.87280416,30.2838326,3.557669,0.175244421,-9.363342,0.8368785,-1.82658648,3.7235465,-0.2862276,4.1573
32,0.63999977324263035,49,0,0,0,0,0,-0.13980481,0,-0.218137532,-0.13980481,0,-0.218137532,1,0,0,1,0.002796095,-2.2649765E-05,0.004362749,0,0,0,0.284111261,0.0657004,0.475160569,3.870472,9.648772,-2.113556,0.611281753,-4.71563435,1.33949256,-0.1860725,-0.115799367,0.802513063,-6.943054,21.2279472,3.67051458,2.35604453,1.24689507,-4.02471,0.9269024,-0.09604488,0.0168757,3.2967186,21.4417248,5.43225527,-4.826409,0.8965117,-1.37053061,0.5061823,0.0573390275,1.271412,-14.3314209,20.9875259,3.88251638,-0.1756327,-9.440566,-0.24622333,1.29476237,0.0237184167,-0.648566663,7.59045267,22.44012,8.057815,-0.104822218,-9.488075,0.5760607,1.48808312,0.239312276,1.947267,-9.888824,22.0084248,4.557051,-1.50800478,-9.5377655,0.4680456,1.76850271,0.05152884,-0.56698966,1.70338416,23.1636276,4.566535,0.246134669,-9.39955,0.74870795,-1.88768184,3.67086315,-0.2849555,4.137605
33,0.65999976615646261,54,0,0,0,0,0,-0.08249682,0,-0.1257825,-0.08249682,0,-0.1257825,1,0,0,1,0.00164993573,-1.78664923E-05,0.002515649,0,0,0,0.17494145,0.0496614724,0.4286933,4.16699648,2.731909,-1.42709351,0.535701334,-3.34822774,1.3792001,-0.161115542,-0.07079087,0.576263845,-7.14968872,14.8547955,3.04879737,1.11786962,-0.09299457,-2.56605172,0.662274957,-0.0557132661,0.0401752144,2.46418977,14.758584,5.80294561,-3.00775242,-0.327322066,-0.5006318,0.315110534,-0.0174331143,1.35231006,-15.0771179,14.3016663,2.77971125,0.184871376,-5.675227,-1.39164519,1.37916124,-0.04650122,-0.349274546,6.38908148,15.532793,7.90564775,-1.205711,-5.629001,0.1754278,0.9462876,0.114786685,2.15736341,-11.052063,14.3390484,3.46617556,-1.60089147,-6.382128,-0.6743816,1.9064765,-0.03108015,-0.2012279,1.10211289,15.671936,5.0579443,-0.318298757,-5.957803,0.3916592,-1.94210863,3.6242528,-0.2612178,4.1201005
34,0.67999975907029475,56,0,0,0,0,0,-0.02749135,0,-0.0112492405,-0.02749135,0,-0.0112492405,1,0,0,1,0.0005498268,-1.54823065E-05,0.000224984717,0,0,0,0.0768625438,0.0179720223,0.3043307,4.323795,-0.7754822,-0.2836914,0.143843532,-2.17475343,1.04304779,-0.0212028772,-0.0221419036,0.393637717,-6.91659546,10.0171347,1.81813657,0.126542374,-3.345929,-1.17238724,0.4085673,-0.017207697,-0.008030698,1.11569512,9.954036,5.72169733,-1.25700927,-3.13202357,-0.0363618135,0.156173185,-0.0976661742,1.30005455,-14.5652771,9.57033348,0.7800229,1.03868151,-3.56651783,-2.108243,1.282788,-0.1002402,-0.107387349,4.048005,10.5704508,6.91826344,-1.93834448,-3.25108767,-0.439110756,0.3973589,-0.100083113,2.10950947,-11.2838745,9.174594,1.12759233,-0.7534316,-3.90377259,-1.81361723,1.89128911,-0.100976907,0.09490514,0.195682,10.59184,5.07059,-0.7725133,-3.39103651,0.00518327951,-1.98531747,3.58843422,-0.213871762,4.10659075
35,0.699999751984127,61,0,0,0,0,0,-0.0115471855,0,0.02089608,-0.0115471855,0,0.02089608,1,0,0,1,0.000230943609,0,-0.000417921459,0,0,0,0.03668326,0.009491533,0.194277376,4.22964954,-3.62005615,0.707623363,-0.0627722,-1.5865804,0.751340151,0.05634368,0.002506137,0.269992381,-6.45050049,5.921189,0.345062822,-0.452079415,-2.69893456,-0.6694833,0.2424797,-0.000684604049,-0.016416911,-0.315887451,5.999892,5.17087173,-0.4874306,-2.445092,0.186361372,0.009323984,-0.115625337,1.14791262,-13.0623169,5.59388638,-1.24179077,1.74697649,-2.94691324,-2.065537,1.08462441,-0.08148046,0.0442452878,1.32446253,6.415372,5.66362524,-1.89647341,-2.58442688,-0.8165289,-0.0186679065,-0.2434067,1.919822,-10.1722717,4.944675,-1.41033936,0.565961659,-3.138949,-2.03110766,1.707227,0.0004234314,0.306280941,-1.04275513,6.59098053,3.64093685,-1.568826,-2.65930653,-1.193651,-2.034607,3.54367256,-0.167614862,4.089662
36,0.71999974489795915,67,0,0,0,0,0,-0.00710588275,0,0.02257806,-0.00710588275,0,0.02257806,1,0,0,1,0.0001421176,1.49011612E-08,-0.000451561034,0,0,0,0.01767322,0.00644890964,0.1306027,4.135257,-4.605072,1.44015789,-0.09240747,-0.9334116,0.4879415,0.0249569546,0.00631260872,0.238843188,-6.0737915,3.24899173,-1.05783081,-0.389409,-2.04267788,-0.5787109,0.190536171,0.0002386123,0.03397388,-1.48678589,3.50999427,4.549928,-0.2641291,-1.85539079,0.0289483964,-0.132191926,-0.07314387,0.953795433,-11.2861023,2.925569,-2.8614502,1.89071023,-2.40622973,-1.60026455,0.8691944,-0.0352782,0.15068616,-1.13534546,3.7306118,4.642585,-1.41420627,-2.080141,-0.793523669,-0.3028374,-0.222015277,1.5870316,-8.383942,1.93910336,-3.379303,1.21887934,-2.57012534,-1.498151,1.41023946,0.0637566,0.399043679,-2.515503,3.85147071,2.35406137,-1.507429,-2.24453163,-0.916600943,-2.04754639,3.53128052,-0.156672686,4.08496428
37,0.7399997378117914,72,0,0,0,0,0,-0.0169042684,0,0.0178795028,-0.0169042684,0,0.0178795028,1,0,0,1,0.000338085229,0,-0.000357589917,0,0,0,-0.0156040974,0.004872039,0.09544641,4.03076172,-4.587677,1.82646668,-0.08038023,-0.331995547,0.200225964,-0.043372348,0.00283159316,0.232774064,-5.74554443,0.8758971,-2.20922852,-0.06919661,-1.547135,-0.5765901,0.1862077,-0.002190411,0.08782597,-2.34152222,1.29468322,3.94498277,-0.269412,-1.45225263,-0.218778923,-0.26312834,-0.03855443,0.761363268,-9.569122,0.5825668,-3.98522949,1.78529334,-1.92471969,-1.08602583,0.677695751,-0.008552805,0.228173912,-3.026001,1.391092,3.88097119,-0.822939,-1.69362271,-0.662653148,-0.488524556,-0.152754068,1.20883453,-6.377014,-0.55682373,-4.43103027,1.45094168,-1.91081059,-0.6246617,1.0721153,0.08444761,0.435319781,-3.81454468,1.45855165,1.58719337,-1.21724749,-1.81172061,-0.4964558,-2.056598,3.522976,-0.142152444,4.08180857
38,0.75999973072562355,78,0,0,0,0,0,-0.0122702084,0,0.0215663537,-0.0122702084,0,0.0215663537,1,0,0,1,0.00024540408,1.49011612E-08,-0.0004313269,0,0,0,-0.03395652,0.005684942,0.0471984334,3.86432719,-4.738556,1.98443127,-0.124550715,-0.110787705,-0.024512291,-0.065768376,0.00184974074,0.170821846,-5.265747,-1.46240234,-3.1602478,0.036586076,-1.044124,-0.3609374,0.127773166,-0.002678454,0.0946707651,-3.043579,-0.9333801,3.27683163,-0.07980983,-1.01722217,-0.2458949,-0.363288224,-0.0343749672,0.575140655,-7.79190063,-1.68728638,-4.822235,1.81906724,-1.38936615,-0.7713554,0.499342024,-0.00269675255,0.2788737,-4.442566,-0.888122559,3.12654233,-0.432445347,-1.24735785,-0.6890325,-0.6282681,-0.1500857,0.8815216,-4.42538452,-2.76013184,-5.014221,1.50561059,-1.23368049,-0.314514637,0.781028152,0.07042103,0.464933217,-4.80670166,-0.8226929,1.09570074,-0.9374084,-1.29717636,-0.3701973,-2.082534,3.497854,-0.106710672,4.072262
39,0.7799997236394558,83,0,0,0,0,0,-0.007259476,0,0.0304866936,-0.007259476,0,0.0304866936,1,0,0,1,0.000145189464,0,-0.00060973363,0,0,0,-0.0491108447,0.006767437,-0.000205405056,3.64210653,-5.19088745,1.9907918,-0.166177854,0.0557044968,-0.200327322,-0.06637551,0.000314816833,0.095715,-4.67242432,-3.93927,-3.89489746,0.0257349238,-0.5830194,-0.0749878362,0.0580300465,-0.003945619,0.08490413,-3.594452,-3.35012817,2.58197975,0.18197614,-0.615221739,-0.1821272,-0.423970044,-0.034950316,0.389826417,-5.896057,-4.12356567,-5.418915,1.86920309,-0.9649563,-0.4889524,0.321148723,-0.0022238642,0.2986341,-5.44284058,-3.34112549,2.347224,-0.100229263,-0.893299341,-0.709957063,-0.734923959,-0.1697737,0.6061137,-2.3963623,-5.05096436,-5.357971,1.62880874,-0.7874955,-0.168668747,0.527796268,0.0437212661,0.4819574,-5.68728638,-3.29006958,0.5007965,-0.6734753,-0.9342133,-0.376194417,-2.119867,3.4595952,-0.0456702076,4.05767441
40,0.79999971655328794,87,0,0,0,0,0,-0.0007965634,0,0.04155725,-0.0007965634,0,0.04155725,1,0,0,1,1.59312622E-05,-1.30981207E-05,-0.0008311446,0,0,0,-0.06230127,0.008070886,-0.0443531871,3.37860727,-6.776367,1.899456,-0.1975976,0.260421485,-0.338964254,-0.05598544,-0.002665326,0.0184939653,-3.97650146,-7.565918,-4.430481,-0.05753783,-0.15512237,0.239099368,-0.01373833,-0.00660662353,0.0683439746,-4.01376343,-6.96124268,1.86820722,0.477793485,-0.233977735,-0.06789577,-0.451766223,-0.032503888,0.215726763,-3.87994385,-7.783966,-5.805298,1.881387,-0.6278112,-0.231291533,0.152085662,-0.000178977847,0.2961818,-6.10119629,-6.99243164,1.55254591,0.176741153,-0.5901669,-0.7032331,-0.788175046,-0.17299974,0.365767479,-0.505462646,-8.629578,-5.582245,1.6716944,-0.5104276,-0.157494664,0.290616781,0.03379935,0.465746433,-6.315674,-6.98761,0.10086859,-0.522180736,-0.629370034,-0.3396287,-2.21234417,3.34980488,0.09341333,4.015518
41,0.8199997094671202,89,0,0,0,0,0,0.0111254556,0,0.06724093,0.0111254556,0,0.06724093,1,0,0,1,-0.000222509028,-1.54823065E-05,-0.00134481816,0,0,0,-0.0797343254,0.0110521317,-0.101810664,3.07656121,-5.91452026,1.83614743,-0.225533873,0.708376,-0.466200948,-0.0207990482,-0.00723016262,-0.0830700248,-3.11495972,-9.60202,-4.86654663,-0.393007874,0.264175236,0.7136644,-0.121047944,-0.0128104091,0.03285657,-4.39141846,-9.01001,1.10192955,1.00833988,0.153953224,0.257634282,-0.4434451,-0.01786089,0.0562463254,-1.71734619,-9.897827,-6.128662,1.904603,-0.424472332,-0.06579089,-0.0138062686,0.005924478,0.271485776,-6.59637451,-8.999847,0.6823086,0.306523144,-0.3562503,-0.7310413,-0.749566555,-0.07073367,0.1568875,-0.08932495,-10.6262512,-5.030609,0.308608383,-0.294634163,0.4355409,0.08626798,0.0519805253,0.429821521,-6.288513,-9.01413,-0.745758057,-0.192956209,-0.346035928,-0.386318475,-2.24737215,3.29991674,0.171166122,3.996177
42,0.83999970238095234,92,0,0,0,0,0,0.0122167859,0,0.05323786,0.0122167859,0,0.05323786,1,0,0,1,-0.000244335621,0,-0.00106475677,0,0,0,-0.08485104,0.0112924278,-0.113431558,2.791998,-8.174194,1.52757978,-0.211667866,0.71081537,-0.552178144,-0.0281837061,-0.0114162266,-0.112507805,-2.34698486,-13.6131287,-5.040802,-0.209959611,0.8255538,0.7253786,-0.1391995,-0.0137860328,0.03264134,-4.50473,-13.0620728,0.457657039,0.944308043,0.7072446,0.158418536,-0.402594149,-0.009814948,-0.0807822347,0.227140933,-14.1213989,-6.16311646,1.62015378,0.211800247,0.219116449,-0.1589074,0.000721648335,0.2320028,-6.66601563,-13.1560669,-0.0101928711,0.661473155,0.21174258,-0.5233651,-0.68152976,-0.0460131168,-0.06385954,0.0197493862,-14.8450012,-4.504944,0.0160413235,0.20052588,0.469158351,-0.134889245,0.0196154863,0.345569342,-6.050995,-13.3985291,-1.304657,0.0897445,0.0524044335,-0.2812359,-2.28675771,3.216289,0.369747341,3.963646
43,0.85999969529478459,96,0,0,0,0,0,0.0293188021,0,0.08609598,0.0293188021,0,0.08609598,1,0,0,1,-0.0005863758,1.49011612E-08,-0.00172191893,0,0,0,-0.107291065,0.0143681914,-0.165212885,2.504117,-4.721649,1.43093145,-0.220141917,1.27887261,-0.594077945,0.0301473755,-0.0199597776,-0.228630483,-1.47171021,-13.309082,-5.230835,-0.835174441,1.16340625,1.26542294,-0.262794852,-0.0248911381,-0.004062388,-4.70074463,-12.8154907,-0.2460022,1.58860087,1.01992643,0.657134533,-0.3514243,0.00368450582,-0.200748384,2.24700379,-13.7911377,-6.30062866,1.65244973,0.4662097,0.2400986,-0.288700759,0.00301320851,0.192406267,-6.72055054,-12.7997131,-0.7827759,0.6290946,0.419512,-0.5492257,-0.6304704,-0.0306396931,-0.210708782,0.07377631,-14.1044922,-4.16745,-0.04389707,0.739514232,0.34421435,-0.282348156,0.002472341,0.2618493,-5.62381,-12.9475708,-1.77410889,0.261672676,0.5281937,-0.251985133,-2.288371,3.211573,0.3806819,3.9617877
44,0.87999968820861674,101,0,0,0,0,0,0.0134143448,0,0.0327989571,0.0134143448,0,0.0327989571,1,0,0,1,-0.0002682868,1.49011612E-08,-0.0006559789,0,0,0,-0.09048776,0.008922741,-0.121534064,2.2769444,-3.20916748,0.905666,-0.171730608,0.7142211,-0.581522763,-0.02048618,-0.01428543,-0.160618484,-0.892303467,-11.7073975,-4.97851563,-0.07278849,1.75827134,0.778588355,-0.171439186,-0.0137623549,0.0199626926,-4.394928,-11.2983093,-0.684021,0.8877603,1.653157,0.1091007,-0.295225769,-0.00725792348,-0.292747766,3.793426,-12.4588623,-5.79019165,1.07523131,1.31571186,0.6847855,-0.3853516,-0.0213593245,0.146723062,-6.017761,-11.4907532,-1.21398926,1.20535743,1.260678,-0.124236226,-0.5209146,-0.032240808,-0.4233626,0.232694387,-12.9270325,-3.615448,0.107438654,1.16762745,0.798730731,-0.4976787,-0.06160362,0.144168019,-4.814392,-11.9509583,-1.973053,0.6336833,1.03912032,0.0175434351,-2.30660748,3.18312168,0.39366734,3.950655
45,0.899999681122449,105,0,0,0,0,0,0.004021487,0,0.008483109,0.004021487,0,0.008483109,1,0,0,1,-8.0429716E-05,-5.96046448E-06,-0.000169662118,0,0,0,-0.0751781762,0.00263120234,-0.08519089,2.07362652,-3.72427368,0.426677018,-0.163974822,0.5107695,-0.436540574,-0.0497613847,-0.0108062476,-0.119136855,-0.424346924,-10.9597473,-4.50369263,0.160864174,1.62497544,0.6295795,-0.114656121,-0.008279756,0.0275538,-3.92410278,-10.6278992,-0.980957031,0.6025007,1.55925536,-0.03619033,-0.254868567,-0.0176175386,-0.329903871,4.71342468,-11.6911011,-4.96865845,0.5490518,1.5807519,0.8253012,-0.418141484,-0.03509964,0.111257777,-4.74469,-10.8279724,-1.411377,1.47842288,1.51010263,0.111180425,-0.414438158,-0.04503584,-0.5842067,0.7492203,-12.0983276,-2.49700928,0.08402437,1.65126538,0.973929942,-0.661432743,-0.139168054,0.033195205,-3.39825439,-11.2758484,-1.91381836,1.12677073,1.53508639,0.310762644,-2.3325,3.13029432,0.4523421,3.92987442
46,0.91999967403628113,109,0,0,0,0,0,0.00933398,0,0.0185881518,0.00933398,0,0.0185881518,1,0,0,1,-0.000186679536,-5.94556332E-06,-0.0003717629,0,0,0,-0.07286282,0.00320410728,-0.07599768,1.87843716,-5.054596,0.171174273,-0.160761744,0.3374362,-0.326500416,-0.03748191,-0.0121146291,-0.152661413,0.0311764255,-11.4140625,-3.98895264,-0.02647084,1.49143684,0.77889055,-0.14379169,-0.00988510251,0.007691823,-3.51422119,-11.1387939,-1.18997192,0.714462042,1.44349158,0.157096744,-0.208736837,-0.0184962749,-0.359622121,5.243219,-11.9219971,-4.18658447,0.330325842,1.49512374,0.742804766,-0.4466632,-0.03155805,0.0713335,-3.347168,-11.2352295,-1.49276733,1.41559744,1.39553952,0.17405498,-0.332996041,-0.051809594,-0.618478954,1.12628782,-11.9891052,-1.30535889,0.08309367,1.73813224,0.9870858,-0.7254908,-0.16629526,-0.00611577556,-1.677124,-11.4632263,-1.86553955,1.365109,1.56919348,0.290638447,-2.38342452,3.01216245,0.5690919,3.88300157
47,0.93999966695011339,114,0,0,0,0,0,0.0173285324,0,0.03339115,0.0173285324,0,0.03339115,1,0,0,1,-0.0003465705,1.49011612E-08,-0.0006678228,0,0,0,-0.07572745,0.00394782424,-0.07848546,1.69838893,-6.2048645,0.08806357,-0.160168767,0.6723497,-0.264960647,-0.0108660627,-0.0146395415,-0.20394735,0.4502044,-12.8280334,-3.46240234,-0.39206627,1.396238,1.01714563,-0.199658185,-0.0136375427,-0.0147255184,-3.14984131,-12.598053,-1.31829834,0.9882101,1.35378087,0.4730804,-0.1530867,-0.0101204067,-0.391600072,5.68961334,-13.1690369,-3.53952026,0.278726757,1.24189067,0.6165502,-0.482800752,-0.020585224,0.0332567655,-2.07125854,-12.6377563,-1.51724243,1.22249579,1.16911614,0.193829656,-0.2554823,-0.03677188,-0.5793682,1.49497783,-13.0306091,-0.4199524,0.147757679,1.38248467,0.855050862,-0.7208588,-0.13171342,-0.0199239664,-0.328155518,-12.7288208,-1.91503906,1.16957808,1.29585218,0.102735639,-2.42931533,2.85933948,0.7256376,3.82151079
48,0.95999965986394553,117,0,0,0,0,0,0.0265601669,0,0.046643,0.0265601669,0,0.046643,1,0,0,1,-0.0005312031,0,-0.000932859664,0,0,0,-0.08350399,0.00428566337,-0.0900132,1.53894126,-4.9229126,0.138803244,-0.154904366,1.03697562,-0.228262126,0.0202416517,-0.0163036287,-0.2563668,0.827011466,-12.6741333,-2.992218,-0.746467948,1.49692011,1.19394553,-0.262672931,-0.0165453851,-0.0301343985,-2.83374023,-12.48233,-1.39718628,1.24920726,1.46070051,0.756093144,-0.0935964659,-0.00167389214,-0.4122991,6.08502436,-12.9589233,-3.06265259,0.255969852,1.180453,0.472762644,-0.5144652,-0.009282842,0.006969778,-1.03967285,-12.5605774,-1.530426,0.9951247,1.10823858,0.186310172,-0.17469281,-0.009842172,-0.537233531,1.59828031,-12.8403931,-0.219177246,0.04570432,1.17904949,0.220699266,-0.680448055,-0.0505076945,-0.0454887748,-0.0239257813,-12.7179565,-1.521637,0.190028578,1.08142471,0.303909421,-2.45243645,2.77040672,0.79911083,3.78525782
49,0.97999965277777779,118,0,0,0,0,0,0.01917106,0,0.0293649882,0.01917106,0,0.0293649882,1,0,0,1,-0.000383421022,1.49011612E-08,-0.0005872995,0,0,0,-0.07501423,0.00239610672,-0.07430109,1.38468814,-3.57449341,0.05724795,-0.136071354,0.8142499,-0.219932824,0.0141991787,-0.0111749321,-0.214884713,1.01337373,-11.2734985,-2.436493,-0.513808,1.7170099,0.9222667,-0.221828312,-0.0115943849,-0.0280632973,-2.37219238,-11.11731,-1.32354736,0.9396612,1.69962144,0.581838131,-0.03785148,-0.008493051,-0.406612754,6.1948595,-11.6105957,-2.44696045,-0.007175967,1.461992,0.5382198,-0.5160246,-0.00964072347,-0.007199913,0.07310633,-11.3057861,-1.40203857,1.06431031,1.43046224,0.33111155,-0.0855592042,-0.0121845305,-0.5611856,1.571696,-11.7003479,-0.144927979,-0.04089645,1.33204675,0.08322908,-0.6976351,-0.04561147,-0.08109343,0.0683145,-11.5627747,-1.02633667,-0.0404368043,1.3321569,0.4568652,-2.4667573,2.72269154,0.82602644,3.76566863
50,0.99999964569160993,122,0,0,0,0,0,0.010125014,0,0.0124514969,0.010125014,0,0.0124514969,1,0,0,1,-0.0002025002,0,-0.000249029836,0,0,0,-0.05966479,0.000421524048,-0.0493264645,1.23705113,-2.84057617,-0.114807129,-0.123023264,0.439942241,-0.193660676,0.00594077259,-0.00607265532,-0.155424684,1.02025032,-9.408264,-1.8416748,-0.2742313,1.68277311,0.62603265,-0.159765735,-0.00629983842,-0.0229673274,-1.83410645,-9.279388,-1.137146,0.5993038,1.67708039,0.374052227,0.00209341943,-0.013799727,-0.37108314,6.053224,-9.696045,-1.7359314,-0.2214381,1.61745679,0.5772151,-0.480487883,-0.00387536,-0.0130971242,1.33870924,-9.499237,-1.13616943,1.1279366,1.58064389,0.442812443,-0.02180592,-0.0176140815,-0.577688754,1.45780611,-9.817596,-0.09396362,-0.09635845,1.62402511,0.0527328923,-0.697358549,-0.0343518555,-0.106736749,0.0787219,-9.76944,-0.9204407,-0.07451016,1.58412671,0.339521855,-2.50514936,2.62061024,0.8488416,3.72342634
51,1.0199996386054422,127,0,0,0,0,0,0.00449327659,0,0.003553777,0.00449327659,0,0.003553777,1,0,0,1,-8.98655E-05,0,-7.107551E-05,0,0,0,-0.0442229956,-0.000480487943,-0.0247034412,1.09531236,-1.47436523,-0.302368164,-0.115429439,0.464630455,-0.156294838,0.0007913695,-0.00321617723,-0.105694667,0.877555,-6.954254,-1.26013184,-0.166696846,1.411595,0.431281149,-0.106115878,-0.00323207676,-0.0187184811,-1.296051,-6.84591675,-0.872406,0.379739225,1.40626812,0.25842607,0.02518392,-0.0142361671,-0.326378375,5.75318,-7.111267,-1.03665161,-0.338596,1.45276654,0.556082,-0.4250396,0.00278534,-0.01733399,2.64244461,-7.011261,-0.768981934,1.09482729,1.42078185,0.4853301,0.0138651822,-0.0178793371,-0.54192555,1.32539213,-7.12020874,-0.0493469238,-0.105931148,1.56630993,0.0421761125,-0.653507531,-0.018231675,-0.107380189,0.07701399,-7.16647339,-0.9232483,0.106805742,1.49499881,0.478478581,-2.5453763,2.53881526,0.8281406,3.68921947
52,1.0399996315192743,133,0,0,0,0,0,-0.00267230021,0,-0.008548136,-0.00267230021,0,-0.008548136,1,0,0,1,5.34459832E-05,-8.34465E-06,0.000170962652,0,0,0,-0.0269835,-0.00109994411,0.00124809146,0.9612649,-0.06463623,-0.5223999,-0.1099069,0.3990945,-0.109443486,-0.00933197,-0.000689849257,-0.05049538,0.6011526,-4.671112,-0.685333252,0.0354580358,1.15078425,0.190593153,-0.0443702936,-0.0005197376,-0.0140882144,-0.7555542,-4.57696533,-0.5311279,0.08769223,1.13851774,0.07912071,0.0305032358,-0.0129583925,-0.2714755,5.330942,-4.723053,-0.349914551,-0.364373624,1.17557311,0.555201232,-0.3543809,0.0109375566,-0.01829363,3.95039845,-4.69219971,-0.318573,1.0583986,1.15483189,0.503368735,0.03677868,-0.0166189075,-0.472589165,1.10030687,-4.70852661,-0.0829772949,-0.102681711,1.24908483,0.03822144,-0.58739996,-0.005131811,-0.08844885,0.471494168,-4.805969,-0.6141968,0.303293526,1.1799711,0.614753246,-2.57822227,2.478207,0.796056569,3.66366577
53,1.0599996244331065,139,0,0,0,0,0,-0.00500994129,0,-0.0123329163,-0.00500994129,0,-0.0123329163,1,0,0,1,0.000100198784,1.49011612E-08,0.000246658223,0,0,0,-0.016269248,-0.00138729811,0.01662117,0.8401756,0.599751234,-0.6971741,-0.103802413,0.2711962,-0.0527778864,-0.0110941948,3.65376472E-05,-0.024055656,0.2896549,-3.33029175,-0.191955566,0.102079511,0.8537778,0.06860451,-0.0188709758,0.000205844641,-0.008595079,-0.269927979,-3.24737549,-0.183044434,-0.0219977386,0.834320247,0.00319099613,0.0268228333,-0.00707894564,-0.206521317,4.91713428,-3.30368042,0.204044223,-0.251056373,0.8806446,0.463302284,-0.273508877,0.0153938979,-0.013847949,4.95176172,-3.311615,0.09816456,0.777538,0.8559687,0.412937582,0.0346114263,-0.0128684193,-0.3690688,0.984504342,-3.229309,-0.1010437,-0.0328074843,0.9501484,0.0868971646,-0.4678712,0.0050548166,-0.06573574,0.986066937,-3.4196167,-0.224975586,0.29539454,0.8601959,0.404719919,-2.58825088,2.46159077,0.7826045,3.6566298
54,1.0799996173469388,146,0,0,0,0,0,-0.0009225296,0,-0.00583637832,-0.0009225296,0,-0.00583637832,1,0,0,1,1.84505843E-05,-8.34465E-06,0.000116727519,0,0,0,-0.0154262111,-0.001137048,0.0150609212,0.7298251,0.8803429,-0.7531738,-0.09606494,0.14258182,0.000671349466,-0.00136586651,-7.119775E-05,-0.03469671,0.06298905,-2.50766,0.152293056,0.0010195151,0.617020965,0.102615684,-0.04019304,3.93390656E-06,-0.0055542984,0.116158776,-2.438568,0.08271872,0.0949039,0.597352862,0.0632426,0.01948439,-0.0005734712,-0.146098763,4.60521936,-2.423523,0.530989051,-0.05691185,0.636984944,0.2834748,-0.196555078,0.0110257119,-0.008415738,5.39688969,-2.46466064,0.3616045,0.3789199,0.615057,0.245612264,0.0271341223,-0.00693680346,-0.249064386,0.90456146,-2.29882813,-0.157440186,0.021392297,0.6735325,0.0902237147,-0.299577177,0.005665377,-0.0500636362,1.18169117,-2.56073,-0.107910156,0.139490023,0.616742432,0.129954383,-2.5898838,2.46159077,0.777181864,3.65662932
55,1.099999610260771,152,0,0,0,0,0,0.00140004628,0,-0.00194153108,0.00140004628,0,-0.00194153108,1,0,0,1,-2.80009135E-05,-3.56137753E-06,3.88306071E-05,0,0,0,-0.0142857907,-0.00109933317,0.013526273,0.627953,0.9539687,-0.7498779,-0.08803086,0.0653762,0.0288443863,0.004583951,6.771088E-05,-0.0346790738,-0.102844238,-1.9760437,0.3896684,-0.0436701626,0.4688282,0.09620805,-0.0408127755,0.000178664923,-0.00466216356,0.403884023,-1.92111206,0.274960965,0.110912286,0.452305436,0.0731800646,0.01634571,0.00265027583,-0.09763461,4.43211365,-1.88067627,0.707777858,0.05713705,0.465570569,0.159180284,-0.127232164,0.00723287463,-0.006043019,5.62402534,-1.934906,0.5126651,0.19879964,0.44935,0.136662737,0.0232665949,-0.004022658,-0.150649816,0.885186434,-1.75875854,-0.2041626,0.0346984863,0.448570937,0.07897374,-0.169297159,0.0024971813,-0.033991795,1.24629354,-2.05584717,-0.08236694,0.05505517,0.4181994,0.0439640842,-2.5898838,2.46159077,0.777181864,3.65662932
56,1.1199996031746031,157,0,0,0,0,0,0.001798853,0,-0.000168670726,0.001798853,0,-0.000168670726,1,0,0,1,-3.59770456E-05,-3.56137753E-06,3.37341316E-06,0,0,0,-0.0125637054,-0.0010920614,0.0128867049,0.53481245,0.974741,-0.7164612,-0.07986683,0.0184055641,0.0423481166,0.00759465527,0.000134199858,-0.0268818848,-0.220458984,-1.5630188,0.535265744,-0.0532928221,0.364603817,0.06368696,-0.029133141,0.000246629119,-0.003780705,0.581786752,-1.52145386,0.397874117,0.07345809,0.3517009,0.0524590462,0.0143952854,0.003551647,-0.05548806,4.36503839,-1.47409058,0.783454537,0.1281648,0.352712035,0.0732975155,-0.06742805,0.00453181565,-0.00314424979,5.713222,-1.53869629,0.581191361,0.08125756,0.340825021,0.06168426,0.017831536,-0.00375947356,-0.08065947,0.890818357,-1.39538574,-0.23626709,0.0492318124,0.323252,0.09288241,-0.0796089,8.499622E-05,-0.0223697871,1.2671442,-1.69500732,-0.07699585,0.0206115618,0.3000132,0.024732599,-2.58988428,2.46159077,0.7771823,3.6566298
57,1.1399995960884353,159,0,0,0,0,0,0.00184311648,0,-7.058246E-05,0.00184311648,0,-7.058246E-05,1,0,0,1,-3.6862315E-05,-3.57627869E-06,1.41164855E-06,0,0,0,-0.0101831742,-0.00113756955,0.0136070726,0.450663626,0.961686134,-0.6741333,-0.07182993,-0.011581894,0.0478614,0.00769901834,8.84979963E-05,-0.0146314921,-0.305145264,-1.23825073,0.610675335,-0.0352409147,0.286020458,0.0170193575,-0.01294193,0.000137001276,-0.0022391323,0.6699456,-1.20858765,0.464577883,0.0153176393,0.275830358,0.0152166989,0.0112623489,0.00386175513,-0.0209755488,4.36476326,-1.15548706,0.798275352,0.167651951,0.2719041,0.0209089518,-0.02062764,0.00266778469,-8.484302E-05,5.72680044,-1.23239136,0.6014476,0.0115518477,0.2673357,0.0157565288,0.0114349462,-0.00344753265,-0.0313690938,0.900573254,-1.15615845,-0.238006592,0.05664143,0.231581017,0.10598819,-0.0142455772,-0.001579091,-0.0136226015,1.22680867,-1.40289307,-0.138641357,0.003028674,0.2330562,0.0196835417,-2.589883,2.46159077,0.7771814,3.65662885
58,1.1599995890022676,165,0,0,0,0,0,0.0013680507,0,-0.000242325681,0.0013680507,0,-0.000242325681,1,0,0,1,-2.73610021E-05,1.49011612E-08,4.84651173E-06,0,0,0,-0.008034507,-0.00117650628,0.014098743,0.3751529,0.9235615,-0.6265564,-0.06419754,-0.0340272933,0.05051279,0.006492934,1.72406435E-05,-0.00403006468,-0.3572693,-0.986907959,0.63070035,-0.0143824546,0.220137984,-0.019025879,0.0013995152,-1.25467777E-05,-0.0005952318,0.6836141,-0.9661255,0.484165281,-0.0341050439,0.213460028,-0.0185764432,0.00730699534,0.00363980234,0.00197694078,4.400142,-0.9359436,0.779895067,0.157392725,0.187757164,-0.00821282,0.0104413591,0.00172938406,0.00340172532,5.69338036,-0.9806824,0.58281666,-0.023085665,0.202743754,-0.0119326357,0.00709285773,-0.00342161953,-0.00248047337,0.9140712,-1.10177612,-0.19744873,0.05112271,0.0591618866,0.133571982,0.0132322209,-0.0030079186,-0.009966472,1.2189914,-1.24450684,-0.05419922,0.015394479,0.144296035,0.0745473951,-2.58988333,2.46159077,0.7771815,3.656629
59,1.1799995819160998,173,0,0,0,0,0,0.00119393622,0,-0.0003343224,0.00119393622,0,-0.0003343224,1,0,0,1,-2.38787143E-05,0,6.686445E-06,0,0,0,-0.006233673,-0.00121340156,0.014221793,0.307825327,0.8662329,-0.5762024,-0.0570047572,-0.051130563,0.05117707,0.003640403,-4.673004E-05,0.00277266279,-0.377288818,-0.797821045,0.6198553,0.00594460033,0.1659058,-0.0351885036,0.008541077,-9.460747E-05,0.000109702523,0.657700062,-0.7809143,0.474874735,-0.0554628931,0.164165244,-0.03251576,0.0045568794,0.002888292,0.0185236428,4.41089869,-0.7789917,0.7397704,0.128700346,0.15958555,-0.0335003734,0.02795986,0.00112728775,0.005298917,5.637563,-0.7693176,0.551484764,-0.0450370945,0.179273054,-0.02921208,0.006813628,-0.00395998359,0.0199528765,0.928888142,-0.92453,-0.1852417,0.0582059026,0.113384038,0.102794245,0.03402423,-0.00367079675,-0.00165475719,1.23382962,-0.981018066,-0.121917725,0.04327666,0.217614,0.00391759351,-2.58988285,2.46159077,0.7771812,3.65662861
60,1.1999995748299319,181,0,0,0,0,0,0.00130733545,0,-0.000347153138,0.00130733545,0,-0.000347153138,1,0,0,1,-2.61467E-05,0,6.94306027E-06,0,0,0,-0.004895447,-0.00123976171,0.0137595059,0.248116314,0.798749268,-0.5241699,-0.0503357537,-0.060122788,0.050983876,0.00217620656,-8.353591E-05,0.00758462027,-0.373504639,-0.649414063,0.5861986,0.0183702074,0.129762292,-0.0483392738,0.0121540911,-0.000121459365,0.001506679,0.6127465,-0.6362915,0.4450362,-0.06234954,0.127926454,-0.0432705,0.004585718,0.00253026187,0.0289683957,4.42970657,-0.6048584,0.6766745,0.117970288,0.133037746,-0.0496235937,0.0378852561,0.000679552555,0.005727545,5.566176,-0.646759033,0.506201267,-0.0510850474,0.127341077,-0.0370501056,0.006469853,-0.003985539,0.0260413066,0.8739521,-0.8034668,-0.144897461,0.0822055638,0.123195037,0.135277838,0.04950171,-0.00362512469,-0.004352752,1.24011552,-0.8253784,-0.0500488281,0.0126934908,0.11249502,0.0560292639,-2.58988285,2.46159077,0.777181149,3.65662861
61,1.2199995677437641,188,0,0,0,0,0,0.00119623926,0,-0.000366292079,0.00119623926,0,-0.000366292079,1,0,0,1,-2.39247747E-05,1.49011612E-08,7.3258384E-06,0,0,0,-0.0037872158,-0.00128987432,0.0131160533,0.195401266,0.7263826,-0.472625732,-0.0442298353,-0.0643346161,0.04953669,0.0022638815,-8.45193863E-05,0.009360455,-0.36151123,-0.532531738,0.539553642,0.0183097273,0.102255531,-0.0529116243,0.0140770227,-0.000120744109,0.00100393337,0.555114448,-0.524230957,0.409042776,-0.06778577,0.09933945,-0.042764768,0.00523894932,0.002548948,0.0325130746,4.44599152,-0.483428955,0.6118153,0.112371825,0.123004593,-0.0549414456,0.0438670777,0.000485301018,0.00435083453,5.48255253,-0.5415344,0.45956,-0.0485777259,0.09708005,-0.04182802,0.00464035664,-0.00527893,0.0313568339,0.893366,-0.5729675,-0.118896484,0.100062452,0.17116949,0.11677216,0.060531836,-0.00295859575,-0.001043411,1.23240352,-0.714996338,-0.0584106445,-0.005188746,0.0775196,0.0136231771,-2.58988285,2.46159077,0.777181149,3.65662861
62,1.2399995606575964,194,0,0,0,0,0,0.0009966464,0,-0.0004085772,0.0009966464,0,-0.0004085772,1,0,0,1,-1.99329188E-05,-1.31130219E-05,8.171541E-06,0,0,0,-0.00293059088,-0.00131767988,0.012231851,0.149010584,0.6539426,-0.422454834,-0.0386998951,-0.06414849,0.04755322,0.0020496028,-0.000101104379,0.010011876,-0.34664917,-0.436920166,0.487154,0.0186114535,0.083564885,-0.053183876,0.01518159,-0.000137940049,0.0009655999,0.4887003,-0.435302734,0.3695326,-0.07014183,0.0787505358,-0.043533504,0.004013344,0.00263090432,0.0330224074,4.469397,-0.3630371,0.5488724,0.112923704,0.107269488,-0.05374401,0.04711566,0.000379115343,0.00445274636,5.3949995,-0.451812744,0.404796958,-0.04060976,0.07366585,-0.0459198356,0.008859284,-0.0047583133,0.0313546322,0.8342203,-0.36895752,-0.1481018,0.07170223,0.118905619,0.07031523,0.06571569,-0.003004387,-0.00245963014,1.19052219,-0.6631775,-0.0124511719,-0.014847449,0.0344873331,0.0243149586,-2.58988285,2.46159077,0.777181149,3.65662861
63,1.2599995535714286,200,0,0,0,0,0,0.0009876542,0,-0.000423064717,0.0009876542,0,-0.000423064717,1,0,0,1,-1.97530753E-05,-1.30981207E-05,8.461291E-06,0,0,0,-0.00223449478,-0.00135435164,0.01132665,0.108378291,0.583683133,-0.374725342,-0.03368628,-0.0622007474,0.0449093431,0.00212714635,-8.185208E-05,0.009702141,-0.33215332,-0.359924316,0.435389131,0.0153777711,0.06643588,-0.0501106828,0.0157655478,-0.00011664629,0.0005770625,0.4178895,-0.365386963,0.327913344,-0.0713553354,0.0616457276,-0.04167661,0.005057114,0.00254875422,0.0303380266,4.48625135,-0.2963562,0.490019917,0.104190469,0.06943251,-0.0505533367,0.04771931,0.000557392836,0.003148574,5.3052,-0.39074707,0.354546934,-0.03110969,0.0609364957,-0.04443162,0.0115563245,-0.006294191,0.0321926028,0.8001622,-0.277771,-0.131988525,0.105140731,0.06874277,0.08887009,0.06620788,-0.00303354859,-0.0003912435,1.181844,-0.590271,-0.0320739746,-0.0032845065,0.0436258,-0.00935666449,-2.58988285,2.46159077,0.777181149,3.65662861
64,1.2799995464852607,203,0,0,0,0,0,0.000491506071,0,-0.000374024559,0.000491506071,0,-0.000374024559,1,0,0,1,-9.830117E-06,0,7.48048842E-06,0,0,0,-0.00164751045,-0.0013820529,0.0103911823,0.07281713,0.5167925,-0.329986572,-0.0292803161,-0.0591910966,0.0419151075,0.00238747033,-4.030764E-05,0.008866207,-0.320861816,-0.299438477,0.387139529,0.0108593693,0.05191484,-0.04553645,0.0155316181,-6.982684E-05,0.000563996669,0.346807063,-0.309997559,0.287068933,-0.06839394,0.04870692,-0.03978496,0.00595368259,0.00262865424,0.0277362671,4.49869,-0.246459961,0.4342333,0.09984572,0.05151487,-0.04783658,0.0459837653,0.0007400811,0.00324097648,5.22075844,-0.335906982,0.303603381,-0.0180841722,0.04737011,-0.0433010533,0.0132412035,-0.00725314,0.03042102,0.781771243,-0.222381592,-0.108886719,0.120707892,0.0568502322,0.0791076,0.064022325,-0.00262232125,-0.00164194067,1.14784384,-0.5489807,-0.009735107,-0.0114381816,0.0195361581,0.00870243553,-2.58988285,2.46159077,0.7771811,3.65662861
65,1.2999995393990929,210,0,0,0,0,0,0.0005569953,0,-0.000395006442,0.0005569953,0,-0.000395006442,1,0,0,1,-1.11399013E-05,1.49011612E-08,7.900126E-06,0,0,0,-0.00121612847,-0.00138890743,0.009449396,0.0418550931,0.454258531,-0.288421631,-0.0252777226,-0.05534027,0.0388226137,0.00256509,-2.04592943E-05,0.00801453,-0.312591553,-0.251495361,0.34257102,0.00683888048,0.04093383,-0.04118851,0.0147778047,-3.69995832E-05,0.0003587337,0.278394878,-0.266174316,0.2475526,-0.06435053,0.03846283,-0.03624153,0.00646906765,0.002677843,0.0248493887,4.507527,-0.204589844,0.3825123,0.09651005,0.04087948,-0.0438326076,0.04270358,0.0010214448,0.002303339,5.141547,-0.2955017,0.2592568,-0.00632732548,0.0374102965,-0.03881851,0.013496655,-0.007769555,0.0268282257,0.780555069,-0.182769775,-0.08013916,0.130277023,0.0549206175,0.06625977,0.0592244081,-0.00261384249,-0.000515447,1.14240217,-0.512908936,-0.0296936035,0.00136401481,0.0198597517,-0.0108111808,-2.58988285,2.46159077,0.7771811,3.65662861
66,1.3199995323129252,219,0,0,0,0,0,0.000693877635,0,-0.00045724446,0.000693877635,0,-0.00045724446,1,0,0,1,-1.38775467E-05,-1.31130219E-05,9.144886E-06,0,0,0,-0.0008926548,-0.00142510235,0.008515052,0.0149794454,0.396805435,-0.2501526,-0.0217240471,-0.05082536,0.0357271321,0.00257572625,-2.15768814E-05,0.00707848743,-0.306671143,-0.2128601,0.3022694,0.00376583822,0.0328175165,-0.03645496,0.0134605644,-2.488494E-05,0.000309617026,0.2151187,-0.230987549,0.211519241,-0.05797252,0.0308290143,-0.03237652,0.00631509442,0.00273872912,0.0215135328,4.512941,-0.170074463,0.337037116,0.09384948,0.032991726,-0.0382449478,0.03819908,0.0012396127,0.00229249941,5.07191849,-0.263427734,0.218333915,0.006617071,0.030498907,-0.0351344645,0.0128527544,-0.007778242,0.0225684065,0.790492833,-0.15322876,-0.053527832,0.131825119,0.0508711,0.0491649956,0.05339266,-0.00218550861,-0.00123854959,1.11875021,-0.4817505,-0.0212402344,-0.00441459939,0.010954136,0.003025778,-2.58988285,2.46159077,0.7771811,3.65662861
67,1.3399995252267574,225,0,0,0,0,0,0.0003565313,0,-0.000328557,0.0003565313,0,-0.000328557,1,0,0,1,-7.130623E-06,-1.30981207E-05,6.57113742E-06,0,0,0,-0.000620004954,-0.001436308,0.007602867,-0.008392334,0.3448247,-0.215209961,-0.0186748989,-0.0459762625,0.0326694921,0.00240820879,-8.761883E-06,0.00604312448,-0.3024292,-0.181304932,0.26729092,0.00181514211,0.02663292,-0.0311023146,0.0120139485,1.08778477E-06,0.000193636952,0.158662543,-0.202301025,0.179136753,-0.05125392,0.02505775,-0.0281079561,0.005283881,0.00276865065,0.0180596523,4.51741743,-0.142425537,0.299286842,0.0933060646,0.0258518718,-0.0317392126,0.0331196524,0.0015193224,0.00176358549,5.011061,-0.2366333,0.184004873,0.0178228784,0.0240800753,-0.0298193377,0.0117792059,-0.00754284859,0.018188253,0.8010062,-0.135650635,-0.0297851563,0.123512968,0.0420148857,0.0336471647,0.0463217348,-0.00204144418,-0.0008801973,1.11347294,-0.461883545,-0.0308837891,0.004110263,0.007030303,-0.0034887488,-2.58988285,2.46159077,0.777181,3.65662861
68,1.3599995181405895,233,0,0,0,0,0,0.000351337367,0,-0.000229857731,0.000351337367,0,-0.000229857731,1,0,0,1,-7.0267447E-06,1.49011612E-08,4.597153E-06,0,0,0,-0.000422436744,-0.00144028664,0.006745223,-0.0286254883,0.2982847,-0.183563232,-0.0159528013,-0.0411704667,0.0297275186,0.00205411529,1.91479921E-05,0.00502008433,-0.299041748,-0.155487061,0.238299459,0.00073155947,0.02165953,-0.0255688317,0.010347235,3.78042459E-05,0.00011641279,0.10997434,-0.17880249,0.151404083,-0.0438218229,0.0205100048,-0.023684524,0.00386321568,0.00278484821,0.0147067336,4.52133131,-0.12097168,0.26926443,0.0928922743,0.0202093925,-0.0251661986,0.0277048424,0.00170017779,0.00163883553,4.96056032,-0.216186523,0.154979482,0.0287226364,0.0205439311,-0.0251095463,0.00995689351,-0.00726652145,0.0139347138,0.815752,-0.12612915,-0.0068359375,0.116136745,0.0370236263,0.0206656754,0.0392088927,-0.00175786018,-0.00111550873,1.100083,-0.438751221,-0.03186035,0.00180212385,0.005463144,0.00147827365,-2.58988285,2.46159077,0.7771811,3.65662861
69,1.3799995110544216,241,0,0,0,0,0,0.000282974,0,-0.000407398853,0.000282974,0,-0.000407398853,1,0,0,1,-5.659478E-06,-1.30981207E-05,8.147974E-06,0,0,0,-0.000273661048,-0.00146207213,0.00595513359,-0.04611206,0.257072926,-0.155090332,-0.0135574332,-0.0364630371,0.0269151963,0.00158898742,8.64267349E-06,0.00406389032,-0.29574585,-0.1340332,0.2154646,0.000458342023,0.0178583935,-0.0200944282,0.008710766,3.618002E-05,6.629201E-05,0.06922732,-0.159118652,0.128167719,-0.0366913863,0.0171722677,-0.0194573626,0.00207114662,0.002817288,0.0116677368,4.52574062,-0.104156494,0.246766061,0.09310152,0.015993854,-0.0188366324,0.0223443229,0.00192683935,0.00144760939,4.91989565,-0.197479248,0.131723508,0.03820464,0.01705656,-0.0202170089,0.00777319772,-0.006860614,0.0100910431,0.830668151,-0.121887207,0.0108039565,0.106733471,0.03178865,0.008037642,0.03190971,-0.001531899,-0.000965054147,1.09666407,-0.4217224,-0.0381469727,0.00631835125,0.002664719,0.00233828835,-2.59321976,2.450493,0.778988361,3.651921
70,1.399999503968254,243,0,0,0,0,0,0.000358270627,0,-0.000343121937,0.000358270627,0,-0.000343121937,1,0,0,1,-7.16541E-06,-3.57627869E-06,6.862436E-06,0,0,0,-0.000168745755,-0.00145989656,0.005216305,-0.06121826,0.220875576,-0.129577637,-0.0114639672,-0.03204445,0.024301298,0.00106335373,2.3201108E-05,0.003221706,-0.29196167,-0.11618042,0.198367178,0.0007981309,0.0147980927,-0.0151868835,0.00708163762,5.68926334E-05,4.50813532E-05,0.0365383551,-0.1425476,0.109348081,-0.0296209119,0.0145043591,-0.0155777819,0.000218890258,0.00285470486,0.009007093,4.53118038,-0.09112549,0.2310163,0.09335598,0.0127563672,-0.013091512,0.0171661228,0.0021186024,0.00145090069,4.88897657,-0.182189941,0.113490559,0.0464919843,0.014850161,-0.0158840083,0.005333194,-0.006444901,0.00674048252,0.8459027,-0.12121582,0.0233634617,0.09990807,0.0290742479,-0.00194704533,0.0250328332,-0.0012281239,-0.0008338875,1.09352767,-0.403533936,-0.0406188965,0.007322249,0.00298944628,0.00551344361,-2.59321952,2.45049286,0.7789881,3.6519208
71,1.4199994968820862,243,0,0,0,0,0,0.000570822041,0,-0.0003525401,0.000570822041,0,-0.0003525401,1,0,0,1,-1.14164359E-05,-1.31130219E-05,7.05079947E-06,0,0,0,-0.000106463733,-0.001470387,0.004534565,-0.07418823,0.1894028,-0.106842041,-0.009613268,-0.0278465562,0.0219212268,0.000430203858,1.75237656E-05,0.00226986874,-0.2868042,-0.100708008,0.1856855,0.00157475262,0.0132509721,-0.009783036,0.00553121464,5.300343E-05,3.823033E-05,0.011495281,-0.128082275,0.09460565,-0.0232214835,0.01289613,-0.01217307,-0.00112699752,0.00284580886,0.00728613744,4.53692436,-0.07156372,0.223417953,0.09321474,0.0284103267,-0.0101769939,0.0124866953,0.00218482316,0.00144930254,4.866352,-0.168243408,0.09965401,0.05297583,0.013003597,-0.01202612,0.004203586,-0.00602604449,0.00743399747,0.8826339,-0.0141296387,-0.101806641,0.09245797,0.0639864,-0.0309146121,0.0188642964,-0.00116157532,-0.0006229599,1.08798659,-0.388122559,-0.04815674,0.00611486658,0.00223389268,0.00524064945,-2.59321928,2.45049334,0.778987765,3.6519208
72,1.4399994897959183,243,0,0,0,0,0,0.000377422635,0,-0.0003576691,0.000377422635,0,-0.0003576691,1,0,0,1,-7.5484495E-06,1.49011612E-08,7.153379E-06,0,0,0,-6.23943852E-05,-0.00147627294,0.003869508,-0.08538818,0.162847549,-0.08660889,-0.008072427,-0.023413904,0.019798724,0.000134061527,3.193319E-05,0.00234676874,-0.279998779,-0.0848693848,0.1753364,0.003683486,0.0130968718,-0.00975936,0.00413930975,7.44015E-05,3.98652955E-05,-0.00674438477,-0.1144104,0.08335281,-0.01749906,0.0119214589,-0.009232195,-0.002340385,0.002789557,0.00689689675,4.546503,-0.0437927246,0.212613076,0.09430432,0.0133790541,-0.008106157,0.008301663,0.00235286355,0.00155418133,4.851699,-0.155181885,0.08962616,0.0585287623,0.0124049364,-0.008782782,0.0040360624,-0.0049661696,0.003218893,0.8632985,-0.0209960938,-0.09402466,0.06453939,0.009931691,0.0487670973,0.0133340657,-0.0009419769,-0.0004300311,1.08660352,-0.371917725,-0.05078125,0.008522397,0.00274135824,0.009537557,-2.59321928,2.45049334,0.7789875,3.6519208
73,1.4599994827097504,244,0,0,0,0,0,0.000504627358,0,-0.000365383137,0.000504627358,0,-0.000365383137,1,0,0,1,-1.00925427E-05,0,7.30766E-06,0,0,0,-1.85211611E-05,-0.00147196651,0.00333964173,-0.09500122,0.0200515985,-0.0688476563,-0.006672264,-0.0201243944,0.0177192632,-6.377739E-05,3.41832638E-05,0.00182290585,-0.2736206,-0.191802979,0.167830482,0.00337140658,0.01067014,-0.007077857,0.00302902446,7.671118E-05,8.930445E-05,-0.0185546875,-0.222595215,0.07533741,-0.0126588764,0.0103300614,-0.006924811,-0.00262753619,0.00275032222,0.004984386,4.553159,-0.155395508,0.207502291,0.0912276059,0.009126341,-0.00493141264,0.00469103828,0.00243653357,0.00166868186,4.843723,-0.263061523,0.08297524,0.0626830161,0.0110227941,-0.00581860542,0.00435000658,-0.0054974705,0.00294091227,0.8551696,-0.13973999,-0.0993042,0.07434676,0.01665071,0.0377658531,0.008518761,-0.0008210838,-0.000205885211,1.086837,-0.476837158,-0.0533447266,0.009554509,0.00237282249,0.010902619,-2.59812713,2.42825079,0.7879795,3.64246869
74,1.4799994756235828,250,0,0,0,0,0,0.00152394408,0,0.00117994181,0.00152394408,0,0.00117994181,1,0,0,1,-3.047887E-05,1.49011612E-08,-2.35988264E-05,0,0,0,-0.00127811951,-0.00140844285,0.0005721026,-0.103179932,0.00312546827,-0.04031372,-0.0054000495,-0.0154438969,0.0167581663,0.00242477818,7.915497E-05,-0.004466882,-0.255981445,-0.174621582,0.15232715,-0.0269795172,0.01536314,0.0172845572,-0.004324542,8.107722E-05,-0.0008342608,-0.0377502441,-0.2064209,0.0596965477,0.0210303366,0.0164698511,0.016800873,-0.00183168286,0.00299295783,0.00311622955,4.57765865,-0.141418457,0.188880414,0.106240816,0.016212957,-0.01702495,0.000653271563,0.002164796,0.00191734789,4.82249546,-0.247894287,0.0634275451,0.0488825552,0.01761863,-0.0165800378,0.00450637,-0.005484119,0.00424705632,0.847045,-0.115722656,-0.123321533,0.076647,0.0267069321,0.0350363627,0.00692542735,-0.001022026,-0.0007289643,1.075773,-0.4418335,-0.030090332,0.006499745,0.0111808321,0.0150442831,-2.59812713,2.42825079,0.7879796,3.64246869
75,1.4999994685374149,257,0,0,0,0,0,0.0007311969,0,-1.167943E-06,0.0007311969,0,-1.167943E-06,1,0,0,1,-1.46239327E-05,0,2.335885E-08,0,0,0,-0.0004560431,-0.00149869919,0.00154306274,-0.11026001,-0.122406006,-0.0287780762,-0.00449130731,-0.004920505,0.0118390322,0.0005905072,5.05149364E-05,-0.000187561382,-0.253051758,-0.26763916,0.14939931,-0.003903962,0.0230174642,-0.000306881033,-0.000181213953,8.3476305E-05,-0.000193422718,-0.0390625,-0.299682617,0.05746808,0.0003475279,0.0235879216,0.00139227835,-0.000865406,0.00275325775,0.00180339487,4.58030128,-0.237701416,0.183925837,0.08467348,0.0178462155,-0.003884323,-0.00289696362,0.002539292,0.00141900638,4.825543,-0.341003418,0.06240884,0.0710006952,0.0206158981,-0.000642664731,0.00516974228,-0.00594583154,0.000840120949,0.8540888,-0.239685059,-0.120910645,0.08724431,0.0002626162,0.0571877658,0.000750120729,-0.00100953877,-0.000453701417,1.06675148,-0.5492859,-0.05001831,0.0132004227,0.00291769672,-0.0008832086,-2.599678,2.41710615,0.795174,3.63772321
76,1.5199994614512471,265,0,0,0,0,0,0.00176298118,0,0.0012459337,0.00176298118,0,0.0012459337,1,0,0,1,-3.525961E-05,1.49011612E-08,-2.49186633E-05,0,0,0,-0.00152060576,-0.00140659511,-0.0007095841,-0.11618042,-0.242492676,-0.0065612793,-0.00346004148,-0.0006541605,0.0112772742,0.002669849,7.741153E-05,-0.00500747655,-0.2381897,-0.358795166,0.1359277,-0.0292392,0.0255384464,0.0187312122,-0.00601743953,7.82012939E-05,-0.000894926256,-0.049987793,-0.391052246,0.04655402,0.0279724151,0.027281478,0.0208821781,-0.000459285366,0.00293231,0.0008178515,4.59908772,-0.334228516,0.16819936,0.09818465,0.0233060475,-0.0139000639,-0.00474604964,0.00231610239,0.001461555,4.81472969,-0.4354248,0.0503442325,0.0557617247,0.0253781527,-0.0106729269,0.005224768,-0.00573021173,0.0009734365,0.848872542,-0.342865,-0.129669189,0.09032554,0.011362778,0.0449816063,0.00108200824,-0.00131452084,-0.00146202964,1.03852618,-0.6382141,-0.0519714355,0.0136790732,0.0120668616,0.0111314105,-2.60737085,2.383582,0.805765152,3.62341046
77,1.5399994543650792,272,0,0,0,0,0,0.00155180891,0,0.00153573975,0.00155180891,0,0.00153573975,1,0,0,1,-3.10361647E-05,1.49011612E-08,-3.0714782E-05,0,0,0,-0.0019024472,-0.00142642856,-0.00176876481,-0.121276855,-0.470581055,0.0123949684,-0.0027869062,0.009810098,0.007944193,0.00330718188,9.281933E-05,-0.006462976,-0.225463867,-0.5567322,0.124335617,-0.0355512165,0.0370793454,0.0235655941,-0.007585944,8.444488E-05,-0.00123803061,-0.0584411621,-0.5889282,0.03765583,0.03422837,0.0392527059,0.0261920244,0.0005290795,0.00299586356,-0.0008677691,4.616933,-0.5401001,0.151338458,0.0961893946,0.0285776,-0.0141465068,-0.00694630342,0.00224764645,0.000798050256,4.803673,-0.6365967,0.039365232,0.05587995,0.0354814,-0.009330876,0.00527976127,-0.005708128,0.0007488481,0.86104697,-0.584625244,-0.130004883,0.08919995,0.000873276964,0.05761019,0.00116906874,-0.00221370161,-0.00260666176,1.00566375,-0.8404846,-0.06222534,0.0173803773,0.0183169674,0.008031217,-2.61147642,2.355545,0.8208454,3.611397
78,1.5599994472789116,278,0,0,0,0,0,0.00269464962,0,0.00326573476,0.00269464962,0,0.00326573476,1,0,0,1,-5.389297E-05,1.49011612E-08,-6.531467E-05,0,0,0,-0.00341622415,-0.00136838853,-0.004691842,-0.125396729,-0.56427,0.04065045,-0.00206249719,0.02188982,0.005609255,0.00577884773,0.00011831522,-0.0125196083,-0.201416016,-0.6180115,0.102626383,-0.06603247,0.0527252629,0.0468311645,-0.0141235255,7.20471144E-05,-0.00239571626,-0.07901001,-0.6496582,0.0200459324,0.06395441,0.056520693,0.0495927036,0.00186551025,0.00317975879,-0.00309585268,4.650563,-0.6142273,0.122686408,0.1069103,0.04659701,-0.0249249116,-0.008846506,0.00197194517,2.36859778E-05,4.77393866,-0.6994629,0.0166677386,0.0412922651,0.0516928136,-0.0195800252,0.005477256,-0.005293578,0.00127305149,0.8668641,-0.665740967,-0.157501221,0.0940501541,0.016933294,0.0440497324,0.002028901,-0.00327913463,-0.004065542,0.9771561,-0.9025879,-0.07525635,0.0278872289,0.03734436,0.0130445026,-2.615562,2.3330512,0.8295556,3.60172939
79,1.5799994401927437,285,0,1,3.493059,0,-1.94898367,174.654861,0,-97.44743,21.831768,0,-12.18088,1,0,0,1,-3.69705958E-05,1.49011612E-08,-3.57388781E-05,0,0,0,-0.00275178626,-0.00144647062,-0.0037733647,-0.129119873,-0.5188904,0.0507960357,-0.00159131608,0.0390194431,-0.000398007222,0.00398763642,9.39816236E-05,-0.00815552,-0.192169189,-0.5389404,0.0934571549,-0.0435667634,0.06943505,0.0294367857,-0.009315618,7.741153E-05,-0.00193762057,-0.08639526,-0.569366455,0.0150285745,0.0404628,0.07283439,0.0338858478,0.00276181474,0.00294022262,-0.00374285644,4.66275072,-0.547699,0.106683962,0.08501841,0.05444295,-0.0128486753,-0.0101690665,0.0023201406,-0.000748914666,4.765772,-0.6231384,0.0114360247,0.06305042,0.06842951,-0.00470517576,0.005806901,-0.00535725057,-0.0003113636,0.897902846,-0.6611328,-0.156860352,0.09515526,0.004406845,0.06103971,0.0016938349,-0.003684178,-0.00592516735,0.9222164,-0.82321167,-0.119262695,0.0227974448,0.05512634,0.00575591065,-2.62259459,2.30485725,0.8334798,3.58957624
80,1.5999994331065759,292,0,1,3.493059,0,-1.94898367,158.652222,0,-88.51916,21.8317547,0,-12.18091,1,0,0,1,0.320015669,1.49011612E-08,-0.1786013,0,0,0,0.359076858,-0.00163859129,-0.202900141,0.10865891,-0.4661255,0.04352643,0.2088536,0.0467173979,-0.00288516283,0.36664775,0.000222638249,-0.205492556,-0.589172363,-0.45892334,0.09455417,-0.2688269,0.07033626,0.00166136026,0.364009321,0.0001746118,-0.205171958,-0.480987549,-0.47869873,0.0237850528,-0.257515132,0.07874082,0.008235395,0.437289864,0.00110089779,-0.244384035,4.510538,-0.476257324,0.107339226,-0.108693033,0.0596100837,-0.000172898173,0.428637117,0.00112171471,-0.243300423,4.627921,-0.520751953,0.0218233187,-0.09541198,0.08227028,0.00705701858,0.431802422,-0.00500822067,-0.238642812,1.04015732,-0.636199951,-0.17288208,0.09743908,0.00882229,0.0298889354,0.4179911,-0.00432270765,-0.242820531,1.05358231,-0.7167969,-0.158996582,0.08754033,0.0803207457,0.06360013,-2.62559342,2.29355621,0.835152566,3.58491564
81,1.619999426020408,296,0,1,3.493059,0,-1.94898367,142.4338,0,-79.47043,21.8317356,0,-12.1809378,1,0,0,1,0.644383848,1.49011612E-08,-0.359575748,0,0,0,0.699791253,-0.00151647627,-0.39228332,0.481985122,-0.415893555,0.03635086,0.317809969,0.0466124043,-0.00151920319,0.691930532,0.0005634874,-0.3857045,-0.9984741,-0.389160156,0.0935522,-0.269575953,0.061383307,-0.00531974435,0.691064537,0.000466659665,-0.386431575,-0.8897705,-0.397521973,0.0291018654,-0.270629942,0.07000046,0.00180545449,0.832158566,-0.00381164253,-0.4617097,4.067727,-0.4093628,0.107277431,-0.386336237,0.05755339,-0.00412088633,0.826289356,-0.00395594537,-0.463522732,4.197273,-0.4284973,0.0331417881,-0.376853943,0.07602414,0.0057221055,0.890378952,-0.008615464,-0.4940567,0.984273255,-0.58303833,-0.194366455,-0.00564012863,0.0247636251,0.06470087,0.8786097,-0.008428842,-0.500279367,1.00878716,-0.614685059,-0.175323486,-0.009944834,0.08610009,0.08238261,-2.63218856,2.27091551,0.8388329,3.57618713
82,1.6399994189342404,305,0,1,3.493059,0,-1.94898367,126.136032,0,-70.37733,21.8317223,0,-12.1809635,1,0,0,1,0.970339239,0,-0.541437745,0,0,0,1.03536165,-0.002151817,-0.5791669,0.9178656,-0.369171143,0.0303884726,0.380567968,0.04340645,-0.000138193369,1.0254792,0.00105667114,-0.5713168,-1.45907593,-0.330078125,0.08899371,-0.3114636,0.05225801,-0.008043945,1.02109039,0.000836282969,-0.5704301,-1.32577515,-0.327545166,0.0323652849,-0.2935037,0.060396906,0.0007818043,1.20761538,-0.00517812371,-0.6693355,3.47470474,-0.353057861,0.1023001,-0.510058343,0.06094666,-0.00739359856,1.200644,-0.00579193234,-0.6718753,3.60656834,-0.354919434,0.04136748,-0.5073179,0.0751376,0.004411578,1.296511,-0.0113523006,-0.719948769,0.6715261,-0.481201172,-0.3855896,-0.0262219757,0.07950465,0.09347818,1.28868735,-0.011722669,-0.7272538,0.67604357,-0.4826355,-0.376678467,-0.03836119,0.106293276,0.08460311,-2.63229752,2.26524734,0.8388934,3.572685
83,1.6599994118480725,313,0,1,3.493059,0,-1.94898367,109.77623,0,-61.2497139,21.8316975,0,-12.1810093,1,0,0,1,1.29753518,0,-0.723989844,0,0,0,1.36592948,-0.0028744787,-0.763240933,1.379719,-0.327850342,0.0257251281,0.409293,0.0381775349,0.0007991195,1.36388588,0.00186081231,-0.75942415,-2.00027466,-0.280975342,0.0811482146,-0.375045717,0.04312627,-0.0106770992,1.35014927,0.00130008161,-0.7535991,-1.78170776,-0.268707275,0.03366255,-0.302045,0.0502342954,-0.0003106296,1.56454122,-0.00237938762,-0.867253363,2.82152581,-0.304473877,0.0966411754,-0.531055331,0.0576158948,-0.008575618,1.54766786,-0.00358425081,-0.8648115,2.95935,-0.294891357,0.04933059,-0.5219823,0.0674136952,0.00350338221,1.65646625,-0.0121149123,-0.9225711,0.5144606,-0.34854126,-0.4267578,0.07526751,0.109414473,0.244438559,1.64317143,-0.0132591426,-0.926030159,0.47861293,-0.3378296,-0.447296143,0.0619520545,0.1127288,0.245784432,-2.633225,2.26524734,0.8394109,3.57349
84,1.6799994047619047,321,0,1,3.493059,0,-1.94898367,93.36741,0,-52.09474,21.831665,0,-12.1810694,1,0,0,1,1.62571144,1.49011612E-08,-0.907089233,0,0,0,1.69276619,-0.003492117,-0.945092,1.83815014,-0.294525146,0.0219693426,0.410448551,0.0306855869,0.00109303,1.7025702,0.00300131738,-0.948052168,-2.61819458,-0.242828369,0.07366446,-0.437473357,0.0325356647,-0.0101552606,1.66933656,0.0014347136,-0.9314159,-2.186798,-0.222473145,0.0353937149,-0.247158378,0.0381911434,0.0008738935,1.90646827,0.00234146416,-1.05841577,2.15835023,-0.249176025,0.09068164,-0.48749122,0.03971676,-0.00711065531,1.86337912,-0.000417336822,-1.04116642,2.3027246,-0.23223877,0.0557281375,-0.425559163,0.0489949733,0.0042809844,1.99317682,-0.008910671,-1.10957909,0.5308338,-0.290008545,-0.3757019,0.145451635,0.09996327,0.289939076,1.96220827,-0.0123340189,-1.10261059,0.4156058,-0.262268066,-0.4230652,0.12731424,0.109448366,0.3063597,-2.634421,2.26524734,0.840078235,3.57452822
85,1.6999993976757368,328,0,1,3.493059,0,-1.94898367,76.93454,0,-42.92573,21.83169,0,-12.1810217,1,0,0,1,1.95436871,0,-1.09046936,0,0,0,2.01687026,-0.00390040874,-1.12523079,2.27187133,-0.272369385,0.0187623445,0.3914501,0.0200741049,0.0006363392,2.0415225,0.00453624129,-1.13707507,-3.30865479,-0.21963501,0.06906829,-0.502007961,0.0181086343,-0.006385207,1.97656989,0.0008047968,-1.10266006,-2.46133423,-0.193359375,0.03891906,-0.118909031,0.0225571133,0.004482597,2.243142,0.007191986,-1.24671912,1.50277829,-0.216369629,0.086683996,-0.4620974,0.0229216628,-0.00640416145,2.150677,0.0004956722,-1.20151424,1.5858469,-0.193267822,0.0620236024,-0.358814955,0.0329345241,0.003944874,2.321608,-0.003698647,-1.29085159,0.718973637,-0.247955322,-0.2545166,0.180929646,0.07961047,0.265393317,2.250066,-0.007948175,-1.26237261,0.4375519,-0.1965332,-0.3675232,0.0921991542,0.07219592,0.190479487,-2.63246751,2.26524734,0.838988245,3.57283258
86,1.7199993905895692,332,0,1,3.493059,0,-1.94898367,60.50383,0,-33.75767,21.83177,0,-12.1808767,1,0,0,1,2.28298283,1.49011612E-08,-1.27383053,0,0,0,2.33888054,-0.00407062471,-1.30403125,2.66656518,-0.264007568,0.01581815,0.358753622,0.00694573857,-0.000526756048,2.382546,0.00664928555,-1.32697737,-4.079712,-0.2137146,0.06776353,-0.5804381,0.0015975181,-0.00150310993,2.273386,-0.0007185638,-1.2678901,-2.53311157,-0.184173584,0.0442754067,0.07145049,0.004685877,0.00922855,2.58387947,0.0117266327,-1.43637216,0.8457276,-0.199859619,0.08047036,-0.483186841,0.00594014861,-0.00728487968,2.41223359,-0.000157698989,-1.34767151,0.9078589,-0.171966553,0.0673567653,-0.237804323,0.0102586262,0.00460115075,2.65543032,0.00306147337,-1.474697,0.951781631,-0.234985352,-0.145568848,0.164739966,0.0486914963,0.190761968,2.5083456,-0.003117472,-1.40407729,0.460040182,-0.189025879,-0.34262085,0.0167599022,0.0315063037,0.0301826838,-2.642403,2.26524734,0.844531834,3.58146238
87,1.7399993835034013,339,0,1,3.493059,0,-1.94898367,44.09805,0,-24.6035252,21.8319111,0,-12.1806278,1,0,0,1,2.61109829,0,-1.45691335,0,0,0,2.65922618,-0.00398635864,-1.4817152,3.01345015,-0.2715149,0.012790652,0.317496777,-0.008344665,-0.00236046314,2.72725868,0.009664997,-1.51827514,-4.95343,-0.2276001,0.06764401,-0.6837776,-0.0164559465,0.00290316343,2.561774,-0.00285881758,-1.42819321,-2.3487854,-0.197479248,0.05087735,0.3098812,-0.0150590865,0.0147251189,2.93586445,0.016521737,-1.63187575,0.156560957,-0.213775635,0.07196284,-0.5680268,-0.008914475,-0.0073633194,2.64953232,-0.00261493027,-1.47987664,0.335017622,-0.1803894,0.07276579,-0.05876607,-0.00798062049,0.004799269,3.00426126,0.009239554,-1.66781855,1.10115039,-0.230163574,-0.0945739746,0.150435612,0.020492984,0.100927696,2.734913,-0.001939103,-1.528608,0.440338641,-0.1895752,-0.335357666,-0.0312000774,0.0159160234,-0.0332032926,-2.63367987,2.26524734,0.839664757,3.57388473
88,1.7599993764172335,343,0,1,3.493059,0,-1.94898367,27.7376633,0,-15.4743319,21.83234,0,-12.17986,1,0,0,1,2.93830585,0,-1.63949716,0,0,0,2.978091,-0.00370584428,-1.65858042,3.307955,-0.295074463,0.009811283,0.271611452,-0.0238420554,-0.00436854362,3.07594,0.0139887333,-1.71163368,-5.954193,-0.260681152,0.06759831,-0.815994859,-0.03313618,0.007681608,2.84311938,-0.00493969,-1.58461225,-1.870758,-0.2315979,0.05703011,0.5840893,-0.03327801,0.0204111338,3.30315423,0.02331616,-1.83509576,-0.604248047,-0.242126465,0.0622444153,-0.669281,-0.0231648833,-0.008571625,2.86405945,-0.00587134063,-1.599555,-0.06903076,-0.207366943,0.0774424747,0.1805046,-0.0216107164,0.00513947,3.37342882,0.0148503333,-1.873533,1.28232813,-0.232055664,-0.0411071777,0.178710684,-0.000741478056,0.111294046,2.93172169,-0.00622278452,-1.63624787,0.3145576,-0.194519043,-0.3869629,-0.00126259681,-0.00329101365,0.0367747322,-2.66118717,2.26524734,0.8550131,3.59782028
89,1.7799993693310656,351,0,1,3.493059,0,-1.94898367,11.4371109,0,-6.378826,11.4371109,0,-6.378826,1,0,0,1,3.2643168,1.49011612E-08,-1.8214072,0,0,0,3.29557514,-0.00328317285,-1.83484507,3.54860282,-0.332214355,0.007241781,0.223953635,-0.03695526,-0.00615179539,3.42655969,0.0198762119,-1.90598392,-7.0960083,-0.308441162,0.06650587,-0.965890169,-0.0445785671,0.0116539,3.12026548,-0.00589182973,-1.739118,-1.08334351,-0.2815857,0.0614030138,0.873429954,-0.0472832471,0.0265874863,3.684099,0.03330244,-2.04723072,-1.48226929,-0.281494141,0.0539659671,-0.7729992,-0.0408190638,-0.005514741,3.06012154,-0.007827371,-1.70939136,-0.237640381,-0.248474121,0.0817409456,0.4769026,-0.03504313,0.00530582666,3.76383162,0.0259303749,-2.09337926,1.52062356,-0.283966064,0.0503672548,0.1484198,-0.0424231067,-0.00495460629,3.102602,-0.0128255635,-1.72649848,0.07454825,-0.224609375,-0.5387268,0.08535805,-0.0234499816,0.16459161,-2.63698673,2.26524734,0.8415099,3.576756
90,1.799999362244898,359,0,1,3.493059,0,-1.94898367,5.58545828,0,-3.11412334,5.58545828,0,-3.11412334,1,0,0,1,3.3813498,1.49011612E-08,-1.88670123,0,0,0,3.40513968,-0.00281213224,-1.89547622,3.74303555,-0.3771057,0.005615267,0.182272926,-0.0446065441,-0.007235393,3.56733012,0.027273491,-1.98440838,-8.37585449,-0.36151123,0.06722712,-1.11173,-0.0482546277,0.0181097984,3.19179487,-0.004459873,-1.77919531,-0.0101928711,-0.339019775,0.0622669719,1.13933706,-0.0530329756,0.0310876369,3.86722827,0.04831983,-2.15045428,-2.52810669,-0.336212158,0.0555652156,-0.91270113,-0.0460812673,-0.00217080116,3.04314852,-0.00472676754,-1.69897962,-0.1104126,-0.3045349,0.08466811,0.8100834,-0.0424883664,0.00144600868,3.97062826,0.0787128359,-2.20663047,1.45350862,-0.313781738,0.210994646,-0.5158137,-0.04346747,0.016744256,3.045636,-0.02132,-1.6940769,0.00793566,-0.238861084,-0.6062622,0.006821096,-0.0623915233,0.165371671,-2.6378355,2.26524734,0.8419834,3.57749319
91,1.8199993551587301,367,0,1,3.493059,0,-1.94898367,5.62007666,0,-3.13350677,5.62007666,0,-3.13350677,1,0,0,1,3.38065743,0,-1.88631356,0,0,0,3.39825559,-0.00242212415,-1.89271927,3.8963933,-0.411254883,0.007731229,0.147159413,-0.0344127342,-0.00503104925,3.56946135,0.03277725,-1.98709393,-9.654877,-0.396972656,0.06540248,-1.12944674,-0.0310740452,0.0188313723,3.1679225,-6.148219E-05,-1.7672708,1.19174993,-0.375885,0.0574759431,1.26251507,-0.0341302156,0.031650424,3.921749,0.0693822056,-2.181287,-3.760315,-0.3756714,0.0530748628,-1.07459378,-0.03196517,-0.0054448843,2.92796326,0.003839001,-1.63407159,0.384199321,-0.3363037,0.0782141,1.17312646,-0.0272118468,-0.00371038914,4.08137131,0.141163349,-2.26707649,0.8223612,-0.358917236,0.181655347,-0.9683163,-0.03112914,-0.019579649,2.87564445,-0.0203043371,-1.59897089,0.00767103,-0.252838135,-0.6659241,-0.004036803,-0.05319161,0.139783055,-2.63830018,2.26524734,0.842242658,3.57789683
92,1.8399993480725623,376,0,1,3.493059,0,-1.94898367,5.64542055,0,-3.14815164,5.64542055,0,-3.14815164,1,0,0,1,3.38015056,1.49011612E-08,-1.88602066,0,0,0,3.397477,-0.00229981542,-1.89419973,4.00057745,-0.420196533,0.0129114473,0.0974135,-0.0103873238,-0.00108999014,3.55735755,0.0353489071,-1.98263466,-10.845459,-0.398406982,0.0593309477,-1.05587351,-0.000712512061,0.0122679472,3.1678133,0.00525805354,-1.76866555,2.382237,-0.374267578,0.04922059,1.24203873,-6.215647E-05,0.0269207954,3.95279145,0.08707238,-2.199126,-5.14779663,-0.384552,0.0480839051,-1.20007193,-0.00576574355,-0.0117744207,2.85173488,0.0160643309,-1.59203124,1.30020022,-0.3350525,0.0675974861,1.49014282,0.000783002,-0.00408887863,4.158488,0.189468965,-2.30936456,-0.147460938,-0.375885,0.154895127,-1.27789593,-0.01212392,-0.0285958052,2.739457,-0.009348318,-1.51818,0.0294591337,-0.2618103,-0.763824463,0.167713657,-0.00715232268,0.168695018,-2.6324923,2.26524734,0.839002132,3.572854
93,1.8599993409863944,383,0,1,3.493059,0,-1.94898367,5.612757,0,-3.13071132,5.612757,0,-3.13071132,1,0,0,1,3.38080382,0,-1.88636947,0,0,0,3.38870955,-0.00167861581,-1.891562,4.084805,-0.3968811,0.0200147238,0.05410161,0.0202927627,0.00349232554,3.53808546,0.0349130332,-1.97412848,-11.9119873,-0.361022949,0.0469042137,-0.9277872,0.0333025567,-0.0008145571,3.186013,0.009551406,-1.77950561,3.47000122,-0.3286438,0.04022622,1.12066865,0.0402937457,0.01684773,3.94549823,0.09975985,-2.19563675,-6.57519531,-0.358428955,0.03612247,-1.22691751,0.0251190849,-0.0190538168,2.82469034,0.0318013281,-1.57337689,2.60570812,-0.302886963,0.0548806079,1.68986416,0.02323137,-0.0102577209,4.171847,0.225271568,-2.318574,-1.37280273,-0.362091064,0.12503922,-1.4662466,0.0151006589,-0.0344103575,2.65175462,0.008871898,-1.46083379,0.6190778,-0.256896973,-0.593811035,0.473749578,-0.0364050753,0.345674753,-2.6403923,2.26524734,0.84341,3.57971478
94,1.8799993339002268,391,0,1,3.493059,0,-1.94898367,5.60605764,0,-3.12811852,5.60605764,0,-3.12811852,1,0,0,1,3.38093781,0,-1.88642132,0,0,0,3.38595915,-0.00137300789,-1.89235008,4.10807228,-0.340209961,0.0283800829,0.0104418714,0.0532984,0.008435398,3.50746775,0.030314669,-1.95926821,-12.7991943,-0.2861328,0.0269707274,-0.7325386,0.06584464,-0.01675564,3.219171,0.0114143491,-1.79695332,4.362172,-0.238006592,0.0286233313,0.912487447,0.07930572,-0.00143623352,3.89178419,0.102809034,-2.16699243,-7.910309,-0.2956543,0.0164540261,-1.14365268,0.0562602952,-0.0253437757,2.84447861,0.0462309569,-1.57576227,4.19272566,-0.245513916,0.0199698117,1.76796556,0.0575035661,-0.0221164227,4.112605,0.240523383,-2.289231,-2.725708,-0.311950684,0.09092472,-1.52291071,0.04605123,-0.0391792059,2.62383986,0.028392911,-1.439126,1.27071857,-0.244598389,-0.414001465,0.472334951,0.007862374,0.197128773,-2.636793,2.26524734,0.841401637,3.57658768
95,1.8999993268140589,399,0,1,3.493059,0,-1.94898367,5.58017731,0,-3.11535716,5.58017731,0,-3.11535716,1,0,0,1,3.38145542,1.49011612E-08,-1.88667655,0,0,0,3.38454366,-0.0012242049,-1.89390159,4.098316,-0.250244141,0.03744879,-0.0138706826,0.0859577656,0.0134548321,3.4655354,0.0207977146,-1.93819165,-13.4340515,-0.17678833,9.249387E-06,-0.465677023,0.09526394,-0.0328742862,3.26596475,0.0100215077,-1.82082093,4.974715,-0.106231689,0.007054463,0.6298083,0.113507658,-0.0254600048,3.790627,0.09167319,-2.11279488,-9.024048,-0.1980896,-0.0108032227,-0.8942774,0.08519317,-0.0295023918,2.90765166,0.0534847379,-1.60311985,5.963622,-0.144927979,-0.0258483887,1.72761881,0.09503566,-0.0275802612,3.98316264,0.22682406,-2.22216916,-4.061615,-0.226928711,0.05209792,-1.4400214,0.07556629,-0.0424661636,2.65897822,0.04074934,-1.45827055,1.76589155,-0.225616455,-0.361877441,0.454252571,0.01602061,0.06981343,-2.63640738,2.26524734,0.841186643,3.576253
96,1.9199993197278911,403,0,1,3.493059,0,-1.94898367,5.554762,0,-3.102721,5.554762,0,-3.102721,1,0,0,1,3.38196373,0,-1.88692927,0,0,0,3.38377142,-0.00120666623,-1.89556456,4.075922,-0.1308899,0.04631644,-0.0233773645,0.114807725,0.01796032,3.41383171,0.006728545,-1.91147184,-13.7467651,-0.0390930176,-0.03164673,-0.139871538,0.118961647,-0.04757282,3.32284522,0.005472347,-1.85148323,5.242166,0.0532029867,-0.0213623047,0.2867452,0.138875932,-0.04475692,3.64440084,0.06478503,-2.03418851,-9.797119,-0.0713806152,-0.0429992676,-0.360166073,0.109440565,-0.029543072,3.01055384,0.0539890528,-1.65823841,7.79212141,-0.016204834,-0.0615234375,1.55835259,0.116662964,-0.023786068,3.78970122,0.179438412,-2.12042141,-5.223877,-0.111755371,0.0100773852,-1.214241,0.100758836,-0.0425595045,2.75218773,0.0465102345,-1.51101673,2.27928,-0.194732666,-0.344726563,0.474789977,0.0203504972,0.0365819335,-2.63498664,2.26524734,0.8403937,3.57501912
97,1.9399993126417232,411,0,1,3.493059,0,-1.94898367,5.53791761,0,-3.09437037,5.53791761,0,-3.09437037,1,0,0,1,3.38230062,0,-1.88709629,0,0,0,3.38338232,-0.00124660134,-1.89700329,4.053274,0.0106943,0.054288,-0.0236635488,0.13665694,0.0215599723,3.340398,-0.0146054029,-1.87216377,-13.5967712,0.117959648,-0.06378174,0.312010556,0.134750828,-0.0586506724,3.385811,-0.00117628276,-1.88706,5.12140274,0.225701064,-0.04928589,-0.09306266,0.153925255,-0.05697497,3.463127,0.0186036676,-1.93628979,-10.5277405,0.07714077,-0.0762939453,-0.0118541736,0.127242476,-0.02768988,3.14782023,0.0471602827,-1.73474157,9.537398,0.123707533,-0.08874512,1.26977253,0.126380712,-0.0207350254,3.58570051,0.122020841,-2.01306534,-6.343231,0.02720492,-0.0317077637,-1.11666238,0.120575458,-0.0396543741,2.89965725,0.0468657464,-1.59400737,2.79729533,-0.151489258,-0.335083,0.472689748,0.0226800889,0.0282307267,-2.632212,2.26524734,0.83884573,3.57261062
98,1.9599993055555556,418,0,1,3.493059,0,-1.94898367,5.55724144,0,-3.10627937,5.55724144,0,-3.10627937,1,0,0,1,3.38191414,1.49011612E-08,-1.88685811,0,0,0,3.382855,-0.00130797923,-1.89758074,4.03716469,0.1629856,0.06034821,-0.0188275054,0.147590011,0.0236034989,3.25590563,-0.03833887,-1.82552385,-12.9027405,0.2807007,-0.0907897949,0.820720553,0.139320344,-0.06536281,3.44423223,-0.007407576,-1.92059231,4.63285971,0.3952375,-0.07461548,-0.446405232,0.155154154,-0.0647924542,3.27222967,-0.0329372436,-1.83266866,-11.2399292,0.235859245,-0.104125977,0.135003626,0.13554734,-0.0222182572,3.31213379,0.0290181637,-1.82718337,10.7710791,0.26224038,-0.111450195,0.7119459,0.12653701,-0.0197358727,3.37891364,0.06246955,-1.90398526,-7.37631226,0.180064738,-0.06750488,-1.03070271,0.132021844,-0.03111136,3.11661553,0.0350255221,-1.7173686,3.21774817,-0.08908081,-0.313323975,0.376899779,0.0511607751,0.05647707,-2.63651037,2.26524734,0.841243863,3.57634234
99,1.9799992984693877,426,0,1,3.493059,0,-1.94898367,5.61828852,0,-3.14093351,5.61828852,0,-3.14093351,1,0,0,1,3.3806932,0,-1.886165,0,0,0,3.381908,-0.00135947764,-1.89760423,4.03007126,0.317339122,0.0651867539,-0.0122457659,0.150897682,0.0252211243,3.186486,-0.054701075,-1.78668714,-11.7532043,0.4407548,-0.110076904,1.23097634,0.138107121,-0.06937575,3.477434,-0.01016368,-1.94013727,3.95374346,0.5542624,-0.09991455,-0.6559469,0.150304586,-0.07123029,3.0844214,-0.07664426,-1.72992623,-11.5068665,0.394121915,-0.121459961,0.5698498,0.1363944,-0.0144891739,3.50470734,-0.007788405,-1.9362216,10.7103519,0.4014364,-0.132537842,-0.08088671,0.142605677,-0.01598645,3.13452888,-0.0183365941,-1.77261329,-7.995392,0.335587472,-0.09188843,-0.660651445,0.135116264,-0.018545866,3.46453953,-0.00760108232,-1.92161047,3.23414469,0.105342373,-0.172546387,0.0253248475,0.127121,0.09054935,-2.63636684,2.26524734,0.841163933,3.57621765
100,1.9999992913832199,434,0,1,3.493059,0,-1.94898367,5.68734646,0,-3.17992687,5.68734646,0,-3.17992687,1,0,0,1,3.379312,0,-1.88538516,0,0,0,3.38070226,-0.00141301751,-1.89752746,4.03147364,0.4717403,0.07008357,-0.006443609,0.1520542,0.0270667635,3.12822318,-0.06358771,-1.75405192,-10.2356567,0.596796632,-0.120300293,1.56849563,0.1363046,-0.07150042,3.52837849,-0.0129608512,-1.97064233,2.98343825,0.7063733,-0.124816895,-0.9692111,0.146143436,-0.07276237,2.899444,-0.113407,-1.62764382,-11.2943726,0.549382448,-0.127716064,1.059195,0.135208845,-0.008427024,3.73081827,-0.03888133,-2.068893,9.988594,0.553506851,-0.14541626,-0.6409627,0.13213402,-0.009037435,2.87686872,-0.1061393,-1.631547,-8.098572,0.489382684,-0.103149414,-0.190031648,0.135140866,-0.00753849745,3.81109166,-0.0405250639,-2.123202,2.87359953,0.24508138,-0.11050415,-0.2904569,0.103853658,0.0680744946,-2.63646984,2.26524734,0.841221452,3.576307
101,2.019999284297052,443,0,1,3.493059,0,-1.94898367,5.7320857,0,-3.2051456,5.7320857,0,-3.2051456,1,0,0,1,3.37841725,1.49011612E-08,-1.88488078,0,0,0,3.38027382,-0.00144971907,-1.89681041,4.037627,0.614885747,0.07283101,-0.003201969,0.142177075,0.0267476663,3.08100581,-0.0648954958,-1.72624767,-8.428528,0.7332143,-0.116790771,1.83482075,0.12115103,-0.0707767,3.58777666,-0.0134017617,-2.005893,1.64712453,0.8370975,-0.146331787,-1.31978381,0.12670061,-0.06925261,2.72655964,-0.137031972,-1.53084981,-10.55304,0.6888871,-0.118255615,1.55208111,0.1224089,-0.000447273254,3.95633435,-0.059797287,-2.201657,8.65968,0.685828447,-0.154296875,-1.1610105,0.1253285,-0.0019851923,2.62308359,-0.187074557,-1.49020624,-7.592224,0.633355737,-0.09799194,0.343047529,0.126749262,0.00404113531,4.13320446,-0.06303015,-2.30958772,2.27501035,0.44227913,-0.09674072,-0.493488252,0.139561057,0.05357933,-2.63267851,2.26524734,0.8391061,3.57301569
102,2.0399992772108844,451,0,1,3.493059,0,-1.94898367,5.768814,0,-3.225602,5.768814,0,-3.225602,1,0,0,1,3.37768269,1.49011612E-08,-1.88447165,0,0,0,3.38019371,-0.00146538019,-1.89544833,4.04553843,0.734212,0.07325947,-0.002039873,0.120290443,0.0246871077,3.04715633,-0.0587361,-1.70529425,-6.419464,0.834670544,-0.09899902,2.014498,0.09323315,-0.0658626556,3.64184642,-0.009087846,-2.03736949,-0.0373840332,0.934932649,-0.165466309,-1.6286273,0.09509058,-0.06251812,2.57614875,-0.143478513,-1.44525611,-9.261414,0.796760142,-0.0916748047,2.01121283,0.0957789049,0.006269455,4.158221,-0.06282371,-2.32032013,6.80343056,0.807692647,-0.166046143,-1.61401224,0.104558907,0.002919197,2.38764858,-0.250294983,-1.35578394,-6.43121338,0.7524317,-0.073638916,0.8973645,0.105093434,0.0145770311,4.4125886,-0.06929676,-2.473434,1.6092912,0.6310661,-0.06304932,-0.538961947,0.148766786,0.07497007,-2.63321018,2.26524734,0.8394026,3.573477
103,2.0599992701247163,456,0,1,3.493059,0,-1.94898367,5.79258442,0,-3.237946,5.79258442,0,-3.237946,1,0,0,1,3.37720728,1.49011612E-08,-1.88422477,0,0,0,3.380624,-0.00143402815,-1.89359248,4.052812,0.8178462,0.07125532,-0.002577228,0.08691719,0.0209161788,3.02774072,-0.0468422174,-1.69218242,-4.303009,0.8873267,-0.06964111,2.10409164,0.05350412,-0.0571558475,3.681705,0.000288322568,-2.0608058,-1.99588013,0.9889841,-0.182434082,-1.84648943,0.0531012863,-0.0479033,2.45636,-0.136175781,-1.375924,-7.41558838,0.853188455,-0.0488586426,2.41541815,0.0581581965,0.00988555,4.3144536,-0.04684344,-2.41565943,4.541556,0.9056757,-0.174713135,-1.96565437,0.07904864,0.0132167339,2.19458246,-0.303705871,-1.24120951,-5.26425171,0.84598273,-0.105407715,1.52988577,0.075217694,0.0107525587,4.63540745,-0.0602105558,-2.60104084,0.60104084,0.817603052,-0.448913574,-0.463936269,0.16032958,0.08146024,-2.65880322,2.26524734,0.8536824,3.595741
104,2.0799992630385487,463,0,1,3.493059,0,-1.94898367,5.81687927,0,-3.25057626,5.81687927,0,-3.25057626,1,0,0,1,3.37672138,1.49011612E-08,-1.88397217,0,0,0,3.38091063,-0.00140319765,-1.89115012,4.05947065,0.858047,0.06736917,-0.00332170585,0.0458906926,0.0160058737,3.02850533,-0.03061004,-1.69067085,-2.20690918,0.8859729,-0.031463623,2.06994987,0.00793967,-0.04536748,3.705566,0.014022693,-2.07365251,-4.131012,0.9934505,-0.195251465,-1.96575367,0.004768446,-0.03155923,2.376603,-0.0966558754,-1.32807863,-5.07879639,0.8647406,-0.002105713,2.72541761,0.00301549584,0.008781195,4.415642,-0.00621236861,-2.47730732,2.00839758,0.9442684,-0.184173584,-2.18858767,0.03221356,0.0222857,2.027141,-0.2587455,-1.14077,-3.22109985,0.8465268,0.0455721356,1.89785814,-0.008179009,0.04655814,4.76085472,0.0224450231,-2.67913437,-0.138458252,0.932443559,-0.686737061,-1.00842786,0.08177743,-0.00233030319,-2.63905978,2.26524734,0.842666447,3.57855678
105,2.099999255952381,471,0,1,3.493059,0,-1.94898367,5.79284668,0,-3.23575854,5.79284668,0,-3.23575854,1,0,0,1,3.377202,1.49011612E-08,-1.88426852,0,0,0,3.38239026,-0.00135628879,-1.8887043,4.06294537,0.8469237,0.0611528121,-0.00560920732,-0.0028385967,0.009552955,3.04223084,-0.01478155,-1.69706261,-0.193145752,0.8226484,0.008762038,1.96197248,-0.045836065,-0.029239893,3.70267487,0.02813518,-2.070536,-6.271515,0.9405653,-0.1982727,-1.91972136,-0.04887803,-0.009893179,2.34723759,-0.0575147569,-1.31273878,-2.35797119,0.8317157,0.0516467355,2.87654972,-0.03288058,0.009904623,4.44065332,0.0525312722,-2.49567175,-0.607574463,0.9073283,-0.18347168,-2.26645637,-0.0293411817,0.0361516476,1.941801,-0.2638889,-1.08565176,-0.717865,0.8380845,-0.198242188,2.232513,0.00148292026,-0.125030756,4.82790375,0.155481458,-2.71650124,-1.440918,0.923454046,-0.9039612,-1.51616979,-0.01521723,0.07366371,-2.63528872,2.26524734,0.8405624,3.57528138
106,2.1199992488662129,479,0,1,3.493059,0,-1.94898367,5.74026346,0,-3.204174,5.74026346,0,-3.204174,1,0,0,1,3.3782537,0,-1.88490021,0,0,0,3.38417,-0.00130872428,-1.886461,4.06294,0.7840351,0.05403173,-0.00843855,-0.0524187759,0.00300259888,3.06635165,-0.0004156381,-1.70981216,1.67213225,0.7034584,0.04555824,1.79487562,-0.09556702,-0.0122785568,3.67824125,0.0392712355,-2.05702114,-8.279816,0.8351513,-0.177825928,-1.75094473,-0.0997429043,0.0248377323,2.35410213,0.009357542,-1.31930757,0.6209917,0.755545735,0.1067796,2.90276742,-0.06547052,0.0113651752,4.40694046,0.100881368,-2.47985435,-3.18814087,0.8365696,-0.160125732,-2.229155,-0.0773263,0.04519534,1.96014,-0.04334861,-1.10237622,-0.06430054,0.8450075,-0.507537842,0.5229176,0.00510275876,-0.0982447863,4.806173,0.2451668,-2.69585323,-3.004425,0.8709013,-1.11264038,-1.81065571,-0.0663859844,0.0714674,-2.63839149,2.26524734,0.8422936,3.57797623
107,2.1399992417800453,487,0,1,3.493059,0,-1.94898367,5.68917036,0,-3.17394257,5.68917036,0,-3.17394257,1,0,0,1,3.37927556,0,-1.88550484,0,0,0,3.38610435,-0.00124691427,-1.88442993,4.05893326,0.6730907,0.0465995371,-0.0109888017,-0.0987831056,-0.00348368846,3.11237359,0.009342656,-1.73764133,3.26028037,0.537573755,0.085446164,1.49894,-0.138090983,0.0151171684,3.64021468,0.0438933969,-2.031543,-10.0602112,0.6788188,-0.1444397,-1.49100947,-0.143546641,0.0430649519,2.43001914,0.0467475951,-1.37044322,3.6607666,0.6388691,0.169458255,2.75726557,-0.11952059,0.0170907974,4.31356049,0.136659324,-2.42251253,-5.565094,0.6822446,-0.1348877,-2.04635715,-0.1350886,0.0512573719,2.04089,0.0146697611,-1.1426791,0.100650549,0.7539345,-0.8937073,0.5606065,-0.00239246525,0.1405707,4.67951727,0.310879856,-2.62602925,-4.562683,0.6927239,-0.941070557,-1.8928653,-0.13829571,0.168172836,-2.6323843,2.26524734,0.838941932,3.57276034
108,2.1599992346938777,495,0,1,3.493059,0,-1.94898367,5.64210653,0,-3.1456542,5.64210653,0,-3.1456542,1,0,0,1,3.38021684,1.49011612E-08,-1.88607061,0,0,0,3.387692,-0.00120225549,-1.8825649,4.05326271,0.5209979,0.03946799,-0.01232608,-0.138704836,-0.009362762,3.18103123,0.0129913688,-1.77632546,4.434981,0.3397359,0.123888053,1.07970572,-0.167499453,0.0328924656,3.5855732,0.0407801569,-1.99733663,-11.5042419,0.482599348,-0.102661133,-1.13724136,-0.173961833,0.0608360767,2.56853151,0.08332828,-1.44023883,6.619823,0.45258227,0.200796977,2.495746,-0.154050007,-0.011838913,4.158071,0.146452114,-2.3314414,-7.58023071,0.497847527,-0.0925598145,-1.48419821,-0.16042155,0.0531404,2.16003013,0.0576414764,-1.19135606,1.62709582,0.750544131,-0.407714844,0.9755889,-0.0133947954,0.381376863,4.47847128,0.316138268,-2.509082,-6.17950439,0.514147043,-0.773407,-1.71131742,-0.1441563,0.1633637,-2.63575363,2.26524734,0.8408219,3.575685
109,2.1799992276077096,503,0,1,3.493059,0,-1.94898367,5.560055,0,-3.098656,5.560055,0,-3.098656,1,0,0,1,3.38185787,0,-1.88701057,0,0,0,3.389778,-0.0011715889,-1.881668,4.044936,0.339480072,0.0336196572,-0.014222824,-0.167629153,-0.013987409,3.25535131,0.0105923265,-1.814958,5.1621027,0.13188453,0.142081961,0.644681931,-0.18582195,0.0350376964,3.51646,0.0288015157,-1.95607138,-12.5074768,0.264006466,-0.0537414551,-0.697797239,-0.189926267,0.07616055,2.7357254,0.09461107,-1.525614,9.447162,0.293236822,0.1846379,2.15657854,-0.1406,-0.02919364,3.95252061,0.128962189,-2.21184587,-9.186615,0.2931447,-0.0400390625,-0.7777511,-0.176663026,0.0498642325,2.345375,0.0857996345,-1.2934885,2.6730113,0.7285858,-0.329071045,0.8603255,-0.00406001927,0.07004857,4.212277,0.283735961,-2.35266542,-7.65133667,0.323262,-0.613616943,-1.49150872,-0.154633641,0.149740815,-2.634107,2.26524734,0.839903057,3.57425547
110,2.199999220521542,509,0,1,3.493059,0,-1.94898367,5.53421,0,-3.082974,5.53421,0,-3.082974,1,0,0,1,3.38237476,0,-1.88732421,0,0,0,3.39068484,-0.00114373863,-1.88080621,4.03651142,0.141043082,0.0293116365,-0.0140573429,-0.184799522,-0.0173291638,3.328987,0.00436751544,-1.85335255,5.437771,-0.0744018555,0.139247075,0.211474031,-0.193779662,0.03627619,3.41467643,0.00417000055,-1.89723682,-12.8612061,0.0365730971,-0.003112793,-0.07597189,-0.195220113,0.08509916,2.931678,0.08592906,-1.63365316,11.725399,0.119292073,0.1590151,1.56459761,-0.164676175,-0.031444788,3.71703553,0.08013047,-2.075358,-10.9117737,0.07618546,0.01643448,-0.598294437,-0.184797257,0.04836172,2.59683967,0.08818958,-1.43172538,3.67844462,0.5552616,-0.32144165,0.8376647,-0.09133744,0.0484342575,3.96642876,0.243233159,-2.206806,-9.247955,0.116922878,-0.4645691,-1.55638146,-0.165549323,0.134835,-2.642955,2.26524734,0.84484,3.58194232
111,2.2199992134353739,514,0,1,3.493059,0,-1.94898367,5.58395624,0,-3.10975432,5.58395624,0,-3.10975432,1,0,0,1,3.38137984,0,-1.88678861,0,0,0,3.3902545,-0.00112970173,-1.87973773,4.03164053,-0.06298828,0.0264435541,-0.01134583,-0.191927582,-0.0198560227,3.37315631,-0.0007574409,-1.87585068,5.46018,-0.275939941,0.124534026,-0.0583253838,-0.195811331,0.03861211,3.31546426,-0.0224198252,-1.84089065,-12.5581665,-0.189971924,0.0439389236,0.5187745,-0.193615273,0.0908998847,3.15922856,0.04546719,-1.76107013,12.4864578,-0.09146118,0.12302538,0.631737232,-0.189235687,-0.02902311,3.484226,0.0246469155,-1.940825,-12.3858948,-0.143676758,0.0677135959,-0.320684731,-0.186199665,0.04123929,3.00442147,0.044047527,-1.660387,4.257256,0.246978119,-0.221618652,0.474093974,-0.192171127,0.08432168,3.7006073,0.177845836,-2.04943275,-10.6743164,-0.0945739746,-0.333221436,-1.40325737,-0.169376314,0.112063408,-2.635298,2.26524734,0.8405676,3.57528949
112,2.2399992063492062,522,0,1,3.493059,0,-1.94898367,5.651369,0,-3.146727,5.651369,0,-3.146727,1,0,0,1,3.38003159,1.49011612E-08,-1.88604915,0,0,0,3.38946819,-0.00115692616,-1.87843251,4.03239727,-0.269378662,0.02340996,-0.00761415437,-0.195647359,-0.0226938352,3.438907,-0.008428693,-1.9118464,5.10691166,-0.476348877,0.108841836,-0.4563092,-0.197047889,0.04770136,3.23574734,-0.04255715,-1.79580688,-11.7258911,-0.413421631,0.08334504,0.9925784,-0.19017598,0.09413183,3.43128419,-0.001062572,-1.91345656,12.4718237,-0.304992676,0.08996081,-0.0267265569,-0.178773642,-0.0242537335,3.25706434,-0.0312890261,-1.81027257,-13.2661743,-0.364105225,0.109185979,0.238235921,-0.186739,0.03195083,3.4192903,-0.00359253585,-1.89189065,4.28684664,0.0168205611,-0.201446533,0.0347730443,-0.167693213,0.0571920946,3.39856267,0.0758380443,-1.8728776,-11.6175842,-0.307861328,-0.222961426,-0.9527627,-0.172571659,0.08771932,-2.63536024,2.26524734,0.840602338,3.57534361
113,2.2599991992630386,529,0,1,3.493059,0,-1.94898367,5.681529,0,-3.163035,5.681529,0,-3.163035,1,0,0,1,3.37942839,0,-1.885723,0,0,0,3.38893485,-0.00116337836,-1.87826264,4.03622246,-0.467224121,0.0220525246,-0.00567515939,-0.188666508,-0.02355792,3.5171876,-0.0161106288,-1.9550122,4.275556,-0.661224365,0.09581619,-0.9140241,-0.182979733,0.0547411442,3.16762948,-0.05589427,-1.75868154,-10.4606018,-0.618682861,0.108216055,1.38796926,-0.174717531,0.09392059,3.711031,-0.04674077,-2.06890583,11.72209,-0.4996643,0.062925905,-0.6582265,-0.167427763,-0.0201813579,3.034827,-0.08478801,-1.68374348,-13.5196838,-0.5713806,0.132258683,0.846461356,-0.177008986,0.0190147161,3.81770515,-0.0491657853,-2.11572647,3.83520842,-0.211364746,-0.168426514,-0.362397254,-0.166171029,0.06259319,3.08736,-0.0425294638,-1.69337642,-11.9520874,-0.5142212,-0.140136719,-0.388127625,-0.169004411,0.06116882,-2.63988519,2.26524734,0.843127,3.579274
114,2.2799991921768705,537,0,1,3.493059,0,-1.94898367,5.707338,0,-3.177328,5.707338,0,-3.177328,1,0,0,1,3.37891221,0,-1.88543713,0,0,0,3.388125,-0.00116474926,-1.87878788,4.04108524,-0.6438904,0.0226476919,-0.00494006276,-0.169587255,-0.0227430873,3.59276986,-0.0200026482,-1.99700963,2.963988,-0.817077637,0.08959191,-1.34661222,-0.154795125,0.0588489771,3.11066723,-0.06144394,-1.7286371,-8.84433,-0.789855957,0.114793308,1.70415366,-0.14669621,0.08866763,3.97474527,-0.0795715153,-2.215086,10.3007,-0.673034668,0.04980648,-1.23718238,-0.146791413,-0.014708519,2.82624531,-0.126947358,-1.56659675,-13.1002808,-0.748535156,0.131517172,1.44955051,-0.153881133,0.00605618954,4.184867,-0.08267595,-2.32045269,3.03744912,-0.4202881,-0.141540527,-0.6524738,-0.1609916,0.0676748157,2.78229928,-0.15889886,-1.52115583,-11.5739746,-0.697937,-0.09069824,0.244418442,-0.153425828,0.0350693166,-2.63698387,2.26524734,0.84150815,3.57675338
115,2.2999991850907029,544,0,1,3.493059,0,-1.94898367,5.738654,0,-3.19535851,5.738654,0,-3.19535851,1,0,0,1,3.378286,1.49011612E-08,-1.88507652,0,0,0,3.386903,-0.001161471,-1.87984538,4.046221,-0.787750244,0.0251801349,-0.004848862,-0.139215574,-0.020351259,3.65726519,-0.0176505744,-2.03303146,1.23120391,-0.931365967,0.09211138,-1.70682549,-0.114091016,0.0576646328,3.06764078,-0.0588850081,-1.70674491,-6.97232056,-0.912597656,0.102003537,1.92642355,-0.107394949,0.0787258148,4.205452,-0.0899131447,-2.34172487,8.301016,-0.810302734,0.05150354,-1.735502,-0.118140131,-0.0110836029,2.64240265,-0.1508522,-1.46506476,-11.996521,-0.8795471,0.10626889,2.005416,-0.116758987,-0.004235029,4.49949074,-0.09530984,-2.49529433,2.116454,-0.622283936,-0.09024048,-0.753427267,-0.159459636,0.08283436,2.49742985,-0.257792652,-1.36509573,-10.4353638,-0.8421631,-0.0763855,0.896979451,-0.123110011,0.013659,-2.64006042,2.26524734,0.8432249,3.57942629
116,2.3199991780045353,552,0,1,3.493059,0,-1.94898367,5.76879025,0,-3.2128942,5.76879025,0,-3.2128942,1,0,0,1,3.37768316,1.49011612E-08,-1.88472581,0,0,0,3.38548255,-0.00116966665,-1.88151538,4.05082,-0.8883972,0.02970441,-0.005135065,-0.09887944,-0.016357407,3.70366478,-0.008512989,-2.060344,-0.8188782,-0.992218,0.103147231,-1.95785856,-0.06368832,0.0539898872,3.04106665,-0.04943891,-1.69418085,-4.948517,-0.975616455,0.07216842,2.044594,-0.0586633831,0.06533027,4.384917,-0.0748467147,-2.44124079,5.85674,-0.913604736,0.075765036,-2.12299919,-0.0726342648,-0.007712126,2.49438262,-0.153992921,-1.38519442,-10.23114,-0.9500427,0.06163739,2.47717047,-0.0664985,-0.009810686,4.74563,-0.0850826949,-2.626751,1.27122271,-0.7354431,-0.127349854,-0.66453445,-0.107485011,0.06584108,2.24908972,-0.3314307,-1.23399568,-8.49408,-0.9274292,-0.105224609,1.55319917,-0.0764575,-0.001998663,-2.63356566,2.26524734,0.8396009,3.57378554
117,2.3399991709183672,559,0,1,3.493059,0,-1.94898367,5.771663,0,-3.21587443,5.771663,0,-3.21587443,1,0,0,1,3.3776257,0,-1.8846662,0,0,0,3.38424325,-0.00117780268,-1.88398623,4.054214,-0.9371033,0.0362595543,-0.0061889505,-0.049594596,-0.0107545983,3.73115182,0.00574716926,-2.07587266,-3.07519531,-0.9940491,0.112512171,-2.08818245,-0.00599058345,0.03468275,3.03372383,-0.03520724,-1.6919651,-2.899353,-0.968292236,0.0304247811,2.04920888,-0.0005299188,0.0479929447,4.50150156,-0.03857237,-2.50209713,3.12357044,-0.9404602,0.0904520154,-2.36562634,-0.0403843,-0.0127718449,2.38940763,-0.130645156,-1.32667208,-7.8807373,-0.9477234,-0.00234985352,2.85202074,-0.00167907029,-0.0180552,4.89251041,-0.07089712,-2.71353531,0.156559184,-0.9837036,-0.237121582,-0.863196135,-0.151655674,-0.325483084,2.050719,-0.3580997,-1.13032913,-6.40609741,-0.8941345,-0.0397338867,1.830806,0.013129279,0.102368116,-2.63860035,2.26524734,0.8424101,3.57815766
118,2.3599991638321995,566,0,1,3.493059,0,-1.94898367,5.7830596,0,-3.223766,5.7830596,0,-3.223766,1,0,0,1,3.37739778,1.49011612E-08,-1.88450837,0,0,0,3.38255143,-0.00119668245,-1.886562,4.056892,-0.9288635,0.0442853272,-0.006692551,0.004458837,-0.004236673,3.73118353,0.0223176032,-2.07884526,-5.37808228,-0.934845,0.121095777,-2.06765,0.0496847741,0.0181429386,3.04524136,-0.0191291869,-1.69925094,-0.9317627,-0.8899231,-0.0191040039,1.94339228,0.0579604432,0.02699995,4.532911,0.0300822556,-2.51708841,0.30674693,-0.929931641,0.112034783,-2.43167639,0.0330919549,-0.024528265,2.33590937,-0.09036073,-1.29845119,-5.0355835,-0.8772888,-0.07022095,3.08423686,0.0587550774,-0.0142092705,4.94952774,0.1316692,-2.74213719,-1.41897583,-0.95578,0.0139945578,-1.44082642,0.007228926,0.0887560844,1.90867233,-0.3124048,-1.06057143,-3.55523682,-0.8286743,-0.03845215,2.53427267,0.06364128,0.0180804729,-2.648257,2.26524734,0.8477981,3.58655429
119,2.3799991567460315,572,0,1,3.493059,0,-1.94898367,5.74474573,0,-3.20446014,5.74474573,0,-3.20446014,1,0,0,1,3.378164,0,-1.88489449,0,0,0,3.38195634,-0.00123305619,-1.88985276,4.0564146,-0.8631592,0.0531705171,-0.008483227,0.0593008548,0.00267340988,3.70332074,0.0355405957,-2.06477284,-7.52566528,-0.818634033,0.114398375,-1.87677753,0.103660941,-0.0112960339,3.071378,-0.005100146,-1.71473336,0.885933936,-0.7498779,-0.06906128,1.76073682,0.110408768,0.008520603,4.49652767,0.09199686,-2.4934206,-2.44482422,-0.8220215,0.104152687,-2.38614845,0.09985187,-0.0399029255,2.34089231,-0.04596442,-1.30446315,-1.864502,-0.763793945,-0.120788574,3.12911749,0.0949275047,-0.00111150742,4.92188931,0.249416411,-2.734991,-2.80627441,-0.840515137,0.125458613,-2.00340557,0.10430903,-0.0004427433,1.86856413,-0.295007855,-1.0425899,-0.7598572,-0.8282776,-0.1729126,2.469511,0.030919956,0.0165998936,-2.63539934,2.26524734,0.840624,3.57537746
120,2.3999991496598638,580,0,1,3.493059,0,-1.94898367,5.68386555,0,-3.17209482,5.68386555,0,-3.17209482,1,0,0,1,3.37938166,1.49011612E-08,-1.8855418,0,0,0,3.38158154,-0.00126135349,-1.89307463,4.053815,-0.745025635,0.061997842,-0.0104562519,0.110082522,0.009491717,3.660967,0.0424942076,-2.044099,-9.43753052,-0.6512451,0.09043989,-1.6048764,0.15041551,-0.0372827053,3.10749173,0.00593304634,-1.736823,2.48256755,-0.5638733,-0.1076355,1.52089763,0.153726488,-0.00382113457,4.39618874,0.133858129,-2.44051266,-4.99978638,-0.6619873,0.08498024,-2.195548,0.1411261,-0.0465335846,2.38623357,0.02524887,-1.33734608,1.457758,-0.6022644,-0.143859863,3.02414417,0.144150764,0.0208234787,4.785448,0.313571,-2.66216254,-4.469574,-0.6836853,0.105834544,-1.97572851,0.140256867,-0.0416686535,1.9419744,-0.03632486,-1.09797275,-0.0447998047,-0.791595459,-0.66973877,0.5748655,0.0271574818,-0.2128287,-2.637274,2.26524734,0.841670156,3.57700562
121,2.4199991425736962,588,0,1,3.493059,0,-1.94898367,5.61967134,0,-3.1383884,5.61967134,0,-3.1383884,1,0,0,1,3.38066554,1.49011612E-08,-1.88621593,0,0,0,3.38165331,-0.001290068,-1.89639175,4.047439,-0.5793762,0.07094147,-0.0123770554,0.156059757,0.01620503,3.60223746,0.0409595966,-2.01499724,-11.00061,-0.441589355,0.053233318,-1.2363044,0.185430154,-0.059512496,3.16631937,0.0110405982,-1.77309394,3.73505354,-0.342315674,-0.118377686,1.15200841,0.1928539,-0.00770556927,4.22783232,0.14843297,-2.35065985,-7.159485,-0.467437744,0.04843687,-1.58061361,0.171981037,-0.04936838,2.50910926,0.0613617,-1.41078782,4.71316051,-0.424346924,-0.1257019,2.73309374,0.148001283,0.03290224,4.56733656,0.323865056,-2.54599118,-6.164093,-0.499694824,0.0695200041,-1.78545821,0.161693439,-0.0548298359,2.07508183,0.031084612,-1.16677737,0.9936185,-0.7319946,-0.574249268,0.7312363,0.0242370088,0.194435477,-2.634514,2.26524734,0.8401302,3.5746088
122,2.4399991354875281,593,0,1,3.493059,0,-1.94898367,5.560174,0,-3.10670257,5.560174,0,-3.10670257,1,0,0,1,3.38185549,0,-1.88684964,0,0,0,3.38186526,-0.00133578479,-1.89886618,4.03994465,-0.379364,0.0781551749,-0.0132803135,0.189370826,0.0211792048,3.52495146,0.0294820368,-1.97469807,-12.0886841,-0.207244873,0.00733343558,-0.7615222,0.2039061,-0.0772619843,3.24254465,0.0101439506,-1.81570065,4.527619,-0.09890747,-0.10925293,0.6960511,0.2170059,-0.023396194,4.007608,0.133820936,-2.23266244,-8.97702,-0.247283936,-0.00100708008,-0.8872454,0.1913318,-0.04767716,2.68226671,0.0855885744,-1.49793148,7.75668669,-0.245361328,-0.128967285,2.36037159,0.169164419,0.0189623833,4.28923035,0.300531626,-2.39866471,-7.76901245,-0.292816162,0.019128792,-1.61435246,0.1797506,-0.06061411,2.253198,0.07521543,-1.26423275,2.00466537,-0.6663208,-0.4998474,0.7880877,0.0462580547,0.136157513,-2.65328431,2.26524734,0.850603,3.59093142
123,2.4599991284013605,600,0,1,3.493059,0,-1.94898367,5.51952362,0,-3.08548331,5.51952362,0,-3.08548331,1,0,0,1,3.3826685,0,-1.887274,0,0,0,3.38224769,-0.00136743486,-1.90042031,4.03199148,-0.161743164,0.08289816,-0.0131299179,0.2069407,0.0243030265,3.41866159,0.0054204613,-1.91711628,-12.5057373,0.03316311,-0.04019165,-0.11999166,0.206833571,-0.08729808,3.32155013,0.00462611,-1.85933423,4.836808,0.146487743,-0.09436035,0.23007828,0.220772073,-0.03865087,3.76070046,0.08796377,-2.099949,-10.8814087,-0.0160522461,-0.0545959473,-0.7209338,0.197544187,-0.04577899,2.87860775,0.08739099,-1.60626936,10.5317087,-0.0381469727,-0.118804932,1.90437484,0.184685126,0.0233161449,4.02585173,0.2648425,-2.26019073,-9.48703,-0.07165527,-0.0370788574,-1.67402768,0.189446852,-0.05923319,2.49037528,0.09523984,-1.3984127,2.84963536,-0.5670471,-0.7145386,0.7417583,0.06980393,-0.132894278,-2.63667846,2.26524734,0.8413377,3.57648826
124,2.4799991213151928,607,0,0,0,0,0,-169.088318,0,94.33732,-30.564806,0,17.052639,1,0,0,1,3.381765,0,-1.88674569,0,0,0,3.38156128,-0.00139795244,-1.90052688,4.027508,0.0571519621,0.08513722,-0.010433102,0.209722072,0.0259424876,3.31808877,-0.0202902555,-1.86126745,-12.2619324,0.263263315,-0.08236694,0.477994144,0.197469532,-0.09212059,3.37210584,-0.000440761447,-1.88524783,4.83898354,0.377264261,-0.08868408,-0.07142863,0.2133995,-0.05918073,3.51675177,0.03389748,-1.96825516,-12.4760132,0.210488245,-0.100921631,-0.392914027,0.1920048,-0.0362138152,3.109388,0.0527851656,-1.727745,11.7482634,0.200582087,-0.09713745,0.8067438,0.222189024,0.0184237957,3.73805332,0.198678583,-2.10809088,-11.0010376,0.148572817,-0.08798218,-1.486758,0.187708318,-0.046028614,2.86615515,0.04734578,-1.61860037,3.70110464,-0.183074951,-0.265167236,0.6886183,0.236956522,0.3376332,-2.63252616,2.26524734,0.8390211,3.57288337
125,2.4999991142290248,614,0,0,0,0,0,-132.9565,0,74.17124,-30.5655422,0,17.0513229,1,0,0,1,2.659129,1.49011612E-08,-1.48342419,0,0,0,2.660278,-0.00155115128,-1.49883533,4.051443,0.275481164,0.0878663659,0.009506937,0.210863575,0.028733585,2.5182457,-0.0396463573,-1.41541183,-11.5004883,0.485853016,-0.117492676,0.9430384,0.191737354,-0.09476209,2.707721,-0.00649172068,-1.51601708,4.518216,0.6024719,-0.08416748,-0.421813071,0.2103774,-0.06441194,2.56891632,-0.0206184536,-1.44263816,-13.4832764,0.430735558,-0.136871338,0.1674218,0.18753241,-0.0272590965,2.6652596,0.00776900351,-1.4830687,11.8901834,0.428949237,-0.07098389,0.104205653,0.202103853,0.019603014,2.71092057,0.09772611,-1.5415535,-12.0250549,0.3621118,-0.128051758,-1.02915406,0.183910489,-0.0307695866,2.6040864,0.00456106663,-1.46859562,3.893846,0.08664369,-0.166229248,0.143608451,0.185554087,0.114510834,-2.63400745,2.26524734,0.839847565,3.57416916
126,2.5199991071428571,618,0,0,0,0,0,-96.86321,0,54.0283241,-30.5666,0,17.049427,1,0,0,1,1.93726349,0,-1.080566,0,0,0,1.94087088,-0.0017054379,-1.09596133,4.104223,0.470171,0.08640966,0.030097656,0.189772189,0.0270580575,1.755468,-0.0466798544,-0.987667263,-10.486908,0.670837045,-0.134613037,1.18088841,0.1601226,-0.09083676,2.04282451,-0.0112405419,-1.14527667,3.880356,0.788273633,-0.07550049,-0.7456981,0.17426087,-0.06543791,1.65564787,-0.0666216761,-0.9350585,-13.8599854,0.622335732,-0.150634766,0.7796382,0.163194284,-0.0108281374,2.22885871,-0.0379175842,-1.24161,11.1969862,0.62730217,-0.0500488281,-0.6034298,0.170349479,0.0160767436,1.6982317,-0.0164808258,-0.980654,-12.4155579,0.558314562,-0.148345947,-0.446014941,0.168832645,-0.01010102,2.323253,-0.04265654,-1.30804288,3.52407169,0.323066056,-0.138641357,-0.3075354,0.166926935,0.0612178445,-2.63573956,2.26524734,0.8408135,3.57567286
127,2.5399991000566891,624,0,0,0,0,0,-60.8376427,0,33.92672,-30.5681572,0,17.0466385,1,0,0,1,1.21675241,1.49011612E-08,-0.67853415,0,0,0,1.22314239,-0.00180083513,-0.6930504,4.17749739,0.623673737,0.08225249,0.0455385335,0.1515899,0.0233806968,1.019425,-0.0453858525,-0.574625254,-9.382477,0.79884845,-0.1328125,1.25647759,0.1122109,-0.0778288841,1.37400293,-0.0135124326,-0.771211863,2.919597,0.915439367,-0.07165527,-1.02416682,0.120134354,-0.06326389,0.7944374,-0.09788567,-0.4548996,-13.5584106,0.763087869,-0.139129639,1.31489444,0.121277705,0.003252387,1.75692534,-0.06986034,-0.979375541,9.803566,0.7852949,-0.0441894531,-1.19877,0.131817117,0.0111765862,0.734161556,-0.126054615,-0.442179322,-12.0585327,0.714313567,-0.141693115,0.207356617,0.13622576,0.01008597,1.973323,-0.07660976,-1.11280119,2.78512931,0.549751639,-0.109863281,-0.6047233,0.1603782,0.06333363,-2.634104,2.26524734,0.839901,3.57425284
128,2.5599990929705214,631,0,0,0,0,0,-24.8997936,0,13.8796282,-24.8997936,0,13.8796282,1,0,0,1,0.497995675,0,-0.27759245,0,0,0,0.5071383,-0.00179104507,-0.290703326,4.26238537,0.726179659,0.0766748562,0.0547625721,0.103825219,0.0185368136,0.303800642,-0.039294675,-0.173503071,-8.302124,0.8630908,-0.114654541,1.21409845,0.05773988,-0.05887413,0.6962253,-0.01233393,-0.391799033,1.67269409,0.977940738,-0.07589722,-1.23229837,0.0597295128,-0.05580616,-0.009888351,-0.112515718,-0.00511916,-12.6381226,0.8414308,-0.107208252,1.70744181,0.06946616,0.0117311478,1.226922,-0.07974514,-0.685768545,7.902293,0.87982583,-0.0542602539,-1.63245058,0.0783605948,0.008886099,-0.160158515,-0.212402418,0.06250507,-10.97699,0.8130249,-0.109375,0.814334452,0.08855908,0.0224132538,1.52418506,-0.08694461,-0.8629943,1.94330585,0.7186417,-0.06677246,-0.6896095,0.125690773,0.0769225955,-2.63222957,2.26524734,0.838855267,3.57262588
129,2.5799990858843538,639,0,0,0,0,0,-0.00453351252,0,-0.00207359134,-0.00453351252,0,-0.00207359134,1,0,0,1,9.067022E-05,1.49011612E-08,4.147181E-05,0,0,0,-0.00114540942,-0.00165458024,-0.00387053378,4.10390663,0.7727917,0.06652406,-0.103237629,0.0507268719,0.0120406449,-0.2195043,-0.03819929,0.120626688,-6.95574951,0.85877645,-0.07623291,1.33227146,-0.00167735294,-0.03591156,0.181251734,-0.00631414354,-0.1040111,0.595949352,0.9652993,-0.07434082,-1.10155559,-0.009399898,-0.03655088,-0.653313041,-0.127408236,0.3559684,-11.1530457,0.8524874,-0.05999756,2.09212828,0.0114701465,0.017272234,0.7297945,-0.0628770441,-0.4133347,5.871025,0.935972452,-0.0609130859,-1.69891667,0.0191488713,0.013651371,-0.8710498,-0.269509584,0.468348324,-9.301025,0.848115742,-0.060333252,1.25025225,0.0318689942,0.02722609,1.07369113,-0.0746305,-0.6072076,1.12901652,0.8301752,-0.158416748,-0.5901085,0.0527874231,0.0410380363,-2.63200641,2.26524734,0.838730931,3.57243228
130,2.5999990787981857,647,0,0,0,0,0,-0.0126218237,0,0.004107786,-0.0126218237,0,0.004107786,1,0,0,1,0.000252436381,0,-8.215569E-05,0,0,0,-0.0253801271,0.0005939603,0.0129076894,3.96316,0.7665541,0.05627058,-0.09856146,-0.00278173387,0.00586354733,-0.208431214,-0.02996184,0.115953,-5.66687,0.795811236,-0.03353882,1.24086249,-0.0536817,-0.014960289,0.182385579,-0.00226056576,-0.102525532,-0.5465393,0.890411139,-0.07510376,-1.06878662,-0.06632439,-0.021609664,-0.727846265,-0.127433509,0.400819629,-9.107941,0.8007772,-0.0071105957,2.40528822,-0.0422180071,0.014657259,0.6820953,-0.03764546,-0.38721016,4.08112526,0.8698834,-0.07858276,-1.53021419,-0.0447375737,0.0155317783,-1.03434944,-0.3326139,0.5703542,-7.004486,0.8140054,0.001797993,1.816359,-0.02621461,0.0255200863,0.9640037,-0.0586982369,-0.5509083,0.202028811,0.8242995,-0.3919983,-0.655033231,-0.00165137276,-0.142978668,-2.63200569,2.26524734,0.8387306,3.5724318
131,2.6199990717120181,655,0,0,0,0,0,-0.0102330036,0,0.004654825,-0.0102330036,0,0.004654825,1,0,0,1,0.00020466,1.49011612E-08,-9.309647E-05,0,0,0,-0.03427174,0.00139087439,0.020489743,3.77715874,0.7123301,0.04640881,-0.14701125,-0.0486882143,0.00105963647,-0.188793585,-0.0216174275,0.106081039,-4.49005127,0.6884221,0.008590451,1.09758353,-0.09464716,0.00239813328,0.16393967,0.00186422467,-0.0920358747,-1.61767578,0.771040857,-0.07003784,-0.937668741,-0.108050287,0.001217246,-0.7499646,-0.108585268,0.416517377,-6.63412476,0.7012534,0.0389965028,2.54538679,-0.0854317546,0.007829189,0.5788755,-0.007878572,-0.333513737,2.60770035,0.7825539,-0.06512451,-1.08021247,-0.0870088562,0.0206549168,-1.12441683,-0.367378,0.631692231,-4.82156372,0.7260665,0.07968102,1.8910377,-0.0757268146,0.0247426033,0.802102745,0.0187360942,-0.454656124,-0.35144043,0.797958,-0.380523682,-0.542493343,-0.0221234579,0.05549127,-2.63200569,2.26524734,0.8387306,3.5724318
132,2.6399990646258504,662,0,0,0,0,0,-0.00775282132,0,0.00458352454,-0.00775282132,0,0.00458352454,1,0,0,1,0.000155056361,0,-9.167045E-05,0,0,0,-0.03971358,0.00163328648,0.0253925715,3.55435181,0.6229107,0.0384586267,-0.18318966,-0.0819628,-0.00200296938,-0.1640206,-0.0144789964,0.0931288451,-3.454193,0.553799868,0.04375881,0.9318942,-0.120460205,0.0141648054,0.118722565,0.00393012166,-0.06529782,-2.42657471,0.6230947,-0.05819702,-0.6561643,-0.134002626,0.0142617822,-0.732423961,-0.07679714,0.410986125,-3.90155029,0.57591,0.06806833,2.52911,-0.108992577,-0.00384092331,0.443077683,0.00986582,-0.2551,1.23147857,0.6293451,-0.05899048,-0.7192065,-0.1268546,0.01723528,-1.14630628,-0.3009748,0.654184937,-2.14294434,0.624732,0.09647304,2.343945,-0.110346705,-0.07365513,0.648888946,0.06918253,-0.3715993,-1.14810181,0.656549931,-0.222229,-0.7187433,-0.109107405,0.1941542,-2.63200569,2.26524734,0.8387306,3.5724318
133,2.6599990575396824,670,0,0,0,0,0,-0.00414620526,0,0.00356698874,-0.00414620526,0,0.00356698874,1,0,0,1,8.29240744E-05,1.49011612E-08,-7.13397458E-05,0,0,0,-0.0427605845,0.00162066519,0.0285494775,3.30724859,0.989227831,0.0324119255,-0.207551986,-0.105353072,-0.004346013,-0.143183738,-0.009199157,0.08311482,-2.52249146,0.8840189,0.0647057742,0.794805169,-0.134738043,0.0189991,0.0648337454,0.00326253474,-0.0343339667,-2.894165,0.9383898,-0.0415344238,-0.330627441,-0.148548141,0.02627632,-0.6734484,-0.03303671,0.376837581,-1.17755127,0.9416833,0.0846143961,2.29182673,-0.08606364,-0.002456665,0.3058144,0.0123112947,-0.178325385,-0.0361938477,0.965597749,-0.039276123,-0.5491564,-0.144350916,0.021011889,-1.05059445,-0.1702035,0.5901791,-0.398651123,1.09717417,-0.3095398,1.49863946,-0.0182804987,-0.212876678,0.49496758,0.07436813,-0.282258779,-2.10281372,0.9616696,0.0287843384,-0.7385062,-0.139818192,0.1462096,-2.63629031,2.27658033,0.8152017,3.57734513
134,2.6799990504535147,673,0,0,0,0,0,-0.004991367,0,-0.003447775,-0.004991367,0,-0.003447775,1,0,0,1,9.98273E-05,0,6.895547E-05,0,0,0,-0.0395609923,0.00120840967,0.03806702,3.04711437,1.94758081,-0.0202636719,-0.222065747,-0.1111431,-0.00515264273,-0.141000718,-0.00685580075,0.0972728655,-1.69284058,1.8120507,0.119566828,0.8324249,-0.145222053,-0.06577873,0.0606579967,0.00337381661,-0.0156524479,-3.133789,1.84891772,0.019764211,-0.282047659,-0.164186731,-0.04865575,-0.595058858,-0.000674277544,0.330336422,1.20418465,1.89922464,0.1723765,1.86900067,-0.102850646,0.04208684,0.193375915,0.010579735,-0.111840464,-0.8781433,1.87352777,0.0371743441,-0.163216025,-0.148443833,0.06784232,-0.889290631,-0.0432606339,0.494199932,-0.03353882,2.14842176,-0.5516968,0.302586555,-0.0122251622,-0.0928863,0.317419529,0.0570809543,-0.182537541,-2.755127,1.86370015,0.09204002,-0.4787969,-0.151570588,0.005975008,-2.64570832,2.2992084,0.762503445,3.58713579
135,2.6999990433673466,680,0,0,0,0,0,-0.008624636,0,-0.0129970545,-0.008624636,0,-0.0129970545,1,0,0,1,0.000172492641,1.49011612E-08,0.000259940978,0,0,0,-0.0318942778,0.0006913841,0.052479744,2.784036,2.38144517,-0.129302979,-0.228221416,-0.148256242,0.00310519338,-0.137188777,-0.004996747,0.118785426,-1.03799438,2.18859863,0.223650858,0.888289,-0.215585947,-0.200627923,0.0773675144,0.00391790271,0.002240181,-3.18173218,2.21132731,0.13351053,-0.33776167,-0.242756069,-0.16951108,-0.51063323,0.0107836276,0.292048037,3.08509421,2.31961179,0.3182187,1.443555,-0.176950723,0.07690406,0.110216141,0.00443094969,-0.0538123958,-1.22088623,2.23584485,0.19063659,0.21752274,-0.2007041,0.124096662,-0.7394306,-0.0153880864,0.420861423,0.0489574671,2.57046247,-0.8605652,0.203050464,-0.07464655,0.0671277344,0.1526234,0.0144675374,-0.08807827,-2.978119,2.22585368,0.11550644,-0.133992776,-0.204275012,0.0178727657,-2.65214515,2.30485749,0.7340414,3.58957648
136,2.719999036281179,686,0,0,0,0,0,-0.005401788,0,-0.008724973,-0.005401788,0,-0.008724973,1,0,0,1,0.000108035718,1.49011612E-08,0.000174499379,0,0,0,-0.0329187326,0.0007199198,0.04893634,2.52287626,2.13488245,-0.168182373,-0.226316079,-0.221005052,0.0277398825,-0.110065982,-0.00227627158,0.09319705,-0.443603516,1.86229682,0.270468026,0.691176,-0.298994,-0.148480713,0.04503906,0.00199987,0.009619733,-3.1803894,1.872661,0.198469147,-0.164730191,-0.3219325,-0.111923292,-0.424174637,0.0201362371,0.259528428,4.671179,2.01860666,0.373150557,1.21136332,-0.268395662,-0.007707119,0.04208263,0.000617906451,-0.00223783776,-1.26495361,1.92458463,0.272613436,0.387380183,-0.268876165,0.0503843427,-0.6199259,0.004770234,0.375038683,0.803818762,2.352481,-0.425140381,0.496857762,-0.228174329,0.495437056,0.0412533581,-0.0160868317,0.00264953077,-2.78747559,1.992414,0.15239881,0.198486313,-0.22652179,0.06897952,-2.652145,2.30485749,0.7340413,3.58957624
137,2.7399990291950114,692,0,0,0,0,0,0.000267226482,0,-0.000626399065,0.000267226482,0,-0.000626399065,1,0,0,1,-5.34452738E-06,0,1.25279767E-05,0,0,0,-0.03715653,0.000645980239,0.0369188152,2.26755381,1.85156393,-0.1295166,-0.219406217,-0.255344123,0.040735364,-0.08960152,-0.0005533546,0.06033819,0.17976138,1.51962841,0.249638349,0.501799941,-0.3063156,-0.03760594,-0.00250320882,-0.0005878061,0.0123633053,-3.14257813,1.51697671,0.199844986,0.07296389,-0.319459528,-0.00478594,-0.336377859,0.018399328,0.214321047,5.630849,1.67576063,0.305630356,0.7500126,-0.299993932,-0.0777233243,-0.0239375457,-0.00109156966,0.0392469354,-1.15066528,1.57176733,0.246963575,0.461826533,-0.309526324,-0.0393936634,-0.4604177,0.0121147931,0.3118483,1.15887988,1.9774766,-0.231536865,0.26902613,-0.287295043,0.210108459,-0.0390904322,-0.0336349159,0.0781922042,-2.263977,1.64821863,0.319136232,0.336876035,-0.30687502,0.0467762053,-2.65214443,2.30485725,0.734041035,3.58957553
138,2.7599990221088433,696,0,0,0,0,0,0.00159179093,0,-2.7647427E-06,0.00159179093,0,-2.7647427E-06,1,0,0,1,-3.1835807E-05,1.49011612E-08,5.52948336E-08,0,0,0,-0.03660143,0.000217184424,0.032504797,2.02483439,1.58218038,-0.09246826,-0.209593967,-0.242462724,0.03497906,-0.07277866,0.000391200185,0.04856849,0.7255042,1.22074354,0.214602664,0.397417724,-0.267167121,-0.02515167,-0.01952794,-0.00167411566,0.01928337,-3.014923,1.205337,0.191380009,0.165562555,-0.278167844,0.00124998391,-0.242412239,0.0155688971,0.1600544,6.2268033,1.34645915,0.225012079,0.516565561,-0.2822475,-0.07651144,-0.08270266,-0.003734827,0.07301605,-0.8439026,1.23455966,0.199985966,0.5895442,-0.296036035,-0.0548301935,-0.3053674,0.0100256652,0.230797559,1.33997881,1.5578407,-0.143859863,0.152178913,-0.310258746,0.09426205,-0.123499215,-0.04931228,0.131323785,-1.45285034,1.25924,0.68494004,0.4702961,-0.34013924,0.0479941368,-2.65214372,2.30485749,0.734040558,3.589575
139,2.7799990150226757,702,0,0,0,0,0,0.00203494634,0,-0.00011163934,0.00203494634,0,-0.00011163934,1,0,0,1,-4.06989129E-05,0,2.23278585E-06,0,0,0,-0.03484605,-4.440546E-05,0.0294108465,1.7968322,1.33713949,-0.0606994629,-0.197300911,-0.220378146,0.02868186,-0.0507648438,0.000793814659,0.03693813,1.13571727,0.9648022,0.169442222,0.2726066,-0.2290651,-0.0252833068,-0.0276147686,-0.002192378,0.0256940573,-2.823883,0.9376482,0.1654033,0.215407521,-0.237788245,-0.0120121539,-0.153940052,0.012049824,0.109594211,6.583231,1.06170249,0.153484017,0.3123381,-0.238314152,-0.06468338,-0.1264066,-0.00583790243,0.09869288,-0.368865967,0.9407057,0.144293472,0.693996668,-0.252835035,-0.0574302077,-0.179997608,0.00617903471,0.154375136,1.44775081,1.22359073,-0.111907959,0.09612703,-0.2548398,0.0475884825,-0.202975392,-0.0664960742,0.16631937,-0.5392151,0.9191597,1.02549589,0.6072383,-0.2865641,0.05216378,-2.65214348,2.30485725,0.734040439,3.58957481
140,2.799999007936508,708,0,0,0,0,0,0.00243747025,0,-0.0002541394,0.00243747025,0,-0.0002541394,1,0,0,1,-4.87493853E-05,1.49011612E-08,5.08278572E-06,0,0,0,-0.0328108743,-0.000277921557,0.0262498446,1.58493686,1.12075567,-0.033203125,-0.183632523,-0.19391641,0.024015218,-0.0285361335,0.000669360161,0.0242804419,1.3980962,0.752971053,0.120585524,0.148228377,-0.189059436,-0.0226617157,-0.03847745,-0.00252975523,0.0289863683,-2.56329346,0.718428135,0.136890188,0.266890854,-0.19235453,-0.008311093,-0.0786246,0.00783021748,0.06483781,6.750902,0.825764239,0.09698499,0.149304688,-0.189979061,-0.05051869,-0.160442963,-0.00401651859,0.111670181,0.245064229,0.7451191,0.0991599,0.7445206,-0.169549182,-0.0551121831,-0.0794135854,0.00187410414,0.0896538347,1.49512875,0.9939107,-0.141876221,0.0506903045,-0.183376491,0.028533,-0.232956678,-0.0448081046,0.187332958,0.207190946,0.8216545,0.6532465,0.530137,-0.08257331,-0.2712255,-2.652144,2.30485725,0.7340407,3.58957529
141,2.81999900085034,712,0,0,0,0,0,0.00277679251,0,-0.000586595037,0.00277679251,0,-0.000586595037,1,0,0,1,-5.55358274E-05,0,1.17318959E-05,0,0,0,-0.0307088569,-0.0005132109,0.0230057556,1.3898406,0.9364758,-0.009338379,-0.169254661,-0.164416865,0.0205619484,-0.009091238,0.0002683401,0.01249545,1.52498937,0.5857652,0.0752736256,0.0409983732,-0.149184018,-0.0187760852,-0.0439239629,-0.00244212151,0.0312075522,-2.266327,0.548767865,0.09918347,0.289739966,-0.148261279,-0.0135006011,-0.0197917931,0.00389058888,0.0267454274,6.77721548,0.644708335,0.0564752147,0.0265027974,-0.155817017,-0.0331040174,-0.178511679,-6.377697E-05,0.115569368,0.9050242,0.591974854,0.05492042,0.7503358,-0.1357111,-0.0431426167,-0.00495179,-0.00189338624,0.03267125,1.49673283,0.7625993,-0.118591309,0.005716253,-0.185091168,0.0658803,-0.247455031,-0.0213830918,0.183371514,0.275049984,0.6140446,-0.292999268,0.327787,-0.089841,-0.4588288,-2.65214181,2.30485749,0.7340395,3.58957362
142,2.8399989937641723,718,0,0,0,0,0,0.00213813619,0,-0.0008066188,0.00213813619,0,-0.0008066188,1,0,0,1,-4.27627056E-05,1.49011612E-08,1.613237E-05,0,0,0,-0.0283712633,-0.000711500645,0.0201278143,1.21150672,0.7815204,0.01008684,-0.154762208,-0.137569934,0.0171753317,0.005726387,-0.000152155757,0.00191137753,1.53807843,0.455129862,0.0446243137,-0.0428630151,-0.115584686,-0.008934125,-0.04441993,-0.002101034,0.0304225,-1.96554565,0.417573184,0.0604812726,0.2846369,-0.114043839,-0.0152644515,0.0186720975,0.00143973529,0.0009927824,6.71729946,0.5271976,0.0307412446,-0.04461771,-0.0916524753,-0.0213094242,-0.182856292,0.00154617429,0.115369983,1.57353318,0.4599554,0.02735379,0.7368808,-0.09513419,-0.0387541056,0.0300986357,-0.003884703,0.00116415322,1.5297606,0.754713,-0.0765380859,0.0291518532,-0.01520282,0.0368859321,-0.2521793,-0.01069133,0.177537665,0.158942655,0.5925,-0.640533447,0.200796127,-0.102279246,0.08342105,-2.65214443,2.30485749,0.7340408,3.58957577
143,2.8599989866780042,724,0,0,0,0,0,0.002281057,0,-0.0009613341,0.002281057,0,-0.0009613341,1,0,0,1,-4.562112E-05,1.49011612E-08,1.92266743E-05,0,0,0,-0.0260996036,-0.000874772668,0.017382782,1.04973328,0.654230654,0.0260855183,-0.140410811,-0.112548895,0.0145442188,0.013490865,-0.000380083919,-0.00417989865,1.48670578,0.359278053,0.0256867874,-0.0857831538,-0.08585085,-0.002873227,-0.042716153,-0.00167061388,0.02859226,-1.67550659,0.3200046,0.0242922623,0.2677001,-0.08608598,-0.01650381,0.0425824076,-0.0003221482,-0.01638158,6.60649443,0.421367168,0.0127645144,-0.0949608758,-0.09757069,-0.0142166764,-0.178880364,0.003875956,0.11079894,2.23473048,0.353890449,-0.00122070313,0.7060029,-0.09330542,-0.0334428549,0.0676678,-0.00439468026,-0.0183851365,1.50512207,0.579697669,-0.05886841,-0.008089047,-0.132883266,0.00743073737,-0.251743972,-0.01004006,0.169578478,0.217320174,0.4529551,-0.6773071,0.2627771,-0.185841367,0.31380856,-2.652145,2.30485725,0.734041035,3.589576
144,2.8799989795918366,730,0,0,0,0,0,0.00215165317,0,-0.0009929811,0.00215165317,0,-0.0009929811,1,0,0,1,-4.30330474E-05,1.49011612E-08,1.98596153E-05,0,0,0,-0.0237162858,-0.001012817,0.0151622919,0.9038489,0.547744751,0.03807266,-0.12657702,-0.093740806,0.0117086917,0.018703144,-0.0005309135,-0.007991662,1.39201856,0.2824987,0.0148213292,-0.114316329,-0.0683313161,0.000367850065,-0.0401994251,-0.00128898025,0.02604586,-1.39968872,0.24319382,-0.0048828125,0.247661978,-0.06766556,-0.0142329931,0.0619293,-0.00184385478,-0.0275711715,6.44812346,0.345974416,2.44505372E-06,-0.136223018,-0.0659947246,-0.0114886165,-0.169780836,0.00595232844,0.103752524,2.87328362,0.2679994,-0.0287475586,0.661806,-0.0759220347,-0.03007096,0.09395935,-0.00560309,-0.03502161,1.46502912,0.5134735,-0.0718994141,-0.0292260051,-0.0620669723,0.000566750765,-0.240378276,-0.00788407,0.158564761,0.322475433,0.337383628,-0.642456055,0.268241823,-0.1643994,0.338748336,-2.652145,2.30485725,0.734041035,3.589576
145,2.899998972505669,736,0,0,0,0,0,0.00176779425,0,-0.000917902449,0.00176779425,0,-0.000917902449,1,0,0,1,-3.535587E-05,1.49011612E-08,1.83580414E-05,0,0,0,-0.0214731116,-0.00112006068,0.013024888,0.772932231,0.4598257,0.0475080758,-0.113504469,-0.07703553,0.009698853,0.0229333565,-0.000599756837,-0.0105095357,1.26523781,0.224799037,0.005292574,-0.135284632,-0.05117709,6.33299351E-06,-0.03697869,-0.0009340793,0.02328112,-1.14450073,0.185104,-0.0291748047,0.224078029,-0.0510589257,-0.0124203265,0.07470933,-0.002608478,-0.03529977,6.26144028,0.285417616,-0.008331299,-0.1613074,-0.0460321531,-0.00772677362,-0.155871123,0.007487878,0.09523023,3.46686125,0.205444023,-0.0563659668,0.6040914,-0.05997354,-0.0288871527,0.109470427,-0.006224677,-0.0467063338,1.41591907,0.48759,-0.109954834,-0.03419889,-0.03746519,0.0031193085,-0.221906811,-0.005287543,0.145510122,0.5024796,0.241374373,-0.5471802,0.2567933,-0.140606135,0.322188437,-2.652145,2.30485749,0.734041154,3.58957624
146,2.9199989654195009,742,0,0,0,0,0,0.00161004346,0,-0.00119487057,0.00161004346,0,-0.00119487057,1,0,0,1,-3.22008564E-05,0,2.38974026E-05,0,0,0,-0.0193444621,-0.00121034682,0.01113915,0.6560605,0.3880917,0.05457606,-0.101210341,-0.06249118,0.007935703,0.0254702773,-0.0005954653,-0.0121394675,1.11683619,0.182526529,-0.00207519531,-0.1472399,-0.0375157632,-0.000203609467,-0.0339195356,-0.0006520152,0.0210303143,-0.9090271,0.142183766,-0.0511169434,0.202540845,-0.0375425927,-0.011944592,0.08146222,-0.002815947,-0.0399218649,6.061226,0.243249,-0.0137634277,-0.171591192,-0.0377210081,-0.00475530326,-0.13853693,0.007913306,0.0853035152,3.977926,0.153104633,-0.0821228,0.50678885,-0.0423295051,-0.0272856355,0.116719209,-0.006570533,-0.0536234,1.36205912,0.440303475,-0.1303711,-0.027990466,-0.0333634764,0.0220913384,-0.195180491,-0.002594784,0.129214153,0.703012347,0.195269614,-0.474365234,0.21298939,-0.103219286,0.266227126,-2.652145,2.30485749,0.734041035,3.58957624
147,2.9399989583333332,748,0,0,0,0,0,0.00143935194,0,-0.00118325022,0.00143935194,0,-0.00118325022,1,0,0,1,-2.8787028E-05,1.49011612E-08,2.36649939E-05,0,0,0,-0.0173451863,-0.00127799809,0.00944242347,0.552145243,0.330340952,0.05967709,-0.0898299962,-0.04990539,0.00660877675,0.0265286062,-0.0005494654,-0.0131689813,0.9575903,0.152108654,-0.00714111328,-0.151342511,-0.0267729722,0.000180840492,-0.03417471,-0.0005183071,0.0209339131,-0.6725464,0.111897916,-0.072265625,0.200936168,-0.0262414329,-0.0133623779,0.08296973,-0.00245188177,-0.0418521948,5.859139,0.207345769,-0.0157165527,-0.147882149,-0.0276061948,-0.00231595337,-0.117759854,0.00551843643,0.07391368,4.27437639,0.117789149,-0.108276367,0.3103656,-0.0300220419,-0.0248706639,0.117714673,-0.006495923,-0.055876188,1.3106302,0.4107069,-0.150268555,-0.0213077664,-0.020232629,0.0269930586,-0.153070956,-0.003094077,0.103062093,0.858563244,0.15754427,-0.396270752,0.159672767,-0.07749349,0.211165,-2.65214467,2.30485725,0.734041035,3.58957577
148,2.9599989512471656,756,0,0,0,0,0,0.00157273526,0,-0.00119104842,0.00157273526,0,-0.00119104842,1,0,0,1,-3.14546924E-05,0,2.382096E-05,0,0,0,-0.01552574,-0.00132931769,0.007919538,0.4601529,0.2849569,0.0632892847,-0.0793649256,-0.03882812,0.00562879443,0.0262644682,-0.000460192561,-0.013439687,0.7965596,0.131843761,-0.0102233887,-0.14809157,-0.0176205263,0.000111728907,-0.0301422346,-0.0003067404,0.0183999222,-0.458221436,0.0922874,-0.09249878,0.174667776,-0.0166982766,-0.0135169327,0.08041793,-0.00195799768,-0.0412695222,5.66579056,0.183940127,-0.0160827637,-0.1199311,-0.01937327,-0.000860393047,-0.09327912,0.00465124846,0.05934323,4.494976,0.09363493,-0.1307373,0.217475846,-0.01757454,-0.02031526,0.113518611,-0.00633643568,-0.05507057,1.259336,0.384774953,-0.15927124,-0.0139775751,-0.0142096467,0.028389778,-0.113740966,-0.00257465243,0.0794260353,0.9202091,0.140010238,-0.374694824,0.110587031,-0.03436358,0.129830837,-2.652145,2.30485749,0.734041154,3.58957624
149,2.9799989441609975,760,0,0,0,0,0,0.00146821956,0,-0.00111039088,0.00146821956,0,-0.00111039088,1,0,0,1,-2.93643789E-05,-5.94556332E-06,2.22078088E-05,0,0,0,-0.01380431,-0.00137633085,0.006640474,0.3789962,0.249250919,0.06547903,-0.0698095262,-0.0302515943,0.004756175,0.0249500126,-0.000364124775,-0.0129992329,0.6409689,0.11839503,-0.0115356445,-0.139388025,-0.0115595264,-0.000131309032,-0.0234009754,-0.000128537416,0.0144018326,-0.286438,0.08026748,-0.110046387,0.134047836,-0.010167514,-0.0124355108,0.074951455,-0.001298666,-0.0390977524,5.486482,0.167468712,-0.0149230957,-0.09179351,-0.0137723368,0.0005887896,-0.06907726,0.00415954,0.04494541,4.65266562,0.0791448653,-0.1487732,0.160597578,-0.012134674,-0.0163200051,0.105478056,-0.005822867,-0.0515552349,1.21518517,0.3628228,-0.162597656,-0.006069421,-0.00281927269,0.0213224,-0.0809210539,-0.00263288617,0.0595068857,0.9726328,0.120965868,-0.352355957,0.09431031,-0.0257214624,0.10849525,-2.652145,2.30485749,0.734041035,3.58957624
150,2.99999893707483,768,0,0,0,0,0,0.000890452764,0,-0.00121692067,0.000890452764,0,-0.00121692067,1,0,0,1,-1.78090486E-05,-5.96046448E-06,2.43384038E-05,0,0,0,-0.0121764494,-0.00141456723,0.005602311,0.307606041,0.220453978,0.06641147,-0.0612075031,-0.0242308229,0.003868319,0.0228749551,-0.000261589885,-0.0120543446,0.496344775,0.1088308,-0.0113220215,-0.126945168,-0.008147219,-4.65214252E-05,-0.0165663548,-1.62124634E-05,0.0103885308,-0.160125732,0.07226701,-0.124359131,0.094007,-0.00678552873,-0.0105349123,0.0674458444,-0.000597327948,-0.03566893,5.32587957,0.155901551,-0.01272583,-0.06394231,-0.009888826,0.001587309,-0.0476555154,0.0036547184,0.0318039767,4.757806,0.06771332,-0.162597656,0.122283682,-0.009135991,-0.0120546967,0.09473851,-0.005174324,-0.04673476,1.17905653,0.346401334,-0.163238525,0.00110546965,-0.000239348738,0.01891362,-0.05215954,-0.00291202962,0.0420180038,0.9902408,0.100640461,-0.344665527,0.07649823,-0.0122320829,0.08172426,-2.652145,2.30485725,0.734041154,3.589576
151,3.0199989299886618,777,0,0,0,0,0,0.0009209532,0,-0.00100332871,0.0009209532,0,-0.00100332871,1,0,0,1,-1.84190576E-05,1.49011612E-08,2.00665654E-05,0,0,0,-0.0107215848,-0.00142276287,0.00469825324,0.2450599,0.196586892,0.06655396,-0.0533943474,-0.0200440716,0.00328028947,0.0202940386,-0.000163197517,-0.0108476533,0.3664598,0.101367235,-0.0101318359,-0.112457141,-0.006422739,0.000164672732,-0.0106067481,4.56124544E-05,0.006737464,-0.0752868652,0.06636683,-0.135498047,0.05903877,-0.00513637066,-0.008060217,0.0586351,5.12450933E-05,-0.0315608159,5.186792,0.146781772,-0.009613037,-0.0373854563,-0.007938448,0.00239764154,-0.0296047572,0.00310777128,0.0201758873,4.82021666,0.05322482,-0.171142578,0.09461031,-0.009565086,-0.00770735741,0.08241227,-0.004526913,-0.04112065,1.15012693,0.3322172,-0.163146973,0.00715774,0.0001209816,0.0188515615,-0.0275261141,-0.003563255,0.0266294181,0.9927614,0.0742417946,-0.339294434,0.06499016,-0.01063726,0.0754135549,-2.65214467,2.30485749,0.734041154,3.589576
152,3.0399989229024942,785,0,0,0,0,0,0.000754338864,0,-0.0009517426,0.000754338864,0,-0.0009517426,1,0,0,1,-1.50867709E-05,-5.94556332E-06,1.90348437E-05,0,0,0,-0.009406583,-0.0014513582,0.00394856,0.190473869,0.1760978,0.06610174,-0.0464218669,-0.0171958953,0.00274676457,0.017417917,-0.00010022521,-0.009474783,0.253613532,0.0947170258,-0.007965088,-0.09663593,-0.005756606,0.0007192865,-0.005692002,5.966425E-05,0.00363545516,-0.0280761719,0.0612489022,-0.143035889,0.0303647909,-0.004585077,-0.00524650142,0.0492223054,0.0006401986,-0.0271423273,5.06989241,0.138927743,-0.005645752,-0.0134835262,-0.00718946243,0.00310328323,-0.01622098,0.00286118686,0.01137238,4.856156,0.05164563,-0.176330566,0.07915198,-0.007820451,-0.00438327342,0.0695135146,-0.00392361,-0.0351143628,1.12761593,0.318440348,-0.1637268,0.0124222124,0.000220897666,0.0191975571,-0.005308805,-0.00389362872,0.0125381118,0.903298736,0.04254075,-0.340484619,0.03650559,-0.0412317328,0.0746606141,-2.652145,2.30485725,0.734041154,3.589576
153,3.0599989158163265,793,0,0,0,0,0,0.0007000878,0,-0.00081455824,0.0007000878,0,-0.00081455824,1,0,0,1,-1.4001751E-05,-5.94556332E-06,1.62911583E-05,0,0,0,-0.00822399,-0.00146383047,0.00331188645,0.142929748,0.157972753,0.0652413443,-0.04020413,-0.0153066237,0.00231744349,0.014498218,-4.707277E-05,-0.008034773,0.158713728,0.0882031545,-0.005065918,-0.080824025,-0.00576676847,0.00124070048,-0.001529254,6.508827E-05,0.000858342042,-0.010559082,0.05575809,-0.147155762,0.00605435,-0.005095361,-0.00197453285,0.03975499,0.00116507709,-0.0225956,4.975664,0.131956533,-0.00103759766,0.008100353,-0.00687210448,0.00363834947,-0.00558805931,0.002614677,0.00442429166,4.864397,0.04273766,-0.177978516,0.06545149,-0.009961642,-0.002572596,0.05658898,-0.00330708921,-0.02894226,1.114756,0.305309832,-0.163146973,0.01894921,0.000262288755,0.0204192922,0.00313682947,-0.005272612,0.005922934,0.8785691,0.0102014272,-0.366577148,0.0593027323,0.0162996687,0.145979851,-2.652145,2.30485725,0.734041154,3.589576
154,3.0799989087301585,802,0,0,0,0,0,0.0004991192,0,-0.00072795985,0.0004991192,0,-0.00072795985,1,0,0,1,-9.98238E-06,0,1.45591912E-05,0,0,0,-0.007161057,-0.00146257877,0.00276065036,0.10160014,0.141649708,0.0641368,-0.0347228348,-0.0139009077,0.00198552385,0.0116036674,-3.03983688E-06,-0.0066284663,0.08206916,0.08166389,-0.00149536133,-0.0651819855,-0.005917001,0.001953043,0.0006383725,7.650256E-05,-0.0004552292,-0.0106506348,0.0501508079,-0.148986816,-0.006021004,-0.0050548194,-0.0006602239,0.0306944214,0.00148721039,-0.0182749685,4.90217972,0.124482758,0.00404788973,0.0259704925,-0.00682596024,0.00410537049,-0.000605007634,0.00267627835,0.00126539893,4.864512,0.0333489962,-0.1800232,0.061645925,-0.00206040218,-0.00132317841,0.0445444435,-0.00301255286,-0.0232071653,1.09838867,0.292512834,-0.16583252,0.0194551013,0.0003053912,0.0185994487,0.007157104,-0.00592681766,0.00137316529,0.8532878,0.0261189975,-0.3135376,0.0861536339,0.00756656,0.14231512,-2.652145,2.30485749,0.734041154,3.58957624
155,3.0999989016439908,809,0,0,0,0,0,0.000477780268,0,-0.0006684039,0.000477780268,0,-0.0006684039,1,0,0,1,-9.55560154E-06,-5.94556332E-06,1.33680733E-05,0,0,0,-0.00624349574,-0.00147165358,0.00226878072,0.0658035353,0.127024144,0.06295206,-0.0298600569,-0.0124905454,0.00181378424,0.008975534,1.25318766E-05,-0.00534668658,0.0225192346,0.07548186,0.002403966,-0.05083691,-0.00560387457,0.00240881,0.00143570825,7.14212656E-05,-0.001204663,-0.0174560547,0.0452572666,-0.149078369,-0.0109920455,-0.00444771862,0.00106127746,0.02237634,0.00188167393,-0.0141930226,4.84823275,0.117845617,0.009462911,0.04133246,-0.006446885,0.0042992197,0.00181052787,0.002656892,-0.00103757437,4.857006,0.0328407176,-0.179901123,0.0562828369,-0.0004329345,0.000336870551,0.03336267,-0.002555266,-0.01768383,1.09198093,0.2801661,-0.166931152,0.0252830144,0.000286978262,0.02051291,0.00791025,-0.00661039352,-0.000480599119,0.8797935,0.04079842,-0.284423828,0.107806221,0.009916175,0.117883131,-2.652145,2.30485725,0.734041154,3.589576
156,3.1199988945578232,814,0,0,0,0,0,0.000503150455,0,-0.0006924792,0.000503150455,0,-0.0006924792,1,0,0,1,-1.0063005E-05,0,1.3849578E-05,0,0,0,-0.005428154,-0.00147302449,0.001843001,0.0348054357,0.114036985,0.0616872273,-0.0256000981,-0.0111267194,0.00168664008,0.006596431,3.413856E-05,-0.004152645,-0.02130127,0.0698421746,0.00651492458,-0.037732482,-0.00514864456,0.002648238,0.00143851689,8.095801E-05,-0.00155678554,-0.0256347656,0.0410398357,-0.147155762,-0.0116355075,-0.00396298245,0.00278210267,0.0149506638,0.002144903,-0.0104423035,4.81182671,0.111813046,0.0148864491,0.053761892,-0.005927186,0.00431264937,0.002018212,0.00266680121,-0.00165360735,4.848588,0.0290779769,-0.1789856,0.05582955,-0.00324885338,0.0003997311,0.0234617144,-0.00223061442,-0.0126964832,1.08873463,0.2683482,-0.16809082,0.0284390673,0.000321065658,0.0207477845,0.007598702,-0.005978197,-0.000149133528,0.9164473,0.0417715646,-0.272338867,0.103013583,0.007511185,0.112303257,-2.652145,2.30485749,0.734041154,3.58957624
157,3.1399988874716551,818,0,0,0,0,0,0.0005536384,0,-0.00074735115,0.0005536384,0,-0.00074735115,1,0,0,1,-1.10727633E-05,0,1.4947017E-05,0,0,0,-0.00470828731,-0.00147002935,0.00148643367,0.008046434,0.102406807,0.0603695139,-0.0218712166,-0.009981432,0.00157584809,0.00447023474,5.607307E-05,-0.00306861079,-0.05102539,0.06460105,0.0108398143,-0.0260484256,-0.0048184637,0.00282934681,0.001191133,9.711087E-05,-0.00141248631,-0.0322875977,0.0370111838,-0.144897461,-0.0100521026,-0.00379969319,0.00287106354,0.0085424995,0.002257064,-0.00724311359,4.789685,0.105481513,0.02042142,0.06273793,-0.00568897557,0.004436843,0.00124711986,0.002668202,-0.00116756931,4.842594,0.0258175787,-0.17868042,0.0576078743,-0.00292032142,0.000155448914,0.0151881948,-0.00216186047,-0.008517485,1.08064687,0.256649256,-0.172119141,0.0274049956,0.000288466865,0.019349521,0.006611989,-0.00496177375,0.000154549256,0.9448,0.0422653966,-0.265716553,0.0849901438,0.007081139,0.106131151,-2.652145,2.30485725,0.734041154,3.589576
158,3.1599988803854875,824,0,0,0,0,0,0.0006108898,0,-0.0005840719,0.0006108898,0,-0.0005840719,1,0,0,1,-1.22177917E-05,0,1.16814335E-05,0,0,0,-0.004083292,-0.00147755444,0.00116895267,-0.0150146484,0.0919658,0.05908853,-0.0186103061,-0.00900732353,0.00158388726,0.00273409765,4.25428152E-05,-0.00216462277,-0.06893921,0.0597024634,0.0151294861,-0.0164470375,-0.00453671161,0.0028142333,0.0008420979,8.226931E-05,-0.00112044625,-0.0364685059,0.0332250968,-0.143249512,-0.007646773,-0.00358700077,0.002422776,0.00325830188,0.00247380137,-0.00446356554,4.779835,0.09967419,0.0258544311,0.06960985,-0.00546632148,0.00425793976,0.0001800682,0.002659306,-0.000478818023,4.839726,0.0229486618,-0.1784668,0.0594394654,-0.00264315028,7.82012939E-05,0.008243455,-0.00192959607,-0.00475032441,1.079118,0.24487482,-0.175354,0.0314193964,3.28446768E-05,0.0212869644,0.005713548,-0.004238084,0.0002411494,0.9602456,0.0425589345,-0.2631836,0.06913486,0.00255734986,0.104129672,-2.652145,2.30485725,0.734041154,3.589576
159,3.1799988732993194,831,0,0,0,0,0,0.000786771066,0,-0.0005422308,0.000786771066,0,-0.0005422308,1,0,0,1,-1.57354152E-05,1.49011612E-08,1.08446111E-05,0,0,0,-0.003539979,-0.00147531927,0.0008995015,-0.0348510742,0.08253196,0.05785706,-0.0157525651,-0.008116278,0.00158371963,0.00128237891,4.30643559E-05,-0.0013637651,-0.0770874,0.055307433,0.0202910583,-0.008335043,-0.004007288,0.00256689079,0.0005016837,8.252263E-05,-0.0008286573,-0.0382385254,0.0298898648,-0.142578125,-0.00545967137,-0.003103582,0.001900069,-0.0003641043,0.00260131061,-0.0008112991,4.78017044,0.1025505,0.0254394989,0.0740401,-0.00253794924,8.972734E-05,-0.000625434855,0.00260223448,-0.0006187176,4.8379,0.0235336926,-0.176696777,0.05909916,0.0007347099,0.0018703267,0.002737103,-0.00179834664,-0.00178291346,1.06886959,0.242357492,-0.136962891,0.03726128,-0.010244892,0.0456757322,0.00518339034,-0.004108906,-0.0009966677,0.9630875,0.056247402,-0.2501526,0.06624745,0.009213498,0.0814489,-2.652145,2.30485725,0.734041154,3.589576
160,3.1999988662131518,839,0,0,0,0,0,0.000834527542,0,-0.000665939,0.000834527542,0,-0.000665939,1,0,0,1,-1.66905447E-05,1.49011612E-08,1.3318775E-05,0,0,0,-0.00306617166,-0.00147597492,0.000670825,-0.0518798828,0.07414696,0.0567126162,-0.0133063029,-0.007230743,0.00159803592,0.000275352155,4.12613153E-05,-0.000442500459,-0.0773010254,0.0515654646,0.022654159,-0.00189800106,-0.00346410181,0.0008694293,0.000309454568,8.08984041E-05,-0.0009942617,-0.03945923,0.0272068065,-0.140533447,-0.00493074674,-0.00263888855,0.00319868838,-0.00290426263,0.00257797539,0.000430330576,4.786208,0.09938671,0.0268218238,0.07366787,-0.00198723283,0.00126198679,-0.001203439,0.00259169936,-0.0005501775,4.837433,0.0218626261,-0.174255371,0.0604266,-0.0019313735,0.00153350085,0.00188444345,-0.00164717436,-0.000812895654,1.04010165,0.243739545,-0.134277344,0.02497219,0.00367689412,0.0261079967,0.00488232356,-0.003901884,-0.0002087123,0.9628678,0.0574684329,-0.256561279,0.05889311,0.0006534299,0.09128358,-2.652145,2.30485725,0.734041154,3.589576
161,3.2199988591269841,846,0,0,0,0,0,0.000853815756,0,-0.000561691355,0.000853815756,0,-0.000561691355,1,0,0,1,-1.70763087E-05,-5.94556332E-06,1.1233823E-05,0,0,0,-0.00264446554,-0.00148905814,0.000476438727,-0.06652832,0.0666140541,0.0555949472,-0.0111377463,-0.006495762,0.00165546965,-0.000115334376,3.15010548E-05,-0.0001614624,-0.07418823,0.0483800136,0.0242361929,0.000399321027,-0.00297970115,0.000525699,0.000210397586,7.174909E-05,-0.000854145852,-0.0396118164,0.0247418154,-0.13885498,-0.00408617,-0.00238407147,0.002806214,-0.00345082325,0.002548322,0.000942232553,4.792388,0.09698482,0.0285033062,0.07119249,-0.00204226538,0.000894703,-0.00139519083,0.00256593525,-0.0008072695,4.83695841,0.022960037,-0.171234131,0.0597144663,0.00110619282,0.0027648136,0.00211277255,-0.00199134648,3.37442034E-05,1.01212966,0.244094953,-0.14541626,0.02488037,0.00311308517,0.0388073139,0.00485270331,-0.00402647257,-0.001164512,0.957819939,0.07064213,-0.250030518,0.0621377937,0.0093124155,0.07626522,-2.652145,2.30485725,0.734041154,3.589576
162,3.2399988520408161,852,0,0,0,0,0,0.000504147669,0,-0.0007812388,0.000504147669,0,-0.0007812388,1,0,0,1,-1.00829493E-05,1.49011612E-08,1.562477E-05,0,0,0,-0.00226831855,-0.00147373974,0.0003160314,-0.07910156,0.0600006059,0.0545561053,-0.00933543,-0.00568921538,0.00166413281,-5.083366E-05,4.16636467E-05,-5.39004977E-05,-0.07043457,0.04575634,0.0251239743,0.000488145,-0.00249265134,6.190478E-05,0.000201801566,8.156896E-05,-0.00102882041,-0.04019165,0.0229986235,-0.136077881,-0.004346161,-0.00183426007,0.00377310044,-0.00299777859,0.00255066156,0.00103427726,4.79722166,0.09480829,0.0295954943,0.06884602,-0.00168615137,0.000494524837,-0.00145741738,0.00258654356,-0.000689924,4.83645248,0.02195797,-0.168334961,0.06029679,-0.00131275959,0.00190714747,0.00282510417,-0.00263084471,0.000145249942,0.9901136,0.244035989,-0.1546936,0.0353005156,0.003450968,0.04869181,0.00481207529,-0.003962472,-0.000682322949,0.955276549,0.07196727,-0.259124756,0.0578158647,-0.0069735935,0.09760103,-2.652145,2.30485725,0.734041035,3.589576
163,3.2599988449546484,856,0,0,0,0,0,0.0007205544,0,-0.0006700869,0.0007205544,0,-0.0006700869,1,0,0,1,-1.44110818E-05,-5.96046448E-06,1.34017318E-05,0,0,0,-0.00196338585,-0.00148782134,0.000168088562,-0.08984375,0.05413675,0.05358131,-0.00770250428,-0.00503079826,0.0017533889,0.0001523947,3.34382057E-05,-7.047952E-05,-0.06774902,0.0435064621,0.0254258271,-0.000535669853,-0.002135571,-0.000420383876,0.000210434853,7.328391E-05,-0.000898011,-0.04046631,0.0214437526,-0.1340332,-0.00416501239,-0.00159586954,0.00306631136,-0.0021903608,0.00255823135,0.0008940995,4.799825,0.09295763,0.0302320421,0.0668390244,-0.00141193846,0.000112779438,-0.00135164452,0.002558753,-0.0009630342,4.83569574,0.023700092,-0.16506958,0.0595600754,0.00167537946,0.00294604152,0.00353607838,-0.003247574,6.701563E-05,0.9770205,0.243943676,-0.159973145,0.04743998,0.00363033917,0.0545559824,0.00492998958,-0.00414136052,-0.00151461945,0.9511349,0.0849476159,-0.25302124,0.0629965961,0.00373255042,0.08297896,-2.652145,2.30485725,0.734041154,3.589576
164,3.2799988378684808,860,0,0,0,0,0,0.0008205439,0,-0.0006604592,0.0008205439,0,-0.0006604592,1,0,0,1,-1.64108715E-05,1.49011612E-08,1.32091791E-05,0,0,0,-0.00170621,-0.00147883594,3.17456434E-05,-0.09899902,0.0491475835,0.0527525954,-0.00630829157,-0.004242421,0.00185005693,0.0003880917,4.313886E-05,-0.000158155162,-0.0663452148,0.0418878868,0.0253817216,-0.001690794,-0.001559622,-0.000694710761,0.0002260639,8.249283E-05,-0.00102801365,-0.04135132,0.020780798,-0.131561279,-0.004691704,-0.0008307237,0.00348136225,-0.00146901736,0.00256522,0.00072783,4.80043268,0.09161114,0.03036013,0.065574035,-0.0009745666,-0.000244796276,-0.001226966,0.002555266,-0.00136064785,4.8339467,0.0262865424,-0.160980225,0.0592395142,0.00200941856,0.00343215466,0.00402306,-0.003617853,5.383172E-06,0.972268045,0.243883461,-0.161407471,0.0556796044,0.003718183,0.0583213866,0.00492423447,-0.00413294137,-0.00174282526,0.94923687,0.0973306447,-0.248931885,0.06322871,0.00193346187,0.08341171,-2.652145,2.30485749,0.734041154,3.58957624
165,3.2999988307823127,869,0,0,0,0,0,0.000804189243,0,-0.0007690305,0.000804189243,0,-0.0007690305,1,0,0,1,-1.6083779E-05,1.49011612E-08,1.53806031E-05,0,0,0,-0.00147667248,-0.00148105621,-7.28419254E-05,-0.106781006,0.0449685641,0.0519789122,-0.005101108,-0.00351783587,0.00192793133,0.0005700852,4.40627337E-05,-0.00022315541,-0.06600952,0.0407998152,0.0252308846,-0.00253290776,-0.00106799637,-0.000867431751,0.000255590916,8.367002E-05,-0.001140886,-0.04272461,0.0207216479,-0.128417969,-0.00521565834,-0.0003234115,0.00386901759,-0.00100442045,0.00258596241,0.000614725635,4.80023241,0.0907114744,0.0301821232,0.06534371,-0.0006138508,-0.000438563526,-0.00116864278,0.002579391,-0.00161335967,4.83187771,0.0291012879,-0.156524658,0.0594435632,0.00225194031,0.00370064378,0.00424843049,-0.00373616815,-2.94610982E-05,0.9726626,0.243768275,-0.160552979,0.059531033,0.003720036,0.0597750023,0.004875236,-0.00408513844,-0.00209541945,0.9490033,0.109280944,-0.246124268,0.0628224,-0.00300821918,0.0862384,-2.652145,2.30485725,0.734041154,3.589576
