step,fixed_time,frame,input_x,input_y,desired_vx,desired_vy,desired_vz,target_ax,target_ay,target_az,applied_ax,applied_ay,applied_az,grounded,stepped,step_rise,full_rig_acceleration,Player_vx,Player_vy,Player_vz,Player_avx,Player_avy,Player_avz,ChestPhysics_vx,ChestPhysics_vy,ChestPhysics_vz,ChestPhysics_angle_x,ChestPhysics_angle_y,ChestPhysics_angle_z,ChestPhysics_rel_avx,ChestPhysics_rel_avy,ChestPhysics_rel_avz,ThighPhysics_L_vx,ThighPhysics_L_vy,ThighPhysics_L_vz,ThighPhysics_L_angle_x,ThighPhysics_L_angle_y,ThighPhysics_L_angle_z,ThighPhysics_L_rel_avx,ThighPhysics_L_rel_avy,ThighPhysics_L_rel_avz,ThighPhysics_R_vx,ThighPhysics_R_vy,ThighPhysics_R_vz,ThighPhysics_R_angle_x,ThighPhysics_R_angle_y,ThighPhysics_R_angle_z,ThighPhysics_R_rel_avx,ThighPhysics_R_rel_avy,ThighPhysics_R_rel_avz,ShinPhysics_L_vx,ShinPhysics_L_vy,ShinPhysics_L_vz,ShinPhysics_L_angle_x,ShinPhysics_L_angle_y,ShinPhysics_L_angle_z,ShinPhysics_L_rel_avx,ShinPhysics_L_rel_avy,ShinPhysics_L_rel_avz,ShinPhysics_R_vx,ShinPhysics_R_vy,ShinPhysics_R_vz,ShinPhysics_R_angle_x,ShinPhysics_R_angle_y,ShinPhysics_R_angle_z,ShinPhysics_R_rel_avx,ShinPhysics_R_rel_avy,ShinPhysics_R_rel_avz,FootPhysics_L_vx,FootPhysics_L_vy,FootPhysics_L_vz,FootPhysics_L_angle_x,FootPhysics_L_angle_y,FootPhysics_L_angle_z,FootPhysics_L_rel_avx,FootPhysics_L_rel_avy,FootPhysics_L_rel_avz,FootPhysics_R_vx,FootPhysics_R_vy,FootPhysics_R_vz,FootPhysics_R_angle_x,FootPhysics_R_angle_y,FootPhysics_R_angle_z,FootPhysics_R_rel_avx,FootPhysics_R_rel_avy,FootPhysics_R_rel_avz,camera_offset_x,camera_offset_y,camera_offset_z,camera_distance
0,0,1,0,0,0,0,0,0,0,0,0,0,0,0,0,0,1,0,0,0,0,0,0,0,0,0,0,0,0,0,0,0,0,0,0,0,0,0,0,0,0,0,0,0,0,0,0,0,0,0,0,0,0,0,0,0,0,0,0,0,0,0,0,0,0,0,0,0,0,0,0,0,0,0,0,0,0,0,0,0,0,0,0,0,0,0,0.5500003,2.13215256,-2.82050323,3.57824159
1,0.0199999929138322,2,0,0,0,0,0,-0.0403742231,0,0.0182626322,0,0,0,0,0,0,1,0.000807484146,-0.17405583,-0.0003652525,0,0,0,0.009857623,-0.1301699,-0.0007003928,0.024248179,-0.00183105469,0.05631886,0.0187213887,-0.002343124,0.0288325232,0.000854112,-0.17396529,-0.0252742171,-0.134613037,-0.006866455,0.00265029375,-0.127504051,-0.005644791,0.00179940776,0.000884377747,-0.17405583,-0.0260984879,-0.132141113,-0.00598144531,0.00275490549,-0.125954971,-0.004887905,0.00188739772,-6.423013E-05,-0.177589625,0.003823428,0.6381655,-0.00561523438,0.0022319206,0.5639726,-0.00528056035,0.002165905,-5.73790931E-05,-0.177677289,0.00381592615,0.6401472,-0.00491333,0.00228514173,0.5659156,-0.00464290846,0.00221556076,-8.97659047E-05,-0.214666039,0.08460981,0.495589942,-0.00341796875,0.0013098066,0.463403046,-0.0039628474,0.00157798454,-0.000108300992,-0.214778081,0.08477558,0.4957767,-0.00305175781,0.00129645923,0.463962018,-0.00356294122,0.0015696889,-0.550032139,2.13567233,2.738815,3.51635313
2,0.0399999858276644,3,0,0,0,0,0,-0.0129940361,0,0.09765431,0,0,0,0,0,0,1,0.000259880617,-0.351888359,-0.00195308554,0,0,0,0.000643655658,-0.3370413,-0.00436450867,0.03097205,10.7982035,0.01418988,0.00440500351,0.00164289214,0.009993357,-3.84952873E-05,-0.351839185,-0.0272479169,-0.28729248,10.7981682,7.58684E-05,-0.123708025,0.005619535,-0.000911578943,3.259722E-05,-0.351831317,-0.02622247,-0.289794922,10.80034,0.000142033387,-0.1237401,0.00646245945,-0.0008780127,0.000262778049,-0.350132644,0.0313427821,1.20368516,10.7957478,0.00230386248,0.6345971,0.00267455261,-0.000584099151,0.000313816185,-0.3501744,0.0311758444,1.20284259,10.7980471,0.00245925016,0.63159126,0.00395247433,-0.0005356819,8.617058E-05,-0.3878334,0.131433323,1.06553721,10.7935514,0.002609897,0.5168135,-0.0005656723,0.0009322051,-1.54817826E-07,-0.387876838,0.131162733,1.06541789,10.7957687,0.00266343378,0.516375363,0.0009890392,0.00102903857,-0.9528903,3.78020287,1.51397669,4.18211174
3,0.059999978741496596,3,0,0,0,0,0,1.53623819,0,0.2390584,0,0,0,0,0,0,1,-0.03072475,-0.536040545,-0.004781166,0,0,0,0.148989916,-0.5325477,-0.0174007919,0.07593797,10.2487164,-1.01858521,0.0133818183,-1.1946373,0.15209423,0.243038014,-0.5388459,0.358912438,-1.28488159,15.16789,0.543006837,2.446908,0.151255935,-2.21743321,0.2861081,-0.5335271,-0.383470476,0.48001045,15.1878223,0.6410517,-2.78740716,0.0660912246,-1.92881656,0.05589484,-0.5387532,0.143881142,0.2571818,14.6799717,1.00487947,-0.5327976,0.5043583,0.92627126,0.06848327,-0.5255564,-0.0227161162,3.201855,14.712883,1.215635,1.98426974,0.5020349,0.7303494,-0.113615751,-0.5084427,-0.00544828176,0.6443109,14.0355406,0.845487952,-0.3797355,-0.00411342876,0.838225543,-0.137105137,-0.6196151,0.3082081,2.563802,14.0230789,1.02172649,1.55027986,-0.0214689337,0.7296356,-0.951964438,3.79091334,1.51433969,4.191716
4,0.0799999716553288,3,0,0,0,0,0,1.75769329,0,0.43189,0,0,0,0,0,0,1,-0.03515385,-0.7262498,-0.008637797,0,0,0,0.129696608,-0.72097975,-0.00156075694,0.0231396481,5.953801,-1.130188,0.0464469343,-1.70253742,0.5177919,0.101436228,-0.736909,0.2501552,-1.49264526,14.6678638,0.6391744,1.666901,-1.00299358,-1.31980217,0.177333742,-0.732223868,-0.234953851,0.5255703,14.6726208,0.8635606,-1.77583432,-1.05064154,-1.20764577,0.123410307,-0.714885354,0.273712337,-0.2536621,14.5778236,1.11608851,0.08974248,-0.155135542,0.08726686,0.162275091,-0.7073604,-0.103661731,4.676742,14.6406164,1.58136177,1.10796654,-0.151888818,0.06873047,0.03079047,-0.657120466,0.140214831,-0.06161499,14.6585932,1.23521614,-0.578875,0.3743987,0.4688595,0.0158204883,-0.7955799,0.203268856,4.29047966,14.7087288,1.711784,1.60679567,0.400678933,0.250228643,-0.951081,3.80544019,1.51471519,4.204794
5,0.099999964569160993,3,0,0,0,0,0,1.52234423,0,0.490310878,0,0,0,0,0,0,1,-0.0304468721,-0.9189545,-0.009806214,0,0,0,0.08675607,-0.908802152,0.007132927,0.0140651744,3.703604,-0.761688232,0.0489266962,-1.2013967,0.528491735,0.0246791169,-0.9235154,0.117010653,-1.37106323,12.8744688,0.647645831,0.6515715,-1.81714737,-0.436385036,0.06346288,-0.921564043,-0.108489946,0.410856575,12.8683424,0.864436269,-0.630477,-1.82710171,-0.4134524,0.0931953043,-0.9167765,0.2810371,0.09106066,13.1067371,0.948790669,0.6886842,-1.38845038,-0.292613566,0.144896969,-0.911033869,-0.08220797,5.495595,13.1951828,1.32174444,0.458500266,-1.35201037,-0.3104242,0.200895026,-0.913601458,0.3317203,-0.150726318,13.6024551,1.286387,-0.00113421865,-1.0810535,-0.09445724,0.238816828,-0.9599346,0.0533366054,5.36487055,13.7809525,1.784165,0.7888161,-0.987793744,-0.3168674,-0.95040834,3.82381749,1.514968,4.221372
6,0.11999995748299319,3,0,0,0,0,0,1.28553855,0,0.47661072,0,0,0,0,0,0,1,-0.0257107615,-1.11362731,-0.00953221,0,0,0,0.06212028,-1.10406077,0.006456941,0.0303852241,2.62933421,-0.4131775,0.0418660343,-0.7518192,0.384895235,0.0110984836,-1.11522782,0.07263876,-1.22384644,10.7067022,0.6407797,0.260604322,-1.979898,-0.147485852,0.0365665965,-1.11438525,-0.0515511855,0.4087154,10.70197,0.8023123,-0.142592341,-1.9769187,-0.176464692,0.07093399,-1.11450338,0.263127834,0.9124792,10.9104919,0.7644791,0.8829326,-1.9359827,-0.3514202,0.1172827,-1.11455631,-0.05955428,5.56016064,10.97014,0.9620601,-0.0414943248,-1.93372321,-0.2903188,0.268752038,-1.16161764,0.413937181,0.447639555,11.2248106,1.16240847,0.5641261,-2.04951167,-0.3636638,0.3274159,-1.12593448,-0.05128499,5.600625,11.3371477,1.45576155,0.04550618,-2.069344,-0.454118133,-0.9498706,3.846086,1.51514876,4.24149847
7,0.13999995039682539,3,0,0,0,0,0,1.05944526,0,0.4262032,0,0,0,0,0,0,1,-0.021188898,-1.31005979,-0.00852406,0,0,0,0.04392878,-1.29888773,0.0034491187,0.0387399048,1.7241317,-0.13180542,0.02958168,-0.775524139,0.284335,0.006750839,-1.31066561,0.0420700535,-1.02404785,8.749421,0.5561987,0.104448251,-1.73086512,-0.06605646,0.0211541243,-1.31029749,-0.0248685069,0.38969025,8.746691,0.6399384,0.008548593,-1.72386718,-0.102592021,0.06822548,-1.30942488,0.246755674,1.93958569,8.826356,0.5190417,0.9251067,-1.79529965,-0.382234275,0.108224757,-1.31319451,-0.0601252429,5.446048,8.851265,0.5808741,-0.151722014,-1.79826224,-0.300017059,0.259059131,-1.37368035,0.437941849,1.38911283,8.865599,0.8597485,0.8171515,-1.98562956,-0.469729543,0.3186848,-1.30825746,-0.08442651,5.4876976,8.893493,0.965944469,-0.203559861,-2.01043153,-0.446198344,-0.9494412,3.872284,1.51529491,4.26522446
8,0.15999994331065759,3,0,0,0,0,0,0.8702406,0,0.389602184,0,0,0,0,0,0,1,-0.0174048059,-1.50661945,-0.00779204071,0,0,0,0.0320729166,-1.49375546,0.00280079967,0.0466803573,0.90189904,0.0819184557,0.0214572288,-0.6821867,0.207367539,0.0129559133,-1.50699091,0.036756292,-0.836792,7.068745,0.4164076,0.0560402125,-1.48502529,-0.07215589,0.0243606381,-1.50677347,-0.0226666331,0.335537583,7.06928062,0.4454895,0.0168610923,-1.47733784,-0.09159752,0.0646819249,-1.50268674,0.228989989,2.96278381,7.08049536,0.263299,0.8574714,-1.50530672,-0.344798744,0.09830205,-1.5093534,-0.0585575327,5.302247,7.090234,0.265649229,-0.1552915,-1.50273848,-0.250151515,0.2112785,-1.56569278,0.425679028,2.41019464,6.991696,0.483075857,0.8718179,-1.59576154,-0.443140566,0.264784038,-1.49834979,-0.08141086,5.2471633,6.98942947,0.5032993,-0.24488686,-1.59718275,-0.352327883,-0.9490905,3.90241575,1.51542342,4.292567
9,0.17999993622448979,3,0,0,0,0,0,0.6906583,0,0.36039108,0,0,0,0,0,0,1,-0.01381316,-1.70226574,-0.007207819,0,0,0,0.0227733627,-1.68932819,0.00182762323,0.0527941436,0.2105568,0.2402426,0.0147901531,-0.5657244,0.144886419,0.0166124646,-1.70253539,0.03475877,-0.658081055,5.66187429,0.245825931,0.0415735841,-1.24242091,-0.08031437,0.0255614948,-1.702366,-0.02223555,0.250882,5.665497,0.248330027,0.008072628,-1.2360245,-0.07980449,0.0544743165,-1.69563937,0.2121879,3.91765356,5.65231562,0.0321795531,0.7726433,-1.23279035,-0.2890145,0.08338605,-1.70402253,-0.05329768,5.165892,5.659336,0.0256426614,-0.1197261,-1.22751892,-0.196673736,0.158051446,-1.7510705,0.39586103,3.384205,5.53753757,0.126219139,0.834237,-1.24988937,-0.357457727,0.20629178,-1.69225788,-0.06984234,4.987568,5.539581,0.133150339,-0.216278613,-1.23964953,-0.246569335,-0.9488128,3.936462,1.51554084,4.323522
10,0.19999992913832199,3,0,0,0,0,0,0.526623249,0,0.333209932,0,0,0,0,0,0,1,-0.0105324611,-1.89661753,-0.006664196,0,0,0,0.0154518336,-1.8846401,0.0006749601,0.0568938032,-0.3439026,0.350838274,0.009871539,-0.447756737,0.0942435339,0.015804505,-1.89683211,0.0360286944,-0.470428467,4.50276041,0.0743747056,0.0559256,-1.0237329,-0.07570861,0.0230987258,-1.896657,-0.0205242857,0.156733826,4.50831175,0.07509244,0.00597205944,-1.01949155,-0.05846598,0.0392372459,-1.88932121,0.19299978,4.687785,4.48329353,-0.158050537,0.608164132,-1.007839,-0.22083357,0.06455516,-1.89736247,-0.0454453751,5.049286,4.49353647,-0.1461792,-0.06897689,-1.00305212,-0.146721929,0.112544365,-1.93288541,0.3476944,4.20180655,4.37699747,-0.1722107,0.7045973,-0.999962,-0.262606651,0.156218842,-1.88712978,-0.05724352,4.74959,4.39264345,-0.140197754,-0.173463136,-0.9904267,-0.163821653,-0.9486014,3.97439575,1.5156498,4.35808
11,0.21999992205215418,4,0,1,1.20417774,0,-3.81444025,60.59601,0,-190.42543,0,0,0,0,0,0,1,-0.00774190947,-2.089537,-0.00593304634,0,0,0,0.009701422,-2.07896042,-0.000286734663,0.0592075475,2.470615,0.420943,0.00644041458,-0.3388203,0.05385317,0.0109218322,-2.089754,0.0448266827,-0.227111816,6.7961874,-0.077545166,0.113593295,-0.836619735,-0.0629787445,0.0187595263,-2.08953857,-0.0178552587,0.06847192,6.80197525,-0.0615234375,0.009634261,-0.8345523,-0.0334598944,0.0234947018,-2.08524,0.167848542,5.06608248,6.76765633,-0.3026123,0.318264782,-0.822620332,-0.148454845,0.04567936,-2.08958387,-0.0369320139,4.95633745,6.78183,-0.261932373,-0.0326619856,-0.820343256,-0.1023548,0.08095836,-2.110008,0.261878878,4.6902976,6.674658,-0.4026184,0.413744181,-0.8116232,-0.168196082,0.114750236,-2.08145356,-0.0449443236,4.54589033,6.70141172,-0.331115723,-0.130899251,-0.8068476,-0.102071106,-1.02414274,3.82543921,1.41746533,4.20619345
12,0.23999991496598638,4,0,1,1.20417774,0,-3.81444025,61.003952,0,-190.33403,0,0,0,0,0,0,1,-0.01590085,-2.280957,-0.007761042,0,0,0,0.0621564128,-2.273344,0.0143705327,0.06278218,2.10089946,0.121752515,0.00359389232,-0.285477132,0.0287560448,0.06307393,-2.28159285,0.199691474,-0.330841064,5.86262,0.00118792732,0.894472659,-0.856214643,-0.7099225,0.146022424,-2.280977,-0.120444268,0.30986163,5.87091351,0.09712509,-0.7958307,-0.878509045,-0.6181935,0.019245645,-2.28482985,0.161675677,4.791732,5.79472637,-0.06253052,-0.208318949,-0.8504129,0.227928981,0.0512254573,-2.27403641,-0.0497262627,5.36914873,5.81369972,0.0929398462,0.442884028,-0.857239246,0.25222075,0.0347306356,-2.28112316,0.122994214,4.635181,5.642079,-0.280181885,-0.07720184,-0.893501461,0.195126712,0.0282380134,-2.28590584,0.0120698921,4.71472645,5.66071558,-0.102996826,0.271176666,-0.9072504,0.2476171,-1.02372861,3.87106085,1.41766334,4.24769354
13,0.25999990787981858,4,0,1,1.20417774,0,-3.81444025,60.72303,0,-190.438553,0,0,0,0,0,0,1,-0.0102824541,-2.47116137,-0.00567077845,0,0,0,0.019328814,-2.46316624,0.00394527335,0.06433886,1.62213421,0.213977411,0.007808,-0.398606926,0.07874983,0.008935571,-2.47145319,0.06451471,-0.09295654,4.789669,-0.104766846,0.228395551,-0.9447001,-0.135448411,0.0317124948,-2.47132635,-0.034032017,0.222916141,4.79460764,0.00121896353,-0.127752468,-0.9469582,-0.104288161,0.0198785532,-2.46800637,0.153085142,5.01904869,4.826275,-0.171905518,0.194224283,-0.853220344,-0.114838704,0.0613759458,-2.47216654,-0.06239028,5.29037476,4.85033226,-0.006713867,-0.08431923,-0.846544564,-0.0792314261,0.05801125,-2.47169781,0.173345521,4.68684959,4.897929,-0.3060608,0.07264367,-0.6936047,0.005590424,0.09258505,-2.474374,-0.0479850322,4.72593451,4.94806242,-0.0887146,0.0539568551,-0.670193434,0.0331679,-1.02350926,3.92048645,1.41776693,4.292767
14,0.27999990079365078,4,0,1,1.20417774,0,-3.81444025,60.5860252,0,-190.506332,7.576727,0,-23.8242149,1,0,0,1,-0.00754229259,-2.65993786,-0.00431522075,0,0,0,0.006934178,-2.65408421,0.00101488968,0.06478052,1.21706319,0.280246973,0.004237013,-0.339914232,0.04955394,-0.00218894333,-2.65996075,0.0283983946,0.0879679844,3.91266227,-0.183990479,0.08632003,-0.7714307,-0.0280825663,0.005715972,-2.65994453,-0.0133512374,0.154172271,3.916795,-0.06506348,-0.009119075,-0.770939,-0.007501399,0.00365234353,-2.65595627,0.11031381,5.26263237,3.92087173,-0.289337158,0.201093271,-0.779924154,-0.113420546,0.0367124155,-2.66191125,-0.0512425639,5.14216471,3.94736958,-0.121459961,-0.131687015,-0.7795475,-0.0862569958,0.06418649,-2.665467,0.174623191,4.85081434,3.94855928,-0.4180603,0.1884817,-0.8162452,-0.119293332,0.1168396,-2.65642142,-0.07110694,4.56982374,4.001144,-0.185028076,-0.122445032,-0.8168476,-0.098465994,-1.02335656,3.97368717,1.41784275,4.341397
15,0.299999893707483,5,0,1,1.21216345,0,-3.81190968,53.34151,0,-166.640808,7.621526,0,-23.8099213,1,0,0,1,0.1453336,-2.84769678,-0.4790948,0,0,0,0.152522966,-2.84302855,-0.473263234,0.049837254,1.0124464,0.31561172,-0.009880727,-0.2731885,0.0252549089,0.147799179,-2.84768152,-0.451646954,0.241902351,3.309822,-0.242156982,0.07493005,-0.636242867,-0.01610785,0.155409783,-2.8477,-0.486641169,0.09978386,3.312401,-0.111297607,-0.00686997129,-0.636534154,-0.000783694442,0.14656575,-2.84436464,-0.3862418,5.456802,3.273611,-0.371582031,0.163557947,-0.6562696,-0.07955229,0.175576881,-2.848371,-0.512996256,5.03556538,3.29580712,-0.199249268,-0.08793292,-0.660549,-0.0619689748,0.196098387,-2.85409737,-0.334305048,5.02159452,3.22305751,-0.53515625,0.1788601,-0.7106347,-0.09426625,0.2428807,-2.841164,-0.5259481,4.37952328,3.2621026,-0.292663574,-0.121779561,-0.722094953,-0.08075598,-1.01676214,3.85384226,1.38265586,4.218725
16,0.31999988662131518,6,0,1,1.14009941,0,-3.83408022,42.10199,0,-144.0598,7.012978,0,-23.996212,1,0,0,1,0.29805994,-3.03442574,-0.9528854,0,0,0,0.3024728,-3.03059435,-0.9436361,0.0118333325,-0.329620361,0.3152144,-0.0311609767,-0.221036628,0.005651475,0.301238537,-3.03433537,-0.9222853,0.370696634,1.6249764,-0.2814026,0.09846464,-0.533527851,-0.03376816,0.311775327,-3.03442383,-0.9608502,0.07888546,1.62562084,-0.141113281,-0.0236191321,-0.534813464,-0.0239621885,0.291446626,-3.03168654,-0.872200668,5.599714,1.57331955,-0.407531738,0.123385206,-0.5352001,-0.03664396,0.316437542,-3.0335288,-0.966346145,5.01095629,1.59200561,-0.230987549,0.009389453,-0.5388255,-0.0294914581,0.3220779,-3.039205,-0.8370937,5.149221,1.5018847,-0.6045532,0.1385089,-0.5502358,-0.0330505446,0.3578318,-3.02988434,-0.965764344,4.24892759,1.532241,-0.3562622,-0.0478381775,-0.557957649,-0.029129833,-0.9867003,3.855789,1.38833869,4.215231
17,0.33999987953514738,7,0,1,1.099887,0,-3.84580946,54.89727,0,-191.926315,6.875111,0,-24.0360737,1,0,0,1,0.00194200873,0,-0.007284522,0,0,0,0.151254237,0.7618582,-0.55514,2.43256617,-1.19024658,0.5318248,2.2719996,-0.214819282,0.137036085,0.175770372,1.05143976,-0.6571592,-3.932495,0.602002,-0.6390991,-3.285542,-0.370970428,0.138304234,0.1560342,1.05405,-0.5782425,-4.50097656,0.657144248,-0.4739685,-2.73776054,-0.328984439,0.136609077,0.4033872,1.00274682,-1.26930416,5.03258562,0.7284713,-0.5463562,-1.23420382,-0.2711732,-0.150617,0.4367438,0.9943316,-1.29606485,3.98406482,0.505410552,-0.493347168,-1.60771847,-0.302377164,-0.2090689,0.3872738,0.246201515,-1.2234087,1.22815681,1.114268,0.274586767,-1.10760713,-0.1912724,-3.56949925,0.409327179,0.209828138,-1.32767332,0.9474114,0.8499145,0.5363763,-0.4135993,0.151320726,-1.97574329,-0.9709162,3.828617,1.39462674,4.18879128
18,0.35999987244897957,7,0,1,1.099887,0,-3.84580946,48.3472672,0,-169.01619,6.8755126,0,-24.03596,1,0,0,1,0.132942051,2.98023224E-08,-0.465486974,0,0,0,0.193203643,0.4595092,-0.6441347,4.533692,-1.20785522,0.6433596,1.36266518,0.0144660771,0.05292648,0.102271587,0.240069628,-0.4485932,-4.674225,0.410072416,-0.665557861,-0.625317156,-0.163969308,0.167986333,0.08998427,0.237308383,-0.390881062,-5.45397949,0.477810472,-0.5612793,-0.245270818,-0.154211685,0.148836061,0.4377602,0.294083476,-1.50651956,1.0480839,0.3938303,-0.7809143,-2.85928535,-0.22958222,-0.104471922,0.4381685,0.323783159,-1.47928452,-0.1986084,0.474282622,-0.694030762,-3.01943231,-0.143828,-0.114490628,0.72498,0.480373561,-2.30100775,-0.583374,0.48945567,-0.193450928,-2.96744013,-0.404440433,-0.3117082,0.7204538,0.5277802,-2.30127954,-1.19107056,0.5474426,0.11829035,-2.964699,-0.1612697,-0.318223953,-0.972831,3.824319,1.40131319,4.18754053
19,0.37999986536281177,7,0,1,1.099887,0,-3.84580946,42.2192,0,-147.589127,6.8756876,0,-24.0359077,1,0,0,1,0.255503356,0,-0.8940283,0,0,0,0.241731972,0.07871872,-0.9132693,4.92881346,-1.07885742,0.632912,0.324263155,0.115922712,0.001180008,0.270458281,0.053899277,-0.973472059,-5.28103638,0.326554447,-0.655090332,-0.54456836,-0.0614459366,0.0415344238,0.266511321,0.053269282,-0.948315144,-6.026947,0.39847064,-0.5732727,-0.411392927,-0.0593926534,0.02996011,0.498079628,0.0904329643,-1.76425314,-1.55563354,0.23937957,-0.7892151,-2.14112282,-0.113520414,0.0007045269,0.485884,0.105595864,-1.7057389,-2.83380127,0.3355171,-0.712677,-2.30326414,-0.102904238,3.74317169E-05,0.710951746,0.276599139,-2.40515,-3.27532959,0.1565735,-0.476531982,-2.49591422,-0.243219838,-0.130078673,0.6933634,0.3277364,-2.34116077,-4.050537,0.267507523,-0.09338379,-2.701438,-0.213593319,-0.143589377,-0.977783442,3.82345867,1.41863394,4.1937356
20,0.39999985827664397,7,0,1,1.099887,0,-3.84580946,36.6411819,0,-128.0982,6.875261,0,-24.03603,1,0,0,1,0.3670636,1.49011612E-08,-1.28384638,0,0,0,0.358442128,0.009624787,-1.28982484,4.631646,-0.934265137,0.628341,-0.177140668,0.120875746,-0.00297167152,0.398392946,0.0201578587,-1.41078544,-6.193939,0.274857134,-0.6477661,-0.676365733,-0.0354906544,0.0215448439,0.3877986,0.0173861831,-1.36839652,-6.725189,0.354174435,-0.5733032,-0.463070154,-0.03352212,0.0190232247,0.5594851,0.05533976,-2.00211859,-4.169098,0.19088544,-0.762237549,-1.54684734,-0.03531874,0.0271020532,0.539108753,0.0575604141,-1.92275238,-5.548645,0.302277654,-0.6900635,-1.4877094,-0.0232549533,0.0237030387,0.6794083,0.2118805,-2.43627048,-5.70047,0.09388152,-0.6776123,-2.13839245,-0.0393462628,-0.120309234,0.667036951,0.232341141,-2.36441088,-6.82879639,0.242203414,-0.598846436,-2.17735147,-0.0234822333,-0.142250776,-0.985094666,3.82328653,1.44420481,4.20400524
21,0.41999985119047617,8,0,1,0.468092352,0,-3.972517,-0.351670533,0,-115.55307,-0.0760838538,0,-24.9998837,1,0,0,1,0.47512576,0,-1.6614567,0,0,0,0.4678826,0.00982102752,-1.6647594,4.31557226,-10.0476685,0.6014167,-0.2127947,0.108003572,-0.02305615,0.502109766,0.0152547807,-1.783129,-7.10473633,-9.00528,-0.6196594,-0.6293162,-0.0230921358,0.03514558,0.48515588,0.00874277949,-1.71726668,-7.257965,-8.916504,-0.55166626,-0.29176113,-0.0236386247,0.0309783,0.610586643,0.0613326877,-2.226807,-6.1706543,-9.034821,-0.703399658,-0.8594825,-0.003895156,0.05050257,0.584557056,0.05813113,-2.11698556,-7.631592,-8.923065,-0.640625,-0.839187562,-0.00256286,0.04046005,0.6884553,0.186640441,-2.529369,-7.42089844,-9.083771,-1.04971313,-1.59794307,0.03596441,-0.192804217,0.6668406,0.219026685,-2.42727375,-8.344757,-8.936157,-0.742645264,-1.63864636,0.02761354,-0.00035905838,-0.7548374,3.74067783,1.6833756,4.17087555
22,0.43999984410430837,11,0,1,0.209366113,0,-3.99451733,-11.883667,0,-97.0632,-3.038121,0,-24.81471,1,0,0,1,0.447039366,0,-2.05325413,0,0,0,0.222825,0.0255392641,-2.094778,4.174222,-9.0980835,1.5891118,-0.121938407,1.71741152,0.04191143,0.307929158,0.0595078766,-2.51316857,-7.24237061,-13.63974,-1.1791687,-2.802753,0.111688636,1.52019036,0.14667201,-0.05846773,-1.803675,-8.327759,-13.4743652,-1.10058594,2.072007,0.131306067,1.677861,0.5060194,0.0123409778,-2.56204081,-6.26617432,-13.2626953,-1.57870483,0.7986571,-0.64603585,-0.6452174,0.4421713,0.112666547,-2.25417542,-10.3937378,-13.0499268,-1.39715576,-1.36588264,-0.5773686,-0.8007872,0.6581108,0.06027759,-2.528945,-7.59536743,-12.6483154,-1.89901733,-0.113146424,-0.152883783,-0.5140294,0.672682,0.302341551,-2.61574626,-9.92691,-12.5262451,-1.41070557,-1.701203,-0.127213567,-0.7716669,-0.647871733,3.658047,1.82139075,4.137452
23,0.45999983701814057,16,0,1,0.0167756863,0,-3.99996471,-17.5334816,0,-78.047905,-5.47968435,0,-24.3920689,1,0,0,1,0.3674452,0,-2.43900728,0,0,0,0.1405583,0.02212891,-2.4658618,4.090666,-7.13394165,1.84980452,-0.03255733,1.97125542,-0.287871927,0.222408533,0.0402210355,-2.81604528,-7.878357,-15.8847961,-1.44924927,-2.11282134,1.27939892,0.965028763,0.125746608,-0.0609949678,-2.16472864,-8.521179,-15.6029053,-1.33352661,1.85015643,1.23727453,1.14041948,0.318141639,0.0253919065,-2.94151473,-5.9664917,-15.8917847,-2.05487061,0.7719512,0.117801666,-0.255621046,0.209397256,0.07183228,-2.3636415,-12.3210449,-15.479126,-1.71365356,-0.4131973,0.266458273,-0.358548939,0.436427951,-0.02560281,-2.80763721,-6.865509,-15.9124756,-2.47348022,0.686084569,-0.368501365,-0.354622722,0.390319854,0.281583041,-2.65367842,-11.4661865,-15.5936584,-1.8034668,-1.57029223,-0.1942436,-0.703546762,-0.5592362,3.5870924,1.92646658,4.10989666
24,0.47999982993197277,19,0,1,-0.1423691,0,-3.99746513,-19.4286118,0,-59.21719,-7.7935257,0,-23.7541771,1,0,0,1,0.246203,0,-2.8131218,0,0,0,0.0117312856,0.0210444331,-2.8303597,4.09617662,-5.8666687,1.72461367,0.0177823044,1.53552067,-0.482408583,0.107175305,0.0347457081,-3.14184475,-8.62384,-16.7817383,-1.66375732,-1.69096494,1.90209043,0.5952826,0.0415507033,-0.05836028,-2.5137763,-8.178284,-16.3285828,-1.59243774,1.79119289,1.83738112,0.8326456,0.125489444,0.0273830891,-3.25319028,-5.344574,-17.0369263,-2.34820557,0.9244962,0.9976455,-0.0232663639,0.01853621,0.008523598,-2.52152753,-13.2574463,-16.33368,-2.01959229,0.403870344,1.20367849,-0.152828529,0.0934868,-0.0564862639,-3.14873075,-5.78183,-17.4178162,-3.06216431,0.877307534,0.730226338,-0.165978074,-0.00224784017,0.128702253,-2.68542814,-12.3353882,-16.7489929,-2.26147461,-0.8366206,1.01168132,-0.5186905,-0.478907824,3.50486231,2.02977538,4.078407
25,0.49999982284580496,24,0,1,-0.251143515,0,-3.99210835,-16.8510056,0,-41.02879,-9.497921,0,-23.125515,1,0,0,1,0.08587645,1.49011612E-08,-3.17153287,0,0,0,-0.108030185,0.008659884,-3.1746943,4.13375664,-4.82772827,1.35867739,0.054590445,1.05943632,-0.6044269,-0.0545799881,0.0333421975,-3.47078061,-9.439911,-16.5211182,-1.806366,-1.460746,2.1959672,0.4157914,-0.0944445,-0.05729033,-2.837318,-7.365753,-15.8570862,-1.85733032,1.87715244,2.09720445,0.7134185,-0.111583777,0.0285934657,-3.57449436,-4.69308472,-16.8356934,-2.46466064,0.800095558,1.52987027,0.130989969,-0.211137444,-0.0503914058,-2.67819238,-13.2718811,-15.7922058,-2.276703,1.08182,1.76848614,0.100944951,-0.25453344,-0.06756522,-3.48510742,-4.641968,-17.204895,-3.60644531,0.834611952,1.5350647,-0.0397732332,-0.382760137,-0.035069745,-2.73383117,-12.2859192,-16.14264,-2.69119263,-0.014509663,1.84020376,-0.225455612,-0.4194123,3.43226433,2.126856,4.05954
26,0.51999981575963716,29,0,1,-0.4597308,0,-3.97349262,-17.9117889,0,-23.0099773,-15.3566017,0,-19.7275124,1,0,0,1,-0.101495169,1.49011612E-08,-3.51329327,0,0,0,-0.270514131,0.00440701842,-3.511726,4.16319227,-6.08258057,0.9096189,0.0367760733,0.7446078,-0.573483,-0.2501992,0.02793181,-3.75709939,-10.1729431,-17.4537659,-1.80221558,-1.12982011,2.29943085,0.3434406,-0.260847449,-0.0527362972,-3.15306,-6.100464,-16.6047363,-2.02984619,1.933968,2.14868236,0.658622563,-0.3691704,0.02399613,-3.91324043,-4.85073853,-17.7524719,-2.36984253,-0.0676878244,1.82506061,0.07687676,-0.4616462,-0.100819275,-2.83290339,-12.446106,-16.4393921,-2.34835815,1.66704929,2.02066278,0.4017443,-0.5536542,-0.0220378339,-3.93065214,-4.101074,-18.0380554,-3.94564819,0.195256412,1.89685512,0.0254717916,-0.722715855,-0.182984143,-2.77791452,-11.5771484,-16.6111755,-3.19744873,0.7278107,2.16765666,0.127560109,-0.2927981,3.27539134,2.25748324,3.98875284
27,0.53999980867346942,34,0,1,-0.61744523,0,-3.95205736,-11.0289278,0,-8.418575,-11.0289278,0,-8.418575,1,0,0,1,-0.396866769,0,-3.783686,0,0,0,-0.5744502,0.00487117469,-3.770799,4.161682,-5.91204834,0.6806465,0.0115020424,0.9762565,-0.510801733,-0.597462535,0.0358613,-4.05592442,-10.81369,-17.8645325,-1.76983643,-1.49433053,1.676428,0.6980687,-0.574454248,-0.0571338832,-3.33428,-4.674103,-16.8759766,-2.151703,2.41844678,2.034517,1.01303983,-0.723260641,0.02658324,-4.24144554,-5.0892334,-17.9987488,-2.32467651,-0.235648364,1.73875129,-0.0155187584,-0.8030528,-0.100938931,-2.913286,-11.221283,-16.5558472,-2.28707886,1.89445424,1.84949875,0.581736,-0.900616467,0.0132234842,-4.29220247,-3.768921,-18.0184937,-4.261017,0.04183495,1.95248616,0.205974653,-1.09376955,-0.212139234,-2.77325678,-10.0588989,-16.5585022,-2.977234,1.02516568,2.090156,0.6528409,-0.190412119,3.167203,2.344826,3.94533134
28,0.55999980158730156,38,0,1,-0.6835726,0,-3.94115829,-4.22847462,0,-5.72368145,-4.22847462,0,-5.72368145,1,0,0,1,-0.599003136,1.49011612E-08,-3.82668471,0,0,0,-0.7679883,0.00398214161,-3.80759668,4.15517569,-4.493744,0.4521826,-0.00500514358,1.00649607,-0.465998858,-0.8205248,0.03922838,-4.104677,-11.5185852,-16.4302063,-1.68746948,-1.62569988,0.335038066,0.9067502,-0.773668766,-0.04677838,-3.337279,-2.97418213,-15.6911011,-2.12332153,2.50938368,2.16063356,1.11512566,-0.981117249,0.0431198627,-4.36823,-5.59414673,-16.6282349,-2.205902,-0.457941055,2.05006337,-0.0344773754,-1.02873218,-0.107634708,-2.783311,-9.508362,-15.3774414,-2.07931519,2.24437547,1.87883234,0.8070172,-1.16516185,0.0592144877,-4.45678854,-3.34011841,-16.8363342,-4.01837158,-0.300225735,1.95708025,0.229020923,-1.32565486,-0.2496022,-2.55743837,-8.069244,-15.3847046,-2.25552368,1.422622,1.96026456,1.08172631,-0.1392851,3.109251,2.4186368,3.94165516
29,0.57999979450113381,43,0,1,-0.807030141,0,-3.91774178,-7.235047,0,-5.14525366,-7.235047,0,-5.14525366,1,0,0,1,-0.662329257,0,-3.81483674,0,0,0,-0.8001967,0.00159296393,-3.79819918,4.141445,-4.87786865,0.126903072,-0.01459641,0.698801637,-0.408860326,-0.867782533,0.034683302,-4.04755735,-12.272522,-15.943512,-1.45532227,-1.11940658,2.397349,0.357109547,-0.8039789,-0.0266834944,-3.36958742,-1.12435913,-15.1631775,-1.88574219,2.165142,2.17567658,0.9563279,-1.08350039,0.06132789,-4.406488,-6.48822,-16.23114,-1.82885742,-0.8228257,1.98836339,0.0947021842,-1.07790017,-0.105593979,-2.66886783,-7.12414551,-14.9483032,-1.69116211,2.697465,1.99477029,1.04405069,-1.3099792,0.103383616,-4.576073,-3.46472168,-16.6269226,-3.50839233,-0.6584564,1.87547207,0.384598434,-1.39775121,-0.31277582,-2.31005621,-5.513489,-14.9782715,-1.34399414,1.98635972,1.99640119,1.2445668,-0.0533306152,2.985398,2.46743727,3.87346
30,0.599999787414966,48,0,1,-0.8152332,0,-3.91604328,-1.67888772,0,-6.25823975,-1.67888772,0,-6.25823975,1,0,0,1,-0.781655431,1.49011612E-08,-3.79087853,0,0,0,-0.9103576,0.00120192766,-3.7711463,4.12544632,-3.37667847,-0.04373169,-0.0222675614,0.763353169,-0.322469145,-1.00405133,0.03768225,-4.009636,-12.9346008,-13.9033508,-1.26620483,-1.139831,2.30895448,0.425386071,-0.9162706,-0.0122714639,-3.36036944,0.493015379,-13.1885986,-1.5446167,2.061377,2.02160859,1.05549753,-1.2260561,0.06995039,-4.38830137,-7.45803833,-14.0722046,-1.54266357,-0.8644739,2.005552,0.0245739222,-1.16354012,-0.0743624,-2.60889363,-4.36181641,-12.9651184,-1.22113037,2.80568433,1.83608246,1.1125598,-1.47997868,0.13873975,-4.59103775,-3.92144775,-14.2813416,-3.06018066,-0.8927906,2.15826821,0.266111374,-1.46986735,-0.350798,-2.14661956,-2.847046,-12.8764648,-0.216552734,1.969435,1.95121586,1.500549,-0.04351379,2.94999862,2.48962951,3.86039376
31,0.61999978032879821,53,0,1,-0.8152332,0,-3.91604328,-1.31373155,0,-6.3798213,-1.31373155,0,-6.3798213,1,0,0,1,-0.788958549,0,-3.788447,0,0,0,-0.884237647,-0.000974833965,-3.77578974,4.100974,-2.678955,-0.326477051,-0.018459294,0.6421246,-0.2624383,-0.9730611,0.0252682865,-3.93953872,-13.5717468,-11.52179,-1.00900269,-0.664791346,2.240301,0.185735822,-0.8930416,0.0007099211,-3.45024061,2.03823,-11.0007324,-1.01525879,1.49202085,1.96027875,0.798137069,-1.24875593,0.0826736838,-4.336029,-8.577484,-11.6929321,-1.1171875,-1.00435138,2.14555287,0.134632349,-1.12692261,-0.0311854929,-2.637971,-1.13464355,-10.916748,-0.585845947,2.96079063,1.837092,1.20052993,-1.535598,0.1776533,-4.559714,-4.695862,-11.9170837,-2.470642,-1.14203691,2.14445615,0.3171332,-1.3862505,-0.250526369,-2.106641,-0.614990234,-10.8360291,-0.101379395,1.89880383,1.80363023,0.5696862,-0.040394865,2.91941714,2.50457358,3.846754
32,0.63999977324263035,58,0,1,-0.8152332,0,-3.91604328,-1.31776381,0,-6.353953,-1.31776381,0,-6.353953,1,0,0,1,-0.7888779,1.49011612E-08,-3.78896427,0,0,0,-0.8563283,-0.00146771967,-3.78110147,4.07594252,-2.037262,-0.5773926,-0.01874647,0.5904267,-0.194053441,-0.9399017,0.0128641725,-3.87333751,-14.065033,-9.36853,-0.7354431,-0.308352143,1.96693993,0.098900795,-0.8696643,0.007743567,-3.5329833,3.3194015,-9.09967,-0.402740479,1.05339682,1.7168889,0.6177559,-1.23373234,0.08099538,-4.220041,-9.616516,-9.471069,-0.667449951,-0.9286171,2.0046742,0.218233645,-1.06412756,0.03478822,-2.73918533,2.26825213,-9.056885,0.122139193,2.85313249,1.62891221,1.12410283,-1.54329073,0.1913712,-4.428936,-5.64950562,-9.565796,-1.83282471,-1.23876154,2.11050487,0.3665551,-1.27829349,-0.0245890021,-2.21032667,0.00597798638,-8.90152,-0.7199402,0.5397667,1.71249235,-0.0997712,-0.0342142433,2.90404534,2.5342555,3.854491
33,0.65999976615646261,61,0,1,-0.8152332,0,-3.91604328,-1.31234276,0,-6.31616354,-1.31234276,0,-6.31616354,1,0,0,1,-0.7889863,1.49011612E-08,-3.78972,0,0,0,-0.841119766,-0.00160647929,-3.78449059,4.058501,-1.44946289,-0.7520752,-0.0161346123,0.543208539,-0.122485228,-0.9245119,-0.000158041716,-3.81600022,-14.2902832,-7.46688843,-0.486694336,-0.0154002663,1.69837117,0.11024148,-0.857806444,0.008678302,-3.61345935,4.16858959,-7.43441772,0.192458257,0.6341144,1.5093776,0.4831952,-1.20074487,0.05910273,-4.05147171,-10.3592224,-7.49914551,-0.27557373,-0.389106631,1.7796818,0.295602679,-0.9984266,0.07004504,-2.91975427,5.50091171,-7.36947632,0.7958538,2.49366546,1.41691875,0.937794447,-1.49096584,0.160854816,-4.204353,-6.57803345,-7.44665527,-1.2147522,-1.11160135,1.90283859,0.366474569,-1.17300129,0.04365325,-2.38943958,1.40865719,-7.274109,-0.249145508,0.8126862,1.44790411,0.6220331,-0.03750234,2.90404534,2.51846576,3.84415865
34,0.67999975907029475,67,0,1,-0.8152332,0,-3.91604328,-1.30324411,0,-6.26592875,-1.30324411,0,-6.26592875,1,0,0,1,-0.7891683,-3.57627869E-06,-3.79072475,0,0,0,-0.829839051,-0.00165741146,-3.78762722,4.04660225,-0.915344238,-0.8652954,-0.0143043986,0.496044248,-0.0653379261,-0.905703962,-0.020572111,-3.73549676,-14.0942993,-5.806244,-0.245788574,0.4041943,1.45509541,0.140657485,-0.851499259,0.00467535853,-3.69946647,4.53679848,-5.95581055,0.7354662,0.194564462,1.33200717,0.3564725,-1.15022933,0.0151960105,-3.84397364,-11.0821533,-5.79577637,0.0604312345,-0.01632075,1.54072022,0.31311053,-0.946853161,0.08147384,-3.13312125,8.449413,-5.79815674,1.392676,2.06262088,1.30856824,0.7531075,-1.40391171,0.111270234,-3.96496248,-7.54785156,-5.663208,-0.6387634,-1.052054,1.61656868,0.326303244,-1.08055675,0.0761549,-2.63841581,2.40378261,-5.683197,-0.0915527344,0.7575745,1.36541891,0.223931417,-0.0342495739,2.90404534,2.53408623,3.85438013
35,0.699999751984127,71,0,1,-0.8152332,0,-3.91604328,-1.30639422,0,-6.275525,-1.30639422,0,-6.275525,1,0,0,1,-0.7891053,1.49011612E-08,-3.79053283,0,0,0,-0.820431054,-0.00159659982,-3.78947115,4.039948,-0.436187744,-0.930633545,-0.0114460848,0.447421342,-0.0209456235,-0.878665268,-0.0442777425,-3.63964868,-13.3710022,-4.388275,-0.00793457,0.902321935,1.22980809,0.159680739,-0.849191,-0.00181315839,-3.78536248,4.42356873,-4.631775,1.21027088,-0.242854178,1.17154491,0.241575837,-1.082702,-0.0360649675,-3.62593341,-11.8261719,-4.36035156,0.356279939,0.123104706,1.30638981,0.288566142,-0.908956349,0.07390452,-3.37470245,10.8613081,-4.36920166,1.902371,1.53264248,1.16619754,0.5630072,-1.30172229,0.05681313,-3.72972369,-8.495483,-4.194214,-0.112701416,-0.9997097,1.34472346,0.2880798,-0.9927673,0.0819357261,-2.95192838,3.33410573,-4.33807373,-0.0465393066,0.7273485,1.16920292,0.108455226,-0.0370613635,2.904045,2.52058363,3.845542
36,0.71999974489795915,76,0,1,-0.8152332,0,-3.91604328,-1.321504,0,-6.34377241,-1.321504,0,-6.34377241,1,0,0,1,-0.7888031,0,-3.789168,0,0,0,-0.812683046,-0.00149478018,-3.79022455,4.03898764,-0.0117492676,-0.958374,-0.007948054,0.3997938,0.01372521,-0.848405063,-0.0605555177,-3.56137133,-12.1996155,-3.20791626,0.223294377,1.30876827,1.02741182,0.149750113,-0.8419735,-0.004895583,-3.82080936,4.12595272,-3.43984985,1.59744382,-0.425922632,1.02432156,0.149115533,-1.00410354,-0.08005278,-3.413845,-12.1251526,-3.18258667,0.628026545,0.5635548,1.08130229,0.2892366,-0.8804394,0.02960927,-3.64680457,11.3509007,-3.13064575,2.26034474,0.3797104,1.02810907,0.319664419,-1.185411,-0.0226947218,-3.45444059,-9.053497,-3.001587,0.36762464,-0.639242768,1.09914815,0.2812907,-0.9459422,0.03248222,-3.4792614,3.78060484,-3.19488525,0.00107636955,0.304620147,0.99630487,0.0597908832,-0.03641516,2.90404534,2.523687,3.847571
37,0.7399997378117914,81,0,1,-0.8152332,0,-3.91604328,-1.34187388,0,-6.43517,-1.34187388,0,-6.43517,1,0,0,1,-0.7883957,0,-3.78734,0,0,0,-0.806652963,-0.00141343474,-3.790168,4.043873,0.364965439,-0.9558716,-0.004238836,0.3579509,0.0410838239,-0.8187939,-0.06934798,-3.49618554,-10.6633911,-2.241394,0.443289727,1.64524674,0.857228041,0.125139713,-0.836537,-0.00989128649,-3.887622,3.51053119,-2.37457275,1.87103558,-0.762490034,0.883115947,0.0322853625,-0.919377565,-0.117969707,-3.20673251,-11.9385986,-2.230835,0.8713766,1.06237864,0.880522966,0.277723074,-0.8687342,-0.0147934258,-3.97041416,11.006423,-2.04342651,2.4726305,-0.311757356,0.9199694,0.146558851,-1.05885947,-0.111819051,-3.166767,-9.107758,-2.045044,0.7980172,-0.169155449,0.8842101,0.265418231,-0.9313179,-0.0163251162,-3.988848,3.6469872,-2.16345215,0.0116761541,-0.1279648,0.8960625,0.008268669,-0.0377807468,2.90404558,2.51712918,3.843286
38,0.75999973072562355,84,0,1,-0.8152332,0,-3.91604328,-1.3533299,0,-6.486132,-1.3533299,0,-6.486132,1,0,0,1,-0.7881666,1.49011612E-08,-3.78632069,0,0,0,-0.801004052,-0.00134426355,-3.79071879,4.05150127,0.686719954,-0.933441162,-0.002373363,0.308410227,0.0592164733,-0.7899992,-0.07045464,-3.44331932,-8.837433,-1.47763062,0.651582539,1.911987,0.7010537,0.09406358,-0.834762,-0.0140598416,-3.97215343,2.45589113,-1.46347046,2.020385,-1.17132306,0.727781951,-0.0797057748,-0.8337079,-0.1431835,-3.014667,-11.2123108,-1.48495483,1.08702862,1.56649208,0.694494665,0.255695462,-0.871620655,-0.0523266643,-4.292015,9.922656,-1.13513184,2.53559685,-0.9400057,0.797415853,0.00535544753,-0.9283994,-0.1956197,-2.88580585,-8.555359,-1.29660034,1.17547846,0.369107723,0.68891716,0.238565028,-0.935393631,-0.05565262,-4.450925,3.10033584,-1.21307373,0.0767902955,-0.462673724,0.7983979,-0.0004916936,-0.0376600921,2.90404534,2.51770878,3.84366417
39,0.7799997236394558,89,0,1,-0.8152332,0,-3.91604328,-1.36136472,0,-6.52148962,-1.36136472,0,-6.52148962,1,0,0,1,-0.7880059,1.49011612E-08,-3.78561354,0,0,0,-0.795595,-0.001283288,-3.791397,4.05938768,0.94310987,-0.897338867,-0.00208690483,0.248331189,0.06972065,-0.7636667,-0.06400108,-3.405166,-6.803528,-0.902191162,0.8399804,2.09352779,0.5560297,0.06025529,-0.8352694,-0.0137554854,-4.052084,0.9690138,-0.7311096,2.0478127,-1.54434443,0.561371446,-0.167139024,-0.75131613,-0.152228877,-2.84866977,-9.915222,-0.9352417,1.27019763,2.0371654,0.519459367,0.221363753,-0.8847331,-0.0719326,-4.580116,8.208106,-0.422271729,2.46088648,-1.48147869,0.6324153,-0.106663138,-0.8008251,-0.265897274,-2.62750721,-7.31152344,-0.7626343,1.53735864,0.9522763,0.49996525,0.211554036,-0.9452165,-0.07796477,-4.8525176,2.33037138,-0.483123779,0.08953493,-0.629327536,0.632436037,-0.009222969,-0.0340352952,2.90404534,2.53511763,3.85505629
40,0.79999971655328794,94,0,1,-0.8152332,0,-3.91604328,-1.36444926,0,-6.536379,-1.36444926,0,-6.536379,1,0,0,1,-0.7879442,0,-3.78531575,0,0,0,-0.790411055,-0.001217559,-3.792222,4.06604528,1.12501216,-0.8524475,-0.00298533775,0.1792272,0.0740143955,-0.7439035,-0.0509744138,-3.385665,-4.670929,-0.4953003,1.01131737,2.16941977,0.424674,0.03644353,-0.83570987,-0.00721466541,-4.11586332,-0.8699646,-0.192474365,1.96848941,-1.82575428,0.39090687,-0.226091266,-0.6782984,-0.136793733,-2.71703815,-8.067749,-0.527862549,1.41081631,2.45185447,0.374598384,0.17087698,-0.9001527,-0.0669367,-4.81405258,5.99389935,0.0771896,2.269296,-1.91334033,0.451527238,-0.18938005,-0.6756991,-0.2915615,-2.40070629,-5.59136963,-0.338104248,1.77573621,1.39768481,0.355884731,0.115834087,-0.955059,-0.07653417,-5.172176,1.57705247,0.0322225541,0.07587973,-0.601775765,0.444409549,-0.002302304,-0.03841488,2.90404558,2.514084,3.84129858
41,0.8199997094671202,99,0,1,-0.8152332,0,-3.91604328,-1.36383235,0,-6.53671265,-1.36383235,0,-6.53671265,1,0,0,1,-0.787956536,1.49011612E-08,-3.785309,0,0,0,-0.7853731,-0.00116577744,-3.793232,4.07024956,1.22548938,-0.80255127,-0.0044627646,0.102916181,0.0730459,-0.7283527,-0.03453496,-3.384523,-2.532898,-0.237457275,1.14914012,2.14653778,0.299790531,0.0108573437,-0.8340154,0.00460769236,-4.1564393,-2.942505,0.150725543,1.80596292,-1.98238,0.22599414,-0.256019771,-0.6179455,-0.106822461,-2.63146424,-5.706909,-0.267333984,1.50429857,2.765591,0.2432977,0.11634177,-0.9115691,-0.0405289829,-4.97444868,3.44428635,0.383238375,1.99680769,-2.206674,0.2839929,-0.239931583,-0.567651749,-0.283459723,-2.225042,-3.117035,-0.09060669,1.64030969,2.03974867,0.1907513,-0.221766353,-0.9598345,-0.05704364,-5.39234734,0.7093358,0.4053229,-0.204559326,-0.433065653,0.3062001,0.0139351934,-0.0387663841,2.90404558,2.51239586,3.84019756
42,0.83999970238095234,104,0,1,-0.8152332,0,-3.91604328,-1.3631022,0,-6.5373683,-1.3631022,0,-6.5373683,1,0,0,1,-0.787971139,0,-3.785296,0,0,0,-0.78061,-0.001126498,-3.79403639,4.072728,1.24288845,-0.749938965,-0.00582378,0.0244577453,0.06839968,-0.718059957,-0.017752558,-3.39988947,-0.472686768,-0.101898193,1.24501669,2.03494072,0.189361989,-0.0118461847,-0.8280894,0.019108817,-4.17025852,-5.115082,0.315982819,1.58792818,-2.00188231,0.07930413,-0.264396042,-0.571175635,-0.06823374,-2.60077763,-2.938324,-0.07836914,1.53852725,2.93665,0.162204921,0.04931891,-0.9118603,0.0119343549,-5.045458,0.7446425,0.487951666,1.68300056,-2.330936,0.105886325,-0.261155069,-0.487073421,-0.272114456,-2.13444448,-0.617126465,0.170059562,1.45859063,2.180056,0.181415156,-0.0948693156,-0.960495055,0.06132914,-5.49707651,-0.7798462,0.535322964,-0.1762085,-1.37974119,0.107184336,-0.1326786,-0.03871213,2.90404534,2.51265621,3.840367
43,0.85999969529478459,109,0,1,-0.8152332,0,-3.91604328,-1.35298419,0,-6.49514437,-1.35298419,0,-6.49514437,1,0,0,1,-0.7881735,1.49011612E-08,-3.78614044,0,0,0,-0.776370168,-0.0010779947,-3.7953,4.07278061,1.18031025,-0.6963806,-0.00771553442,-0.0516471751,0.0611872263,-0.712796,-0.00274850428,-3.42750573,1.44108272,-0.07110596,1.28297055,1.86128521,0.0869845,-0.02807486,-0.8185879,0.0324143469,-4.151974,-7.197632,0.3310743,1.34705472,-1.8587234,-0.04071346,-0.246844888,-0.552454352,-0.0127707422,-2.61684132,0.09391256,0.0332144462,1.55624866,2.95848823,0.108741738,0.0183520317,-0.9039077,0.07585886,-5.02880859,-1.93121338,0.467118025,1.36706436,-2.31754971,-0.0263696387,-0.252711177,-0.4544714,-0.11435616,-2.1659,-0.156799316,0.331127584,0.130944788,0.473274469,0.163492531,-1.29222369,-0.948372245,0.2156323,-5.49990463,-2.08309937,0.5041383,-0.458557129,-1.87976122,-0.0224112049,-0.05237013,-0.0335740149,2.90404534,2.53733587,3.85651135
44,0.87999968820861674,112,0,1,-0.8152332,0,-3.91604328,-1.33917677,0,-6.436219,-1.33917677,0,-6.436219,1,0,0,1,-0.788449645,1.49011612E-08,-3.787319,0,0,0,-0.7730743,-0.00104126334,-3.79659915,4.07005167,1.04928,-0.6419678,-0.0100021353,-0.117120653,0.0534160137,-0.717408538,0.008303896,-3.483039,3.06472874,-0.120788574,1.28095126,1.54771256,0.00701667368,-0.0322321057,-0.8079265,0.04021229,-4.111115,-9.074829,0.235832885,1.11476672,-1.60623038,-0.127513036,-0.210210308,-0.554179668,0.0434380472,-2.705605,3.19280934,0.0304138418,1.55223,2.826529,0.004233271,-0.0118376017,-0.886655152,0.119793877,-4.93871069,-4.452057,0.344443649,1.0801897,-2.17025566,-0.128988057,-0.232575119,-0.442016333,0.01159659,-2.25815845,0.0534366257,0.2662609,-0.8539734,0.368440539,-0.0113853067,-0.279367477,-0.922278941,0.290288568,-5.38681126,-3.65582275,0.382012844,-0.470428467,-1.94883561,-0.1267421,-0.0161008239,-0.035112828,2.90404534,2.52994442,3.851666
45,0.899999681122449,116,0,1,-0.8152332,0,-3.91604328,-1.32075,0,-6.353798,-1.32075,0,-6.353798,1,0,0,1,-0.7888182,0,-3.78896737,0,0,0,-0.770550132,-0.001015693,-3.79822087,4.063961,0.862489,-0.5880432,-0.0124749029,-0.1708368,0.04511375,-0.726904,0.012625739,-3.56067014,4.28422976,-0.228302,1.248206,1.128398,-0.0540448427,-0.0403687358,-0.794571161,0.0400787443,-4.05160952,-10.638916,0.06310138,0.9018215,-1.259195,-0.18364042,-0.170982778,-0.5624974,0.080769375,-2.86236215,6.221037,-0.0234985352,1.48834872,2.56228566,-0.0525781251,-0.06535423,-0.857547164,0.138603061,-4.77270174,-6.631256,0.144639283,0.8313607,-1.69100344,-0.193250164,-0.205082774,-0.4468824,0.05604437,-2.38911724,1.593439,0.2344304,-0.286010742,0.9500933,-0.01566121,0.446951479,-0.8843181,0.310722351,-5.17298555,-5.34783936,0.171519428,-0.4967041,-1.807125,-0.190209344,-0.0105909705,-0.0371786356,2.904045,2.52002239,3.84517527
46,0.91999967403628113,120,0,1,-0.8152332,0,-3.91604328,-1.29794526,0,-6.251099,-1.29794526,0,-6.251099,1,0,0,1,-0.7892743,1.49011612E-08,-3.79102135,0,0,0,-0.7691248,-0.0009821057,-3.80008864,4.05448771,0.6370611,-0.534484863,-0.0150849372,-0.208683312,0.0376046859,-0.7396671,0.0107097924,-3.64364958,5.05663,-0.365356445,1.18343806,0.687850654,-0.09803426,-0.0430431068,-0.78042984,0.0314267278,-3.97669983,-11.7922363,-0.1517334,0.714708,-0.836218357,-0.210761726,-0.129524127,-0.5890828,0.09308143,-3.04885077,9.117433,-0.09902954,1.38058507,2.22177172,-0.06966423,-0.0926455259,-0.8186741,0.131958187,-4.54332638,-8.352478,-0.08538818,0.624004662,-0.9675646,-0.219545931,-0.1791737,-0.476975322,0.0843197554,-2.59897876,2.62120032,0.123901084,-0.188934326,0.830498457,-0.0552472435,0.09682354,-0.83118844,0.290910035,-4.866478,-6.87008667,-0.064453125,-0.524292,-1.566826,-0.213552177,-0.009601295,-0.0362000763,2.90404534,2.52472258,3.84824824
47,0.93999966695011339,125,0,1,-0.8152332,0,-3.91604328,-1.2877022,0,-6.206634,-1.2877022,0,-6.206634,1,0,0,1,-0.789479136,0,-3.79191065,0,0,0,-0.768409669,-0.000979811,-3.80083,4.044266,0.3900811,-0.481811523,-0.0155033246,-0.230295539,0.031070035,-0.7551516,0.004391238,-3.730369,5.35284472,-0.5161438,1.0976485,0.226994768,-0.126736224,-0.04013209,-0.7593427,0.009119347,-3.86003,-12.2982483,-0.377716064,0.5517012,-0.207263738,-0.212918878,-0.09275307,-0.6291629,0.08823092,-3.26864958,11.5860043,-0.214599609,1.256716,1.73611915,-0.09050257,-0.106895864,-0.7734578,0.0902204439,-4.27110338,-10.2286377,-0.331665039,0.454435855,-0.7396477,-0.2307324,-0.1521168,-0.520230234,0.0918847,-2.868494,3.64366937,-0.0126342773,-0.177032471,0.8242596,-0.07299293,0.0244206786,-0.786855459,0.262347281,-4.58538342,-8.589355,-0.315551758,-0.5465393,-1.675162,-0.224607676,-0.00482434034,-0.0320404768,2.898909,2.544703,3.857488
48,0.95999965986394553,130,0,1,-0.848011,0,-3.90907621,-2.935509,0,-5.90490341,-2.935509,0,-5.90490341,1,0,0,1,-0.789300859,1.49011612E-08,-3.79097819,0,0,0,-0.7683727,-0.0009927601,-3.800017,4.03734446,-0.340240479,-0.429992676,-0.0131560005,-0.235295326,0.02587676,-0.7633103,-0.000336825848,-3.77649975,5.40855646,-1.14038086,1.00012636,-0.028757479,-0.1350349,-0.03548193,-0.7401855,-0.0166229755,-3.7440238,-12.1355591,-1.07214355,0.408457279,0.403478622,-0.199494734,-0.0596499443,-0.675733149,0.0484380051,-3.52283573,12.425374,-0.8446655,1.10914874,0.6981411,-0.10303542,-0.124256432,-0.7303489,0.03936716,-4.000676,-11.8901978,-1.04211426,0.310064733,-0.4770831,-0.2188041,-0.131596878,-0.6015693,0.0491176322,-3.33277059,4.26371431,-0.623352051,-0.191650391,0.471372724,-0.06794737,0.01155673,-0.7394541,0.207515866,-4.277485,-10.1809387,-1.03063965,-0.56817627,-1.55948544,-0.209227622,-0.0072401166,-0.01103422,2.883466,2.544312,3.84551978
49,0.97999965277777779,133,0,1,-0.954116642,0,-3.88454151,-6.66401052,0,-5.095734,-6.66401052,0,-5.095734,1,0,0,1,-0.8208365,1.49011612E-08,-3.78262687,0,0,0,-0.8100245,-0.0007367432,-3.78948283,4.03668737,-2.142212,-0.330810547,-0.009660162,-0.231062219,0.022912493,-0.8273532,-0.009585127,-3.85814428,5.148073,-2.8215332,0.8581161,-0.538134456,-0.133373529,0.0563408434,-0.7686418,-0.0413908064,-3.62205935,-11.4804382,-2.814392,0.238041863,1.0051105,-0.14393419,0.0557409227,-0.7694388,0.00632181764,-3.82707381,12.5520706,-2.53564453,0.892751157,0.0970757157,-0.076734364,-0.179470375,-0.7226105,-0.008186743,-3.72364736,-13.0335083,-2.778717,0.120011762,0.0239770841,-0.188143924,-0.165789291,-0.720896542,0.004131928,-3.79133344,4.35439,-2.2822876,-0.213623047,0.08311661,-0.04264551,0.0186389163,-0.7131111,0.12154875,-3.92445326,-11.333252,-2.75509644,-0.649230957,-1.15464151,-0.161587462,-0.06943047,0.06142786,2.83161163,2.556829,3.81564832
50,0.99999964569160993,138,0,1,-1.00285447,0,-3.87224483,-3.95840859,0,-5.70724249,-3.95840859,0,-5.70724249,1,0,0,1,-0.9236863,1.49011612E-08,-3.7581,0,0,0,-0.940146446,-0.0002014488,-3.75791049,4.04347849,-3.03463745,-0.12600708,-0.008906623,-0.173687667,0.0168209933,-0.9976179,-0.0215299726,-3.96053123,4.50897455,-3.54821777,0.6451115,-1.288667,-0.0575086363,0.2737351,-0.8866555,-0.06651594,-3.46337914,-10.4852905,-3.57016,-0.03048706,1.69719744,0.037891686,0.300817072,-0.955345452,-0.0312162191,-4.132764,12.0919113,-3.301056,0.5605512,-0.3985848,0.0149846748,-0.290040821,-0.792681038,-0.04792872,-3.41870737,-13.7320251,-3.51211548,-0.211486816,0.5054068,-0.08199463,-0.26091373,-0.9168369,-0.0337281674,-4.20808458,4.039979,-3.079071,-0.182556152,-0.243089229,-0.0229720641,0.05087395,-0.757045746,0.03350891,-3.54599357,-11.9882813,-3.48822021,-0.8831482,-0.702337742,-0.057926394,-0.217303276,0.101393506,2.80547166,2.58658028,3.81724358
51,1.0199996386054422,142,0,1,-1.0756613,0,-3.85265541,-5.25188351,0,-5.326297,-5.25188351,0,-5.326297,1,0,0,1,-0.9706237,1.49011612E-08,-3.74612951,0,0,0,-0.982971668,-0.0009941757,-3.74698973,4.047965,-4.131653,-0.0375061035,-0.0106276479,-0.0323030278,-0.0186143462,-1.04269385,-0.0238055587,-4.013309,3.29149628,-4.45175171,0.5418226,-1.57115138,0.118489265,0.161123514,-0.9117745,-0.06887257,-3.40746117,-8.996826,-4.460083,-0.231292725,1.90655363,0.184406236,0.221757442,-1.08470523,-0.0762027949,-4.431435,10.78803,-4.2979126,0.3860527,-1.12900925,0.115503907,-0.202501312,-0.814250469,-0.106928095,-3.14451146,-13.6491089,-4.43869,-0.439025879,1.24687934,0.09390813,-0.124266684,-1.07821023,-0.07790883,-4.64759541,3.2976048,-4.17575073,-0.240783691,-0.616853237,0.00167754665,-0.07845132,-0.7796851,-0.09230267,-3.14992547,-12.0099487,-4.51635742,-1.07055664,-0.121129677,0.0343711935,-0.142529249,0.152998343,2.76864576,2.59459424,3.79746318
52,1.0399996315192743,145,0,1,-1.148087,0,-3.83169651,-5.361434,0,-5.27248573,-5.361434,0,-5.27248573,1,0,0,1,-1.04085839,1.49011612E-08,-3.72624683,0,0,0,-1.060473,-0.000597342849,-3.72475433,4.0531106,-4.60385132,0.08156322,-0.0151483612,0.110343508,-0.0319379345,-1.13720167,-0.0220250487,-4.070784,1.65258253,-5.3737793,0.436833084,-1.98732471,0.206197768,0.166577935,-0.9746984,-0.0683535337,-3.331974,-7.24819946,-5.324127,-0.436584473,2.1913507,0.2866751,0.283070326,-1.22173154,-0.0921142548,-4.68226957,8.881085,-5.27297974,0.2177705,-1.64207172,0.113525592,-0.252450943,-0.8569793,-0.138166443,-2.901359,-12.8439636,-5.25906372,-0.6425171,1.833721,0.1780303,-0.047871232,-1.24940133,-0.09825991,-5.00494671,2.339005,-5.258606,-0.266204834,-0.764089167,0.006464239,-0.0345299244,-0.8280114,-0.211668521,-2.77688313,-11.2153625,-5.31381226,-1.25402832,0.6090353,0.220786333,-0.0640851855,0.2025311,2.73155832,2.592363,3.77130961
53,1.0599996244331065,149,0,1,-1.18814814,0,-3.81946373,-3.86969,0,-5.70875645,-3.86969,0,-5.70875645,1,0,0,1,-1.11075437,-4.172325E-06,-3.70528865,0,0,0,-1.139661,-0.0004466176,-3.70092273,4.057735,-4.17672729,0.200531,-0.0155996662,0.307572,-0.04863624,-1.22991753,-0.0126987994,-4.1092453,-0.32800293,-5.737152,0.338727444,-2.29498672,0.338940144,0.153234243,-1.04426777,-0.0600593239,-3.27127981,-5.3296814,-5.5960083,-0.623199463,2.36838818,0.4170421,0.35830456,-1.35760367,-0.08206046,-4.87730169,6.498877,-5.700226,0.0776452,-2.05060387,0.185000986,-0.2860092,-0.909721553,-0.151488632,-2.69104028,-11.3345032,-5.48345947,-0.811553955,2.351892,0.291581273,0.04410422,-1.41804576,-0.09282732,-5.270942,1.43964982,-5.71655273,-0.1894226,-0.6954774,0.178296641,0.0714227557,-0.871477067,-0.308376253,-2.455331,-9.93811,-5.4855957,-1.81735229,1.27712631,0.340342045,-0.09108758,0.2386184,2.71025038,2.61953688,3.77682
54,1.0799996173469388,152,0,1,-1.24401414,0,-3.80163527,-4.735114,0,-5.413844,-4.735114,0,-5.413844,1,0,0,1,-1.1493119,1.49011612E-08,-3.69335842,0,0,0,-1.18120623,-0.0004733652,-3.68847132,4.05993128,-4.18917847,0.244753048,-0.012646554,0.285289,-0.0682186,-1.27319467,0.00272659957,-4.122903,-2.56710815,-6.10308838,0.265082031,-2.34884429,0.5441848,0.0408092737,-1.07981277,-0.0428214371,-3.25912571,-3.32617188,-5.87060547,-0.7555237,2.29705238,0.5746422,0.3214515,-1.4477663,-0.0494079143,-5.00288773,3.7488625,-6.10098267,0.0115643488,-2.36403656,0.3907118,-0.2604829,-0.9334286,-0.13307023,-2.54405785,-9.133972,-5.78833,-0.9015808,2.80090642,0.45187366,0.158504725,-1.55641377,-0.0802297145,-5.44304037,0.286453247,-6.235199,-0.475128174,-0.9928118,0.387689561,-0.4829817,-0.8934129,-0.3033092,-2.17489171,-7.50305176,-5.851959,-1.57330322,1.92532349,0.498262346,0.58870995,0.2743264,2.68350124,2.60691881,3.75132775
55,1.099999610260771,156,0,1,-1.27581847,0,-3.79107952,-3.62005377,0,-5.73547125,-3.62005377,0,-5.73547125,1,0,0,1,-1.20341742,1.49011612E-08,-3.67637014,0,0,0,-1.24219608,-0.0002824664,-3.669062,4.06081152,-3.78665161,0.286218226,-0.0127140842,0.330075979,-0.07647474,-1.34256315,0.0213130563,-4.11152649,-4.87213135,-6.01602173,0.181242526,-2.37040162,0.645544469,0.0241726637,-1.1374172,-0.02620785,-3.24557519,-1.3737793,-5.699463,-0.848175049,2.240526,0.6541892,0.361222684,-1.53623664,0.0154752433,-5.02816248,0.908041239,-6.03183,-0.0460510254,-2.43810129,0.493639916,-0.2919278,-0.9781244,-0.106316924,-2.45525074,-6.395874,-5.631592,-0.9552002,3.049066,0.53969264,0.236617088,-1.6660291,0.0930617452,-5.48895025,-1.20690918,-6.082306,-0.0475463867,-1.41821432,0.499903738,0.106088638,-0.94477427,-0.3403236,-1.98929548,-4.68518066,-5.738098,-0.716156,2.519443,0.5805628,0.675504744,0.298713684,2.667392,2.61210132,3.74530149
56,1.1199996031746031,160,0,1,-1.28375518,0,-3.7883997,-2.48171782,0,-6.100633,-2.48171782,0,-6.100633,1,0,0,1,-1.23412085,-5.96046448E-06,-3.666387,0,0,0,-1.27293527,-0.0006040931,-3.65949464,4.059772,-3.23477173,0.274868846,-0.0108980816,0.294827342,-0.07993318,-1.36757958,0.0360619128,-4.06328535,-7.072815,-5.40683,0.105915941,-2.1141305,0.765467763,-0.0533838272,-1.17684746,-0.009570599,-3.27792621,0.433867574,-5.032654,-0.8427124,1.95924819,0.740519762,0.333606541,-1.58205593,0.07792339,-4.974344,-1.91711426,-5.445465,-0.09661865,-2.4338696,0.6287333,-0.27454555,-1.01671255,-0.06950253,-2.43896437,-3.23028564,-4.99453735,-0.910003662,3.19533968,0.65614593,0.32861352,-1.73450732,0.217920661,-5.46104956,-3.19366455,-5.49707031,-0.195220947,-1.88390112,0.626152635,-0.2076559,-0.96972,-0.358938,-1.88267767,-1.586853,-5.09106445,-0.0914306641,2.60115075,0.6557354,0.770112038,0.312968582,2.66201258,2.63749051,3.760401
57,1.1399995960884353,165,0,1,-1.28375518,0,-3.7883997,-2.09119987,0,-6.182983,-2.09119987,0,-6.182983,1,0,0,1,-1.2419312,1.49011612E-08,-3.66474,0,0,0,-1.27513409,-0.00113122165,-3.66026664,4.05603552,-2.820221,0.214465454,-0.009610068,0.37359488,-0.06561826,-1.354975,0.04375051,-4.001533,-9.073303,-4.58151245,0.03827768,-1.753436,0.776340961,-0.128155231,-1.19063246,0.00311847031,-3.33234978,2.0845747,-4.19683838,-0.7369995,1.635024,0.71808213,0.273324132,-1.58152425,0.13228184,-4.856719,-4.60397339,-4.6293335,-0.124603271,-2.303618,0.7070467,-0.224746108,-1.04214156,-0.00375139713,-2.48551059,0.213429227,-4.310669,-0.733428955,3.149869,0.6350312,0.405439258,-1.74459338,0.3268656,-5.304618,-4.691101,-4.723877,-0.271789551,-2.15506625,0.691516161,-0.216466308,-0.9818231,-0.137428015,-1.946235,-0.289306641,-4.58370972,-0.155059814,1.1122148,0.4986942,0.06930208,0.3048417,2.66201258,2.613319,3.74281645
58,1.1599995890022676,170,0,1,-1.28375518,0,-3.7883997,-2.072925,0,-6.11341238,-2.072925,0,-6.11341238,1,0,0,1,-1.2422967,-1.1920929E-06,-3.6661315,0,0,0,-1.2706964,-0.00124931335,-3.66332436,4.049048,-2.37319946,0.148849949,-0.0109240487,0.405122578,-0.0478085726,-1.33273435,0.0425853878,-3.92894459,-10.7484436,-3.78167725,-0.03781128,-1.32662964,0.737969637,-0.170401037,-1.20526063,0.009861171,-3.40935755,3.41586,-3.419098,-0.5567322,1.21211493,0.6793009,0.2102966,-1.54680288,0.1542441,-4.66454363,-6.931671,-3.840088,-0.1564331,-1.73697484,0.695677936,-0.149208665,-1.062887,0.0544061661,-2.62269974,3.64258385,-3.56158447,-0.5084839,2.89646125,0.640311,0.390818,-1.71414518,0.3383881,-5.05837965,-6.44052124,-3.93005371,-0.32421875,-1.86069322,0.704107463,-0.144702435,-1.00242436,0.0261279345,-2.09086919,0.910503268,-3.84939575,-0.236877441,0.704341769,0.6142559,0.04968819,0.304840326,2.66201258,2.61331487,3.74281359
59,1.1799995819160998,174,0,1,-1.28375518,0,-3.7883997,-2.043087,0,-6.01948738,-2.043087,0,-6.01948738,1,0,0,1,-1.24289346,0,-3.66801,0,0,0,-1.26948571,-0.00132833421,-3.6657908,4.04050159,-1.91995239,0.09651733,-0.01226192,0.413254052,-0.0288143456,-1.313171,0.0322939157,-3.84307384,-11.9474487,-3.027954,-0.1239624,-0.844843,0.6813388,-0.15880309,-1.22516286,0.0100731552,-3.49372745,4.29705048,-2.69854736,-0.360443115,0.759958267,0.6356069,0.159213856,-1.492065,0.1435141,-4.412089,-8.910004,-3.08493042,-0.208099365,-1.00838459,0.6587467,-0.09337032,-1.0963136,0.080268994,-2.814857,6.89244366,-2.8578186,-0.271759033,2.52113557,0.599416852,0.3456673,-1.64639258,0.319565356,-4.737619,-8.120728,-3.15603638,-0.375762939,-1.68783069,0.6794094,-0.122337222,-1.032733,0.06920636,-2.30213737,1.80621135,-3.164093,-0.263305664,0.690031,0.5521077,0.0584605336,0.3124653,2.66201258,2.635816,3.759185
60,1.1999995748299319,177,0,1,-1.28375518,0,-3.7883997,-2.03246546,0,-5.98449945,-2.03246546,0,-5.98449945,1,0,0,1,-1.24310589,1.49011612E-08,-3.66870975,0,0,0,-1.26814473,-0.00138472021,-3.66707253,4.03245926,-1.47796631,0.05519165,-0.0120315747,0.4053426,-0.0136421211,-1.28255439,0.00880414248,-3.723842,-12.4665222,-2.32791138,-0.202728271,-0.194425151,0.6210532,-0.127943486,-1.24855649,0.005151361,-3.58337,4.67868137,-2.03671265,-0.1642456,0.278582871,0.586584866,0.113977358,-1.42390406,0.09973261,-4.129919,-10.9654236,-2.38308716,-0.266571045,-0.818249643,0.6086534,-0.07521427,-1.1431098,0.0859823152,-3.04083133,9.845303,-2.17922974,-0.0317688,2.04740024,0.555424631,0.293069541,-1.57305193,0.2873573,-4.433822,-9.920013,-2.44769287,-0.423553467,-1.75027251,0.621738732,-0.11291641,-1.07647634,0.08578961,-2.56928086,2.7639544,-2.530304,-0.307403564,0.7840333,0.516504169,0.07986066,0.3109904,2.66201258,2.63146353,3.756012
61,1.2199995677437641,181,0,1,-1.28375518,0,-3.7883997,-2.04495859,0,-6.01901054,-2.04495859,0,-6.01901054,1,0,0,1,-1.242856,0,-3.66801953,0,0,0,-1.26611185,-0.00142911077,-3.66724586,4.02782249,-1.06158447,0.0222824961,-0.009839161,0.384390652,-0.0021692866,-1.24942374,-0.017424956,-3.610258,-12.3063049,-1.69525146,-0.263061523,0.420369953,0.5537929,-0.100151718,-1.26489651,-0.000152438879,-3.64656472,4.697478,-1.43716431,0.0214465614,-0.0659318641,0.5309712,0.07690043,-1.35047877,0.0454314649,-3.852739,-12.7088623,-1.74581909,-0.310668945,-0.486320764,0.551795959,-0.0431674719,-1.19947326,0.06214367,-3.29650426,11.5158777,-1.546936,0.184081569,0.9330444,0.523969233,0.20929344,-1.48768961,0.222766981,-4.107335,-11.5238037,-1.81137085,-0.454376221,-1.57128584,0.561122,-0.0770523548,-1.16464317,0.06869776,-2.9716866,3.594036,-1.86026,-0.248138428,0.669830739,0.534686744,0.134655789,0.3066594,2.66201258,2.61868262,3.74671173
62,1.2399995606575964,184,0,1,-1.28375518,0,-3.7883997,-2.06883025,0,-6.08793736,-2.06883025,0,-6.08793736,1,0,0,1,-1.24237859,1.49011612E-08,-3.666641,0,0,0,-1.26442885,-0.00145995617,-3.666783,4.0278697,-0.6723938,-0.00158691406,-0.00693803327,0.362273932,0.008306256,-1.220919,-0.0383190364,-3.519013,-11.5921631,-1.12768555,-0.3017578,0.9146828,0.494038165,-0.08036661,-1.278854,-0.005347997,-3.70148969,4.44470549,-0.88671875,0.182637751,-0.369311631,0.483010441,0.03914857,-1.27337348,-0.0135933906,-3.58399487,-13.8103333,-1.17248535,-0.331298828,0.116978258,0.49875012,-0.00298755616,-1.271141,0.0176982135,-3.5895288,11.8353319,-0.9537964,0.3634586,0.251660317,0.489893824,0.1508811,-1.38484669,0.115254454,-3.7450788,-12.6196594,-1.23919678,-0.459503174,-1.09321368,0.5087205,-0.02801311,-1.29039264,0.0164603218,-3.4803555,3.87324786,-1.21374512,-0.174194336,0.220175922,0.516694248,0.109096095,0.305811346,2.66201258,2.61618018,3.74489379
63,1.2599995535714286,189,0,1,-1.28375518,0,-3.7883997,-2.08824348,0,-6.142452,-2.08824348,0,-6.142452,1,0,0,1,-1.24199033,0,-3.66555071,0,0,0,-1.2627219,-0.00149933994,-3.6664772,4.031817,-0.312255859,-0.0184326172,-0.00448789168,0.337702543,0.016610384,-1.195061,-0.05280292,-3.44190025,-10.4211731,-0.6262512,-0.313415527,1.3295145,0.436751425,-0.0645073056,-1.299585,-0.0115775019,-3.77907,3.779822,-0.386352539,0.310050756,-0.78515166,0.4312989,-0.0023984313,-1.193605,-0.072334975,-3.32407379,-14.234375,-0.6630554,-0.32333374,0.7665904,0.446356863,0.03292659,-1.35616124,-0.0275830626,-3.90986466,11.3437605,-0.425598145,0.496627271,-0.436883748,0.438311458,0.0953342,-1.27258587,-0.0132033378,-3.37845564,-13.0724487,-0.7264404,-0.43359375,-0.492980719,0.460041285,0.018101424,-1.41166592,-0.0306356251,-3.96157861,3.61868668,-0.673492432,-0.141082764,-0.205379233,0.433115453,0.05418989,0.3136108,2.66201258,2.63919663,3.76165152
64,1.2799995464852607,194,0,1,-1.28375518,0,-3.7883997,-2.100546,0,-6.178596,-2.100546,0,-6.178596,1,0,0,1,-1.24174428,1.49011612E-08,-3.66482782,0,0,0,-1.26045012,-0.00151181221,-3.66660213,4.03763676,0.008488826,-0.0312194824,-0.00334489276,0.302787244,0.02148241,-1.17157316,-0.0596306622,-3.378081,-8.8797,-0.203887939,-0.293487549,1.6639477,0.371082455,-0.0497813225,-1.32223868,-0.0156622976,-3.86290216,2.64194775,0.04497573,0.395737559,-1.22133243,0.363294482,-0.04101187,-1.11484456,-0.120508239,-3.08313727,-13.938324,-0.230926514,-0.280365,1.40572941,0.3835351,0.06359267,-1.44039822,-0.06349552,-4.21740246,10.12362,0.0168686137,0.5706898,-1.06178629,0.373141348,0.04393792,-1.15625978,-0.141716152,-3.02589869,-12.7743835,-0.282867432,-0.370452881,0.17693013,0.4027295,0.0595860556,-1.52434826,-0.0677013248,-4.39995432,2.96967,-0.239990234,-0.131439209,-0.530251265,0.343756169,0.03126812,0.306308925,2.66201258,2.6176486,3.74596047
65,1.2999995393990929,200,0,1,-1.28375518,0,-3.7883997,-2.11227,0,-6.21377468,-2.11227,0,-6.21377468,1,0,0,1,-1.2415098,0,-3.66412425,0,0,0,-1.25756466,-0.00148679316,-3.66679478,4.04402876,0.278146237,-0.0413208,-0.003125677,0.2563392,0.0233119242,-1.15219879,-0.05819735,-3.33017015,-7.06555176,0.127181426,-0.242248535,1.90141189,0.296995223,-0.03445542,-1.34202909,-0.0144744515,-3.938075,1.06482947,0.387978941,0.434251,-1.6009028,0.280775547,-0.07211292,-1.04143536,-0.150423259,-2.87277842,-12.91452,0.109345362,-0.202636719,1.99323511,0.3079843,0.08509362,-1.51557839,-0.0791675448,-4.488281,8.28076649,0.359229863,0.580658257,-1.59784627,0.296707928,-0.00124955177,-1.04055715,-0.253155261,-2.70280886,-11.67865,0.0762180761,-0.2685547,0.8646871,0.331372172,0.091209054,-1.62457383,-0.08562063,-4.7749157,2.13725162,0.10221485,-0.118041992,-0.676519156,0.2963305,0.06882018,0.304067433,2.66201258,2.61103415,3.74115849
66,1.3199995323129252,205,0,1,-1.28375518,0,-3.7883997,-2.12329125,0,-6.248262,-2.12329125,0,-6.248262,1,0,0,1,-1.24128938,0,-3.66343451,0,0,0,-1.254165,-0.00146815181,-3.667079,4.0500617,0.486311555,-0.0497131348,-0.0034926245,0.199794233,0.0224395581,-1.13862848,-0.049508214,-3.300882,-5.088867,0.359051228,-0.164154053,2.0295465,0.217122316,-0.0184719563,-1.35623491,-0.0068692714,-3.99510217,-0.85672,0.6305307,0.429463685,-1.87627375,0.190753,-0.09050369,-0.9781779,-0.1576804,-2.70455146,-11.1974487,0.351378679,-0.0987243652,2.4923737,0.223384887,0.09432852,-1.576653,-0.0697514,-4.70231152,5.953049,0.618825853,0.5396192,-2.01845741,0.230255157,-0.03179872,-0.9312856,-0.334462,-2.42463088,-9.782288,0.348485559,-0.143371582,1.52962852,0.250494123,0.104573011,-1.7074132,-0.08059439,-5.06651354,1.3398056,0.462368,-0.05847168,-0.6213712,0.2916461,0.09820461,0.3045085,2.66201258,2.61233544,3.74210262
67,1.3399995252267574,210,0,1,-1.28375518,0,-3.7883997,-2.124096,0,-6.25334024,-2.124096,0,-6.25334024,1,0,0,1,-1.24127328,0,-3.663333,0,0,0,-1.25056684,-0.00142745674,-3.66793776,4.0545125,0.6260973,-0.0569152832,-0.004765597,0.135952756,0.0193161611,-1.13119471,-0.03596054,-3.29155946,-3.0670166,0.490439236,-0.07095337,2.0482235,0.133719236,-0.005000949,-1.36307108,0.00597973168,-4.03012753,-3.00808716,0.76877135,0.387455165,-2.02586436,0.09988818,-0.09622145,-0.929082155,-0.141076237,-2.58412123,-8.848999,0.482449472,0.0205421038,2.88856554,0.1262412,0.0958795547,-1.6185056,-0.0388781577,-4.84259129,3.30623817,0.779420257,0.463257968,-2.29066586,0.1563035,-0.04405284,-0.8408187,-0.382049978,-2.20978522,-7.69836426,0.467294663,0.0460018143,1.8285768,0.122295737,0.146108925,-1.762022,-0.06676975,-5.25419664,0.201654717,0.79135704,-0.34362793,-0.675198555,0.28331995,-0.112940863,0.304846823,2.66201282,2.613334,3.74282765
68,1.3599995181405895,215,0,1,-1.28375518,0,-3.7883997,-2.12657547,0,-6.26554728,-2.12657547,0,-6.26554728,1,0,0,1,-1.24122369,1.49011612E-08,-3.6630888,0,0,0,-1.2466439,-0.00136984885,-3.66837645,4.058327,0.694161534,-0.063079834,-0.005455721,0.06856966,0.0145929772,-1.13233387,-0.020319432,-3.30402946,-1.12408447,0.526019633,0.02981016,1.944088,0.0525296852,0.0113688707,-1.36130738,0.02165474,-4.037291,-5.23635864,0.810613155,0.330517977,-2.02938342,0.0135440379,-0.08681083,-0.9004133,-0.09956038,-2.52138519,-5.987915,0.5180578,0.141427279,3.1342926,0.0389566571,0.08797407,-1.63241148,0.0244209021,-4.891029,0.5449717,0.8284801,0.38000986,-2.383644,0.0318025425,-0.0442147255,-0.7669064,-0.324434817,-2.04907751,-4.734253,0.472927541,0.111044168,2.63907528,-0.0105434284,-0.0178309679,-1.78144407,0.112067044,-5.331174,-1.29351807,0.8550692,0.0146249272,-1.38442636,0.03851056,0.214441776,0.3062169,2.66201258,2.6173768,3.745763
69,1.3799995110544216,218,0,1,-1.28375518,0,-3.7883997,-2.11377835,0,-6.2323,-2.11377835,0,-6.2323,1,0,0,1,-1.24147964,1.49011612E-08,-3.66375375,0,0,0,-1.24301791,-0.00132636726,-3.66987753,4.059024,0.6904056,-0.06851196,-0.00750272674,0.00103962049,0.008701406,-1.139806,-0.00660121441,-3.334289,0.6570435,0.477307171,0.127703056,1.75136781,-0.01974219,0.02603805,-1.34932971,0.03429988,-4.011982,-7.335968,0.759361863,0.2743368,-1.85657954,-0.06507397,-0.06509423,-0.8906659,-0.0593453944,-2.52480149,-2.75634766,0.498891652,0.245232821,3.21485949,-0.00786506,0.06149614,-1.62097752,0.08429249,-4.85980654,-2.17025757,0.788695753,0.295601159,-2.35401344,-0.0528229,-0.03448844,-0.7207414,-0.332923472,-1.990136,-1.539917,0.599958658,0.10386017,2.79958916,0.0460253879,-0.07819557,-1.77131581,0.231269732,-5.321793,-2.814331,0.772910237,0.0401431657,-1.92264152,-0.0458557829,0.0221022367,0.304847479,2.66201282,2.61333585,3.74282885
70,1.399999503968254,223,0,1,-1.28375518,0,-3.7883997,-2.093,0,-6.176522,-2.093,0,-6.176522,1,0,0,1,-1.2418952,0,-3.66486931,0,0,0,-1.23970616,-0.00126555562,-3.67141032,4.05743551,0.6208904,-0.07266235,-0.009649007,-0.061762087,0.0024752235,-1.148231,0.004203066,-3.37201858,2.23635244,0.36286363,0.2016437,1.523081,-0.08491802,0.0304184556,-1.332633,0.04182358,-3.97027063,-9.214874,0.632302,0.230283245,-1.59682608,-0.129388765,-0.0347254276,-0.9041735,0.0100503266,-2.573962,0.6438627,0.4516153,0.331139416,3.101159,-0.04497999,0.0579704046,-1.58695471,0.128539741,-4.76054955,-4.7048645,0.664139867,0.236816883,-2.179395,-0.112603843,-0.02219987,-0.7543662,-0.100911021,-2.064518,-0.241271973,0.6107146,-0.317932129,1.11116326,0.005664371,-0.2430777,-1.71786416,0.307839572,-5.18746853,-4.358246,0.683120251,0.0261565745,-1.9902786,-0.0978324339,0.00482058525,0.312002778,2.66201258,2.634451,3.75818944
71,1.4199994968820862,227,0,1,-1.28375518,0,-3.7883997,-2.06642222,0,-6.10313654,-2.06642222,0,-6.10313654,1,0,0,1,-1.24242675,0,-3.666337,0,0,0,-1.237024,-0.00121884048,-3.67343354,4.0518465,0.494942456,-0.0753479,-0.0121600218,-0.115942687,-0.00352659728,-1.17006934,0.009835139,-3.43236828,3.48978329,0.1958365,0.2725508,1.17335463,-0.136028275,0.05863726,-1.30960584,0.0405120552,-3.909944,-10.75827,0.447571278,0.202085927,-1.23432708,-0.176055312,-0.005685687,-0.9532641,0.0518224239,-2.69688082,3.988106,0.3235095,0.43906,2.82244372,-0.131166846,0.0623486042,-1.52664638,0.1434128,-4.58779526,-6.864105,0.485465139,0.198739,-1.61669517,-0.163341671,-0.0143623352,-0.789551437,0.0110047758,-2.22141075,0.247156858,0.452649236,-0.7767334,0.7521335,-0.09072729,0.110598207,-1.63713062,0.3152066,-4.96563768,-6.01217651,0.5130078,0.0201486945,-1.76061392,-0.1548127,0.0130906105,0.306234658,2.66201258,2.61742949,3.74580145
72,1.4399994897959183,232,0,1,-1.28375518,0,-3.7883997,-2.047617,0,-6.053641,-2.047617,0,-6.053641,1,0,0,1,-1.24280286,1.49011612E-08,-3.667327,0,0,0,-1.23476207,-0.00116753578,-3.674699,4.04508638,0.3244802,-0.07626343,-0.0130433394,-0.15878506,-0.00870315,-1.19683325,0.009434283,-3.515707,4.284345,-0.00326538086,0.338354349,0.708944738,-0.169246554,0.06999153,-1.28062594,0.0299636722,-3.83016872,-11.8445129,0.22378087,0.188083634,-0.773169458,-0.204119951,0.0190650821,-1.00411785,0.0818641,-2.887308,7.10829067,0.153131038,0.4918954,2.42735815,-0.143892154,0.0226993561,-1.44627893,0.13066259,-4.35651445,-8.672668,0.266218275,0.181065038,-0.9101043,-0.195260525,-0.009770393,-0.836957157,0.0604203343,-2.41167355,1.77483439,0.4532178,-0.2994995,0.98854816,-0.012283884,0.3590901,-1.53295636,0.2930869,-4.672937,-7.578491,0.299915224,0.0275591575,-1.58438683,-0.189608783,0.0211117268,0.306296647,2.66201258,2.61761212,3.745934
73,1.4599994827097504,237,0,1,-1.28375518,0,-3.7883997,-2.02751827,0,-5.99766,-2.02751827,0,-5.99766,1,0,0,1,-1.24320483,0,-3.66844654,0,0,0,-1.2337594,-0.00113551319,-3.67597747,4.037111,0.129664853,-0.07385254,-0.0138879223,-0.182536036,-0.0116345137,-1.22222233,0.00438089669,-3.601533,4.600807,-0.201446533,0.378435165,0.2454216,-0.180416852,0.0668508559,-1.24149823,0.006542161,-3.71644616,-12.2688293,-0.0118103027,0.180830866,-0.134890586,-0.209669769,0.0359716564,-1.067186,0.084389776,-3.102957,9.953561,0.00493356865,0.5012321,1.96389592,-0.144324511,0.00170624256,-1.35562372,0.08698363,-4.09378624,-10.59079,0.0302298069,0.175220728,-0.748994231,-0.207155317,-0.00550112128,-0.915103436,0.0828347653,-2.6730938,2.798162,0.3340298,-0.256317139,0.8234439,-0.0647868961,0.06906444,-1.43544555,0.26144433,-4.39656639,-9.279266,0.06766681,0.0426162966,-1.66288352,-0.20400387,0.0236388445,0.314591348,2.66201258,2.64208937,3.76376343
74,1.4799994756235828,240,0,1,-1.28375518,0,-3.7883997,-2.03970742,0,-6.03589058,-2.03970742,0,-6.03589058,1,0,0,1,-1.242961,0,-3.667682,0,0,0,-1.2329247,-0.00113047659,-3.67554283,4.03172445,-0.07247925,-0.06896973,-0.01174497,-0.1908663,-0.0134877693,-1.23843551,-0.0006734133,-3.65984464,4.58477354,-0.3869629,0.3959419,-0.07612999,-0.179521441,0.0615054071,-1.20539987,-0.0186690688,-3.60811186,-12.0383606,-0.241577148,0.174772143,0.4592487,-0.202209324,0.0475107729,-1.14277375,0.05642177,-3.34913421,11.4235277,-0.1697998,0.48956725,0.858352542,-0.154438019,-0.0112163424,-1.2665391,0.0347756743,-3.8326087,-12.19455,-0.201416016,0.170511186,-0.411571652,-0.203196287,-0.0077919513,-1.03705335,0.06233506,-3.076427,3.57008052,0.154937446,-0.242614746,0.607298434,-0.110439941,0.0474982858,-1.32894135,0.198242933,-4.09031343,-10.7828979,-0.161560059,0.0560127422,-1.48193514,-0.201074556,0.0155285,0.3070904,2.667392,2.61995459,3.75145936
75,1.4999994685374149,243,0,1,-1.27581847,0,-3.79107952,-1.665879,0,-6.24006033,-1.665879,0,-6.24006033,1,0,0,1,-1.2425009,-1.1920929E-06,-3.66627836,0,0,0,-1.23192108,-0.00114841759,-3.67463565,4.031336,-0.1564331,-0.0639343262,-0.008423782,-0.194142714,-0.0159496665,-1.25388384,-0.00590600073,-3.71619487,4.29015827,-0.443084717,0.397528231,-0.389025271,-0.178320363,0.05581996,-1.1763351,-0.0385243,-3.51997066,-11.2738342,-0.342803955,0.166765049,0.9387357,-0.19427076,0.0562621057,-1.23082578,0.012371242,-3.6370542,11.6588135,-0.225769043,0.457146317,0.182209119,-0.147852525,-0.0253770947,-1.18028378,-0.02092567,-3.57619977,-13.1900024,-0.303161621,0.16215384,0.1728996,-0.195489049,-0.01107581,-1.189688,0.0111044347,-3.56699371,3.77660751,0.106677108,-0.2510376,0.166922465,-0.101070009,0.03811259,-1.21176732,0.09589626,-3.74649858,-11.7991333,-0.260040283,0.0626119,-1.020769,-0.193002343,0.00493294,0.308270752,2.66739225,2.64018655,3.76571345
76,1.5199994614512471,248,0,1,-1.26787615,0,-3.79374361,-1.67164278,0,-6.294861,-1.67164278,0,-6.294861,1,0,0,1,-1.23444331,0,-3.66784644,0,0,0,-1.221411,-0.00121735036,-3.67726374,4.034817,-0.236206055,-0.07086182,-0.00591627974,-0.190731958,-0.01817729,-1.26351845,-0.0114604831,-3.792998,3.567305,-0.491271973,0.394144833,-0.777464151,-0.172434643,0.0258484483,-1.14278471,-0.0508043766,-3.452937,-10.0561829,-0.430999756,0.162940562,1.311968,-0.1896608,0.0402998924,-1.31881738,-0.032213524,-3.951382,11.0824556,-0.274932861,0.425427556,-0.509470642,-0.15283753,-0.0232177079,-1.089793,-0.07676309,-3.33022285,-13.5161743,-0.396209717,0.160901278,0.817886949,-0.1848151,-0.00336563587,-1.33360767,-0.0358406752,-4.033203,3.469058,0.00193125207,-0.185028076,-0.2310251,-0.156754211,0.0833075941,-1.08731985,-0.0273882672,-3.39574432,-12.1844177,-0.355957031,0.07277154,-0.431428075,-0.187808737,0.007867515,0.298875332,2.67276669,2.62932444,3.76116419
77,1.5399994543650792,252,0,1,-1.25992835,0,-3.79639053,-1.67117786,0,-6.33483171,-1.67117786,0,-6.33483171,1,0,0,1,-1.2265048,0,-3.669694,0,0,0,-1.21329558,-0.00119844079,-3.67934155,4.04005051,-0.307922363,-0.0742797852,-0.004661591,-0.183224991,-0.01566689,-1.28000152,-0.0148974955,-3.87654066,2.3776176,-0.5326233,0.380090564,-1.20184708,-0.164805546,0.0170387626,-1.11623478,-0.05638458,-3.394442,-8.485291,-0.502685547,0.149260759,1.6256603,-0.1766978,0.03615874,-1.403899,-0.06520015,-4.2507143,9.795039,-0.338409424,0.394205481,-1.120418,-0.151302278,-0.0257645845,-1.005942,-0.120050505,-3.102095,-13.141571,-0.4697876,0.145882145,1.4375968,-0.17013219,-0.011257112,-1.45874774,-0.0700819641,-4.45567369,2.802145,-0.09109497,-0.154907227,-0.5356644,-0.167001367,0.07943308,-0.967438,-0.148645163,-3.05725813,-11.8268127,-0.429443359,0.06966336,0.230456188,-0.170421436,-0.00193612278,0.285778582,2.68350148,2.607205,3.75238156
78,1.5599994472789116,257,0,1,-1.25992835,0,-3.79639053,-2.06717324,0,-6.24161,-2.06717324,0,-6.24161,1,0,0,1,-1.2185849,0,-3.67155838,0,0,0,-1.20635533,-0.00121074915,-3.68105054,4.04573,-0.479034424,-0.07342529,-0.00435502734,-0.163643733,-0.0113103595,-1.29487264,-0.0130607635,-3.950874,0.760331035,-0.671966553,0.3625877,-1.56961811,-0.142353565,0.0105769634,-1.0960412,-0.0542423427,-3.35041237,-6.65835571,-0.6604614,0.123436727,1.84793985,-0.14844878,0.0291798115,-1.4768399,-0.07710306,-4.51326132,7.904696,-0.5057678,0.3645111,-1.63957524,-0.142294019,-0.0279946923,-0.933492661,-0.1450076,-2.9019978,-12.0629883,-0.6321106,0.1123899,2.00317955,-0.145053834,-0.02121067,-1.56315637,-0.08426124,-4.81519127,1.99173868,-0.3293457,-0.0888977051,-0.6525949,-0.18727082,0.0941503644,-0.8585369,-0.251001,-2.74548388,-10.687439,-0.5991821,0.04683721,0.900698543,-0.151518971,-0.0162587166,0.285560071,2.68350172,2.60657454,3.75192714
79,1.5799994401927437,262,0,1,-1.251974,0,-3.79902124,-1.6790874,0,-6.404748,-1.6790874,0,-6.404748,1,0,0,1,-1.21839225,0,-3.67092633,0,0,0,-1.21029747,-0.00114248693,-3.6792407,4.050997,-0.4958191,-0.05606079,-0.004712315,-0.1314834,-0.00507406658,-1.31808424,-0.00502169132,-4.0069356,-1.17312622,-0.651977539,0.337834477,-1.85932875,-0.105352491,0.0263195038,-1.09155452,-0.0460649431,-3.31616116,-4.69229126,-0.6433716,0.07380244,1.994123,-0.09799528,0.0397702456,-1.54174709,-0.0641524345,-4.716354,5.57120466,-0.5348816,0.335747272,-2.02547765,-0.108049363,-0.0419552326,-0.8836611,-0.148578823,-2.73862243,-10.3226929,-0.62286377,0.04635185,2.46481562,-0.103228807,-0.0380471945,-1.64300585,-0.07572368,-5.09168768,1.23524666,-0.3623047,-0.119567871,-0.5853702,-0.13708356,0.0633297563,-0.775305152,-0.326667666,-2.47600627,-8.728516,-0.612609863,0.002931455,1.56626725,-0.116844967,-0.03369975,0.281131685,2.68350124,2.61025214,3.75414848
80,1.5999994331065759,267,0,1,-1.251974,0,-3.79902124,-2.06673217,0,-6.27880335,-2.06673217,0,-6.27880335,1,0,0,1,-1.21063936,1.49011612E-08,-3.67344522,0,0,0,-1.20342875,-0.00125336647,-3.68166018,4.05466,-0.5814514,-0.0499267578,-0.00601514475,-0.082391426,-0.00123339123,-1.31611931,0.00780819356,-4.03796244,-3.33459473,-0.695068359,0.318505138,-1.97223,-0.0492265932,-0.009949088,-1.08296824,-0.0321620256,-3.315936,-2.68878174,-0.678009033,0.02825075,1.9725765,-0.04443312,0.00763440132,-1.57295847,-0.03159231,-4.8511157,2.91387987,-0.620025635,0.312568247,-2.29751825,-0.0824312344,-0.0309692621,-0.841308057,-0.126746938,-2.624859,-7.982086,-0.6650696,-0.018371582,2.85589075,-0.0410391167,-0.0343655348,-1.69475055,-0.05855255,-5.266989,0.169751942,-0.66104126,-0.32711792,-0.65448457,-0.194599092,-0.18161729,-0.7030176,-0.352374375,-2.25828934,-6.61801147,-0.632904053,-0.00674438477,1.85344493,-0.0223222524,-0.0009598732,0.287345529,2.68886137,2.6291523,3.77160239
81,1.619999426020408,272,0,1,-1.244015,0,-3.80163431,-1.67217326,0,-6.419852,-1.67217326,0,-6.419852,1,0,0,1,-1.21057153,0,-3.67323732,0,0,0,-1.20807385,-0.00118009746,-3.67990041,4.057417,-0.4961853,-0.0291442871,-0.006599021,-0.0339966156,0.00692509,-1.32283509,0.0231461823,-4.042928,-5.538666,-0.569213867,0.2873486,-1.98297191,-0.002998624,-0.009633899,-1.090429,-0.0172557533,-3.324074,-0.7811279,-0.5252075,-0.0344238281,1.88948071,0.015102163,0.006396055,-1.58088279,0.0326306373,-4.890311,0.181382969,-0.5364685,0.28074944,-2.358414,-0.0142190978,-0.05640447,-0.8248476,-0.08781849,-2.566543,-5.151245,-0.5162964,-0.101379395,3.07501936,0.02034368,-0.04261768,-1.71403146,0.126204535,-5.334013,-1.36386108,-0.5626831,-0.05130005,-1.44728386,-0.0391405076,0.157954812,-0.6645316,-0.31126067,-2.10612488,-3.75177,-0.4809265,-0.0338439941,2.542252,0.0269256644,-0.0144734383,0.275801659,2.68886137,2.61123562,3.75827
82,1.6399994189342404,277,0,1,-1.244015,0,-3.80163431,-2.04886866,0,-6.257441,-2.04886866,0,-6.257441,1,0,0,1,-1.20303762,0,-3.67648554,0,0,0,-1.20182884,-0.0012845844,-3.68293786,4.05696058,-0.473114,-0.0210266113,-0.0085261,0.0216583945,0.0119111352,-1.30292,0.0346785933,-4.014716,-7.61257935,-0.5022278,0.253111571,-1.77910006,0.05312563,-0.0532616377,-1.092421,-0.00397355855,-3.36102366,0.9836325,-0.4310608,-0.08584595,1.67576718,0.0647463948,-0.0306977034,-1.55936933,0.09263599,-4.856651,-2.51367188,-0.4923706,0.246230453,-2.334401,0.0478817746,-0.0496375561,-0.825179458,-0.0468934625,-2.57569933,-1.97573853,-0.441986084,-0.153533936,3.13442755,0.0575781837,-0.0189349651,-1.70339966,0.2500652,-5.31035662,-2.53646851,-0.51763916,-0.02255249,-1.9852941,0.0431084074,0.00448870659,-0.6518198,-0.3095885,-2.0586822,-0.802154541,-0.5166626,-0.150970459,2.602179,-0.03179586,-0.0200705528,0.275777578,2.68886137,2.61122656,3.758262
83,1.6599994118480725,280,0,1,-1.23605061,0,-3.80423212,-1.62710607,0,-6.315329,-1.62710607,0,-6.315329,1,0,0,1,-1.2035085,0,-3.67792559,0,0,0,-1.20690036,-0.00123517215,-3.6826632,4.05415964,-0.283081055,3.80873971E-05,-0.01055604,0.06725638,0.0202176031,-1.29501688,0.0410126,-3.972424,-9.443909,-0.2725525,0.198110834,-1.53303862,0.09398642,-0.0575588346,-1.10978806,0.006213397,-3.395364,2.5155406,-0.175109863,-0.135955811,1.46215641,0.107828438,-0.0215733647,-1.52595377,0.129299283,-4.75011444,-4.99530029,-0.272674561,0.189978361,-2.13117051,0.0865374655,-0.06867099,-0.8515809,0.0246123224,-2.62550449,1.33997226,-0.2046814,-0.186218262,3.00993347,0.107957467,-0.005105853,-1.657859,0.300066143,-5.168077,-4.21817,-0.2892151,-0.0331115723,-1.88818681,0.08997814,-0.0287311077,-0.6951246,-0.0400182,-2.14503384,-0.0556030273,-0.3645935,-0.6631775,0.6103103,0.022931207,-0.22983706,0.275334477,2.69421625,2.62707782,3.773082
84,1.6799994047619047,285,0,1,-1.22808087,0,-3.80681229,-1.59548581,0,-6.25182629,-1.59548581,0,-6.25182629,1,0,0,1,-1.19617116,0,-3.68177581,0,0,0,-1.20069051,-0.00135287642,-3.686417,4.047434,-0.0436401367,0.007851502,-0.0124367289,0.115378082,0.0251226034,-1.26596761,0.0379544646,-3.910138,-10.945282,0.004918563,0.1434705,-1.145246,0.131357953,-0.09624308,-1.1255517,0.0104697794,-3.46664762,3.718547,0.1179523,-0.147003174,1.070436,0.14761956,-0.0424810052,-1.46232593,0.14295131,-4.571814,-7.10003662,-0.0176696777,0.13496086,-1.53739214,0.119758949,-0.0565983057,-0.894476,0.05945593,-2.76248527,4.5966835,0.0475347452,-0.168151855,2.72670746,0.110857941,0.0157175064,-1.57987034,0.314100832,-4.93624353,-5.8883667,-0.05355835,-0.05380249,-1.75821781,0.104251452,-0.0311024189,-0.732000649,0.0285072029,-2.29259443,0.919696748,-0.195678711,-0.623321533,0.724849463,0.0204957128,0.166776478,0.266915858,2.694216,2.61867261,3.7666285
85,1.6999993976757368,289,0,1,-1.22010577,0,-3.80937576,-1.56449735,0,-6.19390249,-1.56449735,0,-6.19390249,1,0,0,1,-1.18881583,1.49011612E-08,-3.68549776,0,0,0,-1.19471407,-0.00136625767,-3.689741,4.03995371,0.224137381,0.014006624,-0.013090495,0.143407434,0.03080403,-1.23201776,0.0254544914,-3.82749963,-11.9659424,0.298175,0.08500662,-0.660169542,0.141370386,-0.114795133,-1.144831,0.009009823,-3.55348635,4.46000338,0.423332244,-0.142089844,0.607612669,0.164804727,-0.0636389554,-1.38007414,0.1273621,-4.336519,-8.907776,0.260326833,0.0743575245,-0.8816135,0.136623114,-0.05283308,-0.9389292,0.0831718147,-2.95474839,7.638036,0.294305235,-0.174957275,2.34653425,0.12364395,-0.004109502,-1.48334157,0.293679148,-4.64488935,-7.506439,0.21298781,-0.08520508,-1.626802,0.1284084,-0.0318007469,-0.7843097,0.070829764,-2.49001932,1.98550868,-0.0232543945,-0.499359131,0.809850156,0.0408684164,0.175720483,0.255473435,2.699566,2.600742,3.75723076
86,1.7199993905895692,293,0,1,-1.22010577,0,-3.80937576,-1.93944049,0,-6.03091955,-1.93944049,0,-6.03091955,1,0,0,1,-1.181317,0,-3.68875742,0,0,0,-1.1880486,-0.00140412152,-3.69293523,4.03229475,0.381700844,0.01839151,-0.0128143877,0.153988034,0.03460241,-1.18815589,0.00127492845,-3.71519017,-12.3184814,0.467952967,0.0304058511,-0.0220454447,0.136011243,-0.124433532,-1.16340172,0.00320875645,-3.64283037,4.715291,0.6007479,-0.143981934,0.139111012,0.1616069,-0.0869392455,-1.28990006,0.08179713,-4.07415152,-10.803833,0.4205095,0.01556439,-0.7225952,0.135449752,-0.0464760959,-0.996514261,0.08334308,-3.17469549,10.4009275,0.438659817,-0.182342529,1.88156235,0.133673355,-0.009774923,-1.390586,0.259036332,-4.36668825,-9.24115,0.3668686,-0.1199646,-1.69097567,0.132032409,-0.0269559026,-0.862218,0.0828129947,-2.75149059,2.95309782,0.0708290562,-0.429718018,0.8312601,0.06695712,0.094044745,0.26673466,2.69956613,2.63591313,3.78243876
87,1.7399993835034013,295,0,1,-1.2041384,0,-3.81445265,-1.1538868,0,-6.328025,-1.1538868,0,-6.328025,1,0,0,1,-1.18106067,1.49011612E-08,-3.6878922,0,0,0,-1.19057441,-0.00139069557,-3.69163179,4.028,0.775317967,0.0340522937,-0.0101802684,0.151696816,0.03775805,-1.15919554,-0.0222387165,-3.6123004,-12.0169067,0.8632961,-0.0249633789,0.5292737,0.129219338,-0.10798192,-1.18159068,-0.00117328763,-3.68899941,4.66379642,0.9996684,-0.1619873,-0.121042609,0.1506135,-0.07918808,-1.20941186,0.0276111215,-3.81333971,-12.3251038,0.8132096,-0.0476074219,-0.337586015,0.124766946,-0.04990329,-1.075508,0.0504567176,-3.419763,11.5834637,0.821920633,-0.198638916,0.7600049,0.1430402,-0.0158294737,-1.2928344,0.188404828,-4.052155,-10.7281189,0.7581181,-0.162658691,-1.46068132,0.126548067,-0.0297788382,-1.00482,0.0532252938,-3.174996,3.65119,0.5072244,-0.2562561,0.578913867,0.12325047,0.119537905,0.25097394,2.70491028,2.62171745,3.77530527
88,1.7599993764172335,296,0,1,-1.19614732,0,-3.81696653,-1.55456722,0,-6.281259,-1.55456722,0,-6.281259,1,0,0,1,-1.165056,1.49011612E-08,-3.6913414,0,0,0,-1.1712569,-0.00157824159,-3.6968112,4.02876043,1.0478977,0.0231625326,-0.006831205,0.153273553,0.03706254,-1.10748518,-0.0433361232,-3.52473974,-11.2184448,1.12971759,-0.0480957031,1.05041611,0.1134935,-0.151645839,-1.18235314,-0.007413134,-3.76333785,4.34142971,1.264787,-0.162628174,-0.504340768,0.142079219,-0.123720281,-1.11368012,-0.02525714,-3.560639,-13.2690125,1.06705666,-0.06607056,0.220425531,0.117842555,-0.01647295,-1.15726912,0.007952392,-3.715559,11.7364006,1.09042108,-0.178039551,0.11360161,0.124380432,0.0143980533,-1.17370665,0.08680252,-3.71169949,-11.7105713,0.99254626,-0.169555664,-0.98746,0.105300382,0.00661021471,-1.148038,0.0054627955,-3.65553761,3.79995561,0.775085747,-0.198303223,0.127960533,0.109070912,0.06857996,0.254446268,2.71025014,2.65078783,3.79958868
89,1.7799993693310656,296,0,1,-1.19614732,0,-3.81696653,-1.954586,0,-6.20461941,-1.954586,0,-6.20461941,1,0,0,1,-1.15705562,-3.57627869E-06,-3.69287419,0,0,0,-1.16420126,-0.00150668621,-3.6983726,4.03321552,1.17658782,0.0254470557,-0.00440353155,0.132359311,0.04131593,-1.07858455,-0.0551635027,-3.455114,-9.971863,1.23716164,-0.0646972656,1.42744243,0.08614753,-0.138448715,-1.20220709,-0.0131269246,-3.84073663,3.57532668,1.36897981,-0.177581787,-0.910395861,0.108077884,-0.110696167,-1.0257498,-0.08021368,-3.3131218,-13.5498352,1.17997932,-0.0795898438,0.862130642,0.09637744,-0.02235049,-1.25231171,-0.03619069,-4.02837563,11.0930719,1.20469046,-0.174102783,-0.567239463,0.0936825946,0.008261085,-1.05382931,-0.0342011154,-3.36129355,-12.0658569,1.11355019,-0.170928955,-0.40763256,0.1066634,0.0101522207,-1.28937376,-0.0394020975,-4.11520958,3.4573698,0.8840294,-0.170532227,-0.274474263,0.0823772252,0.0668488443,0.2775941,2.71025038,2.72465515,3.85308456
90,1.799999362244898,297,0,1,-1.0998491,0,-3.84582,2.85191059,0,-7.680848,2.85191059,0,-7.680848,1,0,0,1,-1.15688729,0,-3.692203,0,0,0,-1.16576838,-0.001484558,-3.697285,4.03887129,2.71731019,0.0397079363,-0.003482311,0.106778957,0.0416975953,-1.0640099,-0.0587542355,-3.398378,-8.365326,2.7516017,-0.07476807,1.70708609,0.0657675,-0.110499263,-1.2315743,-0.0157473236,-3.91449046,2.33020878,2.87673235,-0.204284668,-1.30224335,0.074672915,-0.08093476,-0.953433752,-0.123912871,-3.08382463,-13.1122437,2.70329547,-0.0896606445,1.49537492,0.06903389,-0.03092122,-1.35117042,-0.06902546,-4.31934071,9.728293,2.72077847,-0.195068359,-1.18743491,0.06976996,0.0006530285,-0.941067934,-0.156830847,-3.02029848,-11.6727295,2.64801836,-0.1687622,0.261454523,0.08123593,0.00111302733,-1.42539263,-0.07363112,-4.531552,2.753005,2.4336853,-0.121307373,-0.5711804,0.07794023,0.07509592,0.1728282,2.731558,2.60348678,3.777489
91,1.8199993551587301,297,0,1,-1.0998491,0,-3.84582,-1.83938813,0,-6.32864475,-1.83938813,0,-6.32864475,1,0,0,1,-1.06306136,-4.157424E-06,-3.719247,0,0,0,-1.04193008,-0.0022572726,-3.73382759,4.04909134,2.76907587,-0.102844238,-0.00355880614,0.06747864,0.028007688,-0.897841454,-0.06533912,-3.341211,-6.66912842,2.70831156,0.07305266,2.257854,-0.07899637,-0.384024739,-1.13253689,-0.0152790248,-4.08325,0.808306634,2.87304759,-0.124023438,-2.01330566,0.00136566907,-0.309387028,-0.788518846,-0.131482929,-2.90133452,-12.1882324,2.616694,0.116333917,1.87086844,-0.0273104236,0.100258529,-1.33387172,-0.0701912344,-4.6140666,7.99544,2.74120927,-0.0480957031,-1.49697948,0.0115995556,0.182624519,-0.7631421,-0.231504247,-2.74784279,-10.5634766,2.53021288,0.0275460854,0.853017,-0.0575177446,0.145558059,-1.44356644,-0.07790922,-4.88263369,1.999099,2.58948183,-0.130187988,-0.6025829,0.122957356,0.0417033434,0.1941086,2.73155856,2.67788434,3.83016372
92,1.8399993480725623,298,0,1,-1.03525972,0,-3.86370754,1.40752852,0,-7.229319,1.40752852,0,-7.229319,1,0,0,1,-1.06341028,1.49011612E-08,-3.71912122,0,0,0,-1.05809963,-0.001219675,-3.72848868,4.05402946,3.63695836,-0.0753479,-0.004219651,-0.06749494,0.05649131,-0.9339845,-0.0486150235,-3.34495759,-4.643463,3.46052814,0.10325034,2.105376,-0.171332076,-0.162451625,-1.16683114,-0.00521989167,-4.078276,-1.18475342,3.63510871,-0.1859436,-1.97132838,-0.17450498,-0.08809829,-0.7250119,-0.152047515,-2.73759437,-10.4252625,3.43227744,0.151798949,2.524043,-0.13007617,-0.07246971,-1.39403939,-0.06758681,-4.82204,5.573643,3.60132742,-0.0963439941,-2.10355353,-0.11328733,0.04466915,-0.642910957,-0.3179944,-2.469504,-8.717133,3.43878841,0.135090455,1.46570516,-0.0428266,0.0180437565,-1.52487946,-0.07839364,-5.194806,1.23924088,3.57191,-0.08773804,-0.590019643,0.0174094439,0.123878866,0.138273239,2.74748421,2.63771653,3.811212
93,1.8599993409863944,300,0,1,-0.9378369,0,-3.888504,3.140123,0,-7.624045,3.140123,0,-7.624045,1,0,0,1,-1.00063932,1.49011612E-08,-3.73602319,0,0,0,-0.9787106,-0.0021250546,-3.74985337,4.060308,4.73662,-0.149627686,-0.00199721754,-0.04993605,0.04865766,-0.844351351,-0.036353752,-3.33610725,-2.7048645,4.64712858,0.217484623,2.25903869,-0.2756283,-0.285245776,-1.09818852,0.009666324,-4.158688,-3.29382324,4.873033,-0.158447266,-2.26972675,-0.254325449,-0.160487473,-0.6315067,-0.124576375,-2.64204,-8.147339,4.583935,0.285741568,2.80427885,-0.2225009,-0.0331025124,-1.37170959,-0.03124252,-4.965719,2.9734602,4.8530674,-0.0471801758,-2.24232078,-0.176895589,0.1731149,-0.4994155,-0.355104446,-2.28306222,-6.693634,4.57478046,0.0811007544,1.76288152,-0.242934257,-0.168447375,-1.50500453,-0.0657291859,-5.37604,0.149579346,4.785682,-0.240753174,-0.705677569,-0.227702036,-0.115791455,0.06380701,2.7633636,2.60755014,3.799943
94,1.8799993339002268,303,0,1,-0.848011,0,-3.90907621,2.90845752,0,-7.47036028,2.90845752,0,-7.47036028,1,0,0,1,-0.906180143,0,-3.759669,0,0,0,-0.8685267,-0.00236704946,-3.77731586,4.06562662,4.8644824,-0.279632568,0.00284086447,-0.404018,0.0592277981,-0.7371742,-0.0216098428,-3.35927486,-0.879058838,5.70824,0.347196221,2.297467,-0.3713855,-0.418553352,-0.989555538,0.0279839784,-4.207425,-5.433563,6.00424242,-0.105316162,-2.40522361,-0.366962,-0.216182,-0.5073048,-0.08586182,-2.60183549,-5.449768,5.60759926,0.426094383,2.97964287,-0.241989911,-0.08408761,-1.27263594,0.0302572548,-5.041941,0.33760798,5.95983934,0.0568915,-2.26397228,-0.178837433,0.251801729,-0.360978365,-0.29968065,-2.163407,-3.96548462,5.47697067,0.1188919,2.41652036,-0.359027326,-0.178618073,-1.41972458,0.121081978,-5.4618926,-1.34274292,5.865415,0.06596191,-1.34066784,-0.1971521,0.246891022,0.00242578983,2.768646,2.60293937,3.800092
95,1.8999993268140589,307,0,1,-0.757733345,0,-3.92757463,3.088076,0,-7.35845852,3.088076,0,-7.35845852,1,0,0,1,-0.819494843,1.49011612E-08,-3.78040552,0,0,0,-0.766135156,-0.00182670355,-3.800308,4.06681061,4.76438761,-0.388122559,0.002432501,-0.555861354,0.08254998,-0.650729239,-0.00675267,-3.40098071,0.7752557,6.52248049,0.459235877,2.13322163,-0.5907569,-0.463336468,-0.8784261,0.0425411463,-4.21053076,-7.42297363,6.89537859,-0.0298461914,-2.25092149,-0.6200385,-0.183276534,-0.414132744,-0.0495705456,-2.6244483,-2.46105957,6.48974466,0.55016017,3.00915527,-0.377018929,-0.160731316,-1.1530931,0.086351946,-5.03911543,-2.24066162,6.878799,0.170482874,-2.21434116,-0.35012,0.30553627,-0.237216145,-0.318471223,-2.1331687,-0.8650818,6.534812,-0.284667969,2.70469356,-0.2892021,-0.462044716,-1.30244279,0.237295032,-5.4729557,-2.67938232,6.857857,0.5511954,-1.868897,-0.305201352,0.319078922,-0.0586817265,2.773923,2.59675622,3.80016255
96,1.9199993197278911,310,0,1,-0.658794,0,-3.94537544,3.68561,0,-7.277301,3.68561,0,-7.277301,1,0,0,1,-0.732506156,1.49011612E-08,-3.79982948,0,0,0,-0.6675896,-0.00145672262,-3.82007027,4.065046,4.75952768,-0.454101563,0.00236829557,-0.61032486,0.110331267,-0.5711306,0.005466506,-3.4536047,2.2233777,7.24026346,0.514722764,1.89997721,-0.768501759,-0.492575169,-0.7652522,0.0510023832,-4.186567,-9.179932,7.675367,0.07606534,-1.971282,-0.8417077,-0.12777251,-0.334070534,0.01641199,-2.68640637,0.693653,7.37997341,0.613174856,2.90867949,-0.494783968,-0.243653417,-1.01318967,0.121595122,-4.96526766,-4.643982,7.701328,0.308350265,-2.04282951,-0.536312461,0.342131138,-0.171680465,-0.05328092,-2.23244667,-0.08807373,7.768698,-0.737792969,0.605473459,-0.159409314,-0.2297731,-1.13126826,0.2891935,-5.37674141,-4.1852417,7.76887226,0.703918636,-1.847319,-0.478517234,0.304415941,-0.125705123,2.77919459,2.5846436,3.79738164
97,1.9399993126417232,312,0,1,-0.600883663,0,-3.95460939,1.80710328,0,-6.805542,1.80710328,0,-6.805542,1,0,0,1,-0.6370257,1.49011612E-08,-3.81849861,0,0,0,-0.561525,-0.00137497485,-3.83878779,4.059988,4.093551,-0.495422363,0.00308060646,-0.664834142,0.133280039,-0.4910172,0.012361154,-3.52929,3.33161974,7.205409,0.52472,1.56022441,-0.902692139,-0.5138552,-0.6391507,0.0514134467,-4.14736748,-10.5984192,7.68018,0.232257083,-1.62792027,-1.01765633,-0.100961685,-0.2761208,0.0470254123,-2.82889152,3.78299212,7.41289139,0.6274926,2.619331,-0.7191343,-0.2976321,-0.839901447,0.132647783,-4.81811857,-6.668701,7.73560762,0.485546052,-1.483457,-0.6978839,0.32843858,-0.09742972,0.0147220343,-2.39726186,0.431274652,7.8619647,-0.823364258,0.6743015,-0.612451851,0.2944043,-0.917474866,0.2946643,-5.18374,-5.75805664,7.83701468,0.893158436,-1.64290285,-0.677723646,0.3199861,-0.1613748,2.779195,2.59656119,3.80684876
98,1.9599993055555556,315,0,1,-0.5179322,0,-3.96632671,3.171645,0,-6.887725,3.171645,0,-6.887725,1,0,0,1,-0.581365049,1.49011612E-08,-3.82857227,0,0,0,-0.5089727,-0.000900268555,-3.84602118,4.05511475,4.181487,-0.444152832,-3.40491533E-06,-0.564106464,0.145327389,-0.472030461,0.0117712319,-3.63470817,4.035964,7.304872,0.435781151,0.967361867,-1.05102551,-0.400539935,-0.559333563,0.0377257764,-4.05547762,-11.5951233,7.77732372,0.393580616,-1.02250791,-1.17137,-0.00225567818,-0.273630232,0.07259804,-3.02264953,6.748284,7.54136324,0.503638268,2.30164242,-0.9321656,-0.376441956,-0.690202355,0.121586651,-4.59883,-8.450562,7.87807274,0.6352538,-0.888697,-0.9195998,0.2273174,-0.0805614,0.0546300858,-2.582885,1.69298959,8.0049715,-0.368682861,0.88252455,-0.8752425,0.321894854,-0.720153,0.279047221,-4.92758465,-7.299103,8.045592,1.064117,-1.53038692,-0.879879057,0.288533926,-0.216729641,2.77919483,2.58482742,3.80160856
99,1.9799992984693877,319,0,1,-0.4514073,0,-3.97444773,2.48733568,0,-6.677845,2.48733568,0,-6.677845,1,0,0,1,-0.501154,-3.56137753E-06,-3.840891,0,0,0,-0.424985766,-0.00140558183,-3.85731816,4.049444,3.97363329,-0.4165039,0.0007512588,-0.5860461,0.140992641,-0.408671081,0.008163065,-3.72849727,4.24186,7.158414,0.3110159,0.5411781,-1.06661856,-0.4051783,-0.439915061,0.0167024285,-3.954772,-11.9114685,7.60029,0.586249053,-0.425074428,-1.20677185,-0.07468859,-0.2555826,0.07341605,-3.24824,9.4362545,7.379701,0.334338754,1.82036984,-0.956694245,-0.352507055,-0.513765633,0.07713601,-4.348732,-10.3346863,7.67424774,0.8241847,-0.715883553,-0.9875853,0.228645623,-0.0737404,0.07246201,-2.85166836,2.57853651,7.816184,-0.274414063,0.728094757,-0.911118865,0.004820794,-0.5160738,0.249570549,-4.67234373,-8.997986,7.80554628,1.26205528,-1.628311,-1.031582,0.317261815,-0.26019156,2.76864576,2.58069515,3.793822
100,1.9999992913832199,323,0,1,-0.3930912,0,-3.980638,2.18144751,0,-6.62997,2.18144751,0,-6.62997,1,0,0,1,-0.436720133,1.49011612E-08,-3.84803867,0,0,0,-0.362282634,-0.00115184486,-3.86272621,4.046069,3.765546,-0.3647766,0.0006599743,-0.562849164,0.137021646,-0.359378576,0.003063187,-3.80042434,4.117616,6.821886,0.134803444,0.1682378,-1.11387694,-0.360888124,-0.3479302,-0.007841274,-3.85123158,-11.6112366,7.20222473,0.7650501,0.181322828,-1.25197518,-0.103398919,-0.256812572,0.0479559,-3.50069666,10.8735161,7.017408,0.122553729,0.749476,-1.02292192,-0.258089483,-0.3594741,0.028699331,-4.09710455,-11.8563232,7.262214,0.9851555,-0.343164563,-1.0684706,0.1576446,-0.116502389,0.0544365346,-3.24625254,3.25192666,7.4193325,-0.227111816,0.538083732,-0.996857762,-0.009709641,-0.326218545,0.185751855,-4.371846,-10.4555359,7.399357,1.4261663,-1.41046512,-1.08639562,0.263061821,-0.2980107,2.75807571,2.57741141,3.78666639
101,2.019999284297052,326,0,1,-0.343038529,0,-3.98526287,1.85773,0,-6.62813425,1.85773,0,-6.62813425,1,0,0,1,-0.3801931,0,-3.85270023,0,0,0,-0.3091187,-0.00118507445,-3.86587715,4.04630947,3.57290363,-0.3034668,0.00136932451,-0.5264015,0.124875054,-0.317368746,-0.0019967705,-3.864868,3.73962545,6.322761,-0.0675354,-0.1724718,-1.132329,-0.2999733,-0.274036318,-0.028022185,-3.76213074,-10.8033142,6.631138,0.9128978,0.6863607,-1.25519109,-0.133113742,-0.273278862,0.00768141448,-3.79234815,11.0439034,6.47486639,-0.106048584,0.104444377,-1.06629264,-0.193088874,-0.225050434,-0.0237003416,-3.84139585,-12.8005981,6.6685915,1.10077477,0.2228157,-1.12529707,0.0499633066,-0.18288666,0.00697919726,-3.73969841,3.41032362,6.843267,-0.190765381,0.1273924,-1.06762362,0.04291453,-0.14656274,0.08731158,-4.032208,-11.4340515,6.80815125,1.539371,-0.966322,-1.15134549,0.158872753,-0.33030355,2.74748445,2.57504416,3.78002954
102,2.0399992772108844,330,0,1,-0.3096411,0,-3.98799753,1.10373986,0,-6.59811735,1.10373986,0,-6.59811735,1,0,0,1,-0.331715882,0,-3.85603523,0,0,0,-0.2655896,-0.00122538209,-3.867697,4.04942465,3.27489471,-0.2376709,0.00146392453,-0.48425293,0.109427191,-0.2888927,-0.007543385,-3.94929934,2.97514153,5.577711,-0.2657776,-0.611839235,-1.11512065,-0.209420726,-0.2158055,-0.0421127826,-3.68349361,-9.575806,5.818894,1.0085777,1.11356413,-1.21776617,-0.166028768,-0.297896564,-0.0306626111,-4.110922,10.4455175,5.688593,-0.322692871,-0.5426241,-1.07160807,-0.108903974,-0.111851424,-0.07405563,-3.58803368,-13.1172485,5.8220706,1.14840484,0.8252502,-1.14336967,-0.072274,-0.240772471,-0.0338151455,-4.206941,3.112878,6.037167,-0.166778564,-0.2292035,-1.07809973,0.08284807,0.009299837,-0.0272412971,-3.67850184,-11.7996826,5.94453859,1.57456124,-0.411925,-1.18758011,0.0264324322,-0.349643,2.73687172,2.59877419,3.790296
103,2.0599992701247163,334,0,1,-0.251143515,0,-3.99210835,2.41461635,0,-6.712988,2.41461635,0,-6.712988,1,0,0,1,-0.299435824,-2.36928463E-06,-3.85784864,0,0,0,-0.242033914,-0.00120589137,-3.8684094,4.052535,3.4919703,-0.15612793,-0.00321121188,-0.5693412,0.08936028,-0.281918675,-0.010872066,-4.042581,1.78470469,5.23809958,-0.439147949,-1.076164,-1.02052712,-0.09588364,-0.184402749,-0.04932922,-3.61016,-8.027008,5.428519,1.01901174,1.47291,-1.09660614,-0.19254303,-0.329402059,-0.0575388372,-4.416553,9.180083,5.3107667,-0.507049561,-1.10868371,-1.03710973,-0.0361618474,-0.0310043581,-0.112732008,-3.34733462,-12.7808228,5.39981031,1.0860368,1.39899373,-1.10511339,-0.207912147,-0.294242263,-0.06271148,-4.62957859,2.51291633,5.623171,-0.136688232,-0.474844366,-1.06182384,0.115003288,0.12556991,-0.138439715,-3.33012867,-11.4625549,5.49153948,1.48495257,0.196139991,-1.1599673,-0.134738714,-0.388556,2.71558475,2.581998,3.767239
104,2.0799992630385487,338,0,1,-0.20932585,0,-3.99451923,1.66982853,0,-6.661847,1.66982853,0,-6.661847,1,0,0,1,-0.2427224,-5.364418E-06,-3.86128235,0,0,0,-0.18393293,-0.00144314766,-3.87081814,4.05751657,3.408857,-0.129669189,-0.000112382695,-0.4341477,0.07677172,-0.227793783,-0.008271083,-4.104995,0.15317215,4.780122,-0.5258789,-1.36597669,-0.955361068,-0.0683455542,-0.117564484,-0.0464076549,-3.57864976,-6.199341,4.92942333,0.990080953,1.62783754,-1.03891158,-0.289560676,-0.31793,-0.0684746057,-4.68367767,7.25974846,4.821937,-0.579071045,-1.66253293,-0.941114843,0.09603095,0.05654129,-0.139555037,-3.13937449,-11.7091064,4.84831,0.9867683,1.99545562,-1.00472963,-0.2791841,-0.306627482,-0.07571763,-5.00549269,1.7335999,5.073315,-0.198730469,-0.5719077,-1.004866,0.148869485,0.22847639,-0.241363734,-2.99794769,-10.3595276,4.8649683,1.32881832,0.854427636,-1.09532046,-0.230156064,-0.415168762,2.70491028,2.58545661,3.76476955
105,2.099999255952381,341,0,1,-0.1758546,0,-3.99613237,1.32131779,0,-6.658581,1.32131779,0,-6.658581,1,0,0,1,-0.202280939,0,-3.86296082,0,0,0,-0.151407868,-0.00122365355,-3.87173247,4.05964,3.30505514,-0.08251953,-0.00434626639,-0.489148766,0.072605595,-0.200613827,-0.000822708,-4.167676,-1.76889038,4.30168533,-0.579284668,-1.64273751,-0.8411642,-4.993379E-05,-0.08463769,-0.03891194,-3.54518414,-4.266144,4.432311,0.870918155,1.75502789,-0.9009066,-0.327157676,-0.304319024,-0.05437091,-4.89016628,4.92103958,4.292089,-0.5866699,-2.01947212,-0.8699771,0.156300187,0.114672586,-0.139933035,-2.97229481,-9.986755,4.34950829,0.7724397,2.44399548,-0.883663654,-0.388229,-0.308934,-0.07079123,-5.27653265,1.064182,4.42336559,-0.07861328,-0.469082564,-0.967116356,0.214439631,0.291042447,-0.315669417,-2.715803,-8.735901,4.31690264,1.2652154,1.36393869,-0.931787252,-0.184329391,-0.4365872,2.69421554,2.58736348,3.76083183
106,2.1199992488662129,345,0,1,-0.142371014,0,-3.99746513,1.37821341,0,-6.65378857,1.37821341,0,-6.65378857,1,0,0,1,-0.169935271,-4.157424E-06,-3.86438942,0,0,0,-0.126622662,-0.001268506,-3.872394,4.060312,3.247864,-0.0321044922,-0.006207185,-0.4836465,0.06725502,-0.178643212,0.0109441131,-4.204243,-3.87802124,3.949681,-0.5761719,-1.79385567,-0.7304708,0.0614262521,-0.06363712,-0.0273260474,-3.53314042,-2.327179,4.0791297,0.6831011,1.7788986,-0.770840049,-0.338581622,-0.284108639,-0.01884608,-5.02075,2.32655573,3.9178195,-0.5499573,-2.23538566,-0.753827333,0.19286266,0.138445392,-0.118059456,-2.851241,-7.69177246,3.99333215,0.504997432,2.78497481,-0.741292,-0.4378749,-0.292115241,-0.03482896,-5.441795,0.06130332,3.880295,-0.09033203,-0.827647746,-0.839833558,-0.366205931,0.3207692,-0.322189718,-2.491271,-6.60757446,3.9264307,0.3423857,1.958417,-0.8179996,-0.8411025,-0.457741737,2.688861,2.59556341,3.76516271
107,2.1399992417800453,349,0,1,-0.117253065,0,-3.99828148,1.01415336,0,-6.634667,1.01415336,0,-6.634667,1,0,0,1,-0.137536123,0,-3.86558819,0,0,0,-0.10022644,-0.00132060051,-3.87285566,4.060331,3.12552142,0.0103534851,-0.006980976,-0.42983225,0.06442816,-0.148935035,0.024076283,-4.205493,-6.01400757,3.61855483,-0.522491455,-1.7614311,-0.6161853,0.07958713,-0.0403119847,-0.0137477666,-3.54745579,-0.4842224,3.75596929,0.45283702,1.66444707,-0.646803,-0.363544166,-0.247311264,0.04472129,-5.05496454,-0.342834473,3.57243872,-0.469909668,-2.29656458,-0.6022296,0.211308479,0.151676849,-0.08020371,-2.79020214,-4.92202759,3.67318964,0.228815317,3.00337029,-0.6110469,-0.443115354,-0.259650618,0.149984881,-5.51173735,-1.4432373,3.52102947,-0.223297119,-1.533189,-0.616804,0.146889865,0.312221318,-0.29585883,-2.328938,-3.82278442,3.563506,0.08619359,2.485745,-0.653858542,-0.452100456,-0.474535942,2.67813587,2.580706,3.74935174
108,2.1599992346938777,354,0,1,-0.100504182,0,-3.99873734,0.638256848,0,-6.579962,0.638256848,0,-6.579962,1,0,0,1,-0.113269314,-1.1920929E-06,-3.86713815,0,0,0,-0.08388439,-0.00130474567,-3.87397146,4.05712175,2.94958234,0.0575161576,-0.008754395,-0.3662563,0.06488807,-0.1263381,0.03413932,-4.182243,-7.98828125,3.296353,-0.451477051,-1.60524774,-0.5085495,0.08565731,-0.03034412,-0.002359435,-3.57543182,1.1737653,3.45044971,0.197592273,1.48890078,-0.52447,-0.351998866,-0.209062025,0.100564048,-5.015064,-2.932953,3.25807214,-0.3781128,-2.22847152,-0.473966062,0.1959818,0.1470004,-0.0432169437,-2.79698539,-1.844574,3.39729285,-0.0614318848,3.03381419,-0.472013861,-0.4326074,-0.223537356,0.265262753,-5.471076,-2.66012573,3.25512123,-0.177734375,-1.99127054,-0.4685663,0.1482586,0.2820752,-0.310813427,-2.27250338,-0.83795166,3.249372,6.69650253E-05,2.63424778,-0.497139066,-0.238880277,-0.485400081,2.67813635,2.57692337,3.748141
109,2.1799992276077096,358,0,1,-0.09212954,0,-3.99893856,0.249189615,0,-6.494727,0.249189615,0,-6.494727,1,0,0,1,-0.09711333,-2.98023224E-06,-3.869044,0,0,0,-0.07620786,-0.00131519139,-3.87528348,4.051348,2.728128,0.108712681,-0.0108481115,-0.295278221,0.06508496,-0.110927343,0.03803751,-4.139958,-9.705933,2.97304678,-0.37890625,-1.35184968,-0.404002935,0.07576722,-0.031813547,0.006273791,-3.6096096,2.59965444,3.15151858,-0.0519714355,1.28525829,-0.404760242,-0.313373566,-0.174062535,0.1282827,-4.902681,-5.2829895,2.935217,-0.3050537,-2.01771569,-0.378353417,0.1619384,0.1287101,0.0242365,-2.8446064,1.37525332,3.13625288,-0.340667725,2.91346264,-0.319737375,-0.4041782,-0.186033726,0.2954411,-5.32393169,-4.30480957,2.92366743,-0.113616943,-1.82781124,-0.386847258,0.136895925,0.24511987,-0.0438680649,-2.3637054,-0.263824463,3.173598,-0.502197266,0.546773553,-0.257245719,-0.292602628,-0.4900769,2.67276645,2.60481167,3.76416
110,2.199999220521542,362,0,1,-0.07537907,0,-3.99928951,0.683163762,0,-6.44730568,0.683163762,0,-6.44730568,1,0,0,1,-0.08904234,-4.172325E-06,-3.87034345,0,0,0,-0.0768375,-0.00132118165,-3.87641263,4.04286861,2.70742583,0.163032115,-0.0121869966,-0.219252422,0.0644919649,-0.103797652,0.03480184,-4.082025,-11.0658264,2.879942,-0.316864,-1.02010679,-0.30236423,0.0573235154,-0.040617317,0.00975364447,-3.67155147,3.66781044,3.08736873,-0.292114258,0.9462813,-0.2957153,-0.27033937,-0.145693183,0.134895563,-4.717496,-7.225769,2.836049,-0.251464844,-1.38101566,-0.2894305,0.101617515,0.09310688,0.05850151,-2.98169446,4.49592161,3.08178425,-0.578216553,2.60081387,-0.268651873,-0.339815944,-0.150273353,0.297217458,-5.07480049,-5.88647461,2.81178951,-0.0643310547,-1.65871036,-0.302785754,0.09895478,0.1942197,0.0272189826,-2.50411487,0.902008533,3.08780384,-0.5679016,0.8095822,-0.3468513,0.06780148,-0.501336455,2.67276669,2.58485937,3.75186849
111,2.2199992134353739,368,0,1,-0.07537907,0,-3.99928951,-0.129314184,0,-6.36304855,-0.129314184,0,-6.36304855,1,0,0,1,-0.07279279,0,-3.87202859,0,0,0,-0.0632716045,-0.00144648552,-3.87806463,4.03452158,2.51706314,0.191483721,-0.0130983032,-0.153303459,0.0590256639,-0.078561224,0.0197629631,-3.98904824,-11.9489136,2.63023376,-0.249969482,-0.504044652,-0.232273251,-0.00725403056,-0.0338082723,0.007585779,-3.76008,4.30363226,2.85023618,-0.4857788,0.477478027,-0.2257036,-0.262544036,-0.10760127,0.115170062,-4.47411633,-8.955841,2.57708549,-0.192749023,-0.8109617,-0.219332874,0.0785879344,0.06968437,0.07834628,-3.16808558,7.424905,2.75374842,-0.7666626,2.24672771,-0.252567679,-0.265166134,-0.111684307,0.273569733,-4.78274775,-7.43988037,2.531413,-0.01626587,-1.55782187,-0.238330036,0.0916536152,0.154395,0.067364186,-2.698997,1.93338919,2.66932058,-0.4880371,0.778925061,-0.379328668,0.08173744,-0.5015069,2.67276621,2.57800674,3.74717331
112,2.2399992063492062,373,0,1,-0.07537907,0,-3.99928951,-0.12653847,0,-6.333115,-0.12653847,0,-6.333115,1,0,0,1,-0.0728483051,0,-3.87262726,0,0,0,-0.0707607642,-0.00132703781,-3.87864137,4.02601337,2.3683672,0.234345451,-0.0123552736,-0.115333363,0.0569964945,-0.07773399,-0.00270198286,-3.87863541,-12.14444,2.41904879,-0.207275391,0.07324204,-0.186894715,-0.0131704491,-0.0520242229,0.00245921314,-3.83872485,4.441697,2.64340377,-0.6647949,0.0748363063,-0.182991892,-0.189026624,-0.0872533545,0.06602428,-4.20628548,-10.7348328,2.373376,-0.167724609,-0.6393654,-0.178673714,0.0413465947,0.0343733951,0.07545344,-3.38591814,10.0504742,2.478606,-0.9510498,1.76011169,-0.212844729,-0.229399,-0.0893794447,0.233933017,-4.497923,-9.089081,2.331731,0.0008895421,-1.60965383,-0.177058861,0.06365685,0.108963132,0.07590778,-2.96589017,2.822434,2.34929776,-0.5213623,0.7651773,-0.2950403,-0.0237543657,-0.501531363,2.67276645,2.576713,3.74628687
113,2.2599991992630386,378,0,1,-0.07537907,0,-3.99928951,-0.127743974,0,-6.38249159,-0.127743974,0,-6.38249159,1,0,0,1,-0.072824195,0,-3.87163973,0,0,0,-0.074397184,-0.00141528249,-3.87801576,4.0216136,2.25780058,0.265760034,-0.009603014,-0.08023092,0.04934968,-0.0733592361,-0.02533868,-3.775209,-11.7350159,2.25338817,-0.1708374,0.609780669,-0.141970038,-0.04038714,-0.0602326356,-0.00182665884,-3.88973069,4.29288673,2.46213961,-0.8152466,-0.196563363,-0.144995376,-0.159876347,-0.0721657649,0.0147600621,-3.94363737,-12.08963,2.20682645,-0.1496582,-0.22243081,-0.145358443,0.0206665415,0.000948032364,0.0440275148,-3.63361049,11.1638727,2.21761918,-1.10299683,0.6698857,-0.176664636,-0.148663118,-0.0694050938,0.159576923,-4.17270851,-10.4311523,2.155461,0.005968304,-1.32708228,-0.155579984,0.0392050967,0.046365656,0.04652737,-3.39510036,3.43552184,2.12963653,-0.39364624,0.539445639,-0.2064791,0.09323516,-0.5010433,2.67276621,2.60263348,3.76409674
114,2.2799991921768705,381,0,1,-0.07537907,0,-3.99928951,-0.129430041,0,-6.45838,-0.129430041,0,-6.45838,1,0,0,1,-0.07279047,1.49011612E-08,-3.870122,0,0,0,-0.07712672,-0.00146263838,-3.87699366,4.02262163,2.180002,0.288119942,-0.006115866,-0.04988718,0.04332426,-0.06962231,-0.0426802039,-3.68824053,-10.8292542,2.12795138,-0.142425537,1.05667436,-0.103629895,-0.06513003,-0.0681903,-0.006526768,-3.9479804,3.86692071,2.30317354,-0.938293457,-0.5056743,-0.1081475,-0.1316531,-0.05867648,-0.0387267321,-3.6828773,-12.8547363,2.07638216,-0.135864258,0.3577775,-0.1129937,-0.002123503,-0.0343249142,0.001790747,-3.928894,11.1990051,2.04114127,-1.20672607,0.00849712547,-0.137265816,-0.08470255,-0.0526266731,0.055390358,-3.81852818,-11.2616577,2.01217747,0.00319768023,-0.8447995,-0.125300735,0.01782377,-0.0149401166,-0.00167867541,-3.8879714,3.518267,1.97903,-0.325042725,0.102463149,-0.134801716,0.09837587,-0.5014949,2.67276621,2.57864523,3.74761081
115,2.2999991850907029,386,0,1,-0.07537907,0,-3.99928951,-0.130753264,0,-6.51279926,-0.130753264,0,-6.51279926,1,0,0,1,-0.07276401,0,-3.86903358,0,0,0,-0.07884784,-0.00148510933,-3.876209,4.027728,2.12446022,0.301940054,-0.00376586383,-0.0298109725,0.0375107862,-0.06616459,-0.0534358025,-3.61415339,-9.512329,2.03091383,-0.119293213,1.43015766,-0.0776388943,-0.08334142,-0.07717544,-0.0113703012,-4.02684259,3.03063679,2.162804,-1.02828979,-0.910526156,-0.07924235,-0.0965946,-0.0471081957,-0.08777763,-3.43071866,-12.9810791,1.976867,-0.124053955,0.968263745,-0.08657185,-0.0206835419,-0.06904977,-0.0376037359,-4.24383068,10.4736958,1.89696681,-1.26403809,-0.6386648,-0.117877185,-0.0268975087,-0.03846018,-0.0601733178,-3.46029687,-11.45459,1.90618944,-0.0051574707,-0.2616409,-0.09407687,-0.00117858406,-0.06576228,-0.0426408947,-4.35154772,3.151012,1.85265338,-0.277191162,-0.26504764,-0.114251606,0.107365854,-0.5011498,2.67276645,2.596973,3.76019955
116,2.3199991780045353,391,0,1,-0.07537907,0,-3.99928951,-0.131405562,0,-6.550684,-0.131405562,0,-6.550684,1,0,0,1,-0.07275096,0,-3.868276,0,0,0,-0.07941841,-0.00149810314,-3.8755815,4.034587,2.07564139,0.307613462,-0.00282806973,-0.0245283935,0.0310212672,-0.06285448,-0.0565576255,-3.5540936,-7.87072754,1.94405925,-0.0977478,1.72109962,-0.068705976,-0.09320551,-0.0853669941,-0.0131496638,-4.107672,1.74810851,2.03146052,-1.08322144,-1.31491947,-0.06554535,-0.05984181,-0.03761611,-0.124150768,-3.19896126,-12.4301453,1.89210224,-0.109039307,1.56049049,-0.0739757046,-0.033021614,-0.100011125,-0.06453991,-4.54079628,9.071111,1.777659,-1.27914429,-1.219866,-0.107412405,0.0232820213,-0.0261542685,-0.170471013,-3.115929,-10.9217834,1.8236289,-0.0124206543,0.376894623,-0.074498646,-0.0145100579,-0.110056132,-0.07112341,-4.76944065,2.48604321,1.73138154,-0.23260498,-0.5137585,-0.104832776,0.129090369,-0.5015454,2.67276669,2.57596636,3.74577522
117,2.3399991709183672,396,0,1,-0.07537907,0,-3.99928951,-0.131392524,0,-6.58726931,-0.131392524,0,-6.58726931,1,0,0,1,-0.072751224,0,-3.86754417,0,0,0,-0.0790521,-0.00147470832,-3.87484455,4.04170036,2.01880813,0.306319743,-0.00280291052,-0.0332002863,0.0239916388,-0.06018691,-0.0520590842,-3.511287,-6.003937,1.85043621,-0.0756835938,1.91354012,-0.07509314,-0.0944215357,-0.0922079459,-0.009512648,-4.176791,0.06779801,1.90082049,-1.10281372,-1.65233219,-0.06558209,-0.0222957581,-0.0302360617,-0.141821742,-3.00010848,-11.2004089,1.8045187,-0.08828735,2.0958426,-0.07633518,-0.04118906,-0.126782253,-0.07013984,-4.795912,7.09929276,1.66778553,-1.25588989,-1.70853174,-0.101034909,0.06748904,-0.0149444249,-0.260839522,-2.80196619,-9.629669,1.74544692,-0.0130004883,1.02373827,-0.07049404,-0.0237660483,-0.148978785,-0.07938166,-5.11952448,1.736975,1.62620246,-0.149902344,-0.5815521,-0.0957093,0.1594132,-0.5015129,2.67276621,2.57769012,3.746956
118,2.3599991638321995,401,0,1,-0.07537907,0,-3.99928951,-0.130692169,0,-6.609645,-0.130692169,0,-6.609645,1,0,0,1,-0.07276523,1.49011612E-08,-3.86709666,0,0,0,-0.07787904,-0.00144208968,-3.87435126,4.04773474,1.94130111,0.299136162,-0.00363090681,-0.0538270921,0.0164085925,-0.05816143,-0.0417259634,-3.487043,-4.017761,1.73539543,-0.0529785156,2.00582623,-0.09444516,-0.08908887,-0.09815827,-0.0002657622,-4.22512245,-1.90933228,1.76534581,-1.08532715,-1.87732649,-0.07592009,0.01995828,-0.0247664638,-0.142592639,-2.84356546,-9.315033,1.69711447,-0.06283569,2.55385852,-0.09481867,-0.04703881,-0.151826054,-0.0533710867,-4.98680353,4.70858431,1.59006679,-1.18725586,-2.07240677,-0.09438307,0.111964166,-0.00585493445,-0.3449208,-2.546503,-8.271301,1.64612281,0.07006893,1.47940207,-0.09183857,-0.0650319457,-0.178067192,-0.06848414,-5.38478661,0.7295894,1.52205884,-0.436035156,-0.5013973,-0.09507925,0.149304256,-0.5014585,2.67276669,2.58058119,3.7489388
119,2.3799991567460315,407,0,1,-0.07537907,0,-3.99928951,-0.129660264,0,-6.62554741,-0.129660264,0,-6.62554741,1,0,0,1,-0.07278587,0,-3.86677861,0,0,0,-0.07614863,-0.00140121579,-3.87355423,4.053288,1.83498013,0.287564218,-0.004470711,-0.08248473,0.008601546,-0.0577898547,-0.027042672,-3.48765349,-2.05032349,1.59028733,-0.0303344727,1.96736145,-0.122270286,-0.07546659,-0.102102153,0.013609916,-4.251216,-4.067047,1.619104,-1.03106689,-1.988407,-0.09540921,0.0611896366,-0.023497792,-0.106003031,-2.73949075,-6.865326,1.55855024,-0.0346069336,2.8856082,-0.121888936,-0.0487773269,-0.170149475,-0.010066852,-5.101474,2.056992,1.46846926,-1.08465576,-2.28427863,-0.09451168,0.146727279,0.000143420883,-0.2829825,-2.32413,-5.79248047,1.49557793,0.07396411,2.260458,-0.1521366,-0.111488506,-0.200393423,0.0193145871,-5.52437735,-0.0168457031,1.44442058,-0.8562927,-1.0985893,-0.0703385,-0.0502614975,-0.501078844,2.67276621,2.60072374,3.76278138
120,2.3999991496598638,412,0,1,-0.07537907,0,-3.99928951,-0.127396032,0,-6.584456,-0.127396032,0,-6.584456,1,0,0,1,-0.0728311539,1.49011612E-08,-3.86760044,0,0,0,-0.07391865,-0.00134912133,-3.873882,4.05555725,1.69340229,0.272213519,-0.006737199,-0.11728052,0.0004318112,-0.0582971722,-0.0128430426,-3.504958,-0.171661377,1.40834653,-0.008392334,1.84933412,-0.1558641,-0.05753696,-0.1032219,0.0276450217,-4.243367,-6.21865845,1.45387149,-0.940979,-1.92157745,-0.123544477,0.09828472,-0.0246454142,-0.0708086044,-2.69878674,-3.96463013,1.38833463,-0.008270264,3.06331944,-0.150645763,-0.05161038,-0.1787272,0.05154012,-5.118711,-0.644104,1.3405633,-0.9507141,-2.33294177,-0.108962096,0.167048573,0.00574051775,-0.298187584,-2.20281458,-2.90032959,1.34296131,0.07287257,2.566456,-0.15183647,-0.111447513,-0.210620329,0.158449218,-5.581812,-1.41094971,1.35718191,-1.04779053,-1.5845288,-0.11026784,0.113164112,-0.5015261,2.67276645,2.57699251,3.74647832
121,2.4199991425736962,416,0,1,-0.07537907,0,-3.99928951,-0.12490382,0,-6.55963659,-0.12490382,0,-6.55963659,1,0,0,1,-0.072881,0,-3.86809683,0,0,0,-0.07161962,-0.001305446,-3.87399054,4.055142,1.5156548,0.254691422,-0.00863737147,-0.15282926,-0.007189188,-0.0589387342,-0.000655174255,-3.53902,1.53272116,1.19321275,0.002791552,1.6472106,-0.186826661,-0.0414578021,-0.103207521,0.0376237929,-4.20893145,-8.212585,1.26596808,-0.81463623,-1.72276783,-0.1516634,0.135503158,-0.0282556154,-0.0244574547,-2.72160959,-0.795715332,1.228971,0.00892129,3.060406,-0.14118202,-0.0528256744,-0.181015432,0.09894091,-5.06176424,-3.261383,1.21070468,-0.797699,-2.25759268,-0.1281966,0.176938921,-0.00495702727,-0.223066837,-2.19392657,-0.613128662,1.33134747,-0.0461730957,2.04632449,-0.0544068366,-0.224548668,-0.2053959,0.245329812,-5.52969742,-3.22995,1.21049035,-1.38504028,-1.844484,-0.11930944,0.112971336,-0.501240849,2.67276645,2.59212875,3.75686765
122,2.4399991354875281,421,0,1,-0.07537907,0,-3.99928951,-0.122157156,0,-6.50248766,-0.122157156,0,-6.50248766,1,0,0,1,-0.07293593,1.49011612E-08,-3.86923981,0,0,0,-0.0694262758,-0.00125852227,-3.87440228,4.052857,1.3057164,0.236317262,-0.0102142859,-0.185194284,-0.014107259,-0.06235858,0.008066431,-3.58825922,2.97612572,0.9527731,0.0108759208,1.3722297,-0.213022709,-0.0134983175,-0.09848325,0.0418941379,-4.15745163,-9.950104,1.0513401,-0.670257568,-1.43571591,-0.179383561,0.152161673,-0.04330862,0.0382378846,-2.79964828,2.4642837,1.06524014,0.03796569,2.90940237,-0.156362727,-0.0321768969,-0.171604365,0.135758609,-4.93160725,-5.62805176,1.01667213,-0.6393738,-2.01036143,-0.159544215,0.174165413,-0.0206509288,-0.0183608532,-2.307328,-0.02734375,1.26480341,-0.690032959,0.486656934,-0.0340177268,-0.325922161,-0.199892163,0.317420363,-5.35207272,-4.780304,1.02054524,-1.135498,-1.95753908,-0.156267449,0.242235571,-0.501200438,2.67276645,2.594267,3.75833774
123,2.4599991284013605,425,0,1,-0.07537907,0,-3.99928951,-0.1189549,0,-6.42640829,-0.1189549,0,-6.42640829,1,0,0,1,-0.07299998,1.49011612E-08,-3.87076139,0,0,0,-0.0673975646,-0.001208663,-3.87542915,4.04737329,1.06876338,0.21758087,-0.0122550623,-0.212677509,-0.0202867277,-0.06688468,0.010788992,-3.66360283,4.036805,0.69301,0.0267694555,0.972798645,-0.230880231,0.0170889422,-0.0924070254,0.0372928828,-4.08836,-11.3181152,0.811044335,-0.52053833,-1.05477715,-0.200729355,0.161191031,-0.05173931,0.07116772,-2.96031857,5.5987606,0.831763,0.06621176,2.58312535,-0.201599792,-0.03613258,-0.158735663,0.141246751,-4.730424,-7.58352661,0.8031807,-0.476348877,-1.34380972,-0.177542746,0.162483826,-0.0159010366,0.04355821,-2.46561933,1.35507894,1.22766864,-0.399597168,0.885192633,-0.0160138663,0.2403252,-0.185330763,0.309942544,-5.089885,-6.38781738,0.8191098,-0.8878784,-1.68645382,-0.155525222,0.240007162,-0.5014831,2.67276669,2.57926655,3.748037
124,2.4799991213151928,430,0,1,-0.07537907,0,-3.99928951,-0.116161674,0,-6.350651,-0.116161674,0,-6.350651,1,0,0,1,-0.07305584,0,-3.87227654,0,0,0,-0.0659141243,-0.00117664039,-3.87653542,4.039804,0.814527452,0.199849218,-0.0136426147,-0.230732456,-0.024864804,-0.06798617,0.0080176,-3.74974179,4.637732,0.4315547,0.0337897129,0.5247604,-0.238951832,0.0282968916,-0.08618821,0.0217973739,-3.99182725,-12.1576538,0.555704832,-0.371734619,-0.535038769,-0.212468192,0.164495647,-0.0534581766,0.08437653,-3.159915,8.530026,0.6122172,0.0433467478,2.19263649,-0.207919121,-0.0473322347,-0.143151745,0.115205809,-4.475289,-9.387085,0.5758409,-0.314025879,-0.8156601,-0.18805638,0.148424879,-0.0269641578,0.07668495,-2.69237423,2.31693983,1.0378567,-0.307556152,0.778181553,-0.106850021,0.09943023,-0.164637953,0.2806442,-4.790042,-8.009064,0.6123296,-0.648345947,-1.607748,-0.159368724,0.222848684,-0.5015316,2.67276621,2.57670259,3.74627948
125,2.4999991142290248,435,0,1,-0.07537907,0,-3.99928951,-0.114964366,0,-6.335106,-0.114964366,0,-6.335106,1,0,0,1,-0.07307979,1.49011612E-08,-3.87258744,0,0,0,-0.0650679,-0.00114795566,-3.876692,4.03270674,0.5557811,0.184029415,-0.0130444979,-0.2367428,-0.0276976768,-0.06833134,0.00146500766,-3.84012556,4.74913263,0.177975729,0.0228967071,0.0557515062,-0.237728372,0.0336695723,-0.080187954,-0.00342977047,-3.8712,-12.3206787,0.296979427,-0.231292725,0.09965336,-0.214275584,0.160610631,-0.0611278377,0.07934741,-3.39164925,11.0479832,0.361790121,0.016061468,1.73185575,-0.219435439,-0.0398766845,-0.126329675,0.06642621,-4.20066071,-11.2232056,0.3397791,-0.162445068,-0.660686,-0.191597953,0.133714661,-0.03876234,0.08077896,-2.97275949,3.37016988,0.7790473,-0.106994629,0.8667759,-0.160214871,0.160991311,-0.141459,0.240060747,-4.49762774,-9.689545,0.39245826,-0.426330566,-1.63716733,-0.167718381,0.197673291,-0.5012176,2.67276645,2.59335041,3.7577076
126,2.5199991071428571,439,0,1,-0.07537907,0,-3.99928951,-0.11505191,0,-6.38780832,-0.11505191,0,-6.38780832,1,0,0,1,-0.07307804,0,-3.87153339,0,0,0,-0.06457785,-0.00114040077,-3.87593627,4.028958,0.3029145,0.169867337,-0.0103983348,-0.233821556,-0.02965313,-0.0693516,-0.002390191,-3.87997484,4.65012169,-0.0629272461,0.010962721,-0.162715062,-0.230113536,0.04624443,-0.07540264,-0.0267671943,-3.76720953,-11.8798523,0.0426321775,-0.10534668,0.6408999,-0.210596234,0.153892487,-0.07133496,0.037712276,-3.651616,11.763217,0.105588146,-0.01159668,0.586799264,-0.221901625,-0.0244014636,-0.109783523,0.013555631,-3.93101215,-12.57901,0.09888997,-0.0308532715,-0.197540551,-0.194127709,0.1108097,-0.04838708,0.0393070057,-3.47216439,3.67595077,0.460111648,-0.298126221,0.311241478,-0.206665844,-0.0705974251,-0.116103217,0.161212,-4.15963173,-11.0266418,0.16418004,-0.231628418,-1.32373619,-0.175330952,0.161447659,-0.501534,2.67276621,2.57657051,3.74618888
127,2.5399991000566891,442,0,1,-0.07537907,0,-3.99928951,-0.116277158,0,-6.47799,-0.116277158,0,-6.47799,1,0,0,1,-0.07305353,0,-3.86972976,0,0,0,-0.0636852756,-0.00116238,-3.87439156,4.03117371,0.0540179051,0.155060977,-0.00649831071,-0.232136056,-0.032574445,-0.06944616,-0.008497283,-3.94999933,4.21164227,-0.298583984,-0.000762939453,-0.53705585,-0.225867137,0.0533647835,-0.07085472,-0.0442907959,-3.68026447,-10.9435425,-0.211029053,0.002306368,1.08907807,-0.209547862,0.145210519,-0.0786077753,-0.0057272464,-3.97171164,11.65695,-0.151885986,-0.0369567871,-0.105793096,-0.219299078,-0.0162931457,-0.09405317,-0.0423721522,-3.664726,-13.3244019,-0.149780273,0.07869372,0.403819352,-0.201302782,0.08865729,-0.0659349561,-0.008921802,-3.964428,3.76417756,0.152860269,-0.199981689,0.0323531143,-0.230981961,0.11932303,-0.09130726,0.0508266538,-3.7955966,-11.8317871,-0.07458496,-0.06732178,-0.818923056,-0.187671974,0.125913411,-0.5010147,2.67276621,2.60410929,3.76511359
128,2.5599990929705214,447,0,1,-0.07537907,0,-3.99928951,-0.116523772,0,-6.51426554,-0.116523772,0,-6.51426554,1,0,0,1,-0.0730486,0,-3.86900425,0,0,0,-0.0638306141,-0.00117573142,-3.87383127,4.03618336,-0.180358887,0.142610356,-0.004721637,-0.219836161,-0.0329322033,-0.0714295954,-0.0142655224,-4.03639841,3.31362724,-0.5133362,-0.006652832,-0.978513062,-0.205637321,0.0644832,-0.0682813451,-0.0551036,-3.60627246,-9.597046,-0.4459839,0.08305141,1.46415675,-0.193193868,0.133824736,-0.08604315,-0.04713048,-4.29425144,10.8008652,-0.375946045,-0.0506896973,-0.7494384,-0.193883657,-0.007275449,-0.07994526,-0.09313226,-3.40913367,-13.4084473,-0.389312744,0.156012565,1.02773309,-0.19603467,0.06222,-0.0783766955,-0.0508621931,-4.42877769,3.30492187,-0.09661865,-0.160675049,-0.3688625,-0.194265828,0.07565804,-0.06886847,-0.0700804,-3.430913,-11.9726868,-0.313110352,0.05822026,-0.21325247,-0.191741154,0.08727769,-0.501152039,2.67276621,2.5968256,3.76009774
129,2.5799990858843538,452,0,1,-0.07537907,0,-3.99928951,-0.117152229,0,-6.548133,-0.117152229,0,-6.548133,1,0,0,1,-0.07303603,0,-3.868327,0,0,0,-0.06482577,-0.0011691153,-3.87331724,4.041957,-0.386383057,0.133011073,-0.0042293705,-0.19422406,-0.0311649814,-0.07335319,-0.0161157846,-4.11979961,1.95215726,-0.689483643,-0.00314331055,-1.39362156,-0.168517023,0.07000617,-0.06695253,-0.0580637157,-3.54663444,-7.92752075,-0.6419678,0.133042619,1.75318182,-0.160781622,0.1174736,-0.0917643,-0.07377322,-4.592341,9.277705,-0.5678406,-0.04916382,-1.32368553,-0.166363463,0.000261005,-0.06839804,-0.1305222,-3.17532444,-12.7966309,-0.596466064,0.194712922,1.628529,-0.172714561,0.0362544954,-0.08793201,-0.07889241,-4.84434843,2.54860544,-0.33416748,-0.121154785,-0.614388049,-0.1883094,0.07761147,-0.0512885638,-0.184340924,-3.0822525,-11.3666382,-0.5295105,0.136544257,0.4425398,-0.1788993,0.048387818,-0.5014856,2.67276621,2.57913685,3.747948
130,2.5999990787981857,457,0,1,-0.07537907,0,-3.99928951,-0.1182836,0,-6.585052,-0.1182836,0,-6.585052,1,0,0,1,-0.0730134,0,-3.86758852,0,0,0,-0.06648439,-0.00117251277,-3.87276554,4.04752827,-0.552185059,0.126160532,-0.00434415136,-0.157146811,-0.0277204737,-0.0751765743,-0.0118544549,-4.188981,0.192937776,-0.814697266,0.01069704,-1.72805691,-0.119720936,0.0690497458,-0.06633945,-0.053249523,-3.50457978,-6.03714,-0.782531738,0.1519057,1.94169593,-0.115649484,0.09677345,-0.09533719,-0.07693876,-4.844847,7.198573,-0.716766357,-0.0312805176,-1.802507,-0.128939956,0.00487379,-0.059794493,-0.1482148,-2.97612619,-11.4936829,-0.750762939,0.1953329,2.16642,-0.131700858,0.0146173164,-0.09445276,-0.0847612,-5.18863773,1.73418617,-0.5520935,-0.06762695,-0.6608818,-0.180290639,0.08987479,-0.0402268842,-0.276717275,-2.76613,-9.985901,-0.7008362,0.165622264,1.10088658,-0.146015435,0.015553168,-0.5015172,2.67276669,2.57745838,3.7467978
131,2.6199990717120181,462,0,1,-0.07537907,0,-3.99928951,-0.119518533,0,-6.60789251,-0.119518533,0,-6.60789251,1,0,0,1,-0.0729887038,0,-3.86713171,0,0,0,-0.06880927,-0.00117918849,-3.87259626,4.051945,-0.6673584,0.122146606,-0.00506147463,-0.109864496,-0.0225194935,-0.07764105,-0.00150714815,-4.236198,-1.85467529,-0.877349854,0.0311441831,-1.94239736,-0.0607270822,0.06372309,-0.06644716,-0.0425474346,-3.481735,-4.03323364,-0.853210449,0.145170346,2.02644086,-0.05877356,0.07390528,-0.0995748341,-0.05712825,-5.02985334,4.717888,-0.8128662,0.006031536,-2.151566,-0.0789480656,0.0103253052,-0.0530415736,-0.147484764,-2.82110023,-9.529572,-0.830322266,0.16060552,2.62049818,-0.0734166354,-0.00415425748,-0.09325168,-0.07193555,-5.445512,0.5666662,-0.7467346,-0.4649048,-0.5581723,-0.117687196,0.0514483973,-0.0353835523,-0.358831465,-2.509406,-8.420105,-0.783935547,0.228503346,1.53832936,-0.07840882,0.302673638,-0.5009459,2.67276645,2.6077776,3.76764274
132,2.6399990646258504,467,0,1,-0.07537907,0,-3.99928951,-0.1210798,0,-6.62215,-0.1210798,0,-6.62215,1,0,0,1,-0.07295748,0,-3.86684656,0,0,0,-0.07154282,-0.00119310617,-3.87230253,4.055824,-0.7254944,0.120437577,-0.005647441,-0.05603231,-0.016137233,-0.07892225,0.0130664706,-4.26006174,-4.069336,-0.874938965,0.05376916,-2.03585339,-0.00201153,0.04501252,-0.06661668,-0.0274653882,-3.48365641,-2.05380249,-0.849243164,0.117007583,1.98118675,0.00116523728,0.0487730727,-0.0960119441,-0.009134188,-5.13455,2.00424552,-0.8382263,0.04227145,-2.34161258,-0.03010261,-0.00203877687,-0.050560493,-0.110572338,-2.71986413,-7.00396729,-0.8405762,0.108304136,2.94544768,-0.00721442327,-0.008865431,-0.100382365,0.02967754,-5.577182,-0.6149292,-0.887390137,-0.144134521,-1.13532674,-0.08917858,0.111174792,-0.0361987725,-0.302288234,-2.290564,-5.86340332,-0.8187256,0.07693102,2.31536579,-0.054630436,-0.139657572,-0.5013789,2.67276645,2.58479977,3.751833
133,2.6599990575396824,472,0,1,-0.07537907,0,-3.99928951,-0.121868446,0,-6.587317,-0.121868446,0,-6.587317,1,0,0,1,-0.0729417056,0,-3.86754322,0,0,0,-0.07468691,-0.00121599436,-3.87307644,4.05684328,-0.7220154,0.121055126,-0.00758366752,0.00220818445,-0.00865959,-0.07982591,0.0277760476,-4.24857044,-6.25268555,-0.8102722,0.066944465,-1.94445288,0.05715867,0.01854255,-0.06716216,-0.012726903,-3.502877,-0.17199707,-0.771453857,0.0774759352,1.85268557,0.06271878,0.0246721618,-0.09162442,0.05410242,-5.1429987,-0.73828125,-0.8128052,0.05658998,-2.37704682,0.0488146171,-0.0174621679,-0.04951142,-0.07338588,-2.682669,-4.029236,-0.776794434,0.0548413,3.11603856,0.05693093,-0.00731231272,-0.104714625,0.170795679,-5.62774467,-2.425415,-0.835968,0.120193951,-1.6222837,0.03770297,0.0578048676,-0.0403223224,-0.3090294,-2.17200327,-2.87432861,-0.7765808,0.0331282057,2.64536166,0.0318149328,-0.0305010378,-0.5013435,2.67276621,2.5866766,3.75312138
134,2.6799990504535147,478,0,1,-0.07537907,0,-3.99928951,-0.123436429,0,-6.563463,-0.123436429,0,-6.563463,1,0,0,1,-0.0729103461,0,-3.8680203,0,0,0,-0.07772653,-0.0012370944,-3.87369585,4.05564547,-0.659118652,0.122682832,-0.00897289347,0.05898269,-0.00117497973,-0.08097245,0.0383120477,-4.21447468,-8.263458,-0.6856384,0.06250493,-1.74059176,0.113111645,-0.009897336,-0.06793843,-0.00024998188,-3.537926,1.53189254,-0.630981445,0.03493105,1.64448428,0.117140681,0.00283153355,-0.09065846,0.108707488,-5.08148575,-3.3895874,-0.6972046,0.05886185,-2.28936958,0.106304854,-0.0268786326,-0.05107866,-0.0241443664,-2.70920134,-0.793518066,-0.65802,0.0135286525,3.099564,0.103955835,0.00316211581,-0.1056428,0.27868098,-5.548094,-3.67095947,-0.726104736,0.154493421,-2.0218854,0.1063308,-0.0156549141,-0.04725192,-0.2211203,-2.171553,-0.5767517,-0.761230469,-0.158630371,2.03780985,0.0142808435,-0.129677117,-0.5015347,2.67276621,2.576541,3.74616861
135,2.6999990433673466,483,0,1,-0.07537907,0,-3.99928951,-0.123559363,0,-6.48412943,-0.123559363,0,-6.48412943,1,0,0,1,-0.07290789,1.49011612E-08,-3.869607,0,0,0,-0.08066342,-0.00128014386,-3.87519431,4.05188036,-0.5422058,0.124958739,-0.0110229505,0.111131519,0.00626694551,-0.08307147,0.0416453332,-4.16108131,-10.0056152,-0.509552,0.0446205363,-1.43412876,0.1575238,-0.03354202,-0.07088908,0.008409321,-3.58909178,2.97049,-0.443603516,0.00563235348,1.36186039,0.161820278,-0.008045964,-0.0904125348,0.138178512,-4.942672,-5.772705,-0.527313232,0.0469154529,-1.98754919,0.149597973,-0.0358068,-0.061022155,0.0384468734,-2.79293585,2.51987171,-0.486206055,0.00699996576,2.93437338,0.151391625,0.02972886,-0.103558056,0.3089959,-5.36612368,-5.308075,-0.5507202,0.133257926,-1.81187832,0.145931676,-0.04704573,-0.06342389,-0.0196192861,-2.29186487,-0.00314331055,-0.7180176,-0.6965637,0.482652634,0.0283389464,-0.26374808,-0.501494646,2.67276645,2.57866478,3.7476244
136,2.719999036281179,488,0,1,-0.07537907,0,-3.99928951,-0.123911776,0,-6.422367,-0.123911776,0,-6.422367,1,0,0,1,-0.07290084,1.49011612E-08,-3.87084222,0,0,0,-0.0833112,-0.00131233037,-3.876535,4.04556465,-0.378417969,0.127540722,-0.01242385,0.156126,0.0132049089,-0.0843791962,0.0367014259,-4.091237,-11.3734741,-0.294525146,0.013583146,-1.04461277,0.188966915,-0.0570139959,-0.075160034,0.0109462887,-3.66598964,4.019891,-0.22088623,0.00509851566,0.9529913,0.200415283,-0.0125291273,-0.0889305,0.142314747,-4.73142338,-7.716675,-0.32724,0.0145173622,-1.29105425,0.176712364,-0.03920303,-0.06494212,0.0716204643,-2.958614,5.696713,-0.3166809,0.0322062932,2.5963223,0.147125483,0.0323692933,-0.103058085,0.3055398,-5.08594131,-6.853882,-0.363494873,0.09249458,-1.61727607,0.164032549,-0.054901287,-0.0564868264,0.04429625,-2.4576993,1.35576391,-0.6573181,-0.420410156,0.868005753,0.01996597,0.269372821,-0.5010294,2.67276645,2.60335064,3.764591
137,2.7399990291950114,490,0,1,-0.07537907,0,-3.99928951,-0.1238708,0,-6.34869576,-0.1238708,0,-6.34869576,1,0,0,1,-0.07290166,0,-3.87231565,0,0,0,-0.08496405,-0.00134135783,-3.87808466,4.03757524,-0.184265137,0.128341183,-0.0133955209,0.185636967,0.0179073643,-0.08415533,0.0198214054,-3.98884583,-12.1807251,-0.0614013672,-0.0247497559,-0.492329568,0.202101514,-0.0739404261,-0.07614663,0.00796704,-3.75394559,4.603651,0.0183458365,0.0177011956,0.49688,0.218208641,-0.03106739,-0.08723522,0.1139838,-4.46808147,-9.575195,-0.105834961,-0.0289917,-0.8218114,0.191818371,-0.0395782329,-0.06032456,0.08511224,-3.163575,8.655048,-0.121276855,0.0355937555,2.19357181,0.17472136,0.0198567286,-0.103176408,0.280284256,-4.786238,-8.464203,-0.154022217,0.04048788,-1.6005826,0.180803508,-0.0591055378,-0.0581870563,0.07785235,-2.69086742,2.33390331,-0.5844116,-0.349060059,0.7872238,0.03128166,0.104273573,-0.500927567,2.67276645,2.60874939,3.768313
138,2.7599990221088433,493,0,1,-0.07537907,0,-3.99928951,-0.124978326,0,-6.34165049,-0.124978326,0,-6.34165049,1,0,0,1,-0.07287951,0,-3.87245655,0,0,0,-0.08568542,-0.00137761235,-3.87844682,4.0308423,0.0222066082,0.1269148,-0.0121957455,0.197993279,0.0206186958,-0.08237553,-0.00593546033,-3.86657429,-12.2998047,0.170249581,-0.06286621,0.1501169,0.19901365,-0.08324775,-0.0763992742,0.00158585608,-3.84188676,4.712515,0.254291117,0.027370574,0.04183534,0.216653213,-0.049968604,-0.08517164,0.06443918,-4.190798,-11.4349976,0.120066591,-0.07333374,-0.6656182,0.192808419,-0.0360237,-0.0603121966,0.07825749,-3.40000057,11.0900888,0.08399444,0.0479740351,1.63835037,0.187151879,0.0169744827,-0.103793733,0.239157125,-4.48993,-10.1251831,0.06401486,-0.0132141113,-1.62622178,0.185919464,-0.0533917621,-0.062961,0.08234566,-2.991108,3.28325224,-0.434265137,-0.298522949,0.786267161,0.08714798,0.07869464,-0.501368165,2.67276645,2.58537579,3.7522285
139,2.7799990150226757,498,0,1,-0.07537907,0,-3.99928951,-0.126830161,0,-6.400242,-0.126830161,0,-6.400242,1,0,0,1,-0.07284247,0,-3.87128472,0,0,0,-0.08600906,-0.00141112506,-3.87782669,4.027957,0.228324309,0.124300055,-0.009181987,0.199484318,0.022805186,-0.08024429,-0.0286430568,-3.76411414,-11.8243408,0.390097827,-0.09579468,0.6821713,0.189342827,-0.08853425,-0.0770985559,-0.00245176256,-3.88486838,4.60329247,0.47808668,0.0343982466,-0.190546691,0.208576828,-0.0612427,-0.08259612,0.0111735314,-3.919611,-12.7669983,0.337263525,-0.108978271,-0.165988833,0.185284123,-0.0266744439,-0.061145477,0.03637038,-3.66923165,11.7641611,0.3080952,0.06209181,0.5537983,0.217038661,0.0102545936,-0.102851875,0.15622893,-4.144199,-11.4125366,0.275718451,-0.0586547852,-1.28164577,0.180735469,-0.03845373,-0.07155708,0.0363975465,-3.49334168,3.79741669,-0.06341553,-0.20135498,0.401750565,0.21913743,0.09704079,-0.501517653,2.67276645,2.57744122,3.74678588
140,2.799999007936508,502,0,1,-0.07537907,0,-3.99928951,-0.128693178,0,-6.477096,-0.128693178,0,-6.477096,1,0,0,1,-0.07280521,1.49011612E-08,-3.86974764,0,0,0,-0.08664494,-0.00145950913,-3.87675118,4.0302887,0.4342335,0.122966535,-0.00594099239,0.200715363,0.0259744618,-0.07874929,-0.04568906,-3.6782465,-10.8588562,0.602175951,-0.121276855,1.12524962,0.183977485,-0.0916575342,-0.07871627,-0.008506969,-3.95593333,4.146896,0.6976461,0.0344601125,-0.5658789,0.204609036,-0.07204853,-0.079127796,-0.04557006,-3.65162373,-13.4810181,0.5474653,-0.134429932,0.4463447,0.180326417,-0.01959284,-0.0663796,-0.008312613,-3.9901762,11.6201725,0.546718538,0.071677044,-0.138529271,0.200253,0.00396615453,-0.09957139,0.043017678,-3.775918,-12.158844,0.479821056,-0.09234619,-0.766285,0.176312864,-0.0247494169,-0.07748267,-0.0110352039,-3.99150658,3.75091743,0.191057488,-0.190216064,-0.0327858478,0.188009009,0.06040588,-0.5011219,2.67276621,2.59843922,3.7612083
141,2.81999900085034,507,0,1,-0.07537907,0,-3.99928951,-0.129880056,0,-6.517532,-0.129880056,0,-6.517532,1,0,0,1,-0.07278147,0,-3.868939,0,0,0,-0.08621158,-0.00148494542,-3.8762188,4.03535461,0.6280356,0.119984865,-0.004194474,0.190344289,0.026666889,-0.07611063,-0.0559203774,-3.60479856,-9.488068,0.7913808,-0.131835938,1.49537945,0.16569981,-0.09153919,-0.08033562,-0.0141214877,-4.04307461,3.22669268,0.89349544,0.0270249434,-1.00926268,0.182011873,-0.08033321,-0.07469899,-0.09633312,-3.39524341,-13.5240784,0.739372,-0.142211914,1.07517052,0.1657479,-0.00949874148,-0.0726929754,-0.04916267,-4.31404161,10.7247448,0.7493592,0.0690309256,-0.7828982,0.180173531,-0.00137862563,-0.09426536,-0.07938018,-3.4089725,-12.2307129,0.6718641,-0.108795166,-0.152342558,0.166915834,-0.009564748,-0.08492323,-0.05291657,-4.45578241,3.26022649,0.435334265,-0.15612793,-0.393798053,0.1778416,0.06606967,-0.501334667,2.67276645,2.58715153,3.75344777
142,2.8399989937641723,510,0,1,-0.07537907,0,-3.99928951,-0.130463436,0,-6.55074358,-0.130463436,0,-6.55074358,1,0,0,1,-0.0727698058,0,-3.86827469,0,0,0,-0.08495938,-0.0014962852,-3.87567019,4.04137135,0.795876265,0.1151586,-0.00353893917,0.166619226,0.0253990181,-0.07304868,-0.058198005,-3.545996,-7.80007935,0.941604257,-0.124847412,1.77801168,0.134189159,-0.0864124745,-0.08173847,-0.0156187564,-4.12612057,1.84309375,1.04958379,0.009078764,-1.421677,0.144139454,-0.08352351,-0.06925858,-0.133002758,-3.16205454,-12.864502,0.8961233,-0.127624512,1.676463,0.13765797,9.188056E-05,-0.07962611,-0.07454176,-4.611315,9.16513,0.9197443,0.050396286,-1.35523212,0.151607,-0.00571718439,-0.0860872045,-0.193724811,-3.06000376,-11.549408,0.8369118,-0.10168457,0.507577,0.145511076,0.005848456,-0.09377928,-0.07977559,-4.86953974,2.49127913,0.6645547,-0.112121582,-0.6244165,0.1726507,0.0746746659,-0.501369,2.67276645,2.58532333,3.7521925
143,2.8599989866780042,515,0,1,-0.07537907,0,-3.99928951,-0.130663484,0,-6.586685,-0.130663484,0,-6.586685,1,0,0,1,-0.0727658048,0,-3.86755586,0,0,0,-0.08303242,-0.001470834,-3.87492871,4.047529,0.925670266,0.108566724,-0.003635658,0.131264925,0.022508299,-0.07016873,-0.0527468026,-3.50507188,-5.89831543,1.039855,-0.10055542,1.958307,0.0919302,-0.07650381,-0.08279829,-0.0109593868,-4.194218,0.0659968555,1.15349925,-0.0184631348,-1.75073993,0.0946431458,-0.07940582,-0.06321863,-0.149448261,-2.96471334,-11.51059,1.00311375,-0.09164429,2.21162987,0.096470274,0.00648503751,-0.08707652,-0.07628003,-4.86107635,7.05523539,1.04880154,0.0171980076,-1.82912028,0.112343639,-0.00689605623,-0.07466748,-0.2849076,-2.74537015,-10.0916443,0.9589306,-0.06954956,1.16608453,0.109687686,0.0168544985,-0.10247124,-0.08427198,-5.20991659,1.677487,0.869778633,-0.06314087,-0.6598396,0.1634201,0.0889272,-0.5010209,2.67276621,2.60380077,3.764901
144,2.8799989795918366,518,0,1,-0.07537907,0,-3.99928951,-0.13022539,0,-6.605854,-0.13022539,0,-6.605854,1,0,0,1,-0.07277457,0,-3.86717248,0,0,0,-0.08045696,-0.00144216418,-3.87450552,4.05233526,1.00697,0.100114435,-0.00437376648,0.0856985748,0.0178775489,-0.06751897,-0.0415431857,-3.483302,-3.891571,1.075296,-0.0628051758,2.03512955,0.03979363,-0.06360245,-0.0837036,-0.000393494964,-4.239754,-1.99462891,1.1963551,-0.0515136719,-1.95759475,0.03728222,-0.06410331,-0.0576807968,-0.147289485,-2.81224012,-9.496216,1.04293358,-0.0368652344,2.66125512,0.04000379,0.0108434036,-0.09617107,-0.0553281,-5.04127026,4.552747,1.13116789,-0.019744873,-2.16961837,0.0735720545,0.0009453222,-0.06059321,-0.374945253,-2.49354982,-8.538208,1.00571442,0.0521974154,1.38471806,0.0817859,0.0246744659,-0.106235281,-0.0707385838,-5.46148,0.4010353,1.06662834,-0.59161377,-0.5521336,0.167618081,0.0866729,-0.501022935,2.67276621,2.60369778,3.76483
145,2.899998972505669,523,0,1,-0.07537907,0,-3.99928951,-0.129271343,0,-6.62085056,-0.129271343,0,-6.62085056,1,0,0,1,-0.07279365,1.49011612E-08,-3.86687255,0,0,0,-0.0775481239,-0.001394257,-3.87368655,4.05706,1.03406155,0.09052732,-0.00488775643,0.0344064869,0.0123062646,-0.0663414747,-0.0263385326,-3.48650432,-1.9185791,1.04594624,-0.01550293,1.98033941,-0.0152157024,-0.0458478481,-0.08268053,0.01470764,-4.26160669,-4.21411133,1.1761626,-0.08154297,-2.043786,-0.02403479,-0.04668022,-0.0538239665,-0.10857521,-2.71480823,-6.92349243,1.02154315,0.022993898,2.97591162,-0.018355,0.009585641,-0.09914034,-0.00324617326,-5.139704,1.83287764,1.145776,-0.058807373,-2.34834981,0.00339470059,0.003731899,-0.0514633432,-0.29931736,-2.27685952,-5.87820435,0.9604269,0.08806193,2.40892172,-0.0592970327,-0.06277788,-0.112393342,0.05165404,-5.58284044,-0.6413574,1.162796,-0.408050537,-1.12616467,0.0442936271,0.194821239,-0.50103426,2.67276645,2.60308933,3.764411
146,2.9199989654195009,528,0,1,-0.07537907,0,-3.99928951,-0.126858845,0,-6.57185555,-0.126858845,0,-6.57185555,1,0,0,1,-0.0728419,1.49011612E-08,-3.86785245,0,0,0,-0.07427306,-0.00136213,-3.8741827,4.05837059,1.00255513,0.0796306655,-0.00748367561,-0.0213803723,0.005553106,-0.06585952,-0.0119779408,-3.50651217,-0.04824829,0.949733734,0.035450235,1.8462038,-0.0737973154,-0.026217252,-0.0796062648,0.0290608257,-4.247412,-6.387268,1.08766365,-0.104949951,-1.93996358,-0.08466371,-0.0266556144,-0.0527368747,-0.0714718252,-2.68206382,-3.91168213,0.9323762,0.08608242,3.13359237,-0.07668059,0.00649155676,-0.10115096,0.0577612668,-5.14327145,-0.9127197,1.061133,-0.09411621,-2.378889,-0.07907682,0.0189965,-0.0402866043,-0.312430471,-2.16567039,-2.84570313,0.8705194,0.110091843,2.68011928,-0.09936719,-0.0775250345,-0.11523094,0.173729062,-5.626671,-2.31817627,1.04131222,-0.309143066,-1.63529384,-0.07584134,0.1425437,-0.501446843,2.67276669,2.58120728,3.74936819
147,2.9399989583333332,534,0,1,-0.07537907,0,-3.99928951,-0.124757044,0,-6.554749,-0.124757044,0,-6.554749,1,0,0,1,-0.0728839338,0,-3.86819458,0,0,0,-0.0709951445,-0.00128473341,-3.87410259,4.05740547,0.913368464,0.0682884455,-0.008769474,-0.07658958,-0.00142459711,-0.06542396,9.703636E-05,-3.54212928,1.63644028,0.7948636,0.07790512,1.63075447,-0.1268098,-0.009718463,-0.07825718,0.0391718,-4.211171,-8.383392,0.9399417,-0.105621338,-1.729109,-0.137754112,0.009216368,-0.053277038,-0.0220740587,-2.71270418,-0.652832031,0.825566769,0.138913676,3.10465169,-0.09488028,0.000683881342,-0.102659307,0.109309152,-5.075589,-3.55493164,0.943170249,-0.0975647,-2.28027129,-0.116167068,0.0325841755,-0.047236383,-0.218556732,-2.172462,-0.60043335,0.8703439,0.005727282,2.01269627,-0.00399205834,-0.163199112,-0.106703043,0.272635341,-5.54082155,-3.64038086,0.960846663,-0.317688,-1.95367754,-0.09652928,0.0388377458,-0.5015422,2.67276621,2.57613277,3.745889
148,2.9599989512471656,539,0,1,-0.07537907,0,-3.99928951,-0.121351749,0,-6.4821744,-0.121351749,0,-6.4821744,1,0,0,1,-0.07295204,1.49011612E-08,-3.869646,0,0,0,-0.06816553,-0.00124655664,-3.87483644,4.054198,0.7743037,0.0578146242,-0.0109991115,-0.12480098,-0.00765536632,-0.0679044947,0.008389875,-3.59436655,3.04735518,0.597323358,0.115559451,1.33984661,-0.168927968,0.0167583711,-0.074384205,0.0424724221,-4.155946,-10.1064453,0.7440589,-0.08920288,-1.41832769,-0.178054765,0.0340546742,-0.06669485,0.0404840261,-2.80103087,2.66844487,0.7043917,0.2037475,2.92636085,-0.122220844,0.0188215673,-0.0974158,0.139351964,-4.930229,-5.9145813,0.7544915,-0.08822632,-1.94428122,-0.166077018,0.04074026,-0.0585464,-0.0165153444,-2.29934454,-0.025390625,0.7988906,-0.637237549,0.47865355,-0.05240283,-0.334817,-0.100525863,0.310009,-5.34960032,-5.28115845,0.768825948,-0.27633667,-1.80785882,-0.159869224,0.06887141,-0.501557469,2.67276645,2.5753355,3.745343
149,2.9799989441609975,544,0,1,-0.07537907,0,-3.99928951,-0.118524253,0,-6.415012,-0.118524253,0,-6.415012,1,0,0,1,-0.07300859,1.49011612E-08,-3.87098932,0,0,0,-0.06560622,-0.00119334459,-3.87568951,4.04796171,0.593724847,0.0480812229,-0.012521605,-0.165305048,-0.0135374023,-0.07166448,0.0105746537,-3.6722126,4.0603466,0.3682266,0.160714656,0.9243205,-0.198615447,0.04608683,-0.0704000741,0.0369680971,-4.08399248,-11.4466248,0.5118962,-0.058380127,-1.02172422,-0.205933556,0.0568322241,-0.07234106,0.07341604,-2.9709475,5.838878,0.5012383,0.265916169,2.57768035,-0.176110163,0.00830677152,-0.09033641,0.141902447,-4.713908,-7.825409,0.534967959,-0.05581665,-1.24188018,-0.19322899,0.04235991,-0.0491465777,0.04625188,-2.46860981,1.41667557,0.769898355,-0.300048828,0.9164195,-0.0329928026,0.251606315,-0.0892156139,0.305558741,-5.06386328,-6.8302,0.5580602,-0.216064453,-1.61753047,-0.181760147,0.07421343,-0.501456738,2.67276645,2.58067513,3.749003
150,2.99999893707483,549,0,1,-0.07537907,0,-3.99928951,-0.115516454,0,-6.340089,-0.115516454,0,-6.340089,1,0,0,1,-0.0730687454,0,-3.87248778,0,0,0,-0.0639138147,-0.00115731359,-3.87679219,4.04006624,0.38592878,0.0405231677,-0.0139427558,-0.192071617,-0.0175800081,-0.07240623,0.007322505,-3.75958252,4.607518,0.132607713,0.1958481,0.469477415,-0.212050468,0.05645071,-0.0664222762,0.0190372616,-3.978141,-12.2079468,0.262430519,-0.0192260742,-0.4541392,-0.217148989,0.07204952,-0.07034644,0.08490778,-3.17785048,8.785474,0.309515625,0.274763137,2.16640735,-0.1724572,-0.0116380677,-0.0812635645,0.111090422,-4.4475174,-9.700378,0.2964275,-0.0112609863,-0.81608516,-0.206800252,0.04234813,-0.0489985533,0.07858834,-2.70768929,2.4012537,0.6836297,-0.284118652,0.7861712,-0.04314691,0.0377200656,-0.07717847,0.279894173,-4.766625,-8.475159,0.329205126,-0.146575928,-1.62769318,-0.195446879,0.07643375,-0.5010351,2.67276621,2.603032,3.7643714
151,3.0199989299886618,554,0,1,-0.07537907,0,-3.99928951,-0.114703596,0,-6.34166241,-0.114703596,0,-6.34166241,1,0,0,1,-0.073085,1.49011612E-08,-3.87245631,0,0,0,-0.06307528,-0.00113376975,-3.87668514,4.03322172,0.1682147,0.0357372463,-0.0129284486,-0.202679068,-0.0197723117,-0.07175821,0.001044333,-3.84434462,4.69345474,-0.09136963,0.211230129,0.02804455,-0.210260659,0.05736486,-0.0632691756,-0.007084012,-3.85527849,-12.2775269,0.0148980748,0.0203471184,0.189124882,-0.212894112,0.08012761,-0.070814684,0.0756724,-3.416768,11.1197672,0.108957924,0.264587045,1.53657484,-0.176610813,-0.01931914,-0.07216053,0.060847,-4.17039,-11.5594177,0.0554500259,0.0344421156,-0.6610498,-0.2063382,0.038731426,-0.04726594,0.08089093,-3.02083063,3.32786226,0.532008648,-0.3163147,0.757136,-0.07876051,0.0100966217,-0.0647346452,0.237460941,-4.469858,-10.1547852,0.09540405,-0.07748413,-1.64270627,-0.197777122,0.06846306,-0.5014658,2.67276669,2.580182,3.748665
152,3.0399989229024942,557,0,1,-0.07537907,0,-3.99928951,-0.1153395,0,-6.402924,-0.1153395,0,-6.402924,1,0,0,1,-0.0730722845,0,-3.871231,0,0,0,-0.06253543,-0.00114750862,-3.87575722,4.030189,-0.0484619141,0.03245202,-0.0100672273,-0.203721181,-0.0216086842,-0.06943173,-0.003138423,-3.88869166,4.55598164,-0.299713135,0.211013064,-0.21303007,-0.202964261,0.052789513,-0.06123798,-0.029461503,-3.75501919,-11.7644043,-0.222595215,0.05570553,0.709048569,-0.204060838,0.0852693245,-0.07136816,0.0332404524,-3.68917,11.7399063,-0.09768677,0.23432152,0.5076615,-0.191165984,-0.0239053033,-0.06393838,0.00754261,-3.8999753,-12.8488159,-0.1777649,0.07231951,-0.128754169,-0.1997194,0.0287843011,-0.0548319,0.0331444964,-3.52540946,3.798349,0.233388051,-0.2164917,0.378234357,-0.191247165,0.0865112543,-0.05170766,0.150928527,-4.119755,-11.425354,-0.131713867,-0.01828003,-1.26537073,-0.192638084,0.0509584546,-0.5009724,2.67276621,2.606367,3.76667
153,3.0599989158163265,563,0,1,-0.07537907,0,-3.99928951,-0.116087168,0,-6.47646427,-0.116087168,0,-6.47646427,1,0,0,1,-0.07305733,1.49011612E-08,-3.86976027,0,0,0,-0.06177345,-0.00116249919,-3.874529,4.03232574,-0.2640686,0.0286306385,-0.006708083,-0.204299212,-0.0242627859,-0.06869579,-0.009184673,-3.96043348,4.064294,-0.5025635,0.203004181,-0.5926866,-0.200409487,0.0545026734,-0.059428148,-0.0461402535,-3.67019844,-10.7703857,-0.4524231,0.0832014,1.14575863,-0.197348937,0.0878347456,-0.07489144,-0.0114296228,-4.01077747,11.5432053,-0.315185547,0.20286411,-0.183933124,-0.181680188,-0.0223505944,-0.0567419231,-0.0491526872,-3.63215733,-13.519104,-0.4053955,0.100390762,0.4889034,-0.195468143,0.0204265118,-0.0612040944,-0.0142571181,-4.02246332,3.716267,-0.0029296875,-0.1977539,-0.0564781651,-0.176228419,0.0624501631,-0.04007223,0.035819035,-3.75006676,-12.1425781,-0.3536682,0.0281047411,-0.737543344,-0.189911,0.0348079577,-0.5015632,2.67276645,2.575018,3.74512529
154,3.0799989087301585,568,0,1,-0.07537907,0,-3.99928951,-0.116671667,0,-6.517329,-0.116671667,0,-6.517329,1,0,0,1,-0.07304564,0,-3.868943,0,0,0,-0.062085066,-0.0011614114,-3.87386775,4.03710461,-0.466796875,0.026973363,-0.005046571,-0.193080053,-0.02447898,-0.0691590756,-0.0145346969,-4.047205,3.10925651,-0.685150146,0.192863867,-1.03460336,-0.1815739,0.0566926971,-0.0593970232,-0.0559706837,-3.59762,-9.377045,-0.6569824,0.0953958556,1.5104841,-0.176190868,0.0874007,-0.0780766755,-0.0513144135,-4.333297,10.5993166,-0.5115051,0.174362868,-0.8247835,-0.168908358,-0.0217021536,-0.0510613248,-0.0993484259,-3.37664962,-13.5137329,-0.6124878,0.109283477,1.11836207,-0.179390579,0.008300271,-0.06847837,-0.05525592,-4.484131,3.201588,-0.2454834,-0.155639648,-0.410415828,-0.179280564,0.07159296,-0.0306381918,-0.0870121047,-3.38323283,-12.1740723,-0.561859131,0.05397931,-0.115747914,-0.179595768,0.0156456959,-0.501465559,2.67276645,2.580202,3.74867868
155,3.0999989016439908,573,0,1,-0.07537907,0,-3.99928951,-0.117430508,0,-6.552162,-0.117430508,0,-6.552162,1,0,0,1,-0.0730304644,1.49011612E-08,-3.86824632,0,0,0,-0.06325352,-0.001162082,-3.87332559,4.04265165,-0.642425537,0.0277499259,-0.00448876,-0.168308243,-0.02275197,-0.070219554,-0.0155991018,-4.1292944,1.69559062,-0.8327637,0.18592447,-1.44159,-0.147385031,0.05627472,-0.0603718273,-0.0578409135,-3.539994,-7.6730957,-0.818511963,0.0894095749,1.78674841,-0.140866235,0.08150786,-0.0809856951,-0.0750402361,-4.62774944,8.997622,-0.6821594,0.157108679,-1.39118016,-0.144050524,-0.0194758214,-0.0474642143,-0.13495332,-3.14532828,-12.8034363,-0.7803955,0.09422827,1.71691477,-0.1481916,-0.00314538553,-0.07392315,-0.08055101,-4.893413,2.42654943,-0.466888428,-0.113586426,-0.628923059,-0.173588648,0.0771628,-0.0252271183,-0.200693741,-3.035591,-11.4457092,-0.7390747,0.0524097867,0.5483258,-0.155465275,-0.00350299664,-0.5014882,2.67276621,2.57900143,3.74785519
156,3.1199988945578232,578,0,1,-0.07537907,0,-3.99928951,-0.118542135,0,-6.58947468,-0.118542135,0,-6.58947468,1,0,0,1,-0.07300823,0,-3.8675,0,0,0,-0.0651180148,-0.0011639297,-3.87277031,4.04810238,-0.778747559,0.0308128688,-0.00448440062,-0.131727546,-0.01934541,-0.07159093,-0.0104728788,-4.196006,-0.103271484,-0.9327698,0.184840843,-1.76211691,-0.101003386,0.0511811823,-0.06186972,-0.0520578176,-3.50056839,-5.76297,-0.922973633,0.06552162,1.959932,-0.09436482,0.07072703,-0.08272078,-0.07483585,-4.87321854,6.85562038,-0.8121948,0.153052,-1.85646284,-0.108102486,-0.01881003,-0.0460593551,-0.150027141,-2.95081663,-11.3999939,-0.893341064,0.0566408858,2.24651551,-0.10271515,-0.010885492,-0.07759413,-0.08336538,-5.22770739,1.6230216,-0.657196045,-0.06845093,-0.6493165,-0.162812,0.0897093862,-0.0248978324,-0.290185124,-2.72351646,-9.93866,-0.867797852,0.0224065874,1.20708334,-0.115417704,-0.017372787,-0.501447558,2.67276621,2.581152,3.74932981
157,3.1399988874716551,584,0,1,-0.07537907,0,-3.99928951,-0.119679466,0,-6.60666466,-0.119679466,0,-6.60666466,1,0,0,1,-0.0729854852,1.49011612E-08,-3.86715627,0,0,0,-0.0676446557,-0.00118052959,-3.87266946,4.0524497,-0.865386963,0.0361503959,-0.00544895465,-0.0849453062,-0.014308867,-0.07349321,0.000521883368,-4.24008846,-2.17648315,-0.974243164,0.184873775,-1.95910144,-0.04399383,0.0412161052,-0.06350518,-0.04068868,-3.48067451,-3.75631714,-0.9585571,0.0277055446,2.02902985,-0.03825429,0.0554297231,-0.08570596,-0.0523194671,-5.04806137,4.332938,-0.890899658,0.161777735,-2.18585277,-0.06524021,-0.015713349,-0.0451217145,-0.145596,-2.80191,-9.341003,-0.9329834,-0.00289917,2.68796873,-0.0464881659,-0.0164726153,-0.07590152,-0.0685592741,-5.47103,0.339656,-0.869171143,-0.57547,-0.529065251,-0.120170034,0.06230337,-0.030698996,-0.373,-2.47434068,-8.308655,-0.93927,0.08474106,1.43757141,-0.08555381,0.0829503238,-0.501526833,2.67276621,2.576952,3.74645019
158,3.1599988803854875,589,0,1,-0.07537907,0,-3.99928951,-0.121367022,0,-6.62240028,-0.121367022,0,-6.62240028,1,0,0,1,-0.0729517341,1.49011612E-08,-3.86684155,0,0,0,-0.07053343,-0.001188308,-3.87229943,4.056253,-0.8961487,0.0431387164,-0.00597340427,-0.0321386568,-0.00825124048,-0.07484864,0.0154142976,-4.259777,-4.3949585,-0.954589844,0.18527934,-2.03158,0.0112358667,0.0216255933,-0.0654298738,-0.0253123939,-3.485659,-1.78894043,-0.9238281,-0.0181274414,1.96741688,0.0201385021,0.0393431857,-0.08153199,0.00137709081,-5.138878,1.61115718,-0.920043945,0.172596842,-2.35012841,-0.0153515264,-0.0299649816,-0.04767456,-0.106767178,-2.7090137,-6.72995,-0.9128113,-0.06173706,2.9931736,0.0216144323,-0.0120047182,-0.0809071139,0.06093338,-5.58714056,-0.8543701,-0.9557495,-0.200378418,-1.18396783,-0.07250962,0.215654254,-0.0355432741,-0.30154866,-2.26399279,-5.60870361,-0.8984375,0.013271315,2.43723869,0.0129078925,-0.0723342448,-0.501094937,2.67276669,2.599866,3.762191
159,3.1799988732993194,593,0,1,-0.07537907,0,-3.99928951,-0.122150451,0,-6.578853,-0.122150451,0,-6.578853,1,0,0,1,-0.0729360655,0,-3.8677125,0,0,0,-0.0737732053,-0.00121407211,-3.87327218,4.056675,-0.8674011,0.0516102128,-0.008143217,0.02446065,-0.00127330492,-0.07553246,0.029553324,-4.24354362,-6.55349731,-0.8753967,0.173857078,-1.91525483,0.06857999,-0.00655985624,-0.06715853,-0.0108566284,-3.507946,0.06718243,-0.8196106,-0.0640869141,1.8247211,0.0794499442,0.0216422137,-0.07752843,0.061453253,-5.13695145,-1.12692261,-0.8690491,0.159370586,-2.37166882,0.0576872528,-0.0439897142,-0.049430944,-0.06909113,-2.6813674,-3.688507,-0.817688,-0.117645264,3.1410017,0.08280614,-0.005323164,-0.08814039,0.17974785,-5.62484646,-2.754425,-0.906829834,0.120352015,-1.70063758,0.0482845,0.103027761,-0.04373424,-0.3143384,-2.15837145,-2.556305,-0.8002014,-0.00689697266,2.69071269,0.08421899,0.006896116,-0.50131166,2.67276621,2.58836365,3.75428
160,3.1999988662131518,597,0,1,-0.07537907,0,-3.99928951,-0.123563834,0,-6.556859,-0.123563834,0,-6.556859,1,0,0,1,-0.0729078,0,-3.86815238,0,0,0,-0.0769331753,-0.00124229491,-3.87379122,4.05517244,-0.7814026,0.06050131,-0.009224259,0.07944444,0.005800351,-0.0773321763,0.0392509252,-4.20731258,-8.529236,-0.737915039,0.145991415,-1.70095146,0.123011932,-0.0324933231,-0.06887938,0.00124806166,-3.54438543,1.73705924,-0.6576843,-0.106201172,1.60888052,0.130271465,0.00464213267,-0.0781700462,0.114957541,-5.064386,-3.74847412,-0.7432251,0.137242213,-2.26024342,0.115575671,-0.0511033759,-0.054627493,-0.0142950416,-2.714476,-0.4109497,-0.6835022,-0.152923584,3.09876156,0.121737257,0.0128137544,-0.08863265,0.290575176,-5.52473974,-4.023285,-0.7715149,0.129241541,-2.03968716,0.118776187,-0.03127864,-0.0534782447,-0.1908395,-2.17768955,-0.440826416,-0.777374268,-0.345581055,1.81129837,0.01790699,-0.1751948,-0.5014312,2.67276669,2.58202839,3.74993134
161,3.2199988591269841,602,0,1,-0.07537907,0,-3.99928951,-0.123444252,0,-6.46994352,-0.123444252,0,-6.46994352,1,0,0,1,-0.07291019,0,-3.86989069,0,0,0,-0.0799327344,-0.00127480924,-3.8755,4.050735,-0.643829346,0.06934662,-0.0114362575,0.12933071,0.0126664229,-0.0797215849,0.04129654,-4.15088,-10.2168274,-0.5515137,0.106741369,-1.3778379,0.165102825,-0.0543714,-0.07279326,0.009051159,-3.59883165,3.127217,-0.455291748,-0.127685547,1.31150723,0.171337247,-0.0013130568,-0.07881324,0.140348375,-4.91409969,-6.07247925,-0.5670471,0.100233518,-1.89199984,0.154025078,-0.0571002774,-0.06604826,0.0414995253,-2.81068134,2.91253376,-0.5053711,-0.143890381,2.907002,0.151490852,0.0401431732,-0.08837327,0.311025232,-5.33013535,-5.645874,-0.5934448,0.0965146348,-1.78416884,0.149678677,-0.05592465,-0.0688308552,-0.0217711926,-2.31016183,0.03586539,-0.735687256,-0.79296875,0.3998509,0.0269566737,-0.241592973,-0.5014124,2.67276621,2.583022,3.750613
162,3.2399988520408161,607,0,1,-0.07537907,0,-3.99928951,-0.124046631,0,-6.417074,-0.124046631,0,-6.417074,1,0,0,1,-0.07289814,1.49011612E-08,-3.870948,0,0,0,-0.0825318247,-0.00130619109,-3.8766396,4.04436636,-0.463104248,0.07762372,-0.0124393795,0.171015576,0.0188116357,-0.0813702047,0.03510365,-4.078792,-11.5178223,-0.32989502,0.0570784435,-0.978433967,0.193648025,-0.07463887,-0.07689839,0.0107411593,-3.67895961,4.108794,-0.223236084,-0.118591309,0.886477649,0.205733851,-0.00631718338,-0.07885179,0.140111148,-4.69430065,-7.939636,-0.362091064,0.0472422168,-1.18022716,0.179141358,-0.056483984,-0.06849407,0.0741678,-2.98522449,6.073944,-0.3350525,-0.112884521,2.55078316,0.14798978,0.0383223779,-0.08970295,0.299481273,-5.035853,-7.14425659,-0.4020996,0.0459853262,-1.56147647,0.166549474,-0.0624094829,-0.0601246,0.0471896827,-2.483752,1.445636,-0.6758728,-0.477294922,0.9047446,0.01977585,0.315708667,-0.500983834,2.67276645,2.60577,3.76625848
163,3.2599988449546484,612,0,1,-0.07537907,0,-3.99928951,-0.124180742,0,-6.342962,-0.124180742,0,-6.342962,1,0,0,1,-0.07289546,0,-3.87243032,0,0,0,-0.0841254443,-0.00135341287,-3.87819457,4.036543,-0.255859375,0.08343261,-0.0134234168,0.196902215,0.0227074232,-0.081466414,0.0161656,-3.970263,-12.2239075,-0.09286499,0.003530488,-0.395392358,0.204761177,-0.08751815,-0.07749023,0.007116437,-3.76771283,4.619961,0.0204092078,-0.0991210938,0.427559763,0.219634458,-0.0263484046,-0.0787807256,0.106575295,-4.42517948,-9.821014,-0.138061523,-0.0127868652,-0.79835695,0.192364857,-0.0539158,-0.0635970458,0.08523532,-3.19572639,9.002164,-0.1388855,-0.10369873,2.13280225,0.175783724,0.0254906341,-0.09214711,0.273199677,-4.740921,-8.762054,-0.190338135,-0.0139465332,-1.59930539,0.181772053,-0.06481585,-0.06420695,0.0786661059,-2.72728944,2.4417994,-0.591766357,-0.3895874,0.8126044,0.0634534061,0.143879741,-0.501409769,2.67276645,2.58315849,3.75070667
164,3.2799988378684808,618,0,1,-0.07537907,0,-3.99928951,-0.125243559,0,-6.35097265,-0.125243559,0,-6.35097265,1,0,0,1,-0.0728742,1.49011612E-08,-3.87227,0,0,0,-0.08483584,-0.00138406456,-3.878328,4.030278,-0.0399169922,0.0865529254,-0.0116666127,0.206095308,0.0248304736,-0.0800815746,-0.009952381,-3.84813547,-12.2382813,0.1410173,-0.0466918945,0.244214177,0.200514764,-0.0934676,-0.07742902,0.0010330081,-3.8484745,4.69159365,0.256976664,-0.08401489,0.007877394,0.215843141,-0.04586531,-0.0783749744,0.05602388,-4.148463,-11.6492,0.08929934,-0.0691223145,-0.628747761,0.192467213,-0.0466618165,-0.0647995,0.0727448538,-3.43826222,11.1897793,0.06689977,-0.08392334,1.39214611,0.190180212,0.0251761638,-0.09509362,0.228972539,-4.4420104,-10.3890991,0.0288471375,-0.07266235,-1.59683764,0.186352283,-0.056014698,-0.07457366,0.07706885,-3.05854177,3.355506,-0.4154663,-0.239044189,0.760029435,0.101087011,0.112570606,-0.5015315,2.67276621,2.57670975,3.74628425
165,3.2999988307823127,622,0,1,-0.07537907,0,-3.99928951,-0.127171025,0,-6.414869,-0.127171025,0,-6.414869,1,0,0,1,-0.072835654,0,-3.87099218,0,0,0,-0.0852587447,-0.00141870975,-3.8775835,4.02843952,0.174076423,0.08836797,-0.0086804,0.206137866,0.0266784113,-0.07851643,-0.0315848738,-3.74970436,-11.6796265,0.363841534,-0.08920288,0.7547394,0.191572279,-0.09597823,-0.0791236758,-0.00335422158,-3.895704,4.53023434,0.480127931,-0.0688476563,-0.246312633,0.207312718,-0.0526990034,-0.0773496255,0.002674535,-3.87874031,-12.88559,0.309185565,-0.113555908,-0.07804042,0.18635951,-0.0343709663,-0.06865197,0.0299334526,-3.715662,11.7468023,0.297736824,-0.0531311035,0.4545531,0.213306114,0.0228032731,-0.09623747,0.139884487,-4.0893755,-11.5897522,0.242976218,-0.120910645,-1.2021842,0.182871267,-0.0388785824,-0.08136219,0.0299417377,-3.56495142,3.793558,-0.0574951172,-0.1859436,0.332404464,0.216978461,0.0772101954,-0.5014714,2.67276645,2.5798912,3.7484653
166,3.3199988236961451,626,0,1,-0.07537907,0,-3.99928951,-0.128874227,0,-6.483307,-0.128874227,0,-6.483307,1,0,0,1,-0.07280159,0,-3.86962342,0,0,0,-0.08584839,-0.001463592,-3.876659,4.0311203,0.3854128,0.09074654,-0.00563473534,0.205132753,0.02920145,-0.0773552954,-0.04755707,-3.66617537,-10.647583,0.577897668,-0.12121582,1.18501377,0.185194388,-0.09637825,-0.0810407,-0.00941683352,-3.96931887,4.003246,0.6964506,-0.0582885742,-0.6326219,0.201442331,-0.061811775,-0.0752684847,-0.0537249744,-3.611834,-13.5001526,0.522208869,-0.144470215,0.5424768,0.1817609,-0.0242674947,-0.0744483545,-0.0146817714,-4.03841162,11.4913568,0.5335459,-0.0288085938,-0.234175131,0.1949556,0.01658736,-0.0949172,0.02396315,-3.71969938,-12.2312317,0.4508276,-0.154968262,-0.669474,0.179803371,-0.0229813382,-0.08801846,-0.0173380375,-4.06039429,3.67896366,0.187317848,-0.18927002,-0.0909777656,0.183341786,0.0556761771,-0.5010191,2.67276621,2.60389042,3.76496267
167,3.339998816609977,629,0,1,-0.07537907,0,-3.99928951,-0.129908368,0,-6.522515,-0.129908368,0,-6.522515,1,0,0,1,-0.07278091,1.49011612E-08,-3.86883926,0,0,0,-0.0853863657,-0.001485467,-3.87614036,4.036267,0.5821717,0.09106588,-0.003947061,0.192439884,0.02931039,-0.07504074,-0.0565721244,-3.594924,-9.223328,0.7675223,-0.135803223,1.54220808,0.165441349,-0.09369244,-0.082749,-0.0145021379,-4.05605841,3.011543,0.8875739,-0.0545349121,-1.07276237,0.17761223,-0.06900066,-0.07204541,-0.102749348,-3.35812688,-13.436554,0.7156825,-0.154541016,1.1705755,0.166564241,-0.0116968676,-0.0808506757,-0.05373268,-4.359538,10.49421,0.733251631,-0.01727295,-0.870656133,0.176459491,0.0112477392,-0.09121269,-0.09808694,-3.35425138,-12.1833191,0.6459239,-0.169006348,-0.04620453,0.170282021,-0.00571306748,-0.09594783,-0.0576997846,-4.5192976,3.13824534,0.434321553,-0.151000977,-0.4340669,0.178753883,0.0681002438,-0.5010935,2.67276645,2.599949,3.7622478
168,3.3599988095238094,634,0,1,-0.07537907,0,-3.99928951,-0.1306091,0,-6.55635834,-0.1306091,0,-6.55635834,1,0,0,1,-0.07276689,0,-3.86816239,0,0,0,-0.08411287,-0.0014860481,-3.87554049,4.04248857,0.7509077,0.08917513,-0.00349082844,0.166816935,0.027547447,-0.07230547,-0.0575996339,-3.53870821,-7.49697876,0.9166223,-0.130859375,1.81008327,0.1325505,-0.0863093138,-0.08409543,-0.0150942951,-4.137117,1.56526268,1.03851879,-0.06085205,-1.47434521,0.139268816,-0.07137826,-0.06764261,-0.136532575,-3.12965512,-12.66864,0.87229,-0.139984131,1.76390827,0.137353629,-0.000279426575,-0.08769217,-0.0758402944,-4.65089035,8.846716,0.903097034,-0.0218505859,-1.43070626,0.148182139,0.006929323,-0.08423728,-0.209595188,-3.00948739,-11.3759155,0.812306,-0.15713501,0.6158381,0.147720739,0.0110619627,-0.104643352,-0.0814937055,-4.92380667,2.3522768,0.664210558,-0.105712891,-0.6380832,0.174546853,0.07713577,-0.501054049,2.67276621,2.602046,3.76369214
169,3.3799988024376417,639,0,1,-0.07537907,0,-3.99928951,-0.130503669,0,-6.592431,-0.130503669,0,-6.592431,1,0,0,1,-0.072769,0,-3.867441,0,0,0,-0.0821857154,-0.001472637,-3.874818,4.048454,0.879803836,0.08521446,-0.00357749453,0.129834816,0.0242050029,-0.06972831,-0.05111073,-3.500862,-5.57415771,1.01202631,-0.107330322,1.97372568,0.088811636,-0.0747991055,-0.08516232,-0.009469658,-4.2019763,-0.2581787,1.1372509,-0.0755310059,-1.78639829,0.0894595,-0.06598592,-0.06246116,-0.149496809,-2.938978,-11.2121582,0.977188051,-0.10256958,2.2852397,0.0945935547,0.007332325,-0.09497848,-0.07381578,-4.89160156,6.66879225,1.0321691,-0.0401306152,-1.88767755,0.108907059,0.00559783727,-0.07370923,-0.29578653,-2.70171928,-9.7951355,0.933621049,-0.118652344,1.26825392,0.110070877,0.0228060745,-0.112159796,-0.08260532,-5.25168848,1.55144393,0.8713089,-0.05645752,-0.644747555,0.164388448,0.09146509,-0.501424432,2.67276645,2.582388,3.75017786
170,3.3999987953514736,644,0,1,-0.07537907,0,-3.99928951,-0.129781708,0,-6.60445929,-0.129781708,0,-6.60445929,1,0,0,1,-0.07278344,1.49011612E-08,-3.86720037,0,0,0,-0.07961297,-0.00143641233,-3.87445712,4.05317736,0.9588194,0.07914202,-0.00459127827,0.08297233,0.0191576872,-0.06726172,-0.03915821,-3.48258853,-3.56552124,1.04326022,-0.06994629,2.03268361,0.03521161,-0.0611020923,-0.0853486657,0.00188240409,-4.244167,-2.3480835,1.17411172,-0.0977172852,-1.97536945,0.0318844467,-0.05271153,-0.05740715,-0.142234355,-2.794473,-9.107758,1.01437569,-0.04711914,2.71584129,0.0355677977,0.0121146515,-0.1028873,-0.04937449,-5.060421,4.122612,1.105015,-0.06604004,-2.205475,0.06995714,0.0131459087,-0.06293601,-0.369576454,-2.45714641,-8.073029,0.970661342,0.04042508,1.51914477,0.0469642319,0.108060531,-0.116755068,-0.06942873,-5.48561859,0.297816545,1.0636152,-0.5881958,-0.614604831,0.176770568,-0.00234978087,-0.5014528,2.67276645,2.580884,3.74914622
171,3.419998788265306,649,0,1,-0.07537907,0,-3.99928951,-0.128854111,0,-6.61770344,-0.128854111,0,-6.61770344,1,0,0,1,-0.07280199,1.49011612E-08,-3.86693549,0,0,0,-0.07669623,-0.00138507783,-3.87367463,4.05751371,0.982500553,0.07162548,-0.005232142,0.0306500718,0.0131980106,-0.06640984,-0.02390419,-3.488701,-1.604126,1.00807631,-0.02279663,1.96333611,-0.0208986625,-0.04200159,-0.08418337,0.0171866119,-4.260938,-4.571045,1.1487385,-0.115386963,-2.035877,-0.0290008131,-0.0343487039,-0.0552705266,-0.103379562,-2.706872,-6.46258545,0.9942096,0.0164948553,3.00770926,-0.0158112422,0.0128198713,-0.10511025,0.00671355426,-5.14333963,1.39394,1.11887014,-0.0906677246,-2.35693216,-0.004545577,0.0152732283,-0.054927066,-0.303996176,-2.25530267,-5.342407,0.957413,0.07729254,2.45528388,-0.0303663015,-0.0513555855,-0.120600045,0.07357791,-5.5929203,-0.87210083,1.13532257,-0.317932129,-1.19601524,0.02506198,0.227710575,-0.50139,2.67276621,2.584217,3.751433
172,3.4399987811791384,655,0,1,-0.07537907,0,-3.99928951,-0.126405478,0,-6.57229662,-0.126405478,0,-6.57229662,1,0,0,1,-0.072850965,0,-3.86784363,0,0,0,-0.0735385343,-0.0013448596,-3.87415981,4.05820751,0.947972238,0.06285056,-0.00767035037,-0.0246781521,0.006389739,-0.0663226,-0.009811565,-3.512175,0.237572819,0.9086465,0.028461922,1.81239331,-0.0766027942,-0.0215686411,-0.08105363,0.0309551656,-4.24197865,-6.719879,1.05659842,-0.126647949,-1.90920639,-0.0876794755,-0.0141177736,-0.0546016544,-0.0655740947,-2.685043,-3.40304565,0.91866374,0.0812562257,3.13902044,-0.06587724,0.008568674,-0.106723107,0.06626265,-5.135279,-1.34173584,1.03077006,-0.1121521,-2.36996531,-0.0756814256,0.0302084386,-0.044091858,-0.3183902,-2.15901661,-2.29379272,0.9341264,0.109035507,2.70187,-0.03657118,-0.0844450146,-0.122597329,0.189074129,-5.62063265,-2.60437,1.03782558,-0.319396973,-1.71135986,-0.0587721467,0.104172051,-0.5015085,2.67276645,2.5779295,3.74712038
173,3.4599987740929703,660,0,1,-0.07537907,0,-3.99928951,-0.124093942,0,-6.54305458,-0.124093942,0,-6.54305458,1,0,0,1,-0.0728971958,1.49011612E-08,-3.86842847,0,0,0,-0.0703408942,-0.00127460063,-3.87421942,4.056922,0.8567483,0.0534482673,-0.009067033,-0.0791960657,-0.0007477887,-0.06628255,0.00177320838,-3.54867,1.88906276,0.752320468,0.07456709,1.59351242,-0.1290477,-0.00332166255,-0.07931648,0.0402793139,-4.203407,-8.678558,0.9068103,-0.115478516,-1.68578672,-0.139792189,0.02037777,-0.0557652153,-0.0107366,-2.72329044,-0.131408691,0.793409646,0.134247676,3.077588,-0.0987395048,0.00361827761,-0.106893726,0.1168562,-5.055931,-3.94934082,0.913829267,-0.103424072,-2.24662113,-0.1197017,0.0422900468,-0.0478768758,-0.183480263,-2.19185352,-0.403198242,0.925425947,-0.0194702148,1.61155891,-0.008821119,-0.09629685,-0.11209216,0.288349,-5.51405,-3.96734619,0.936754346,-0.293823242,-1.98935854,-0.105767891,0.05069557,-0.5010873,2.67276645,2.60026836,3.76246786
174,3.4799987670068027,664,0,1,-0.07537907,0,-3.99928951,-0.121016845,0,-6.475463,-0.121016845,0,-6.475463,1,0,0,1,-0.07295874,0,-3.8697803,0,0,0,-0.06751509,-0.00124453008,-3.874996,4.05312061,0.7157867,0.04451209,-0.011067057,-0.127405033,-0.007303606,-0.06833479,0.00908696651,-3.60519719,3.24922371,0.5547716,0.1140357,1.28134167,-0.171766967,0.0208082758,-0.0750151053,0.0419929028,-4.14490843,-10.3429871,0.708269835,-0.08895874,-1.35778356,-0.180285439,0.0437618122,-0.06646095,0.0427487642,-2.82860684,3.164546,0.646048367,0.183889791,2.860753,-0.12989369,0.014857389,-0.100480393,0.141484141,-4.89872742,-6.243347,0.7221242,-0.08181763,-1.840599,-0.167914912,0.04815209,-0.0551166162,-0.00340944529,-2.32874012,0.350925475,0.798246861,-0.8470764,0.5853518,-0.0412138253,-0.206178352,-0.104104131,0.312635124,-5.310356,-5.60473633,0.7408844,-0.242645264,-1.78709531,-0.163758039,0.07329446,-0.5014653,2.67276621,2.58022022,3.74869084
175,3.4999987599206346,667,0,1,-0.07537907,0,-3.99928951,-0.11790958,0,-6.4046526,-0.11790958,0,-6.4046526,1,0,0,1,-0.07302088,1.49011612E-08,-3.87119651,0,0,0,-0.0650682747,-0.00119094551,-3.875773,4.04723024,0.534046233,0.0363001376,-0.0125987511,-0.167065352,-0.0131512657,-0.07139248,0.0104241222,-3.68700337,4.18129635,0.325815,0.153027639,0.846559167,-0.200801313,0.04585084,-0.07078602,0.0353156626,-4.07078028,-11.6121521,0.474592239,-0.05038452,-0.9502922,-0.207109809,0.06448734,-0.06982811,0.0805010945,-3.00410962,6.280132,0.445787936,0.243876442,2.51387286,-0.18645826,-9.66787338E-05,-0.09208057,0.13955152,-4.674047,-8.072266,0.500763237,-0.0411682129,-1.12466514,-0.1936655,0.0471352339,-0.04352022,0.06877662,-2.50702453,1.61251771,0.7601039,-0.316070557,0.8424297,-0.0367008857,0.287415445,-0.0913334638,0.299287319,-5.010218,-7.110626,0.52794,-0.176269531,-1.56315792,-0.182861775,0.07672495,-0.5010065,2.67276669,2.60454273,3.76541257
176,3.5199987528344669,672,0,1,-0.07537907,0,-3.99928951,-0.115197569,0,-6.32668972,-0.115197569,0,-6.32668972,1,0,0,1,-0.07307512,0,-3.87275577,0,0,0,-0.06352572,-0.00115391612,-3.877015,4.03873873,0.326893538,0.0302660726,-0.0142633831,-0.192065924,-0.0170950927,-0.07151868,0.00636442,-3.774801,4.64651251,0.09194853,0.18099165,0.391340375,-0.2124549,0.0528433956,-0.06653678,0.0151480883,-3.95888638,-12.2669983,0.225398138,-0.006072998,-0.3516074,-0.216657162,0.07726458,-0.06624158,0.08440778,-3.21585035,9.175089,0.255078822,0.237870872,2.091397,-0.168326914,-0.0214099884,-0.0820341557,0.103212357,-4.40189648,-9.966492,0.262127578,0.008528371,-0.7883197,-0.205840722,0.04594238,-0.0447950475,0.0814128146,-2.754739,2.54781055,0.693592548,-0.243896484,0.766044736,-0.03307651,0.03191038,-0.0783060044,0.272487849,-4.717867,-8.765533,0.2989691,-0.10345459,-1.628188,-0.195096821,0.07714225,-0.501422763,2.67276621,2.5824604,3.75022745
177,3.5399987457482993,678,0,1,-0.07537907,0,-3.99928951,-0.1147483,0,-6.349387,-0.1147483,0,-6.349387,1,0,0,1,-0.07308411,1.49011612E-08,-3.87230182,0,0,0,-0.06284559,-0.00114034116,-3.87657571,4.032155,0.112002939,0.0269561969,-0.0126173906,-0.200526029,-0.019070603,-0.07043625,0.000343248248,-3.85194921,4.688843,-0.127319336,0.186663941,-0.0127976555,-0.207603514,0.0518008545,-0.06342772,-0.0110788941,-3.837484,-12.2342834,-0.0197143555,0.0362108,0.281445742,-0.210875183,0.08357716,-0.06782649,0.06912277,-3.460584,11.2338781,0.07303158,0.2206313,1.26890373,-0.174690545,-0.0241543725,-0.07234097,0.0521402135,-4.12531948,-11.7557983,0.0225677229,0.05612005,-0.5909545,-0.204372182,0.03965672,-0.0443455167,0.07563563,-3.09778333,3.415633,0.520580053,-0.320617676,0.701045454,-0.08961158,0.004904884,-0.0646750256,0.2246159,-4.414553,-10.3875427,0.0660318,-0.0339660645,-1.59096193,-0.196878716,0.06613889,-0.501498342,2.67276645,2.57846165,3.74748516
178,3.5599987386621312,683,0,1,-0.07537907,0,-3.99928951,-0.1153056,0,-6.41581059,-0.1153056,0,-6.41581059,1,0,0,1,-0.07307296,1.49011612E-08,-3.87097335,0,0,0,-0.0622795559,-0.001148209,-3.87556243,4.03001356,-0.101959229,0.0245687664,-0.009423736,-0.201635078,-0.0211910475,-0.06824399,-0.004209861,-3.90062118,4.491839,-0.334075928,0.177991942,-0.27624476,-0.201840281,0.0476470664,-0.0612410977,-0.0326653719,-3.74004,-11.6351624,-0.256011963,0.07300529,0.7863967,-0.203120515,0.08746898,-0.070191294,0.0261394978,-3.74063778,11.7249327,-0.140533447,0.186090276,0.397967279,-0.196241662,-0.025921464,-0.063681215,-0.00187540054,-3.8556006,-12.9490967,-0.210144043,0.0943971649,-0.03421959,-0.198965311,0.0289475974,-0.05474428,0.0255340412,-3.60467339,3.795479,0.187851489,-0.2171936,0.313088477,-0.2078337,0.08846492,-0.0509072579,0.1327142,-4.060078,-11.5696411,-0.160888672,0.0239116773,-1.18189335,-0.192872509,0.0476988927,-0.5014422,2.67276645,2.581437,3.74952555
179,3.5799987315759636,688,0,1,-0.07537907,0,-3.99928951,-0.116280138,0,-6.48247242,-0.116280138,0,-6.48247242,1,0,0,1,-0.07305347,0,-3.86964,0,0,0,-0.06164695,-0.00116430223,-3.874444,4.032812,-0.313781738,0.0218040086,-0.006336003,-0.2010769,-0.0236772224,-0.06835934,-0.0102451891,-3.974929,3.92204285,-0.5350952,0.166195765,-0.6669257,-0.198021352,0.0530511,-0.0595377535,-0.048294425,-3.657345,-10.5690613,-0.483062744,0.100140817,1.21122849,-0.194901854,0.0890520662,-0.07491037,-0.01829733,-4.06310844,11.4080429,-0.356140137,0.155076355,-0.2872169,-0.181451,-0.0224792622,-0.0562227964,-0.0579902977,-3.58942151,-13.5147705,-0.4363098,0.120740458,0.5883801,-0.1940703,0.0193051063,-0.06189307,-0.0212144852,-4.09684658,3.64007163,-0.051574707,-0.189208984,-0.115815774,-0.178792819,0.0649603,-0.03883645,0.0155122355,-3.690093,-12.1777649,-0.3824768,0.06699706,-0.63756907,-0.190220088,0.030501429,-0.5014019,2.67276645,2.583582,3.7509973
180,3.599998724489796,694,0,1,-0.07537907,0,-3.99928951,-0.116541281,0,-6.522336,-0.116541281,0,-6.522336,1,0,0,1,-0.07304825,1.49011612E-08,-3.86884284,0,0,0,-0.0621255077,-0.00116364658,-3.87379122,4.03788328,-0.510864258,0.02127396,-0.004879238,-0.188203856,-0.0236663334,-0.0692446,-0.014984116,-4.061028,2.88939977,-0.7135315,0.155263826,-1.103839,-0.176616326,0.0565038472,-0.0596152134,-0.0568337,-3.587067,-9.117798,-0.6824646,0.110628679,1.56227744,-0.17170912,0.08729941,-0.07870349,-0.0560982227,-4.381832,10.3560476,-0.5496216,0.1291518,-0.9179882,-0.165697873,-0.0205891188,-0.05049724,-0.106145665,-3.33727,-13.3983154,-0.6394348,0.126201645,1.21537638,-0.176158726,0.006441377,-0.06975961,-0.06018375,-4.5515933,3.07426763,-0.2885437,-0.1496582,-0.4538323,-0.177568883,0.07139815,-0.02943429,-0.106529377,-3.32557821,-12.0862732,-0.5883789,0.08759461,-0.007142681,-0.178450972,0.0106603438,-0.5015614,2.67276645,2.575119,3.74519467
181,3.6199987174036279,699,0,1,-0.07537907,0,-3.99928951,-0.1173791,0,-6.55812263,-0.1173791,0,-6.55812263,1,0,0,1,-0.07303149,1.49011612E-08,-3.868127,0,0,0,-0.06340835,-0.00116723776,-3.873235,4.04354954,-0.6793823,0.0230467711,-0.00445615361,-0.161836222,-0.0217593648,-0.07049713,-0.0150838047,-4.140857,1.40876317,-0.854614258,0.1493578,-1.49807,-0.1401408,0.0562670529,-0.06061496,-0.05739346,-3.53221679,-7.37237549,-0.836578369,0.102269411,1.82261348,-0.1345741,0.0802614838,-0.08188089,-0.07623409,-4.669357,8.662747,-0.7142029,0.115887031,-1.470077,-0.139215872,-0.0177206136,-0.046997752,-0.138593435,-3.111293,-12.576416,-0.800750732,0.107052177,1.80499506,-0.142754838,-0.00502045453,-0.07561775,-0.08214679,-4.950203,2.28342819,-0.5067444,-0.106018066,-0.641966,-0.172402143,0.0789734945,-0.0244452748,-0.21689108,-2.98285913,-11.2296448,-0.760528564,0.07959195,0.6580995,-0.151958808,-0.008250136,-0.501123667,2.67276621,2.59833813,3.761139
182,3.6399987103174603,703,0,1,-0.07537907,0,-3.99928951,-0.118764162,0,-6.59525633,-0.118764162,0,-6.59525633,1,0,0,1,-0.07300379,0,-3.86738443,0,0,0,-0.06536913,-0.0011638999,-3.87267232,4.049093,-0.8071594,0.0270088781,-0.00469475472,-0.123902053,-0.0182194281,-0.07224035,-0.00891962647,-4.20412,-0.4387207,-0.9458618,0.150795728,-1.800012,-0.09209449,0.052100122,-0.06209773,-0.0504941642,-3.49608517,-5.43917847,-0.9317627,0.07598466,1.97781944,-0.0865056738,0.068589,-0.08403925,-0.07204057,-4.904883,6.45130968,-0.8373413,0.11843048,-1.91656983,-0.0978357941,-0.016571328,-0.04576895,-0.149949953,-2.92403579,-11.0679016,-0.9048462,0.06580792,2.32014275,-0.09510805,-0.0122452825,-0.07865579,-0.08134478,-5.270659,1.49669611,-0.664978,-0.09188843,-0.632137239,-0.15153113,0.09104189,-0.0247326773,-0.300959468,-2.67830229,-9.598022,-0.8814697,0.0432577655,1.31014931,-0.109263264,-0.0210788622,-0.50130105,2.67276645,2.58892632,3.75466681
183,3.6599987032312922,707,0,1,-0.07537907,0,-3.99928951,-0.119971156,0,-6.605699,-0.119971156,0,-6.605699,1,0,0,1,-0.07297965,1.49011612E-08,-3.86717558,0,0,0,-0.0680057,-0.00117667019,-3.872698,4.0529294,-0.88394165,0.0331952423,-0.00566795655,-0.0757563561,-0.0129623674,-0.07380706,0.002833262,-4.244794,-2.54153442,-0.977172852,0.151602134,-1.97825766,-0.03358723,0.03908825,-0.0639293641,-0.03834556,-3.4799428,-3.42950439,-0.9562988,0.03654555,2.02742362,-0.0282986946,0.053499002,-0.08599518,-0.0458975434,-5.06768751,3.885669,-0.9062805,0.127481967,-2.221562,-0.0565457866,-0.0153397545,-0.0445382036,-0.1403486,-2.78356242,-8.916992,-0.9336853,0.00416626967,2.7427125,-0.0307743065,-0.0199527517,-0.08017504,-0.0680510551,-5.49481964,0.287617862,-0.876464844,-0.565856934,-0.612585664,-0.14903602,-0.0210955013,-0.0279336777,-0.3670578,-2.437005,-7.80133057,-0.8925476,0.0258463547,1.58088541,-0.0439471565,0.03903413,-0.5015148,2.67276645,2.577589,3.746887
184,3.6799986961451245,712,0,1,-0.07537907,0,-3.99928951,-0.121568933,0,-6.61934853,-0.121568933,0,-6.61934853,1,0,0,1,-0.0729476959,1.49011612E-08,-3.86690259,0,0,0,-0.07098969,-0.00118808448,-3.87238717,4.056296,-0.903900146,0.0409455523,-0.00613502041,-0.0219311677,-0.00672628172,-0.07557272,0.0179706663,-4.25916862,-4.76223755,-0.9463806,0.153504878,-2.02328873,0.022339005,0.0202588886,-0.06525525,-0.0228519291,-3.48790646,-1.47354126,-0.908233643,-0.0119934082,1.95065582,0.0312165488,0.0340734459,-0.082742244,0.01135242,-5.142568,1.15534854,-0.920166,0.140837342,-2.35829782,-0.005914461,-0.02856551,-0.0453428961,-0.1012024,-2.70096731,-6.232239,-0.8942871,-0.06289673,3.02442479,0.03220827,-0.0170155317,-0.08350703,0.08019385,-5.59626341,-1.01351929,-0.957489,-0.1611023,-1.25535727,-0.0643985942,0.2093189,-0.0329179838,-0.3056532,-2.242046,-5.03222656,-0.848510742,-0.0274963379,2.481952,0.03013264,-0.0353934467,-0.501395,2.67276645,2.583952,3.75125122
185,3.6999986890589569,717,0,1,-0.07537907,0,-3.99928951,-0.122568429,0,-6.582799,-0.122568429,0,-6.582799,1,0,0,1,-0.0729277059,0,-3.86763358,0,0,0,-0.07419812,-0.00122140348,-3.87327266,4.05667448,-0.8648071,0.0498411767,-0.008183353,0.0341589339,0.000151483342,-0.0766427442,0.0314806551,-4.2382617,-6.89547729,-0.8569336,0.143370748,-1.88421071,0.07894373,-0.00640576333,-0.0665032,-0.00871779,-3.51398468,0.350887,-0.7923889,-0.06201172,1.78883672,0.08849344,0.0142613351,-0.07992781,0.07026148,-5.12844,-1.56985474,-0.8548584,0.129919708,-2.360603,0.07292656,-0.0413960554,-0.0469374135,-0.06285921,-2.68440771,-3.14093018,-0.789001465,-0.123138428,3.14757729,0.09018065,-0.008751661,-0.08977932,0.196300715,-5.61631775,-2.88812256,-0.885345459,-0.105194092,-1.77078629,0.06640701,0.0327930525,-0.04144664,-0.3173505,-2.15048981,-1.97113037,-0.7595215,-0.013885498,2.69098449,0.09090079,0.038252838,-0.5009911,2.67276669,2.60538578,3.76599383
186,3.7199986819727888,723,0,1,-0.07537907,0,-3.99928951,-0.123562716,0,-6.545391,-0.123562716,0,-6.545391,1,0,0,1,-0.07290782,1.49011612E-08,-3.86838174,0,0,0,-0.077382654,-0.00124558806,-3.87396121,4.055125,-0.7692871,0.05912704,-0.009534783,0.0886783749,0.00727109844,-0.07887139,0.0402056873,-4.199408,-8.832245,-0.709198,0.1192552,-1.65544581,0.132025316,-0.03069362,-0.06853591,0.00295005739,-3.55080056,1.98518193,-0.6217346,-0.107788086,1.571898,0.137411118,-0.001237791,-0.08058716,0.1218419,-5.04359436,-4.1524353,-0.7127075,0.112306684,-2.22369,0.124609441,-0.0497369766,-0.05472854,-0.0008254647,-2.723391,0.159106,-0.637268066,-0.154449463,3.07863235,0.133307666,0.0153594464,-0.08934805,0.303313,-5.49675369,-4.22995,-0.7321167,-0.08432007,-2.05687785,0.1251831,-0.0190893933,-0.0545068681,-0.139092743,-2.19695687,-0.32913208,-0.733215332,-0.46307373,1.41602993,0.0225310624,-0.21720621,-0.5015311,2.67276621,2.57673264,3.7463
187,3.7399986748866212,728,0,1,-0.07537907,0,-3.99928951,-0.123729236,0,-6.45838,-0.123729236,0,-6.45838,1,0,0,1,-0.07290449,0,-3.870122,0,0,0,-0.08036964,-0.00129133463,-3.87578034,4.04984331,-0.622802734,0.06834402,-0.011941825,0.1378616,0.01407497,-0.08062382,0.0407951474,-4.13976,-10.4595032,-0.5152893,0.0817507058,-1.31513774,0.171759,-0.0551832467,-0.07318228,0.009710446,-3.609792,3.320898,-0.4128418,-0.12701416,1.2527349,0.177731887,-0.00354983285,-0.0803283453,0.1422908,-4.88129,-6.408264,-0.5354004,0.0743985,-1.784124,0.157605767,-0.05472672,-0.06676996,0.0462076366,-2.83499813,3.46564817,-0.4645996,-0.139648438,2.8533833,0.152452692,0.0417486131,-0.09111974,0.313882142,-5.28863955,-5.86193848,-0.5655823,-0.08987427,-1.77379811,0.148939222,-0.0290585533,-0.068695426,-0.0140431523,-2.33952785,0.06359766,-0.692779541,-0.880645752,0.32567513,0.0256980434,-0.21113418,-0.501416564,2.67276645,2.58279514,3.75045729
188,3.7599986678004536,733,0,1,-0.07537907,0,-3.99928951,-0.124257483,0,-6.41118526,-0.124257483,0,-6.41118526,1,0,0,1,-0.072893925,1.49011612E-08,-3.87106586,0,0,0,-0.08282089,-0.00131164491,-3.87675357,4.04332447,-0.4355774,0.07656915,-0.0125120217,0.177217111,0.01985309,-0.08192344,0.03326547,-4.065226,-11.6874695,-0.28918457,0.0330759473,-0.9047099,0.197575748,-0.07562828,-0.07703439,0.0104740709,-3.693644,4.22423935,-0.177124023,-0.115844727,0.809241533,0.209735066,-0.009657789,-0.08029433,0.137361616,-4.652878,-8.189301,-0.325073242,0.0229027011,-1.05913734,0.18360509,-0.05327885,-0.06684497,0.0782409757,-3.01897717,6.58543968,-0.294403076,-0.111755371,2.48384237,0.1489924,0.03377098,-0.09273681,0.2938012,-4.98045063,-7.33120728,-0.368621826,-0.114532471,-1.52064133,0.174031332,-0.0388873927,-0.058989387,0.0526699871,-2.518933,1.58012331,-0.633667,-0.495880127,0.9648014,0.04423377,0.396993458,-0.501393557,2.67276621,2.58402538,3.75130129
189,3.7799986607142855,739,0,1,-0.07537907,0,-3.99928951,-0.124026142,0,-6.33565426,-0.124026142,0,-6.33565426,1,0,0,1,-0.07289855,0,-3.87257648,0,0,0,-0.0843021348,-0.001354143,-3.87836671,4.03535,-0.224731445,0.0822627,-0.0133730965,0.20043312,0.02348918,-0.0817155,0.0121671259,-3.95059562,-12.2849731,-0.05038452,-0.0188598633,-0.290872216,0.2061684,-0.08759631,-0.0774238,0.006149322,-3.78264713,4.65504,0.0672168,-0.09725952,0.350372672,0.220581964,-0.0304741487,-0.0800313652,0.09837285,-4.37830734,-10.0879211,-0.0973510742,-0.0348510742,-0.769234,0.195186675,-0.0510050021,-0.06254367,0.08545526,-3.234035,9.463655,-0.09448242,-0.103729248,2.05372834,0.180177078,0.023006618,-0.09517096,0.2662443,-4.69095039,-8.973053,-0.151184082,-0.151092529,-1.61150444,0.188945636,-0.04394907,-0.06399274,0.0802019238,-2.773058,2.59696174,-0.530792236,-0.3819275,0.834969938,0.07456486,0.155208692,-0.5010189,2.67276645,2.6039114,3.76497746
190,3.7999986536281178,742,0,1,-0.07537907,0,-3.99928951,-0.125676438,0,-6.359699,-0.125676438,0,-6.359699,1,0,0,1,-0.0728655457,1.49011612E-08,-3.87209558,0,0,0,-0.08489821,-0.00138312578,-3.878221,4.02957,-0.007598877,0.085264,-0.0113605,0.207480133,0.02536749,-0.0801291838,-0.0138552487,-3.83076549,-12.1984253,0.183008641,-0.0664672852,0.334980518,0.20012553,-0.09300624,-0.07740936,0.00050342083,-3.85414529,4.6935873,0.302051574,-0.08291626,-0.02370081,0.214775711,-0.04840882,-0.07936874,0.0471945852,-4.10242176,-11.8284912,0.130935684,-0.0874939,-0.543780565,0.193393871,-0.0427561551,-0.06464529,0.06557914,-3.48255062,11.3306913,0.1139743,-0.084198,1.08164012,0.1914035,0.0227143131,-0.0975396,0.215557158,-4.38393974,-10.54248,0.07014692,-0.188079834,-1.54420841,0.190995231,-0.0364258923,-0.0753006041,0.0706077442,-3.14094162,3.45916367,-0.346282959,-0.216644287,0.70996803,0.112767905,0.1189197,-0.5010787,2.67276621,2.60074329,3.76279473
191,3.8199986465419498,747,0,1,-0.07537907,0,-3.99928951,-0.1274534,0,-6.42996073,-0.1274534,0,-6.42996073,1,0,0,1,-0.07283001,-5.811453E-07,-3.87069035,0,0,0,-0.08539102,-0.00142782927,-3.877385,4.02842855,0.207478,0.087418,-0.008130195,0.207393467,0.0274193119,-0.0786112249,-0.0348262042,-3.73452687,-11.5529785,0.4056156,-0.106201172,0.833580136,0.191493973,-0.0953866243,-0.07952117,-0.00438039,-3.906994,4.47812271,0.524122,-0.0684814453,-0.3067636,0.20652391,-0.05414698,-0.07796255,-0.007090345,-3.83314753,-12.9708252,0.35130474,-0.128326416,0.0174816158,0.187101617,-0.03124066,-0.06962144,0.022512123,-3.76904869,11.7492,0.3449734,-0.0534667969,0.337731481,0.2095829,0.02181185,-0.09785931,0.121650338,-4.02837563,-11.6651917,0.2849677,-0.216949463,-1.12660944,0.1866061,-0.0221585054,-0.0819499,0.02199936,-3.6490674,3.80205464,-0.009246826,-0.1845398,0.2583562,0.209364533,0.0686272755,-0.501045465,2.67276669,2.60249329,3.76400042
192,3.8399986394557821,752,0,1,-0.07537907,0,-3.99928951,-0.129036278,0,-6.49059057,-0.129036278,0,-6.49059057,1,0,0,1,-0.07279835,0,-3.86947775,0,0,0,-0.08579489,-0.00147219,-3.87657166,4.031685,0.417652071,0.08961317,-0.005252976,0.204186335,0.02948134,-0.07717617,-0.04973361,-3.65298843,-10.447113,0.616249442,-0.134124756,1.2521435,0.182415217,-0.09536959,-0.08147186,-0.0105023384,-3.98408866,3.872746,0.735781,-0.05834961,-0.708224058,0.1973337,-0.06270205,-0.07546613,-0.06262572,-3.568321,-13.4812622,0.562070847,-0.1546936,0.640413344,0.180106789,-0.0209253281,-0.07579498,-0.0218322426,-4.092918,11.3674908,0.57268995,-0.0305480957,-0.342486948,0.190873057,0.0161864124,-0.09571614,0.00410997868,-3.65911579,-12.2059937,0.491771758,-0.233398438,-0.576996863,0.181540936,-0.008322024,-0.089582,-0.0245800763,-4.138422,3.61059737,0.233676523,-0.181091309,-0.153432071,0.180454656,0.0563992634,-0.501472,2.67276621,2.57986736,3.74844885
193,3.8599986323696145,757,0,1,-0.07537907,0,-3.99928951,-0.129973188,0,-6.527927,-0.129973188,0,-6.527927,1,0,0,1,-0.07277961,0,-3.868731,0,0,0,-0.0851958841,-0.00149433315,-3.87606049,4.037131,0.6107523,0.08970426,-0.003787931,0.189156458,0.0292596128,-0.07471155,-0.0574295521,-3.58413839,-8.963623,0.7993027,-0.144348145,1.594975,0.160200462,-0.09209354,-0.08304462,-0.0149998218,-4.07035637,2.801208,0.9191869,-0.0554199219,-1.14417052,0.170968831,-0.06961869,-0.0718087,-0.109410971,-3.31841922,-13.3078613,0.749720156,-0.159667969,1.26480973,0.162019148,-0.008748159,-0.0821741,-0.058720082,-4.41003466,10.2579765,0.7687137,-0.0234375,-0.9676822,0.16947566,0.01074259,-0.09106466,-0.116828948,-3.296557,-12.043457,0.6823575,-0.231018066,0.0550472066,0.168880865,0.00703785848,-0.09918896,-0.06285195,-4.58953476,3.017085,0.459195971,-0.103515625,-0.478544772,0.17303662,0.06914946,-0.5014082,2.67276645,2.58323956,3.75076222
194,3.8799986252834464,763,0,1,-0.07537907,0,-3.99928951,-0.130599037,0,-6.562593,-0.130599037,0,-6.562593,1,0,0,1,-0.0727670938,0,-3.8680377,0,0,0,-0.08381202,-0.001491636,-3.87544,4.043264,0.77374506,0.08761682,-0.00335662649,0.161474109,0.0272022914,-0.07194867,-0.05710338,-3.5308497,-7.195404,0.9393346,-0.135131836,1.84587872,0.125340328,-0.0840679556,-0.08460675,-0.0146085173,-4.14911032,1.28552783,1.06036532,-0.0625610352,-1.53282666,0.130795136,-0.0695283,-0.06706202,-0.13988781,-3.09570122,-12.4307251,0.8976119,-0.140411377,1.84860587,0.130154714,0.00179480761,-0.08994027,-0.07716149,-4.694051,8.515611,0.928764,-0.0273742676,-1.51246154,0.142762512,0.008587912,-0.08311668,-0.224758178,-2.95715714,-11.1162109,0.841016531,-0.204498291,0.71822983,0.142999232,0.0213374626,-0.106757887,-0.0827973038,-4.98258,2.2158494,0.701380551,-0.0858764648,-0.6601572,0.177516684,0.0638735145,-0.5015005,2.67276669,2.57834148,3.747403
195,3.8999986181972788,769,0,1,-0.07537907,0,-3.99928951,-0.130580038,0,-6.598022,-0.130580038,0,-6.598022,1,0,0,1,-0.0727674738,1.49011612E-08,-3.86732912,0,0,0,-0.081773445,-0.00145879388,-3.87468767,4.049369,0.8950696,0.083402276,-0.00358508946,0.122821875,0.0235819556,-0.06954659,-0.04949428,-3.496291,-5.248749,1.02388358,-0.106994629,1.99139309,0.0803036541,-0.07135616,-0.08550486,-0.00792025,-4.210569,-0.589477539,1.14804089,-0.0771789551,-1.82660449,0.07974889,-0.06308966,-0.0617397428,-0.149324954,-2.912779,-10.8714905,0.994643331,-0.100036621,2.35438228,0.08655314,0.00774988532,-0.09700296,-0.07092942,-4.924472,6.265975,1.05282354,-0.04510498,-1.94945681,0.102692708,0.00767041,-0.0715801343,-0.30656594,-2.65764856,-9.408203,0.9619083,-0.16293335,1.37107658,0.106320567,0.0266593359,-0.114740655,-0.08023642,-5.29562664,1.43461,0.914543867,-0.0428161621,-0.6282334,0.167848274,0.08850614,-0.5011215,2.67276621,2.59845829,3.76122165
196,3.9199986111111111,774,0,1,-0.07537907,0,-3.99928951,-0.1296923,0,-6.603589,-0.1296923,0,-6.603589,1,0,0,1,-0.07278523,1.49011612E-08,-3.86721778,0,0,0,-0.0791436657,-0.001429379,-3.87442279,4.053865,0.9655673,0.0771901757,-0.0048167007,0.07491734,0.018354252,-0.0669475645,-0.03679201,-3.482032,-3.23840332,1.04435849,-0.06774902,2.02987266,0.0261523761,-0.05863051,-0.0853933,0.004211858,-4.24889851,-2.71005249,1.17412722,-0.09881592,-1.99490261,0.0222492255,-0.0493197143,-0.0560855977,-0.136604562,-2.77691126,-8.679047,1.01972926,-0.0440673828,2.7665782,0.025784608,0.0106315091,-0.104800895,-0.04289621,-5.08068943,3.67531681,1.11258984,-0.06933594,-2.24286532,0.0568168461,0.01641041,-0.0597692952,-0.3630401,-2.42068982,-7.53286743,0.9913467,0.0118975118,1.65021968,0.04247482,0.121890351,-0.119354926,-0.0681933,-5.51027632,0.280271024,1.07576108,-0.5275879,-0.698245764,0.169696122,-0.115941055,-0.501498461,2.67276645,2.57846737,3.74748921
197,3.9399986040249431,780,0,1,-0.07537907,0,-3.99928951,-0.128606752,0,-6.6149497,-0.128606752,0,-6.6149497,1,0,0,1,-0.07280694,1.49011612E-08,-3.86699057,0,0,0,-0.0761506557,-0.00137719512,-3.873675,4.05776358,0.979822636,0.06947664,-0.00548716,0.0216061659,0.0121478681,-0.06606079,-0.0214903653,-3.49107957,-1.28973389,0.9983347,-0.0203552246,1.94537711,-0.0308369473,-0.039890267,-0.0841625556,0.0196680725,-4.26017,-4.935608,1.13761222,-0.11315918,-2.02719021,-0.0392234474,-0.02908503,-0.0534452423,-0.09769431,-2.69966054,-5.96258545,0.9804459,0.0168576371,3.035608,-0.03313183,0.009653881,-0.106560118,0.0162641555,-5.147384,0.936022341,1.11012518,-0.09005737,-2.36660552,-0.0176016912,0.0189224929,-0.0489301868,-0.307465434,-2.23482966,-4.74731445,0.935511947,0.06451592,2.490236,-0.06257318,-0.03622499,-0.1218883,0.08972606,-5.603286,-1.03701782,1.12749112,-0.213653564,-1.27761722,0.006174475,0.194873989,-0.501489639,2.67276669,2.57892132,3.74780059
198,3.9599985969387754,783,0,1,-0.07537907,0,-3.99928951,-0.126219958,0,-6.58109426,-0.126219958,0,-6.58109426,1,0,0,1,-0.0728546754,1.49011612E-08,-3.86766768,0,0,0,-0.072986,-0.00132824481,-3.87395287,4.05861235,0.9356641,0.0606432967,-0.007605281,-0.0338418633,0.00529996352,-0.06589846,-0.00768324733,-3.51864552,0.5156745,0.88892144,0.02727305,1.77295339,-0.08604678,-0.0206621215,-0.08111803,0.0328326374,-4.23662758,-7.060547,1.035263,-0.120452881,-1.87877715,-0.09616475,-0.007199753,-0.0521871261,-0.0592758954,-2.68896937,-2.85394287,0.899407446,0.07550019,3.144636,-0.07208033,0.00217137486,-0.108289845,0.07494447,-5.126707,-1.78665161,1.01282585,-0.106445313,-2.358892,-0.08090631,0.0347901732,-0.03844627,-0.318008482,-2.15118837,-1.69998169,0.923997939,0.051239714,2.6823175,-0.0351034738,-0.0749778152,-0.120876558,0.20601818,-5.61273241,-2.77160645,1.02024472,-0.4803772,-1.8018229,-0.0655234158,0.03354755,-0.501075864,2.67276645,2.60087013,3.76288223
199,3.9799985898526073,788,0,1,-0.07537907,0,-3.99928951,-0.123557128,0,-6.534257,-0.123557128,0,-6.534257,1,0,0,1,-0.07290793,1.49011612E-08,-3.86860442,0,0,0,-0.06985206,-0.0012730509,-3.87419772,4.057297,0.835724533,0.0513911173,-0.009356967,-0.08741701,-0.00175589859,-0.06571164,0.00345389545,-3.55525231,2.12803483,0.7254207,0.0651816651,1.55495715,-0.137060374,-0.003648512,-0.07910153,0.0413918346,-4.195202,-8.981354,0.877729237,-0.104736328,-1.64013672,-0.14677982,0.0263934135,-0.0563557781,0.00574094057,-2.73100233,0.449237764,0.7956493,0.127194077,3.06212068,-0.0892133042,0.005389251,-0.106681928,0.124162525,-5.034979,-4.35510254,0.8875274,-0.0925293,-2.210535,-0.127678052,0.0439863354,-0.05139393,-0.11471799,-2.21109366,-0.280700684,0.9299361,-0.361175537,1.217952,0.00213588774,-0.242543429,-0.11025507,0.3029897,-5.48619127,-4.19372559,0.9109355,-0.414917,-2.01982784,-0.1167959,0.07033607,-0.501470566,2.67276645,2.57993031,3.74849224
200,3.9999985827664397,794,0,1,-0.07537907,0,-3.99928951,-0.120188341,0,-6.4519906,-0.120188341,0,-6.4519906,1,0,0,1,-0.07297531,0,-3.87024975,0,0,0,-0.0671181157,-0.00122965872,-3.8753674,4.05222464,0.6877948,0.0426913351,-0.0118087912,-0.133992031,-0.00811662,-0.0695037544,0.009729654,-3.6159265,3.43077779,0.520926237,0.105099455,1.22463977,-0.176821813,0.02842749,-0.07437502,0.0414434969,-4.13370037,-10.5854492,0.6735801,-0.07608032,-1.29474151,-0.18537505,0.0474579334,-0.07037375,0.0487151444,-2.84972763,3.73493457,0.6452664,0.1986662,2.82019877,-0.157827765,0.0193574056,-0.0991974249,0.143481389,-4.86584854,-6.58139038,0.689368546,-0.06765747,-1.73196852,-0.173053026,0.0479017049,-0.0497073755,0.000950038433,-2.35828781,0.05806892,0.7558387,-0.895874,0.6032996,-0.06231811,-0.0266401023,-0.102297522,0.315978944,-5.268719,-5.84164429,0.708440244,-0.33996582,-1.77824926,-0.16836226,0.09174551,-0.501563668,2.67276645,2.57500935,3.74511957
201,4.0199985756802716,799,0,1,-0.07537907,0,-3.99928951,-0.117828,0,-6.40001535,-0.117828,0,-6.40001535,1,0,0,1,-0.0730225146,0,-3.87128925,0,0,0,-0.0647117943,-0.00118353963,-3.87583756,4.04591465,0.5007058,0.0346885845,-0.012824757,-0.1722173,-0.0139416009,-0.07172498,0.009972677,-3.70119762,4.28783131,0.288607419,0.146754131,0.771676838,-0.203495517,0.0488843173,-0.0700658,0.0333484858,-4.057336,-11.7810974,0.4357219,-0.03591919,-0.8775553,-0.210245416,0.06711029,-0.06716759,0.0804709643,-3.03745317,6.82564831,0.421399,0.233252943,2.4472115,-0.179823443,-0.010145627,-0.0902722,0.136421651,-4.63238239,-8.322388,0.464130849,-0.0256347656,-1.00108683,-0.196694568,0.04601253,-0.0376259163,0.0555105358,-2.538475,1.66929364,0.7507514,-0.40045166,1.02278769,-0.0168729722,0.379895121,-0.08905546,0.293018,-4.954176,-7.316559,0.4928595,-0.2546692,-1.51937389,-0.1835503,0.09133421,-0.5015534,2.67276645,2.57554913,3.74548912
202,4.039998568594104,805,0,1,-0.07537907,0,-3.99928951,-0.115005717,0,-6.326165,-0.115005717,0,-6.326165,1,0,0,1,-0.07307896,1.49011612E-08,-3.87276626,0,0,0,-0.06334536,-0.00115266442,-3.87700915,4.037632,0.290947,0.0291413888,-0.0139738154,-0.1945871,-0.0174681172,-0.07078099,0.005377218,-3.789324,4.67499971,0.05727923,0.167578951,0.315601319,-0.211447924,0.0499317572,-0.06585205,0.011106208,-3.939089,-12.3283386,0.185587227,0.008273029,-0.2477073,-0.217014313,0.07835796,-0.0634240359,0.08506546,-3.25374532,9.671704,0.2429505,0.217066854,2.00930858,-0.158963948,-0.0276922658,-0.08008526,0.0948642045,-4.35479355,-10.2321472,0.223865643,0.024073014,-0.757284462,-0.206763357,0.04491429,-0.0409361161,0.0813462,-2.79813337,2.69336486,0.710501552,-0.3409729,0.827281654,-0.00706710573,0.07448269,-0.07604164,0.264882,-4.667201,-8.99041748,0.26225996,-0.166900635,-1.6350559,-0.194647342,0.0885771662,-0.501138449,2.67276669,2.597539,3.76058912
203,4.0599985615079364,810,0,1,-0.07537907,0,-3.99928951,-0.114879429,0,-6.358912,-0.114879429,0,-6.358912,1,0,0,1,-0.0730814859,0,-3.87211132,0,0,0,-0.06275739,-0.00113072991,-3.87641358,4.03177261,0.07595411,0.0262475517,-0.0121169388,-0.200945154,-0.0193471517,-0.0690961555,-7.493794E-05,-3.85629082,4.69138765,-0.158416748,0.16660291,-0.0378995463,-0.205961138,0.04662485,-0.06293996,-0.0149917454,-3.82011247,-12.195343,-0.05847168,0.04952793,0.3717413,-0.210075617,0.08424883,-0.0659641847,0.0615985021,-3.50440717,11.3875732,0.04960978,0.188003778,0.935843468,-0.18912375,-0.0276670419,-0.0705421,0.0431753024,-4.07907,-11.9315491,-0.0151672363,0.06989285,-0.503593266,-0.203900665,0.037382178,-0.0462444723,0.0675046742,-3.18228,3.51809216,0.436050832,-0.256530762,0.6747773,-0.1549778,0.07511483,-0.0622062,0.210644662,-4.35586452,-10.5498657,0.0296953358,-0.0866394043,-1.53401875,-0.195020884,0.07351073,-0.5015553,2.67276621,2.575447,3.74541926
204,4.0799985544217687,815,0,1,-0.07537907,0,-3.99928951,-0.115763441,0,-6.432607,-0.115763441,0,-6.432607,1,0,0,1,-0.0730638057,0,-3.87063742,0,0,0,-0.06202334,-0.00114604831,-3.87526226,4.03069735,-0.139190674,0.0234852377,-0.008803025,-0.203038618,-0.0218994934,-0.0680689663,-0.00516398251,-3.91116786,4.44402361,-0.3675537,0.155467644,-0.333954662,-0.204223484,0.0482894033,-0.06060689,-0.0358690023,-3.72496557,-11.5097656,-0.295623779,0.08494255,0.864624262,-0.203786612,0.08765138,-0.0709359944,0.0185578167,-3.79445982,11.73548,-0.180541992,0.15393883,0.277605921,-0.195512518,-0.0253695734,-0.0620210469,-0.0117041618,-3.809797,-13.0282288,-0.249053955,0.10675431,0.06363863,-0.19997932,0.0275432654,-0.05446784,0.0175296217,-3.69056582,3.80646229,0.142151088,-0.19934082,0.22986494,-0.20019725,0.07116259,-0.04861341,0.11394424,-3.9984498,-11.6493225,-0.197937012,-0.0199890137,-1.10212231,-0.192238942,0.054075025,-0.501498,2.67276621,2.57848263,3.74749947
205,4.0999985473356011,820,0,1,-0.07537907,0,-3.99928951,-0.116247356,0,-6.49045944,-0.116247356,0,-6.49045944,1,0,0,1,-0.07305413,0,-3.86948037,0,0,0,-0.0616551936,-0.00116083026,-3.874309,4.033897,-0.349853516,0.0212093685,-0.00607003644,-0.200181991,-0.0237945262,-0.06850225,-0.0113145113,-3.98952961,3.796828,-0.56729126,0.142909616,-0.742165446,-0.196370348,0.05394949,-0.05930435,-0.0504622459,-3.644157,-10.370575,-0.5197449,0.108606651,1.27834415,-0.192425609,0.08859111,-0.07564787,-0.0254777223,-4.118233,11.2897243,-0.3940735,0.122692011,-0.3977308,-0.18097648,-0.0222761352,-0.0547338873,-0.06688182,-3.54575539,-13.4881592,-0.4732666,0.129403278,0.6875934,-0.192633778,0.01655066,-0.0634511,-0.0283773988,-4.17612362,3.5746398,-0.101531982,-0.172241211,-0.181748033,-0.1800228,0.0611403435,-0.03672079,-0.004709527,-3.62904549,-12.1528015,-0.418792725,0.0286418479,-0.541802645,-0.18823503,0.0344442055,-0.501541,2.67276645,2.57619858,3.74593425
206,4.1199985402494326,824,0,1,-0.07537907,0,-3.99928951,-0.1166549,0,-6.52827263,-0.1166549,0,-6.52827263,1,0,0,1,-0.07304598,1.49011612E-08,-3.868724,0,0,0,-0.06228192,-0.001169771,-3.873709,4.039035,-0.5431824,0.0211378541,-0.004776326,-0.184675753,-0.0234273914,-0.0695965961,-0.0154831707,-4.07539,2.68415332,-0.7414856,0.132782459,-1.17568982,-0.171759918,0.0575689524,-0.05951687,-0.05768445,-3.57634234,-8.860565,-0.7128296,0.114851378,1.61474991,-0.166553646,0.08555702,-0.07991988,-0.0610544533,-4.4328413,10.123723,-0.585083,0.100347742,-1.01619327,-0.162251756,-0.0188020989,-0.04926916,-0.112751126,-3.29746413,-13.2608643,-0.6708069,0.129894137,1.31031227,-0.171873719,0.003515903,-0.07156288,-0.0652061552,-4.62261963,2.95593953,-0.3310547,-0.140991211,-0.5003894,-0.175257757,0.0680505857,-0.0278137289,-0.125434071,-3.267575,-11.9438477,-0.6204834,0.0517169461,0.09628924,-0.174088657,0.01287934,-0.5013794,2.67276645,2.5847702,3.7518127
207,4.1399985331632649,826,0,1,-0.07537907,0,-3.99928951,-0.11780639,0,-6.56447649,-0.11780639,0,-6.56447649,1,0,0,1,-0.07302295,1.49011612E-08,-3.868,0,0,0,-0.06367434,-0.00116199255,-3.87313342,4.04474974,-0.7055359,0.0233118553,-0.00448373239,-0.156139314,-0.0212661177,-0.07094049,-0.0145812035,-4.152971,1.13394654,-0.875640869,0.1289722,-1.55697644,-0.132639855,0.0569211468,-0.06055942,-0.05688402,-3.52445269,-7.0736084,-0.858062744,0.101948708,1.85803092,-0.127401158,0.07742236,-0.08316822,-0.07741876,-4.7128396,8.335066,-0.7434082,0.09167666,-1.55224991,-0.1341218,-0.0155046722,-0.0460220352,-0.141824454,-3.077362,-12.3294983,-0.823547363,0.10553249,1.88949931,-0.135903269,-0.007632673,-0.07777744,-0.0836851746,-5.0094595,2.14960027,-0.546112061,-0.09716797,-0.6552543,-0.1711604,0.07987611,-0.0235072915,-0.232000753,-2.93044376,-10.9655457,-0.785125732,0.0443688333,0.7617789,-0.14494,-0.00650933757,-0.5009222,2.67276621,2.60903549,3.76851
208,4.1599985260770973,831,0,1,-0.07537907,0,-3.99928951,-0.119125888,0,-6.600442,-0.119125888,0,-6.600442,1,0,0,1,-0.07299656,0,-3.86728072,0,0,0,-0.06574365,-0.0011677444,-3.87261772,4.04998064,-0.825286865,0.0276378058,-0.00478296028,-0.116443634,-0.0174753368,-0.07303711,-0.00736993551,-4.212567,-0.764160156,-0.9573059,0.133285642,-1.838994,-0.08275588,0.05328776,-0.06204651,-0.0489078164,-3.49167728,-5.116089,-0.942596436,0.0712315738,1.995012,-0.07781871,0.0647650361,-0.08579508,-0.0693119,-4.937449,6.054534,-0.86151123,0.10206081,-1.97804153,-0.08808188,-0.0137632992,-0.0450438745,-0.149827048,-2.898075,-10.7185364,-0.917999268,0.05994429,2.388293,-0.08668972,-0.0139896944,-0.07992745,-0.07958692,-5.31554031,1.369151,-0.6749573,-0.11907959,-0.617908835,-0.1424559,0.09130691,-0.0245610047,-0.31225884,-2.63453674,-9.198517,-0.89956665,0.0113862725,1.41785216,-0.101430438,-0.017697528,-0.5015075,2.67276621,2.57797623,3.74715233
209,4.17999851899093,835,0,1,-0.07537907,0,-3.99928951,-0.120218143,0,-6.60650969,-0.120218143,0,-6.60650969,1,0,0,1,-0.07297471,1.49011612E-08,-3.86715937,0,0,0,-0.0684685856,-0.00117206573,-3.87269187,4.053618,-0.8928833,0.034149915,-0.00584741449,-0.06712814,-0.0119834477,-0.0741999447,0.0051138103,-4.2496953,-2.89822388,-0.9786377,0.135831684,-1.99832678,-0.0236480758,0.0369507372,-0.063970305,-0.0359872133,-3.47953367,-3.105774,-0.9557495,0.0287815612,2.02393937,-0.0187019818,0.04958015,-0.0867764652,-0.03935203,-5.088176,3.4429884,-0.9189148,0.111943468,-2.258914,-0.0520507954,-0.0141137727,-0.04399489,-0.134484872,-2.766349,-8.48114,-0.934967041,-0.00457763672,2.79174972,-0.020373743,-0.0211479515,-0.08427458,-0.06665121,-5.518636,0.249742582,-0.9093933,-0.486907959,-0.6647627,-0.158837527,-0.101556271,-0.0257259179,-0.360378534,-2.40074968,-7.252136,-0.894378662,0.0066960617,1.70921719,0.0017715767,0.00971901,-0.5014008,2.67276645,2.583642,3.75103831
210,4.199998511904762,840,0,1,-0.07537907,0,-3.99928951,-0.121797293,0,-6.617942,-0.121797293,0,-6.617942,1,0,0,1,-0.07294313,1.49011612E-08,-3.86693072,0,0,0,-0.0715253353,-0.001200825,-3.87244678,4.056601,-0.902832031,0.0422020555,-0.00650574733,-0.0123924464,-0.00557300961,-0.0764078,0.0204022825,-4.25846767,-5.121002,-0.937438965,0.139945343,-2.0144186,0.03269933,0.0191866085,-0.06520226,-0.0204740912,-3.490504,-1.1630249,-0.895385742,-0.0220947266,1.93198061,0.04182248,0.0293664131,-0.0838839039,0.0209772885,-5.14645338,0.702392,-0.916381836,0.126837611,-2.36730742,0.008569282,-0.0278850775,-0.0441879,-0.09540065,-2.69416857,-5.72644043,-0.882232666,-0.07522583,3.05068088,0.0432971,-0.01908981,-0.0865032449,0.09879312,-5.605895,-1.17901611,-0.951507568,-0.06726074,-1.33914506,-0.0403184369,0.183916315,-0.0323037878,-0.3087107,-2.222032,-4.43347168,-0.8360596,-0.0335998535,2.5131433,0.0466175079,-0.0198035538,-0.500963449,2.67276645,2.60684776,3.76700139
211,4.2199985048185935,845,0,1,-0.07537907,0,-3.99928951,-0.111784458,0,-6.00456238,-0.111784458,0,-6.00456238,1,1,0.0599999763,1,-0.0731433854,0,-3.87919831,0,0,0,-0.075112246,0,-3.882206,4.04108238,-0.8482971,0.05249476,-0.0216917917,0.0462366976,0.00163592771,-0.0783323646,0.0105568022,-3.96635246,-6.09011841,-0.81817627,0.137771055,-0.468900979,0.09928992,0.0221272744,-0.06459269,0,-3.43398571,0.979585946,-0.7718811,-0.086517334,2.2339437,0.08832948,0.0103971586,-0.0666779056,0.0344157964,-2.49023557,5.040544,-0.888458252,0.108449765,3.99167752,0.0411894172,0.0331936777,-0.0371718928,0,-1.57739937,1.086449,-0.7909851,-0.138824463,6.52973843,0.07635735,0.0330753624,-0.0202491134,0.0316965729,-0.371898174,-0.4953308,-1.13491821,-0.33013916,0.273047835,-0.126077056,-0.203929275,-0.01020911,0,-0.162830353,-0.130432129,-0.8383179,-0.0922851563,2.071324,0.0914927647,-0.03472455,-0.50156343,2.61276627,2.57500553,3.70253515
212,4.2399984977324259,849,0,1,-0.07537907,0,-3.99928951,0.00142231642,0,-1.034141,0.00142231642,0,-1.034141,1,0,0,1,-0.07540752,-0.177354783,-3.9786067,0,0,0,-0.07165869,-0.170210525,-3.93287444,3.80378056,-0.8261719,0.04072254,-0.185909942,0.0110973883,-0.0147322631,-0.06213828,-0.2294153,-3.499582,-3.20169067,-0.77142334,0.120424442,2.35263515,0.0253960937,0.0178492852,-0.0597625747,-0.166781,-3.3708272,4.500374,-0.767120361,-0.122802734,3.09024644,-0.0110452548,0.0145301074,-0.05353303,-0.194413573,-2.57667875,8.146116,-0.7680359,0.0790159851,2.28984237,0.112319738,0.013233237,-0.0367903523,-0.0509911627,-1.65759408,8.727925,-0.7904358,-0.18649292,5.564838,0.00113430619,0.0271664262,-0.09092692,0.07539114,-2.725295,-3.599823,-0.7684021,0.290274918,-3.08541942,0.335165322,0.2875401,-0.0316841081,0.0692254752,-0.79717803,-0.487213135,-0.8147583,0.26004374,-0.464551,0.01556021,0.211377352,-0.5015414,2.67282224,2.57617378,3.745957
213,4.2599984906462582,854,0,1,-0.07537907,0,-3.99928951,-0.03163704,0,-1.89757419,-0.03163704,0,-1.89757419,1,0,0,1,-0.07474633,-0.358098328,-3.961338,0,0,0,-0.07024912,-0.356336743,-3.898067,3.466462,-0.836700439,0.033604797,-0.279451817,-0.0192318186,-0.0189647749,-0.06406809,-0.382158071,-3.56419349,-0.428894043,-0.756500244,0.100667104,1.91912866,0.0009431094,0.0364076234,-0.06255344,-0.316620827,-3.44695187,7.61040354,-0.800811768,-0.158203125,2.64284873,-0.0405531339,0.0295077134,-0.0647356957,-0.291688919,-3.075473,9.335825,-0.6783447,0.0904390737,1.11757159,0.057601057,0.0191438738,-0.043002557,-0.0357737541,-1.88411522,14.89915,-0.8262024,-0.234649658,4.50049543,-0.0210538469,0.0141021386,-0.09385626,0.158974737,-3.23425245,-10.4154358,-0.58380127,0.5578912,-5.817188,0.189558566,0.09043047,-0.03607699,0.191674992,-0.9687698,-0.7453003,-0.8016052,0.3338112,-0.47379756,0.0218742713,0.0504238456,-0.5015031,2.67306638,2.57822132,3.74753451
214,4.2799984835600906,859,0,1,-0.07537907,0,-3.99928951,-1.20714819,0,-111.15654,-0.271481335,0,-24.9985256,1,0,0,1,-0.05123612,0.474666,-1.77615952,0,0,0,-0.0450062677,0.49416,-2.04826546,6.153716,-0.874542236,0.0854839,1.82708371,-0.04248318,0.032100603,-0.0622569,0.4739431,-2.20047569,-3.511139,-0.779083252,0.152016088,-2.17527819,-0.0152860377,0.0503814965,-0.0533816181,0.4407243,-2.037895,5.30052757,-0.737243652,-0.125457764,-1.25732815,0.0273612849,0.03821232,-0.08439146,0.4814236,-3.44386172,6.3728404,-0.670593262,0.109100342,-3.03120351,0.004591584,-0.00340990722,-0.05481531,0.552506,-2.299912,15.0477028,-0.7227783,-0.24105835,-0.335104257,0.07705012,0.00151013676,-0.114493161,0.6247681,-3.86929655,-12.8752441,-0.547302246,0.955836535,-2.90395069,0.0352939963,0.00722594559,-0.0626887158,0.7216791,-1.95949292,3.77294874,-0.6459656,0.181155,1.98562491,0.168112427,-0.147538468,-0.5012027,2.66946864,2.587407,3.75125885
215,4.299998476473923,864,0,1,-0.07537907,0,-3.99928951,-1.02168882,0,-88.62165,-0.288197339,0,-24.9983387,1,0,0,1,-0.054945305,0.3941185,-2.22685719,0,0,0,-0.0561103262,0.357425749,-2.25508451,5.27275848,-0.791748047,0.0836599544,-0.566750169,0.09904713,0.007900801,-0.06585014,0.4016384,-2.363337,-3.98654175,-0.6238098,0.149077818,-0.6514203,0.137055978,0.0171480328,-0.05950202,0.403002769,-2.10579348,6.04285669,-0.580841064,-0.151763916,0.600333452,0.1306165,0.0287932083,-0.107731566,0.408137918,-3.50123525,2.16389966,-0.6149597,0.214844137,-2.99895525,0.07365001,0.0516660959,-0.06384056,0.261537641,-2.50773787,13.1926985,-0.6030884,-0.204467773,-1.15357089,0.122953132,0.007984038,-0.143349856,0.8792156,-4.24173832,-12.9559021,-0.653747559,0.61200124,0.21272397,-0.143621027,-0.3517266,-0.0820860341,0.3190428,-3.1547482,-3.92785645,-0.5246277,0.2598327,-5.02534676,0.104706287,-0.0457278267,-0.5014436,2.67190027,2.57982731,3.7478
216,4.3199984693877553,869,0,1,-0.07537907,0,-3.99928951,-1.17827511,0,-79.56796,-0.370169669,0,-24.9972572,1,0,0,1,-0.05181358,0.5146477,-2.40793085,0,0,0,-0.0560398,0.523603857,-2.42609286,4.735124,-0.6194153,0.132924333,-0.386907279,0.146895751,0.04477629,-0.0796740651,0.5300937,-2.63035154,-5.39266968,-0.416229248,0.238164425,-1.06010628,0.188350976,0.05437579,-0.0614215471,0.503687739,-2.5071497,5.43227768,-0.357940674,-0.121520996,-0.559054,0.193216026,0.0108210333,-0.139107242,0.6170416,-3.44879055,-0.246673584,-0.4916687,0.3496779,-2.078789,0.112131238,0.106650367,-0.07200726,0.422018558,-3.05060172,11.5200129,-0.403747559,-0.152923584,-1.45700133,0.164303765,0.02527389,-0.146815985,0.9452857,-3.849826,-13.8475342,-0.843841553,-1.03964233,-0.2117456,-0.161591277,-0.509232461,-0.08694594,0.548489869,-3.47622848,-7.828369,-0.432342529,0.210694388,-3.20681524,0.0784657,-0.129452378,-0.501466155,2.67179346,2.57949543,3.74749851
217,4.3399984623015868,874,0,1,-0.07537907,0,-3.99928951,-1.2595768,0,-71.45957,-0.44059217,0,-24.9961166,1,0,0,1,-0.0501875468,0.6626677,-2.57009864,0,0,0,-0.05199838,0.6791074,-2.59210539,4.50479269,-0.427703857,0.147139564,-0.1781606,0.131735131,0.0189721826,-0.07985458,0.678826451,-2.74701548,-6.72366333,-0.226257324,0.3578864,-0.828122139,0.169124365,0.0594873428,-0.0601838864,0.640505433,-2.79896879,3.983311,-0.151367188,-0.0820922852,-1.21474516,0.180251718,-0.008398689,-0.137428015,0.7494183,-3.32641721,-1.90887451,-0.352478027,0.5212252,-1.41290343,0.0891247,0.113188773,-0.0764803141,0.5597991,-3.46616983,9.489731,-0.214447021,-0.09820557,-1.74850583,0.15265885,0.031423673,-0.130613014,0.923494,-3.55521369,-13.9278564,-1.00653076,-1.67852783,-0.167578265,-0.03954321,-0.04343461,-0.09452727,0.68713665,-3.85325646,-11.1097412,-0.359313965,0.184278131,-2.84448528,0.0440257043,-0.05676785,-0.5015286,2.67229366,2.5767746,3.74599147
218,4.3599984552154192,878,0,1,-0.07537907,0,-3.99928951,-1.14390135,0,-59.5829353,-0.479873419,0,-24.9953938,1,0,0,1,-0.0525010563,0.7472663,-2.80763125,0,0,0,-0.0510194153,0.761989,-2.825623,4.371977,-0.2822876,0.136475459,-0.09868736,0.0936223939,0.00238709012,-0.07396467,0.754382253,-2.87266827,-7.438202,-0.105255127,0.4736135,-0.284739137,0.104712561,0.0485563129,-0.06327664,0.7281561,-3.08424139,2.25220919,-0.0198974609,-0.0346069336,-1.434844,0.114643805,-0.0031741485,-0.116877228,0.8070437,-3.197077,-2.81274414,-0.2758789,0.6472158,-0.6523943,0.0490255,0.0906809047,-0.0896964744,0.669996262,-3.77585745,7.3660655,-0.107086182,-0.03567505,-1.80359507,0.08662288,0.0457180738,-0.111111008,0.868263245,-3.34317112,-13.8814087,-1.160675,-2.03610229,-0.325402439,0.0185212642,0.134982392,-0.103353992,0.7927265,-4.14412975,-13.9543762,-0.3579712,0.095316,-2.52557349,-0.0158556029,-0.07691313,-0.501090169,2.66604543,2.60019684,3.75764728
219,4.3799984481292515,883,0,1,-0.07537907,0,-3.99928951,-0.9135943,0,-46.9419556,-0.486463219,0,-24.9952679,1,0,0,1,-0.0571071953,0.8191241,-3.06045079,0,0,0,-0.05999931,0.8259345,-3.07862329,4.362047,-0.180877686,0.129386976,-0.00295240455,0.08881411,0.007110022,-0.0689246356,0.8130945,-3.020202,-7.54867554,-0.0496826172,0.559245,0.227830142,0.04831148,0.03063368,-0.06936049,0.8074167,-3.37299585,0.282593578,0.0488740765,0.0137472162,-1.59572089,0.0611795262,0.0100134909,-0.0936820358,0.8368775,-3.10412455,-2.94744873,-0.25177002,0.724184334,0.0827037245,0.009568498,0.0579080246,-0.101947024,0.7996574,-4.00773239,5.451639,-0.0532531738,0.0255111419,-1.634575,0.0441369936,0.0582626835,-0.08839108,0.814696431,-3.149103,-13.8487549,-1.30340576,-2.20019531,-0.453741372,0.0603401028,0.266461939,-0.123998567,0.9993518,-4.239566,-14.565979,-0.381469727,-0.468536377,-0.499301374,-0.1582282,-0.493709445,-0.501197,2.66750979,2.59458351,3.75481963
220,4.3999984410430839,888,0,1,-0.07537907,0,-3.99928951,-0.645651937,0,-34.1336975,-0.472800016,0,-24.9955311,1,0,0,1,-0.06246604,0.888575852,-3.31661582,0,0,0,-0.0653992444,0.8913324,-3.3342135,4.405551,-0.109100342,0.127647147,0.0310553964,0.0629478544,0.006406131,-0.06612422,0.868911147,-3.175264,-7.059906,-0.0306396484,0.6082746,0.730745852,0.01939591,0.009718643,-0.07746748,0.8877193,-3.62879729,-1.71328735,0.09074086,0.06624444,-1.58471811,0.0372005776,0.0281068385,-0.0728749856,0.8636785,-3.04340053,-2.39706421,-0.259490967,0.75355,0.6755613,-0.014273325,0.02255196,-0.114206575,0.911286,-4.176963,3.81277728,-0.01461792,0.111982487,-1.40597475,0.0173400156,0.0695617944,-0.06572583,0.7737221,-2.99935079,-13.8571777,-1.42996216,-2.221405,-0.5312433,0.08694385,0.3464046,-0.129980072,1.11688662,-4.333815,-14.5524292,-0.432434082,-0.8176575,0.004451789,-0.09975405,-0.233969957,-0.501522064,2.6721642,2.5771904,3.746184
221,4.4199984339569163,891,0,1,-0.07537907,0,-3.99928951,-0.3928648,0,-21.3860722,-0.3928648,0,-21.3860722,1,0,0,1,-0.06752178,0.956996858,-3.57156825,0,0,0,-0.07064341,0.9586871,-3.58799148,4.45086432,-0.0518188477,0.126622587,0.02634506,0.0528324172,0.00625094026,-0.0643681362,0.9267545,-3.335795,-6.0045166,-0.0234069824,0.6228764,1.207148,0.0130209178,-0.0137744322,-0.08487746,0.9665184,-3.86733651,-3.61624146,0.130591676,0.1273238,-1.50279033,0.0322509669,0.0400933325,-0.0548444279,0.900048137,-3.01634717,-1.25610352,-0.277984619,0.7391841,1.14853072,-0.0222124457,-0.0104395822,-0.121056832,1.00276148,-4.34099245,2.40010333,0.0111524267,0.19823283,-1.22037876,0.0109180957,0.0696918,-0.04485739,0.748550653,-2.90189958,-13.9152222,-1.53320313,-2.12826538,-0.5694918,0.104950659,0.390569,-0.132883877,1.16361094,-4.467986,-14.4182129,-0.508605957,-1.143219,0.00198384514,-0.07569142,-0.153860971,-0.501444,2.67105961,2.58131218,3.7482233
222,4.4399984268707477,896,0,1,-0.07537907,0,-3.99928951,-0.229313314,0,-11.60367,-0.229313314,0,-11.60367,1,0,0,1,-0.07079281,1.00942039,-3.76721621,0,0,0,-0.07468551,1.01196337,-3.78095818,4.45365238,0.002801424,0.126057118,-0.008137603,0.0534928441,0.00711826328,-0.0617170855,0.974380434,-3.444412,-4.415802,-0.00958251953,0.605851769,1.64838016,0.0216602124,-0.038463518,-0.08920263,1.02748632,-4.040605,-5.363098,0.181273028,0.190815344,-1.39753771,0.0366746671,0.04188919,-0.03752546,0.937202632,-2.962778,0.379622877,-0.289886475,0.6845292,1.53309739,-0.0154844979,-0.04072897,-0.122866683,1.06905413,-4.45761538,1.140537,0.0405713581,0.2789657,-1.08754945,0.01605345,0.06459054,-0.0253614429,0.7241968,-2.799556,-14.03125,-1.60296631,-1.92721558,-0.579599857,0.119946018,0.4143105,-0.13157101,1.1936866,-4.573615,-14.2791748,-0.6027832,-1.4286499,-0.0874172747,-0.04544859,-0.05823169,-0.5009841,2.66450977,2.60575581,3.76039362
223,4.45999841978458,902,0,1,-0.07537907,0,-3.99928951,-0.220117435,0,-9.62824,-0.220117435,0,-9.62824,1,0,0,1,-0.07097673,1.02000666,-3.80672479,0,0,0,-0.07549861,1.02446985,-3.81559515,4.38205957,0.05777096,0.122940682,-0.0609559529,0.05579588,0.00622108951,-0.05599429,0.9885243,-3.41118479,-2.361847,0.017996097,0.5602509,2.01432753,0.0333887562,-0.0632609,-0.08869981,1.04366231,-4.04799175,-6.87167358,0.2395565,0.25125578,-1.2438941,0.0376000442,0.0366949,-0.01868028,0.9535328,-2.79004955,2.41834521,-0.2848816,0.5944569,1.86124229,0.00118267071,-0.06746514,-0.11893177,1.08713508,-4.41709137,-0.004699707,0.07326568,0.351414263,-0.980332255,0.01990069,0.05711873,-0.00600434653,0.6752018,-2.59723449,-14.2135315,-1.6270752,-1.613739,-0.5647037,0.133717135,0.423452228,-0.1248568,1.18398368,-4.53566742,-14.1579285,-0.7082825,-1.67498779,-0.184562027,-0.0163551588,0.03248207,-0.5015274,2.67223072,2.57694149,3.746061
224,4.4799984126984125,907,0,1,-0.07537907,0,-3.99928951,-0.214698628,0,-9.540061,-0.214698628,0,-9.540061,1,0,0,1,-0.0710851,1.0204792,-3.80848837,0,0,0,-0.07516489,1.02370214,-3.81731749,4.332955,0.104708359,0.117199793,-0.0457345732,0.0484924763,0.00419839472,-0.0502514467,1.00235689,-3.389619,-0.148803711,0.0491492972,0.488457263,2.126106,0.0333605781,-0.0866183341,-0.08617524,1.04674935,-4.019377,-8.170532,0.287567347,0.3057849,-1.090772,0.0237467438,0.0294850245,-0.00173501484,0.9846595,-2.6896944,4.693277,-0.267425537,0.4738799,2.05604243,0.02134749,-0.09135178,-0.112646013,1.09159672,-4.36024952,-1.059967,0.09480551,0.414020866,-0.9093416,0.0114246616,0.04879357,0.00433130469,0.649156749,-2.47671771,-14.461792,-1.57421875,-1.17120361,-0.516861439,0.2245846,0.445695668,-0.115727648,1.16875923,-4.47939348,-14.0552063,-0.8221741,-1.881958,-0.2735959,0.008251591,0.1122683,-0.5015563,2.67264462,2.57539654,3.74529767
225,4.4999984056122448,912,0,1,-0.07537907,0,-3.99928951,-0.201324821,0,-9.888999,-0.201324821,0,-9.888999,1,0,0,1,-0.07135258,1.01860929,-3.80150962,0,0,0,-0.0743591,1.02063191,-3.811912,4.32588863,0.13548103,0.110597007,-0.0172079727,0.0340946056,0.00271021738,-0.0457898527,1.016909,-3.400781,1.99399483,0.07598698,0.39083463,2.02824736,0.0260526538,-0.106151834,-0.082742855,1.04480994,-3.979503,-9.264709,0.313201636,0.3502729,-0.9207247,0.00237648375,0.0221473351,0.00567549234,1.02482641,-2.720473,6.8829937,-0.1425476,0.3468174,1.952616,0.147938222,-0.0930475742,-0.104278,1.0911212,-4.30287266,-2.05862427,0.09479466,0.46383366,-0.8589035,-0.0057423925,0.0378327221,-0.006266992,0.795470357,-2.4812057,-14.6947327,-0.932006836,-0.410827637,-0.129449233,0.8705591,1.19658959,-0.104426347,1.1550492,-4.42903,-13.9677429,-0.9428406,-2.05438232,-0.352129966,0.0291261822,0.182066023,-0.501529336,2.67699766,2.57683372,3.74938941
226,4.5199983985260772,917,0,1,-0.07537907,0,-3.99928951,-0.187336728,0,-10.1315422,-0.187336728,0,-10.1315422,1,0,0,1,-0.07163234,1.01730955,-3.79665875,0,0,0,-0.07371715,1.01840007,-3.80744958,4.340881,0.151211813,0.105983041,-0.003871813,0.02121902,0.002890536,-0.0463899933,1.0290401,-3.4618485,3.801919,0.10399577,0.2823092,1.69113886,0.0261074081,-0.106055111,-0.07912642,1.04098117,-3.93494964,-10.1364441,0.317705631,0.381335855,-0.7189037,-0.0165139325,0.0144341774,-0.0020019454,1.09003234,-2.84196663,8.83826,0.0249517374,0.252639174,1.7670964,0.141409874,-0.07065314,-0.0941295251,1.08783817,-4.23861647,-2.99249268,0.0734899044,0.496408284,-0.7981127,-0.0229102075,0.0231204145,-0.0288266353,0.9467929,-2.55056882,-12.4714966,-0.4199524,0.0169143174,2.05259585,0.2914291,0.131863043,-0.090718165,1.13973725,-4.37198734,-13.8936157,-1.06878662,-2.196167,-0.422411948,0.04790691,0.244099081,-0.501438737,2.67572021,2.581602,3.75174475
227,4.5399983914399087,923,0,1,-0.07537907,0,-3.99928951,-0.161074534,0,-10.103301,-0.161074534,0,-10.103301,1,0,0,1,-0.0721575841,1.01746082,-3.79722357,0,0,0,-0.073072806,1.01808774,-3.80790854,4.350604,0.153348088,0.103552736,-0.00821447,0.008659054,0.00330920052,-0.0537539758,1.03530276,-3.5319736,5.21278954,0.109391235,0.20433636,1.33631575,0.009541327,-0.07330972,-0.07504786,1.03481793,-3.88914537,-10.7456055,0.298123032,0.39945522,-0.477287024,-0.03726818,0.006342165,-0.0226147175,1.11218846,-2.98949075,10.561758,0.04086298,0.1972084,1.50219965,0.02468212,-0.0492476672,-0.08247297,1.07965255,-4.15519476,-3.803894,0.0304537527,0.51001054,-0.686498,-0.04219275,0.00730288029,-0.0197464544,0.980597258,-2.7001574,-9.975311,-0.325134277,0.0662402,2.11516738,0.0615151823,0.0770002455,-0.07474899,1.1172328,-4.28759861,-13.83313,-1.19815063,-2.30957031,-0.485276371,0.064485,0.2980631,-0.50106895,2.67051983,2.60100842,3.76138163
228,4.5599983843537411,926,0,1,-0.07537907,0,-3.99928951,-0.119170219,0,-10.0488462,-0.119170219,0,-10.0488462,1,0,0,1,-0.07299567,1.01775265,-3.79831266,0,0,0,-0.07204828,1.018351,-3.808845,4.349902,0.136421844,0.102754124,-0.0151400212,-0.009559454,0.00305192964,-0.05906658,1.0355252,-3.60350251,6.234823,0.0843295753,0.149619892,0.9723747,-0.0147109628,-0.05064302,-0.07021981,1.02562845,-3.8379333,-11.0579224,0.245267719,0.404667377,-0.198851317,-0.0632825643,-0.00174760632,-0.0340499245,1.10988557,-3.16877842,11.9434338,0.02875751,0.147590116,1.20155132,-0.008946242,-0.04436654,-0.06918455,1.06347275,-4.04255247,-4.41101074,-0.04159546,0.504924834,-0.5078538,-0.0678056553,-0.008433233,-0.0252775718,0.9978959,-2.92079163,-7.76077271,-0.297119141,0.078089945,1.872888,-0.0102216788,0.00201227516,-0.05671999,1.08285093,-4.15936136,-13.7869568,-1.32955933,-2.39447021,-0.5395002,0.07782587,0.342872262,-0.501075268,2.67068529,2.60039139,3.761073
229,4.5799983772675734,932,0,1,-0.07537907,0,-3.99928951,-0.0708435,0,-9.992556,-0.0708435,0,-9.992556,1,0,0,1,-0.0739622042,1.01805425,-3.79943848,0,0,0,-0.07099971,1.01853812,-3.80985451,4.342614,0.0983548,0.105000645,-0.0192769989,-0.0302415658,0.00305603258,-0.06304231,1.03059936,-3.68129683,6.83903265,0.0362057835,0.105773173,0.57358557,-0.0364314839,-0.03474049,-0.06529065,1.01385,-3.77936888,-11.0376282,0.158303618,0.394552141,0.119884007,-0.0882546455,-0.009271067,-0.0404832661,1.091729,-3.3789053,12.90124,-0.0026550293,0.0934258848,0.831039131,-0.01726042,-0.0479930267,-0.0543906353,1.03944063,-3.897532,-4.732239,-0.143127441,0.477744371,-0.2606407,-0.09418618,-0.0267158356,-0.0293826666,1.00938714,-3.19458222,-6.10888672,-0.219482422,0.0309852175,1.39735377,0.004698449,-0.013687402,-0.0369306579,1.03574157,-3.98408151,-13.7566528,-1.4616394,-2.44644165,-0.584395766,0.08860936,0.379502922,-0.501544237,2.67723823,2.57593441,3.748945
230,4.5999983701814058,938,0,1,-0.07537907,0,-3.99928951,-0.0226233248,0,-9.93667,-0.0226233248,0,-9.93667,1,0,0,1,-0.07492661,1.01832235,-3.80055618,0,0,0,-0.0700281,1.01866424,-3.810986,4.333439,0.04055436,0.111217,-0.01958967,-0.0497915521,0.003560308,-0.06537568,1.02194285,-3.76404238,6.9970727,-0.0286560059,0.060670644,0.1482627,-0.05523579,-0.0269785747,-0.0605648644,1.00059175,-3.71411514,-10.6507263,0.04309201,0.3666807,0.4725156,-0.107846215,-0.0169302635,-0.0451161824,1.06088257,-3.612391,13.3740759,-0.0491027832,0.0329303741,0.408566147,-0.0292540714,-0.0526835546,-0.0388095751,1.00916255,-3.72107887,-4.68859863,-0.269317627,0.4245816,0.05272778,-0.1167158,-0.0475133173,-0.03269976,1.01503563,-3.50981641,-5.24282837,-0.15447998,-0.03164673,0.7248948,0.00658213254,-0.01820995,-0.0161234345,0.976536155,-3.763723,-13.7444153,-1.59216309,-2.46157837,-0.618877649,0.09686385,0.406624526,-0.5011171,2.671431,2.59760857,3.75968528
231,4.6199983630952381,943,0,1,-0.07537907,0,-3.99928951,0.0219889078,0,-9.895818,0.0219889078,0,-9.895818,1,0,0,1,-0.07581885,1.01851475,-3.80137324,0,0,0,-0.06914783,1.0187273,-3.81190825,4.325502,-0.03375244,0.121630609,-0.0176748633,-0.06651373,0.00434129871,-0.06693172,1.01163173,-3.84853363,6.6946907,-0.107696533,0.010035973,-0.287120074,-0.07153043,-0.022676751,-0.0561787337,0.9875641,-3.64390469,-9.872162,-0.0907897949,0.318350852,0.8465699,-0.120319895,-0.02539378,-0.04926862,1.02281177,-3.860245,13.32134,-0.115509033,-0.03387451,-0.0482361726,-0.0459261239,-0.0570369773,-0.0231732056,0.976192236,-3.51834345,-4.2142334,-0.412353516,0.341770321,0.421178043,-0.132545531,-0.07015122,-0.03623099,1.01701009,-3.8528204,-5.312439,-0.135559082,-0.07104492,-0.07909217,-0.008135827,-0.008278256,0.004696481,0.9075732,-3.506014,-13.7545776,-1.7177124,-2.43450928,-0.6429148,0.103238583,0.4247113,-0.5011821,2.67237854,2.5940733,3.75792575
232,4.6399983560090705,947,0,1,-0.07537907,0,-3.99928951,0.0597298369,0,-9.889118,0.0597298369,0,-9.889118,1,0,0,1,-0.07657367,1.018521,-3.80150723,0,0,0,-0.06843158,1.018651,-3.81223464,4.3203187,-0.120300293,0.1362133,-0.0148654114,-0.07924616,0.005356946,-0.06831466,1.002009,-3.93125987,5.9345994,-0.198974609,-0.0453186035,-0.714621663,-0.08438483,-0.0184781589,-0.05226867,0.9768461,-3.57136941,-8.693207,-0.230865479,0.246270791,1.224559,-0.124779157,-0.0349151939,-0.0531683639,0.9846034,-4.11381674,12.7214947,-0.200836182,-0.1053772,-0.5225798,-0.06142496,-0.06080604,-0.008039294,0.9462179,-3.29933,-3.26858521,-0.562072754,0.225494057,0.8226232,-0.138995141,-0.09435685,-0.03977668,1.01866055,-4.20886469,-6.36035156,-0.156097412,-0.08279419,-0.920954764,-0.0222565625,0.005158022,0.0245597437,0.8333268,-3.22598124,-13.7945862,-1.8326416,-2.35516357,-0.6574329,0.109277807,0.436491668,-0.501405239,2.67541313,2.58274651,3.75230885
233,4.659998348922902,952,0,1,-0.07537907,0,-3.99928951,0.0864904746,0,-9.941546,0.0864904746,0,-9.941546,1,0,0,1,-0.07710888,1.01820111,-3.80045867,0,0,0,-0.0679477155,1.01832712,-3.81154,4.31870651,-0.213348389,0.154642209,-0.01143478,-0.08671564,0.00645316,-0.06957106,0.9952718,-4.00901556,4.73611975,-0.298492432,-0.1027832,-1.11830771,-0.09161377,-0.0140826683,-0.04886433,0.9706378,-3.50041127,-7.12854,-0.362030029,0.1471569,1.58232367,-0.120538794,-0.04594349,-0.05651853,0.9536735,-4.36493874,11.5723381,-0.298858643,-0.178771973,-0.997735739,-0.0718204156,-0.0638496056,0.006223148,0.9260563,-3.07997966,-1.85177612,-0.7062683,0.07258975,1.222931,-0.133205742,-0.119662836,-0.0427438021,1.02412617,-4.56256151,-8.305969,-0.1958313,-0.08081055,-1.69896042,-0.0259418432,0.0105545,0.04269647,0.7606493,-2.947177,-13.8751526,-1.92874146,-2.20898438,-0.6623814,0.11634852,0.443845451,-0.5014018,2.68492532,2.58252621,3.75894523
234,4.6799983418367344,958,0,1,-0.09212954,0,-3.99893856,-0.739948,0,-10.0587406,-0.739948,0,-10.0587406,1,0,0,1,-0.07733059,1.01743591,-3.79776382,0,0,0,-0.06779765,1.01761556,-3.809398,4.32129049,-0.545715332,0.176330864,-0.00769125158,-0.0872533,0.007674707,-0.0706097856,0.9932015,-4.078581,3.13350081,-0.6392517,-0.159973145,-1.48256326,-0.09049419,-0.0104067735,-0.0459412634,0.970765948,-3.436582,-5.22515869,-0.7078247,0.0186882652,1.88849747,-0.107062005,-0.05885633,-0.05903884,0.9369972,-4.60483742,9.891267,-0.6401367,-0.250549316,-1.45612216,-0.07450883,-0.0661671162,0.0194190424,0.9221195,-2.88315678,-0.0191040039,-1.07113647,-0.118286133,1.57495427,-0.112565622,-0.145254582,-0.0448589548,1.03813183,-4.89810038,-10.9560242,-0.472839355,-0.08331299,-2.320589,-0.0180103835,0.005544141,0.0586666763,0.698690951,-2.70215583,-14.0081177,-2.235077,-1.98126221,-0.654941,0.124543652,0.444944471,-0.4909134,2.69315267,2.57149315,3.75588131
235,4.6999983347505667,963,0,1,-0.108878389,0,-3.998518,-0.7503281,0,-10.2390327,-0.7503281,0,-10.2390327,1,0,0,1,-0.09387183,1.01611626,-3.79373741,0,0,0,-0.08992922,1.01645839,-3.8058157,4.32788324,-0.862731934,0.227623075,-0.004611611,-0.07418503,0.0124059832,-0.09747757,0.9961471,-4.148346,1.18425,-0.9616089,-0.225463867,-1.85498345,-0.07064874,0.0350176841,-0.0673856959,0.9768968,-3.37711024,-3.09555054,-0.993865967,-0.1647644,2.164211,-0.0595806949,-0.02788496,-0.07878279,0.94511193,-4.80999565,7.814212,-0.9797363,-0.3529663,-1.79615366,-0.0637721,-0.103706777,0.014305966,0.9385154,-2.736125,2.06716561,-1.38934326,-0.375274658,1.78903651,-0.0641935,-0.190036148,-0.057285618,1.06484771,-5.163018,-13.967926,-0.7507324,-0.009643555,-2.66691923,-0.0009806342,0.0456519723,0.05806778,0.6595411,-2.53455329,-14.2035522,-2.49710083,-1.65756226,-0.6324154,0.136017919,0.439150959,-0.479630232,2.69228888,2.59432316,3.76947975
236,4.7199983276643991,968,0,1,-0.142371967,0,-3.99746513,-1.65441775,0,-10.3404083,-1.65441775,0,-10.3404083,1,0,0,1,-0.109283626,1.01523,-3.790657,0,0,0,-0.108839475,1.01525033,-3.802723,4.33560038,-1.37667847,0.277826756,-0.004292347,-0.0349384,0.0110798143,-0.1181486,1.00720966,-4.20061,-1.089508,-1.47253418,-0.276702881,-2.120649,-0.01092951,0.04166515,-0.0826877,0.9913118,-3.350554,-0.8404541,-1.42764282,-0.3728943,2.264437,0.00494298339,-0.0310348719,-0.109143786,0.999571443,-4.92410231,5.55329752,-1.52877808,-0.433959961,-1.92926574,-0.03992292,-0.08746299,0.004905751,0.9704987,-2.66940618,4.26251268,-1.82687378,-0.6593933,1.883241,0.0885721,-0.197342277,-0.09487154,1.24553525,-5.184322,-14.538208,-1.3062439,-0.6836548,-0.493183076,-0.18826066,-0.55745,0.0214283615,0.647652268,-2.47219133,-14.45816,-2.56549072,-1.16513062,-0.577112,0.45737657,0.382278174,-0.458996773,2.71521473,2.56520462,3.76342177
237,4.7399983205782314,972,0,1,-0.159115165,0,-3.99683428,-0.905333042,0,-10.3822508,-0.905333042,0,-10.3822508,1,0,0,1,-0.141008511,1.01457989,-3.78918934,0,0,0,-0.149392664,1.01459908,-3.80109644,4.339975,-1.5894165,0.351140618,-0.00678727124,0.0207404532,0.0128610991,-0.163563833,1.02370632,-4.209083,-3.373413,-1.66897583,-0.3305664,-2.163058,0.06830077,0.08138293,-0.123243019,1.00863671,-3.34828377,1.34540212,-1.50881958,-0.6063843,2.25460958,0.09072388,0.0210604072,-0.154821113,1.05670834,-4.908952,3.399635,-1.767273,-0.500824,-1.83682358,0.00027429685,-0.106116623,-0.041420918,1.0099473,-2.70639658,6.30789757,-1.808197,-0.920593262,1.75645959,0.25681752,-0.166179866,-0.132968083,1.329165,-5.1312933,-14.474823,-1.64694214,-1.12249756,-0.0252066,-0.114562087,-0.265550345,-0.0516210049,0.708075047,-2.53110576,-14.7392883,-2.0786438,-0.715881348,-0.341535151,0.725280046,0.486106575,-0.448037028,2.71836877,2.57278347,3.76954651
238,4.7599983134920629,977,0,1,-0.18422319,0,-3.99575567,-1.42671669,0,-10.3490152,-1.42671669,0,-10.3490152,1,0,0,1,-0.155688867,1.01470172,-3.78877544,0,0,0,-0.16391097,1.01435173,-3.800506,4.340761,-1.85415649,0.387185037,-0.009253961,0.08138695,0.003019487,-0.175641,1.03773093,-4.16026163,-5.48858643,-1.91281128,-0.345245361,-1.90414834,0.139282241,0.0453023762,-0.137935862,1.02479172,-3.41118121,3.2870822,-1.63580322,-0.7767029,1.91891658,0.143406764,0.0112315789,-0.176468834,1.09036267,-4.8231926,1.36260116,-2.07479858,-0.529754639,-1.73986387,0.0417351946,-0.079053916,-0.0828748643,1.07351017,-2.81741929,8.1674,-1.80422974,-1.05575562,1.654626,0.326005816,-0.06753123,-0.152081788,1.31571853,-5.04809856,-14.2893677,-2.131775,-1.57711792,-0.06853367,-0.08642973,-0.191875711,-0.11359629,0.9307277,-2.568633,-12.892395,-1.682251,-0.270019531,1.88714635,0.478025347,0.07954724,-0.4311868,2.72297287,2.59317684,3.78484726
239,4.7799983064058953,982,0,1,-0.234419286,0,-3.99312544,-2.7180326,0,-10.035161,-2.7180326,0,-10.035161,1,0,0,1,-0.180058658,1.01562822,-3.79242229,0,0,0,-0.191861778,1.01521826,-3.80356765,4.333405,-2.44088745,0.4264219,-0.0147794951,0.114044532,-0.0008285098,-0.202657551,1.04675782,-4.10458136,-7.258484,-2.49343872,-0.37298584,-1.61000955,0.168373913,0.0508747846,-0.175131649,1.03495514,-3.47593617,4.846614,-2.108612,-0.8804321,1.6130209,0.15842472,0.0781332552,-0.19821021,1.10905588,-4.692519,-0.433044434,-2.71765137,-0.5778198,-1.52781236,0.05761403,-0.0992337,-0.142435461,1.105387,-2.9337585,9.872037,-2.26690674,-1.110321,1.55266678,0.23337324,-0.00487150252,-0.172157422,1.28168166,-4.911336,-14.1092834,-2.98901367,-1.960022,-0.215184852,-0.0342189334,-0.0410035849,-0.152806535,0.9715269,-2.660745,-10.4207458,-2.12585449,-0.183746338,2.06794238,0.204395682,0.109530941,-0.400205731,2.74007869,2.56924057,3.77745843
240,4.7999982993197277,987,0,1,-0.276220977,0,-3.99045181,-2.33243418,0,-9.82105,-2.33243418,0,-9.82105,1,0,0,1,-0.229572311,1.01568532,-3.794031,0,0,0,-0.250945,1.01564217,-3.80445957,4.32414532,-2.87014771,0.498604655,-0.01607855,0.146275818,-0.00194366067,-0.263687938,1.049337,-4.04789829,-8.590424,-2.92449951,-0.4466858,-1.33378887,0.213483721,0.102437794,-0.244657233,1.03961957,-3.52067971,6.03771973,-2.43630981,-0.9498291,1.40502989,0.188275382,0.196644187,-0.243310571,1.10883927,-4.53255558,-1.87695313,-3.22247314,-0.692779541,-1.22067821,0.07149538,-0.158934414,-0.21702826,1.10753644,-3.06177425,11.30056,-2.618164,-1.15548706,1.24762368,0.229458272,0.00322701037,-0.20787628,1.23305082,-4.72555,-13.9624329,-3.727234,-2.261261,-0.362462878,0.0141740572,0.09309773,-0.217466041,0.9854558,-2.81501555,-8.090759,-2.52771,-0.181976318,1.95873773,0.133732975,0.050939858,-0.374173641,2.757715,2.55927372,3.780857
241,4.81999829223356,991,0,1,-0.301287532,0,-3.988637,-1.576469,0,-9.756677,-1.576469,0,-9.756677,1,0,0,1,-0.269758165,1.01555943,-3.79350352,0,0,0,-0.293048084,1.015482,-3.80383,4.31755638,-3.00305176,0.54809016,-0.0138204331,0.195316136,-0.0129554858,-0.300632149,1.04284644,-3.96600437,-9.499512,-3.05770874,-0.5263672,-0.9203338,0.272977531,0.083564654,-0.2910215,1.03780127,-3.58791471,6.89215565,-2.48468018,-0.9503174,1.06148756,0.227884948,0.2245558,-0.275918,1.095362,-4.34880543,-2.99078369,-3.450409,-0.823547363,-0.9356126,0.104756854,-0.167579889,-0.275251746,1.09988987,-3.21590352,12.4530087,-2.67285156,-1.14974976,1.002388,0.272206962,0.04337,-0.231217831,1.17701221,-4.51396561,-13.85495,-4.217499,-2.534607,-0.489367664,0.046028275,0.1661698,-0.274312,0.997321248,-3.00496578,-6.088562,-2.541565,-0.3142395,1.69832742,0.224145323,-0.040831387,-0.356024384,2.75454545,2.59063148,3.79811072
242,4.8399982851473924,996,0,1,-0.368072152,0,-3.98302984,-3.740418,0,-9.507385,-3.740418,0,-9.507385,1,0,0,1,-0.293263823,1.015678,-3.7928822,0,0,0,-0.313849062,1.015547,-3.80352855,4.313481,-3.69189453,0.561998,-0.0105974628,0.233884856,-0.0228679571,-0.31106475,1.03006577,-3.87292,-9.970978,-3.75445557,-0.611907959,-0.438560218,0.301973581,0.0305123478,-0.312473327,1.03083992,-3.67066574,7.38202143,-3.11438,-0.8951111,0.635213435,0.2509602,0.19082284,-0.281923771,1.07182348,-4.14080429,-3.74295044,-4.247925,-0.9581299,-0.6235163,0.130213484,-0.158252984,-0.3091796,1.0820688,-3.40340877,13.2800264,-3.32003784,-1.09356689,0.7140641,0.2640203,0.07304801,-0.235123545,1.112396,-4.27340126,-13.783844,-5.29202271,-2.76763916,-0.6050396,0.07567366,0.231151432,-0.310267329,1.00716424,-3.2385242,-4.582123,-3.23397827,-0.448181152,1.26411414,0.185354024,-0.03750345,-0.315675259,2.7730267,2.56160736,3.78829241
243,4.8599982780612239,999,0,1,-0.409760773,0,-3.9789567,-2.50752521,0,-9.448341,-2.50752521,0,-9.448341,1,0,0,1,-0.3596103,1.01437807,-3.78999,0,0,0,-0.3926349,1.01495755,-3.7986908,4.31226349,-3.71081543,0.639555335,-0.009673366,0.213622719,-0.02900955,-0.3876897,1.01775515,-3.80314064,-9.910034,-4.11334229,-0.791687,-0.11260663,0.36789754,0.0895822,-0.396822751,1.02329838,-3.72160482,7.400207,-3.40145874,-0.882751465,0.364908665,0.307836533,0.270219326,-0.3261053,1.032931,-3.912651,-3.95629883,-4.701172,-1.20117188,-0.1519013,0.107311383,-0.227646321,-0.3838855,1.0444479,-3.607311,13.5862074,-3.602356,-1.092041,0.2612273,0.2647394,0.006687794,-0.270011961,1.03352726,-3.982855,-13.7419128,-5.984192,-2.91241455,-0.705707848,0.107444286,0.3073314,-0.3861124,1.00632811,-3.5287497,-3.8732605,-3.57525635,-0.5918884,0.5699964,0.220674723,0.02401625,-0.287777543,2.77466345,2.575798,3.79688144
244,4.8799982709750562,1004,0,1,-0.459727019,0,-3.97349358,-3.02514863,0,-9.364585,-3.02514863,0,-9.364585,1,0,0,1,-0.399224073,1.01349616,-3.786202,0,0,0,-0.43152082,1.01380169,-3.79470015,4.312167,-3.79867554,0.664815366,-0.007785385,0.249937743,-0.0497067161,-0.4141246,1.00009751,-3.70543051,-9.40094,-4.50375366,-0.978393555,0.380264938,0.430549741,0.0522843748,-0.435603023,1.01093268,-3.80542684,7.02367735,-3.75564575,-0.8277588,-0.08538593,0.365086257,0.227107048,-0.343758345,0.9964942,-3.669462,-3.703125,-5.215851,-1.46627808,0.244938672,0.163854435,-0.2127912,-0.436450034,1.00992715,-3.826558,13.4603872,-3.975006,-1.05462646,-0.113754444,0.292365879,0.0220674388,-0.2780001,0.9525292,-3.68094826,-13.7359009,-6.765991,-3.03875732,-0.778949,0.1227928,0.3145611,-0.439716041,1.00747263,-3.83179045,-4.02102661,-4.01312256,-0.7385254,-0.153066367,0.214436963,-0.003477797,-0.256593227,2.78665113,2.5686388,3.79857469
245,4.8999982638888886,1006,0,1,-0.4929977,0,-3.969503,-2.255366,0,-9.416047,-2.255366,0,-9.416047,1,0,0,1,-0.4478904,1.01208818,-3.781182,0,0,0,-0.484182745,1.012701,-3.788927,4.312706,-3.573944,0.691600859,-0.006593868,0.2792112,-0.059101712,-0.4554654,0.985774755,-3.61827183,-8.402679,-4.59256,-1.22027588,0.7956875,0.476298273,0.064687565,-0.49051,1.00037766,-3.875258,6.20321941,-3.84570313,-0.780487061,-0.4625782,0.405775368,0.218216956,-0.36131525,0.9597385,-3.414942,-2.90505981,-5.43985,-1.795105,0.715199,0.205881909,-0.227777958,-0.4951163,0.971550465,-4.056526,12.8169537,-4.07772827,-1.026825,-0.563568,0.3252676,-0.0156512186,-0.2944013,0.8667854,-3.36080933,-13.7680969,-7.26605225,-3.11053467,-0.847499251,0.223206788,0.3831709,-0.5073794,1.006994,-4.156289,-5.07605,-4.14382935,-0.8423767,-0.9399813,0.279852867,0.00553621352,-0.232096553,2.78462386,2.59532928,3.81362462
246,4.919998256802721,1011,0,1,-0.5677293,0,-3.959506,-4.460654,0,-9.184185,-4.460654,0,-9.184185,1,0,0,1,-0.478516251,1.01086259,-3.7758224,0,0,0,-0.5124215,1.01131427,-3.78388762,4.315215,-4.092926,0.6816013,-0.00423250254,0.232306138,-0.0676824749,-0.469512939,0.974462,-3.52812028,-6.971283,-5.16696167,-1.48577881,1.24798989,0.519722,0.03282994,-0.5218056,0.9913397,-3.95208359,4.987181,-4.47561646,-0.717773438,-0.889332056,0.457615077,0.157258213,-0.36377877,0.935248554,-3.16521358,-1.6015625,-6.113983,-2.15393066,1.14587212,0.395831645,-0.207127154,-0.540283442,0.9434201,-4.2891,11.6871748,-4.72244263,-0.97946167,-0.9836848,0.387028217,-0.021733284,-0.340308219,0.78238,-3.04854631,-13.8309631,-7.773102,-2.922821,-0.8884734,0.6729342,0.390934944,-0.5669918,1.01253,-4.481235,-6.95474243,-4.75326538,-0.8564148,-1.65125382,0.3493415,-0.05986947,-0.18510592,2.7923708,2.58741951,3.81134343
247,4.9399982497165533,1015,0,1,-0.6587912,0,-3.9453764,-5.267974,0,-9.029845,-5.267974,0,-9.029845,1,0,0,1,-0.553431749,1.00741482,-3.76477957,0,0,0,-0.598351061,1.00864446,-3.770814,4.318833,-4.501068,0.735859,-0.00415002834,0.352871239,-0.0687109753,-0.5488127,0.9708264,-3.46235347,-5.093506,-5.966858,-1.826294,1.479783,0.5550235,0.14214921,-0.613845348,0.98753,-3.98960185,3.33668876,-5.399231,-0.7130127,-1.1096257,0.470098048,0.203012168,-0.429650426,0.921931148,-2.93745279,0.245733455,-6.909546,-2.54116821,1.60620725,0.459890485,-0.172975421,-0.638667,0.9202372,-4.504866,9.97116,-5.60540771,-0.9805603,-1.48594582,0.378142267,-0.109677762,-0.428292185,0.7082513,-2.756881,-13.9425659,-8.352264,-2.7767334,-0.815797448,0.775331259,0.376596332,-0.6828849,1.02023327,-4.80028629,-9.564178,-5.56131,-0.8342285,-2.28841949,0.3858032,-0.110113919,-0.129577518,2.808632,2.564332,3.805391
248,4.9599982426303857,1020,0,1,-0.7330386,0,-3.93225861,-4.53196049,0,-9.252993,-4.53196049,0,-9.252993,1,0,0,1,-0.64239943,1.00226223,-3.74719882,0,0,0,-0.699360669,1.00385213,-3.75086713,4.328496,-4.349304,0.8117619,0.000423719175,0.48162955,-0.08365794,-0.6489072,0.9713387,-3.40506768,-2.882141,-6.43328857,-2.17483521,1.64693725,0.645346463,0.279433936,-0.721917,0.986098766,-4.013543,1.31765664,-6.04260254,-0.7248535,-1.31291258,0.5582098,0.2374565,-0.529081464,0.9320919,-2.76182246,2.48701549,-7.36242676,-2.89505,1.93322814,0.567275941,-0.09246242,-0.7709645,0.9185105,-4.690049,7.734618,-6.25515747,-0.9834595,-1.929803,0.3747543,-0.166153073,-0.541763365,0.655982554,-2.53959012,-14.1133423,-8.500305,-2.553131,-0.73797065,0.8789041,0.348449826,-0.824110031,1.04065859,-5.07579327,-12.6106262,-6.30114746,-0.749725342,-2.65837,0.276902735,-0.243641734,-0.0828228,2.82014275,2.557209,3.80780554
249,4.9799982355442172,1025,0,1,-0.790607,0,-3.92108917,-3.89318919,0,-9.550253,-3.89318919,0,-9.550253,1,0,0,1,-0.7127432,0.9977302,-3.73008418,0,0,0,-0.771192,0.999026537,-3.73267245,4.34164,-4.036682,0.83769387,0.004216969,0.4561388,-0.110058732,-0.719581068,0.9773798,-3.357254,-0.517944336,-6.525818,-2.42950439,1.797458,0.7138906,0.358223736,-0.8071779,0.9894874,-4.05263329,-1.01754761,-6.32928467,-0.670776367,-1.60789406,0.6645667,0.21468246,-0.627137959,0.962404251,-2.67055321,4.85259867,-7.39920044,-3.102295,2.02248049,0.7277025,0.05937904,-0.891191959,0.960255861,-4.8012886,5.293141,-6.64001465,-0.9237671,-2.097963,0.4034682,-0.1523461,-0.6743452,0.637302935,-2.44798374,-14.3299255,-8.160858,-2.2598877,-0.610358834,1.00450587,0.2792168,-0.927713454,1.13297653,-5.1480937,-14.2904968,-6.92462158,-1.58178711,-1.36864042,-0.00230261683,-0.769108534,-0.0431486368,2.82609987,2.569666,3.8199327
250,4.9999982284580495,1029,0,1,-0.8561912,0,-3.90729284,-4.44034529,0,-9.54682,-4.44034529,0,-9.54682,1,0,0,1,-0.76738435,0.9943154,-3.71635652,0,0,0,-0.8196509,0.9952764,-3.71887326,4.35157776,-4.085846,0.8151579,0.002394244,0.349999666,-0.126306087,-0.7733552,0.9882542,-3.33992124,1.80740082,-6.69140625,-2.54196167,1.8049258,0.7058235,0.4181825,-0.864399731,1.00006771,-4.064055,-3.44580078,-6.672394,-0.5823364,-1.73461092,0.707676649,0.15566802,-0.727885365,0.999260366,-2.68469238,7.085253,-7.444641,-3.07958984,1.89246666,0.826698959,0.234053522,-0.9631543,1.029041,-4.80238342,2.90767479,-7.0765686,-0.8366699,-2.03833485,0.417986959,-0.146653533,-0.80488354,0.655215144,-2.496979,-14.5747986,-7.66494751,-2.073639,-0.4141597,1.20715749,-0.0115329176,-0.989869833,1.29345155,-5.07346535,-14.5057678,-7.86572266,-2.00292969,-0.173355311,-0.0879763,-0.349866956,-0.003947735,2.83551168,2.551772,3.81466675
251,5.0199982213718819,1033,0,1,-0.9052226,0,-3.896225,-3.65208244,0,-9.670941,-3.65208244,0,-9.670941,1,0,0,1,-0.832181,0.99065125,-3.70280623,0,0,0,-0.8821572,0.9917059,-3.704123,4.3532443,-3.90823364,0.805361569,-0.00329105,0.3203213,-0.126866072,-0.8502999,0.9971498,-3.36940956,3.9036994,-6.66418457,-2.53894043,1.54560864,0.676563,0.5079185,-0.9281803,1.009174,-4.017208,-5.734558,-6.81069946,-0.5261841,-1.55155623,0.6978372,0.146101892,-0.831391633,1.04548025,-2.78662586,9.055369,-7.163849,-2.91268921,1.67966151,0.8641204,0.3197033,-1.02583122,1.07123518,-4.719335,0.6469665,-7.328644,-0.7821655,-1.93260932,0.391921669,-0.1785788,-0.943021536,0.880265534,-2.57789564,-14.6637573,-6.677063,-0.6879883,1.12152922,1.1472913,0.411534667,-1.04709065,1.29866207,-4.9845767,-14.39917,-8.575714,-2.50415039,-0.0613068119,-0.0635411739,-0.2551133,0.0286772251,2.84383273,2.55414963,3.82254982
252,5.0399982142857143,1036,0,1,-0.9703732,0,-3.88051271,-4.54371452,0,-9.324614,-4.54371452,0,-9.324614,1,0,0,1,-0.879498959,0.988495231,-3.69402051,0,0,0,-0.9232918,0.9889267,-3.69522238,4.34853029,-4.11035156,0.7787545,-0.00818538852,0.262536645,-0.122969434,-0.9150464,1.00120664,-3.43411517,5.53381729,-6.875458,-2.37542725,1.16158009,0.66598773,0.557575941,-0.9659192,1.01487875,-3.95897245,-7.70459,-7.16448975,-0.49331665,-1.30600488,0.7124642,0.104862332,-0.9310011,1.08631825,-2.92929864,10.7268448,-7.255829,-2.6328125,1.44970608,0.711186349,0.393824637,-1.057571,1.09465361,-4.592775,-1.38726807,-7.804413,-0.753479,-1.73299384,0.407367527,-0.188039541,-0.9806189,0.9512801,-2.65963721,-11.4215088,-6.65094,-1.46276855,2.398784,0.546824336,-0.4121461,-1.0728873,1.26788235,-4.85369635,-14.2571716,-9.52066,-2.979004,-0.200222641,-0.01671889,-0.1550802,0.06931412,2.85064888,2.5446558,3.821816
253,5.0599982071995466,1041,0,1,-1.02715755,0,-3.86587,-4.089375,0,-9.100667,-4.089375,0,-9.100667,1,0,0,1,-0.9453701,0.985589147,-3.68385673,0,0,0,-0.9893263,0.9863342,-3.68349075,4.335525,-4.08139038,0.7901879,-0.0139565635,0.2873928,-0.11406377,-0.997154951,0.997679949,-3.4880898,6.80171537,-7.03729248,-2.16366577,0.792332649,0.6299377,0.614517,-1.02192545,1.00985968,-3.87339067,-9.306519,-7.45282,-0.521759033,-0.9035934,0.694767356,0.120423317,-1.01911926,1.08705282,-3.05090213,12.2032413,-7.385254,-2.33859253,1.25774074,0.559745252,0.375823975,-1.09406137,1.10056436,-4.43079138,-3.18734741,-8.199768,-0.790039063,-1.52080917,0.397986084,-0.234002322,-1.04823768,0.9675592,-2.8059938,-9.11557,-6.908844,-1.749115,1.95937359,0.355007261,-0.0364539623,-1.11936092,1.22321475,-4.682585,-14.1288452,-10.164978,-3.246582,-0.370759636,0.240082428,0.0189549327,0.104689717,2.86158347,2.53599262,3.82503319
254,5.0799982001133781,1046,0,1,-1.0595057,0,-3.857129,-2.9185307,0,-9.269027,-2.9185307,0,-9.269027,1,0,0,1,-1.00113511,0.9823584,-3.67174864,0,0,0,-1.041798,0.9830118,-3.67139554,4.32501,-3.7232666,0.796699762,-0.0116066858,0.268187881,-0.112292744,-1.06091654,0.9904734,-3.53917718,7.68738651,-6.846863,-1.90478516,0.456581235,0.626528859,0.6084088,-1.06225765,0.999168158,-3.78882933,-10.4755859,-7.36312866,-0.594360352,-0.521553934,0.716427445,0.106701136,-1.089251,1.0718329,-3.19920325,13.3638954,-7.139282,-2.03994751,0.978637636,0.5697965,0.355871141,-1.11956275,1.08789945,-4.24112034,-4.644989,-8.174683,-0.871246338,-1.2211045,0.438050032,-0.236560985,-1.12019932,0.9765135,-2.99114919,-7.22821045,-6.666687,-1.97961426,1.590865,0.475932181,-0.0129718184,-1.15309727,1.16641724,-4.46536875,-14.0296936,-10.3111572,-3.48846436,-0.4724474,0.394346535,0.09145886,0.130484819,2.85715723,2.5515728,3.83287072
255,5.0999981930272105,1051,0,1,-1.09983993,0,-3.84582281,-3.41496015,0,-9.113959,-3.41496015,0,-9.113959,1,0,0,1,-1.03154075,0.9804851,-3.6635437,0,0,0,-1.0616591,0.9807204,-3.6658268,4.3202095,-3.755188,0.7690201,-0.007625196,0.157502979,-0.106949091,-1.087176,0.9829309,-3.59298849,8.139861,-6.75427246,-1.59747314,0.1607615,0.620056033,0.521062851,-1.07165241,0.9873676,-3.71688819,-11.1622925,-7.34225464,-0.681427,-0.186523214,0.723953962,0.06689821,-1.135117,1.04312634,-3.3752768,14.1032763,-7.00250244,-1.70275879,0.6093633,0.565175533,0.347629964,-1.118162,1.05896974,-4.03770876,-5.654297,-8.193726,-0.9609375,-0.837593257,0.4954325,-0.189901829,-1.17810154,0.977793932,-3.22726917,-5.95361328,-6.615753,-2.10906982,1.064343,0.466398478,-0.038191855,-1.15865374,1.09858072,-4.21120739,-13.9577332,-10.4704285,-3.73965454,-0.538025141,0.513645768,0.131513685,0.150510669,2.8679266,2.52658463,3.82508636
256,5.1199981859410428,1056,0,1,-1.12398148,0,-3.83883667,-2.58182383,0,-9.249011,-2.58182383,0,-9.249011,1,0,0,1,-1.072345,0.977887,-3.65385652,0,0,0,-1.09708261,0.978393555,-3.65690947,4.31649256,-3.57424927,0.7686535,-0.00704405829,0.121614747,-0.09281029,-1.13602412,0.9697545,-3.65688944,8.170756,-6.48464966,-1.30899048,-0.2410981,0.5718481,0.480235219,-1.09370077,0.9680563,-3.6269908,-11.3877563,-7.12371826,-0.801300049,0.255250722,0.684664547,0.0993787944,-1.19453979,1.00787652,-3.56881,14.4152355,-6.688385,-1.38995361,0.242171675,0.510994852,0.278153032,-1.12101912,1.0206902,-3.81300926,-6.22229,-7.98736572,-1.06573486,-0.4597549,0.477109551,-0.154688239,-1.24027741,0.9749626,-3.49315858,-5.43701172,-6.36831665,-2.29266357,0.443442851,0.455333054,-0.07842919,-1.16296589,1.02370024,-3.93226266,-13.9107056,-10.3326416,-3.94342041,-0.591699,0.5675195,0.176752,0.16566968,2.873041,2.52315044,3.82728338
257,5.1399981788548752,1061,0,1,-1.1400516,0,-3.83409452,-2.22438669,0,-9.359697,-2.22438669,0,-9.359697,1,0,0,1,-1.09556389,0.9762243,-3.64690065,0,0,0,-1.11151552,0.9763382,-3.65227485,4.316047,-3.42254639,0.7604513,-0.00544793159,0.0544640645,-0.08000108,-1.16206539,0.9583506,-3.721641,7.74734545,-6.113159,-1.02209473,-0.600622058,0.5470956,0.395169854,-1.09624541,0.9506895,-3.54620957,-11.1195679,-6.774048,-0.9220276,0.649264157,0.658612967,0.110392749,-1.24128723,0.9655659,-3.78086853,14.2300692,-6.272064,-1.08905029,-0.186411425,0.495706141,0.226414382,-1.102024,0.973838866,-3.574564,-6.261505,-7.64614868,-1.17337036,-0.009382425,0.493495077,-0.09665625,-1.30164266,0.969126165,-3.78989363,-5.7953186,-6.02127075,-2.39532471,-0.314104468,0.4656113,-0.111656688,-1.13954854,0.940644562,-3.62527037,-13.8798828,-10.016449,-4.118866,-0.6151602,0.6150111,0.19032827,0.176625848,2.87269473,2.52372551,3.82789254
258,5.1599981717687076,1066,0,1,-1.15610087,0,-3.829286,-2.24923587,0,-9.368959,-2.24923587,0,-9.368959,1,0,0,1,-1.11111617,0.9750387,-3.641907,0,0,0,-1.11845136,0.9750738,-3.6497252,4.31665039,-3.40649414,0.7579218,-0.004741259,-0.0110331178,-0.06274783,-1.18229008,0.9486439,-3.78843951,6.879552,-5.78198242,-0.7557678,-0.9628604,0.506318867,0.311329484,-1.09013736,0.9349214,-3.467571,-10.3678589,-6.4385376,-1.03768921,1.043314,0.608704269,0.130777538,-1.28650916,0.9255351,-4.002042,13.526741,-5.88845825,-0.8050537,-0.63031435,0.47720477,0.171514511,-1.06911647,0.927414656,-3.3279357,-5.743622,-7.303772,-1.27639771,0.5252347,0.494712353,-0.02760458,-1.365625,0.964164853,-4.103878,-7.06564331,-5.641388,-2.51342773,-1.08465159,0.48653996,-0.165122062,-1.10099435,0.853373468,-3.30291915,-13.8656006,-9.634888,-4.2640686,-0.620496035,0.6546823,0.194383562,0.193442464,2.87167716,2.54339027,3.84093523
259,5.179998164682539,1069,0,1,-1.18013656,0,-3.82194662,-2.656586,0,-9.271232,-2.656586,0,-9.271232,1,0,0,1,-1.12700486,0.9736421,-3.636522,0,0,0,-1.12882447,0.973725438,-3.6458652,4.31873369,-3.5458374,0.776625,-0.004869653,-0.0381881334,-0.045287542,-1.20857131,0.941493,-3.854616,5.59473562,-5.631836,-0.526672363,-1.333934,0.4577624,0.251268744,-1.08589208,0.9216427,-3.3866477,-9.1633,-6.262726,-1.14971924,1.44496739,0.5491415,0.171028584,-1.33910882,0.894480944,-4.22421646,12.312026,-5.67544556,-0.55859375,-1.06657314,0.439493567,0.105222642,-1.03251493,0.888797641,-3.07845736,-4.68011475,-7.105072,-1.37496948,1.10167456,0.473344028,0.0392516851,-1.43604589,0.9648199,-4.41702652,-9.146881,-5.40856934,-2.57562256,-1.78591132,0.474290818,-0.196465611,-1.05609787,0.766965151,-2.98046231,-13.874939,-9.325073,-4.35250854,-0.6161037,0.6762242,0.206690788,0.205284715,2.879664,2.5289526,3.83799529
260,5.1999981575963714,1072,0,1,-1.2041266,0,-3.81445646,-2.668638,0,-9.322075,-2.668638,0,-9.322075,1,0,0,1,-1.15075386,0.971239865,-3.628015,0,0,0,-1.15204167,0.9714638,-3.63759446,4.3222146,-3.595337,0.8258851,-0.00390892662,-0.0135028865,-0.0335658565,-1.24955714,0.9379211,-3.91596055,3.93602943,-5.5453186,-0.3447876,-1.70639372,0.419483125,0.221186042,-1.09290481,0.9121242,-3.301099,-7.54849243,-6.13235474,-1.26235962,1.84753168,0.5034598,0.234596133,-1.4075954,0.878044,-4.436774,10.61654,-5.53427124,-0.3652954,-1.47509229,0.39083147,0.03214985,-1.00413942,0.8638995,-2.838678,-3.12557983,-6.936615,-1.47512817,1.5764091,0.447860748,0.08571768,-1.51908028,0.974530756,-4.71234465,-11.85083,-5.251465,-2.59967041,-2.32310963,0.4227265,-0.225686133,-1.01893878,0.68835324,-2.680766,-13.9194641,-8.96530151,-4.349518,-0.600400031,0.698000848,0.226516724,0.2177707,2.88254476,2.51688766,3.83291173
261,5.2199981505102038,1077,0,1,-1.220093,0,-3.80937958,-2.336944,0,-9.512977,-2.336944,0,-9.512977,1,0,0,1,-1.17335415,0.9688058,-3.61912012,0,0,0,-1.17520952,0.968824863,-3.62868714,4.32815838,-3.47167969,0.8840411,-0.00235762913,0.009570726,-0.02941372,-1.29359424,0.940920532,-3.971536,1.89605141,-5.361328,-0.166900635,-2.041283,0.412765563,0.204305649,-1.10172784,0.911639035,-3.22917366,-5.58724976,-5.88641357,-1.36141968,2.15995765,0.4878985,0.283875167,-1.48538864,0.890844941,-4.60065556,8.573672,-5.35574341,-0.1880188,-1.76148164,0.335425377,0.00311899185,-0.9825425,0.8577818,-2.6335566,-1.1496582,-6.63693237,-1.56610107,1.90452051,0.463187516,0.12593776,-1.58622634,1.02906036,-4.87960958,-13.770813,-5.13476563,-3.26348877,-1.63731432,0.173803329,-0.710972,-0.9938963,0.6230312,-2.42449522,-14.0039063,-8.384827,-4.24432373,-0.559348941,0.752977,0.236374021,0.2335074,2.88271475,2.53190041,3.843838
262,5.2399981434240361,1082,0,1,-1.24400413,0,-3.80163813,-2.830894,0,-9.387568,-2.830894,0,-9.387568,1,0,0,1,-1.18738627,0.9674684,-3.61388683,0,0,0,-1.18807364,0.967117667,-3.623637,4.33392334,-3.52224731,0.931492448,-0.00354050938,0.000476539135,-0.02646507,-1.31752908,0.953600764,-4.00065565,-0.399169922,-5.27932739,0.0116497008,-2.199351,0.431217581,0.1636523,-1.10519814,0.922001064,-3.18586183,-3.37542725,-5.738983,-1.42297363,2.328974,0.48256138,0.3036552,-1.53169346,0.9480834,-4.654418,6.45115,-5.332672,0.009783523,-1.82096219,0.285304338,0.0197614431,-0.9693709,0.8742266,-2.490991,1.13430285,-6.410553,-1.61068726,2.15554762,0.506509662,0.185564876,-1.617851,1.20051742,-4.863956,-14.1041565,-5.548889,-3.83825684,-0.213555083,-0.146155074,-0.5002796,-0.9892744,0.580006,-2.24650431,-14.1289063,-7.80380249,-4.015747,-0.482692569,0.8100903,0.239463687,0.2476927,2.884079,2.52533531,3.84142971
263,5.2599981363378685,1085,0,1,-1.251963,0,-3.799025,-2.08385658,0,-9.61348152,-2.08385658,0,-9.61348152,1,0,0,1,-1.2102859,0.9655199,-3.6067555,0,0,0,-1.21356785,0.965470433,-3.61586523,4.33487129,-3.2755127,0.9912359,-0.00575739425,0.0262103155,-0.0248712786,-1.34670138,0.9693408,-3.983608,-2.649994,-4.97302246,0.17650491,-2.15552855,0.427579552,0.173984885,-1.12735975,0.936848164,-3.160555,-1.07217407,-5.375702,-1.44732666,2.40180445,0.4678917,0.35406673,-1.56262445,0.9937569,-4.61086464,4.42210054,-5.10498047,0.2131632,-1.73988736,0.262089133,0.0194971561,-0.9862234,0.9092102,-2.43313956,3.50369978,-5.91436768,-1.58996582,2.20866418,0.5631405,0.223256171,-1.6311866,1.240143,-4.806266,-14.0054932,-5.767273,-4.41229248,0.0445045829,-0.12978135,-0.356868356,-1.00398576,0.5725912,-2.19430232,-14.308075,-6.53274536,-3.9826355,-0.3375913,1.15160084,-0.0424123779,0.248025775,2.8925426,2.50977325,3.837614
264,5.2799981292517009,1090,0,1,-1.251963,0,-3.799025,-1.836396,0,-9.853069,-1.836396,0,-9.853069,1,0,0,1,-1.21523511,0.9644544,-3.60196376,0,0,0,-1.21558714,0.964194536,-3.61269712,4.338899,-3.04068,1.02330434,-0.00378410844,-0.006424105,-0.0221859068,-1.34022725,0.9827477,-3.93438029,-4.70935059,-4.504822,0.353060871,-1.90087843,0.441889256,0.145418167,-1.13374734,0.955922,-3.18419361,1.158963,-4.86328125,-1.40802,2.232546,0.475458324,0.3259452,-1.55449629,1.0237323,-4.522027,2.511966,-4.73098755,0.425593674,-1.64059675,0.289155722,0.0374211073,-0.995203257,0.9645183,-2.47916222,5.777757,-5.156952,-1.52139282,2.12107134,0.63777715,0.245404363,-1.61520958,1.22265291,-4.72410774,-13.8377991,-5.87844849,-5.00015259,-0.0788249448,-0.08755388,-0.280739278,-1.04109311,0.7417536,-2.214103,-14.3635559,-5.00943,-2.691742,-0.129320771,1.44719,1.31684,0.2491957,2.89162135,2.513214,3.839247
265,5.2999981221655323,1095,0,1,-1.25991654,0,-3.79639435,-2.25999451,0,-9.737257,-2.25999451,0,-9.737257,1,0,0,1,-1.21471667,0.9645947,-3.60164928,0,0,0,-1.21270478,0.964072,-3.61374354,4.341183,-3.02661133,1.04757059,-0.007613811,0.0981214643,-0.003935824,-1.31682265,0.9911045,-3.872817,-6.47332764,-4.16970825,0.519172549,-1.58101261,0.377153635,0.127364635,-1.14814472,0.972322941,-3.255934,3.07171035,-4.49707031,-1.29406738,1.86359978,0.404081047,0.31401962,-1.52089429,1.04251873,-4.406834,0.7669226,-4.484253,0.6306201,-1.49544275,0.2859821,0.04775822,-1.032437,1.0304209,-2.5948112,7.877183,-4.665741,-1.37487793,2.01141262,0.484366179,0.284792483,-1.57906866,1.19292617,-4.61334229,-13.6850281,-6.108429,-5.52114868,-0.275755227,-0.0264441259,-0.154023454,-1.01225114,0.8707031,-2.25503087,-11.1653137,-4.36984253,-3.19741821,2.46406913,0.451279879,-0.241430521,0.261576533,2.885951,2.53385353,3.84935713
266,5.3199981150793647,1099,0,1,-1.25991654,0,-3.79639435,-1.82993484,0,-9.6743145,-1.82993484,0,-9.6743145,1,0,0,1,-1.22331786,0.9649401,-3.60290813,0,0,0,-1.22232807,0.9644878,-3.61459827,4.33589268,-2.87637329,1.09146082,-0.0125856129,0.110865459,0.005678705,-1.30856061,0.9936106,-3.81128263,-7.848999,-3.762909,0.638319552,-1.25295019,0.332586,0.131095767,-1.17188668,0.981912136,-3.31053948,4.631493,-4.072876,-1.16107178,1.58149409,0.3558601,0.31390366,-1.483046,1.047677,-4.26830864,-0.716949463,-4.158203,0.7847662,-1.263929,0.256396055,0.02427119,-1.06464279,1.05529761,-2.71485114,9.775328,-4.23565674,-1.21743774,1.73660183,0.340873837,0.248438179,-1.53390741,1.15236592,-4.4657855,-13.5626221,-6.210266,-5.93457031,-0.467542142,0.0348738581,-0.0186151862,-1.01946616,0.908255458,-2.38879323,-8.370605,-4.0213623,-3.39407349,2.36310887,0.21250774,-0.01589024,0.25845778,2.88846469,2.524475,3.84486723
267,5.3399981079931971,1104,0,1,-1.25991654,0,-3.79639435,-1.84325051,0,-9.59628,-1.84325051,0,-9.59628,1,0,0,1,-1.22305155,0.9654971,-3.60446882,0,0,0,-1.2201333,0.965048,-3.61694884,4.32892942,-2.721344,1.1234206,-0.012943238,0.115114093,0.006914309,-1.28092408,0.989119649,-3.74020839,-8.831055,-3.40014648,0.734115839,-0.8531981,0.291127443,0.103544712,-1.18389845,0.985467553,-3.37871647,5.86685562,-3.699829,-1.00875854,1.23615074,0.3167427,0.268444717,-1.42739725,1.04076755,-4.1110754,-1.9133606,-3.87573242,0.9122281,-1.01531446,0.226515785,0.02483219,-1.09101164,1.06067717,-2.874238,11.3900394,-3.836731,-1.0663147,1.39258361,0.3143924,0.213000953,-1.46824372,1.10427463,-4.29036045,-13.47348,-6.29989624,-6.263275,-0.628119469,0.0826695859,0.08165178,-1.04936862,0.9334509,-2.58275056,-5.819702,-3.62106323,-3.553711,2.15849972,0.2539251,-0.008761406,0.253364921,2.89248133,2.50948143,3.83772588
268,5.3599981009070294,1110,0,1,-1.25991654,0,-3.79639435,-1.8546648,0,-9.528914,-1.8546648,0,-9.528914,1,0,0,1,-1.22282326,0.9658945,-3.60581613,0,0,0,-1.22002161,0.9655602,-3.61836815,4.32334137,-2.56884766,1.15640032,-0.0120148305,0.113545932,0.00965794,-1.25460041,0.979905069,-3.66777754,-9.379608,-3.08859253,0.794023335,-0.449001,0.248544425,0.0887182057,-1.19922006,0.983458459,-3.45252514,6.70918941,-3.36245728,-0.8635559,0.8580604,0.2887412,0.22676912,-1.36109412,1.02189553,-3.93353653,-2.7487793,-3.63778687,0.9963244,-0.7017024,0.19138293,0.0114793777,-1.12813973,1.05101514,-3.06989837,12.6079416,-3.48156738,-0.9327698,1.047849,0.280248076,0.170812845,-1.389089,1.0471828,-4.081745,-13.4134216,-6.37420654,-6.504822,-0.7580072,0.123255491,0.1683178,-1.09779143,0.9514288,-2.8333447,-3.71740723,-3.283905,-3.53683472,1.7686733,0.2250678,-0.0206459761,0.252382874,2.89325643,2.50659,3.83635545
269,5.3799980938208618,1115,0,1,-1.25991654,0,-3.79639435,-1.8677659,0,-9.468059,-1.8677659,0,-9.468059,1,0,0,1,-1.22256124,0.9662435,-3.60703325,0,0,0,-1.22041047,0.965900242,-3.61953,4.319132,-2.419342,1.18843734,-0.0103294849,0.112037733,0.0109778587,-1.22714615,0.967321157,-3.5927546,-9.476929,-2.82513428,0.821084,-0.02916374,0.212736309,0.0745181739,-1.217835,0.97666204,-3.532254,7.11549044,-3.05484,-0.730957031,0.444397271,0.265345931,0.188561887,-1.28689754,0.9936213,-3.736249,-3.16104126,-3.4420166,1.03451514,-0.337014437,0.1568156,-0.00236144662,-1.17776394,1.02583122,-3.290723,13.3606577,-3.15255737,-0.807189941,0.6432245,0.244292662,0.131417438,-1.29731882,0.9813218,-3.84010482,-13.3792419,-6.430786,-6.667633,-0.8560448,0.154261231,0.233232319,-1.15921712,0.959761262,-3.1316998,-2.33361816,-3.02301025,-3.65740967,1.20063531,0.186624572,-0.0605729222,0.25286305,2.89287663,2.508007,3.83702683
270,5.3999980867346933,1120,0,1,-1.25991654,0,-3.79639435,-1.88255382,0,-9.420172,-1.88255382,0,-9.420172,1,0,0,1,-1.22226548,0.9665587,-3.607991,0,0,0,-1.22092462,0.966202557,-3.62029552,4.316314,-2.27294922,1.21840656,-0.00947869,0.110423423,0.0110498359,-1.1985718,0.9533944,-3.51572657,-9.111816,-2.606079,0.8181015,0.40073508,0.18308118,0.0595285,-1.23810589,0.9668987,-3.61506081,7.06106472,-2.77383423,-0.6131592,0.0115562417,0.245736778,0.151067555,-1.2054646,0.9598459,-3.520575,-3.094818,-3.28381348,1.02630031,0.07385889,0.124451354,-0.0162156448,-1.23381758,0.989717,-3.52953339,13.5961428,-2.85693359,-0.699035645,0.195346922,0.231310725,0.09254066,-1.19465971,0.9074641,-3.569365,-13.3703,-6.46688843,-6.758087,-0.9170723,0.180118173,0.291221857,-1.23854828,0.9628148,-3.46110153,-1.841217,-2.72009277,-3.77279663,0.432878256,0.193339348,-0.0245127678,0.2608868,2.88653159,2.53168678,3.84831977
271,5.4199980796485256,1125,0,1,-1.25991654,0,-3.79639435,-1.9013114,0,-9.393302,-1.9013114,0,-9.393302,1,0,0,1,-1.22189033,0.9666996,-3.60852838,0,0,0,-1.22139668,0.9663512,-3.62068129,4.31454325,-2.13049316,1.24544942,-0.008421137,0.108225487,0.0102830213,-1.16927457,0.940343738,-3.43818188,-8.282837,-2.425537,0.786208332,0.8300556,0.160067439,0.04294613,-1.25887215,0.9564172,-3.69744825,6.54060268,-2.517395,-0.513031,-0.421240419,0.228667647,0.115148276,-1.11864686,0.9261033,-3.29167652,-2.509674,-3.15722656,0.9698748,0.517612934,0.1147302,-0.0323892236,-1.29645729,0.949519634,-3.77622318,13.2853117,-2.57684326,-0.6044922,-0.277513772,0.2190636,0.06030649,-1.10249043,0.8265172,-3.27284718,-13.3788757,-6.370453,-6.69726563,-0.936115861,0.4516304,0.4498279,-1.32928324,0.96349746,-3.80843329,-2.34918213,-2.40682983,-3.851532,-0.422840178,0.213885576,-0.0414077342,0.254375577,2.89167976,2.512474,3.83914638
272,5.439998072562358,1131,0,1,-1.25991654,0,-3.79639435,-1.93200183,0,-9.4156065,-1.93200183,0,-9.4156065,1,0,0,1,-1.22127652,0.9666196,-3.60808229,0,0,0,-1.22165906,0.9663251,-3.62015915,4.3143363,-1.99261475,1.26932383,-0.00726562925,0.105396867,0.009095654,-1.14093542,0.9306671,-3.362273,-7.00415039,-2.269165,0.7278066,1.24156618,0.14869152,0.0278705955,-1.27967286,0.947603,-3.775762,5.56652546,-2.28488159,-0.4298401,-0.837513268,0.213152155,0.08434653,-1.037254,0.8988904,-3.05804634,-1.39373779,-3.01159668,0.8781094,0.968188,0.146563232,-0.03463751,-1.36353576,0.912724435,-4.022583,12.4184284,-2.31625366,-0.5213623,-0.758874536,0.204468325,0.03382066,-1.021098,0.74615,-2.968654,-13.4022827,-6.019684,-6.46429443,-0.924302638,0.586930633,0.44883,-1.42698193,0.9653709,-4.15847731,-3.8392334,-2.096222,-3.88845825,-1.262619,0.224498421,-0.051980257,0.2520082,2.89355183,2.50548553,3.835832
273,5.45999806547619,1136,0,1,-1.25991654,0,-3.79639435,-1.97734916,0,-9.507922,-1.97734916,0,-9.507922,1,0,0,1,-1.22036958,0.9661292,-3.606236,0,0,0,-1.22143459,0.9659467,-3.6184957,4.31671143,-1.86157227,1.28973413,-0.005108717,0.100496694,0.007430969,-1.11668146,0.926584244,-3.29145646,-5.31546,-2.12817383,0.6571586,1.60951447,0.141031682,0.0258716345,-1.29956067,0.9424391,-3.84716344,4.16702652,-2.07778931,-0.361236572,-1.22201562,0.1957789,0.05979246,-0.968481541,0.885583162,-2.83728361,0.216061547,-2.82568359,0.7782009,1.385248,0.151978523,-0.0180716515,-1.43273711,0.886730731,-4.26088,11.003418,-2.07925415,-0.447357178,-1.2319,0.186311722,0.01403743,-0.945311248,0.676249862,-2.68598747,-13.4724121,-5.62408447,-6.23742676,-0.8721795,0.6044762,0.435245037,-1.52699041,0.972756147,-4.4959774,-6.16452026,-1.80178833,-3.88751221,-1.98079062,0.225840449,-0.06090176,0.2532673,2.89255524,2.50920486,3.83759427
274,5.4799980583900227,1140,0,1,-1.25991654,0,-3.79639435,-2.03777623,0,-9.694592,-2.03777623,0,-9.694592,1,0,0,1,-1.219161,0.9651572,-3.60250258,0,0,0,-1.22041547,0.965100944,-3.615322,4.323254,-1.74331665,1.30646229,-0.00153138814,0.09008076,0.005291956,-1.09704852,0.9295684,-3.2320323,-3.29324341,-2.00787354,0.586787343,1.8991698,0.127521977,0.0308437347,-1.320128,0.9423979,-3.908125,2.384088,-1.899292,-0.289093018,-1.56124425,0.175595254,0.05575359,-0.9135655,0.8918406,-2.65550447,2.22093177,-2.628601,0.6856171,1.71757388,0.161098361,-0.0005789995,-1.5101192,0.877636433,-4.47962952,9.071671,-1.80654907,-0.358032227,-1.67774832,0.210384622,0.0242147446,-0.889798939,0.62146014,-2.45987082,-13.5940247,-5.110718,-5.89920044,-0.794193149,0.6583577,0.449106574,-1.64004755,0.987037539,-4.799473,-9.011963,-1.2875061,-4.41482544,-2.44016576,0.3113739,-0.43493557,0.25851202,2.88840413,2.52469826,3.844972
275,5.4999980513038542,1144,0,1,-1.25991654,0,-3.79639435,-2.1056242,0,-9.96709251,-2.1056242,0,-9.96709251,1,0,0,1,-1.21780407,0.963698149,-3.59705257,0,0,0,-1.218634,0.9637841,-3.6106894,4.334125,-1.64337158,1.3205781,0.00141350669,0.07329733,0.0028114568,-1.08413053,0.939425468,-3.19224024,-1.05758667,-1.91323853,0.5226981,2.070248,0.108026177,0.0391358137,-1.33240569,0.9484074,-3.95423269,0.285137475,-1.7550354,-0.229064941,-1.81850827,0.142958045,0.0385012627,-0.8810171,0.9174668,-2.54307938,4.45157146,-2.41964722,0.6085054,1.90595663,0.1682827,0.01564467,-1.5567944,0.889921069,-4.67064476,6.69607,-1.64916992,-0.293182373,-2.06474686,0.1308229,-0.0224158764,-0.8658762,0.5934784,-2.328792,-13.7664795,-4.48852539,-5.426056,-0.6772072,0.685275435,0.45066905,-1.70319259,1.02765107,-5.082096,-12.9827881,-1.01116943,-3.551056,-2.957469,0.304847777,0.349951982,0.253650427,2.892253,2.510334,3.83813
276,5.5199980442176866,1150,0,1,-1.25991654,0,-3.79639435,-2.1175096,0,-10.20141,-2.1175096,0,-10.20141,1,0,0,1,-1.21756637,0.962409735,-3.59236622,0,0,0,-1.21609843,0.9623823,-3.60648441,4.34669733,-1.5765686,1.331996,0.00225659763,0.041329883,-0.000913238153,-1.08040357,0.954038262,-3.18087769,1.22511327,-1.862793,0.4697086,2.08397079,0.07014492,0.05010724,-1.3484472,0.9605,-4.00317669,-2.15014648,-1.67062378,-0.166351318,-2.080729,0.09506181,0.04320848,-0.880476236,0.955523431,-2.52745676,6.676727,-2.22531128,0.559093952,1.90073752,0.151222765,0.03167081,-1.6125145,0.9502594,-4.78037167,4.11167955,-1.63702393,-0.225585938,-2.21538329,-0.0135203153,0.0145510435,-0.872531056,0.6012796,-2.32866549,-13.979126,-3.82772827,-4.83322144,-0.499181062,0.740934849,0.2746141,-1.71931577,1.16157281,-5.09750652,-13.7519836,-1.40396118,-4.414398,-0.5756813,-0.44836092,-0.709026,0.252741575,2.89297247,2.50764656,3.83685541
277,5.5399980371315189,1156,0,1,-1.25991654,0,-3.79639435,-2.07462978,0,-10.3125849,-2.07462978,0,-10.3125849,1,0,0,1,-1.218424,0.961787462,-3.59014273,0,0,0,-1.213862,0.961549163,-3.6044836,4.355156,-1.55371094,1.34431684,-0.00119340024,0.00023425743,-0.00357025163,-1.08985615,0.9693819,-3.20700479,3.35494423,-1.85571289,0.429020554,1.91081059,0.0413404331,0.06404543,-1.357036,0.977878,-4.00114441,-4.650177,-1.63861084,-0.0625610352,-2.0759387,0.05000917,0.09626114,-0.8934368,1.00164759,-2.61890674,8.674427,-1.99325562,0.505839348,1.72202706,0.220834285,-0.00766408443,-1.64746082,1.01658809,-4.759396,1.58988011,-1.691864,-0.0539550781,-2.16421986,-0.07167443,0.0940477848,-0.8761111,0.787687838,-2.41653,-14.0974731,-2.51907349,-4.02774048,-0.07179576,1.17556834,1.32318938,-1.72767818,1.24334455,-5.019426,-12.8752747,-1.92071533,-6.025696,0.5168047,-0.5616555,-1.01207924,0.258607626,2.88834286,2.52492523,3.84508133
278,5.5599980300453513,1161,0,1,-1.25991654,0,-3.79639435,-2.031333,0,-10.3288813,-2.031333,0,-10.3288813,1,0,0,1,-1.2192899,0.961640835,-3.58981681,0,0,0,-1.21309209,0.9613623,-3.604133,4.356844,-1.55896,1.36353433,-0.00594719965,-0.0260362159,-0.00227703038,-1.10680091,0.979677439,-3.27564669,5.11909437,-1.84732056,0.361391842,1.54617643,0.0334170572,0.0439522266,-1.3595432,0.991934538,-3.951734,-6.92803955,-1.61599731,0.123525463,-1.837116,0.03178567,0.191380858,-0.9273263,1.04984617,-2.76993966,10.3850784,-1.80953979,0.415416569,1.50713527,0.123126067,-0.03476894,-1.67019379,1.04458,-4.68412638,-0.8435974,-1.87518311,0.222084239,-2.10393071,-0.181722045,0.163823366,-0.879294038,0.917479038,-2.53486156,-12.0210876,-1.94387817,-3.893402,1.83743775,0.376730859,0.17358309,-1.70098567,1.17752147,-4.97865772,-11.769989,-2.94961548,-9.63382,0.504108131,-1.02487826,-1.313356,0.251735449,2.89376783,2.50467873,3.83545017
279,5.5799980229591837,1166,0,1,-1.25991654,0,-3.79639435,-1.98896611,0,-10.3411,-1.98896611,0,-10.3411,1,0,0,1,-1.22013724,0.9615334,-3.58957243,0,0,0,-1.21224165,0.9614483,-3.60455275,4.35489,-1.58651733,1.38669038,-0.00773511175,-0.04737009,-0.00144035928,-1.12721419,0.9825692,-3.34645939,6.453206,-1.85528564,0.282688171,1.16870356,0.009690972,0.0354889035,-1.34967685,0.9985194,-3.89248562,-8.875244,-1.625,0.363005817,-1.53013957,-0.00610718876,0.24719739,-0.967086852,1.06461263,-2.918261,11.862977,-1.80828857,0.3065641,1.29794562,0.003822036,-0.06276429,-1.6474421,1.050839,-4.61593866,-3.214386,-2.03607178,0.498548,-2.05689454,-0.160213128,0.136052012,-0.8909404,0.9468829,-2.69352627,-9.775665,-1.85650635,-3.86978149,1.89466679,0.05994931,0.059927702,-1.66222107,1.10038853,-4.950859,-11.0231628,-3.74749756,-13.7888489,0.492377728,-1.09407353,-1.8013649,0.254246473,2.891788,2.51206779,3.8389535
280,5.599998015873016,1171,0,1,-1.25991654,0,-3.79639435,-2.00350952,0,-10.5438395,-2.00350952,0,-10.5438395,1,0,0,1,-1.21984637,0.9603778,-3.58551764,0,0,0,-1.21004415,0.9607544,-3.602035,4.3584795,-1.640686,1.41234684,-0.00293303514,-0.0720693,-0.00171864033,-1.1473403,0.978531659,-3.41175318,7.372723,-1.89035034,0.201162592,0.794160247,-0.0226871856,0.033690393,-1.30656874,0.9963899,-3.83335066,-10.4466248,-1.69802856,0.5211391,-1.18621182,-0.05861731,0.15004158,-1.01473093,1.05367875,-3.08257723,13.0258331,-1.81958008,0.187459365,1.0169946,-0.0117653012,-0.0792737,-1.5645349,1.042597,-4.59261751,-5.618683,-1.83895874,0.5814393,-2.10454679,0.151817068,-0.0149536133,-0.9384939,0.9528,-2.893028,-7.79525757,-1.752655,-4.228363,1.66245162,0.00238227472,-0.206367254,-1.724245,0.846302867,-5.06719542,-12.0286865,-2.50662231,-13.2579956,-0.146464348,1.26673317,2.096465,0.2616799,2.885937,2.533905,3.84938741
281,5.6199980087868475,1176,0,1,-1.25991654,0,-3.79639435,-2.00150084,0,-10.7730665,-2.00150084,0,-10.7730665,1,0,0,1,-1.21988654,0.959129,-3.580933,0,0,0,-1.20957708,0.959895968,-3.59719777,4.369513,-1.71759033,1.44398463,0.000622561143,-0.09323845,0.00222192379,-1.16647494,0.9694891,-3.4787488,7.861606,-1.95025635,0.111264981,0.397175372,-0.0569394454,0.0259449482,-1.2719692,0.996548533,-3.81264687,-11.8905334,-1.80252075,0.508875132,-1.03825283,-0.08478639,0.0354175568,-1.066965,1.02928162,-3.26850438,13.8006334,-1.87545776,0.0535905,0.675602,-0.04670942,-0.10075,-1.480279,1.0818727,-4.52317047,-7.87680054,-1.69827271,0.539037,-1.83924186,0.09510346,-0.08571887,-1.00624788,0.963154733,-3.13353848,-6.47079468,-1.780365,-4.291992,1.06314683,-0.05784518,-0.07154477,-1.67040813,1.04160821,-4.867147,-12.0802917,-1.59994507,-11.1531982,0.243123472,0.9103699,1.912004,0.254526615,2.89157248,2.51287079,3.8393352
282,5.63999800170068,1180,0,1,-1.25991654,0,-3.79639435,-1.56065881,0,-9.952072,-1.56065881,0,-9.952072,1,0,0,1,-1.22870338,0.946129441,-3.597353,0,0,0,-1.21394217,0.9471766,-3.611926,4.35177946,-1.8380127,1.47637022,-0.0194979757,-0.128506333,-0.000372276641,-1.1905973,0.9468368,-3.5607512,7.967285,-2.048523,0.000904162647,0.02448561,-0.09861152,0.014836072,-1.25269,0.9754758,-3.77296329,-13.0149231,-1.94656372,0.451686978,-0.70054996,-0.123438187,0.02319783,-1.118605,0.9853641,-3.47463655,14.1554165,-1.96630859,-0.105041504,0.3157853,-0.058559645,-0.136701673,-1.405649,1.0953989,-4.342236,-9.731384,-1.77029419,0.477762341,-1.048405,-0.07538079,-0.0716866851,-1.07092547,0.9617412,-3.416239,-6.0670166,-1.72546387,-4.025879,0.307270646,0.025390476,0.1745173,-1.533792,1.177393,-4.634945,-12.3001709,-1.49679565,-9.328003,-0.6161177,0.3817282,1.48961627,0.2520349,2.893537,2.505556,3.83586884
283,5.6599979946145123,1185,0,1,-1.25991654,0,-3.79639435,-0.0693619549,0,0.373327881,-0.0693619549,0,0.373327881,1,0,0,1,-1.25852931,0.7520137,-3.803861,0,0,0,-1.24587142,0.760145545,-3.76465821,4.012094,-1.89135742,1.47664928,-0.203231692,-0.0573889725,-0.0446937345,-1.23928964,0.752470434,-3.77095079,8.267645,-1.99508667,-0.07220459,0.0424826,0.009163588,0.0699279457,-1.24658275,0.7441785,-3.79962349,-13.12558,-1.93450928,0.383549184,0.174231052,0.006580867,0.05767914,-1.17947912,0.7978973,-3.64724684,14.4596186,-1.96154785,-0.205932617,0.333063126,0.0181286223,-0.06680465,-1.32268035,0.844480753,-4.138689,-11.6640015,-1.831543,0.394241542,-0.654254854,-0.0530001521,-0.0919725,-1.16251421,0.8501974,-3.64486361,-7.336731,-1.76223755,-4.75616455,-1.0362438,-0.07581684,-0.6867176,-1.42130971,1.044899,-4.461842,-13.9443054,-1.72006226,-7.868103,-1.64775753,0.130625,1.12578773,0.252445936,2.893344,2.50682831,3.83658123
284,5.6799979875283446,1191,0,1,-1.25991654,0,-3.79639435,-0.07721189,0,0.0187516287,-0.07721189,0,0.0187516287,1,0,0,1,-1.25837231,0.563031256,-3.79676938,0,0,0,-1.23962021,0.5681004,-3.71989155,3.62515378,-1.90905762,1.41914928,-0.320228547,-0.0300813653,-0.08227894,-1.26099825,0.555824041,-3.8164525,8.226456,-1.94281,-0.07296753,-0.237750635,0.007030215,0.08686784,-1.20704758,0.5266679,-3.6758728,-12.4627686,-1.90655518,0.323697,0.8003586,0.0171218514,0.0438457131,-1.23541749,0.610369861,-3.68244267,14.8068256,-1.91592407,-0.167449951,0.3033524,0.0104490425,0.0317986235,-1.22113562,0.564937532,-3.79292536,-13.1873779,-1.85534668,0.319518983,-0.1483419,-0.021462651,-0.0706375539,-1.23045337,0.740965962,-3.650215,-9.514709,-1.66390991,-5.703583,-1.95526588,-0.0618801,-0.849250436,-1.297781,0.734145343,-4.041164,-15.6567383,-1.817749,-6.69833374,-1.43956387,0.175744489,0.9174272,0.259418,2.89033556,2.52787018,3.84856653
285,5.699997980442177,1196,0,1,-1.25991654,0,-3.79639435,-0.1299799,0,-0.245607,0,0,0,0,0,0,1,-1.257317,0.3759777,-3.79148221,0,0,0,-1.23659873,0.38076964,-3.69718242,3.13097548,-1.92791748,1.33683276,-0.414891541,-0.0311551914,-0.106963694,-1.27951443,0.361284167,-3.85915256,7.903857,-1.901886,-0.0301513672,-0.5031504,-0.0006207675,0.107797563,-1.17459822,0.319398463,-3.57642,-11.2019348,-1.8890686,0.254747778,1.31037927,0.00739115477,0.04578364,-1.2743777,0.411407351,-3.76933932,14.9775963,-1.80703735,-0.07745361,0.148331314,0.0371450633,0.0525051169,-1.125981,0.304010719,-3.47997546,-13.8917236,-1.84783936,0.2405571,0.594146,-0.003192477,-0.05189535,-1.28315616,0.610265255,-3.7651968,-12.86264,-1.38137817,-5.589325,-3.017528,0.259114861,-0.03382659,-1.17087579,0.389492154,-3.601733,-16.6035767,-1.80758667,-5.73938,-0.685726762,0.231132984,0.7789557,0.2540264,2.89308453,2.51159286,3.83960485
286,5.7199979733560085,1202,0,1,-1.25991654,0,-3.79639435,-0.26603353,0,-0.600409746,0,0,0,0,0,0,1,-1.25459588,0.1951949,-3.78438616,0,0,0,-1.2334224,0.19755,-3.67957687,2.58151221,-1.94824219,1.24154878,-0.474130332,-0.03110777,-0.1207467,-1.30842245,0.171050042,-3.91868544,7.18765831,-1.87014771,0.07047691,-0.8699109,-0.0132549284,0.151973665,-1.14687,0.127506435,-3.48687387,-9.451263,-1.868866,0.1770559,1.74148273,0.009906794,0.05280775,-1.34185576,0.268659651,-3.7805717,15.2125149,-1.81268311,0.10323555,0.26788193,-0.06986023,0.169250563,-1.03523278,0.0607583933,-3.17877769,-13.7521362,-1.82681274,0.159220129,1.35124886,0.00615989044,-0.0333758,-1.31260455,0.709050834,-3.52976847,-11.8236694,-1.64880371,-7.256775,0.9283138,-0.5181652,-1.457371,-1.04227281,0.04978712,-3.17366529,-16.6405945,-1.76931763,-4.93652344,0.144605324,0.225554958,0.673023164,0.2523651,2.89367127,2.50658035,3.83666086
287,5.7399979662698408,1207,0,1,-1.25991654,0,-3.79639435,-0.37048474,0,-1.028562,0,0,0,0,0,0,1,-1.25250685,0.0241177883,-3.775823,0,0,0,-1.23151767,0.0242977832,-3.66738939,2.00505066,-1.96264648,1.14156008,-0.5043498,-0.0274087656,-0.126216978,-1.33692849,0.00199891068,-3.90276861,6.44674,-1.836853,0.338920444,-0.882536,-0.04868963,0.3069983,-1.124978,-0.0443545952,-3.41194963,-7.303772,-1.84738159,0.09976355,2.08410716,0.0040728543,0.06389153,-1.436975,0.124892451,-3.62956166,15.8254633,-2.28167725,0.509607136,0.565257549,-0.6212897,0.3381956,-0.952544034,-0.150457337,-2.89981079,-12.7476807,-1.79620361,0.07602277,2.07380772,0.009550186,-0.0146416426,-1.26367831,0.5616199,-3.29043555,-9.201355,-4.3366394,-13.03772,1.90900815,-2.38932514,-3.3120122,-0.918458045,-0.260983825,-2.76515079,-15.6982727,-1.72738647,-4.26205444,1.00120032,0.196615487,0.58751905,0.253003836,2.893746,2.50850677,3.838018
288,5.7599979591836732,1212,0,1,-1.25991654,0,-3.79639435,-0.428998649,0,-1.66077685,0,0,0,0,0,0,1,-1.25133657,-0.141790286,-3.76317883,0,0,0,-1.22806954,-0.141501456,-3.6577363,1.43162215,-1.99981689,1.03707767,-0.5066826,-0.05362298,-0.129922867,-1.36328447,-0.155626267,-3.82686758,6.012141,-1.866272,0.887583733,-0.6426333,-0.171432048,0.5420043,-1.10821807,-0.200799927,-3.35710216,-4.873047,-1.87631226,0.0326592252,2.31983018,-0.0429511219,0.07604468,-1.50746357,-0.0527819656,-3.47429323,16.6705379,-3.18804932,1.05116165,0.714413345,-1.02419472,0.416616142,-0.8815812,-0.32520476,-2.65710044,-10.8895569,-1.80340576,0.005269611,2.722312,-0.0254416913,0.0111253262,-1.178955,0.287300766,-3.170014,-7.524811,-8.083618,-23.526062,1.62748492,-3.71626854,-5.06787062,-0.804170132,-0.5264124,-2.38943958,-13.771637,-1.71411133,-3.68637085,1.83043063,0.1345788,0.5275055,0.26011157,2.89472914,2.529892,3.85324121
289,5.7799979520975056,1215,0,1,-1.25991654,0,-3.79639435,-0.588333845,0,-2.71995187,0,0,0,0,0,0,1,-1.24814987,-0.321702629,-3.74199533,0,0,0,-1.22470534,-0.3138664,-3.64528537,0.888782859,-2.072998,0.937946558,-0.482760578,-0.0882246643,-0.128084138,-1.27965176,-0.325619757,-3.73773861,6.207646,-1.95401,1.27569366,-0.207801118,-0.191890165,0.276184738,-1.09937847,-0.36294952,-3.31658816,-2.31643677,-1.95281982,-0.03201294,2.42653227,-0.0750226155,0.0907821655,-1.35203922,-0.4932375,-3.86315012,16.22972,-2.53823853,1.30689466,-0.6368885,0.6175067,0.1525653,-0.826866269,-0.473849773,-2.46456718,-8.257935,-1.867157,-0.0623474121,3.234663,-0.06889389,0.0243062973,-1.71207952,-1.41780448,-4.14105558,-6.886902,-4.47055054,-11.6543274,7.269268,2.08342838,2.45090127,-0.7037367,-0.740241647,-2.06707168,-10.9506531,-1.76321411,-3.196869,2.54866624,0.0473430566,0.472261727,0.260924578,2.896121,2.53225136,3.855891
290,5.7999979450113379,1221,0,1,-1.251963,0,-3.799025,-0.5258443,0,-4.08123875,0,0,0,0,0,0,1,-1.24144614,-0.5214666,-3.71740031,0,0,0,-1.22453952,-0.5154811,-3.6276927,0.395996779,-1.98922729,0.853682637,-0.445010543,-0.049046468,-0.118385,-1.29781616,-0.545327663,-3.899438,5.55348063,-1.73556519,1.34402335,-1.108433,0.0236489475,0.102503955,-1.09836757,-0.540990949,-3.285119,0.221659362,-1.83099365,-0.107971191,2.41306853,-0.004581541,0.0997828245,-1.46983373,-0.676302731,-4.32749462,14.455904,-1.50460815,1.55832672,-1.42793584,0.5677612,0.159688652,-0.7908341,-0.6214206,-2.330978,-4.994812,-1.77038574,-0.151855469,3.57087088,-0.0228849575,0.0190088749,-1.74322855,-1.05031991,-4.47265339,-3.309845,-1.968811,-9.117218,2.856287,1.86224961,2.68497276,-0.6287603,-0.9213919,-1.82015765,-7.45169067,-1.70095825,-2.80963135,3.08445024,0.0177293085,0.403455138,0.2456665,2.8989346,2.50270081,3.83766675
291,5.8199979379251694,1226,0,1,-1.251963,0,-3.799025,-0.820774138,0,-5.155315,0,0,0,0,0,0,1,-1.23554754,-0.7181186,-3.6959188,0,0,0,-1.2228384,-0.717961252,-3.61414719,-0.05456543,-1.9465332,0.7622792,-0.409267,0.0271937586,-0.10707815,-1.31375492,-0.7465892,-3.9576335,4.308013,-1.53707886,1.39877284,-1.46886182,0.107594423,0.04825318,-1.10056686,-0.7163896,-3.28779864,2.65421557,-1.7277832,-0.170562744,2.23383784,0.07526872,0.0602892637,-1.53698051,-0.856373,-4.55731249,12.2825556,-1.1847229,1.72240412,-1.86061788,0.223022252,0.08843577,-0.774161041,-0.750562966,-2.26265121,-1.20397949,-1.70446777,-0.2288208,3.78407669,0.0603018738,0.0349898338,-1.73633146,-1.03192544,-4.856234,-1.70285034,-1.35308838,-7.067688,0.966537833,0.562611341,1.76765478,-0.5860109,-1.0646497,-1.643793,-3.34680176,-1.68597412,-2.499054,3.56466722,0.05756376,0.361732125,0.253252745,2.90335822,2.525404,3.85633135
292,5.8399979308390018,1231,0,1,-1.24400413,0,-3.80163813,-0.702649653,0,-6.26793146,0,0,0,0,0,0,1,-1.22995114,-0.9140658,-3.67627954,0,0,0,-1.22295833,-0.914756238,-3.60206056,-0.461334229,-1.72479248,0.685160339,-0.371263117,0.08387711,-0.09419215,-1.32244813,-0.9386453,-3.97489762,2.79713,-1.20602417,1.43663132,-1.62586856,0.119787358,0.0265288353,-1.111004,-0.895616233,-3.307008,4.84551764,-1.44235229,-0.226654053,1.99116635,0.130815491,0.05582571,-1.55038226,-1.043553,-4.68409538,9.832969,-0.9264221,1.75338793,-2.10199356,0.130488068,-0.0136860609,-0.777938843,-0.8684402,-2.26320386,2.942629,-1.44018555,-0.2942505,3.81163836,0.128813073,0.043035984,-1.71499872,-1.13769031,-5.07189369,-1.42495728,-1.11151123,-5.545807,-0.03993851,0.179701269,1.23929811,-0.570483,-1.16362965,-1.55448687,1.23783958,-1.44137573,-2.24279785,3.89959526,0.124129467,0.333942652,0.241542816,2.899786,2.50655174,3.8405602
293,5.8599979237528341,1236,0,1,-1.24400413,0,-3.80163813,-0.936097264,0,-7.18489,0,0,0,0,0,0,1,-1.22528219,-1.109845,-3.65794039,0,0,0,-1.21981168,-1.1108222,-3.59243,-0.8249817,-1.57119751,0.5988544,-0.333763421,0.134652346,-0.08264813,-1.30886281,-1.12577569,-3.95672965,1.19628155,-0.9895325,1.437193,-1.56568873,0.144257441,-0.0515975952,-1.12441182,-1.08243012,-3.35277152,6.72897625,-1.23226929,-0.252685547,1.6216867,0.172652975,0.01641488,-1.52680743,-1.20834434,-4.70978165,7.30175734,-0.7885742,1.71030021,-2.17110443,0.140939131,-0.0692667961,-0.802564442,-0.9913367,-2.32931447,7.302808,-1.25421143,-0.312286377,3.70011687,0.16684249,0.0668926239,-1.67991018,-1.24323392,-5.13037443,-1.872345,-0.9850464,-4.37591553,-0.5831524,0.1620127,0.9340838,-0.5823781,-1.23967206,-1.55665088,6.11948729,-1.27120972,-1.99142456,4.07139158,0.1434031,0.324258924,0.243041992,2.90133524,2.51102257,3.84474325
294,5.8799979166666665,1241,0,1,-1.24400413,0,-3.80163813,-1.1790638,0,-8.022264,0,0,0,0,0,0,1,-1.22042286,-1.30479777,-3.641193,0,0,0,-1.22006834,-1.30609381,-3.58264661,-1.14614868,-1.37875366,0.53121233,-0.2973306,0.173250645,-0.0682450756,-1.294513,-1.31160021,-3.91718841,-0.295379639,-0.7728882,1.37192082,-1.40645266,0.163750455,-0.09209216,-1.14565456,-1.2758075,-3.40243721,8.20329,-0.9916687,-0.263427734,1.23670411,0.206699163,0.02227825,-1.478157,-1.35954165,-4.638,4.946782,-0.6248779,1.58592367,-2.01833129,0.163308829,-0.132784963,-0.8445358,-1.13139212,-2.45527434,11.665309,-1.03204346,-0.3104248,3.399787,0.19704622,0.06759691,-1.61354625,-1.34711874,-5.0450964,-2.687378,-0.7849121,-3.49240112,-0.8407029,0.207337871,0.694406152,-0.617532849,-1.31277585,-1.65787518,11.0891132,-1.05245972,-1.74996948,4.06628132,0.165650666,0.302203655,0.241760731,2.90647984,2.50713158,3.84600854
295,5.8999979095804989,1246,0,1,-1.24400413,0,-3.80163813,-1.40487611,0,-8.797149,0,0,0,0,0,0,1,-1.21590662,-1.49808526,-3.62569523,0,0,0,-1.21868956,-1.49983168,-3.574164,-1.42779541,-1.1506958,0.467233181,-0.263198018,0.209013224,-0.05742495,-1.27060008,-1.49817824,-3.85191274,-1.5453186,-0.544555664,1.25987852,-1.10502779,0.19062452,-0.137869656,-1.16818261,-1.47545576,-3.46491075,9.233985,-0.7250366,-0.2501831,0.792820156,0.23597075,0.0137920976,-1.41275513,-1.5152632,-4.482945,2.9348042,-0.444000244,1.41566157,-1.72322512,0.174646556,-0.164382279,-0.901092649,-1.295598,-2.62894535,15.860652,-0.7854309,-0.278869629,2.97237873,0.214259461,0.07453239,-1.52307522,-1.4730258,-4.842416,-3.63946533,-0.5758362,-2.8352356,-0.886715949,0.212716043,0.508884549,-0.676584661,-1.402069,-1.84564507,15.9483967,-0.813110352,-1.50967407,3.90024519,0.16639109,0.278308272,0.248850346,2.91558647,2.528265,3.86713
296,5.9199979024943312,1251,0,1,-1.24400413,0,-3.80163813,-1.63049161,0,-9.553246,0,0,0,0,0,0,1,-1.21139431,-1.68919039,-3.61057329,0,0,0,-1.216624,-1.69102168,-3.56617355,-1.67272949,-0.897460938,0.4068833,-0.230892181,0.235506028,-0.047106903,-1.240931,-1.68671715,-3.765326,-2.41412354,-0.3065796,1.11532044,-0.6955562,0.211088017,-0.172985286,-1.17362928,-1.66898859,-3.47514248,10.1377974,-0.4477234,-0.217834473,0.62934196,0.253602117,0.00597569346,-1.33255887,-1.68327653,-4.26011753,1.23225462,-0.253723145,1.21896708,-1.16089821,0.184462935,-0.177149266,-0.9659644,-1.50772107,-2.83496523,17.9465656,-0.517242432,-0.2255249,1.76642668,0.224540234,0.06473547,-1.41958416,-1.62902319,-4.564073,-4.61795044,-0.3713684,-2.35299683,-0.8393027,0.209145144,0.37203753,-0.823941052,-1.53018594,-2.32373714,19.2846737,-0.5554199,-1.26861572,2.42597771,0.168561935,0.235079646,0.2409985,2.906156,2.50485229,3.84423041
297,5.9399978954081627,1254,0,1,-1.24400413,0,-3.80163813,-1.87991929,0,-10.3609838,0,0,0,0,0,0,1,-1.20640576,-1.87735951,-3.59441853,0,0,0,-1.214052,-1.87913311,-3.55704761,-1.88015747,-0.6244812,0.351612777,-0.198302,0.256443352,-0.03656088,-1.20406353,-1.87725544,-3.65138245,-2.731598,-0.0538330078,0.9518744,-0.15298821,0.2310408,-0.194981843,-1.18905687,-1.86758411,-3.52029324,10.7676592,-0.1611023,-0.173583984,0.2775567,0.2681567,-0.007698506,-1.24559021,-1.86850286,-3.99958444,-0.4234314,-0.0532226563,1.00961423,-0.81292063,0.192286491,-0.182717025,-1.05551362,-1.75829959,-3.1239,19.1615887,-0.23324585,-0.158447266,1.04526043,0.233777836,0.05891311,-1.32211149,-1.80261981,-4.278015,-5.717804,-0.167205811,-2.003357,-0.895198,0.208103314,0.270294726,-0.978686,-1.76821756,-2.82570553,21.5891953,-0.278717041,-1.03585815,1.4812001,0.178630114,0.20116955,0.24874115,2.91844177,2.52791214,3.86904573
298,5.9599978883219951,1259,0,1,-1.24400413,0,-3.80163813,-2.14078522,0,-11.1968679,0,0,0,0,0,0,1,-1.20118845,-2.063798,-3.57770085,0,0,0,-1.20990419,-2.06520247,-3.547058,-2.05166626,-0.3510437,0.299635321,-0.1673131,0.258460969,-0.028186243,-1.16860485,-2.06810737,-3.54336023,-2.516571,0.193419933,0.785595059,0.344053119,0.228906468,-0.2064631,-1.21253252,-2.07208514,-3.59479737,10.9061546,0.113396347,-0.125640869,-0.221979022,0.2610981,-0.0252354965,-1.16077363,-2.05880475,-3.73381567,-1.65649414,0.155951962,0.804824531,-0.304078,0.192905515,-0.1744996,-1.15386117,-2.027079,-3.440136,19.5456753,0.047989063,-0.08999634,0.333659261,0.228247374,0.0495076329,-1.21843851,-2.00271463,-3.949841,-6.59005737,0.04772391,-1.75091553,-0.664541543,0.212429181,0.2020495,-1.12932813,-2.03337049,-3.312315,22.9467525,0.006623463,-0.817993164,0.6554057,0.182292685,0.169689536,0.241256237,2.90708756,2.50561333,3.84544683
299,5.9799978812358274,1265,0,1,-1.24400413,0,-3.80163813,-2.40336156,0,-12.0208788,0,0,0,0,0,0,1,-1.19593692,-2.24910021,-3.56122065,0,0,0,-1.20496666,-2.250107,-3.536662,-2.19146729,-0.0944519043,0.252137572,-0.139597341,0.243922561,-0.0210736133,-1.13718843,-2.25665021,-3.447233,-1.83612061,0.4188958,0.627261341,0.7688413,0.210198566,-0.206349254,-1.23759186,-2.27699018,-3.674064,10.4902239,0.3588702,-0.0845031738,-0.7373749,0.23689121,-0.04015243,-1.07912874,-2.25307322,-3.46945715,-2.36779785,0.358932823,0.6170541,0.257348835,0.182465166,-0.159138441,-1.2512176,-2.29987144,-3.749023,19.1487179,0.303522259,-0.03555298,-0.340051323,0.208361879,0.03599757,-1.11181712,-2.22467828,-3.600306,-7.072174,0.260504156,-1.563446,-0.281882972,0.205957055,0.15957278,-1.27436543,-2.30717826,-3.77862835,23.3809338,0.2717878,-0.63067627,-0.140005738,0.171050429,0.135526463,0.239775658,2.90459251,2.50120735,3.84059739
300,5.99999787414966,1269,0,1,-1.24400413,0,-3.80163813,-2.66277885,0,-12.8168039,0,0,0,0,0,0,1,-1.19074857,-2.43405223,-3.54530215,0,0,0,-1.19957829,-2.434629,-3.52601767,-2.30374146,0.133096814,0.209889427,-0.115306646,0.217685834,-0.0152458809,-1.11077368,-2.44173121,-3.3652513,-0.7689209,0.611081839,0.484994829,1.11269474,0.180134043,-0.1967994,-1.26061559,-2.4778235,-3.74608374,9.546864,0.5632064,-0.05709839,-1.20254254,0.200273648,-0.05063647,-1.00344479,-2.44512415,-3.2181983,-2.47631836,0.542320848,0.45461446,0.8340845,0.162260175,-0.1405477,-1.34230065,-2.56075454,-4.03240776,18.041048,0.516735256,-0.00466918945,-0.95369333,0.1773788,0.0214490891,-1.00603414,-2.45753455,-3.24944878,-7.021057,0.456457227,-1.41571045,0.21497564,0.18768324,0.133127481,-1.409157,-2.567743,-4.20747566,22.93474,0.493088543,-0.486541748,-0.884973466,0.147069708,0.101369023,0.242608309,2.91042423,2.509634,3.85067415
301,6.0199978670634922,1275,0,1,-1.24400413,0,-3.80163813,-2.91581273,0,-13.57854,0,0,0,0,0,0,1,-1.1856879,-2.6192832,-3.53006744,0,0,0,-1.19387639,-2.61949039,-3.51534224,-2.392395,0.322943419,0.172974527,-0.094704546,0.182899922,-0.0109619275,-1.09010816,-2.62328744,-3.299801,0.59434557,0.7605489,0.3641331,1.365051,0.141277581,-0.180600166,-1.27946913,-2.67179465,-3.80488873,8.15063,0.717166364,-0.04611206,-1.58378673,0.154274419,-0.05609989,-0.936681747,-2.63034487,-2.99188,-1.93548584,0.6940221,0.322315246,1.38720667,0.1328299,-0.121747971,-1.4226141,-2.79679585,-4.27649546,16.3236427,0.677117,0.0005067446,-1.48008537,0.137469292,0.009065747,-0.9053309,-2.69038868,-2.9153676,-6.341919,0.6229101,-1.289093,0.77930963,0.158604875,0.116009742,-1.52824831,-2.79540181,-4.57986259,21.685688,0.657386065,-0.3892517,-1.55245054,0.11374034,0.07216692,0.239705086,2.90453219,2.50099564,3.84040952
302,6.0399978599773236,1281,0,1,-1.24400413,0,-3.80163813,-3.15948844,0,-14.3017111,0,0,0,0,0,0,1,-1.18081439,-2.80517077,-3.515604,0,0,0,-1.1879456,-2.80509472,-3.504754,-2.461853,0.468425274,0.140867218,-0.0772596747,0.141399622,-0.008242324,-1.075803,-2.80222058,-3.25256944,2.152056,0.859505236,0.2661794,1.51864815,0.09533648,-0.159553051,-1.29259825,-2.85786915,-3.84644413,6.40438747,0.8139951,-0.0500793457,-1.85945058,0.101351008,-0.0558344126,-0.8818084,-2.805537,-2.80108,-0.7418823,0.803145647,0.219910443,1.8805176,0.09468404,-0.105203629,-1.48788738,-3.001167,-4.469294,14.1246252,0.7788099,-0.0158081055,-1.89560318,0.09031297,0.001170516,-0.814081132,-2.91259122,-2.614388,-4.99282837,0.748642564,-1.17254639,1.36280036,0.119422019,0.102400661,-1.62571788,-2.979586,-4.87793541,19.7406464,0.7598076,-0.333465576,-2.1181314,0.07324545,0.0512295961,0.2468636,2.92155933,2.52229881,3.86761451
303,6.059997852891156,1285,0,1,-1.24400413,0,-3.80163813,-3.39107656,0,-14.9826822,0,0,0,0,0,0,1,-1.17618263,-2.99176168,-3.5019846,0,0,0,-1.181872,-2.99153423,-3.494328,-2.51477051,0.56444484,0.1133847,-0.0628689,0.0946452,-0.00699964,-1.068116,-2.98011112,-3.22470212,3.798438,0.9022967,0.189631984,1.56933069,0.0440703072,-0.13589406,-1.29889452,-3.03671384,-3.867877,4.428174,0.849867761,-0.0642395,-2.01618552,0.0442219824,-0.0492050648,-0.8415098,-2.96993256,-2.65464616,1.06803167,0.860832155,0.143830359,2.283307,0.0491174273,-0.0920773745,-1.53417325,-3.17416787,-4.6008625,11.5916328,0.819642842,-0.04486084,-2.18332076,0.0383014753,-0.001259923,-0.736798942,-3.115871,-2.36070967,-2.98220825,0.8237706,-1.06100464,1.92024636,0.0710407048,0.0890320539,-1.69575167,-3.120852,-5.08628654,17.2298584,0.800649166,-0.30758667,-2.55936,0.02776915,0.0401711464,0.24189353,2.910168,2.50750732,3.84904957
304,6.0799978458049884,1291,0,1,-1.24400413,0,-3.80163813,-3.60897326,0,-15.619916,0,0,0,0,0,0,1,-1.17182469,-3.17880726,-3.48924,0,0,0,-1.17579758,-3.178516,-3.484294,-2.55511475,0.6080424,0.08998774,-0.0514165238,0.0446088836,-0.0071329847,-1.06704056,-3.15880919,-3.21599126,5.42802238,0.88700676,0.130104125,1.51957369,-0.009616468,-0.110618234,-1.29777575,-3.21042752,-3.86763,2.34972787,0.82476753,-0.08169556,-2.04927158,-0.0134612992,-0.0361886024,-0.817892,-3.12538528,-2.55888343,3.41898346,0.8623139,0.0867769942,2.57063723,-0.0004704371,-0.08315742,-1.558399,-3.322127,-4.664195,8.88411,0.8010765,-0.07644653,-2.33330226,-0.0149002969,0.00168061256,-0.6778237,-3.295803,-2.16641283,-0.3659668,0.8423841,-0.955474854,2.41089559,0.0167203136,0.0731294155,-1.73350155,-3.22957087,-5.19382763,14.3039856,0.7838778,-0.297698975,-2.856607,-0.01933746,0.03797877,0.241293669,2.90895033,2.505724,3.84692955
305,6.0999978387188207,1296,0,1,-1.24400413,0,-3.80163813,-3.81262445,0,-16.2139721,0,0,0,0,0,0,1,-1.16775167,-3.36581874,-3.47735882,0,0,0,-1.1698333,-3.36556721,-3.47456384,-2.5854187,0.5989074,0.0703260154,-0.04245802,-0.00613101572,-0.008384958,-1.07207561,-3.33995342,-3.22534585,6.942375,0.815891266,0.0821719,1.37636828,-0.0623834,-0.08514935,-1.28914762,-3.38188982,-3.84559417,0.296282977,0.7425718,-0.09527588,-1.96175528,-0.0676424652,-0.0180957317,-0.8121726,-3.276075,-2.517279,6.20395851,0.807214439,0.040358007,2.725194,-0.0497851074,-0.07774186,-1.55879009,-3.45569682,-4.65617561,6.16416025,0.7277133,-0.100830078,-2.34276533,-0.06524914,0.008899927,-0.6410976,-3.452751,-2.0404315,2.759879,0.80241996,-0.8606262,2.802731,-0.039046444,0.0549459457,-1.7361778,-3.3231883,-5.19566774,11.1284418,0.7156863,-0.2906189,-2.996449,-0.064445585,0.0421915054,0.24294591,2.91401815,2.510643,3.85406971
306,6.1199978316326531,1300,0,1,-1.24400413,0,-3.80163813,-4.00314474,0,-16.7693443,0,0,0,0,0,0,1,-1.16394126,-3.55219841,-3.46625137,0,0,0,-1.16412592,-3.55206561,-3.46518445,-2.60821533,0.539820135,0.0539931245,-0.0355619229,-0.05448076,-0.0104013039,-1.082337,-3.52459455,-3.25066471,8.253924,0.6953711,0.040468663,1.15156186,-0.1107587,-0.0606687069,-1.273503,-3.55401587,-3.80295658,-1.61157227,0.610736668,-0.09945679,-1.76316249,-0.114586167,0.00313174725,-0.824453056,-3.427786,-2.5298326,9.290531,0.699829161,-0.00323486328,2.739328,-0.0942819044,-0.0740385056,-1.5352515,-3.586976,-4.57849,3.58869457,0.6067876,-0.110992432,-2.21695375,-0.108893462,0.0179035664,-0.629573345,-3.59181762,-1.988387,6.266797,0.7069385,-0.7825928,3.072341,-0.09081863,0.0360014439,-1.70366263,-3.42170954,-5.094204,7.87905359,0.603694737,-0.276153564,-2.97084618,-0.10401585,0.04972744,0.240419626,2.9068985,2.50312424,3.84363
307,6.1399978245464846,1305,0,1,-1.24400413,0,-3.80163813,-4.1830554,0,-17.2926617,0,0,0,0,0,0,1,-1.160343,-3.73737073,-3.455785,0,0,0,-1.15877581,-3.73735857,-3.456017,-2.62490845,0.4368272,0.0408635736,-0.0304574557,-0.09743622,-0.0128963692,-1.09674215,-3.712909,-3.28881717,9.289784,0.5350851,0.0009193387,0.8619925,-0.151623175,-0.03727597,-1.25180006,-3.72911358,-3.74210668,-3.26608276,0.4394317,-0.0916748047,-1.46831977,-0.15142794,0.0250527263,-0.853669167,-3.586741,-2.59332538,12.5310993,0.548205853,-0.0492248535,2.61304426,-0.130464,-0.0703388453,-1.48945737,-3.72694683,-4.437043,1.30164552,0.447642058,-0.104248047,-1.96728849,-0.1432041,0.0260586739,-0.644612551,-3.72184658,-2.0120182,10.0054464,0.563376069,-0.7258606,3.20642567,-0.134088755,0.0189801455,-1.63863027,-3.54334188,-4.89923429,4.73445,0.456418,-0.248931885,-2.78174829,-0.135650247,0.0563695431,0.242222071,2.91286325,2.50849152,3.85174942
308,6.1599978174603169,1311,0,1,-1.24400413,0,-3.80163813,-4.35545,0,-17.79384,0,0,0,0,0,0,1,-1.15689516,-3.920924,-3.44576144,0,0,0,-1.15382648,-3.92101836,-3.447023,-2.637329,0.298323035,0.030269634,-0.0263589248,-0.132443413,-0.0155636007,-1.11402786,-3.90429521,-3.33677387,9.995043,0.346195579,-0.0380859375,0.5241153,-0.182918161,-0.015992254,-1.22576773,-3.90834379,-3.66797924,-4.57614136,0.2402494,-0.0725097656,-1.10454834,-0.176698744,0.0448554158,-0.8976829,-3.75826144,-2.70169973,15.7718363,0.362279654,-0.09918213,2.35586858,-0.156897947,-0.0644364357,-1.42391586,-3.88151288,-4.239516,-0.5726929,0.260514736,-0.08218384,-1.395617,-0.167560667,0.02916956,-0.685681939,-3.85344529,-2.108332,13.814662,0.381161,-0.691741943,3.201251,-0.166658074,0.00731599331,-1.54619026,-3.70044971,-4.625873,1.86753428,0.281938553,-0.208557129,-2.43857718,-0.158545434,0.0596255064,0.239920139,2.90552187,2.50163651,3.84158874
309,6.1799978103741493,1317,0,1,-1.24400413,0,-3.80163813,-4.530718,0,-18.3052368,0,0,0,0,0,0,1,-1.15338981,-4.10256052,-3.43553352,0,0,0,-1.14909267,-4.10261536,-3.43802285,-2.645874,0.132843018,0.021565076,-0.0226294976,-0.159958184,-0.0184616446,-1.11965668,-4.090163,-3.351418,10.5624561,0.137511775,-0.07623291,0.36435616,-0.206743792,0.00194650888,-1.19329524,-4.092364,-3.574242,-5.42099,0.02106172,-0.0446167,-0.6394473,-0.195021138,0.06156978,-0.9529022,-3.9596982,-2.844751,17.6702232,0.154271141,-0.1487732,1.40262413,-0.174474448,-0.0499919057,-1.343113,-4.058001,-3.99840975,-2.2364502,0.05431352,-0.0489807129,-0.85990113,-0.1841378,0.0306979418,-0.798310637,-3.998715,-2.414381,16.6978226,0.1718263,-0.6756592,2.27018881,-0.188564971,0.0106617212,-1.4427433,-3.88829184,-4.3223877,-0.732025146,0.08848374,-0.15826416,-2.1345818,-0.173713833,0.0593861341,0.246323347,2.92838144,2.52071571,3.871705
310,6.1999978032879817,1321,0,1,-1.24400413,0,-3.80163813,-4.7304945,0,-18.8925571,0,0,0,0,0,0,1,-1.14939427,-4.28190756,-3.423787,0,0,0,-1.14410639,-4.281878,-3.4277966,-2.647705,-0.0539855957,0.0141257131,-0.0169772636,-0.181866556,-0.0214046948,-1.13034821,-4.277819,-3.38119626,10.9499369,-0.08673096,-0.111907959,0.11714983,-0.225080073,0.0205447376,-1.15379894,-4.280658,-3.45836687,-5.66159058,-0.21270752,-0.0131530762,-0.06644942,-0.207576081,0.0746513158,-1.0289377,-4.187691,-3.05189872,18.6819382,-0.069732666,-0.194915771,0.8618344,-0.187492281,-0.0389155746,-1.25691175,-4.25214529,-3.742036,-3.873993,-0.168151855,-0.0103149414,-0.660543263,-0.196503177,0.0318857431,-0.9361012,-4.21111774,-2.79851151,18.6962967,-0.05340576,-0.670105,1.42484212,-0.201822564,0.0162745714,-1.3446151,-4.088565,-4.03784561,-3.16412354,-0.122283936,-0.102874756,-1.95842135,-0.186546281,0.0556894541,0.241719246,2.912374,2.506998,3.85037518
311,6.219997796201814,1327,0,1,-1.24400413,0,-3.80163813,-4.95383358,0,-19.5449314,0,0,0,0,0,0,1,-1.1449275,-4.459691,-3.41073966,0,0,0,-1.139482,-4.4594326,-3.4161768,-2.64199829,-0.2477417,0.008803856,-0.0103383344,-0.189693734,-0.0232027788,-1.15016866,-4.47014046,-3.43713784,10.9739466,-0.309021,-0.142089844,-0.269535124,-0.225744575,0.040024668,-1.12046289,-4.46786833,-3.35680485,-5.3706665,-0.441802979,0.0145063428,0.414327323,-0.202843755,0.08399614,-1.116662,-4.43134451,-3.298281,19.0226917,-0.294586182,-0.232513428,0.289205551,-0.18823263,-0.0266561061,-1.17270446,-4.44868565,-3.49188256,-5.02209473,-0.391723633,0.02346008,-0.178142786,-0.1952321,0.02543199,-1.07236052,-4.449533,-3.1834538,19.94294,-0.282592773,-0.6666565,0.743947148,-0.204656318,0.0232060552,-1.23331571,-4.314692,-3.715279,-5.09573364,-0.33996582,-0.0509643555,-1.502289,-0.18947427,0.04302478,0.240821838,2.909257,2.50432587,3.84622145
312,6.2399977891156464,1332,0,1,-1.24400413,0,-3.80163813,-5.182626,0,-20.2150421,0,0,0,0,0,0,1,-1.14035165,-4.63644028,-3.39733744,0,0,0,-1.13511038,-4.635936,-3.40382767,-2.62963867,-0.4352417,0.00471816165,-0.00469494844,-0.184639454,-0.0243773162,-1.17248738,-4.66316128,-3.50179577,10.5507469,-0.514984131,-0.161346436,-0.6964062,-0.2117899,0.0563946366,-1.09164369,-4.65183258,-3.267058,-4.63015747,-0.650939941,0.0334805921,0.8222554,-0.185387075,0.08747807,-1.20461249,-4.67922926,-3.551372,18.7120342,-0.503417969,-0.253540039,-0.271530837,-0.177568123,-0.0129639655,-1.08946872,-4.648086,-3.24355459,-5.6456604,-0.6001587,0.0447491,0.3613912,-0.181352928,0.0163437128,-1.20531726,-4.694839,-3.56455564,20.44268,-0.497314453,-0.6539612,0.08193195,-0.19467333,0.0333294645,-1.11826575,-4.559416,-3.37762523,-6.444092,-0.548553467,-0.0119018555,-0.9526974,-0.180243343,0.0257114172,0.24299264,2.91831684,2.51079559,3.857423
313,6.2599977820294779,1335,0,1,-1.24400413,0,-3.80163813,-5.40958834,0,-20.8824368,-5.40958834,0,-20.8824368,1,0,0,1,-1.1358124,-4.81279564,-3.38398957,0,0,0,-1.131046,-4.812045,-3.39118528,-2.61239624,-0.605499268,0.00133897632,-0.0003616088,-0.169110715,-0.0247458443,-1.19357145,-4.853344,-3.56420779,9.679369,-0.6928406,-0.1661377,-1.101345,-0.185637116,0.06843233,-1.066859,-4.83157158,-3.18854737,-3.50750732,-0.828186035,0.039879933,1.16300857,-0.158146575,0.08571285,-1.28661633,-4.91978836,-3.79362655,17.7901058,-0.6826782,-0.25289917,-0.7984612,-0.156627849,0.000417351723,-1.01018476,-4.843811,-3.00511384,-5.683777,-0.7803345,0.0488393344,0.9162447,-0.1568421,0.007266879,-1.32988274,-4.932182,-3.927976,20.2088966,-0.6810608,-0.6227417,-0.555602133,-0.172980577,0.04501775,-1.00583613,-4.81057453,-3.0405736,-7.11322,-0.733428955,0.007687179,-0.334690869,-0.159864545,0.008604512,0.240093231,2.906626,2.5021553,3.84277248
314,6.27999777494331,1339,0,1,-1.24400413,0,-3.80163813,-0.23074159,0,-0.6884816,-0.23074159,0,-0.6884816,1,0,0,1,-1.2393893,3.81469727E-06,-3.7878685,0,0,0,-1.23478818,-4.98846436,-3.79336548,-2.60440063,-0.7500305,-0.00219726563,-0.007518169,-0.145200178,-0.024789976,-1.319133,-5.0380125,-4.033645,8.415206,-0.83303833,-0.154663086,-1.44185483,-0.149850532,0.0758301,-1.15412688,-5.006886,-3.53852272,-2.0668335,-0.964660645,0.032618057,1.43706024,-0.123616904,0.08055818,-1.46477973,-5.1413846,-4.422646,16.3393879,-0.8223877,-0.228881836,-1.25552738,-0.126918137,0.01207149,-1.04440784,-5.03132,-3.19600749,-5.082489,-0.922149658,0.0354234129,1.46577775,-0.123772606,0.00144040585,-1.54588127,-5.145577,-4.66478872,19.2992668,-0.82232666,-0.567993164,-1.1312443,-0.141907752,0.0558597445,-1.00652409,-5.05884457,-3.12521958,-7.03704834,-0.8832092,0.00584735,0.326983482,-0.130452693,-0.00421763957,0.249995232,2.94638014,2.53247833,3.893212
315,6.2999977678571426,1342,0,1,-1.24400413,0,-3.80163813,-0.23074159,0,-0.6884816,-0.23074159,0,-0.6884816,1,0,0,1,-1.0441401,-1.49011612E-07,-3.21033955,-2.24048257,1.57398754E-05,0.726601958,-1.05588877,-0.321614742,-3.20696926,-4.51229858,-0.7565613,0.07006203,-1.75421143,-0.00133005343,0.0357723236,-1.0593195,-0.260203362,-3.22769618,2.96713924,-0.8176575,-0.133544922,-4.65041256,-0.008537091,0.0319077969,-0.9731963,-0.1851244,-2.96434069,-6.99691772,-0.934082031,0.08231409,-3.22478628,0.031372048,0.029638052,-1.545694,-0.528764248,-4.68647146,9.17608452,-0.936859131,-0.135314941,-6.53813744,-0.0601424724,-0.00370574,-0.9928938,-0.194092274,-3.07081652,-7.005554,-0.9461975,0.00524688326,-1.32796,-0.00539847463,-0.04268235,-2.07271886,-0.5666127,-6.02912951,-0.552001953,-1.31723022,0.5858558,-5.393155,0.743885338,-3.2066133,-0.7258315,-2.98035884,-2.32875133,20.77163,-0.710296631,0.438566148,23.3367558,0.1487115,0.7474804,0.240644932,2.90523624,2.50401878,3.84297
316,6.319997760770975,1345,0,1,-1.24400413,0,-3.80163813,-0.23074159,0,-0.6884816,-0.23074159,0,-0.6884816,1,0,0,1,-1.01798236,-0.143483073,-3.1316154,-2.40067434,6.839499E-05,0.780001,-1.0956161,-0.158831686,-3.38374281,-4.78469849,-0.723114,0.07370095,-0.127032131,0.0124947689,-0.0321607962,-1.07670653,-0.3780565,-3.26708627,-3.69473267,-0.789032,0.0185405668,-5.7396965,0.028173238,0.0582926273,-0.848431945,-0.309275955,-2.62815213,-9.91842651,-0.891387939,0.0669395,-2.33053732,0.0444057621,-0.04329431,-1.53233314,-0.460037768,-4.551572,1.4308095,-0.870727539,0.103904471,-6.679133,0.0278407782,0.0826149,-0.7502773,-0.05044043,-2.32252121,-9.004944,-0.7352905,0.0321491249,-1.26139152,0.09506968,-0.0128219724,-1.82040071,-0.000152587891,-5.37120962,-5.2232666,-1.28872681,1.16781831,-3.379406,0.03695949,0.6597769,-0.9258997,0.3380084,-3.05888772,-1.73382568,-0.736084,-0.07156372,-5.362543,-0.7341373,-6.0749073,0.243482828,2.90563965,2.51284027,3.84920669
317,6.3399977536848073,1351,0,1,-1.24400413,0,-3.80163813,-0.23074159,0,-0.6884816,-0.23074159,0,-0.6884816,1,0,0,1,-1.01104581,-0.270547658,-3.10995317,-2.400038,0.000149259926,0.780485332,-1.09565508,-0.4439581,-3.37247276,-4.91912842,-0.7189636,0.03309723,-0.06875866,-0.0103961956,-0.050184153,-1.069761,-0.4427138,-3.23672628,-10.1956482,-0.8122864,0.197985977,-5.660672,-0.00095897913,0.07522082,-0.7954225,-0.432500541,-2.49007273,-11.8174438,-0.8781128,0.0302146021,-1.68290687,0.00153764337,-0.07030809,-1.44098628,-0.407305837,-4.322634,-5.08618164,-0.850708,0.251111239,-5.61898327,0.0128702968,0.03610277,-0.739949,-0.411361516,-2.43003654,-12.32373,-0.868103,-0.0229492188,-2.9598763,-0.0256697088,-0.102808118,-1.61560988,0.0157677233,-4.82491732,-7.90805054,-1.14007568,2.07228684,-2.46817684,0.115119115,0.465836167,-0.814753354,-0.003764674,-2.645115,-7.340088,-0.6489258,0.7411241,-3.045033,-0.07382795,-0.475319326,0.243476152,2.90735579,2.513176,3.850721
318,6.3599977465986388,1356,0,1,-1.24400413,0,-3.80163813,-0.23074159,0,-0.6884816,-0.23074159,0,-0.6884816,1,0,0,1,-1.0044055,-0.38662073,-3.08793235,-2.43067956,0.0001998109,0.7907905,-1.09808409,-0.6333762,-3.36149335,-4.51647949,-0.722167969,-0.00317382813,0.3403604,-0.0109697431,-0.026592046,-1.03236759,-0.502165,-3.11906624,-16.2427368,-0.808441162,0.361889273,-5.246945,0.04255429,0.06928325,-0.771739542,-0.525511265,-2.44257379,-13.6743164,-0.856872559,-0.0698852539,-1.62452292,0.005699374,-0.115375042,-1.37737346,-0.41131556,-4.02097,-11.0348206,-0.755126953,0.4286764,-5.15925026,0.11834529,0.105172634,-0.688197732,-0.454562634,-2.30008364,-15.5753479,-0.7998352,-0.129089355,-2.6786747,0.0259074047,-0.1172359,-1.55850673,0.0314261168,-4.46270657,-12.5020447,-0.9206848,0.4437092,-3.815325,-0.134134382,-1.08032334,-0.723765969,-0.03561665,-2.36873746,-10.5457458,-0.521789551,1.389699,-2.58184767,0.09338492,0.1937443,0.245119572,2.90694332,2.51844788,3.8539567
319,6.3799977395124712,1360,0,1,-1.24400413,0,-3.80163813,-0.23074159,0,-0.6884816,-0.23074159,0,-0.6884816,1,0,0,1,-1.00130975,-0.5024035,-3.07905436,-2.44661975,0.000118676457,0.795568,-1.09037817,-0.776766062,-3.34316278,-4.14141846,-0.7262573,-0.0242614746,0.301393121,-0.009623488,-0.0164386481,-1.0149678,-0.57055,-3.03506184,-21.886261,-0.804626465,0.571431458,-4.932724,0.0495318472,0.114946365,-0.7441269,-0.6161942,-2.36173177,-15.1182251,-0.8123169,-0.193267822,-1.30303466,0.0183220021,-0.126722872,-1.30686915,-0.468898863,-3.81691,-16.6337585,-0.7319641,0.6367871,-4.828769,0.0447475,0.08098459,-0.6237353,-0.533147752,-2.11606884,-18.4880676,-0.7105408,-0.256164551,-2.3792417,0.0411535949,-0.132386088,-1.39416838,-0.23770766,-4.02667236,-10.2250366,-0.688110352,1.48881876,-0.428973019,0.137315214,0.276264668,-0.6442814,-0.05316879,-2.13575816,-13.1896973,-0.3118286,2.22814965,-2.58811188,0.151433736,0.2946806,0.2426076,2.905281,2.51112747,3.84776258
320,6.3999977324263035,1363,0,1,-1.24400413,0,-3.80163813,-0.23074159,0,-0.6884816,-0.23074159,0,-0.6884816,1,0,0,1,-1.00093687,-0.611415148,-3.07856464,-2.43040633,8.425338E-05,0.790159166,-1.08196616,-0.900025964,-3.321466,-3.979004,-0.733581543,-0.0362548828,0.11319831,-0.009289489,-0.0112078711,-0.9722783,-0.645565569,-2.92603016,-26.8644714,-0.8300476,0.7541514,-4.349995,0.03202623,0.0875256062,-0.7131029,-0.6926899,-2.27043939,-16.0541382,-0.7478943,-0.335845947,-0.815262139,0.02905827,-0.136363462,-1.19858265,-0.484134644,-3.54272485,-21.687439,-0.6765747,0.7537227,-4.380318,0.07276133,0.03653097,-0.5468171,-0.5958934,-1.89348412,-21.157959,-0.582366943,-0.4194641,-2.03082681,0.0607313067,-0.151211262,-1.37505794,-0.0621031523,-3.925479,-15.1816406,-0.354400635,2.78355384,-3.53286266,-0.103842452,-0.4382583,-0.5640817,-0.06749517,-1.88421345,-15.6460876,0.0005487665,3.161237,-2.72396374,0.161865845,0.2197932,0.238772154,2.90186024,2.49973869,3.837512
321,6.4199977253401359,1368,0,1,-1.24400413,0,-3.80163813,-0.23074159,0,-0.6884816,-0.23074159,0,-0.6884816,1,0,0,1,-0.9994405,-0.7007571,-3.07454252,-2.41541,-0.00035247195,0.7838375,-1.072724,-0.999555,-3.29554272,-3.97213745,-0.740875244,-0.0441589355,0.0114194453,-0.007840682,-0.008560576,-0.957891166,-0.7028631,-2.896012,-31.6178284,-0.8309326,0.8939225,-4.187403,0.0533586144,0.04970646,-0.676354468,-0.742663264,-2.163389,-16.2883,-0.6630554,-0.5057678,-0.242479876,0.04071184,-0.152364567,-1.16562343,-0.544950962,-3.434145,-26.4931641,-0.6025696,0.8515041,-4.14138937,0.107722133,0.0352571,-0.455929518,-0.630676866,-1.626389,-23.5397034,-0.4039917,-0.6238098,-1.67558813,0.08822715,-0.17261368,-1.3101064,-0.0602904558,-3.70140314,-18.1788025,0.01063715,3.524585,-3.07849455,0.008786231,-0.197078347,-0.474965334,-0.07950665,-1.58220243,-18.0110779,0.430894881,4.13485336,-2.94278264,0.134848416,0.071354866,0.2351389,2.89722633,2.48886871,3.826706
322,6.4399977182539683,1372,0,1,-1.24400413,0,-3.80163813,-0.23074159,0,-0.6884816,-0.23074159,0,-0.6884816,1,0,0,1,-0.9968293,-0.7678244,-3.06735826,-2.40668774,-0.00114151742,0.778776,-1.06431937,-1.07702363,-3.27098417,-3.991272,-0.7473755,-0.0524902344,-0.01855743,-0.006053963,-0.007926978,-0.9539687,-0.736176252,-2.8744123,-36.33075,-0.805542,1.02346992,-4.116836,0.08049992,0.04457593,-0.626605451,-0.7516477,-2.01538038,-15.6831055,-0.5556946,-0.7003174,0.517513931,0.0563423932,-0.168083072,-1.15830886,-0.561448,-3.37810516,-31.155426,-0.4801941,0.938376665,-4.05245972,0.142843723,0.0297942162,-0.3446804,-0.610190332,-1.287707,-25.5969238,-0.166046143,-0.868682861,-1.26213241,0.12559019,-0.191953778,-1.299238,-0.07033041,-3.61915135,-20.707489,0.4665937,4.238727,-3.14576125,-0.00640419126,-0.245786071,-0.368383616,-0.0884229243,-1.20193315,-20.3400269,0.9886114,5.09133244,-3.24153066,0.0616462231,-0.133304,0.221718073,2.88726044,2.448124,3.79193115
323,6.4599977111678,1376,0,1,-1.24400413,0,-3.80163813,-0.23074159,0,-0.6884816,-0.23074159,0,-0.6884816,1,0,0,1,-0.9938417,-0.799375236,-3.058428,-2.40819168,-0.00402764371,0.7722827,-1.05717564,-1.12048674,-3.24919033,-4.018402,-0.7535095,-0.06460571,-0.0302474,-0.004608058,-0.0106823817,-0.962935746,-0.729629159,-2.88006783,-41.1532,-0.749359131,1.15453756,-4.2237463,0.112925231,0.0440247059,-0.5472998,-0.6860554,-1.7657088,-13.6313477,-0.425994873,-0.9168701,1.80996776,0.07778555,-0.176471233,-1.190881,-0.5635518,-3.42355084,-35.9862061,-0.291259766,1.01009786,-4.17685175,0.186842769,0.0341897,-0.212129086,-0.227812827,-0.7972779,-27.490387,0.134668827,-0.96383667,-1.57720816,0.234908924,-0.108269632,-1.34941566,-0.07580304,-3.6856935,-23.1553955,1.02590442,4.896345,-3.38037038,-0.0985299349,-0.4258865,-0.2420867,-0.06421834,-0.6823062,-22.9668579,1.5788877,5.3710165,-3.84320164,-0.3170523,-0.807291269,0.21720314,2.87828255,2.43405914,3.77575564
324,6.4799977040816321,1381,0,1,-1.24400413,0,-3.80163813,-0.23074159,0,-0.6884816,-0.23074159,0,-0.6884816,1,0,0,1,-0.993819535,-0.805216968,-3.0596416,-2.397935,-0.00527132675,0.766177058,-1.052858,-1.132735,-3.23657417,-4.003784,-0.759460449,-0.07687378,-0.001871634,-0.003362144,-0.008697791,-0.923214436,-0.7410477,-2.71940637,-44.9897156,-0.754455566,1.3649199,-3.351922,0.118005782,0.113167763,-0.3939188,-0.472011745,-1.25995028,-8.239716,-0.288818359,-1.09072876,4.61627531,0.09506011,-0.121152639,-1.23739016,-0.150883436,-3.49512172,-41.7984924,-0.07977295,0.888828039,-5.00845432,0.128160238,-0.108366013,-0.009277195,-0.0478439927,-0.09678006,-31.59555,0.608215,-1.22561646,-3.31582975,0.3384746,-0.166570425,-1.46856439,-0.04279764,-3.89426422,-25.88675,1.59332359,4.90468025,-3.939566,-0.4771219,-0.9849242,-0.108543396,-0.0485354662,-0.104006767,-25.6045227,2.36717367,5.181862,-3.74090576,-0.09942672,-1.17176425,0.195402145,2.85797262,2.367157,3.71613
325,6.4999976969954645,1385,0,1,-1.24400413,0,-3.80163813,-0.23074159,0,-0.6884816,-0.23074159,0,-0.6884816,1,0,0,1,-0.9960975,-0.833586037,-3.0706718,-2.35332,0.005900714,0.772765756,-1.04997325,-1.151259,-3.23594,-3.97079468,-0.7675171,-0.06915283,0.01088798,-0.00125392061,0.009483919,-0.7494433,-0.919525564,-2.131366,-44.9879456,-0.7604675,1.68878293,-0.004160024,0.229958236,0.181028128,-0.265230477,-0.0868693,-0.8461767,0.652775764,-0.133544922,-1.144928,7.3955636,0.126155615,-0.0305933952,-1.17816341,-0.206335232,-3.15935445,-56.0420837,-0.128509521,1.01035762,-11.80324,0.0280046463,-0.0227808952,0.130302891,0.5633354,0.446741462,-38.2813721,1.21730244,-1.58724976,-5.15692568,0.397599071,-0.08129263,-1.75527561,0.0689080954,-4.464498,-28.9123535,2.10223317,4.448425,-4.34917831,-1.13915086,-1.86804748,-0.08298487,0.00190274417,0.0608143732,-28.8432922,2.79045963,4.47348452,-4.12967825,-0.9373524,-1.66193032,0.1801014,2.837522,2.32095718,3.67026019
326,6.5199976899092968,1390,0,1,-1.24400413,0,-3.80163813,-0.23074159,0,-0.6884816,-0.23074159,0,-0.6884816,1,0,0,1,-0.987647057,-0.949534357,-3.04771924,-2.37018037,0.0154415537,0.7946647,-1.038033,-1.25452876,-3.19638681,-4.00408936,-0.7722473,-0.0395813,-0.0392043144,0.00565721467,0.0260488354,-0.729131043,-1.00838,-2.011886,-44.13968,-0.105773926,1.68607676,0.41121012,0.5568234,0.00719097257,-0.284686983,0.2589459,-0.872746646,10.3567038,-0.01586914,-1.021698,8.0955,0.0751948357,0.0857405663,-1.310908,-0.47155565,-3.24902439,-77.71878,-0.0270385742,1.3660208,-14.1143942,0.343721151,0.028424263,0.06801495,1.48045051,0.405204177,-43.8816223,1.43502784,-1.4621582,-4.41021872,0.22649467,0.130565882,-2.29023743,0.5664182,-5.25896549,-32.34726,2.53420329,2.96999526,-5.353076,-3.83618665,-5.552708,-0.0458726659,0.102459311,0.203987136,-33.0474548,2.38930178,1.88045144,-5.225521,-1.730152,-2.05027747,0.168885946,2.8180685,2.28853416,3.63420153
327,6.5399976828231292,1395,0,1,-1.24400413,0,-3.80163813,-0.23074159,0,-0.6884816,-0.23074159,0,-0.6884816,1,0,0,1,-0.981357,-1.13684094,-3.02458644,-2.37413573,0.01871936,0.8010666,-1.02350092,-1.45969725,-3.15918756,-4.080719,-0.7626343,-0.0116271973,-0.07187017,0.011280722,0.0201884434,-0.811143041,-1.0950954,-2.19057918,-44.9981079,0.999528944,1.48212385,-0.748965561,0.8039914,-0.07631314,-0.486021161,0.134179369,-1.42993057,17.24973,0.0851652548,-0.767089844,5.800785,0.0216956735,0.18897438,-1.3866303,0.119840741,-3.0477283,-86.24365,-171.342026,174.183136,-13.1863718,0.910939455,0.08851433,-0.111148357,1.32844281,-0.061784,-43.4313354,1.10325861,-0.933197,0.123356417,-0.0624389052,0.264569521,-2.02740145,1.81716347,-4.560156,-51.16507,5.41773224,-3.89785767,-19.71342,-0.0141067505,-1.10650158,0.175385,0.487211376,0.5001202,-37.2984,1.42037761,-0.388031,1.22895277,-0.242830932,0.5371963,0.148421764,2.791952,2.22785568,3.57496357
328,6.5599976757369616,1399,0,1,-1.24400413,0,-3.80163813,-0.23074159,0,-0.6884816,-0.23074159,0,-0.6884816,1,0,0,1,-0.983793,-1.32957387,-3.02689385,-2.34046388,0.0199022833,0.791812062,-1.01804626,-1.66574264,-3.136982,-4.104492,-0.749938965,0.0118464334,-0.0269590132,0.0130675016,0.01998727,-0.8129498,-1.26620734,-2.05622172,-45.0155029,1.67452407,1.84974647,-0.008238852,0.842141151,0.188258171,-0.620393038,-0.121367052,-1.82830656,21.7869263,0.09992145,-0.5052185,4.194865,-0.0592589974,0.189023972,-1.19759,0.140529484,-2.55750179,-71.308136,-174.254456,177.907135,-12.9009953,0.4404297,1.07724047,-0.158774108,0.985493064,-0.3122431,-39.0602722,0.6625181,-0.5477905,3.198426,-0.1857048,0.176474929,-1.52958262,1.88320315,-3.70109987,-81.39572,5.336025,-4.04418945,-24.9198055,1.26842642,2.59461784,0.250894248,0.5659776,0.757097542,-34.7077332,0.7260401,-0.4251709,2.23878646,-0.3627222,0.169382691,0.123236418,2.76048517,2.15277481,3.50284243
329,6.5799976686507931,1405,0,1,-1.24400413,0,-3.80163813,-0.23074159,0,-0.6884816,-0.23074159,0,-0.6884816,1,0,0,1,-0.9885551,-1.52599764,-3.033986,-2.29679751,0.0204874389,0.7782831,-1.01754761,-1.86374819,-3.128779,-4.095703,-0.7369385,0.04021928,0.000153165311,0.0134142134,0.0242287032,-0.8528819,-1.41137731,-2.07656121,-45.043335,1.43452632,3.09972644,-0.00226262212,0.79406476,0.464778483,-0.6903005,-0.352289051,-2.06472468,25.431118,0.0769712,-0.325775146,3.418776,-0.0734272,0.133927822,-0.9548341,0.0290580168,-2.00262165,-58.4245,-172.959991,176.910767,-11.4358473,0.2416203,1.601243,-0.207485527,0.7878348,-0.511901438,-33.5085144,0.40479964,-0.327697754,4.462054,-0.108156443,0.122143507,-0.851016,2.06779242,-2.29230618,-83.90912,-164.5457,166.887115,-11.0556593,0.675143,1.94447613,0.235408351,0.5190912,0.7842206,-31.9850464,0.453853548,-0.333129883,2.11664224,-0.190299213,0.0336360931,0.100419283,2.72935486,2.08495522,3.43605876
330,6.5999976615646254,1410,0,1,-1.24400413,0,-3.80163813,-0.23074159,0,-0.6884816,-0.23074159,0,-0.6884816,1,0,0,1,-0.9901982,-1.71682668,-3.031659,-2.27294922,0.0212846957,0.7713988,-1.01422727,-2.05302,-3.11287427,-4.08511353,-0.724884033,0.07126522,0.0009931577,0.0131303845,0.0269423518,-0.860198557,-1.5540117,-2.087019,-45.0480042,1.22554445,4.34002638,0.000696241856,0.887861133,0.378707826,-0.7414551,-0.5969142,-2.23746228,28.2835865,0.0797264054,-0.18661499,2.74986482,-0.0434426069,0.104908109,-0.7675847,-0.176475421,-1.634666,-46.51425,-172.313171,176.414932,-10.5099268,0.167095661,1.579196,-0.277149916,0.6484718,-0.7459781,-27.2269287,0.264559269,-0.155944824,5.134883,-0.0424279571,0.104585409,-0.473940223,1.72552645,-1.55811381,-71.7352,-168.484421,171.622543,-10.5407228,0.437016726,1.68559647,0.19641462,0.5496946,0.7068445,-28.287262,0.370275944,-0.242462158,2.837381,-0.03743851,0.04004228,0.08297944,2.70228529,2.03364372,3.38303685
331,6.6199976544784578,1415,0,1,-1.24400413,0,-3.80163813,-0.23074159,0,-0.6884816,-0.23074159,0,-0.6884816,1,0,0,1,-0.9897838,-1.90600789,-3.02300477,-2.2626605,0.02169093,0.768472552,-1.00861382,-2.24246955,-3.089406,-4.086426,-0.713775635,0.103905804,-0.009119497,0.0128587764,0.0285510067,-0.846425235,-1.69710314,-2.09390616,-45.0474548,1.35067046,5.24362135,0.000559955835,0.906356156,0.233225226,-0.7802966,-0.851428747,-2.36235881,30.4334965,0.118843615,-0.0570068359,2.14585471,-0.0112537444,0.09591639,-0.64744097,-0.399100751,-1.473167,-35.3445129,-172.006073,176.234116,-9.761068,0.121722937,1.43317652,-0.35491097,0.5123028,-0.988687336,-20.607605,0.206146523,-0.00491333,5.43260431,0.007481694,0.101091862,-0.251312256,1.2859273,-1.15671265,-60.3788452,-169.319153,173.147079,-9.848959,0.3423524,1.47639942,0.133081347,0.598989367,0.550600767,-23.1824951,0.392162025,-0.161651611,3.92927837,0.0387197137,0.0120083094,0.07162213,2.681489,2.000906,3.34651136
332,6.63999764739229,1420,0,1,-1.24400413,0,-3.80163813,-0.23074159,0,-0.6884816,-0.23074159,0,-0.6884816,1,0,0,1,-0.9836501,-2.020622,-2.972065,-2.51169729,0.00342283538,0.833928466,-0.9958441,-2.38599372,-3.02893949,-4.241913,-0.703552246,0.131262451,-0.0807814747,0.0120263491,0.02340921,-0.791659832,-1.73756266,-1.95997512,-45.1098022,1.75772333,5.807486,0.0179524869,0.659739256,0.2969439,-0.7936639,-1.07451761,-2.37634087,31.3563538,0.1932283,0.0226734933,0.9860393,0.03388819,0.0622124672,-0.5198894,-0.5844164,-1.3058151,-24.9809875,-171.869629,175.971909,-9.12899,0.00592970848,1.33403111,-0.425710559,0.32294333,-1.20096111,-14.71579,0.203044832,0.09754234,5.247092,0.0163033,0.0576303,-0.06633519,0.800905,-0.8726727,-49.8414,-169.773788,174.197113,-9.230134,0.1903739,1.30773544,0.067856,0.6022953,0.311685145,-16.7675476,0.222146735,-0.09927368,4.798667,-0.112383485,-0.005424261,0.04369712,2.633177,1.91542053,3.25643468
333,6.6599976403061225,1425,0,1,-1.24400413,0,-3.80163813,-0.23074159,0,-0.6884816,-0.23074159,0,-0.6884816,1,0,0,1,-0.963833749,-2.10465026,-2.90929055,-2.77684236,0.0009462149,0.9196299,-0.9725236,-2.52104664,-2.94846559,-4.303711,-0.6921692,0.159699962,-0.0248390622,0.0111922864,0.0213108938,-0.733868062,-1.73361969,-1.82027781,-45.1340332,1.3659699,6.85355473,0.02183932,0.497496217,0.383674264,-0.786137342,-1.23613453,-2.33998847,31.2264462,0.233528867,0.104839742,0.00574587658,0.008077353,0.0651069954,-0.681319833,-1.65514278,-1.625216,-21.2203064,-171.478714,175.459534,-2.29393315,0.21274066,0.7939209,-0.482257277,0.126696989,-1.3818171,-9.19354248,0.176168039,0.13410309,4.45204449,-0.0145610571,0.02298522,-0.232150823,-0.8760269,-1.12932646,-39.5011,-170.0749,174.998352,-9.098555,0.0269649029,1.35462952,-0.00553113967,0.570274353,0.0544500351,-10.0065613,0.194587171,-0.03451538,4.98383331,-0.02401197,0.0177147388,0.0241215229,2.58780718,1.85530853,3.18425775
334,6.679997633219954,1431,0,1,-1.24400413,0,-3.80163813,-0.23074159,0,-0.6884816,-0.23074159,0,-0.6884816,1,0,0,1,-0.9535085,-2.202561,-2.88429523,-2.83302474,-0.000315133017,0.937349,-0.9533431,-2.65474558,-2.892185,-4.14453125,-0.680847168,0.170494244,0.126555681,0.009385383,0.0110839531,-0.800289869,-1.743622,-1.75887883,-45.07367,1.57227707,7.89765739,0.0212850571,1.22352,0.214265227,-0.7888105,-1.39534736,-2.360163,30.338335,0.236355767,0.162296787,-0.557340145,-0.0147688985,0.0484547019,-0.619583964,-0.865139,-1.36318934,-28.4320984,-171.829849,174.560471,6.13989258,-0.5373337,0.0506010056,-0.5483715,-0.03717857,-1.59311652,-4.565216,0.142206967,0.163701639,3.993608,-0.0242838264,0.0192209482,-0.6361845,-2.51998878,-1.83568728,-37.7563171,-169.814972,174.1327,-1.26581347,-0.5298488,1.06248546,-0.120495871,0.5955763,-0.302857131,-3.745514,0.149081171,0.0104585653,4.874161,-0.03387451,0.0166149139,0.00381183624,2.535242,1.79296875,3.1051898
335,6.6999976261337864,1434,0,1,-1.24400413,0,-3.80163813,-0.23074159,0,-0.6884816,-0.23074159,0,-0.6884816,1,0,0,1,-0.926103532,-2.22497749,-2.87352824,-2.89066029,0.03649746,0.979995131,-0.92762965,-2.69787526,-2.85518575,-3.96072388,-0.6727905,0.187688991,0.140459925,0.008450808,0.0125369057,-0.8685169,-1.601399,-1.47801018,-43.3266,2.399991,9.612444,1.44660378,1.37680626,1.48011363,-0.7763611,-1.47834659,-2.38221,28.9345284,0.214327589,0.301991254,-1.0716455,-0.07535687,0.118344158,-0.5674179,-0.176493645,-0.9566432,-27.3637085,-175.075485,174.307327,-1.09660292,-2.36471987,0.2950189,-0.6180468,-0.1959934,-1.8150034,-0.805542,0.07666999,0.257312536,3.37728167,-0.0602337122,0.08981633,-0.635889947,-1.39534473,-1.46832061,-40.6199951,-171.401016,172.779068,2.44976854,-2.33227348,0.5265119,-0.250484675,0.569120049,-0.697887063,1.87595141,0.10704086,0.09983982,4.383635,-0.039907217,0.0748784542,-0.008131504,2.491708,1.75998878,3.05061245
336,6.7199976190476187,1439,0,1,-1.24400413,0,-3.80163813,-0.23074159,0,-0.6884816,-0.23074159,0,-0.6884816,1,0,0,1,-0.8791708,-2.10953379,-2.885069,-2.99367166,0.110372253,1.05531359,-0.895771,-2.65685272,-2.85389543,-3.74478149,-0.669555664,0.190759912,0.226655364,0.006458491,0.00262354314,-0.9904274,-0.6032454,-0.936289847,-37.8247681,3.32073355,14.6534557,5.094467,3.057923,3.245556,-0.7330949,-1.42483485,-2.40203428,26.808897,0.158803314,0.6195797,-1.70997775,-0.166575849,0.250766039,-0.667606,-0.121199787,-0.2956969,-24.0856323,-179.2434,174.222763,-2.858245,-2.16108251,1.19218433,-0.673149168,-0.3436862,-2.005631,1.71668923,-0.0909118652,0.539162755,2.37482357,-0.140840262,0.2632929,-0.533146441,-0.441047072,-0.6682982,-44.88861,-172.635818,171.342041,1.684252,-2.22727,0.731035,-0.387386382,0.4548952,-1.10388756,6.51522446,-0.0185852051,0.3509618,3.43151021,-0.123316407,0.2391398,-0.0359799862,2.41112757,1.686388,2.94257283
337,6.7399976119614511,1444,0,1,-1.24400413,0,-3.80163813,-0.23074159,0,-0.6884816,-0.23074159,0,-0.6884816,1,0,0,1,-0.833969533,-2.00248885,-2.89585471,-3.10754132,0.167160064,1.12079048,-0.8553861,-2.56610084,-2.85450721,-3.26165771,-0.660705566,0.1391266,0.41049245,0.00780472159,-0.0441251844,-0.6775824,-0.558375239,-0.9743305,-29.5299988,3.44334626,17.9618473,5.63702154,1.756047,2.243798,-0.6872034,-1.319997,-2.42055154,24.2112217,0.0889157057,1.07412362,-2.07885885,-0.204540968,0.349949658,-0.9781046,-0.11298047,0.0894102156,-16.5376282,-177.091492,172.495117,-3.364591,1.84962583,0.83457756,-0.7107481,-0.453104258,-2.18158674,2.84142,-0.297607422,0.999906957,0.785548568,-0.178520828,0.4092725,-0.707394242,0.179094553,-0.08754897,-42.26065,-167.935242,169.595169,-2.7578218,2.13173819,2.14500022,-0.515218,0.271837473,-1.49031711,9.805724,-0.1711731,0.7912457,2.2399323,-0.16334191,0.408322453,-0.0571227074,2.33495116,1.64083862,2.854402
338,6.7599976048752835,1449,0,1,-1.24400413,0,-3.80163813,-0.23074159,0,-0.6884816,-0.23074159,0,-0.6884816,1,0,0,1,-0.8303769,-1.9135,-2.9282527,-3.214516,0.175210923,1.1604296,-0.833544135,-2.517195,-2.84229779,-2.64016724,-0.6505432,0.05795876,0.526761234,0.006523773,-0.06204647,0.292366982,-0.200153351,-1.09468567,-20.8250122,13.3675327,11.1255045,4.55259466,5.35236454,-5.99135971,-0.6839026,-1.21734083,-2.47013879,21.3172188,0.0308456458,1.52318072,-2.36609435,-0.173926234,0.362792671,-0.5020263,-0.19758141,0.417781442,-8.24234,-162.676071,178.126434,-2.32062817,8.851877,-6.460559,-0.731191337,-0.5405601,-2.32672977,2.72183323,-0.43460083,1.476615,-0.280686021,-0.127185881,0.4155611,-1.17862809,0.69093895,0.739618659,-36.3688049,-159.861618,175.349686,-7.572768,9.948158,-1.6105814,-0.610297263,0.0623063929,-1.82441711,11.5769014,-0.1984253,1.31775486,0.989269257,-0.08564524,0.459780842,-0.07707739,2.25009727,1.60042191,2.762287
339,6.7799975977891158,1454,0,1,-1.24400413,0,-3.80163813,-0.23074159,0,-0.6884816,-0.23074159,0,-0.6884816,1,0,0,1,-0.81562537,-1.90336943,-2.94713926,-3.30062151,0.200703323,1.19844711,-0.806584537,-2.51380658,-2.82097459,-1.96572876,-0.639862061,-0.02645874,0.5574786,0.006720394,-0.0669318,-0.130522519,0.396412343,-1.40955853,-7.78900146,10.0119677,13.9400339,7.54004335,0.153985739,-0.494521856,-0.6703948,-1.161741,-2.51361585,18.3470039,-0.033996582,2.01654,-2.46094584,-0.164096713,0.393883467,-0.2555694,0.503181458,0.302978426,-10.0702209,-144.984543,-176.4975,9.494272,7.182597,-4.679514,-0.7449906,-0.6116459,-2.44051361,1.53641832,-0.5935364,2.01253223,-1.14678848,-0.137238741,0.458385974,-1.66571665,0.3713793,1.04858088,-33.1601868,-150.6522,-176.239182,-3.905845,11.0611057,-4.814867,-0.675842,-0.135029674,-2.09549069,11.8868666,-0.191162109,1.91538608,-0.190633088,-0.0979630947,0.496107936,-0.08874416,2.17748165,1.58862877,2.696858
340,6.7999975907029473,1460,0,1,-1.24400413,0,-3.80163813,-0.23074159,0,-0.6884816,-0.23074159,0,-0.6884816,1,0,0,1,-0.846280456,-1.94843769,-2.95021582,-3.37356234,0.161640912,1.21467376,-0.7981634,-2.56050014,-2.761464,-1.33410645,-0.6368103,-0.101013184,0.513561845,-3.351271E-05,-0.046425432,0.219116241,1.48317266,-1.74137068,8.635167,13.5502672,11.2694387,11.4838753,1.930954,-3.26444626,-0.7014841,-1.17517853,-2.55414963,15.3743172,-0.08151245,2.35103154,-2.601213,-0.09436989,0.285216331,0.5992505,1.69847214,-0.078294456,-36.5780029,-124.28331,168.112122,24.2696323,5.363077,-8.164659,-0.7473348,-0.679867148,-2.5269978,-0.442047119,-0.694458,2.41726828,-1.73916769,-0.07086027,0.3257215,-0.8931578,-0.09071186,0.7458073,-30.2530518,-140.556534,-176.956009,-5.093154,8.048113,2.26490116,-0.704443753,-0.3124813,-2.289699,10.9085073,-0.1605835,2.43165088,-1.17978191,-0.04596734,0.407343417,-0.116393328,2.05227327,1.52386665,2.55881667
341,6.81999758361678,1466,0,1,-1.24400413,0,-3.80163813,-0.23074159,0,-0.6884816,-0.23074159,0,-0.6884816,1,0,0,1,-0.847671747,-2.05000257,-2.96759033,-3.41775513,0.1497859,1.22844887,-0.7898593,-2.62866354,-2.730409,-0.7912903,-0.6383972,-0.1513977,0.446630359,-0.001052022,-0.0442535132,-0.477965772,1.51851249,-2.79198074,22.72529,15.3116179,11.750617,11.2059669,0.646104336,-1.20671535,-0.7179135,-1.2274698,-2.6126678,12.3217039,-0.130279541,2.69371724,-2.58859825,-0.08240777,0.275356352,0.859091759,1.84102249,-0.163557634,-61.1418152,-90.33273,125.948936,26.6662369,-2.05073547,-11.1945591,-0.764194667,-0.770569861,-2.62265182,-2.859192,-0.808441162,2.75755763,-2.06109023,-0.08181393,0.2814169,0.444897354,-0.350042969,5.081688,-14.3652039,-128.841141,-165.530853,-15.6349411,7.12653732,9.099541,-0.720571041,-0.4567453,-2.45178366,9.200863,-0.154541016,2.84987354,-1.73784161,-0.067599535,0.312539876,-0.131769419,1.94836879,1.49584961,2.45989227
342,6.839997576530612,1471,0,1,-1.24400413,0,-3.80163813,-0.23074159,0,-0.6884816,-0.23074159,0,-0.6884816,1,0,0,1,-0.8541949,-1.81972384,-2.8958807,-3.38796854,0.106110387,1.21424294,-0.704485834,-0.29188323,-2.40981269,-0.6281738,-0.4546814,-0.24005127,-0.2329273,0.145750746,-0.0819550753,-0.869429,0.8356617,-3.32757378,28.9569969,16.52021,13.6569433,7.13838339,0.527719,-0.359035969,-0.7274567,-1.13282824,-2.57651615,8.496595,-0.2218628,2.88392639,-3.34957528,-0.09472215,0.15783155,1.02438962,2.43116832,-1.1487112,-68.421936,-53.10205,79.6629,15.9048691,-2.48266983,-9.44314,-0.750055134,-0.8803333,-2.624281,-5.720398,-0.9095459,2.98399448,-2.53836083,-0.07436925,0.157930732,2.467459,0.4465345,4.757319,-2.52072144,-140.0167,-174.317535,-0.6844454,-18.6833038,11.5132418,-0.722292066,-0.6243742,-2.54329538,6.85492659,-0.210510254,3.13896632,-2.3592546,-0.08082086,0.202362716,-0.1409936,1.84685445,1.48146057,2.37180853
343,6.8599975694444444,1476,0,1,-1.24400413,0,-3.80163813,-0.23074159,0,-0.6884816,-0.23074159,0,-0.6884816,1,0,0,1,-0.837751,-1.15010309,-2.801727,-3.165767,0.08492793,1.13416815,-0.7097149,0.0607333779,-2.496233,-1.28570557,-0.171051025,-0.240509033,-1.25512123,0.212276757,0.0196565986,-0.755347,0.715771,-3.322139,33.1726837,17.4864368,14.7918177,3.76266384,1.48209572,-0.5271026,-0.715020537,-0.754192,-2.51198673,3.279009,-0.318450928,3.01270938,-4.48623753,-0.07375491,0.106529593,1.0045023,2.4715786,-0.544547856,-54.9672241,-12.1743469,31.9355774,20.3366928,-1.65882111,-9.914279,-0.686769843,-0.726027,-2.51145053,-8.1328125,-0.8291321,3.07358623,-2.20713568,0.08474833,0.0420875549,2.38225555,1.398828,1.84365892,-39.9638672,-136.97554,172.467346,31.3509941,-7.098984,-8.97753,-0.624531269,-0.3369186,-2.422692,4.324498,0.348489344,2.99668145,-2.36595941,0.508419454,-0.174499273,-0.149075508,1.73381877,1.467226,2.27620363
344,6.8799975623582768,1479,0,1,-1.24400413,0,-3.80163813,-0.23074159,0,-0.6884816,-0.23074159,0,-0.6884816,1,0,0,1,-0.802810967,-0.335863,-2.707374,-2.828384,0.0915124938,1.01209188,-0.6976091,-0.00288900733,-2.49274135,-3.55618286,-0.05380249,-0.2758484,-2.88334584,0.0579886436,0.04010433,-0.746961951,0.402165771,-2.66781139,30.5146866,16.2598743,13.8445387,-1.84482431,-0.5367913,-0.3636155,-0.678052,-0.2617213,-2.45951,-3.045227,-0.438964844,3.12066,-5.49352741,-0.08571565,0.0559822321,1.00755167,2.335964,-0.5647304,-39.62256,-0.917938232,15.3928938,15.8919773,-1.50039387,-7.962067,-0.6331993,-0.427329361,-2.414524,-9.344238,-0.6721802,3.12369418,-0.9986228,0.149732679,0.04127434,2.38551521,2.150836,1.18706262,-70.0828247,-124.599304,144.948471,24.566185,-2.485035,-10.5569849,-0.571411431,-0.0166469812,-2.28486133,2.97168255,0.597290337,2.82749486,-1.29542184,0.274448216,-0.0996242762,-0.157861,1.60951447,1.45088577,2.17267728
345,6.8999975552721082,1485,0,1,-1.24400413,0,-3.80163813,-0.23074159,0,-0.6884816,-0.23074159,0,-0.6884816,1,0,0,1,-0.628184,0.899428844,-2.266596,-0.9739347,0.06311298,0.344447166,-0.641310453,-0.0772030354,-2.395082,-6.21328735,-0.0184631348,-0.180969238,-2.78753424,0.00387597084,0.110043466,-0.391068816,0.694969833,-1.91245937,26.0779934,12.1547956,10.4414282,-3.42023945,-2.85414743,-2.20283437,-0.5595691,0.294301867,-2.154646,-9.153534,-0.569335938,3.24847269,-5.11147261,-0.08351374,0.0375108719,0.9876601,2.14087057,-0.6476298,-26.96521,3.05140376,8.931746,11.6886292,0.138092041,-5.354583,-0.546644568,-0.2767071,-2.17224932,-8.166016,-0.410644531,3.133822,0.642437,0.204602659,0.03330625,1.80744958,2.62793517,0.6943582,-77.91348,-32.60211,50.9821243,17.6429214,-0.106232643,-6.7932353,-0.5488072,0.0190114975,-2.21072531,4.80610371,0.8071938,2.66048765,0.16250135,0.130283818,-0.08096297,-0.1693263,1.50676751,1.426239,2.08162856
346,6.9199975481859406,1490,0,1,-1.24400413,0,-3.80163813,-0.23074159,0,-0.6884816,-0.23074159,0,-0.6884816,1,0,0,1,-0.615151465,1.14175,-2.23023486,-0.7097911,0.06638424,0.247920245,-0.5953025,-0.05108893,-2.2375617,-8.961426,-0.191894531,-0.05697632,-2.38221741,-0.127577066,0.102536976,-0.214284316,0.617536664,-1.80658662,20.5253,9.524708,7.2458005,-4.789228,-1.2827307,-1.76874924,-0.5677687,0.6070638,-2.21003079,-14.0105591,-0.673492432,3.2765255,-4.162141,-0.0724417,-0.0154826641,0.809189737,1.79036617,-0.971804142,-14.6207275,5.05784273,5.920493,10.6509457,1.02464533,-3.674205,-0.542003334,-0.0729486346,-2.19162083,-8.691101,-0.28012085,3.18026066,-0.699546635,0.105663359,0.0294712186,1.44729555,2.67525554,0.224098116,-62.5213928,-4.838806,21.592844,14.604003,-0.0339136124,-3.88815761,-0.479870915,0.0193705261,-1.968838,4.280996,0.857714236,2.49246979,0.693018258,0.190752432,-0.04920322,-0.1716106,1.43320417,1.429472,2.03148079
347,6.939997541099773,1495,0,1,-1.24400413,0,-3.80163813,-0.23074159,0,-0.6884816,-0.23074159,0,-0.6884816,1,0,0,1,-0.5970031,1.10669959,-2.18613386,-0.4965791,0.06663104,0.170044959,-0.610772252,-0.0162034184,-2.25071168,-11.52652,-0.497314453,0.112233974,-2.2406702,-0.211317539,0.120443523,-0.202064559,0.418405682,-1.798476,14.5788307,8.102388,4.756011,-5.08676863,-0.6576792,-1.3485949,-0.5673444,0.8459625,-2.195311,-16.9247437,-0.7328186,3.308878,-2.353811,-0.0281598568,-0.00321006775,0.599644,1.38313448,-1.445198,-2.92675781,6.646027,4.031758,9.947336,1.17165279,-2.92043662,-0.5579627,0.175962359,-2.25052285,-11.4249268,-0.327728271,3.21327734,-2.34324217,-0.04486966,0.0200887322,1.11346269,2.58602786,-0.536132455,-46.0857239,2.44434834,13.6397228,13.5784636,0.770432,-3.45962667,-0.53947407,-0.0005761981,-2.22542071,4.27715969,0.8672295,2.401673,-0.245754972,0.0297269523,-0.00172511488,-0.184574366,1.34730017,1.398632,1.9507581
348,6.9599975340136053,1501,0,1,-1.24400413,0,-3.80163813,-0.23074159,0,-0.6884816,-0.23074159,0,-0.6884816,1,0,0,1,-0.5845357,0.945527256,-2.15361929,-0.312263459,0.06237363,0.103240348,-0.6016796,0.84865284,-2.14837217,-12.1499329,-0.4850464,0.194540262,0.8005805,-0.0882712752,0.0157957673,-0.263926327,0.2898098,-1.89849436,9.706543,7.44705534,2.92052078,-4.29144859,-0.286061764,-1.02041984,-0.5575799,0.8415591,-2.162631,-18.35498,-0.7498169,3.31495047,-1.18316853,-0.0116477609,-0.0121259987,0.328619778,1.00839889,-2.03614354,6.83969259,7.388598,2.55836916,8.446722,0.7539377,-2.462474,-0.544863462,0.350545645,-2.2198782,-13.3563538,-0.3826599,3.22581339,-1.66049075,-0.0440943241,1.99973583E-05,0.799723864,2.216844,-1.45892668,-30.7208252,5.57979345,9.941691,12.4158335,0.678813934,-3.19299769,-0.5472618,-0.0135897547,-2.29276919,3.66297078,0.8404753,2.30447459,-1.0074594,-0.0392307043,-0.0100088716,-0.192340851,1.28900909,1.38309288,1.90039086
349,6.9799975269274377,1506,0,1,-1.24400413,0,-3.80163813,-0.23074159,0,-0.6884816,-0.23074159,0,-0.6884816,1,0,0,1,-0.575213134,0.809097946,-2.1270237,-0.146337062,0.0603894964,0.04254792,-0.5921079,0.7476363,-2.12142324,-11.1375122,-0.522491455,0.12728405,0.9768252,-0.0627342761,-0.0443798,-0.318503648,0.393544734,-2.04227114,7.045021,7.14421749,1.47083008,-2.525154,-0.119672,-0.956965148,-0.550536454,0.6991172,-2.14362884,-19.35913,-0.754425049,3.3003633,-0.8648445,-0.0105481446,-0.02181463,0.119612828,0.7848727,-2.39936924,12.6669922,7.353801,1.17209065,5.271411,0.2453053,-1.92154968,-0.5298945,0.319742441,-2.19119549,-14.8548584,-0.432250977,3.213526,-1.33131409,-0.043887943,-0.0207861662,0.5176641,1.64399076,-2.14081526,-19.2495728,6.77751732,7.62678242,8.905668,0.145496845,-2.70474744,-0.5407887,-0.02762942,-2.30687046,2.23660326,0.75627923,2.22013879,-1.48409,-0.0607069731,-0.0205059052,-0.197073936,1.24878073,1.376688,1.86910713
350,6.9999975198412692,1511,0,1,-1.24400413,0,-3.80163813,-0.23074159,0,-0.6884816,-0.23074159,0,-0.6884816,1,0,0,1,-0.5699135,0.659860849,-2.11232066,-0.008983219,0.06337129,-0.008756485,-0.5870504,0.6138681,-2.09458447,-10.1347961,-0.5158386,0.0347533152,0.96143496,-0.03180775,-0.0662126541,-0.3422804,0.6610367,-2.20085025,7.066586,6.97009039,0.200683013,-0.008556671,-0.04278195,-1.11179936,-0.5443531,0.54430294,-2.134483,-20.0600281,-0.74786377,3.26807237,-0.6034645,-0.00417995453,-0.0350314826,0.04455883,0.690464258,-2.40632915,12.6303082,6.97714853,-0.116241455,0.157315433,-0.05766666,-1.1420331,-0.5205562,0.229893625,-2.18290329,-16.1931763,-0.475830078,3.18613625,-1.064405,-0.0193437636,-0.037535578,0.3092913,0.784650862,-2.32372165,-15.1100769,7.090115,5.816956,2.85007954,-0.178435564,-1.80007792,-0.53802985,-0.0379258841,-2.30081916,0.649863839,0.7584773,2.05660748,-1.45897782,-0.0108802915,-0.06836742,-0.202669859,1.22478676,1.36771393,1.847111
351,7.0199975127551015,1515,0,1,-1.24400413,0,-3.80163813,-0.23074159,0,-0.6884816,-0.23074159,0,-0.6884816,1,0,0,1,-0.565480769,0.5083375,-2.10260057,0.102301627,0.06842883,-0.0509910136,-0.588947535,0.478592575,-2.09449768,-9.219513,-0.478179932,-0.07092285,0.8646704,-0.009722978,-0.07654576,-0.3602859,0.512022,-2.20340562,7.490252,6.774574,-0.9369507,0.250035971,-0.07284427,-1.02306736,-0.5394187,0.388949931,-2.128301,-20.5127869,-0.721252441,3.22327113,-0.3878445,0.008960478,-0.040725857,-0.00617648661,0.485988915,-2.346119,12.787488,6.65270758,-1.257019,0.0472007021,-0.07472026,-0.9922649,-0.515898645,0.149518028,-2.17303443,-17.07373,-0.472015381,3.15137029,-0.6600834,-0.008417115,-0.0329667777,0.2123481,0.4472295,-2.30483723,-13.3014526,7.20173025,4.266374,1.28522,-0.19558394,-1.41991818,-0.5275151,-0.03552939,-2.27494073,-0.554443359,0.6760484,1.95693886,-1.11622465,-0.0575273335,-0.03897442,-0.210834265,1.20896864,1.35070038,1.82495141
352,7.0399975056689339,1521,0,1,-1.24400413,0,-3.80163813,-0.23074159,0,-0.6884816,-0.23074159,0,-0.6884816,1,0,0,1,-0.561165,0.351017416,-2.09347367,0.19519344,0.0730227157,-0.08645347,-0.590389967,0.3390105,-2.09755349,-8.448669,-0.422973633,-0.181182861,0.725551844,0.006341934,-0.08279267,-0.377410084,0.296354771,-2.1832037,7.78365231,6.56843567,-1.94641113,0.148337051,-0.08736485,-0.8965103,-0.535130441,0.235144481,-2.12037754,-20.7215271,-0.686553955,3.178489,-0.172884688,0.0140850544,-0.0374473073,-0.05958372,0.247751921,-2.30266452,12.97562,6.35277033,-2.26086426,0.07504113,-0.07158536,-0.8729756,-0.5089277,0.07870449,-2.15650558,-17.4328613,-0.4541626,3.11404657,-0.2277695,0.000310383737,-0.0311863646,0.130991012,0.2312597,-2.290054,-11.9126282,7.289342,2.89528537,1.00580788,-0.157307029,-1.22432852,-0.510510445,-0.0292460471,-2.23297954,-1.27755737,0.5787512,1.9514606,-0.6899358,-0.0527557731,0.0122493356,-0.216846228,1.198194,1.34107971,1.81140447
353,7.0599974985827663,1527,0,1,-1.24400413,0,-3.80163813,-0.23074159,0,-0.6884816,-0.23074159,0,-0.6884816,1,0,0,1,-0.557167,0.188651562,-2.08499813,0.274394542,0.07711291,-0.116838887,-0.590434968,0.193269476,-2.09843159,-7.83853149,-0.357177734,-0.289001465,0.573177934,0.0174835324,-0.0829372853,-0.393423855,0.09350411,-2.167081,8.006184,6.36613226,-2.83132935,0.108674243,-0.09259391,-0.7826466,-0.5302195,0.0825385153,-2.11161613,-20.68338,-0.6470947,3.132593,0.0452015623,0.0177654028,-0.03636009,-0.110593781,0.0210515466,-2.26781487,13.174592,6.07456636,-3.13583374,0.09279967,-0.07335627,-0.762769938,-0.4992948,0.0132661238,-2.135619,-17.2720947,-0.4227295,3.07058764,0.198440477,0.0189195871,-0.0352204,0.0590724424,0.00352658518,-2.26423025,-10.6271362,7.32957172,1.69793141,0.934316933,-0.14814043,-1.07404852,-0.491452754,-0.0205682069,-2.18071461,-1.50891113,0.533656955,1.9562571,-0.244401425,-0.02952931,0.0278094038,-0.219167948,1.20162988,1.344305,1.8163439
354,7.0799974914965986,1531,0,1,-1.24400413,0,-3.80163813,-0.23074159,0,-0.6884816,-0.23074159,0,-0.6884816,1,0,0,1,-0.5534204,0.02320066,-2.07697916,0.343688637,0.08079362,-0.143544257,-0.5893873,0.0437049456,-2.09799647,-7.401245,-0.2857666,-0.391204834,0.4125381,0.0252281576,-0.0800252855,-0.408425122,-0.101455495,-2.153556,8.205149,6.168215,-3.59921265,0.103644073,-0.0985420346,-0.6794536,-0.5249844,-0.069177635,-2.1023612,-20.3995056,-0.6003113,3.08274841,0.262566447,0.0237878263,-0.0377229676,-0.157589644,-0.197891,-2.235441,13.3635445,5.81053829,-3.89291382,0.09771374,-0.08056247,-0.6612025,-0.489518076,-0.0493327975,-2.1125598,-16.6021423,-0.3647766,3.0199132,0.61505425,0.03943765,-0.0373844951,-0.00486249477,-0.2271943,-2.23349357,-9.410126,7.309905,0.6549715,0.893371046,-0.1564889,-0.9466387,-0.474091142,-0.008655235,-2.1233077,-1.23913574,0.529080868,1.97645938,0.199897364,2.527237E-05,0.03642304,-0.227494478,1.2099216,1.32839394,1.8111583
355,7.099997484410431,1537,0,1,-1.24400413,0,-3.80163813,-0.23074159,0,-0.6884816,-0.23074159,0,-0.6884816,1,0,0,1,-0.5498345,-0.143330768,-2.069209,0.407063216,0.08411966,-0.168055356,-0.5876044,-0.107309543,-2.09661531,-7.14419556,-0.20980835,-0.486694336,0.247697353,0.03175348,-0.07618378,-0.422121555,-0.2935999,-2.14095116,8.391506,5.973079,-4.25900269,0.104979932,-0.105826855,-0.5851985,-0.52046293,-0.2200837,-2.09276247,-19.8731079,-0.544525146,3.03189158,0.476903319,0.032281056,-0.0363640934,-0.200515926,-0.412023038,-2.20466685,13.5422859,5.557725,-4.542206,0.100918874,-0.08959496,-0.5677454,-0.481813252,-0.110860795,-2.08904767,-15.4330139,-0.279907227,2.96805453,1.0224905,0.0620247722,-0.0357943475,-0.062764,-0.4532703,-2.2024014,-8.247101,7.23628,-0.25213623,0.8649539,-0.1678431,-0.834045053,-0.460045516,0.00485689938,-2.06483436,-0.454803467,0.566589057,2.02238154,0.6475729,0.0295677781,0.0503378659,-0.234268427,1.22476292,1.318079,1.81445813
356,7.1199974773242625,1542,0,1,-1.24400413,0,-3.80163813,-0.23074159,0,-0.6884816,-0.23074159,0,-0.6884816,1,0,0,1,-0.54633975,-0.309082419,-2.061497,0.4684565,0.08711666,-0.19185555,-0.5859654,-0.257737875,-2.094162,-7.06777954,-0.125061035,-0.575775146,0.08475005,0.04536529,-0.07265948,-0.434637159,-0.483467847,-2.128941,8.569771,5.780083,-4.81924438,0.108827367,-0.113368869,-0.498517334,-0.517015755,-0.365770251,-2.08228016,-19.09439,-0.478240967,2.986437,0.7093095,0.0440018177,-0.0296786577,-0.2396069,-0.6220331,-2.17564774,13.7155094,5.315482,-5.091797,0.107171953,-0.0985567,-0.482393116,-0.4773918,-0.1720902,-2.065598,-13.8848572,-0.175018311,2.92519641,1.30419815,0.07972884,-0.0277181268,-0.115819909,-0.6741494,-2.17277575,-7.124054,7.118491,-1.03646851,0.845427752,-0.17775178,-0.7314229,-0.45089817,0.0173009485,-2.00984025,0.8436735,0.6450366,2.107351,1.06477249,0.0536530167,0.0696410239,-0.2392745,1.245132,1.31394386,1.8259393
357,7.1399974702380948,1548,0,1,-1.24400413,0,-3.80163813,-0.23074159,0,-0.6884816,-0.23074159,0,-0.6884816,1,0,0,1,-0.542977,-0.472618937,-2.053824,0.5312917,0.08971887,-0.216241568,-0.583700359,-0.405643821,-2.09143543,-7.16708374,-0.0235290527,-0.6602173,-0.07303123,0.059336897,-0.06872048,-0.446119219,-0.670627654,-2.11779976,8.746006,5.589017,-5.28799438,0.117283344,-0.120718956,-0.419523329,-0.512873054,-0.471693158,-2.065009,-17.8512268,-0.38961792,2.95086956,1.135239,0.0669179857,-0.0189611912,-0.27526626,-0.8282924,-2.148554,13.8907776,5.083064,-5.54980469,0.118059,-0.107184052,-0.404351383,-0.473962843,-0.203785151,-2.03511024,-12.3731689,-0.07382202,2.90477681,1.32198441,0.08376935,-0.01178205,-0.164455608,-0.890575647,-2.1447413,-6.02996826,6.96474171,-1.7088623,0.834591866,-0.186148465,-0.637467742,-0.446610749,0.0228537768,-1.96237969,2.48500156,0.751573443,2.24729037,1.32866931,0.06428149,0.09360865,-0.245933771,1.2703532,1.304781,1.83758914
358,7.1599974631519272,1553,0,1,-1.24400413,0,-3.80163813,-0.23074159,0,-0.6884816,-0.23074159,0,-0.6884816,1,0,0,1,-0.5396045,-0.6314763,-2.045757,0.598910034,0.09206097,-0.24252966,-0.581051052,-0.5487301,-2.08845973,-7.42938232,0.100043043,-0.740203857,-0.2179569,0.07671108,-0.06372533,-0.456570446,-0.854126,-2.107346,8.926494,5.399758,-5.67272949,0.130422369,-0.127738357,-0.347759068,-0.5107684,-0.5806472,-2.05066562,-16.1516724,-0.279754639,2.93309069,1.52987111,0.089527905,-0.00288689137,-0.3077425,-1.03114343,-2.123243,14.0752878,4.859715,-5.923462,0.134089544,-0.115597427,-0.333027661,-0.475071162,-0.2214041,-2.00938916,-10.4931946,0.0485862158,2.90806317,1.6431886,0.1057218,0.006666392,-0.20906648,-1.10354578,-2.118578,-4.953003,6.78149271,-2.27844238,0.831107736,-0.193488479,-0.5512459,-0.447373331,0.0309761018,-1.914635,4.71120167,0.9047875,2.45508432,1.76571131,0.076759696,0.116745293,-0.2633326,1.31040347,1.29590225,1.86168313
359,7.17999745606576,1556,0,1,-1.24400413,0,-3.80163813,-0.23074159,0,-0.6884816,-0.23074159,0,-0.6884816,1,0,0,1,-0.5361324,-0.784118235,-2.037034,0.674602866,0.09420725,-0.272025675,-0.5778577,-0.6851634,-2.08495784,-7.83636475,0.252663344,-0.814819336,-0.34566623,0.0986248851,-0.0573910326,-0.466156632,-1.03339446,-2.097543,9.119646,5.211878,-5.980316,0.150033057,-0.134723514,-0.282420158,-0.511654,-0.697958,-2.04117775,-14.06488,-0.153198242,2.943878,1.86454451,0.109517932,0.0205085576,-0.337077171,-1.23081791,-2.09930134,14.2776794,4.64429951,-6.21990967,0.156248942,-0.123873919,-0.2683729,-0.483032048,-0.257422566,-1.99516833,-8.270233,0.1899849,2.94467545,1.943037,0.126106709,0.0309292078,-0.249723852,-1.31394184,-2.09393358,-3.88311768,6.57403564,-2.75369263,0.8354767,-0.200037777,-0.472341448,-0.45571503,0.0348401964,-1.8793087,7.54895926,1.11160314,2.747333,2.22033572,0.08865136,0.14717871,-0.2863028,1.35480988,1.28599739,1.88978
360,7.1999974489795919,1561,0,1,-1.24400413,0,-3.80163813,-0.23074159,0,-0.6884816,-0.23074159,0,-0.6884816,1,0,0,1,-0.5315158,-0.900108457,-2.02638388,0.7648493,0.0963743851,-0.3073074,-0.5606689,-0.6795675,-2.07844138,-7.94796753,0.3184252,-0.8926697,-0.0920549855,0.03311123,-0.0509725027,-0.473029077,-1.19139147,-2.0850966,9.276647,5.031277,-6.22177124,0.122505285,-0.135467529,-0.221915409,-0.514897764,-0.7848965,-2.03417277,-11.4647522,-0.02633667,3.00095177,2.19515729,0.127303064,0.0548853278,-0.360652953,-1.42691243,-2.07134,14.4768,4.439093,-6.448303,0.1529244,-0.127925724,-0.209868342,-0.4965496,-0.291927218,-1.99091339,-5.79754639,0.3379723,3.02134347,2.15206146,0.130594313,0.0602196455,-0.2855349,-1.52546632,-2.06866765,-2.82974243,6.350378,-3.14282227,0.8169569,-0.201392412,-0.397818029,-0.465445757,0.0332696736,-1.86030388,11.0504017,1.36632645,2.88819718,2.68137574,0.112698734,0.0732530355,-0.314486265,1.39845419,1.29306412,1.93043792
361,7.2199974418934234,1566,0,1,-1.24400413,0,-3.80163813,-0.23074159,0,-0.6884816,-0.23074159,0,-0.6884816,1,0,0,1,-0.5207283,-0.8561335,-1.999914,0.870965,0.098435536,-0.3489427,-0.528273761,-0.169660926,-2.01135182,-5.97872925,0.455309957,-0.920562744,1.64444935,0.120271087,-0.0399861932,-0.4662822,-1.24828732,-2.0484364,9.106951,4.89186525,-6.43563843,-0.175499409,-0.100080177,-0.173734918,-0.5168342,-0.8106571,-2.02832484,-9.042023,0.0857946053,3.102102,2.05885077,0.11673528,0.08985841,-0.362806559,-1.61095631,-2.01109314,14.48245,4.264075,-6.63092041,-0.04310704,-0.106593281,-0.159105241,-0.51494205,-0.335513055,-1.99967849,-3.20397949,0.469367951,3.150623,2.25294566,0.120600224,0.0979705453,-0.308403254,-1.75564349,-2.026687,-1.96481323,6.13957,-3.46029663,0.5936049,-0.174183547,-0.3164802,-0.485660374,0.0224999785,-1.86126661,15.1788816,1.61272836,3.12703371,3.06746626,0.09280336,0.118067384,-0.416411161,1.467376,1.26171875,1.9795264
362,7.2399974348072558,1571,0,1,-1.24400413,0,-3.80163813,-0.23074159,0,-0.6884816,-0.23074159,0,-0.6884816,1,0,0,1,-0.5041407,-0.665512145,-1.95965338,0.984668732,0.100377992,-0.393747568,-0.5109597,-0.0805848241,-1.99985111,-3.86166382,0.6239203,-0.931488037,1.73064327,0.134646833,-0.009428412,-0.453729928,-1.17815888,-2.00082278,8.445108,4.81609344,-6.63754272,-0.5523366,-0.0518611073,-0.127396077,-0.5136442,-0.7135699,-2.00845528,-6.9236145,0.172496319,3.24932623,1.82000673,0.101984084,0.126873136,-0.340347022,-1.76318276,-1.9122628,13.9382439,4.1632,-6.803314,-0.515576541,-0.0463829339,-0.114243753,-0.527453363,-0.357450753,-1.99363422,-0.840026855,0.581114769,3.32462764,2.05905128,0.103975177,0.13401705,-0.302429527,-2.02586722,-1.94067824,-1.72943115,6.00988245,-3.7434082,0.062877804,-0.1039671,-0.242823392,-0.5046892,0.00652095675,-1.850604,19.8599281,1.94949841,3.52414727,3.40580726,0.09790981,0.186612666,-0.533429146,1.53406382,1.23925209,2.04295
363,7.2599974277210881,1576,0,1,-1.24400413,0,-3.80163813,-0.23074159,0,-0.6884816,-0.23074159,0,-0.6884816,1,0,0,1,-0.483912915,-0.412160724,-1.91247118,1.089872,0.101513356,-0.4353686,-0.498225659,-0.06665611,-2.00320554,-2.113922,0.742949843,-0.885345459,1.38320756,0.08833605,0.0289391875,-0.440769017,-1.05325747,-1.953581,7.23588562,4.811617,-6.829834,-0.980800748,0.00145804882,-0.0795787,-0.505862355,-0.545959949,-1.978108,-5.07720947,0.24057053,3.437959,1.60163438,0.0928099155,0.1612356,-0.319891244,-1.89153624,-1.82185841,12.71367,4.14786053,-6.972107,-1.08815479,0.0216161311,-0.06879294,-0.531992733,-0.3322372,-1.96637845,1.18463278,0.6797506,3.53912759,1.77695692,0.08761057,0.1689184,-0.295348376,-2.296295,-1.8626107,-2.14736938,5.952635,-4.02713,-0.4809438,-0.0454057157,-0.198145941,-0.516693354,-0.0133539289,-1.81834567,25.1007576,2.43110156,4.117348,3.68047714,0.100731969,0.263661146,-0.653929,1.59658527,1.20979309,2.10720348
364,7.2799974206349205,1581,0,1,-1.24400413,0,-3.80163813,-0.23074159,0,-0.6884816,-0.23074159,0,-0.6884816,1,0,0,1,-0.4626844,-0.177673846,-1.86528492,1.16380548,0.101609357,-0.464726448,-0.489246517,-0.05549705,-1.99800169,-0.7565613,0.770648956,-0.784088135,0.7661357,-0.0272629559,0.06816751,-0.4332232,-0.929505765,-1.91861832,5.49441957,4.87413836,-7.007263,-1.38066244,0.04689613,-0.029284656,-0.494867027,-0.360864371,-1.94286644,-3.43283081,0.341645151,3.65839624,1.49572277,0.126240328,0.187538043,-0.321949542,-2.00254631,-1.7770952,10.84153,4.21149349,-7.130127,-1.64333081,0.0811769962,-0.0194380283,-0.5215325,-0.264746636,-1.92621922,2.90829873,0.8249651,3.77012777,1.53562713,0.132188916,0.17644012,-0.3143893,-2.53441858,-1.83975232,-3.04159546,5.93933868,-4.324829,-0.9146814,-0.009751365,-0.169895142,-0.514197648,-0.0254661143,-1.8132776,30.43376,3.18525481,4.69423628,3.0411,0.160071313,0.205798388,-0.779075146,1.651087,1.18512917,2.17659783
365,7.2999974135487529,1584,0,1,-1.24400413,0,-3.80163813,-0.23074159,0,-0.6884816,-0.23074159,0,-0.6884816,1,0,0,1,-0.442753226,-0.00557342172,-1.82196033,1.20047188,0.100714907,-0.47933948,-0.481049478,-0.0432754159,-1.97317493,0.26869,0.7083361,-0.654968262,0.296295,-0.127823859,0.08212952,-0.433552176,-0.842112064,-1.9002316,3.314303,4.99032831,-7.162781,-1.72574091,0.0830466747,0.0215482712,-0.4794182,-0.196328014,-1.90811944,-1.83914185,0.409205079,3.88949561,1.52359486,0.09733346,0.194332719,-0.3553918,-2.09404588,-1.79426789,8.462556,4.336984,-7.265625,-2.08016419,0.123986959,0.03280586,-0.518587053,-0.14607209,-1.89836514,4.55900669,0.9010848,4.026599,1.44041109,0.04278055,0.2053659,-0.372270882,-2.71689773,-1.89272642,-4.207794,5.943065,-4.62744141,-1.20294333,0.00549852848,-0.141936541,-0.5535478,-0.0448298156,-1.86539137,32.6715,3.39953542,5.35324526,1.77140141,-0.192376286,0.40970242,-0.978339434,1.71612573,1.11907959,2.27036881
366,7.3199974064625843,1589,0,1,-1.24400413,0,-3.80163813,-0.23074159,0,-0.6884816,-0.23074159,0,-0.6884816,1,0,0,1,-0.4239377,-0.0193015635,-1.78653264,1.144888,0.09894998,-0.457039058,-0.435871,0.2162503,-1.93428,-3.70956421,0.113876954,-0.603240967,-3.28636217,-0.488751531,0.0439173,-0.456941217,-0.7220006,-1.88859415,1.52435446,4.214794,-7.19281,-1.28281343,-0.8029512,0.101645887,-0.465384275,-0.143733039,-1.86899555,0.132929534,0.4833059,4.15307474,1.72849023,0.09820807,0.220786452,-0.5460741,-1.30889654,-1.84545207,7.71342754,2.38085628,-7.07348633,-0.47994858,-1.7570281,0.172763944,-0.512085259,-0.0248810351,-1.85603845,6.25231361,0.9863346,4.312875,1.53006351,0.0438966751,0.226403385,-0.294830978,-0.9775915,-1.69702208,2.319817,-0.8074646,-4.16995239,5.61116076,-5.46201372,0.0436000824,-0.5539192,-0.0174383372,-1.84201348,34.14963,3.68866849,6.10211468,1.2777555,-0.114582926,0.391671121,-1.19696307,1.77653027,1.033989,2.37863684
367,7.3399973993764167,1592,0,1,-1.24400413,0,-3.80163813,-0.23074159,0,-0.6884816,-0.23074159,0,-0.6884816,1,0,0,1,-0.4163536,0.121943861,-1.771853,1.234067,0.09674981,-0.493219346,-0.425816417,-0.115829527,-1.77897775,-0.052734375,0.14899081,-0.377838135,1.99696207,-0.00161534548,0.112960696,-0.4752894,-0.203969061,-1.88721335,2.092032,3.58363676,-6.8475647,0.812528849,-0.609335542,0.213477373,-0.466214269,-0.0686655045,-1.87074411,1.84369922,0.55178684,4.427172,1.566555,0.0911978,0.228124022,-0.473418,-0.279458523,-1.86417341,9.221195,2.16510558,-6.84317,1.1994673,-0.2097831,0.09754312,-0.5150948,-0.00752280653,-1.85776043,8.01555,1.09147239,4.6178,1.48724377,0.0482117832,0.233425379,-0.24239406,-0.06170726,-1.54012048,6.633983,0.4194438,-4.31298828,2.47180915,0.5668249,-0.0521987677,-0.552944839,-0.00644621253,-1.84076679,35.6309166,4.01618147,6.81115675,1.307347,-0.0570626557,0.337163448,-1.40766668,1.84351456,0.924509048,2.49695587
368,7.3599973922902491,1597,0,1,-1.24400413,0,-3.80163813,-0.23074159,0,-0.6884816,-0.23074159,0,-0.6884816,1,0,0,1,-0.397295624,0.0895044655,-1.72745812,1.17253876,0.09322682,-0.468511581,-0.420983016,0.134696484,-1.87119532,-2.22171021,-0.2098999,-0.3585205,-1.73315358,-0.330447435,0.009216666,-0.429517627,0.0443869531,-1.84253871,4.72282457,3.0952847,-6.58963,2.09952831,-0.507306039,0.07491183,-0.450508177,-0.068852365,-1.82498634,3.67109442,0.6408414,4.715465,1.5862937,0.0986318737,0.241646111,-0.431637228,0.208470464,-1.85047352,10.9612837,1.94476128,-6.716095,1.59159672,-0.246743262,0.05294758,-0.502357543,0.009194538,-1.81841874,9.638738,1.20251262,4.9188633,1.45486176,0.04914309,0.232576728,-0.409564018,-0.0165638924,-1.82075334,10.8233366,0.257463038,-4.40658569,3.00941229,-0.6039591,-0.0638787746,-0.5425176,-0.00348100066,-1.81578732,36.99013,4.345218,7.47106075,1.20431268,-0.0432453454,0.308944881,-1.53643847,1.88650572,0.8613224,2.58097339
369,7.3799973852040814,1602,0,1,-1.24400413,0,-3.80163813,-0.23074159,0,-0.6884816,-0.23074159,0,-0.6884816,1,0,0,1,-0.393698484,0.109557062,-1.7229749,1.19190514,0.09195821,-0.47654295,-0.40341118,-0.0244937465,-1.74968123,-0.6994324,-0.372528076,-0.197479248,0.7514251,-0.132727861,0.0926578343,-0.426531047,0.0261262357,-1.85259974,6.980431,2.6106143,-6.43621826,1.93062437,-0.4887464,0.0245602131,-0.449345946,-0.06731112,-1.8293035,5.31574774,0.725374937,5.001387,1.51760614,0.0956986248,0.236624449,-0.4411961,0.1584808,-1.85336471,12.7944708,1.62353384,-6.592346,1.54338789,-0.2854016,0.07653129,-0.497095019,-0.0140202194,-1.80958056,11.2951221,1.32038367,5.23069143,1.41370285,0.0451529473,0.2342748,-0.4634363,-0.0192372054,-1.822843,13.8734646,0.1825799,-4.40405273,2.25386214,-0.284504771,0.198006272,-0.531179249,-0.004442334,-1.78847742,38.48521,4.69578028,8.12704849,1.31158817,-0.03452292,0.2922835,-1.75440073,1.93334758,0.714483261,2.706703
370,7.3999973781179138,1606,0,1,-1.24400413,0,-3.80163813,-0.23074159,0,-0.6884816,-0.23074159,0,-0.6884816,1,0,0,1,-0.3864227,0.05293423,-1.7062546,1.14860225,0.0905411541,-0.458899736,-0.382796824,0.1139999,-1.73380387,-0.672485352,-0.5255127,-0.132537842,-1.01037657,-0.203271016,0.008307517,-0.4281681,-0.0755374,-1.83515394,8.764035,2.207599,-6.289459,1.60896814,-0.4118918,0.05692053,-0.442672253,-0.09758675,-1.81309,6.999653,0.818142653,5.288446,1.54547465,0.100523844,0.238394916,-0.4576546,0.0154666118,-1.82820642,14.4524384,1.3430382,-6.42178345,1.42099273,-0.272123218,0.115313172,-0.491596669,-0.0265809,-1.80256224,12.9104872,1.44253147,5.539423,1.402893,0.0440364927,0.229506791,-0.48503387,-0.009076551,-1.79576766,16.22884,0.183286384,-4.09738159,1.75272346,-0.182354152,0.267640352,-0.5274804,-0.00552789867,-1.78949761,40.0226669,5.07810545,8.790351,1.32806361,-0.0253246129,0.283656865,-1.90637422,1.96603763,0.609460831,2.805532
371,7.4199973710317462,1611,0,1,-1.24400413,0,-3.80163813,-0.23074159,0,-0.6884816,-0.23074159,0,-0.6884816,1,0,0,1,-0.355625778,0.207428962,-1.57130218,0.329828978,0.017884776,-0.133194655,-0.3199774,0.13542296,-1.55535519,-2.05133057,-0.779754639,-0.0597839355,-2.13673854,-0.279211938,0.00124895573,-0.3682651,0.12544322,-1.61440241,8.918415,1.98089278,-6.33563232,0.2585223,-0.208028153,-0.0201390982,-0.389238119,0.133010328,-1.60501766,7.18199873,0.8350761,5.42661572,0.323294938,0.0239098519,0.132665753,-0.378202915,0.00215940177,-1.62936616,14.3898563,1.205393,-6.40008545,0.0326333866,-0.128435716,0.0110849217,-0.432412416,0.0114586055,-1.6225915,12.89355,1.43952978,5.69222,0.06445237,-0.011937134,0.124198385,-0.444784224,-0.03616923,-1.671972,16.7959118,0.229362056,-3.76589966,-0.187333733,-0.0556907058,0.2247496,-0.4837422,-0.004619196,-1.65424836,40.5417671,5.31020737,9.2419,0.348228455,-0.04368466,0.2222963,-2.03502178,1.974133,0.5077114,2.88032746
372,7.4399973639455776,1615,0,1,-1.24400413,0,-3.80163813,-0.23074159,0,-0.6884816,-0.23074159,0,-0.6884816,1,0,0,1,-0.3465063,0.143749177,-1.5451858,0.17563124,0.0064661256,-0.07148896,-0.3096926,0.07369337,-1.49954057,-2.81329346,-1.04891968,0.035465233,-1.25798273,-0.26055,0.0153214633,-0.369006336,0.116102189,-1.56084156,9.007503,1.80390847,-6.26306152,0.2163603,-0.175743639,0.06226431,-0.378477722,0.136017948,-1.55844009,7.373185,0.853504539,5.58558655,0.333537,0.0270471647,0.141388744,-0.378468722,0.06653011,-1.52774358,14.539115,1.11465883,-6.35220337,0.0557192266,-0.115549266,0.0533564,-0.409496933,0.108802482,-1.52269912,13.1332541,1.51047492,5.83271551,0.140652835,0.0103541315,0.1198156,-0.3835742,-0.0119651854,-1.49183047,16.6486511,0.3299283,-3.35882568,0.207078949,-0.09007407,0.2315913,-0.430603743,0.008541852,-1.49831,40.12996,5.4112196,9.499665,-0.3180801,-0.04342851,0.1347988,-2.20823,1.98456144,0.32913208,2.98715448
373,7.45999735685941,1620,0,1,-1.24400413,0,-3.80163813,-0.23074159,0,-0.6884816,-0.23074159,0,-0.6884816,1,0,0,1,-0.330586284,0.0537416041,-1.50059986,0.0600410178,-0.00350554776,-0.02551923,-0.309194475,0.0300511122,-1.47320151,-3.05310059,-1.21554565,0.121765442,-0.626212656,-0.155812308,0.0239085853,-0.354906023,0.0631177351,-1.49684274,9.15178,1.64558017,-6.150299,0.162849516,-0.154388517,0.09062283,-0.359067053,0.0918360651,-1.49969292,7.67675352,0.888908267,5.74203,0.318536729,0.0282301083,0.13119635,-0.3894074,0.04528624,-1.47630632,14.567399,0.9777867,-6.256378,0.0202769525,-0.130599648,0.0837929,-0.40127492,0.09237056,-1.48900008,13.2431421,1.53649986,5.971128,0.086680226,-0.008201465,0.11526195,-0.3996162,-0.0073595196,-1.465793,17.0836182,0.240050972,-3.169983,0.184275314,-0.16661194,0.0157391578,-0.428917855,0.003632322,-1.49425244,39.6912079,5.400427,9.636859,-0.341497451,-0.07930717,0.10224966,-2.308915,1.99352837,0.208414078,3.05756116
374,7.4799973497732424,1625,0,1,-1.24400413,0,-3.80163813,-0.23074159,0,-0.6884816,-0.23074159,0,-0.6884816,1,0,0,1,-0.31718725,-0.03321454,-1.46411717,-0.03499553,-0.008268738,0.0129092485,-0.301502258,0.00191619992,-1.43567932,-2.91445923,-1.2583313,0.178751022,-0.239940986,-0.04834719,0.0193708688,-0.342198461,0.00046095252,-1.44496167,9.200253,1.50932419,-6.016571,0.09084496,-0.14054361,0.115825057,-0.341814548,0.0209789723,-1.4516716,7.845123,0.908557653,5.88644266,0.202922225,0.0147124715,0.123961821,-0.3854114,0.0103744566,-1.41825092,14.5695515,0.872055352,-6.12896729,-0.00547497347,-0.118443906,0.108816616,-0.385290056,0.0415438861,-1.4385823,13.2955751,1.55438519,6.10675955,0.0357069336,-0.0148061812,0.113788016,-0.400518239,-0.00304532051,-1.40159881,17.3472271,0.187287509,-3.0010376,0.13589403,-0.125364691,0.017986238,-0.4128742,-0.0009621382,-1.43834448,39.4081955,5.4149456,9.762242,-0.232074574,-0.0576573461,0.0958786,-2.354579,1.99944091,0.1534977,3.09279275
375,7.4999973426870747,1629,0,1,-1.24400413,0,-3.80163813,-0.23074159,0,-0.6884816,-0.23074159,0,-0.6884816,1,0,0,1,-0.3097154,-0.100934863,-1.44270051,-0.108559728,-0.009672676,0.043075826,-0.29131636,-0.0132311136,-1.40382326,-2.51766968,-1.20089722,0.1942399,-0.0691973045,0.025108017,0.00225520134,-0.33559984,-0.05015619,-1.41299129,9.148362,1.40152574,-5.86199951,0.0325241461,-0.124336086,0.140828937,-0.330637217,-0.0415135622,-1.42261958,7.84743261,0.9093426,6.017482,0.08343879,0.002706118,0.117926553,-0.3874254,-0.0204040855,-1.37852716,14.5610142,0.7890076,-5.96099854,-0.0255248845,-0.1066095,0.1403473,-0.373360485,-0.0119502842,-1.40508628,13.2980318,1.56759882,6.242229,-0.01558567,-0.0189314261,0.1132832,-0.403462172,0.00433403254,-1.34524727,17.644453,0.147260427,-2.83383179,0.229542688,-0.11054606,0.0290549845,-0.3996582,-0.004906103,-1.39383674,39.31582,5.47835064,9.906078,-0.09109134,-0.0292306915,0.0977961,-2.41241336,2.00370455,0.07163048,3.13682985
376,7.5199973356009071,1634,0,1,-1.24400413,0,-3.80163813,-0.23074159,0,-0.6884816,-0.23074159,0,-0.6884816,1,0,0,1,-0.303367674,-0.145474777,-1.42230439,-0.157404989,-0.0116635906,0.06289762,-0.283192664,-0.0306314826,-1.37723517,-2.04443359,-1.09176636,0.176113531,0.102354661,0.0688371062,-0.007833053,-0.330727965,-0.08141628,-1.38498116,9.068648,1.3122927,-5.67956543,0.00245592184,-0.109738395,0.161408365,-0.321720749,-0.08183503,-1.3972851,7.76610851,0.901536763,6.141207,0.006349165,-0.003204912,0.111421987,-0.391149133,-0.0380584747,-1.348343,14.5335274,0.7277778,-5.76519775,-0.0330920741,-0.0947534,0.165433079,-0.364390016,-0.0468710959,-1.38195431,13.2541561,1.57631385,6.371496,-0.0468302928,-0.0185020864,0.110198647,-0.41005978,0.008306369,-1.30503273,18.1003819,0.10967233,-2.66418457,0.270815223,-0.101807937,0.0415727347,-0.390093774,-0.00747703,-1.36501861,39.3509178,5.57910633,10.06367,0.00344979949,-0.00753664225,0.10122513,-2.4319458,2.00469971,0.0467262268,3.15204144
377,7.5399973285147386,1640,0,1,-1.24400413,0,-3.80163813,-0.23074159,0,-0.6884816,-0.23074159,0,-0.6884816,1,0,0,1,-0.297542572,-0.163735241,-1.4036113,-0.1770956,-0.0126550356,0.07084931,-0.2768547,-0.0417442173,-1.35463357,-1.59039307,-0.9621582,0.139189169,0.1767941,0.08764577,-0.0158585533,-0.327983975,-0.09184882,-1.36237276,8.973816,1.23939192,-5.4711,0.00498431362,-0.09956492,0.183515117,-0.31491375,-0.0964703,-1.37689734,7.6404376,0.889852047,6.26085424,-0.013750325,-0.003028661,0.108654924,-0.395381361,-0.0445692241,-1.32229328,14.5034647,0.6877576,-5.54330444,-0.0388737246,-0.0821653,0.188305423,-0.356820583,-0.06067352,-1.36187947,13.1973839,1.58624327,6.496243,-0.0618663579,-0.01662749,0.107334971,-0.416796,0.0119437724,-1.27036071,18.6919289,0.09074374,-2.476532,0.350643575,-0.0913875252,0.05584024,-0.381849855,-0.008379519,-1.34311283,39.4354019,5.697127,10.2253618,0.0386119969,0.004127398,0.100295372,-2.43397379,2.00778484,0.04623604,3.15556121
378,7.5599973214285709,1646,0,1,-1.24400413,0,-3.80163813,-0.23074159,0,-0.6884816,-0.23074159,0,-0.6884816,1,0,0,1,-0.292225718,-0.159696564,-1.38704181,-0.172782138,-0.0123026958,0.06912871,-0.270925283,-0.0478968024,-1.33489978,-1.049408,-0.815185547,0.09712908,0.191060215,0.0962298438,-0.0222717151,-0.3266342,-0.08660039,-1.34504271,8.882472,1.18038142,-5.23565674,0.0230032951,-0.09157406,0.205813855,-0.3095313,-0.09098151,-1.36131155,7.51517248,0.878987134,6.37978649,0.00407454744,0.000714637339,0.107901275,-0.400860816,-0.0438402,-1.30106652,14.4718733,0.665639341,-5.29360962,-0.04340746,-0.07254411,0.211991325,-0.3508797,-0.0585814863,-1.34654725,13.14285,1.59716034,6.619698,-0.06413637,-0.0154322609,0.106134474,-0.4244303,0.0140800327,-1.241586,19.43434,0.08316981,-2.26678467,0.441521347,-0.0884915441,0.06993769,-0.3755827,-0.008181885,-1.32866788,39.5195,5.81435537,10.383914,0.0342358574,0.005209394,0.098389715,-2.437221,2.011189,0.03211975,3.16005683
379,7.5799973143424033,1651,0,1,-1.24400413,0,-3.80163813,-0.23074159,0,-0.6884816,-0.23074159,0,-0.6884816,1,0,0,1,-0.287683129,-0.137734413,-1.37099218,-0.156945,-0.0134617025,0.06238494,-0.263956815,-0.04347159,-1.31723511,-0.5950928,-0.6719055,0.04603851,0.0576841235,0.0851759762,-0.0320842639,-0.3253396,-0.06991257,-1.328942,8.78937149,1.13264954,-4.9770813,0.02411353,-0.0810301453,0.2193394,-0.304777443,-0.07145807,-1.34697163,7.40146542,0.8703099,6.495894,0.017854685,0.004159391,0.10068807,-0.407083631,-0.0394184142,-1.28432631,14.4276819,0.657566547,-5.019806,-0.0541131757,-0.06518546,0.232699811,-0.3460125,-0.04756306,-1.33523715,13.088068,1.6077528,6.739547,-0.0656619,-0.0149254054,0.10353592,-0.4329978,0.014990598,-1.219064,20.3202877,0.0829572156,-2.03704834,0.525108933,-0.0874479041,0.08153799,-0.370850772,-0.00721161067,-1.31973684,39.5695877,5.918507,10.531352,0.006251472,0.001155585,0.0947759,-2.437691,2.01166248,0.0303421021,3.16070318
380,7.5999973072562357,1657,0,1,-1.24400413,0,-3.80163813,-0.23074159,0,-0.6884816,-0.23074159,0,-0.6884816,1,0,0,1,-0.2824241,-0.10040161,-1.35408688,-0.141068876,-0.01454646,0.05564574,-0.25689882,-0.0333895981,-1.30048442,-0.337890625,-0.562225342,-0.004486084,-0.14962177,0.0560976267,-0.0402885675,-0.324373931,-0.0438809246,-1.31214714,8.657403,1.09849238,-4.708374,0.000108866952,-0.07021411,0.2388434,-0.300975859,-0.0416733474,-1.33198333,7.26779175,0.8616275,6.599471,0.0114999786,0.00391315669,0.101677738,-0.411940068,-0.033933714,-1.26791251,14.3570614,0.6620964,-4.72775269,-0.08485003,-0.0564871,0.246360511,-0.341270417,-0.0333433747,-1.32418036,13.02216,1.61932707,6.85267973,-0.08435626,-0.0141458511,0.09617385,-0.440645039,0.0146900117,-1.19934738,21.3189888,0.0946378,-1.78668213,0.587183356,-0.08385783,0.09357527,-0.366376817,-0.005964935,-1.31244564,39.5684624,6.008468,10.6657362,-0.0367739163,-0.00331582874,0.0904971,-2.43873167,2.01051235,0.0258731842,3.16073442
381,7.619997300170068,1660,0,1,-1.24400413,0,-3.80163813,-0.23074159,0,-0.6884816,-0.23074159,0,-0.6884816,1,0,0,1,-0.276841342,-0.05562353,-1.33724284,-0.123305351,-0.0156571176,0.04813244,-0.249887839,-0.0233777463,-1.28320634,-0.281188965,-0.491546631,-0.04763794,-0.33634606,0.0241978168,-0.0452983975,-0.322954446,-0.009356394,-1.29582715,8.434123,1.08101368,-4.41766357,-0.0149029512,-0.0610093772,0.256549776,-0.296251774,-0.00343705714,-1.31735432,7.063283,0.8441591,6.705745,0.0139895407,0.00475481153,0.0993224159,-0.413168818,-0.0286680162,-1.24713862,14.2413321,0.6816775,-4.422943,-0.138718367,-0.0417603254,0.260139674,-0.3353763,-0.0191707462,-1.30784667,12.9271851,1.62859893,6.9583416,-0.1255035,-0.01792416,0.09318137,-0.445652366,0.013355583,-1.17920578,22.4080639,0.13669534,-1.60687256,0.6227872,-0.0544606447,0.142914161,-0.361216366,-0.004716158,-1.30229807,39.5140724,6.08052444,10.7887936,-0.07822109,-0.0106838718,0.0873741955,-2.43777013,2.00824451,0.0305404663,3.15859175
382,7.6399972930838995,1665,0,1,-1.24400413,0,-3.80163813,-0.23074159,0,-0.6884816,-0.23074159,0,-0.6884816,1,0,0,1,-0.271072984,-0.0126191825,-1.32069767,-0.104064368,-0.01681913,0.0400112569,-0.243616059,-0.015771389,-1.26725578,-0.3753357,-0.456176758,-0.08227539,-0.462223649,-0.00495786965,-0.04621525,-0.3205264,0.02637586,-1.28037608,8.204523,1.07255054,-4.11322,-0.0121509619,-0.0537780225,0.2688044,-0.29115057,0.035694465,-1.30309939,6.8704133,0.827306747,6.808473,0.03282231,0.00686585158,0.09587872,-0.413872033,-0.019768402,-1.22662222,14.0474119,0.7156064,-4.102356,-0.186773434,-0.03652191,0.273996681,-0.329447657,-0.00173400342,-1.2917881,12.771163,1.62609255,7.059653,-0.160146683,-0.0233649462,0.09041174,-0.44868803,0.009616375,-1.15442383,23.5604267,0.165157974,-1.41552734,0.6219261,-0.06517081,0.1647653,-0.354862332,-0.00353758037,-1.28604424,39.4137077,6.13539839,10.9046469,-0.119141355,-0.0217149556,0.08554578,-2.44025326,2.00433636,0.019329071,3.15793824
383,7.6599972859977319,1670,0,1,-1.24400413,0,-3.80163813,-0.23074159,0,-0.6884816,-0.23074159,0,-0.6884816,1,0,0,1,-0.26523155,0.0208453536,-1.30448079,-0.0844209939,-0.018087646,0.031716682,-0.23836942,-0.011070475,-1.25381851,-0.5471802,-0.4449463,-0.110443115,-0.5218172,-0.0304747969,-0.04202403,-0.318081468,0.05331266,-1.26526725,7.98640537,1.06768823,-3.79470825,-0.00478824042,-0.04982105,0.28053236,-0.286104,0.0660128146,-1.28913641,6.706756,0.8129136,6.90818739,0.0561296977,0.009315193,0.09291408,-0.415301055,-0.00763061643,-1.20886743,13.82045,0.75444293,-3.76806641,-0.207214832,-0.0344710648,0.285874248,-0.323729366,0.0194901228,-1.27710652,12.6005726,1.61944032,7.15751266,-0.1656303,-0.0251732841,0.08761525,-0.451668769,0.00763385,-1.13319445,24.7896633,0.198429123,-1.20446777,0.655167341,-0.0678220242,0.181730047,-0.349567682,-0.00166888535,-1.2733283,39.2383766,6.16845,11.00831,-0.183687866,-0.0323215127,0.08330387,-2.440672,2.00042486,0.0175056458,3.1557703
384,7.6799972789115643,1676,0,1,-1.24400413,0,-3.80163813,-0.23074159,0,-0.6884816,-0.23074159,0,-0.6884816,1,0,0,1,-0.259535134,0.04028681,-1.28895378,-0.06600486,-0.0194983054,0.0239130612,-0.233780146,-0.008027494,-1.24120224,-0.757782,-0.453674316,-0.1300354,-0.537523031,-0.04602965,-0.0381948948,-0.315568477,0.06632005,-1.25079536,7.783293,1.06465328,-3.46435547,0.000594867859,-0.04690416,0.2908976,-0.281157762,0.08268808,-1.27571607,6.57842159,0.8018885,7.005262,0.07891773,0.0118748471,0.0897689462,-0.416382074,-0.00245404243,-1.19292569,13.5861378,0.793771744,-3.42367554,-0.211106971,-0.034792304,0.294817626,-0.3184698,0.0338425338,-1.26423,12.4404926,1.61272955,7.25248432,-0.155406922,-0.0246492028,0.0850479,-0.4548033,0.00508090854,-1.1165421,26.0713673,0.238403916,-0.974212646,0.6682823,-0.06964305,0.195558578,-0.344758183,-0.000409632921,-1.26257479,39.00873,6.18588352,11.1016989,-0.223021582,-0.0386669338,0.08090225,-2.441942,1.9963938,0.0115470886,3.15417218
385,7.6999972718253966,1681,0,1,-1.24400413,0,-3.80163813,-0.23074159,0,-0.6884816,-0.23074159,0,-0.6884816,1,0,0,1,-0.2541168,0.0453123748,-1.27419984,-0.04905921,-0.0210552122,0.0166989733,-0.229709536,-0.00646115839,-1.22934759,-0.9691162,-0.4729309,-0.144927979,-0.516340137,-0.0526201576,-0.0343230069,-0.312813342,0.06520279,-1.23720026,7.5955596,1.06211126,-3.125,0.004427054,-0.04475516,0.298228562,-0.276477545,0.08461931,-1.26292,6.483301,0.795256138,7.099499,0.09705344,0.0149829946,0.08666645,-0.416748047,-0.005327314,-1.178935,13.3618317,0.83130455,-3.07229614,-0.199827582,-0.03653699,0.300897658,-0.313116968,0.0383846164,-1.2519753,12.3044481,1.60899556,7.344576,-0.133356735,-0.0212817341,0.08173288,-0.4570234,0.00275672972,-1.10237908,27.3917027,0.286760449,-0.726532,0.683043,-0.06932567,0.206881568,-0.3392328,-8.21054E-05,-1.25132728,38.77778,6.20136452,11.1891422,-0.22486946,-0.03913509,0.07637029,-2.44322062,1.99343681,0.0137214661,3.15330076
386,7.719997264739229,1685,0,1,-1.24400413,0,-3.80163813,-0.23074159,0,-0.6884816,-0.23074159,0,-0.6884816,1,0,0,1,-0.249019936,0.03792551,-1.26015115,-0.03354569,-0.0227366518,0.0100611672,-0.225924715,-0.00625371933,-1.2178781,-1.1505127,-0.493988037,-0.157196045,-0.46868962,-0.05171609,-0.0316137373,-0.309896141,0.05285433,-1.22438526,7.42660141,1.0591408,-2.78057861,0.0112106176,-0.0432473123,0.302812845,-0.271885157,0.0746078938,-1.250723,6.42012358,0.7986554,7.19016743,0.11408148,0.023095455,0.08302058,-0.4159488,-0.014529869,-1.16619551,13.162919,0.8660883,-2.71755981,-0.175982341,-0.0384680331,0.3036561,-0.3066735,0.03563401,-1.24029958,12.2056036,1.615605,7.43196726,-0.1000513,-0.0103582591,0.07621051,-0.457480341,0.000641346,-1.08909333,28.76344,0.345802277,-0.46383667,0.7138821,-0.0671661347,0.21502915,-0.3313175,-0.0009036064,-1.23943615,38.59527,6.23226833,11.2511091,-0.203665227,-0.0312909335,0.05965563,-2.460885,1.999923,-0.0327034,3.1712327
387,7.7399972576530613,1690,0,1,-1.24400413,0,-3.80163813,-0.23074159,0,-0.6884816,-0.23074159,0,-0.6884816,1,0,0,1,-0.244204223,0.022009775,-1.24657869,-0.0190841015,-0.02450968,0.0038480442,-0.222264126,-0.00736179948,-1.2064712,-1.27661133,-0.5098877,-0.168701172,-0.4021608,-0.0452116653,-0.0297720581,-0.306635827,0.0333581567,-1.21219587,7.280309,1.05527663,-2.434204,0.0227028765,-0.0420273542,0.303953469,-0.2669849,0.0568504632,-1.23902261,6.38933039,0.8125297,7.27403736,0.1328743,0.03191796,0.07647467,-0.41408363,-0.0280557126,-1.15479255,12.998292,0.897885263,-2.36236572,-0.144668132,-0.04022196,0.303825051,-0.299750149,0.0269037187,-1.22948134,12.1494989,1.63429284,7.51291275,-0.0623059124,0.00206932425,0.07013227,-0.456035763,-0.00147560239,-1.07635856,30.2128983,0.416475564,-0.1892395,0.7677529,-0.06449276,0.219860077,-0.324471027,-0.0049931854,-1.22768486,38.4779549,6.280221,11.27255,-0.1718684,-0.01883109,0.0488229766,-2.48412228,2.012198,-0.0940265656,3.19822526
388,7.7599972505668928,1695,0,1,-1.24400413,0,-3.80163813,-0.23074159,0,-0.6884816,-0.23074159,0,-0.6884816,1,0,0,1,-0.239591375,0.00179851055,-1.23327494,-0.00547914254,-0.0263332818,-0.002014786,-0.21851185,-0.009085357,-1.19493616,-1.336731,-0.515716553,-0.18170166,-0.332913429,-0.03569633,-0.02896022,-0.30309087,0.01070036,-1.20038331,7.15843,1.050395,-2.089447,0.03806434,-0.0409647524,0.302482635,-0.2621652,0.0354248434,-1.2275095,6.389402,0.835498,7.34999,0.15322119,0.0397169329,0.0693128556,-0.4108756,-0.0440062,-1.14402425,12.87078,0.9268184,-2.01013184,-0.111443,-0.0413578451,0.301071554,-0.2931216,0.01498048,-1.21863616,12.1386328,1.66215622,7.5882473,-0.02285399,0.0114940181,0.064350456,-0.4523648,-0.0037638247,-1.06359208,31.7671928,0.499542266,0.09375031,0.842215359,-0.06063594,0.221319512,-0.3181177,-0.009249538,-1.2150625,38.4372749,6.3410306,11.2842388,-0.124389343,-0.0219074041,0.0471335538,-2.50400543,2.01637,-0.131578445,3.217624
389,7.7799972434807252,1699,0,1,-1.24400413,0,-3.80163813,-0.23074159,0,-0.6884816,-0.23074159,0,-0.6884816,1,0,0,1,-0.235093981,-0.0185788274,-1.2200371,0.007592942,-0.02817995,-0.007656172,-0.214320153,-0.0108412355,-1.18273473,-1.33392334,-0.509643555,-0.196990967,-0.2729087,-0.02560886,-0.0291124061,-0.2991372,-0.0117103606,-1.188799,7.059044,1.04465616,-1.7489624,0.0543455,-0.03976357,0.298239321,-0.257681131,0.0143195689,-1.21593034,6.418381,0.8644984,7.419094,0.175198585,0.0452415273,0.06316301,-0.406437129,-0.0610772222,-1.13392985,12.7763824,0.9532436,-1.66345215,-0.08186169,-0.0418434143,0.295937777,-0.287216365,0.0024587214,-1.20758891,12.1709776,1.69720912,7.658891,0.0146377925,0.01836121,0.0593374521,-0.446713835,-0.006571427,-1.05120587,33.4499435,0.5956995,0.381765783,0.932355344,-0.0562028438,0.21942921,-0.313342124,-0.0146396756,-1.20237637,38.4707336,6.41514874,11.3030186,-0.07890486,-0.0349763744,0.05439508,-2.54425287,2.03050232,-0.233213425,3.263518
390,7.7999972363945576,1703,0,1,-1.24400413,0,-3.80163813,-0.23074159,0,-0.6884816,-0.23074159,0,-0.6884816,1,0,0,1,-0.230612636,-0.0358846635,-1.20669961,0.02042479,-0.0300189126,-0.0131912529,-0.209612161,-0.0120929629,-1.16991949,-1.28189087,-0.493011475,-0.215026855,-0.231195226,-0.0177331045,-0.0300259516,-0.294760525,-0.0313686728,-1.17728281,6.97666264,1.03831673,-1.415863,0.06848376,-0.03836967,0.291692972,-0.25359723,-0.00359496474,-1.20412409,6.473098,0.8952771,7.4831996,0.197682619,0.047322996,0.05872365,-0.4005989,-0.07829481,-1.12383986,12.7064238,0.977548838,-1.32537842,-0.0599940643,-0.0416036248,0.2885651,-0.28262803,-0.009095594,-1.196038,12.24115,1.735587,7.72685242,0.0468273945,0.0207335912,0.05634256,-0.439076573,-0.01021184,-1.03887331,35.2746773,0.7062567,0.6714238,1.02992451,-0.051034838,0.2142856,-0.310414463,-0.0193129778,-1.189136,38.5647354,6.498177,11.3489418,-0.0327110253,-0.053077884,0.06993632,-2.578075,2.04082036,-0.3217106,3.303773
391,7.81999722930839,1707,0,1,-1.24400413,0,-3.80163813,-0.23074159,0,-0.6884816,-0.23074159,0,-0.6884816,1,0,0,1,-0.226049975,-0.04798901,-1.19314122,0.0333541222,-0.0318383127,-0.0187559277,-0.204378635,-0.01264964,-1.1564467,-1.19891357,-0.469238281,-0.235290527,-0.209687158,-0.0135560781,-0.03100833,-0.289890856,-0.0468016267,-1.16575241,6.903534,1.031517,-1.09225464,0.07787748,-0.03676349,0.2829396,-0.250036567,-0.01658085,-1.1919663,6.54975557,0.923176944,7.545264,0.219425157,0.0454506837,0.0570013076,-0.393637925,-0.09499021,-1.11422348,12.64959,0.9998241,-0.99798584,-0.0479179546,-0.04089293,0.27927053,-0.279741317,-0.01845716,-1.1838454,12.3414907,1.77260637,7.79509449,0.0725212246,0.018003324,0.05595158,-0.4300345,-0.0147298276,-1.02742267,37.2488251,0.8323163,0.9601098,1.13329029,-0.0452190042,0.206738651,-0.309366763,-0.0220725387,-1.17553854,38.7036858,6.58527374,11.4424944,0.0145687051,-0.0718439445,0.09100087,-2.59554958,2.042541,-0.3576908,3.32216716
392,7.8399972222222223,1712,0,1,-1.24400413,0,-3.80163813,-0.23074159,0,-0.6884816,-0.23074159,0,-0.6884816,1,0,0,1,-0.221286058,-0.0542477071,-1.1791904,0.0464859381,-0.03368454,-0.0244004969,-0.198658288,-0.0123125613,-1.14249277,-1.10580444,-0.443023682,-0.256713867,-0.209232047,-0.0137520116,-0.0320029929,-0.284602582,-0.0588647723,-1.15401042,6.82661772,1.02422082,-0.780792236,0.07525641,-0.0352265537,0.2728381,-0.246960238,-0.0240416229,-1.17928529,6.64526749,0.9450081,7.608869,0.240237966,0.04078748,0.0584064461,-0.3843026,-0.104400888,-1.1013943,12.6084223,1.01891136,-0.6836548,-0.02254518,-0.0418747663,0.2678355,-0.278521,-0.02477929,-1.1707437,12.4647827,1.804897,7.866696,0.0920461,0.0116293281,0.05838641,-0.4289663,-0.0140229315,-1.036252,39.0578232,0.974438,1.24882543,0.7408388,-0.04338467,0.208854333,-0.309399635,-0.0227542818,-1.16145825,38.8734932,6.674218,11.5959148,0.06027782,-0.09611216,0.114768147,-2.62660885,2.04933453,-0.4489689,3.3616097
393,7.8599972151360538,1717,0,1,-1.24400413,0,-3.80163813,-0.23074159,0,-0.6884816,-0.23074159,0,-0.6884816,1,0,0,1,-0.216221258,-0.0552505553,-1.1646924,0.0598547868,-0.0356534868,-0.03015457,-0.192430913,-0.0112683773,-1.12779915,-1.0194397,-0.4187317,-0.278259277,-0.22374925,-0.0177998729,-0.03256941,-0.2785204,-0.0523269624,-1.1414516,6.786727,1.01184976,-0.482666016,0.1397974,-0.0383234024,0.259889781,-0.244182765,-0.0264404565,-1.16596,6.75840759,0.959869444,7.67750263,0.26058802,0.0352374241,0.0624948964,-0.378431916,-0.07092014,-1.09685314,12.6928816,1.026352,-0.3817749,0.06857951,-0.0492114425,0.256143481,-0.278368533,-0.0276160538,-1.156941,12.605772,1.831007,7.944026,0.107425541,0.003884118,0.06254098,-0.4347633,-0.008755282,-1.05991375,39.5484352,1.11884522,1.559127,0.35326916,-0.05576215,0.224468589,-0.309717268,-0.0216278881,-1.14726484,39.0625839,6.76314974,11.8069611,0.0993594453,-0.121343918,0.136261508,-2.638145,2.05179977,-0.48144722,3.37660813
394,7.8799972080498861,1722,0,1,-1.24400413,0,-3.80163813,-0.23074159,0,-0.6884816,-0.23074159,0,-0.6884816,1,0,0,1,-0.2111129,-0.0518924147,-1.15032983,0.0734257251,-0.0374942,-0.0359620973,-0.186013371,-0.009726211,-1.11308229,-0.951446533,-0.4005432,-0.2984619,-0.247318566,-0.0251462571,-0.0329263434,-0.272573262,-0.032083258,-1.12857449,6.86864233,0.9946832,-0.1956482,0.251543522,-0.0406850576,0.2488294,-0.241625383,-0.0245876312,-1.15273881,6.88950443,0.9688891,7.75275135,0.280616373,0.0304106735,0.06823993,-0.370696843,-0.03708467,-1.08747363,12.8460283,1.03363752,-0.090423584,0.120083228,-0.0494602174,0.245745957,-0.2784575,-0.0268142968,-1.14262235,12.761528,1.85160625,8.02766,0.120743372,-0.00355365872,0.0672178,-0.428608447,-0.004093975,-1.05830872,39.8473549,1.27702749,1.88820755,0.228951424,-0.04400351,0.221674144,-0.309781671,-0.0189534128,-1.13279629,39.2614555,6.84811831,12.0640268,0.125975,-0.126965567,0.146410972,-2.63768029,2.054409,-0.478158951,3.3773644
395,7.8999972009637185,1727,0,1,-1.24400413,0,-3.80163813,-0.23074159,0,-0.6884816,-0.23074159,0,-0.6884816,1,0,0,1,-0.206014454,-0.04733534,-1.13612676,0.0874556,-0.0393295027,-0.0419467948,-0.179522753,-0.008259177,-1.098432,-0.9040222,-0.389709473,-0.3178711,-0.268422,-0.0334795043,-0.03318438,-0.266243935,-0.0141296238,-1.11625206,7.088151,0.976132631,0.07547678,0.3472521,-0.03992588,0.235643968,-0.23830466,-0.0175008178,-1.139811,7.08907032,0.981375337,7.82796049,0.3212091,0.0309828073,0.07070761,-0.3615444,-0.009094149,-1.07527328,13.0152655,1.04165685,0.1957666,0.151791379,-0.0500964075,0.237194151,-0.277434081,-0.01731509,-1.12694693,12.9112844,1.86309636,8.122999,0.134678751,-0.010710489,0.07314406,-0.418862075,-0.0011921227,-1.0482589,40.03263,1.43610513,2.21705031,0.13532114,-0.0411634743,0.215028465,-0.3086439,-0.0148201585,-1.11504662,39.4517365,6.924954,12.3466911,0.124316536,-0.117544435,0.144452959,-2.64045262,2.057354,-0.492488861,3.383377
396,7.9199971938775509,1731,0,1,-1.24400413,0,-3.80163813,-0.23074159,0,-0.6884816,-0.23074159,0,-0.6884816,1,0,0,1,-0.188799724,-0.0263941884,-1.11482346,0.04502344,-0.0162367914,-0.02091173,-0.166626021,-0.00767269731,-1.074215,-0.9267578,-0.366882324,-0.317108154,-0.342335969,-0.02132181,-0.0164164975,-0.249696761,0.0149505734,-1.09557235,7.26380968,0.9550431,0.4118483,0.326130927,-0.0440911651,0.270442277,-0.223446116,0.00840424,-1.11488974,7.2284627,0.9799271,7.990597,0.287179,0.0227519758,0.121142022,-0.3480468,0.008562297,-1.05045652,13.092907,1.05414271,0.493383616,0.05980179,-0.0509979874,0.268921316,-0.272124648,-0.0032441318,-1.09741628,12.9693546,1.8673526,8.245246,0.0440698,-0.0228326023,0.119737931,-0.406087,0.000383362174,-1.03139377,40.0950737,1.6119442,2.56572485,0.0244808868,-0.037901,0.235078812,-0.304446131,-0.009234935,-1.09377015,39.5520363,7.039964,12.6855078,0.043945767,-0.0948837847,0.163931668,-2.64077377,2.05926061,-0.495231628,3.38518763
397,7.9399971867913832,1736,0,1,-1.24400413,0,-3.80163813,-0.23074159,0,-0.6884816,-0.23074159,0,-0.6884816,1,0,0,1,-0.177256986,-0.00778993964,-1.09252942,0.00172575435,-0.008593228,-0.00219026767,-0.1531217,-0.00872229,-1.05028331,-0.988464355,-0.336395264,-0.313751221,-0.378006816,-0.0140811577,-0.0193968564,-0.23264,0.0289043039,-1.07194293,7.35813046,0.935169637,0.7197063,0.214318275,-0.0476279557,0.276985973,-0.208417863,0.0241941065,-1.08768535,7.295347,0.9752564,8.138418,0.18809998,0.008515246,0.142642528,-0.332371444,0.0206776559,-1.03225827,13.135437,1.05561423,0.820199251,0.0120933289,-0.0599388331,0.271047771,-0.261555552,0.0128535479,-1.07395029,13.0022612,1.86960554,8.410155,0.00377273746,-0.0307446867,0.132580951,-0.393821418,0.00184884667,-1.01254785,40.0168381,1.78460991,2.94195986,-0.0833692,-0.0481808037,0.248148829,-0.297327161,-0.004295826,-1.06748974,39.50587,7.118901,12.9369917,-0.07258752,-0.0668371245,0.148989633,-2.63988876,2.05981779,-0.489004135,3.38393068
398,7.9599971797052147,1741,0,1,-1.24400413,0,-3.80163813,-0.23074159,0,-0.6884816,-0.23074159,0,-0.6884816,1,0,0,1,-0.169736922,-0.00398957729,-1.07569706,-0.00624093367,-0.00591038167,0.00147373509,-0.1437545,-0.0100471228,-1.03284454,-1.034668,-0.305786133,-0.3182373,-0.360277385,-0.01855576,-0.0235736147,-0.221129283,0.0300517827,-1.05647445,7.418002,0.9143124,1.02533376,0.184062928,-0.04432237,0.261005938,-0.197829172,0.02810277,-1.07053673,7.344779,0.969608545,8.293279,0.17187421,0.0103570223,0.134056836,-0.318116218,0.0201439857,-1.016893,13.1634455,1.064942,1.14312625,-0.00318860821,-0.055559665,0.27133435,-0.251054883,0.0171839446,-1.054888,13.02704,1.87789631,8.581117,-0.006070873,-0.0281986147,0.141381517,-0.3800288,0.00178460777,-0.995161951,39.921505,1.98455763,3.33027148,-0.09203795,-0.034193188,0.255572438,-0.288979,-0.0028488934,-1.047051,39.4158936,7.21471357,13.17993,-0.0993435159,-0.04726121,0.152065754,-2.64163923,2.06040859,-0.497243881,3.38685584
399,7.9799971726190471,1747,0,1,-1.24400413,0,-3.80163813,-0.23074159,0,-0.6884816,-0.23074159,0,-0.6884816,1,0,0,1,-0.163134634,-0.00587554276,-1.05981565,-0.00786384,-0.005204658,0.002245896,-0.1368496,-0.0108054429,-1.01726,-1.0708313,-0.282714844,-0.3222046,-0.343702823,-0.0240282416,-0.0239168629,-0.212936312,0.0254775882,-1.04073131,7.454833,0.8956324,1.32126808,0.161284,-0.03992808,0.2551207,-0.190807566,0.0253690779,-1.05393124,7.381988,0.9655816,8.446444,0.157994285,0.01237075,0.135040134,-0.306153834,0.01314801,-1.00423169,13.1747541,1.07995641,1.45159066,-0.0121523729,-0.04859662,0.260999739,-0.242240638,0.0132241249,-1.04030156,13.037899,1.89160061,8.744797,-0.0128238276,-0.02209431,0.137481987,-0.367229342,0.00103667378,-0.9836161,39.86114,2.199165,3.71747351,-0.06269968,-0.0232477784,0.2537632,-0.280606836,-0.00314567983,-1.03366458,39.3417473,7.3340683,13.419095,-0.0830687657,-0.0298401713,0.151764423,-2.64238882,2.060924,-0.499876022,3.38814139
400,7.9999971655328794,1753,0,1,-1.24400413,0,-3.80163813,-0.23074159,0,-0.6884816,-0.23074159,0,-0.6884816,1,0,0,1,-0.156694859,-0.009556323,-1.04379284,-0.0117269717,-0.00528444536,0.00378022529,-0.13056086,-0.0114830285,-1.00138974,-1.10012817,-0.262359619,-0.323638916,-0.3317867,-0.0250236988,-0.0231663063,-0.2051442,0.0196671337,-1.0249269,7.470188,0.880105555,1.60959935,0.141218811,-0.0352655053,0.249426857,-0.184046358,0.02019678,-1.03747308,7.40153456,0.9631655,8.598951,0.140788078,0.0142420977,0.13508302,-0.295359939,0.006325394,-0.9903382,13.1757956,1.098178,1.7493161,-0.0190199558,-0.0442588627,0.25222078,-0.234457374,0.00753203034,-1.02454,13.039422,1.90822423,8.904376,-0.01894411,-0.01898995,0.134873673,-0.354255259,-4.70131636E-05,-0.9703525,39.83182,2.41098928,4.09528637,-0.04004386,-0.0230806768,0.246452183,-0.271362752,-0.004037887,-1.0179255,39.2934532,7.45875025,13.6507635,-0.06377648,-0.0327022821,0.1503625,-2.64618444,2.05691385,-0.500404358,3.38874483
401,8.0199971584467118,1758,0,1,-1.24400413,0,-3.80163813,-0.23074159,0,-0.6884816,-0.23074159,0,-0.6884816,1,0,0,1,-0.150352731,-0.0140831172,-1.02775967,-0.016593663,-0.00563510833,0.00566940242,-0.124316,-0.0124383271,-0.9850376,-1.11816406,-0.24017334,-0.323669434,-0.3173207,-0.0224170387,-0.02279172,-0.197464362,0.0147209913,-1.00899577,7.47150564,0.866940141,1.89044976,0.128723845,-0.031357035,0.242801175,-0.17738606,0.0151846409,-1.02100909,7.40682364,0.9614459,8.750208,0.1277246,0.0155291259,0.13391456,-0.285131663,0.00186358392,-0.9756702,13.1721239,1.11699176,2.037827,-0.0226341784,-0.04200855,0.244664535,-0.226951465,0.00289917,-1.00822461,13.03552,1.92499423,9.061022,-0.0230197944,-0.01806748,0.132448673,-0.341791034,-0.0008866936,-0.9558884,39.8199768,2.61296678,4.46113157,-0.0294050686,-0.0262209624,0.238368466,-0.262414783,-0.0049315244,-1.00136268,39.2635078,7.57947063,13.8738852,-0.0509861633,-0.0395081639,0.1479546,-2.646567,2.05738783,-0.500976563,3.38941574
402,8.0399971513605433,1763,0,1,-1.24400413,0,-3.80163813,-0.23074159,0,-0.6884816,-0.23074159,0,-0.6884816,1,0,0,1,-0.1440724,-0.0186431855,-1.01172686,-0.0215116572,-0.006041256,0.00756875658,-0.118027292,-0.0136042386,-0.9687146,-1.12017822,-0.212646484,-0.324005127,-0.301027,-0.0177202672,-0.0232222751,-0.189934969,0.01107426,-0.992972434,7.46649742,0.855468869,2.1639154,0.123004094,-0.0281801522,0.236589059,-0.170721158,0.0112290382,-1.00454319,7.40386,0.960275531,8.899553,0.120308377,0.01669623,0.13233459,-0.275320828,-0.0005623102,-0.9608145,13.1664724,1.13572216,2.31801629,-0.0243019,-0.0403752625,0.237594724,-0.219673783,-2.89678574E-05,-0.9920647,13.0288382,1.94151306,9.214811,-0.0252423529,-0.0175921172,0.130319744,-0.3302253,-0.00153262913,-0.941536248,39.8125839,2.80559421,4.816052,-0.0271621048,-0.029268384,0.231318414,-0.254012465,-0.00552625954,-0.9848814,39.24275,7.69508839,14.0892353,-0.0452513956,-0.04408873,0.144980684,-2.647433,2.053166,-0.489326477,3.38582826
403,8.0599971442743765,1767,0,1,-1.24400413,0,-3.80163813,-0.23074159,0,-0.6884816,-0.23074159,0,-0.6884816,1,0,0,1,-0.137855455,-0.0227103978,-0.995762646,-0.0259066448,-0.006426886,0.009261206,-0.11160738,-0.0146208853,-0.9524056,-1.10775757,-0.17880249,-0.325622559,-0.288523853,-0.0128188059,-0.024384819,-0.182566777,0.008472085,-0.977037847,7.45946646,0.84530735,2.43037033,0.121262036,-0.025417909,0.230818272,-0.164168447,0.00838688,-0.9881907,7.397251,0.959709346,9.046965,0.117240168,0.0179517716,0.130970418,-0.2659143,-0.00170788169,-0.946129441,13.1603222,1.15433979,2.590641,-0.024892509,-0.03890355,0.231011942,-0.212424278,-0.00154820085,-0.975817442,13.0213108,1.95790422,9.366275,-0.0261211284,-0.0171761662,0.128027692,-0.3193813,-0.001860708,-0.927536666,39.80501,2.99065232,5.161503,-0.028744936,-0.0308314115,0.224989519,-0.246058315,-0.00577569,-0.96877563,39.22524,7.80589533,14.2992373,-0.0444635972,-0.0453063548,0.1417089,-2.64859629,2.05366,-0.494850159,3.38783979
404,8.079997137188208,1772,0,1,-1.24400413,0,-3.80163813,-0.23074159,0,-0.6884816,-0.23074159,0,-0.6884816,1,0,0,1,-0.131697118,-0.02579631,-0.9799121,-0.0292466935,-0.006749375,0.0105410572,-0.105117448,-0.0154030621,-0.936223745,-1.08511353,-0.139556885,-0.3287964,-0.280645669,-0.009063706,-0.0258249268,-0.175290346,0.00672106445,-0.9613369,7.45200634,0.836241663,2.690266,0.121097796,-0.0228916854,0.225105882,-0.1576042,0.006544292,-0.9720972,7.389451,0.959838569,9.192469,0.116509318,0.01934345,0.129177481,-0.256782472,-0.00236095488,-0.9314194,13.1539679,1.17292511,2.85632372,-0.025398558,-0.0375770628,0.225221127,-0.205380782,-0.00229793787,-0.9600404,13.0134535,1.97434366,9.515508,-0.0266067125,-0.0167501569,0.126316071,-0.3090078,-0.00221133232,-0.913399,39.79439,3.1694417,5.4984374,-0.0312322117,-0.03226152,0.219493359,-0.238430336,-0.00593918562,-0.95300287,39.2074165,7.912856,14.5047436,-0.0456019379,-0.0454686135,0.138525069,-2.649888,2.05407429,-0.5015049,3.39007878
405,8.0999971301020413,1777,0,1,-1.24400413,0,-3.80163813,-0.23074159,0,-0.6884816,-0.23074159,0,-0.6884816,1,0,0,1,-0.125580713,-0.0276003033,-0.9641978,-0.0312061552,-0.00699404348,0.0112806028,-0.0985781252,-0.0159584284,-0.9201761,-1.05584717,-0.09631348,-0.333099365,-0.276881665,-0.006668236,-0.0274609476,-0.168183446,0.00575962663,-0.9459169,7.44432735,0.8280581,2.94405317,0.121330805,-0.0205988437,0.219846547,-0.15117301,0.00558069348,-0.956296742,7.38125658,0.9605106,9.336129,0.116635561,0.02063644,0.127654985,-0.247951075,-0.00266774,-0.917069256,13.1474857,1.19148493,3.115689,-0.0256495569,-0.0363032967,0.219751522,-0.198378518,-0.00266449153,-0.944519043,13.0054321,1.99074256,9.662714,-0.0270139184,-0.0162718743,0.124431066,-0.299078465,-0.00229145586,-0.899646163,39.7833824,3.34336472,5.82811,-0.0326397568,-0.0322444439,0.2143927,-0.23106885,-0.00605905056,-0.937703967,39.1884232,8.017024,14.706193,-0.0466188043,-0.0454594567,0.136190623,-2.650142,2.05429554,-0.5014,3.39039588
406,8.1199971230158727,1783,0,1,-1.24400413,0,-3.80163813,-0.23074159,0,-0.6884816,-0.23074159,0,-0.6884816,1,0,0,1,-0.119487993,-0.02821061,-0.948616743,-0.0318806022,-0.007159903,0.0115186656,-0.09203446,-0.0160991549,-0.9044491,-1.02664185,-0.0512390137,-0.338500977,-0.2796012,-0.006400034,-0.0290853456,-0.161221772,0.00556376576,-0.930769444,7.43672562,0.8206803,3.19192433,0.122095458,-0.0184407532,0.21505481,-0.1448144,0.00538000464,-0.94078517,7.37302,0.961661637,9.477963,0.117285483,0.0218958184,0.126238063,-0.239311025,-0.002671495,-0.902776062,13.141222,1.21013558,3.36895514,-0.025821805,-0.03504379,0.21462737,-0.191450059,-0.002733931,-0.92910105,12.9972639,2.00726485,9.807977,-0.02737215,-0.0157689676,0.12273249,-0.289381176,-0.00232629478,-0.885855854,39.7721939,3.513258,6.151169,-0.03375449,-0.0319053829,0.209592029,-0.223798946,-0.006109968,-0.9224344,39.1692238,8.119504,14.9047327,-0.0472668074,-0.0451826677,0.1341958,-2.648431,2.05442667,-0.4946823,3.388151
407,8.1399971159297042,1788,0,1,-1.24400413,0,-3.80163813,-0.23074159,0,-0.6884816,-0.23074159,0,-0.6884816,1,0,0,1,-0.113411859,-0.0276625,-0.9331378,-0.0313247144,-0.007300877,0.0112679107,-0.0855342746,-0.016046837,-0.888935149,-1.00091553,-0.00625610352,-0.34475708,-0.2847015,-0.00772125646,-0.0304205939,-0.154344916,0.00604100525,-0.9158492,7.429469,0.813989043,3.43433452,0.123008274,-0.0162592977,0.209867746,-0.1385167,0.005859822,-0.925549746,7.364975,0.963184536,9.617843,0.118092045,0.0231958851,0.124228671,-0.230944768,-0.002509445,-0.888924241,13.1349649,1.228781,3.61665559,-0.0260919686,-0.0339466333,0.2099871,-0.1846807,-0.00246278942,-0.9142022,12.9896193,2.02387047,9.951187,-0.0273550972,-0.0153385848,0.121308036,-0.280184776,-0.002496019,-0.872681141,39.7599678,3.679223,6.46800852,-0.0345956571,-0.0323968828,0.20557113,-0.216679811,-0.0060017556,-0.9076136,39.15065,8.220322,15.1004791,-0.0476672351,-0.0443510041,0.13204515,-2.64967847,2.05453515,-0.501520157,3.39019656
408,8.1599971088435375,1794,0,1,-1.24400413,0,-3.80163813,-0.23074159,0,-0.6884816,-0.23074159,0,-0.6884816,1,0,0,1,-0.107352212,-0.0262852162,-0.9177697,-0.0298958831,-0.00745353242,0.0106652239,-0.07904576,-0.0157934725,-0.873498559,-0.9815674,0.0372397341,-0.351501465,-0.2921743,-0.0102346465,-0.03153813,-0.147706866,0.00702935457,-0.901064336,7.42288828,0.8078923,3.67082763,0.124149323,-0.0141180605,0.205024183,-0.132405847,0.00689552724,-0.910523355,7.35775471,0.965066552,9.7554245,0.119293667,0.0245658383,0.122190714,-0.2226665,-0.00208422542,-0.8749174,13.12902,1.24745822,3.85831285,-0.0261137038,-0.0327249765,0.205187991,-0.177942365,-0.0020070225,-0.8993476,12.9820824,2.04042149,10.0920029,-0.0274462216,-0.01493302,0.119576506,-0.271100283,-0.00255265832,-0.8593117,39.7474976,3.84193754,6.77886057,-0.0352407061,-0.0320958346,0.20170182,-0.209718689,-0.00606037676,-0.8931075,39.1314659,8.319008,15.2936649,-0.0482027978,-0.04473065,0.130587772,-2.65038967,2.05454016,-0.504814148,3.39124441
409,8.1799971017573689,1799,0,1,-1.24400413,0,-3.80163813,-0.23074159,0,-0.6884816,-0.23074159,0,-0.6884816,1,0,0,1,-0.101263449,-0.0243778527,-0.9024633,-0.0278837122,-0.00757106673,0.009835106,-0.07264612,-0.01548624,-0.858234942,-0.969177246,0.0777480155,-0.357910156,-0.2993488,-0.0135213286,-0.0324809253,-0.14109689,0.008348286,-0.886376441,7.41734,0.8024537,3.90190434,0.125360191,-0.0120708942,0.200664535,-0.1263598,0.00823684,-0.8955888,7.35151625,0.9673149,9.890691,0.120464213,0.0257582739,0.120808788,-0.214671522,-0.00144246221,-0.861239135,13.1237831,1.26621616,4.09434128,-0.0258497559,-0.0316172242,0.2008136,-0.171365842,-0.00136353076,-0.884778261,12.9750319,2.05701184,10.2303057,-0.02727481,-0.0144998729,0.117883071,-0.262277275,-0.00254930556,-0.8461793,39.7345734,4.001027,7.08370256,-0.0360207856,-0.0319006741,0.197789043,-0.202836931,-0.00602708757,-0.8787481,39.1118126,8.415765,15.4845457,-0.0487134121,-0.0446725339,0.128890291,-2.650759,2.05449533,-0.5056896,3.39163613
410,8.1999970946712022,1805,0,1,-1.24400413,0,-3.80163813,-0.23074159,0,-0.6884816,-0.23074159,0,-0.6884816,1,0,0,1,-0.0951376855,-0.0223427564,-0.887213349,-0.0257166829,-0.007633731,0.008952802,-0.0662562847,-0.0151302516,-0.843094,-0.9646301,0.115090847,-0.363861084,-0.306434363,-0.0168932937,-0.03315188,-0.13455452,0.009790197,-0.871727765,7.4131937,0.797679663,4.127893,0.126759872,-0.0102263093,0.197287723,-0.120292827,0.009683982,-0.880696535,7.346538,0.9699763,10.0241461,0.121773906,0.0268194452,0.119997807,-0.206669465,-0.00073993206,-0.847160161,13.118803,1.28500128,4.325193,-0.0256091747,-0.0305600315,0.19651635,-0.164780915,-0.000580728054,-0.8699904,12.968524,2.07356119,10.3667049,-0.02685173,-0.0141411275,0.116336055,-0.253592372,-0.00264966488,-0.832790256,39.719944,4.156777,7.383169,-0.03719058,-0.03224121,0.194423422,-0.195993662,-0.005914986,-0.8642855,39.092083,8.510717,15.6736145,-0.0494595543,-0.0445973873,0.12722832,-2.6514256,2.0544138,-0.508890152,3.39258647
411,8.2199970875850337,1809,0,1,-1.24400413,0,-3.80163813,-0.23074159,0,-0.6884816,-0.23074159,0,-0.6884816,1,0,0,1,-0.0889733955,-0.0204356164,-0.871966064,-0.0236731656,-0.007657598,0.008127005,-0.0598676354,-0.0148640573,-0.8280625,-0.9663086,0.149561048,-0.369171143,-0.3112272,-0.0198318735,-0.0337756649,-0.127859116,0.0111133009,-0.8570911,7.410388,0.793554544,4.34977341,0.12788038,-0.008466914,0.193754837,-0.114081807,0.0110204667,-0.8657901,7.34285069,0.9730353,10.1563578,0.12288785,0.02775845,0.119119711,-0.198880419,2.60323286E-05,-0.8333529,13.1145191,1.30389345,4.55192327,-0.0250316188,-0.02970104,0.193078578,-0.158249483,0.000156924129,-0.855352759,12.9626675,2.09014535,10.5018339,-0.0264114179,-0.0139233917,0.1152891,-0.245089218,-0.00255469978,-0.8194659,39.7050972,4.3096447,7.67832041,-0.03815661,-0.0320545137,0.1910395,-0.189262375,-0.005857542,-0.8498853,39.0713577,8.603896,15.8613453,-0.0502649471,-0.0449934974,0.125931919,-2.65139771,2.054346,-0.506557465,3.39217448
412,8.2399970804988651,1813,0,1,-1.24400413,0,-3.80163813,-0.23074159,0,-0.6884816,-0.23074159,0,-0.6884816,1,0,0,1,-0.08278307,-0.0189293474,-0.8567339,-0.0220498238,-0.00766439643,0.007472543,-0.05344683,-0.0146749467,-0.8128994,-0.972808838,0.181519374,-0.3736267,-0.314192444,-0.02217909,-0.0343742669,-0.121149473,0.0121739656,-0.8424047,7.40894461,0.790052235,4.567782,0.128803462,-0.00686571,0.190738514,-0.107783288,0.0120562464,-0.850841045,7.34035158,0.976445556,10.28757,0.123657957,0.0285292268,0.118402652,-0.191072658,0.000628143549,-0.8193552,13.1106138,1.32288241,4.774799,-0.0246635638,-0.0288608521,0.189695343,-0.151699945,0.000678449869,-0.8406898,12.95686,2.10670733,10.6360035,-0.026209034,-0.0137832016,0.114409894,-0.236725211,-0.00262442231,-0.805975854,39.68831,4.459967,7.96963,-0.03938836,-0.0323827565,0.188361242,-0.182635382,-0.005943835,-0.8354396,39.0484962,8.695494,16.0482731,-0.05086968,-0.0459655225,0.125340208,-2.65218163,2.05425429,-0.5107765,3.39336419
413,8.2599970734126984,1818,0,1,-1.24400413,0,-3.80163813,-0.23074159,0,-0.6884816,-0.23074159,0,-0.6884816,1,0,0,1,-0.07657695,-0.0179556459,-0.8414881,-0.020989405,-0.00767941,0.00704192836,-0.04699617,-0.01459983,-0.7977848,-0.9823303,0.212092057,-0.377563477,-0.3150675,-0.0236798972,-0.0352369323,-0.114378057,0.0128221959,-0.8276368,7.408318,0.787138343,4.78232765,0.129104882,-0.005357042,0.187829047,-0.101423651,0.0126805454,-0.8357999,7.33844328,0.98010844,10.4180489,0.123839982,0.02916266,0.117808037,-0.183293849,0.0009786785,-0.8052104,13.1069307,1.34208345,4.994227,-0.024469424,-0.0280415416,0.186617345,-0.145095319,0.00105710328,-0.8257662,12.9514141,2.123452,10.7695265,-0.0258648265,-0.0135322064,0.113651484,-0.2284636,-0.00271618366,-0.7922698,39.67006,4.6083293,8.257731,-0.0402059257,-0.0325861722,0.1860448,-0.17594865,-0.00585132837,-0.8206976,39.0256577,8.787157,16.2356052,-0.0511563458,-0.04551343,0.124593161,-2.65231466,2.05420017,-0.509412766,3.39323044
414,8.27999706632653,1823,0,1,-1.24400413,0,-3.80163813,-0.23074159,0,-0.6884816,-0.23074159,0,-0.6884816,1,0,0,1,-0.0703641549,-0.0175483227,-0.8262152,-0.0205372646,-0.00772819528,0.00684861373,-0.04055266,-0.0146605074,-0.782632768,-0.9924927,0.241912171,-0.381103516,-0.3137486,-0.0245255455,-0.0361067727,-0.107575178,0.0130586773,-0.8127557,7.40802765,0.7848063,4.993721,0.128947541,-0.003884703,0.1850067,-0.09501751,0.0129184276,-0.8206594,7.33688927,0.9840572,10.5478373,0.1237006,0.0297781155,0.117207676,-0.175568983,0.00117537379,-0.790979743,13.1034,1.3616066,5.210611,-0.0242200475,-0.0271760374,0.183747664,-0.138500661,0.00123725832,-0.8109141,12.9460964,2.14041567,10.902421,-0.025662398,-0.0132888183,0.112921074,-0.22025238,-0.002697602,-0.778406739,39.65158,4.755566,8.543445,-0.04066895,-0.0321120471,0.183730051,-0.169293046,-0.00582009554,-0.8059887,39.0021172,8.878493,16.4229851,-0.0514193773,-0.04517982,0.123856783,-2.65280342,2.0541544,-0.5110035,3.39382386
415,8.2999970592403631,1828,0,1,-1.24400413,0,-3.80163813,-0.23074159,0,-0.6884816,-0.23074159,0,-0.6884816,1,0,0,1,-0.06415965,-0.0176333338,-0.810930252,-0.0206185039,-0.007821975,0.00686047971,-0.0341473,-0.0148960352,-0.767445266,-1.00091553,0.272047222,-0.384613037,-0.310031027,-0.0245154873,-0.0370038673,-0.100765608,0.0129705518,-0.7977891,7.407813,0.7830683,5.202062,0.1285517,-0.00240403414,0.1821308,-0.0885683745,0.0128237158,-0.8054528,7.335363,0.988262653,10.6770439,0.123283736,0.0304113328,0.116345927,-0.167864755,0.00117366016,-0.776526332,13.0997019,1.38145781,5.42394066,-0.0241846386,-0.0263407677,0.181045353,-0.1318633,0.00121110678,-0.7957949,12.9405212,2.15758348,11.0347853,-0.0256636068,-0.0130572766,0.112320542,-0.212104738,-0.00277726352,-0.7642808,39.6322327,4.901456,8.826561,-0.04118186,-0.03199917,0.181591451,-0.16259259,-0.00585129857,-0.790871859,38.97778,8.969717,16.6105461,-0.0515186936,-0.0449727923,0.123233154,-2.65383458,2.054129,-0.517765045,3.395639
416,8.3199970521541946,1834,0,1,-1.24400413,0,-3.80163813,-0.23074159,0,-0.6884816,-0.23074159,0,-0.6884816,1,0,0,1,-0.0579736754,-0.0181654543,-0.795629263,-0.0211867671,-0.007969787,0.00705722347,-0.027713418,-0.0151723325,-0.752168536,-1.00692749,0.303537846,-0.3882141,-0.306123674,-0.023860909,-0.0380489081,-0.09400885,0.0125732124,-0.782715142,7.40735054,0.7819077,5.40736961,0.127870545,-0.000939101,0.179391518,-0.08217119,0.0124290287,-0.7901682,7.333583,0.9927027,10.8055134,0.122617982,0.0310444124,0.115565248,-0.160250321,0.0009968579,-0.76204747,13.0957975,1.40167737,5.634259,-0.0243112147,-0.0254654139,0.178328514,-0.125251055,0.001080513,-0.780728161,12.9348087,2.17505431,11.1664677,-0.0256571323,-0.0126941279,0.111528896,-0.204059377,-0.00287558138,-0.7500684,39.61266,5.04636765,9.107312,-0.0415387824,-0.0317822844,0.179547921,-0.155909434,-0.00579570234,-0.775929153,38.9537048,9.061504,16.7984333,-0.0515600666,-0.0439023376,0.122306883,-2.65443325,2.05413675,-0.520668,3.39655542
417,8.3399970450680261,1840,0,1,-1.24400413,0,-3.80163813,-0.23074159,0,-0.6884816,-0.23074159,0,-0.6884816,1,0,0,1,-0.0518168472,-0.0189756453,-0.78035593,-0.0220599454,-0.00816649,0.007366892,-0.0212635826,-0.0155119449,-0.736716151,-1.01010132,0.336581,-0.391906738,-0.301715553,-0.0227858089,-0.0393731,-0.08734731,0.0119939893,-0.7676001,7.406383,0.7813378,5.609547,0.127038628,0.000521466136,0.1768596,-0.0758244246,0.011850208,-0.774873734,7.33127928,0.997406363,10.9330673,0.121772848,0.0317296572,0.114724055,-0.1526519,0.000685364,-0.747169852,13.0914011,1.42228234,5.84142876,-0.0245945472,-0.02455923,0.175613657,-0.118623964,0.000775933266,-0.7653424,12.9287987,2.19283032,11.2972288,-0.02590901,-0.0123510659,0.1106764,-0.196050733,-0.00303477049,-0.7354501,39.5922165,5.19016266,9.385428,-0.0418402143,-0.0317037553,0.1775692,-0.149194643,-0.005879447,-0.76061815,38.9290962,9.153174,16.9860554,-0.0515404828,-0.0435147,0.121398866,-2.6549,2.05416059,-0.522256851,3.39717865
418,8.35999703798186,1844,0,1,-1.24400413,0,-3.80163813,-0.23074159,0,-0.6884816,-0.23074159,0,-0.6884816,1,0,0,1,-0.04568091,-0.01994808,-0.765048444,-0.0231216177,-0.008421962,0.007741168,-0.0148156323,-0.0158267021,-0.721391857,-1.01034546,0.371884555,-0.396606445,-0.298242062,-0.02182436,-0.0408503562,-0.08069727,0.011299938,-0.7524109,7.40472364,0.781317234,5.80894375,0.126146778,0.00202699,0.174057931,-0.0694962,0.0111642182,-0.759541035,7.32832241,1.002332,11.0597229,0.12089286,0.0324711055,0.113590129,-0.145310074,0.000392958522,-0.732706964,13.0867949,1.44324231,6.04579,-0.0247342531,-0.023743242,0.173196018,-0.112116762,0.000448718667,-0.7503766,12.922369,2.21080112,11.4270267,-0.0261545032,-0.0120097175,0.109860323,-0.188270271,-0.003046438,-0.721241951,39.57279,5.332903,9.661162,-0.0419693738,-0.03121084,0.175317466,-0.1425761,-0.005870655,-0.7456455,38.90476,9.244778,17.1729355,-0.0514030978,-0.0425685421,0.1201821,-2.65488338,2.054182,-0.5183296,3.396577
419,8.37999703089569,1847,0,1,-1.24400413,0,-3.80163813,-0.23074159,0,-0.6884816,-0.23074159,0,-0.6884816,1,0,0,1,-0.0395703278,-0.0208114684,-0.749771237,-0.0240749568,-0.008707103,0.008066722,-0.00843783747,-0.0162819773,-0.706055,-1.00646973,0.409275323,-0.4019165,-0.293245226,-0.0207049027,-0.0423666425,-0.07415722,0.01067324,-0.737237453,7.4023304,0.781825542,6.0053997,0.125279486,0.00351277,0.171404749,-0.0632618,0.0105371922,-0.744250059,7.32455063,1.007453,11.1851749,0.119971506,0.0332350843,0.1124775,-0.137987509,-6.020069E-06,-0.717956662,13.0818691,1.46446157,6.247115,-0.02519751,-0.0229714662,0.170714989,-0.105617993,7.252395E-05,-0.735140264,12.9155855,2.22899914,11.5555906,-0.0265335031,-0.011660479,0.108932778,-0.180602089,-0.00328379869,-0.7066857,39.5521927,5.47390461,9.933855,-0.0422453843,-0.0316538364,0.173568055,-0.135975316,-0.00595530868,-0.7304793,38.8804054,9.336119,17.3589668,-0.0511844754,-0.0420771167,0.119049177,-2.655793,2.05422688,-0.525085449,3.39835238
420,8.3999970238095241,1852,0,1,-1.24400413,0,-3.80163813,-0.23074159,0,-0.6884816,-0.23074159,0,-0.6884816,1,0,0,1,-0.0334814861,-0.0215969384,-0.734512031,-0.0249548,-0.009019197,0.008357884,-0.00201579044,-0.0166160315,-0.69064337,-1.00027466,0.448841929,-0.4081421,-0.290653676,-0.0198239014,-0.0439055637,-0.06772831,0.01013124,-0.7220588,7.399327,0.7828212,6.19906235,0.124658041,0.00498764962,0.169017226,-0.0570947751,0.0100174844,-0.728990436,7.320221,1.01279366,11.3094406,0.119390979,0.0340770856,0.111370653,-0.130837083,-0.000258639455,-0.703322649,13.076457,1.48598027,6.44563341,-0.0254281145,-0.02213943,0.1682779,-0.09920775,-0.000142037868,-0.7200784,12.9085293,2.24736023,11.6828938,-0.0267055947,-0.0112643018,0.107976682,-0.173104674,-0.00330641866,-0.69239974,39.5326347,5.61411572,10.2043715,-0.04234943,-0.03113763,0.171589,-0.129422337,-0.00587451458,-0.7154392,38.85671,9.427244,17.54381,-0.0511830263,-0.040832974,0.117523573,-2.65587854,2.05424786,-0.5218067,3.39792681
421,8.4199970167233555,1858,0,1,-1.24400413,0,-3.80163813,-0.23074159,0,-0.6884816,-0.23074159,0,-0.6884816,1,0,0,1,-0.0274072066,-0.0221586078,-0.719282,-0.0255964845,-0.009339709,0.008552335,0.00439037,-0.0169301182,-0.6753451,-0.9923401,0.490178943,-0.415344238,-0.288585454,-0.0193704069,-0.0456613936,-0.0613872223,0.009764239,-0.706911,7.39586449,0.784356236,6.389714,0.1242495,0.00645723939,0.166851282,-0.05101638,0.009654477,-0.7137777,7.31544,1.0183928,11.4323568,0.118919753,0.0349312834,0.110462233,-0.123768285,-0.000472441316,-0.6884197,13.0708828,1.50778711,6.641017,-0.0257530343,-0.0213659853,0.165979162,-0.0928738862,-0.0003925711,-0.704995751,12.9011621,2.26590514,11.8088264,-0.0271420032,-0.0109448954,0.106961727,-0.165647253,-0.00345923,-0.6776024,39.5125732,5.7527256,10.471921,-0.0428535938,-0.0313185155,0.16966562,-0.122976817,-0.00600916147,-0.70044744,38.8324776,9.517552,17.727459,-0.05127307,-0.0408663973,0.116330676,-2.656757,2.05427885,-0.529184341,3.399773
422,8.439997009637187,1863,0,1,-1.24400413,0,-3.80163813,-0.23074159,0,-0.6884816,-0.23074159,0,-0.6884816,1,0,0,1,-0.0213400982,-0.0224299133,-0.7040746,-0.0259333849,-0.009662694,0.008624655,0.010797061,-0.0172609836,-0.659957945,-0.9826355,0.5331686,-0.423309326,-0.2865767,-0.0190897509,-0.0473053828,-0.0551024228,0.009565562,-0.691812932,7.392016,0.786357462,6.577939,0.1238962,0.007893816,0.1647442,-0.0449723564,0.009462684,-0.698632538,7.310187,1.02418184,11.5540743,0.118512705,0.0357743129,0.109478816,-0.116911218,-0.0005990118,-0.673886,13.0651569,1.52978539,6.83395529,-0.02598343,-0.0207185149,0.1638996,-0.08661622,-0.0005118847,-0.6899785,12.8935785,2.28450847,11.9334536,-0.0273488145,-0.0106357634,0.106090739,-0.158509091,-0.003550604,-0.6634,39.4925575,5.889824,10.7371092,-0.0431314148,-0.0315514356,0.167951182,-0.116612948,-0.00597897172,-0.68553704,38.8087845,9.607274,17.9097939,-0.05119512,-0.0401868075,0.114936829,-2.65719962,2.05428767,-0.5308895,3.40039
423,8.45999700255102,1868,0,1,-1.24400413,0,-3.80163813,-0.23074159,0,-0.6884816,-0.23074159,0,-0.6884816,1,0,0,1,-0.0152757457,-0.0224859416,-0.688893855,-0.02603624,-0.009974507,0.008605501,0.01722913,-0.01751168,-0.6446681,-0.972625732,0.577595353,-0.4320984,-0.286004275,-0.0192413963,-0.04928045,-0.0488761961,0.009550869,-0.6767504,7.388011,0.7888322,6.76355743,0.123826176,0.009274699,0.162907049,-0.03898675,0.00945659,-0.683527052,7.30471849,1.03020906,11.6745911,0.118391544,0.0366266221,0.108766541,-0.110096596,-0.000633120537,-0.659039,13.0592737,1.551994,7.02416849,-0.0262082554,-0.0200764835,0.16198048,-0.08043192,-0.000506401062,-0.674981236,12.886054,2.30329466,12.0568666,-0.0274915658,-0.010319069,0.1052382,-0.151395947,-0.00366026163,-0.6486713,39.47226,6.02544355,10.9998226,-0.04364774,-0.0317738354,0.1663585,-0.110312641,-0.005941689,-0.6706213,38.78528,9.696447,18.0911789,-0.05140724,-0.0396056175,0.113543369,-2.65763879,2.05428243,-0.5326767,3.40100932
424,8.4799969954648518,1874,0,1,-1.24400413,0,-3.80163813,-0.23074159,0,-0.6884816,-0.23074159,0,-0.6884816,1,0,0,1,-0.00920463,-0.022375688,-0.6737195,-0.0259634,-0.0102854734,0.008516354,0.0236921385,-0.0176881552,-0.629404962,-0.96383667,0.6226451,-0.441894531,-0.286645561,-0.0200189985,-0.0512436777,-0.0426701345,0.009656489,-0.661715448,7.384051,0.791761,6.947057,0.123929918,0.0106301755,0.161189586,-0.0330238827,0.009594619,-0.6684496,7.29939747,1.03652692,11.7940731,0.118560992,0.0374984,0.108192258,-0.103425972,-0.0005775392,-0.6443698,13.0531883,1.57435954,7.21225548,-0.026348399,-0.0195317715,0.1603021,-0.07430531,-0.0004030168,-0.65996635,12.8783188,2.32215023,12.1791925,-0.02757882,-0.0100488514,0.104486465,-0.144519642,-0.0037368983,-0.634272,39.4516144,6.15967035,11.2606125,-0.0442135073,-0.0321274549,0.164968982,-0.10409385,-0.00591629744,-0.655672967,38.7617,9.784892,18.2717056,-0.0518513173,-0.0393507034,0.112294942,-2.658123,2.05426216,-0.535573959,3.40183043
425,8.499996988378685,1880,0,1,-1.24400413,0,-3.80163813,-0.23074159,0,-0.6884816,-0.23074159,0,-0.6884816,1,0,0,1,-0.00312114414,-0.0220838785,-0.6585468,-0.0256910212,-0.0105867628,0.008349399,0.0301573835,-0.0179306716,-0.6141214,-0.955627441,0.6682908,-0.452331543,-0.28638643,-0.020831313,-0.0532382466,-0.0365094244,0.009861827,-0.6466817,7.38016462,0.795124,7.128578,0.12397334,0.0119086653,0.159778118,-0.0270361118,0.009814456,-0.6533949,7.29415226,1.04307961,11.9127159,0.118592493,0.03829098,0.107554525,-0.09687219,-0.00046479702,-0.629787147,13.0472279,1.596968,7.39835358,-0.0263925735,-0.01896964,0.15873614,-0.0682510361,-0.000307530165,-0.645126343,12.8707256,2.341074,12.3006115,-0.0276954323,-0.009898394,0.103943467,-0.13778916,-0.00379444659,-0.6199491,39.430603,6.29292,11.5199118,-0.0447765775,-0.032333374,0.16373837,-0.09804288,-0.00594945252,-0.641009,38.7371674,9.87203,18.4510174,-0.05215201,-0.0395705253,0.111337155,-2.65838,2.05423927,-0.5335598,3.401701
426,8.5199969812925165,1883,0,1,-1.24400413,0,-3.80163813,-0.23074159,0,-0.6884816,-0.23074159,0,-0.6884816,1,0,0,1,0.00297612278,-0.0217055678,-0.6433735,-0.02532657,-0.010884014,0.008146408,0.036615178,-0.0181911588,-0.5988829,-0.9479675,0.714499533,-0.463500977,-0.285929859,-0.0217779651,-0.0551739335,-0.0303740986,0.0101422966,-0.6316581,7.376449,0.798927963,7.30825567,0.124179453,0.0131584257,0.158604771,-0.0210693646,0.01009047,-0.6383476,7.2889843,1.04983008,12.0305729,0.118701331,0.0390395261,0.1071368,-0.09036317,-0.000306651,-0.61499083,13.0412683,1.61982894,7.58257055,-0.0264307577,-0.0184382349,0.1573542,-0.06221976,-0.000169172883,-0.630129039,12.8630733,2.36010528,12.421258,-0.0277679414,-0.009696543,0.103468567,-0.131127283,-0.003848061,-0.6053812,39.4091721,6.42524052,11.7778559,-0.045420263,-0.03256704,0.162618369,-0.0920131,-0.005907804,-0.6260643,38.71278,9.958965,18.63019,-0.0523843467,-0.0392583162,0.11048279,-2.65883684,2.05420184,-0.5359535,3.4024117
427,8.53999697420635,1888,0,1,-1.24400413,0,-3.80163813,-0.23074159,0,-0.6884816,-0.23074159,0,-0.6884816,1,0,0,1,0.009087225,-0.0213547647,-0.6281835,-0.0249867961,-0.0111864684,0.00795215,0.0431281775,-0.0184157342,-0.5835751,-0.941253662,0.7615035,-0.475311279,-0.28609857,-0.0226809941,-0.05743449,-0.0242434945,0.0104072839,-0.616600037,7.373028,0.803170741,7.48643827,0.124339812,0.0143496767,0.157610923,-0.0151261045,0.0103516728,-0.6232655,7.284001,1.05683458,12.1478615,0.118769184,0.0397574827,0.106998093,-0.08393787,-0.000138193369,-0.6002631,13.0353565,1.64290166,7.765325,-0.0264255777,-0.0179815,0.156100646,-0.0562566444,-4.79221344E-05,-0.6151941,12.8553295,2.37930846,12.5414181,-0.0278843734,-0.009507455,0.103038482,-0.1246248,-0.003900513,-0.5909201,39.387207,6.55661869,12.034852,-0.04611935,-0.0329832137,0.161766365,-0.08610166,-0.00593476,-0.6113282,38.6876,10.0455332,18.8095226,-0.0527203269,-0.0393491164,0.109837525,-2.659225,2.054164,-0.5363617,3.40275645
428,8.5599969671201812,1894,0,1,-1.24400413,0,-3.80163813,-0.23074159,0,-0.6884816,-0.23074159,0,-0.6884816,1,0,0,1,0.0152109992,-0.0211011916,-0.6129688,-0.0247514565,-0.0115058077,0.00779619534,0.04968452,-0.01863034,-0.5682594,-0.936553955,0.808976769,-0.488098145,-0.2865327,-0.02388449,-0.0595571846,-0.01807744,0.0106005073,-0.60151273,7.369763,0.807841659,7.663324,0.124430925,0.0155205652,0.1565725,-0.009164957,0.0105542988,-0.6081466,7.27912331,1.06408751,12.2647047,0.118834317,0.0404613353,0.106909119,-0.07758107,-3.66270542E-05,-0.5854671,13.0294418,1.66626477,7.94676,-0.0265495088,-0.0175555944,0.155159861,-0.0503279157,0.0001103878,-0.600095451,12.8476553,2.39872766,12.6611118,-0.0278556664,-0.00929676,0.102795787,-0.118223682,-0.004012689,-0.5762629,39.36415,6.687231,12.2910423,-0.046845872,-0.03355512,0.1611634,-0.08019364,-0.00584481657,-0.5962477,38.66252,10.1321774,18.9892483,-0.053124018,-0.03881234,0.108969785,-2.65975785,2.054101,-0.543375,3.40424728
429,8.5799969600340127,1899,0,1,-1.24400413,0,-3.80163813,-0.23074159,0,-0.6884816,-0.23074159,0,-0.6884816,1,0,0,1,0.0213480312,-0.0208947957,-0.5977118,-0.0245680548,-0.0118482532,0.007656605,0.05623763,-0.0189773887,-0.552865148,-0.932006836,0.857509136,-0.5015564,-0.285157353,-0.0245728455,-0.0618751869,-0.0119334906,0.0107382983,-0.5863574,7.366511,0.812892258,7.83914661,0.124367617,0.0166402161,0.155705974,-0.00315354764,0.0107110441,-0.5929861,7.274328,1.07157135,12.3814793,0.118798777,0.04115885,0.106613867,-0.07129147,8.05258751E-05,-0.570667,13.0234852,1.68993115,8.127204,-0.0265220664,-0.0171074867,0.154283911,-0.0444461927,0.00018838048,-0.5851991,12.8398542,2.41823459,12.7807188,-0.0279739,-0.00923726,0.102731161,-0.111921147,-0.0040024966,-0.561678648,39.34117,6.81781626,12.5472641,-0.0473006479,-0.0335419178,0.1605628,-0.07445818,-0.00587831438,-0.5814985,38.63644,10.2180805,19.1689854,-0.0534508266,-0.0391682461,0.108592018,-2.660139,2.05406,-0.5439987,3.40462
430,8.5999969529478459,1905,0,1,-1.24400413,0,-3.80163813,-0.23074159,0,-0.6884816,-0.23074159,0,-0.6884816,1,0,0,1,0.02749381,-0.02082172,-0.5824295,-0.0245319847,-0.0122230463,0.00756946765,0.0627687052,-0.0193562955,-0.537309766,-0.926971436,0.9065993,-0.5147095,-0.28358674,-0.0250914618,-0.0642193556,-0.00581282936,0.0108178705,-0.571155667,7.36317873,0.8183416,8.013867,0.12440268,0.017779991,0.154999778,0.0028171388,0.0107890069,-0.5777791,7.26932669,1.07919145,12.4979858,0.118758924,0.04182913,0.106549233,-0.0650206357,7.995963E-05,-0.5556042,13.0171385,1.7139163,8.30651,-0.02682987,-0.016691,0.153474957,-0.038574513,0.0002911836,-0.569970846,12.8321562,2.43809438,12.9001055,-0.0279787183,-0.009008728,0.10265632,-0.105719991,-0.00418292,-0.546831846,39.316925,6.94795036,12.803112,-0.04804918,-0.0343374759,0.160342,-0.06868976,-0.00576323271,-0.5663849,38.6106567,10.3048191,19.3498745,-0.0538387224,-0.0382945463,0.107944205,-2.66053724,2.05401444,-0.546854,3.405361
431,8.6199969458616774,1910,0,1,-1.24400413,0,-3.80163813,-0.23074159,0,-0.6884816,-0.23074159,0,-0.6884816,1,0,0,1,0.033771798,-0.0834054053,-0.5633463,-0.0922512561,-0.0217229836,0.03269505,0.0554703847,0.142543629,-0.5215801,-4.083679,1.01077735,-0.466003418,-2.72089934,0.0550513864,0.03274691,0.00296766637,-0.02345249,-0.5425499,7.45048141,0.8408716,8.183828,0.130001,0.0220797956,0.14922376,0.0104874065,-0.023253575,-0.5505337,7.35360527,1.11243868,12.6134529,0.124832734,0.0466806,0.103713833,-0.0574171767,0.00272101164,-0.534324348,12.9967651,1.742157,8.47637749,-0.000616672449,-0.009260923,0.1431393,-0.03203172,0.00284864,-0.549478948,12.8097544,2.464942,13.0115042,-0.00235741632,0.0007203296,0.0939614251,-0.09859095,-0.00383526087,-0.5288323,39.1745529,7.05877638,13.0271521,-0.129425362,-0.0313866436,0.147911668,-0.0622975565,-0.005494237,-0.5485938,38.4673729,10.3639231,19.48981,-0.135252461,-0.03700096,0.09436895,-2.66080141,2.05421448,-0.5485382,3.405959
432,8.63999693877551,1915,0,1,-1.24400413,0,-3.80163813,-0.23074159,0,-0.6884816,-0.23074159,0,-0.6884816,1,0,0,1,0.0338426046,0.0114156082,-0.561976731,-0.0793153644,-0.019723434,0.0279315133,0.0718182847,0.181231931,-0.4776409,-8.116333,1.063063,-0.405303955,-3.25918,0.0182578564,0.046454072,0.00422860775,0.08342715,-0.541190147,7.633966,0.879534543,8.345753,0.201030031,0.0297965035,0.143570945,0.012014959,0.08367124,-0.5490302,7.533462,1.1672889,12.7194586,0.195674688,0.0554365,0.0971374661,-0.053391315,0.106817544,-0.53556776,13.0120335,1.75902474,8.641275,-0.0025627166,-0.03675107,0.131513938,-0.0259632841,0.107319593,-0.55050987,12.829093,2.4612987,13.1120062,0.00127578527,-0.038198214,0.075680986,-0.082284376,0.0057054013,-0.546387553,38.4953766,6.842988,13.0911226,-0.5463232,-0.187655717,0.07956979,-0.03783624,0.004493503,-0.565994,37.82804,9.974576,19.4029617,-0.5374852,-0.236781225,-0.00254683755,-2.66045952,2.054834,-0.5498352,3.40627456
433,8.6599969316893421,1921,0,1,-1.24400413,0,-3.80163813,-0.23074159,0,-0.6884816,-0.23074159,0,-0.6884816,1,0,0,1,0.0319018774,0.042237334,-0.562934935,-0.05456572,-0.01797838,0.0184650011,0.06835817,0.126785442,-0.472785115,-10.61792,1.06717026,-0.430969238,-2.27581859,0.0181552768,0.00441515446,0.006437244,0.09818399,-0.54708,7.803964,0.900126755,8.4794445,0.172369361,0.01597013,0.116726063,0.01649292,0.09872711,-0.5543351,7.70319176,1.198463,12.7866621,0.16975899,0.03716643,0.0594131574,-0.0394377373,0.104835555,-0.538958251,12.9618416,1.72733557,8.761511,-0.0388864279,-0.0433676839,0.101918675,-0.007699646,0.105375849,-0.5529772,12.7831907,2.421119,13.1600542,-0.0358265564,-0.04222591,0.0403355733,-0.0609301068,0.00718068145,-0.5509838,37.88384,6.676785,13.08468,-0.487401843,-0.130882159,0.0296937,-0.01329142,0.00689182151,-0.568897665,37.2449341,9.673914,19.2469826,-0.47917524,-0.162645876,-0.05048264,-2.65975833,2.056725,-0.5463791,3.40631223
434,8.6799969246031736,1924,0,1,-1.24400413,0,-3.80163813,-0.23074159,0,-0.6884816,-0.23074159,0,-0.6884816,1,0,0,1,0.0308285858,0.0490390547,-0.560061336,-0.0285590664,-0.0173228253,0.008326808,0.05860711,0.225270182,-0.485425174,-12.2108459,1.09307086,-0.4661255,-1.1449405,0.004984349,-0.0200486481,0.0132224895,0.07106477,-0.5500656,7.86787939,0.888777852,8.555571,0.05748098,-0.008624956,0.06694986,0.0257022735,0.07165846,-0.5567308,7.77068567,1.18832219,12.78187,0.0577131845,0.004255185,-0.00284331478,-0.02065985,0.0751897842,-0.5419257,12.9323139,1.68296158,8.842235,-0.0177046023,-0.0523904338,0.06805148,0.0155336242,0.07572295,-0.5549362,12.7606707,2.36264086,13.1620646,-0.0137339775,-0.0494350754,0.0009513311,-0.04296998,0.0201850235,-0.569168031,37.2655067,6.44552469,13.0408707,-0.6466569,-0.210791945,0.0300412849,0.0101985717,0.0200938471,-0.585895956,36.6572838,9.320185,19.0604115,-0.6319631,-0.248651266,-0.0510287881,-2.657841,2.0636034,-0.5446472,3.40869737
435,8.6999969175170069,1928,0,1,-1.24400413,0,-3.80163813,-0.23074159,0,-0.6884816,-0.23074159,0,-0.6884816,1,0,0,1,0.0292590223,0.0558797233,-0.5572263,-0.009005787,-0.0180702209,0.0005029533,0.0502868742,0.203074962,-0.4975367,-13.110321,1.09977531,-0.5066223,-0.7670961,-0.00190700591,-0.0211855471,0.0211633947,0.0506179556,-0.5520751,7.829019,0.851967931,8.565148,-0.0382088646,-0.0221648961,0.009708144,0.0361886173,0.0514239557,-0.558449268,7.73948956,1.14419055,12.6945419,-0.035253562,-0.0147634819,-0.0734158754,0.000893732533,0.0462602451,-0.5472553,12.9109182,1.64442992,8.877975,-0.0174353439,-0.0447691,0.029296644,0.04272586,0.04710553,-0.5593324,12.7464228,2.30961847,13.1099768,-0.0134653207,-0.04048308,-0.0457895622,-0.0192649346,0.0119921118,-0.5753857,36.63004,6.2416296,13.0088282,-0.593000948,-0.132654816,0.01487039,0.0402552933,0.012448566,-0.591146767,36.0491257,8.996984,18.8840828,-0.5848405,-0.161203474,-0.06894693,-2.65509653,2.07370043,-0.5419197,3.4122498
436,8.7199969104308384,1933,0,1,-1.24400413,0,-3.80163813,-0.23074159,0,-0.6884816,-0.23074159,0,-0.6884816,1,0,0,1,0.0273667183,0.06093755,-0.5541512,0.00576613937,-0.0206784829,-0.005745046,0.0400401838,0.162043437,-0.513731539,-13.7077942,1.09868908,-0.54599,-0.5166291,-0.008216843,-0.02458693,0.0293014571,0.0366387665,-0.55299896,7.715041,0.8083512,8.506936,-0.10396082,-0.01728655,-0.0495683625,0.0471551679,0.0381192341,-0.559500158,7.63808966,1.0867914,12.5222073,-0.0977476,-0.0125623718,-0.147796229,0.025418859,0.0183974579,-0.551646054,12.8582973,1.63287652,8.86093,-0.0434476472,-0.01091145,-0.0142348688,0.07403257,0.0199592169,-0.563056648,12.700839,2.27418971,12.9914236,-0.0405740552,-0.0107408538,-0.10074012,0.009326447,-0.00159763545,-0.5760691,36.10434,6.205901,12.96022,-0.4864531,-0.011153847,-0.0182305276,0.07738607,-0.00140075292,-0.591414869,35.535202,8.836789,18.6927223,-0.4907939,-0.0481998026,-0.106194228,-2.6523366,2.08373451,-0.53755,3.41552329
437,8.7399969033446716,1938,0,1,-1.24400413,0,-3.80163813,-0.23074159,0,-0.6884816,-0.23074159,0,-0.6884816,1,0,0,1,0.0251592528,0.06457922,-0.550907,0.0162882283,-0.0253019668,-0.0106562,0.0301442742,0.118320212,-0.529334843,-14.032135,1.08804131,-0.583374,-0.280774951,-0.0166367665,-0.0277918875,0.0369775,0.0250832345,-0.552996039,7.537545,0.7658159,8.380076,-0.1589181,-0.008457605,-0.110136062,0.0579153,0.0277294815,-0.560134,7.479971,1.025661,12.2625437,-0.147813335,-0.004156366,-0.225240052,0.0492569879,0.0006739944,-0.554797947,12.8008,1.61419,8.784679,-0.0493646674,-0.006865971,-0.06454005,0.106152982,0.003618694,-0.5667819,12.6521654,2.23288631,12.79702,-0.0459819734,-0.00404287875,-0.165199682,0.0437066965,0.00128305471,-0.5707385,35.86664,6.15413141,12.9075108,-0.267897934,-0.03705298,-0.0422938131,0.121872365,0.00136568025,-0.586817563,35.2945366,8.693303,18.5033073,-0.28186515,-0.0515531525,-0.139988333,-2.6502142,2.09101415,-0.531267166,3.417341
438,8.7599968962585031,1943,0,1,-1.24400413,0,-3.80163813,-0.23074159,0,-0.6884816,-0.23074159,0,-0.6884816,1,0,0,1,0.02274906,0.06734253,-0.547317445,0.0232031737,-0.03195389,-0.0144904852,0.0204271,0.0741562247,-0.5450818,-14.0883484,1.06612968,-0.617218,-0.0493664332,-0.0262443572,-0.0292797145,0.0434090234,0.01504668,-0.551857769,7.30730629,0.726886749,8.189219,-0.208487853,2.41920352E-05,-0.168287992,0.06754928,0.0195320081,-0.5601929,7.27862453,0.9662389,11.9194088,-0.189778045,0.006244868,-0.3013698,0.0740618259,-0.0155257061,-0.5574733,12.7307816,1.59733367,8.64089,-0.06224999,0.00815855,-0.121428937,0.140404359,-0.010160544,-0.5704788,12.5932989,2.19198036,12.5150833,-0.0576296747,0.0128324628,-0.23914358,0.0818005055,-0.000149099622,-0.565649569,35.9107361,6.145675,12.84981,-0.07860969,-0.006378766,-0.08724016,0.172473252,0.000289347954,-0.583466053,35.3093224,8.606851,18.2998848,-0.113319822,-0.008045793,-0.20060192,-2.64686871,2.102471,-0.527706146,3.42122388
439,8.7799968891723346,1946,0,1,-1.24400413,0,-3.80163813,-0.23074159,0,-0.6884816,-0.23074159,0,-0.6884816,1,0,0,1,0.0202190746,0.06967906,-0.543396533,0.02779497,-0.040447522,-0.0177257266,0.0111520207,0.03004935,-0.5606422,-13.8795471,1.03259444,-0.6459961,0.17905353,-0.0359546319,-0.0296497047,0.04905933,0.00357355224,-0.5499829,7.016672,0.698155165,7.935803,-0.267580926,0.0102503747,-0.225900039,0.0763179958,0.0106582288,-0.55998075,7.029551,0.916112065,11.4941425,-0.238016963,0.0189147,-0.377142817,0.09872979,-0.0336203948,-0.5596032,12.63958,1.593057,8.426399,-0.08119497,0.02992694,-0.180674672,0.175342739,-0.0247738548,-0.5746229,12.51659,2.1613133,12.1393318,-0.07466127,0.03650567,-0.3180535,0.120015137,-0.00252576452,-0.559785068,36.24785,6.18673849,12.7735825,0.112897828,0.0358400345,-0.138427839,0.225098461,-0.001825064,-0.581151068,35.5754051,8.571404,18.0553284,0.0465140752,0.04339172,-0.273087025,-2.64362025,2.11286449,-0.524770737,3.42466187
440,8.7999968820861678,1951,0,1,-1.24400413,0,-3.80163813,-0.23074159,0,-0.6884816,-0.23074159,0,-0.6884816,1,0,0,1,0.01769588,0.07183681,-0.5392272,0.03160333,-0.0505043641,-0.0209221765,0.00263491459,-0.0137321856,-0.575351238,-13.4090576,0.9884518,-0.669036865,0.404225975,-0.0445979536,-0.0287678838,0.0534093343,-0.009991999,-0.5476345,6.65592432,0.684595168,7.62374544,-0.3374675,0.020135507,-0.280009449,0.0836496055,0.000401450321,-0.5597221,6.72575,0.8810732,10.9910316,-0.2938341,0.0314621031,-0.449236274,0.121227019,-0.0551420972,-0.5612024,12.5201464,1.60267568,8.142567,-0.10610012,0.0545381,-0.238339245,0.208497867,-0.04142413,-0.579094231,12.4178486,2.142802,11.6692762,-0.0957047641,0.0634006,-0.3967071,0.1559124,-0.005753707,-0.5521038,36.915596,6.287396,12.6818981,0.328218818,0.07942557,-0.189027578,0.276397526,-0.00429136166,-0.57874,36.1124,8.587229,17.7613239,0.218088329,0.09717125,-0.3495477,-2.641378,2.11847758,-0.5196037,3.42561126
441,8.819996875,1955,0,1,-1.24400413,0,-3.80163813,-0.23074159,0,-0.6884816,-0.23074159,0,-0.6884816,1,0,0,1,0.0153184645,0.07394897,-0.53486073,0.03615428,-0.06185466,-0.024632,-0.00482026,-0.0567774773,-0.5887622,-12.6820679,0.9354146,-0.686187744,0.625028431,-0.051849857,-0.0274890363,0.0558799244,-0.02606593,-0.5450221,6.218158,0.6892282,7.260091,-0.4177114,0.0276960284,-0.327259183,0.088782385,-0.0112981424,-0.5595419,6.363124,0.864884853,10.4183607,-0.354839772,0.0419029,-0.5132195,0.1397305,-0.0802051,-0.561247349,12.3660049,1.62761152,7.795448,-0.13350524,0.07992709,-0.290465534,0.237319753,-0.0607339963,-0.5839574,12.29284,2.13731384,11.1107769,-0.119901456,0.09078127,-0.4704627,0.185895622,-0.008979332,-0.545781255,37.97462,6.46293259,12.5877266,0.478522569,0.110019773,-0.236567557,0.322829336,-0.00768198166,-0.5760419,36.9576263,8.659703,17.420763,0.411615282,0.151870251,-0.424399346,-2.638245,2.12653041,-0.519195557,3.42812371
442,8.8399968679138325,1958,0,1,-1.24400413,0,-3.80163813,-0.23074159,0,-0.6884816,-0.23074159,0,-0.6884816,1,0,0,1,0.0132706417,0.0759443939,-0.530066133,0.0425946377,-0.07436788,-0.02927804,-0.0107895313,-0.0986558944,-0.5997436,-11.7064514,0.875498056,-0.697662354,0.8389258,-0.0574249625,-0.025687933,0.05616395,-0.0415173955,-0.541943669,5.69688272,0.7113303,6.8544035,-0.490046948,0.0331643522,-0.36511755,0.0911862,-0.0250115823,-0.559260547,5.936061,0.867548048,9.787491,-0.420951217,0.0479114056,-0.5658346,0.151379988,-0.08824471,-0.5633027,12.2352314,1.684215,7.398052,-0.11702548,0.123638511,-0.3298893,0.259626031,-0.07613894,-0.587100148,12.1567841,2.1514802,10.4767752,-0.124819845,0.1183407,-0.533950448,0.197697788,-0.009628199,-0.560037,38.4599266,6.555504,12.2816429,0.344914019,0.08870706,-0.251263559,0.356853366,-0.008061239,-0.587952554,37.8089828,8.675587,16.9793739,0.3087489,0.1328854,-0.490689576,-2.6356535,2.13131952,-0.5187588,3.42903829
443,8.859996860827664,1963,0,1,-1.24400413,0,-3.80163813,-0.23074159,0,-0.6884816,-0.23074159,0,-0.6884816,1,0,0,1,0.011572904,0.07796059,-0.525216043,0.0515449271,-0.0876844451,-0.035034284,-0.0149848461,-0.138617754,-0.607792556,-10.4949951,0.810764,-0.7041321,1.04208362,-0.0613607168,-0.0238833129,0.0534744039,-0.0504803658,-0.538189352,5.14481544,0.7560445,6.42180538,-0.5246521,0.0378428549,-0.388057977,0.09074084,-0.03283342,-0.5588799,5.47031069,0.8892312,9.11292648,-0.4522537,0.0530769229,-0.6047269,0.1531364,-0.08851339,-0.5630397,12.1437,1.75097513,6.97423172,-0.09229733,0.13126941,-0.356532961,0.2734018,-0.07259731,-0.5947271,12.075841,2.16931581,9.781883,-0.09336884,0.145557582,-0.585029066,0.20130454,-0.0131983925,-0.564714253,38.89573,6.538614,11.9726563,0.298238,0.09123883,-0.294253767,0.3781626,-0.00856453553,-0.605001,38.20525,8.504316,16.3489,0.258447558,0.149838209,-0.5465985,-2.63328481,2.13397622,-0.519170761,3.428933
444,8.8799968537414955,1968,0,1,-1.24400413,0,-3.80163813,-0.23074159,0,-0.6884816,-0.23074159,0,-0.6884816,1,0,0,1,0.0102027366,0.08041499,-0.5206642,0.06378371,-0.101877242,-0.04220508,-0.0174388587,-0.175258964,-0.613074958,-9.064819,0.7432562,-0.7071533,1.23099208,-0.0637581348,-0.0223974586,0.04781063,-0.05809626,-0.5344485,4.585351,0.820369,5.97955656,-0.5475959,0.037366122,-0.397211134,0.08701629,-0.0369923823,-0.5586544,5.00965548,0.9314426,8.41091251,-0.4605656,0.0557115078,-0.6281718,0.147729009,-0.09144984,-0.5598399,12.0735064,1.82802582,6.53516531,-0.07619287,0.1417082,-0.370429337,0.277082443,-0.07095963,-0.5986679,12.0234318,2.20232081,9.050246,-0.07186239,0.155480742,-0.6190927,0.19605872,-0.0147332363,-0.5611231,39.3709679,6.513128,11.7083454,0.313069969,0.08049023,-0.299235463,0.388465434,-0.00970669,-0.6116543,38.639,8.2735815,15.70246,0.277353257,0.113619208,-0.5645478,-2.63115644,2.13466358,-0.516737,3.427359
445,8.8999968466553288,1973,0,1,-1.24400413,0,-3.80163813,-0.23074159,0,-0.6884816,-0.23074159,0,-0.6884816,1,0,0,1,0.009187215,0.08325819,-0.5163432,0.08032417,-0.116958834,-0.0511675626,-0.0180075821,-0.20742403,-0.6150908,-7.437866,0.6747303,-0.7081299,1.40130079,-0.06478974,-0.0213803053,0.03964056,-0.06573233,-0.530802131,4.02907372,0.8990848,5.5395155,-0.563729942,0.0323392153,-0.394832671,0.07993768,-0.041439537,-0.558597445,4.56483841,0.986086249,7.69806957,-0.463221252,0.0517684519,-0.6362761,0.135426462,-0.09608648,-0.5549858,12.0239134,1.9129492,6.09424353,-0.05951414,0.147199124,-0.3732115,0.271531522,-0.07207117,-0.600615442,11.9968309,2.23402739,8.297856,-0.05139397,0.1571874,-0.638089657,0.181990355,-0.0160776842,-0.5538644,39.91095,6.50194454,11.5199709,0.3622736,0.0500235558,-0.276491344,0.386074632,-0.00995414052,-0.6133456,39.126358,8.024636,15.0927114,0.328241438,0.08396745,-0.557955742,-2.62889981,2.13351727,-0.522935867,3.42585349
446,8.91999683956916,1978,0,1,-1.24400413,0,-3.80163813,-0.23074159,0,-0.6884816,-0.23074159,0,-0.6884816,1,0,0,1,0.008528263,0.0862812251,-0.512233,0.102095425,-0.1329516,-0.0622592419,-0.01676009,-0.234018251,-0.613721967,-5.64141846,0.6066949,-0.708221436,1.54851937,-0.06453025,-0.0205950141,0.0294962972,-0.0727307349,-0.527302265,3.49115038,0.9869312,5.11198139,-0.5671119,0.0242325962,-0.38339144,0.06997875,-0.046145618,-0.5587422,4.14603,1.04519653,6.988563,-0.4576803,0.0434524119,-0.631161034,0.117054567,-0.100184187,-0.54898,12.0010109,2.00410962,5.663863,-0.0365986936,0.147449315,-0.36584878,0.2571177,-0.07408799,-0.6013203,12.0002069,2.26238966,7.542684,-0.0260721426,0.152514875,-0.6418787,0.159273416,-0.0168041047,-0.544649243,40.52608,6.515634,11.4272852,0.4235457,0.0197712481,-0.242246538,0.370354235,-0.009607835,-0.612599254,39.67676,7.779506,14.548131,0.395175129,0.0586517453,-0.532876,-2.62674475,2.130606,-0.5265312,3.422938
447,8.9399968324829935,1983,0,1,-1.24400413,0,-3.80163813,-0.23074159,0,-0.6884816,-0.23074159,0,-0.6884816,1,0,0,1,0.00777505059,0.0951062143,-0.5084715,0.127075091,-0.1502033,-0.07475684,-0.0146166794,-0.193836927,-0.6005211,-3.707611,0.5678108,-0.7026367,1.6696893,-0.03444338,-0.0177603364,0.0174994376,-0.07430881,-0.5240059,2.97722,1.07788682,4.7035017,-0.566143453,0.0132430941,-0.366024315,0.0572844744,-0.0464085862,-0.5591674,3.75293446,1.10036206,6.293191,-0.452826679,0.031293124,-0.616130948,0.09357017,-0.101938359,-0.5422061,12.0045528,2.09858084,5.253025,-0.01536243,0.141957045,-0.351012349,0.2344871,-0.07514406,-0.600864768,12.03101,2.285229,6.800585,-0.0036077518,0.1408326,-0.6321022,0.1295792,-0.01666947,-0.5340449,41.2151833,6.55691147,11.4345331,0.485711277,-0.0076624155,-0.205421537,0.342053056,-0.008711947,-0.6098095,40.285923,7.54909563,14.082654,0.463499784,0.0370396376,-0.497022748,-2.62447333,2.12620068,-0.5305958,3.419082
448,8.959996825396825,1989,0,1,-1.24400413,0,-3.80163813,-0.23074159,0,-0.6884816,-0.23074159,0,-0.6884816,1,0,0,1,0.00665717665,0.114439756,-0.5044008,0.156597316,-0.168639585,-0.08912888,-0.0115715154,-0.117892489,-0.5819772,-1.778656,0.585859656,-0.699584961,1.64685559,0.00479269028,-0.0207520127,0.003625812,-0.06545595,-0.520433068,2.49276662,1.16666818,4.319011,-0.5568316,0.000155121088,-0.343901277,0.0415951274,-0.0372728147,-0.5592991,3.38460279,1.14529419,5.62211466,-0.445151418,0.0169096,-0.5910492,0.06645227,-0.09863895,-0.5345775,12.0262117,2.1835835,4.865516,-0.0007729698,0.131932721,-0.332918972,0.204600021,-0.07236022,-0.598769844,12.0803671,2.286884,6.083347,0.0117365783,0.121113,-0.612604856,0.0962428153,-0.0157825,-0.523369133,41.9416046,6.643488,11.5575962,0.5398927,-0.0354708433,-0.189060658,0.3052331,-0.00702024065,-0.6061939,40.93113,7.322657,13.6561623,0.4991625,0.0197752118,-0.4334616,-2.62206078,2.11946,-0.536924362,3.41403
449,8.9799968183106564,1993,0,1,-1.24400413,0,-3.80163813,-0.23074159,0,-0.6884816,-0.23074159,0,-0.6884816,1,0,0,1,0.005560952,0.139969319,-0.4991849,0.196889043,-0.187655509,-0.107527189,-0.008227723,-0.08923824,-0.5724626,-0.0568847656,0.640441358,-0.713775635,1.461797,0.0128541291,-0.0346024632,-0.0115159545,-0.0484680459,-0.5162391,2.06556773,1.25049984,3.962775,-0.5169744,-0.0123476982,-0.3174847,0.0237607788,-0.02079212,-0.558726668,3.06350231,1.17775166,4.98448,-0.4114586,0.00381198525,-0.5573336,0.0372998044,-0.0882,-0.5259776,12.0726585,2.25634575,4.50200844,0.0230825655,0.111998245,-0.314694345,0.169561461,-0.06356752,-0.5945261,12.1529245,2.26595116,5.39879274,0.03502596,0.0920502543,-0.5864359,0.06501625,-0.013851976,-0.5136258,42.728138,6.65060759,11.6041574,0.570800841,-0.0497235358,-0.222609669,0.266282,-0.00599249639,-0.600601,41.6529732,7.00234938,13.123889,0.5439491,-0.002954185,-0.475020558,-2.61910176,2.11366129,-0.5402012,3.40867639
450,8.99999681122449,1997,0,1,-1.24400413,0,-3.80163813,-0.23074159,0,-0.6884816,-0.23074159,0,-0.6884816,1,0,0,1,0.00478371233,0.164272815,-0.4930341,0.249870732,-0.206885248,-0.130495474,-0.00558720343,-0.07298397,-0.5671261,1.48947728,0.7026465,-0.7406311,1.30732358,0.00523465872,-0.0456907153,-0.02663843,-0.030575119,-0.5119837,1.73604608,1.325427,3.63667226,-0.441828519,-0.0249780118,-0.291290164,0.005023347,-0.00416778028,-0.557950735,2.824887,1.19528353,4.387691,-0.346917659,-0.008878201,-0.5191931,0.008990213,-0.07259417,-0.517828643,12.1725912,2.29952478,4.159329,0.07132541,0.08682026,-0.299804837,0.132751077,-0.05069331,-0.589834,12.27568,2.20510578,4.749361,0.0814313143,0.056933403,-0.559084654,0.0370069556,-0.010603603,-0.506336749,43.5335045,6.5505805,11.550086,0.591787,-0.0597761869,-0.2712271,0.228165269,-0.00478566438,-0.5960426,42.42044,6.550479,12.4582939,0.5772401,-0.0335826874,-0.5309988,-2.61598229,2.10413122,-0.549222946,3.40181971
451,9.0199968041383212,2002,0,1,-1.24400413,0,-3.80163813,-0.23074159,0,-0.6884816,-0.23074159,0,-0.6884816,1,0,0,1,0.004413449,0.18315725,-0.486415148,0.314805418,-0.225976244,-0.157585129,-0.00281612063,-0.06260978,-0.5636592,2.932764,0.765295863,-0.7737732,1.2253921,-0.0100702643,-0.05255097,-0.04079261,-0.0170337185,-0.5084207,1.5381614,1.38656974,3.33743215,-0.338410825,-0.03706616,-0.2690892,-0.0133598112,0.00763648376,-0.5576928,2.69924045,1.19474876,3.83246064,-0.2571166,-0.0207230747,-0.481760144,-0.01640156,-0.05644259,-0.5106308,12.3559742,2.310778,3.83153,0.1447069,0.06124997,-0.28985104,0.09749134,-0.03804604,-0.5854388,12.4765415,2.103256,4.13141537,0.151477724,0.0228341222,-0.5346341,0.01241266,-0.00628486276,-0.5008426,44.34761,6.341355,11.3855019,0.6207744,-0.057954222,-0.32283175,0.191941291,-0.0034814924,-0.5927986,43.2227554,5.96054363,11.64691,0.6110689,-0.0577325225,-0.5872389,-2.61210012,2.0973978,-0.5546169,3.39554787
452,9.0399967970521544,2008,0,1,-1.24400413,0,-3.80163813,-0.23074159,0,-0.6884816,-0.23074159,0,-0.6884816,1,0,0,1,0.004458662,0.195128918,-0.478508949,0.3885958,-0.244607672,-0.187513366,-0.0137793813,-0.0561500266,-0.5572587,4.36265039,0.97279036,-0.825805664,1.19765675,0.0749927461,-0.06446409,-0.05315426,-0.0109505579,-0.504962444,1.48944271,1.42919385,3.05772686,-0.221235082,-0.0480723977,-0.254485428,-0.0301107764,0.0119821727,-0.5573597,2.70304751,1.1727916,3.31309938,-0.154219717,-0.0311092436,-0.45066756,-0.03806965,-0.0438203029,-0.504627049,12.64578,2.28976345,3.51395464,0.237236679,0.0364142954,-0.284579039,0.06560469,-0.0289414227,-0.581494033,12.7773,1.96239507,3.54007077,0.240084216,-0.007886648,-0.514019549,-0.0102141593,-0.00479544327,-0.497322,45.183567,6.03891039,11.1192026,0.6473666,-0.0690347552,-0.3597763,0.1593503,-0.00529019162,-0.5902179,44.0626831,5.25021172,10.6972,0.6522263,-0.05159861,-0.648232341,-2.607502,2.09380341,-0.5569916,3.39017987
453,9.0599967899659859,2014,0,1,-1.24400413,0,-3.80163813,-0.23074159,0,-0.6884816,-0.23074159,0,-0.6884816,1,0,0,1,0.004722915,0.20060432,-0.470736384,0.470544755,-0.2622647,-0.219822437,0.000210626982,-0.05261921,-0.557359934,5.83819532,1.02505028,-0.893493652,1.24622822,-0.0218049288,-0.09467143,-0.0645068,-0.0130892135,-0.503207743,1.59768891,1.44966793,2.790486,-0.0981430858,-0.05750315,-0.243948534,-0.04564123,0.00841146149,-0.558476269,2.84551072,1.1269294,2.82236719,-0.0445013344,-0.0397987366,-0.423971742,-0.056682393,-0.0366268754,-0.499875158,13.0597439,2.23892474,3.200755,0.345270216,0.0146062076,-0.2829255,0.0374123752,-0.0247903839,-0.578934968,13.195631,1.78600621,2.96753716,0.343964875,-0.03379017,-0.498572648,-0.0309519023,-0.003984969,-0.4931753,46.0668335,5.67541552,10.7753439,0.6991499,-0.0708093047,-0.383865148,0.131174281,-0.010162916,-0.5878768,44.9589,4.4480176,9.62988,0.7092587,-0.0201853514,-0.711305261,-2.60254025,2.08577681,-0.5680294,3.3832438
454,9.0799967828798174,2019,0,1,-1.24400413,0,-3.80163813,-0.23074159,0,-0.6884816,-0.23074159,0,-0.6884816,1,0,0,1,0.005989261,0.201565221,-0.463489354,0.5631829,-0.2787689,-0.255216062,-0.002061517,-0.0297538042,-0.554538846,6.99624252,1.10411906,-0.9616699,0.9922846,-0.0101291537,-0.07698035,-0.0741625354,-0.0225448236,-0.504174948,1.8664788,1.44764745,2.534107,0.0297151767,-0.0637597,-0.23759228,-0.058967948,-0.00207383931,-0.5620793,3.13189268,1.05684268,2.3562057,0.07139735,-0.04550028,-0.4031308,-0.07345589,-0.0348687321,-0.4979305,13.6134949,2.16148877,2.894217,0.468391746,-0.00520095229,-0.279833138,0.0126358252,-0.02558665,-0.5788403,13.74712,1.57749,2.41143513,0.462890238,-0.05661267,-0.484608769,-0.0499214046,-0.00510310754,-0.491491139,47.036808,5.268037,10.3735495,0.7757322,-0.0629153252,-0.406152517,0.106270254,-0.0155483074,-0.5876733,45.9457626,3.56729031,8.461189,0.7942555,0.0132325292,-0.7670795,-2.596706,2.083758,-0.5730095,3.378353
455,9.09999677579365,2024,0,1,-1.24400413,0,-3.80163813,-0.23074159,0,-0.6884816,-0.23074159,0,-0.6884816,1,0,0,1,0.007988323,0.195308462,-0.4564708,0.665164769,-0.29415074,-0.2930885,0.006998455,-0.0121531934,-0.5575171,7.99532127,1.03350747,-1.05685425,0.8682873,-0.07223073,-0.09685817,-0.08298753,-0.041037254,-0.5073207,2.30656457,1.423774,2.28518319,0.164102986,-0.06762187,-0.232091352,-0.07078546,-0.0210333727,-0.5676717,3.57573748,0.9631721,1.90809131,0.195950478,-0.04864496,-0.385694534,-0.08840047,-0.03858886,-0.498428673,14.32747,2.060049,2.59243774,0.609302163,-0.02219683,-0.278150946,-0.008850671,-0.0309150442,-0.5811589,14.4527969,1.340091,1.86616325,0.6002937,-0.07503235,-0.47417894,-0.06602292,-0.009511415,-0.4920263,48.13162,4.830886,9.927998,0.8649561,-0.0357734561,-0.4335283,0.08332579,-0.0212661885,-0.5896547,47.0550461,2.623732,7.206609,0.8946118,0.0501790643,-0.786926746,-2.59017086,2.08509755,-0.5764313,3.374743
456,9.1199967687074821,2030,0,1,-1.24400413,0,-3.80163813,-0.23074159,0,-0.6884816,-0.23074159,0,-0.6884816,1,0,0,1,0.0104735484,0.1904364,-0.449228972,0.764467537,-0.30951786,-0.329627961,0.0012922748,0.07759602,-0.5495295,9.217717,0.971169651,-1.10794067,0.99903506,-0.0584334433,-0.0723033547,-0.09073436,-0.06221868,-0.511745632,2.89079046,1.37836564,2.03901863,0.269861281,-0.07023615,-0.23147653,-0.08080779,-0.04193982,-0.574474156,4.153768,0.8467025,1.47076821,0.2948708,-0.0496049225,-0.375972271,-0.101421416,-0.04801074,-0.5002697,15.1989183,1.93654323,2.29297853,0.7424243,-0.0377483368,-0.278215051,-0.02758674,-0.040899463,-0.5852009,15.3100758,1.077593,1.327892,0.729955,-0.08397871,-0.4647858,-0.07994881,-0.0142735057,-0.49304387,49.38176,4.364128,9.439728,0.974189758,-0.009115934,-0.457446128,0.0561539978,-0.0276020337,-0.5923486,48.27074,1.74666834,6.043023,0.9857931,0.06900442,-0.6652119,-2.58299541,2.09079838,-0.57657814,3.37279487
457,9.1399967616213154,2033,0,1,-1.24400413,0,-3.80163813,-0.23074159,0,-0.6884816,-0.23074159,0,-0.6884816,1,0,0,1,0.03607235,0.235166118,-0.421462566,0.696646333,-0.2715455,-0.297541767,0.02952005,0.121592656,-0.5175366,10.3542624,0.9014124,-1.132721,0.9610165,-0.06527123,-0.047978133,-0.0629715249,0.006447099,-0.4794644,3.45361948,1.340832,1.89960921,0.228800386,-0.0532766,-0.152774543,-0.051844582,0.0252864659,-0.534305155,4.70694065,0.732738137,1.14734089,0.252068758,-0.0363031924,-0.289356947,-0.102797426,-0.02826294,-0.4685983,15.7549124,1.83657253,2.10285139,0.531191766,-0.0448587239,-0.175311059,-0.03329262,-0.0211356543,-0.5453428,15.8556442,0.85621345,0.918037,0.521402657,-0.08632776,-0.346849859,-0.08881028,-0.017841652,-0.470359117,50.5476723,3.91671872,8.992415,0.8522565,-0.0105193853,-0.403910249,0.0315228477,-0.031538114,-0.5626231,49.3567657,0.991842747,5.048572,0.8508632,0.09267545,-0.570848,-2.576673,2.090653,-0.5849304,3.36930513
458,9.1599967545351468,2039,0,1,-1.24400413,0,-3.80163813,-0.23074159,0,-0.6884816,-0.23074159,0,-0.6884816,1,0,0,1,0.0821942538,0.317744255,-0.36909005,0.4965014,-0.2065306,-0.215802655,0.07751926,0.185790688,-0.4478505,11.3704348,0.8373643,-1.12261963,0.876258254,-0.06524107,-0.0192869,-0.006139919,0.122954413,-0.412022531,3.75351214,1.3133285,1.87650847,-0.009601296,-0.0405268446,-0.0510540269,0.00716687,0.13959007,-0.453777373,5.00283766,0.629286647,0.9524241,0.0177346282,-0.0247519314,-0.177274138,-0.0772642046,0.0401809253,-0.402850837,15.9390268,1.74571288,2.05651951,0.1986765,-0.06518027,-0.0450896621,-0.0136079937,0.0462609,-0.463979959,16.0330219,0.668180466,0.6861253,0.190964326,-0.100510567,-0.1925673,-0.0858147144,-0.0134992,-0.4121858,51.12591,3.51819038,8.720479,0.330002666,-0.0466838777,-0.266551822,0.0176099129,-0.02736289,-0.485710651,49.86306,0.394723266,4.305272,0.337125421,0.06914869,-0.388246357,-2.57292986,2.089806,-0.5864582,3.36618352
459,9.17999674744898,2044,0,1,-1.24400413,0,-3.80163813,-0.23074159,0,-0.6884816,-0.23074159,0,-0.6884816,1,0,0,1,0.108054578,0.355989933,-0.327621043,0.487986565,-0.216844931,-0.216242045,0.11085467,0.223132864,-0.397905976,12.4227266,0.7738664,-1.15292358,0.906988144,-0.0589460433,-0.0419514179,0.0240537357,0.170881227,-0.3697858,4.03192,1.27038693,1.80277717,0.0247215368,-0.0487975031,-0.09396821,0.03363315,0.188645884,-0.412337184,5.277299,0.5208672,0.7258381,0.0511974059,-0.0240798,-0.201287717,-0.03880215,0.105985187,-0.3487857,16.2130547,1.63085616,1.99969542,0.233293548,-0.07891582,-0.0616142,0.0130151687,0.110621385,-0.402958721,16.2916489,0.475205868,0.478007853,0.219733715,-0.106360883,-0.179727525,-0.06848638,-0.007963598,-0.350775152,51.2347641,3.20478153,8.620472,-0.0481934845,-0.0226230174,-0.186792344,0.0176411234,-0.02121343,-0.40903604,49.934906,-0.0441589355,3.80779815,-0.0023225937,0.0387146175,-0.259044766,-2.56859446,2.086331,-0.595474243,3.3622973
460,9.1999967403628116,2049,0,1,-1.24400413,0,-3.80163813,-0.23074159,0,-0.6884816,-0.23074159,0,-0.6884816,1,0,0,1,0.13090162,0.38599512,-0.281501919,0.515313864,-0.247238129,-0.234000757,0.133170649,0.2530976,-0.356372267,13.5338459,0.703645468,-1.18997192,0.965393662,-0.06303486,-0.0495155454,0.0390988626,0.191503435,-0.324559122,4.348978,1.21655571,1.69003868,0.0329352841,-0.0606589839,-0.1212104,0.0426765122,0.210846379,-0.3716852,5.584512,0.411182553,0.485865355,0.0552906357,-0.0290128887,-0.204729274,-0.0159249529,0.119825453,-0.311774731,16.48758,1.54445088,1.873516,0.239799187,-0.0539027154,-0.112316713,0.0226229876,0.124505244,-0.369422048,16.54319,0.31183964,0.225324079,0.22182624,-0.08564255,-0.211715236,-0.0468628,-0.01062287,-0.322301358,51.24057,2.984264,8.541609,-0.09239924,0.0529994071,-0.202815413,0.0256417785,-0.02203343,-0.384753972,49.9207153,-0.438262939,3.38257575,-0.02678603,0.0590915233,-0.258313745,-2.56406975,2.08570647,-0.599926,3.35924649
461,9.219996733276643,2055,0,1,-1.24400413,0,-3.80163813,-0.23074159,0,-0.6884816,-0.23074159,0,-0.6884816,1,0,0,1,0.149760261,0.413819134,-0.230181,0.5502108,-0.293744624,-0.259409547,0.1547219,0.2802351,-0.3106335,14.7078085,0.6258998,-1.23907471,1.02862847,-0.06590137,-0.05758679,0.0461475253,0.200106114,-0.27462846,4.649292,1.142489,1.52066517,0.008577216,-0.0706683546,-0.163732454,0.04390539,0.222065434,-0.329523355,5.86833954,0.293912739,0.212401956,0.0266342517,-0.030878827,-0.22807388,-0.00137364026,0.111246169,-0.268066,16.7470245,1.43640816,1.66093493,0.232638478,-0.0567260534,-0.181851774,0.026533,0.117234528,-0.332897723,16.77294,0.141232729,-0.09738159,0.210488528,-0.07370967,-0.26590395,-0.0246996712,-0.0131358653,-0.2810307,51.3558578,2.666882,8.335272,0.0110875741,0.05443518,-0.285263419,0.0293901134,-0.0246883519,-0.3511569,50.0006638,-0.852417,2.901755,0.04044568,0.149183512,-0.31003195,-2.55832577,2.08583379,-0.605991364,3.356033
462,9.2399967261904763,2061,0,1,-1.24400413,0,-3.80163813,-0.23074159,0,-0.6884816,-0.23074159,0,-0.6884816,1,0,0,1,0.162514389,0.440409482,-0.1729814,0.5850012,-0.358301461,-0.291177154,0.173517913,0.306277454,-0.259832531,15.9473238,0.5390308,-1.29986572,1.0925262,-0.07029772,-0.06409687,0.0441091,0.20576182,-0.217474759,4.91222572,1.03637648,1.26130819,-0.0171420723,-0.08146453,-0.228249252,0.0360061936,0.231934816,-0.283846974,6.108098,0.161214218,-0.131835938,-0.00248263031,-0.0305946022,-0.276983559,0.00564822229,0.101150066,-0.215587229,17.0079727,1.28311718,1.33952188,0.233343035,-0.07122144,-0.273272336,0.0226681866,0.10937795,-0.2905873,16.9948654,-0.05154419,-0.510162354,0.205169871,-0.07365754,-0.340548724,-0.00642689131,-0.015440695,-0.2295015,51.60597,2.17958117,7.91017532,0.122302562,0.050761044,-0.4148106,0.0283350646,-0.0264435783,-0.3089892,50.17262,-1.37228394,2.28142142,0.132372111,0.1516279,-0.380814731,-2.5507803,2.08703232,-0.6130543,3.35231566
463,9.2599967191043078,2067,0,1,-1.24400413,0,-3.80163813,-0.23074159,0,-0.6884816,-0.23074159,0,-0.6884816,1,0,0,1,0.165322125,0.466628373,-0.109356932,0.6148597,-0.4463411,-0.330434442,0.188117176,0.332069576,-0.206321552,17.2729416,0.4365493,-1.38565063,1.15120721,-0.07436398,-0.07692212,0.0361312144,0.213052347,-0.1550652,5.10260963,0.902439833,0.788875,-0.0133826025,-0.0888314247,-0.359135628,0.0213567689,0.245114863,-0.237593085,6.259881,0.01803154,-0.673675537,-0.00359125063,-0.025267303,-0.392401874,0.007293904,0.09389515,-0.157576442,17.29961,1.10835683,0.9496044,0.231122181,-0.08788678,-0.3803449,0.0123328287,0.105094515,-0.244452074,17.24209,-0.249694824,-0.9712219,0.196058035,-0.08976644,-0.4305686,-0.000104465988,-0.0171573684,-0.178867579,52.30652,1.80669737,7.65723276,0.210707963,-0.000348866,-0.5855992,0.0149140023,-0.0271997824,-0.267180562,50.4128227,-2.07620239,1.44251788,0.178439587,0.190716684,-0.489284039,-2.541782,2.089723,-0.6171417,3.34790421
464,9.279996712018141,2070,0,1,-1.24400413,0,-3.80163813,-0.23074159,0,-0.6884816,-0.23074159,0,-0.6884816,1,0,0,1,0.204100668,0.499367833,-0.0703696758,0.6647654,-0.377631843,-0.31896317,0.2140728,0.363845944,-0.165541,18.6039829,0.348057926,-1.34655762,1.17525971,-0.08654159,0.0010818243,0.0525580123,0.225553244,-0.132466242,5.317413,0.799665,0.661349356,-0.0699772239,-0.07725185,-0.13010329,0.0394542851,0.253667176,-0.199268892,6.44855738,-0.101837158,-0.8535156,-0.05852206,-0.02785398,-0.149101317,-0.006986474,0.09503138,-0.119370595,17.6037636,0.966412544,0.6047395,0.259607375,-0.0582443178,-0.240061328,-0.009867205,0.106356606,-0.2024166,17.4938,-0.417755127,-1.36465454,0.225895584,-0.06215757,-0.274184585,0.00701829,-0.0212651268,-0.115957618,52.8271141,1.28032541,7.2007885,0.2632479,0.06482321,-0.545201,0.00971908,-0.0286354423,-0.221125528,50.641674,-2.74777222,0.6077673,0.2403673,0.130916029,-0.441709459,-2.53352785,2.09282017,-0.6233978,3.34474
465,9.2999967049319725,2075,0,1,-1.24400413,0,-3.80163813,-0.23074159,0,-0.6884816,-0.23074159,0,-0.6884816,1,0,0,1,0.2449183,0.5264281,-0.0257706158,0.71505785,-0.317866832,-0.3094197,0.255607963,0.4040386,-0.128088,19.9136848,0.2819323,-1.29995728,1.166903,-0.07270089,0.0253283978,0.0966257751,0.2452057,-0.107217558,5.5407505,0.6988015,0.6479151,-0.05492728,-0.0453196019,-0.04433403,0.08567854,0.269766331,-0.161284626,6.64751148,-0.2166748,-0.907745361,-0.0430826768,-0.009362113,-0.0559687875,-0.0008246284,0.100432672,-0.0959045738,17.8876362,0.7536252,0.4609565,0.255277336,-0.12182714,-0.0994233042,-0.00545362569,0.107632026,-0.157184556,17.73297,-0.619537354,-1.53482056,0.223081559,-0.1243844,-0.117334217,-0.0121813128,-0.0236287639,-0.09775786,53.3726425,0.8749673,7.11134529,0.323051155,-0.0992035,-0.3031012,-0.03490618,-0.029490903,-0.1714957,50.9771538,-3.36685181,0.090232186,0.1807793,0.470509648,-0.290427446,-2.52671576,2.096768,-0.62845993,3.34300613
466,9.319996697845804,2079,0,1,-1.24400413,0,-3.80163813,-0.23074159,0,-0.6884816,-0.23074159,0,-0.6884816,1,0,0,1,0.2841515,0.549704552,0.0257171951,0.759270251,-0.2828302,-0.306722343,0.293580264,0.445052147,-0.08182661,21.1814346,0.23084791,-1.24755859,1.13182819,-0.06391308,0.0359074771,0.139376462,0.262732059,-0.0718979761,5.769789,0.599243641,0.686632156,-0.0308628418,-0.0248294938,-0.008240813,0.127520263,0.286122352,-0.117816031,6.85947227,-0.325286865,-0.889465332,-0.0156189511,0.00235542585,-0.004004763,0.0227234829,0.111766323,-0.06508346,18.1894569,0.563100934,0.4100598,0.269444257,-0.144811064,-0.0217349827,0.0109637659,0.118867844,-0.113284767,17.9959736,-0.848205566,-1.592865,0.241303116,-0.128848538,-0.01651162,-0.0164785534,-0.0282188281,-0.08097023,53.5849571,0.421935022,7.0514164,0.160797521,0.0348403752,-0.257602334,-0.02946103,-0.0337873846,-0.137751773,51.0761528,-3.67739868,-0.1763916,0.133522227,0.121351719,-0.228197336,-2.5195446,2.10189819,-0.63482666,3.34201813
467,9.3399966907596372,2085,0,1,-1.24400413,0,-3.80163813,-0.23074159,0,-0.6884816,-0.23074159,0,-0.6884816,1,0,0,1,0.320752263,0.5702254,0.0840872,0.796575963,-0.269090563,-0.310233533,0.328398257,0.485816061,-0.0283434242,22.3868332,0.188391015,-1.19485474,1.07723165,-0.0583348572,0.03712526,0.175317988,0.2775066,-0.0267086029,6.00958824,0.5029239,0.7457388,-0.00913647,-0.011089691,0.0101620452,0.162659138,0.300078332,-0.06890713,7.0847497,-0.425964355,-0.8356323,0.00406322349,0.0100939125,0.0238613039,0.0519609228,0.119035579,-0.0216196254,18.5124836,0.418711275,0.4045208,0.2811713,-0.133190185,0.009350657,0.0381653123,0.123763636,-0.0623192675,18.28357,-0.990509033,-1.59207153,0.251595765,-0.113569587,0.021039784,-0.00059838593,-0.0328838453,-0.02801169,53.91857,0.258876443,7.35327244,0.384528816,-0.001156807,0.03969998,-0.0167935863,-0.0342885554,-0.075506866,51.76049,-3.65213013,0.21296984,0.248894081,0.0464312956,-0.03853885,-2.51319027,2.10796833,-0.6395111,3.34195018
468,9.3599966836734687,2090,0,1,-1.24400413,0,-3.80163813,-0.23074159,0,-0.6884816,-0.23074159,0,-0.6884816,1,0,0,1,0.352833152,0.587159038,0.14899078,0.825615942,-0.274273247,-0.319532275,0.360309631,0.5249143,0.0310613457,23.5181217,0.154776,-1.14422607,1.00780022,-0.05258262,0.0327028334,0.204299361,0.287497044,0.0276177917,6.23298931,0.409968257,0.763716161,0.000891985139,0.00298619969,0.008178309,0.191325977,0.310729563,-0.0148041025,7.284682,-0.51348877,-0.814178467,0.0125218239,0.0231901184,0.024733182,0.07943429,0.120834358,0.0290320646,18.8560925,0.325906873,0.412479728,0.286596239,-0.09562035,0.0120267272,0.0641,0.127140492,-0.0135297738,18.5926075,-1.07269287,-1.57226563,0.258250862,-0.102881074,0.020036906,0.02308392,-0.0353273824,0.02811261,54.57108,-0.02758789,6.800735,0.571702063,0.22691533,-0.103856012,0.00101729855,-0.034914434,-0.0216513462,52.2531967,-3.75045776,0.2892637,0.410184175,-0.004173603,0.121236354,-2.507247,2.114828,-0.64330864,3.34254861
469,9.379996676587302,2096,0,1,-1.24400413,0,-3.80163813,-0.23074159,0,-0.6884816,-0.23074159,0,-0.6884816,1,0,0,1,0.378151,0.5999207,0.217994466,0.8466873,-0.295673847,-0.33428818,0.38766256,0.5612188,0.09389994,24.5659122,0.132269874,-1.09451294,0.9301196,-0.0469307452,0.0281046033,0.225725949,0.2950847,0.0895145759,6.41392756,0.3231189,0.652058959,0.006823406,0.006028043,-0.024342576,0.2120991,0.320536971,0.0431948565,7.438486,-0.586517334,-0.9210205,0.0164394416,0.0324430019,-0.006341791,0.101211824,0.124139242,0.08086684,19.2167416,0.228708774,0.4403906,0.294319928,-0.113628447,-0.0183077455,0.08540616,0.128184617,0.037291944,18.9203587,-1.12976074,-1.53970337,0.257154047,-0.09169257,-0.002685681,0.0234807134,-0.0327833369,0.0497393,54.3744278,-0.04699707,6.993331,0.136603147,-0.00473601371,0.03374874,-0.000253385166,-0.03849411,0.0362781733,52.6899071,-3.91387939,0.0412127823,0.454467833,0.376408219,0.0173545331,-2.502058,2.1217773,-0.646167755,3.34361577
470,9.3999966695011334,2101,0,1,-1.24400413,0,-3.80163813,-0.23074159,0,-0.6884816,-0.23074159,0,-0.6884816,1,0,0,1,0.395062268,0.610308349,0.288853019,0.864197135,-0.331129521,-0.354700148,0.4084917,0.5957857,0.157552525,25.5046921,0.09290817,-1.09692383,0.8577817,-0.04241395,0.0284294188,0.23987487,0.301114231,0.155877411,6.632763,0.258232027,0.482804835,-0.0164897,0.00884071,-0.141713023,0.222692922,0.328400135,0.09789467,7.60236931,-0.6437073,-1.07781982,-0.0285905022,0.0439028442,-0.115701929,0.115866058,0.129604772,0.130594283,19.5740814,0.165309608,0.401903629,0.31398952,-0.100420415,-0.0386488,0.09701893,0.131531775,0.0816565,19.235508,-1.21044922,-1.56658936,0.275880039,-0.07851507,-0.0213956237,0.0392705128,-0.0302338,0.100400195,54.1794548,-0.649719238,6.325227,0.0379751474,0.06551558,-0.1843988,0.0237028413,-0.0343781263,0.0713961348,52.8400841,-4.16796875,-0.3454895,0.3062252,0.09931353,-0.0594691671,-2.49181223,2.13154984,-0.6518383,3.34328079
471,9.4199966624149649,2107,0,1,-1.24400413,0,-3.80163813,-0.23074159,0,-0.6884816,-0.23074159,0,-0.6884816,1,0,0,1,0.403260231,0.6225839,0.347314358,0.896448255,-0.366948,-0.379632473,0.422357053,0.629364133,0.212510154,26.3806763,0.0430191755,-1.084137,0.7976677,-0.0495875478,0.0127384365,0.237837523,0.311584949,0.199038029,6.92725468,0.203165919,0.350150615,0.02841742,-0.0137971491,-0.138626575,0.220534578,0.3410393,0.1383502,7.83813047,-0.696624756,-1.20181274,0.0132853,0.0268885866,-0.11152333,0.1247989,0.133907318,0.185994253,19.9684448,0.06060881,0.28685838,0.345264,-0.0647411942,-0.0930389762,0.105747737,0.13697,0.127142146,19.5759411,-1.29443359,-1.67721558,0.299586833,-0.0601221621,-0.0836465955,0.0531762019,-0.025117591,0.143372625,53.8513031,-1.11761475,5.79193544,-0.20937708,0.0800584,-0.205498844,0.0440319777,-0.03156545,0.0972282737,52.69778,-4.635071,-0.9725342,0.122194409,0.115396649,-0.212548554,-2.48206139,2.1420536,-0.65555954,3.34346843
472,9.4399966553287982,2111,0,1,-1.24400413,0,-3.80163813,-0.23074159,0,-0.6884816,-0.23074159,0,-0.6884816,1,0,0,1,0.4124573,0.6406345,0.386149168,0.944772959,-0.366480827,-0.3894465,0.43155387,0.666398168,0.250451118,27.2148132,-0.005584717,-1.04406738,0.759851038,-0.0560831577,0.02819848,0.234995782,0.327744067,0.229432091,7.287036,0.150803417,0.253062516,0.08795026,-0.0252089277,-0.08269026,0.218582332,0.35679394,0.1694352,8.130718,-0.750976563,-1.2925415,0.06567059,0.0135815293,-0.05716697,0.11983344,0.146096081,0.217057988,20.3993225,-0.0433044434,0.167800039,0.376769722,-0.0577595234,-0.09197262,0.104763761,0.145978928,0.155645579,19.9433231,-1.39956665,-1.80657959,0.324033767,-0.04855808,-0.09261544,0.04424857,-0.0186792836,0.159722418,53.30389,-1.50619507,5.49699831,-0.267264456,-0.0143355057,-0.218215734,0.0473473258,-0.02827271,0.114630044,52.6548233,-5.05444336,-1.55896,0.0425877571,0.111634895,-0.206956014,-2.47387314,2.152254,-0.6576271,3.3443563
473,9.45999664824263,2116,0,1,-1.24400413,0,-3.80163813,-0.23074159,0,-0.6884816,-0.23074159,0,-0.6884816,1,0,0,1,0.417038977,0.6605571,0.4206614,0.984070957,-0.3635213,-0.395621747,0.438372463,0.705540657,0.276697248,28.00645,-0.0503234863,-0.9946289,0.719560266,-0.0575324669,0.0393771678,0.23527658,0.343696415,0.2510106,7.68437,0.1000801,0.170670435,0.112493291,-0.0278632268,-0.06480756,0.221797153,0.3727955,0.191519976,8.451954,-0.8070984,-1.381073,0.08658087,0.0118599311,-0.05029754,0.110809825,0.156485587,0.231279388,20.8444786,-0.157897949,0.08520624,0.388176262,-0.0763279945,-0.07240327,0.101381004,0.154973581,0.1684722,20.32173,-1.52789307,-1.91430664,0.3323063,-0.0665743351,-0.08160889,0.0354908779,-0.0138394609,0.166599423,52.8803368,-2.07788086,4.96616364,-0.245921656,-0.06887533,-0.2490939,0.04083302,-0.0252190381,0.11973156,52.61051,-5.547699,-2.15280151,0.0553455576,0.0583301038,-0.212942839,-2.4606986,2.16780782,-0.6592293,3.344998
474,9.4799966411564629,2122,0,1,-1.24400413,0,-3.80163813,-0.23074159,0,-0.6884816,-0.23074159,0,-0.6884816,1,0,0,1,0.4182933,0.67670846,0.455017626,1.02086961,-0.3576294,-0.399174064,0.441761762,0.7420355,0.3044891,28.7448788,-0.0921630859,-0.929718,0.6720153,-0.061938338,0.0519540161,0.234914348,0.3555376,0.2703005,8.101308,0.0491555557,0.0968335345,0.123516396,-0.0339088738,-0.0566297546,0.223644838,0.385212064,0.212373376,8.790819,-0.8648071,-1.47061157,0.09816589,0.008817412,-0.0480256453,0.106128119,0.162135422,0.243062854,21.29865,-0.29800415,0.013642692,0.3966749,-0.09400535,-0.06167105,0.100311995,0.161161214,0.179114416,20.7084961,-1.66253662,-2.0138855,0.339973569,-0.07438888,-0.07390559,0.0232446715,-0.0133714229,0.171055168,52.4277229,-2.55020142,4.865931,-0.240724772,-0.164919466,-0.241909355,0.03258498,-0.0253475681,0.121516332,52.42577,-5.944031,-2.47320557,0.07715186,-0.006023586,-0.204292357,-2.448825,2.18314242,-0.659132,3.34623814
475,9.4999966340702944,2127,0,1,-1.24400413,0,-3.80163813,-0.23074159,0,-0.6884816,-0.23074159,0,-0.6884816,1,0,0,1,0.416388869,0.688887835,0.4901638,1.05620492,-0.3486665,-0.400081,0.442415059,0.7750762,0.3350023,29.4242325,-0.132141113,-0.848876953,0.6203475,-0.06738396,0.06441328,0.23161982,0.364016443,0.2895884,8.531378,0.0005684084,0.0367128849,0.128977016,-0.0402556621,-0.0428750366,0.222826317,0.393622339,0.233928919,9.141018,-0.922149658,-1.55618286,0.1032918,0.00516632572,-0.0410541669,0.103021614,0.164865732,0.2563444,21.7651024,-0.4050598,-0.0434265137,0.407509536,-0.08384147,-0.052215606,0.101462476,0.162503839,0.194586813,21.105938,-1.783783,-2.10787964,0.3495567,-0.07059768,-0.07062395,0.0264203232,-0.0174972787,0.177149147,51.9867249,-3.14822388,4.353657,-0.23566702,-0.113446996,-0.255818129,0.037131764,-0.0273427367,0.131188929,52.3562965,-6.42590332,-3.00463867,0.0559781119,0.0258544087,-0.194451571,-2.437172,2.19914222,-0.6578617,3.347957
476,9.5199966269841259,2133,0,1,-1.24400413,0,-3.80163813,-0.23074159,0,-0.6884816,-0.23074159,0,-0.6884816,1,0,0,1,0.4112414,0.6981013,0.5260091,1.0901264,-0.336657375,-0.398205876,0.440083683,0.80499655,0.367767781,30.0427761,-0.170684814,-0.7518616,0.5674817,-0.07346548,0.07670988,0.229456037,0.3706869,0.3085774,8.974106,-0.0481872559,-0.0234375,0.134266734,-0.0450777262,-0.04352422,0.22217603,0.400381744,0.256149054,9.50431,-0.9793701,-1.64578247,0.1110981,0.00325389579,-0.04283826,0.103092156,0.1663996,0.2699429,22.2441254,-0.5432129,-0.101959229,0.418854684,-0.09578117,-0.0485093,0.10402099,0.164813146,0.208229244,21.51591,-1.91229248,-2.203949,0.3608967,-0.07158162,-0.06834078,0.0185127631,-0.0219810829,0.185258955,51.54134,-3.532074,4.469954,-0.274882078,-0.196517944,-0.210565925,0.0323099047,-0.0302826017,0.136457682,52.1313171,-6.7081604,-3.098175,0.03534126,-0.0261905789,-0.158323839,-2.4276123,2.21346951,-0.6560688,3.35010076
477,9.5399966198979591,2138,0,1,-1.24400413,0,-3.80163813,-0.23074159,0,-0.6884816,-0.23074159,0,-0.6884816,1,0,0,1,0.4028879,0.704990149,0.562502563,1.12282252,-0.3217795,-0.3935202,0.434502244,0.8322988,0.402170956,30.601881,-0.208099365,-0.6385803,0.5154855,-0.07995293,0.0888300538,0.223991245,0.3760391,0.3279761,9.431349,-0.09353638,-0.0743103,0.137373254,-0.04986593,-0.0361603275,0.218288943,0.405346274,0.279499471,9.880798,-1.03427124,-1.73284912,0.117102966,0.00114263594,-0.0366337225,0.103058316,0.166135877,0.2847166,22.7373,-0.6326904,-0.146270752,0.429497749,-0.08172934,-0.043218717,0.105687037,0.16506657,0.225032911,21.940094,-2.01272583,-2.29281616,0.372955769,-0.0600818023,-0.0648157448,0.0206400156,-0.0281929448,0.2149675,51.565464,-3.76812744,4.78723955,0.09320406,-0.406609744,0.206264868,0.0398522764,-0.0340839326,0.146142408,51.97756,-7.07644653,-3.51361084,0.009217806,0.035109736,-0.14400503,-2.414022,2.23356843,-0.652399063,3.35290241
478,9.55999661281179,2142,0,1,-1.24400413,0,-3.80163813,-0.23074159,0,-0.6884816,-0.23074159,0,-0.6884816,1,0,0,1,0.391088843,0.707931042,0.598210633,1.15177739,-0.3041317,-0.385533333,0.425518781,0.855219543,0.437711656,31.0979958,-0.244537354,-0.5098877,0.460839063,-0.0863809,0.100330211,0.2186993,0.378759027,0.3465757,9.89204,-0.134094238,-0.131439209,0.138535857,-0.04862511,-0.03812039,0.21443598,0.4084077,0.303104937,10.2759829,-1.08770752,-1.82525635,0.127769709,0.0003187023,-0.038983494,0.102009945,0.164510176,0.297584057,23.2359257,-0.713775635,-0.18661499,0.436867863,-0.08821586,-0.0362591743,0.107587442,0.166387916,0.241326541,22.37842,-2.127533,-2.383728,0.385618746,-0.06350224,-0.06144935,0.0149701759,-0.03395953,0.220293462,51.05964,-4.147064,4.97556257,0.06149683,-0.42732954,0.183511823,0.0340386629,-0.0381778851,0.153561249,51.684063,-7.21655273,-3.38568115,-0.0375327468,-0.0311910845,-0.0953059047,-2.39971161,2.25586319,-0.6472626,3.35655832
479,9.5799966057256238,2147,0,1,-1.24400413,0,-3.80163813,-0.23074159,0,-0.6884816,-0.23074159,0,-0.6884816,1,0,0,1,0.3758293,0.7067016,0.6318288,1.175377,-0.284017,-0.3740947,0.412872136,0.8734257,0.472799957,31.5286522,-0.280090332,-0.36706543,0.4038174,-0.09243474,0.110823542,0.209531769,0.380882949,0.365043879,10.3750782,-0.170013428,-0.181335449,0.1459448,-0.0530556478,-0.0297739133,0.206298321,0.408851951,0.32654494,10.6914873,-1.13711548,-1.91122437,0.136755034,-0.00160058215,-0.029207781,0.0981808454,0.166115642,0.312309355,23.7523975,-0.792785645,-0.2116394,0.449766159,-0.07659235,-0.0229457617,0.107066244,0.16648595,0.259364456,22.8325958,-2.20440674,-2.461853,0.398680151,-0.0490216166,-0.0546579361,0.0198868848,-0.04160326,0.249865383,51.05748,-4.40209961,5.208836,0.5259217,-0.245552137,0.100265488,0.0424309857,-0.04303015,0.1631514,51.4104042,-7.456543,-3.66622925,-0.06953609,0.0437984765,-0.08142743,-2.38742256,2.276474,-0.6418495,3.36066818
480,9.5999965986394553,2153,0,1,-1.24400413,0,-3.80163813,-0.23074159,0,-0.6884816,-0.23074159,0,-0.6884816,1,0,0,1,0.3574464,0.701809943,0.6633493,1.19435382,-0.26186198,-0.359519243,0.3966869,0.8869843,0.5074247,31.8943615,-0.314727783,-0.211395264,0.346964568,-0.097972706,0.120296545,0.197794154,0.379573941,0.381888837,10.8605642,-0.199707031,-0.219818115,0.143934831,-0.05770756,-0.0184197277,0.198298186,0.407070428,0.349026352,11.12808,-1.18365479,-1.99862671,0.146717608,-0.00204831362,-0.0289072841,0.0935309753,0.164868414,0.3275023,24.2859573,-0.8571167,-0.225189209,0.462895781,-0.07739374,-0.0149779469,0.106296547,0.166005343,0.2754018,23.2974968,-2.30056763,-2.54071045,0.407693237,-0.0543755069,-0.0492559671,0.02090027,-0.0530775338,0.243193179,50.60841,-4.76507568,5.197436,0.216571465,-0.243181765,0.0601379722,0.0350041762,-0.04868363,0.170004025,51.0406265,-7.470978,-3.35110474,-0.125447065,-0.0359444171,-0.0226405133,-2.374351,2.29929686,-0.6350632,3.365652
481,9.6199965915532868,2157,0,1,-1.24400413,0,-3.80163813,-0.23074159,0,-0.6884816,-0.23074159,0,-0.6884816,1,0,0,1,0.336074471,0.6927998,0.6916172,1.20737851,-0.238008142,-0.341808558,0.377854973,0.903469443,0.5413921,32.0909,-0.34765625,-0.0446472168,0.216017,-0.101743355,0.127701268,0.184607521,0.377661169,0.397701025,11.3557224,-0.227233887,-0.244476318,0.150091991,-0.06580679,-0.007792659,0.185699478,0.4020691,0.370317,11.5833063,-1.22491455,-2.07397461,0.152449325,-0.00409164652,-0.0146139413,0.08767115,0.164053753,0.342383116,24.8436184,-0.946228,-0.233062744,0.4726075,-0.0858190656,-0.00765122473,0.102830619,0.163805649,0.292216748,23.7748814,-2.352478,-2.60284424,0.417290479,-0.03781666,-0.0402169526,0.0175609812,-0.0653814152,0.2193533,49.9081535,-5.05828857,5.366316,-0.478053063,-0.16774033,-0.123610266,0.0436251462,-0.0548961,0.177142337,50.64367,-7.589386,-3.497528,-0.150726289,0.0481029823,-0.006953053,-2.35992336,2.3255384,-0.6263275,3.37189174
482,9.63999658446712,2163,0,1,-1.24400413,0,-3.80163813,-0.23074159,0,-0.6884816,-0.23074159,0,-0.6884816,1,0,0,1,0.312081575,0.6806482,0.7168533,1.21559381,-0.2128052,-0.3213098,0.356804222,0.9225853,0.575532734,32.13697,-0.377807617,0.131402016,0.0408157967,-0.104084224,0.133525342,0.168658867,0.373479664,0.41143328,11.8647947,-0.25390625,-0.250061035,0.149895877,-0.07561187,0.008156255,0.171731308,0.3928644,0.388890862,12.0453415,-1.26235962,-2.13677979,0.144846752,-0.005906053,-0.0030483976,0.08059816,0.157627076,0.352025628,25.3940525,-1.030304,-0.235626221,0.465798259,-0.08427252,-0.00321276486,0.101871774,0.158300459,0.3140146,24.273819,-2.4078064,-2.66549683,0.436718762,-0.0220987275,-0.03561896,0.02517479,-0.0786835551,0.21644567,49.03315,-5.5350647,4.891231,-0.467607617,-0.0554724447,-0.169192731,0.05742836,-0.07018963,0.1916114,50.32855,-7.67880249,-3.9239502,-0.177748278,0.246646941,-0.155427113,-2.34577465,2.35285044,-0.616397858,3.37912869
483,9.6599965773809515,2168,0,1,-1.24400413,0,-3.80163813,-0.23074159,0,-0.6884816,-0.23074159,0,-0.6884816,1,0,0,1,0.286668956,0.6689562,0.7417665,1.22409737,-0.187140912,-0.29928875,0.331305861,0.9193734,0.6067019,32.08276,-0.407318115,0.313428164,-0.0318375155,-0.106617138,0.13774161,0.151265472,0.35578236,0.416927427,12.2957506,-0.279937744,-0.244476318,0.06875296,-0.08065637,0.01526776,0.156975731,0.375182867,0.401978731,12.4512939,-1.29269409,-2.19494629,0.0868863761,-0.00225198921,0.0006941464,0.07271071,0.135555536,0.352880776,25.9218636,-1.13415527,-0.240234375,0.448252141,-0.07677032,0.002662599,0.09794346,0.143336564,0.322077572,24.7769241,-2.47946167,-2.73269653,0.436082,-0.024940148,-0.0335857421,0.026418373,-0.08687455,0.2192672,48.3403053,-5.912628,4.37469053,-0.397327036,0.0415619,-0.292786658,0.05435189,-0.08029691,0.1906703,49.742,-7.67874146,-4.1578064,-0.208733886,0.238926351,-0.1301554,-2.336998,2.371799,-0.6092777,3.38499761
484,9.6799965702947848,2174,0,1,-1.24400413,0,-3.80163813,-0.23074159,0,-0.6884816,-0.23074159,0,-0.6884816,1,0,0,1,0.260152727,0.6560329,0.7657011,1.23171461,-0.161380008,-0.275874317,0.3036757,0.9102043,0.638680458,32.0312843,-0.4366455,0.496863723,-0.0310363043,-0.107410066,0.1384926,0.133927524,0.338329375,0.4213657,12.6533318,-0.3033142,-0.23236084,-0.00991434,-0.08244386,0.0193991959,0.140547156,0.356985778,0.4142645,12.8071995,-1.315979,-2.24459839,0.02943396,0.000821402064,0.008946728,0.06331417,0.113165155,0.345951438,26.4118652,-1.23498535,-0.239349365,0.4213029,-0.07636559,0.008174479,0.09060884,0.120556429,0.327850848,25.2581978,-2.522644,-2.78445435,0.417078555,-0.0106704235,-0.0224947333,0.0184241235,-0.1357066,0.239341438,47.6595459,-6.25885,3.89732552,-0.735621154,0.006191507,-0.330185354,0.05202445,-0.08579843,0.194246992,49.2357445,-7.6081543,-4.400635,-0.259174138,0.222245246,-0.09846559,-2.319779,2.40827584,-0.5938854,3.39615464
485,9.6999965632086163,2179,0,1,-1.24400413,0,-3.80163813,-0.23074159,0,-0.6884816,-0.23074159,0,-0.6884816,1,0,0,1,0.233409271,0.6413382,0.787368953,1.23742056,-0.134278774,-0.249603689,0.2751832,0.9048152,0.671028554,32.00858,-0.465393066,0.6779232,-0.00435802341,-0.104852825,0.1390802,0.115923539,0.321808875,0.425141037,12.9408369,-0.322509766,-0.210876465,-0.08026012,-0.08360205,0.0277415924,0.123388961,0.339016855,0.42547667,13.117836,-1.33233643,-2.28326416,-0.0218408033,0.003017066,0.0203585587,0.0548003,0.100946225,0.3385824,26.8967915,-1.31106567,-0.225402832,0.416149557,-0.05894498,0.0202184319,0.08234065,0.107518911,0.328170568,25.73201,-2.567627,-2.8291626,0.41251877,-0.0121937916,-0.0147722661,0.0147747546,-0.11237061,0.2076491,47.34814,-6.485077,3.4980154,-0.434393823,-0.0141271949,-0.2637437,0.04897601,-0.118897066,0.209946632,48.87908,-7.54412842,-4.55233765,-0.514269531,0.212262839,-0.0775150061,-2.308352,2.43522954,-0.581876755,3.40549731
486,9.7199965561224477,2185,0,1,-1.24400413,0,-3.80163813,-0.23074159,0,-0.6884816,-0.23074159,0,-0.6884816,1,0,0,1,0.207766056,0.6272806,0.8046873,1.23898244,-0.103718258,-0.217672452,0.246260434,0.906165957,0.7020892,32.01209,-0.49041748,0.8538154,0.007579973,-0.09845672,0.1443138,0.09909999,0.3120465,0.428926021,13.1852522,-0.339294434,-0.18460083,-0.125167683,-0.0845334,0.0381862,0.10612452,0.325164884,0.435279131,13.3927135,-1.3416748,-2.31109619,-0.06175612,0.00590614974,0.03801526,0.04723763,0.09648579,0.3343352,27.3715248,-1.386322,-0.20916748,0.4117807,-0.0677505359,0.0309837759,0.0747944,0.09970926,0.3299435,26.2032318,-2.582306,-2.85977173,0.4101892,0.00457346439,0.00477468967,0.0062867105,-0.0885857642,0.181633249,47.11427,-6.78515625,3.115195,-0.143314272,-0.061176762,-0.245622486,0.04535056,-0.09920688,0.190780744,48.71709,-7.41070557,-4.713196,-0.305821657,0.186456859,-0.0281116068,-2.29580545,2.4662137,-0.5670757,3.41679788
487,9.739996549036281,2189,0,1,-1.24400413,0,-3.80163813,-0.23074159,0,-0.6884816,-0.23074159,0,-0.6884816,1,0,0,1,0.181545049,0.6176041,0.8173734,1.23330426,-0.07672537,-0.18719247,0.21559152,0.9019472,0.7256246,31.9801388,-0.5114746,1.01992345,-0.01840713,-0.09067081,0.143498689,0.08247123,0.3121875,0.430902332,13.4000244,-0.354553223,-0.15524292,-0.155709326,-0.0860030651,0.0468424372,0.0900433362,0.320779324,0.442451954,13.6447744,-1.34646606,-2.33422852,-0.08926657,0.007622063,0.0477625,0.03253356,0.103797749,0.3319956,27.8418636,-1.48098755,-0.177124023,0.40786013,-0.09946358,0.0517688841,0.0686366856,0.0980153158,0.3301061,26.6540089,-2.60321045,-2.88751221,0.394327641,-0.00141983479,0.0111604482,-0.0132695548,-0.0671314448,0.156875834,47.0770874,-7.294159,2.560961,0.154580623,-0.176930815,-0.297123134,0.0400410444,-0.0840934962,0.170974374,48.53726,-7.30151367,-4.77539063,-0.08066448,0.150347143,-0.00616664439,-2.28654623,2.49092674,-0.5545616,3.42644835
488,9.7599965419501125,2193,0,1,-1.24400413,0,-3.80163813,-0.23074159,0,-0.6884816,-0.23074159,0,-0.6884816,1,0,0,1,0.159726709,0.604104042,0.8274712,1.231741,-0.0430286378,-0.147147834,0.184200123,0.900533438,0.743691146,31.9027042,-0.5291748,1.17482066,-0.03663484,-0.08187909,0.155146748,0.06347424,0.322438717,0.4319146,13.6004744,-0.3685913,-0.104034424,-0.164625749,-0.09519932,0.083399184,0.07342341,0.3246413,0.446506917,13.8727551,-1.34896851,-2.34945679,-0.106068864,0.007028356,0.07479246,0.0144678038,0.112417556,0.3267261,28.2719765,-1.60043335,-0.126190186,0.382368475,-0.123748384,0.08547854,0.05411669,0.108655944,0.329303175,27.0899334,-2.636139,-2.90444946,0.390059531,-0.031294398,0.044104293,-0.0262108818,-0.06892874,0.124187291,46.9426727,-7.9145813,2.00412726,0.429029077,-0.245267689,-0.31406498,0.017513819,-0.06020026,0.150998563,48.5766869,-7.46536255,-5.098419,0.197213247,0.004031889,-0.07451879,-2.274181,2.52468777,-0.536062241,3.43995786
489,9.7799965348639457,2199,0,1,-1.24400413,0,-3.80163813,-0.23074159,0,-0.6884816,-0.23074159,0,-0.6884816,1,0,0,1,0.139292657,0.5915311,0.8344039,1.226154,-0.01273115,-0.108247653,0.1544274,0.9051994,0.7583903,31.7914028,-0.5426941,1.31063139,-0.0528334826,-0.0696739852,0.161457747,0.0463605747,0.3385111,0.430357337,13.7833834,-0.3829651,-0.03756714,-0.173943967,-0.104265049,0.113461807,0.0564013161,0.3369353,0.449346036,14.0903177,-1.35125732,-2.35122681,-0.110190161,0.000883244,0.107785322,0.001227852,0.12096902,0.317991436,28.6418972,-1.72799683,-0.0621643066,0.341742367,-0.131751835,0.112330891,0.0356705859,0.119400121,0.326141715,27.47675,-2.70587158,-2.8944397,0.3600178,-0.06460195,0.07976434,-0.0265993457,-0.0925861448,0.119816124,46.96902,-8.589813,1.38310766,0.956199,0.02424562,-0.4568659,-0.00260552019,-0.0618898273,0.12791653,48.4910278,-7.746643,-5.37915039,0.5177804,-0.050558418,-0.197116256,-2.26375151,2.55513239,-0.5180645,3.45277619
490,9.7999965277777772,2204,0,1,-1.24400413,0,-3.80163813,-0.23074159,0,-0.6884816,-0.23074159,0,-0.6884816,1,0,0,1,0.119880065,0.5798202,0.8386934,1.21669924,0.01252225,-0.07308081,0.125911355,0.9148614,0.7695938,31.64131,-0.5522461,1.42570889,-0.07102936,-0.0562306345,0.162220314,0.0317073241,0.3605378,0.4273941,13.9546337,-0.396789551,0.037441086,-0.17711395,-0.10807649,0.13456215,0.0388178378,0.3538043,0.449361622,14.2874441,-1.352478,-2.32925415,-0.119742453,-0.00687625259,0.14361845,-0.0050024,0.134501457,0.306787163,28.9420967,-1.84924316,-0.002532959,0.2974912,-0.108259186,0.131566182,0.0198615231,0.1282677,0.3188032,27.7977047,-2.77212524,-2.865387,0.31504342,-0.06320083,0.110185541,0.009518806,-0.00380785763,0.137968585,47.2709923,-9.168854,0.598757863,1.34302449,0.590904951,-0.244145811,-0.00217881217,-0.078243,0.14135401,48.7372627,-8.130554,-5.93280029,1.31618929,0.384839,-0.584179,-2.25775,2.57377,-0.506008148,3.46089172
491,9.81999652069161,2209,0,1,-1.24400413,0,-3.80163813,-0.23074159,0,-0.6884816,-0.23074159,0,-0.6884816,1,0,0,1,0.1012753,0.568643451,0.8407527,1.20378435,0.0323811248,-0.04291001,0.0991933942,0.9288348,0.7782418,31.44518,-0.5574951,1.51878321,-0.09441124,-0.0422401577,0.157617182,0.0207533929,0.3884775,0.424604923,14.12824,-0.407073975,0.107802585,-0.165040269,-0.102696933,0.142031223,0.02316701,0.374995947,0.447419018,14.4658031,-1.347992,-2.28607178,-0.127564222,-0.008221693,0.171695888,0.00708337966,0.16767323,0.304190725,29.2095947,-1.88021851,0.05006017,0.3016193,-0.0173095576,0.13600491,0.011005085,0.139661372,0.308654964,28.0414753,-2.81176758,-2.82766724,0.267312467,-0.0236894041,0.1327155,0.0562265255,-0.0142098367,0.162197918,47.83766,-9.332275,-0.328094482,1.89856136,1.07263172,-0.5968959,0.0272710435,-0.0214593261,0.157070339,49.4587669,-8.49411,-6.980072,1.59767032,0.6026986,-0.243696749,-2.25162745,2.6095407,-0.495254517,3.48206925
492,9.8399965136054419,2214,0,1,-1.24400413,0,-3.80163813,-0.23074159,0,-0.6884816,-0.23074159,0,-0.6884816,1,0,0,1,0.08339114,0.5577668,0.8411129,1.18813372,0.0468395725,-0.0186592937,0.07476172,0.946243346,0.7854534,31.1939659,-0.558136,1.58970785,-0.1250622,-0.0280481726,0.147495776,0.015932411,0.42062223,0.4223302,14.3183136,-0.418823242,0.149980366,-0.137395173,-0.08861584,0.122726724,0.01136482,0.399790376,0.4443751,14.6318378,-1.33422852,-2.23501587,-0.128638685,-0.00182016194,0.182924092,0.0261965021,0.188867018,0.291201919,29.4098663,-1.87838745,0.0505015254,0.251306921,0.0216318555,0.101517715,0.0171879679,0.161748916,0.298856974,28.2130737,-2.80032349,-2.79727173,0.242412224,0.0412950069,0.127767175,0.09067309,-0.0218864381,0.133289874,48.2913933,-9.299133,-0.989349365,2.162684,1.27570629,-0.8218924,0.070515424,-0.017058827,0.156839788,50.27627,-8.597382,-8.068756,1.81856561,0.959353149,-0.5182799,-2.25813675,2.63707232,-0.514835358,3.509756
493,9.8599965065192734,2218,0,1,-1.24400413,0,-3.80163813,-0.23074159,0,-0.6884816,-0.23074159,0,-0.6884816,1,0,0,1,0.06633323,0.5469971,0.83837235,1.17549384,0.056990236,-4.64916229E-06,0.0528907254,0.966317654,0.791894138,30.8778725,-0.553924561,1.63950062,-0.159567311,-0.0143435523,0.134419352,0.0144395456,0.451004863,0.417079359,14.5052576,-0.4350586,0.145909831,-0.121443883,-0.0675321445,0.08675251,0.00603048969,0.427197218,0.44029066,14.786603,-1.31054688,-2.20263672,-0.115943745,0.0136335269,0.165730849,0.0421495438,0.20965901,0.269615352,29.5260448,-1.86645508,0.00159077125,0.198095635,0.03746332,0.06950638,0.03296594,0.181614578,0.280923247,28.3233471,-2.75827026,-2.81723022,0.1995756,0.0806451,0.09456214,0.0675009638,-0.0219191015,0.0732654259,48.45175,-8.872223,-0.590393066,1.94077313,1.03506887,-0.215627283,0.0887075663,-0.02131918,0.120471157,51.0442047,-8.604095,-9.001007,1.94528818,0.996904433,-0.4416964,-2.26299572,2.6523838,-0.5284538,3.526408
494,9.8799964994331066,2223,0,1,-1.24400413,0,-3.80163813,-0.23074159,0,-0.6884816,-0.23074159,0,-0.6884816,1,0,0,1,0.05047071,0.535799444,0.8282766,1.17901778,0.0643643,0.0137458444,0.03373429,0.9881674,0.797762334,30.4857235,-0.545074463,1.66972637,-0.187797233,-0.00172159076,0.122424632,0.009977322,0.4794795,0.4104489,14.6718149,-0.451263428,0.108015746,-0.10005115,-0.047191944,0.069785364,0.00413681474,0.4530979,0.4334273,14.916913,-1.27590942,-2.20401,-0.09545488,0.0341742225,0.135524675,0.0378235579,0.22960636,0.24869661,29.5631351,-1.81866455,-0.0375061035,0.162483722,0.0387372226,0.07960063,0.0434459075,0.198270708,0.255969852,28.3445034,-2.6741333,-2.8605957,0.160513684,0.1192366,0.08324675,0.0218326747,-0.0238088369,0.0187760666,48.736557,-8.424927,-0.190155029,1.5377214,0.74328196,0.450735778,0.0630487949,-0.020175539,0.06736377,51.4456,-7.82403564,-8.275757,1.831243,0.8032788,-0.2263664,-2.28716135,2.67654014,-0.5928211,3.57021165
495,9.8999964923469381,2225,0,1,-1.24400413,0,-3.80163813,-0.23074159,0,-0.6884816,-0.23074159,0,-0.6884816,1,0,0,1,0.036071714,0.523550749,0.8105769,1.19756043,0.06954095,0.0230830312,0.01748722,1.01091051,0.8023251,30.0034847,-0.531890869,1.68134129,-0.213550285,0.00963667,0.112013116,-0.000936379656,0.5048114,0.402617723,14.8023481,-0.463592529,0.0744454,-0.07449746,-0.03757073,0.088107124,-0.000680948142,0.476376683,0.424732655,15.0084562,-1.22512817,-2.22937,-0.06827949,0.05171609,0.124373287,0.01571224,0.238695651,0.226997435,29.4957619,-1.72073364,-0.0158996582,0.12559168,0.0501003042,0.120538928,0.03481957,0.217445791,0.232900769,28.302021,-2.49261475,-2.86053467,0.149293125,0.130337343,0.107436121,0.03719542,-0.034759216,0.06156553,49.72443,-8.178619,-0.742218,3.04613972,1.71460485,-0.543791354,0.009826399,-0.0205506086,0.02741869,51.98782,-7.188507,-7.894867,1.57183123,0.470447361,0.546007156,-2.31537,2.688871,-0.669981,3.61107183
496,9.9199964852607714,2229,0,1,-1.24400413,0,-3.80163813,-0.23074159,0,-0.6884816,-0.23074159,0,-0.6884816,1,0,0,1,0.02293667,0.5097059,0.7862835,1.22779572,0.07255773,0.02782458,0.00435362943,1.03198516,0.807205558,29.41547,-0.514984131,1.67563331,-0.241957977,0.0199863426,0.10164243,-0.0108246664,0.52676934,0.394095451,14.8935747,-0.475830078,0.0623945743,-0.0346495,-0.034680374,0.105110377,-0.01264503,0.495719224,0.41563648,15.0535421,-1.1625061,-2.2354126,-0.0354553461,0.0529787019,0.1509154,0.0101382695,0.241004676,0.191648811,29.2876053,-1.70950317,-0.03186035,0.07921392,0.0179802533,0.0882207453,0.0159137771,0.222189322,0.210088149,28.1647911,-2.328247,-2.82449341,0.1317336,0.1279436,0.127527475,0.0351063237,-0.0373356044,-0.0287217423,50.3039856,-7.8270874,-0.285675049,2.45907235,0.906967044,0.107898295,0.0364748724,-0.0344207957,0.08047903,53.3141136,-7.032898,-8.531036,3.15217018,0.6153027,0.353155166,-2.360371,2.69958377,-0.804369,3.67506647
497,9.9399964781746029,2233,0,1,-1.24400413,0,-3.80163813,-0.23074159,0,-0.6884816,-0.23074159,0,-0.6884816,1,0,0,1,0.0114413165,0.494003445,0.7554742,1.26936018,0.0751255,0.0305578113,-0.00590233272,1.0495379,0.813082933,28.7077332,-0.4949646,1.65456581,-0.272693962,0.0283679441,0.09463996,-0.0162372664,0.5408753,0.381489575,14.9171486,-0.490020752,0.0435398966,-0.00191375986,-0.0237791911,0.104375787,-0.0196557939,0.5089582,0.4033112,15.0528784,-1.091217,-2.23129272,-0.0006200038,0.0573248081,0.157401755,0.0125260763,0.246797144,0.157758683,29.0022736,-1.66418457,-0.07904053,0.0827098042,0.05400338,0.08076668,0.0103044715,0.216957256,0.179900438,27.8821335,-2.22784424,-2.81881714,0.115687408,0.100299135,0.113546088,0.0331073143,-0.0390762836,-0.0586657822,51.4238243,-7.5045166,-0.2532959,2.6105392,0.636295557,0.5359309,0.0361619219,-0.0179675967,-0.016765058,54.2742081,-6.68988037,-8.081818,2.51112342,0.576087236,-0.0226100683,-2.393777,2.70140648,-0.9347305,3.72846961
498,9.9599964710884343,2237,0,1,-1.24400413,0,-3.80163813,-0.23074159,0,-0.6884816,-0.23074159,0,-0.6884816,1,0,0,1,0.00252942,0.476340055,0.7169186,1.32464528,0.07848083,0.0332408547,-0.0134524852,1.06212091,0.8197835,27.8682728,-0.476654053,1.61918318,-0.301862329,0.0354595035,0.0937467963,-0.0188079141,0.5504595,0.3690452,14.881671,-0.500091553,0.00322958175,0.0543036237,-0.007511582,0.102706783,-0.0237799864,0.516069949,0.388415456,14.9767885,-1.00881958,-2.236206,0.042263858,0.0656962246,0.159088433,0.009323127,0.241881877,0.123049185,28.6080112,-1.58636475,-0.119506836,0.08304427,0.0646853447,0.08989329,0.0101256566,0.222349226,0.1451875,27.5401,-2.048523,-2.813202,0.14696911,0.126008421,0.118468046,0.0299681835,-0.04418829,-0.06843232,52.7947922,-7.199463,-0.3138733,3.15351,0.863851845,0.421224684,0.0151656419,-0.0160287917,-0.0669706538,55.43657,-6.431946,-7.885803,2.1748867,0.175760686,0.5686163,-2.416473,2.700662,-1.0455513,3.7717495
499,9.9799964640022676,2242,0,1,-1.24400413,0,-3.80163813,-0.23074159,0,-0.6884816,-0.23074159,0,-0.6884816,1,0,0,1,-0.003529666,0.456523061,0.6719267,1.38999462,0.08255806,0.0361614227,-0.0182244387,1.06816137,0.8273157,26.8896427,-0.4569702,1.57058752,-0.329859,0.041616112,0.0974343,-0.0214447584,0.5528934,0.35556975,14.7858772,-0.504943848,-0.0522155762,0.117402151,0.005508244,0.1111887,-0.0274096336,0.517413855,0.3733243,14.8331318,-0.9172058,-2.25534058,0.0994712561,0.07073371,0.1692718,0.006286035,0.238499269,0.0962297246,28.1355057,-1.50775146,-0.157775879,0.130010337,0.0557643548,0.09955171,0.0009684069,0.2131828,0.112328425,27.1081448,-1.86489868,-2.789093,0.172458127,0.143607557,0.150331527,0.0278366953,-0.0350320861,-0.09412062,54.1550369,-6.915436,-0.236663818,3.32912326,0.8097599,0.4698027,0.0141163357,-0.0180959329,-0.06726721,57.1114769,-6.27267456,-8.139252,2.78789735,0.5223434,0.331871361,-2.429213,2.69741249,-1.14013863,3.8048687
500,9.9999964569160991,2246,0,1,-1.24400413,0,-3.80163813,-0.23074159,0,-0.6884816,-0.23074159,0,-0.6884816,1,0,0,1,-0.0071049137,0.434727162,0.622709036,1.4589349,0.08669985,0.0386973619,-0.0199327022,1.06547225,0.8355155,25.7678776,-0.4368286,1.50640881,-0.360536456,0.04688775,0.102090269,-0.0227005165,0.5487139,0.3424672,14.63705,-0.505096436,-0.122192383,0.190661088,0.016942231,0.12224438,-0.0300649442,0.512429237,0.358142436,14.5901518,-0.8169861,-2.282196,0.165201709,0.0751978,0.183984861,0.005714294,0.233270764,0.07239303,27.6081562,-1.429596,-0.201538086,0.19657968,0.0488423146,0.110355176,0.000809686957,0.221785367,0.09415476,26.7185135,-1.68676758,-2.76565552,0.28109026,0.134788781,0.1611306,0.0255725533,-0.023120217,-0.124060243,55.5777245,-6.645508,-0.008605957,3.388565,0.666749954,0.551762044,0.0125702322,-0.01432208,-0.09020437,58.38202,-5.86065674,-7.756256,2.53236318,0.240064144,0.5037678,-2.43989277,2.694572,-1.29533386,3.85897446
501,10.019996449829932,2250,0,1,-1.24400413,0,-3.80163813,-0.23074159,0,-0.6884816,-0.23074159,0,-0.6884816,1,0,0,1,-0.00773762167,0.411279023,0.569874346,1.53076673,0.09156473,0.0424114466,-0.0181294549,1.05276728,0.844944835,24.50477,-0.414703369,1.4267205,-0.389496922,0.05296327,0.1091038,-0.0224838946,0.538477063,0.330669284,14.4405479,-0.5006714,-0.207305908,0.2780834,0.0275440477,0.138010085,-0.0291244611,0.505362868,0.3476187,14.3081646,-0.711364746,-2.32614136,0.2715531,0.08014367,0.197142065,0.005700454,0.2239918,0.0456506833,27.03646,-1.35186768,-0.253417969,0.2597282,0.0537182465,0.128877014,0.004744834,0.225088865,0.07745142,26.3401089,-1.48345947,-2.75009155,0.380488157,0.150551587,0.180434883,0.0234479513,-0.022422269,-0.1489673,57.2025146,-6.349121,0.2443794,3.29372168,0.4463066,0.6664511,0.01056345,-0.0137409717,-0.108524919,59.76548,-5.34909058,-7.294281,2.47181177,0.07950507,0.611396432,-2.44159985,2.68812656,-1.40538216,3.89390969
502,10.039996442743764,2255,0,1,-1.24400413,0,-3.80163813,-0.23074159,0,-0.6884816,-0.23074159,0,-0.6884816,1,0,0,1,-0.00708467653,0.388724625,0.5167814,1.59394491,0.0942828953,0.04236144,-0.0145648522,1.02963829,0.8543693,23.108881,-0.393859863,1.33250821,-0.420468569,0.05486572,0.113313377,-0.02132405,0.519681633,0.317953825,14.1592226,-0.491760254,-0.3088684,0.35176456,0.0379205868,0.150799572,-0.0265049,0.492168725,0.338808715,14.0045271,-0.6026001,-2.39141846,0.381546885,0.0844900757,0.206538409,0.009995595,0.22361666,0.0350103639,26.5420837,-1.26065063,-0.3067627,0.3855033,0.0684059858,0.147758588,0.009388613,0.220995069,0.0624896474,25.963625,-1.28515625,-2.74508667,0.4680929,0.152453572,0.191441491,0.0246141367,-0.0209310278,-0.157111391,58.8247643,-5.88659668,0.6523526,2.94027042,0.154431075,0.8239856,0.01062305,0.0207575262,-0.0413393974,61.07769,-4.758362,-6.71560669,1.82398045,0.101294771,0.560261369,-2.43733978,2.69052052,-1.462534,3.91388965
503,10.059996435657595,2259,0,1,-1.24400413,0,-3.80163813,-0.23074159,0,-0.6884816,-0.23074159,0,-0.6884816,1,0,0,1,-0.0172952376,0.385184854,0.479773253,1.58411193,0.07767188,0.0050385,-0.009782966,1.000518,0.8475873,21.7145443,-0.363830566,1.25308406,-0.5375339,0.056614317,0.05311209,-0.0203978624,0.5156516,0.279345363,13.9662809,-0.471557617,-0.397674561,0.535427,0.03153526,0.146393716,-0.02595177,0.487896085,0.306629121,13.8286676,-0.4906311,-2.444336,0.593224466,0.0562005341,0.2049829,0.0152643453,0.218569085,0.0277977325,26.2147579,-1.14324951,-0.337677,0.436617762,0.08149825,0.111536846,0.010945823,0.225814492,0.07535118,25.7721939,-1.0920105,-2.71286,0.55614686,0.1292112,0.162064254,0.0265284516,-0.0204736814,-0.15712364,60.49346,-5.21505737,1.32580328,2.918839,0.165453911,0.7973188,0.0115109906,0.0243515149,0.00551784039,62.0008774,-4.16442871,-6.1307373,1.45862734,0.110115893,0.4867973,-2.429585,2.689776,-1.56198311,3.946843
504,10.079996428571429,2263,0,1,-1.24400413,0,-3.80163813,-0.23074159,0,-0.6884816,-0.23074159,0,-0.6884816,1,0,0,1,-0.011150036,0.374573082,0.448052257,1.57513165,0.08196211,0.015730381,-0.005258045,0.9786207,0.827296138,20.2634258,-0.328063965,1.18237424,-0.601085,0.0529787019,0.06291017,-0.0207944047,0.5063897,0.237574026,13.8746452,-0.444885254,-0.428771973,0.5249094,0.0307964887,0.174734324,-0.0275059938,0.482236981,0.272606075,13.8209133,-0.3913269,-2.42886353,0.627797663,0.036596328,0.243043751,0.0122697391,0.235487342,-0.00212835614,26.0201454,-0.9850769,-0.346496582,0.5194186,0.09676034,0.143065035,-0.0003549289,0.2507429,0.06360336,25.74134,-0.885681152,-2.638031,0.653809667,0.0868293643,0.197385326,0.00931458,0.0259242281,-0.07082639,62.1737366,-4.36541748,2.1628685,1.96497118,0.1050147,0.5235975,0.0224052481,-0.00145092234,-0.0565984845,62.5156021,-3.79568481,-5.56814575,0.151951432,0.235022709,-0.183164388,-2.42252731,2.68753314,-1.60508728,3.95825434
505,10.09999642148526,2268,0,1,-1.24400413,0,-3.80163813,-0.23074159,0,-0.6884816,-0.23074159,0,-0.6884816,1,0,0,1,-0.009503868,0.3592288,0.417691082,1.57106185,0.07801472,0.005730748,0.00281917257,0.9509328,0.8088868,18.743927,-0.296569824,1.0866462,-0.631354034,0.05074864,0.04776162,-0.0151687,0.498903871,0.2059872,13.9642649,-0.428894043,-0.430297852,0.520561457,0.03356827,0.147062421,-0.0244564954,0.4748501,0.240353465,14.026515,-0.3166504,-2.368805,0.6223326,0.0348820835,0.22724098,0.00119460188,0.264828324,-0.00741000473,25.9442616,-0.905303955,-0.3055725,0.65337,-0.0229335241,0.160930425,0.00340413814,0.2604015,0.0125514092,25.70175,-0.8866272,-2.61657715,0.655075252,0.008829784,0.14846319,-0.000647356734,0.009910755,-0.135777682,62.2732544,-4.344391,2.63768959,-0.03584084,-0.148684576,-0.243602931,0.0318597555,-0.0205483958,-0.228786856,61.24503,-4.4362793,-6.23794556,-0.530640662,0.08574489,0.482222319,-2.39942026,2.695027,-1.69761658,3.9877677
506,10.119996414399093,2272,0,1,-1.24400413,0,-3.80163813,-0.23074159,0,-0.6884816,-0.23074159,0,-0.6884816,1,0,0,1,-0.005053051,0.348832518,0.389731735,1.55580783,0.0758353248,0.00137096643,0.009312003,0.9136981,0.790594161,17.20016,-0.268829346,0.992183149,-0.6883757,0.0459761769,0.0360010862,-0.0153884189,0.493206561,0.178747863,14.3344584,-0.43447876,-0.359375,0.606828749,0.0161573961,0.1773608,-0.0186223574,0.455086738,0.1938855,14.4124117,-0.253356934,-2.27639771,0.600830257,0.0332039222,0.209992871,-0.006404713,0.274201035,-0.0457006,25.9024925,-0.958068848,-0.299926758,0.6302734,-0.0541713722,0.151849553,0.0236642323,0.23517105,-0.05587519,25.5952225,-0.8179016,-2.66342163,0.592865646,0.09875963,0.117938772,-0.009492309,-0.00167322531,-0.288624138,61.07891,-4.686981,2.4461658,-0.322049379,-0.102307148,-0.135579079,0.04238949,-0.01878095,-0.3224215,60.1615219,-4.182129,-6.072296,-0.265384883,0.277245045,0.9270462,-2.38421869,2.69738817,-1.7430191,3.99981475
507,10.139996407312925,2277,0,1,-1.24400413,0,-3.80163813,-0.23074159,0,-0.6884816,-0.23074159,0,-0.6884816,1,0,0,1,-0.00204116339,0.340770066,0.3623714,1.5369668,0.07136194,-0.009129345,0.0161089916,0.871349037,0.766616166,15.652463,-0.244384766,0.893149853,-0.7534983,0.04188471,0.0144604445,-0.0145357894,0.471138358,0.1291757,14.9192648,-0.450622559,-0.235473633,0.6113989,0.00598972663,0.179274,-0.009708457,0.426123,0.134287834,14.9391985,-0.185272217,-2.184204,0.556611538,0.0351714119,0.164047644,-0.0101621961,0.254809737,-0.09957145,25.86416,-0.9802246,-0.2774048,0.5931666,-0.03256101,0.150120527,0.04056084,0.213243961,-0.10836149,25.55057,-0.650115967,-2.707428,0.59755677,0.14303486,0.101538926,-0.0100010112,-0.002078455,-0.360462129,60.11117,-4.74951172,2.37092,-0.186389521,0.00510949036,-0.0386997,0.04220066,-0.01846879,-0.356327266,59.4274559,-3.4006958,-5.212677,-0.06983867,0.301183939,1.0311414,-2.36234426,2.69667482,-1.79842567,4.0108676
508,10.159996400226756,2281,0,1,-1.24400413,0,-3.80163813,-0.23074159,0,-0.6884816,-0.23074159,0,-0.6884816,1,0,0,1,0.00171952369,0.3367225,0.339275628,1.49961615,0.06677045,-0.01783657,0.0221885033,0.825604558,0.7346753,14.1929226,-0.220123291,0.8050374,-0.8517326,0.037589062,-0.00787133,-0.01284489,0.435884535,0.06869819,15.425065,-0.457763672,-0.114501953,0.6371683,-0.00702054426,0.181343257,-0.003055693,0.389882982,0.07439944,15.3885679,-0.0951843262,-2.12652588,0.590695441,0.0154031282,0.14004688,-0.01191831,0.235766351,-0.1574448,26.0181541,-0.9841614,-0.217681885,0.55069983,-0.0281540621,0.137189716,0.0417190343,0.201197177,-0.158214346,25.73943,-0.5083618,-2.70941162,0.57973063,0.09100774,0.08091815,-0.00576283969,0.001465641,-0.409198016,59.3817749,-4.788788,2.18219733,-0.125455409,0.0568235628,-0.0392197967,0.0443623476,-0.0158060826,-0.391433179,58.9812241,-3.13049316,-4.62814331,-0.02956526,0.0469633341,0.9423166,-2.323309,2.69603658,-1.88342857,4.02662134
509,10.179996393140589,2286,0,1,-1.24400413,0,-3.80163813,-0.23074159,0,-0.6884816,-0.23074159,0,-0.6884816,1,0,0,1,0.00485232472,0.3279758,0.3155529,1.46821356,0.06167253,-0.0296074152,0.02764666,0.7701245,0.698465049,12.8011932,-0.196960449,0.718785942,-0.920734942,0.0344466455,-0.0295411646,-0.0114636337,0.389133364,-0.00668536872,15.8816862,-0.4576416,-0.003967285,0.5551319,-0.0117733562,0.155361563,-0.00237204973,0.34414795,0.00185274333,15.8099279,-0.00189208984,-2.079712,0.5269939,-0.00474947458,0.116982207,-0.0137444977,0.204239637,-0.2254171,26.3354721,-0.898162842,-0.10256958,0.5487739,0.0341937877,0.15423882,0.0381689221,0.1750508,-0.216778144,26.1142769,-0.316558838,-2.65274048,0.59921813,0.146509573,0.102644391,-0.0101105683,0.00309702754,-0.455954731,58.91165,-4.37579346,1.74078131,0.05029594,0.471628755,-0.0929021537,0.0470995456,-0.0214051977,-0.429702967,58.77559,-2.63912964,-4.86084,0.0523302257,0.340216,0.893494,-2.27801514,2.68955517,-1.964716,4.03524065
510,10.199996386054421,2289,0,1,-1.24400413,0,-3.80163813,-0.23074159,0,-0.6884816,-0.23074159,0,-0.6884816,1,0,0,1,0.00582793,0.315455884,0.291036725,1.43646133,0.05509628,-0.0480021238,0.03220122,0.70751524,0.6598961,11.475503,-0.175109863,0.6336667,-0.9638559,0.0313790441,-0.0538164973,-0.011589299,0.33978045,-0.0837906748,16.3238869,-0.451416016,0.102704212,0.4333917,-0.009391319,0.120335571,-0.00214762427,0.296453029,-0.07324907,16.2407475,0.09305666,-2.03070068,0.423038185,-0.01196166,0.0804319,-0.017053429,0.16421786,-0.301718622,26.74588,-0.8173828,0.0294545181,0.5357966,0.0450134352,0.143298015,0.03698324,0.1390128,-0.287002355,26.5956554,-0.1609497,-2.59414673,0.5985317,0.151904732,0.08849872,-0.01150192,0.00454734638,-0.5087959,58.73954,-3.78363037,1.35960531,0.266216338,0.549817145,-0.0489072278,0.0350290872,-0.0309298038,-0.4748845,58.8208923,-1.52807617,-4.106903,0.215178,0.291475236,0.9381639,-2.23017025,2.6811676,-2.03445435,4.03749
511,10.219996378968254,2292,0,1,-1.24400413,0,-3.80163813,-0.23074159,0,-0.6884816,-0.23074159,0,-0.6884816,1,0,0,1,0.00681308564,0.308007061,0.26977843,1.38079834,0.0488726124,-0.06358045,0.03635904,0.640174,0.617966,10.2247314,-0.15423584,0.553871632,-1.01362622,0.0281327032,-0.0785003,-0.0120175835,0.291907817,-0.1569153,16.7602558,-0.4427185,0.220257312,0.303711,-0.00937767,0.09170874,-0.003014018,0.249732092,-0.144351348,16.69032,0.183333874,-1.97109985,0.3096877,-0.0255801156,0.0526826158,-0.0187302176,0.126167864,-0.374357879,27.23622,-0.7147217,0.172331944,0.498605222,0.0553272478,0.1229821,0.0285003223,0.103089154,-0.355330259,27.15925,0.0192920174,-2.50762939,0.5615648,0.09931096,0.0626629442,-0.009795432,0.00528052449,-0.55898416,58.8802338,-3.110443,1.05693388,0.429053873,0.5507757,-0.0144756436,0.0477018543,-0.02760626,-0.522475064,59.20906,-1.17678833,-4.010315,0.505015433,0.021683082,0.5500822,-2.13981724,2.65848255,-2.16060448,4.0391283
512,10.239996371882086,2297,0,1,-1.24400413,0,-3.80163813,-0.23074159,0,-0.6884816,-0.23074159,0,-0.6884816,1,0,0,1,0.008246968,0.3043267,0.25075236,1.30423391,0.0425195,-0.0754973,0.0355025567,0.5755111,0.576541841,9.033131,-0.13684082,0.4585013,-1.0424968,0.02625335,-0.0833962858,-0.0208677854,0.252480775,-0.214844629,17.130331,-0.42010498,0.2742975,0.136189491,0.0177809428,0.0453182161,-0.01385377,0.216862917,-0.20334737,17.0828876,0.277480423,-1.96481323,0.149612,-0.01209788,0.0121270791,-0.0172063969,0.0941318646,-0.4350726,27.7745247,-0.6192932,0.263662755,0.4442968,0.0768314451,0.07946227,0.0292716082,0.07619883,-0.4136019,27.776619,0.136808649,-2.49035645,0.513561964,0.107375644,0.01181677,-0.00560256559,0.00203496218,-0.5973485,59.25521,-2.46661377,0.790433466,0.512896,0.505154133,0.00448475033,0.060546428,-0.0338264368,-0.552544,59.8669853,-0.7598572,-3.63406372,0.620118856,-0.09753807,0.538932443,-2.06918669,2.6362133,-2.23805618,4.02989435
513,10.259996364795917,2301,0,1,-1.24400413,0,-3.80163813,-0.23074159,0,-0.6884816,-0.23074159,0,-0.6884816,1,0,0,1,0.009450639,0.299433231,0.232206389,1.21181071,0.0366054,-0.08406705,0.03636542,0.536444664,0.545963645,7.90565729,-0.120941162,0.3673171,-0.9911258,0.0237582866,-0.08098289,-0.0216576476,0.24838835,-0.221418336,17.3713379,-0.387573242,0.29933235,0.0102671795,0.0364279673,0.0179669783,-0.0152183846,0.21899119,-0.21049504,17.3600082,0.37910673,-1.98535156,0.0334943272,-0.000725342659,-0.0146553013,-0.0158571247,0.0783075243,-0.4778996,28.080143,-0.516387939,0.297780156,0.270887733,0.09778449,0.03636189,0.0310091078,0.06676108,-0.4560861,28.1656456,0.266204864,-2.53582764,0.342647225,0.124014787,-0.03586945,-0.000267885625,0.000228304416,-0.6507525,59.5848236,-1.89666748,0.537797868,0.452784717,0.4541047,-0.006271094,0.06627555,-0.0344072022,-0.60730505,60.45781,-0.5038452,-3.254364,0.5505244,-0.186949074,0.529745,-1.92201567,2.596438,-2.386835,4.016543
514,10.27999635770975,2306,0,1,-1.24400413,0,-3.80163813,-0.23074159,0,-0.6884816,-0.23074159,0,-0.6884816,1,0,0,1,0.0104655717,0.296195745,0.214771762,1.11030686,0.03124461,-0.0895520449,0.0372165665,0.5012569,0.5128813,6.846687,-0.105926514,0.278351247,-0.9324901,0.02174931,-0.0786498338,-0.0204949789,0.250122815,-0.215411171,17.5202179,-0.3427124,0.294635922,-0.06663848,0.05196203,-0.006099554,-0.0141763147,0.226451412,-0.204964608,17.5546856,0.4899024,-2.03677368,-0.0359243825,0.005957504,-0.041190967,-0.009175556,0.07979009,-0.488040954,28.230957,-0.4179077,0.279779941,0.142819315,0.1149687,-0.0056498386,0.03747505,0.07293503,-0.468447953,28.3947716,0.38515836,-2.63943481,0.2084016,0.137808517,-0.08009705,0.00954366848,-0.00185387209,-0.6851988,59.6801224,-1.42791748,0.27854377,0.265483677,0.3973822,-0.0157930329,0.07625561,-0.03439724,-0.649582148,60.73598,-0.3852539,-2.90551758,0.364912271,-0.2676377,0.46400553,-1.78291225,2.5542748,-2.499382,3.9937458
515,10.299996350623582,2311,0,1,-1.24400413,0,-3.80163813,-0.23074159,0,-0.6884816,-0.23074159,0,-0.6884816,1,0,0,1,0.0114330761,0.293811083,0.198806882,1.00452018,0.0264789,-0.09217812,0.0377584472,0.4680381,0.4778562,5.86442,-0.09158325,0.193274125,-0.866481364,0.0194977857,-0.07494725,-0.0177364647,0.253099322,-0.203627884,17.5977154,-0.284637451,0.260142058,-0.1266869,0.0648106262,-0.0306994356,-0.0115838256,0.234141722,-0.194323808,17.6807861,0.609609,-2.12039185,-0.0949453339,0.009019364,-0.06917783,0.000952488743,0.0858325958,-0.4819482,28.2623062,-0.32144165,0.2131789,0.037854977,0.132446229,-0.0447377041,0.0462046042,0.08196186,-0.465989232,28.4939117,0.495495766,-2.79486084,0.09411338,0.1454989,-0.120750561,0.0242722239,-0.005377345,-0.6951839,59.5285225,-1.0645752,-0.00134277344,0.08911501,0.342610955,-0.0212728865,0.0837259144,-0.03571781,-0.667374969,60.7127724,-0.400817871,-2.52362061,0.165850446,-0.355178237,0.477165431,-1.65415192,2.519894,-2.58376884,3.97013164
516,10.319996343537415,2314,0,1,-1.24400413,0,-3.80163813,-0.23074159,0,-0.6884816,-0.23074159,0,-0.6884816,1,0,0,1,0.0125350384,0.2908519,0.184657127,0.8981356,0.0223027468,-0.09223041,0.03808983,0.437230259,0.441694736,4.96320772,-0.07824707,0.11399287,-0.7957296,0.0169901364,-0.06951985,-0.0137277022,0.2546047,-0.188791215,17.61365,-0.212890625,0.196021944,-0.18043232,0.07501115,-0.0555390865,-0.00838996,0.239607185,-0.180785209,17.7443829,0.7359522,-2.23416138,-0.151397511,0.00665198639,-0.09523212,0.013497795,0.09170942,-0.469225675,28.184742,-0.22744751,0.09901548,-0.0582402274,0.149361879,-0.08294734,0.0529407561,0.08992465,-0.4571193,28.4720135,0.5824665,-2.9960022,-0.013861632,0.140861034,-0.154766589,0.0433714576,-0.0100445822,-0.695332,59.1535645,-0.820953369,-0.3246765,-0.06657505,0.287280232,-0.0285445079,0.08493429,-0.0369127542,-0.676449,60.3914871,-0.63079834,-2.20526123,-0.04552956,-0.44704774,0.52478826,-1.44850779,2.48884678,-2.69366646,3.94314241
517,10.339996336451247,2318,0,1,-1.24400413,0,-3.80163813,-0.23074159,0,-0.6884816,-0.23074159,0,-0.6884816,1,0,0,1,0.0138437,0.28652066,0.172316611,0.7942776,0.01868229,-0.09013462,0.0383108333,0.408270359,0.405745149,4.14664,-0.06616211,0.04199386,-0.7224942,0.014510978,-0.062924996,-0.008663416,0.253351837,-0.173022926,17.5688953,-0.127105713,0.1018424,-0.233305842,0.0829171,-0.08100428,-0.0056050024,0.241706774,-0.165943056,17.74377,0.8645298,-2.37167358,-0.20846495,-0.002255212,-0.115395814,0.02841776,0.09474825,-0.455897331,27.9997749,-0.135437012,-0.0640869141,-0.152884319,0.167618468,-0.121992506,0.0559255071,0.09393982,-0.4475272,28.3255959,0.643242538,-3.23120117,-0.124388836,0.130798459,-0.179657221,0.0667617843,-0.01607132,-0.6932129,58.5951843,-0.6947632,-0.698852539,-0.1938403,0.2329436,-0.0329727046,0.081003055,-0.0391184241,-0.6858364,59.77057,-1.05386353,-1.96234131,-0.2567077,-0.5220989,0.575233459,-1.301724,2.47116566,-2.750246,3.91982126
518,10.359996329365078,2321,0,1,-1.24400413,0,-3.80163813,-0.23074159,0,-0.6884816,-0.23074159,0,-0.6884816,1,0,0,1,0.0153715154,0.280399829,0.161652282,0.695429444,0.0155749265,-0.0863365754,0.0384510159,0.380846262,0.3706067,3.414815,-0.0555114746,-0.0217590332,-0.648577034,0.0121947788,-0.0555065572,-0.002613408,0.248731017,-0.158234641,17.4600887,-0.0266418457,-0.02407837,-0.289758682,0.08896193,-0.108339913,-0.00364304241,0.239664942,-0.1520111,17.6738586,0.9911464,-2.52545166,-0.272255719,-0.0164286159,-0.1290949,0.04595223,0.09448893,-0.4445879,27.7104473,-0.0436401367,-0.2784729,-0.244273514,0.188298553,-0.16252175,0.0551724657,0.09341799,-0.440477371,28.0526352,0.6809551,-3.48895264,-0.236059114,0.118735522,-0.195862561,0.0943423659,-0.023265,-0.690402448,57.90182,-0.671234131,-1.11672974,-0.2844388,0.179802418,-0.0301288813,0.0736654848,-0.04238223,-0.69731456,58.87018,-1.61483765,-1.7796936,-0.447020531,-0.5740751,0.601129234,-1.05757141,2.44439387,-2.82725143,3.884182
519,10.379996322278911,2326,0,1,-1.24400413,0,-3.80163813,-0.23074159,0,-0.6884816,-0.23074159,0,-0.6884816,1,0,0,1,0.01709563,0.2723692,0.152365282,0.6034402,0.012935915,-0.08124643,0.0385887064,0.354676753,0.336991847,2.76704931,-0.0462036133,-0.07687378,-0.5752731,0.0100124795,-0.04766342,0.00436,0.24106431,-0.145113781,17.2829685,0.0892333239,-0.1847229,-0.34786585,0.09309479,-0.1378777,-0.00237055449,0.233786315,-0.139780238,17.5264683,1.11252892,-2.689209,-0.340902716,-0.0345348269,-0.1372257,0.06607913,0.09144555,-0.435431838,27.3235855,0.0505624674,-0.5465088,-0.328932732,0.211514816,-0.204284146,0.05138027,0.08838433,-0.436514676,27.6529217,0.699948967,-3.75915527,-0.346472561,0.106587313,-0.20391807,0.12220788,-0.0310868919,-0.6861633,57.13018,-0.7276306,-1.55960083,-0.3560481,-0.06189726,0.104261845,0.06467887,-0.0463692136,-0.70946753,57.73262,-2.25097656,-1.64422607,-0.601868451,-0.5991408,0.5838099,-0.9320946,2.42895842,-2.85017586,3.85903382
520,10.399996315192743,2329,0,1,-1.24400413,0,-3.80163813,-0.23074159,0,-0.6884816,-0.23074159,0,-0.6884816,1,0,0,1,0.019016955,0.2624282,0.1442098,0.519429862,0.01071666,-0.0752063,0.03873714,0.329565316,0.305169344,2.20075917,-0.0382385254,-0.123138428,-0.5040183,0.0080864355,-0.03974496,0.0129503058,0.230910361,-0.133883789,17.039135,0.219403118,-0.3836975,-0.404335916,0.09471393,-0.173595309,-0.00159116322,0.224505633,-0.129774421,17.297102,1.22582853,-2.85787964,-0.412923,-0.05517091,-0.140789181,0.0868236646,0.0866239,-0.428253472,26.851078,0.130412012,-0.872497559,-0.405815035,0.193115,-0.25696972,0.0454569124,0.08004534,-0.4351583,27.1337032,0.703692734,-4.032715,-0.450437635,0.09468098,-0.2051596,0.131256938,-0.0399590768,-0.6839293,56.2323837,-0.912384033,-1.36846924,-0.483868361,-0.3609386,0.349119246,0.0545029044,-0.050899405,-0.7209117,56.40782,-2.90579224,-1.54382324,-0.7258486,-0.596999049,0.5409447,-0.7428732,2.41776657,-2.87480736,3.8290956
521,10.419996308106576,2333,0,1,-1.24400413,0,-3.80163813,-0.23074159,0,-0.6884816,-0.23074159,0,-0.6884816,1,0,0,1,0.0211848915,0.2501218,0.137143239,0.443704,0.0088632945,-0.06845549,0.0389751047,0.304938376,0.275647819,1.7123189,-0.03152466,-0.160797119,-0.4356888,0.00638091471,-0.0320430472,0.0208896659,0.218360648,-0.123582229,16.7385826,0.3570054,-0.6170654,-0.4557294,0.0840886757,-0.205978125,-0.00108163711,0.211784631,-0.121968627,16.9901638,1.32917655,-3.02627563,-0.486775935,-0.07683487,-0.140404791,0.09900607,0.0763456,-0.420648426,26.2891273,0.153121814,-1.25387573,-0.4786853,0.191652745,-0.276328117,0.04045131,0.0665439,-0.4312587,26.5055828,0.676574945,-4.31246948,-0.53493917,0.07915794,-0.205558985,0.103911042,-0.049482055,-0.7171118,54.77889,-0.919525146,-0.7256775,-1.25481009,-0.333496779,0.537606239,0.0286789741,-0.0628114641,-0.755836,54.70061,-3.43347168,-1.322815,-1.49046147,-0.505507767,0.651286,-0.6250038,2.42094564,-2.87990379,3.81385016
522,10.439996301020408,2338,0,1,-1.24400413,0,-3.80163813,-0.23074159,0,-0.6884816,-0.23074159,0,-0.6884816,1,0,0,1,0.0236932673,0.234878078,0.131433129,0.376305461,0.00731479144,-0.06141262,0.03944938,0.2797691,0.24880828,1.29746771,-0.02609253,-0.190704346,-0.37092793,0.00503676757,-0.0250923857,0.0246186424,0.202760011,-0.113062821,16.3793888,0.490701139,-0.8656311,-0.501811147,0.0615172125,-0.21577,-5.87254763E-05,0.196480051,-0.11314483,16.6035843,1.42013967,-3.19033813,-0.546050251,-0.10199713,-0.138009191,0.091937,0.055618532,-0.426876366,25.6099663,0.188227549,-1.61477661,-0.595779359,0.148641691,-0.2772304,0.02869068,0.0449734069,-0.4372164,25.763485,0.622336864,-4.582123,-0.6486353,0.07487154,-0.184852153,0.07861089,-0.0622254759,-0.8015135,52.0677338,-1.25946045,-0.351776123,-1.950036,-0.344384938,0.379858255,-0.0156116653,-0.08311669,-0.837976933,51.6087265,-3.43405151,-0.620910645,-2.20227075,-0.3193273,0.5300658,-0.3952155,2.458846,-2.87162781,3.80110049
523,10.459996293934241,2342,0,1,-1.24400413,0,-3.80163813,-0.23074159,0,-0.6884816,-0.23074159,0,-0.6884816,1,0,0,1,0.02665766,0.21528922,0.127594188,0.317331,0.006022514,-0.05456011,0.0402979329,0.252456367,0.2253154,0.952737868,-0.021697998,-0.213775635,-0.309179753,0.003910466,-0.0190770179,0.0255323146,0.181168109,-0.107024074,15.9410725,0.6086376,-1.11541748,-0.5681036,0.0309693124,-0.214592427,-0.000958960736,0.175419852,-0.107354209,16.12995,1.49060726,-3.346344,-0.617240131,-0.132397935,-0.126643315,0.072934404,0.0161283184,-0.4629985,24.73281,0.21083951,-1.95449829,-0.7844468,0.126377061,-0.257443428,-0.00202368014,0.00163418986,-0.47456944,24.81233,0.582602859,-4.793457,-0.851019561,0.036770612,-0.143911332,0.0264924914,-0.09718189,-0.940499663,47.9534149,-1.51434326,0.009147679,-2.74535418,-0.250105053,0.269160628,-0.08525193,-0.118728377,-0.981087565,47.0716,-3.41531372,-0.104278564,-2.99988079,-0.1372953,0.304236531,-0.2565508,2.47998452,-2.85619354,3.79130363
524,10.479996286848072,2347,0,1,-1.24400413,0,-3.80163813,-0.23074159,0,-0.6884816,-0.23074159,0,-0.6884816,1,0,0,1,0.03017538,0.189918086,0.125645027,0.2676676,0.00495214574,-0.0488161445,0.0416726843,0.221213862,0.2054555,0.675167,-0.01828003,-0.231506348,-0.249650225,0.003012238,-0.0144499838,0.0221581962,0.150243163,-0.111981861,15.3649273,0.7043194,-1.35647583,-0.687957,-0.00244900747,-0.201045692,-0.007124344,0.144168809,-0.114058495,15.5028868,1.53098691,-3.48202515,-0.7506558,-0.165130317,-0.09917169,0.0334033258,-0.04636105,-0.5431317,23.549181,0.2477844,-2.232727,-1.063575,0.109612964,-0.208336145,-0.05708514,-0.0654567555,-0.558978438,23.5358715,0.5896054,-4.89837646,-1.14475226,0.0368643254,-0.0541908741,-0.0536317974,-0.1508774,-1.121754,42.78456,-1.60910034,0.277949721,-3.40529084,-0.09304595,0.168763876,-0.1923382,-0.173881143,-1.15825534,41.6179466,-3.08700562,0.216151237,-3.58662939,0.162129313,0.136548281,-0.128711224,2.51052046,-2.83447266,3.78860331
525,10.499996279761904,2350,0,1,-1.24400413,0,-3.80163813,-0.23074159,0,-0.6884816,-0.23074159,0,-0.6884816,1,0,0,1,0.0339742824,0.158841789,0.124387279,0.228883028,0.00408481341,-0.0455229878,0.04352192,0.1854886,0.188716933,0.4617296,-0.0156555176,-0.245849609,-0.193332851,0.00227575656,-0.01179013,0.0117623,0.109112926,-0.134254381,14.5559511,0.772306144,-1.57177734,-0.8859836,-0.03497303,-0.16872181,-0.0209229961,0.102585651,-0.138835713,14.6192894,1.54033017,-3.577301,-0.9651898,-0.188273668,-0.04797405,-0.0280199479,-0.120255552,-0.6636883,21.98563,0.312574953,-2.41287231,-1.38949907,0.113366343,-0.125581115,-0.13470763,-0.140956968,-0.680678844,21.8760071,0.697830856,-4.844574,-1.46772838,0.0888966247,0.08119249,-0.155693024,-0.205122232,-1.29255676,37.5101242,-1.35839844,0.56769824,-3.60736442,0.114153154,0.124848366,-0.330656,-0.225093856,-1.31088209,36.2957878,-2.14028931,0.7938423,-3.6864295,0.4889572,0.0654196739,-0.03639698,2.58746076,-2.784706,3.80142951
526,10.519996272675737,2354,0,1,-1.24400413,0,-3.80163813,-0.23074159,0,-0.6884816,-0.23074159,0,-0.6884816,1,0,0,1,0.037194334,0.124624461,0.121721141,0.2019222,0.00340389786,-0.04593514,0.0454229563,0.147363588,0.173490137,0.305150539,-0.01373291,-0.259246826,-0.142590791,0.00174189964,-0.010959141,-0.006015516,0.06340585,-0.1708369,13.4443884,0.8116834,-1.73828125,-1.1309396,-0.06042689,-0.115032658,-0.0450457036,0.05751379,-0.174799874,13.4204693,1.518293,-3.58831787,-1.21207762,-0.203172788,0.0430166125,-0.101926439,-0.180913717,-0.7892398,20.09035,0.4137011,-2.47567749,-1.65869391,0.11125052,-0.03071338,-0.228305057,-0.198247254,-0.796367168,19.9030132,0.812671661,-4.639557,-1.71838868,0.04876128,0.200224936,-0.257963836,-0.233531728,-1.40419352,32.94876,-0.8716736,0.895556033,-3.38167763,0.257596076,0.09002054,-0.4395578,-0.2430126,-1.40335369,31.7500114,-1.33239746,0.8888911,-3.447935,0.5410264,-0.0302165747,-0.03407049,2.59246349,-2.76613235,3.79124212
527,10.539996265589568,2359,0,1,-1.24400413,0,-3.80163813,-0.23074159,0,-0.6884816,-0.23074159,0,-0.6884816,1,0,0,1,0.0389816947,0.0905399248,0.116152018,0.185510784,0.00288814283,-0.0500686131,0.0466117,0.110377468,0.1585092,0.195682555,-0.0122070313,-0.2720337,-0.100358613,0.00128018134,-0.0106082484,-0.0284537114,0.02257684,-0.20725666,12.0520439,0.822205,-1.83187866,-1.3377291,-0.07989186,-0.0427854955,-0.0703862,0.01898184,-0.208146527,11.9503613,1.46338558,-3.50036621,-1.40317392,-0.208775789,0.13832289,-0.174438685,-0.213350341,-0.879456758,18.0073013,0.49503687,-2.440979,-1.80603135,0.06329004,0.0470585227,-0.3085149,-0.22650212,-0.8740422,17.7689838,0.906520247,-4.320587,-1.84283185,0.00618561,0.294396162,-0.3336749,-0.232796639,-1.45095074,29.2236614,-0.492401123,0.9607601,-3.001327,0.258238465,0.0269044638,-0.5269885,-0.242879748,-1.43146873,28.0410862,-0.6268616,0.9327183,-3.01896119,0.4613647,0.01333344,-0.03206396,2.59644032,-2.75156021,3.78333378
528,10.559996258503402,2365,0,1,-1.24400413,0,-3.80163813,-0.23074159,0,-0.6884816,-0.23074159,0,-0.6884816,1,0,0,1,0.03908213,0.05879282,0.107641473,0.176545873,0.00250312523,-0.05686516,0.0468248948,0.0768715,0.143156514,0.12127208,-0.0111694336,-0.283844,-0.06827074,0.001032175,-0.00999705,-0.04913374,-0.008222468,-0.233238623,10.4768534,0.805538833,-1.85031128,-1.45370543,-0.092075415,0.0257358551,-0.0921569,-0.008810854,-0.2301472,10.3165121,1.3797096,-3.318634,-1.49650681,-0.20592618,0.221516788,-0.231458008,-0.220083922,-0.922388732,15.88095,0.5450751,-2.33132935,-1.8373251,0.02024344,0.108667314,-0.369164169,-0.228532568,-0.90555793,15.6124249,0.9523709,-3.922882,-1.85751235,-0.0507486276,0.360084176,-0.3899464,-0.218817681,-1.44149911,26.2094784,-0.193206787,0.979655,-2.55606,0.206489265,0.02764535,-0.5847492,-0.226020962,-1.408214,25.0388565,-0.1430664,0.9606785,-2.55495954,0.316672027,0.0363674164,-0.03039074,2.59928441,-2.74099159,3.777597
529,10.579996251417233,2371,0,1,-1.24400413,0,-3.80163813,-0.23074159,0,-0.6884816,-0.23074159,0,-0.6884816,1,0,0,1,0.03764797,0.0305656344,0.0969139338,0.171719745,0.00221075118,-0.0650087,0.0460908152,0.0476813242,0.127801538,0.07134459,-0.0102844238,-0.2937317,-0.0457223542,0.000809051853,-0.008541886,-0.0657488,-0.0291075855,-0.2460079,8.82953548,0.7671666,-1.80194092,-1.475867,-0.09701797,0.08270049,-0.108257405,-0.0267036147,-0.239796415,8.63182,1.27325118,-3.058899,-1.49891508,-0.196379751,0.2834698,-0.271796823,-0.2086174,-0.922406852,13.8164864,0.5642994,-2.164978,-1.78291476,-0.0170653351,0.155408978,-0.407204866,-0.2115185,-0.8962025,13.5374784,0.946945548,-3.47549438,-1.78593576,-0.0965210944,0.401412,-0.425952852,-0.195582464,-1.38678026,23.7992039,0.009051598,0.9793121,-2.102776,0.1491945,0.0124908686,-0.614566147,-0.189751685,-1.34406745,22.5814724,0.165875643,1.10072422,-2.20385742,0.141264468,0.219005108,-0.0275554657,2.604852,-2.72476768,3.76966476
530,10.599996244331065,2376,0,1,-1.24400413,0,-3.80163813,-0.23074159,0,-0.6884816,-0.23074159,0,-0.6884816,1,0,0,1,0.0350172035,0.00684334338,0.0849596858,0.167034686,0.00195957976,-0.07294378,0.04454243,0.0231028069,0.11263217,0.0353232324,-0.00958251953,-0.3006897,-0.03248988,0.000682130165,-0.006219063,-0.0759283751,-0.04056425,-0.238832146,7.24164343,0.7122103,-1.69976807,-1.38454986,-0.0972857848,0.124745131,-0.115347981,-0.03494596,-0.2280531,7.03978539,1.15049207,-2.747284,-1.37879491,-0.18355839,0.31839627,-0.294098556,-0.186339512,-0.8836743,11.6623163,0.5563067,-1.9597168,-1.86840749,-0.0445144475,0.188354909,-0.422111154,-0.185925618,-0.851951241,11.3194418,0.918805361,-3.0015564,-1.87844145,-0.113534421,0.42668426,-0.44634214,-0.145267189,-1.32621384,21.5003452,0.107724421,1.02010536,-2.07108927,0.0475489162,0.09996927,-0.6306475,-0.144453168,-1.28530788,20.2426128,0.337956637,1.39978075,-2.1029923,0.0218918733,0.3242314,-0.0252738,2.60833168,-2.714203,3.76442957
531,10.619996237244898,2382,0,1,-1.24400413,0,-3.80163813,-0.23074159,0,-0.6884816,-0.23074159,0,-0.6884816,1,0,0,1,0.0316633843,-0.012074573,0.07314744,0.160482869,0.00172703993,-0.07961449,0.042448137,0.00336009776,0.09849059,0.00660036225,-0.008972168,-0.303771973,-0.0255872849,0.0006232732,-0.00303235557,-0.0804200843,-0.0464701131,-0.218096122,5.816204,0.6454976,-1.5592041,-1.22661221,-0.09438578,0.150895178,-0.117230855,-0.0387881063,-0.206234187,5.62481642,1.0191828,-2.40185547,-1.21065056,-0.167973787,0.335585952,-0.301872671,-0.160528049,-0.826259136,9.471902,0.5286629,-1.73580933,-1.80327833,-0.0584430471,0.2040562,-0.421831936,-0.156738043,-0.79490006,9.091064,0.8639644,-2.52731323,-1.81696677,-0.122736551,0.427332282,-0.456293464,-0.0975915939,-1.26832354,19.17028,0.157849029,1.11189449,-2.10242558,0.004991719,0.127403736,-0.626094,-0.09299114,-1.2269367,17.9110126,0.421456158,1.74191928,-2.10647678,-0.0350446776,0.340175033,-0.0226922035,2.61187983,-2.703762,3.7593565
532,10.639996230158729,2388,0,1,-1.24400413,0,-3.80163813,-0.23074159,0,-0.6884816,-0.23074159,0,-0.6884816,1,0,0,1,0.0279230215,-0.0266372748,0.0620974526,0.151882112,0.00151313329,-0.08458121,0.039988555,-0.01201439,0.085463725,-0.0192260742,-0.008361816,-0.302459717,-0.0225538313,0.000573113,0.0007133195,-0.08168517,-0.0503794551,-0.194965839,4.56941032,0.574204147,-1.395752,-1.06433094,-0.087517634,0.163533092,-0.115416318,-0.0411147736,-0.183663875,4.39267159,0.88898176,-2.04388428,-1.04624248,-0.1489755,0.334647655,-0.300292134,-0.136769518,-0.7639399,7.30702353,0.495635182,-1.50552368,-1.73938847,-0.05807972,0.20972693,-0.4090332,-0.12983498,-0.7340226,6.90259027,0.7992262,-2.07220459,-1.74757171,-0.114501417,0.411668181,-0.454031318,-0.05271284,-1.197161,16.818615,0.195480838,1.23601615,-2.116876,-0.00591449952,0.142241478,-0.605607033,-0.04432376,-1.15656555,15.5738392,0.470281959,2.0965085,-2.10713673,-0.0478224978,0.334215164,-0.0204062462,2.61444235,-2.696289,3.75575566
533,10.659996223072563,2392,0,1,-1.24400413,0,-3.80163813,-0.23074159,0,-0.6884816,-0.23074159,0,-0.6884816,1,0,0,1,0.0240547415,-0.0375475027,0.0519774631,0.1415621,0.00132106943,-0.08764757,0.03725251,-0.02386638,0.0735814646,-0.0442810059,-0.0078125,-0.296386719,-0.02160399,0.0006137793,0.00478064,-0.08093557,-0.05323931,-0.172295362,3.49210358,0.503886342,-1.22167969,-0.912935734,-0.07831836,0.166996241,-0.11087092,-0.0426647775,-0.161943451,3.33103967,0.76710856,-1.69152832,-0.8942817,-0.128565043,0.3200943,-0.291965,-0.11520882,-0.6994051,5.20702648,0.4611121,-1.278595,-1.65933144,-0.0527731031,0.206802249,-0.387561,-0.105581708,-0.6716616,4.790806,0.732268035,-1.64877319,-1.66099882,-0.09999905,0.384244919,-0.441461533,-0.0127781741,-1.11580551,14.4865055,0.2269069,1.37732863,-2.09327269,-0.008218149,0.147076368,-0.5729823,-0.00130362809,-1.0770421,13.2668247,0.5019977,2.44287348,-2.073942,-0.04560951,0.314311028,-0.0169825554,2.61808538,-2.6850872,3.750247
534,10.679996215986394,2397,0,1,-1.24400413,0,-3.80163813,-0.23074159,0,-0.6884816,-0.23074159,0,-0.6884816,1,0,0,1,0.0202288739,-0.0454407223,0.0428282134,0.129942343,0.0011514877,-0.08880814,0.0343672149,-0.032820005,0.06280985,-0.0690918,-0.007171631,-0.285552979,-0.0216625221,0.0006106263,0.008868363,-0.0786238238,-0.05531429,-0.150999114,2.56972075,0.4378884,-1.04556274,-0.776274443,-0.06834145,0.163359523,-0.104427494,-0.0437498465,-0.141827226,2.42464757,0.6573812,-1.35748291,-0.758208036,-0.108749956,0.296136141,-0.2786839,-0.09621426,-0.6342806,3.20219636,0.425434381,-1.0614624,-1.562299,-0.0466828831,0.197958112,-0.360263318,-0.0845270157,-0.609014332,2.78384519,0.664653659,-1.26474,-1.55785751,-0.08558472,0.349354982,-0.420817226,0.0208378155,-1.027557,12.2131624,0.2498604,1.52409339,-2.03483176,-0.009734929,0.143886328,-0.5315909,0.034449365,-0.9914531,11.0259619,0.517823,2.7658565,-2.0091188,-0.04196741,0.284158826,-0.0146489143,2.62001848,-2.67954826,3.74762464
535,10.699996208900226,2403,0,1,-1.24400413,0,-3.80163813,-0.23074159,0,-0.6884816,-0.23074159,0,-0.6884816,1,0,0,1,0.0165694524,-0.050869707,0.03463873,0.117470644,0.00100356853,-0.088170886,0.03138294,-0.0394146666,0.0529582,-0.09451294,-0.0065612793,-0.27041626,-0.0221287012,0.000611372641,0.012683209,-0.07519027,-0.05669709,-0.131158113,1.786515,0.377997726,-0.8739624,-0.6538177,-0.0586306639,0.155253977,-0.0967647061,-0.0444877744,-0.123093233,1.65688,0.561223745,-1.05026245,-0.6362233,-0.09084877,0.266980767,-0.261742055,-0.08007498,-0.569732666,1.3148315,0.388941,-0.858764648,-1.45205951,-0.04071883,0.18464905,-0.3292546,-0.06703704,-0.5471106,0.90142256,0.5970919,-0.924377441,-1.44305861,-0.07292397,0.309873343,-0.394220322,0.0473755747,-0.935484946,10.0301695,0.263652474,1.66805959,-1.94885862,-0.0109965894,0.134802938,-0.484477222,0.06214527,-0.902557969,8.879698,0.518054068,3.05570865,-1.91906106,-0.039433606,0.247334123,-0.0110859871,2.62257814,-2.67044449,3.74290156
536,10.719996201814059,2409,0,1,-1.24400413,0,-3.80163813,-0.23074159,0,-0.6884816,-0.23074159,0,-0.6884816,1,0,0,1,0.0131626353,-0.05431866,0.0273881145,0.104518689,0.000874908641,-0.08590978,0.02833344,-0.0440800637,0.0439125039,-0.120269775,-0.00595092773,-0.251464844,-0.02237783,0.000609424838,0.0160014983,-0.07090543,-0.0574688,-0.112781927,1.12752044,0.324961126,-0.711517334,-0.5447338,-0.04970978,0.144281447,-0.08835277,-0.0449723,-0.106060274,1.01347113,0.4785187,-0.7749939,-0.5291186,-0.07532283,0.234983444,-0.242250651,-0.0668252558,-0.5066951,-0.4394226,0.3521476,-0.673492432,-1.33303916,-0.0352828279,0.168459356,-0.296235383,-0.053117387,-0.486795962,-0.84161377,0.5303694,-0.6291504,-1.32006609,-0.06239347,0.268748641,-0.363579,0.0667218,-0.842107534,7.961377,0.268808961,1.80337632,-1.8421154,-0.0120667629,0.121662676,-0.434337646,0.0817614943,-0.812556446,6.85050631,0.5042162,3.30665779,-1.809439,-0.0380976722,0.20706284,-0.008012295,2.62434173,-2.6639576,3.73950577
537,10.73999619472789,2414,0,1,-1.24400413,0,-3.80163813,-0.23074159,0,-0.6884816,-0.23074159,0,-0.6884816,1,0,0,1,0.0100562107,-0.056198325,0.02101568,0.09142677,0.0007628972,-0.08225206,0.0252725128,-0.04720254,0.0357588865,-0.145568848,-0.005340576,-0.229278564,-0.0223424621,0.0006569951,0.0188090969,-0.0658666342,-0.0577020943,-0.09606883,0.5792064,0.2788199,-0.5610657,-0.448824883,-0.0418035239,0.130763739,-0.07946544,-0.0452387,-0.09026927,0.479301423,0.408314764,-0.53414917,-0.433609,-0.0623106137,0.202083528,-0.221117511,-0.0563850328,-0.445848554,-2.04986572,0.3155194,-0.50668335,-1.208081,-0.0306425821,0.151255727,-0.2625173,-0.0425864235,-0.428678036,-2.436798,0.465539336,-0.3782959,-1.1930598,-0.05378589,0.227988541,-0.330573738,0.0791803151,-0.7494824,6.02424431,0.2663165,1.92654133,-1.72077191,-0.0131996218,0.106381595,-0.383381128,0.09377183,-0.723462641,4.954496,0.4791104,3.51625347,-1.6861912,-0.0374285355,0.166064024,-0.005115032,2.62575054,-2.65857315,3.73665667
538,10.759996187641724,2420,0,1,-1.24400413,0,-3.80163813,-0.23074159,0,-0.6884816,-0.23074159,0,-0.6884816,1,0,0,1,0.007284412,-0.0568557568,0.0154781118,0.0784800053,0.000664941443,-0.0774383,0.02225704,-0.04910673,0.0283551626,-0.1701355,-0.00466918945,-0.204711914,-0.02163414,0.000607945665,0.0210058466,-0.0604529232,-0.05746621,-0.08075921,0.128379256,0.239219159,-0.42489624,-0.364253,-0.0350094959,0.116749823,-0.07046329,-0.04532595,-0.07603531,0.0420852043,0.349201471,-0.3282776,-0.350560069,-0.05161208,0.1696963,-0.199114665,-0.0485202633,-0.3878464,-3.51071167,0.279816747,-0.359313965,-1.08091986,-0.0265743621,0.133155227,-0.229156032,-0.0351180322,-0.373204023,-3.879303,0.403613448,-0.1697998,-1.06415117,-0.0468342,0.189170957,-0.296391726,0.08538213,-0.6591989,4.2303586,0.258033961,2.035115,-1.58951938,-0.0138621023,0.0898129344,-0.3332484,0.09900509,-0.6366597,3.20234847,0.445686549,3.68411517,-1.55415022,-0.0371609,0.1261462,-0.0021443367,2.62689233,-2.653469,3.73382735
539,10.779996180555555,2426,0,1,-1.24400413,0,-3.80163813,-0.23074159,0,-0.6884816,-0.23074159,0,-0.6884816,1,0,0,1,0.004855629,-0.05658582,0.010709608,0.06590905,0.0005787421,-0.07172507,0.019313883,-0.05003153,0.0217087623,-0.192993164,-0.00402832031,-0.178527832,-0.020348167,0.0005646845,0.022503797,-0.05467426,-0.05683539,-0.06686753,-0.236663818,0.205561683,-0.303710938,-0.290134072,-0.0292784851,0.102040142,-0.0615655556,-0.04525512,-0.06310657,-0.310302734,0.299641639,-0.156311035,-0.277961254,-0.0429594442,0.138955683,-0.176900774,-0.0428792,-0.333084673,-4.818817,0.245436043,-0.230834961,-0.953873932,-0.0232862514,0.115589261,-0.196952537,-0.0302206427,-0.3208477,-5.167053,0.345552146,-0.0004272461,-0.9359843,-0.0412107371,0.153166533,-0.262116879,0.0861707553,-0.572514236,2.58769441,0.245012358,2.12803078,-1.452055,-0.0147913052,0.0730195045,-0.28512758,0.09846261,-0.5532738,1.601325,0.406948924,3.81181669,-1.41640866,-0.0370841175,0.0886913538,0.000296115875,2.627865,-2.64990234,3.7319777
540,10.799996173469387,2431,0,1,-1.24400413,0,-3.80163813,-0.23074159,0,-0.6884816,-0.23074159,0,-0.6884816,1,0,0,1,0.00277188327,-0.05562178,0.00664715236,0.0539118424,0.0005024905,-0.0653578639,0.0164641924,-0.0502187461,0.0157525353,-0.213806152,-0.00344848633,-0.151428223,-0.0186876263,0.0005692267,0.0233161077,-0.04884206,-0.0558665544,-0.05445733,-0.52645874,0.1771324,-0.197875977,-0.226259455,-0.0245216936,0.08782694,-0.053011775,-0.0450350344,-0.0513610244,-0.5890198,0.258117348,-0.0164489746,-0.214591876,-0.0360321663,0.110913679,-0.154946536,-0.03916615,-0.281835377,-5.974457,0.2129256,-0.120819092,-0.828408539,-0.0205149967,0.09850359,-0.166495517,-0.0275045224,-0.271768332,-6.30163574,0.2921058,0.132980928,-0.8104996,-0.0366138443,0.120425284,-0.2284934,0.0824490339,-0.490308583,1.099857,0.228745416,2.20470381,-1.31209052,-0.0154571533,0.0564806461,-0.2398362,0.09321763,-0.474182516,0.154337451,0.365376025,3.901361,-1.27686071,-0.0370151624,0.0541369319,0.003358364,2.628455,-2.64533424,3.72915268
541,10.81999616638322,2435,0,1,-1.24400413,0,-3.80163813,-0.23074159,0,-0.6884816,-0.23074159,0,-0.6884816,1,0,0,1,0.00101480109,-0.0541584343,0.00322691258,0.0426347181,0.000434754242,-0.0585718974,0.0137540642,-0.049846,0.0104794335,-0.232025146,-0.0029296875,-0.124237061,-0.0166205335,0.000546816154,0.0234601628,-0.04298004,-0.0546216033,-0.0432835743,-0.751281738,0.15320614,-0.107025146,-0.1707324,-0.0206212234,0.074102,-0.0448999032,-0.04467151,-0.04095921,-0.8034668,0.223234147,0.0941387,-0.16058363,-0.0305130519,0.08551985,-0.133679062,-0.036993932,-0.234326661,-6.97991943,0.182616845,-0.02822876,-0.706627,-0.01825381,0.08253682,-0.1381732,-0.0264784824,-0.226170689,-7.285614,0.243662924,0.234642848,-0.6886557,-0.03285375,0.09155086,-0.19613418,0.07514373,-0.41320917,-0.23223877,0.210281417,2.2652328,-1.17196023,-0.0161459167,0.0406612158,-0.1979645,0.08432171,-0.399856627,-1.13797,0.322789073,3.95594263,-1.13751376,-0.0370319448,0.0233558416,0.00601577759,2.628889,-2.64187431,3.72700882
542,10.839996159297051,2441,0,1,-1.24400413,0,-3.80163813,-0.23074159,0,-0.6884816,-0.23074159,0,-0.6884816,1,0,0,1,-0.000435997732,-0.0523523241,0.0003833524,0.03219619,0.0003744875,-0.0515808053,0.0111985914,-0.0490454137,0.005809014,-0.247344971,-0.00241088867,-0.0975952148,-0.0140004009,0.000520138768,0.0231058188,-0.0372420251,-0.0531555936,-0.0333144665,-0.9201355,0.133077055,-0.0305786133,-0.122880593,-0.017450368,0.061291188,-0.0373230129,-0.04417459,-0.03164306,-0.9630127,0.193777531,0.178564236,-0.11409463,-0.0261091553,0.0631452352,-0.113375716,-0.0359980464,-0.190600559,-7.840088,0.15480791,0.0480939448,-0.5898014,-0.0163430162,0.06773031,-0.112222895,-0.0267267618,-0.1841254,-8.124207,0.2005835,0.308490247,-0.571892,-0.029596135,0.06648272,-0.165462315,0.0652298555,-0.341562152,-1.41052246,0.190637231,2.30998278,-1.03417766,-0.01663378,0.0258357525,-0.1598034,0.07278336,-0.330689281,-2.27767944,0.281060338,3.979022,-1.00064993,-0.0367130078,-0.00361579657,0.00808382,2.62939048,-2.63957024,3.72573352
543,10.859996152210885,2446,0,1,-1.24400413,0,-3.80163813,-0.23074159,0,-0.6884816,-0.23074159,0,-0.6884816,1,0,0,1,-0.00160618336,-0.05032328,-0.00194246962,0.0226626676,0.000320866646,-0.04456996,0.008817468,-0.04792303,0.001780137,-0.259429932,-0.00189208984,-0.07208252,-0.011133099,0.0004399711,0.02226574,-0.0317228436,-0.05151234,-0.0246117562,-1.04083252,0.116111673,0.0324957743,-0.08259342,-0.0148783382,0.04942602,-0.0303788185,-0.0435466,-0.0234985221,-1.07531738,0.168733388,0.240128428,-0.07512216,-0.0225704089,0.04381562,-0.09426424,-0.03589371,-0.150665388,-8.560272,0.1297052,0.109593146,-0.4783191,-0.0147375539,0.05431059,-0.08876285,-0.0278758872,-0.145689264,-8.822998,0.162949443,0.358546048,-0.460968524,-0.0267147478,0.0451151133,-0.136761948,0.0534839779,-0.275562316,-2.43862915,0.170734152,2.33984542,-0.9003118,-0.0170230567,0.0121904016,-0.125462592,0.0594615266,-0.2668041,-3.26849365,0.241462588,3.97435522,-0.86771065,-0.0360902958,-0.02666393,0.0105881691,2.62940979,-2.63676834,3.723769
544,10.879996145124716,2452,0,1,-1.24400413,0,-3.80163813,-0.23074159,0,-0.6884816,-0.23074159,0,-0.6884816,1,0,0,1,-0.002521316,-0.0481611863,-0.003810939,0.0140853869,0.000273295416,-0.0376994461,0.00661640335,-0.04660201,-0.00172687182,-0.2682495,-0.00149536133,-0.0480957031,-0.00836789049,0.000424964121,0.0208756588,-0.0265161134,-0.04972751,-0.0171382837,-1.12036133,0.101744726,0.08325278,-0.04929459,-0.0128011275,0.03867653,-0.0241085943,-0.04279376,-0.01630212,-1.14810181,0.147265926,0.281988055,-0.0421325974,-0.0196900759,0.0276407972,-0.07650478,-0.0363899842,-0.114554182,-9.146973,0.107353963,0.1575253,-0.372962,-0.0133317169,0.042234838,-0.06782159,-0.0295875371,-0.110773787,-9.389648,0.13066496,0.388356984,-0.356681615,-0.0240882449,0.027141884,-0.110225856,0.04061494,-0.2151826,-3.32177734,0.1510928,2.35557485,-0.7714528,-0.0171923321,-0.000168442726,-0.0949183851,0.04517965,-0.208300009,-4.115967,0.2048939,3.945484,-0.7401962,-0.03510361,-0.04609354,0.0126056671,2.629492,-2.63483047,3.72246146
545,10.899996138038547,2458,0,1,-1.24400413,0,-3.80163813,-0.23074159,0,-0.6884816,-0.23074159,0,-0.6884816,1,0,0,1,-0.00321411947,-0.0459435135,-0.00528429,-2.62522836E-14,-1.45514477E-11,-1.13687515E-13,0.00460926536,-0.0451099239,-0.00464963866,-0.273376465,-0.00109863281,-0.0260009766,-0.01816852,0.000376335869,0.0483546034,-0.0216543041,-0.0478516221,-0.0105845584,-1.16592407,0.08950516,0.122819409,-0.03391774,-0.0111088362,0.0582604557,-0.0184874386,-0.04192767,-0.010150861,-1.18737793,0.128719136,0.30745092,-0.0279815,-0.0173111372,0.0431413837,-0.0601983666,-0.0372174531,-0.0821040645,-9.608002,0.08785076,0.193336114,-0.287387639,-0.0120902807,0.06052099,-0.04935676,-0.03157157,-0.0793251246,-9.83157349,0.103407949,0.401786685,-0.272120327,-0.0217062086,0.0416268259,-0.08594424,0.0273021683,-0.160479516,-4.06619263,0.132467508,2.3583312,-0.661482334,-0.0171783473,0.0177450776,-0.0680621862,0.030586388,-0.155064136,-4.82644653,0.171806,3.896319,-0.6316888,-0.03396624,-0.0328213274,0.0144853592,2.629435,-2.63321114,3.721282
546,10.919996130952381,2462,0,0,0,0,0,0.207449734,0,0.372643262,0.207449734,0,0.372643262,1,0,0,1,-0.004148993,-0.041279465,-0.00745286234,0,5.68660255E-07,0,0.00137492758,-0.042916,-0.00779069634,-0.7336426,-10.7944946,0.0198474657,-0.0016658497,0.00703852065,0.032334283,-0.02016323,-0.04055889,-0.0504084229,-1.88970947,-10.7123108,0.1761468,-0.235183924,-0.0008577588,0.0351605266,-0.0163105428,-0.041739326,-0.04895836,-1.91070557,-10.675293,0.343039334,-0.233692333,-0.004428324,0.01849895,-0.0412717536,-0.05960894,-0.0411626659,-9.107727,-10.7220459,0.267433167,0.9827469,0.00359870074,0.05547476,-0.030246269,-0.06135876,-0.0394090861,-9.310608,-10.7033691,0.4525233,0.9993895,0.00347455847,0.0353801847,-0.030259978,-0.0519833528,0.0357818455,-4.84744263,-10.680603,2.143068,-0.215210378,-0.0238347258,-0.209131509,-0.0101150274,-0.0595922358,0.0389241278,-5.531555,-10.6474915,3.47155142,-0.145488039,-0.0478171036,-0.395758182,0.013715744,2.61335754,-2.63927841,3.714245
547,10.939996123866212,2466,0,1,0.807010353,0,3.917746,38.8053551,0,195.727966,4.86190748,0,24.52268,1,0,0,1,0.0309035666,-0.23255536,0.00318831136,0,0,0,-0.178869948,-0.245620057,-0.06241718,-1.19729614,-16.423645,0.8923465,0.009160431,1.80705178,-0.03933896,-0.41749686,-0.208682016,-0.48176986,-0.820343,-22.0534058,-0.5036926,-3.652381,0.260715425,1.74833941,-0.203159615,-0.241492853,0.2672529,-2.81396484,-22.0391541,-0.23840332,1.38122225,0.3499291,1.97538674,-0.090323,-0.336257428,-0.04629397,-6.272583,-21.540863,-0.9559326,2.99914312,-0.287752628,-0.573114157,-0.0311735,-0.2574013,0.113774985,-9.420563,-21.57788,-0.567474365,0.464749664,-0.324664235,-0.7796937,0.180821925,-0.458490849,0.3182534,-3.978302,-20.9277954,0.8054046,1.256491,0.181277722,-1.04806149,0.124582253,-0.231078863,0.059693642,-6.04571533,-21.005188,2.1341064,-0.226095468,0.0813029,-1.25564492,0.0118918419,2.5889082,-2.64990234,3.70466852
548,10.959996116780045,2471,0,1,0.77416116,0,3.92436934,31.5042343,0,172.777466,4.484557,0,24.5944862,1,0,0,1,0.1440767,-0.431719452,0.4688215,0,0,0,-0.118801519,-0.42146337,0.5482161,-1.01834106,-17.6392517,1.40305567,0.07566799,3.665577,-0.4109108,-0.411586344,-0.430895984,0.124602832,-0.472076416,-28.9945679,-1.353363,-3.62804532,-1.48001862,2.18677855,0.00447417051,-0.46756655,1.05720377,-4.02825928,-29.0213318,-0.853057861,2.816699,-1.28159964,2.6373384,-0.116486415,-0.4671989,0.364227,-3.55484,-29.05951,-2.49838257,2.63025379,2.81151056,-0.587772131,0.06414012,-0.3865686,0.831954837,-10.5116577,-29.1531982,-1.59347534,-0.018335849,2.74271,-0.908132136,0.144611016,-0.680653334,0.8148292,-1.70285034,-29.5768127,-1.1713562,2.64765835,2.00286841,-1.09566307,0.05615695,-0.276722,0.6399409,-7.004364,-29.854187,0.55768615,-0.53827256,1.81584322,-1.67053819,0.03098917,2.57258129,-2.666645,3.705419
549,10.979996109693877,2476,0,1,0.7000554,0,3.938264,22.5187454,0,149.97995,3.71201825,0,24.7228813,1,0,0,1,0.249680683,-0.62886405,0.938666165,0,0,0,-0.0570325777,-0.5967544,1.09412992,-0.9460144,-17.7466736,1.63425279,0.12407434,4.1749,-0.7019396,-0.396992922,-0.644399941,0.684211135,0.126029313,-29.3009338,-2.31564331,-3.82622218,-1.5134567,2.2490654,0.236876428,-0.690621138,1.64797688,-4.79388428,-29.2852478,-1.95608521,3.19790339,-1.21613848,2.89684868,-0.0946715251,-0.6257364,0.8440944,-0.673522949,-30.2393188,-4.12591553,2.6859417,8.452565,-0.5161035,0.231626034,-0.5659575,1.52315021,-11.4530334,-30.2041016,-3.29382324,0.508012354,8.368919,-1.24140835,-0.189245924,-0.7946108,1.28511107,1.08687866,-32.3617249,-3.69454956,2.95410681,7.360762,-1.00551414,-0.267552972,-0.40233463,1.40752971,-8.157227,-32.6687,-1.93951416,-0.355805755,7.153228,-2.29526043,0.077899456,2.56288338,-2.685995,3.71335554
550,10.999996102607708,2480,0,1,0.5677147,0,3.95950747,14.7163239,0,136.647614,2.67690659,0,24.85627,1,0,0,1,0.273388326,-0.53554076,1.22655618,0,0,0,-0.028565729,-0.5092816,1.53154159,-1.16854858,-17.5392761,1.54558468,-0.08747685,4.41424227,-1.02610254,-0.4155749,-0.5665746,1.17399144,1.65413129,-29.1333618,-3.13256836,-3.48755813,-1.39926648,2.40406179,0.42108947,-0.620008647,2.052725,-4.58987427,-28.9759216,-3.164215,3.621441,-1.09223413,3.19204926,-0.186148748,-0.490968853,1.33333468,2.298038,-30.2557983,-5.08810425,2.41339445,9.384549,-0.0204913616,0.312240481,-0.5159128,2.191561,-11.6194763,-29.6200256,-4.882599,1.10130823,9.656334,-0.7254374,-0.5773589,-0.454681158,1.68255758,0.280176431,-32.7333679,-3.237152,-0.7691785,9.075754,-0.0130922794,-0.529491365,-0.470311821,2.36040449,-8.235199,-31.9536743,-4.56088257,0.382585526,9.777192,-1.96655631,0.165249825,2.54937172,-2.70235443,3.7187798
551,11.019996095521542,2483,0,1,0.4430634,0,3.97538614,10.00842,0,133.906387,1.86335051,0,24.9304619,1,0,0,1,0.2428951,-0.107107818,1.29725921,0,0,0,-0.0135166869,-0.08307856,1.793946,-1.76681519,-17.2510986,0.8980713,-0.348622531,4.611291,-1.5212338,-0.5039868,-0.162084877,1.47485137,3.74093223,-28.86914,-2.9263,-3.39465523,-1.22009933,2.83823562,0.521650553,-0.205062091,2.22961283,-3.571869,-28.57843,-3.49484253,3.6920085,-0.9443183,3.81707573,-0.373172581,-0.06842148,1.77950943,5.04041672,-29.92215,-5.05172729,2.11645555,9.72841549,0.857001066,0.309185624,-0.167773128,2.828512,-10.8149719,-29.0386963,-5.31576538,1.60731542,9.86451,0.559852,-0.808095932,-0.163688838,2.29448032,0.1365449,-31.7446289,-2.101715,-0.535532,9.955102,0.824694753,-0.5853973,-0.2422638,3.42115,-6.57955933,-31.1066589,-5.183441,0.8730518,10.1316967,0.228079617,0.248040915,2.53487563,-2.71219254,3.72063255
552,11.039996088435373,2487,0,1,0.317974925,0,3.9873414,3.492239,0,119.137772,0.7325006,0,24.9892673,1,0,0,1,0.248130172,-0.0214153826,1.60458684,0,0,0,0.0509252921,0.04426053,2.11136961,-1.91363525,-16.8893127,-0.0576171875,-0.0285568833,4.85069942,-1.63714576,-0.5541634,-0.0889189243,1.85928953,4.87151527,-28.5600281,-2.33834839,-3.84286356,-0.95920527,2.57805324,0.618559957,-0.09738299,2.46423221,-3.17050171,-28.2342224,-3.34082031,3.17349124,-0.7601703,3.84078884,-0.5589318,0.0487199128,2.1637702,7.41763353,-29.4108887,-3.93365479,1.50606322,9.761175,1.489926,0.3284193,-0.09785101,3.31447458,-9.591644,-28.606842,-4.40939331,1.44562566,9.920757,1.54481912,-0.9297081,0.004866123,2.9220438,1.82719243,-30.6558533,-0.5954895,0.415599883,10.1673994,1.73596883,-0.4947304,-0.228644773,4.3272233,-5.13659668,-30.2673645,-4.521881,0.5055582,10.3009624,1.18269169,0.332312822,2.52403116,-2.71339226,3.72070718
553,11.059996081349206,2491,0,1,0.209306583,0,3.99452019,-1.72543669,0,101.546089,-0.4247302,0,24.9963932,1,0,0,1,0.2438153,-0.00427663326,1.96359921,0,0,0,0.104593381,0.05573933,2.47879386,-1.59597778,-16.5979919,-0.8118286,0.235423028,5.001095,-1.39672184,-0.5707069,-0.07897854,2.35899,5.353941,-28.3427124,-1.45251465,-4.15330362,-0.7777828,2.52014565,0.6868681,-0.0732921362,2.76588535,-3.24414063,-28.0639038,-2.74060059,2.68398547,-0.6148475,3.970121,-0.7056564,0.0354422778,2.58670139,9.111622,-28.930481,-2.47537231,0.6924948,9.651335,1.51065469,0.396382928,-0.0812975,3.73922276,-8.575256,-28.2462769,-2.93978882,0.9575945,9.894536,1.90200615,-0.9686242,0.0162085742,3.33077,2.59847617,-29.7958069,-0.243377686,0.414803237,9.995975,0.589070559,-0.250020385,-0.217444912,4.970871,-3.99472046,-29.2550354,-3.23934937,0.160653,10.42152,1.51558971,0.405716419,2.50836158,-2.71177483,3.7162087
554,11.079996074263038,2495,0,1,0.150723472,0,3.99715924,-3.57841539,0,83.19175,-1.07435822,0,24.9769039,1,0,0,1,0.222291753,-0.0008535385,2.333325,0,0,0,0.153198719,0.0551325381,2.83342886,-0.9654846,-16.412262,-1.21386719,0.42243126,5.07581472,-1.07268786,-0.5586963,-0.07301596,2.87062049,5.24443531,-28.1776123,-0.449249268,-4.3991704,-0.639697969,2.44359779,0.7491057,-0.0657880455,3.0675416,-3.80102539,-28.0125122,-1.87210083,2.323236,-0.4751808,4.06220245,-0.807372332,0.00171886384,3.01278234,9.835557,-28.5704346,-1.098999,-0.0373385251,9.543117,1.19450676,0.5118915,-0.0504889637,4.09796858,-8.221832,-28.0330811,-1.31417847,0.412045956,9.78663,1.88632655,-0.9934138,-0.003635466,3.66888976,2.78155971,-29.2946777,-0.154663086,0.103472777,9.733505,0.1783314,0.08056134,-0.134752691,5.39804649,-3.59170532,-28.4320679,-1.9744873,-0.3869713,10.2498217,1.23789585,0.445341349,2.49967384,-2.71296883,3.71576357
555,11.099996067176871,2497,0,1,0.117232069,0,3.99828172,-3.739041,0,64.6108856,-1.444337,0,24.9582424,1,0,0,1,0.192012861,-0.000172838569,2.70606446,0,0,0,0.194192559,0.0569603145,3.17831564,-0.16003418,-16.3540039,-1.23825073,0.522957444,5.077327,-0.765779555,-0.5112575,-0.0609824359,3.360252,4.64085627,-28.0777588,0.406791747,-4.54894543,-0.5502541,2.29234576,0.811892152,-0.0627410561,3.33800387,-4.77920532,-28.0405579,-1.00933838,2.1236105,-0.349846035,4.05217838,-0.8732805,-0.0287083685,3.4321847,9.591887,-28.332489,-0.09875488,-0.596014142,9.485135,0.696328342,0.6712331,0.00359098613,4.363601,-8.622253,-27.9943848,0.10655766,-0.0180087686,9.631724,1.59783888,-1.02715373,-0.0293928385,4.01161957,2.570259,-29.0249939,-0.122344971,-0.176959515,9.592064,-0.0011651963,0.44275263,0.0381040871,5.655602,-3.81466675,-28.0474548,0.206166327,-1.08342934,9.894279,1.242122,0.4670725,2.492399,-2.72849083,3.72489882
556,11.119996060090703,2500,0,1,0.092107974,0,3.99893928,-3.28265142,0,45.9188271,-1.78265429,0,24.9363632,1,0,0,1,0.157760978,-2.44230032E-05,3.080563,0,0,0,0.230993852,0.0588195473,3.52078128,0.700020254,-16.4005432,-0.9392395,0.549593866,5.036999,-0.5372501,-0.4238205,-0.04436332,3.8181324,3.77369022,-28.0552673,0.8997116,-4.540402,-0.5104812,2.10770869,0.8546805,-0.06455353,3.58637261,-6.120819,-28.11618,-0.33493042,1.99063039,-0.253398746,3.99065256,-0.9015074,-0.05040385,3.85252643,8.552826,-28.2332458,0.3577249,-1.02798569,9.444764,0.08047792,0.830898643,0.0530523062,4.548948,-9.617584,-28.0500488,1.0642029,-0.214178652,9.528469,1.15643311,-1.04580712,-0.05043146,4.385393,2.10697269,-28.8934326,-0.109100342,-0.35669,9.518311,-0.104549751,0.7897608,0.159740508,5.77751255,-5.17095947,-27.8876953,2.25977445,-1.78075707,9.679872,0.7316505,0.4849267,2.48503065,-2.72661018,3.72087812
557,11.139996053004534,2505,0,1,0.092107974,0,3.99893928,-1.37625575,0,27.18011,-1.264247,0,24.9680138,1,0,0,1,0.119633079,0,3.45533729,0,0,0,0.264437854,0.0601160526,3.86131573,1.52412939,-16.5152588,-0.421051025,0.5264246,4.97053957,-0.419966757,-0.338784337,-0.0306791365,4.247974,2.71887946,-28.1306763,0.9532718,-4.54633474,-0.5366007,1.89103127,0.8869651,-0.07422419,3.81056118,-7.61489868,-28.2390747,-0.00308227539,2.00801277,-0.2136507,3.92772532,-0.8986372,-0.0544206351,4.283998,7.28184557,-28.2876587,0.25071165,-0.9954406,9.383181,-0.391614169,0.972800255,0.09239805,4.68069267,-11.0628967,-28.177002,1.4359436,-0.309534162,9.416455,0.634687543,-0.9937476,-0.05233459,4.78627729,1.59338808,-28.9065857,-0.124206543,-0.38352263,9.421055,-0.140751943,1.09762371,0.271529078,5.81880045,-6.90008545,-28.0227051,3.62096858,-1.72150123,9.426888,-0.186643183,0.4857254,2.483914,-2.7267704,3.720354
558,11.159996045918367,2509,0,0,0,0,0,-4.695624,0,-191.556763,-0.857696056,0,-34.98949,1,0,0,1,0.093912445,1.49011612E-08,3.8311336,0,0,0,0.311411917,0.0616615862,4.19925261,2.257383,-16.6514282,0.203502536,0.478613883,4.89825058,-0.412716746,-0.233875662,-0.0198353827,4.664005,1.58433235,-28.286499,0.5770429,-4.55789948,-0.618574262,1.72461319,0.9216651,-0.09288366,4.013761,-9.011963,-28.3900452,-0.0598144531,2.16928959,-0.238520712,3.91527987,-0.844761,-0.0494937152,4.735134,5.912507,-28.4677124,-0.390167236,-0.87177974,9.323527,-0.8050018,1.10937285,0.121175058,4.780567,-12.8586731,-28.3300781,1.22858179,-0.346005678,9.33219051,0.104694553,-0.892796,-0.04775177,5.204907,0.911507547,-29.0369263,-0.37979126,-0.374187917,9.336241,-0.2033799,1.37490809,0.349688,5.80967569,-8.320435,-28.1778259,3.45717835,-1.7639643,9.287699,-1.02987635,0.486529827,2.48314786,-2.71445465,3.71092963
559,11.179996038832199,2514,0,0,0,0,0,-3.85008931,0,-150.518433,-0.894967258,0,-34.9885559,1,0,0,1,0.07700176,1.49011612E-08,3.01036739,0,0,0,0.3681996,0.064018324,3.33988357,2.901959,-16.7679749,0.8147702,0.449585021,4.83498955,-0.5093666,-0.124574468,-0.0124132782,3.887508,0.372712225,-28.4665527,-0.147460938,-4.690354,-0.7309424,1.60789919,0.9459059,-0.119086444,2.998551,-10.1026,-28.52768,-0.46395874,2.44287777,-0.317497849,3.96269464,-0.750270963,-0.0231704712,4.03387976,4.827649,-28.7351685,-1.41333008,-0.53477174,9.2799015,-1.01842213,1.23935652,0.123571321,3.67256331,-14.7922058,-28.4768677,0.557771862,-0.263508558,9.23455,-0.2809978,-0.7088571,0.00249457359,4.457359,0.31823507,-29.3392944,-1.47131348,-0.176329434,9.240658,-1.01911485,1.628242,0.3558276,4.61945152,-10.1089172,-28.4806213,2.719074,-1.53954864,9.104248,-1.41120112,0.486665726,2.48276687,-2.70900917,3.70671082
560,11.199996031746032,2520,0,0,0,0,0,-2.99924064,0,-109.694931,-0.9566003,0,-34.986927,1,0,0,1,0.05998479,0,2.19389772,0,0,0,0.422740161,0.0672152638,2.477781,3.4836638,-16.856842,1.34835446,0.448227078,4.775018,-0.658639252,0.004162237,-0.006696552,3.11029673,-0.8536377,-28.622406,-1.12530518,-4.86921263,-0.86232686,1.58317721,0.932405949,-0.1478071,1.976059,-10.7862549,-28.6265564,-1.13952637,2.750865,-0.446671456,4.042461,-0.6130728,0.005192682,3.36674619,3.96369457,-29.0228577,-2.70047,-0.339446545,9.258854,-1.20105636,1.35142779,0.112260289,2.552714,-16.7193,-28.5670776,-0.4373474,-0.0809151456,9.191531,-0.4974733,-0.504085541,0.0533096343,3.747355,0.197770327,-29.69461,-2.4944458,0.223061875,9.164848,-0.8332732,1.88881755,0.3544601,3.42844963,-11.920105,-28.8334045,1.58362675,-1.43470228,9.018974,-1.66247916,0.486835,2.48252,-2.69670677,3.697586
561,11.219996024659864,2525,0,0,0,0,0,-2.11285162,0,-69.2279053,-1.06771088,0,-34.98371,1,0,0,1,0.0422570147,1.49011612E-08,1.38455749,0,0,0,0.4747486,0.0721426,1.58415449,4.03350353,-13.3846741,1.7909286,0.500753045,4.74729872,-0.8283997,0.165098786,-0.003541872,2.29211926,-1.84021,-25.1734314,-2.30499268,-4.906562,-0.9834988,1.65780413,0.866862953,-0.169905633,0.9860413,-11.1831055,-25.1334839,-1.96414185,2.914361,-0.594504356,4.113205,-0.426704943,0.0263635665,2.70367122,3.12691236,-25.7366943,-4.1829834,-0.383059382,9.303394,-1.42251217,1.42638028,0.09397327,1.44616473,-18.46579,-25.0152588,-1.6088562,0.192081392,9.217128,-0.54005295,-0.2789219,0.07474701,3.09054852,0.183540583,-26.5249023,-3.52828979,0.365430057,9.17287,-0.91459167,2.14531922,0.332398176,2.22396231,-13.58725,-25.5757751,0.204690978,-1.27081525,9.050927,-1.74232912,0.486672878,2.4824152,-2.69813728,3.69853759
562,11.239996017573695,2530,0,0,0,0,0,-1.08178937,0,-29.3235149,-1.08178937,0,-29.3235149,1,0,0,1,0.0216357782,0,0.586470068,0,0,0,0.459592521,0.06590845,0.663031459,4.53288841,-4.709442,1.75250256,0.508313835,4.083266,-0.9853848,0.23759985,-0.001823321,1.33772087,-2.76889038,-16.6575317,-3.330902,-3.97045612,-0.446239,1.23131216,0.695001543,-0.1483948,0.139692456,-11.1617737,-16.698761,-2.266571,2.37202787,-0.173145026,3.43917418,-0.1852417,0.033455044,2.00499439,1.952721,-17.2468872,-5.20858765,-0.892647564,7.46889162,-1.19209015,1.45521259,0.0221339539,0.411583841,-19.5499878,-16.3754883,-2.00491333,0.523453832,7.48521233,0.230118781,0.002711922,0.068097055,2.43963265,0.1263467,-17.9029236,-4.430542,0.289088845,7.506178,-0.875273,2.316331,0.211466879,0.956116438,-14.9467773,-16.67868,-0.5227356,-1.22774076,7.649769,-0.9767023,0.487091541,2.48229,-2.67818069,3.68397522
563,11.259996010487528,2535,0,0,0,0,0,-0.0503060371,0,-0.0186601151,-0.0503060371,0,-0.0186601151,1,0,0,1,0.00100612035,0,0.000373202143,0,0,0,0.322292924,0.0309962779,0.0211933851,4.48303175,-1.49029541,0.8539622,-0.0399543159,2.206512,-0.907265663,0.115171142,0.00849492848,0.438967139,-3.867859,-13.2459412,-3.753479,-1.4172169,3.41792154,-0.0242738184,0.470724344,-0.06732878,-0.28919822,-10.3032227,-12.9939575,-1.4168396,1.247074,3.66904473,1.34952331,0.05696383,0.01564385,1.27218473,-0.07714844,-13.697052,-4.903076,-1.74984193,3.145678,-0.182219252,1.40181732,-0.140603766,-0.390364081,-19.1924133,-12.4908752,-0.560668945,1.31118453,3.8412106,1.79598594,0.2837816,0.08195004,1.79872441,-0.8537903,-13.9703979,-4.12768555,-1.18135846,3.374737,0.07801785,2.24151564,-0.08305643,-0.235212535,-15.5769653,-11.9842224,0.7343197,-0.963419557,4.35654259,0.8829948,0.4873786,2.48222661,-2.6689167,3.67724133
564,11.27999600340136,2539,0,0,0,0,0,0.000209226069,0,-0.009401239,0.000209226069,0,-0.009401239,1,0,0,1,-4.18451964E-06,1.49011612E-08,0.000188024715,0,0,0,0.225651681,0.0151548833,0.00411014259,4.203264,0.431287825,-0.005279541,-0.197636127,1.76675308,-0.6660945,0.0733456761,0.008387938,0.253428817,-4.88787842,-10.0959167,-3.65863037,-0.5376392,2.85821366,-0.198599935,0.352449238,-0.0301650465,-0.169685036,-9.270569,-9.54684448,-0.2626953,0.544232368,3.09481883,0.9018205,0.190122247,0.0176566839,1.00326526,-2.617981,-10.503418,-4.193512,-1.63299358,2.82366443,0.288675219,1.2502178,-0.200283259,-0.523881555,-17.5066833,-9.213226,1.14249849,2.166318,3.344004,1.94599712,0.4715107,0.14061445,1.57313991,-2.7322998,-10.7995605,-3.48199463,-1.88794565,2.8640337,0.303778678,2.02597547,-0.349980772,-0.685715139,-14.6047668,-8.580719,2.65616775,0.5572276,3.41822338,1.53032482,0.4876485,2.48218536,-2.66367531,3.673447
565,11.299995996315193,2543,0,0,0,0,0,0.00338458177,0,-0.0131491218,0.00338458177,0,-0.0131491218,1,0,0,1,-6.769161E-05,-1.77323818E-06,0.000262982328,0,0,0,0.166189328,0.012637943,-0.00712817628,4.03138351,1.96844947,-0.64956665,-0.1218714,1.37017393,-0.4699523,0.09475144,0.00351916254,0.160437152,-5.56817627,-7.51187134,-3.40750122,-0.1627168,2.32214022,-0.0643752,0.2965443,-0.0168884546,-0.151331067,-8.400482,-6.679138,0.936569452,0.378312528,2.49426031,0.774010062,0.2676664,0.0292829871,0.733573854,-5.03521729,-7.74514771,-3.60296631,-1.23030138,2.39115047,0.376328439,1.05153668,-0.176891357,-0.6343503,-15.1665039,-6.423706,2.64266443,2.49195552,2.80014038,1.68866444,0.566660047,0.175776422,1.229568,-4.77331543,-8.038605,-2.83218384,-2.019939,2.562476,0.184357762,1.7145189,-0.437277853,-0.9795383,-12.4103088,-5.6763916,4.80311,1.72736061,2.85614729,1.53134274,0.488050461,2.48213887,-2.65875053,3.66989923
566,11.319995989229025,2549,0,0,0,0,0,0.00159611867,0,-0.0177505836,0.00159611867,0,-0.0177505836,1,0,0,1,-3.192236E-05,-1.77323818E-06,0.000355011522,0,0,0,0.124188781,0.00844728947,-0.0346771032,3.92815828,3.14497423,-1.13424683,-0.09746211,1.02736676,-0.325894833,0.113885328,-0.00145985186,0.104577325,-5.99295044,-5.408966,-3.04370117,0.0324262939,1.8900795,0.07209946,0.252758771,-0.0121322423,-0.166065559,-7.554138,-4.344696,2.07283163,0.418977946,1.97671533,0.685657263,0.318468869,0.0259599239,0.494755536,-6.916992,-5.48382568,-3.06793213,-0.681728542,1.97469985,0.442158937,0.8380077,-0.125704691,-0.7143907,-12.5860291,-4.05233765,3.82981443,2.516993,2.32065582,1.30424738,0.591595948,0.15903531,0.8590822,-6.560089,-5.5954895,-2.5255127,-1.67468119,2.1657114,0.08123452,1.33271766,-0.3364994,-1.13760531,-9.553772,-2.95727539,5.73778963,2.11756134,2.337449,0.5389261,0.4883995,2.48210049,-2.65585327,3.66782141
567,11.339995982142856,2554,0,0,0,0,0,0.00283648819,0,-0.0140316086,0.00283648819,0,-0.0140316086,1,0,0,1,-5.672974E-05,1.49011612E-08,0.000280632055,0,0,0,0.08987835,0.00435061753,-0.0425799638,3.76863813,3.77073073,-1.47183228,-0.13766858,0.698166132,-0.185435921,0.122562781,-0.005177304,0.06351551,-6.2102356,-3.64987183,-2.626007,0.167079836,1.54408944,0.160083219,0.2015937,-0.010294199,-0.184309363,-6.67855835,-2.43011475,3.03139114,0.5013688,1.54488564,0.5371961,0.3408283,0.0135302395,0.284712851,-8.140839,-3.639923,-2.55557251,-0.134892032,1.62314022,0.48262614,0.6265848,-0.09302859,-0.752794,-10.0101013,-2.15438843,4.734634,2.41476965,1.83902264,0.9523479,0.587624848,0.10933847,0.51048857,-7.79696655,-3.66455078,-2.39202881,-1.18544781,1.72700262,0.120835304,0.9630935,-0.282700837,-1.19567323,-6.647064,-0.99105835,5.99377155,2.2879827,1.69812381,0.069806546,0.4886489,2.482071,-2.65428925,3.66670227
568,11.359995975056689,2560,0,0,0,0,0,0.00656732544,0,-0.0114812022,0.00656732544,0,-0.0114812022,1,0,0,1,-0.00013134646,0,0.000229623955,0,0,0,0.0565629229,0.002738461,-0.047056336,3.55192971,3.71980643,-1.65509033,-0.17034176,0.3567277,-0.034148667,0.122604214,-0.008214265,0.0273415,-6.241913,-2.142395,-2.1885376,0.292704284,1.25460982,0.207303375,0.1476804,-0.009198442,-0.189479589,-5.80188,-0.84866333,3.768387,0.539426,1.18034148,0.353428125,0.3416135,-0.003540039,0.101515219,-8.72818,-2.11941528,-2.04830933,0.339845419,1.36260867,0.495188951,0.426395357,-0.07458216,-0.7592412,-7.504883,-0.6088562,5.34934664,2.297638,1.46670544,0.623133063,0.5643752,0.0442031026,0.205543071,-8.398071,-2.11862183,-2.25881958,-0.633498549,1.40236425,0.236441776,0.63858366,-0.2700942,-1.20949411,-3.83898926,0.4313042,5.990383,2.29008341,1.26441264,-0.0293786135,0.488873959,2.48204,-2.65316582,3.665898
569,11.379995967970521,2565,0,0,0,0,0,0.008521858,0,-0.008978378,0.008521858,0,-0.008978378,1,0,0,1,-0.0001704371,1.49011612E-08,0.000179567491,0,0,0,0.0257412326,0.00325743854,-0.0498848632,3.30034184,3.48373175,-1.69491577,-0.1951936,0.205115512,0.0816781744,0.107276015,-0.010580644,-0.01487585,-6.141388,-0.993469238,-1.72238159,0.413474023,0.9269563,0.218518659,0.0862570852,-0.008986533,-0.175234884,-4.91040039,0.305560857,4.295945,0.5412273,0.797225356,0.150082782,0.3250935,-0.0191698968,-0.0553441644,-8.788544,-0.951843262,-1.511383,0.696252048,1.05387247,0.5182597,0.243260875,-0.06296156,-0.7407716,-5.04638672,0.5766269,5.71813154,2.19652724,1.08798265,0.3534,0.5269635,-0.019992575,-0.05004494,-8.380066,-0.9380493,-2.01193237,-0.128885746,1.10469472,0.372826785,0.367988944,-0.2691115,-1.20152545,-0.8434143,1.551172,6.208658,2.32043839,0.955204666,0.0239271689,0.48897028,2.48202324,-2.65277672,3.665618
570,11.399995960884354,2571,0,0,0,0,0,0.0082731545,0,-0.005112969,0.0082731545,0,-0.005112969,1,0,0,1,-0.000165463032,1.49011612E-08,0.000102259335,0,0,0,0.00461805426,0.00364908576,-0.0509661846,3.03374386,3.26087046,-1.63418579,-0.209624991,0.149894938,0.148308471,0.09382617,-0.0118266791,-0.0467881858,-5.90652466,-0.176452637,-1.25857544,0.490634739,0.647834957,0.233722463,0.0383680947,-0.0100668967,-0.172957152,-3.97277832,1.08552575,4.620592,0.6066021,0.49927026,-0.00498290872,0.2955802,-0.0324161947,-0.186948761,-8.386353,-0.121887207,-0.9717407,0.9956498,0.7710024,0.499025762,0.08925584,-0.0399622768,-0.701777339,-2.70947266,1.51041663,5.839987,1.98919642,0.8324114,0.09786889,0.4682787,-0.0770290643,-0.2623275,-7.850189,-0.0456848145,-1.68399048,0.3218903,0.839477539,0.441110045,0.133015558,-0.121536076,-1.05808914,-0.241607666,2.50912952,5.34932041,0.5570886,0.794438839,-0.604670346,0.4891119,2.481993,-2.652258,3.665241
571,11.419995953798185,2575,0,0,0,0,0,0.00688282959,0,-0.00273920735,0.00688282959,0,-0.00273920735,1,0,0,1,-0.000137656534,0,5.47841264E-05,0,0,0,-0.007394145,0.003492877,-0.05065173,2.7640357,3.10537863,-1.52307129,-0.216190636,0.128993228,0.1711914,0.081633836,-0.0120795071,-0.06958854,-5.55581665,0.377252549,-0.813995361,0.5401503,0.431268424,0.23927854,-0.00164466351,-0.009924844,-0.15450792,-3.090973,1.5662601,4.73902369,0.5830046,0.273248136,-0.145208552,0.257760018,-0.04114431,-0.2908616,-7.59335327,0.437488139,-0.466369629,1.2286371,0.5335001,0.449816167,-0.03239631,-0.0268946588,-0.6311904,-0.625274658,2.08000875,5.780154,1.7539835,0.499394745,-0.0938369259,0.395226836,-0.121675968,-0.434355766,-6.8888855,0.5659124,-1.32302856,0.702138245,0.5926794,0.453649968,-0.0591542572,-0.07494086,-0.93896246,-0.0925293,2.87974834,4.564223,0.108081326,0.3567191,-0.6482088,0.489159584,2.48197532,-2.65211487,3.66513181
572,11.439995946712017,2578,0,0,0,0,0,0.005377974,0,-0.0009829866,0.005377974,0,-0.0009829866,1,0,0,1,-0.000107559434,1.49011612E-08,1.96597248E-05,0,0,0,-0.0135303028,0.0030964613,-0.0494640656,2.49930835,3.00654173,-1.40039063,-0.2161898,0.1104424,0.165462226,0.0685908,-0.011681959,-0.08608882,-5.11199951,0.728488743,-0.406677246,0.5725513,0.2650029,0.226649329,-0.03254104,-0.00957647,-0.133263126,-2.29550171,1.81401968,4.68227768,0.53389,0.104794204,-0.257558823,0.214358032,-0.04548505,-0.36886695,-6.482849,0.776581645,-0.0211792,1.39223218,0.3407874,0.383677453,-0.129783854,-0.01861526,-0.554690242,1.24176812,2.36517119,5.53873,1.54035485,0.2532224,-0.2603678,0.317664742,-0.155631274,-0.565911,-5.57373047,0.9158869,-0.9600525,1.01544464,0.37223053,0.421166569,-0.207216948,-0.0613828,-0.8224507,-0.0275268555,2.900316,3.89603472,0.0109995548,0.0773884654,-0.6178199,0.4891839,2.48195863,-2.652048,3.66507554
573,11.45999593962585,2583,0,0,0,0,0,0.00268076872,0,0.000605369,0.00268076872,0,0.000605369,1,0,0,1,-5.3615353E-05,-3.57627869E-06,-1.21073754E-05,0,0,0,-0.01784941,0.00271841884,-0.04745609,2.24455,2.94661474,-1.28521729,-0.214513808,0.024237372,0.143435523,0.0560405627,-0.01087749,-0.0963853747,-4.601959,0.9302595,-0.0464172363,0.5956284,0.1583983,0.194036186,-0.0561072826,-0.009182438,-0.113290593,-1.59347534,1.89598608,4.475053,0.468127459,0.006898232,-0.3549182,0.167523324,-0.04507619,-0.424242347,-5.140564,0.9813309,0.3450288,1.49555147,0.196631,0.3028618,-0.204336971,-0.0124041587,-0.47753188,2.89276385,2.4555707,5.14131,1.32634735,0.0912097842,-0.392791361,0.2407147,-0.176087409,-0.661092639,-4.3079834,1.13769031,-0.2012024,1.2296983,0.2069953,0.352227181,-0.31240344,-0.04225047,-0.707738161,0.08682897,2.75097966,3.27099514,0.232756883,-0.0653700754,-0.861715853,0.489186764,2.48194885,-2.652048,3.66506934
574,11.479995932539682,2588,0,0,0,0,0,0.0009197942,0,0.00181083521,0.0009197942,0,0.00181083521,1,0,0,1,-1.83958764E-05,0,-3.621669E-05,0,0,0,-0.0210117251,0.00234512985,-0.0447986946,2.000595,2.843369,-1.17852783,-0.208574831,-0.0925220847,0.126684561,0.0431341976,-0.00952138,-0.101067975,-4.047455,1.03206062,0.252971083,0.599999368,0.0871612355,0.149395943,-0.07209227,-0.008311495,-0.09591289,-0.9804077,1.875686,4.14881754,0.4035438,-0.0476020724,-0.422540069,0.120524563,-0.0352183133,-0.4577581,-3.63253784,1.090718,0.614038765,1.53753364,0.09892621,0.217789069,-0.253330052,-0.00450181961,-0.400212884,4.23732328,2.4155345,4.632406,1.05958,-0.0105344057,-0.479467422,0.169383615,-0.1507446,-0.725855052,-2.460785,1.23818207,0.6698965,1.30869842,0.08743586,0.315385282,-0.386370718,-0.0273451954,-0.5967707,0.697120965,2.52855325,2.26369429,0.32105,-0.140204921,-0.8013392,0.489177227,2.48193359,-2.65206528,3.66507
575,11.499995925453515,2593,0,0,0,0,0,0.0008883522,0,0.00309850858,0.0008883522,0,0.00309850858,1,0,0,1,-1.77670372E-05,1.49011612E-08,-6.19701459E-05,0,0,0,-0.021876622,0.00194661319,-0.04197398,1.77066672,2.680572,-1.073883,-0.196951941,-0.1430385,0.119153477,0.0286674425,-0.008111745,-0.1039172,-3.4637146,1.05818772,0.479807138,0.590018451,0.0193103477,0.101024665,-0.08372616,-0.00767688453,-0.09133194,-0.385345459,1.7905072,3.73969626,0.406303942,-0.0915059447,-0.462494284,0.07825228,-0.027327925,-0.4672262,-2.061554,1.11599267,0.800488651,1.50092947,0.02715452,0.146410018,-0.282348245,-0.009003088,-0.324992239,4.99889374,2.25410867,4.055138,0.6394421,-0.09524243,-0.5253274,0.107537717,-0.161849856,-0.7535367,-0.428253174,1.25481987,1.46838379,1.7314955,0.0112644881,0.50062865,-0.423491865,-0.0341472924,-0.44595933,1.096126,2.26010919,1.3084923,0.264678061,-0.188741878,-0.777848244,0.489161968,2.48192453,-2.65210342,3.66508961
576,11.519995918367346,2598,0,0,0,0,0,0.000708680367,0,0.004817924,0.000708680367,0,0.004817924,1,0,0,1,-1.41736018E-05,1.49011612E-08,-9.635844E-05,0,0,0,-0.02181679,0.00148709118,-0.0389249846,1.55661428,2.4857614,-0.970916748,-0.1832008,-0.17049481,0.112055592,0.0205848739,-0.007002905,-0.110158041,-2.83554077,1.03556693,0.6568637,0.6019441,-0.0224250723,0.0779502541,-0.09004823,-0.006404534,-0.07606023,0.141396478,1.66339588,3.27075768,0.3480234,-0.118948281,-0.482158154,0.0478646234,-0.0173022,-0.46072647,-0.5126648,1.16102755,0.9203949,1.39829051,0.0314997919,0.08126271,-0.292546123,-0.008025616,-0.2427699,5.54320049,2.04799128,3.451168,0.455625862,-0.127069771,-0.5395915,0.0454091653,-0.0690459,-0.682934,-0.09472656,1.3841871,0.846660733,0.46237734,0.0798511952,-0.5420022,-0.428667247,-0.0378484279,-0.3185353,1.54999352,1.99478519,0.335064739,0.3497587,-0.182299629,-0.8549654,0.489145279,2.48191762,-2.65214157,3.66511035
577,11.539995911281178,2603,0,0,0,0,0,0.00105913938,0,0.00541686453,0.00105913938,0,0.00541686453,1,0,0,1,-2.118278E-05,0,-0.000108337248,0,0,0,-0.0213399585,0.00101879239,-0.0357341766,1.35960186,2.274027,-0.8715515,-0.168497443,-0.1856831,0.104260109,0.009734031,-0.005041331,-0.102166481,-2.240387,0.9785614,0.763343036,0.546190739,-0.0535582,0.03619794,-0.09183886,-0.0048751235,-0.0565250143,0.559805751,1.50998771,2.7729063,0.2650283,-0.135763347,-0.481558472,0.0220031459,-0.00192405283,-0.42658937,0.893958569,1.11038506,0.99458164,1.25428486,-0.026937522,0.0419317335,-0.2868724,-0.00462725759,-0.1698134,5.913247,1.82534337,2.86123919,0.308328956,-0.140671611,-0.520634949,0.00296985731,-0.0258749127,-0.627165854,0.282464564,1.29557729,-0.225708008,0.4147277,-0.0294218659,-0.548900068,-0.398704082,-0.01018022,-0.206003934,1.57592,1.761409,0.06575495,0.03251805,-0.1835059,-0.206131846,0.489132881,2.48191333,-2.65217018,3.66512632
578,11.559995904195011,2608,0,0,0,0,0,0.00129952224,0,0.00537821557,0.00129952224,0,0.00537821557,1,0,0,1,-2.59904336E-05,-2.965331E-06,-0.000107564265,0,0,0,-0.02056991,0.0005771518,-0.0325533934,1.18012106,2.054478,-0.776977539,-0.153597355,-0.192694753,0.09605419,0.000377072021,-0.00352938473,-0.09178523,-1.70214844,0.895191967,0.8112633,0.481103,-0.07781625,-0.000930832932,-0.08690557,-0.00361379981,-0.0358067267,0.8524744,1.34271693,2.28762937,0.172776461,-0.14448452,-0.449236274,-1.39586627E-05,0.00434802473,-0.3837129,2.162147,1.02841926,1.02611518,1.11406279,-0.07694958,0.008282012,-0.2673434,-0.00371043384,-0.104974873,6.139856,1.59946144,2.30713773,0.187855,-0.149020478,-0.483746469,-0.0152118066,-0.00748711824,-0.5580481,0.252038747,1.0794524,-0.527709961,0.233249813,-0.102926165,0.112512782,-0.365904778,-0.005763307,-0.121526085,1.54580784,1.53594363,-0.0113525391,-0.0311794374,-0.181699187,-0.0660821348,0.489113331,2.48190784,-2.65221214,3.6651504
579,11.579995897108843,2613,0,0,0,0,0,0.00126717251,0,0.00499652559,0.00126717251,0,0.00499652559,1,0,0,1,-2.53434409E-05,0,-9.993047E-05,0,0,0,-0.01947722,0.00019373,-0.0294472482,1.01796889,1.83508062,-0.6878357,-0.138865277,-0.19281885,0.0879009,-0.0047068987,-0.00223606825,-0.07885581,-1.23150635,0.796142,0.823940456,0.4061407,-0.0911167,-0.0201416183,-0.07881834,-0.00258505344,-0.0183829144,1.03344476,1.17210019,1.83731151,0.0935449153,-0.145596027,-0.40303117,-0.0155353146,0.009344235,-0.334443748,3.27899384,0.927360058,1.02576053,0.9654386,-0.08029595,-0.0218310654,-0.2412401,-0.00320412219,-0.05262437,6.25498,1.37420261,1.80242884,0.0925355852,-0.1517019,-0.437561,-0.0324423425,-0.00294810534,-0.4940587,0.6376315,0.9979102,-0.3206482,0.3082095,-0.0529329,0.2849778,-0.329700619,-0.00545522571,-0.0543994755,1.50486684,1.3142643,-0.03805542,-0.03564227,-0.180871621,-0.01924229,0.4891014,2.48190427,-2.65223885,3.66516566
580,11.599995890022676,2619,0,0,0,0,0,0.00114036119,0,0.00467608031,0.00114036119,0,0.00467608031,1,0,0,1,-2.28072149E-05,-3.56137753E-06,-9.35215648E-05,0,0,0,-0.0180724263,-0.000137060881,-0.0264851544,0.8721858,1.623394,-0.6045227,-0.1245603,-0.186291322,0.0801048,-0.0080488855,-0.00138300657,-0.0680418238,-0.8190613,0.694174945,0.8128303,0.344703972,-0.0930288061,-0.033167962,-0.0695490539,-0.001862064,-0.00480036438,1.12328219,1.00756133,1.43172121,0.0303443447,-0.140198842,-0.3526331,-0.0266720951,0.0118192881,-0.2844636,4.215529,0.8311092,0.988463044,0.8002588,-0.0787278861,-0.0451120138,-0.2123563,-0.00269800425,-0.0118906274,6.28211927,1.15957677,1.35496974,0.0182912629,-0.14662303,-0.3862709,-0.0430079028,0.004008189,-0.4168862,0.957365751,0.9294657,-0.1156311,0.215185225,-0.06056833,0.16817221,-0.2904701,-0.0053216666,-0.00262675434,1.46383893,1.10366476,-0.05102539,-0.03363637,-0.1728765,-0.00435846,0.489093781,2.48190236,-2.652256,3.665176
581,11.619995882936507,2625,0,0,0,0,0,0.00101571681,0,0.0045071966,0.00101571681,0,0.0045071966,1,0,0,1,-2.03143281E-05,1.49011612E-08,-9.01439E-05,0,0,0,-0.0166122336,-0.0004198104,-0.0236606337,0.7421408,1.423585,-0.5276184,-0.111206464,-0.176161408,0.07244286,-0.0108103007,-0.000925704837,-0.06593166,-0.420959473,0.5948078,0.7822862,0.3282331,-0.0904011,-0.0434537567,-0.0601258278,-0.00136546791,0.005463758,1.14305663,0.8533197,1.07534707,-0.0176594257,-0.132229328,-0.302063,-0.0325516239,0.007615909,-0.23197639,4.7159996,0.723822236,0.929673731,0.4323232,-0.09099811,-0.054577522,-0.182733342,-0.00235618651,0.01852626,6.24415541,0.962259233,0.9686222,-0.03687759,-0.137048632,-0.33270514,-0.0496089,0.003508687,-0.312119722,1.08214819,0.7906044,-0.04711914,0.0993394256,-0.111884512,0.06419565,-0.24998337,-0.00516220927,0.03566172,1.42391884,0.9121036,-0.0596313477,-0.0315622278,-0.1586225,0.00237594731,0.48908186,2.48189926,-2.65228081,3.66519022
582,11.639995875850339,2631,0,0,0,0,0,0.00087321375,0,0.004256955,0.00087321375,0,0.004256955,1,0,0,1,-1.74642682E-05,-3.57627869E-06,-8.5139065E-05,0,0,0,-0.0152656557,-0.0006545037,-0.0211136583,0.626684,1.23626876,-0.457733154,-0.0986099243,-0.165455371,0.06474392,-0.0122406371,-0.000432878733,-0.05543606,-0.07461548,0.496892154,0.7380975,0.270296276,-0.08861441,-0.04837453,-0.0510188974,-0.0009946674,0.0129098427,1.11104786,0.709558666,0.7694113,-0.0517594367,-0.124142945,-0.253037632,-0.0349926874,0.00664779544,-0.174779475,5.068625,0.613847733,0.862804,0.306648463,-0.08994132,-0.0608067773,-0.153702781,-0.0020442307,0.0400308929,6.159839,0.7829923,0.6436023,-0.07548478,-0.127170488,-0.2795514,-0.0531889126,0.002814725,-0.22166577,1.14646411,0.6638539,-0.031036377,0.0578797646,-0.104318574,0.0185828879,-0.210265711,-0.004942909,0.062350437,1.38525927,0.740353942,-0.0663147,-0.029479051,-0.143806219,0.00689898338,0.4890747,2.48189783,-2.65229416,3.66519785
583,11.659995868764172,2636,0,0,0,0,0,0.0007228175,0,0.003722074,0.0007228175,0,0.003722074,1,0,0,1,-1.44563437E-05,0,-7.444145E-05,0,0,0,-0.013754053,-0.0008365363,-0.0186886713,0.524438739,1.06419706,-0.394134521,-0.08722883,-0.152080536,0.0579140931,-0.012620681,-8.127093E-05,-0.04056191,0.189575732,0.4053844,0.6849226,0.192989349,-0.0822819248,-0.0502965823,-0.0421602279,-0.000688657165,0.01772137,1.04194868,0.580247343,0.512175262,-0.07461962,-0.112396434,-0.206711128,-0.0356931351,0.00569807,-0.121543735,5.302934,0.5137028,0.7905628,0.205373734,-0.08205762,-0.0640835,-0.126310483,-0.00174981356,0.054057166,6.045631,0.624188244,0.3763542,-0.100832656,-0.114653878,-0.229836628,-0.0528253354,0.001873672,-0.149167031,1.19288933,0.556195736,-0.0239562988,0.0412775129,-0.090116784,0.009873098,-0.172948644,-0.0046544075,0.07946095,1.34858441,0.588152468,-0.07196045,-0.0272290576,-0.128235742,0.0104604037,0.489069462,2.48189688,-2.65230751,3.66520619
584,11.679995861678004,2642,0,0,0,0,0,0.000606234244,0,0.003175546,0.000606234244,0,0.003175546,1,0,0,1,-1.212468E-05,0,-6.35108954E-05,0,0,0,-0.0121987276,-0.0009836257,-0.0165062249,0.434432417,0.909610033,-0.336669922,-0.0767117962,-0.1366897,0.0516650528,-0.0123618795,4.74005938E-05,-0.0264847521,0.370666623,0.324012339,0.6273281,0.121557474,-0.07280049,-0.0501758121,-0.03395289,-0.0004773885,0.02038496,0.9485957,0.467688739,0.301121384,-0.0882360041,-0.09849565,-0.164799109,-0.0344436057,0.0044683814,-0.0762141347,5.443201,0.42397064,0.7185877,0.123397104,-0.07249073,-0.06293912,-0.1012577,-0.00149087608,0.06196399,5.91463852,0.48805812,0.162470162,-0.115284316,-0.1001278,-0.1843275,-0.04970406,0.000637427,-0.08946913,1.22277832,0.4629856,-0.0190124512,0.0272139,-0.07780107,0.00707651768,-0.138963655,-0.00448931754,0.08880374,1.31179047,0.457760185,-0.07797241,-0.0239552688,-0.11113622,0.0112835243,0.48906517,2.48189569,-2.65231514,3.66521025
585,11.699995854591837,2647,0,0,0,0,0,0.000524659641,0,0.00265435618,0.000524659641,0,0.00265435618,1,0,0,1,-1.04931887E-05,1.49011612E-08,-5.30871039E-05,0,0,0,-0.0107275359,-0.00110882521,-0.0145182256,0.355388641,0.7731518,-0.285339355,-0.067299664,-0.12064714,0.0458932929,-0.011559057,4.46289778E-05,-0.0146166664,0.478903741,0.254170656,0.569732666,0.06230045,-0.0622556843,-0.04777457,-0.0266211964,-0.000338509679,0.0217033923,0.8418809,0.372099161,0.13235338,-0.09592325,-0.0842184648,-0.128000587,-0.03162942,0.00320787728,-0.03973581,5.50958967,0.346468,0.6514025,0.05907317,-0.0619257428,-0.0584031977,-0.07904872,-0.001042217,0.064862825,5.777643,0.3741469,-0.00408935547,-0.103322528,-0.08522559,-0.14403297,-0.0446363166,-0.0005582273,-0.04245717,1.23807859,0.384646416,-0.0146484375,0.0151493754,-0.0652560145,0.00570892449,-0.108791828,-0.00428968668,0.09191501,1.27610886,0.3485831,-0.0844726563,-0.01961754,-0.0941003,0.0121531859,0.4890628,2.48189521,-2.652319,3.66521239
586,11.719995847505668,2653,0,0,0,0,0,0.000453142828,0,0.002196642,0.000453142828,0,0.002196642,1,0,0,1,-9.062853E-06,0,-4.39328251E-05,0,0,0,-0.009341269,-0.00120362639,-0.0127405,0.286248356,0.6542929,-0.239837646,-0.0587822236,-0.104974546,0.04068179,-0.0103934957,1.4603138E-06,-0.005238928,0.5287424,0.19599393,0.5156833,0.01613751,-0.05177468,-0.0436572172,-0.0202483,-0.000228747725,0.0217063129,0.7298922,0.2925268,0.00100382022,-0.09742075,-0.070574984,-0.09641109,-0.0279229283,0.00219382346,-0.0128634032,5.52449036,0.279911935,0.5912876,0.0137773314,-0.05223317,-0.0519671142,-0.0598412566,-0.0005810261,0.06415295,5.64186049,0.2792249,-0.129943848,-0.0869964659,-0.07206887,-0.109162994,-0.038750127,-0.00147011876,-0.009176753,1.24243057,0.31602028,-0.0121154785,0.006094798,-0.055594,0.00370139652,-0.08278972,-0.003988147,0.09007883,1.2438488,0.254482269,-0.0911560059,-0.0143064084,-0.0806842148,0.0136832055,0.4890604,2.48189473,-2.65232658,3.6652174
587,11.739995840419502,2656,0,0,0,0,0,0.000383426348,0,0.00180149439,0.000383426348,0,0.00180149439,1,0,0,1,-7.668524E-06,0,-3.60298727E-05,0,0,0,-0.008090783,-0.00127668679,-0.011133532,0.225885719,0.5519093,-0.199737549,-0.0512238741,-0.09036629,0.03594689,-0.008952048,-2.65985727E-05,0.00145504484,0.535222,0.148379847,0.468194276,-0.0162892491,-0.04229731,-0.03804643,-0.01485603,-0.000131472945,0.0208339673,0.619475365,0.2273131,-0.09805298,-0.09466951,-0.0581502356,-0.06995835,-0.0249405038,0.00179068744,0.00386665855,5.509057,0.2254647,0.536872149,-0.009793084,-0.0434333347,-0.0479452163,-0.0436427966,-0.000125586987,0.0608258247,5.51328373,0.20443368,-0.221405029,-0.06891448,-0.0593106,-0.07963115,-0.0361455269,-0.00142000616,0.008771385,1.25055838,0.260118961,-0.01751709,0.00616942439,-0.04853614,-0.00104311155,-0.0609940439,-0.0036817193,0.08479669,1.21794438,0.1759121,-0.101348877,-0.00614093523,-0.0745454654,0.0111511247,0.489058971,2.48189473,-2.65232849,3.66521859
588,11.759995833333333,2661,0,0,0,0,0,0.000313921715,0,0.001513565,0.000313921715,0,0.001513565,1,0,0,1,-6.278432E-06,0,-3.0271287E-05,0,0,0,-0.006956235,-0.00132529438,-0.009649398,0.173089728,0.464306027,-0.164611816,-0.0444817021,-0.07728982,0.0316709653,-0.00795730948,-4.16636467E-05,0.00501296576,0.5176119,0.109824,0.426288337,-0.03304729,-0.03425594,-0.0342564173,-0.0103872139,-6.3970685E-05,0.0194066,0.5153908,0.174252942,-0.169891357,-0.08899121,-0.0475253,-0.04811103,-0.0245195739,0.00156697631,0.0127532743,5.47960567,0.1776201,0.481271356,-0.0126100965,-0.0378047079,-0.0495293923,-0.03030722,0.000277757645,0.0557769947,5.395445,0.148474783,-0.284484863,-0.0504203141,-0.0469467528,-0.05527922,-0.0381539166,-0.0013704747,0.0199441053,1.249119,0.204953238,-0.0347290039,0.000241926318,-0.0490544923,-0.00524713751,-0.042831175,-0.003402099,0.07765604,1.196036,0.118423745,-0.115325928,-0.000277253421,-0.0622617155,0.0102004092,0.489055157,2.48189354,-2.65233612,3.66522264
589,11.779995826247164,2666,0,0,0,0,0,0.000288237,0,0.00135054882,0.000288237,0,0.00135054882,1,0,0,1,-5.76473758E-06,1.49011612E-08,-2.70109667E-05,0,0,0,-0.0059906086,-0.00137677789,-0.008359803,0.1272544,0.389323145,-0.134124756,-0.0384836048,-0.06606535,0.02779094,-0.007994878,-7.031858E-05,0.006639803,0.488564759,0.07822443,0.384363949,-0.0403731,-0.0280507784,-0.0351516828,-0.00675844774,-3.69846821E-05,0.0174832568,0.420258,0.130985633,-0.219177246,-0.08048579,-0.0388698429,-0.03022347,-0.0256776772,0.00135442615,0.0182078481,5.43997335,0.1338307,0.421700448,-0.01663291,-0.03078709,-0.0520815477,-0.019498216,0.000629127,0.0498490855,5.29017639,0.108105205,-0.3242798,-0.0331951939,-0.0363142341,-0.03556905,-0.039501708,-0.00143264234,0.0280538071,1.23241436,0.162220791,-0.0468444824,-0.00288836984,-0.045733396,-0.0009332057,-0.0282493886,-0.00316333771,0.06957109,1.177057,0.0824940354,-0.134429932,0.00487514073,-0.0493544824,0.0111356983,0.48905468,2.48189354,-2.652338,3.665224
590,11.799995819160998,2672,0,0,0,0,0,0.000285738963,0,0.00122745824,0.000285738963,0,0.00122745824,1,0,0,1,-5.714777E-06,1.49011612E-08,-2.45491556E-05,0,0,0,-0.00512145,-0.00141356885,-0.007226735,0.0874642357,0.3254327,-0.107666016,-0.033026,-0.056426622,0.0243439861,-0.008317156,-7.30752945E-05,0.00762273371,0.452651054,0.0527344123,0.3396863,-0.0445485078,-0.0226746015,-0.03732395,-0.00389098027,-5.39422035E-06,0.0155691244,0.3358015,0.09581379,-0.25112915,-0.07185517,-0.0315620936,-0.01611195,-0.02666206,0.00120434165,0.02167769,5.39256239,0.0981555954,0.360586524,-0.01780125,-0.0234737936,-0.05316241,-0.0108703915,0.000967040658,0.0434497632,5.19827366,0.07116441,-0.344665527,-0.0162376724,-0.0253938846,-0.01962614,-0.03925219,-0.00180487335,0.03332554,1.21268165,0.133807555,-0.0487060547,-0.002303518,-0.0296161529,0.0061108456,-0.0170019213,-0.00294597447,0.0608506426,1.17053068,0.08652563,-0.177032471,0.0127659952,-0.03629518,0.01261257,0.48905468,2.48189378,-2.652338,3.665224
591,11.819995812074829,2677,0,0,0,0,0,0.000305279478,0,0.001127684,0.000305279478,0,0.001127684,1,0,0,1,-6.105587E-06,0,-2.25536714E-05,0,0,0,-0.00434212154,-0.00142896175,-0.006205149,0.0529350452,0.271181732,-0.08477783,-0.0284138527,-0.0477546267,0.0213654283,-0.00845322851,-6.197393E-05,0.008286225,0.4129449,0.03312739,0.293081343,-0.0469935834,-0.01745829,-0.03864144,-0.00170489424,2.19196081E-05,0.01350427,0.262442917,0.06821977,-0.269104,-0.0624964237,-0.0248428173,-0.00550019275,-0.02665491,0.00116024911,0.0240103379,5.3402257,0.0758933,0.3004026,-0.016460916,-0.0158803333,-0.0519900024,-0.004276067,0.00116330385,0.03705659,5.11998224,0.0491356924,-0.352111816,-0.00105196272,-0.01981327,-0.00748813432,-0.0376367271,-0.00206033885,0.0362377949,1.19718874,0.116699412,-0.0545349121,0.000109691071,-0.0183069352,0.005704289,-0.007595255,-0.00310173631,0.05293046,1.14775848,0.0827166,-0.210205078,0.0178791732,-0.03635868,0.017926082,0.48905468,2.48189378,-2.652338,3.665224
592,11.839995804988662,2683,0,0,0,0,0,0.000322343782,0,0.001057104,0.000322343782,0,0.001057104,1,0,0,1,-6.446873E-06,1.49011612E-08,-2.114207E-05,0,0,0,-0.003652578,-0.00145113468,-0.00533265667,0.0233334173,0.22562772,-0.06500244,-0.0242998432,-0.040183384,0.0187520981,-0.00822329149,-5.78016043E-05,0.008637217,0.370525271,0.0186417233,0.24652186,-0.04790844,-0.0129664512,-0.0381164961,4.224002E-05,3.16500664E-05,0.0115794735,0.199263752,0.0469090976,-0.276428223,-0.05381623,-0.01923638,0.002855618,-0.0255541578,0.00124944746,0.0248342212,5.28646946,0.06041982,0.2440045,-0.0114739807,-0.0106639192,-0.04898913,0.0010050768,0.00143876672,0.0311003141,5.05392075,0.0315867923,-0.3477173,0.0121285189,-0.013992887,0.00228555244,-0.0352958031,-0.00200021267,0.03718178,1.18545246,0.108718984,-0.0581359863,0.002303845,-0.0112571046,0.009144168,-0.001186552,-0.00314237177,0.0451292545,1.13213444,0.0909500346,-0.248321533,0.0282667279,-0.0266008787,0.023506023,0.48905468,2.48189354,-2.652338,3.665224
593,11.859995797902494,2688,0,0,0,0,0,0.000335271179,0,0.00100858044,0.000335271179,0,0.00100858044,1,0,0,1,-6.70542067E-06,-3.57627869E-06,-2.01716011E-05,0,0,0,-0.003045254,-0.0014706552,-0.004587617,-0.00219726563,0.187514484,-0.04800415,-0.0206889268,-0.03353805,0.0164624471,-0.007710418,-5.38975E-05,0.00870404,0.327442825,0.008377798,0.202022851,-0.04744687,-0.009250494,-0.0361491553,0.00136628014,3.06963921E-05,0.00972503051,0.14600502,0.0310122445,-0.275177,-0.0454263538,-0.014446849,0.009085499,-0.0236744154,0.00136692822,0.0244688541,5.233603,0.04986793,0.192441553,-0.00483479537,-0.006785013,-0.0447443873,0.004687373,0.00158903,0.0255810134,4.99963474,0.0212755613,-0.336151123,0.0233078711,-0.0105634807,0.008787123,-0.0322162621,-0.00187964737,0.0364573821,1.1753422,0.106387958,-0.0606689453,0.00417283457,-0.006792207,0.010406103,0.00349282823,-0.00342434645,0.0382713154,1.108319,0.09428008,-0.286315918,0.0339589976,-0.0296316389,0.0350756943,0.4890542,2.48189354,-2.652338,3.66522384
594,11.879995790816325,2692,0,0,0,0,0,0.0003407012,0,0.000949229463,0.0003407012,0,0.000949229463,1,0,0,1,-6.814021E-06,-1.77323818E-06,-1.89845814E-05,0,0,0,-0.002510644,-0.00147685409,-0.00388086564,-0.0243530273,0.155902356,-0.033416748,-0.01764053,-0.0278319232,0.0144785782,-0.00697493833,-3.70591879E-05,0.008385937,0.285170555,0.00152110122,0.161149889,-0.0451533124,-0.00626538834,-0.0329847969,0.002263927,3.96221876E-05,0.008213141,0.101611272,0.0193528272,-0.2678833,-0.0386149548,-0.0107343206,0.01319582,-0.0212393254,0.00143016875,0.0233616475,5.18296242,0.04157284,0.146622911,0.00205625,-0.00437649526,-0.0397600941,0.007143762,0.00181792676,0.0205790047,4.9556303,0.0135964239,-0.319671631,0.03322874,-0.009086695,0.0130984792,-0.0286870115,-0.00188247859,0.0348017849,1.16067481,0.104852013,-0.06704712,0.00363561,-0.00355601474,0.00724565051,0.006200433,-0.00364473462,0.031972643,1.08735561,0.0898396745,-0.320587158,0.0440132767,-0.0334361121,0.05143034,0.4890542,2.48189354,-2.65233612,3.66522264
595,11.899995783730159,2697,0,0,0,0,0,0.000341610168,0,0.0009403582,0.000341610168,0,0.0009403582,1,0,0,1,-6.8322006E-06,-3.56137753E-06,-1.88071572E-05,0,0,0,-0.00206282618,-0.001482442,-0.00334071857,-0.04309082,0.12956515,-0.0209350586,-0.014722554,-0.02308808,0.012747474,-0.00614857,-2.22623348E-05,0.007945656,0.2451458,-0.002960205,0.124517269,-0.04247274,-0.004201174,-0.0292147733,0.00282268017,4.553795E-05,0.00676852744,0.0652598,0.0106628379,-0.2566223,-0.0319547653,-0.008138083,0.015738707,-0.0183805414,0.00160011649,0.0216290653,5.136786,0.03471488,0.107555054,0.00958529953,-0.00298256241,-0.033963453,0.008380702,0.00198699534,0.0162240043,4.921273,0.006816943,-0.301086426,0.0409832,-0.00871445,0.0149683654,-0.0248330012,-0.00176565349,0.0321619436,1.15247452,0.10374891,-0.0690918,0.009511096,0.00226968713,0.00734694256,0.0071909395,-0.003933534,0.026550157,1.066314,0.0765258744,-0.3520813,0.0528770424,-0.03810166,0.0682830662,0.4890542,2.48189378,-2.652338,3.665224
596,11.91999577664399,2702,0,0,0,0,0,0.0003368244,0,0.0009139334,0.0003368244,0,0.0009139334,1,0,0,1,-6.73648537E-06,-1.78813934E-06,-1.827866E-05,0,0,0,-0.0016771357,-0.00148911774,-0.002803763,-0.0592956543,0.10775885,-0.010345459,-0.0124989115,-0.0192291755,0.0112008052,-0.005227543,-6.54160976E-06,0.00734873768,0.20818983,-0.005645752,0.092907235,-0.0391002633,-0.00265464885,-0.0248909071,0.00307088532,5.09172678E-05,0.00544068776,0.0360680148,0.004098845,-0.243286133,-0.0257559139,-0.006263433,0.0167758223,-0.015416394,0.00174428523,0.019418288,5.09500265,0.0298692454,0.0751878545,0.0167847369,-0.00175828487,-0.0282104015,0.00866314,0.00203821063,0.0125348605,4.89384651,0.000313692261,-0.282531738,0.04628644,-0.008531467,0.0150965694,-0.0207136516,-0.00161869824,0.0290506016,1.14642131,0.10304416,-0.07009888,0.011648817,0.002472346,0.00761469733,0.0069155707,-0.00439633429,0.0220963638,1.041333,0.0560982972,-0.3824463,0.05842741,-0.04072933,0.0819646046,0.4890542,2.48189354,-2.65233612,3.66522264
597,11.939995769557823,2708,0,0,0,0,0,0.000327871152,0,0.0009209747,0.000327871152,0,0.0009209747,1,0,0,1,-6.55742042E-06,-1.78813934E-06,-1.84194869E-05,0,0,0,-0.00135190249,-0.00148791075,-0.002389929,-0.0731506348,0.0895509347,-0.00134277344,-0.0102512324,-0.0161000546,0.00989604,-0.00428437162,4.23193E-06,0.00662012957,0.175097778,-0.00720214844,0.06672476,-0.0352433659,-0.00166917616,-0.0203343872,0.00301639084,5.59985638E-05,0.004381175,0.0128417211,-0.00109863281,-0.229553223,-0.0207423512,-0.00505465455,0.01638111,-0.0124051133,0.00180655718,0.01713026,5.057747,0.0263305362,0.049281247,0.0230915919,-0.0009147855,-0.0224869046,0.007974347,0.00219863653,0.009498883,4.87238646,-0.00692749023,-0.265869141,0.0507737026,-0.008412937,0.0134635763,-0.0167360511,-0.00159555674,0.0259905886,1.13670063,0.102717467,-0.07608032,0.0104300836,0.002776207,0.00466853473,0.00553371,-0.004677668,0.0180925634,1.02649736,0.0326585136,-0.402374268,0.06866236,-0.0442281738,0.09921473,0.4890542,2.48189354,-2.652338,3.66522384
598,11.959995762471655,2713,0,0,0,0,0,0.000321861939,0,0.0008961356,0.000321861939,0,0.0008961356,1,0,0,1,-6.437236E-06,-3.56137753E-06,-1.79227045E-05,0,0,0,-0.00107517338,-0.00148710608,-0.00198065722,-0.08514404,0.07428017,0.00625983858,-0.008640078,-0.0135610653,0.008727844,-0.00339028868,1.27106905E-05,0.00590410642,0.145733848,-0.00799560547,0.04572149,-0.0315253176,-0.00103192986,-0.015957078,0.00271350029,6.06030226E-05,0.00359227858,-0.00491333,-0.005432129,-0.216918945,-0.0169553775,-0.00422169641,0.0147836963,-0.009513446,0.0019543916,0.0147831254,5.02548075,0.02415075,0.0299326777,0.02935072,-0.000379976875,-0.01699731,0.006610803,0.0023290962,0.006902836,4.856388,-0.0141601563,-0.2526245,0.0549203232,-0.00731275044,0.0107705519,-0.0128696915,-0.00148245692,0.0227857176,1.13257241,0.103055887,-0.0793457,0.0139182517,0.00301369419,0.00645436533,0.00368405017,-0.004857093,0.0142920958,1.02213514,0.0122950673,-0.4109497,0.07620573,-0.04403159,0.109359212,0.4890542,2.48189378,-2.65233612,3.66522264
599,11.979995755385486,2719,0,0,0,0,0,0.0003163974,0,0.000913571042,0.0003163974,0,0.000913571042,1,0,0,1,-6.327946E-06,0,-1.82714139E-05,0,0,0,-0.0008382528,-0.0014899075,-0.001677508,-0.09512329,0.0613435172,0.0127560124,-0.00702013168,-0.011449432,0.007760604,-0.00255286926,2.8014183E-05,0.00516617857,0.120176017,-0.008331299,0.0297154356,-0.0277804546,-0.000624686,-0.0118088936,0.00226955861,7.292628E-05,0.0028272476,-0.0180358887,-0.009063721,-0.206512451,-0.013236993,-0.00354178646,0.0125245135,-0.006803298,0.00204956532,0.012467429,4.99781561,0.0229634736,0.0165018663,0.03483141,6.302394E-05,-0.0118837981,0.005015758,0.00242355466,0.004506733,4.84495163,-0.02029419,-0.243133545,0.05842242,-0.005432518,0.007891932,-0.009305234,-0.00138677657,0.0197152756,1.130118,0.104124054,-0.08340454,0.0154700112,0.003261962,0.00575043773,0.00196455419,-0.004854679,0.0104653127,1.02748644,-0.0009460449,-0.4076233,0.0806903839,-0.04044351,0.111867465,0.4890542,2.48189354,-2.652338,3.66522384
600,11.99999574829932,2725,0,0,0,0,0,0.000316568243,0,0.0009176507,0.000316568243,0,0.0009176507,1,0,0,1,-6.33136233E-06,-1.77323818E-06,-1.83530065E-05,0,0,0,-0.0006370035,-0.00148512423,-0.001400874,-0.103729248,0.0505666472,0.0182159916,-0.005695962,-0.00968044251,0.00690647075,-0.00176990381,2.591312E-05,0.00455877557,0.09866472,-0.008178711,0.0183039233,-0.02463445,-0.000209380232,-0.00797732547,0.00180188729,6.96033239E-05,0.00213018758,-0.02670288,-0.01184082,-0.1986084,-0.009885481,-0.00274197175,0.0101108709,-0.00431721658,0.00213447213,0.0103074638,4.97482443,0.0227490067,0.008497394,0.03993534,0.0005486553,-0.00725417258,0.00361960568,0.00252451,0.00203249115,4.83890057,-0.0244750977,-0.236541748,0.06245555,-0.00320907752,0.005673263,-0.00610046275,-0.00130978227,0.01685385,1.12855661,0.105998971,-0.08959961,0.0166285876,0.003524846,0.00434441539,0.0007790362,-0.00463107228,0.00663578976,1.0391109,-0.006225586,-0.393127441,0.08184067,-0.0337617956,0.106467269,0.4890542,2.48189378,-2.652338,3.665224
601,12.019995741213151,2730,0,0,0,0,0,0.000310587115,0,0.000943591644,0.000310587115,0,0.000943591644,1,0,0,1,-6.21173967E-06,-3.57627869E-06,-1.88718259E-05,0,0,0,-0.00045820573,-0.00148811936,-0.0011586349,-0.110992432,0.0414809473,0.0228194017,-0.004558611,-0.008063581,0.006209234,-0.00106164371,2.6345253E-05,0.003929207,0.0805789754,-0.007598877,0.011128963,-0.021368878,0.0001820383,-0.004523185,0.001429493,6.902218E-05,0.00133033609,-0.0312194824,-0.0137634277,-0.192504883,-0.00606091041,-0.00187733024,0.008165792,-0.00200883741,0.002145186,0.008449105,4.955419,0.0234340839,0.005434337,0.0439127,0.00104834756,-0.002935457,0.00245536631,0.00261218846,-0.0005291493,4.837949,-0.0268249512,-0.2326355,0.06578178,0.000143847428,0.003843344,-0.00329819322,-0.00137610734,0.0144317439,1.12266994,0.108631693,-0.1027832,0.0153685519,0.00385852484,0.000743345066,0.001172148,-0.004248515,0.002949214,1.05345452,0.00444851676,-0.349823,0.0775401741,-0.03131658,0.107502848,0.4890542,2.48189378,-2.652338,3.665224
602,12.039995734126984,2734,0,0,0,0,0,0.000306106929,0,0.0009748245,0.000306106929,0,0.0009748245,1,0,0,1,-6.12213626E-06,0,-1.94964814E-05,0,0,0,-0.0002866632,-0.00149250031,-0.0009559249,-0.117218018,0.0341638178,0.0267568044,-0.00360596483,-0.006497969,0.0056181,-0.00041707448,3.811717E-05,0.0033955886,0.06539314,-0.006378174,0.007553669,-0.0184340049,0.0007858027,-0.0015043373,0.00123263616,7.864833E-05,0.000556973857,-0.0312194824,-0.0143737793,-0.187896729,-0.002510799,-0.000704054139,0.00699554523,4.416704E-05,0.00224073231,0.00664364547,4.93964529,0.0254126377,0.00706370873,0.04778704,0.00162968808,0.0008743955,0.00246804627,0.00262600183,-0.00261108624,4.84211063,-0.0242919922,-0.227844238,0.06743419,0.00203004968,0.004599859,-0.0009238457,-0.0013718456,0.0121416468,1.12059784,0.1119015,-0.119689941,0.018431697,0.003977711,0.0007788375,0.00050234003,-0.0036701113,0.001403616,1.05195808,0.01569281,-0.330108643,0.06423673,-0.006975835,0.06959313,0.4890542,2.48189378,-2.652338,3.665224
603,12.059995727040816,2738,0,0,0,0,0,0.0003009189,0,0.00100511569,0.0003009189,0,0.00100511569,1,0,0,1,-6.01837564E-06,-1.78813934E-06,-2.01023049E-05,0,0,0,-0.000132704721,-0.0014847368,-0.0008113466,-0.122344971,0.0285850558,0.03010586,-0.00273663853,-0.00499943132,0.005199121,0.000146426173,3.351271E-05,0.00296148425,0.0530218966,-0.004425049,0.007194479,-0.0159027353,0.00147700566,0.00103222171,0.001212004,7.240474E-05,8.820725E-05,-0.0281982422,-0.0135498047,-0.1836853,-0.0005731388,0.0005347052,0.00661241543,0.001855921,0.00232513249,0.00480733346,4.928024,0.028883297,0.012763042,0.05176178,0.0021850036,0.00427998975,0.00257953024,0.002608493,-0.00364007754,4.84835243,-0.0206298828,-0.222290039,0.0669338,0.00305190054,0.005034051,0.000922318141,-0.0014192909,0.009777278,1.11704552,0.114735723,-0.144897461,0.0204026755,0.003590255,5.406753E-05,-0.000127166975,-0.003508404,0.0007486753,1.04681551,0.0277330671,-0.317474365,0.0567519553,0.00527026225,0.0522720926,0.4890542,2.48189378,-2.652338,3.665224
604,12.079995719954647,2744,0,0,0,0,0,0.000279766333,0,0.0010146891,0.000279766333,0,0.0010146891,1,0,0,1,-5.595324E-06,1.49011612E-08,-2.02937736E-05,0,0,0,-1.24054714E-05,-0.00148303807,-0.0006347769,-0.126861572,0.0243868791,0.0328647681,-0.00204950222,-0.003773734,0.004755728,0.0006454624,4.23789024E-05,0.00243074819,0.0435665138,-0.00207519531,0.009972532,-0.0129744373,0.00184452662,0.00333144725,0.00130812847,7.945299E-05,-0.000142052362,-0.0238647461,-0.0119628906,-0.178771973,0.000274599442,0.00113971345,0.006867563,0.00288254581,0.00238643587,0.00304660527,4.92044,0.0322553068,0.02025693,0.0545624,0.00204979768,0.00565680629,0.00172229577,0.00258304179,-0.00387523812,4.854616,-0.0195922852,-0.218780518,0.06532231,0.000684303464,0.00225483323,0.0013684493,-0.00158686936,0.0075900415,1.1129812,0.116804935,-0.16809082,0.0247934889,0.00285636145,0.00416438142,-0.0015042756,-0.00346474349,0.00131286832,1.03130472,0.0294805467,-0.328552246,0.0537638552,-0.00670516863,0.08280424,0.4890542,2.48189378,-2.652338,3.665224
605,12.099995712868481,2749,0,0,0,0,0,0.0002932754,0,0.00101841276,0.0002932754,0,0.00101841276,1,0,0,1,-5.8655055E-06,-3.56137753E-06,-2.03682466E-05,0,0,0,7.17196963E-05,-0.00148572028,-0.0005043206,-0.130615234,0.0210048147,0.03514751,-0.00149671477,-0.00301127578,0.0043799486,0.0008682111,3.48091125E-05,0.00189373048,0.0369312055,0.00010635463,0.0147766639,-0.0102099134,0.001692539,0.00441934727,0.000879294,7.32094049E-05,3.432024E-05,-0.01965332,-0.0104064941,-0.176147461,-0.000670183043,0.00115733151,0.00461852225,0.00294816424,0.00242252648,0.00154645555,4.915591,0.0345614925,0.02722801,0.0562043525,0.00171381957,0.005193211,0.00178148365,0.002584815,-0.00365265016,4.8594017,-0.0150146484,-0.214996338,0.0644338354,0.004158441,0.00391036132,0.00104227813,-0.00179944932,0.00569640473,1.11110079,0.119094744,-0.179779053,0.0302599631,0.00263929088,0.0118338726,-0.0006651165,-0.003795743,0.000684741652,1.03620374,0.0426080823,-0.313262939,0.0579475276,0.004623398,0.0604971126,0.4890542,2.48189378,-2.652338,3.665224
606,12.119995705782312,2755,0,0,0,0,0,0.000274453516,0,0.00102588092,0.000274453516,0,0.00102588092,1,0,0,1,-5.489068E-06,0,-2.05176111E-05,0,0,0,0.000155939691,-0.0014770031,-0.000367912231,-0.133911133,0.0182869155,0.03706078,-0.00103918568,-0.0023825767,0.004091782,0.00081513403,4.43160534E-05,0.00147929927,0.0329599939,0.00214042724,0.0197657309,-0.008020353,0.00158089912,0.00411508745,0.00107059523,8.16732645E-05,-6.232677E-05,-0.015411377,-0.008605957,-0.172637939,-0.000297747843,0.00129301054,0.005505319,0.002613334,0.002451241,0.000308320625,4.91307354,0.0369175524,0.0329659767,0.0573657565,0.00184737344,0.004482669,0.00133868039,0.00258307159,-0.00338509516,4.86493969,-0.013458252,-0.211914063,0.06315281,0.0004453212,0.00188494637,0.000782549731,-0.001892522,0.004058842,1.10994554,0.121497184,-0.185455322,0.0332548879,0.00266780588,0.01678853,-0.00193843665,-0.003593251,0.001755787,1.01989627,0.041015543,-0.3249817,0.05928929,-0.0024218983,0.0852231458,0.4890542,2.48189378,-2.652338,3.665224
607,12.139995698696145,2761,0,0,0,0,0,0.0002919981,0,0.00103269494,0.0002919981,0,0.00103269494,1,0,0,1,-5.83995961E-06,0,-2.065389E-05,0,0,0,0.000209163045,-0.00148434937,-0.000305835158,-0.136505127,0.0160015039,0.0386267863,-0.0006065216,-0.00203747163,0.0038054327,0.0006981252,4.656613E-05,0.00113687583,0.0309886616,0.00387771823,0.0242176689,-0.006298927,0.00133628328,0.00356658013,0.0007591761,8.493662E-05,0.0002240118,-0.0122070313,-0.00714111328,-0.170715332,-0.00171451923,0.00107967306,0.00391036272,0.002271473,0.002473265,-0.000642620842,4.91265,0.0391931161,0.03790647,0.0582480542,0.00194171211,0.00391386449,0.00157326506,0.00257982314,-0.00296727172,4.86769438,-0.009429932,-0.208404541,0.0622099638,0.004008766,0.00364976027,0.0005904006,-0.00193509459,0.002670372,1.10481465,0.125013873,-0.187255859,0.0387347452,0.00190653768,0.0203089491,-0.000850129756,-0.003917843,0.0009520415,1.03382981,0.0539911,-0.307739258,0.0617300533,0.004944925,0.06514401,0.4890542,2.48189378,-2.652338,3.665224
608,12.159995691609977,2765,0,0,0,0,0,0.000274903432,0,0.0010582339,0.000274903432,0,0.0010582339,1,0,0,1,-5.49806646E-06,0,-2.116467E-05,0,0,0,0.000268049946,-0.00147348642,-0.000228623161,-0.13873291,0.014187824,0.03997925,-0.000140781383,-0.0016849204,0.003617967,0.0005981946,5.60134649E-05,0.000852619763,0.0304343421,0.005549215,0.0280743558,-0.00479505071,0.00128739385,0.00303907925,0.00102053443,9.340048E-05,0.000112377456,-0.008972168,-0.00546264648,-0.167449951,-0.00125843962,0.0011421435,0.005171427,0.00200370559,0.00249034166,-0.00130192447,4.91347075,0.0415824,0.0422609262,0.05839794,0.002155366,0.00349519844,0.00131226436,0.0025845468,-0.0028265994,4.871943,-0.007965088,-0.20526123,0.0617481619,0.000376262236,0.00191107846,0.0004128362,-0.00199154019,0.00214458187,1.0991385,0.12960352,-0.186767578,0.0380558744,0.00254417118,0.0233557113,-0.00208510668,-0.00358943641,0.00197761715,1.02152812,0.0526054241,-0.318847656,0.0617056526,0.001446127,0.08243146,0.4890542,2.48189378,-2.652338,3.665224
609,12.179995684523808,2770,0,0,0,0,0,0.000287607545,0,0.00103645911,0.000287607545,0,0.00103645911,1,0,0,1,-5.75214835E-06,1.49011612E-08,-2.07291741E-05,0,0,0,0.00030999555,-0.00147543848,-0.000134194313,-0.140838623,0.0125726927,0.0410803668,0.000141374272,-0.00144655933,0.00339786941,0.0005069927,4.59104776E-05,0.0007743067,0.03084841,0.007010137,0.03157545,-0.00438561244,0.00111918617,0.002591576,0.000763085,8.444488E-05,0.0003466213,-0.00646972656,-0.00415039063,-0.165557861,-0.00240361039,0.000958842051,0.00385254063,0.00180893519,0.00249281526,-0.00161872234,4.91483,0.0440320224,0.04636076,0.0584449023,0.002184104,0.00324112247,0.00160396961,0.00257888436,-0.00253439671,4.873837,-0.004058838,-0.201721191,0.06106109,0.00375655247,0.00365390186,0.000276467152,-0.00206689537,0.00185653567,1.09479988,0.134821579,-0.184997559,0.03793417,0.002917868,0.02584108,-0.000774363056,-0.0038523525,0.00115519075,1.03648472,0.06466869,-0.3025818,0.06304725,0.005341278,0.06443365,0.4890542,2.48189354,-2.652338,3.66522384
610,12.199995677437641,2775,0,0,0,0,0,0.000268714852,0,0.00106560078,0.000268714852,0,0.00106560078,1,0,0,1,-5.37429469E-06,-3.57627869E-06,-2.13120074E-05,0,0,0,0.000358361867,-0.0014796406,-0.000135390088,-0.142272949,0.0114248274,0.04203471,0.000416862662,-0.00115168712,0.00330160768,0.00047835664,3.71336937E-05,0.000747965067,0.0316572264,0.008559886,0.03469241,-0.00414341129,0.00120344758,0.00235966733,0.001038077,7.520616E-05,0.000277522631,-0.00384521484,-0.002532959,-0.162200928,-0.002199204,0.0010959818,0.005146005,0.00171039416,0.002503246,-0.0016946157,4.916167,0.0466578938,0.0501726754,0.0581131428,0.00231659156,0.0030445,0.00139691506,0.00258515775,-0.00257338,4.87727737,-0.00271606445,-0.1984253,0.06125642,0.0006019103,0.0020590045,0.000188627222,-0.00209474564,0.0017287482,1.091926,0.14036727,-0.182556152,0.03811572,0.0031028674,0.0273869168,-0.00198493339,-0.00351792574,0.00194436486,1.02876031,0.06503969,-0.312927246,0.0608289763,0.002485262,0.07877791,0.4890542,2.48189378,-2.652338,3.665224
611,12.219995670351473,2777,0,0,0,0,0,0.000283655856,0,0.00103782036,0.000283655856,0,0.00103782036,1,0,0,1,-5.673115E-06,0,-2.0756399E-05,0,0,0,0.000387910317,-0.00147663057,-3.23688073E-05,-0.143768311,0.010430201,0.0427652039,0.0006279079,-0.00090107054,0.00310898083,0.000444575067,4.7698617E-05,0.000741923752,0.03258262,0.010025708,0.0377159379,-0.004052853,0.00114496239,0.00215882249,0.000785513141,8.61883163E-05,0.00042202216,-0.00158691406,-0.00112915039,-0.160095215,-0.00293182279,0.00101157627,0.00383075769,0.00166211009,0.00250647962,-0.00170031458,4.917614,0.0492690168,0.0539143123,0.0579476058,0.002264538,0.00299822842,0.001700648,0.002574712,-0.00239967834,4.879589,0.0014519057,-0.194641113,0.0609108321,0.00362685136,0.0038123955,0.000146124774,-0.002109483,0.00172293582,1.09081888,0.145862311,-0.180145264,0.0383078456,0.00312204752,0.0281067714,-0.000610774267,-0.003724724,0.001259052,1.04055643,0.0759575143,-0.298706055,0.06264437,0.005628301,0.0615203977,0.4890542,2.48189378,-2.652338,3.665224
612,12.239995663265306,2782,0,0,0,0,0,0.0002656914,0,0.00106084219,0.0002656914,0,0.00106084219,1,0,0,1,-5.313826E-06,0,-2.12168361E-05,0,0,0,0.0004258615,-0.00147917867,-1.789301E-05,-0.144897461,0.009765251,0.04343186,0.000837058469,-0.0006013276,0.00304501946,0.000415348157,4.6223402E-05,0.000706212944,0.0335183,0.0115876114,0.0406946,-0.00376011478,0.00123218133,0.00192644936,0.00106383977,8.41170549E-05,0.000314441044,0.000722686062,0.0005144226,-0.156524658,-0.00253594015,0.00113196508,0.00514297467,0.00163915649,0.00250637531,-0.00162659085,4.918705,0.05193085,0.0576767251,0.05729382,0.002296095,0.00301629235,0.00147295522,0.00257737935,-0.00248020538,4.88250828,0.002793726,-0.191192627,0.0607076436,0.0008270757,0.00215968769,0.000132997215,-0.00210395455,0.0017645011,1.09036028,0.151217833,-0.177886963,0.0383714,0.003069519,0.0281982142,-0.00178464246,-0.00344218314,0.00199307641,1.03551614,0.07765009,-0.3085327,0.05835988,3.758818E-06,0.07718057,0.4890542,2.48189354,-2.652338,3.66522384
613,12.259995656179138,2786,0,0,0,0,0,0.000277181447,0,0.0010607877,0.000277181447,0,0.0010607877,1,0,0,1,-5.54362668E-06,-3.56137753E-06,-2.12157447E-05,0,0,0,0.000445685582,-0.0014859736,1.60701E-05,-0.145690918,0.009297351,0.0439331,0.0009377826,-0.000445249054,0.002959299,0.0004265929,3.747642E-05,0.000723721052,0.03441748,0.0130843343,0.04362649,-0.003787731,0.00119121477,0.00193487224,0.0008159698,7.608533E-05,0.0003662598,0.00258901343,0.00198976067,-0.154266357,-0.00283511379,0.00104912184,0.003846928,0.00162737246,0.0025061965,-0.00157717988,4.919544,0.0545224473,0.061383944,0.0570478253,0.0022128534,0.00291665,0.00177281827,0.00255899131,-0.00234409724,4.884142,0.00705471169,-0.187255859,0.06014143,0.00351478579,0.00386501779,0.00012306009,-0.0020930618,0.00182665791,1.0905484,0.156328872,-0.175750732,0.0383801349,0.002978418,0.0281593,-0.000484912656,-0.00363136828,0.00137938466,1.04370785,0.08754353,-0.295806885,0.0620319173,0.005704982,0.0590310171,0.4890542,2.48189378,-2.652338,3.665224
614,12.279995649092969,2791,0,0,0,0,0,0.0002708821,0,0.001050094,0.0002708821,0,0.001050094,1,0,0,1,-5.41764E-06,0,-2.10018734E-05,0,0,0,0.000477288238,-0.00147679448,6.778556E-05,-0.14666748,0.009067108,0.0443944149,0.00108822039,-0.000172967746,0.002896371,0.000422761746,4.61339951E-05,0.0007757954,0.0351346843,0.01466811,0.0465751924,-0.00390292844,0.00129265327,0.00180346868,0.00100145245,8.353591E-05,0.0003822285,0.00493809627,0.003819609,-0.151123047,-0.003054154,0.0013412101,0.0046660644,0.00160247472,0.002498567,-0.00152396609,4.920173,0.0565763637,0.06501096,0.0571133979,0.00210068561,0.00284653064,0.002445175,0.002541691,-0.0025091772,4.887372,0.0116448281,-0.181304932,0.06079392,0.00324590574,0.00512272166,9.11443058E-05,-0.00208598375,0.00188202225,1.08990765,0.161077544,-0.172790527,0.03804654,0.00284203421,0.0282626152,-7.362262E-05,-0.00354130566,0.00139642972,1.04769707,0.09670341,-0.289154053,0.0583881,0.005466478,0.05115337,0.4890542,2.48189354,-2.65234,3.66522527
615,12.299995642006802,2795,0,0,0,0,0,0.0002605466,0,0.00106656062,0.0002605466,0,0.00106656062,1,0,0,1,-5.21093E-06,-3.57627869E-06,-2.13312032E-05,0,0,0,0.0005011203,-0.00147391856,6.760037E-05,-0.147338867,0.009098144,0.0447454341,0.00124526932,7.971315E-05,0.00285631977,0.0004262048,3.7536025E-05,0.0008144951,0.03581763,0.0163112264,0.0494739376,-0.003966818,0.001362084,0.00171345519,0.00119990029,7.532537E-05,0.000302169356,0.0071696844,0.00577878067,-0.146698,-0.0028111788,0.00144385558,0.005556782,0.0015697967,0.0025023967,-0.00142620516,4.92085028,0.05854502,0.06849667,0.05695564,0.00203987,0.002722597,0.00286676688,0.00255705416,-0.00252241455,4.89004135,0.01559128,-0.174591064,0.06015134,0.003005558,0.005625985,5.771099E-05,-0.00206157565,0.001954878,1.08936942,0.165441036,-0.169250488,0.0379690677,0.00271345815,0.0283824764,0.000135918061,-0.00335079432,0.00145505508,1.04913139,0.105354391,-0.2852478,0.0566077568,0.005195846,0.04684797,0.4890542,2.48189378,-2.65233612,3.66522264
616,12.319995634920634,2800,0,0,0,0,0,0.000254978542,0,0.00105656765,0.000254978542,0,0.00105656765,1,0,0,1,-5.099569E-06,0,-2.11313454E-05,0,0,0,0.000524411735,-0.00148323178,0.000118969983,-0.147979736,0.009451307,0.04504136,0.00125566521,0.0002926666,0.0028148985,0.000401665515,4.592538E-05,0.00080672343,0.03628622,0.0180520322,0.05235915,-0.00376281817,0.00146895589,0.00147316232,0.00131523609,8.3372E-05,0.0003377413,0.009478632,0.00787508953,-0.14151001,-0.00314064161,0.00155630952,0.006007116,0.00152151287,0.002494678,-0.00135225372,4.921253,0.06055291,0.07190773,0.0566826761,0.00203718548,0.00265751174,0.003062082,0.0025549233,-0.00245794747,4.892497,0.01948885,-0.167694092,0.0597940721,0.0029830595,0.00576815,3.90876448E-05,-0.00204487145,0.00204581814,1.0892632,0.169370115,-0.165802,0.037866462,0.00257100421,0.0282703619,0.000221099588,-0.00329057872,0.00151575322,1.04951656,0.113594733,-0.282867432,0.0558924042,0.0050471155,0.0451037027,0.4890542,2.48189354,-2.652338,3.66522384
617,12.339995627834467,2805,0,0,0,0,0,0.000247640972,0,0.00106955424,0.000247640972,0,0.00106955424,1,0,0,1,-4.95281756E-06,-1.78813934E-06,-2.13910753E-05,0,0,0,0.0005435373,-0.001475066,0.00010687585,-0.148345947,0.009793327,0.0453171246,0.001411413,0.0004971592,0.00281655928,0.000374542084,3.90857458E-05,0.0008450421,0.0366358235,0.0197060127,0.05516824,-0.00387723115,0.00140794634,0.00127082632,0.001335626,7.672608E-05,0.000363712752,0.01161922,0.009915202,-0.135986328,-0.00335329468,0.00150382251,0.00604084274,0.00147053,0.00249683857,-0.00127557875,4.92156553,0.0624760464,0.0751940459,0.0566585,0.00194451108,0.00258157216,0.00311105279,0.00254462659,-0.00232056016,4.89503145,0.0232934859,-0.160736084,0.0594893061,0.002888403,0.00579334237,2.64912342E-05,-0.002016589,0.002085659,1.08883524,0.173003525,-0.162536621,0.03753127,0.00248029549,0.0279971249,0.00024076963,-0.00327065587,0.00160022918,1.04962444,0.121463455,-0.281005859,0.05572933,0.0049144337,0.0445637554,0.4890542,2.481894,-2.652338,3.66522431
618,12.359995620748299,2809,0,0,0,0,0,0.000246749463,0,0.00105417881,0.000246749463,0,0.00105417881,1,0,0,1,-4.93498737E-06,1.49011612E-08,-2.10835678E-05,0,0,0,0.00054971216,-0.00147674978,0.000148258623,-0.148895264,0.010428898,0.045476187,0.00145254028,0.0006014971,0.00277421763,0.0003657969,4.632771E-05,0.0009323181,0.03705153,0.0213642828,0.0578753427,-0.004183223,0.00142352679,0.00112756877,0.00133323076,8.41319561E-05,0.000386256317,0.0134346653,0.0119815823,-0.130462646,-0.00356901414,0.00152932,0.0059337453,0.00141847949,0.002498269,-0.001198384,4.92195463,0.06435744,0.07838489,0.05673403,0.00190839532,0.00244973414,0.00307893148,0.002549529,-0.00223409338,4.89704132,0.0270490851,-0.154022217,0.059159562,0.0028564292,0.00566591555,8.719195E-06,-0.00199124217,0.00212686136,1.088513,0.176355958,-0.1593628,0.0372936465,0.002394974,0.0278570466,0.00022365211,-0.003258407,0.00172523048,1.05021918,0.128875569,-0.279083252,0.0559252948,0.00475247949,0.04459816,0.4890542,2.48189378,-2.652338,3.665224
619,12.379995613662132,2811,0,0,0,0,0,0.000242488939,0,0.00108005235,0.000242488939,0,0.00108005235,1,0,0,1,-4.849777E-06,0,-2.16010376E-05,0,0,0,0.000566082366,-0.0014731735,0.00010423192,-0.1489563,0.0111162234,0.04565488,0.00154416007,0.000711670145,0.00277503766,0.000358445366,5.659461E-05,0.000924514257,0.0371330827,0.0229716767,0.06048567,-0.004064645,0.00139387685,0.0010211895,0.00129667565,9.414554E-05,0.000404626539,0.0151240816,0.0140196141,-0.125,-0.003752667,0.00149657857,0.005677495,0.00138697645,0.00248931348,-0.00114478054,4.92187,0.0661533847,0.08149196,0.0565296039,0.00180766906,0.002358345,0.00302405423,0.00253503025,-0.00208883174,4.899003,0.0307241082,-0.14730835,0.0587442629,0.002781418,0.005586526,-7.76108755E-06,-0.00197686255,0.00219105184,1.08835042,0.1794014,-0.15612793,0.0370499231,0.00227406551,0.0277114064,0.000206279961,-0.003244251,0.00182066835,1.05055225,0.1359345,-0.276855469,0.0558623672,0.004609042,0.0445300937,0.4890542,2.48189378,-2.652338,3.665224
620,12.399995606575963,2816,0,0,0,0,0,0.00023860755,0,0.00106046838,0.00023860755,0,0.00106046838,1,0,0,1,-4.772149E-06,1.49011612E-08,-2.12093582E-05,0,0,0,0.0005828995,-0.00148300827,0.000169560473,-0.149383545,0.0119055063,0.045818422,0.0016012647,0.0007907072,0.002763416,0.000337197853,4.62532043E-05,0.00089295517,0.03712251,0.0245349258,0.06302878,-0.003802128,0.0013725746,0.0008471586,0.00126715,8.442998E-05,0.000471976557,0.0167452842,0.0160322469,-0.119659424,-0.0041599446,0.001469397,0.00545081869,0.00135515549,0.00249777734,-0.0010883658,4.92175245,0.06789121,0.0844773,0.05631734,0.00174641528,0.00231589121,0.00296888035,0.002539441,-0.00197075028,4.90061569,0.03430981,-0.140777588,0.0584223159,0.002708523,0.00548446551,-1.11172913E-05,-0.00194241107,0.00223508384,1.08826065,0.182185978,-0.15322876,0.03681189,0.00218804344,0.0273515172,0.0001851731,-0.00322246552,0.00192880933,1.05112338,0.142614514,-0.274353027,0.0558899976,0.00445356173,0.0444960371,0.4890542,2.48189378,-2.652338,3.665224
621,12.419995599489795,2819,0,0,0,0,0,0.000239041387,0,0.00106152869,0.000239041387,0,0.00106152869,1,0,0,1,-4.78082575E-06,1.49011612E-08,-2.12305658E-05,0,0,0,0.00058159756,-0.001473397,0.000181541051,-0.149719238,0.0127365561,0.0458838344,0.00156762148,0.0008194706,0.00272161351,0.0003160735,4.75794077E-05,0.000912256131,0.03708688,0.0260122437,0.06553013,-0.003826717,0.00130259991,0.0006899175,0.001246635,8.5785985E-05,0.000472049171,0.017823508,0.0179701038,-0.114471436,-0.004223378,0.001393567,0.00529471971,0.00132506725,0.002490282,-0.00105674693,4.921673,0.06954455,0.08746725,0.0563600324,0.00164376886,0.00228135264,0.00291946158,0.00253103673,-0.001869733,4.901631,0.03776511,-0.1343689,0.0581870675,0.002611638,0.00536069833,-1.80232182E-05,-0.00192382932,0.00225598575,1.08804023,0.1847606,-0.15045166,0.03641659,0.00211704755,0.0270712655,0.000170567888,-0.00320447981,0.00200583716,1.05133939,0.149000973,-0.271698,0.0556524023,0.004320019,0.0442992635,0.4890542,2.48189378,-2.652338,3.665224
622,12.439995592403628,2824,0,0,0,0,0,0.000232835009,0,0.00106858974,0.000232835009,0,0.00106858974,1,0,0,1,-4.65669837E-06,0,-2.13717867E-05,0,0,0,0.0005994025,-0.00147072971,0.000162409357,-0.149810791,0.0135794785,0.0460106879,0.0016562005,0.0008854384,0.002762671,0.000293636345,5.67436218E-05,0.0009380046,0.03694207,0.0274153613,0.06796959,-0.00388300046,0.00125523261,0.0005157638,0.00121512811,9.49502E-05,0.000534682651,0.0189290941,0.0198412444,-0.109344482,-0.00460262643,0.00133866619,0.00507180253,0.0012958108,0.00249245763,-0.00104446057,4.92149,0.0711047053,0.09037125,0.05647431,0.00156006566,0.00225728145,0.00287977373,0.00253227353,-0.00176846341,4.90283966,0.0410972238,-0.12802124,0.05813165,0.00251640379,0.00531120133,-2.6170077E-05,-0.001900211,0.00226973463,1.08780372,0.187153324,-0.147796631,0.0360811837,0.00206066,0.0268317,0.000161428863,-0.00317408144,0.00207107281,1.051659,0.15509,-0.269042969,0.05545592,0.00420552,0.04404405,0.4890542,2.48189378,-2.652338,3.665224
623,12.45999558531746,2828,0,0,0,0,0,0.000230444319,0,0.00105682784,0.000230444319,0,0.00105682784,1,0,0,1,-4.60888441E-06,1.49011612E-08,-2.11365477E-05,0,0,0,0.0006030059,-0.00147268176,0.000193344691,-0.150115967,0.0144073619,0.04606854,0.00163043046,0.0009494396,0.00274534686,0.0002859649,4.61787E-05,0.000955637952,0.03672561,0.0287445839,0.07033863,-0.00389776146,0.00119990238,0.000425208855,0.00118622486,8.48919153E-05,0.000547673844,0.0199163165,0.0216417238,-0.104248047,-0.00471908459,0.00127278012,0.00487439567,0.00126684178,0.00248903036,-0.00104135508,4.92111874,0.07258075,0.09320908,0.05651432,0.00147617038,0.00218154,0.00283822184,0.00253361464,-0.00166174956,4.903921,0.0443118848,-0.121734619,0.0578046441,0.00241309777,0.00524467276,-3.74881274E-05,-0.00188590586,0.002282148,1.087512,0.189374849,-0.1451416,0.0357092246,0.00200284971,0.0266511161,0.000151229659,-0.00314541161,0.002158582,1.05222344,0.160860747,-0.2663269,0.05533469,0.00406594062,0.0438065752,0.4890542,2.48189378,-2.652338,3.665224
624,12.479995578231293,2833,0,0,0,0,0,0.000229154073,0,0.00106230192,0.000229154073,0,0.00106230192,1,0,0,1,-4.58307977E-06,0,-2.12460291E-05,0,0,0,0.000604843139,-0.00147654116,0.00017386493,-0.150146484,0.015344589,0.0461382829,0.00169083907,0.0009472985,0.00276800222,0.00026607234,4.61787E-05,0.00101465988,0.0367302075,0.0300295949,0.07268073,-0.00411466556,0.00117009087,0.00026052937,0.00117141986,8.496642E-05,0.000572120538,0.0206838269,0.02339631,-0.09927368,-0.00491424231,0.00123604143,0.00473712431,0.00123160938,0.00250121951,-0.0009960168,4.921076,0.07400618,0.09600059,0.05660117,0.00143470091,0.002137464,0.002807133,0.00252676,-0.001576559,4.90487051,0.04742166,-0.115570068,0.05772298,0.002335055,0.00516013,-4.35437469E-05,-0.00185231864,0.00228550541,1.08726192,0.191463992,-0.142791748,0.0354590081,0.00197158614,0.0264092945,0.000144056976,-0.00312055647,0.00221468345,1.05257177,0.166372657,-0.2635498,0.0550005548,0.00395387,0.04347585,0.4890542,2.48189378,-2.652338,3.665224
625,12.499995571145124,2836,0,0,0,0,0,0.000226498465,0,0.0010679526,0.000226498465,0,0.0010679526,1,0,0,1,-4.52996755E-06,1.49011612E-08,-2.13590447E-05,0,0,0,0.000607074762,-0.00147895515,0.000174248009,-0.150268555,0.0162843689,0.0461839773,0.0017799281,0.000960354344,0.00273142476,0.000272534729,4.59700823E-05,0.0009897151,0.03652987,0.0312646,0.07493095,-0.003925465,0.00113590015,0.000244444964,0.00115332042,8.495152E-05,0.000576116552,0.0213372018,0.0250990763,-0.09436035,-0.004997305,0.0011828487,0.00459305,0.00119656976,0.00248739123,-0.0009525474,4.920703,0.0753707141,0.09870993,0.056378413,0.00138023554,0.00199169782,0.002775969,0.0025280714,-0.001512623,4.90548468,0.0504317619,-0.109436035,0.0574102327,0.00224872679,0.00508879637,-5.92810356E-05,-0.00184381008,0.00231040339,1.086995,0.193417639,-0.140319824,0.03518963,0.00190826063,0.0263315532,0.000138494564,-0.0030926317,0.00228770263,1.0531069,0.171596944,-0.260803223,0.0547871552,0.003826988,0.0431564152,0.4890542,2.48189378,-2.652338,3.665224
626,12.519995564058956,2840,0,0,0,0,0,0.000219937545,0,0.00103458343,0.000219937545,0,0.00103458343,1,0,0,1,-4.3987493E-06,-3.57627869E-06,-2.06916611E-05,0,0,0,0.0006248655,-0.00148051977,0.000242370879,-0.150482178,0.01720052,0.04623085,0.00165846711,0.001001866,0.00276571466,0.000240017529,3.70591879E-05,0.001006478,0.03631785,0.0324466638,0.07716687,-0.003924972,0.0011060359,2.70127312E-05,0.00113283319,7.610023E-05,0.000704483245,0.02201749,0.026741039,-0.08947754,-0.00567745836,0.00113475451,0.00442509959,0.00117784343,0.00249439478,-0.000932892435,4.9204793,0.0766598657,0.1013808,0.05651849,0.00130805373,0.00203417079,0.00274856156,0.00252111256,-0.001447523,4.906179,0.05332827,-0.103393555,0.0577539168,0.00218032114,0.00504503539,-6.432365E-05,-0.00182084739,0.0023166812,1.08674979,0.195235252,-0.138000488,0.03488975,0.0018663099,0.0261012539,0.000136171584,-0.003067866,0.00229124,1.05301166,0.176673114,-0.2581787,0.0542345122,0.00377035979,0.04274148,0.4890542,2.48189378,-2.65234,3.66522551
627,12.539995556972789,2845,0,0,0,0,0,0.00021493969,0,0.00104571274,0.00021493969,0,0.00104571274,1,0,0,1,-4.298792E-06,-3.56137753E-06,-2.09142454E-05,0,0,0,0.0006319413,-0.00148241222,0.000216868531,-0.150634766,0.0180790238,0.0462825559,0.0017312963,0.00102629163,0.00277536572,0.000230546168,3.69995832E-05,0.00101503229,0.0360999219,0.03354855,0.07935451,-0.003921678,0.0010461522,-6.098652E-05,0.0011134221,7.650256E-05,0.00071530405,0.0225449763,0.02829977,-0.08465576,-0.00578112947,0.00106081355,0.004285637,0.00113605289,0.00249426067,-0.0009242743,4.92039776,0.0779025,0.104003645,0.0565989949,0.00125092315,0.00193185476,0.00271719578,0.00253222883,-0.00138454349,4.90672064,0.05612956,-0.09738159,0.05754523,0.00207288214,0.004977421,-7.34198838E-05,-0.0018017441,0.002328346,1.08675456,0.196904257,-0.13583374,0.0346419662,0.00182482693,0.0259363148,0.000125797378,-0.0030375272,0.00236664386,1.053583,0.1814726,-0.255493164,0.05416441,0.00364980288,0.0425601676,0.4890542,2.48189378,-2.652338,3.665224
628,12.55999554988662,2849,0,0,0,0,0,0.0002148292,0,0.00103526283,0.0002148292,0,0.00103526283,1,0,0,1,-4.296582E-06,0,-2.0705249E-05,0,0,0,0.000623801,-0.001479879,0.00025801087,-0.1508789,0.0189817119,0.0463002622,0.00181100063,0.001012055,0.00276853587,0.000233025567,4.567206E-05,0.00108010916,0.0359680764,0.03459528,0.08141707,-0.004184306,0.00100055151,-9.6403186E-05,0.001092951,8.484721E-05,0.0006643514,0.0229099188,0.0297905635,-0.0798645,-0.00557232648,0.00100248412,0.004145005,0.001117777,0.002490908,-0.000914157135,4.920167,0.07904522,0.106446281,0.0567195378,0.00119217439,0.0018518531,0.00268238247,0.00251738727,-0.00132549752,4.907111,0.0588132925,-0.0914306641,0.0572012626,0.00198537786,0.00490007,-8.3856954E-05,-0.00178621709,0.00231939019,1.08639312,0.198492527,-0.133666992,0.0342448428,0.00179593172,0.02576386,0.000120944722,-0.00301738083,0.00243089162,1.05415964,0.1860034,-0.252838135,0.05384577,0.00352917472,0.04220799,0.4890542,2.48189378,-2.652338,3.665224
629,12.579995542800454,2855,0,0,0,0,0,0.000208042271,0,0.00103051972,0.000208042271,0,0.00103051972,1,0,0,1,-4.16084367E-06,0,-2.06103869E-05,0,0,0,0.000642372761,-0.00147485733,0.000269606826,-0.151123047,0.01997982,0.04633994,0.0018709068,0.00101069058,0.00279630278,0.000221249677,4.77135181E-05,0.00104771869,0.03568992,0.0356679335,0.08346765,-0.003930581,0.001041878,-0.0002230056,0.00108144106,8.68290663E-05,0.0007670949,0.0234119985,0.0312986746,-0.0751647949,-0.006161624,0.00101964921,0.004005998,0.00109817286,0.0024908185,-0.000895919744,4.919713,0.08019176,0.108940117,0.0565382652,0.001173677,0.001824496,0.00264994544,0.00251814723,-0.00129345409,4.907491,0.0614469163,-0.08560181,0.057410948,0.001971327,0.004817976,-9.04277E-05,-0.001769498,0.00234210957,1.08629024,0.199957028,-0.131469727,0.0340593457,0.00174197147,0.0256103054,0.000117899661,-0.00299012661,0.00243955152,1.054299,0.19037357,-0.250274658,0.05334619,0.00347006647,0.0418028831,0.4890542,2.48189378,-2.652338,3.665224
630,12.599995535714285,2860,0,0,0,0,0,0.000206332057,0,0.00104504137,0.000206332057,0,0.00104504137,1,0,0,1,-4.1266394E-06,-3.57627869E-06,-2.090082E-05,0,0,0,0.0006391527,-0.00147768855,0.0002469789,-0.151000977,0.0208636411,0.0463894866,0.001800196,0.00100009469,0.00277879555,0.000198991489,3.707409E-05,0.00105889037,0.0353908427,0.0366296843,0.08550363,-0.00396238,0.0009486647,-0.000353741052,0.00105972006,7.69346952E-05,0.0006723053,0.0236346051,0.0326889642,-0.0704956055,-0.005720401,0.0009095086,0.003884446,0.00107350363,0.00249569118,-0.0008799954,4.91928,0.0812625,0.111377172,0.05660644,0.00109835085,0.00181168271,0.00262158434,0.00252428651,-0.00122223829,4.90782642,0.06395988,-0.0798339844,0.05695352,0.00185290724,0.004754846,-9.378955E-05,-0.00174933672,0.002329202,1.08594334,0.201365858,-0.1295166,0.0337090045,0.0017262554,0.0253664777,0.000110846588,-0.00295439363,0.00250374316,1.05482352,0.194524437,-0.247650146,0.05321719,0.00336132757,0.04153713,0.4890542,2.48189378,-2.652338,3.665224
631,12.619995528628117,2866,0,0,0,0,0,0.000205395176,0,0.00103751081,0.000205395176,0,0.00103751081,1,0,0,1,-4.107902E-06,-3.56137753E-06,-2.07502071E-05,0,0,0,0.0006391786,-0.0014834553,0.00023936636,-0.151062012,0.0217407327,0.04636337,0.0018775498,0.0010218512,0.002801141,0.000189664439,3.685057E-05,0.00111173582,0.0352234133,0.0375640728,0.08746572,-0.00416305475,0.000933155359,-0.000453252782,0.00102929561,7.650256E-05,0.000765427947,0.0240575168,0.03403965,-0.06594849,-0.006231503,0.0008812879,0.003677154,0.00104254,0.00249688327,-0.0009008287,4.919003,0.0823015049,0.113705657,0.0568496138,0.00106851489,0.00174646825,0.00257293787,0.002515018,-0.00122680026,4.90842724,0.06658012,-0.07406616,0.05722798,0.00183649943,0.004694175,-0.000103542654,-0.00173553824,0.00233788439,1.08604085,0.2026297,-0.127685547,0.0335015021,0.00169153209,0.0252679139,9.950661E-05,-0.00301928818,0.00252243574,1.057528,0.198722363,-0.243927,0.053952422,0.00342875067,0.0416545644,0.4890542,2.48189378,-2.652338,3.665224
632,12.63999552154195,2871,0,0,0,0,0,0.00020282068,0,0.00104475149,0.00020282068,0,0.00104475149,1,0,0,1,-4.056412E-06,-3.57627869E-06,-2.08950223E-05,0,0,0,0.0006442087,-0.00147736073,0.000245251984,-0.151123047,0.0226448122,0.04638503,0.001939089,0.00100345339,0.00280746655,0.0001709549,3.6880374E-05,0.00107916864,0.0348818377,0.03847089,0.0894087553,-0.00394382654,0.0009209786,-0.00058538717,0.00101147033,7.6815486E-05,0.0007259312,0.0242736433,0.0353622958,-0.0614624023,-0.00608915,0.000851018936,0.003546737,0.00101066183,0.0024946034,-0.0008890704,4.918562,0.08329096,0.116056733,0.0567644946,0.00103585166,0.00170564884,0.00254569715,0.00251702964,-0.00116968423,4.90871048,0.0690228,-0.06842041,0.05692875,0.00180704775,0.004636102,-0.00010996862,-0.001716271,0.0023348867,1.08588326,0.203838587,-0.125823975,0.0332125835,0.00166516507,0.0250835959,0.000140949385,-0.00292500854,0.00251779868,1.05806911,0.202774972,-0.241027832,0.05292325,0.003343521,0.04010548,0.4890542,2.48189378,-2.65234,3.66522551
633,12.659995514455781,2877,0,0,0,0,0,0.000197323316,0,0.00104859727,0.000197323316,0,0.00104859727,1,0,0,1,-3.946465E-06,0,-2.09719365E-05,0,0,0,0.0006515697,-0.00148016214,0.000249820063,-0.151184082,0.0235370472,0.0464135781,0.00195674552,0.000993213,0.00281989016,0.00016229655,4.5850873E-05,0.00101904629,0.0346048065,0.0393458158,0.091270484,-0.003593302,0.000902734464,-0.0006610562,0.00100430625,8.53985548E-05,0.0007230219,0.0244087726,0.03664625,-0.0570068359,-0.006122756,0.00081264734,0.00346949487,0.0009908332,0.00249218941,-0.0008622694,4.918243,0.08424166,0.118291967,0.0564822368,0.0009968188,0.001655639,0.0025319322,0.00250735879,-0.00116906862,4.90854454,0.07136856,-0.06283569,0.0567657948,0.00174449477,0.00458289,-0.000119244374,-0.00170122087,0.00234709866,1.08582318,0.204958618,-0.1239624,0.0330090858,0.001626548,0.0249706488,0.000146528182,-0.00289461017,0.002537299,1.05830967,0.206661537,-0.238311768,0.05237397,0.003261518,0.03954113,0.4890542,2.48189378,-2.652338,3.665224
634,12.679995507369615,2880,0,0,0,0,0,0.00019323414,0,0.00104063773,0.00019323414,0,0.00104063773,1,0,0,1,-3.86468128E-06,1.49011612E-08,-2.08127458E-05,0,0,0,0.000658669858,-0.00147843361,0.0002526592,-0.151245117,0.0244117919,0.0464364961,0.001970899,0.000988014,0.00282453839,0.000159778836,4.556775E-05,0.00108893076,0.03433921,0.04018648,0.09311918,-0.003886279,0.000882732042,-0.000723819656,0.0009831492,8.53836536E-05,0.000779821363,0.0246489942,0.037886098,-0.05255127,-0.006447336,0.000782899268,0.00331590162,0.00096156256,0.00249524415,-0.00089633133,4.91800642,0.08514964,0.120550372,0.0569603741,0.0009667721,0.00157815369,0.00251847133,0.00251764059,-0.00111826742,4.90878439,0.07363973,-0.0572814941,0.0569860041,0.00169680326,0.004581883,-0.000126385945,-0.00168724358,0.00231685629,1.08556843,0.2060343,-0.122131348,0.03259881,0.00162699854,0.0248035714,0.0001502058,-0.00285471976,0.002515802,1.05807984,0.2104925,-0.235809326,0.0518597178,0.00324163,0.03907228,0.4890542,2.48189378,-2.652338,3.665224
635,12.699995500283446,2886,0,0,0,0,0,0.000190242965,0,0.00104866421,0.000190242965,0,0.00104866421,1,0,0,1,-3.804858E-06,1.49011612E-08,-2.09732752E-05,0,0,0,0.0006549234,-0.00147695839,0.000256766129,-0.151184082,0.0251813643,0.046467714,0.001957165,0.00100968906,0.00282287551,0.000153079935,5.50150871E-05,0.001013408,0.03418061,0.0409754962,0.09487907,-0.00348045584,0.000839394343,-0.0007707279,0.0009714639,9.454787E-05,0.000736234069,0.0246445779,0.0390590429,-0.0480957031,-0.006262204,0.0007118633,0.003236095,0.0009975128,0.002446711,-0.000881649263,4.917969,0.0863021,0.122822292,0.05665666,0.0009623651,0.00167182612,0.00248820754,0.0025125742,-0.00110482762,4.90906,0.07584019,-0.05178833,0.0569426753,0.00162371085,0.004492105,-7.839741E-05,-0.00180578232,0.00233072764,1.08448839,0.206993788,-0.121612549,0.03196695,0.001637721,0.0239914637,0.000139403419,-0.00283876061,0.00255292,1.05841029,0.214126334,-0.2333374,0.0516214669,0.00316285877,0.0389220938,0.4890542,2.48189378,-2.652338,3.665224
636,12.719995493197278,2892,0,0,0,0,0,0.00019070819,0,0.00104446325,0.00019070819,0,0.00104446325,1,0,0,1,-3.81416226E-06,-3.56137753E-06,-2.08892561E-05,0,0,0,0.0006569549,-0.00147749484,0.000253347825,-0.1512146,0.0261091571,0.0464467555,0.0019217321,0.0009921273,0.00281831622,0.0001405312,3.68058681E-05,0.00103377446,0.0339966,0.04181291,0.0967462137,-0.00349802966,0.0008909713,-0.0008966353,0.00096111017,7.7039E-05,0.0007775245,0.0247127265,0.0402700938,-0.043762207,-0.006538695,0.000745464349,0.00311862561,0.0009934737,0.002485156,-0.000889247342,4.91755772,0.087269865,0.125208586,0.05665328,0.000957505254,0.00170605665,0.00245550275,0.00251768529,-0.001095578,4.90892363,0.07801199,-0.04638672,0.05685033,0.00163845567,0.004405478,-7.9706515E-05,-0.00172358751,0.00232126564,1.08380783,0.208050668,-0.120788574,0.03212254,0.00163442967,0.0238107,0.0001331174,-0.00281044841,0.00255202618,1.05837429,0.21767424,-0.230926514,0.05120862,0.00312367082,0.03862165,0.4890542,2.48189378,-2.652338,3.665224
637,12.739995486111111,2896,0,0,0,0,0,0.000185326353,0,0.00103884784,0.000185326353,0,0.00103884784,1,0,0,1,-3.7065256E-06,0,-2.07769481E-05,0,0,0,0.000657276949,-0.00147169828,0.000249947363,-0.1512146,0.0268430319,0.0464648381,0.00187166489,0.000994386,0.00285052368,0.000146461374,4.73111868E-05,0.001097532,0.03384691,0.0425411426,0.09857244,-0.00380084012,0.0008001441,-0.000886522233,0.000931265648,8.700788E-05,0.0007855335,0.0247124117,0.0413645841,-0.0393981934,-0.00658539729,0.0006485938,0.002955133,0.000964156759,0.002493292,-0.000894382771,4.91727543,0.08813622,0.1274273,0.0569692738,0.0008944903,0.00158920768,0.00242718472,0.002505079,-0.00108250137,4.90898275,0.08009166,-0.041015625,0.05699131,0.00153558538,0.00438596541,-0.0001038401,-0.00170432031,0.00230354653,1.08340454,0.209116757,-0.119567871,0.0320849456,0.00164348318,0.0240353011,0.0001259796,-0.00279660523,0.00255966978,1.05843878,0.221090138,-0.228515625,0.0507984944,0.003071578,0.0383955464,0.4890542,2.48189378,-2.652338,3.665224
638,12.759995479024942,2900,0,0,0,0,0,0.000180327945,0,0.00104762625,0.000180327945,0,0.00104762625,1,0,0,1,-3.60655736E-06,0,-2.09525169E-05,0,0,0,0.000664403,-0.00148451328,0.000254307583,-0.151245117,0.0276679881,0.0464781523,0.001976623,0.0009818109,0.00286397571,0.000140049291,4.74452972E-05,0.00105812156,0.03360107,0.0432847142,0.100335062,-0.00354306865,0.0008247982,-0.000962042,0.0009177835,8.751452E-05,0.000721715158,0.02461746,0.0424668752,-0.03515625,-0.00632864051,0.00065257,0.00284320931,0.0009304644,0.00250376761,-0.0008670932,4.9170475,0.08896355,0.1295223,0.0568248071,0.0008996805,0.0015000361,0.00239590579,0.00251145661,-0.00105462025,4.90882826,0.08213472,-0.035736084,0.0566257723,0.00152106537,0.004302822,-0.000122338475,-0.00168736279,0.00231575547,1.0833019,0.210125029,-0.11819458,0.0320977867,0.00162119977,0.02415746,0.000117628311,-0.00276915729,0.002584597,1.058574,0.224381968,-0.226135254,0.0505425967,0.003009591,0.0381689444,0.4890542,2.48189378,-2.652338,3.665224
639,12.779995471938776,2905,0,0,0,0,0,0.000178556453,0,0.001043966,0.000178556453,0,0.001043966,1,0,0,1,-3.57112776E-06,1.49011612E-08,-2.08793117E-05,0,0,0,0.0006705217,-0.00147724152,0.000259618857,-0.151184082,0.028476296,0.0465136953,0.001971995,0.0009773463,0.002867328,0.0001074171,4.70131636E-05,0.00106733351,0.0333224759,0.04402113,0.102103934,-0.0035330758,0.0008275033,-0.00116555567,0.0008987266,8.712709E-05,0.000764853554,0.0246045887,0.0435525924,-0.0309448242,-0.0065859626,0.0006373933,0.002703876,0.0008975022,0.00249154866,-0.000883346,4.916656,0.08977066,0.131660089,0.0568905324,0.0008720615,0.00151309581,0.002365302,0.00251205266,-0.00106961909,4.908711,0.0841193348,-0.0305175781,0.0568275265,0.00148531364,0.00425117,-0.000134434551,-0.00169016421,0.00231429236,1.08314979,0.211062744,-0.116638184,0.0318254046,0.00159428967,0.024149254,0.000109889268,-0.00274546444,0.002584232,1.058714,0.227548376,-0.223724365,0.05013422,0.00296723261,0.0379195,0.4890542,2.48189378,-2.652338,3.665224
640,12.799995464852607,2908,0,0,0,0,0,0.000172837026,0,0.00103801547,0.000172837026,0,0.00103801547,1,0,0,1,-3.456739E-06,0,-2.07603E-05,0,0,0,0.0006747192,-0.00147394836,0.0002544601,-0.1512146,0.0292197056,0.0465418436,0.00192480756,0.0009661074,0.00288533838,0.0001074195,4.72962856E-05,0.00113296416,0.033096496,0.0446956046,0.103770174,-0.00383037468,0.000775216031,-0.0011957112,0.0008783491,8.754432E-05,0.000769017963,0.0245841332,0.0445520766,-0.0267333984,-0.00662645558,0.000568246,0.00257808738,0.0008621854,0.00250183046,-0.000887728762,4.916347,0.09051799,0.13364768,0.05720847,0.000847882358,0.001401728,0.00231548259,0.00251244,-0.0010234121,4.908731,0.08554278,-0.0253601074,0.0567981526,0.00129464548,0.00413711742,-0.000147532977,-0.00166982412,0.00228049071,1.08270371,0.212006763,-0.115081787,0.0315337442,0.001611107,0.024096014,6.979879E-05,-0.002718389,0.00260379445,1.05813932,0.230496123,-0.2203064,0.0496948026,0.00286686816,0.0380418375,0.4890542,2.48189378,-2.65234,3.66522551
