step,fixed_time,frame,input_x,input_y,desired_vx,desired_vy,desired_vz,target_ax,target_ay,target_az,applied_ax,applied_ay,applied_az,grounded,stepped,step_rise,full_rig_acceleration,Player_vx,Player_vy,Player_vz,Player_avx,Player_avy,Player_avz,ChestPhysics_vx,ChestPhysics_vy,ChestPhysics_vz,ChestPhysics_angle_x,ChestPhysics_angle_y,ChestPhysics_angle_z,ChestPhysics_rel_avx,ChestPhysics_rel_avy,ChestPhysics_rel_avz,ThighPhysics_L_vx,ThighPhysics_L_vy,ThighPhysics_L_vz,ThighPhysics_L_angle_x,ThighPhysics_L_angle_y,ThighPhysics_L_angle_z,ThighPhysics_L_rel_avx,ThighPhysics_L_rel_avy,ThighPhysics_L_rel_avz,ThighPhysics_R_vx,ThighPhysics_R_vy,ThighPhysics_R_vz,ThighPhysics_R_angle_x,ThighPhysics_R_angle_y,ThighPhysics_R_angle_z,ThighPhysics_R_rel_avx,ThighPhysics_R_rel_avy,ThighPhysics_R_rel_avz,ShinPhysics_L_vx,ShinPhysics_L_vy,ShinPhysics_L_vz,ShinPhysics_L_angle_x,ShinPhysics_L_angle_y,ShinPhysics_L_angle_z,ShinPhysics_L_rel_avx,ShinPhysics_L_rel_avy,ShinPhysics_L_rel_avz,ShinPhysics_R_vx,ShinPhysics_R_vy,ShinPhysics_R_vz,ShinPhysics_R_angle_x,ShinPhysics_R_angle_y,ShinPhysics_R_angle_z,ShinPhysics_R_rel_avx,ShinPhysics_R_rel_avy,ShinPhysics_R_rel_avz,FootPhysics_L_vx,FootPhysics_L_vy,FootPhysics_L_vz,FootPhysics_L_angle_x,FootPhysics_L_angle_y,FootPhysics_L_angle_z,FootPhysics_L_rel_avx,FootPhysics_L_rel_avy,FootPhysics_L_rel_avz,FootPhysics_R_vx,FootPhysics_R_vy,FootPhysics_R_vz,FootPhysics_R_angle_x,FootPhysics_R_angle_y,FootPhysics_R_angle_z,FootPhysics_R_rel_avx,FootPhysics_R_rel_avy,FootPhysics_R_rel_avz,camera_offset_x,camera_offset_y,camera_offset_z,camera_distance
0,0,1,0,0,0,0,0,0,0,0,0,0,0,0,0,0,1,0,0,0,0,0,0,0,0,0,0,0,0,0,0,0,0,0,0,0,0,0,0,0,0,0,0,0,0,0,0,0,0,0,0,0,0,0,0,0,0,0,0,0,0,0,0,0,0,0,0,0,0,0,0,0,0,0,0,0,0,0,0,0,0,0,0,0,0,0,0.5500003,2.13215256,-2.82050323,3.57824159
1,0.0199999929138322,2,0,0,0,0,0,-0.0403742231,0,0.0182626322,0,0,0,0,0,0,1,0.000807484146,-0.17405583,-0.0003652525,0,0,0,0.009857623,-0.1301699,-0.0007003928,0.024248179,-0.00183105469,0.05631886,0.0187213887,-0.002343124,0.0288325232,0.000854112,-0.17396529,-0.0252742171,-0.134613037,-0.006866455,0.00265029375,-0.127504051,-0.005644791,0.00179940776,0.000884377747,-0.17405583,-0.0260984879,-0.132141113,-0.00598144531,0.00275490549,-0.125954971,-0.004887905,0.00188739772,-6.423013E-05,-0.177589625,0.003823428,0.6381655,-0.00561523438,0.0022319206,0.5639726,-0.00528056035,0.002165905,-5.73790931E-05,-0.177677289,0.00381592615,0.6401472,-0.00491333,0.00228514173,0.5659156,-0.00464290846,0.00221556076,-8.97659047E-05,-0.214666039,0.08460981,0.495589942,-0.00341796875,0.0013098066,0.463403046,-0.0039628474,0.00157798454,-0.000108300992,-0.214778081,0.08477558,0.4957767,-0.00305175781,0.00129645923,0.463962018,-0.00356294122,0.0015696889,-0.550032139,2.13567233,2.738815,3.51635313
2,0.0399999858276644,3,0,0,0,0,0,-0.0129940361,0,0.09765431,0,0,0,0,0,0,1,0.000259880617,-0.351888359,-0.00195308554,0,0,0,0.000643655658,-0.3370413,-0.00436450867,0.03097205,-2.28179932,0.0141898766,0.00440500351,0.00164289214,0.009993357,-3.84952873E-05,-0.351839185,-0.0272479169,-0.28729248,-2.28182983,7.586715E-05,-0.123708025,0.005619535,-0.000911578943,3.259722E-05,-0.351831317,-0.02622247,-0.289794922,-2.279663,0.000142031713,-0.1237401,0.00646245945,-0.0008780127,0.000262778049,-0.350132644,0.0313427821,1.203685,-2.28424072,0.00230386434,0.6345971,0.00267455261,-0.000584099151,0.000313816185,-0.3501744,0.0311758444,1.20284283,-2.281952,0.00245925481,0.63159126,0.00395247433,-0.0005356819,8.617058E-05,-0.3878334,0.131433323,1.06553721,-2.286438,0.00260989717,0.5168135,-0.0005656723,0.0009322051,-1.54817826E-07,-0.387876838,0.131162733,1.06541777,-2.28421021,0.00266342727,0.516375363,0.0009890392,0.00102903857,-0.440630764,2.139183,2.75855851,3.518509
3,0.059999978741496596,3,0,0,0,0,0,-0.374174118,0,0.191776037,0,0,0,0,0,0,1,0.00748347957,-0.536211252,-0.00383551931,0,0,0,-0.0377029,-0.528657258,-0.00370122935,0.04137804,-2.24719238,0.23900041,0.00161087641,0.02557303,0.0185461771,-0.070131734,-0.535618961,-0.1128138,-0.157867432,-2.16452026,-0.165924072,-0.642953157,0.124520063,0.4389424,-0.0669268,-0.5367014,0.0781638548,-0.6395874,-2.164978,-0.159729,0.469240934,0.143601373,0.445586741,-0.0110460613,-0.5305051,0.0370878763,2.140862,-2.12649536,-0.280944824,0.9557809,0.130494982,-0.208573937,-0.0102665136,-0.5335976,0.07457209,1.42721617,-2.12957764,-0.26675415,0.336298436,0.125423059,-0.21823357,0.0262709912,-0.579695046,0.19484514,1.86990833,-2.063507,-0.239471436,0.7435162,0.179846719,-0.202926069,0.0248681977,-0.5533644,0.119622968,1.42195523,-2.07260132,-0.226196289,0.287338972,0.170948848,-0.206480354,-0.440858483,2.14989758,2.758611,3.52510285
4,0.0799999716553288,3,0,0,0,0,0,-0.213328645,0,0.254422545,0,0,0,0,0,0,1,0.00426657125,-0.7254139,-0.005088449,0,0,0,-0.009884452,-0.721091151,-0.00517702941,0.0376052335,-2.0866394,0.156539246,-0.00229695719,0.14505282,-0.0258149356,-0.0104982182,-0.7254397,-0.0362799168,-0.26385498,-1.84991455,-0.154083252,-0.164991081,0.2736677,0.0732409954,-0.009898998,-0.7256735,0.01315023,-0.639862061,-1.84954834,-0.149047852,0.09533427,0.277016163,0.07639604,-0.0251081958,-0.720050633,0.0366768055,2.830984,-1.90664673,-0.244354248,0.62945503,0.205937147,0.0531883761,-0.02356562,-0.7201564,0.110616088,1.93479753,-1.90240479,-0.2361145,0.6254978,0.210938558,0.04940238,-0.0244380552,-0.764278054,0.169509768,2.63698316,-2.01013184,-0.293487549,0.673994541,0.08173567,-0.0137760565,-0.0236516073,-0.741224051,0.1834048,1.79702771,-2.00314331,-0.281829834,0.3398208,0.09327304,-0.0275339,-0.440954357,2.16439772,2.758709,3.53405333
5,0.099999964569160993,3,0,0,0,0,0,-0.151143774,0,0.30199194,0,0,0,0,0,0,1,0.00302287424,-0.918469965,-0.00603983644,0,0,0,-0.00133121479,-0.9129534,-0.005775707,0.031575948,-1.91906738,0.09028433,-0.00305856019,0.155306846,0.00109809055,0.000180717558,-0.9184802,-0.0130066834,-0.31930542,-1.58557129,-0.139831543,-0.0452259481,0.229684547,0.0197183471,0.0004152842,-0.918568432,-8.242298E-05,-0.6114197,-1.58465576,-0.136962891,0.03926192,0.231110439,0.0193976928,-0.0170482453,-0.912637651,0.0586514622,3.40839982,-1.625061,-0.181274414,0.5444096,0.242402524,0.0688892752,-0.0159158856,-0.9132381,0.11213477,2.5598774,-1.62139893,-0.177856445,0.6631853,0.243160129,0.06865344,-0.0505175442,-0.9450027,0.15429683,3.23004317,-1.69226074,-0.257568359,0.506685853,0.273709834,0.0860436,-0.0489540435,-0.945246041,0.223091483,2.318052,-1.68582153,-0.251434326,0.494579643,0.274057984,0.08016151,-0.441016555,2.18276024,2.75882626,3.545428
6,0.11999995748299319,3,0,0,0,0,0,-0.130714148,0,0.336028874,0,0,0,0,0,0,1,0.002614282,-1.11385846,-0.00672057457,0,0,0,0.000942443847,-1.10598338,-0.00608036434,0.0237397477,-1.74899292,0.0480330959,-0.00377138378,0.156431928,0.0163985454,-0.00133576035,-1.11388528,-0.00725008361,-0.331695557,-1.35446167,-0.120788574,-0.0116769634,0.201331183,0.0251252912,-0.00108468288,-1.11398184,0.00218208437,-0.5678711,-1.35308838,-0.119812012,0.05202045,0.202261627,0.02451992,-0.0164872427,-1.10757351,0.06924158,3.93666744,-1.36090088,-0.124359131,0.505453765,0.222963586,0.0616842024,-0.0155372117,-1.10816646,0.115956493,3.21447182,-1.3583374,-0.123809814,0.6408198,0.223020911,0.06272289,-0.04805695,-1.13412058,0.157708436,3.718425,-1.35955811,-0.187011719,0.4373222,0.270650268,0.08776133,-0.04663889,-1.14373064,0.23152408,2.91523218,-1.356781,-0.185546875,0.552745938,0.2694601,0.0869301856,-0.441069841,2.20503283,2.75895786,3.559292
7,0.13999995039682539,3,0,0,0,0,0,-0.116454311,0,0.3575372,0,0,0,0,0,0,1,0.00232908526,-1.31024778,-0.00715074129,0,0,0,0.00139628258,-1.30030739,-0.006233891,0.0153556792,-1.57525635,0.02295282,-0.003756369,0.1574635,0.0241898559,-0.00330111664,-1.31029475,-0.004409625,-0.319824219,-1.14871216,-0.09237671,0.00873414148,0.179372057,0.0308892559,-0.00305119785,-1.310389,0.005134864,-0.506317139,-1.14694214,-0.0927124,0.0644636,0.179834813,0.03064509,-0.016362315,-1.30385673,0.07452605,4.4391036,-1.14428711,-0.07376099,0.474919379,0.185008228,0.0538301952,-0.01552617,-1.30389893,0.11757426,3.85851645,-1.14187622,-0.0746459961,0.6004668,0.185458526,0.0552557558,-0.03874398,-1.32821822,0.160437793,4.164626,-1.12060547,-0.114807129,0.414371073,0.199804038,0.07035458,-0.0375823639,-1.33833075,0.2299961,3.51756072,-1.11849976,-0.115478516,0.5528593,0.2001835,0.07166417,-0.4411173,2.2312355,2.75909972,3.57569957
8,0.15999994331065759,3,0,0,0,0,0,-0.100970171,0,0.3647555,0,0,0,0,0,0,1,0.00201940257,-1.50659466,-0.00729510747,0,0,0,0.001703534,-1.49533188,-0.006308147,0.00737381959,-1.40158081,0.009387119,-0.00314164069,0.155067578,0.026359437,-0.00381832616,-1.50668681,0.00390168373,-0.260650635,-0.967987061,-0.059753418,0.0543348938,0.157552451,0.0311332233,-0.00372390682,-1.50672972,0.006858918,-0.431976318,-0.966156,-0.0608215332,0.07044953,0.157558933,0.0306138936,-0.0143339122,-1.50217354,0.07584247,4.76961231,-0.9630432,-0.031463623,0.3078766,0.156018466,0.042207472,-0.0136133311,-1.49972427,0.115975916,4.4753623,-0.960907,-0.0325927734,0.5547006,0.156042114,0.04645983,-0.0305938013,-1.51931918,0.139362961,4.4784255,-0.9411621,-0.05331421,0.299568,0.154327914,0.05163348,-0.0291867368,-1.53176463,0.223431066,4.09734869,-0.938964844,-0.05432129,0.533701062,0.154677287,0.05562999,-0.441158175,2.26136661,2.75924563,3.59469557
9,0.17999993622448979,3,0,0,0,0,0,-0.08587003,0,0.346986532,0,0,0,0,0,0,1,0.00171739981,-1.70215738,-0.006939728,0,0,0,0.0018541622,-1.690549,-0.00613236427,0.000961200858,-1.23309326,0.00368265226,-0.00181326328,0.148511559,0.0250762179,-0.00330383517,-1.70226073,0.0114155607,-0.155456543,-0.8114929,-0.0286254883,0.0924255252,0.136688113,0.0271179769,-0.0032261922,-1.7023443,0.01753224,-0.30065918,-0.8100586,-0.0299072266,0.119963594,0.136246681,0.0273173656,-0.01135906,-1.69979572,0.0686344,4.946352,-0.8067627,0.0023786705,0.150621817,0.13462171,0.0315886326,-0.01064149,-1.69828951,0.11036513,4.812228,-0.805145264,0.00135145837,0.2908731,0.134327263,0.0339033678,-0.0243800934,-1.70951033,0.105140463,4.656432,-0.7896118,-0.00393676758,0.17480956,0.13087298,0.0372222438,-0.023009913,-1.71815515,0.180647343,4.46654367,-0.787567139,-0.0046081543,0.342093378,0.130757973,0.0400132462,-0.4411927,2.29541,2.759386,3.61632
10,0.19999992913832199,4,0,1,-0.15910849,0,-3.99683428,-8.028806,0,-199.541962,0,0,0,0,0,0,1,0.00146756135,-1.89652145,-0.005996668,0,0,0,0.001695052,-1.88543487,-0.00554014742,-0.00283813477,-1.07220459,0.00331205362,0.000119586592,0.14039582,0.0223525334,-0.00265904469,-1.89658439,0.01200843,-0.04232788,-0.67453,-0.00256347656,0.09344327,0.119979858,0.0209397487,-0.002515923,-1.89666653,0.0221688673,-0.137359619,-0.6738281,-0.00350952148,0.136086956,0.119356878,0.0216484,-0.008377169,-1.89465094,0.05507686,5.0747695,-0.6697693,0.0282138251,0.111084178,0.118128881,0.0237038769,-0.00772369746,-1.89380288,0.09369728,5.029907,-0.66897583,0.0276278257,0.187240049,0.117489159,0.0250661746,-0.01907547,-1.90104175,0.0771907642,4.766544,-0.6561279,0.0343523659,0.115948588,0.115195446,0.02661038,-0.0179695934,-1.90646434,0.1357447,4.705082,-0.654937744,0.0343258381,0.220023438,0.114447951,0.0283356979,-0.4406469,2.163655,2.75862479,3.53349447
11,0.21999992205215418,4,0,1,-0.15910849,0,-3.99683428,-8.01802,0,-199.598572,0,0,0,0,0,0,1,0.001251837,-2.089479,-0.00486452971,0,0,0,0.0014368078,-2.07949281,-0.00475032628,-0.004119873,-0.921417236,0.005615707,0.00183726475,0.130569264,0.0188904628,-0.00196723384,-2.08949852,0.009638017,0.05380848,-0.5548096,0.0179634336,0.07820824,0.105157293,0.0143489866,-0.00179229025,-2.08953571,0.0200491939,0.0145093584,-0.5548401,0.017633656,0.118041791,0.104531467,0.0150899561,-0.00570352469,-2.08801246,0.040956296,5.165628,-0.5496826,0.04699823,0.07917582,0.103594385,0.0170751624,-0.00516315131,-2.0872643,0.07296646,5.18727446,-0.5496521,0.0471350439,0.136748984,0.1029103,0.0182417966,-0.0143998107,-2.09218621,0.0549318157,4.82733345,-0.538421631,0.0628499761,0.07779118,0.101596296,0.01791571,-0.0135552073,-2.09584451,0.0998996943,4.86037874,-0.538147,0.06363691,0.150670722,0.100760825,0.01923393,-0.440671563,2.20544624,2.7587254,3.55931878
12,0.23999991496598638,4,0,1,-0.15910849,0,-3.99683428,-8.008407,0,-199.652832,0,0,0,0,0,0,1,0.00105957175,-2.28101063,-0.003779123,0,0,0,0.00116331817,-2.27238536,-0.003944062,-0.00344848633,-0.7833252,0.00877997,0.00304813636,0.118899211,0.0152605809,-0.00128283014,-2.28100586,0.00676999055,0.126946762,-0.4515381,0.0332373269,0.05973467,0.09090568,0.008456839,-0.00111612841,-2.28100562,0.015572858,0.136756554,-0.452148438,0.03361278,0.0893817246,0.0903515145,0.009075249,-0.00339977443,-2.27988052,0.0283059068,5.22617674,-0.445922852,0.05972987,0.0530244932,0.08958927,0.0115289511,-0.002975318,-2.27924252,0.05318689,5.297158,-0.44644165,0.0606641322,0.09606897,0.08904041,0.0125074964,-0.0103203459,-2.28234553,0.036258027,4.84968233,-0.436340332,0.0828072,0.0487281568,0.0882587656,0.0107350694,-0.009697294,-2.28484678,0.07026167,4.95229,-0.4366455,0.08446459,0.100803532,0.08766491,0.0118092522,-0.4406922,2.251068,2.75880432,3.587829
13,0.25999990787981858,4,0,1,-0.15910849,0,-3.99683428,-7.999939,0,-199.700714,0,0,0,0,0,0,1,0.0008902249,-2.47118187,-0.00282135676,0,0,0,0.000881002459,-2.46395159,-0.00318756839,-0.00146484375,-0.659637451,0.0117526567,0.003772863,0.106079936,0.0118362037,-0.0006828208,-2.47117066,0.00410404429,0.177953184,-0.363739,0.0437835045,0.04210851,0.07740146,0.00368113816,-0.0005421287,-2.47115231,0.0109085776,0.226810232,-0.364837646,0.0448164381,0.0611329675,0.07694994,0.004154291,-0.00147712731,-2.4703207,0.0175521187,5.262173,-0.3577881,0.0672562,0.0316649973,0.0762310848,0.006835971,-0.00116281246,-2.4698236,0.0358022228,5.368282,-0.3586731,0.0689222738,0.06256569,0.07583309,0.00761395134,-0.00680441968,-2.471409,0.0207612161,4.8406415,-0.3496399,0.095349364,0.025754936,0.07523126,0.004776313,-0.006364536,-2.47306967,0.0452820361,4.99294853,-0.350250244,0.09782559,0.0614514723,0.0748568252,0.0056033195,-0.440709323,2.30049324,2.758864,3.61909151
14,0.27999990079365078,5,0,1,-0.15910849,0,-3.99683428,-7.992606,0,-199.74118,-0.99957037,0,-24.98001,1,0,0,1,0.0007435684,-2.660092,-0.00201220741,0,0,0,0.000606068934,-2.654162,-0.00250608521,0.00138480123,-0.5509949,0.0139706889,0.00409736624,0.09292436,0.00876819,-0.000182437361,-2.66008449,0.001836451,0.209673569,-0.290161133,0.0502355136,0.02665608,0.06496211,-1.75186433E-05,-7.30463362E-05,-2.66006327,0.00672852434,0.287406027,-0.291564941,0.0518236421,0.0365235247,0.06461837,0.000315821031,7.650221E-05,-2.65943933,0.008727203,5.278682,-0.28414917,0.07042112,0.01454018,0.0638935044,0.00295345252,0.000291923876,-2.659119,0.021124674,5.407888,-0.28527832,0.07267977,0.03505533,0.0636195242,0.00352552021,-0.0038531858,-2.65944719,0.008225491,4.806079,-0.277374268,0.101569131,0.007962831,0.0630386,-7.54554057E-05,-0.003563132,-2.66047764,0.02454223,4.991329,-0.278167725,0.104725271,0.0299720466,0.06279687,0.0004967159,-0.440628439,2.154038,2.75854063,3.52754569
15,0.299999893707483,6,0,1,-0.15910849,0,-3.99683428,-6.98827028,0,-174.832718,-0.9984823,0,-24.9800529,1,0,0,1,-0.0193431359,-2.84785056,-0.500181258,0,0,0,-0.0194884073,-2.84307218,-0.498290658,-0.0102844238,-0.457336426,0.0152672157,-0.008141609,0.0799477249,0.006092402,-0.0196317323,-2.8478446,-0.49686262,0.237709016,-0.2296753,0.0532179,0.0234004483,0.0534922481,-0.00275421888,-0.0195665844,-2.84782481,-0.4937127,0.335184246,-0.2314148,0.0552450567,0.02595879,0.0531336665,-0.002538553,-0.0183389615,-2.84708714,-0.488836944,5.2983427,-0.223724365,0.07005901,0.01722839,0.0525889136,-8.9793E-05,-0.0182182547,-2.84690046,-0.481441557,5.440678,-0.225219727,0.0727076456,0.02908799,0.05224426,0.000268508331,-0.0209768061,-2.8469367,-0.4891405,4.764013,-0.218200684,0.102600656,0.00742520764,0.05190473,-0.00378123717,-0.020795878,-2.84743547,-0.4797444,4.96827173,-0.219421387,0.106209636,0.01822402,0.05151837,-0.00348678464,-0.440463871,2.15548372,2.76262188,3.5316
16,0.31999988662131518,9,0,1,-0.15910849,0,-3.99683428,-5.98795271,0,-149.96965,-0.99739933,0,-24.9800968,1,0,0,1,-0.0393494777,-3.03456,-0.9974425,0,0,0,-0.03936787,-3.03072262,-0.991542041,-0.04425049,-0.3786621,0.0155475968,-0.0280433483,0.06697092,0.0037551932,-0.03905171,-3.0345552,-0.9938367,0.26723516,-0.1816101,0.0534950532,0.0234382767,0.0424366221,-0.004489047,-0.0389497764,-3.03452444,-0.9902164,0.388620615,-0.183959961,0.0558259226,0.03124189,0.041973602,-0.00438558729,-0.0368060879,-3.03337288,-0.9788109,5.33923244,-0.175628662,0.0670335144,0.03491912,0.0419207662,-0.00233521359,-0.0367043167,-3.03328538,-0.973756135,5.486636,-0.177856445,0.0699032247,0.0399961472,0.04133064,-0.00214428222,-0.0381939746,-3.03422236,-0.97415185,4.738518,-0.17098999,0.09959409,0.0278838351,0.0415963456,-0.006402025,-0.0380704664,-3.03419065,-0.9695931,4.94817924,-0.1730957,0.103432328,0.0277812164,0.04088491,-0.00633628946,-0.4404181,2.14791,2.763703,3.527824
17,0.33999987953514738,12,0,1,-0.15910849,0,-3.99683428,-7.94283152,0,-199.4648,-0.994729638,0,-24.9802017,1,0,0,1,-0.000251911581,0,-0.007539749,0,0,0,-0.0270706825,0.7600999,-0.5740763,2.35696125,-0.3175354,0.0688771456,2.25675488,0.0554343835,0.102229014,-0.020482976,1.05170345,-0.6519873,-4.230072,-0.115692139,-0.0444335938,-3.0463376,0.06112878,-0.0650394559,-0.0246382542,1.04990888,-0.6376114,-4.095825,-0.05203247,0.05980846,-3.0210433,0.104945049,-0.01969488,-0.0409124643,0.9980898,-1.36792254,4.514407,0.0165467318,0.0949106,-1.45565438,0.08900108,-0.008714698,-0.0356087834,1.00403976,-1.32569873,4.778922,-0.233306885,0.00511663,-1.36786318,0.0560672,-0.04147689,-0.08478405,0.245535374,-1.35115361,1.10795927,-0.0187072754,0.409315348,-1.00805819,-0.207109123,-3.47509432,-0.05743021,0.05237794,-1.30734968,1.28823924,-0.2842102,0.34980455,-1.26692986,0.214112371,0.7666066,-0.440618873,2.12673378,2.75861716,3.51099849
18,0.35999987244897957,17,0,1,-0.15910849,0,-3.99683428,-7.00475645,0,-175.722,-0.9957771,0,-24.98016,1,0,0,1,-0.01901342,1.49011612E-08,-0.48239553,0,0,0,-0.005419828,0.460131139,-0.6839757,4.493547,-0.255828857,0.11289376,1.3997823,0.0610678643,0.034105204,-0.0213844143,0.238465071,-0.434508026,-5.10351563,-0.04940796,-0.00198364258,-0.4468003,0.0423163772,0.005476758,-0.0138871986,0.238874555,-0.420624018,-4.888611,0.0203198325,0.027817281,-0.403520167,0.0447923243,-0.0245648,-0.05816083,0.3065195,-1.57351708,0.3911565,-0.034942627,0.0402864665,-2.97626257,0.03373623,-0.0230821967,-0.0536885746,0.289268732,-1.54563725,0.6792832,0.0101394951,0.0103063984,-2.93293953,0.113834128,-0.0142331719,-0.0768590942,0.5035056,-2.44079137,-0.9654236,-0.00366210938,0.2728435,-3.03033352,-0.0182826966,-0.144042745,-0.101060092,0.438058376,-2.39005136,-0.275177,-0.0219421387,0.3886674,-2.65474057,0.219476879,-0.02419746,-0.440528631,2.13068151,2.76090264,3.51517463
19,0.37999986536281177,22,0,1,-0.15910849,0,-3.99683428,-6.114577,0,-153.432388,-0.995508,0,-24.9801712,1,0,0,1,-0.0368169956,1.49011612E-08,-0.928187847,0,0,0,-0.0487847626,0.07778245,-0.9438322,4.926892,-0.1927185,0.129429445,0.352853566,0.0575665943,0.0210799649,-0.0407935642,0.05424589,-1.005627,-5.74636841,-0.009918213,0.004906281,-0.5095972,0.0326609425,-0.0147649264,-0.03774967,0.0535647459,-0.9928216,-5.453369,0.0641398653,0.008374491,-0.475236923,0.03643795,-0.02375143,-0.06514514,0.100332528,-1.822186,-2.19100952,-0.0210571289,0.0206744615,-2.25546813,0.0166573338,-0.0211817026,-0.06847712,0.09496816,-1.78965783,-1.82888794,0.06755274,0.00711661531,-2.16018438,0.04652358,-0.00300647318,-0.0828881562,0.30289498,-2.488193,-3.661438,-0.03164673,0.2274306,-2.56447864,-0.0176689178,-0.05941073,-0.0986799747,0.290255457,-2.45166445,-2.84536743,0.07566704,0.3468896,-2.51320744,0.06548813,-0.0507454127,-0.440574378,2.13209462,2.75973964,3.51512384
20,0.39999985827664397,27,0,1,-0.15910849,0,-3.99683428,-5.30706263,0,-133.161911,-0.9955648,0,-24.98017,1,0,0,1,-0.05296728,0,-1.33359718,0,0,0,-0.0565952845,0.008911841,-1.337161,4.63855457,-0.128204346,0.145426661,-0.169465438,0.055352658,0.0177100524,-0.05859865,0.0202341378,-1.457133,-6.630768,0.0261472,-0.000183105469,-0.6267051,0.028207954,-0.0164011829,-0.0574592948,0.017426461,-1.42871237,-6.18688965,0.109315962,0.00192681013,-0.5160452,0.0328505524,-0.0119199846,-0.07355503,0.0580024123,-2.05667758,-4.862152,0.01741733,-0.00588989258,-1.5053165,0.0231755115,-0.0246637538,-0.0784799,0.05077689,-2.0190146,-4.503662,0.113788135,-0.00338745117,-1.54649651,0.0253285579,-0.007869124,-0.08746829,0.212960362,-2.51284981,-6.378235,-0.00531005859,0.391008735,-2.21302915,0.016300641,0.174482942,-0.09455338,0.209551662,-2.48364854,-5.51699829,0.0713092759,0.5167089,-2.32865286,0.0342415422,0.180724949,-0.440530449,2.13213778,2.76084232,3.51601028
21,0.41999985119047617,28,0,1,-0.15910849,0,-3.99683428,-4.526452,0,-113.550026,-0.9957857,0,-24.98016,1,0,0,1,-0.06857949,1.49011612E-08,-1.72583461,0,0,0,-0.06965812,0.009541705,-1.72682023,4.31977654,-0.07937622,0.1418853,-0.214501709,0.0416875556,0.00118439272,-0.0712331161,0.0154066235,-1.84357715,-7.50412,0.0436964221,-0.0138549805,-0.587019742,0.0127626173,-0.0241260678,-0.0695403442,0.009362042,-1.79085827,-6.763672,0.135076508,-0.00491333,-0.3423347,0.0140734762,-0.01705623,-0.0837756544,0.06793681,-2.28476787,-6.85281372,0.0194013789,-0.0280456543,-0.81022054,0.0117487488,-0.0123358257,-0.08435233,0.0525334775,-2.223124,-6.63357544,0.127712309,-0.0200805664,-0.9202633,0.0117471246,-0.0061433427,-0.09794055,0.215963215,-2.582561,-7.65841675,-0.0208129883,0.354478329,-1.53622174,0.005100947,-0.0407065563,-0.105921492,0.205417439,-2.56187,-7.470703,0.0528350919,0.9478046,-1.6541307,-0.005469732,0.004670948,-0.439304769,2.13212,2.79167032,3.54010558
22,0.43999984410430837,28,0,1,-0.15910849,0,-3.99683428,-3.75198269,0,-94.12744,-0.9957259,0,-24.9801617,1,0,0,1,-0.0840688646,1.49011612E-08,-2.11428618,0,0,0,-0.0867143,0.00743249059,-2.11812925,4.16267252,-0.03945923,0.135339528,-0.10837698,0.0259485543,-0.008393642,-0.08718382,0.0144291669,-2.21913528,-8.302307,0.0511292331,-0.0239868164,-0.524284244,0.00522976229,-0.0158115514,-0.0828682,0.00295333564,-2.128789,-7.0526123,0.147349775,-0.0165710449,-0.08185403,0.00377604,-0.0143092629,-0.0964751542,0.0611181259,-2.52539158,-8.073853,0.0447294526,-0.0358886719,-0.223096251,0.0143561466,-0.007950674,-0.09457842,0.0441929251,-2.420051,-8.147705,0.1315273,-0.0255432129,-0.4147677,0.019207133,-0.0009044595,-0.102535024,0.153138518,-2.700844,-8.388184,0.03601527,0.283025026,-0.839825332,0.0242267512,-0.0621710643,-0.109485231,0.176475942,-2.65599728,-8.390198,0.0943084359,0.8345375,-1.2590071,0.0216325521,-0.101742,-0.437624484,2.13211322,2.83391881,3.57330632
23,0.45999983701814057,28,0,1,-0.15910849,0,-3.99683428,-2.98174262,0,-74.80781,-0.995677054,0,-24.9801636,1,0,0,1,-0.09947366,0,-2.50067878,0,0,0,-0.0982141048,0.004546106,-2.50597787,4.10908651,-0.0184326172,0.11508818,-0.0384724438,-0.000976732,-0.022623606,-0.102351524,0.0151199251,-2.601848,-9.071136,0.0451878719,-0.027923584,-0.5124948,-0.006467265,-0.009016417,-0.09680047,-0.004696429,-2.458149,-7.00717163,0.144975722,-0.0188293457,0.213418439,-0.009038081,-0.00333393551,-0.10860908,0.04559794,-2.788806,-8.5512085,0.04364402,-0.0388793945,0.313845068,-0.00302851014,-0.00201032124,-0.104343779,0.0184132457,-2.61355782,-9.112152,0.14693895,-0.022064209,0.0425700843,0.00780892558,0.00233403663,-0.10978435,0.07267304,-2.847064,-8.457092,0.04180159,0.226970762,-0.216812715,-0.0037131533,-0.0443239845,-0.110229127,0.09828596,-2.762605,-8.979889,0.140931144,0.708136141,-0.6998882,0.00897279,-0.109574988,-0.435635984,2.13211155,2.88389683,3.61283
24,0.47999982993197277,28,0,1,-0.15910849,0,-3.99683428,-2.216782,0,-55.6128731,-0.995733142,0,-24.9801636,1,0,0,1,-0.114772864,0,-2.88457727,0,0,0,-0.110348865,0.00239941478,-2.88985562,4.097484,-0.0310668945,0.09077813,-0.0109222466,-0.0269530416,-0.0253114775,-0.117063358,0.0179307014,-2.99313188,-9.876251,0.0152350944,-0.0247192383,-0.5639015,-0.0274059959,0.0006738603,-0.108926043,-0.0125684589,-2.78223085,-6.60794067,0.115602337,-0.0123596191,0.5281477,-0.0328771919,0.005695466,-0.121255331,0.0333033055,-3.07775927,-8.327362,0.01887439,-0.03253174,0.8032779,-0.0230925661,0.00494482741,-0.1119988,-0.0116175711,-2.800906,-9.545654,0.125059128,-0.0126342773,0.491156161,-0.0207262952,0.007245345,-0.117508486,-0.004494399,-3.022085,-7.85617065,0.022514075,0.188985541,0.3805177,-0.02263825,-0.0298327655,-0.112544507,0.0204325467,-2.86832476,-9.09845,0.1283538,0.6057528,-0.252775431,-0.02853674,-0.086260505,-0.4333418,2.13211155,2.94155264,3.65874529
25,0.49999982284580496,31,0,1,-0.15910849,0,-3.99683428,-1.45634472,0,-36.5554733,-0.995193243,0,-24.9801826,1,0,0,1,-0.1299816,1.49011612E-08,-3.26572514,0,0,0,-0.125138626,0.00101163983,-3.27036619,4.09637,-0.0679931641,0.07636754,-0.006609967,-0.0453592166,-0.0193762481,-0.132536814,0.02290675,-3.391558,-10.7675781,-0.0335083,-0.0169372559,-0.6653274,-0.0432202965,0.0112410709,-0.12100549,-0.0195082426,-3.100188,-5.84265137,0.06346139,-0.004119873,0.85773,-0.05215274,0.0130895935,-0.134247035,0.0276978165,-3.39237976,-7.45935059,-0.0249633789,-0.021697998,1.23168492,-0.0389868319,0.00809857249,-0.118677184,-0.0398556,-2.98329067,-9.474548,0.0729666948,0.000191364437,0.9221325,-0.0438988432,0.00864109,-0.125645816,-0.0686902851,-3.23097348,-6.616913,-0.0159301758,0.163903162,0.9301043,-0.037365146,-0.0202168152,-0.114756465,-0.0541251749,-2.97265148,-8.735931,0.071305424,0.5378967,0.171752825,-0.0559165329,-0.0649530739,-0.440505743,2.13215256,2.76145887,3.51650047
26,0.51999981575963716,36,0,1,-0.15910849,0,-3.99683428,-0.7020432,0,-17.6522331,-0.7020432,0,-17.6522331,1,0,0,1,-0.145067632,1.49011612E-08,-3.64378977,0,0,0,-0.140939608,0.000243321061,-3.6476965,4.089805,-0.118041992,0.06893604,-0.0129486062,-0.05289293,-0.0140058985,-0.147280484,0.024975881,-3.76775169,-11.6466675,-0.0921936,-0.006134033,-0.667653,-0.0518090352,0.0200385824,-0.13314642,-0.0239570141,-3.41507626,-4.718872,-0.00170898438,0.00630342029,1.18382323,-0.06406085,0.0181069672,-0.147981778,0.0255597085,-3.73561215,-6.70700073,-0.07980347,-0.00982666,0.931802332,-0.0479620956,0.009684056,-0.123572208,-0.0639233142,-3.16200686,-8.909515,0.01336232,0.005108786,1.35059571,-0.06704856,0.004838936,-0.1378432,-0.07698186,-3.55301356,-5.24047852,-0.06732178,0.146098942,0.9831788,-0.0472326577,-0.0145908743,-0.118960544,-0.127466947,-3.079898,-8.269897,-0.03704834,0.939531267,0.5675545,-0.0916802138,0.04524556,-0.4396064,2.13215256,2.78405285,3.53415871
27,0.53999980867346942,41,0,1,-0.15910849,0,-3.99683428,-0.247240171,0,-6.25372171,-0.247240171,0,-6.25372171,1,0,0,1,-0.154163688,-1.17719173E-06,-3.87176,0,0,0,-0.148613364,0.000190138817,-3.87517786,4.078478,-0.178222656,0.06343589,-0.01935529,-0.06673182,-0.0155010149,-0.154563278,0.0219664872,-3.96901464,-12.3544922,-0.160400391,0.00776079576,-0.545084,-0.0602431968,0.02758108,-0.140623644,-0.0238650739,-3.588542,-3.28375244,-0.08105469,0.0195283871,1.46511447,-0.07718582,0.0278541371,-0.157586426,0.0217922926,-3.98377442,-6.6980896,-0.142791748,0.0033581364,0.0103426985,-0.05521297,0.0116762687,-0.126611412,-0.0697449446,-3.20056868,-7.86068726,-0.0647583,0.0112770079,1.761546,-0.06046906,0.00292560458,-0.150771,-0.02818662,-3.89552,-4.35250854,-0.1265564,0.133029789,0.449064732,-0.0537291728,-0.00982024148,-0.113584176,-0.146842,-3.03342128,-7.054199,-0.05581665,0.870612741,0.9326499,-0.0795413256,-0.24638474,-0.44031015,2.132153,2.766372,3.52033567
28,0.55999980158730156,47,0,1,-0.15910849,0,-3.99683428,-0.2526776,0,-6.40585661,-0.2526776,0,-6.40585661,1,0,0,1,-0.15405494,0,-3.86871719,0,0,0,-0.1485054,4.03225422E-05,-3.872331,4.070132,-0.239349365,0.0601340272,-0.0190781318,-0.06872964,-0.0152866589,-0.1541798,0.02142036,-3.95667982,-12.9356384,-0.225921631,0.0197662786,-0.5027408,-0.05738693,0.0314680561,-0.1405205,-0.0185356289,-3.552422,-1.66610718,-0.15802002,0.0273127928,1.63178742,-0.07572456,0.0344701521,-0.1596687,0.0321877748,-4.05059052,-6.9675293,-0.2062378,0.0144932093,-0.2445737,-0.0545153543,0.009490896,-0.1231701,-0.0689765662,-3.041721,-6.33062744,-0.143188477,0.0181836914,2.14822173,-0.0552502237,0.00377187133,-0.1557025,0.02005741,-4.046457,-3.82003784,-0.189025879,0.122479275,0.0619957969,-0.0551116541,-0.00776751153,-0.09936683,-0.198065162,-2.795402,-5.688202,-0.09655762,0.231850743,1.31134021,-0.06976687,-0.4507497,-0.4403752,2.1321528,2.764737,3.519059
29,0.57999979450113381,53,0,1,-0.15910849,0,-3.99683428,-0.257146448,0,-6.51308537,-0.257146448,0,-6.51308537,1,0,0,1,-0.153965563,-1.17719173E-06,-3.86657262,0,0,0,-0.149578646,-8.05407763E-05,-3.87055779,4.066026,-0.281524658,0.0600962341,-0.0168502871,-0.0508699454,-0.012271706,-0.155401275,0.0194513947,-3.94383383,-13.4051819,-0.2637329,0.0236713029,-0.43743217,-0.03268396,0.0268234834,-0.1414429,-0.009175241,-3.554308,-0.07879639,-0.2001648,0.0239115451,1.59922266,-0.0450649858,0.027873069,-0.161657676,0.0431083739,-4.112778,-7.48352051,-0.249633789,0.0173771586,-0.444550782,-0.0354442261,0.0008317232,-0.116592541,-0.051665023,-2.943372,-4.316498,-0.187347412,0.0103507573,2.4728992,-0.0446510427,-0.005551785,-0.16002284,0.06566012,-4.178219,-3.67321777,-0.239318848,0.108579859,-0.295705527,-0.0422052667,-0.01264494,-0.0925550461,-0.211277857,-2.597957,-3.6993103,-0.174530029,0.08617739,1.75781667,-0.0654479638,-0.113119274,-0.4405671,2.1321528,2.75991726,3.51529765
30,0.599999787414966,58,0,1,-0.15910849,0,-3.99683428,-0.2608613,0,-6.583562,-0.2608613,0,-6.583562,1,0,0,1,-0.153891265,0,-3.865163,0,0,0,-0.152031317,-0.000468879938,-3.86970425,4.06503725,-0.295349121,0.06201775,-0.0139151393,-0.01869506,-0.00607754337,-0.156548873,0.01644902,-3.9302485,-13.7904968,-0.265075684,0.0196742751,-0.356714547,-0.0007191412,0.014616061,-0.142811567,-0.000406175852,-3.57743549,1.381381,-0.199615479,0.0125577543,1.45937741,-0.007207986,0.0165918842,-0.162826627,0.0504628271,-4.14315653,-8.137695,-0.2604065,0.0120764729,-0.555876434,-0.007022353,-0.007533245,-0.114677407,-0.0310253054,-2.91348863,-1.88098145,-0.191558838,-0.00283813477,2.643565,-0.00411794335,-0.0074672997,-0.163687155,0.10137701,-4.25402927,-3.868988,-0.261077881,0.0890143663,-0.5803021,-0.0170153622,-0.01949407,-0.09106834,-0.244638562,-2.485507,-1.3550415,-0.183074951,0.0417394973,2.05141878,-0.005220223,-0.0202240348,-0.439363956,2.1321528,2.79014087,3.5389266
31,0.61999978032879821,64,0,1,-0.15910849,0,-3.99683428,-0.262057871,0,-6.590476,-0.262057871,0,-6.590476,1,0,0,1,-0.153867334,1.49011612E-08,-3.86502481,0,0,0,-0.1565214,-0.001157701,-3.86984825,4.06596851,-0.269836426,0.06805074,-0.01150455,0.02599937,0.00450992,-0.157760948,0.0106930584,-3.90903139,-14.0602112,-0.224334717,0.006226225,-0.22463046,0.0366702378,-0.002517432,-0.145103753,0.006611362,-3.60977769,2.66692662,-0.151824951,-0.00439453125,1.27260578,0.03565885,0.00515054166,-0.162821382,0.0499004573,-4.12910175,-8.806976,-0.2319336,-0.00204467773,-0.563740969,0.0268999562,-0.0161665846,-0.120450526,0.0175821036,-2.934101,0.8254802,-0.137115479,-0.009460449,2.636934,0.0534238219,0.007600993,-0.166172847,0.118737072,-4.257971,-4.30886841,-0.245422363,0.0631057,-0.7513289,0.0155913364,-0.026385393,-0.108138844,-0.07998335,-2.50770259,-0.222869873,-0.1661377,-0.53604126,0.9560714,0.0131898122,-0.303725064,-0.440442681,2.1321528,2.76304269,3.51773643
32,0.63999977324263035,69,0,1,-0.15910849,0,-3.99683428,-0.2621808,0,-6.56518,-0.2621808,0,-6.56518,1,0,0,1,-0.153864875,-5.96046448E-07,-3.86553073,0,0,0,-0.158953935,-0.00121432543,-3.87064767,4.064846,-0.202331543,0.07558579,-0.012583754,0.06633115,0.0103563536,-0.158901185,0.0013525188,-3.87682748,-14.1540222,-0.137908936,-0.0164794922,-0.0266182479,0.07588862,-0.0215085372,-0.15049541,0.00963141,-3.664489,3.67134452,-0.0581665039,-0.00778198242,0.9748365,0.08184925,0.00383872539,-0.161646336,0.0380040258,-4.06461859,-9.362122,-0.159118652,-0.0257873535,-0.4619171,0.06434527,-0.0241962671,-0.131348222,0.046387434,-3.03072929,3.58620667,-0.05822754,0.02016029,2.45406914,0.065351136,0.0237410814,-0.167096734,0.111401841,-4.18485069,-4.858795,-0.1873169,0.0300133284,-0.788250566,0.05241863,-0.0333634429,-0.109621488,0.008939385,-2.60849714,0.492561936,-0.140350342,-0.65802,0.7274092,0.0154920388,0.138888,-0.4405286,2.1321528,2.76088381,3.51605177
33,0.65999976615646261,72,0,1,-0.15910849,0,-3.99683428,-0.262343228,0,-6.532016,-0.262343228,0,-6.532016,1,0,0,1,-0.153861627,1.49011612E-08,-3.866194,0,0,0,-0.160957217,-0.00126801431,-3.87143755,4.061866,-0.0983581543,0.0820930749,-0.01335388,0.101509184,0.0149854627,-0.158916563,-0.0111582875,-3.83271956,-14.0102844,-0.015045166,-0.0440368652,0.231152982,0.106529444,-0.0391623229,-0.1543865,0.008046389,-3.74035144,4.278454,0.07261585,0.0041521457,0.574266255,0.119632676,-0.007010702,-0.159203351,0.014639467,-3.94968939,-9.684143,-0.04812622,-0.0545959473,-0.155412138,0.09621431,-0.0264728218,-0.1295399,0.06541233,-3.18845725,6.2313,0.0267229136,0.0279682111,2.15368414,0.08192578,0.005562514,-0.16648604,0.07679309,-4.03792429,-5.36724854,-0.089263916,-0.007446289,-0.6838498,0.0860943645,-0.0359005,-0.1065514,0.0470338166,-2.76081228,1.62348545,-0.106658936,-0.398498535,0.7538893,0.0121681,0.246722668,-0.440367162,2.1321528,2.76494026,3.51921773
34,0.67999975907029475,77,0,1,-0.15910849,0,-3.99683428,-0.261541545,0,-6.48287773,-0.261541545,0,-6.48287773,1,0,0,1,-0.153877661,0,-3.86717677,0,0,0,-0.162528232,-0.00132744014,-3.87259817,4.056647,0.0321304873,0.0873586461,-0.0143362619,0.127322584,0.0187578462,-0.157744139,-0.0272924155,-3.77293968,-13.5344238,0.131957889,-0.07211304,0.567304254,0.126867086,-0.0527762026,-0.15586561,0.00292651355,-3.821375,4.4517355,0.227773547,0.009958621,0.153455615,0.142148465,-0.0298235714,-0.1552694,-0.0206816941,-3.79000378,-9.832367,0.0899797156,-0.08328247,0.282871038,0.118999943,-0.0240937471,-0.130017936,0.0651747,-3.38070345,8.689123,0.154406518,0.0215331372,1.767983,0.113357581,-0.00199650228,-0.164590642,0.0259631872,-3.84741068,-5.811493,0.039706625,-0.04421997,-0.55958885,0.112163544,-0.03320583,-0.114212736,0.06130725,-2.987183,2.38297,-0.06500244,-0.348388672,0.6350214,0.022338191,0.07319991,-0.4394679,2.1321528,2.78753161,3.53688288
35,0.699999751984127,82,0,1,-0.15910849,0,-3.99683428,-0.2624967,0,-6.48228168,-0.2624967,0,-6.48228168,1,0,0,1,-0.153858557,0,-3.86718869,0,0,0,-0.163542,-0.00138098,-3.87290287,4.05147552,0.1784097,0.0911709741,-0.0135625675,0.142903075,0.0214309469,-0.155031115,-0.0468143225,-3.69117761,-12.6078491,0.290750861,-0.09591675,1.00421464,0.136865526,-0.0613622069,-0.157817662,-0.00327956676,-3.89881086,4.203373,0.392119557,0.00718428846,-0.249707922,0.15123345,-0.0477695651,-0.150176674,-0.0637752,-3.60660958,-10.0787048,0.244012967,-0.106933594,0.3954233,0.132561311,-0.0194691569,-0.135838524,0.0508554429,-3.604195,10.5465755,0.293536752,0.0184601918,1.1511811,0.122443579,-0.00338096172,-0.162348747,-0.0192568451,-3.65867043,-6.28640747,0.188132226,-0.07473755,-0.5607758,0.128954813,-0.0261621568,-0.124936685,0.0562039465,-3.28445625,3.04961324,-0.0131835938,-0.307678223,0.5652747,0.02352015,0.0533189736,-0.440497965,2.13215256,2.76165438,3.51665282
36,0.71999974489795915,86,0,1,-0.15910849,0,-3.99683428,-0.2657057,0,-6.54323339,-0.2657057,0,-6.54323339,1,0,0,1,-0.153794378,-1.17719173E-06,-3.86596966,0,0,0,-0.164061874,-0.00142464042,-3.87227869,4.04914856,0.330081969,0.09356418,-0.0109614665,0.149250373,0.0232659671,-0.1520445,-0.05960071,-3.62040353,-11.2821045,0.4502369,-0.111877441,1.37037909,0.138638839,-0.06676799,-0.159153044,-0.006405279,-3.93835068,3.75937939,0.5530636,-0.000885009766,-0.464606643,0.149883777,-0.05963193,-0.144371748,-0.09696095,-3.422451,-9.987671,0.401152343,-0.120025635,0.7576815,0.1364375,-0.0119695067,-0.1442,0.0101762712,-3.858127,10.797574,0.4280723,0.0130133,0.187769741,0.120482869,-0.00654745474,-0.157258645,-0.07948521,-3.42782068,-6.460724,0.343025446,-0.09365845,-0.292145759,0.135215133,-0.0148340417,-0.143094078,0.010065794,-3.75824428,3.27149463,0.0484576337,-0.241333008,0.177267075,0.0498568639,0.0972406939,-0.440257937,2.1321528,2.767685,3.52136087
37,0.7399997378117914,91,0,1,-0.15910849,0,-3.99683428,-0.269426525,0,-6.6220665,-0.269426525,0,-6.6220665,1,0,0,1,-0.153719962,1.49011612E-08,-3.864393,0,0,0,-0.164532155,-0.00146436691,-3.87120533,4.05135059,0.4836147,0.09590386,-0.007656145,0.1519508,0.0252301376,-0.14943938,-0.06507251,-3.56090951,-9.634277,0.606896162,-0.118652344,1.669782,0.137929916,-0.0696731359,-0.162052825,-0.0102234483,-4.00313854,2.99987078,0.708138168,-0.0147705078,-0.806173742,0.145816892,-0.06851962,-0.137621909,-0.121551052,-3.23946285,-9.512451,0.556888342,-0.122131348,1.17268646,0.13632904,-0.005928643,-0.156066,-0.0267673731,-4.1559577,10.2880344,0.5610781,0.00149891956,-0.455385119,0.132903486,-0.007405013,-0.14936161,-0.142941058,-3.177509,-6.228546,0.49791494,-0.09933472,0.07873211,0.136539757,-0.00446610525,-0.165935531,-0.03011094,-4.21911764,3.024432,0.2025784,-0.126098633,-0.1830094,0.105644591,0.0825111344,-0.439502954,2.1321528,2.786654,3.53619552
38,0.75999973072562355,97,0,1,-0.15910849,0,-3.99683428,-0.271409869,0,-6.665173,-0.271409869,0,-6.665173,1,0,0,1,-0.1536803,0,-3.86353087,0,0,0,-0.164100662,-0.00148941576,-3.87067366,4.05614662,0.6271625,0.09622042,-0.00562695274,0.143143147,0.0250679255,-0.146201432,-0.06333083,-3.5132308,-7.73901367,0.744492769,-0.112060547,1.90049708,0.12342713,-0.06963895,-0.165748492,-0.0122627914,-4.08040953,1.82813,0.8446948,-0.03250122,-1.198276,0.1282339,-0.07105039,-0.1302658,-0.1331281,-3.06834126,-8.597473,0.697573066,-0.109130859,1.59693062,0.123645395,0.00170983374,-0.169851348,-0.0547870845,-4.45059872,9.09262848,0.7046374,-0.0110168457,-1.04303253,0.136329681,-0.00645662844,-0.139280468,-0.198828608,-2.9271605,-5.493805,0.6435024,-0.0888977051,0.5170197,0.128107324,0.00637554,-0.184613466,-0.0591544062,-4.63970947,2.46689534,0.437051445,-0.112548828,-0.456790715,0.1572663,0.0567312,-0.440415353,2.1321528,2.76373,3.518273
39,0.7799997236394558,102,0,1,-0.15910849,0,-3.99683428,-0.272048384,0,-6.69426,-0.272048384,0,-6.69426,1,0,0,1,-0.153667524,1.49011612E-08,-3.86294913,0,0,0,-0.16289492,-0.00148130953,-3.87025142,4.061763,0.7470708,0.09427086,-0.004836741,0.121267386,0.0230941083,-0.143038154,-0.0548861325,-3.47999787,-5.678467,0.846351,-0.09158325,2.048394,0.09485419,-0.06520772,-0.168504015,-0.009676114,-4.15146446,0.25867,0.9477379,-0.0557556152,-1.54844928,0.0960333,-0.07041251,-0.122768708,-0.129700273,-2.920816,-7.214203,0.807249963,-0.08026123,1.99348032,0.09638982,0.007818103,-0.182827041,-0.06448665,-4.71285057,7.30878162,0.8309475,-0.0334777832,-1.54896927,0.109891415,-0.00600469857,-0.126924068,-0.241220668,-2.69367433,-4.18115234,0.7666845,-0.06323242,0.9991596,0.106490396,0.0148284249,-0.203137785,-0.07152411,-5.0025816,1.78059912,0.632721543,-0.07489014,-0.5553162,0.152843535,0.0771202147,-0.440606743,2.13215256,2.75892115,3.51452065
40,0.79999971655328794,105,0,1,-0.15910849,0,-3.99683428,-0.2721989,0,-6.706634,-0.2721989,0,-6.706634,1,0,0,1,-0.153664514,0,-3.86270165,0,0,0,-0.160940453,-0.00145180523,-3.87005663,4.06658936,0.8306677,0.08988573,-0.005236572,0.08729731,0.019271614,-0.140049681,-0.0414747745,-3.46336985,-3.55065918,0.898188055,-0.06060791,2.10593724,0.0536936335,-0.0580306053,-0.171123639,-0.00160069764,-4.2050066,-1.62457275,1.00476742,-0.07949829,-1.8011421,0.0514284633,-0.0580930226,-0.115890712,-0.113047406,-2.804699,-5.34942627,0.8620314,-0.0364990234,2.34985447,0.0503564775,0.0124807656,-0.196158975,-0.052787438,-4.919715,5.0698514,0.9412213,-0.0553894043,-1.94499266,0.07549757,-0.000458166,-0.113474615,-0.285916269,-2.50273943,-3.045807,0.833984554,0.07128364,1.18367493,0.07910592,-0.0293598473,-0.214828789,-0.06521167,-5.289056,1.007064,0.799972,-0.214691162,-0.5014502,0.145887643,0.08818571,-0.439778715,2.13215256,2.77972221,3.53076982
41,0.8199997094671202,110,0,1,-0.15910849,0,-3.99683428,-0.271994,0,-6.72902155,-0.271994,0,-6.72902155,1,0,0,1,-0.153668612,1.49011612E-08,-3.862254,0,0,0,-0.158447653,-0.00141316652,-3.8694787,4.070861,0.8685335,0.08347015,-0.00550822541,0.0440974161,0.014083189,-0.13967438,-0.0250971019,-3.46849442,-1.46380615,0.8920178,-0.020111084,2.04708266,0.006105721,-0.0406699479,-0.170940384,0.0110390782,-4.23766327,-3.72006226,1.00472128,-0.106170654,-1.94505942,-0.000417854637,-0.0464805365,-0.1122558,-0.07556805,-2.73860836,-3.078888,0.88819325,0.0134790866,2.59220672,0.0203454625,0.00912812352,-0.204452947,-0.0198944211,-5.056953,2.52084064,0.9627381,-0.09024048,-2.20274663,0.03360234,0.007418677,-0.09602066,-0.25000158,-2.34085727,-0.7244873,0.90789,-0.3430481,1.92395568,0.06239023,-0.07305142,-0.2296653,-0.03403902,-5.466095,0.145173088,0.937054157,-0.5029297,-0.7571662,0.1423259,-0.5775089,-0.4398166,2.1321528,2.77876925,3.53002453
42,0.83999970238095234,114,0,1,-0.15910849,0,-3.99683428,-0.268580884,0,-6.669834,-0.268580884,0,-6.669834,1,0,0,1,-0.153736874,0,-3.86343765,0,0,0,-0.155496687,-0.00136901438,-3.86991715,4.07296562,0.854068339,0.07515016,-0.007469801,-0.00617819652,0.007512819,-0.137385339,-0.00922361,-3.48008537,0.549135447,0.8246905,0.0161439124,1.9570868,-0.04924814,-0.0319418162,-0.17017138,0.0259253979,-4.240892,-5.864929,0.945446551,-0.121765137,-1.93161,-0.0565679148,-0.020985581,-0.108906731,-0.0117406547,-2.70527768,-0.4583435,0.850684,0.06315401,2.72793031,-0.033000607,0.008292228,-0.211055666,0.0416750163,-5.100555,-0.130615234,0.9250505,-0.108459473,-2.2920444,-0.0350685,0.0222276151,-0.09497896,-0.05821708,-2.31167912,-0.0819702148,0.91149193,-0.5383911,0.506451964,0.006253291,0.0275116786,-0.2303089,0.13721998,-5.54601431,-1.039978,0.923954248,-0.723938,-1.45154262,0.0006763339,0.0778676,-0.440301746,2.1321528,2.76658416,3.52050114
43,0.85999969529478459,120,0,1,-0.15910849,0,-3.99683428,-0.263404936,0,-6.58831835,-0.263404936,0,-6.58831835,1,0,0,1,-0.1538404,1.49011612E-08,-3.865068,0,0,0,-0.152530774,-0.00130774081,-3.87109923,4.06997633,0.785504937,0.06577363,-0.0108059132,-0.0576772876,0.0007576896,-0.139146149,0.00393539667,-3.51878071,2.363729,0.699293852,0.0520085767,1.7364428,-0.100045025,-0.0109953731,-0.169173852,0.0369110554,-4.21436453,-7.88433838,0.8309477,-0.116455078,-1.764812,-0.10937731,0.0143641084,-0.11407917,0.0272767246,-2.74940729,2.323556,0.764494359,0.117378362,2.697997,-0.0786211044,0.009056225,-0.2130494,0.0934907943,-5.06714,-2.74850464,0.837061763,-0.09680176,-2.26057434,-0.08646606,0.0336690247,-0.09817365,-0.0111469924,-2.34060478,0.0857881,0.910535634,-0.706695557,0.1363436,0.00177126518,-0.0266889483,-0.22113049,0.236696869,-5.53040457,-2.64141846,0.8737459,-1.01870728,-1.83161318,-0.07479359,0.03864038,-0.44046092,2.13215256,2.76258421,3.51737857
44,0.87999968820861674,125,0,1,-0.15910849,0,-3.99683428,-0.25999555,0,-6.5423274,-0.25999555,0,-6.5423274,1,0,0,1,-0.153908581,1.49011612E-08,-3.86598778,0,0,0,-0.149966717,-0.00122694671,-3.87152815,4.06470156,0.6701619,0.05706927,-0.0121814124,-0.102720365,-0.00512682134,-0.142988592,0.0121056587,-3.58198023,3.84855247,0.5311106,0.0892418,1.39257371,-0.138041317,0.012433514,-0.1644478,0.0423866063,-4.16913,-9.684357,0.66782403,-0.09448242,-1.509084,-0.151283592,0.0352903,-0.120014131,0.06585276,-2.8575685,5.14462757,0.6380118,0.166054592,2.546107,-0.123835921,-0.000561505556,-0.204314634,0.131349921,-4.961258,-5.169861,0.676702857,-0.0868835449,-2.08475471,-0.14380233,0.03753294,-0.09114373,0.03942503,-2.41765738,1.21021736,0.91168493,-0.385681152,0.73400265,-0.00522277923,0.270584017,-0.216006488,0.307443559,-5.390521,-4.20828247,0.6907332,-0.8686218,-1.94471073,-0.149878234,0.145590454,-0.4396025,2.13215256,2.7841444,3.53423047
45,0.899999681122449,130,0,1,-0.15910849,0,-3.99683428,-0.25473097,0,-6.441059,-0.25473097,0,-6.441059,1,0,0,1,-0.154013872,0,-3.86801314,0,0,0,-0.14771305,-0.00119791925,-3.87301826,4.056691,0.5162268,0.0489506572,-0.0143899787,-0.140194744,-0.010571748,-0.145079628,0.0138780028,-3.65896,4.92238426,0.338771641,0.116216481,0.9886717,-0.166125745,0.0231248774,-0.158647344,0.0398622,-4.10579872,-11.1504822,0.468269348,-0.06503296,-1.15616143,-0.178393587,0.0515513569,-0.121104881,0.09030934,-3.00914669,7.91602945,0.483230233,0.168601826,2.31193781,-0.1325635,-0.01986733,-0.193645284,0.143575981,-4.78255558,-7.22995,0.484891355,-0.059753418,-1.53219938,-0.1676352,0.04034029,-0.09513834,0.07699233,-2.564093,2.15134048,0.8899437,-0.289306641,0.7688214,-0.003600431,0.07620653,-0.204029247,0.3148425,-5.158913,-5.86016846,0.4998367,-0.7215271,-1.74877059,-0.1561612,0.146270543,-0.440467417,2.13215256,2.76242161,3.51725173
46,0.91999967403628113,135,0,1,-0.15910849,0,-3.99683428,-0.250163019,0,-6.362965,-0.250163019,0,-6.362965,1,0,0,1,-0.154105231,0,-3.869575,0,0,0,-0.145938143,-0.001151368,-3.87416482,4.04680061,0.3339478,0.0420266837,-0.0153942788,-0.168258056,-0.0150554283,-0.147075459,0.009930715,-3.74371648,5.54030752,0.134271443,0.124860168,0.546349645,-0.186496839,0.0306469519,-0.152996257,0.0284561813,-4.0241847,-12.1707458,0.247637212,-0.0286254883,-0.712356567,-0.193386823,0.0662587956,-0.128418237,0.0955117643,-3.19881582,10.5465221,0.310522169,0.160529122,1.97207117,-0.16104266,-0.0256780088,-0.180370957,0.127811342,-4.54334831,-8.910522,0.276830435,-0.02041626,-0.813469052,-0.18118684,0.03843508,-0.09728599,0.09112077,-2.774123,3.1498487,0.747068644,-0.325408936,0.8382385,-0.06455298,0.009007335,-0.186414689,0.286719918,-4.85189056,-7.395508,0.3042051,-0.579742432,-1.54981458,-0.16107522,0.135550648,-0.4403896,2.13215256,2.76437521,3.51877642
47,0.93999966695011339,140,0,1,-0.15910849,0,-3.99683428,-0.248283252,0,-6.340339,-0.248283252,0,-6.340339,1,0,0,1,-0.154142827,0,-3.87002754,0,0,0,-0.1446089,-0.00112330914,-3.87448,4.0377903,0.133858159,0.03643689,-0.0145845432,-0.186496228,-0.0186200887,-0.147966564,0.00412915647,-3.81142545,5.78415775,-0.07498169,0.120584659,0.187765121,-0.198323265,0.03523175,-0.146521419,0.00452111661,-3.906082,-12.5393066,0.01714169,0.0108528156,-0.08754793,-0.199597955,0.07637662,-0.1363159,0.07502161,-3.425649,12.2361908,0.114016227,0.133659661,1.03778923,-0.185620964,-0.02760309,-0.165748209,0.08117408,-4.27066755,-10.70874,0.05685689,0.0250034519,-0.6592082,-0.189245224,0.03908147,-0.110430181,0.0778328,-3.10774851,4.04371071,0.48135528,-0.244812012,0.7494241,-0.15396215,0.0531430319,-0.1686309,0.249621764,-4.564842,-9.055634,0.09595378,-0.446044922,-1.61659181,-0.169936925,0.123160005,-0.440547,2.13215256,2.76042223,3.51569152
48,0.95999965986394553,143,0,1,-0.15910849,0,-3.99683428,-0.250026673,0,-6.403651,-0.250026673,0,-6.403651,1,0,0,1,-0.154107958,1.49011612E-08,-3.8687613,0,0,0,-0.143646583,-0.00112991035,-3.873472,4.03326368,-0.07443237,0.0320599563,-0.0112609984,-0.195913047,-0.0214663111,-0.149135143,-0.0024754554,-3.87175846,5.732126,-0.284301758,0.107403629,-0.138454571,-0.2034971,0.0418028124,-0.141249537,-0.021159187,-3.79296827,-12.2572021,-0.214447021,0.04831861,0.502323449,-0.199091867,0.08391398,-0.147595018,0.0341117755,-3.69541717,12.7807026,-0.108978271,0.100678012,0.4495106,-0.189989716,-0.02602911,-0.151643872,0.0277976319,-4.000706,-12.221405,-0.167999268,0.06772321,-0.34978053,-0.192044735,0.03373242,-0.128996462,0.03225612,-3.56112647,4.46887541,0.215672135,-0.199401855,0.349098921,-0.180336982,0.0549195968,-0.14915137,0.185017556,-4.250781,-10.52301,-0.119354248,-0.3265381,-1.44235933,-0.174934238,0.103089988,-0.4395224,2.13215256,2.78615928,3.53580785
49,0.97999965277777779,148,0,1,-0.15910849,0,-3.99683428,-0.251582354,0,-6.45851135,-0.251582354,0,-6.45851135,1,0,0,1,-0.154076844,0,-3.867664,0,0,0,-0.143123418,-0.00114548206,-3.87253881,4.033839,-0.2824707,0.0287456419,-0.00805472,-0.197092563,-0.0235219263,-0.151787356,-0.011026144,-3.9529922,5.26177835,-0.486846924,0.0929929242,-0.564155936,-0.1992788,0.0504247472,-0.137758747,-0.0408608764,-3.70135641,-11.4482422,-0.437805176,0.0780463,0.9764384,-0.191166773,0.08817132,-0.15993908,-0.0131721944,-4.00360632,12.5875063,-0.3215027,0.0700714663,-0.1802347,-0.178626522,-0.02177871,-0.1384967,-0.0274191648,-3.736696,-13.1395264,-0.389099121,0.09986126,0.217794836,-0.1888909,0.0237671286,-0.148372218,-0.01506415,-4.016249,4.37304068,-0.007080078,-0.1920166,-0.07189077,-0.16368413,0.04925605,-0.128851861,0.083533,-3.897353,-11.5045166,-0.334594727,-0.22744751,-0.986795545,-0.175783589,0.0785485953,-0.440608919,2.1321528,2.75886774,3.51447916
50,0.99999964569160993,152,0,1,-0.15910849,0,-3.99683428,-0.251878142,0,-6.485584,-0.251878142,0,-6.485584,1,0,0,1,-0.154070929,0,-3.86712265,0,0,0,-0.14335911,-0.00115089118,-3.87210965,4.03683472,-0.479064941,0.02720229,-0.006367346,-0.187437341,-0.0239266325,-0.154911131,-0.018503949,-4.04193926,4.309838,-0.670196533,0.082318455,-1.01751459,-0.181598425,0.05696772,-0.135784984,-0.0539332777,-3.623637,-10.2050171,-0.639129639,0.09422388,1.37166989,-0.172530666,0.08793512,-0.171844736,-0.0572824776,-4.314332,11.6892872,-0.514007568,0.04808706,-0.7870124,-0.16576755,-0.0167883467,-0.126759753,-0.08065294,-3.478918,-13.4227295,-0.592651367,0.113899752,0.83352375,-0.1755429,0.011507839,-0.167184234,-0.05902122,-4.45648861,3.81733227,-0.229064941,-0.165527344,-0.450722635,-0.163637742,0.0600492358,-0.11043328,-0.0350280255,-3.53461528,-11.86969,-0.538635254,-0.1555481,-0.414924681,-0.168596312,0.0523008257,-0.4403485,2.13215256,2.76540613,3.51958132
51,1.0199996386054422,157,0,1,-0.15910849,0,-3.99683428,-0.253176033,0,-6.51442051,-0.253176033,0,-6.51442051,1,0,0,1,-0.154044971,0,-3.866546,0,0,0,-0.144236386,-0.00114996731,-3.87163329,4.04090834,-0.652709961,0.02751769,-0.005661378,-0.166651338,-0.02289918,-0.1580579,-0.021492213,-4.12558842,2.891234,-0.8223572,0.0796291456,-1.43485,-0.1513183,0.0606284738,-0.1349326,-0.0593398362,-3.55928469,-8.610596,-0.8042908,0.0935231745,1.68677056,-0.142770767,0.0830175,-0.182406053,-0.08653338,-4.60477972,10.1463194,-0.68270874,0.04036734,-1.34274542,-0.144371778,-0.0112949312,-0.117233261,-0.122828826,-3.23826718,-13.0240173,-0.7633667,0.105338186,1.44240892,-0.149948239,-6.134808E-05,-0.18302694,-0.0891884,-4.85987234,2.95333433,-0.437805176,-0.134399414,-0.7084997,-0.160800427,0.06880947,-0.09592031,-0.152211249,-3.18135285,-11.5134277,-0.71661377,-0.1159668,0.226022765,-0.149853885,0.0276583843,-0.439411253,2.13215256,2.78894877,3.53799272
52,1.0399996315192743,162,0,1,-0.15910849,0,-3.99683428,-0.254842728,0,-6.551304,-0.254842728,0,-6.551304,1,0,0,1,-0.154011637,1.49011612E-08,-3.86580825,0,0,0,-0.145781934,-0.00116032362,-3.871019,4.04537773,-0.792449951,0.0298067089,-0.0054064584,-0.135300308,-0.02028967,-0.160904139,-0.0179160833,-4.195782,1.07115567,-0.93170166,0.0857627541,-1.77595985,-0.109497279,0.0588583052,-0.135077745,-0.0567537248,-3.51133037,-6.76153564,-0.9200134,0.07498142,1.90687823,-0.102542564,0.07370915,-0.190409258,-0.09222722,-4.85599136,8.052232,-0.815368652,0.0472084,-1.81765223,-0.114497647,-0.008059844,-0.110486269,-0.146856,-3.0275712,-11.9330139,-0.8866577,0.07412888,2.002195,-0.111390747,-0.008731842,-0.195682153,-0.09742193,-5.20201635,2.01288676,-0.6368103,-0.081451416,-0.7713629,-0.1587708,0.0839878,-0.08668448,-0.252095461,-2.85448456,-10.3878784,-0.853302,-0.109527588,0.8865794,-0.117542922,0.008292504,-0.439800829,2.13215256,2.77916169,3.53033137
53,1.0599996244331065,166,0,1,-0.15910849,0,-3.99683428,-0.256966144,0,-6.58482552,-0.256966144,0,-6.58482552,1,0,0,1,-0.153969169,0,-3.86513782,0,0,0,-0.147945955,-0.00116103888,-3.87055349,4.049483,-0.888305664,0.03410686,-0.005560968,-0.09427905,-0.0161582083,-0.164177984,-0.007601112,-4.245249,-1.04440308,-0.9866638,0.0994679853,-2.004768,-0.0579991341,0.0548119247,-0.136158228,-0.0474576652,-3.48235,-4.76187134,-0.97543335,0.0414772965,2.022972,-0.053199172,0.0616117641,-0.198243424,-0.07322201,-5.04743528,5.543658,-0.912414551,0.07627884,-2.17942214,-0.07156867,-0.00332076848,-0.106941476,-0.150618955,-2.85939312,-10.1703186,-0.9479065,0.02590764,2.47594237,-0.05993189,-0.0126726776,-0.199244067,-0.08442047,-5.46455956,1.00654912,-0.7819214,-0.251251221,-0.6610669,-0.08882466,0.03823004,-0.08298379,-0.327925265,-2.57334471,-8.441193,-0.9270325,-0.151275635,1.55631363,-0.06860273,-0.006889999,-0.44028163,2.13215256,2.767087,3.52089381
54,1.0799996173469388,171,0,1,-0.15910849,0,-3.99683428,-0.25864774,0,-6.591072,-0.25864774,0,-6.591072,1,0,0,1,-0.153935537,0,-3.865013,0,0,0,-0.15069738,-0.00118099153,-3.870488,4.05277729,-0.932006836,0.04034975,-0.00634397473,-0.04478266,-0.0105027091,-0.165892333,0.007560298,-4.27340031,-3.344574,-0.9825134,0.112327851,-2.118408,-0.00114513561,0.0368737727,-0.13756074,-0.0333677232,-3.4757576,-2.74191284,-0.9605713,-0.00241088867,2.02226877,0.00525541231,0.0445409231,-0.198585212,-0.03055507,-5.16624832,2.7738893,-0.932037354,0.0960680246,-2.39608836,-0.0258303247,-0.011531055,-0.102384776,-0.1267795,-2.74010181,-7.826111,-0.9388428,-0.0402832031,2.84938669,0.00453576446,-0.0200207829,-0.208702058,-0.03261368,-5.609264,0.08644028,-0.9670105,-0.483306885,-1.1540519,-0.0956120342,0.043138504,-0.0820928439,-0.3520283,-2.34767818,-6.346344,-0.881134033,-0.06265259,1.83688986,0.008631911,0.14873977,-0.440356016,2.1321528,2.76522,3.51943612
55,1.099999610260771,175,0,1,-0.15910849,0,-3.99683428,-0.260078251,0,-6.59148932,-0.260078251,0,-6.59148932,1,0,0,1,-0.153906927,0,-3.86500454,0,0,0,-0.153768554,-0.0011933893,-3.87043762,4.054923,-0.918670654,0.0480892174,-0.00711032562,0.009245474,-0.003944342,-0.166956067,0.0242413431,-4.26829052,-5.65414429,-0.9185486,0.118815787,-2.06418729,0.0536264032,0.0133754909,-0.139086142,-0.0177817941,-3.48990822,-0.803772,-0.8757019,-0.05178833,1.91548133,0.0624279827,0.02513723,-0.19464092,0.0383218378,-5.186437,-0.0522155762,-0.911224365,0.11174079,-2.44282818,0.0373919681,-0.0266723037,-0.102127008,-0.08780646,-2.68066,-4.982605,-0.8696594,-0.1078186,3.08058834,0.0586115941,-0.014092207,-0.214228272,0.1452385,-5.66832972,-1.63433838,-0.9390259,0.0085910745,-1.56273556,0.006633997,0.2307958,-0.08232518,-0.310708284,-2.19200277,-3.50387573,-0.832550049,-0.04458618,2.524448,0.05372893,0.0307931453,-0.439439565,2.1321528,2.78824353,3.5374403
56,1.1199996031746031,178,0,1,-0.15910849,0,-3.99683428,-0.260479838,0,-6.560483,-0.260479838,0,-6.560483,1,0,0,1,-0.1538989,1.49011612E-08,-3.86562467,0,0,0,-0.1569445,-0.00123327971,-3.8711822,4.05437946,-0.8484192,0.0566272,-0.008660688,0.06367408,0.00300641987,-0.167866617,0.0371271372,-4.2351675,-7.795105,-0.796936035,0.111343652,-1.86523616,0.107918516,-0.011945799,-0.141160637,-0.004229784,-3.52048421,0.983936131,-0.729126,-0.09939575,1.73050773,0.115061685,0.0070213154,-0.192478761,0.09901287,-5.13512754,-2.79995728,-0.797454834,0.1068918,-2.38080263,0.104609266,-0.03806325,-0.104228,-0.0442799777,-2.69039035,-1.82254028,-0.751831055,-0.162231445,3.11453629,0.0951395556,-0.00442329049,-0.2146513,0.2624929,-5.61927271,-2.89779663,-0.8183899,0.0525967143,-2.035348,0.108037852,-0.00622339547,-0.0844921842,-0.29210645,-2.1519742,-0.70602417,-0.835845947,-0.10647583,2.43853521,0.0484189056,0.06666203,-0.440282553,2.13215256,2.76706648,3.52087784
57,1.1399995960884353,183,0,1,-0.15910849,0,-3.99683428,-0.259062737,0,-6.48710966,-0.259062737,0,-6.48710966,1,0,0,1,-0.153927237,1.49011612E-08,-3.86709213,0,0,0,-0.159916431,-0.00127057731,-3.87240481,4.051602,-0.7268982,0.06499962,-0.0105791893,0.113404647,0.009700376,-0.168678388,0.0432810932,-4.18517733,-9.687347,-0.625824,0.08938265,-1.57901442,0.152285546,-0.0363964923,-0.144178227,0.00632847846,-3.56379437,2.54431319,-0.5388489,-0.138824463,1.48616433,0.1555886,-0.00693979859,-0.1898835,0.137607187,-5.011698,-5.327118,-0.636047363,0.08799922,-2.16898274,0.143144429,-0.04651799,-0.114021681,0.0265261978,-2.74711633,1.48909986,-0.5845032,-0.185882568,3.00982547,0.149315834,0.021061793,-0.210252509,0.314483225,-5.453942,-4.627716,-0.6552124,0.0463231429,-1.92369831,0.139033332,-0.0364396349,-0.102481261,-0.03176409,-2.244429,-0.0341796875,-0.7970581,-0.6687317,0.55831784,0.0291955061,-0.244622439,-0.439479858,2.1321528,2.78723049,3.536647
58,1.1599995890022676,188,0,1,-0.15910849,0,-3.99683428,-0.257989854,0,-6.41880274,-0.257989854,0,-6.41880274,1,0,0,1,-0.1539487,1.49011612E-08,-3.86845827,0,0,0,-0.162807316,-0.00128982961,-3.87388515,4.04533672,-0.5588379,0.0735793263,-0.0123329582,0.1584316,0.016400924,-0.168863684,0.0408735275,-4.11782026,-11.2183838,-0.4147644,0.052765552,-1.20183313,0.185633942,-0.0598942339,-0.150161877,0.0109713227,-3.633164,3.7580204,-0.315368652,-0.149932861,1.11467528,0.193367079,-0.009713329,-0.184981182,0.150035158,-4.8122,-7.4397583,-0.4414673,0.0496824346,-1.501277,0.1719743,-0.0491950326,-0.124536917,0.0615648776,-2.8917923,4.73105335,-0.4058838,-0.164093018,2.71325779,0.1474896,0.0335975736,-0.205282032,0.325372428,-5.19466066,-6.319153,-0.47442627,0.0182837974,-1.7707175,0.159998745,-0.04799401,-0.103458405,0.0321114361,-2.394923,1.08156073,-0.733947754,-0.5324402,0.732712,0.0237280689,0.197714686,-0.440296233,2.13215256,2.7667222,3.520609
59,1.1799995819160998,193,0,1,-0.15910849,0,-3.99683428,-0.257050335,0,-6.35261774,-0.257050335,0,-6.35261774,1,0,0,1,-0.153967485,0,-3.869782,0,0,0,-0.164807871,-0.001335159,-3.87519717,4.03796,-0.357879639,0.08028487,-0.0132428212,0.190364078,0.02117615,-0.167406276,0.0277959257,-4.025998,-12.24765,-0.181060791,0.007033524,-0.7035923,0.202657267,-0.07768823,-0.153537557,0.009710044,-3.72038746,4.511578,-0.0725097656,-0.141296387,0.6595013,0.215932086,-0.0257645324,-0.178875849,0.131455243,-4.556898,-9.267609,-0.221740723,-0.000915527344,-0.861218333,0.190569744,-0.0478658937,-0.123438455,0.0840951651,-3.08635449,7.75743532,-0.2291565,-0.168487549,2.33755,0.1747887,0.0188450366,-0.199714631,0.300945759,-4.881118,-7.954651,-0.268096924,-0.02508545,-1.63583457,0.179718,-0.0544831678,-0.112616777,0.07341279,-2.60006857,2.0434835,-0.6289673,-0.411743164,0.7767516,0.07575202,0.151231259,-0.4404297,2.13215256,2.76337051,3.51799226
60,1.1999995748299319,198,0,1,-0.15910849,0,-3.99683428,-0.2567158,0,-6.32066965,-0.2567158,0,-6.32066965,1,0,0,1,-0.153974175,1.49011612E-08,-3.870421,0,0,0,-0.165924966,-0.00137116015,-3.87601519,4.03056574,-0.141052246,0.08451063,-0.0126573639,0.20625712,0.0241215788,-0.163850263,0.00291156769,-3.90427566,-12.598053,0.05668723,-0.04019165,-0.0592594258,0.204028249,-0.0875633,-0.1557597,0.003957033,-3.811226,4.77715,0.170776322,-0.13381958,0.190167531,0.219207078,-0.0456430949,-0.171944663,0.08359903,-4.276074,-11.1552429,0.00760085741,-0.0545043945,-0.6957628,0.195495158,-0.0453053452,-0.1298216,0.08397441,-3.312638,10.5072784,-0.016998291,-0.157196045,1.87596118,0.189892471,0.0224446058,-0.195183322,0.261938632,-4.58174372,-9.679657,-0.0481872559,-0.0745239258,-1.67860854,0.188805,-0.05282252,-0.127509177,0.0843779147,-2.87015438,3.00780416,-0.4794922,-0.308807373,0.816203952,0.09034738,0.09654127,-0.4403922,2.1321528,2.7643106,3.518726
61,1.2199995677437641,203,0,1,-0.15910849,0,-3.99683428,-0.259355545,0,-6.369307,-0.259355545,0,-6.369307,1,0,0,1,-0.153921381,1.49011612E-08,-3.86944818,0,0,0,-0.16633825,-0.001403749,-3.87549376,4.02678156,0.07644312,0.08653538,-0.00996851549,0.208451957,0.0258487929,-0.159555882,-0.0226100981,-3.79152179,-12.2978516,0.284041941,-0.08206177,0.5276828,0.194655716,-0.09219168,-0.158427551,-0.0008163899,-3.865105,4.751147,0.398616165,-0.124237061,-0.09667219,0.210086718,-0.0536843,-0.16464448,0.0285509378,-3.99944329,-12.6897278,0.2314689,-0.100250244,-0.336035222,0.189688653,-0.0355614945,-0.14015545,0.0517120957,-3.57039523,11.6788206,0.199020356,-0.1298523,0.7763941,0.205551893,0.0239189845,-0.189217165,0.190570414,-4.251263,-11.16095,0.169525892,-0.11895752,-1.45446062,0.186354756,-0.03992228,-0.147132412,0.0551537722,-3.315656,3.71479,-0.174285889,-0.219421387,0.5611227,0.18276,0.09388771,-0.439409077,2.13215256,2.78900719,3.53803849
62,1.2399995606575964,208,0,1,-0.15910849,0,-3.99683428,-0.263162047,0,-6.446531,-0.263162047,0,-6.446531,1,0,0,1,-0.153845251,0,-3.86790371,0,0,0,-0.166928351,-0.00144824386,-3.87445617,4.027955,0.291973978,0.08884114,-0.00667357771,0.208350927,0.0283798445,-0.156194866,-0.0422346741,-3.69996238,-11.4683838,0.502319932,-0.115936279,1.00157213,0.187950984,-0.094405964,-0.162360519,-0.00649733841,-3.92793441,4.42361546,0.617670536,-0.112426758,-0.431287259,0.204493284,-0.0581534877,-0.156628579,-0.02933997,-3.72887039,-13.6029358,0.4477967,-0.134613037,0.256298125,0.184226081,-0.0260786824,-0.153238013,0.007118419,-3.87700915,11.8125439,0.4384685,-0.0990905762,0.0971032,0.198358655,0.0212600157,-0.180189908,0.08206204,-3.88566232,-12.12619,0.379834682,-0.152648926,-0.9684997,0.181866676,-0.0250708945,-0.16561383,0.00532351434,-3.819872,3.854942,0.08880378,-0.19720459,0.112885118,0.1866131,0.06563464,-0.4403815,2.13215256,2.764581,3.518937
63,1.2599995535714286,212,0,1,-0.15910849,0,-3.99683428,-0.265643865,0,-6.496706,-0.265643865,0,-6.496706,1,0,0,1,-0.153795615,1.49011612E-08,-3.86690021,0,0,0,-0.1668785,-0.00147530437,-3.87380219,4.032477,0.497939676,0.09003219,-0.00438590348,0.200625747,0.0295013059,-0.152456418,-0.0551413149,-3.622172,-10.2036133,0.702712655,-0.135955811,1.39766145,0.173893973,-0.09412067,-0.166404,-0.0127210468,-4.011412,3.660558,0.8189257,-0.103240967,-0.860806465,0.188373879,-0.0640258044,-0.147711456,-0.0844359249,-3.46670437,-13.85553,0.649962544,-0.15222168,0.8878463,0.173380524,-0.015343383,-0.167335749,-0.0366227776,-4.20247841,11.1694489,0.650563657,-0.07659912,-0.5664766,0.1817749,0.01726821,-0.168795854,-0.0423678532,-3.5147903,-12.4444275,0.5802261,-0.170715332,-0.3702691,0.174786508,-0.009747679,-0.183942392,-0.03983833,-4.297066,3.502726,0.328572124,-0.17376709,-0.2809916,0.174283609,0.06369203,-0.439981759,2.13215256,2.77462339,3.52678227
64,1.2799995464852607,217,0,1,-0.15910849,0,-3.99683428,-0.267207,0,-6.53206348,-0.267207,0,-6.53206348,1,0,0,1,-0.153764352,0,-3.866193,0,0,0,-0.165967092,-0.0015027076,-3.87329578,4.03848,0.6817777,0.08917599,-0.0034125573,0.180706128,0.0286490619,-0.148320213,-0.0602284968,-3.55807471,-8.589447,0.8698053,-0.138061523,1.71196628,0.1471076,-0.0897087753,-0.170010969,-0.0160033256,-4.09677839,2.42741656,0.9873561,-0.101318359,-1.28896391,0.1572502,-0.06755582,-0.138021871,-0.127518639,-3.223786,-13.407196,0.8228282,-0.14743042,1.50540435,0.1504345,-0.00427928567,-0.181095675,-0.06879564,-4.51085138,9.827997,0.832575,-0.0682373047,-1.16724837,0.159925565,0.0132899731,-0.154857025,-0.163588971,-3.15692449,-12.0181274,0.7589584,-0.166778564,0.289237142,0.1579508,0.006208146,-0.202509955,-0.07330875,-4.7309413,2.800685,0.5650686,-0.127685547,-0.5681871,0.173226222,0.07238107,-0.440297782,2.132153,2.76668382,3.52057934
65,1.2999995393990929,220,0,1,-0.15910849,0,-3.99683428,-0.2681927,0,-6.568923,-0.2681927,0,-6.568923,1,0,0,1,-0.153744638,1.49011612E-08,-3.86545587,0,0,0,-0.16435,-0.00147630274,-3.87262774,4.0448637,0.8312792,0.08628667,-0.003235182,0.1490297,0.0261387862,-0.144485265,-0.0571938,-3.51071262,-6.724457,0.989578962,-0.121612549,1.92880952,0.108860739,-0.08079454,-0.17286177,-0.0136141777,-4.170778,0.7711701,1.11008763,-0.108978271,-1.65120924,0.113655955,-0.06595223,-0.128086045,-0.151620448,-3.01258254,-12.2538452,0.9509416,-0.119415283,2.06832647,0.114124954,0.00423811376,-0.194246545,-0.0794833153,-4.779117,7.8919816,0.980953,-0.07476807,-1.67926824,0.12694709,0.01120387,-0.138137221,-0.265563637,-2.82825756,-10.8079529,0.900211453,-0.137573242,0.9606071,0.1272851,0.0191339962,-0.219502926,-0.08621292,-5.09935951,1.96822643,0.7789676,-0.08200073,-0.677680135,0.16726619,0.0833186358,-0.440375924,2.1321528,2.76471925,3.519045
66,1.3199995323129252,226,0,1,-0.15910849,0,-3.99683428,-0.2687448,0,-6.601479,-0.2687448,0,-6.601479,1,0,0,1,-0.1537336,1.49011612E-08,-3.86480474,0,0,0,-0.162062228,-0.00145317614,-3.87198782,4.05067348,0.935415566,0.08125934,-0.00362916477,0.106849506,0.021953553,-0.1414651,-0.0473980159,-3.48255467,-4.71484375,1.05011654,-0.08834839,2.03943324,0.0610122755,-0.06750871,-0.175225958,-0.00490438938,-4.224463,-1.20581055,1.17776549,-0.120758057,-1.90346336,0.06052002,-0.0538599528,-0.118858553,-0.154591724,-2.84544277,-10.42334,1.02632022,-0.07192993,2.54016471,0.06736967,0.008070782,-0.20698446,-0.0657005757,-4.98641443,5.504189,1.10642517,-0.0862426758,-2.07336664,0.08493563,0.0139098018,-0.11906983,-0.3413383,-2.54754567,-8.771484,1.004742,-0.1105957,1.63317382,0.08834608,0.0186482072,-0.230555043,-0.07732645,-5.383419,1.15753627,0.956967652,-0.142486572,-0.601016641,0.153564781,0.09487812,-0.439626753,2.13215256,2.78354025,3.53375745
67,1.3399995252267574,230,0,1,-0.15910849,0,-3.99683428,-0.26763317,0,-6.60547256,-0.26763317,0,-6.60547256,1,0,0,1,-0.153755829,0,-3.86472487,0,0,0,-0.159309715,-0.00141131878,-3.87169981,4.05526638,0.9867617,0.07456125,-0.004840891,0.05684162,0.0164346974,-0.1391399,-0.03299041,-3.47689867,-2.69073486,1.04642677,-0.04534912,2.03261137,0.006083928,-0.053553015,-0.174473286,0.008734778,-4.255673,-3.391388,1.1806,-0.138641357,-2.03468966,0.0007450618,-0.0426957756,-0.110835671,-0.129737,-2.72828984,-8.009674,1.02524531,-0.0147705078,2.9074,0.00346802175,0.008491397,-0.2142167,-0.0303868949,-5.118512,2.8222518,1.12649167,-0.114471436,-2.31904149,0.0396900438,0.0198943764,-0.102188073,-0.3639071,-2.32468653,-6.58569336,0.998319268,0.0252010971,1.91759431,0.00487042964,0.08173173,-0.245008215,-0.0509782881,-5.552426,0.137363613,1.1346662,-0.2571106,-0.8468869,0.146186024,-0.5086913,-0.4404751,2.13215256,2.76222754,3.5171
68,1.3599995181405895,235,0,1,-0.15910849,0,-3.99683428,-0.266754746,0,-6.61247,-0.266754746,0,-6.61247,1,0,0,1,-0.1537734,0,-3.864585,0,0,0,-0.1561858,-0.00136382878,-3.87110686,4.05873728,0.9807444,0.06639945,-0.00581077859,0.00244919956,0.009916454,-0.13864404,-0.0175735056,-3.49188066,-0.7569275,0.9768809,0.00243648468,1.91814077,-0.051031433,-0.0350844562,-0.173215285,0.0243001878,-4.255526,-5.61953735,1.12179375,-0.146698,-2.008741,-0.057808768,-0.0185819417,-0.1071998,-0.0895189345,-2.67204285,-5.102844,0.961941361,0.04451906,3.12805963,-0.054615587,0.0054063797,-0.218078628,0.0358964652,-5.15089226,0.0604146719,1.10191739,-0.130493164,-2.384319,-0.0441149324,0.02891472,-0.08776748,-0.319612563,-2.17283869,-3.65899658,0.920820832,0.0742046,2.59756947,-0.08147348,-0.0418149829,-0.243363127,0.1379348,-5.619219,-1.43692017,1.10039818,-0.0548400879,-1.48732018,-0.02972214,0.16567409,-0.440350771,2.1321528,2.765352,3.519539
69,1.3799995110544216,240,0,1,-0.15910849,0,-3.99683428,-0.263248473,0,-6.570723,-0.263248473,0,-6.570723,1,0,0,1,-0.153843522,0,-3.86541986,0,0,0,-0.152930766,-0.00132583082,-3.87157774,4.05894232,0.915694237,0.0571067519,-0.007909819,-0.053760197,0.002748614,-0.1390297,-0.004268557,-3.52353263,1.01588571,0.844597161,0.0457904749,1.72485733,-0.107116744,-0.0167569667,-0.169569835,0.036295414,-4.224477,-7.69512939,0.9978869,-0.142486572,-1.82103157,-0.115314454,0.0069758445,-0.108779095,-0.0448219627,-2.68441725,-1.8815918,0.8715817,0.101039976,3.156434,-0.08587688,0.0031414032,-0.217654288,0.09515917,-5.10681772,-2.63671875,0.985411465,-0.130249023,-2.33601475,-0.102880731,0.04355672,-0.0838684738,-0.2994141,-2.13534832,-0.7885132,0.8741039,-0.07180786,2.53380275,-0.04955455,-0.15919745,-0.2389809,0.2550257,-5.58409,-2.64666748,0.9870331,-0.064453125,-2.00055838,-0.09643194,0.0322901,-0.440416,2.1321528,2.76371121,3.51825833
70,1.399999503968254,245,0,1,-0.15910849,0,-3.99683428,-0.258710325,0,-6.49769545,-0.258710325,0,-6.49769545,1,0,0,1,-0.153934285,-1.1920929E-06,-3.86688042,0,0,0,-0.149970815,-0.00126951933,-3.87233829,4.05649567,0.797469854,0.04804799,-0.0103174914,-0.105078623,-0.004003816,-0.1413521,0.006009832,-3.566592,2.56065583,0.6628581,0.08384063,1.47796738,-0.153287858,0.00663618743,-0.16528368,0.0425034,-4.17598867,-9.534546,0.820917964,-0.120605469,-1.54388416,-0.161794633,0.0351104438,-0.1178289,0.0254860371,-2.74522972,1.47462142,0.74716866,0.161179379,3.031748,-0.104777768,0.01027815,-0.211373612,0.132145822,-4.99004555,-5.127472,0.8253601,-0.110809326,-2.13935971,-0.144582853,0.05232984,-0.0991367251,-0.0396111,-2.23542738,-0.06573486,0.88200897,-0.510681152,0.6105855,0.00288929418,-0.220611,-0.227342144,0.3046637,-5.42892742,-4.34542847,0.837722063,-0.0533447266,-1.89822054,-0.134438485,0.0390442163,-0.439338237,2.13215256,2.790785,3.53943133
71,1.4199994968820862,248,0,1,-0.15910849,0,-3.99683428,-0.25409618,0,-6.429162,-0.25409618,0,-6.429162,1,0,0,1,-0.154026568,-5.96046448E-07,-3.868251,0,0,0,-0.147341475,-0.00121568143,-3.87331748,4.050437,0.6339911,0.0395009033,-0.0124282269,-0.149068028,-0.01023681,-0.146585912,0.0105059743,-3.636736,3.7523036,0.445203,0.1279788,1.09968352,-0.187204808,0.0370823033,-0.15981859,0.0399742424,-4.10976,-11.02597,0.6031491,-0.0837402344,-1.17531121,-0.194994062,0.0586176962,-0.129849911,0.06192404,-2.893923,4.74179935,0.568556547,0.227871358,2.72077966,-0.1660881,0.009274319,-0.1999187,0.144221738,-4.79598427,-7.21505737,0.622514248,-0.07318115,-1.501923,-0.1790762,0.0530062169,-0.0970339,0.0310723484,-2.391613,1.11519992,0.8427842,-0.293182373,0.7741971,-0.027235534,0.172218442,-0.210302919,0.3161735,-5.17644262,-6.016693,0.6455622,-0.0232849121,-1.75486946,-0.169329792,0.0507567078,-0.439414084,2.1321528,2.78887773,3.53793716
72,1.4399994897959183,254,0,1,-0.15910849,0,-3.99683428,-0.249844149,0,-6.358888,-0.249844149,0,-6.358888,1,0,0,1,-0.154111609,0,-3.86965656,0,0,0,-0.145354331,-0.001171574,-3.87427163,4.042822,0.437290519,0.0324114375,-0.0137625448,-0.181440458,-0.0151653476,-0.149464488,0.009099558,-3.723831,4.480406,0.212940186,0.164652929,0.64274615,-0.20693104,0.049973648,-0.15364483,0.0271465778,-4.01871538,-12.0223694,0.3604503,-0.037322998,-0.6824627,-0.212803662,0.07539065,-0.132084817,0.08367054,-3.09143925,7.784225,0.3816722,0.239194155,2.333898,-0.168737233,-0.012147963,-0.184916273,0.1265156,-4.544526,-9.035706,0.3920621,-0.0225219727,-0.8735296,-0.199883565,0.0502506271,-0.101301178,0.07463667,-2.603816,2.07946134,0.761222363,-0.28414917,0.7511316,-0.0382434428,0.0363134444,-0.189893782,0.2940195,-4.869523,-7.64886475,0.425501168,0.0221794266,-1.63435638,-0.191230357,0.0571182966,-0.4405815,2.1321528,2.759555,3.51501513
73,1.4599994827097504,260,0,1,-0.15910849,0,-3.99683428,-0.2474324,0,-6.326773,-0.2474324,0,-6.326773,1,0,0,1,-0.154159844,1.49011612E-08,-3.87029886,0,0,0,-0.144273922,-0.00114291906,-3.87473249,4.034959,0.22434707,0.0278500784,-0.0135812452,-0.197913557,-0.0180745069,-0.151101768,0.00329865515,-3.81474042,4.71821976,-0.014465332,0.180581063,0.171001643,-0.211291045,0.0530734062,-0.147143841,0.00275063515,-3.89763212,-12.3463745,0.111965008,0.0106022442,-0.0429687463,-0.214714453,0.08393351,-0.138297647,0.08308755,-3.32056427,10.5355082,0.180110112,0.233260751,1.86133409,-0.178683966,-0.0200316161,-0.168627083,0.0800677,-4.26692963,-10.9284668,0.151951253,0.0313297734,-0.714494765,-0.20541814,0.0472843274,-0.105169415,0.08548457,-2.879455,3.034905,0.6117074,-0.321289063,0.7875725,-0.07641493,0.00245840475,-0.169799343,0.257786572,-4.57534742,-9.382233,0.193395868,0.07347467,-1.688273,-0.199502155,0.05544667,-0.4397549,2.1321528,2.78031731,3.53123546
74,1.4799994756235828,264,0,1,-0.15910849,0,-3.99683428,-0.2483898,0,-6.375327,-0.2483898,0,-6.375327,1,0,0,1,-0.1541407,1.49011612E-08,-3.86932778,0,0,0,-0.143713027,-0.0011357367,-3.873973,4.03044558,0.00918676052,0.0253301766,-0.0110998014,-0.201789811,-0.0199727956,-0.1504339,-0.00134392083,-3.866723,4.67418671,-0.227722168,0.18075487,-0.10796506,-0.2055193,0.05049739,-0.142103657,-0.02196914,-3.78713727,-12.0332336,-0.129394531,0.053863097,0.531908631,-0.207473546,0.0882990658,-0.144532934,0.0495729074,-3.580527,11.6408806,-0.0261230469,0.205753908,0.7496002,-0.192489758,-0.0242501646,-0.153154463,0.0269298479,-3.99296045,-12.4411011,-0.08468628,0.07797857,-0.3286452,-0.201573059,0.037109375,-0.120827265,0.0529813021,-3.33593321,3.71025229,0.3250851,-0.229370117,0.5437709,-0.17884326,0.0742982551,-0.14834936,0.187119111,-4.2448144,-10.85495,-0.0368652344,0.119846173,-1.44853568,-0.19784902,0.0420579165,-0.440361142,2.13215256,2.765089,3.51933384
75,1.4999994685374149,269,0,1,-0.15910849,0,-3.99683428,-0.250965446,0,-6.451621,-0.250965446,0,-6.451621,1,0,0,1,-0.154089183,1.49011612E-08,-3.867802,0,0,0,-0.142886534,-0.00115647912,-3.87275457,4.031077,-0.206329346,0.022392109,-0.00758470129,-0.203897685,-0.0227930211,-0.150708258,-0.007022828,-3.93006778,4.32566547,-0.435028076,0.17167823,-0.446762234,-0.203499049,0.0516849756,-0.1378523,-0.04108265,-3.6966238,-11.1994019,-0.36505127,0.0894799754,1.00016236,-0.202126384,0.09054354,-0.154589415,0.00485946238,-3.89018488,11.7359886,-0.248046875,0.173221678,0.06397338,-0.187503055,-0.0233714823,-0.138887584,-0.0294599533,-3.723749,-13.3413391,-0.317657471,0.114312358,0.264321864,-0.199051589,0.0270207189,-0.138781682,0.002963543,-3.84220052,3.81991148,0.06913468,-0.195465088,0.09446433,-0.182585746,0.0616014451,-0.127021745,0.08028613,-3.88046885,-11.8147583,-0.263641357,0.156339556,-0.963231444,-0.196486011,0.0267899632,-0.440226972,2.1321528,2.76846027,3.52196646
76,1.5199994614512471,274,0,1,-0.15910849,0,-3.99683428,-0.252433956,0,-6.500604,-0.252433956,0,-6.500604,1,0,0,1,-0.154059812,0,-3.86682224,0,0,0,-0.142849684,-0.00117067993,-3.871952,4.03530836,-0.413574219,0.02082106,-0.005313497,-0.197240651,-0.023893768,-0.152800187,-0.0130922347,-4.01384354,3.53875613,-0.626983643,0.1596304,-0.8782565,-0.1899035,0.0550973639,-0.135406151,-0.0535611957,-3.6194644,-9.936066,-0.5823059,0.110495552,1.3922888,-0.186325267,0.09010932,-0.1651279,-0.03837365,-4.21641636,11.0541286,-0.453521729,0.14298816,-0.599819362,-0.174292415,-0.0219979156,-0.126262575,-0.0829518437,-3.46306586,-13.5840454,-0.5365906,0.13276343,0.8933639,-0.188332975,0.0142153762,-0.1564506,-0.0416932553,-4.31930351,3.44655252,-0.1673584,-0.1689148,-0.296792835,-0.176053539,0.06393981,-0.107623264,-0.041899845,-3.511219,-12.1276245,-0.4815979,0.176084846,-0.366149545,-0.190249071,0.009131506,-0.43982625,2.1321528,2.778523,3.529832
77,1.5399994543650792,278,0,1,-0.15910849,0,-3.99683428,-0.2537922,0,-6.536021,-0.2537922,0,-6.536021,1,0,0,1,-0.154032648,1.49011612E-08,-3.866114,0,0,0,-0.143730342,-0.00116913021,-3.87137151,4.04085159,-0.5988159,0.0215190724,-0.00448010769,-0.177312464,-0.0229269154,-0.1555802,-0.0160439312,-4.09892559,2.28326678,-0.788421631,0.150178,-1.30434012,-0.160467684,0.0564529,-0.1345393,-0.0583097935,-3.5561676,-8.328918,-0.762756348,0.112689368,1.70181775,-0.155882284,0.08500022,-0.174898848,-0.06932233,-4.52383327,9.677357,-0.633972168,0.122084953,-1.197553,-0.153431728,-0.01973541,-0.116127,-0.124544948,-3.22202969,-13.1282349,-0.7229004,0.1268349,1.50717354,-0.162886262,0.000850021839,-0.171970755,-0.07405357,-4.75111628,2.736946,-0.394226074,-0.130706787,-0.5744558,-0.174044713,0.07302938,-0.09218415,-0.160869271,-3.15518165,-11.6972656,-0.675079346,0.170947164,0.291603446,-0.171385556,-0.0100720841,-0.440452516,2.13215256,2.762795,3.517543
78,1.5599994472789116,283,0,1,-0.15910849,0,-3.99683428,-0.2558247,0,-6.57294035,-0.2558247,0,-6.57294035,1,0,0,1,-0.153992,0,-3.86537552,0,0,0,-0.145335689,-0.00116936862,-3.870764,4.04650974,-0.7491455,0.02441707,-0.00445977924,-0.14492552,-0.0202406887,-0.15835996,-0.0132720917,-4.172182,0.6096814,-0.9060364,0.146481112,-1.66108286,-0.117780752,0.05327055,-0.134719938,-0.055106,-3.50995946,-6.477051,-0.8907471,0.09535509,1.91280162,-0.113045678,0.07494565,-0.182734013,-0.07835293,-4.789639,7.71245146,-0.7791748,0.113963723,-1.703656,-0.122197166,-0.01801239,-0.108997911,-0.1473852,-3.01319218,-11.9703369,-0.8592224,0.0959273,2.06570721,-0.12228673,-0.009519339,-0.184432358,-0.08551887,-5.11553574,1.91351449,-0.603027344,-0.08078003,-0.6689995,-0.168611586,0.0848710239,-0.08245134,-0.260735035,-2.82864285,-10.485199,-0.8257446,0.13744317,0.9607855,-0.136432081,-0.0257224366,-0.44050473,2.1321528,2.76148319,3.51651955
79,1.5799994401927437,286,0,1,-0.15910849,0,-3.99683428,-0.257984638,0,-6.603875,-0.257984638,0,-6.603875,1,0,0,1,-0.1539488,1.49011612E-08,-3.86475682,0,0,0,-0.147607878,-0.00116819143,-3.87034416,4.051299,-0.853393555,0.0294764452,-0.00492869643,-0.101831034,-0.0159018859,-0.161683276,-0.00418688357,-4.224716,-1.37750244,-0.9673157,0.149005413,-1.90481377,-0.0646949,0.04796496,-0.13543199,-0.04541914,-3.482934,-4.48547363,-0.9538574,0.0608557537,2.01884556,-0.06059454,0.0597073175,-0.19021748,-0.0631838,-4.99272728,5.306451,-0.885131836,0.127223432,-2.08851123,-0.076116845,-0.0150382593,-0.10459175,-0.1504649,-2.84850669,-10.1328735,-0.9357605,0.0438441336,2.53482676,-0.07422237,-0.0140675753,-0.1889834,-0.075711906,-5.394326,1.04055691,-0.7425537,-0.212005615,-0.5865125,-0.106791973,0.05426649,-0.080187425,-0.337602377,-2.55247378,-8.54248,-0.9475708,0.231424868,1.64800858,-0.101324961,-0.011069,-0.439731061,2.13215256,2.780921,3.53170776
80,1.5999994331065759,291,0,1,-0.15910849,0,-3.99683428,-0.2592095,0,-6.61028862,-0.2592095,0,-6.61028862,1,0,0,1,-0.1539243,0,-3.86462855,0,0,0,-0.15043819,-0.00119130313,-3.87024951,4.05502748,-0.903595,0.03644759,-0.005976331,-0.0506769866,-0.0101371044,-0.163305283,0.009519607,-4.254705,-3.56384277,-0.9687805,0.1493508,-2.027753,-0.006725773,0.0285029113,-0.137735471,-0.0311433822,-3.4794383,-2.48989868,-0.946167,0.0173626859,2.00222683,-0.001562167,0.0459671281,-0.191317782,-0.0258974135,-5.120023,2.61825323,-0.917602539,0.131767958,-2.3233757,-0.0368854254,-0.02156213,-0.104359232,-0.122785583,-2.734508,-7.723572,-0.9364624,-0.01651001,2.894335,-0.00155494362,-0.0139564276,-0.198986918,-0.0326186568,-5.553815,0.101793133,-0.96484375,-0.4251709,-0.9700363,-0.113126449,-0.276658058,-0.080833815,-0.3449791,-2.32803655,-6.31311035,-0.9436035,0.08900066,1.97081435,-0.0194015354,-0.116724312,-0.440613151,2.1321528,2.75876141,3.51439619
81,1.619999426020408,296,0,1,-0.15910849,0,-3.99683428,-0.260533482,0,-6.60794,-0.260533482,0,-6.60794,1,0,0,1,-0.153897822,1.49011612E-08,-3.86467552,0,0,0,-0.153632775,-0.00120185316,-3.87023282,4.0572257,-0.8946533,0.0450383,-0.00697150268,0.00546731055,-0.00333724823,-0.1653322,0.0248343349,-4.252428,-5.77557373,-0.908782959,0.145804256,-1.98651755,0.0502138,0.008260295,-0.139865935,-0.0158687681,-3.495375,-0.584442139,-0.866577148,-0.02911377,1.88592494,0.0593510456,0.028222926,-0.188724875,0.04071325,-5.146535,-0.135803223,-0.8988037,0.134174541,-2.37885165,0.03995566,-0.0362312868,-0.105125062,-0.084390834,-2.68177414,-4.82333374,-0.865448,-0.074798584,3.108471,0.06116202,-0.007978544,-0.202108175,0.147138625,-5.61708736,-1.445404,-0.922699,-0.2581787,-1.54586875,0.0200041384,0.166787833,-0.08607996,-0.31311962,-2.18319488,-3.40228271,-0.868286133,0.024918396,2.58246636,0.0536663644,-0.05013156,-0.4403627,2.1321528,2.76505232,3.51930523
82,1.6399994189342404,301,0,1,-0.15910849,0,-3.99683428,-0.2606728,0,-6.568947,-0.2606728,0,-6.568947,1,0,0,1,-0.153895035,0,-3.86545539,0,0,0,-0.1568509,-0.001237616,-3.87110615,4.056388,-0.8274231,0.0542220362,-0.008709595,0.06123247,0.00364143169,-0.166517764,0.0364426672,-4.22076,-7.8303833,-0.7885132,0.130140662,-1.793361,0.105767816,-0.01628302,-0.142221838,-0.0028295517,-3.52804255,1.1591481,-0.725280762,-0.0729064941,1.69101357,0.113068983,0.0107933506,-0.18703194,0.09770322,-5.098348,-2.81930542,-0.781677246,0.123591952,-2.32047272,0.102448106,-0.0470266119,-0.108790047,-0.03951475,-2.69704223,-1.616394,-0.7487793,-0.116729736,3.12886,0.09733677,0.00521068275,-0.203166157,0.257634342,-5.57230139,-2.71853638,-0.79107666,-0.23324585,-1.98842168,0.103333808,0.00232553482,-0.08885765,-0.281654239,-2.1545794,-0.7262268,-0.8591919,-0.13482666,2.36546516,0.0185514055,-0.0311967582,-0.439573824,2.1321528,2.78486919,3.53479815
83,1.6599994118480725,303,0,1,-0.15910849,0,-3.99683428,-0.25980854,0,-6.49589539,-0.25980854,0,-6.49589539,1,0,0,1,-0.153912321,0,-3.86691642,0,0,0,-0.1598976,-0.00126741827,-3.872327,4.05328035,-0.707061768,0.0633218661,-0.0107729482,0.1126204,0.010418958,-0.166897014,0.04149203,-4.17122364,-9.640503,-0.619018555,0.100032412,-1.50787747,0.1507139,-0.0431249,-0.1458403,0.00696967542,-3.573586,2.66541362,-0.5378418,-0.103668213,1.43502009,0.156823412,-0.0008474365,-0.183689475,0.132604584,-4.975882,-5.27615356,-0.6309204,0.09131547,-2.1114037,0.1365513,-0.0552683659,-0.118225917,0.029323265,-2.762858,1.71501088,-0.5854492,-0.131408691,2.99766541,0.146269158,0.0273370147,-0.202723458,0.305369973,-5.41043663,-4.421234,-0.655273438,-0.209777832,-1.8912493,0.127852648,-0.00352591276,-0.106727526,-0.0310697258,-2.25700665,-0.0375061035,-0.8170166,-0.6708374,0.559629858,0.02779843,-0.242682964,-0.439790517,2.13215256,2.77943182,3.53054261
84,1.6799994047619047,304,0,1,-0.15910849,0,-3.99683428,-0.258327365,0,-6.42804146,-0.258327365,0,-6.42804146,1,0,0,1,-0.153941944,1.49011612E-08,-3.8682735,0,0,0,-0.162790835,-0.00129714608,-3.87377572,4.046801,-0.539672852,0.07234281,-0.0123756789,0.158054858,0.0170429721,-0.167122856,0.03836222,-4.10451365,-11.093811,-0.409118652,0.05514961,-1.13347411,0.185009539,-0.06657432,-0.151482269,0.0108401477,-3.64515162,3.812998,-0.315368652,-0.107574463,1.05238628,0.19547838,-0.00608833134,-0.1797155,0.143080831,-4.777565,-7.321747,-0.437927246,0.04527869,-1.44398844,0.170165151,-0.0556076765,-0.1273117,0.06371787,-2.91496682,4.952304,-0.409240723,-0.106414795,2.6822145,0.146833256,0.03634104,-0.199202552,0.313951641,-5.15117741,-6.08200073,-0.475769043,-0.207733154,-1.73808563,0.1615018,-0.02049061,-0.106903017,0.03447306,-2.41564226,1.14428353,-0.752502441,-0.499969482,0.7685765,0.0227723252,0.213003635,-0.4379711,2.13215256,2.8251338,3.566409
85,1.6999993976757368,304,0,1,-0.15910849,0,-3.99683428,-0.257268637,0,-6.358793,-0.257268637,0,-6.358793,1,0,0,1,-0.153963119,1.49011612E-08,-3.86965847,0,0,0,-0.164770275,-0.00133349,-3.87515664,4.03916264,-0.3395691,0.07936243,-0.0132369129,0.18975848,0.0216982458,-0.165751338,0.0244501531,-4.01079,-12.0357666,-0.175811768,0.00288974913,-0.625056,0.20266974,-0.0829950944,-0.154476747,0.008940294,-3.732963,4.49701452,-0.07305908,-0.0950622559,0.5947934,0.217389852,-0.0242400244,-0.174430862,0.122533962,-4.52336645,-9.148468,-0.217987061,-0.0111694336,-0.8576955,0.19008781,-0.053017538,-0.125960559,0.08357394,-3.11440587,7.9627037,-0.227386475,-0.107177734,2.291725,0.174180657,0.0213812143,-0.195071891,0.290820658,-4.84618044,-7.728943,-0.267578125,-0.224731445,-1.64261472,0.183814,-0.0308552161,-0.1153465,0.07408102,-2.631259,2.105549,-0.661560059,-0.398376465,0.774140656,0.06539744,0.144045681,-0.434891224,2.13215256,2.90251637,3.62764478
86,1.7199993905895692,305,0,1,-0.15910849,0,-3.99683428,-0.257149428,0,-6.33170843,-0.257149428,0,-6.33170843,1,0,0,1,-0.1539655,1.49011612E-08,-3.87020016,0,0,0,-0.165827259,-0.00137014687,-3.87586069,4.031864,-0.124359131,0.08374108,-0.0125736427,0.204899326,0.0244461615,-0.162330434,-0.000233188272,-3.88969946,-12.3016663,0.0613386072,-0.0488586426,0.014838228,0.203770444,-0.0913625658,-0.156491563,0.00288818777,-3.82406783,4.691382,0.169130236,-0.08526611,0.124094605,0.21957992,-0.0451212265,-0.168321386,0.07537543,-4.24611664,-11.0299683,0.011473773,-0.06838989,-0.6998838,0.19503805,-0.0486407578,-0.131826386,0.08169453,-3.34500551,10.6733561,-0.0170288086,-0.0941772461,1.813469,0.1905555,0.0235591084,-0.191617325,0.2531108,-4.55155754,-9.460693,-0.0467224121,-0.250274658,-1.68584454,0.192700222,-0.0315175056,-0.130050644,0.08350438,-2.908741,3.06007552,-0.508239746,-0.286834717,0.805577,0.08712195,0.09552078,-0.440335631,2.1321528,2.76573086,3.519835
87,1.7399993835034013,305,0,1,-0.15910849,0,-3.99683428,-0.260217577,0,-6.38252735,-0.260217577,0,-6.38252735,1,0,0,1,-0.15390414,0,-3.86918378,0,0,0,-0.16622895,-0.0014038831,-3.87532568,4.02808475,0.09127725,0.08594475,-0.009862977,0.206969664,0.0260884985,-0.158384234,-0.0241983384,-3.78157187,-11.9429626,0.2884005,-0.09375,0.577364743,0.19484897,-0.09481859,-0.158914477,-0.00151096284,-3.8728807,4.624235,0.397267878,-0.07418823,-0.1375084,0.211100161,-0.0533770546,-0.16172789,0.0224993378,-3.97308135,-12.4912415,0.235461518,-0.1161499,-0.2826014,0.18957898,-0.03738339,-0.140827268,0.0459299162,-3.605546,11.638834,0.208729759,-0.06765747,0.6992333,0.21415697,0.02188414,-0.186168909,0.179221,-4.21668053,-10.8971558,0.171493173,-0.2732544,-1.41430151,0.190284461,-0.0207865313,-0.148240358,0.04850655,-3.37794566,3.70378375,-0.159759521,-0.206512451,0.5004182,0.2068661,0.09000804,-0.437255681,2.1321528,2.84311771,3.58058476
88,1.7599993764172335,306,0,1,-0.15910849,0,-3.99683428,-0.263663471,0,-6.459191,-0.263663471,0,-6.459191,1,0,0,1,-0.153835222,1.49011612E-08,-3.86765051,0,0,0,-0.16693081,-0.00144894421,-3.8742907,4.029444,0.306083471,0.08871385,-0.006431016,0.207886308,0.0288417842,-0.155424133,-0.042557478,-3.69247055,-11.072052,0.5080093,-0.1296997,1.03837478,0.189459592,-0.09621312,-0.162426546,-0.007172823,-3.93772078,4.24634027,0.619501352,-0.0645751953,-0.482398659,0.207039058,-0.0609487668,-0.154269174,-0.0338608027,-3.70431066,-13.3397827,0.453392774,-0.151977539,0.315375477,0.1854219,-0.0275076926,-0.153232813,0.00145788491,-3.9178803,11.6710911,0.451209337,-0.0420532227,0.0109077869,0.201110929,0.0170832332,-0.177683875,0.07080352,-3.851218,-11.8114014,0.3833686,-0.2881775,-0.9195116,0.186746851,-0.008652195,-0.165632024,-0.0006004423,-3.88188744,3.77424812,0.09960365,-0.1956482,0.05817502,0.188660771,0.0611370429,-0.438919961,2.1321528,2.80129814,3.547675
89,1.7799993693310656,309,0,1,-0.15910849,0,-3.99683428,-0.265792131,0,-6.504395,-0.265792131,0,-6.504395,1,0,0,1,-0.15379265,1.49011612E-08,-3.86674643,0,0,0,-0.166801974,-0.001488328,-3.87370324,4.034097,0.510693848,0.0899632648,-0.00428226031,0.199526787,0.02970395,-0.151822209,-0.0542766154,-3.616513,-9.778351,0.7084106,-0.150024414,1.4241401,0.174241975,-0.0949236,-0.1666663,-0.0130288452,-4.02203131,3.426018,0.822382748,-0.05706787,-0.9147924,0.188587353,-0.06583868,-0.145913765,-0.08641052,-3.44498444,-13.5280762,0.656380832,-0.169464111,0.943876266,0.173839912,-0.0155558586,-0.167212814,-0.0406450927,-4.242739,10.9343,0.671301365,-0.02468872,-0.647041559,0.178777054,0.0111600012,-0.166887075,-0.05126159,-3.48263144,-12.06955,0.585381866,-0.289276123,-0.31646806,0.179212019,0.00505717471,-0.179416716,-0.04287432,-4.35645056,3.340608,0.3051498,-0.3022461,-0.33168298,0.164351359,0.0331985876,-0.4397726,2.13215256,2.77987719,3.530891
90,1.799999362244898,314,0,1,-0.15910849,0,-3.99683428,-0.267321736,0,-6.537094,-0.267321736,0,-6.537094,1,0,0,1,-0.153762057,0,-3.86609244,0,0,0,-0.165776789,-0.00149066746,-3.87320924,4.04002428,0.691656,0.08897034,-0.00348406774,0.178050861,0.0285192057,-0.147858232,-0.0581873357,-3.554624,-8.1484375,0.8732092,-0.151092529,1.72569644,0.145326331,-0.08901554,-0.1698319,-0.015532136,-4.106347,2.1401608,0.987669349,-0.0576782227,-1.33608854,0.153618008,-0.07059668,-0.136805922,-0.126425326,-3.20631456,-13.0175171,0.8278005,-0.163146973,1.55380893,0.148993522,-0.00350901484,-0.178928629,-0.06997609,-4.54712868,9.511016,0.8326861,-0.0309448242,-1.23803818,0.157324344,0.003116645,-0.153458878,-0.168733925,-3.1287384,-11.5802307,0.76387167,-0.269348145,0.34311676,0.160372853,0.0199413151,-0.196617737,-0.07511094,-4.783914,2.576619,0.548997939,-0.311035156,-0.563090563,0.1725405,0.102858454,-0.440208226,2.1321528,2.76893377,3.52233624
91,1.8199993551587301,317,0,1,-0.15910849,0,-3.99683428,-0.268385679,0,-6.576481,-0.268385679,0,-6.576481,1,0,0,1,-0.153740779,1.49011612E-08,-3.86530471,0,0,0,-0.16405648,-0.00147491693,-3.872498,4.046192,0.83647716,0.0858381838,-0.00331441662,0.144666851,0.0256959833,-0.144268334,-0.05423577,-3.509873,-6.28305054,0.9882828,-0.132751465,1.9277904,0.10502471,-0.0787032247,-0.170837969,-0.0122977495,-4.178889,0.4376939,1.103364,-0.0776062,-1.68949747,0.10858167,-0.0766743645,-0.1275162,-0.147283226,-3.00089,-11.8079224,0.9518294,-0.13269043,2.10507441,0.110373139,0.005654365,-0.189404666,-0.0781401545,-4.809665,7.50766563,0.992384255,-0.0526428223,-1.73648751,0.129509628,0.0009666681,-0.137210816,-0.2659712,-2.80594182,-10.3096924,0.902168334,-0.225128174,1.01012456,0.126816764,0.03172861,-0.220482722,-0.08953209,-5.13761044,1.81013787,0.783657134,-0.08178711,-0.61208874,0.175908387,0.218593121,-0.440191567,2.13215256,2.76935,3.52266145
92,1.8399993480725623,319,0,1,-0.15910849,0,-3.99683428,-0.268715,0,-6.602683,-0.268715,0,-6.602683,1,0,0,1,-0.153734192,0,-3.86478066,0,0,0,-0.161665842,-0.00145089626,-3.871993,4.05153656,0.9343795,0.0805199,-0.003972191,0.10076955,0.0211806428,-0.141507909,-0.04405898,-3.48405957,-4.287842,1.0420506,-0.099823,2.02635074,0.05465722,-0.06391251,-0.173132613,-0.00284001231,-4.228724,-1.56567383,1.16205311,-0.102661133,-1.92045462,0.0544794574,-0.0624315627,-0.119731337,-0.149723053,-2.839499,-9.923828,1.01195455,-0.08267212,2.57053185,0.06676959,0.0110088587,-0.203968078,-0.06160122,-5.00569773,5.07629967,1.08669043,-0.0749206543,-2.11018753,0.08383381,0.009714857,-0.117907032,-0.343354464,-2.53863263,-8.62384,0.9802151,-0.5871277,1.71170664,0.0946689248,-0.00806044,-0.230141833,-0.0762571841,-5.40938473,0.9309432,0.99652034,-0.21572876,-0.577183366,0.167611033,0.102896273,-0.4391634,2.13215256,2.7951808,3.54287672
93,1.8599993409863944,324,0,1,-0.15910849,0,-3.99683428,-0.2676667,0,-6.611457,-0.2676667,0,-6.611457,1,0,0,1,-0.153755158,0,-3.86460519,0,0,0,-0.158915952,-0.0014026612,-3.87146759,4.05622244,0.9791222,0.07375369,-0.00488432357,0.0505145676,0.01565042,-0.139584512,-0.0293518,-3.4827075,-2.30188,1.03176165,-0.0561218262,1.99679744,0.00164529681,-0.0494382977,-0.173983708,0.0114361644,-4.25636053,-3.7612915,1.16049993,-0.124969482,-2.03544974,-0.004729893,-0.04163088,-0.109533429,-0.116506591,-2.730116,-7.469757,1.01853359,-0.0221252441,2.91634035,-0.00288148969,0.004473835,-0.213390037,-0.0192339718,-5.124608,2.380915,1.11182094,-0.0972290039,-2.32930684,0.031350866,0.0176159143,-0.09598688,-0.317898631,-2.31430078,-6.22921753,1.03478312,-0.144317627,2.15845585,0.07212975,0.2937632,-0.237377629,-0.0134597719,-5.55812168,-0.00286865234,1.15652037,-0.42565918,-1.06823707,0.102224365,-0.09029479,-0.439504236,2.1321528,2.786612,3.53616261
94,1.8799993339002268,327,0,1,-0.15910849,0,-3.99683428,-0.265678883,0,-6.59235954,-0.265678883,0,-6.59235954,1,0,0,1,-0.153794914,0,-3.86498713,0,0,0,-0.155729011,-0.00136618316,-3.87141681,4.05860949,0.9655415,0.0653035045,-0.006493368,-0.004842989,0.008856006,-0.138379052,-0.0146779269,-3.49908257,-0.405792236,0.9570903,-0.009887695,1.87815011,-0.05589749,-0.0346135348,-0.171758249,0.02651146,-4.250636,-5.96212769,1.09332,-0.1373291,-1.97797978,-0.06570427,-0.019651264,-0.1032736,-0.0797676146,-2.6835947,-4.54278564,0.955147564,0.0220352486,3.1109314,-0.05696978,-0.005795777,-0.215772584,0.04653257,-5.143717,-0.367980957,1.06588,-0.119384766,-2.37605667,-0.0525180623,0.0275780857,-0.0816518441,-0.31108427,-2.18202758,-3.28970337,0.9802299,-0.0155334473,2.606139,-0.0484201424,0.0480518863,-0.239243731,0.160143018,-5.61536074,-1.49984741,1.08254445,-0.449737549,-1.58408523,-0.05573125,0.16768083,-0.4398169,2.13215256,2.77876234,3.53001881
95,1.8999993268140589,331,0,1,-0.15910849,0,-3.99683428,-0.262630075,0,-6.55827761,-0.262630075,0,-6.55827761,1,0,0,1,-0.15385589,-5.811453E-07,-3.86566877,0,0,0,-0.152490154,-0.00131270289,-3.871753,4.05814552,0.893265247,0.055929292,-0.008472974,-0.060724847,0.00170763442,-0.138028473,-0.002083525,-3.53274584,1.31781256,0.822084367,0.0251374748,1.67466617,-0.111904427,-0.0205405951,-0.169452429,0.0375378132,-4.216898,-8.000183,0.964788139,-0.130279541,-1.77775538,-0.121772692,0.0137104839,-0.104304276,-0.0345223844,-2.70367146,-1.32867432,0.860846,0.0643451139,3.117712,-0.0851070955,-0.008139938,-0.216014624,0.1005923,-5.089408,-3.0385437,0.9669574,-0.11227417,-2.30719471,-0.1028624,0.0405019522,-0.08132012,-0.2710368,-2.16240621,-0.704803467,0.965982437,-0.0528564453,2.284823,-0.024445666,-0.0476447046,-0.229629979,0.2593814,-5.56237745,-2.93264771,0.992811859,-0.5463562,-1.96309435,-0.09454003,0.044699654,-0.43963176,2.1321528,2.78341246,3.53365779
96,1.9199993197278911,334,0,1,-0.15910849,0,-3.99683428,-0.257933974,0,-6.49154425,-0.257933974,0,-6.49154425,1,0,0,1,-0.153949812,0,-3.86700344,0,0,0,-0.149621814,-0.00125189126,-3.87240434,4.055346,0.76903,0.0470083132,-0.0104801226,-0.11094065,-0.00486650551,-0.140881076,0.00723470747,-3.57965159,2.79301786,0.639773369,0.05442076,1.40851665,-0.157575071,0.004016474,-0.1641357,0.0425127745,-4.165411,-9.785797,0.782996833,-0.106994629,-1.486106,-0.16721487,0.0368931741,-0.116702214,0.03250885,-2.77521944,1.99352074,0.7466085,0.11576061,2.97373581,-0.103309542,0.00585927069,-0.20693478,0.1352365,-4.960516,-5.465454,0.790241957,-0.0987243652,-2.0679574,-0.15579392,0.04683633,-0.0988329351,-0.0279578567,-2.27160764,-0.0472106934,0.9643415,-0.565002441,0.5512603,0.002223026,-0.262948066,-0.220858186,0.310685068,-5.391239,-4.606201,0.8029163,-0.466033936,-1.90491,-0.1551094,0.09942883,-0.4402539,2.132153,2.76778221,3.521437
97,1.9399993126417232,339,0,1,-0.15910849,0,-3.99683428,-0.253613383,0,-6.420257,-0.253613383,0,-6.420257,1,0,0,1,-0.154036224,1.49011612E-08,-3.86842918,0,0,0,-0.14704667,-0.00121173263,-3.873402,4.0492363,0.601098537,0.03861314,-0.0125057762,-0.153477177,-0.0110194981,-0.146613345,0.0106034279,-3.652823,3.89749336,0.422426134,0.0924874,1.01570129,-0.190455377,0.0363044031,-0.158238113,0.0386415571,-4.09676361,-11.2066956,0.560868859,-0.0718994141,-1.10510647,-0.198612452,0.058075726,-0.1290248,0.06690124,-2.93213868,5.20146561,0.558784962,0.175145984,2.64819646,-0.175126955,0.00328075886,-0.195038766,0.143347338,-4.757724,-7.4744873,0.5810422,-0.06402588,-1.39078307,-0.184047163,0.0475289822,-0.09326631,0.037788704,-2.432275,1.2447927,0.886517048,-0.3250122,0.834089756,-0.0466879345,0.203099251,-0.204475954,0.313691556,-5.125885,-6.249542,0.601868033,-0.374359131,-1.7179172,-0.1712351,0.101969808,-0.4405778,2.1321528,2.759647,3.515087
98,1.9599993055555556,344,0,1,-0.15910849,0,-3.99683428,-0.249310687,0,-6.348064,-0.249310687,0,-6.348064,1,0,0,1,-0.154122278,1.49011612E-08,-3.869873,0,0,0,-0.145163313,-0.00116939843,-3.87445641,4.04136467,0.4018954,0.0317531079,-0.0137908217,-0.18402262,-0.0157405976,-0.149558231,0.008289516,-3.73963261,4.539054,0.190740675,0.12362916,0.5613346,-0.209364548,0.0493015051,-0.151856408,0.0236232877,-3.99975848,-12.0982056,0.316271275,-0.0288085938,-0.58163,-0.214002252,0.0733877346,-0.131522134,0.08372216,-3.13265157,8.189975,0.3647478,0.179909691,2.25306654,-0.173456788,-0.0175078213,-0.180137649,0.119762219,-4.500455,-9.316254,0.348981678,-0.0166015625,-0.8484942,-0.201291755,0.04633394,-0.098014906,0.0758553445,-2.65537858,2.20677423,0.7906539,-0.322784424,0.7596009,-0.0388997048,0.0440141559,-0.185199,0.2889452,-4.823207,-7.907013,0.381733,-0.277526855,-1.646835,-0.186294541,0.100319967,-0.439915359,2.13215256,2.77628756,3.52808332
99,1.9799992984693877,348,0,1,-0.15910849,0,-3.99683428,-0.24754639,0,-6.32900238,-0.24754639,0,-6.32900238,1,0,0,1,-0.154157564,1.49011612E-08,-3.87025428,0,0,0,-0.144199967,-0.0011407733,-3.87468028,4.034004,0.18877475,0.0275335088,-0.0132738529,-0.198270842,-0.0183830485,-0.151169926,0.00202851,-3.83046222,4.690263,-0.03466797,0.134770662,0.0898339,-0.211445883,0.0519306324,-0.145663485,-0.00153335929,-3.87804222,-12.3098145,0.06916068,0.0148298787,0.05911504,-0.213208511,0.081514135,-0.137575433,0.08055355,-3.36517882,10.862606,0.1622095,0.166364461,1.76476061,-0.1781964,-0.0251346827,-0.1644694,0.07158478,-4.223354,-11.1936035,0.109778047,0.0333388671,-0.6911702,-0.204649672,0.04322581,-0.104577154,0.08417704,-2.93629265,3.15237164,0.6422661,-0.3628235,0.7887824,-0.0882833451,0.0275891218,-0.165595338,0.24969393,-4.528184,-9.633026,0.151141971,-0.1835022,-1.68088758,-0.192739457,0.09060359,-0.440478623,2.1321528,2.76214027,3.51703215
100,1.9999992913832199,352,0,1,-0.15910849,0,-3.99683428,-0.248653546,0,-6.383016,-0.248653546,0,-6.383016,1,0,0,1,-0.154135421,0,-3.869174,0,0,0,-0.143684864,-0.0011343509,-3.873876,4.03004,-0.0250244141,0.02518823,-0.0106922286,-0.200910509,-0.0202106535,-0.149980575,-0.00215704739,-3.875384,4.60156965,-0.246917725,0.129524782,-0.153781921,-0.205775484,0.0480697639,-0.14103885,-0.0252895653,-3.77211142,-11.9083557,-0.169525146,0.05389254,0.6098606,-0.205543071,0.0862711743,-0.146251634,0.04207243,-3.62658358,11.6712456,-0.05883789,0.136242628,0.64510864,-0.205063671,-0.02341763,-0.149665982,0.01839684,-3.95108962,-12.6074219,-0.124084473,0.07561801,-0.2404071,-0.199784935,0.0329602621,-0.125670344,0.04312125,-3.42120671,3.7425,0.282459319,-0.231719971,0.4763869,-0.21932438,0.100123271,-0.144368052,0.17202948,-4.1890974,-11.03009,-0.07623291,-0.102050781,-1.37862062,-0.190003559,0.0703806,-0.439327061,2.1321528,2.791058,3.5396452
101,2.019999284297052,356,0,1,-0.15910849,0,-3.99683428,-0.2512642,0,-6.461253,-0.2512642,0,-6.461253,1,0,0,1,-0.1540832,0,-3.86760926,0,0,0,-0.142770559,-0.00116412342,-3.87259626,4.031332,-0.240020752,0.0219818652,-0.00711486256,-0.2036402,-0.0232818685,-0.151432052,-0.007933527,-3.94184279,4.19231367,-0.4569397,0.121478371,-0.5089115,-0.205652758,0.0548190773,-0.1369382,-0.0433278531,-3.68415523,-11.003479,-0.403564453,0.0855626,1.06439447,-0.201015055,0.08875609,-0.158293441,-0.00238575041,-3.942403,11.634409,-0.281677246,0.109403066,-0.04774209,-0.189619929,-0.018995991,-0.135953113,-0.0381577164,-3.68254519,-13.4058838,-0.3553772,0.108328894,0.363820851,-0.198041931,0.024055602,-0.14429152,-0.00492747128,-3.92235637,3.762691,0.0327074863,-0.194458008,0.02783525,-0.183695078,0.06531059,-0.123617835,0.06139542,-3.822436,-11.8944092,-0.300811768,-0.0360107422,-0.8728304,-0.189643085,0.0511098579,-0.440416634,2.1321528,2.76369619,3.51824665
102,2.0399992772108844,358,0,1,-0.15910849,0,-3.99683428,-0.252536029,0,-6.50643349,-0.252536029,0,-6.50643349,1,0,0,1,-0.154057771,1.49011612E-08,-3.86670566,0,0,0,-0.142920375,-0.00116817653,-3.87185121,4.03602266,-0.445007324,0.020725403,-0.005071732,-0.195311561,-0.0239471346,-0.154095963,-0.01371859,-4.027365,3.33183312,-0.648895264,0.113577336,-0.9472577,-0.188869312,0.060093984,-0.13491939,-0.05465679,-3.60893536,-9.682617,-0.616333,0.101943888,1.44490719,-0.182896674,0.08839699,-0.169617191,-0.04416409,-4.267055,10.8354073,-0.485870361,0.08627873,-0.700436234,-0.1752821,-0.01637499,-0.123889878,-0.0902084559,-3.42419529,-13.5391541,-0.5701294,0.122121051,0.993055344,-0.185409665,0.0110832341,-0.1630447,-0.0477826744,-4.391564,3.32616162,-0.2069397,-0.160461426,-0.348097265,-0.179141939,0.0669888556,-0.104844987,-0.0612133667,-3.45428514,-12.092804,-0.5154114,0.007614591,-0.2633489,-0.182741508,0.02916994,-0.4388048,2.1321528,2.80417252,3.54993081
103,2.0599992701247163,362,0,1,-0.15910849,0,-3.99683428,-0.254044026,0,-6.54125452,-0.254044026,0,-6.54125452,1,0,0,1,-0.154027611,0,-3.86600924,0,0,0,-0.14393279,-0.00116695464,-3.87128234,4.041679,-0.625793457,0.0217743348,-0.004402373,-0.173227847,-0.0226560924,-0.157133549,-0.01583837,-4.111273,2.006219,-0.807251,0.110397473,-1.36561823,-0.15622066,0.0620379746,-0.134327531,-0.0581311136,-3.548082,-8.032501,-0.789489746,0.09963719,1.73997986,-0.150128126,0.08285251,-0.179836184,-0.07185823,-4.5685997,9.358645,-0.6637268,0.07520221,-1.28359115,-0.151684269,-0.0126965567,-0.114372686,-0.129170254,-3.187375,-12.9710693,-0.749359131,0.111223392,1.60053527,-0.157536536,-0.0017811954,-0.178786516,-0.07692981,-4.812891,2.58761048,-0.431640625,-0.122772217,-0.5991106,-0.175140634,0.07408197,-0.09027654,-0.177981287,-3.1019,-11.5389709,-0.7029114,0.0214328263,0.3986435,-0.1624289,0.00670838729,-0.439205766,2.1321528,2.794108,3.54203558
104,2.0799992630385487,366,0,1,-0.15910849,0,-3.99683428,-0.256126463,0,-6.57835245,-0.256126463,0,-6.57835245,1,0,0,1,-0.153985962,0,-3.86526728,0,0,0,-0.145653754,-0.00116756558,-3.870669,4.04732943,-0.7695923,0.0250256378,-0.00441897474,-0.138899133,-0.019692082,-0.1599944,-0.01198864,-4.181708,0.276481271,-0.91885376,0.114087336,-1.706707,-0.110759795,0.05848418,-0.1347099,-0.0537532121,-3.504797,-6.1545105,-0.907928467,0.07836888,1.9344238,-0.105446905,0.0723325759,-0.187603086,-0.07668717,-4.8253603,7.31530857,-0.8026123,0.07771239,-1.771269,-0.117860027,-0.0106422827,-0.10786768,-0.1485865,-2.98477,-11.7044983,-0.8762207,0.076028496,2.14655685,-0.114709824,-0.0112457126,-0.191222459,-0.08441268,-5.163574,1.77599823,-0.638122559,-0.07055664,-0.658716857,-0.168764472,0.08733684,-0.08157543,-0.273414046,-2.78158069,-10.2030029,-0.8450928,0.003563988,1.06463981,-0.125880361,-0.0108139664,-0.4405712,2.1321528,2.75981522,3.515218
105,2.099999255952381,370,0,1,-0.15910849,0,-3.99683428,-0.258056164,0,-6.60429239,-0.258056164,0,-6.60429239,1,0,0,1,-0.153947368,0,-3.86474848,0,0,0,-0.1480398,-0.00117141008,-3.87037921,4.05186033,-0.8657532,0.0304379072,-0.00518060662,-0.09413485,-0.0150711313,-0.163279071,-0.00203043222,-4.23035526,-1.74902344,-0.9718323,0.122796625,-1.92899644,-0.0549902134,0.05204515,-0.1356177,-0.04339719,-3.4805274,-4.155426,-0.959625244,0.0407907926,2.02610517,-0.05159304,0.05699036,-0.19541043,-0.05826488,-5.01558161,4.8586607,-0.8954468,0.0998476744,-2.131111,-0.07215291,-0.0062455833,-0.104187764,-0.150370046,-2.82611513,-9.767822,-0.937438965,0.0190805346,2.60994482,-0.06426537,-0.014295578,-0.194535181,-0.07257347,-5.42723465,0.685316563,-0.8171692,-0.398712158,-0.562735736,-0.09820654,0.0393595174,-0.08055069,-0.35265106,-2.520374,-8.735199,-0.976593,0.0142471176,1.73065734,-0.09795501,-0.0580815077,-0.439321876,2.1321528,2.79119873,3.53975558
106,2.1199992488662129,375,0,1,-0.15910849,0,-3.99683428,-0.259729564,0,-6.617012,-0.259729564,0,-6.617012,1,0,0,1,-0.1539139,1.49011612E-08,-3.864494,0,0,0,-0.150883734,-0.0011844933,-3.87002921,4.055816,-0.9072571,0.0375649258,-0.0058416524,-0.0423672274,-0.00921205152,-0.165065318,0.0122688115,-4.25597525,-3.95184326,-0.9630127,0.1326917,-2.03119159,0.00185205787,0.0329396129,-0.137891158,-0.0283975,-3.48134112,-2.1758728,-0.9409485,-0.0048828125,1.98600948,0.007909585,0.0424644127,-0.1941789,-0.0132592469,-5.12657928,2.15329027,-0.9138489,0.118694857,-2.33319736,-0.0246642679,-0.0187141746,-0.103472188,-0.112826526,-2.72057223,-7.259247,-0.9305725,-0.03955078,2.943963,0.008754261,-0.014989391,-0.205622673,0.0152891874,-5.56616926,-0.479431152,-0.952545166,-0.124053955,-1.11804175,-0.07440475,0.0458643,-0.079879,-0.298443973,-2.29549885,-6.183502,-0.9241333,0.006912625,2.32363629,0.0192910284,-0.0409361124,-0.44037208,2.1321528,2.76481628,3.519121
107,2.1399992417800453,381,0,1,-0.15910849,0,-3.99683428,-0.259759367,0,-6.584134,-0.259759367,0,-6.584134,1,0,0,1,-0.1539133,0,-3.86515164,0,0,0,-0.154212445,-0.00120852888,-3.87067342,4.05677652,-0.88848877,0.04652271,-0.007771537,0.0148203261,-0.00212875265,-0.165990725,0.0270509869,-4.24658871,-6.1361084,-0.892944336,0.13285,-1.95010173,0.0607774854,0.00687512755,-0.140013009,-0.013593182,-3.49905062,-0.2861023,-0.8491211,-0.0523376465,1.86401987,0.0697871745,0.0242411122,-0.190680772,0.05090645,-5.13943052,-0.586029053,-0.8876648,0.118531689,-2.37409449,0.050150305,-0.0329576358,-0.1037434,-0.07625468,-2.67957854,-4.294037,-0.845459,-0.102355957,3.12146974,0.07293018,-0.010656476,-0.21041438,0.1657475,-5.6220994,-2.26159668,-0.904602051,0.121049471,-1.598477,0.03623949,0.04064943,-0.08564898,-0.308901072,-2.171978,-3.18161,-0.8284607,-0.0143127441,2.65852427,0.0782914,-0.00118520856,-0.440553576,2.13215256,2.7602582,3.51556349
108,2.1599992346938777,386,0,1,-0.15910849,0,-3.99683428,-0.261012554,0,-6.563654,-0.261012554,0,-6.563654,1,0,0,1,-0.15388824,1.49011612E-08,-3.86556125,0,0,0,-0.157357439,-0.001235649,-3.87120676,4.05554247,-0.811920166,0.05571473,-0.009005328,0.07017593,0.00474798027,-0.166594714,0.03780687,-4.21335125,-8.153107,-0.764678955,0.116259277,-1.750764,0.115434393,-0.020760797,-0.14222765,-0.00099352,-3.53452539,1.42456174,-0.696990967,-0.09692383,1.65356338,0.12204361,0.00619627535,-0.1889556,0.106030688,-5.08204031,-3.24307251,-0.7702942,0.106942445,-2.29497218,0.106433004,-0.0414956659,-0.107611477,-0.03078629,-2.704683,-1.05703735,-0.721099854,-0.145446777,3.115974,0.103276908,0.00354845822,-0.210730836,0.2743635,-5.550048,-3.495697,-0.7984009,0.148013115,-2.02019453,0.104779124,-0.0228139237,-0.08998527,-0.250118136,-2.16045618,-0.6742859,-0.8222351,-0.133178711,2.249553,0.0120585375,-0.0789580345,-0.440469772,2.13215256,2.762364,3.51720667
109,2.1799992276077096,392,0,1,-0.15910849,0,-3.99683428,-0.259305626,0,-6.486299,-0.259305626,0,-6.486299,1,0,0,1,-0.153922379,-5.96046448E-07,-3.86710835,0,0,0,-0.1603813,-0.00128431618,-3.87254524,4.05205345,-0.6835327,0.064755924,-0.01086858,0.120337382,0.0115100741,-0.167776972,0.041538462,-4.16091347,-9.908752,-0.586700439,0.0870263353,-1.45025015,0.158743232,-0.0433145873,-0.146328449,0.00800736248,-3.583966,2.877838,-0.5015869,-0.126190186,1.37901449,0.163429514,-0.00378558785,-0.186698988,0.136658147,-4.94769049,-5.64312744,-0.600799561,0.083001554,-2.0194037,0.1487971,-0.04891158,-0.119261287,0.0362651348,-2.78231287,2.27400947,-0.5505676,-0.157440186,2.96062779,0.152769938,0.0296597034,-0.206172943,0.307478875,-5.3731904,-5.140106,-0.6244507,0.121299922,-1.82360566,0.144865826,-0.0528752245,-0.109713562,-0.02207613,-2.277157,-0.0240478516,-0.7807007,-0.7149658,0.519687831,0.02880511,-0.275389135,-0.440622538,2.13215256,2.75852442,3.51421118
110,2.199999220521542,397,0,1,-0.15910849,0,-3.99683428,-0.25838846,0,-6.420305,-0.25838846,0,-6.420305,1,0,0,1,-0.153940722,-5.811453E-07,-3.86842823,0,0,0,-0.1631935,-0.00131079555,-3.87392616,4.04570866,-0.509552,0.07367507,-0.0123229586,0.1644178,0.0179992653,-0.16799973,0.0370403081,-4.0920167,-11.2948,-0.369720459,0.0455315523,-1.06501734,0.190566286,-0.06535788,-0.152111471,0.0108975917,-3.65897179,3.95273757,-0.273345947,-0.127563477,0.9794228,0.200373635,-0.008465789,-0.181852579,0.1422379,-4.739682,-7.610199,-0.4000244,0.0398894027,-1.32708275,0.176640227,-0.05047991,-0.127809629,0.06944305,-2.94454026,5.478791,-0.3788452,-0.131195068,2.625177,0.147245869,0.0356736034,-0.201295227,0.3065824,-5.098166,-6.70397949,-0.436859131,0.07523674,-1.63745141,0.164069042,-0.0604565665,-0.107754692,0.0416000634,-2.4433248,1.28611493,-0.7199707,-0.482543945,0.8408737,0.0210303254,0.254769236,-0.4404307,2.13215256,2.76334429,3.51797175
111,2.2199992134353739,400,0,1,-0.15910849,0,-3.99683428,-0.257124841,0,-6.348946,-0.257124841,0,-6.348946,1,0,0,1,-0.153966,0,-3.8698554,0,0,0,-0.165018365,-0.00134210289,-3.875366,4.03801537,-0.305511475,0.08029256,-0.013307767,0.193656281,0.0222907048,-0.166114584,0.020875141,-3.99162149,-12.1318054,-0.133361816,-0.00244140625,-0.522826552,0.204802409,-0.08100504,-0.154967457,0.00821209,-3.747046,4.56156158,-0.0297546387,-0.114379883,0.521845,0.218492329,-0.0270007849,-0.175808057,0.115753733,-4.478562,-9.46283,-0.176757813,-0.0132446289,-0.831838369,0.192842945,-0.0490063876,-0.127219588,0.0847125053,-3.14882421,8.457698,-0.189178467,-0.128265381,2.22298861,0.175702244,0.0224527121,-0.196552753,0.282016158,-4.79752445,-8.316193,-0.2260437,0.0181151237,-1.60459578,0.181732088,-0.06417357,-0.117213324,0.076526016,-2.67235947,2.26175642,-0.6286011,-0.393188477,0.79188484,0.0676509961,0.139132962,-0.440481961,2.1321528,2.7620573,3.51696754
112,2.2399992063492062,405,0,1,-0.15910849,0,-3.99683428,-0.2575212,0,-6.335702,-0.2575212,0,-6.335702,1,0,0,1,-0.153958067,0,-3.87012029,0,0,0,-0.165912971,-0.00136582553,-3.87581635,4.03113365,-0.08929443,0.08419766,-0.0123345433,0.205998182,0.02471802,-0.162247479,-0.00462085,-3.869655,-12.2835388,0.102936164,-0.0494384766,0.119281679,0.202790946,-0.0890542939,-0.157085434,0.00178715587,-3.83768773,4.682052,0.210091725,-0.103790283,0.0533257648,0.217840031,-0.04670647,-0.169070065,0.0668452159,-4.20141554,-11.3293457,0.05266309,-0.06628418,-0.6755528,0.195039481,-0.0443380848,-0.133546263,0.0800394341,-3.38340783,11.0065784,0.0194423217,-0.112426758,1.74746358,0.188876063,0.0244561955,-0.19247888,0.241938621,-4.50185776,-9.988464,-0.00503540039,-0.04043579,-1.63595545,0.188252538,-0.0582139045,-0.132553652,0.08325403,-2.96188378,3.22218823,-0.471588135,-0.279083252,0.805851758,0.08975053,0.09980044,-0.439552128,2.13215256,2.78541517,3.53522539
113,2.2599991992630386,409,0,1,-0.15910849,0,-3.99683428,-0.2607138,0,-6.39179,-0.2607138,0,-6.39179,1,0,0,1,-0.153894216,1.49011612E-08,-3.86899853,0,0,0,-0.166275725,-0.00141710043,-3.87524533,4.027836,0.125575662,0.08617468,-0.00940076448,0.206599057,0.0263460316,-0.158217356,-0.0275761932,-3.76611662,-11.8342285,0.327464342,-0.08987427,0.6574144,0.192945719,-0.0928311348,-0.159376517,-0.00212444365,-3.8793087,4.58778048,0.434934884,-0.0921630859,-0.17215164,0.208630159,-0.0540671051,-0.161894888,0.0137476176,-3.929922,-12.6904907,0.274259776,-0.109313965,-0.1927024,0.188097,-0.03315317,-0.142852649,0.0387338921,-3.649499,11.728301,0.245386019,-0.08432007,0.5938941,0.213426426,0.0222999789,-0.185960323,0.161144376,-4.158461,-11.30484,0.211044922,-0.0901489258,-1.3078351,0.184140369,-0.04219627,-0.151975438,0.03916599,-3.46220183,3.77196312,-0.114440918,-0.198577881,0.421981245,0.214041263,0.0924676955,-0.439841539,2.13215256,2.7781477,3.52953815
114,2.2799991921768705,413,0,1,-0.15910849,0,-3.99683428,-0.264147758,0,-6.471553,-0.264147758,0,-6.471553,1,0,0,1,-0.153825536,-1.1920929E-06,-3.86740327,0,0,0,-0.167009279,-0.00146196783,-3.87412,4.029961,0.339622378,0.08905317,-0.005938499,0.2074052,0.02921096,-0.1552362,-0.0449031442,-3.67952156,-10.89032,0.544784069,-0.121917725,1.10459673,0.1879169,-0.09466004,-0.163115919,-0.008063987,-3.94876838,4.156391,0.6549314,-0.08267212,-0.5404867,0.20515357,-0.0615868941,-0.153829,-0.0428357869,-3.661814,-13.4350281,0.489745915,-0.141052246,0.416443676,0.183954537,-0.0244368389,-0.155836478,-0.00582613051,-3.969717,11.6269684,0.485627472,-0.0586242676,-0.101941846,0.1982838,0.0171533413,-0.176510811,0.0491127037,-3.79086828,-12.085144,0.4203328,-0.127288818,-0.797586262,0.18064414,-0.027091857,-0.169174537,-0.008489639,-3.96263456,3.75264549,0.136761546,-0.195098877,-0.0115951234,0.185932308,0.05917951,-0.4403678,2.13215256,2.764924,3.51920485
115,2.2999991850907029,418,0,1,-0.15910849,0,-3.99683428,-0.266162425,0,-6.513121,-0.266162425,0,-6.513121,1,0,0,1,-0.153785244,-5.811453E-07,-3.866572,0,0,0,-0.16670166,-0.001491636,-3.87358117,4.03509331,0.5415441,0.0899631,-0.00401429646,0.197080672,0.02966761,-0.151358366,-0.0554401278,-3.60560679,-9.537384,0.7401856,-0.138061523,1.478069,0.170318007,-0.09349479,-0.166870534,-0.0137739182,-4.035739,3.26306558,0.8527872,-0.0779418945,-0.9841724,0.1843715,-0.0685796,-0.144952863,-0.09394914,-3.40488648,-13.5111694,0.6880842,-0.154052734,1.04531384,0.170457542,-0.0127911046,-0.169320613,-0.04713005,-4.2946167,10.7691317,0.691904545,-0.0440368652,-0.750532031,0.181110531,0.0122738183,-0.1649095,-0.07307637,-3.42369866,-12.1958923,0.6186152,-0.14642334,-0.186834574,0.172305346,-0.0106183216,-0.1869491,-0.05091943,-4.42934656,3.28330612,0.385040432,-0.159606934,-0.375399679,0.1794956,0.06708643,-0.4405046,2.1321528,2.761487,3.51652241
116,2.3199991780045353,423,0,1,-0.15910849,0,-3.99683428,-0.267601132,0,-6.54605865,-0.267601132,0,-6.54605865,1,0,0,1,-0.153756469,0,-3.86591315,0,0,0,-0.165552184,-0.00149579346,-3.873066,4.041202,0.717646956,0.0886194,-0.003355257,0.173587322,0.028189877,-0.147281453,-0.0580690056,-3.5462203,-7.86306763,0.8974067,-0.1354065,1.76486492,0.139413267,-0.08751142,-0.17016843,-0.0155320764,-4.11933947,1.90368259,1.01300168,-0.0821228,-1.40040338,0.148466736,-0.07144995,-0.135413677,-0.131311685,-3.17064118,-12.8852844,0.8521528,-0.143432617,1.64851832,0.143320724,-0.00162194669,-0.182612687,-0.07350084,-4.59389544,9.241124,0.8692147,-0.04486084,-1.32772839,0.154999912,0.007943511,-0.1506577,-0.188037187,-3.07384968,-11.5551758,0.7908202,-0.140991211,0.472709179,0.15187265,0.00624868646,-0.2046196,-0.078719154,-4.846328,2.52558565,0.6192745,-0.114898682,-0.61467737,0.175910249,0.07478398,-0.4396484,2.13215256,2.78299665,3.533332
117,2.3399991709183672,426,0,1,-0.15910849,0,-3.99683428,-0.2683879,0,-6.581738,-0.2683879,0,-6.581738,1,0,0,1,-0.153740734,-1.1920929E-06,-3.86519957,0,0,0,-0.163735718,-0.00148247182,-3.87240028,4.04729366,0.8558714,0.0851880461,-0.00336149056,0.138497472,0.02514508,-0.143696725,-0.0529670566,-3.50456643,-5.9703064,1.00310993,-0.114318848,1.9499886,0.09752499,-0.0770583451,-0.1727135,-0.0112169832,-4.188333,0.145424962,1.12288725,-0.09573364,-1.73480523,0.100587666,-0.06792712,-0.12585032,-0.148716286,-2.97167969,-11.5641785,0.966895342,-0.1098938,2.18721676,0.102773815,0.006264046,-0.195227832,-0.0764827,-4.84643,7.15576124,1.00665426,-0.0608215332,-1.80761552,0.1177751,0.006242931,-0.13366285,-0.280475736,-2.757673,-10.1376038,0.920529366,-0.109222412,1.13251579,0.1167511,0.0188179389,-0.220471025,-0.0843598545,-5.19081736,1.711822,0.829754949,-0.06564331,-0.6602583,0.167687938,0.0885832,-0.4396972,2.1321528,2.78176785,3.53237057
118,2.3599991638321995,431,0,1,-0.15910849,0,-3.99683428,-0.268426657,0,-6.602218,-0.268426657,0,-6.602218,1,0,0,1,-0.153739959,0,-3.86479,0,0,0,-0.161254615,-0.00144322217,-3.87197471,4.05243349,0.945714951,0.07957928,-0.00427649962,0.09317529,0.0203596875,-0.140559524,-0.0420001745,-3.48188424,-3.96731567,1.04610193,-0.07888794,2.03217578,0.0455000736,-0.06428978,-0.174650922,-0.0009159595,-4.23494864,-1.901886,1.17329049,-0.114776611,-1.94802248,0.04432368,-0.05325006,-0.117291249,-0.14797911,-2.81718588,-9.579773,1.0150367,-0.0567932129,2.64164543,0.04542459,0.0118375272,-0.207956389,-0.0565528721,-5.03023863,4.66964149,1.10226166,-0.08114624,-2.155737,0.079722,0.012898922,-0.115856431,-0.36823678,-2.50352859,-8.635681,0.9684572,0.0521659069,1.476883,0.060682252,-0.149257779,-0.229228839,-0.0715563148,-5.44719,0.4868312,1.02905893,-0.5449219,-0.5581588,0.1701414,0.087522015,-0.439765,2.13215256,2.78006649,3.53103924
119,2.3799991567460315,434,0,1,-0.15910849,0,-3.99683428,-0.2676719,0,-6.616678,-0.2676719,0,-6.616678,1,0,0,1,-0.153755054,1.49011612E-08,-3.86450076,0,0,0,-0.158422947,-0.00140324235,-3.87125587,4.05699968,0.981395543,0.07253727,-0.0049013,0.0419485644,0.0146386186,-0.139598683,-0.0268902481,-3.48427582,-1.99353027,1.02382493,-0.032409668,1.98208916,-0.009657893,-0.04571055,-0.173999533,0.01400961,-4.25818968,-4.11578369,1.16116738,-0.1324768,-2.04132128,-0.01637762,-0.0373900756,-0.111996613,-0.10950239,-2.71704268,-7.031952,0.998719454,0.00426249,2.96271753,-0.0121828355,0.0121448189,-0.213210255,-0.0066485256,-5.13326359,1.95416415,1.1221416,-0.105529785,-2.34334683,0.0117564052,0.0158022642,-0.102031,-0.297092319,-2.283921,-6.00775146,0.931028664,0.09093496,2.386255,-0.053853076,-0.0611284971,-0.237827778,0.0404158533,-5.57417774,-0.5648804,1.13703787,-0.3543396,-1.11554074,0.07348846,0.1350856,-0.440285981,2.1321528,2.76697683,3.520808
120,2.3999991496598638,440,0,1,-0.15910849,0,-3.99683428,-0.264438361,0,-6.570902,-0.264438361,0,-6.570902,1,0,0,1,-0.153819725,0,-3.86541629,0,0,0,-0.155215278,-0.00136189163,-3.87176,4.05824375,0.9582303,0.06385774,-0.00730923051,-0.0140032843,0.00769935176,-0.1396289,-0.012494728,-3.503324,-0.117736816,0.933891356,0.0193682723,1.8525908,-0.0684724,-0.0253721178,-0.170617029,0.0284921229,-4.245578,-6.29324341,1.08067811,-0.144042969,-1.945777,-0.07741646,-0.0183733851,-0.110408641,-0.07278642,-2.68149233,-4.03964233,0.9161334,0.06967023,3.12670135,-0.07067688,0.00979630649,-0.214394331,0.05512397,-5.14010763,-0.7902527,1.051602,-0.130004883,-2.3782382,-0.0697567537,0.0278676152,-0.08870408,-0.3107114,-2.16918921,-2.98831177,0.850035548,0.110635981,2.67135072,-0.0935592,-0.07882488,-0.241869926,0.169210732,-5.622799,-2.276886,1.03263676,-0.175323486,-1.62415051,-0.0658718348,0.147887081,-0.4405243,2.13215256,2.760992,3.51613617
121,2.4199991425736962,445,0,1,-0.15910849,0,-3.99683428,-0.261967719,0,-6.55769348,-0.261967719,0,-6.55769348,1,0,0,1,-0.153869137,1.49011612E-08,-3.86568046,0,0,0,-0.152002811,-0.00129437447,-3.871707,4.057372,0.877046943,0.0545231253,-0.008564169,-0.06945884,0.000598866143,-0.140159279,-0.000360995531,-3.538506,1.57693481,0.7854962,0.0659529939,1.63920391,-0.121136121,-0.007740259,-0.168114826,0.0387949347,-4.2102747,-8.297699,0.9398113,-0.136688232,-1.739781,-0.131108418,0.0148126185,-0.111061759,-0.0256437063,-2.71184516,-0.799591064,0.811584234,0.123352833,3.09720016,-0.0945190042,0.00214707851,-0.2143183,0.107853249,-5.07602739,-3.439911,0.938067138,-0.124572754,-2.28686237,-0.109279543,0.04166311,-0.09072555,-0.237592041,-2.17235541,-0.577362061,0.847566962,0.0900774,2.15263033,-0.0064003095,-0.06142825,-0.231618017,0.272214949,-5.542122,-3.57232666,0.9532016,-0.187774658,-1.9721452,-0.0899611562,0.0327426642,-0.440370977,2.13215256,2.764842,3.519141
122,2.4399991354875281,451,0,1,-0.15910849,0,-3.99683428,-0.25672847,0,-6.4593935,-0.25672847,0,-6.4593935,1,0,0,1,-0.153973922,1.49011612E-08,-3.86764646,0,0,0,-0.149203509,-0.001254797,-3.87282228,4.053969,0.745422,0.04570647,-0.0111781312,-0.118091345,-0.00586939044,-0.142399222,0.008284658,-3.59261847,2.9900465,0.595547,0.103876062,1.34110248,-0.161885783,0.0120021254,-0.1632599,0.0426098257,-4.15600252,-10.0330505,0.7505954,-0.112091064,-1.431816,-0.171877384,0.0402762145,-0.118546017,0.0457272381,-2.79616714,2.50786424,0.6827222,0.173561692,2.93381548,-0.118437573,0.00416244566,-0.206166983,0.13857697,-4.934457,-5.815094,0.7597526,-0.1055603,-1.97229385,-0.157716349,0.0490658879,-0.0995551348,0.00650951266,-2.27355838,0.81413275,0.8522831,-0.0135803223,0.8896679,-0.00033827452,-0.101923034,-0.219920829,0.309125632,-5.35641956,-5.214142,0.7760117,-0.158874512,-1.81365347,-0.151004314,0.055591017,-0.440609336,2.13215256,2.75885725,3.51447082
123,2.4599991284013605,456,0,1,-0.15910849,0,-3.99683428,-0.2513812,0,-6.377473,-0.2513812,0,-6.377473,1,0,0,1,-0.154080868,-5.811453E-07,-3.86928487,0,0,0,-0.146769762,-0.00120185316,-3.87423825,4.045946,0.572264135,0.03756798,-0.0136266481,-0.15873298,-0.0117809456,-0.146663755,0.0106004328,-3.66250086,4.04450035,0.375637859,0.140044466,0.9677122,-0.194285482,0.03701771,-0.157658488,0.0370705277,-4.085411,-11.3883362,0.5245816,-0.0741577148,-1.03887951,-0.201138034,0.06218615,-0.131331384,0.0636805,-2.95236778,5.730333,0.507761836,0.220024347,2.6140902,-0.1666678,0.00701972842,-0.194010615,0.142034456,-4.7208333,-7.745697,0.547158539,-0.06604004,-1.27167082,-0.186841026,0.04930736,-0.104584962,0.0414599031,-2.465712,1.13685489,0.721069455,-0.25390625,0.491609842,-0.07682326,-0.123991713,-0.201855808,0.306321323,-5.07407951,-6.770294,0.571785748,-0.110565186,-1.62745106,-0.177123666,0.0632702559,-0.439646035,2.1321528,2.78304863,3.53337288
124,2.4799991213151928,461,0,1,-0.15910849,0,-3.99683428,-0.249449268,0,-6.35986567,-0.249449268,0,-6.35986567,1,0,0,1,-0.1541195,0,-3.869637,0,0,0,-0.144820735,-0.001162976,-3.87418127,4.038924,0.36849606,0.0306987651,-0.013148752,-0.188610092,-0.01657508,-0.150596246,0.007545173,-3.75363445,4.609944,0.139539346,0.1707782,0.485567719,-0.214036554,0.0542335734,-0.150972322,0.0200679749,-3.980753,-12.1777344,0.276502937,-0.0280456543,-0.482081771,-0.216074362,0.07690087,-0.139213145,0.08643496,-3.16487217,8.679327,0.29880473,0.2453442,2.18570042,-0.183809921,-0.00367704034,-0.178676009,0.112593256,-4.45610428,-9.612976,0.310942054,-0.0144348145,-0.8219705,-0.2042308,0.0489738733,-0.105884187,0.08310318,-2.690378,2.35976219,0.611384034,-0.233062744,0.8186211,-0.07520407,0.0224464834,-0.182529226,0.280427068,-4.77538347,-8.406189,0.345907718,-0.05038452,-1.62091875,-0.194189176,0.06803915,-0.4402884,2.1321528,2.76691723,3.52076125
125,2.4999991142290248,467,0,1,-0.15910849,0,-3.99683428,-0.247449532,0,-6.335106,-0.247449532,0,-6.335106,1,0,0,1,-0.1541595,1.49011612E-08,-3.87013221,0,0,0,-0.144058838,-0.001141414,-3.87457681,4.032544,0.153471544,0.0269571561,-0.0125877475,-0.200340852,-0.0188054685,-0.152784556,0.00118920207,-3.84051275,4.70472574,-0.0871582,0.188714147,0.0358220376,-0.212511942,0.0599669963,-0.145101443,-0.00589574873,-3.85835028,-12.2773438,0.0289747771,0.0172345061,0.161977962,-0.212749809,0.0845102146,-0.144359,0.078365,-3.40242219,11.09998,0.09878474,0.24144882,1.617671,-0.175345436,-0.0144208074,-0.162963808,0.0631364956,-4.179578,-11.4757385,0.0703764558,0.03697177,-0.667733669,-0.205289632,0.0438881,-0.113179065,0.08445277,-2.996569,3.31244254,0.483435243,-0.2848816,0.76922965,-0.06701118,-0.0125357136,-0.1627464,0.239295244,-4.479926,-10.0839844,0.112747841,0.0108843213,-1.64146912,-0.198418289,0.06132114,-0.4405304,2.1321528,2.76083851,3.51601648
126,2.5199991071428571,471,0,1,-0.15910849,0,-3.99683428,-0.248883769,0,-6.39502048,-0.248883769,0,-6.39502048,1,0,0,1,-0.154130816,0,-3.868934,0,0,0,-0.143582076,-0.00114786625,-3.87370634,4.02959156,-0.06060791,0.02477961,-0.009837806,-0.2014637,-0.0205946285,-0.1516383,-0.00288958848,-3.88332272,4.58225775,-0.296234131,0.192550674,-0.196927965,-0.203377128,0.05664642,-0.1407756,-0.0285863429,-3.75691414,-11.7876587,-0.208740234,0.0573002771,0.688346,-0.20396243,0.08864017,-0.150084987,0.0352941453,-3.6727407,11.75632,-0.09967041,0.217803463,0.5381006,-0.18238382,-0.02000112,-0.148318261,0.009839475,-3.90892482,-12.7910461,-0.163208008,0.07924556,-0.152340725,-0.199348241,0.0326626673,-0.130093709,0.0357717723,-3.50141263,3.80808115,0.243181661,-0.2255249,0.390221924,-0.162611365,0.072547704,-0.1413631,0.154857248,-4.13255167,-11.3725281,-0.114990234,0.06308521,-1.282406,-0.194473237,0.0443325639,-0.440196872,2.1321528,2.76921558,3.52255654
127,2.5399991000566891,476,0,1,-0.15910849,0,-3.99683428,-0.251445264,0,-6.47173166,-0.251445264,0,-6.47173166,1,0,0,1,-0.154079586,1.49011612E-08,-3.86739969,0,0,0,-0.142794624,-0.00117149949,-3.8724196,4.03210258,-0.2739563,0.0218801163,-0.00650922,-0.2023232,-0.0233773813,-0.151889443,-0.008927867,-3.95428753,4.111529,-0.4984131,0.1871557,-0.5730887,-0.199907839,0.05610276,-0.136918679,-0.0455352068,-3.67142177,-10.8123779,-0.439361572,0.08870653,1.12876463,-0.197763592,0.09034388,-0.159719244,-0.009581178,-3.99426723,11.591711,-0.311065674,0.1890246,-0.1562728,-0.180814832,-0.0197992567,-0.13481158,-0.04681152,-3.64113617,-13.4882813,-0.391937256,0.110761911,0.462229669,-0.1958426,0.0232946575,-0.147349343,-0.0124430507,-4.000355,3.743856,0.00291416864,-0.196380615,-0.0391125157,-0.174140871,0.06433365,-0.121021256,0.04078268,-3.76384878,-12.1138916,-0.3383484,0.1030686,-0.7604925,-0.192490786,0.0285664573,-0.4394036,2.1321528,2.789135,3.53813863
128,2.5599990929705214,482,0,1,-0.15910849,0,-3.99683428,-0.2531887,0,-6.513145,-0.2531887,0,-6.513145,1,0,0,1,-0.154044718,0,-3.86657143,0,0,0,-0.143037856,-0.00116702914,-3.87175083,4.037041,-0.475250244,0.020885352,-0.004844095,-0.1919327,-0.0238450728,-0.154061928,-0.0144416541,-4.041145,3.17690778,-0.680969238,0.178739339,-1.01609015,-0.181816176,0.0580956936,-0.135077611,-0.0556677431,-3.59835076,-9.434296,-0.6459961,0.104163758,1.49666679,-0.177530959,0.08920492,-0.16961652,-0.05013357,-4.31797171,10.6757107,-0.5081177,0.163406119,-0.8009016,-0.16848585,-0.0192989763,-0.123119682,-0.09737682,-3.38520527,-13.5123291,-0.6013794,0.122511864,1.09166944,-0.180877984,0.0104021691,-0.163355842,-0.0539994836,-4.464127,3.24213624,-0.234741211,-0.160308838,-0.4003759,-0.177159473,0.0701842755,-0.1030175,-0.08187177,-3.39705539,-12.1751709,-0.5488281,0.123221979,-0.142478541,-0.1829562,0.009880442,-0.4404123,2.13215256,2.76380539,3.51833177
129,2.5799990858843538,488,0,1,-0.15910849,0,-3.99683428,-0.2542519,0,-6.54747725,-0.2542519,0,-6.54747725,1,0,0,1,-0.154023454,1.49011612E-08,-3.86588478,0,0,0,-0.144196719,-0.00116798282,-3.8711803,4.04282,-0.6503296,0.0222829171,-0.00443023024,-0.16791901,-0.0222194,-0.15674904,-0.0157868117,-4.12388325,1.780645,-0.828765869,0.172861814,-1.426882,-0.148108348,0.0571743548,-0.134670153,-0.0578732342,-3.54006958,-7.741699,-0.8104553,0.100427657,1.77683628,-0.142861485,0.08269377,-0.1783112,-0.07482752,-4.61432457,9.097073,-0.678039551,0.147413135,-1.37125826,-0.144286513,-0.018095959,-0.114077017,-0.133658364,-3.15286636,-12.8322144,-0.7724304,0.109404027,1.69208562,-0.150548309,-0.00203956664,-0.177050367,-0.0802654,-4.87634,2.46994138,-0.457855225,-0.116546631,-0.625907838,-0.173357621,0.0777040347,-0.08947652,-0.196094945,-3.04867053,-11.479187,-0.7292175,0.116311222,0.5203704,-0.159454674,-0.009166863,-0.44060424,2.1321528,2.75898457,3.51457024
130,2.5999990787981857,493,0,1,-0.15910849,0,-3.99683428,-0.256388724,0,-6.58455133,-0.256388724,0,-6.58455133,1,0,0,1,-0.153980717,1.49011612E-08,-3.8651433,0,0,0,-0.146019831,-0.0011703521,-3.870576,4.04826975,-0.7868042,0.025864223,-0.004551012,-0.1319767,-0.0189937055,-0.159382656,-0.0109388977,-4.19153738,-0.00582885742,-0.9292908,0.172254413,-1.752657,-0.10212703,0.0516870469,-0.135171831,-0.05236815,-3.49984145,-5.838501,-0.918334961,0.0780184641,1.95436442,-0.09671579,0.0715089962,-0.184873819,-0.0757205039,-4.86247635,6.97208738,-0.8081665,0.143301085,-1.84159863,-0.108999759,-0.0180964023,-0.108076692,-0.149629831,-2.956778,-11.4580383,-0.889007568,0.07272226,2.22499681,-0.105634578,-0.0106790811,-0.187482536,-0.08404052,-5.21428061,1.66083133,-0.653564453,-0.06500244,-0.654901564,-0.163848817,0.08959697,-0.08184185,-0.2867614,-2.73496175,-10.0049133,-0.8616333,0.08090178,1.1797719,-0.119809821,-0.02321124,-0.440295935,2.13215256,2.7667284,3.52061367
131,2.6199990717120181,499,0,1,-0.15910849,0,-3.99683428,-0.258199215,0,-6.603291,-0.258199215,0,-6.603291,1,0,0,1,-0.1539445,0,-3.86476851,0,0,0,-0.148513019,-0.00116764009,-3.87039185,4.052521,-0.8740845,0.0316260867,-0.00553545868,-0.08571444,-0.0141096236,-0.162235677,-0.000135272741,-4.236569,-2.07174683,-0.971435547,0.172926918,-1.95503521,-0.0455366634,0.042201072,-0.136377409,-0.04119709,-3.47902775,-3.83370972,-0.957550049,0.0412815437,2.02802515,-0.04068152,0.05650237,-0.1916981,-0.0540186,-5.04059458,4.459605,-0.8895569,0.1535216,-2.177611,-0.066122,-0.0147629678,-0.103829928,-0.146543458,-2.80585933,-9.42511,-0.9328003,0.0138280336,2.67146158,-0.04813587,-0.0170952529,-0.189864919,-0.0697947145,-5.462264,0.406639427,-0.8618469,-0.540893555,-0.540525436,-0.105600052,0.0455248356,-0.0815400556,-0.373742759,-2.4839325,-8.419312,-0.927185059,0.0916833654,1.40056789,-0.08964146,0.0482622236,-0.440565616,2.1321528,2.75995445,3.51532674
132,2.6399990646258504,505,0,1,-0.15910849,0,-3.99683428,-0.260038018,0,-6.619277,-0.260038018,0,-6.619277,1,0,0,1,-0.153907731,1.49011612E-08,-3.86444879,0,0,0,-0.151399955,-0.00119394064,-3.86997676,4.0562253,-0.9059143,0.0389995761,-0.005881268,-0.0332189,-0.008114239,-0.164023384,0.0146687627,-4.25752068,-4.289856,-0.9528198,0.174175262,-2.03402185,0.009383157,0.0226995945,-0.138218358,-0.0258956552,-3.48319936,-1.86474609,-0.925964355,-0.004638672,1.97040737,0.0178457163,0.0394883826,-0.1890879,-0.002030909,-5.13582039,1.737495,-0.9141846,0.163433373,-2.34982634,-0.0163211823,-0.0301714763,-0.103802249,-0.107830763,-2.71043062,-6.835968,-0.9145508,-0.04675293,2.98229861,0.01798248,-0.0134929121,-0.197590053,0.05135086,-5.58292437,-0.7880554,-0.955841064,-0.175445557,-1.16861773,-0.0739515349,0.18245995,-0.08161659,-0.2998319,-2.26970339,-5.7401123,-0.8956909,0.0145008005,2.42314386,0.00557564944,-0.07722983,-0.4397619,2.13215256,2.78014565,3.531101
133,2.6599990575396824,508,0,1,-0.15910849,0,-3.99683428,-0.259720623,0,-6.57598,-0.259720623,0,-6.57598,1,0,0,1,-0.153914079,1.49011612E-08,-3.86531472,0,0,0,-0.154685929,-0.00121019781,-3.87086225,4.056689,-0.8782654,0.04791096,-0.008125257,0.0232810415,-0.00113606453,-0.164417848,0.0289762169,-4.24273252,-6.456543,-0.8755188,0.1635914,-1.92495584,0.06646289,-0.00538375974,-0.140292645,-0.0113996118,-3.50445771,-0.00183105469,-0.8243408,-0.0519714355,1.83255732,0.07738737,0.0211491659,-0.184945971,0.0591819733,-5.13695526,-1.00415039,-0.8688965,0.1491065,-2.375051,0.0564671,-0.04453703,-0.104675621,-0.07042265,-2.67996836,-3.810608,-0.82244873,-0.104919434,3.13634968,0.08001453,-0.00733056664,-0.2049966,0.177384213,-5.6240387,-2.658661,-0.9050598,0.124194264,-1.67476308,0.0467805043,0.0824872255,-0.087364465,-0.313063323,-2.160545,-2.69482422,-0.803192139,-0.009277344,2.68645358,0.07957135,0.00386741757,-0.4404853,2.1321528,2.76197147,3.51690054
134,2.6799990504535147,513,0,1,-0.15910849,0,-3.99683428,-0.2609671,0,-6.554785,-0.2609671,0,-6.554785,1,0,0,1,-0.153889149,0,-3.86573863,0,0,0,-0.157839432,-0.001244396,-3.87130952,4.05532551,-0.7934265,0.05713538,-0.009191061,0.07817172,0.00581762334,-0.165361375,0.03894694,-4.206994,-8.443024,-0.7406616,0.136496678,-1.71338892,0.120649867,-0.0314732119,-0.142642185,0.000811398029,-3.5407474,1.6760571,-0.6645508,-0.09591675,1.617399,0.128448412,0.003674537,-0.184053332,0.11294435,-5.0674715,-3.6362915,-0.7466736,0.1264245,-2.27036023,0.11288321,-0.0513504073,-0.109932639,-0.01761201,-2.711442,-0.5419922,-0.691558838,-0.14364624,3.1013763,0.118554652,0.009571582,-0.204036146,0.2866711,-5.529828,-3.92163086,-0.775787354,0.135601565,-2.03296757,0.115093425,-0.0321222022,-0.0965713263,-0.2032072,-2.172982,-0.4784851,-0.782959,-0.310333252,1.90699673,0.0166981667,-0.160318792,-0.4394461,2.1321528,2.788084,3.53731561
135,2.6999990433673466,519,0,1,-0.15910849,0,-3.99683428,-0.258929372,0,-6.469538,-0.258929372,0,-6.469538,1,0,0,1,-0.1539299,0,-3.86744356,0,0,0,-0.160887465,-0.0012806952,-3.87290049,4.05095768,-0.6571045,0.06628711,-0.01141006,0.128062978,0.01266455,-0.166661322,0.04137428,-4.15135,-10.1471252,-0.557037354,0.09805328,-1.39488316,0.163025334,-0.05305408,-0.147518188,0.008853942,-3.59396768,3.07878423,-0.463684082,-0.120574951,1.32537353,0.169654086,-0.003059566,-0.181905836,0.139681607,-4.920298,-5.978882,-0.572814941,0.09038829,-1.92038751,0.1519033,-0.05698332,-0.123110041,0.0404277742,-2.8035028,2.78239965,-0.5130005,-0.1395874,2.91767836,0.151837587,0.0369769335,-0.199905172,0.310373157,-5.338445,-5.54824829,-0.599212646,0.10078574,-1.79207945,0.147465885,-0.0581395328,-0.11495208,-0.0226299763,-2.302198,0.026255928,-0.7415161,-0.776001,0.424104035,0.0273281,-0.247385085,-0.4404658,2.1321528,2.76246166,3.517283
136,2.719999036281179,524,0,1,-0.15910849,0,-3.99683428,-0.258626133,0,-6.41443968,-0.258626133,0,-6.41443968,1,0,0,1,-0.153935969,1.49011612E-08,-3.86854553,0,0,0,-0.163542643,-0.00131334364,-3.87403655,4.0444355,-0.477111816,0.07491706,-0.0124521824,0.170228049,0.018818669,-0.166750476,0.0355627537,-4.079819,-11.4678955,-0.3366394,0.0484514832,-0.998001933,0.19287011,-0.07402615,-0.153363764,0.0107929111,-3.673035,4.079051,-0.232391357,-0.114501953,0.9050503,0.2047546,-0.00759468973,-0.177425027,0.14072758,-4.702683,-7.86901855,-0.3692627,0.03820137,-1.21186721,0.178038061,-0.05633323,-0.129771009,0.07320483,-2.97545838,5.95122766,-0.342681885,-0.110809326,2.5655756,0.147961944,0.0367396623,-0.195443556,0.3012329,-5.04785872,-7.060425,-0.409576416,0.04854206,-1.57766044,0.165162027,-0.06389778,-0.110502817,0.045988977,-2.474209,1.41429138,-0.6819763,-0.476470947,0.891521931,0.0199720059,0.3030485,-0.440476924,2.1321528,2.76218414,3.51706648
137,2.7399990291950114,530,0,1,-0.15910849,0,-3.99683428,-0.25710845,0,-6.34084,-0.25710845,0,-6.34084,1,0,0,1,-0.153966323,1.49011612E-08,-3.87001753,0,0,0,-0.165221035,-0.00134436786,-3.87555575,4.036548,-0.269927979,0.08108198,-0.0132367983,0.196766257,0.02281017,-0.164592162,0.01720953,-3.972892,-12.2023926,-0.09951782,-0.00592041,-0.4229015,0.204877,-0.0878231451,-0.155928478,0.007358074,-3.76157618,4.60986233,0.0113317547,-0.09716797,0.4465959,0.219539031,-0.02723828,-0.171681941,0.108646393,-4.43503571,-9.747498,-0.144989014,-0.02154541,-0.807013,0.192552552,-0.0539267436,-0.129335955,0.08509506,-3.18465829,8.889997,-0.147247314,-0.103790283,2.1511066,0.175784737,0.02395609,-0.191735655,0.27537033,-4.751593,-8.678406,-0.19744873,-0.0128479,-1.601684,0.182111591,-0.06611126,-0.119708583,0.07816957,-2.71487,2.404405,-0.5982666,-0.391387939,0.807224751,0.06365697,0.141914219,-0.440522134,2.13215256,2.76104546,3.516178
138,2.7599990221088433,535,0,1,-0.15910849,0,-3.99683428,-0.2581098,0,-6.344607,-0.2581098,0,-6.344607,1,0,0,1,-0.1539463,0,-3.86994219,0,0,0,-0.165979087,-0.0013846159,-3.87573314,4.030338,-0.05331421,0.08455159,-0.0117848059,0.206577152,0.0249697361,-0.160632,-0.0089327395,-3.85028,-12.2432251,0.13533327,-0.0575256348,0.220180631,0.2010837,-0.0943016,-0.157690465,0.00114864111,-3.8445828,4.69021749,0.248634577,-0.08370972,0.0157881919,0.216366962,-0.04673145,-0.165349945,0.0583467335,-4.15821,-11.5992432,0.08371871,-0.0785522461,-0.6514646,0.193437561,-0.0474003181,-0.135636315,0.07435777,-3.425508,11.1535769,0.05880697,-0.08581543,1.46658361,0.190204218,0.02410525,-0.188352033,0.232834309,-4.454734,-10.325531,0.023489058,-0.0733947754,-1.61493731,0.18766737,-0.0579186454,-0.136765614,0.07848025,-3.03668261,3.32906985,-0.4248047,-0.247344971,0.7708383,0.09757597,0.111698858,-0.440363526,2.13215256,2.76503277,3.51928973
139,2.7799990150226757,541,0,1,-0.15910849,0,-3.99683428,-0.2613292,0,-6.406977,-0.2613292,0,-6.406977,1,0,0,1,-0.153881907,-5.811453E-07,-3.86869478,0,0,0,-0.166380957,-0.00142118335,-3.87501621,4.02821636,0.161349028,0.0865550861,-0.008781254,0.206681028,0.0267766081,-0.156938523,-0.03072831,-3.75129914,-11.7077637,0.358866364,-0.1015625,0.7340148,0.19175972,-0.0970629454,-0.160294577,-0.00311476,-3.8903563,4.542361,0.472141743,-0.0700073242,-0.231195644,0.207649708,-0.0536339,-0.158537477,0.00529618561,-3.88846326,-12.8612061,0.3048439,-0.124237061,-0.103596441,0.187002584,-0.0353992172,-0.1453323,0.03172794,-3.70041037,11.7442513,0.288598627,-0.0563659668,0.482872963,0.213265076,0.0220370833,-0.181918889,0.145029709,-4.10289574,-11.5509644,0.239217132,-0.123687744,-1.22570884,0.183851421,-0.04104767,-0.154695347,0.03181663,-3.54210234,3.78997517,-0.06817627,-0.188568115,0.3507164,0.215977028,0.08040686,-0.4395924,2.1321528,2.78440666,3.534436
140,2.799999007936508,544,0,1,-0.15910849,0,-3.99683428,-0.264390677,0,-6.4773345,-0.264390677,0,-6.4773345,1,0,0,1,-0.153820679,0,-3.86728764,0,0,0,-0.167006165,-0.001463458,-3.87404466,4.030841,0.37378177,0.08923518,-0.00564288767,0.206123754,0.0294029322,-0.154043823,-0.0469411761,-3.667352,-10.6954346,0.5738392,-0.135437012,1.166967,0.185573071,-0.0977517962,-0.163859382,-0.009151816,-3.96310043,4.034836,0.6893257,-0.0603027344,-0.614022732,0.202379778,-0.0623059869,-0.150719136,-0.0513027161,-3.621152,-13.5033264,0.5191135,-0.157073975,0.5165979,0.1822624,-0.0257491618,-0.1580556,-0.0129042417,-4.02253246,11.5198832,0.5252021,-0.032409668,-0.207356,0.195800975,0.0161528215,-0.17260997,0.0294928849,-3.73316669,-12.2222595,0.4481617,-0.160186768,-0.6965446,0.180324525,-0.0254788622,-0.171867669,-0.0155679286,-4.038444,3.694408,0.178367242,-0.189819336,-0.07507185,0.184050068,0.0563954562,-0.439692736,2.13215256,2.78188229,3.53246
141,2.81999900085034,549,0,1,-0.15910849,0,-3.99683428,-0.266252577,0,-6.51664972,-0.266252577,0,-6.51664972,1,0,0,1,-0.153783441,1.49011612E-08,-3.86650133,0,0,0,-0.1665741,-0.00149558485,-3.87353325,4.03612041,0.572207034,0.08985794,-0.003918363,0.193948582,0.0295645073,-0.150226653,-0.05629933,-3.59553623,-9.287323,0.76468277,-0.152130127,1.52796268,0.1661437,-0.09536269,-0.167454556,-0.0143719316,-4.0498476,3.06296158,0.881986,-0.056854248,-1.05491817,0.179217115,-0.06938923,-0.142050952,-0.100889534,-3.366606,-13.4685364,0.7140672,-0.1696167,1.14576936,0.167125836,-0.0134684592,-0.1713337,-0.0524291545,-4.34431,10.55086,0.726414561,-0.0207214355,-0.846440256,0.177564129,0.0110488161,-0.161058918,-0.0928833261,-3.36710525,-12.2069092,0.644302666,-0.177154541,-0.07481803,0.170684621,-0.008520269,-0.18954818,-0.05635138,-4.49875736,3.16786051,0.425671577,-0.1522522,-0.4225673,0.1790312,0.06766985,-0.4394096,2.13215256,2.78899384,3.538028
142,2.8399989937641723,555,0,1,-0.15910849,0,-3.99683428,-0.2677412,0,-6.55057669,-0.2677412,0,-6.55057669,1,0,0,1,-0.153753668,1.49011612E-08,-3.86582279,0,0,0,-0.165315077,-0.00149717927,-3.87299037,4.04224539,0.743009865,0.08821846,-0.00335319736,0.168716535,0.027848728,-0.146301717,-0.057693392,-3.53865337,-7.572815,0.915219545,-0.1491394,1.80008745,0.133537069,-0.08809093,-0.17056784,-0.0152180642,-4.13142824,1.63425136,1.03491437,-0.06311035,-1.45967627,0.141307071,-0.07176923,-0.132768437,-0.135520384,-3.13676453,-12.729187,0.8723522,-0.157653809,1.741902,0.1380214,-0.0021238327,-0.184414819,-0.07542157,-4.63715649,8.927557,0.897894561,-0.0248718262,-1.409968,0.1496412,0.00683762133,-0.146757066,-0.205320448,-3.02111053,-11.4328613,0.8118976,-0.168548584,0.587370038,0.148212433,0.008208115,-0.206898361,-0.08097711,-4.90561,2.38706446,0.6563474,-0.10748291,-0.633894145,0.174847469,0.076441735,-0.440581471,2.1321528,2.75955772,3.51501727
143,2.8599989866780042,560,0,1,-0.15910849,0,-3.99683428,-0.268387169,0,-6.58636332,-0.268387169,0,-6.58636332,1,0,0,1,-0.153740749,1.49011612E-08,-3.865107,0,0,0,-0.16339618,-0.001475051,-3.87228727,4.048332,0.8742832,0.08448449,-0.00350663578,0.132014692,0.0245282575,-0.142938241,-0.0514864028,-3.49998975,-5.656952,1.01234913,-0.127288818,1.968474,0.09011828,-0.0765095949,-0.173031673,-0.009837121,-4.197095,-0.1762085,1.135901,-0.07788086,-1.77626133,0.09177983,-0.06668414,-0.123568475,-0.149496764,-2.94427633,-11.2992859,0.9790709,-0.122711182,2.26717067,0.09546579,0.00563249,-0.196852267,-0.07441433,-4.88015842,6.76803827,1.02912235,-0.04284668,-1.87175691,0.110943019,0.005530879,-0.1297806,-0.293026537,-2.71149516,-9.884125,0.9344716,-0.133361816,1.24181819,0.110752344,0.020151332,-0.221642837,-0.0830105841,-5.23675156,1.58308208,0.8655249,-0.0584106445,-0.648355544,0.165752143,0.0908244848,-0.4403861,2.1321528,2.76446152,3.518844
144,2.8799989795918366,566,0,1,-0.15910849,0,-3.99683428,-0.2682106,0,-6.60034657,-0.2682106,0,-6.60034657,1,0,0,1,-0.15374428,1.49011612E-08,-3.86482739,0,0,0,-0.160823137,-0.00143587589,-3.87195635,4.053176,0.9558182,0.0785788447,-0.0045246454,0.08531587,0.0195067078,-0.140057787,-0.0397492349,-3.48078823,-3.64990234,1.04559851,-0.09121704,2.032427,0.0368264467,-0.06271066,-0.17427592,0.00130456686,-4.240151,-2.25787354,1.17534339,-0.09976196,-1.96998119,0.0343693346,-0.0529846251,-0.115375377,-0.1436165,-2.79760742,-9.217804,1.0181452,-0.06930542,2.702991,0.0367307737,0.0105126947,-0.208626479,-0.05094929,-5.05177641,4.23388338,1.10444868,-0.0679931641,-2.195574,0.07245457,0.013083905,-0.113815323,-0.371185154,-2.46504283,-8.204468,0.975008845,0.03546133,1.48320746,0.05168048,0.117164604,-0.230960146,-0.06938623,-5.47549152,0.302434981,1.06310642,-0.6047058,-0.585337162,0.17565383,0.03269428,-0.4405215,2.1321528,2.76106262,3.51619124
145,2.899998972505669,572,0,1,-0.15910849,0,-3.99683428,-0.267300129,0,-6.614139,-0.267300129,0,-6.614139,1,0,0,1,-0.15376249,1.49011612E-08,-3.86455154,0,0,0,-0.157913461,-0.00139340758,-3.87122869,4.057443,0.9820606,0.07123756,-0.00517270342,0.033013586,0.0135723893,-0.139420316,-0.0245273113,-3.48607826,-1.68634033,1.01257825,-0.0443115234,1.967127,-0.0193559751,-0.0430370867,-0.17349267,0.016553998,-4.258361,-4.47937,1.15226173,-0.117736816,-2.0375824,-0.02679221,-0.03513974,-0.111228839,-0.104818642,-2.7073307,-6.590851,0.9913867,-0.007446289,3.00077415,-0.0216534026,0.0116087794,-0.212753952,0.004353136,-5.138745,1.50824463,1.12214124,-0.09295654,-2.35404754,-0.002034098,0.0151034147,-0.09954454,-0.302977145,-2.25941586,-5.490326,0.9301055,0.07980507,2.44444919,-0.05765722,-0.0509882867,-0.2376631,0.06951377,-5.58608,-0.8216858,1.1355325,-0.355316162,-1.17521477,0.0283111036,0.235045791,-0.440545619,2.13215256,2.760457,3.5157187
146,2.9199989654195009,577,0,1,-0.15910849,0,-3.99683428,-0.26410678,0,-6.568446,-0.26410678,0,-6.568446,1,0,0,1,-0.153826356,-8.940697E-06,-3.8654654,0,0,0,-0.154713988,-0.00135694444,-3.8717773,4.058344,0.9495296,0.0624661222,-0.00754542,-0.0228827316,0.0066376715,-0.139757663,-0.0103796273,-3.50884485,0.160174549,0.9135714,0.00719151832,1.81927669,-0.07696144,-0.02228649,-0.169958279,0.0304504037,-4.240684,-6.63381958,1.0615325,-0.129302979,-1.91655743,-0.08652594,-0.01490058,-0.109920524,-0.0671822,-2.68236852,-3.54101563,0.900229633,0.0556490719,3.14115524,-0.07902357,0.00766198337,-0.21427387,0.06404632,-5.133845,-1.22982788,1.03499019,-0.114471436,-2.372202,-0.07626723,0.0299602449,-0.08627285,-0.315240115,-2.15809059,-2.44393921,0.844607353,0.109029129,2.68646145,-0.0945874453,-0.0686895847,-0.240244091,0.1847577,-5.61818457,-2.53918457,1.03200889,-0.3227234,-1.688141,-0.06288321,0.117975473,-0.439659238,2.1321528,2.78272057,3.533116
147,2.9399989583333332,582,0,1,-0.15910849,0,-3.99683428,-0.261588484,0,-6.544068,-0.261588484,0,-6.544068,1,0,0,1,-0.153876722,-8.925796E-06,-3.865953,0,0,0,-0.1514828,-0.00129306316,-3.87181282,4.05726957,0.859530866,0.0530219078,-0.008918605,-0.07790266,-0.000584555557,-0.140188292,0.00135211647,-3.54485488,1.8183347,0.757061839,0.0499889478,1.60232937,-0.129818484,-0.005337581,-0.16745691,0.0400171,-4.202738,-8.60199,0.9125929,-0.118652344,-1.69662941,-0.13883017,0.0196548253,-0.112567931,-0.0114631951,-2.71713352,-0.263793945,0.791327953,0.107815221,3.09030533,-0.08919348,0.00489409268,-0.212976739,0.114785969,-5.05761528,-3.846527,0.9180732,-0.106231689,-2.25547624,-0.117748186,0.0419475138,-0.0971293,-0.181315035,-2.18340182,-0.432739258,0.854070544,-0.172698975,1.722024,-0.00169295073,-0.221622169,-0.228053451,0.283684582,-5.517372,-3.89001465,0.9394873,-0.30368042,-1.97590363,-0.101588771,0.0496440232,-0.440557659,2.1321528,2.76015377,3.51548219
148,2.9599989512471656,585,0,1,-0.15910849,0,-3.99683428,-0.256206185,0,-6.464603,-0.256206185,0,-6.464603,1,0,0,1,-0.153984368,0,-3.86754227,0,0,0,-0.148757309,-0.001242742,-3.872829,4.053395,0.720050752,0.0442674719,-0.0112750884,-0.1257286,-0.006921354,-0.144414559,0.008929566,-3.59978819,3.19071174,0.5583306,0.09045261,1.29897583,-0.1707857,0.0236462466,-0.162069336,0.042130813,-4.145279,-10.281311,0.715887368,-0.09298706,-1.37271416,-0.178844929,0.04294291,-0.128917724,0.0430968255,-2.81611681,3.04682374,0.6698048,0.181434229,2.89023638,-0.132332042,0.023157984,-0.20347251,0.141038656,-4.90366125,-6.1578064,0.7284851,-0.08578491,-1.86779094,-0.166064829,0.04785055,-0.108518846,-0.01946187,-2.31886673,0.019033879,0.7669914,-0.7176819,0.374386162,-0.07432067,-0.327412754,-0.216106653,0.311912984,-5.31702566,-5.5262146,0.7463593,-0.2526245,-1.79078233,-0.161157027,0.0738803148,-0.4394589,2.13215256,2.78774548,3.53705
149,2.9799989441609975,590,0,1,-0.15910849,0,-3.99683428,-0.252304316,0,-6.40752554,-0.252304316,0,-6.40752554,1,0,0,1,-0.1540624,1.49011612E-08,-3.86868382,0,0,0,-0.146300361,-0.00119850039,-3.87351084,4.04733467,0.5397163,0.0361427553,-0.0126225287,-0.165610477,-0.0128500545,-0.149494171,0.01038079,-3.68040657,4.14687157,0.328945756,0.138123691,0.8687027,-0.199642062,0.0505644865,-0.156304121,0.0356646627,-4.071793,-11.5686646,0.4835384,-0.0547485352,-0.96890974,-0.205978364,0.06387551,-0.1359507,0.075601846,-2.99284053,6.188743,0.461367071,0.239298448,2.530457,-0.174047858,0.00749239326,-0.190597668,0.140073031,-4.681233,-8.007202,0.5088245,-0.04574585,-1.15451884,-0.192413718,0.04727277,-0.103041731,0.04877147,-2.49236727,1.50305831,0.765051544,-0.309173584,0.948808968,-0.0146472156,0.2984161,-0.197236776,0.300831676,-5.020753,-7.04196167,0.535339653,-0.1859436,-1.57642424,-0.181272641,0.07733433,-0.4403022,2.1321528,2.76657,3.52049017
150,2.99999893707483,596,0,1,-0.15910849,0,-3.99683428,-0.248236313,0,-6.33178,-0.248236313,0,-6.33178,1,0,0,1,-0.154143766,0,-3.87019873,0,0,0,-0.14475897,-0.00115849078,-3.87469435,4.039254,0.333757073,0.0301497653,-0.0139450375,-0.190715253,-0.0168160535,-0.151619,0.00661449134,-3.768366,4.63440228,0.09622873,0.172815353,0.411928177,-0.210808143,0.05844502,-0.14976199,0.01616408,-3.961446,-12.2512817,0.235534161,-0.0104675293,-0.3782167,-0.215799287,0.07696804,-0.138411522,0.08504085,-3.20341372,9.099951,0.276382178,0.247005492,2.110673,-0.171454981,-0.0108939856,-0.174981982,0.105284587,-4.410934,-9.896576,0.271504968,0.00377416867,-0.7959204,-0.204832584,0.0460421741,-0.1078219,0.07959409,-2.738694,2.50371456,0.669994,-0.297668457,0.801783144,-0.04385093,0.04352756,-0.178089768,0.2743091,-4.727667,-8.693146,0.3075552,-0.112579346,-1.62690723,-0.1940215,0.07779868,-0.440427035,2.13215256,2.76343441,3.518042
151,3.0199989299886618,602,0,1,-0.15910849,0,-3.99683428,-0.247548625,0,-6.34435654,-0.247548625,0,-6.34435654,1,0,0,1,-0.154157519,0,-3.8699472,0,0,0,-0.144022077,-0.00114406645,-3.87443376,4.032667,0.119279452,0.02674227,-0.0126532139,-0.2001475,-0.0189647079,-0.152313784,0.000587195158,-3.84683418,4.692229,-0.12411499,0.187347949,0.001627025,-0.208067432,0.05801336,-0.143986538,-0.0100762993,-3.839737,-12.2438354,-0.009857178,0.03228394,0.25835076,-0.2111372,0.0834009349,-0.143720314,0.07091802,-3.44665217,11.2155828,0.0753462,0.235862955,1.32360375,-0.176715389,-0.0179131478,-0.159488022,0.0543753,-4.13456631,-11.70816,0.0322395153,0.0519297644,-0.6129272,-0.204249814,0.0404182374,-0.1128378,0.0765620545,-3.07720256,3.396896,0.510903358,-0.324707031,0.72849673,-0.08267711,0.0191878937,-0.1582786,0.228199631,-4.427043,-10.3323975,0.07536119,-0.04208374,-1.60671747,-0.196257189,0.06750183,-0.4406096,2.1321528,2.75884914,3.51446462
152,3.0399989229024942,608,0,1,-0.15910849,0,-3.99683428,-0.249814346,0,-6.40990973,-0.249814346,0,-6.40990973,1,0,0,1,-0.1541122,1.49011612E-08,-3.86863613,0,0,0,-0.143427983,-0.00114801526,-3.87344217,4.03026152,-0.0945739746,0.0243610479,-0.009577569,-0.201453716,-0.0210945327,-0.150879651,-0.003902495,-3.89488077,4.513169,-0.330444336,0.186155587,-0.258361429,-0.2016712,0.0528252423,-0.139714763,-0.03182678,-3.74178314,-11.666687,-0.246368408,0.06953159,0.7663649,-0.203263313,0.08743391,-0.150326446,0.02793663,-3.72530484,11.7373266,-0.1335144,0.205418289,0.424349636,-0.192815259,-0.0226102062,-0.14511928,0.000625550747,-3.86503768,-12.92627,-0.200531,0.09095711,-0.059288945,-0.198928922,0.029653389,-0.132013857,0.02727545,-3.583438,3.80076551,0.196517959,-0.217926025,0.330819815,-0.199244946,0.09166774,-0.137031019,0.13759841,-4.07382059,-11.5373535,-0.1513977,0.0171322487,-1.20377982,-0.192547649,0.0491576344,-0.439789146,2.13215256,2.779457,3.5305624
153,3.0599989158163265,612,0,1,-0.15910849,0,-3.99683428,-0.252024174,0,-6.477418,-0.252024174,0,-6.477418,1,0,0,1,-0.154068008,1.49011612E-08,-3.867286,0,0,0,-0.142758325,-0.0011677295,-3.87232757,4.032866,-0.306549072,0.0215655658,-0.00642144,-0.201175675,-0.0236295424,-0.152012959,-0.009986177,-3.968892,3.96381283,-0.530426,0.178535029,-0.647854149,-0.197834447,0.055594556,-0.136195615,-0.04773356,-3.65860248,-10.6193237,-0.474060059,0.0971654654,1.19428015,-0.195451528,0.0889369547,-0.1607497,-0.0166271627,-4.04771948,11.4495478,-0.348480225,0.176142544,-0.262233,-0.1797608,-0.02079628,-0.131965369,-0.0556632578,-3.59865665,-13.5195923,-0.427063,0.118240513,0.562024534,-0.194326431,0.0199910477,-0.148332417,-0.0195524991,-4.07649755,3.663696,-0.0371398926,-0.197296143,-0.101114735,-0.175717473,0.0650171861,-0.117062993,0.0208579525,-3.7042098,-12.1740417,-0.373168945,0.0617551841,-0.6636791,-0.1901019,0.0318969265,-0.4402971,2.13215256,2.76669884,3.52059054
154,3.0799989087301585,617,0,1,-0.15910849,0,-3.99683428,-0.253293753,0,-6.51725769,-0.253293753,0,-6.51725769,1,0,0,1,-0.154042616,0,-3.86648917,0,0,0,-0.143185854,-0.00116431713,-3.871679,4.037832,-0.504241943,0.0209428929,-0.0047900686,-0.18871519,-0.0236709919,-0.154364184,-0.0149056464,-4.055297,2.95050836,-0.708221436,0.1696869,-1.08674967,-0.176999271,0.0575241745,-0.1346983,-0.056607753,-3.587746,-9.183075,-0.674743652,0.108186908,1.548835,-0.1727848,0.0872083,-0.1704514,-0.05502467,-4.367361,10.4237261,-0.5401001,0.150148749,-0.895303547,-0.165354714,-0.0203177612,-0.120768651,-0.104390487,-3.34577441,-13.4325867,-0.6312561,0.124718934,1.1897248,-0.1769632,0.007000521,-0.164968431,-0.0591275543,-4.532772,3.109311,-0.2770691,-0.152496338,-0.442846,-0.17783381,0.0736885,-0.0997498259,-0.101426877,-3.33936763,-12.1148376,-0.5797119,0.08401199,-0.0356079377,-0.17882207,0.0118691046,-0.440436155,2.13215256,2.76320648,3.51786423
155,3.0999989016439908,622,0,1,-0.15910849,0,-3.99683428,-0.25447765,0,-6.55259132,-0.25447765,0,-6.55259132,1,0,0,1,-0.154018939,1.49011612E-08,-3.8657825,0,0,0,-0.144451648,-0.00115969777,-3.871089,4.043536,-0.6737976,0.0226833522,-0.004478166,-0.16281946,-0.0217903946,-0.157144025,-0.0152601153,-4.13571024,1.48610389,-0.8494568,0.164349273,-1.484434,-0.14133355,0.05648236,-0.134491324,-0.0575063527,-3.53216863,-7.44836426,-0.830841064,0.100138441,1.81331313,-0.136217043,0.08010593,-0.17920959,-0.0760777742,-4.65659237,8.75249,-0.704834,0.1356389,-1.45105028,-0.139191,-0.0183859989,-0.112304844,-0.137649313,-3.118489,-12.64032,-0.794342041,0.106383286,1.78174734,-0.144269362,-0.00480081141,-0.178486779,-0.08189714,-4.93389845,2.32107735,-0.494873047,-0.108184814,-0.639612138,-0.171715945,0.07902464,-0.08720142,-0.212640941,-2.99555016,-11.2918091,-0.7532959,0.0776004,0.629359961,-0.1530499,-0.007453304,-0.43941313,2.13215256,2.78889751,3.53795242
156,3.1199988945578232,626,0,1,-0.15910849,0,-3.99683428,-0.256580949,0,-6.58769846,-0.256580949,0,-6.58769846,1,0,0,1,-0.153976873,-1.1920929E-06,-3.86508036,0,0,0,-0.146379322,-0.00116947293,-3.87054276,4.04884958,-0.803039551,0.0266202688,-0.00464258436,-0.1252174,-0.0183092654,-0.160648316,-0.009351283,-4.199303,-0.3465271,-0.9406128,0.167817354,-1.78842378,-0.09348868,0.0547418,-0.135164976,-0.05090317,-3.4952147,-5.52078247,-0.928588867,0.0740434,1.97310531,-0.0885143,0.0684736148,-0.1876304,-0.07292089,-4.89396334,6.559499,-0.8321533,0.141457677,-1.90257215,-0.09413502,-0.0149696395,-0.106916681,-0.150001541,-2.92943954,-11.1595459,-0.900756836,0.0654365942,2.30065155,-0.0972824246,-0.0124510676,-0.182934076,-0.08307336,-5.260036,1.50000978,-0.6208191,-0.1836853,-0.61681217,-0.06948138,0.05407287,-0.08067574,-0.298172385,-2.68905258,-9.69278,-0.8763733,0.0423646942,1.28305519,-0.111118585,-0.02093789,-0.440488517,2.13215256,2.76189041,3.51683712
157,3.1399988874716551,631,0,1,-0.15910849,0,-3.99683428,-0.258346736,0,-6.601908,-0.258346736,0,-6.601908,1,0,0,1,-0.153941557,-5.811453E-07,-3.86479616,0,0,0,-0.149009034,-0.0011857748,-3.8704555,4.052751,-0.881195068,0.0328251235,-0.005717371,-0.07715687,-0.0130899167,-0.161697522,0.00212518871,-4.241532,-2.44259644,-0.97366333,0.166327909,-1.97474015,-0.0360944867,0.0350078344,-0.136611611,-0.03900464,-3.478028,-3.5116272,-0.955657959,0.0344153,2.027774,-0.0304636732,0.05345816,-0.189319372,-0.0498296469,-5.06169844,3.99898624,-0.9017334,0.141018882,-2.216437,-0.06586144,-0.020194158,-0.102542773,-0.141753882,-2.786807,-9.032715,-0.932251,0.00346175977,2.72821712,-0.0332674533,-0.0205983669,-0.1961872,-0.07088891,-5.484986,0.2962111,-0.8809204,-0.388244629,-0.502079964,-0.157417074,0.146451533,-0.0793202445,-0.368567884,-2.44565845,-7.939026,-0.890533447,0.0276991054,1.54423153,-0.0570426,0.05594361,-0.440181315,2.1321528,2.7696085,3.52286339
158,3.1599988803854875,637,0,1,-0.15910849,0,-3.99683428,-0.26025483,0,-6.61723852,-0.26025483,0,-6.61723852,1,0,0,1,-0.1539034,0,-3.86448956,0,0,0,-0.151907414,-0.00118969381,-3.87001967,4.056282,-0.9034729,0.0403582565,-0.006042955,-0.0240851454,-0.00703216158,-0.164310455,0.0172986835,-4.257531,-4.666504,-0.945404053,0.165585667,-2.02886271,0.0194966979,0.0191427618,-0.138112545,-0.0234746784,-3.485249,-1.55291748,-0.911193848,-0.0141296387,1.95453429,0.028278634,0.0343727544,-0.189498618,0.008320227,-5.14045,1.26402175,-0.9057312,0.155427247,-2.358521,-0.0008942634,-0.0298627764,-0.1016776,-0.102740273,-2.70168781,-6.36782837,-0.900756836,-0.06338501,3.01597834,0.02440545,-0.0170407,-0.198162958,0.0719696,-5.589443,-0.9673767,-0.9189453,-0.008544922,-1.17997217,-0.0546231866,0.1785782,-0.07801568,-0.305065542,-2.2465663,-5.17874146,-0.8734436,-0.03427124,2.47583151,0.009323601,-0.0398699045,-0.439430058,2.1321528,2.78848267,3.5376277
159,3.1799988732993194,642,0,1,-0.15910849,0,-3.99683428,-0.2602012,0,-6.580808,-0.2602012,0,-6.580808,1,0,0,1,-0.153904468,1.49011612E-08,-3.86521816,0,0,0,-0.155209884,-0.00121974945,-3.87081027,4.05675936,-0.866210938,0.049415227,-0.008119042,0.03238135,1.774059E-05,-0.164699942,0.03102304,-4.23717546,-6.808899,-0.858551,0.154602453,-1.8926456,0.0762246251,-0.0088498,-0.139912337,-0.009223446,-3.51039982,0.278778225,-0.7975464,-0.06399536,1.79694271,0.08599136,0.0144718364,-0.185196146,0.0691894442,-5.12667847,-1.45593262,-0.852478,0.1364007,-2.36022544,0.06247046,-0.04456976,-0.101711012,-0.06487942,-2.682812,-3.29302979,-0.8092041,-0.128967285,3.14388418,0.07599144,-0.0118699968,-0.20650503,0.203067616,-5.61661434,-2.89370728,-0.884643555,0.239328638,-1.72089982,0.044569198,-0.0351135433,-0.08266553,-0.318964243,-2.15095854,-2.08468628,-0.8446045,0.0101347547,2.71122861,0.04170658,0.05544191,-0.440319568,2.1321528,2.76613617,3.52015138
160,3.1999988662131518,648,0,1,-0.15910849,0,-3.99683428,-0.260625869,0,-6.53884649,-0.260625869,0,-6.53884649,1,0,0,1,-0.153895974,1.49011612E-08,-3.8660574,0,0,0,-0.158296078,-0.001244396,-3.871587,4.05490255,-0.7731323,0.0585126355,-0.009498519,0.08602343,0.006819827,-0.165655285,0.0400158763,-4.198917,-8.755432,-0.7156067,0.125791878,-1.66705239,0.128404573,-0.03442365,-0.142204538,0.002496913,-3.546427,1.92717552,-0.62979126,-0.109100342,1.585259,0.133959576,-0.002755925,-0.1847863,0.121803232,-5.045826,-4.04824829,-0.7239685,0.116528541,-2.23254442,0.118126586,-0.04967331,-0.106234558,-0.00724346936,-2.72019577,0.0001489093,-0.686859131,-0.173858643,3.08196759,0.114504643,0.00219909847,-0.203999117,0.308458358,-5.50109959,-4.20935059,-0.752197266,0.215224966,-2.10976267,0.11528144,-0.053810332,-0.08818221,-0.164907575,-2.19501615,-0.479431152,-0.8319092,-0.136260986,1.43302858,0.009006722,-0.06029941,-0.440498829,2.13215256,2.76163387,3.51663685
161,3.2199988591269841,653,0,1,-0.15910849,0,-3.99683428,-0.2593086,0,-6.46868,-0.2593086,0,-6.46868,1,0,0,1,-0.153922319,0,-3.86746073,0,0,0,-0.16124849,-0.00128667057,-3.87300014,4.050247,-0.630279541,0.06747311,-0.0114076119,0.1341532,0.0134723429,-0.166846171,0.04094225,-4.13963127,-10.3979187,-0.5263977,0.0870801359,-1.33149254,0.1676232,-0.0549770258,-0.14624466,0.009538665,-3.60507417,3.27867818,-0.421112061,-0.138916016,1.26623333,0.172880173,-0.0141446441,-0.181970984,0.141987,-4.8872695,-6.322998,-0.54486084,0.07914112,-1.814348,0.156245038,-0.0554921366,-0.116326988,0.0439724922,-2.83033133,3.30639768,-0.5307312,-0.20010376,2.855192,0.158159688,0.02230917,-0.200172722,0.314113319,-5.29777241,-5.84960938,-0.574066162,0.164834663,-1.782975,0.1497998,-0.0696508437,-0.10361474,-0.00431853533,-2.33149219,0.246819243,-0.8248291,-0.893859863,0.5600542,0.0129396841,-0.206893474,-0.4404132,2.13215256,2.76378441,3.51831532
162,3.2399988520408161,658,0,1,-0.15910849,0,-3.99683428,-0.2586224,0,-6.406226,-0.2586224,0,-6.406226,1,0,0,1,-0.153936043,1.49011612E-08,-3.8687098,0,0,0,-0.1637434,-0.00131769478,-3.87412453,4.04406166,-0.446563721,0.07563724,-0.0124091227,0.173699766,0.0192743372,-0.1667504,0.0338046849,-4.06613636,-11.64566,-0.303955078,0.03811708,-0.9253043,0.1943276,-0.07480425,-0.151287332,0.0106215775,-3.68870115,4.19612,-0.187011719,-0.147949219,0.824724,0.204531789,-0.0229693949,-0.177307844,0.138150021,-4.6615963,-8.128479,-0.338104248,0.0271895118,-1.09189713,0.180317923,-0.054030925,-0.122442864,0.0811884552,-3.00954747,6.418359,-0.338653564,-0.17855835,2.50091386,0.1613565,0.0233623832,-0.195364669,0.295009226,-4.992611,-7.324829,-0.380249023,0.100889936,-1.52717507,0.167198822,-0.07232429,-0.107229516,0.0679077357,-2.50916862,1.60379624,-0.6698303,-0.403076172,0.867305934,0.103390686,0.348028362,-0.439489365,2.13215256,2.78699875,3.53646541
163,3.2599988449546484,662,0,1,-0.15910849,0,-3.99683428,-0.256814152,0,-6.326475,-0.256814152,0,-6.326475,1,0,0,1,-0.153972208,1.49011612E-08,-3.87030482,0,0,0,-0.165375546,-0.001348123,-3.87582946,4.03567934,-0.237609863,0.08154551,-0.0136075281,0.198520824,0.02321366,-0.164364249,0.0132555962,-3.95326877,-12.2711182,-0.0664978,-0.0147094727,-0.318728656,0.2050862,-0.0872812644,-0.15464367,0.006416455,-3.77668023,4.64571333,0.0578709058,-0.143310547,0.3704696,0.2189262,-0.03845437,-0.171393052,0.100564077,-4.388204,-10.0249329,-0.113220215,-0.0311584473,-0.77769804,0.193102762,-0.05198998,-0.126968235,0.08497924,-3.2223258,9.308642,-0.113525391,-0.17098999,2.076965,0.184403241,0.0209406763,-0.191800982,0.267893463,-4.70138931,-8.956421,-0.166870117,0.0309137832,-1.60445857,0.181825474,-0.07236924,-0.12043494,0.08131589,-2.760963,2.56323338,-0.562255859,-0.347869873,0.793505132,0.0793178454,0.09643715,-0.440567553,2.13215256,2.75990677,3.51528931
164,3.2799988378684808,667,0,1,-0.15910849,0,-3.99683428,-0.258655936,0,-6.35226,-0.258655936,0,-6.35226,1,0,0,1,-0.153935373,0,-3.86978912,0,0,0,-0.166020885,-0.00138375163,-3.87563372,4.029688,-0.0213317871,0.0847009346,-0.01153292,0.20658429,0.02520159,-0.1603221,-0.0128340572,-3.83272243,-12.2107239,0.1666617,-0.0634460449,0.311182022,0.199876443,-0.09308159,-0.157426119,0.000580281,-3.85117126,4.687894,0.291886,-0.135284424,-0.0193675943,0.213382274,-0.0508907661,-0.165018067,0.04953666,-4.11193371,-11.7893372,0.114377961,-0.08508301,-0.5662752,0.192627043,-0.0441316664,-0.136519283,0.0675386339,-3.469031,11.2787924,0.09280221,-0.149627686,1.18137193,0.190975338,0.0232459,-0.188112348,0.218884617,-4.396144,-10.536499,0.0531631224,-0.0352478027,-1.55415547,0.185932875,-0.0611869581,-0.138701886,0.07299527,-3.11556,3.42658925,-0.364959717,-0.230316162,0.712200165,0.120176613,0.08899507,-0.440500945,2.1321528,2.76157951,3.51659465
165,3.2999988307823127,673,0,1,-0.15910849,0,-3.99683428,-0.261990815,0,-6.420603,-0.261990815,0,-6.420603,1,0,0,1,-0.153868675,0,-3.86842227,0,0,0,-0.166469738,-0.0014218986,-3.87481356,4.02828932,0.193067774,0.0868306,-0.008300656,0.206619948,0.0271590352,-0.15676327,-0.0339756757,-3.7359705,-11.5875244,0.389051318,-0.104278564,0.8128571,0.1912095,-0.095476076,-0.1608784,-0.00411579,-3.9019866,4.48384,0.512170553,-0.123291016,-0.292378575,0.205136538,-0.0548715629,-0.158091784,-0.00455835462,-3.84249568,-12.9564819,0.334522128,-0.127288818,-0.007251246,0.186629549,-0.032380458,-0.147877052,0.0245415717,-3.75228953,11.7372236,0.321934044,-0.118621826,0.371211559,0.208247453,0.0225891769,-0.18137528,0.126179591,-4.04123259,-11.675354,0.2677911,-0.08911133,-1.14280784,0.182383955,-0.043089807,-0.158267066,0.0242553949,-3.62291145,3.793528,-0.0252380371,-0.183624268,0.279536277,0.210149661,0.07137959,-0.439612776,2.1321528,2.78389454,3.534035
166,3.3199988236961451,678,0,1,-0.15910849,0,-3.99683428,-0.265083581,0,-6.48398638,-0.265083581,0,-6.48398638,1,0,0,1,-0.153806821,1.49011612E-08,-3.8671546,0,0,0,-0.166894883,-0.00146365166,-3.87394547,4.03138638,0.403173238,0.08908297,-0.00540871639,0.204052553,0.0293248631,-0.153676867,-0.0491740555,-3.65391755,-10.5004272,0.6003674,-0.133575439,1.23463261,0.1828821,-0.09552717,-0.1647441,-0.0101787,-3.97767472,3.898832,0.723014057,-0.113494873,-0.6878335,0.197218612,-0.0617326051,-0.150189027,-0.06036836,-3.57714033,-13.4939575,0.5458358,-0.155181885,0.615247667,0.180343077,-0.0219971612,-0.161684364,-0.0198439062,-4.07545757,11.3910656,0.5508633,-0.0925293,-0.3120697,0.189759672,0.0183897987,-0.171848729,0.008982889,-3.6718533,-12.2385254,0.474876583,-0.12701416,-0.5978598,0.178156689,-0.0260568429,-0.176701248,-0.0225362033,-4.113927,3.62324333,0.215619341,-0.182861328,-0.136422783,0.17951037,0.0553441867,-0.440333456,2.1321528,2.765788,3.51987958
167,3.339998816609977,684,0,1,-0.15910849,0,-3.99683428,-0.266898543,0,-6.5222764,-0.266898543,0,-6.5222764,1,0,0,1,-0.153770521,0,-3.8663888,0,0,0,-0.166326031,-0.00149081647,-3.8734448,4.036782,0.5969969,0.08926733,-0.00377238542,0.189755425,0.02917187,-0.149821848,-0.05722092,-3.5844624,-9.031952,0.7850829,-0.145202637,1.58142924,0.161420584,-0.0923034549,-0.16849345,-0.0148122758,-4.063868,2.84902644,0.90737015,-0.109069824,-1.12436152,0.1722638,-0.0669853,-0.1414407,-0.107766941,-3.32629943,-13.3487854,0.7350825,-0.161834717,1.24071884,0.163130909,-0.009672418,-0.17554453,-0.0572876632,-4.39339828,10.3127785,0.7455963,-0.07821655,-0.9406515,0.171133429,0.0143959895,-0.159960881,-0.112288162,-3.30864239,-12.1022644,0.6666665,-0.143157959,0.0316118561,0.1667562,-0.008037895,-0.195237935,-0.0613560379,-4.56702042,3.04425168,0.4586756,-0.143890381,-0.4663161,0.1763233,0.06790179,-0.4404305,2.13215256,2.76334953,3.51797581
168,3.3599988095238094,689,0,1,-0.15910849,0,-3.99683428,-0.2678716,0,-6.556859,-0.2678716,0,-6.556859,1,0,0,1,-0.15375106,1.49011612E-08,-3.86569715,0,0,0,-0.164993018,-0.00149127841,-3.87285256,4.043081,0.76144284,0.08730699,-0.00336325262,0.162772983,0.0272759683,-0.145981818,-0.05724384,-3.53052354,-7.27407837,0.9276163,-0.137451172,1.83661747,0.127227873,-0.08452056,-0.171658158,-0.0146792531,-4.14315033,1.35269034,1.05102861,-0.113647461,-1.51638412,0.1333436,-0.0677598,-0.1321412,-0.1391385,-3.10218263,-12.4992981,0.885446131,-0.144104,1.82733691,0.132108539,0.00113649666,-0.188897014,-0.07667288,-4.679193,8.596808,0.910942554,-0.07904053,-1.48971677,0.1426882,0.0111801624,-0.145261064,-0.221198544,-2.968021,-11.2029114,0.8274551,-0.132507324,0.694313,0.1423001,0.00874659,-0.212843329,-0.08259621,-4.963006,2.24717045,0.6840969,-0.100067139,-0.647747457,0.172591165,0.07793142,-0.440266967,2.13215256,2.767456,3.521182
169,3.3799988024376417,694,0,1,-0.15910849,0,-3.99683428,-0.2688856,0,-6.59239531,-0.2688856,0,-6.59239531,1,0,0,1,-0.15373078,1.49011612E-08,-3.86498642,0,0,0,-0.162959144,-0.00146564841,-3.87216139,4.0490365,0.8848006,0.08319682,-0.00357783074,0.124676272,0.0236902721,-0.142769232,-0.04991652,-3.49521542,-5.333313,1.01528108,-0.110900879,1.98670661,0.08264008,-0.07215594,-0.174141437,-0.00827436149,-4.20529127,-0.5072632,1.14258075,-0.124511719,-1.81424928,0.08335191,-0.060280472,-0.123028994,-0.149435729,-2.91735,-10.9659119,0.984065056,-0.10458374,2.337463,0.08854152,0.0077959,-0.201496065,-0.07167061,-4.912041,6.367281,1.03741193,-0.0916748047,-1.93244934,0.102656215,0.010998264,-0.127841175,-0.303915322,-2.66655016,-9.527222,0.94649446,-0.09994507,1.3454299,0.105015136,0.01812379,-0.226781934,-0.0810558647,-5.280173,1.4585979,0.880850732,-0.0625,-0.6313927,0.1597083,0.0929425657,-0.439273149,2.13215256,2.792428,3.54071879
170,3.3999987953514736,700,0,1,-0.15910849,0,-3.99683428,-0.267882764,0,-6.6000247,-0.267882764,0,-6.6000247,1,0,0,1,-0.153750837,0,-3.86483383,0,0,0,-0.160358682,-0.001431793,-3.87191963,4.05367327,0.9576605,0.0770850256,-0.00463030767,0.07705657,0.018562492,-0.140035778,-0.0374079645,-3.47992253,-3.322937,1.03863668,-0.07180786,2.03065181,0.02849903,-0.058565706,-0.174844548,0.00364273787,-4.24491072,-2.61917114,1.17192066,-0.142822266,-1.9895,0.02560183,-0.04734899,-0.115196474,-0.1381942,-2.77937937,-8.7951355,1.01220524,-0.0479431152,2.75433469,0.0279154629,0.0122700036,-0.212248117,-0.0444200039,-5.071655,3.7887845,1.10173154,-0.113220215,-2.232045,0.06375164,0.0189428031,-0.112113163,-0.365097225,-2.42799473,-7.68811035,0.97079283,0.0409856848,1.61877358,0.03350877,0.0915944,-0.237425521,-0.06884147,-5.499083,0.283322573,1.06328094,-0.548156738,-0.681742668,0.180647314,-0.08919862,-0.44052,2.13215256,2.76110172,3.51622176
171,3.419998788265306,705,0,1,-0.15910849,0,-3.99683428,-0.266939521,0,-6.611433,-0.266939521,0,-6.611433,1,0,0,1,-0.1537697,-5.96046448E-07,-3.86460567,0,0,0,-0.157391548,-0.00138758123,-3.871246,4.057621,0.974637151,0.06952654,-0.00534779066,0.0241582729,0.0124564068,-0.1394803,-0.0221297443,-3.48830557,-1.370575,0.9953536,-0.0234375,1.94985008,-0.0282346979,-0.03912659,-0.174082771,0.01902923,-4.25755,-4.84347534,1.13964939,-0.154266357,-2.028756,-0.0350307375,-0.0268512815,-0.111279242,-0.099223,-2.699544,-6.09606934,0.974973142,0.0156742129,3.02933645,-0.030757172,0.012200892,-0.2160895,0.0138483495,-5.142478,1.05298615,1.10713112,-0.129882813,-2.36326766,-0.0105611607,0.0219150335,-0.09775095,-0.306802869,-2.238152,-4.91265869,0.9164674,0.08103457,2.48437142,-0.06502764,-0.05248344,-0.241870672,0.08570087,-5.59599638,-0.9899292,1.13151765,-0.25680542,-1.2545377,0.0176493376,0.203184038,-0.440421522,2.1321528,2.7635746,3.51815176
172,3.4399987811791384,710,0,1,-0.15910849,0,-3.99683428,-0.2640576,0,-6.57503843,-0.2640576,0,-6.57503843,1,0,0,1,-0.153827339,0,-3.86533356,0,0,0,-0.154214114,-0.00133855641,-3.87163639,4.058533,0.9333258,0.0607595369,-0.00746690435,-0.0312704667,0.00555190444,-0.139897481,-0.0082331,-3.514841,0.443649977,0.8876721,0.02733676,1.78261817,-0.0846202448,-0.0193025172,-0.170618966,0.03235157,-4.23528528,-6.97384644,1.04092741,-0.1579895,-1.88606977,-0.09284212,-0.00480574369,-0.109797746,-0.06091033,-2.68589258,-2.99801636,0.876106,0.0767671838,3.145048,-0.085738346,0.005984485,-0.217638642,0.07277255,-5.125124,-1.67233276,1.01492548,-0.142974854,-2.36115313,-0.07697216,0.0377967656,-0.08450149,-0.317631662,-2.15113974,-1.86349487,0.830639541,0.114812121,2.68460846,-0.09510352,-0.06310627,-0.242166832,0.20176281,-5.61014462,-2.7074585,1.03088391,-0.4675598,-1.7766552,-0.06060712,0.05264038,-0.4402271,2.1321528,2.76845551,3.52196264
173,3.4599987740929703,717,0,1,-0.15910849,0,-3.99683428,-0.260844171,0,-6.533351,-0.260844171,0,-6.533351,1,0,0,1,-0.153891608,1.49011612E-08,-3.86616731,0,0,0,-0.151020244,-0.001275599,-3.87187147,4.057463,0.8354629,0.05135244,-0.009142804,-0.0854647458,-0.0016224063,-0.140351817,0.00303684175,-3.55138087,2.06535029,0.723952055,0.067529045,1.56442523,-0.136812627,-0.0026679337,-0.167929217,0.0411174446,-4.19462967,-8.903992,0.885688365,-0.1378479,-1.65137529,-0.144150183,0.0297481418,-0.1143062,0.002126664,-2.72653246,0.300103515,0.774406552,0.129482657,3.06851125,-0.0880519152,0.007385418,-0.2148408,0.122180276,-5.036705,-4.250885,0.8935238,-0.125152588,-2.21947432,-0.12550205,0.0480432957,-0.09930524,-0.12940824,-2.20350933,-0.316772461,0.843576431,-0.304473877,1.32685685,0.00204579532,-0.2669631,-0.228736043,0.2986003,-5.48931932,-4.12136841,0.9184546,-0.406280518,-2.00728774,-0.116381273,0.0681559741,-0.440613627,2.1321528,2.758748,3.5143857
174,3.4799987670068027,722,0,1,-0.15910849,0,-3.99683428,-0.255393326,0,-6.451466,-0.255393326,0,-6.451466,1,0,0,1,-0.154000625,1.49011612E-08,-3.867805,0,0,0,-0.148352519,-0.00123597682,-3.873048,4.052708,0.6894652,0.0427082963,-0.0117235081,-0.132139117,-0.007891906,-0.145227358,0.00958477,-3.61077476,3.3825078,0.5199831,0.1081963,1.23998952,-0.175802141,0.0284446254,-0.162030876,0.04158099,-4.133968,-10.5233154,0.683413,-0.104827881,-1.31012464,-0.183045059,0.05092062,-0.131139576,0.0475507677,-2.8409164,3.592472,0.636348963,0.204528213,2.83538365,-0.147752345,0.0234651417,-0.204074949,0.1429297,-4.870772,-6.49414063,0.6967646,-0.09603882,-1.75980353,-0.171237543,0.05224967,-0.105370253,-0.00744137168,-2.34873152,0.0483408459,0.710443854,-0.8444214,0.4504106,-0.0732665956,-0.179600522,-0.216488957,0.3149872,-5.275795,-5.76742554,0.7151651,-0.333465576,-1.78060746,-0.168260843,0.0903255343,-0.439559728,2.13215256,2.78521633,3.5350697
175,3.4999987599206346,727,0,1,-0.15910849,0,-3.99683428,-0.251826733,0,-6.400063,-0.251826733,0,-6.400063,1,0,0,1,-0.154071957,0,-3.868833,0,0,0,-0.145960316,-0.00118079782,-3.8735764,4.046374,0.50416404,0.03474332,-0.0128226532,-0.170508429,-0.0136872837,-0.1497083,0.0100717694,-3.69510674,4.26001024,0.288063854,0.153399721,0.791241169,-0.202458262,0.0514005423,-0.155980542,0.0338209271,-4.05826759,-11.7375793,0.4475972,-0.06121826,-0.8958495,-0.208047941,0.06976086,-0.133925334,0.0795068,-3.02669644,6.692968,0.415225863,0.248553813,2.46368957,-0.17828609,-0.00202788413,-0.190235227,0.137190253,-4.63982439,-8.257324,0.473920375,-0.0497131348,-1.0327909,-0.1943875,0.050285697,-0.09722945,0.0541063845,-2.5279212,1.63551617,0.709139943,-0.359588623,1.00829113,-0.0166027583,0.3644805,-0.196904421,0.2947172,-4.96521854,-7.251709,0.501519561,-0.249176025,-1.53200591,-0.181701,0.09092231,-0.4402096,2.1321528,2.7688942,3.52230525
176,3.5199987528344669,733,0,1,-0.15910849,0,-3.99683428,-0.247380242,0,-6.324222,-0.247380242,0,-6.324222,1,0,0,1,-0.154160887,0,-3.87035,0,0,0,-0.144597813,-0.0011523813,-3.87479329,4.03812647,0.295795232,0.0291973017,-0.014163102,-0.193213671,-0.0172651745,-0.151026651,0.005636081,-3.78321385,4.66748857,0.05672172,0.180368721,0.335276484,-0.2106773,0.054552637,-0.149192035,0.0121457428,-3.941818,-12.3124695,0.1991822,-0.0140686035,-0.274392933,-0.215395167,0.08051853,-0.135381445,0.08508278,-3.24185181,9.552314,0.238457352,0.242736548,2.029936,-0.160644442,-0.019322291,-0.173998713,0.0970244259,-4.36399651,-10.162262,0.236434281,0.00377011066,-0.7647389,-0.204274952,0.0484942049,-0.105586261,0.08097865,-2.78481817,2.65499282,0.6596692,-0.313934326,0.8218696,-0.009692971,0.06794256,-0.177595422,0.266891837,-4.677234,-8.921783,0.274357,-0.161712646,-1.63414872,-0.191749319,0.08854787,-0.44032082,2.1321528,2.766101,3.520124
177,3.5399987457482993,738,0,1,-0.15910849,0,-3.99683428,-0.2477699,0,-6.35296345,-0.2477699,0,-6.35296345,1,0,0,1,-0.1541531,0,-3.869775,0,0,0,-0.143973291,-0.00114029646,-3.87429333,4.03192568,0.08169519,0.0262626652,-0.0123026241,-0.200086787,-0.0191824026,-0.151198715,5.18858433E-05,-3.852637,4.691683,-0.158996582,0.186683327,-0.030136548,-0.205141366,0.05305015,-0.143603638,-0.01399225,-3.822341,-12.2052,-0.04397583,0.029960759,0.348482132,-0.2090798,0.0858938545,-0.141978234,0.06361344,-3.49095321,11.3518562,0.0444544,0.223054588,1.01679146,-0.175987482,-0.02234564,-0.158291265,0.0454795361,-4.088354,-11.8837585,-0.000579834,0.05305165,-0.5252607,-0.202012271,0.0406675935,-0.11412549,0.06969902,-3.159269,3.495089,0.479216963,-0.3171997,0.6821945,-0.115378849,0.059844926,-0.156844229,0.214258716,-4.36833334,-10.4980774,0.0445824042,-0.08117676,-1.54921031,-0.1926961,0.07391533,-0.440242231,2.1321528,2.768075,3.52166557
178,3.5599987386621312,744,0,1,-0.15910849,0,-3.99683428,-0.2503083,0,-6.42459631,-0.2503083,0,-6.42459631,1,0,0,1,-0.154102325,0,-3.8683424,0,0,0,-0.143278971,-0.001153335,-3.87319016,4.030535,-0.131958008,0.0237064753,-0.00905923452,-0.201568946,-0.0215697419,-0.150340214,-0.004916668,-3.90616035,4.45814848,-0.3644104,0.1798965,-0.318556428,-0.201172948,0.0499708652,-0.1392317,-0.0350549668,-3.726666,-11.5419617,-0.279632568,0.06779325,0.844347835,-0.202518374,0.0890477449,-0.150811508,0.0205129534,-3.77847528,11.7356434,-0.171081543,0.189459652,0.308016568,-0.194937855,-0.0241897069,-0.143731341,-0.009209573,-3.8191843,-13.0044556,-0.2324524,0.09244955,0.03948673,-0.198062226,0.0298419073,-0.133613274,0.0191611275,-3.667094,3.80513978,0.1542306,-0.21484375,0.259960771,-0.207185745,0.09189627,-0.135130331,0.118748948,-4.012026,-11.6194763,-0.180938721,-0.0143737793,-1.12308741,-0.190433413,0.05395195,-0.4394277,2.1321528,2.788536,3.53766942
179,3.5799987315759636,747,0,1,-0.15910849,0,-3.99683428,-0.252150834,0,-6.48470163,-0.252150834,0,-6.48470163,1,0,0,1,-0.154065475,1.49011612E-08,-3.86714029,0,0,0,-0.142804414,-0.00116625428,-3.87220955,4.033583,-0.341888428,0.02129229,-0.00610998645,-0.19939509,-0.0236801412,-0.152175948,-0.0110442787,-3.983559,3.830751,-0.5618286,0.169719517,-0.7228009,-0.1950767,0.0548001379,-0.135991961,-0.0499051362,-3.64545965,-10.4214172,-0.5040283,0.09417615,1.26077521,-0.1925631,0.08961864,-0.161891639,-0.0237003267,-4.1019,11.3221912,-0.383789063,0.159548879,-0.369980365,-0.17869325,-0.0215629227,-0.130499378,-0.0646504462,-3.55481029,-13.4904175,-0.456359863,0.117828779,0.6632865,-0.192228243,0.0187836736,-0.150473624,-0.0267333239,-4.15397453,3.59280515,-0.082611084,-0.187469482,-0.163053155,-0.1777676,0.06665639,-0.114888795,0.0003902316,-3.64275026,-12.150116,-0.401123047,0.0347778425,-0.5664591,-0.187787235,0.03447289,-0.440222442,2.13215256,2.76857376,3.522055
180,3.599998724489796,753,0,1,-0.15910849,0,-3.99683428,-0.2534845,0,-6.52283669,-0.2534845,0,-6.52283669,1,0,0,1,-0.1540388,-5.96046448E-07,-3.86637759,0,0,0,-0.143372953,-0.00117099285,-3.87159586,4.038732,-0.53515625,0.0210903175,-0.004736519,-0.184661582,-0.0234127548,-0.1547749,-0.0153816789,-4.069495,2.73832631,-0.734619141,0.160412684,-1.15735984,-0.1716114,0.05718772,-0.134655133,-0.05748214,-3.57702684,-8.926361,-0.698730469,0.103028528,1.60099983,-0.167702258,0.08664585,-0.171902061,-0.05985959,-4.41745234,10.1849909,-0.572143555,0.135280252,-0.9915186,-0.1615831,-0.019961495,-0.119417548,-0.111116633,-3.30568552,-13.2904053,-0.6552124,0.120814309,1.287216,-0.172870025,0.00524687,-0.167255819,-0.06409693,-4.60237551,2.98691154,-0.317138672,-0.145599365,-0.4868255,-0.176106662,0.07320715,-0.09773007,-0.120710373,-3.28075624,-11.9712219,-0.6038513,0.05854324,0.07001806,-0.175061092,0.0127490563,-0.439356625,2.1321528,2.79032326,3.53906965
181,3.6199987174036279,759,0,1,-0.15910849,0,-3.99683428,-0.255203336,0,-6.5588975,-0.255203336,0,-6.5588975,1,0,0,1,-0.154004425,0,-3.86565638,0,0,0,-0.14472194,-0.0011652559,-3.87099,4.0443964,-0.6983032,0.0231256466,-0.004488674,-0.156841278,-0.0213311855,-0.157575145,-0.0147313774,-4.14760828,1.20545447,-0.8687134,0.1558067,-1.54203033,-0.133742154,0.0557988435,-0.1345275,-0.05702533,-3.52436185,-7.14990234,-0.84664917,0.09255788,1.8487407,-0.129359663,0.07854582,-0.18059738,-0.0771924257,-4.699281,8.420144,-0.730651855,0.123614967,-1.53175271,-0.1339517,-0.0175496116,-0.111209445,-0.14104782,-3.08417749,-12.3859558,-0.8106079,0.09858105,1.86905932,-0.138126433,-0.00640083849,-0.180819526,-0.08339736,-4.992038,2.18388343,-0.5315857,-0.09979248,-0.65196836,-0.170357808,0.0807302445,-0.08572612,-0.2282553,-2.94234943,-11.0238037,-0.7710571,0.05176875,0.73565346,-0.1472971,-0.00702840835,-0.440598667,2.1321528,2.7591238,3.51467872
182,3.6399987103174603,764,0,1,-0.15910849,0,-3.99683428,-0.2569706,0,-6.59526825,-0.2569706,0,-6.59526825,1,0,0,1,-0.153969079,1.49011612E-08,-3.864929,0,0,0,-0.1467645,-0.001167804,-3.87041879,4.049654,-0.819549561,0.0273787882,-0.00466124248,-0.117788039,-0.0175647475,-0.160707116,-0.00777411461,-4.208047,-0.680328369,-0.951629639,0.157922223,-1.82907248,-0.08484945,0.0512134731,-0.13525869,-0.0493101329,-3.49069738,-5.198456,-0.9345703,0.0637713447,1.99047124,-0.08040522,0.06581873,-0.187500209,-0.07008363,-4.926608,6.156347,-0.8496704,0.129347757,-1.96302414,-0.0895608738,-0.0166008323,-0.106167525,-0.149845228,-2.90289569,-10.8005676,-0.9086304,0.05460893,2.37176,-0.08980033,-0.0133015066,-0.189212888,-0.0800961256,-5.30170631,1.40190279,-0.6656189,-0.113983154,-0.6219085,-0.14348121,0.09146488,-0.0800564,-0.309296727,-2.64423871,-9.292358,-0.8892822,0.0191136934,1.38983762,-0.104805574,-0.0186481848,-0.44057256,2.13215256,2.75978,3.51519036
183,3.6599987032312922,770,0,1,-0.15910849,0,-3.99683428,-0.258515865,0,-6.60218239,-0.258515865,0,-6.60218239,1,0,0,1,-0.153938174,0,-3.86479068,0,0,0,-0.149443,-0.00117661059,-3.87041473,4.053446,-0.8890991,0.0337811261,-0.00576116471,-0.06896108,-0.012191955,-0.162638724,0.00453256071,-4.24611139,-2.80670166,-0.974945068,0.157671764,-1.99360871,-0.0262999237,0.0352554321,-0.136871666,-0.03658484,-3.4774766,-3.18774414,-0.951416,0.0228857938,2.02486944,-0.0215599462,0.05078071,-0.191715866,-0.0409414619,-5.080311,3.55581784,-0.9112549,0.135777339,-2.24967313,-0.05239891,-0.0168293864,-0.102183849,-0.13597706,-2.76901221,-8.584564,-0.929443359,-0.008972168,2.779678,-0.0239965953,-0.0208387077,-0.196876958,-0.06710066,-5.51004744,0.269569039,-0.891418457,-0.529602051,-0.6604466,-0.156324983,-0.0902316347,-0.07646757,-0.36197716,-2.40866113,-7.382904,-0.8892822,0.011637615,1.677529,-0.00895638,0.01431305,-0.440605819,2.13215256,2.75894451,3.51453876
184,3.6799986961451245,775,0,1,-0.15910849,0,-3.99683428,-0.260337532,0,-6.613579,-0.260337532,0,-6.613579,1,0,0,1,-0.153901741,1.49011612E-08,-3.86456275,0,0,0,-0.152466789,-0.00119610131,-3.87010455,4.056491,-0.9013977,0.0417334139,-0.00640305039,-0.0146176927,-0.005826828,-0.164917454,0.0197850019,-4.25621033,-5.029602,-0.936187744,0.158618927,-2.01683164,0.029521307,0.01717946,-0.1383316,-0.02107516,-3.48762822,-1.24121094,-0.8948059,-0.0267333984,1.9370563,0.0387334749,0.03076984,-0.189909875,0.0184901059,-5.14292765,0.817443669,-0.9121704,0.147260129,-2.36562562,0.003976073,-0.03073389,-0.100873776,-0.0968233645,-2.69420576,-5.84777832,-0.8809204,-0.07876587,3.04402328,0.03966998,-0.0188219249,-0.200892627,0.09284818,-5.600764,-1.12084961,-0.9482422,-0.115844727,-1.31410384,-0.048705928,0.18518576,-0.0788257,-0.307914883,-2.22578716,-4.576721,-0.8349304,-0.03237915,2.50502133,0.04190475,-0.0242787451,-0.439650357,2.13215256,2.78294754,3.53329372
185,3.6999986890589569,780,0,1,-0.15910849,0,-3.99683428,-0.260554343,0,-6.5828824,-0.260554343,0,-6.5828824,1,0,0,1,-0.1538974,0,-3.86517668,0,0,0,-0.155690745,-0.00122149289,-3.87084913,4.05667973,-0.854949951,0.0507329963,-0.008082078,0.04117091,0.00107040559,-0.16555129,0.03288421,-4.23211336,-7.144806,-0.8392639,0.146302432,-1.86254549,0.08567621,-0.00956760347,-0.140822172,-0.00716717541,-3.51697016,0.557545,-0.7731323,-0.0750427246,1.7584151,0.09386484,0.014169,-0.187112316,0.0773794651,-5.119723,-1.89788818,-0.83706665,0.134135008,-2.35256815,0.08193012,-0.04290679,-0.1049029,-0.05890791,-2.68772745,-2.73388672,-0.7765808,-0.1308899,3.142825,0.07874011,-0.00435359776,-0.205870286,0.211936772,-5.60497427,-2.83639526,-0.8624878,-0.179626465,-1.83107471,0.08477067,0.00250282884,-0.08151905,-0.324070215,-2.14364529,-1.4390564,-0.8310547,-0.117126465,2.733295,0.0478894673,0.03500101,-0.440345168,2.1321528,2.76549244,3.51964879
186,3.7199986819727888,784,0,1,-0.15910849,0,-3.99683428,-0.260467172,0,-6.52846336,-0.260467172,0,-6.52846336,1,0,0,1,-0.153899148,0,-3.866265,0,0,0,-0.158780351,-0.00126086175,-3.87169838,4.0549407,-0.7538147,0.0597996265,-0.00973609,0.0941569656,0.007930049,-0.166836888,0.0407701731,-4.190724,-9.052826,-0.6864624,0.120933726,-1.62052882,0.13608785,-0.03333056,-0.1432754,0.00415085256,-3.55330563,2.16646361,-0.599823,-0.1177063,1.54559457,0.140850961,-0.00228852034,-0.185485229,0.12582323,-5.02532768,-4.452057,-0.68927,0.114196137,-2.19697618,0.127857789,-0.05156497,-0.110760264,0.00984031,-2.728714,0.5868563,-0.634613037,-0.1659851,3.06261563,0.134069934,0.0124726743,-0.202783078,0.3073848,-5.47338533,-4.27713,-0.7059021,-0.151794434,-2.032157,0.126418471,-0.0145814121,-0.09691398,-0.0934840441,-2.21391344,-0.202911377,-0.7975769,-0.587249756,1.0301007,0.0238828883,-0.209292024,-0.4398443,2.1321528,2.778079,3.52948451
187,3.7399986748866212,788,0,1,-0.15910849,0,-3.99683428,-0.25871405,0,-6.446018,-0.25871405,0,-6.446018,1,0,0,1,-0.153934211,0,-3.867914,0,0,0,-0.1618183,-0.00128594041,-3.87342668,4.04928637,-0.6024475,0.0690394,-0.0121971676,0.1425533,0.0148018841,-0.1671404,0.0403585732,-4.128975,-10.6365662,-0.4890747,0.08106362,-1.26961851,0.174346551,-0.05832477,-0.14869009,0.0101431161,-3.61577415,3.46086884,-0.3871765,-0.137481689,1.208853,0.181196392,-0.00759402663,-0.18138653,0.14314805,-4.853686,-6.656067,-0.5107422,0.07310435,-1.70011961,0.159005076,-0.0557222,-0.123710267,0.0498722345,-2.852334,3.87350225,-0.46206665,-0.158844,2.80883741,0.154395565,0.03552714,-0.200463787,0.31527254,-5.253252,-5.924469,-0.5425415,-0.150024414,-1.77103949,0.148574784,-0.0220267251,-0.10685274,0.0048750937,-2.36163163,0.0954227,-0.752349854,-0.986175537,0.544473946,0.0299266428,0.007996671,-0.4401374,2.1321528,2.77071476,3.52372766
188,3.7599986678004536,792,0,1,-0.15910849,0,-3.99683428,-0.258220077,0,-6.3995266,-0.258220077,0,-6.3995266,1,0,0,1,-0.15394409,0,-3.86884379,0,0,0,-0.16415365,-0.0013204962,-3.87432313,4.04256439,-0.412384033,0.07697079,-0.0125410911,0.179940492,0.02027426,-0.166627347,0.0315942466,-4.05148029,-11.8039246,-0.262023926,0.0307142567,-0.8450181,0.197883055,-0.07805583,-0.15318583,0.01016584,-3.70253754,4.30519533,-0.149414063,-0.132873535,0.751309454,0.2116813,-0.0193498433,-0.1763978,0.134563565,-4.61815929,-8.409149,-0.2991333,0.019473806,-0.9679439,0.1842757,-0.05357176,-0.123721465,0.0810420662,-3.04265237,6.96129656,-0.2909546,-0.1472168,2.43429685,0.17080465,0.0210725218,-0.195700556,0.2915433,-4.93924332,-7.413971,-0.344360352,-0.1680603,-1.526121,0.175696328,-0.0326944366,-0.10973379,0.0568536222,-2.54418039,1.68231547,-0.5626526,-0.447814941,1.00242484,0.146483615,0.4803132,-0.440445423,2.13215256,2.76297379,3.51768255
189,3.7799986607142855,797,0,1,-0.15910849,0,-3.99683428,-0.256742626,0,-6.327822,-0.256742626,0,-6.327822,1,0,0,1,-0.153973639,-8.925796E-06,-3.870278,0,0,0,-0.165640309,-0.0013718158,-3.87585664,4.034613,-0.199768066,0.08257153,-0.0132361976,0.202189863,0.0239011981,-0.16386193,0.009059057,-3.93323851,-12.31781,-0.0229187012,-0.02230835,-0.212625727,0.206126928,-0.08927418,-0.155470237,0.005371228,-3.791322,4.67594862,0.09831241,-0.124023438,0.293361038,0.222836643,-0.03978592,-0.1703485,0.0924651,-4.341504,-10.3069153,-0.070892334,-0.03945923,-0.748224735,0.195323676,-0.0515780076,-0.127326816,0.08526014,-3.260987,9.798594,-0.0595703125,-0.143005371,1.992267,0.185065657,0.0179137886,-0.192259863,0.262257218,-4.651388,-9.077026,-0.126098633,-0.198364258,-1.62770641,0.190241009,-0.0379805863,-0.12040408,0.08147986,-2.80589318,2.71499181,-0.4800415,-0.386199951,0.8380554,0.0764791742,0.14912191,-0.440378547,2.13215256,2.764656,3.51899576
190,3.7999986536281178,803,0,1,-0.15910849,0,-3.99683428,-0.259271353,0,-6.36247635,-0.259271353,0,-6.36247635,1,0,0,1,-0.153923064,-5.96046448E-07,-3.8695848,0,0,0,-0.1661229,-0.00139701366,-3.875523,4.02940655,0.0172853563,0.08529236,-0.0110502075,0.207678258,0.0255779624,-0.159682631,-0.0167008787,-3.81570125,-12.1582947,0.209031537,-0.07003784,0.4003058,0.198864952,-0.0942999,-0.157328784,5.37186861E-05,-3.856353,4.68988228,0.332125664,-0.115325928,-0.04877452,0.214183569,-0.0543613,-0.16392757,0.04068879,-4.06626749,-11.9780273,0.15653044,-0.09176636,-0.478449136,0.19245553,-0.0420622826,-0.1349506,0.06033828,-3.51309,11.4283028,0.148398742,-0.131073,0.9128324,0.195756435,0.01565075,-0.188032791,0.206153482,-4.33815145,-10.6130371,0.09480458,-0.228912354,-1.5121516,0.191423312,-0.0299717933,-0.139917,0.06522029,-3.20058513,3.53175473,-0.266601563,-0.194915771,0.668954432,0.120746881,0.134757966,-0.439561,2.132153,2.78519535,3.53505349
191,3.8199986465419498,808,0,1,-0.15910849,0,-3.99683428,-0.2627165,0,-6.43599272,-0.2627165,0,-6.43599272,1,0,0,1,-0.153854162,1.49011612E-08,-3.86811447,0,0,0,-0.166642562,-0.00143477321,-3.874596,4.028908,0.232370317,0.08757849,-0.00768681057,0.2075434,0.0277562123,-0.156270117,-0.03705302,-3.721235,-11.4512329,0.430910081,-0.109741211,0.889452457,0.190792039,-0.0962910056,-0.160688609,-0.005094111,-3.91290545,4.43416262,0.5528126,-0.108062744,-0.3510655,0.205842823,-0.06026724,-0.156804,-0.0142088979,-3.79735231,-13.0470581,0.376342744,-0.132080078,0.09138892,0.186647356,-0.030865293,-0.148474917,0.0170064569,-3.80617976,11.7452068,0.366155028,-0.105285645,0.251884133,0.198392466,0.0189137347,-0.1806466,0.108563013,-3.980284,-11.6847229,0.30912286,-0.251647949,-1.07576513,0.187257,-0.0164339989,-0.1588717,0.01616083,-3.70835376,3.80578566,0.0113709392,-0.160308838,0.20281519,0.181627452,0.06096152,-0.440491021,2.1321528,2.76182842,3.516789
192,3.8399986394557821,813,0,1,-0.15910849,0,-3.99683428,-0.2653533,0,-6.491711,-0.2653533,0,-6.491711,1,0,0,1,-0.153801426,1.49011612E-08,-3.867,0,0,0,-0.166854024,-0.00147278607,-3.87385917,4.032534,0.4406218,0.08940323,-0.00499500148,0.202498466,0.02941444,-0.152947322,-0.05116789,-3.641231,-10.2934875,0.638363,-0.136566162,1.29907882,0.1795874,-0.095882,-0.16494073,-0.011245653,-3.99234271,3.772163,0.7590199,-0.101348877,-0.7628761,0.193451434,-0.06526127,-0.14868325,-0.06905338,-3.53410625,-13.4768372,0.5847902,-0.156677246,0.7163112,0.178104341,-0.0198931545,-0.162532657,-0.0269957781,-4.13045168,11.271059,0.5854585,-0.08444214,-0.421907872,0.1855673,0.014921587,-0.1705403,-0.0102094337,-3.61132717,-12.1558228,0.51468116,-0.261871338,-0.5124016,0.181268737,-0.00281998888,-0.177886859,-0.029617697,-4.192963,3.55865812,0.2503296,-0.126281738,-0.203443855,0.175314933,0.048096,-0.4404447,2.13215256,2.762992,3.51769662
193,3.8599986323696145,819,0,1,-0.15910849,0,-3.99683428,-0.267093748,0,-6.52752161,-0.267093748,0,-6.52752161,1,0,0,1,-0.153766617,0,-3.866284,0,0,0,-0.166149363,-0.00149400532,-3.873349,4.03822136,0.6301059,0.08919424,-0.00376822986,0.18581593,0.028963903,-0.1490293,-0.05787483,-3.57421327,-8.76889,0.816236556,-0.145355225,1.63134909,0.155800685,-0.09188625,-0.168957934,-0.0152617246,-4.07810163,2.64271927,0.9363536,-0.100036621,-1.19545972,0.166054219,-0.0681064352,-0.139691055,-0.114152312,-3.28715467,-13.2185974,0.767916858,-0.159454346,1.3377552,0.158255681,-0.00789012,-0.177184179,-0.062184155,-4.444182,10.0789633,0.7806563,-0.0715026855,-1.03858423,0.166667372,0.0122980252,-0.157901809,-0.130377263,-3.251056,-11.9118958,0.701912761,-0.253051758,0.127261221,0.166815117,0.0119863525,-0.195509732,-0.0659129,-4.63781834,2.9273932,0.493587315,-0.1347351,-0.5205194,0.1759879,0.0489403978,-0.4406144,2.1321528,2.75873,3.51437163
194,3.8799986252834464,822,0,1,-0.15910849,0,-3.99683428,-0.268006444,0,-6.5628314,-0.268006444,0,-6.5628314,1,0,0,1,-0.153748363,1.49011612E-08,-3.8655777,0,0,0,-0.164705887,-0.001486659,-3.87275219,4.04423666,0.7881787,0.08688903,-0.00342881866,0.156905428,0.02680086,-0.145239457,-0.0566033572,-3.52318716,-6.972046,0.949637055,-0.134979248,1.86978388,0.119772881,-0.08347139,-0.1718741,-0.0141502172,-4.15505648,1.07729959,1.07050049,-0.1078186,-1.5743016,0.124972865,-0.06848035,-0.130241185,-0.142185509,-3.068875,-12.2571106,0.9095096,-0.138214111,1.914152,0.1248042,0.00209082663,-0.190239027,-0.07774794,-4.72235,8.267874,0.9345339,-0.07711792,-1.57159543,0.135611072,0.009369373,-0.142423853,-0.235684916,-2.91590238,-10.8982849,0.8551023,-0.220550537,0.7921376,0.1389143,0.0251336358,-0.214475244,-0.08398235,-5.02193451,2.1144793,0.7165336,-0.09176636,-0.660662651,0.170312613,0.0782018155,-0.4395014,2.1321528,2.78668785,3.536222
195,3.8999986181972788,828,0,1,-0.15910849,0,-3.99683428,-0.268882632,0,-6.596687,-0.268882632,0,-6.596687,1,0,0,1,-0.153730839,1.49011612E-08,-3.86490059,0,0,0,-0.1625558,-0.0014590174,-3.872083,4.050043,0.9033036,0.08237684,-0.00372251,0.11704772,0.0229328368,-0.142241746,-0.04825124,-3.49106073,-5.00900269,1.02600837,-0.105743408,2.00248361,0.0737196654,-0.07006855,-0.174389556,-0.00672483444,-4.213524,-0.832428,1.15133643,-0.120452881,-1.85233688,0.07369801,-0.05856088,-0.121233068,-0.149349377,-2.89185882,-10.6167908,1.00104344,-0.0961914063,2.40807819,0.08067526,0.00731623173,-0.203247339,-0.0688826442,-4.944135,5.970719,1.06161213,-0.08963013,-1.99327409,0.09482944,0.0111749321,-0.124148749,-0.315322876,-2.62337112,-9.087555,0.9765811,-0.187255859,1.45221245,0.103293821,0.02560658,-0.227668658,-0.07927355,-5.324722,1.33018827,0.906567156,-0.08532715,-0.6169442,0.1574741,0.09354891,-0.440522134,2.1321528,2.76104641,3.51617861
196,3.9199986111111111,833,0,1,-0.15910849,0,-3.99683428,-0.267718852,0,-6.60105,-0.267718852,0,-6.60105,1,0,0,1,-0.153754115,0,-3.86481333,0,0,0,-0.15990372,-0.001422897,-3.871842,4.05442524,0.9670164,0.07603972,-0.00490329042,0.06846442,0.017644804,-0.139454082,-0.0349854976,-3.479918,-3.00048828,1.03847158,-0.06643677,2.02483773,0.0193439312,-0.057557255,-0.174492016,0.00597400963,-4.249538,-2.97555542,1.16887784,-0.13973999,-2.00858736,0.0151892677,-0.0462848842,-0.112439439,-0.1322763,-2.76270223,-8.35934448,1.01707971,-0.041809082,2.80526638,0.0183792375,0.008418456,-0.212735131,-0.037990123,-5.09177446,3.34709072,1.10493279,-0.114990234,-2.26924253,0.0526356958,0.0189017951,-0.106867328,-0.35861522,-2.39153314,-7.109253,0.9991007,-0.004638672,1.73897421,0.0373167545,0.12920031,-0.240508273,-0.06715231,-5.522197,0.2277591,1.08219683,-0.420196533,-0.7172783,0.174443945,-0.150627017,-0.4403897,2.1321528,2.76437378,3.51877546
197,3.9399986040249431,838,0,1,-0.15910849,0,-3.99683428,-0.2671243,0,-6.611421,-0.2671243,0,-6.611421,1,0,0,1,-0.153766,1.49011612E-08,-3.864606,0,0,0,-0.1568437,-0.00137625635,-3.87120247,4.05802155,0.974190831,0.068169035,-0.005592075,0.0148193873,0.01128291,-0.138764232,-0.0197532028,-3.49108338,-1.06326294,0.98496294,-0.02053833,1.9298532,-0.0376326665,-0.0391621143,-0.173642069,0.0214559585,-4.256598,-5.201355,1.12521756,-0.149871826,-2.01946473,-0.044597853,-0.0233844966,-0.108247481,-0.0934762061,-2.69304323,-5.588562,0.9703717,0.015856063,3.05751967,-0.0403568149,0.006445408,-0.216834188,0.02350071,-5.145794,0.6010911,1.09526455,-0.1296997,-2.371506,-0.0234397314,0.0247854888,-0.0920673758,-0.3096484,-2.218282,-4.29122925,0.9364721,0.0547480062,2.51158547,-0.0656653643,-0.0259295851,-0.2427749,0.106228232,-5.6052494,-1.19067383,1.12538457,-0.117828369,-1.34679532,0.000519126654,0.187901467,-0.4403882,2.1321528,2.764411,3.51880455
198,3.9599985969387754,844,0,1,-0.15910849,0,-3.99683428,-0.26397267,0,-6.57956839,-0.26397267,0,-6.57956839,1,0,0,1,-0.153829038,0,-3.865243,0,0,0,-0.153651863,-0.00133055449,-3.87153554,4.058777,0.922672033,0.0591567419,-0.007529978,-0.0408559069,0.00433292566,-0.139943466,-0.00625516474,-3.521445,0.719674647,0.8675699,0.02510387,1.74307644,-0.09301205,-0.0168426931,-0.170211971,0.0341035873,-4.22995663,-7.306061,1.016143,-0.150817871,-1.85522187,-0.101044849,0.000376224518,-0.108834289,-0.05558133,-2.69402766,-2.461792,0.884943068,0.07475149,3.13159132,-0.0729694143,0.0004733503,-0.2181727,0.0823509544,-5.116127,-2.10983276,0.99614054,-0.137969971,-2.34913445,-0.08864885,0.0415934175,-0.0764526,-0.3356269,-2.14553046,-0.9342041,0.929048,-0.321960449,2.891655,-0.0280099958,-0.234076381,-0.239758566,0.22364834,-5.59985352,-2.77072144,0.986811757,-0.4550476,-1.87549984,-0.07992823,0.0125778615,-0.440394044,2.1321528,2.764264,3.51868987
199,3.9799985898526073,849,0,1,-0.15910849,0,-3.99683428,-0.259719878,0,-6.513419,-0.259719878,0,-6.513419,1,0,0,1,-0.1539141,-1.17719173E-06,-3.866566,0,0,0,-0.150603011,-0.0012756139,-3.87210464,4.057258,0.8166051,0.0500190631,-0.009674882,-0.09342498,-0.00258446136,-0.139921591,0.004597023,-3.5578506,2.306571,0.699798167,0.0597811528,1.52788615,-0.140808448,-0.002955906,-0.167053312,0.0419669747,-4.18628931,-9.195557,0.852909863,-0.128967285,-1.60354233,-0.151081532,0.03332819,-0.109902777,0.0168036669,-2.736144,0.85486877,0.773648,0.118445233,3.046291,-0.100225717,-0.004806608,-0.213432521,0.128093064,-5.01544571,-4.64868164,0.8590531,-0.116882324,-2.18289757,-0.13140136,0.0491328537,-0.0865904,-0.0594085455,-2.22946262,-0.09265137,0.931465447,-0.598358154,0.6798961,0.00203213282,-0.106376886,-0.227039889,0.307061881,-5.461551,-4.2802124,0.8777985,-0.387359619,-1.99475646,-0.120398633,0.06978065,-0.4395877,2.1321528,2.78452015,3.53452468
200,3.9999985827664397,854,0,1,-0.15910849,0,-3.99683428,-0.254687,0,-6.43559933,-0.254687,0,-6.43559933,1,0,0,1,-0.154014751,1.49011612E-08,-3.86812234,0,0,0,-0.147878364,-0.00123487413,-3.87328577,4.051553,0.6629099,0.0412185,-0.0123370681,-0.139617249,-0.00903280452,-0.143760487,0.0100925118,-3.622587,3.56791186,0.493794948,0.09154829,1.17715287,-0.178827882,0.0220802166,-0.160989046,0.0409014523,-4.123046,-10.7555542,0.643999338,-0.0939331055,-1.24859285,-0.18830651,0.05427152,-0.121336892,0.0532113761,-2.86835766,4.118055,0.622958243,0.165592283,2.77128625,-0.1480935,-0.001573801,-0.201940536,0.1440416,-4.837356,-6.82260132,0.6599175,-0.08453369,-1.64690566,-0.174531847,0.0519824177,-0.0873076245,0.0187597871,-2.377324,0.503532767,0.867461741,-0.7397461,0.684647739,-0.00471188035,0.180234849,-0.213642657,0.316754,-5.23202753,-5.93728638,0.679802656,-0.312988281,-1.77057624,-0.167248935,0.08977035,-0.4403451,2.13215256,2.76549339,3.51964951
201,4.0199985756802716,859,0,1,-0.15910849,0,-3.99683428,-0.251057833,0,-6.38040543,-0.251057833,0,-6.38040543,1,0,0,1,-0.154087335,0,-3.86922622,0,0,0,-0.1456971,-0.00117313862,-3.87390733,4.0444994,0.472675085,0.0336654745,-0.0132427784,-0.175179273,-0.01434406,-0.146940023,0.009660393,-3.70916748,4.372301,0.2668793,0.116752319,0.719350636,-0.202183247,0.0373329222,-0.154934,0.0311031938,-4.041435,-11.875946,0.40545392,-0.04928589,-0.804756463,-0.209813565,0.07212658,-0.122855738,0.08137789,-3.05961561,7.17799425,0.420851976,0.172541067,2.398713,-0.167235151,-0.026039958,-0.187583059,0.132880121,-4.59675074,-8.596954,0.4341214,-0.0368042,-0.9152913,-0.1965068,0.0490756929,-0.08670295,0.0634342,-2.566934,1.824411,0.8520414,-0.405975342,0.8961083,-0.04279263,0.3000967,-0.193790287,0.2933613,-4.92065334,-7.47738647,0.4640201,-0.228271484,-1.5633446,-0.183536172,0.0907211751,-0.44004482,2.13215256,2.773036,3.52554154
202,4.039998568594104,863,0,1,-0.15910849,0,-3.99683428,-0.247496471,0,-6.322851,-0.247496471,0,-6.322851,1,0,0,1,-0.154158562,0,-3.8703773,0,0,0,-0.1444536,-0.00114184618,-3.87479973,4.03644943,0.2624455,0.0285329223,-0.01396158,-0.195170313,-0.0176390931,-0.148360014,0.00455836952,-3.79825687,4.69876432,0.04025663,0.122333,0.257605016,-0.210555822,0.0403072834,-0.148249522,0.008002296,-3.92209,-12.3389282,0.157282531,-0.00186157227,-0.170799166,-0.214951277,0.08208673,-0.1286086,0.083962284,-3.28008747,9.980921,0.236302033,0.14838165,1.95058823,-0.1766653,-0.0341100544,-0.171454236,0.08947317,-4.319969,-10.4967041,0.195812762,0.0167029351,-0.740628242,-0.204448164,0.0477347523,-0.09730166,0.08200741,-2.83142543,2.812283,0.6856213,-0.341156,0.8176834,-0.08345083,0.0914925858,-0.174253479,0.261914045,-4.630005,-9.164093,0.235121682,-0.141693115,-1.64818442,-0.192924425,0.0865517557,-0.440490842,2.1321528,2.76183224,3.51679182
203,4.0599985615079364,868,0,1,-0.15910849,0,-3.99683428,-0.24812828,0,-6.362047,-0.24812828,0,-6.362047,1,0,0,1,-0.154145926,0,-3.86959338,0,0,0,-0.143817052,-0.00114060938,-3.87416172,4.0309763,0.0474799424,0.0256708786,-0.0117179528,-0.201160371,-0.0196405537,-0.14887473,-0.0006566644,-3.859791,4.68561459,-0.176422119,0.112492643,-0.0694719255,-0.207938671,0.04199227,-0.142888561,-0.0176525563,-3.806325,-12.13739,-0.08560181,0.0421458,0.432463884,-0.208863109,0.08737441,-0.1392964,0.0570407063,-3.53361368,11.4751072,0.0171933472,0.11611139,0.8627184,-0.197699815,-0.028774,-0.155974358,0.0370710343,-4.044951,-12.1245728,-0.04135132,0.06513059,-0.437690854,-0.202069983,0.0392923653,-0.113415062,0.0621633455,-3.240032,3.583734,0.390970826,-0.248504639,0.6294138,-0.178572834,0.07828321,-0.1533224,0.201485977,-4.31213,-10.6853943,0.00503443647,-0.06311035,-1.49724746,-0.193136364,0.07083656,-0.439339161,2.13215256,2.79075623,3.53940868
204,4.0799985544217687,874,0,1,-0.15910849,0,-3.99683428,-0.250601858,0,-6.436124,-0.250601858,0,-6.436124,1,0,0,1,-0.154096454,-5.811453E-07,-3.86811185,0,0,0,-0.143034831,-0.00116172433,-3.87300134,4.03059864,-0.167907715,0.0228399336,-0.008385187,-0.2034836,-0.0222914331,-0.149912462,-0.00594988465,-3.917444,4.39565039,-0.388153076,0.0982307047,-0.379671156,-0.20625177,0.0479155332,-0.138590842,-0.0379162,-3.712919,-11.3952026,-0.322479248,0.07952454,0.9164814,-0.203177989,0.09043166,-0.151685148,0.0133057237,-3.82996273,11.7270641,-0.213653564,0.08261373,0.196301892,-0.196102932,-0.0244643912,-0.141648218,-0.0184460133,-3.7758348,-13.1469116,-0.274780273,0.103826605,0.13904579,-0.199299216,0.0290821549,-0.134382874,0.0119768828,-3.74702859,3.805407,0.107684143,-0.19720459,0.179134876,-0.196574882,0.06867147,-0.13184759,0.101000689,-3.95249176,-11.7284241,-0.221801758,0.00181338331,-1.04654455,-0.19188948,0.05160564,-0.4405594,2.1321528,2.76011086,3.51544881
205,4.0999985473356011,879,0,1,-0.15910849,0,-3.99683428,-0.2522596,0,-6.49132967,-0.2522596,0,-6.49132967,1,0,0,1,-0.1540633,1.49011612E-08,-3.86700773,0,0,0,-0.142771736,-0.00116446614,-3.872094,4.03424358,-0.377471924,0.02081528,-0.005755963,-0.199282065,-0.0239150114,-0.152502015,-0.0120336562,-3.997555,3.69328785,-0.588287354,0.08544686,-0.795533955,-0.195748419,0.0554498956,-0.135776728,-0.05171202,-3.63346744,-10.208374,-0.544555664,0.1040174,1.32224369,-0.190354109,0.09079045,-0.164189368,-0.03040722,-4.154058,11.1918936,-0.426269531,0.0547856949,-0.4741947,-0.181177855,-0.01965403,-0.128773719,-0.07303348,-3.513143,-13.5249023,-0.497467041,0.126715884,0.7650167,-0.191182673,0.0171974339,-0.154731661,-0.03343384,-4.22883749,3.5199914,-0.133758545,-0.169311523,-0.225570083,-0.179645017,0.0619817227,-0.112007082,-0.0189789087,-3.583386,-12.157196,-0.441925049,0.0478609838,-0.473180473,-0.187930182,0.0314733833,-0.4405964,2.13215256,2.759182,3.514724
206,4.1199985402494326,883,0,1,-0.15910849,0,-3.99683428,-0.2536119,0,-6.528356,-0.2536119,0,-6.528356,1,0,0,1,-0.154036254,0,-3.8662672,0,0,0,-0.143480167,-0.00116959214,-3.87148738,4.03958,-0.5679321,0.02100191,-0.00460897526,-0.182151631,-0.02333127,-0.155699462,-0.0157167464,-4.08290339,2.52535963,-0.760376,0.0776397139,-1.22536683,-0.168547213,0.06013857,-0.1346728,-0.05799368,-3.567331,-8.660706,-0.733551,0.1104078,1.6486454,-0.162834927,0.08688937,-0.175655067,-0.0642178357,-4.465597,9.946324,-0.6151123,0.038268026,-1.08477616,-0.1610309,-0.01480661,-0.118181095,-0.11734435,-3.267651,-13.2113647,-0.691558838,0.126315191,1.38456213,-0.168953046,0.00378781557,-0.172674313,-0.06855552,-4.66945553,2.86694884,-0.362365723,-0.1373291,-0.528887331,-0.175818339,0.06925967,-0.0956707,-0.139096454,-3.22410274,-11.8625488,-0.6413574,0.06729313,0.1718286,-0.1726059,0.009704901,-0.440214217,2.13215256,2.7687788,3.52221513
207,4.1399985331632649,888,0,1,-0.15910849,0,-3.99683428,-0.2529987,0,-6.49614573,-0.2529987,0,-6.49614573,1,0,0,1,-0.154048517,0,-3.86691141,0,0,0,-0.146177649,-0.00117366016,-3.87193871,4.04357147,-0.714508057,0.02626124,-0.005965028,-0.1383915,-0.0176478457,-0.159707278,-0.0140207112,-4.160389,0.936879754,-0.8716736,0.0740728155,-1.58828282,-0.105941266,0.055562526,-0.135893524,-0.06264502,-3.46497488,-6.57348633,-0.850799561,0.09595747,2.13448143,-0.09701884,0.07902281,-0.184759766,-0.0776407,-4.73986149,8.093598,-0.760009766,0.03584801,-1.60582411,-0.118992805,-0.0125351846,-0.112214565,-0.100801393,-2.959476,-12.1791077,-0.759490967,0.09005991,1.93371058,-0.05609543,-0.015940547,-0.187150881,-0.08435254,-5.0474534,2.05404067,-0.573364258,-0.09158325,-0.66027236,-0.1662272,0.08131884,-0.100291185,0.3179575,-2.96156859,-18.384613,-0.497955322,-0.3852234,-4.838238,0.00687173,-0.161928475,-0.439555466,2.1321528,2.78533077,3.53515935
208,4.1599985260770973,892,0,1,-0.15910849,0,-3.99683428,-0.247909978,0,-6.33504629,-0.247909978,0,-6.33504629,1,0,0,1,-0.154150292,0,-3.8701334,0,0,0,-0.1501648,-0.00120484829,-3.87446451,4.041145,-0.7914429,0.0367327668,-0.0107980929,-0.07319398,-0.009278307,-0.164599419,-0.006141424,-4.220367,-0.971099854,-0.897277832,0.07638183,-1.83808148,-0.0267163,0.0449141264,-0.134395435,-0.0514608771,-3.41361713,-4.187378,-0.880279541,0.0433419459,2.36328816,-0.0263938829,0.0455853641,-0.192213014,-0.06669077,-4.95494938,5.77765751,-0.834442139,0.05231959,-2.00718379,-0.0454351455,-0.01267831,-0.105002292,-0.06549017,-2.68339562,-10.5639038,-0.920928955,0.08465256,2.509551,-0.133476138,0.01203981,-0.19479914,-0.0777813047,-5.34073639,1.282816,-0.6703491,-0.123596191,-0.602925,-0.0894086361,0.06759541,-0.079596445,0.57424897,-2.44900179,-24.5050964,-1.14907837,0.7273,-5.04926348,-0.149862111,0.510463357,-0.44025147,2.1321528,2.7678442,3.52148533
209,4.17999851899093,897,0,1,-0.15910849,0,-3.99683428,-0.22759521,0,-5.791917,-0.22759521,0,-5.791917,1,1,0.0599999763,1,-0.154556587,1.49011612E-08,-3.880996,0,0,0,-0.1554124,0,-3.88101554,4.021353,-0.7803345,0.0521743521,-0.0232283566,0.0105907023,0.00215449324,-0.1656321,0.004366532,-4.059475,-2.37792969,-0.7999573,0.07394454,-0.936595559,0.08339308,0.04133232,-0.152106941,0,-3.37611318,-1.55496216,-0.815368652,0.0596378371,2.54060578,0.06143242,0.10036473,-0.187923253,0.0994192958,-2.76314425,9.430599,-1.06982422,0.196553752,3.502105,-0.21114859,0.184383869,-0.14673762,0,-2.40201879,-7.973633,-0.7287903,0.0733474344,3.25886464,0.190925866,0.05935937,-0.17375958,0.053385824,-0.5891657,1.10939956,-2.1177063,0.4906427,0.0329890437,-1.23171771,-0.01697341,-0.107538156,0.539476335,-2.001888,-29.59964,-0.115448,-2.82495117,-3.484253,-0.0883413255,-1.12814045,-0.440322459,2.07215285,2.76606178,3.484078
210,4.199998511904762,902,0,1,-0.15910849,0,-3.99683428,0.03508629,0,-0.930488467,0.03508629,0,-0.930488467,1,0,0,1,-0.159810215,-0.170135751,-3.97822452,0,0,0,-0.151553988,-0.1599613,-3.92998838,3.783028,-0.8074341,0.03904481,-0.190654784,-0.0360389724,-0.01855536,-0.16206111,-0.182865933,-3.59464574,-0.02923584,-0.750274658,0.198857382,1.832909,-0.00554160774,0.14732939,-0.145712972,-0.183724776,-3.49294877,1.35915542,-0.867095947,0.106014974,2.505392,-0.04723846,0.08403954,-0.193715334,-0.0736488849,-2.80165553,12.2044668,-0.5043335,0.369125932,1.91504574,0.4614828,0.176788166,-0.138243541,-0.377940446,-2.47509718,-4.69967651,-0.783416748,0.169992656,3.61998463,-0.175316036,0.0946930647,-0.305879474,0.249693573,-3.07270312,-2.09094238,-0.0286560059,0.295896828,-3.76687431,1.21324992,-0.630307436,-0.103387438,-1.17295885,-2.20044327,-26.7642517,-0.717773438,-2.15710449,7.683409,-0.210748,0.451430351,-0.439568579,2.133275,2.78481865,3.53543448
211,4.2199985048185935,907,0,1,-0.15910849,0,-3.99683428,0.0264383964,0,-1.45318568,0.0264383964,0,-1.45318568,1,0,0,1,-0.159637257,-0.3439542,-3.96777058,0,0,0,-0.145733774,-0.3424956,-3.89977717,3.42711687,-0.916595459,0.0248772576,-0.296168625,-0.11593581,-0.0310227461,-0.163533643,-0.346319467,-3.68124533,2.112097,-0.754241943,0.346748978,1.29160547,-0.07295738,0.176196769,-0.145298526,-0.333880424,-3.570184,3.65551186,-1.03579712,0.151520148,2.116793,-0.14818874,0.0983000547,-0.229741126,-0.247428253,-3.3758235,12.7974577,-0.299346924,0.631700456,0.596218467,0.110730022,0.203161538,-0.112290561,-0.28851825,-2.27320313,-0.3562317,-1.03604126,0.17194514,4.443585,-0.201310068,0.032804966,-0.333136082,0.2258387,-3.64607453,-9.831665,0.524093568,0.6429335,-6.51760244,0.5036922,0.100249648,-0.0573158935,-0.323677063,-1.34919977,-18.1451416,-0.944549561,-1.80618286,6.290799,-0.28091532,0.0725611448,-0.439983666,2.13355136,2.77445984,3.52749968
212,4.2399984977324259,912,0,1,-0.15910849,0,-3.99683428,-1.77296245,0,-71.28313,-0.6216107,0,-24.99227,1,0,0,1,-0.123649254,0.6889423,-2.57117224,0,0,0,-0.104161926,0.881969035,-2.561179,5.823318,-1.10803223,0.0563123561,1.64954054,-0.1859116,0.0159472153,-0.154423475,0.9193208,-2.75627375,-0.975799561,-0.890380859,0.543050766,-2.36559,-0.171724811,0.215453744,-0.11339929,0.926321566,-2.49388027,1.63055992,-1.16830444,0.190984517,-0.741380632,-0.1343055,0.0643836856,-0.271820724,0.804678,-3.88191342,10.0927048,-0.294372559,0.870476544,-2.82794857,-0.143736,0.174910486,-0.08433678,0.8948273,-2.153206,3.85916567,-1.20144653,0.0465147756,2.7070992,-0.131405219,-0.0498695374,-0.2965836,0.705384433,-4.32261133,-13.717926,0.218705133,0.289630353,-3.33139658,-0.299105525,-0.5251752,-0.0283665918,0.152570009,-1.47833967,-15.4468079,-1.05490112,-1.20327759,1.91414857,0.258294374,0.895207763,-0.4404456,2.13072062,2.76203537,3.51607776
213,4.2599984906462582,915,0.7071068,0.7071068,-2.93869543,0,-2.71368217,-140.306885,0,5.48146,-24.9809418,0,0.9759467,1,0,0,1,-0.132558748,0.75650245,-2.82331133,0,0,0,-0.12182381,0.8383389,-2.7994144,5.305778,-1.15557861,0.09445391,-0.380953223,-0.0176166147,0.0217644088,-0.169118732,0.813672364,-2.98183537,-1.8888855,-0.809295654,0.7149067,-1.13575447,0.0132730752,0.19610405,-0.113405615,0.8139696,-2.614711,2.2984128,-1.08874512,0.069579795,0.8311758,0.0472245961,-0.010931693,-0.277516365,0.768786848,-4.21997261,5.665523,-0.587921143,1.0370717,-3.30656672,-0.229574233,0.127196759,-0.0603187978,0.8221118,-2.39358163,6.5536294,-1.15927124,-0.110626221,1.15949857,0.0423140079,-0.118062168,-0.2853356,1.15274179,-5.015089,-14.4959412,-0.8893738,-0.5361328,-0.491865516,-0.92847383,-0.716942668,-0.0522152334,0.658119,-2.26263165,-14.8909,-1.23776245,0.0400341526,0.421781719,0.338828355,1.27973461,-0.4405905,2.13195515,2.759202,3.51461935
214,4.2799984835600906,920,0.7071068,0.7071068,-2.93869543,0,-2.71368217,-116.275085,0,-2.40166283,-24.994669,0,-0.5162651,1,0,0,1,-0.6131947,0.714257,-2.665649,0,0,0,-0.609304547,0.743461132,-2.65009379,4.4866147,-1.09860229,0.1463891,-0.5820076,0.01843851,0.0151570775,-0.6497273,0.7344642,-2.89202833,-3.15917969,-0.734283447,0.9214764,-1.22820532,0.0431153625,0.160765976,-0.5952325,0.7307477,-2.54714751,2.84156561,-0.9668579,-0.0174865723,0.55740875,0.09769268,-0.0399183854,-0.7281403,0.7768673,-3.85379887,2.56818557,-0.6474304,1.18091762,-2.5336473,-0.0256439,0.08877757,-0.55710727,0.7661309,-2.30579734,7.87730265,-1.05947876,-0.235351563,0.9085749,0.122886315,-0.06782539,-0.714136243,1.13197148,-4.357339,-14.3994751,-1.01248169,-1.058258,0.013084488,-0.138198555,-0.321727037,-0.5520466,0.6814839,-2.15984559,-13.3335571,-1.09674072,-0.145812988,1.1537261,0.07124609,-0.09789257,-0.436456025,2.12722039,2.77660561,3.52492547
215,4.299998476473923,925,0.7071068,0.7071068,-2.93869543,0,-2.71368217,-93.13015,0,-8.95311,-24.88527,0,-2.39235687,1,0,0,1,-1.0760932,0.679147959,-2.53462,0,0,0,-1.07386565,0.6908325,-2.53287148,4.073469,-1.04690552,0.127937615,-0.284331769,0.0233946014,-0.0261224918,-1.10242343,0.6940405,-2.73606014,-4.46731567,-0.7033081,1.10634768,-1.05766344,0.02775183,0.113648221,-1.06609786,0.6852652,-2.4771564,3.09505653,-0.8789673,-0.0375976563,0.297240049,0.0747349,-0.0134990625,-1.14439929,0.747697,-3.39284277,0.5768741,-0.679595947,1.2412163,-1.68332088,-0.0508219153,0.0192151666,-1.04992664,0.7157425,-2.28309774,8.535205,-0.967865,-0.283203125,0.5275121,0.06683509,-0.0234072432,-1.07678187,0.956980169,-3.69732237,-14.2509766,-1.119812,-2.04400635,-0.0999904051,-0.124631278,-0.438731819,-1.04430389,0.656904,-2.16298056,-12.427002,-1.09078979,-0.164489746,0.729369044,0.00529221445,0.06593951,-0.4387864,2.13099027,2.762845,3.51666975
216,4.3199984693877553,930,0.7071068,0.7071068,-2.93869543,0,-2.71368217,-70.93536,0,-13.7650309,-24.5421963,0,-4.762421,1,0,0,1,-1.51998866,0.6533611,-2.43838167,0,0,0,-1.5256176,0.657298,-2.44629812,3.9987433,-1.04302979,0.0623398758,-0.03657255,0.00515417755,-0.0620533079,-1.52848518,0.6648468,-2.56072783,-5.42102051,-0.7590332,1.24303889,-0.671105862,-0.0295768566,0.06048984,-1.51791346,0.655692,-2.42286515,3.16773963,-0.871643066,0.006346056,0.116583817,0.0130140819,0.0302505754,-1.51677024,0.710939,-2.958569,-0.5605469,-0.771972656,1.16550779,-0.9738788,-0.108258739,-0.0980845839,-1.53394616,0.6771482,-2.31730819,8.848556,-0.9376831,-0.248382568,0.276910156,0.0318946056,0.0458026752,-1.39814413,0.8141059,-3.15211034,-14.2736511,-1.14349365,-2.887024,-0.4301651,-0.0341250449,-0.2969156,-1.55014241,0.6392785,-2.252152,-11.9670715,-0.967803955,-0.08886719,0.355016828,0.13580285,0.0883725658,-0.437042236,2.130613,2.764264,3.517339
217,4.3399984623015868,934,0.7071068,0.7071068,-2.93869543,0,-2.71368217,-49.8902931,0,-16.4162464,-23.7474442,0,-7.814023,1,0,0,1,-1.94089,0.6391156,-2.38535738,0,0,0,-1.95178211,0.639083266,-2.39729524,4.08468533,-1.09832764,-0.048828125,0.07593814,-0.041686587,-0.105936475,-1.92593825,0.643938541,-2.41944337,-5.898041,-0.9069824,1.29359651,-0.2529509,-0.09309506,-0.009642125,-1.95035172,0.6388043,-2.41142821,3.03775382,-0.9447632,0.128889784,-0.0620891228,-0.04823439,0.09939717,-1.85380065,0.6736656,-2.616845,-1.04986572,-0.92388916,0.914698064,-0.3600183,-0.156538,-0.236891255,-2.0012393,0.6503243,-2.40289855,8.84577,-0.8883362,-0.11730957,0.0034238887,0.0119670816,0.1189788,-1.71194017,0.699191868,-2.74402571,-14.46994,-1.05175781,-3.53494263,-0.611731648,-0.143408582,0.116576061,-2.031173,0.633621,-2.39932084,-11.9673767,-0.662261963,-0.08782959,-0.0342719965,0.145528525,0.01565907,-0.4393301,2.13172722,2.76011,3.515036
218,4.3599984552154192,939,0.7071068,0.7071068,-2.93869543,0,-2.71368217,-30.4306984,0,-16.3869438,-22.01142,0,-11.853159,1,0,0,1,-2.3300817,0.6391128,-2.38594341,0,0,0,-2.34543443,0.6377406,-2.397537,4.19700146,-1.21585083,-0.205688477,0.08914238,-0.0932096839,-0.152190641,-2.28900933,0.6365876,-2.34429741,-5.94329834,-1.132843,1.23747373,0.0955066457,-0.152336359,-0.09126021,-2.349424,0.636750937,-2.45495367,2.68402576,-1.09207153,0.324447423,-0.243090212,-0.108428173,0.166337773,-2.180647,0.64861697,-2.38964939,-1.06533813,-1.14028931,0.520605862,0.06315468,-0.31291765,-0.306843281,-2.4387486,0.638029,-2.54733348,8.520487,-0.975921631,0.101137429,-0.278626353,-0.1210707,0.189314172,-2.0561924,0.6065715,-2.447778,-14.5431213,-1.78930664,-3.22171021,-0.503784955,-0.6659973,0.841075242,-2.467839,0.6417489,-2.607392,-12.4489136,-0.7732849,-0.05340576,-0.4138697,-0.108191878,0.0562287942,-0.440167964,2.132028,2.75898838,3.514443
219,4.3799984481292515,943,0.7071068,0.7071068,-2.93869543,0,-2.71368217,-13.4815273,0,-12.9460745,-13.4815273,0,-12.9460745,1,0,0,1,-2.669065,0.657443762,-2.45476079,0,0,0,-2.688419,0.6559183,-2.46505165,4.280604,-1.3979187,-0.408721924,0.06223318,-0.147095,-0.199968427,-2.61090565,0.648795843,-2.34971523,-5.63964844,-1.42507935,1.09238493,0.375377566,-0.208723426,-0.129262358,-2.69188523,0.65360254,-2.56835842,2.08676,-1.31484985,0.562560558,-0.428371668,-0.1633379,0.204578236,-2.49361515,0.646882534,-2.27767467,-0.6982422,-1.5451355,0.131340146,0.36767453,-0.342418969,-0.322109669,-2.81425738,0.6445474,-2.76135969,7.8825736,-1.154602,0.392050683,-0.556355,-0.194942757,0.2509363,-2.36527252,0.5663974,-2.291917,-14.7400818,-2.24057,-3.16882324,-0.4887635,-0.6094832,0.867944956,-2.85677862,0.6667751,-2.884606,-13.5625,-1.01751709,0.170048326,-0.8245932,-0.198292851,0.09065391,-0.417713046,2.12651062,2.77957439,3.524566
220,4.3999984410430839,949,0.7071068,0.7071068,-2.93869543,0,-2.71368217,-5.27044725,0,-8.61322,-5.27044725,0,-8.61322,1,0,0,1,-2.83328652,0.680544853,-2.54141784,0,0,0,-2.85627937,0.6799345,-2.54974771,4.314796,-1.60385132,-0.6350708,0.0217186715,-0.169243231,-0.228898332,-2.763084,0.6674932,-2.38491082,-5.020233,-1.7010498,0.8553682,0.6117746,-0.215323582,-0.1651484,-2.85864162,0.676334,-2.70173025,1.19761527,-1.54382324,0.8210985,-0.6424809,-0.161249578,0.227826,-2.64250636,0.656915963,-2.22143078,-0.0611572266,-1.92242432,-0.278961182,0.5849647,-0.349818677,-0.324443728,-2.99853158,0.669875145,-2.97184777,6.991819,-1.39678955,0.732123137,-0.761039555,-0.24317202,0.2774909,-2.54774642,0.535614,-2.18414617,-14.855957,-2.90603638,-2.831665,-0.265125871,-0.1695562,1.08131087,-3.03150964,0.7112415,-3.1073842,-14.4863586,-1.43304443,0.2165423,-0.7941065,-0.3639483,-0.0749394,-0.4378202,2.13147974,2.761035,3.515424
221,4.4199984339569163,955,0.7071068,0.7071068,-2.93869543,0,-2.71368217,-4.738595,0,-7.836452,-4.738595,0,-7.836452,1,0,0,1,-2.84392357,0.684630334,-2.55695319,0,0,0,-2.86621761,0.6857618,-2.56248927,4.287572,-1.789154,-0.853729248,-0.02282763,-0.1483007,-0.225861579,-2.76730442,0.668865,-2.354742,-4.092224,-1.8815918,0.518069,0.8455756,-0.166446075,-0.2008408,-2.86400962,0.6821047,-2.74475837,0.120521516,-1.70111084,1.0375253,-0.786155462,-0.09489703,0.195855379,-2.64386916,0.653582752,-2.1020093,0.824227631,-2.22485352,-0.682220459,0.8087887,-0.125549108,-0.332939774,-2.99761462,0.6833178,-3.05676746,5.97281361,-1.55838013,1.0587002,-0.8716993,-0.196398258,0.258678675,-2.59473014,0.4942699,-2.02847052,-14.8067932,-2.59567261,-2.44906616,-0.181377977,0.329927653,0.9425535,-3.025497,0.7564816,-3.18089533,-14.64917,-1.89117432,-0.4602356,-0.1268695,-0.485321641,-0.6051372,-0.44044,2.13210869,2.758687,3.51428914
222,4.4399984268707477,960,0.7071068,0.7071068,-2.93869543,0,-2.71368217,-4.64863968,0,-7.693854,-4.64863968,0,-7.693854,1,0,0,1,-2.84572268,0.6853939,-2.55980515,0,0,0,-2.86722732,0.6856997,-2.56471777,4.252956,-1.95211792,-1.06048584,-0.0282315016,-0.125302911,-0.215372086,-2.76979828,0.6700189,-2.323333,-2.96484375,-1.971405,0.163087979,1.017752,-0.123268418,-0.199689716,-2.85757184,0.685907066,-2.76201534,-1.04678345,-1.789978,1.22156417,-0.8617189,-0.0398506448,0.151189566,-2.659768,0.654920459,-1.99575329,1.94491875,-2.2802124,-1.07318115,1.01907921,-0.036501646,-0.289192826,-2.9687295,0.7027978,-3.07619357,4.946535,-1.62844849,1.32639468,-0.8728255,-0.07672048,0.2057541,-2.63306332,0.468063056,-1.8983674,-14.8623352,-2.40557861,-2.20956421,-0.192521468,0.349092573,0.7588152,-3.013007,0.812220931,-3.17036366,-14.5097656,-1.96563721,-0.592865,0.100540489,-0.0915950239,-0.1583375,-0.437110066,2.13130665,2.76167965,3.515737
223,4.45999841978458,965,0,1,-0.15910849,0,-3.99683428,134.319931,0,-71.84114,22.0449162,0,-11.7907438,1,0,0,1,-2.845506,0.685449958,-2.560012,0,0,0,-2.86563516,0.6851299,-2.56538963,4.230047,-2.09350586,-1.2557373,-0.0196416061,-0.105472341,-0.204926372,-2.77676964,0.6731833,-2.30282664,-1.70474243,-1.99609375,-0.167449951,1.12234867,-0.09819469,-0.166933015,-2.84953451,0.68925947,-2.758729,-2.20462036,-1.80892944,1.36723149,-0.847877443,0.0104317851,0.1088952,-2.69122219,0.662544,-1.92618537,3.20654,-2.29159546,-1.384552,1.143215,0.0275400616,-0.216933966,-2.941048,0.712326467,-3.057555,3.978192,-1.62979126,1.53247523,-0.8305175,-0.0266386271,0.154922754,-2.68738914,0.448528826,-1.80849731,-14.8686218,-2.17224121,-1.82296753,-0.145633459,0.356972128,0.6698692,-2.97627616,0.8097354,-3.14864588,-14.374939,-2.050293,-0.816253662,0.06927185,-0.0725256,-0.101211555,-0.419546485,2.12707663,2.77746677,3.52346373
224,4.4799984126984125,969,0,1,-0.15910849,0,-3.99683428,107.750755,0,-69.0295258,21.05066,0,-13.48591,1,0,0,1,-2.31412268,0.700527251,-2.61624432,0,0,0,-2.33546329,0.699335158,-2.62471867,4.25745,-2.20544434,-1.44729614,0.0137990871,-0.07791968,-0.199743122,-2.260313,0.6932487,-2.36045432,-0.448577881,-1.96270752,-0.435546875,1.12359345,-0.0732487,-0.105334371,-2.31237841,0.7073589,-2.80922174,-3.35958862,-1.75506592,1.46955085,-0.830264866,0.058702264,0.0681775659,-2.21211052,0.690220237,-1.96837234,4.52267,-2.24697876,-1.5710144,1.17943132,0.07524886,-0.11229068,-2.387727,0.7345501,-3.10189438,3.049428,-1.58468628,1.68847311,-0.8083218,0.0207782052,0.111407414,-2.22785282,0.462297082,-1.83698535,-14.8835144,-1.94320679,-1.47808838,-0.12930508,0.3108428,0.5111137,-2.4187305,0.8216862,-3.19265413,-14.289917,-2.144226,-1.004364,-0.0178384557,-0.0444946252,-0.00123873516,-0.4391352,2.13170242,2.76020336,3.51507
225,4.4999984056122448,974,0,1,-0.15910849,0,-3.99683428,82.77888,0,-65.39606,19.6169624,0,-15.4975758,1,0,0,1,-1.81468546,0.7200377,-2.68891358,0,0,0,-1.8361932,0.7191746,-2.699761,4.299961,-2.26470947,-1.62026978,0.0233281329,-0.0313226841,-0.181539491,-1.77701676,0.717775762,-2.44300175,0.7783152,-1.86154175,-0.641723633,1.09897649,-0.0322411358,-0.049051404,-1.81385791,0.729820132,-2.871564,-4.48669434,-1.63061523,1.54614413,-0.8044951,0.100809872,0.04894419,-1.76911831,0.7226413,-2.073743,5.76370668,-2.12921143,-1.61386108,1.08478832,0.1339844,0.001581952,-1.8713038,0.7603574,-3.16503382,2.12280273,-1.4914856,1.79686308,-0.804598033,0.06828353,0.06786081,-1.81216824,0.4985299,-1.95795155,-14.91214,-1.71783447,-1.12878418,-0.106761217,0.278791279,0.34962815,-1.89923155,0.840253949,-3.261661,-14.2225342,-2.246704,-1.15951538,-0.0885864,-0.02115361,0.07357767,-0.437072873,2.1307447,2.76377869,3.51704121
226,4.5199983985260772,980,0,1,-0.15910849,0,-3.99683428,59.9784355,0,-60.64204,17.5801487,0,-17.7746563,1,0,0,1,-1.35867679,0.7455817,-2.783994,0,0,0,-1.37733948,0.745082438,-2.79686022,4.342478,-2.26611328,-1.76507568,0.0221371185,0.02015103,-0.152696058,-1.33828926,0.747805059,-2.560664,1.89710915,-1.71005249,-0.765014648,1.01673424,0.009702731,0.009357043,-1.35909843,0.758101463,-2.95601273,-5.57568359,-1.44833374,1.59668934,-0.7813435,0.132438332,0.0276286975,-1.36813462,0.7594737,-2.24827671,6.82365465,-1.94195557,-1.520813,0.9208887,0.179276854,0.108219877,-1.40352249,0.7920965,-3.25349832,1.19252837,-1.3605957,1.87148738,-0.806940436,0.103942961,0.0379257426,-1.43013322,0.571267962,-2.15853,-14.9548035,-1.47589111,-0.811859131,-0.0451608561,0.2735859,0.27420035,-1.42706609,0.8665197,-3.35835862,-14.1673279,-2.35318,-1.30877686,-0.1535681,-0.00183998328,0.118044868,-0.431024075,2.126887,2.77817726,3.5252943
227,4.5399983914399087,985,0,1,-0.15910849,0,-3.99683428,40.0280228,0,-54.42072,14.8128328,0,-20.1390171,1,0,0,1,-0.959668636,0.7790024,-2.90842032,0,0,0,-0.9730029,0.778701663,-2.92282438,4.3786664,-2.21231079,-1.87042236,0.0164709315,0.0697869,-0.112766869,-0.953571439,0.7843925,-2.720949,2.82441282,-1.52392578,-0.805633545,0.869947255,0.0546007641,0.05163736,-0.9610732,0.7940555,-3.06849933,-6.61807251,-1.22589111,1.62013388,-0.753567934,0.149654329,0.00528083742,-1.00594878,0.8102108,-2.47617054,7.65655756,-1.69244385,-1.34048462,0.7680402,0.203829244,0.174063563,-0.9939971,0.8313049,-3.37067747,0.2572535,-1.20379639,1.9178021,-0.8091964,0.127671689,0.0125914887,-1.08886015,0.7114347,-2.399297,-14.87854,-1.31991577,0.423165381,0.0553922355,0.394547224,0.758713245,-1.01290941,0.900579,-3.48383474,-14.11673,-2.458252,-1.460907,-0.213293,0.0148798618,0.145667359,-0.438669443,2.13056779,2.76443863,3.51765132
228,4.5599983843537411,991,0,1,-0.15910849,0,-3.99683428,23.6178722,0,-46.48294,11.3244905,0,-22.2880211,1,0,0,1,-0.631465733,0.821630239,-3.06717587,0,0,0,-0.6378669,0.8215065,-3.082822,4.40551662,-2.11193848,-1.928833,0.009100428,0.111737192,-0.0657877,-0.6396232,0.8280903,-2.92146,3.52421212,-1.324585,-0.773712158,0.690892935,0.088102296,0.0953028351,-0.633221269,0.8383779,-3.21278143,-7.59417725,-0.984375,1.61812258,-0.7096416,0.150084421,-0.0159128,-0.71104753,0.8594265,-2.7478323,8.26315,-1.49145508,-1.10192871,0.624373555,0.168075711,0.221800715,-0.6551291,0.8784466,-3.515189,-0.66986084,-1.03518677,1.93588054,-0.798370361,0.137546033,-0.0108227879,-0.773846447,0.7898174,-2.66853285,-13.4557495,-1.26080322,0.0119294738,0.940646231,-0.07398036,-0.247470558,-0.668727934,0.941421449,-3.634698,-14.0640869,-2.557434,-1.61239624,-0.27017197,0.0300642047,0.168385327,-0.439702153,2.1309557,2.762992,3.5168786
229,4.5799983772675734,996,0,1,-0.15910849,0,-3.99683428,11.3148661,0,-36.8613625,7.33609867,0,-23.8994064,1,0,0,1,-0.385405719,0.8732814,-3.25960732,0,0,0,-0.385436863,0.8730936,-3.27629638,4.422953,-1.98193359,-1.93939209,0.00220642379,0.14068979,-0.016298335,-0.402575642,0.87940985,-3.15002012,3.99686027,-1.13778687,-0.6832886,0.532247365,0.108364917,0.119661763,-0.386385,0.89030683,-3.38646388,-8.470856,-0.7496643,1.59643412,-0.635178149,0.131460786,-0.0324360356,-0.47669813,0.907724261,-3.03001952,8.700974,-1.296814,-0.8381653,0.522719562,0.128821045,0.224809557,-0.398373753,0.9322996,-3.67999554,-1.55993652,-0.875091553,1.9279443,-0.7625726,0.130059183,-0.030363163,-0.5273433,0.8549458,-2.97067,-12.7007141,-1.26290894,-0.0668334961,0.5853033,-0.008955434,0.0104609411,-0.405869544,0.986687064,-3.80232215,-14.0082092,-2.64779663,-1.75793457,-0.325849771,0.0436197631,0.192315459,-0.439684033,2.13002682,2.76645756,3.51903725
230,4.5999983701814058,1002,0,1,-0.15910849,0,-3.99683428,3.4076705,0,-25.96036,3.25369787,0,-24.787365,1,0,0,1,-0.227261871,0.931776047,-3.47762728,0,0,0,-0.2216931,0.931553662,-3.49519038,4.433072,-1.84301758,-1.90731812,-0.002278768,0.150881886,0.0281462912,-0.247685879,0.9365284,-3.40199518,4.25764847,-0.9767456,-0.561035156,0.373225242,0.112192512,0.12280678,-0.226050839,0.94703424,-3.57912183,-9.20227051,-0.5482788,1.56226623,-0.5156784,0.0964397341,-0.0424482338,-0.315428764,0.95737946,-3.33519936,8.977405,-1.13470459,-0.6051941,0.392046452,0.111799106,0.202989683,-0.229630023,0.9889343,-3.85172772,-2.37356567,-0.7434387,1.89866352,-0.69353354,0.104963377,-0.0445699841,-0.363374978,0.9177673,-3.30321741,-12.2893066,-1.25326538,-0.0183410645,0.307783067,0.0124071185,0.08094264,-0.230640024,1.03251135,-3.97240067,-13.9523315,-2.72888184,-1.89309692,-0.380512476,0.05544143,0.219972864,-0.4404298,2.13136268,2.76147175,3.51602221
231,4.6199983630952381,1007,0,1,-0.15910849,0,-3.99683428,-0.2097004,0,-14.3342075,-0.2097004,0,-14.3342075,1,0,0,1,-0.154914483,0.9941086,-3.71015024,0,0,0,-0.143247187,0.9941908,-3.72808576,4.437323,-1.711029,-1.8381958,-0.00695240963,0.139215961,0.060718026,-0.175572917,0.9963023,-3.673918,4.2796073,-0.853240967,-0.4288025,0.175168723,0.09753368,0.116165511,-0.149915665,1.00470746,-3.77582145,-9.725708,-0.400817871,1.520643,-0.332084239,0.0519153178,-0.047088448,-0.23689425,1.01105118,-3.66116452,9.080047,-0.9982605,-0.401977539,0.233179539,0.0899105445,0.17804262,-0.146088526,1.04382634,-4.011942,-3.061798,-0.6567993,1.85291076,-0.5817693,0.06582052,-0.0543072745,-0.2824718,0.9849582,-3.65009451,-12.1417847,-1.23248291,0.079515554,0.09087255,0.0184094328,0.09343787,-0.140648752,1.07379067,-4.12585354,-13.9014893,-2.80267334,-2.01367188,-0.433659375,0.06593002,0.252042532,-0.4395355,2.12517619,2.7845602,3.53034568
232,4.6399983560090705,1013,0,1,-0.15910849,0,-3.99683428,-0.258994937,0,-10.699646,-0.258994937,0,-10.699646,1,0,0,1,-0.1539286,1.01359677,-3.78284144,0,0,0,-0.1360689,1.016406,-3.7958703,4.363082,-1.590271,-1.74163818,-0.0590162165,0.1243209,0.08217254,-0.173986971,1.01366675,-3.77694416,4.150769,-0.7679138,-0.2956848,0.01442586,0.07354334,0.111669742,-0.143692225,1.01369715,-3.78452229,-9.85333252,-0.312408447,1.47326553,0.000463346252,0.009893734,-0.0475329831,-0.230201021,1.02403665,-3.79340887,9.05751,-0.891723633,-0.222869873,0.0948939249,0.06590878,0.156652987,-0.131543159,1.04339671,-3.94374752,-3.5255127,-0.6203308,1.79213834,-0.37029466,0.0222350843,-0.06304248,-0.2715993,1.005122,-3.80349922,-12.1993408,-1.20513916,0.177080661,-0.0555476025,0.0206819251,0.06855856,-0.119357988,1.05341911,-4.048488,-13.8642273,-2.87030029,-2.11712646,-0.486116916,0.07653765,0.286240041,-0.4405985,2.13199377,2.75911617,3.5145762
233,4.659998348922902,1018,0,1,-0.15910849,0,-3.99683428,-0.190538988,0,-9.881047,-0.190538988,0,-9.881047,1,0,0,1,-0.155297711,1.01797485,-3.79921341,0,0,0,-0.132061049,1.02055717,-3.81056738,4.294351,-1.49060059,-1.629425,-0.0536565781,0.09856248,0.09547829,-0.174873173,1.01442325,-3.84163237,3.756046,-0.7201538,-0.167663574,-0.242338374,0.04285448,0.108527049,-0.13769044,1.00550115,-3.73171186,-9.577393,-0.2909546,1.41491592,0.3673412,-0.032738395,-0.0522702932,-0.225855991,1.02141714,-3.89319825,8.923077,-0.81741333,-0.06289673,-0.0685571358,0.05234237,0.134643734,-0.115361013,1.01998293,-3.780746,-3.622223,-0.6350403,1.71423364,-0.06109636,-0.0239384659,-0.07300532,-0.2585977,1.01347649,-3.90940285,-12.4272766,-1.06689453,0.12552093,-0.191132709,0.06756618,0.007336486,-0.09746309,0.99877435,-3.84484434,-13.8449707,-2.93209839,-2.18658447,-0.533792734,0.0869,0.320254922,-0.440394759,2.13065815,2.7641,3.51765561
234,4.6799983418367344,1024,0,1,-0.15910849,0,-3.99683428,-0.136951417,0,-9.733479,-0.136951417,0,-9.733479,1,0,0,1,-0.156369463,1.01874781,-3.80216479,0,0,0,-0.129311323,1.0203321,-3.81389523,4.26523256,-1.41836548,-1.5045166,-0.0259300619,0.06831738,0.1043755,-0.174082577,1.01188838,-3.89784813,3.07412028,-0.6985779,-0.05218506,-0.5243533,0.0154466536,0.0990437,-0.131433621,0.9938855,-3.66283774,-8.900574,-0.329467773,1.34132636,0.7482433,-0.06754133,-0.0573687777,-0.2196146,1.01257312,-4.01535845,8.577362,-0.748901367,0.06552469,-0.305723578,0.0276071224,0.108505815,-0.09615491,0.9895858,-3.57729673,-3.275879,-0.69418335,1.61079443,0.3142691,-0.0635374039,-0.08922951,-0.251860827,1.02114332,-4.05767632,-12.9475708,-1.04013062,0.237069845,-0.460042983,0.0375399925,0.026677154,-0.07323024,0.9291475,-3.584916,-13.8497314,-2.98672485,-2.19909668,-0.57135576,0.09738697,0.353778243,-0.440520525,2.13148737,2.76100636,3.51574349
235,4.6999983347505667,1030,0,1,-0.15910849,0,-3.99683428,-0.09182919,0,-9.749941,-0.09182919,0,-9.749941,1,0,0,1,-0.1572719,1.01862752,-3.80183554,0,0,0,-0.127549246,1.01963329,-3.814261,4.266923,-1.37368774,-1.37130737,-0.00512708351,0.0396358,0.109223671,-0.1738596,1.01003075,-3.95101118,2.10082769,-0.6975403,0.0514452569,-0.8056841,-0.009919649,0.09306538,-0.125595972,0.983587,-3.589706,-7.821106,-0.411773682,1.24866557,1.13061333,-0.0894200951,-0.06382562,-0.214717254,1.002464,-4.15768433,7.948783,-0.721984863,0.172755137,-0.5582013,0.0112859849,0.0834267437,-0.0761259943,0.960870743,-3.35625625,-2.45080566,-0.785491943,1.47563994,0.7212009,-0.09149377,-0.109844983,-0.240528375,1.0144949,-4.260064,-14.3712158,-1.01153564,0.6628193,-1.20391572,0.0768583044,0.2800467,-0.04821978,0.854115963,-3.30191779,-13.8861389,-3.03057861,-2.14190674,-0.594581962,0.10713844,0.380647838,-0.4396559,2.12588072,2.78193,3.52871084
236,4.7199983276643991,1035,0,1,-0.15910849,0,-3.99683428,-0.0617355369,0,-9.834067,-0.0617355369,0,-9.834067,1,0,0,1,-0.15787378,1.01812792,-3.800153,0,0,0,-0.126709834,1.018852,-3.8127954,4.282413,-1.35150146,-1.23297119,0.00317114312,0.01707938,0.111289769,-0.1765503,1.01023042,-4.00886774,0.8189793,-0.7079468,0.1535885,-1.113706,-0.0265399758,0.09971511,-0.120544329,0.9775951,-3.51826835,-6.3576355,-0.515197754,1.1322515,1.48927462,-0.0944134444,-0.0728813,-0.219903111,1.00603056,-4.31721544,6.98146152,-0.6899414,0.269866526,-0.8326563,0.032062728,0.07806185,-0.0565055236,0.9411979,-3.13725114,-1.15484619,-0.8926697,1.303622,1.12091684,-0.103216544,-0.134247869,-0.243243188,1.065351,-4.42396164,-14.6595459,-0.7537842,-0.0435180664,-0.227518469,0.0119204614,-0.753912032,-0.023940362,0.781683743,-3.02364182,-13.9638367,-3.05709839,-2.00411987,-0.601884544,0.116731137,0.399373472,-0.4403273,2.130245,2.76564312,3.51860952
237,4.7399983205782314,1041,0,1,-0.15910849,0,-3.99683428,-0.0527315065,0,-9.865335,-0.0527315065,0,-9.865335,1,0,0,1,-0.15805386,1.01795113,-3.79952765,0,0,0,-0.127045766,1.01845467,-3.811966,4.29691648,-1.33804321,-1.09176636,0.0008535003,0.007836971,0.111736566,-0.176370084,1.01467061,-4.05229664,-0.7045593,-0.7067261,0.244029209,-1.33690715,-0.02180559,0.09311454,-0.116466857,0.9782025,-3.455732,-4.55563354,-0.6097107,0.9885011,1.79848528,-0.08070724,-0.08410731,-0.227008238,1.0227927,-4.430471,5.80083227,-0.65826416,0.373809963,-1.0200361,7.08662E-05,0.087539196,-0.03810439,0.9375321,-2.94340158,0.55050385,-0.9914856,1.0901804,1.46881235,-0.09199215,-0.161788315,-0.2576522,1.14691758,-4.54194,-14.6842651,-0.8079529,-0.5901489,0.0277819242,-0.154501557,-0.4495657,-0.00176125392,0.720991254,-2.782714,-14.0932922,-3.05612183,-1.775238,-0.5918931,0.1270327,0.408658981,-0.440511465,2.13143587,2.761199,3.51586246
238,4.7599983134920629,1046,0,1,-0.15910849,0,-3.99683428,-0.0534519777,0,-9.928314,-0.0534519777,0,-9.928314,1,0,0,1,-0.158039451,1.01757479,-3.798268,0,0,0,-0.127803057,1.01804888,-3.81062579,4.306459,-1.32696533,-0.952667236,-0.00343034253,0.004487754,0.109422229,-0.178308472,1.02190685,-4.07452154,-2.35531616,-0.691925049,0.33831802,-1.45534658,-0.0188892484,0.09982522,-0.112441711,0.985628963,-3.41005421,-2.499054,-0.68081665,0.816984653,2.01623583,-0.0610407963,-0.0995196253,-0.234068722,1.04339027,-4.49842072,4.469473,-0.6407776,0.501012266,-1.142354,-0.00476193056,0.09540081,-0.02172519,0.9519001,-2.80129027,2.54913688,-1.06991577,0.8388285,1.7172004,-0.0558887459,-0.187415212,-0.259160638,1.2045083,-4.620109,-14.5693359,-0.8873596,-0.90234375,0.125078514,-0.105061978,-0.233752981,0.0100079048,0.6808715,-2.61367869,-14.2807617,-2.95547485,-1.41534424,-0.559600651,0.221015066,0.4225647,-0.440249681,2.12974787,2.767497,3.51975656
239,4.7799983064058953,1052,0,1,-0.15910849,0,-3.99683428,-0.07272142,0,-10.0667515,-0.07272142,0,-10.0667515,1,0,0,1,-0.157654062,1.01682425,-3.79549932,0,0,0,-0.129197985,1.01736212,-3.808151,4.313267,-1.31149292,-0.817779541,-0.005460468,0.007842765,0.105695553,-0.179646164,1.0297631,-4.07584,-4.02532959,-0.6578064,0.439254165,-1.47291231,-0.0113821253,0.104976445,-0.109484337,0.9984802,-3.38816071,-0.3237915,-0.714172363,0.6185759,2.10354066,-0.03364423,-0.115439773,-0.235299975,1.0615871,-4.526858,3.05549645,-0.6181946,0.6236379,-1.21364284,0.0039082435,0.0910808444,-0.0144508434,0.9818979,-2.7404356,4.65516424,-1.03009033,0.5684616,1.80674756,0.07051241,-0.194211125,-0.256228924,1.218731,-4.667536,-14.4176025,-0.990570068,-1.21383667,0.06619074,-0.0866760239,-0.1718174,-0.0121839307,0.6696652,-2.55375528,-14.5205383,-2.413147,-0.9376526,-0.473649472,0.468020648,0.317385375,-0.440394044,2.13067722,2.76403141,3.51761317
240,4.7999982993197277,1058,0,1,-0.15910849,0,-3.99683428,-0.112620786,0,-10.2662363,-0.112620786,0,-10.2662363,1,0,0,1,-0.156856075,1.01579165,-3.79150963,0,0,0,-0.131234214,1.01628184,-3.80460358,4.32089424,-1.28274536,-0.689209,-0.004816091,0.02010971,0.101063147,-0.17942369,1.03634512,-4.06009531,-5.62472534,-0.599823,0.5380986,-1.40666234,0.00276407786,0.101746038,-0.111130714,1.01357877,-3.398812,1.78666341,-0.7008972,0.4182697,2.0182097,0.00250225887,-0.114417464,-0.23243475,1.0773716,-4.521369,1.61207712,-0.5848694,0.736097455,-1.2371912,0.0166453924,0.08148283,-0.023833219,1.02318382,-2.77931118,6.64446735,-0.8911438,0.340624541,1.73018587,0.148593009,-0.167433918,-0.248846427,1.22177625,-4.6788764,-14.2651672,-1.112915,-1.51873779,-0.030503571,-0.0601727664,-0.08904081,-0.0241442081,0.8158449,-2.574634,-14.6779785,-1.71365356,-0.0727844238,-0.09532367,0.8734224,1.11404288,-0.440312982,2.1301465,2.76601124,3.51883745
241,4.81999829223356,1062,0,1,-0.15910849,0,-3.99683428,-0.15015012,0,-10.3282251,-0.15015012,0,-10.3282251,1,0,0,1,-0.156105489,1.01549029,-3.79026985,0,0,0,-0.13356024,1.01555407,-3.80304551,4.326846,-1.236969,-0.5701904,-0.006450722,0.0357618332,0.09469458,-0.177534536,1.04077375,-4.03089237,-7.072937,-0.5229492,0.6282465,-1.26028514,0.01455202,0.0914148837,-0.1166274,1.0268333,-3.452319,3.607973,-0.6510315,0.2372156,1.73234689,0.03226298,-0.09977856,-0.226021037,1.089349,-4.484901,0.194474354,-0.5430908,0.834509134,-1.21192312,0.0261666346,0.06875214,-0.04142247,1.08124328,-2.88070083,8.45497,-0.731781,0.158801734,1.66201913,0.159720927,-0.130365759,-0.23758091,1.21546793,-4.655516,-14.1253967,-1.24880981,-1.80630493,-0.138053417,-0.0307698864,-0.000385121442,-0.0420128144,0.9433095,-2.62287426,-12.53949,-1.10906982,-0.06680298,1.87829268,0.353560925,0.09191543,-0.440561056,2.13175225,2.76001835,3.51513338
242,4.8399982851473924,1067,0,1,-0.15910849,0,-3.99683428,-0.166692644,0,-10.1937332,-0.166692644,0,-10.1937332,1,0,0,1,-0.155774638,1.01620972,-3.79295969,0,0,0,-0.135796949,1.016,-3.80534673,4.32435036,-1.18017578,-0.463317871,-0.0122755226,0.04538694,0.0863218,-0.1738954,1.04239154,-3.991727,-8.294952,-0.4439392,0.7052414,-1.04482126,0.0139274877,0.0770787,-0.12452624,1.03488147,-3.51316285,5.09444571,-0.5936279,0.100920282,1.436362,0.03990576,-0.0728995353,-0.21597743,1.09547281,-4.41604376,-1.1265564,-0.5048218,0.9157636,-1.12430227,0.0244218316,0.054248035,-0.06347362,1.10635126,-2.99041581,10.1211433,-0.6576233,0.0222751386,1.53550851,0.07214082,-0.100901112,-0.222493052,1.19850552,-4.59199047,-14.0047,-1.39303589,-2.0642395,-0.247067779,-0.000934165,0.08885477,-0.0456845127,0.973730147,-2.72186542,-10.1268921,-0.9744873,-0.04095459,2.04810214,0.06291705,0.0138109028,-0.440364242,2.13046646,2.76481533,3.51809764
243,4.8599982780612239,1072,0,1,-0.15910849,0,-3.99683428,-0.186382309,0,-10.0741549,-0.186382309,0,-10.0741549,1,0,0,1,-0.155380845,1.016871,-3.79535127,0,0,0,-0.138138309,1.0167048,-3.80755377,4.317463,-1.11477661,-0.367767334,-0.014518789,0.05312203,0.07802924,-0.169228166,1.03966653,-3.942448,-9.231964,-0.370758057,0.7639347,-0.7775401,0.009742979,0.0601342022,-0.131386653,1.03765333,-3.57346845,6.257002,-0.537078857,-0.00201416016,1.140998,0.0414553434,-0.05229725,-0.202193618,1.092566,-4.313169,-2.27008057,-0.477172852,0.974512637,-0.968866944,0.0170755535,0.0358178839,-0.08072443,1.11070752,-3.12439513,11.560914,-0.6201477,-0.08621216,1.25638354,0.04953426,-0.08240767,-0.203407809,1.16905785,-4.481996,-13.9066467,-1.54064941,-2.281189,-0.350391716,0.0276207142,0.173288941,-0.0573595,0.9917588,-2.87455773,-7.85202026,-0.9226074,-0.0919189453,1.94001639,-0.0007025637,-0.0342652053,-0.4392885,2.12342072,2.791112,3.53443
244,4.8799982709750562,1078,0,1,-0.15910849,0,-3.99683428,-0.215821058,0,-9.982566,-0.215821058,0,-9.982566,1,0,0,1,-0.15479207,1.01738155,-3.797183,0,0,0,-0.13966237,1.017439,-3.809251,4.309704,-1.04193115,-0.284301758,-0.0143611692,0.0596239567,0.06809881,-0.163843587,1.03248656,-3.88400149,-9.83374,-0.3043518,0.801598132,-0.462561727,0.008064528,0.04018563,-0.137273714,1.03542125,-3.640149,7.06670856,-0.472106934,-0.07772827,0.8070594,0.05097695,-0.0384306,-0.185425043,1.079405,-4.17742538,-3.15756226,-0.4597473,1.00646627,-0.7469397,0.009196298,0.0145439357,-0.0911364257,1.10211456,-3.28814459,12.6904879,-0.5602417,-0.184112549,0.9829399,0.08224207,-0.07448986,-0.181055456,1.12704372,-4.325742,-13.8322449,-1.68688965,-2.45181274,-0.441983253,0.0529335439,0.246226221,-0.0699526742,1.00558078,-3.07815051,-5.93334961,-0.715911865,-0.170806885,1.629434,0.0856671557,-0.06741375,-0.440425873,2.13086057,2.76334667,3.51719022
245,4.8999982638888886,1084,0,1,-0.15910849,0,-3.99683428,-0.249613181,0,-9.904639,-0.249613181,0,-9.904639,1,0,0,1,-0.154116228,1.0178194,-3.79874158,0,0,0,-0.14337486,1.017511,-3.81089449,4.305018,-0.9541321,-0.2097168,-0.0111135012,0.07506132,0.06317791,-0.157773077,1.02158761,-3.81776547,-10.05896,-0.24621582,0.8177164,-0.10619428,0.009007867,0.0172723811,-0.141195655,1.028923,-3.71353769,7.48649454,-0.394714355,-0.139831543,0.4356518,0.06275127,-0.0361245275,-0.166531324,1.05654645,-4.010343,-3.712799,-0.4524536,1.01032281,-0.460443079,0.000767170452,-0.00707199238,-0.101208806,1.08056188,-3.47974014,13.4387188,-0.477844238,-0.267120361,0.649008334,0.07496188,-0.0696217343,-0.1565033,1.07279086,-4.124511,-13.7816467,-1.8276062,-2.574768,-0.5185187,0.07379325,0.3044641,-0.07741745,1.01355767,-3.32841372,-4.58770752,-0.6147461,-0.348052979,1.13903761,0.0339127257,-0.0712917447,-0.440618157,2.13212347,2.75863171,3.51427722
246,4.919998256802721,1089,0,1,-0.15910849,0,-3.99683428,-0.2832861,0,-9.84259,-0.2832861,0,-9.84259,1,0,0,1,-0.15344277,1.01818037,-3.79998255,0,0,0,-0.145558447,1.0178777,-3.81215358,4.30221128,-0.8560791,-0.1458435,-0.009830677,0.08474498,0.0555995665,-0.151267022,1.00843394,-3.74543,-9.876068,-0.197052,0.8126015,0.279947579,0.01093242,-0.006205119,-0.144236028,1.019574,-3.79130459,7.48895931,-0.3110962,-0.196075439,0.03964082,0.070479326,-0.0397735648,-0.146221414,1.02610743,-3.81477118,-3.86416626,-0.4536438,0.98531723,-0.11379572,-0.007136003,-0.0283692777,-0.108860143,1.04879487,-3.69375086,13.7464571,-0.413635254,-0.348358154,0.264333874,0.07371484,-0.07028676,-0.130755439,1.00729,-3.88168478,-13.7553406,-1.9586792,-2.64819336,-0.578966,0.09045356,0.348599851,-0.084986344,1.0178901,-3.61779237,-4.00302124,-0.525085449,-0.492980957,0.462143719,0.0351377279,-0.0439898744,-0.4403385,2.13027024,2.76554966,3.51855278
247,4.9399982497165533,1095,0,1,-0.15910849,0,-3.99683428,-0.3134289,0,-9.802608,-0.3134289,0,-9.802608,1,0,0,1,-0.152839914,1.01841438,-3.8007822,0,0,0,-0.147370756,1.018156,-3.812975,4.30035543,-0.750824,-0.09387207,-0.008313693,0.09258674,0.0478559844,-0.144448161,0.9949509,-3.66915846,-9.265198,-0.157196045,0.7871716,0.681985438,0.0135953967,-0.0295126364,-0.14638494,1.00922644,-3.87082839,7.061162,-0.228027344,-0.2531433,-0.366349131,0.07456894,-0.0486102626,-0.125164479,0.9921277,-3.596284,-3.55255127,-0.46105957,0.9316508,0.282002121,-0.0137494635,-0.0484938249,-0.116160631,1.01178348,-3.922927,13.5704079,-0.354736328,-0.430999756,-0.1565471,0.06548802,-0.07248198,-0.104806669,0.933028042,-3.605507,-13.7557068,-2.07568359,-2.667572,-0.623648345,0.103884645,0.381018758,-0.09591029,1.01871371,-3.936152,-4.311798,-0.496398926,-0.532012939,-0.3044246,0.005710844,0.01762715,-0.4403932,2.130626,2.76422215,3.517732
248,4.9599982426303857,1097,0,1,-0.108871713,0,-3.998518,2.17398715,0,-9.88479,2.17398715,0,-9.88479,1,0,0,1,-0.152351439,1.01842511,-3.80082226,0,0,0,-0.149033114,1.01819921,-3.813075,4.30030775,0.0776393,-0.0517578125,-0.00699612126,0.0964696258,0.0410581641,-0.137555659,0.9834025,-3.59160137,-8.223663,0.595167339,0.74154824,1.08257532,0.0167581588,-0.0516686738,-0.148859844,0.9999478,-3.94901943,6.20438671,0.5654603,-0.31350708,-0.7667511,0.07352229,-0.0559455156,-0.103938192,0.9604625,-3.36461163,-2.743805,0.248060942,0.8494531,0.7056589,-0.0175289363,-0.0678098053,-0.124694765,0.9756298,-4.159943,12.8834085,0.411607176,-0.513031,-0.599356949,0.05758631,-0.07397455,-0.07956689,0.8543316,-3.31032157,-13.7886353,-1.45288086,-2.62261963,-0.6534549,0.115821272,0.405859977,-0.10810259,1.01989424,-4.27007,-5.54754639,0.2500457,-0.555114746,-1.09699643,0.00194860715,0.034594886,-0.47339046,2.03649378,2.80456638,3.498142
249,4.9799982355442172,1102,0,1,-0.100496553,0,-3.99873734,0.0555031225,0,-9.900383,0.0555031225,0,-9.900383,1,0,0,1,-0.101606615,1.01840031,-3.80072975,0,0,0,-0.08478238,1.01833582,-3.81334186,4.304172,0.2895912,-0.100036621,-0.00265502371,0.08320931,0.0245931782,-0.0569250248,0.971794844,-3.48857331,-6.849701,0.698753953,0.7514125,1.62903655,-0.0404258147,-0.208322823,-0.07803463,0.9910714,-4.055074,5.006912,0.700364649,-0.320098877,-1.32440448,0.03418585,-0.183867946,-0.03033882,0.944023,-3.131258,-1.55728149,0.325166136,0.8327106,1.0221262,-0.0401912332,-0.0173551366,-0.08111359,0.95486486,-4.40489,11.7905235,0.5203847,-0.509094238,-0.950015664,-0.009997748,0.00917878747,-0.0130393934,0.781685352,-3.03233767,-13.8666687,-1.4074707,-2.50631714,-0.6670347,0.121499442,0.421624631,-0.077261284,1.03070879,-4.593189,-7.54501343,0.3026798,-0.5415344,-1.74920833,-0.0715187639,0.09633012,-0.4800594,1.94610929,2.789506,3.434988
250,4.9999982284580495,1108,0,1,-0.108871713,0,-3.998518,-0.7140587,0,-9.996049,-0.7140587,0,-9.996049,1,0,0,1,-0.0945905447,1.017829,-3.798597,0,0,0,-0.08622964,1.01810336,-3.81153154,4.30909,0.20390451,-0.08151245,-0.00240656827,0.0332466662,0.0360986367,-0.0580379032,0.9736912,-3.4413,-5.04202271,0.5036355,0.674768269,1.838319,-0.07283935,-0.153764427,-0.08727508,0.9914246,-4.10118532,3.35681248,0.51676327,-0.396759033,-1.55227792,-0.0270885229,-0.104437292,-0.000976244,0.9306967,-2.9212625,0.165530145,0.131960317,0.7210501,1.4817965,-0.07142688,-0.103292942,-0.0766386539,0.931892753,-4.63959074,10.0839615,0.350896955,-0.580108643,-1.4821322,-0.0234014913,-0.0550388843,0.0138025936,0.711313248,-2.760494,-13.9911194,-1.56964111,-2.227478,-0.6614898,0.14581053,0.485393047,-0.07179028,1.0400219,-4.93405,-10.2888794,0.280722618,-0.5996094,-2.41525221,0.04715193,0.11294724,-0.474285483,1.94665134,2.78848362,3.43366265
251,5.0199982213718819,1113,0,1,-0.0167315621,0,-3.99996471,4.33268547,0,-10.2870026,4.33268547,0,-10.2870026,1,0,0,1,-0.10338524,1.01665735,-3.79422474,0,0,0,-0.101853468,1.016783,-3.80778742,4.316612,1.53665817,-0.0382080078,-0.0006848778,0.01482417,0.03563765,-0.0735866949,0.981025338,-3.4023366,-2.93841553,1.760897,0.5555948,1.99623883,-0.0540451966,-0.109081551,-0.107937761,0.996135056,-4.142582,1.33894777,1.75786614,-0.489013672,-1.76846826,-0.0345856622,-0.0478660353,-0.000441450626,0.941712141,-2.76905584,2.25888968,1.38546717,0.5481078,1.79157031,-0.0598018654,-0.147428557,-0.09242286,0.93379873,-4.838501,7.880421,1.5969367,-0.6990967,-1.91093314,-0.0139276069,-0.09053318,0.0230772253,0.6646988,-2.5655303,-14.1758728,-0.250030518,-1.85443115,-0.618606448,0.150864512,0.4728192,-0.0855105147,1.05159092,-5.230035,-13.8286133,1.80611849,-0.258270264,-3.1226685,0.227523237,0.3198406,-0.5382943,1.95791078,2.77642632,3.43972659
252,5.0399982142857143,1118,0,1,0.09216888,0,-3.99893761,5.188847,0,-10.35972,5.188847,0,-10.35972,1,0,0,1,-0.0116080157,1.0159924,-3.79174328,0,0,0,0.0192441083,1.01603127,-3.8050158,4.33157349,3.07149553,-0.165161133,0.00325623527,-0.0186298043,0.006836207,0.06456882,0.9907967,-3.31685257,-0.855438232,3.17075038,0.5738739,2.43434334,-0.157449573,-0.396365583,0.0263390318,1.00696743,-4.25737667,-0.870941162,3.183069,-0.4390869,-2.38788366,-0.08759409,-0.240693629,0.101983123,0.9761255,-2.69121242,4.24154329,2.83088231,0.5333944,1.69027793,-0.06768493,-0.040786922,-0.0162325632,0.997741163,-4.967309,5.703813,3.048531,-0.6034851,-1.85399473,-0.111021675,0.141225144,0.09878383,0.6581623,-2.51925254,-14.422821,1.58476186,-1.375946,-0.536557,0.3121493,0.376262039,-0.02899199,1.2289952,-5.226603,-14.5309448,3.28903747,-1.10055542,-0.616145551,-0.218761787,-0.628618956,-0.6135347,1.99958134,2.75031853,3.455286
253,5.0599982071995466,1123,0,1,0.167527422,0,-3.99649,3.689396,0,-10.2898521,3.689396,0,-10.2898521,1,0,0,1,0.09373953,1.015711,-3.790693,0,0,0,0.140094534,1.01621389,-3.802643,4.344918,3.9866,-0.31137085,-0.00110696768,-0.141179636,0.01430405,0.185004979,1.008115,-3.30119348,1.19082987,3.91670418,0.581330359,2.49442649,-0.3143666,-0.540611,0.151842713,1.02598011,-4.27733469,-3.12979126,3.953279,-0.367279053,-2.50543022,-0.263942182,-0.268941581,0.216966242,1.00791943,-2.70052457,6.094668,3.74684834,0.5449157,1.588435,-0.147229552,-0.0562174246,0.09628227,1.05487585,-4.971342,3.62476134,3.892991,-0.41519165,-1.76827109,-0.229649767,0.239355847,0.188650459,0.676417,-2.567838,-14.6936646,3.026685,-0.898712158,-0.38884148,0.302072465,0.288698584,0.06585498,1.33328533,-5.175484,-14.4933472,4.23394775,-1.48028564,-0.08481845,-0.135787234,-0.2316047,-0.6654613,2.0241673,2.74954224,3.478516
254,5.0799982001133781,1128,0,1,0.309686035,0,-3.98799372,7.162831,0,-9.93724251,7.162831,0,-9.93724251,1,0,0,1,0.166429475,1.01532412,-3.789249,0,0,0,0.208481923,1.01544511,-3.80029535,4.34689951,5.27591848,-0.392608643,7.331569E-05,-0.279323816,0.04366757,0.238302171,1.02445209,-3.36877513,3.08719683,5.6068716,0.503036559,2.13529253,-0.3964456,-0.4719644,0.211367562,1.04142261,-4.212703,-5.27154541,5.64558554,-0.3277588,-2.18652964,-0.398834,-0.142293155,0.289868146,1.0610472,-2.79040027,7.8637557,5.61767673,0.459175438,1.58999527,-0.162167326,-0.159409851,0.173202023,1.08904815,-4.89128351,1.58206356,5.658832,-0.2901001,-1.73805606,-0.251803279,0.213350743,0.264033318,0.913806558,-2.57707453,-13.3499451,5.29901838,-0.130157471,1.71649945,0.0774409,0.177028537,0.138561472,1.32653952,-5.10996246,-14.309021,6.08415461,-1.70858765,-0.0825557858,-0.08542679,-0.06182242,-0.761437058,2.07377529,2.70289135,3.49083829
255,5.0999981930272105,1130,0,1,0.4181396,0,-3.97808552,5.414348,0,-9.619025,5.414348,0,-9.619025,1,0,0,1,0.3098527,1.01437461,-3.785705,0,0,0,0.373266846,1.01408982,-3.794368,4.347277,5.135437,-0.5916443,0.007144333,-0.6439426,0.0425326154,0.39153564,1.03753781,-3.39834642,4.51126671,6.834024,0.5303669,2.02367544,-0.476770073,-0.6280742,0.380429476,1.05537534,-4.175723,-7.00033569,6.946992,-0.158752441,-2.102167,-0.473705471,-0.2318843,0.399543315,1.09402645,-2.88685918,9.362001,6.89494276,0.5140821,1.43369544,-0.2334362,-0.06620255,0.3139464,1.10649669,-4.75936031,-0.117126465,6.997066,-0.0261230469,-1.42134953,-0.196123451,0.356644332,0.390344858,0.9609902,-2.64251471,-10.922821,6.82884264,0.0886479542,2.01990414,-0.00838314,-0.0298324227,0.272919625,1.28997922,-4.95951939,-14.11908,7.40347242,-1.95883179,-0.1495976,-0.06554922,0.0195430182,-0.834071636,2.102916,2.67418,3.50273752
256,5.1199981859410428,1132,0,1,0.443125665,0,-3.975379,1.52229285,0,-9.737365,1.52229285,0,-9.737365,1,0,0,1,0.412679821,1.01301515,-3.78063178,0,0,0,0.486485183,1.01399887,-3.78614,4.33903551,3.78612,-0.7192993,0.00377207436,-0.683042,0.0862430856,0.484291524,1.04151285,-3.44812369,5.642637,6.599055,0.534421146,1.70705891,-0.6817835,-0.609451652,0.490278035,1.0558393,-4.09433937,-8.352295,6.80180645,0.026617337,-1.69632792,-0.7103812,-0.179717481,0.484274566,1.09689236,-2.98545766,10.7237635,6.74939966,0.554339468,1.26127148,-0.464994758,-0.106998533,0.4241837,1.10654068,-4.5979023,-1.56073,6.956654,0.273440123,-1.19291461,-0.355781525,0.388328582,0.4956746,0.967802644,-2.75369048,-8.609985,6.8569,0.0981543958,1.9759202,-0.293852,-0.213626608,0.3740301,1.244567,-4.782846,-13.967804,7.473746,-2.08517456,-0.227035135,-0.0304720383,0.197344288,-0.8536954,2.11238623,2.69429684,3.528485
257,5.1399981788548752,1137,0,1,0.542888,0,-3.962988,5.65085649,0,-9.147016,5.65085649,0,-9.147016,1,0,0,1,0.4298709,1.01285863,-3.78004766,0,0,0,0.4854206,1.01417387,-3.785837,4.324935,4.42413568,-0.647674561,-0.007412019,-0.357997477,0.133876622,0.4694035,1.03576541,-3.55225968,6.55921745,7.17488241,0.39988023,1.11208189,-0.808145,-0.3908162,0.476454,1.04304957,-3.974699,-9.360504,7.43182325,0.148754656,-1.00008237,-0.8526608,0.0120879561,0.4887433,1.09918094,-3.13355017,12.0164185,7.36665344,0.42758292,1.10574865,-0.7023927,-0.2354899,0.440020651,1.09936249,-4.405274,-2.82165527,7.74422073,0.478628665,-1.0434171,-0.5738555,0.2946282,0.533352852,0.9852136,-2.89672542,-6.42834473,7.638333,0.149584562,1.85167587,-0.5305226,-0.172232449,0.403601348,1.19688225,-4.59005976,-13.8636169,8.573913,-2.04135132,-0.2810678,0.003638992,0.3817851,-0.913458467,2.26604533,2.61753273,3.58062077
258,5.1599981717687076,1140,0,1,0.658839345,0,-3.94536781,6.360614,0,-8.729402,6.360614,0,-8.729402,1,0,0,1,0.5316271,1.01037526,-3.77077985,0,0,0,0.596446753,1.01059663,-3.774997,4.316106,4.939271,-0.676452637,0.00562159158,-0.4494149,0.127628148,0.580560744,1.03320444,-3.590602,7.0323925,8.103753,0.328655332,0.927291453,-0.7587713,-0.479372531,0.5860911,1.03475177,-3.898445,-9.83334351,8.452317,0.4010627,-0.730536044,-0.8160563,-0.08140749,0.57801193,1.074959,-3.304487,12.8451347,8.242456,0.33927393,0.7037421,-0.679379344,-0.141207218,0.5262272,1.06919825,-4.181613,-3.57189941,8.854252,0.7819825,-0.590342641,-0.478605539,0.344752759,0.614266336,0.9919774,-3.13108921,-4.769165,8.427381,0.416147918,1.39082086,-0.653067946,0.003559649,0.4966675,1.1252892,-4.31591034,-13.7885742,9.863532,-2.04595947,-0.296281785,-0.005290333,0.37223503,-0.969950438,2.61181355,2.470089,3.72340083
259,5.179998164682539,1145,0,1,0.73308754,0,-3.932249,4.36207533,0,-8.823529,4.36207533,0,-8.823529,1,0,0,1,0.645846069,1.00635576,-3.75577855,0,0,0,0.723400652,1.00717711,-3.75640368,4.31393337,4.459151,-0.7448425,0.0137040289,-0.6112021,0.1328182,0.7065149,1.02485538,-3.62877822,7.073414,8.379302,0.271643549,0.658335567,-0.8423075,-0.5428638,0.713552237,1.0198667,-3.81153512,-9.794495,8.826153,0.733983338,-0.394349456,-0.9269984,-0.167265713,0.688850045,1.038171,-3.48613,13.1768856,8.495136,0.3065647,0.280492872,-0.7083843,-0.0545442253,0.6323732,1.0291791,-3.94074869,-3.789856,9.332647,1.18950474,-0.12443047,-0.5041021,0.372859627,0.710348,0.9887295,-3.40192723,-3.88729858,8.655992,0.6632073,0.75056535,-0.6522521,0.0771745443,0.5895757,1.042509,-4.00824547,-13.7449341,10.50496,-2.013855,-0.310992062,-0.006799111,0.408111274,-0.99828887,2.851656,2.35536385,3.830961
260,5.1999981575963714,1149,0,1,0.888943851,0,-3.899972,8.733142,0,-7.81405258,8.733142,0,-7.81405258,1,0,0,1,0.7142811,1.00311685,-3.743691,0,0,0,0.788738251,1.00439847,-3.74273777,4.312279,5.46163225,-0.728912354,0.0100903213,-0.5292211,0.156147033,0.768729568,1.00911021,-3.707814,6.739781,9.664093,0.149562329,0.153952062,-0.973785639,-0.430833668,0.7690448,0.9977308,-3.69920254,-9.303192,10.1735229,1.0493263,0.165861,-1.06435847,-0.136439025,0.760828435,1.00500321,-3.69373083,13.1145868,9.797394,0.218578354,-0.0663043559,-0.8363051,-0.0637041852,0.6888068,0.991604567,-3.68509912,-3.55542,10.8362226,1.59389174,0.2586307,-0.6624852,0.311625272,0.7907852,0.9891101,-3.68292475,-3.7890625,10.0354652,0.919501841,0.106550306,-0.716836751,0.18724452,0.638505459,0.960726559,-3.70069337,-13.7418518,12.2983675,-1.83178711,-0.3186762,0.00246428512,0.5023262,-1.05145192,3.12688828,2.139141,3.93178153
261,5.2199981505102038,1154,0,1,0.9622954,0,-3.882523,4.56152725,0,-8.3725605,4.56152725,0,-8.3725605,1,0,0,1,0.8710649,0.995448351,-3.715072,0,0,0,0.9651281,0.9964625,-3.70791364,4.313093,4.58735466,-0.8385315,0.02345233,-0.763353348,0.151984826,0.9494448,0.998688,-3.71686554,5.88299847,9.797812,0.109294176,-0.00256003439,-1.00641465,-0.5478956,0.94428277,0.982028961,-3.610897,-8.238647,10.3536892,1.50481021,0.377383918,-1.15420187,-0.330708146,0.9264811,0.9536129,-3.88733315,12.4062843,9.9044075,0.229152292,-0.6094799,-0.840720534,0.118059874,0.816631,0.9450283,-3.40923524,-2.66116333,11.1505632,2.14454412,0.8443998,-0.666420043,0.3449601,0.952039659,0.977570057,-3.99256182,-4.66879272,10.1012392,1.21766019,-0.7178826,-0.7780374,0.350369036,0.780252934,0.8641855,-3.34114957,-13.7618408,12.6689968,-1.68984985,-0.287507951,-0.5562181,0.287166655,-1.06139755,3.293205,1.996273,3.994605
262,5.2399981434240361,1159,0,1,0.95416224,0,-3.88453,0.9224299,0,-9.43438148,0.9224299,0,-9.43438148,1,0,0,1,0.935713649,0.990296,-3.6958425,0,0,0,1.02063107,0.9919854,-3.68809485,4.315121,3.04638362,-0.797851563,0.0156021435,-0.5994655,0.187836632,1.00648892,0.980935752,-3.79948235,4.7088933,8.461399,-0.0163574219,-0.5767372,-1.1889925,-0.345598519,0.978914559,0.961813,-3.48938036,-6.79126,8.98996,1.88258588,0.987844765,-1.31582189,-0.2700701,1.015561,0.9304968,-4.097429,11.334878,8.60608,0.1557029,-0.931363761,-1.018845,0.0820230842,0.865774,0.9220575,-3.14714861,-1.33984375,9.927891,2.621352,1.18977189,-1.0520618,0.200729847,1.06351888,0.98340565,-4.277439,-6.274811,8.901441,1.52461147,-1.30518448,-0.859985352,0.4679098,0.8789147,0.783046663,-3.02125835,-13.7709045,11.0892181,-1.5630188,-0.259571731,-1.01451993,0.4557464,-1.035475,3.41491556,1.90931892,4.04714155
263,5.2599981363378685,1161,0,1,0.905273,0,-3.896214,-0.799215138,0,-10.1965942,-0.799215138,0,-10.1965942,1,0,0,1,0.9212573,0.9893419,-3.6922822,0,0,0,0.9739077,0.990285456,-3.69318628,4.316212,1.84659612,-0.600097656,-0.00300905481,-0.417520881,0.17604129,0.9722819,0.9699874,-3.928041,3.27774072,6.422076,-0.214355469,-1.23807073,-1.148363,-0.04920757,0.9015848,0.951798558,-3.37441134,-5.046692,6.86276436,2.07756138,1.64759421,-1.1986773,-0.13634336,1.02910519,0.924995,-4.33883,9.98036,6.583223,-0.0483093262,-1.19266629,-1.105609,-0.007458985,0.842222154,0.915184,-2.912189,0.308756739,7.801832,2.80972171,1.41326571,-1.24482107,-0.07102525,1.11681318,1.00391066,-4.565005,-8.389679,6.98542261,1.84802616,-1.75318861,-0.9354418,0.517913342,0.91610074,0.714951634,-2.75443435,-13.8440247,8.819309,-1.0324707,-0.341226816,-1.114126,0.58975625,-0.9801487,3.56468463,1.78652573,4.106013
264,5.2799981292517009,1165,0,1,0.856242657,0,-3.9072814,-0.774962,0,-10.4979916,-0.774962,0,-10.4979916,1,0,0,1,0.8717419,0.9901196,-3.69732165,0,0,0,0.8924864,0.9904508,-3.706605,4.317302,0.7699716,-0.36618042,2.93552876E-05,-0.305132449,0.145607635,0.908432662,0.9700644,-4.0463047,1.58788633,4.65251637,-0.402923584,-1.77163291,-0.924686968,0.176658928,0.7985732,0.954865456,-3.29139233,-3.079834,5.00143,2.093362,2.12581277,-0.889192,-0.0199204087,1.00992441,0.928731143,-4.58734369,8.266389,4.774188,-0.302703857,-1.50408387,-0.9018043,-0.0472794771,0.786443055,0.9220402,-2.72549486,2.21062469,5.859558,2.66604614,1.59241569,-1.06307077,-0.3162424,1.12194979,1.032793,-4.871711,-10.9607544,5.21402073,2.12706947,-2.180894,-0.777494669,0.4571213,0.899724364,0.663725734,-2.53993,-13.9705505,6.75487852,-0.454406738,-0.3812912,-0.90929234,0.5500874,-0.92678535,3.69097233,1.65833282,4.15117741
265,5.2999981221655323,1169,0,1,0.8398694,0,-3.91083336,0.795626938,0,-10.4324141,0.795626938,0,-10.4324141,1,0,0,1,0.823956847,0.9911883,-3.70218515,0,0,0,0.828540444,0.991606355,-3.715549,4.32521963,0.31750074,-0.183288574,0.00086187385,-0.176067412,0.10026148,0.863168,0.980061233,-4.109396,-0.424743652,3.65443349,-0.51083374,-2.04278755,-0.66561985,0.2277872,0.744819641,0.967807651,-3.25935316,-0.9319763,3.94595051,2.00176883,2.28148532,-0.603628159,-0.058116734,0.991097,0.94426167,-4.796991,6.105836,3.742009,-0.4975891,-1.88103843,-0.6563034,-0.0130161643,0.746095061,0.94437027,-2.60866117,4.330992,4.69767046,2.36218619,1.77763784,-0.7771102,-0.416790128,1.10914683,1.06598437,-5.149297,-13.8953552,4.2129283,2.43535328,-2.5432446,-0.543292046,0.4266591,0.851197064,0.6326717,-2.403807,-14.1494751,5.56583548,0.0515231527,-0.397278428,-0.68312645,0.580439746,-0.9026649,3.749586,1.58350563,4.16913557
266,5.3199981150793647,1173,0,1,0.8398694,0,-3.91083336,1.49709642,0,-10.4168453,1.49709642,0,-10.4168453,1,0,0,1,0.809927464,0.991668463,-3.70249653,0,0,0,0.8117091,0.9917578,-3.71640754,4.333949,0.240393609,-0.100769043,-0.001029185,-0.0538605973,0.0561139621,0.8641824,0.995588064,-4.12927,-2.75479126,3.13773632,-0.534484863,-2.11897278,-0.4438675,0.1601221,0.7584618,0.9844781,-3.26899385,1.29131055,3.404796,1.83816278,2.16192722,-0.411520183,-0.218036443,0.9932337,1.0049367,-4.89715528,3.67216372,3.20348954,-0.5720215,-2.08036423,-0.4057586,0.0647665262,0.7446971,0.9808759,-2.59317422,6.527149,3.96360016,2.04011655,1.85104644,-0.6073966,-0.380027741,1.085384,1.25673008,-5.180906,-14.44278,4.037521,1.75125086,-0.489919752,-0.2478194,-0.531736434,0.80002296,0.63439703,-2.400484,-14.4026794,4.26814365,1.12738955,-0.379559517,-0.8006838,0.689273953,-0.9001602,3.75504732,1.57211113,4.16919661
267,5.3399981079931971,1179,0,1,0.8398694,0,-3.91083336,1.3964808,0,-10.4451218,1.3964808,0,-10.4451218,1,0,0,1,0.8119398,0.9919101,-3.701931,0,0,0,0.810970366,0.9917625,-3.716277,4.33716869,0.254607618,-0.07980347,-0.00485756341,0.02843631,0.02853516,0.8733305,1.01190794,-4.10311,-5.09359741,2.78222346,-0.5227661,-1.97254765,-0.2989154,0.08496165,0.7812959,0.9999962,-3.31041455,3.37067318,3.030476,1.62753081,1.899567,-0.293441236,-0.307380974,1.000867,1.06409585,-4.858966,1.281487,2.88086319,-0.588439941,-2.04345131,-0.278243333,0.08751488,0.764435947,1.02808309,-2.69032764,8.52278,3.38773513,1.75433064,1.70327806,-0.4346273,-0.331463456,1.07352948,1.334433,-5.125351,-14.38443,3.85914564,1.40715778,-0.03375365,-0.112553827,-0.172649875,0.798222065,0.8063705,-2.483512,-14.5313721,3.20601749,2.83343816,0.112002462,-0.427370042,1.58014917,-0.9000865,3.75513744,1.57177353,4.16913462
268,5.3599981009070294,1184,0,1,0.823481441,0,-3.91431713,0.4996898,0,-10.5005426,0.4996898,0,-10.5005426,1,0,0,1,0.813487649,0.992563844,-3.70430636,0,0,0,0.8075736,0.992200255,-3.71891642,4.33364534,0.07742875,-0.08578491,-0.009370363,0.07160553,0.0104913926,0.8702315,1.0236932,-4.05363131,-7.189728,2.27581739,-0.508728,-1.704265,-0.217607453,0.045871377,0.7930282,1.01036954,-3.38752413,5.05604649,2.5130198,1.405327,1.50493741,-0.217496842,-0.2966655,0.993122637,1.09848034,-4.749375,-0.913421631,2.393081,-0.5994568,-1.87601769,-0.213046417,0.07780361,0.7815914,1.0805012,-2.84596157,10.2364807,2.75517583,1.478362,1.500767,-0.2869293,-0.2966503,1.05289423,1.31610489,-5.01283455,-14.2160034,3.421268,1.17796063,-0.0543660633,-0.0578630455,-0.00774993375,0.798648953,0.9385659,-2.58174658,-11.8356934,2.43448114,2.72700357,2.16641784,-0.330566049,-0.2198011,-0.898410559,3.74914384,1.59789848,4.173308
269,5.3799980938208618,1189,0,1,0.675364554,0,-3.942573,-6.16043758,0,-11.541276,-6.16043758,0,-11.541276,1,0,0,1,0.798573256,0.9945306,-3.71174765,0,0,0,0.7838222,0.994031668,-3.7278986,4.323846,-1.99099731,-0.08560181,-0.0138877248,0.09702848,-0.00133366184,0.838971853,1.03024459,-4.00357676,-8.89151,-0.08709717,-0.511199951,-1.40737677,-0.152741224,0.0580608547,0.7770912,1.01613486,-3.4538722,6.32442045,0.16015175,1.170436,1.21767509,-0.142955631,-0.22926569,0.9545156,1.11191833,-4.60233736,-2.78610229,0.0337611251,-0.631652832,-1.59820473,-0.172829315,0.03541404,0.78170985,1.09120071,-2.99365067,11.6897755,0.355827659,1.198699,1.26182044,-0.1371107,-0.284380257,1.00997555,1.27569115,-4.84425831,-14.0569763,1.04972076,1.03028333,-0.132080376,-0.0160231423,0.135686517,0.7886965,0.9661188,-2.74979138,-9.480011,0.19573456,2.75290346,1.98894477,-0.04202816,-0.146606386,-0.8400866,3.72815156,1.645195,4.16071224
270,5.3999980867346933,1191,0,1,0.534592,0,-3.96411562,-5.84428835,0,-11.2427521,-5.84428835,0,-11.2427521,1,0,0,1,0.6514777,1.00002062,-3.73926067,0,0,0,0.5919894,1.00047576,-3.76310039,4.323334,-3.86422729,0.115048759,-0.0101336036,0.1624193,0.0112231234,0.6281324,1.04537737,-4.045954,-9.965546,-2.20019531,-0.6836853,-1.48602843,0.03627652,0.3453228,0.564734161,1.03014767,-3.48011565,7.00548553,-1.84375,0.7726824,1.334311,0.0609569624,0.1810922,0.7671191,1.09828258,-4.46461153,-3.994049,-2.11920166,-0.8995056,-1.02263033,-0.113378257,-0.228083789,0.638164341,1.06570923,-3.17175078,12.5249329,-1.704956,0.7350071,0.7281403,0.07051751,-0.395619124,0.836829364,1.2187233,-4.6226573,-13.9142151,-1.19763184,0.954688966,-0.198123053,0.0239199474,0.249723673,0.6726814,0.9693309,-3.010188,-7.725647,-1.82312012,2.688029,1.47489762,0.0472347066,-0.09378028,-0.788497567,3.6971,1.72439766,4.154976
271,5.4199980796485256,1193,0,1,0.3514365,0,-3.9845314,-8.181248,0,-11.1300154,-8.181248,0,-11.1300154,1,0,0,1,0.5150614,1.00563526,-3.76193118,0,0,0,0.441934824,1.00629258,-3.7856915,4.32733536,-5.79129028,0.280381531,-0.0135464044,0.324385226,-0.02572271,0.4622744,1.04166412,-3.98976254,-10.6222229,-4.69766235,-0.8381653,-1.08123446,0.322280675,0.3307153,0.431511521,1.03062546,-3.56844974,7.32345533,-4.23568726,0.474770337,0.9977045,0.290637285,0.277455747,0.579710662,1.08030367,-4.306342,-4.84701538,-4.731781,-1.17831421,-0.714520931,0.008995347,-0.26066947,0.499702156,1.05085015,-3.35715079,13.03509,-4.20941162,0.35682857,0.458733678,0.193840846,-0.303688169,0.674417734,1.16517222,-4.41290665,-13.8020325,-4.035492,0.7273993,-0.255391657,0.0138543909,0.187263638,0.556722164,0.978247344,-3.249558,-6.554413,-4.43069458,2.53039932,1.00774264,0.0410559624,-0.154658377,-0.7133303,3.657279,1.810276,4.14265966
272,5.439998072562358,1198,0,1,0.008409144,0,-3.99999142,-16.15231,0,-10.794405,-16.15231,0,-10.794405,1,0,0,1,0.3314552,1.0108273,-3.78410339,0,0,0,0.240153953,1.01320887,-3.80622816,4.33402,-8.523285,0.517841339,-0.0173510723,0.9232165,-0.0427856371,0.253568828,1.036654,-3.93503356,-10.7749329,-9.481201,-1.067688,-0.771782,0.511167169,0.3815763,0.246890172,1.03096128,-3.650589,7.192256,-8.906006,0.180141255,0.760534,0.4330753,0.411159635,0.367442966,1.05008793,-4.11464262,-5.234009,-9.626068,-1.52755737,-0.2955569,-0.009310013,-0.328960329,0.335769773,1.02363467,-3.56138468,13.1151476,-8.968475,-0.0233459473,0.09027343,0.217039555,-0.320454746,0.473471165,1.09992993,-4.169884,-13.7200012,-9.137146,0.452013433,-0.358029485,0.0248228982,0.2032445,0.4005978,0.984346747,-3.518767,-6.0586853,-9.244171,2.33808255,0.393707633,0.1153668,-0.0790246,-0.5545742,3.56937361,1.94265366,4.101449
273,5.45999806547619,1203,0,1,-0.267849952,0,-3.99102163,-12.8111248,0,-9.429363,-12.8111248,0,-9.429363,1,0,0,1,-0.0116275586,1.01297379,-3.80243444,0,0,0,-0.16871956,1.01930785,-3.81983018,4.36023951,-8.237061,1.04490542,-0.007108207,1.73576975,-0.0427009352,-0.171597749,1.03838837,-3.95568657,-10.2476807,-13.20697,-1.62689209,-0.9080109,0.946034133,0.7309219,-0.163333,1.03865516,-3.646957,6.39428425,-12.4788208,-0.25378418,0.964350641,0.7711431,0.8893629,0.00260242447,0.998825669,-3.91418076,-4.83163452,-13.5061951,-2.29211426,0.454789251,0.00142811984,-0.6036785,0.00426186435,0.966978669,-3.75491,12.3836193,-12.5772095,-0.591095,-0.5683175,0.431518316,-0.559485555,0.1442272,1.01437879,-3.8568387,-13.6612244,-13.2437439,0.236447141,-0.486114621,0.05870805,0.2561033,0.08555223,0.9695292,-3.84959054,-6.61145,-12.6382751,2.29578018,-0.5076747,0.4709126,-0.09198201,-0.412868738,3.478226,2.066145,4.066629
274,5.4799980583900227,1207,0,1,-0.418080539,0,-3.97809124,-7.207553,0,-9.044996,-7.207553,0,-9.044996,1,0,0,1,-0.273929536,1.01131046,-3.79719138,0,0,0,-0.4647924,1.02032936,-3.80350876,4.36930752,-6.085327,1.37845671,0.006821347,1.83790874,-0.180902332,-0.468520939,1.01297176,-3.85705948,-9.283691,-14.3642883,-2.26931763,-0.362334251,1.606014,0.7140504,-0.4162901,1.024814,-3.6983366,5.25886726,-13.5637817,-0.4833374,0.545288861,1.37268674,0.8826051,-0.288275033,0.970447242,-3.68103313,-4.00540161,-15.038269,-3.23934937,0.868222952,0.493303,-0.6394059,-0.2696896,0.947953463,-3.926308,11.2922,-13.7715454,-0.945373535,-0.871403456,0.9212796,-0.464771569,-0.106171682,0.9392729,-3.5700047,-13.6917725,-15.466095,-0.129150391,-0.616094232,0.08012239,0.121130675,-0.196279109,0.977997065,-4.103457,-7.85787964,-13.8720093,1.990424,-1.02661812,0.769102633,-0.465023369,-0.327836871,3.42340279,2.15230942,4.057043
275,5.4999980513038542,1212,0,1,-0.708306432,0,-3.936788,-14.9812784,0,-7.58381176,-14.9812784,0,-7.58381176,1,0,0,1,-0.408680975,1.0100317,-3.785112,0,0,0,-0.584081769,1.01790261,-3.78449082,4.36843538,-7.38870239,1.29946685,0.00591180474,1.30889547,-0.348528475,-0.562581539,0.9863215,-3.69622016,-7.962616,-16.8228149,-2.83724976,0.5367866,1.96720207,0.4680261,-0.4985518,1.00649667,-3.814925,3.95109534,-16.0656738,-0.476287842,-0.224205941,1.78810465,0.525497258,-0.4238136,0.9537921,-3.42155814,-2.89172363,-17.9335632,-4.09417725,1.10549343,1.16752887,-0.481168747,-0.406658769,0.951452732,-4.115718,10.1286182,-16.36502,-0.992218,-0.9851208,1.4316467,-0.245882332,-0.3305832,0.867911041,-3.313655,-13.7956238,-18.91217,-0.380340576,-0.7830048,0.950243533,0.147439808,-0.4028132,1.00271189,-4.31525135,-9.419281,-16.5542,1.53543806,-1.27215075,1.23482537,-0.6277301,-0.159613013,3.33850622,2.220026,4.01243258
276,5.5199980442176866,1216,0,1,-0.8807145,0,-3.90183783,-9.030012,0,-7.59060669,-9.030012,0,-7.59060669,1,0,0,1,-0.7001143,0.999508,-3.75002575,0,0,0,-0.915075362,1.0126487,-3.73097563,4.35850143,-6.258545,1.35273814,0.009546608,1.55684471,-0.3780335,-0.8722331,0.971555,-3.61517143,-6.09671,-17.5567627,-3.69729614,0.5851063,2.11362362,0.7455474,-0.8171807,0.997193635,-3.78546786,2.14471817,-16.9713745,-0.5635681,-0.171859175,1.8667109,0.6864577,-0.718769431,0.927652061,-3.1536963,-1.09136963,-18.8056946,-5.10794067,1.71552455,1.41957474,-0.4060148,-0.716237068,0.9235711,-4.270718,8.318035,-17.2056885,-1.07876587,-1.513148,1.46858764,-0.469486445,-0.7271993,0.7779404,-2.98809171,-13.9322815,-19.80777,-0.547668457,-0.8109017,1.47883439,0.09563199,-0.7574712,1.00392318,-4.57017851,-11.5254517,-17.30362,1.30303562,-1.778599,1.427702,-0.6730974,-0.05116105,3.28611684,2.27319336,3.99607182
277,5.5399980371315189,1221,0,1,-1.03524411,0,-3.86371231,-8.799759,0,-7.556787,-8.799759,0,-7.556787,1,0,0,1,-0.859249,0.9905016,-3.71257663,0,0,0,-1.05578864,1.00033545,-3.68655872,4.3583436,-5.613678,1.19258308,0.0127536729,1.29918063,-0.443521351,-1.0056932,0.9567812,-3.483685,-3.93621826,-17.3443,-4.3923645,1.0815115,1.61908054,0.8034208,-0.9675715,0.9846287,-3.83362675,0.19986403,-17.2255859,-0.4989624,-0.673809052,2.18044972,0.446000457,-0.9293202,0.9295751,-2.93147421,1.0660857,-18.843689,-5.815338,1.922447,2.02726388,-0.03371173,-0.926524639,0.9382746,-4.40045738,6.34790945,-17.578064,-1.02774048,-1.66943407,1.68781614,-0.405837744,-1.02649117,0.7112756,-2.735923,-14.0792236,-19.99704,-0.6464844,-0.7249768,1.77437067,0.05710423,-0.982939959,1.02124476,-4.746605,-14.1160583,-17.9408569,1.24794388,-2.17071652,1.380148,-0.7137651,0.05180061,3.23981667,2.322153,3.98641324
278,5.5599980300453513,1224,0,1,-1.2200911,0,-3.80938053,-10.6384439,0,-6.78183126,-10.6384439,0,-6.78183126,1,0,0,1,-1.00732231,0.9808024,-3.673744,0,0,0,-1.17760158,0.98724854,-3.64419842,4.354279,-6.01257324,0.971675634,0.008303411,1.02472937,-0.453867763,-1.13758969,0.9510571,-3.383697,-1.56530762,-17.7265625,-4.843384,1.40842021,2.252099,0.8893511,-1.11856771,0.979010165,-3.86436,-1.95858765,-17.87439,-0.392578125,-1.00773036,2.21553516,0.289209783,-1.13028848,0.938722253,-2.76063967,3.48151875,-19.2209473,-6.09170532,2.02346349,2.13166428,0.352399379,-1.12101769,0.975064337,-4.48787832,4.244547,-18.3411865,-0.9394226,-1.76937008,1.75434136,-0.421321154,-1.28454375,0.6670929,-2.56181288,-14.31192,-19.9358215,-1.095581,-0.5339193,2.26460028,-0.2892841,-1.185411,1.13665915,-4.7599864,-14.643158,-18.9399414,-0.100708008,-0.09347752,1.107978,-1.23321569,0.171667874,3.198866,2.342451,3.96853757
279,5.5799980229591837,1229,0,1,-1.4021076,0,-3.74621058,-10.6262312,0,-6.189575,-10.6262312,0,-6.189575,1,0,0,1,-1.18958306,0.9668291,-3.622419,0,0,0,-1.35309219,0.973084033,-3.58457732,4.34236145,-6.258972,0.847564757,0.000460445881,1.04231369,-0.411446482,-1.33378661,0.944749057,-3.32110786,0.93257165,-17.9857788,-5.08535767,1.22776222,1.16983831,1.15886664,-1.31463563,0.971784949,-3.80457377,-4.222748,-18.4337158,-0.370697021,-0.95679915,1.1128155,0.2998249,-1.349697,0.960383534,-2.67093229,6.016987,-19.2920532,-6.12109375,2.06836724,2.38048649,0.5760344,-1.3415674,1.01331758,-4.45425034,2.049405,-19.03247,-0.912750244,-1.82211709,1.79675269,-0.519188046,-1.54374444,0.6463233,-2.47711325,-14.5586548,-19.1230164,-1.55441284,-0.364526272,2.683067,-0.444382668,-1.426881,1.222757,-4.714583,-14.6359253,-20.0933533,-0.9076233,0.144182071,1.19375193,-0.610990763,0.293876529,3.157094,2.35658836,3.95058417
280,5.599998015873016,1233,0,1,-1.59624743,0,-3.66769552,-11.4685755,0,-5.36360931,-11.4685755,0,-5.36360931,1,0,0,1,-1.366876,0.9500458,-3.56042337,0,0,0,-1.52627325,0.95687604,-3.514818,4.33433437,-6.637665,0.7819679,-0.00276464224,1.08010054,-0.370116949,-1.5233072,0.9363111,-3.28098178,3.30301547,-18.4727478,-5.06488037,0.930854261,0.307181656,1.27231991,-1.50302875,0.959274769,-3.70823836,-6.368469,-18.80185,-0.4472046,-0.8332721,-0.2173307,0.42262882,-1.57352531,0.987452269,-2.67901063,8.372295,-19.5183411,-5.85238647,1.86604226,2.39876842,0.775852561,-1.55616331,1.03329062,-4.3437705,-0.104919434,-19.615509,-0.9779663,-1.76183224,2.11750126,-0.5970791,-1.789327,0.786688566,-2.45835567,-14.6810913,-18.6390381,-1.25958252,-0.2982525,2.75043225,0.721020639,-1.66572142,1.20585632,-4.61866,-14.5016785,-21.27951,-1.73120117,0.123957604,1.49216545,-0.582164764,0.422173381,3.11827946,2.3485527,3.92652488
281,5.6199980087868475,1238,0,1,-1.71823514,0,-3.61215544,-8.017734,0,-6.29704237,-8.017734,0,-6.29704237,1,0,0,1,-1.55788052,0.929902,-3.48621464,0,0,0,-1.72451413,0.939949632,-3.42782831,4.32949972,-5.737793,0.7861481,-0.0112013,1.20238066,-0.330494016,-1.74034035,0.9185492,-3.268741,5.33056259,-17.7089233,-4.797943,0.415703982,-0.631062865,1.291956,-1.70100951,0.9372487,-3.57275581,-8.293732,-17.88263,-0.6508484,-0.5519295,-0.292129636,0.5687074,-1.811494,1.01846766,-2.73317671,10.47711,-18.5370483,-5.3576355,1.64109039,2.46500778,0.9059419,-1.77872682,1.03820515,-4.175358,-2.17520142,-18.8862915,-1.15591431,-1.65990758,2.31038213,-0.6810918,-2.005778,0.89048624,-2.45253086,-12.42868,-17.33728,-1.8187561,1.86059964,2.35928631,0.130465508,-1.91825819,1.16722965,-4.460828,-14.3555908,-21.0602417,-2.56106567,0.0192902982,1.82434225,-0.538715363,0.509146035,3.08898187,2.35088348,3.91505957
282,5.63999800170068,1243,0,1,-1.78601372,0,-3.57912731,-5.681535,0,-7.39116955,-5.681535,0,-7.39116955,1,0,0,1,-1.67238307,0.9160286,-3.431304,0,0,0,-1.80532765,0.920910358,-3.380337,4.324088,-4.609833,0.706947744,-0.008331366,0.91314435,-0.327330768,-1.84415853,0.9087533,-3.2567234,6.806863,-16.7530212,-4.298462,0.372543752,1.8848598,1.43717861,-1.80184746,0.923465431,-3.49463582,-9.800354,-16.8076782,-0.7883911,-0.428591549,0.332313,0.459820449,-1.963087,1.00761414,-2.807554,12.1584692,-17.4312134,-4.62774658,1.234649,1.76139891,0.9761397,-1.93053389,1.02886212,-3.99764872,-3.90924072,-17.84848,-1.25488281,-1.40833867,1.814298,-0.5059796,-2.10862684,0.892167747,-2.5432632,-10.2432251,-16.3239441,-2.31048584,1.83125007,1.49812555,0.137315392,-2.08712673,1.11236,-4.251644,-14.2132263,-20.3186951,-3.18417358,-0.129535347,1.58159184,-0.3845738,0.565320432,3.07010865,2.3650322,3.91644382
283,5.6599979946145123,1247,0,1,-1.86057734,0,-3.54093933,-6.32643366,0,-7.20179367,-6.32643366,0,-7.20179367,1,0,0,1,-1.73404872,0.907928467,-3.39690351,0,0,0,-1.8283838,0.9095967,-3.36168861,4.317066,-4.4711,0.538854957,-0.00714478642,0.5295964,-0.307756245,-1.8773694,0.904241443,-3.26353884,7.79313564,-15.887207,-3.56484985,0.23454085,1.82529378,1.2507596,-1.84886682,0.915071368,-3.44637084,-10.8522034,-16.0901489,-0.8457031,-0.256422043,2.00055552,0.141132355,-2.027853,0.9799287,-2.92200756,13.3845587,-16.4848022,-3.72427368,0.830850959,1.69070745,1.00193191,-2.014624,1.00471961,-3.82825255,-5.225067,-17.15802,-1.22891235,-1.09399748,1.605796,-0.2836601,-2.174699,0.8856991,-2.708079,-8.496765,-15.6831055,-2.76864624,1.48200321,1.34664452,0.0302652121,-2.18591237,1.051292,-4.02559376,-14.0672,-20.0682068,-3.55834961,-0.221180424,1.38447022,-0.290480018,0.6136731,3.05402827,2.35045433,3.9023478
284,5.6799979875283446,1252,0,1,-1.89755559,0,-3.52126169,-4.458149,0,-8.011582,-4.458149,0,-8.011582,1,0,0,1,-1.80839264,0.898659945,-3.36103,0,0,0,-1.88143086,0.90049684,-3.33345938,4.30384541,-3.956421,0.436944157,-0.013178058,0.3938889,-0.245801419,-1.94915867,0.889340043,-3.28896022,8.330954,-14.6242981,-2.80542,-0.123436093,1.6534574,1.13515782,-1.90767229,0.8944603,-3.35431838,-11.5175171,-14.8742676,-0.905151367,0.05986111,1.875949,0.210300475,-2.092844,0.950668931,-3.05912733,14.1930561,-15.0395508,-2.8527832,0.507293642,1.57939625,0.8620299,-2.083854,0.9734707,-3.63520765,-6.22384644,-15.9584961,-1.14379883,-0.835448861,1.61120939,-0.184823722,-2.23410368,0.880985737,-2.898463,-7.256653,-14.2618713,-3.2868042,1.0820961,1.46454644,-0.136211276,-2.266486,0.9906796,-3.79364753,-13.99231,-18.7166443,-4.36694336,-0.225914508,1.59402788,-0.3034916,0.6424636,3.04355359,2.351591,3.89948177
285,5.699997980442177,1257,0,1,-1.91228783,0,-3.51328278,-3.50186372,0,-8.692018,-3.50186372,0,-8.692018,1,0,0,1,-1.84225059,0.893444538,-3.33944249,0,0,0,-1.89064646,0.8940957,-3.32431269,4.29790068,-3.51281738,0.337078124,-0.00904271,0.2063442,-0.19075352,-1.96762478,0.879102051,-3.330123,8.369111,-13.1135864,-2.02886963,-0.393861949,1.52707171,0.9128131,-1.9179126,0.8798539,-3.289139,-11.7294922,-13.3538208,-0.926116943,0.298206329,1.7471509,0.215485051,-2.128583,0.910102367,-3.23355842,14.4920006,-13.4122314,-2.00299072,0.0977310538,1.426098,0.734312654,-2.09134173,0.932754934,-3.439258,-6.78781128,-14.3746338,-1.05419922,-0.480172783,1.53568506,-0.0316730142,-2.27293229,0.8713877,-3.13831234,-6.733307,-12.8241882,-3.6736145,0.473387718,1.35188067,-0.1413238,-2.28478813,0.9180726,-3.534563,-13.8695068,-17.426239,-4.628937,-0.3103784,1.50003672,-0.245557576,0.6635713,3.03388715,2.369215,3.906146
286,5.7199979733560085,1263,0,1,-1.94897354,0,-3.4930644,-4.67714262,0,-8.175996,-4.67714262,0,-8.175996,1,0,0,1,-1.85543072,0.891246557,-3.32954454,0,0,0,-1.88010645,0.891367257,-3.32713485,4.29773664,-3.82772827,0.255534977,-0.00582348555,0.0196007639,-0.135776117,-1.96916163,0.870449662,-3.38561344,7.91468,-12.1295776,-1.2961731,-0.680863857,1.36100459,0.6856302,-1.90400577,0.86659807,-3.23145962,-11.4927368,-12.3340454,-0.8959961,0.5647498,1.551382,0.252038956,-2.15276146,0.868936539,-3.43120217,14.2625961,-12.2956848,-1.20684814,-0.323413372,1.30872655,0.5954034,-2.05978823,0.888145447,-3.239252,-6.87268066,-13.3479919,-0.8727417,-0.06790552,1.46994269,0.119620472,-2.31580973,0.8631614,-3.41463423,-7.0302124,-11.804657,-3.94561768,-0.228164449,1.32834578,-0.2407662,-2.23519516,0.8466028,-3.2680366,-13.7944946,-16.2137451,-5.28451538,-0.2749401,1.53170538,-0.2614259,0.6775231,3.034783,2.34309769,3.89346266
287,5.7399979662698408,1268,0,1,-1.96358716,0,-3.484871,-3.465791,0,-8.6800375,-3.465791,0,-8.6800375,1,0,0,1,-1.89427137,0.8861636,-3.31127024,0,0,0,-1.90872335,0.8868184,-3.313189,4.296545,-3.638977,0.28152737,-0.0102891717,0.035085015,-0.0758438855,-2.02844048,0.855531,-3.44194722,7.045429,-11.0251465,-0.7062683,-1.12057328,1.17916179,0.58424294,-1.91115594,0.8436409,-3.13503146,-10.8690491,-11.2094727,-0.854278564,1.00975585,1.33612013,0.3806904,-2.21999574,0.8343184,-3.624824,13.5764151,-11.0159912,-0.5843811,-0.6722809,1.16787755,0.3850317,-2.0224998,0.848008335,-3.01383162,-6.563629,-12.1130066,-0.709960938,0.422480375,1.24441779,0.236439466,-2.390334,0.8580079,-3.68464279,-8.098145,-10.4590149,-4.1647644,-0.8596089,1.312348,-0.338162243,-2.18227649,0.769832,-2.98819947,-13.7013855,-15.0484009,-5.47915649,-0.335441917,1.36886728,-0.195526108,0.689958036,3.02930522,2.34482765,3.892422
288,5.7599979591836732,1273,0,1,-1.98544407,0,-3.47246552,-3.935011,0,-8.581976,-3.935011,0,-8.581976,1,0,0,1,-1.90674388,0.883539736,-3.300826,0,0,0,-1.90904784,0.883300066,-3.30980754,4.30224466,-3.7166748,0.322987974,-0.0061641233,-0.0288240314,-0.0385188051,-2.04911971,0.8493196,-3.4970758,5.73841143,-10.1439819,-0.187408447,-1.42799067,1.07928348,0.4227395,-1.89039671,0.8299705,-3.05927658,-9.77478,-10.3338623,-0.7610779,1.358655,1.18909752,0.4362092,-2.28267574,0.8022123,-3.828112,12.3695116,-10.00293,-0.0479736328,-1.10161793,1.06578612,0.258179545,-1.94745994,0.8043176,-2.7935822,-5.917145,-11.191803,-0.509979248,0.8165106,1.15407872,0.3135867,-2.46762037,0.8557541,-3.97471857,-9.944153,-9.433838,-4.3550415,-1.50385034,1.16334212,-0.44678247,-2.07146668,0.699522853,-2.722009,-13.6530151,-13.8623352,-5.9206543,-0.2988826,1.33770323,-0.19768846,0.7054212,3.028958,2.34175682,3.89307475
289,5.7799979520975056,1278,0,1,-1.99997115,0,-3.464118,-3.58795667,0,-8.813051,-3.58795667,0,-8.813051,1,0,0,1,-1.928212,0.880048633,-3.287857,0,0,0,-1.92398691,0.879969954,-3.300406,4.308764,-3.64437866,0.412934661,-0.00673797168,-0.0361010954,-0.006428619,-2.09010983,0.8459581,-3.54615927,4.05637169,-9.300812,0.227117643,-1.76263285,0.9498068,0.32202363,-1.87545669,0.8187992,-2.97945142,-8.280121,-9.523254,-0.6444702,1.73639011,1.032591,0.503503,-2.35974669,0.7856221,-4.01565,10.7066679,-9.112793,0.356710851,-1.47448874,0.8969371,0.102805018,-1.86667192,0.7760857,-2.58744478,-4.947357,-10.26413,-0.33706665,1.2027,0.991796851,0.361935675,-2.55030251,0.8498777,-4.25860548,-12.8343506,-8.662994,-4.219635,-2.45425177,0.927698,-0.3069526,-1.96429014,0.631777763,-2.46920156,-13.6020508,-12.7948914,-6.051819,-0.3179908,1.24509454,-0.160106629,0.716993153,3.028163,2.34176636,3.8945756
290,5.7999979450113379,1284,0,1,-1.99997115,0,-3.464118,-2.927835,0,-9.281412,-2.927835,0,-9.281412,1,0,0,1,-1.94141448,0.87760967,-3.27848983,0,0,0,-1.93116772,0.8771307,-3.29419327,4.317277,-3.38116455,0.5171447,-0.00623482931,-0.06089772,0.013594483,-2.12673521,0.8497253,-3.59751678,1.971205,-8.340057,0.5834897,-2.07989144,0.845444441,0.231336832,-1.85601223,0.8179,-2.92009783,-6.43847656,-8.612579,-0.5036316,2.01296616,0.9121675,0.530804634,-2.44248,0.806538045,-4.15944672,8.708551,-8.182983,0.68978703,-1.72914267,0.6982877,0.0341668129,-1.77867115,0.7630833,-2.412062,-3.59594727,-9.256744,-0.159332275,1.58595145,0.904083,0.3902433,-2.57840228,0.95996,-4.363685,-13.4604492,-8.218842,-6.009094,-0.249838233,0.097522676,-1.44061065,-1.8387996,0.576714,-2.25386763,-13.59494,-11.2707825,-6.380768,-0.2691384,1.289648,-0.174743369,0.726345956,3.02395725,2.35746574,3.90250444
291,5.8199979379251694,1290,0,1,-1.99997115,0,-3.464118,-2.96970725,0,-9.258476,-2.96970725,0,-9.258476,1,0,0,1,-1.940577,0.877973855,-3.27894855,0,0,0,-1.922676,0.877038836,-3.29864454,4.323175,-3.28753662,0.6110709,-0.007896289,-0.124032468,0.0288167335,-2.124066,0.865085,-3.61896515,-0.318267822,-7.46847534,0.8774532,-2.145317,0.759432137,0.125367641,-1.825759,0.8289894,-2.89654446,-4.339264,-7.80307,-0.339874268,2.15406656,0.8071145,0.492472053,-2.460872,0.8637374,-4.19333458,6.65007,-7.45758057,1.00990772,-1.77436888,0.5671505,0.0418009758,-1.68220723,0.7719609,-2.29435277,-1.86849976,-8.288544,-0.009552002,1.92051983,0.827533,0.399224758,-2.59655142,1.1106931,-4.36107445,-13.4483337,-8.292023,-6.37072754,0.0530913025,-0.12322849,-0.38228938,-1.71612346,0.5355251,-2.09380841,-13.5986023,-9.774689,-6.489868,-0.249167725,1.3244648,-0.1743725,0.7130887,3.02994871,2.33509636,3.89124131
292,5.8399979308390018,1295,0,1,-1.99997115,0,-3.464118,-2.94947743,0,-9.221021,-2.94947743,0,-9.221021,1,0,0,1,-1.94098163,0.8782295,-3.27969766,0,0,0,-1.9186753,0.8776717,-3.30205059,4.32450676,-3.254242,0.717850864,-0.0110683041,-0.106204525,0.0464147367,-2.11784267,0.8823957,-3.60265565,-2.54544067,-6.71459961,1.125806,-2.054371,0.635427654,0.114019871,-1.80538774,0.8444406,-2.891039,-2.13146973,-7.12149048,-0.182495117,2.21965075,0.686819,0.458581328,-2.460515,0.9033967,-4.15806961,4.645346,-6.83062744,1.32746851,-1.73133814,0.4848431,0.0560711622,-1.60421824,0.7999211,-2.24247456,0.113201059,-7.38458252,0.103669107,2.1152432,0.7572315,0.356281757,-2.58810258,1.11425829,-4.33758,-13.2956543,-8.383636,-6.95700073,0.0516615957,-0.1180791,-0.389755666,-1.61251283,0.5199114,-2.0209136,-13.6138611,-8.106964,-6.531891,-0.175921738,1.41240883,-0.210702956,0.715136349,3.029022,2.33855629,3.89297318
293,5.8599979237528341,1299,0,1,-2.014464,0,-3.455711,-3.72427845,0,-8.844809,-3.72427845,0,-8.844809,1,0,0,1,-1.93997836,0.8780639,-3.27881479,0,0,0,-1.91593146,0.8776117,-3.30245781,4.326978,-3.45550537,0.8374845,-0.009606881,-0.116839081,0.0575980879,-2.10553861,0.8963179,-3.56654716,-4.575592,-6.29107666,1.345959,-1.865776,0.546081543,0.12489295,-1.79308259,0.8623029,-2.90875149,0.017036,-6.76831055,-0.06738281,2.14887524,0.6124716,0.385594726,-2.43931222,0.9328344,-4.08816671,2.7499485,-6.51635742,1.62405825,-1.63486814,0.426903665,0.0600568056,-1.55052626,0.8472686,-2.263364,2.17735577,-6.812042,0.156774074,2.162669,0.675302863,0.28497684,-2.5574913,1.09979916,-4.278712,-13.144104,-8.711029,-7.544403,-0.1285355,-0.06243592,-0.301918,-1.54303169,0.6554508,-1.99989915,-13.5624695,-6.837921,-5.60934448,-0.0516448319,1.43849874,1.0093174,0.7299317,3.026745,2.34404755,3.89724827
294,5.8799979166666665,1304,0,1,-2.04334235,0,-3.438713,-4.41241455,0,-8.336655,-4.41241455,0,-8.336655,1,0,0,1,-1.9550941,0.876008034,-3.27198,0,0,0,-1.93497241,0.875625,-3.29289484,4.32799959,-3.724884,0.986418366,-0.0102308691,-0.08653058,0.0566917844,-2.11002374,0.9038732,-3.51604438,-6.305084,-6.211731,1.5199858,-1.6578598,0.4715647,0.168519616,-1.81573522,0.876663446,-2.938548,1.91033113,-6.74292,-0.01574707,1.96902657,0.5589175,0.355590463,-2.41771126,0.949317753,-3.99117279,1.03101873,-6.530426,1.86636865,-1.47518253,0.360097021,0.0349746943,-1.55672359,0.9029513,-2.329479,4.19202232,-6.65869141,0.158290744,2.09770226,0.503058851,0.2201531,-2.523761,1.07424533,-4.18682,-13.0207825,-9.266296,-8.06543,-0.334567577,0.00156031549,-0.194698185,-1.477865,0.757344663,-2.02516317,-11.3259583,-6.503662,-5.7572937,1.82702959,0.6095503,0.05459261,0.745911062,3.03687716,2.33186531,3.90084624
295,5.8999979095804989,1308,0,1,-2.09353542,0,-3.40838766,-5.39602852,0,-7.480982,-5.39602852,0,-7.480982,1,0,0,1,-1.9856149,0.872164249,-3.258768,0,0,0,-1.97369635,0.8717693,-3.274574,4.323984,-4.12130737,1.1488508,-0.0122411372,0.000984937,0.0391173176,-2.12661886,0.9045555,-3.45287275,-7.67715454,-6.56777954,1.64469624,-1.42009938,0.430057,0.219146132,-1.86196947,0.884380043,-2.96571875,3.47326183,-7.13623047,-0.0179138184,1.7630794,0.5305411,0.355796218,-2.3975606,0.9514602,-3.87037253,-0.457855225,-6.975067,2.04322648,-1.269619,0.309206843,-0.00120317936,-1.5892626,0.9328188,-2.400611,6.24924469,-7.064636,0.0998952761,2.04355574,0.363806576,0.148674965,-2.48692417,1.0395298,-4.06288338,-12.9290466,-10.1641846,-8.511078,-0.5241503,0.060288,-0.105547667,-1.45979929,0.791952252,-2.09448624,-8.972076,-6.93710327,-5.884308,2.00478315,0.3135913,0.07101095,0.7710173,3.049291,2.306137,3.90011668
296,5.9199979024943312,1313,0,1,-2.150345,0,-3.37283516,-5.6694293,0,-6.99553776,-5.6694293,0,-6.99553776,1,0,0,1,-2.03695655,0.8649037,-3.23292446,0,0,0,-2.039303,0.8648758,-3.24015522,4.31597137,-4.301819,1.3200438,-0.0101519655,0.130472,0.0038399417,-2.16614819,0.897348464,-3.374459,-8.646301,-7.08935547,1.70459247,-1.17884779,0.4400693,0.2815982,-1.93631363,0.8837534,-2.98064852,4.6490407,-7.65664673,-0.0732727051,1.53916478,0.554756045,0.388163567,-2.38518238,0.937391937,-3.72030473,-1.6451416,-7.58734131,2.13183713,-1.00144184,0.275119722,-0.05690676,-1.65886009,0.9405492,-2.48589134,8.265347,-7.60672,-0.0479125977,1.8754307,0.356837451,0.0645705462,-2.45034122,0.9935839,-3.89865112,-12.8668823,-11.1586609,-8.886169,-0.683490038,0.112581193,-0.0358518958,-1.49885178,0.806625843,-2.186312,-6.50881958,-7.50161743,-6.317505,2.10318661,0.264925,-0.103379011,0.8041819,3.06423736,2.28449249,3.905786
297,5.9399978954081627,1318,0,1,-2.19255924,0,-3.34554672,-4.98444033,0,-7.227233,-4.98444033,0,-7.227233,1,0,0,1,-2.09287047,0.856073141,-3.20100212,0,0,0,-2.108744,0.85623,-3.19987369,4.31000042,-4.03646851,1.45532131,-0.004171917,0.222499222,-0.04615484,-2.20083284,0.882562041,-3.28274751,-9.20813,-7.3364563,1.7118032,-0.863158762,0.5118291,0.3076483,-2.015882,0.8760543,-3.00406027,5.41975641,-7.85452271,-0.171203613,1.231378,0.6319761,0.372674346,-2.363819,0.911614656,-3.54643154,-2.50115967,-7.94442749,2.142546,-0.710029244,0.293756872,-0.09844196,-1.75000167,0.937056,-2.58827877,10.1953831,-7.81781,-0.24105835,1.64895153,0.4622258,0.0237236023,-2.40810013,0.9360144,-3.69944382,-12.8321533,-11.8818359,-9.216461,-0.77317,0.30109176,0.131326258,-1.60584986,0.8304662,-2.28986955,-4.2755127,-7.64614868,-6.175537,1.86517107,0.477309674,0.213737965,0.8410783,3.06930351,2.2867794,3.91885138
298,5.9599978883219951,1323,0,1,-2.26214123,0,-3.29889679,-6.52135849,0,-6.20266438,-6.52135849,0,-6.20266438,1,0,0,1,-2.131714,0.8492091,-3.17484355,0,0,0,-2.15284753,0.8493384,-3.17067552,4.31042862,-4.35958862,1.51093185,0.00196355581,0.202104434,-0.0902748555,-2.19840527,0.8631425,-3.18864226,-9.377808,-7.96737671,1.692087,-0.431286126,0.60162437,0.265163541,-2.08210921,0.8650556,-3.044915,5.837938,-8.405853,-0.241760254,0.8411523,0.713035941,0.316289932,-2.310115,0.881799459,-3.356827,-3.01654053,-8.698669,2.11659169,-0.415256619,0.4309581,-0.0974188149,-1.85835838,0.9186272,-2.72509551,11.6294127,-8.400665,-0.3947754,1.09362578,0.556156337,-0.00470328331,-2.36702633,0.8665763,-3.46284175,-12.7409668,-12.6421814,-9.240692,-0.8041584,0.7347604,0.275614738,-1.73361588,0.8342409,-2.4735043,-2.34326172,-8.210449,-6.296509,1.64422679,0.5167755,0.07353246,0.87244767,3.088336,2.24492645,3.91646266
299,5.9799978812358274,1328,0,1,-2.3239193,0,-3.255672,-6.119361,0,-6.11613035,-6.119361,0,-6.11613035,1,0,0,1,-2.20153213,0.8378155,-3.13334942,0,0,0,-2.23673582,0.839038551,-3.119168,4.303431,-4.31802368,1.57591426,0.00288141146,0.2924764,-0.126826346,-2.24460244,0.841097653,-3.083297,-9.072662,-8.470642,1.59287143,-0.108215958,0.6778948,0.3290856,-2.17967224,0.8503037,-3.037685,5.91457558,-8.815735,-0.331451416,0.625692248,0.7621785,0.360154957,-2.28388977,0.836286545,-3.12471485,-3.044983,-9.227905,2.02291822,0.008447345,0.462433666,-0.09450197,-2.02011347,0.876388,-2.87223172,12.2099485,-8.833862,-0.558441162,0.5044075,0.5874845,-0.08486569,-2.327399,0.790399,-3.170654,-12.6690674,-13.2192993,-9.392853,-0.820815444,0.8051399,0.253370285,-1.94966745,0.8241545,-2.74424863,-1.19927979,-8.607697,-6.438446,0.981204331,0.5437793,-0.07544756,0.9138391,3.09283352,2.227003,3.91921735
300,5.99999787414966,1333,0,1,-2.40500045,0,-3.19624329,-7.24509048,0,-5.20606232,-7.24509048,0,-5.20606232,1,0,0,1,-2.2600987,0.8267731,-3.092122,0,0,0,-2.30277538,0.827842355,-3.07239866,4.300981,-4.60751343,1.58561432,0.00756391138,0.32660386,-0.165285766,-2.26869583,0.816475332,-2.970814,-8.332703,-9.227692,1.48274517,0.306875348,0.7969726,0.359648019,-2.27470851,0.8313631,-3.0584836,5.61625862,-9.480164,-0.386932373,0.238951817,0.8550773,0.333867669,-2.24224758,0.7936152,-2.87606239,-2.58688354,-10.0178528,1.92317879,0.418435931,0.552967,-0.0388265848,-2.19528055,0.8317708,-3.04511476,12.2345581,-9.540039,-0.686401367,0.0270068571,0.660732567,-0.11684496,-2.26388836,0.7079531,-2.85905671,-12.611145,-14.0386658,-9.517731,-0.834064841,0.9060482,0.257025361,-2.17937374,0.814065754,-3.02159858,-0.9723816,-9.328705,-6.62661743,0.244980708,0.599895954,-0.13576141,0.9642093,3.09895754,2.196247,3.91876745
301,6.0199978670634922,1337,0,1,-2.47141075,0,-3.145176,-6.55302048,0,-5.39483,-6.55302048,0,-5.39483,1,0,0,1,-2.34035039,0.8118701,-3.03727937,0,0,0,-2.39448333,0.813724041,-3.00773668,4.29494762,-4.441864,1.59688342,0.009781279,0.412967443,-0.1974004,-2.32386065,0.7924504,-2.8500576,-7.12509155,-9.698425,1.34006131,0.635802746,0.8972857,0.4618631,-2.395545,0.8095655,-3.055404,4.86327934,-9.862488,-0.443084717,-0.0901950747,0.924901,0.347859025,-2.21156359,0.749724865,-2.60702419,-1.57318115,-10.4894409,1.78723073,0.89327395,0.6138769,0.008923948,-2.40315533,0.7794794,-3.20803428,11.6440067,-9.935974,-0.8085327,-0.498398483,0.711164951,-0.193690836,-2.207132,0.6183125,-2.5199585,-12.5643311,-14.4571228,-9.595428,-0.824723,1.0209806,0.263240576,-2.44818616,0.797939241,-3.28884959,-1.68603516,-9.720154,-6.855835,-0.5468419,0.6825091,-0.233319774,1.0152055,3.10134959,2.182352,3.92577028
302,6.0399978599773236,1340,0,1,-2.55611825,0,-3.07672882,-7.69874144,0,-4.50877142,-7.69874144,0,-4.50877142,1,0,0,1,-2.40214348,0.798406363,-2.98655343,0,0,0,-2.45860076,0.7999401,-2.95418382,4.29677343,-4.720764,1.55466318,0.0138733387,0.399080575,-0.223059922,-2.34461713,0.77158314,-2.73358655,-5.52798462,-10.4145508,1.228517,1.034527,1.00333154,0.5058295,-2.49925065,0.7888673,-3.07459927,3.70071387,-10.4973145,-0.462615967,-0.5195537,1.01961184,0.276723623,-2.16109252,0.722918749,-2.351418,-0.0746459961,-11.19693,1.67631507,1.2925396,0.725238562,0.107716322,-2.60210419,0.740055561,-3.371452,10.5247765,-10.5956421,-0.8852539,-0.956380367,0.7971705,-0.225750446,-2.13944364,0.534727,-2.19786239,-12.5276184,-15.0560608,-9.585968,-0.7945125,1.14242923,0.280631065,-2.70794082,0.7896409,-3.53900528,-3.190033,-10.3597717,-7.05001831,-1.22532713,0.761786,-0.352609634,1.06487381,3.11284161,2.142582,3.92611718
303,6.059997852891156,1345,0,1,-2.61999154,0,-3.022523,-6.744805,0,-5.092551,-6.744805,0,-5.092551,1,0,0,1,-2.4850955,0.7805895,-2.920672,0,0,0,-2.56074166,0.787044,-2.87198782,4.29562426,-4.470459,1.523848,0.0118672848,0.485121071,-0.222447976,-2.40180254,0.754927635,-2.61730719,-3.55154419,-10.7643127,1.10972667,1.270284,1.05628753,0.6309568,-2.62120318,0.769276142,-3.0528686,2.12303424,-10.7786865,-0.496948242,-0.792656839,1.05827343,0.267148852,-2.13626051,0.7069274,-2.107657,1.90139294,-11.494873,1.56219614,1.6927948,0.757297158,0.187866569,-2.822372,0.707277536,-3.5005126,8.834131,-10.855011,-0.962615967,-1.44065487,0.8183854,-0.3166424,-2.0964098,0.457970262,-1.89325774,-12.5054626,-15.1638184,-9.433075,-0.7445462,1.19569874,0.3173988,-2.99476337,0.78242147,-3.750101,-5.30593872,-10.5437622,-7.224182,-1.75757837,0.840683,-0.429552317,1.10604513,3.11815381,2.11572647,3.9271512
304,6.0799978458049884,1350,0,1,-2.65149879,0,-2.99492168,-5.468037,0,-6.58421755,-5.468037,0,-6.58421755,1,0,0,1,-2.542138,0.7653956,-2.86323738,0,0,0,-2.61263514,0.7711231,-2.81697655,4.305518,-3.796753,1.44566226,0.0158154219,0.428230882,-0.236050844,-2.42168665,0.745581269,-2.52071524,-1.34829712,-10.4432068,1.060833,1.52903438,1.104069,0.673416555,-2.7158165,0.7556112,-3.05311537,0.235075444,-10.3858643,-0.50479126,-1.13906968,1.12575579,0.173957229,-2.110466,0.716317952,-1.92451763,4.161577,-11.1159668,1.520119,1.91395426,0.82168895,0.305241942,-3.01863527,0.7008589,-3.611581,6.71685743,-10.451416,-0.988952637,-1.81021667,0.8673234,-0.336058974,-2.06835747,0.405153334,-1.66800022,-12.4927368,-14.5869141,-9.082062,-0.6643451,1.18666971,0.357517779,-3.24616146,0.7925538,-3.91674256,-7.71124268,-10.1175842,-7.393982,-1.99886847,0.8534802,-0.530740261,1.14175165,3.11408353,2.11926842,3.93604016
305,6.0999978387188207,1354,0,1,-2.6889236,0,-2.96136618,-6.208911,0,-6.668642,-6.208911,0,-6.668642,1,0,0,1,-2.56474543,0.756488264,-2.82799339,0,0,0,-2.61711431,0.7604174,-2.796704,4.324818,-3.75976563,1.31630623,0.0162583515,0.216870815,-0.217125162,-2.40147352,0.7480462,-2.466102,0.9113342,-10.2223816,1.13302243,1.74185967,1.0667119,0.6328553,-2.77235031,0.7539936,-3.08341122,-1.86199951,-10.0716858,-0.473724365,-1.50454044,1.12110555,0.0330559,-2.08088183,0.7466857,-1.84394538,6.46559429,-10.7875061,1.61916947,1.9289341,0.931236267,0.400146127,-3.16881251,0.721709669,-3.71997261,4.30224276,-10.1497192,-0.942962646,-2.07573724,0.880884051,-0.310296059,-2.03675056,0.3956192,-1.60549355,-12.5081177,-13.4414368,-9.045837,-0.376232475,1.8756007,-0.143077463,-3.43439317,0.823644757,-4.05616236,-10.1034851,-9.848419,-7.65475464,-1.99684,0.8086952,-0.5368736,1.15612912,3.11769938,2.0914402,3.92820644
306,6.1199978316326531,1359,0,1,-2.71363759,0,-2.938736,-5.721762,0,-7.388237,-5.721762,0,-7.388237,1,0,0,1,-2.59920239,0.74669534,-2.79097128,0,0,0,-2.63971424,0.750615656,-2.768472,4.33515167,-3.62808228,1.2357285,0.009285815,0.116501845,-0.182138428,-2.42527723,0.752612,-2.44607663,3.110712,-9.873169,1.23764336,1.65496433,0.969957232,0.6327331,-2.83040786,0.7561778,-3.073024,-4.157776,-9.670715,-0.444152832,-1.63698888,0.99421984,0.0132780075,-2.08140135,0.7790412,-1.87956238,8.628051,-10.0378723,1.66491413,1.83042848,1.00353169,0.308942318,-3.29573464,0.7598745,-3.76577783,1.64775026,-9.812683,-0.88974,-2.27687359,0.6893516,-0.328575134,-2.04739714,0.418947339,-1.67292941,-12.4424438,-11.2958374,-9.063782,-0.1376894,2.25454664,-0.290281653,-3.55449367,0.87371397,-4.11660433,-11.9912109,-9.804596,-8.051514,-1.602732,0.388764977,-0.5789727,1.171449,3.1225543,2.0792942,3.930153
307,6.1399978245464846,1364,0,1,-2.74426246,0,-2.91015816,-6.147721,0,-7.26608324,-6.147721,0,-7.26608324,1,0,0,1,-2.621308,0.7398282,-2.76483655,0,0,0,-2.64772415,0.7426709,-2.75312257,4.34332132,-3.788208,1.17812407,0.004003264,0.0195471272,-0.146921247,-2.44239545,0.756523967,-2.473957,5.01670027,-9.693787,1.2998302,1.43098533,0.8881483,0.5055859,-2.85894847,0.76368475,-3.05752563,-6.491852,-9.509979,-0.4165039,-1.67206979,0.8844759,-0.0181334019,-2.11298037,0.8160635,-2.00638866,10.4709377,-9.511017,1.65660155,1.588805,0.921993,0.21196115,-3.35268235,0.822579741,-3.74073648,-1.00500488,-9.771362,-0.81729126,-2.27319384,0.544282258,-0.2904954,-2.08445168,0.621723533,-1.78888214,-12.2699585,-9.75177,-7.759735,-0.03952384,2.03611946,1.18174243,-3.58271027,1.01364326,-4.04134369,-12.3951111,-10.3220825,-8.54949951,-0.32089138,-0.001643151,-0.325373828,1.19478762,3.12210226,2.06864548,3.9312
308,6.1599978174603169,1369,0,1,-2.77458525,0,-2.88126278,-6.00347757,0,-7.13775444,-6.00347757,0,-7.13775444,1,0,0,1,-2.65451574,0.7327131,-2.73850775,0,0,0,-2.673255,0.7355306,-2.731104,4.33938742,-3.91363525,1.17696226,-0.00564758852,-0.00121624023,-0.117223367,-2.50604653,0.75195384,-2.52428818,6.494236,-9.6026,1.2848388,0.9949608,0.783103764,0.428305566,-2.87236571,0.765297055,-2.99633527,-8.667358,-9.499298,-0.414001465,-1.43933678,0.768352866,0.0209008455,-2.205377,0.8386371,-2.15506,12.0042858,-9.312256,1.558179,1.36158466,0.6346258,0.09716892,-3.352198,0.867714763,-3.6402545,-3.53189087,-9.869446,-0.7442932,-2.16080666,0.423664182,-0.284735441,-2.0895648,0.724997759,-1.94432938,-9.877747,-9.463745,-7.95245361,1.86857593,0.721138358,0.0487966537,-3.56182742,1.05295134,-3.9362824,-12.3668823,-10.9237671,-8.759338,-0.0462224633,-0.025532499,-0.0985859558,1.23062563,3.11819148,2.070692,3.94021869
309,6.1799978103741493,1373,0,1,-2.81057286,0,-2.846169,-6.16328955,0,-6.68652344,-6.16328955,0,-6.68652344,1,0,0,1,-2.68730712,0.7256439,-2.71243858,0,0,0,-2.70096517,0.728395939,-2.70826483,4.32889,-4.11325073,1.20675969,-0.0100269057,-0.00739325257,-0.100656368,-2.570463,0.7413064,-2.56656766,7.544069,-9.695435,1.204144,0.604157269,0.7045385,0.358981133,-2.87119722,0.75903964,-2.92292547,-10.5538025,-9.702484,-0.439971924,-1.11981726,0.7010313,0.04851973,-2.29553866,0.8286638,-2.29264188,13.2760677,-9.449799,1.36910415,1.12962246,0.51484257,-0.01876688,-3.30958915,0.8721654,-3.50719714,-5.827545,-10.0559387,-0.7341919,-1.94817793,0.488368452,-0.300963163,-2.16141987,0.7366133,-2.12775731,-8.018311,-9.612335,-8.11895752,1.56554937,0.484245181,0.0353293419,-3.51587844,0.975618839,-3.74324131,-11.2413025,-11.0073853,-9.104004,0.2175577,0.54774785,-0.0846982,1.23677385,3.12358212,2.03519249,3.92789817
310,6.1999978032879817,1378,0,1,-2.8284,0,-2.828454,-5.18887234,0,-7.43069935,-5.18887234,0,-7.43069935,1,0,0,1,-2.72462249,0.7167759,-2.67984,0,0,0,-2.73765039,0.7197751,-2.67518353,4.319565,-3.83642578,1.2658118,-0.007928889,0.0183367357,-0.09542638,-2.64800262,0.723852,-2.60113168,8.192666,-9.456604,1.05884421,0.190620825,0.662782967,0.311818272,-2.86713457,0.7406596,-2.81781,-12.0379028,-9.567902,-0.474823,-0.680007935,0.7084402,0.1317386,-2.412077,0.799236059,-2.435104,14.2095089,-9.247589,1.0961988,0.842546,0.51650846,-0.126259685,-3.26095748,0.858412147,-3.29490256,-7.770935,-9.88092,-0.714172363,-1.52238643,0.4324361,-0.207482815,-2.29383159,0.732637048,-2.31732321,-6.67449951,-9.369446,-8.288361,1.12582946,0.502805054,-0.0158399343,-3.42739081,0.9186958,-3.52564263,-10.4402771,-11.1896057,-11.04541,0.101269424,0.0921447,-0.6313511,1.25169182,3.12302041,2.0294857,3.929224
311,6.219997796201814,1383,0,1,-2.84022236,0,-2.81658316,-5.098762,0,-7.898179,-5.098762,0,-7.898179,1,0,0,1,-2.73824716,0.711238,-2.65861964,0,0,0,-2.74409246,0.713349164,-2.66206431,4.3245163,-3.63394165,1.29141712,0.00237458944,-0.07177957,-0.09533316,-2.692042,0.7084983,-2.646402,8.370479,-9.068848,0.919426262,-0.151646316,0.6454848,0.200176656,-2.82695627,0.720594347,-2.73639774,-12.959198,-9.280365,-0.5125122,-0.265583932,0.6861489,0.132705837,-2.534877,0.7580466,-2.60212,14.67438,-8.851349,0.840991557,0.4305831,0.577923238,-0.168995559,-3.14751673,0.7990431,-3.13952351,-9.346924,-9.417877,-0.76763916,-0.982074738,0.6363201,-0.227162063,-2.46449924,0.721335053,-2.54116178,-6.00964355,-8.801636,-8.477112,0.5430969,0.6474287,-0.103998721,-3.376523,0.697267354,-3.38630414,-11.03244,-9.838257,-11.2680969,-0.204332352,1.5719893,1.54597187,1.27812541,3.11836529,2.04161835,3.94030619
312,6.2399977891156464,1388,0,1,-2.86371756,0,-2.79269028,-5.838361,0,-7.47285175,-5.838361,0,-7.47285175,1,0,0,1,-2.74695039,0.7072547,-2.6432333,0,0,0,-2.741129,0.7078018,-2.65790868,4.337891,-3.850891,1.31270373,0.009403743,-0.19143036,-0.09094858,-2.74027276,0.6926571,-2.69638729,8.067441,-8.969971,0.791113257,-0.5409863,0.569795,0.120433688,-2.768007,0.698289156,-2.66877818,-13.349823,-9.241333,-0.641571045,0.18283838,0.633309364,0.087537244,-2.68458962,0.7092289,-2.77757215,14.6200409,-8.73233,0.6160279,-0.0227307379,0.5381557,-0.206952959,-3.00361276,0.7706635,-2.96984029,-11.1235046,-9.158234,-0.9136963,-0.715813339,0.6042887,-0.218806565,-2.66506433,0.698802233,-2.788467,-6.06506348,-8.48349,-9.123932,-0.04709232,0.590062737,-0.488644421,-3.25979924,0.7862308,-3.146011,-11.77887,-8.945801,-9.945892,-0.385679722,1.18834114,1.247305,1.28048825,3.12215328,2.01687241,3.93131852
313,6.2599977820294779,1393,0,1,-2.8812077,0,-2.77464247,-1.487804,0,-1.166213,-1.487804,0,-1.166213,1,0,0,1,-2.85145164,0.555111,-2.75131822,0,0,0,-2.845004,0.5634588,-2.73110461,4.090436,-3.64862061,1.35298276,-0.1527074,0.006512016,-0.11615923,-2.88389659,0.538350463,-2.824657,7.831085,-8.552765,0.5885167,-0.6631322,0.739633143,0.13212049,-2.77991319,0.5118494,-2.63254428,-12.9124756,-8.868011,-0.897644043,0.9547585,0.8005932,0.157765567,-2.835581,0.555025339,-2.93219829,14.3682051,-8.399902,0.399241477,-0.134699121,0.6371213,-0.233735338,-2.89002824,0.5899839,-2.778503,-12.7666016,-8.768188,-1.10565186,-0.366054177,0.613236666,-0.214090809,-2.878457,0.621861756,-3.00737333,-7.78604126,-8.210297,-8.985413,-1.51715779,0.7045528,-0.141807675,-3.121302,0.757129967,-2.95507264,-13.1054993,-8.629181,-8.7734375,-1.50125635,0.8667865,0.8061403,1.289418,3.12327933,2.00529861,3.92921042
314,6.27999777494331,1397,0,1,-2.892804,0,-2.76255035,-0.7412556,0,0.780999959,0,0,0,0,0,0,1,-2.8779788,0.36584428,-2.77817035,0,0,0,-2.8493135,0.371347666,-2.71019936,3.733077,-3.33651733,1.29120982,-0.2783546,0.08249922,-0.1723232,-2.9631896,0.342640221,-2.88536119,7.322453,-7.875305,0.5355433,-0.8740311,0.838824034,0.152549148,-2.740806,0.298940122,-2.5607307,-11.7216492,-8.184662,-1.09921265,1.480324,0.91965735,0.2223053,-2.96088552,0.350154,-2.99139762,14.0252142,-7.81106567,0.293564141,-0.262006164,0.712111354,-0.134341434,-2.71559358,0.316606343,-2.51294255,-13.6888733,-8.104462,-1.32592773,0.374649674,0.7441136,-0.117619693,-2.99258041,0.431215078,-3.060428,-9.498322,-7.64260864,-11.1644592,-1.37711143,0.534240365,-1.98690939,-2.88859868,0.462419927,-2.62053275,-14.5223389,-8.086243,-7.88705444,-1.30072975,0.909869432,0.585302353,1.30172431,3.12297344,2.00369644,3.93220663
315,6.2999977678571426,1402,0,1,-2.91010356,0,-2.74432135,-1.80664134,0,1.60273373,0,0,0,0,0,0,1,-2.87397075,0.178801671,-2.776376,0,0,0,-2.82982516,0.1835803,-2.69307685,3.26316237,-3.35580444,1.16767311,-0.3860343,0.0263098143,-0.19086805,-3.00813484,0.149064735,-2.9341805,6.3623805,-7.31835938,0.563986957,-1.186795,0.8137983,0.09618056,-2.67904854,0.1033595,-2.502777,-9.986145,-7.57675171,-1.26290894,1.8462379,0.9007789,0.2254802,-3.08068085,0.163525358,-3.029155,13.5650072,-7.518524,0.37989977,-0.3840158,0.476573884,-0.00477579236,-2.52186441,0.05584228,-2.26188946,-13.7831421,-7.476227,-1.487854,1.16810417,0.8175897,0.0290035009,-3.06095052,0.299417078,-2.99709487,-8.104431,-8.487091,-13.0847473,1.39500225,-0.5822955,-1.51316345,-2.62576246,0.100538671,-2.240999,-15.1891785,-7.47991943,-7.15139771,-0.469475865,1.02378869,0.6068734,1.33001435,3.127138,2.010826,3.94858861
316,6.319997760770975,1405,0,1,-2.95002317,0,-2.70136261,-4.071559,0,3.54654932,0,0,0,0,0,0,1,-2.868592,-0.00640762132,-2.77229357,0,0,0,-2.81638312,-0.00126334094,-2.6792686,2.72386265,-3.90652466,1.04787552,-0.456934959,-0.00509492867,-0.195593476,-3.045108,-0.0367504768,-2.94775748,5.17742,-7.36706543,0.687027454,-1.402627,0.6923084,0.152752519,-2.62486839,-0.08282575,-2.45026135,-7.852997,-7.53869629,-1.37982178,2.183167,0.8092047,0.289504528,-3.197276,-0.0525874943,-3.07044458,12.9062176,-7.926941,0.560222566,-0.5933398,0.294385254,0.0481465459,-2.3379972,-0.174326181,-2.0344944,-13.0022583,-7.37265,-1.571106,1.90892386,0.7816442,0.1700294,-3.14784455,-0.111869089,-3.05325222,-4.20214844,-10.3939819,-15.3851013,3.56634855,-1.03113019,-1.2777,-2.36119056,-0.238893747,-1.88984537,-14.8096924,-7.31182861,-6.467285,0.473317116,1.03355074,0.6883328,1.355124,3.12873244,1.98774147,3.94670033
317,6.3399977536848073,1411,0,1,-2.97814941,0,-2.67032385,-5.92977047,0,4.7828455,0,0,0,0,0,0,1,-2.859554,-0.196656063,-2.76598072,0,0,0,-2.812208,-0.189452365,-2.66095567,2.14806676,-3.894287,0.9586618,-0.495835245,0.10352046,-0.221117079,-3.05560184,-0.223365009,-2.94786978,4.03781652,-7.312378,0.761871338,-1.52356672,0.6158313,0.18661809,-2.57702017,-0.267227441,-2.38867831,-5.48516846,-7.39563,-1.46072388,2.52449465,0.7467753,0.445011616,-3.26143956,-0.322156429,-3.24989772,11.7363129,-7.4725647,0.5907084,-1.07354307,0.9624194,-0.136847854,-2.16995621,-0.373068541,-1.83353055,-11.4256287,-7.15994263,-1.59613037,2.50899982,0.673911452,0.277358055,-3.47797465,-0.700233459,-3.32429028,-3.0423584,-8.12088,-11.645813,3.14038372,1.6933043,0.927587032,-2.10145473,-0.5302691,-1.59042156,-13.4200134,-7.01205444,-5.79992676,1.322209,0.917363,0.7511495,1.35481679,3.13370228,1.95368767,3.93351173
318,6.3599977465986388,1417,0,1,-2.98930764,0,-2.65782642,-7.007435,0,4.95516253,0,0,0,0,0,0,1,-2.849159,-0.393329442,-2.75692964,0,0,0,-2.80496073,-0.3879139,-2.64905286,1.57111776,-3.48458862,0.8287158,-0.5028387,0.1660259,-0.233505249,-3.08629775,-0.4183107,-2.99090552,2.57907486,-6.764282,0.7446288,-1.80715561,0.7492824,0.0780561,-2.54616547,-0.445143133,-2.35441947,-2.94689941,-6.82675171,-1.47995,2.62664366,0.7918524,0.4899199,-3.40611672,-0.50000453,-3.400589,10.0074034,-6.662201,0.5884369,-1.46731257,0.8591005,-0.17777288,-2.02783227,-0.556132138,-1.67290974,-9.053131,-6.60516357,-1.55145264,3.05814219,0.6828617,0.386193752,-3.63333273,-0.6704737,-3.493306,-1.56506348,-6.789276,-9.755707,0.9247725,1.29036808,1.89010072,-1.86429107,-0.7867992,-1.3332634,-11.1348267,-6.47354126,-5.12805176,2.064106,0.81540066,0.806983948,1.37724757,3.135864,1.961834,3.94705534
319,6.3799977395124712,1422,0,1,-3.00594783,0,-2.63899183,-8.323136,0,5.36128473,0,0,0,0,0,0,1,-2.83948517,-0.589416,-2.74621749,0,0,0,-2.79407024,-0.5869298,-2.64576554,1.01431,-3.449707,0.668718755,-0.4903369,0.113790363,-0.211807579,-3.08491421,-0.6058344,-2.996188,0.914061844,-6.24057,0.7232035,-1.82558191,0.8084471,-0.0302472115,-2.53498077,-0.6164513,-2.356043,-0.340271,-6.31393433,-1.41220093,2.519683,0.8035144,0.444767475,-3.50207257,-0.6729956,-3.480443,7.93439531,-6.132904,0.6176602,-1.7873193,0.774684,-0.174312592,-1.921347,-0.7114838,-1.567956,-5.910553,-6.146637,-1.41567993,3.52001286,0.7186848,0.4883151,-3.77843714,-0.745485544,-3.66380835,-1.17483521,-6.212158,-8.134308,-0.08071554,0.85747385,1.4423368,-1.663941,-1.00194073,-1.12083936,-7.969208,-6.05670166,-4.4486084,2.79165244,0.791667342,0.871819258,1.37238455,3.1388495,1.93694687,3.935426
320,6.3999977324263035,1427,0,1,-3.01146817,0,-2.63269043,-9.106818,0,5.13397646,0,0,0,0,0,0,1,-2.82933187,-0.785677,-2.73537,0,0,0,-2.78686929,-0.784336865,-2.64082837,0.489336461,-3.2071228,0.539408863,-0.4671331,0.118187353,-0.18317315,-3.082626,-0.7916502,-2.98502159,-0.8100281,-5.529236,0.6818488,-1.827981,0.7621388,-0.0539107323,-2.5374856,-0.789491236,-2.36487722,2.15610647,-5.621704,-1.28088379,2.37595558,0.7515647,0.451047659,-3.5496347,-0.8416911,-3.51746488,5.66835642,-5.44235229,0.5936902,-1.94586062,0.716257334,-0.217964888,-1.85789633,-0.8391876,-1.519826,-2.170288,-5.48828125,-1.21875,3.77485919,0.677583754,0.5388994,-3.85646486,-0.857002258,-3.75317073,-1.57171631,-5.51895142,-6.825012,-0.668932855,0.75110364,1.0951941,-1.50948453,-1.15689182,-0.9816075,-4.023346,-5.38565063,-3.76907349,3.39651322,0.751810253,0.9097645,1.37807262,3.1394732,1.9356575,3.93727636
321,6.4199977253401359,1432,0,1,-3.01146817,0,-2.63269043,-9.594956,0,4.557862,0,0,0,0,0,0,1,-2.819569,-0.9818999,-2.72384763,0,0,0,-2.778697,-0.981701434,-2.63933825,0.00372681324,-2.90649414,0.4098156,-0.434780419,0.264141828,-0.1552374,-3.054233,-0.9775136,-2.95916533,-2.504364,-4.724121,0.6243962,-1.6844151,0.7038619,-0.106970072,-2.55832958,-0.9668753,-2.39771366,4.45189428,-4.84689331,-1.08041382,2.08800149,0.6811003,0.407258272,-3.545988,-1.0024147,-3.50225163,3.34415054,-4.6703186,0.5497396,-1.99290383,0.6865268,-0.2159791,-1.842147,-0.9557546,-1.52696931,2.02792621,-4.76730347,-0.9518738,3.88115931,0.6261186,0.568872452,-3.869351,-0.9705885,-3.75756955,-2.48092651,-4.757324,-5.755127,-1.0368818,0.709625363,0.8558489,-1.409631,-1.263439,-0.91833216,0.5157015,-4.669342,-3.06814575,3.824112,0.6481698,0.9189017,1.3777808,3.13965583,1.9353714,3.93717933
322,6.4399977182539683,1437,0,1,-3.01146817,0,-2.63269043,-10.0770512,0,3.97896934,0,0,0,0,0,0,1,-2.80992723,-1.17747593,-2.71226978,0,0,0,-2.771528,-1.1782614,-2.63802314,-0.437927246,-2.55593872,0.289604217,-0.3981999,0.310658425,-0.126804441,-3.01326156,-1.16555607,-2.91859126,-4.044464,-3.969696,0.5424839,-1.42859936,0.6657785,-0.153045058,-2.59210062,-1.15135074,-2.440348,6.434289,-4.12698364,-0.8310547,1.70787573,0.642613947,0.343245268,-3.48757672,-1.16196179,-3.432826,1.14032388,-3.94049072,0.480890363,-1.88698351,0.6475964,-0.20269227,-1.87454975,-1.07239521,-1.59075677,6.490828,-4.097473,-0.646636963,3.80007982,0.5689324,0.5515237,-3.80665064,-1.09340453,-3.68125916,-3.68600464,-4.020813,-4.8833313,-1.2182945,0.6898089,0.6804285,-1.37462282,-1.33793187,-0.936566353,5.44766951,-4.00692749,-2.37265015,4.079567,0.5550663,0.878315449,1.39375365,3.1466167,1.95078659,3.95592141
323,6.4599977111678,1442,0,1,-3.01146817,0,-2.63269043,-10.5592289,0,3.41323757,0,0,0,0,0,0,1,-2.80028367,-1.37165022,-2.70095515,0,0,0,-2.76596832,-1.37319481,-2.63555932,-0.8320923,-2.18725586,0.188866585,-0.3589543,0.330077,-0.09926376,-2.96445274,-1.35665131,-2.86520433,-5.309967,-3.27401733,0.436523259,-1.10968792,0.616875768,-0.162852287,-2.63436079,-1.342849,-2.48667026,8.011721,-3.46035767,-0.5614929,1.292444,0.603488564,0.292410016,-3.38010621,-1.3307116,-3.313776,-0.766723633,-3.26263428,0.3819688,-1.62986231,0.5985671,-0.187939644,-1.95098126,-1.20338857,-1.702607,11.0018969,-3.46218872,-0.335968018,3.53100681,0.5224361,0.4954517,-3.66739678,-1.2420646,-3.532705,-4.979065,-3.32568359,-4.18539429,-1.208113,0.654487669,0.5395353,-1.409879,-1.40141547,-1.03680682,10.5387373,-3.373108,-1.71105957,4.13433933,0.483975738,0.792531,1.37606871,3.13934731,1.93371391,3.9355197
324,6.4799977040816321,1445,0,1,-3.01146817,0,-2.63269043,-11.03739,0,2.85751939,0,0,0,0,0,0,1,-2.79072046,-1.56387353,-2.68984079,0,0,0,-2.76091623,-1.56593573,-2.63268161,-1.17947388,-1.81277466,0.1059145,-0.31937325,0.338803053,-0.0746904,-2.906124,-1.55113316,-2.802584,-6.20916748,-2.63082886,0.31940347,-0.72725296,0.5699419,-0.159485579,-2.68275928,-1.54048371,-2.538463,9.131587,-2.835266,-0.290802,0.838676631,0.569881737,0.237267971,-3.2288003,-1.51352084,-3.15207386,-2.241516,-2.63812256,0.267848432,-1.03032088,0.550647259,-0.1481837,-2.06514287,-1.35884511,-1.85238123,15.3625774,-2.84579468,-0.0343017578,3.10922074,0.490280032,0.4244213,-3.465195,-1.42705023,-3.32466626,-6.16513062,-2.69247437,-3.62768555,-1.02153409,0.60301733,0.437534928,-1.51316786,-1.47750783,-1.20767856,15.558136,-2.757782,-1.09909058,4.0017786,0.43237558,0.6827035,1.388904,3.146684,1.94608116,3.9519496
325,6.4999976969954645,1449,0,1,-3.01146817,0,-2.63269043,-11.5362329,0,2.28815174,0,0,0,0,0,0,1,-2.7807436,-1.753811,-2.67845345,0,0,0,-2.75585628,-1.75597215,-2.62922978,-1.48129272,-1.43930054,0.03873068,-0.280360937,0.3418525,-0.05335042,-2.82784319,-1.74983788,-2.72202229,-6.58905029,-2.0329895,0.203096241,-0.213931873,0.528633237,-0.145351917,-2.69565725,-1.73357868,-2.55552077,10.0659428,-2.24588013,-0.0340271,0.6331327,0.5395716,0.192186713,-3.04346538,-1.71728671,-2.9602294,-3.64007568,-2.0625,0.152059644,-0.6056255,0.5070677,-0.118482351,-2.206065,-1.56202328,-2.02704024,17.8198986,-2.23742676,0.240014076,1.88478422,0.471422285,0.310475349,-3.25126958,-1.63117754,-3.10699487,-7.36282349,-2.11782837,-3.17437744,-0.97130847,0.552880764,0.358209252,-1.82066023,-1.58928716,-1.57403123,19.2199211,-2.149292,-0.5513611,2.682299,0.408563972,0.511087656,1.37813151,3.14093471,1.93569565,3.93848133
326,6.5199976899092968,1454,0,1,-3.01146817,0,-2.63269043,-12.10882,0,1.65748656,0,0,0,0,0,0,1,-2.76929188,-1.94091284,-2.66584015,0,0,0,-2.74981642,-1.94306087,-2.62403464,-1.73635864,-1.06869507,-0.0138549805,-0.240403891,0.342832834,-0.03412035,-2.74084973,-1.94922948,-2.63544488,-6.373413,-1.47445679,0.09754379,0.341682076,0.492906034,-0.129403353,-2.723906,-1.930042,-2.58889413,10.7434206,-1.67831421,0.196068823,0.3057403,0.5177894,0.135111958,-2.84818125,-1.92904353,-2.76292586,-4.833191,-1.523468,0.0476341061,-0.27552563,0.4727275,-0.0920200646,-2.40509844,-1.80855119,-2.2539432,19.1748676,-1.64489746,0.480572969,1.15849531,0.457608,0.230324864,-3.0287838,-1.85073388,-2.88226557,-8.436676,-1.58428955,-2.79721069,-0.832722366,0.5169757,0.3059976,-2.186206,-1.81587863,-1.98335934,21.7063389,-1.552063,-0.0797119141,1.60818791,0.398703545,0.372259736,1.37480509,3.1388905,1.9324913,3.934113
327,6.5399976828231292,1459,0,1,-3.01146817,0,-2.63269043,-12.7267647,0,0.992179334,0,0,0,0,0,0,1,-2.756933,-2.1263237,-2.652534,0,0,0,-2.74221754,-2.12810349,-2.61797643,-1.94720459,-0.711883545,-0.05581665,-0.202334449,0.3329434,-0.0191112757,-2.66210175,-2.14475918,-2.55979347,-5.63919067,-0.964996338,0.0136033287,0.81460315,0.449133515,-0.11451304,-2.77535272,-2.13304615,-2.64474034,10.9421387,-1.14199829,0.388492346,-0.184253886,0.484290332,0.06999718,-2.65247846,-2.1397543,-2.569498,-5.52886963,-1.02301025,-0.03164673,0.24183321,0.436502039,-0.0554190874,-2.63519645,-2.07757282,-2.503121,19.662323,-1.08233643,0.673961,0.4205435,0.4395113,0.156231254,-2.77931428,-2.09174585,-2.63492632,-9.118652,-1.083435,-2.47000122,-0.4584046,0.485231549,0.281809449,-2.54606962,-2.08161759,-2.37320375,23.1979141,-0.9761658,0.307184279,0.743805,0.392022967,0.25965786,1.3894316,3.15021873,1.94655991,3.95518565
328,6.5599976757369616,1464,0,1,-3.01146817,0,-2.63269043,-13.3516006,0,0.332260251,0,0,0,0,0,0,1,-2.74443626,-2.31080437,-2.63933563,0,0,0,-2.73365951,-2.312117,-2.611401,-2.118805,-0.3816223,-0.08886719,-0.167865083,0.310568243,-0.007243365,-2.592106,-2.3347826,-2.49449658,-4.470093,-0.5169983,-0.04168701,1.2087419,0.39588052,-0.0982646942,-2.8335588,-2.33762169,-2.70532775,10.579278,-0.6542053,0.532668054,-0.7078474,0.4357501,0.009231508,-2.45888376,-2.34697485,-2.38204718,-5.66784668,-0.5745239,-0.0773010254,0.8041116,0.3903864,-0.0179066658,-2.866825,-2.35286927,-2.74440241,19.33635,-0.573699951,0.805640936,-0.278471529,0.408152819,0.08870119,-2.517509,-2.343384,-2.38229,-9.287384,-0.627838135,-2.16958618,0.0244644433,0.44205752,0.2727707,-2.89588571,-2.35878468,-2.74015427,23.729866,-0.4512024,0.5960744,-0.07865393,0.372456044,0.160032272,1.37577987,3.139819,1.93342972,3.93565536
329,6.5799976686507931,1469,0,1,-3.01146817,0,-2.63269043,-13.9666967,0,-0.3052832,0,0,0,0,0,0,1,-2.73213434,-2.49514961,-2.62658477,0,0,0,-2.724511,-2.49598742,-2.60457563,-2.25622559,-0.0886535645,-0.113952637,-0.13784425,0.2773545,0.001574859,-2.53250122,-2.51895881,-2.43980551,-2.949463,-0.141235352,-0.06472778,1.520316,0.334788859,-0.07943416,-2.88823128,-2.53879929,-2.760442,9.674202,-0.232757568,0.6223248,-1.18722558,0.373168528,-0.0410790443,-2.27578735,-2.54475,-2.20839667,-5.189575,-0.1925354,-0.0848999,1.36800873,0.332942158,0.01438427,-3.084476,-2.617643,-2.96274614,18.2723274,-0.1416626,0.8674741,-0.914796352,0.3604958,0.02915585,-2.255743,-2.59386063,-2.13778043,-8.8359375,-0.234619141,-1.87869263,0.5851942,0.3840165,0.2700381,-3.2231257,-2.624591,-3.07285976,23.3486767,-0.009521484,0.7769529,-0.84857595,0.333686769,0.07264531,1.37871742,3.14262414,1.93625069,3.94030643
330,6.5999976615646254,1475,0,1,-3.01146817,0,-2.63269043,-14.5641146,0,-0.9144906,0,0,0,0,0,0,1,-2.720186,-2.680012,-2.61440063,0,0,0,-2.71494365,-2.68044233,-2.597614,-2.364502,0.158066392,-0.132385254,-0.112148926,0.235213622,0.00738920271,-2.48551941,-2.69793773,-2.39733362,-1.17147827,0.153816283,-0.0556640625,1.7381773,0.267441243,-0.05989766,-2.93368,-2.73334646,-2.80526924,8.300682,0.107031763,0.6572177,-1.582197,0.2989757,-0.0786113739,-2.112216,-2.728991,-2.05632329,-4.065216,0.111538604,-0.05596924,1.8961848,0.2653238,0.0387482643,-3.27634382,-2.85779977,-3.14809132,16.57458,0.197433129,0.8612976,-1.46164274,0.296855778,-0.0192987919,-2.00620675,-2.83238983,-1.91287541,-7.701996,0.08275809,-1.58901978,1.1836766,0.312216043,0.2653116,-3.51284,-2.85784054,-3.35826159,22.13476,0.327169448,0.851632,-1.5396558,0.2763256,0.00116121769,1.37602782,3.140313,1.93366623,3.93625236
331,6.6199976544784578,1480,0,1,-3.01146817,0,-2.63269043,-15.13812,0,-1.49257243,0,0,0,0,0,0,1,-2.708706,-2.86576056,-2.602839,0,0,0,-2.70509768,-2.8658905,-2.59068251,-2.44821167,0.351216048,-0.145385742,-0.09046146,0.185531721,0.0105902106,-2.45298553,-2.87335825,-2.36833572,0.7600071,0.3628426,-0.0192565918,1.85393369,0.195643738,-0.04102826,-2.96607947,-2.91995263,-2.8370297,6.563886,0.35440895,0.643746436,-1.86895406,0.21664682,-0.102261543,-1.97668779,-2.89772439,-1.93291867,-2.30490112,0.330745578,0.00191489491,2.35462046,0.190648809,0.05295849,-3.43171716,-3.065542,-3.292537,14.3753119,0.435572952,0.799189746,-1.89480412,0.220346451,-0.0540788174,-1.78119826,-3.04949236,-1.71746075,-5.870575,0.3156969,-1.30096436,1.777188,0.230859026,0.253811121,-3.74977756,-3.04637933,-3.58413935,20.1984577,0.55124265,0.8362802,-2.126072,0.204462618,-0.04969001,1.394851,3.16035914,1.95174789,3.96771955
332,6.63999764739229,1484,0,1,-3.01146817,0,-2.63269043,-15.6837645,0,-2.0375855,0,0,0,0,0,0,1,-2.697793,-3.05241323,-2.59193873,0,0,0,-2.69511437,-3.05230975,-2.58389926,-2.51190186,0.4852063,-0.154205322,-0.07250245,0.129906,0.0114207938,-2.43586,-3.047504,-2.35324264,2.73714447,0.484816343,0.0360187925,1.86514235,0.122007042,-0.023368597,-2.982699,-3.09915924,-2.85393953,4.587087,0.5050153,0.5938763,-2.033646,0.130919218,-0.111857653,-1.87656128,-3.051902,-1.84372413,0.0427161045,0.464477,0.07720245,2.71395826,0.11342781,0.05622554,-3.54113436,-3.24051571,-3.38974023,11.826746,0.573046446,0.6999694,-2.19610834,0.136567026,-0.0735487938,-1.59273183,-3.239045,-1.56049275,-3.373413,0.4633734,-1.02105713,2.32490563,0.145192757,0.232113361,-3.919788,-3.18981862,-3.74054933,17.6740417,0.667699456,0.757142961,-2.5853,0.124649473,-0.07864332,1.37578368,3.14032865,1.93342972,3.93606353
333,6.6599976403061225,1489,0,1,-3.01146817,0,-2.63269043,-16.1975212,0,-2.548028,0,0,0,0,0,0,1,-2.687518,-3.23963475,-2.58173,0,0,0,-2.68515325,-3.239492,-2.577328,-2.55935669,0.5567598,-0.159698486,-0.0580293722,0.070618,0.0103416666,-2.434127,-3.222777,-2.35193014,4.65400028,0.523513138,0.09942615,1.7744056,0.0495657027,-0.00782752,-2.9819746,-3.27297664,-2.854633,2.50094581,0.561332941,0.5221955,-2.0697782,0.0469478443,-0.106625795,-1.81731415,-3.19542241,-1.79252374,2.89217138,0.516957045,0.155620173,2.95109987,0.039115563,0.049751997,-3.59737468,-3.389203,-3.435595,9.092305,0.616816,0.5840318,-2.3560133,0.05275525,-0.0794358253,-1.45164406,-3.39945269,-1.44877362,-0.2864685,0.5288149,-0.761016846,2.78989029,0.0613067225,0.2004931,-4.011668,-3.29861,-3.82089472,14.7151184,0.6895138,0.643355548,-2.897524,0.0446678959,-0.087641716,1.39528632,3.163958,1.9521637,3.97094417
334,6.679997633219954,1494,0,1,-3.01146817,0,-2.63269043,-16.6786137,0,-3.02497268,0,0,0,0,0,0,1,-2.677896,-3.42687774,-2.572191,0,0,0,-2.67540216,-3.42673755,-2.57090139,-2.5942688,0.566240251,-0.162658691,-0.0467891,0.0110501349,0.007494122,-2.44680929,-3.401242,-2.3636024,6.412826,0.487825572,0.160616368,1.58951974,-0.017702885,0.00453543663,-2.96360087,-3.44436169,-2.839467,0.43677488,0.532790363,0.444514275,-1.98184991,-0.02899928,-0.0903914,-1.80189192,-3.33441925,-1.78083658,6.12877846,0.497771382,0.225107476,3.05181384,-0.02672926,0.03673792,-3.59660649,-3.52225852,-3.42883372,6.33959532,0.5791234,0.471541971,-2.37087917,-0.0239101462,-0.07333636,-1.36673951,-3.53436613,-1.38724816,3.278625,0.5209106,-0.5319824,3.14468265,-0.0143046118,0.161842585,-4.01930332,-3.39045835,-3.82275319,11.4927711,0.63318187,0.5223666,-3.046947,-0.0287739746,-0.0805196762,1.37896061,3.144653,1.93648148,3.94212317
335,6.6999976261337864,1500,0,1,-3.01146817,0,-2.63269043,-17.1291428,0,-3.47073221,0,0,0,0,0,0,1,-2.66888547,-3.6134584,-2.56327581,0,0,0,-2.66599846,-3.613436,-2.56455564,-2.61950684,0.5175163,-0.163421631,-0.03808139,-0.0450465567,0.00383424386,-2.471983,-3.584095,-2.3863318,7.92731047,0.390677273,0.210811108,1.32465792,-0.07632513,0.0146867037,-2.92853236,-3.61629868,-2.80915117,-1.48220825,0.433443278,0.3730577,-1.77926278,-0.0924511552,-0.06588054,-1.83034,-3.47635579,-1.80789447,9.614414,0.419688582,0.27601704,3.00902081,-0.079617314,0.0201468468,-3.53900051,-3.65236449,-3.37131929,3.73037624,0.4753676,0.376336962,-2.24615145,-0.08758243,-0.0601098537,-1.34374237,-3.65204239,-1.37843776,7.182081,0.451900035,-0.3435974,3.37015343,-0.0756544843,0.120713711,-3.94292569,-3.48632813,-3.749079,8.188111,0.517169,0.414244324,-3.02624,-0.08930519,-0.06409788,1.37760234,3.14318013,1.93517685,3.93983245
336,6.7199976190476187,1506,0,1,-3.01146817,0,-2.63269043,-17.5540276,0,-3.89046812,0,0,0,0,0,0,1,-2.66038775,-3.798742,-2.554881,0,0,0,-2.65701318,-3.798842,-2.55825114,-2.63760376,0.418387353,-0.162780762,-0.0316320062,-0.09403038,-0.000589050353,-2.50717068,-3.77154541,-2.418044,9.12703,0.247571066,0.244996428,0.996177554,-0.123596556,0.0225367546,-2.87881541,-3.79116368,-2.765595,-3.14535522,0.280446649,0.315750122,-1.47837639,-0.140231282,-0.0378934145,-1.89978731,-3.628557,-1.8703934,13.1976166,0.2972546,0.304313838,2.82617474,-0.117742389,0.00443005562,-3.42876744,-3.79095483,-3.26795244,1.41307187,0.322182,0.3060303,-1.99331391,-0.13506785,-0.044210434,-1.38446867,-3.76395464,-1.42227042,11.26647,0.336162984,-0.200073242,3.45583,-0.120307267,0.08190012,-3.78935456,-3.60539412,-3.60753751,4.985312,0.358051419,0.33055672,-2.83591366,-0.134331554,-0.04428029,1.37466264,3.1392467,1.932354,3.93428
337,6.7399976119614511,1511,0,1,-3.01146817,0,-2.63269043,-17.9619255,0,-4.29187,0,0,0,0,0,0,1,-2.65222979,-3.9822793,-2.546853,0,0,0,-2.64843941,-3.98247385,-2.55182981,-2.65014648,0.279414922,-0.161010742,-0.0266511478,-0.133393,-0.004993854,-2.54486,-3.96180749,-2.452124,9.990822,0.07439259,0.262087047,0.6540631,-0.1582476,0.0288645625,-2.81849861,-3.97015166,-2.712287,-4.459442,0.09117115,0.2751457,-1.10707355,-0.172066376,-0.0100888014,-2.00428176,-3.79904675,-1.96291792,16.5042439,0.143534914,0.310705572,2.3917408,-0.142005265,-0.00717759132,-3.27189565,-3.94431925,-3.124517,-0.483825684,0.135915458,0.261081964,-1.41018069,-0.16494444,-0.031232,-1.50321066,-3.88141274,-1.530175,15.246212,0.186700568,-0.100646973,3.274746,-0.148563191,0.05182171,-3.570734,-3.760723,-3.40975428,2.06392169,0.170911118,0.274380326,-2.48635435,-0.1635857,-0.0268375874,1.37907934,3.14592671,1.93659592,3.943237
338,6.7599976048752835,1517,0,1,-3.01146817,0,-2.63269043,-18.3867054,0,-4.70555,0,0,0,0,0,0,1,-2.64373422,-4.16359425,-2.53857946,0,0,0,-2.63983,-4.163709,-2.545112,-2.65756226,0.109937891,-0.158966064,-0.02196321,-0.164302945,-0.00976502,-2.55263567,-4.146106,-2.46032524,10.7559166,-0.116851807,0.264410973,0.510408938,-0.183449462,0.034442246,-2.74073935,-4.15390539,-2.643455,-5.29031372,-0.12286377,0.250230134,-0.6221354,-0.194129467,0.0159074068,-2.140005,-4.00662756,-2.08172965,18.224371,-0.03591919,0.29932,1.46823668,-0.158566356,-0.0127949715,-3.07905841,-4.120408,-2.95036578,-2.2199707,-0.07354736,0.237973318,-0.9069366,-0.184725329,-0.0195473433,-1.81112957,-4.03473473,-1.7997582,18.03506,0.011972771,-0.0397949219,2.11176,-0.167177379,0.03453946,-3.33178759,-3.945661,-3.19496846,-0.622406,-0.0342102051,0.242898419,-2.2098515,-0.181947917,-0.0127029419,1.39356327,3.169114,1.95050621,3.9736352
339,6.7799975977891158,1520,0,1,-3.01146817,0,-2.63269043,-18.8747,0,-5.17268372,0,0,0,0,0,0,1,-2.63397431,-4.342495,-2.52923679,0,0,0,-2.63036,-4.34251547,-2.53744912,-2.65756226,-0.08224487,-0.15725708,-0.0155401137,-0.18725276,-0.014226825,-2.58743382,-4.3359,-2.491582,11.2550383,-0.319549561,0.255820662,0.181151271,-0.201121226,0.0415408462,-2.648049,-4.341601,-2.561044,-5.513092,-0.350830078,0.236129537,-0.0466396064,-0.205398768,0.03759776,-2.333389,-4.24136639,-2.25011849,19.241209,-0.231781,0.27603054,0.8720796,-0.1685485,-0.0163040161,-2.87480927,-4.3131,-2.766639,-3.88565063,-0.29977417,0.230911672,-0.673956752,-0.197853684,-0.009506345,-2.1350646,-4.258797,-2.082345,20.0141182,-0.178039551,-0.00692749023,1.35607064,-0.176560268,0.0221871138,-3.100834,-4.145348,-2.98857474,-3.10980225,-0.254211426,0.231209829,-2.00777674,-0.195482627,-0.00392246246,1.39506388,3.17303085,1.95195007,3.9779942
340,6.7999975907029473,1526,0,1,-3.01146817,0,-2.63269043,-19.4034767,0,-5.67013264,0,0,0,0,0,0,1,-2.62339878,-4.519858,-2.51928782,0,0,0,-2.62065887,-4.519598,-2.52837014,-2.64984131,-0.2791443,-0.1546936,-0.008868564,-0.192802578,-0.0171386078,-2.640646,-4.53033352,-2.53785253,11.3131933,-0.5140686,0.241492808,-0.2645642,-0.199269861,0.05023694,-2.56775165,-4.52823973,-2.487478,-5.202057,-0.569458,0.225099459,0.438494921,-0.196169555,0.0545493662,-2.546903,-4.4914,-2.43644977,19.5571251,-0.426452637,0.2487271,0.270723641,-0.16420655,-0.0167440474,-2.67429733,-4.509098,-2.58662438,-5.058655,-0.5206909,0.227018625,-0.1786777,-0.1914956,-0.007904455,-2.45882487,-4.50434542,-2.364917,21.212059,-0.37197876,0.00802241452,0.6606745,-0.174646735,0.0150767565,-2.83957624,-4.371567,-2.756637,-5.088684,-0.473999023,0.2278052,-1.54079366,-0.193030015,-0.00548839569,1.37683725,3.14318037,1.93444443,3.93920541
341,6.81999758361678,1532,0,1,-3.01146817,0,-2.63269043,-19.9378815,0,-6.172302,0,0,0,0,0,0,1,-2.61271071,-4.69619226,-2.50924444,0,0,0,-2.6109035,-4.695696,-2.51875663,-2.63598633,-0.46661377,-0.15234375,-0.00360323582,-0.184716716,-0.0193597153,-2.696787,-4.724738,-2.58703518,10.87873,-0.687591553,0.229016751,-0.72435987,-0.183717176,0.05588925,-2.49760079,-4.71153927,-2.4224267,-4.43740845,-0.763793945,0.212585062,0.8486113,-0.174536124,0.06400144,-2.75940967,-4.745155,-2.62302,19.1948032,-0.6031189,0.22795549,-0.314391971,-0.149267614,-0.0131168365,-2.47567964,-4.707998,-2.40825748,-5.694092,-0.719543457,0.218888849,0.3741067,-0.171728879,-0.008777022,-2.77716279,-4.75748,-2.643221,21.6283035,-0.5503845,0.0191474427,-0.02508628,-0.160299525,0.0140573233,-2.56754422,-4.616909,-2.51409,-6.467804,-0.6758423,0.222771734,-0.976148367,-0.1766208,-0.0120173693,1.37457943,3.13933039,1.93227577,3.9342792
342,6.839997576530612,1538,0,1,-3.01146817,0,-2.63269043,-20.4652386,0,-6.668201,0,0,0,0,0,0,1,-2.60216355,-4.872194,-2.49932647,0,0,0,-2.60126376,-4.8714385,-2.5089016,-2.617981,-0.6342163,-0.150756836,0.0003903946,-0.166631684,-0.0206622928,-2.74894428,-4.9156394,-2.6327796,9.969354,-0.8309021,0.2236575,-1.147835,-0.158015653,0.0592792034,-2.437162,-4.890551,-2.36557579,-3.28942871,-0.923492432,0.195182443,1.18864083,-0.1443673,0.0683161,-2.95873022,-4.989839,-2.79960752,18.1995468,-0.750244141,0.21990712,-0.861145556,-0.126112014,-0.0086236,-2.28610063,-4.90313148,-2.23738146,-5.727234,-0.884979248,0.2012512,0.9419766,-0.14266488,-0.0100574493,-3.076992,-5.00063753,-2.90667272,21.282465,-0.698883057,0.0372561775,-0.681597,-0.136722952,0.01661545,-2.29824734,-4.86911535,-2.27168345,-7.14743042,-0.8469238,0.20870313,-0.3399541,-0.150074869,-0.0189287066,1.38696814,3.16257453,1.94417763,3.963002
343,6.8599975694444444,1543,0,1,-3.01146817,0,-2.63269043,-20.9799728,0,-7.15220261,0,0,0,0,0,0,1,-2.59186888,-5.04842758,-2.48964643,0,0,0,-2.591865,-5.047486,-2.49886012,-2.59686279,-0.774017334,-0.149688721,0.003098864,-0.140581623,-0.02073013,-2.79313231,-5.100688,-2.671478,8.641051,-0.9368286,0.227726653,-1.50586057,-0.124192581,0.0597060919,-2.38776,-5.065043,-2.31836557,-1.83694458,-1.04052734,0.171502754,1.45029545,-0.107570991,0.06847143,-3.135158,-5.21465874,-2.957501,16.6442261,-0.8602295,0.226165175,-1.34452963,-0.0964565054,-0.00489604473,-2.113439,-5.089408,-2.08049273,-5.11932373,-1.00854492,0.172616288,1.48941064,-0.106294222,-0.009241343,-3.34456539,-5.21779728,-3.14362121,20.2240028,-0.80947876,0.06684062,-1.28514147,-0.106705911,0.0187454224,-2.042904,-5.11718225,-2.03863382,-7.068573,-0.9786377,0.182032421,0.331747085,-0.116242811,-0.023075372,1.37699938,3.144127,1.93460083,3.940094
344,6.8799975623582768,1549,0,1,-3.01146817,0,-2.63269043,-21.4782314,0,-7.62138653,0,0,0,0,0,0,1,-2.5819037,-5.22527266,-2.48026276,0,0,0,-2.58282614,-5.22420454,-2.488895,-2.57449341,-0.8791809,-0.14932251,0.004562443,-0.107845008,-0.0198987089,-2.82647181,-5.278852,-2.70058751,6.975496,-0.999572754,0.239944741,-1.7787838,-0.08350098,0.0557317734,-2.35079074,-5.235667,-2.282376,-0.168396,-1.10858154,0.142136142,1.62468243,-0.06571597,0.06471896,-3.28000712,-5.413157,-3.08879018,14.6280966,-0.927886963,0.244664609,-1.74176574,-0.0612494573,-0.00310587883,-1.9649123,-5.26312,-1.94417965,-3.86615,-1.08392334,0.135852,1.98480606,-0.0638139844,-0.00503826141,-3.56689548,-5.399202,-3.3424418,18.5298176,-0.87789917,0.107494004,-1.81249273,-0.07166736,0.0181033611,-1.81171548,-5.35053062,-1.82377577,-6.21395874,-1.06417847,0.144191772,1.00190687,-0.0757184252,-0.0211894512,1.37701321,3.14437985,1.93461227,3.94030643
345,6.8999975552721082,1555,0,1,-3.01146817,0,-2.63269043,-21.9566784,0,-8.071902,0,0,0,0,0,0,1,-2.57233477,-5.402849,-2.47125244,0,0,0,-2.574219,-5.40175438,-2.47891545,-2.55154419,-0.9445801,-0.149047852,0.005133231,-0.0697140247,-0.0177184176,-2.84673643,-5.45041656,-2.71789312,5.071199,-1.01559448,0.256834775,-1.9524107,-0.03816323,0.04720378,-2.32728624,-5.403838,-2.258413,1.6211679,-1.124115,0.109887891,1.70737541,-0.0205002427,0.05899024,-3.38576174,-5.584147,-3.18642664,12.2704182,-0.95047,0.270198733,-2.03578615,-0.02181817,-0.00450229645,-1.846885,-5.422783,-1.83442187,-1.99819946,-1.10714722,0.09609666,2.40012026,-0.0173333958,0.00242829323,-3.732514,-5.54319,-3.492469,16.3001881,-0.902374268,0.154914156,-2.242198,-0.03274034,0.0135848522,-1.61367393,-5.5606575,-1.63600385,-4.6071167,-1.098053,0.1000726,1.63423443,-0.0297600329,-0.0130040646,1.37753439,3.14570212,1.93511391,3.94179
346,6.9199975481859406,1561,0,1,-3.01146817,0,-2.63269043,-22.4128571,0,-8.50201,0,0,0,0,0,0,1,-2.5632112,-5.58101368,-2.4626503,0,0,0,-2.56606483,-5.579957,-2.46914244,-2.52929688,-0.966400146,-0.148986816,0.004638967,-0.02772364,-0.0147955529,-2.85251284,-5.616897,-2.72209764,3.03668785,-0.983551,0.273590118,-2.019947,0.009386271,0.0336709023,-2.31757355,-5.571397,-2.246937,3.43501258,-1.08630371,0.07941721,1.69739115,0.0259837229,0.05169034,-3.44664669,-5.73146439,-3.24466276,9.704426,-0.9273071,0.2959785,-2.21439767,0.0197080616,-0.009053469,-1.76433027,-5.56956768,-1.75603223,0.420319855,-1.0776062,0.0601897947,2.71279478,0.0300872438,0.0133669376,-3.832431,-5.6560955,-3.58487153,13.6553192,-0.883605957,0.202310383,-2.555458,0.007968172,0.004911661,-1.45665753,-5.742628,-1.48356247,-2.31109619,-1.07891846,0.0570702739,2.1950953,0.0181233212,0.00109744072,1.3914628,3.17630267,1.94849968,3.97765231
347,6.939997541099773,1567,0,1,-3.01146817,0,-2.63269043,-22.8460751,0,-8.910695,-22.8460751,0,-8.910695,1,0,0,1,-2.55454683,-5.75938559,-2.45447659,0,0,0,-2.55839038,-5.75846338,-2.45957065,-2.50842285,-0.9432373,-0.148803711,0.003455407,0.015962759,-0.0110228006,-2.84320569,-5.78058147,-2.712407,0.9834505,-0.9052429,0.2844589,-1.97988737,0.0556966439,0.016644001,-2.32125449,-5.74021769,-2.24762464,5.179851,-0.9980469,0.0561301075,1.59864593,0.07111923,0.0435243845,-3.45932674,-5.86297369,-3.25981069,7.069544,-0.860351563,0.314132839,-2.27240539,0.0602857545,-0.0166685581,-1.72041678,-5.707265,-1.71239972,3.2961278,-0.99798584,0.0357327536,2.905943,0.07480309,0.02661109,-3.861396,-5.75068855,-3.61411119,10.7313175,-0.8242798,0.241527364,-2.737833,0.0479059145,-0.00754618645,-1.347057,-5.896227,-1.37364888,0.576603234,-1.008728,0.0242871717,2.65732718,0.064354226,0.02002716,1.375721,3.14215231,1.93337059,3.93746758
348,6.9599975340136053,1573,0,1,-3.01146817,0,-2.63269043,-139.218,0,-121.708366,-18.8216114,0,-16.4543915,1,0,0,1,-0.2271092,-0.402791977,-0.198524,0,0,0,-1.20486116,-0.7886238,-1.03708029,3.34903,-0.860870361,-0.166473389,5.27407265,0.0793477148,0.09439421,-1.6434226,-0.460355282,-1.393216,-12.3634949,-0.717041,0.5380974,-9.125793,0.2017348,0.06453514,-1.259643,-0.5540905,-1.10948443,-6.120941,-0.5595093,0.110990956,-6.87218475,0.3326615,-0.0460605621,-4.06599236,-0.694201469,-3.500794,0.502128,-0.326141357,0.399466,-7.581606,0.326309621,0.0118360519,-2.31590748,-0.665521145,-2.04181123,5.06007862,-0.5092468,0.111896619,-0.7761661,0.336703748,0.0450075865,-4.76091957,-0.434285641,-4.10880661,-0.9552307,-0.09844971,-1.67984009,-4.35436,1.28724539,-4.14224243,-1.63276267,-0.609540939,-1.40961921,0.434406161,-0.8583374,0.139366716,-0.226196826,0.07577537,0.203998,1.3740592,3.13839865,1.93177223,3.93310666
349,6.9799975269274377,1577,0,0,0,0,0,21.9680252,0,19.2099628,21.9680252,0,19.2099628,1,0,0,1,-0.439360321,-0.08054018,-0.3841991,0,0,0,-0.622264743,0.1481626,-0.5032765,6.27623844,-0.6479492,-0.132446289,1.39655352,0.2433073,0.100551009,-0.993218,0.09957665,-0.8502681,-16.2612915,-0.3703308,0.5215375,-3.662394,0.290007979,-0.113326073,-0.5723392,-0.0329315066,-0.4741286,-7.21459961,-0.185546875,0.0562433861,-0.989662051,0.280198574,-0.024004817,-3.57455564,0.734302938,-3.10879564,-12.1040344,-0.351776123,0.471134663,-9.231909,0.0955509245,-0.0483694077,-2.01448631,0.12679708,-1.74919343,-1.47415161,-0.284118652,0.0978656858,-4.98607159,0.2798903,-0.0575208664,-5.42124748,1.06241131,-4.68251467,-9.101135,-0.486846924,0.08949853,-9.355576,-0.119044662,0.5467768,-3.08010864,-0.0198556185,-2.67574573,-0.129364014,-0.671081543,-0.499450684,-0.5359009,0.390226781,-0.9552852,1.37498188,3.13852644,1.932579,3.93392754
350,6.9999975198412692,1583,0,0,0,0,0,0.009679327,0,0.0179816689,0.009679327,0,0.0179816689,1,0,0,1,-0.000193586457,-0.0160962045,-0.000359633239,0,0,0,-0.0131314546,0.09335359,-0.00294178724,5.565307,-0.38394165,-0.15637207,-0.550823152,0.18649517,0.0215597153,-0.535944,0.190147609,-0.457705736,-20.3409729,-0.09875488,0.47055015,-3.528386,0.217898861,-0.140524387,-0.1633538,0.02199988,-0.124770261,-8.34198,0.145053044,0.06083729,-1.13929963,0.2582234,-0.06267917,-2.45458,1.02965355,-2.132317,-21.9656677,-0.172180176,0.495518118,-7.7755537,0.208709449,-0.07459259,-1.21684182,0.146972969,-1.05617619,-6.562958,0.121245928,0.07415276,-4.50499058,0.355557323,-0.06725645,-3.81528282,2.42488766,-3.28878474,-16.2053223,-0.20300293,0.195955828,-10.3640156,0.226352856,-0.0269603729,-2.100191,0.554702,-1.81399357,-3.875885,0.09770967,-0.519195557,-4.48592,0.477494627,-0.105788231,1.37403536,3.13835144,1.93175125,3.93305039
351,7.0199975127551015,1589,0,0,0,0,0,-0.00225267233,0,0.008122842,-0.00225267233,0,0.008122842,1,0,0,1,4.5053428E-05,-0.00320613384,-0.000162456767,0,0,0,0.0143459477,0.0676159039,0.0163626522,4.614206,-0.171325684,-0.15914917,-0.8610891,0.165387526,0.03459406,-0.4418646,0.209358439,-0.378396749,-24.0730286,0.111285612,0.411165923,-2.98941374,0.151459038,-0.1211431,-0.153313071,0.03440529,-0.128567934,-9.620728,0.403949946,0.0359684378,-1.1030935,0.184281409,-0.08558309,-1.87654,1.11630988,-1.62775743,-31.3152771,0.02799714,0.440278441,-6.09170675,0.1696205,-0.0651888847,-0.9174541,0.191183463,-0.795959949,-11.7312012,0.388855577,0.0185136758,-3.22702312,0.228825241,-0.0305500031,-2.849774,2.549515,-2.45374966,-25.3355713,0.0571265742,0.168081716,-9.410308,0.190610468,-0.07301426,-1.5824312,0.689860046,-1.34764445,-8.840881,0.375417233,-0.5267029,-4.83757,0.248135656,0.005353451,1.37403488,3.1383512,1.93175316,3.933051
352,7.0399975056689339,1594,0,0,0,0,0,-0.002570131,0,0.00551144965,-0.002570131,0,0.00551144965,1,0,0,1,5.14026033E-05,-0.0006311983,-0.000110228953,0,0,0,0.0116308257,0.04307288,0.0151307425,3.98514318,0.0195644442,-0.144104,-0.5643519,0.150861919,0.03813362,-0.33335194,0.190993339,-0.283842444,-27.0499268,0.2763491,0.34412834,-2.29562664,0.109600469,-0.1030314,-0.118142508,0.0335365534,-0.09900081,-10.6691589,0.604510963,-0.00186157227,-0.864375949,0.134532943,-0.076595366,-1.369123,1.07171261,-1.18442154,-38.9644775,0.168499053,0.3789132,-4.626238,0.113573983,-0.048178196,-0.6667123,0.19823882,-0.5739751,-15.7427673,0.589889467,-0.0250244141,-2.18046761,0.1704795,-0.0190031528,-1.97118509,2.39441037,-1.69391561,-32.98111,0.201943874,0.131523252,-7.79267645,0.105215706,-0.03869629,-1.13321579,0.6599519,-0.9550749,-12.8435364,0.569743037,-0.5198059,-3.892785,0.176729709,0.0266494751,1.37405062,3.13835549,1.9317646,3.93306565
353,7.0599974985827663,1600,0,0,0,0,0,0.009763262,0,0.01503969,0.009763262,0,0.01503969,1,0,0,1,-0.000195265166,-0.000107869506,-0.000300793676,0,0,0,0.0173741542,0.019184947,0.0172581188,3.77857971,0.187433571,-0.12878418,-0.128885239,0.1218027,0.03483902,-0.221811265,0.1424306,-0.188007027,-29.1547241,0.40009892,0.2851897,-1.53221083,0.07515432,-0.08685291,-0.0807797238,0.0259781629,-0.06697592,-11.4183044,0.7512976,-0.03225708,-0.598212838,0.09390201,-0.06428951,-0.933593,0.886044,-0.804198265,-44.83792,0.27060163,0.332563341,-3.30147839,0.07880147,-0.0296273232,-0.4532725,0.1602117,-0.385629147,-18.5776062,0.7400174,-0.0555114746,-1.32450056,0.125649124,-0.009522796,-1.28669858,2.00185943,-1.09980285,-39.1926575,0.290828884,0.110031463,-6.20147371,0.0668500438,-0.008068562,-0.763313651,0.5240992,-0.6331456,-15.7664185,0.716994643,-0.506866455,-2.82681513,0.134614676,0.0368232727,1.37403584,3.13835073,1.93175125,3.93305016
354,7.0799974914965986,1604,0,0,0,0,0,0.00706228,0,0.0119166551,0.00706228,0,0.0119166551,1,0,0,1,-0.000141245546,-1.07139349E-05,-0.000238333014,0,0,0,0.0144237336,0.00375135243,0.0144858416,3.76024842,0.315089881,-0.115600586,-0.00997529551,0.105392024,0.0307397377,-0.120224692,0.0816284,-0.10143733,-30.4035034,0.48601678,0.240730077,-0.8164679,0.0460138842,-0.06977254,-0.0484175235,0.01734586,-0.03936852,-11.89621,0.847733736,-0.0502319336,-0.372301221,0.0570095256,-0.0496938825,-0.5705904,0.6231027,-0.488405615,-49.09958,0.3468442,0.301576018,-2.082962,0.05804637,-0.0168292522,-0.273285866,0.10301096,-0.227789581,-20.371582,0.842919946,-0.06921387,-0.596085846,0.08644715,-0.00155419111,-0.7590949,1.4817369,-0.6410583,-44.01544,0.360387832,0.0973667,-4.67396832,0.0551667139,0.008420467,-0.457878828,0.3482808,-0.369148344,-17.6476135,0.823773146,-0.482574463,-1.824529,0.101018429,0.0441854,1.37404108,3.13835073,1.931757,3.93305469
355,7.099997484410431,1609,0,0,0,0,0,0.00668410165,0,0.0104655083,0.00668410165,0,0.0104655083,1,0,0,1,-0.000133681984,-2.98023224E-06,-0.000209310092,0,0,0,0.00695188949,-0.0005121678,0.008270329,3.7755394,0.4118239,-0.100036621,0.0232809484,0.08574818,0.0292168185,-0.0318419561,0.0181188583,-0.0255616456,-30.8657532,0.544540346,0.209806159,-0.1642901,0.0276471078,-0.0558800846,-0.0218333118,0.009389743,-0.01597663,-12.1508789,0.906360567,-0.0568847656,-0.183054477,0.0309238657,-0.0360069275,-0.2668697,0.334805727,-0.225130945,-51.8812256,0.4052671,0.280776,-0.9580535,0.0447948724,-0.01187849,-0.123261407,0.0441547856,-0.09719463,-21.2673645,0.9071112,-0.0691223145,0.01628274,0.0558467731,0.00159475766,-0.3476094,0.922416568,-0.284783125,-47.4158936,0.419077,0.0907628238,-3.2158227,0.04930432,0.0136933327,-0.206602544,0.172485948,-0.154659092,-18.5667419,0.8939396,-0.4461975,-0.9414216,0.07216328,0.04533863,1.37403679,3.13835073,1.93175316,3.93305135
356,7.1199974773242625,1614,0,0,0,0,0,0.00621372834,0,0.009203075,0.00621372834,0,0.009203075,1,0,0,1,-0.00012427452,0,-0.000184061428,0,0,0,0.00367292948,-0.00167381763,0.00414582528,3.81361818,0.479806542,-0.08627319,0.0348278843,0.0623297133,0.0257699266,0.0385233834,-0.0359195322,0.0345867239,-30.6861877,0.580770254,0.192116082,0.361137182,0.0137799755,-0.0437943637,0.00542052835,0.0009255856,0.00763075054,-12.1746216,0.933669567,-0.0522460938,0.0102736,0.008511767,-0.0240136329,-0.0160526931,0.0534064248,-0.008698195,-53.2268066,0.447164416,0.269907832,0.127421871,0.0341262072,-0.0107105076,0.005227998,-0.0100533515,0.013608858,-21.41681,0.9381669,-0.05731201,0.505934954,0.0298724324,0.00324463844,-0.0239526331,0.367692441,-0.00659582,-49.3717041,0.4649281,0.09253324,-1.81561291,0.0425842777,0.0140218735,0.00036008656,0.0165876728,0.0197486281,-18.6553345,0.931600332,-0.399292,-0.208649546,0.0458569527,0.0430618227,1.37403727,3.13835073,1.93175316,3.93305159
357,7.1399974702380948,1620,0,0,0,0,0,0.00584611343,0,0.008132451,0.00584611343,0,0.008132451,1,0,0,1,-0.000116922223,-3.56137753E-06,-0.000162648954,0,0,0,0.00221068086,-0.00166676939,0.002059875,3.85804653,0.5233801,-0.0736084,0.03352612,0.0426246375,0.0230610464,0.09375133,-0.07785389,0.08160347,-29.9967957,0.599839568,0.184947014,0.771036863,0.003309384,-0.0346186161,0.03184416,-0.007282108,0.0302188024,-11.9792175,0.936542,-0.0391540527,0.1959171,-0.009159237,-0.0152636766,0.191276059,-0.19819358,0.169005036,-53.21576,0.474513948,0.2663647,1.13046849,0.0247683078,-0.0129883289,0.117416017,-0.0560566932,0.109231792,-20.9719543,0.9420703,-0.0377197266,0.8970777,0.008777395,0.003025651,0.2341935,-0.14746733,0.213061273,-49.89392,0.496497065,0.102952555,-0.4829482,0.03455849,0.0101499557,0.174508616,-0.110643707,0.16482535,-18.0673828,0.9408557,-0.345458984,0.368815243,0.0226971135,0.0388146043,1.37404013,3.138351,1.931757,3.93305445
358,7.1599974631519272,1626,0,0,0,0,0,0.00540236244,0,0.0071605565,0.00540236244,0,0.0071605565,1,0,0,1,-0.000108047207,0,-0.000143211073,0,0,0,0.00204998674,-0.00118684769,0.00176805409,3.89844,0.5512158,-0.06112671,0.02489636,0.029991243,0.02175467,0.13835606,-0.109190673,0.119938143,-28.8963928,0.6089853,0.183520645,1.09862626,-0.00252187625,-0.0290418863,0.0541141741,-0.0138137341,0.0495514423,-11.60257,0.9254103,-0.0223999023,0.350766569,-0.0188511312,-0.009879619,0.367165565,-0.405587226,0.318640828,-51.9973755,0.4931996,0.2635434,1.99275959,0.016757369,-0.0190052986,0.2132482,-0.09148984,0.1900113,-20.05011,0.929559946,-0.01626587,1.2113831,-0.004902061,-0.0006914139,0.450442374,-0.5913336,0.395088017,-49.0516357,0.516943038,0.117169216,0.7285923,0.0259985924,0.001916945,0.322471321,-0.208975717,0.286824018,-16.9353638,0.9313504,-0.290557861,0.821462154,0.00555852242,0.0311315656,1.37403488,3.13835073,1.93175125,3.93304968
359,7.17999745606576,1632,0,0,0,0,0,0.004769705,0,0.0062523894,0.004769705,0,0.0062523894,1,0,0,1,-9.53940544E-05,1.49011612E-08,-0.000125047736,0,0,0,0.00288981665,-0.0005699992,0.002669584,3.926807,0.5701743,-0.04901123,0.0113497321,0.023004625,0.0207471326,0.1740949,-0.130148083,0.150598973,-27.4777527,0.612805247,0.184343919,1.35218287,-0.005651552,-0.02708757,0.0724262,-0.018523246,0.06524236,-11.077301,0.9075532,-0.005126953,0.475146025,-0.0233421754,-0.008397758,0.5194598,-0.5609129,0.4474582,-49.7484131,0.507020533,0.258141935,2.69805717,0.0105050206,-0.02591157,0.292583257,-0.115755558,0.2562331,-18.7432251,0.9086857,0.00343435351,1.45515037,-0.0124507491,-0.00539767742,0.644096136,-0.9453411,0.5571153,-46.9730225,0.529365957,0.130817652,1.77245522,0.01757466,-0.00786376,0.446350276,-0.280350149,0.38863495,-15.3650513,0.910985231,-0.239532471,1.17777944,-0.005523149,0.0222457647,1.37403488,3.13835073,1.93175125,3.93304968
360,7.1999974489795919,1637,0,0,0,0,0,0.00398275023,0,0.00540738925,0.00398275023,0,0.00540738925,1,0,0,1,-7.965497E-05,0,-0.000108147739,0,0,0,0.00444710674,-1.80602074E-05,0.00426424248,3.93763065,0.5848715,-0.0378417969,-0.004973581,0.0194139779,0.0198459066,0.202303335,-0.1417552,0.174533084,-25.821228,0.613717854,0.185180068,1.54093194,-0.007527005,-0.0277348757,0.08703853,-0.0214861184,0.0774510056,-10.434082,0.8871673,0.0107649006,0.5716697,-0.0249294825,-0.009608626,0.65174973,-0.6623673,0.5587576,-46.65918,0.5188751,0.249172,3.240797,0.006206721,-0.0326328278,0.35614264,-0.1292395,0.308803529,-17.1342468,0.8852867,0.0201428831,1.634573,-0.0157401785,-0.009913683,0.824851,-1.20204878,0.7082829,-43.83609,0.538018465,0.140523091,2.62201262,0.0113342553,-0.0176701546,0.547508359,-0.326372266,0.471745729,-13.44873,0.887214363,-0.1946106,1.45206654,-0.0112972856,0.0135637522,1.37403536,3.13835049,1.93175316,3.93305063
361,7.2199974418934234,1642,0,0,0,0,0,0.00307697174,0,0.00456092227,0.00307697174,0,0.00456092227,1,0,0,1,-6.153941E-05,-6.556511E-06,-9.121841E-05,0,0,0,0.006439197,0.00037959218,0.00621684967,3.928344,0.5971733,-0.027557373,-0.0224764571,0.0172128323,0.0189059526,0.224027187,-0.145442039,0.192565992,-23.994751,0.61246413,0.18468748,1.67399323,-0.009014184,-0.0299460888,0.0981555954,-0.0228738338,0.08638735,-9.700745,0.865745068,0.0243157987,0.6429391,-0.0255682878,-0.0121577978,0.7649396,-0.712626338,0.6536058,-42.92285,0.5298513,0.236859888,3.62579441,0.00351595879,-0.0380878448,0.4048708,-0.133077741,0.348696232,-15.2994385,0.861672044,0.03342822,1.7560761,-0.0169946067,-0.0135574341,0.9949048,-1.36157632,0.850730658,-39.84677,0.545955837,0.144480646,3.27175283,0.007192448,-0.02671194,0.62721777,-0.349312067,0.5373069,-11.2714539,0.8631719,-0.15637207,1.65197837,-0.01386045,0.006341696,1.37403584,3.13835073,1.93175125,3.93305016
362,7.2399974348072558,1647,0,0,0,0,0,0.002115926,0,0.00368215982,0.002115926,0,0.00368215982,1,0,0,1,-4.23185047E-05,-2.36928463E-06,-7.364317E-05,0,0,0,0.008638363,0.000650242,0.008236872,3.89807439,0.6073872,-0.0184631348,-0.03972826,0.0149691924,0.0178029016,0.240060791,-0.142821446,0.205614373,-22.05368,0.6089331,0.182296067,1.76060164,-0.01048943,-0.0320706367,0.106066056,-0.0229395479,0.09250531,-8.902527,0.8432095,0.03540214,0.692393661,-0.0263640434,-0.0145744085,0.8582989,-0.7178945,0.7315031,-38.7241821,0.539750755,0.222447827,3.86621332,0.00136132911,-0.0422124863,0.439784139,-0.12891911,0.3769125,-13.3077087,0.8383007,0.043947,1.82596147,-0.0179644637,-0.0163037777,1.15089417,-1.43047583,0.981483459,-35.22113,0.5542213,0.143363371,3.72863722,0.004554447,-0.0340776443,0.68663156,-0.352496922,0.5859528,-8.912018,0.840203345,-0.12387085,1.785101,-0.0153871831,0.000730991364,1.37403679,3.138351,1.93175125,3.93305063
363,7.2599974277210881,1652,0,0,0,0,0,0.00114368182,0,0.00277515035,0.00114368182,0,0.00277515035,1,0,0,1,-2.2873628E-05,1.49011612E-08,-5.55029837E-05,0,0,0,0.0108698867,0.000780656934,0.0101448316,3.84766626,0.6145675,-0.0106811523,-0.0558675379,0.0117250318,0.016496174,0.251070648,-0.135398954,0.2142211,-20.0431519,0.6022521,0.178216755,1.80801964,-0.0125989029,-0.03368807,0.111084305,-0.021975711,0.09613206,-8.062347,0.8182541,0.04403664,0.7229884,-0.028166458,-0.0161955357,0.930529237,-0.686504245,0.7914959,-34.2308655,0.5466803,0.20759517,3.98099923,-0.0011447221,-0.04433918,0.462033153,-0.118595108,0.394539684,-11.2216187,0.813649952,0.0516902432,1.85081959,-0.0199678186,-0.0180273056,1.28668571,-1.42036939,1.09516072,-30.1685486,0.5608457,0.139402524,4.01061535,0.00176185369,-0.0390062332,0.726983547,-0.339579165,0.6185585,-6.44259644,0.8165753,-0.09655762,1.85814929,-0.0177807063,-0.00360107422,1.37403488,3.13835049,1.93175125,3.93304944
364,7.2799974206349205,1657,0,0,0,0,0,0.000205309232,0,0.0018389466,0.000205309232,0,0.0018389466,1,0,0,1,-4.106183E-06,0,-3.6778918E-05,0,0,0,0.0130180838,0.000853613,0.0118717737,3.77912116,0.617295265,-0.00408935547,-0.07031481,0.00708279,0.01498495,0.257510781,-0.124535754,0.218893781,-18.0007324,0.5912238,0.172921643,1.822308,-0.015681399,-0.0342483521,0.113531463,-0.0202686489,0.0974941,-7.20019531,0.7892429,0.0506868847,0.737056434,-0.03129134,-0.0171263218,0.98061794,-0.6277951,0.832702,-29.5883179,0.548740149,0.193533152,3.99124718,-0.004708573,-0.04490471,0.4728392,-0.1040881,0.402585566,-9.095642,0.785708,0.0574160926,1.83725345,-0.0234426986,-0.0187387466,1.39566946,-1.34655237,1.18601465,-24.8800049,0.5636446,0.134565413,4.141838,-0.00177596882,-0.0415263176,0.749547243,-0.314691246,0.6361983,-3.927887,0.7899424,-0.07345581,1.87865376,-0.0216095839,-0.006321192,1.37403536,3.13835073,1.93175125,3.93305
365,7.2999974135487529,1663,0,0,0,0,0,-0.0006408777,0,0.00093243,-0.0006408777,0,0.00093243,1,0,0,1,1.28175488E-05,1.49011612E-08,-1.86485922E-05,0,0,0,0.0149636064,0.00084105134,0.01329091,3.69469476,0.614066,0.00129789393,-0.08276847,0.00111149345,0.0131970942,0.25964272,-0.111325592,0.219961032,-15.9590454,0.5744973,0.16643925,1.80770636,-0.0197756216,-0.03351569,0.113663375,-0.018041119,0.0969756544,-6.33377075,0.754713,0.0555326976,0.7370126,-0.03555189,-0.0168653131,1.00832117,-0.5509661,0.854992032,-24.9187622,0.5441155,0.18003051,3.917836,-0.009662388,-0.04434395,0.4734922,-0.0871714354,0.4021727,-6.97637939,0.75296694,0.0613942631,1.79165173,-0.0283148214,-0.0190198421,1.47285914,-1.22578073,1.24972558,-19.5198669,0.5604,0.129203185,4.148447,-0.00678028166,-0.0425491333,0.755843,-0.281766832,0.639961,-1.42355347,0.7589739,-0.0538635254,1.85493815,-0.0268496722,-0.00844121,1.37403536,3.13835073,1.93175125,3.93305
366,7.3199974064625843,1668,0,0,0,0,0,-0.0017326863,0,-0.000193036874,-0.0017326863,0,-0.000193036874,1,0,0,1,3.46537126E-05,-3.57627869E-06,3.860736E-06,0,0,0,0.01661355,0.000792473555,0.0145274093,3.597179,0.604640067,0.00598461833,-0.09289427,-0.00476593757,0.0118584633,0.257654548,-0.0968585,0.217720687,-13.94632,0.5524399,0.158370137,1.76847839,-0.023412779,-0.0323166847,0.114050686,-0.0158144832,0.09668539,-5.45556641,0.7146007,0.0570071675,0.7382819,-0.03926073,-0.0171117783,1.01432145,-0.464512318,0.8589576,-20.3210449,0.532191753,0.166762009,3.779296,-0.0151498206,-0.0433588028,0.460359,-0.06633751,0.389516681,-4.952942,0.718798041,0.0617187358,1.66564822,-0.0265031811,-0.02025795,1.515376,-1.07495046,1.28394318,-14.2237549,0.5494582,0.123535231,4.05621624,-0.0129432846,-0.04219389,0.726081669,-0.236760765,0.6159381,0.8847359,0.756543756,-0.06604004,1.96587586,0.00128063373,-0.06808472,1.37403584,3.138351,1.93175316,3.933051
367,7.3399973993764167,1674,0,0,0,0,0,-0.00336395437,0,-0.00168164831,-0.00336395437,0,-0.00168164831,1,0,0,1,6.727906E-05,0,3.3632954E-05,0,0,0,0.0178902149,0.000712618232,0.015577361,3.48909879,0.590416,0.010345689,-0.100928232,-0.009216009,0.0107497871,0.251732826,-0.0819131,0.212380558,-11.9874268,0.526918054,0.148019791,1.70781684,-0.0252348538,-0.03133893,0.115685821,-0.0134929419,0.09747404,-4.56298828,0.6723252,0.0535415225,0.746420741,-0.0402146,-0.018742919,1.00016236,-0.375605464,0.845986068,-15.8734436,0.5144243,0.15243572,3.59145427,-0.0196228176,-0.0424089432,0.434140384,-0.0392580628,0.365894079,-3.131958,0.6786587,0.0623338334,1.46536922,-0.0341411866,-0.0188786983,1.52297771,-0.90934664,1.28867328,-9.098724,0.5313809,0.116227783,3.88797927,-0.0187124461,-0.041686058,0.624683738,-0.06394911,0.524964,1.06903028,0.7417303,0.0520704,0.159828946,-0.008731286,0.08219055,1.37403488,3.13835073,1.93175125,3.93304968
368,7.3599973922902491,1679,0,0,0,0,0,-0.00377771934,0,-0.00223098416,-0.00377771934,0,-0.00223098416,1,0,0,1,7.555436E-05,1.49011612E-08,4.46196645E-05,0,0,0,0.0189263653,0.0006290823,0.0162513163,3.37279,0.571564138,0.01397323,-0.106971174,-0.0138257835,0.009472191,0.242612988,-0.0672255158,0.204197749,-10.1060791,0.497426182,0.136011556,1.628173,-0.0281954315,-0.029954195,0.104119316,-0.0100632757,0.08728059,-3.754364,0.6277719,0.0498661362,0.6705789,-0.0414186455,-0.0173690915,0.9681458,-0.28970775,0.8180928,-11.6378784,0.491766751,0.136543974,3.36641741,-0.0237051286,-0.040810585,0.389338046,-0.0263588428,0.326690435,-1.57702637,0.643510044,0.0541836545,1.27196038,-0.032171417,-0.0191726685,1.49764407,-0.7414959,1.2659508,-4.22668457,0.5078005,0.105818436,3.66239858,-0.0229881015,-0.0411334038,0.554691553,-0.0301047862,0.4655814,0.9682732,0.724106967,0.0786138549,-0.0938618854,-0.007485999,0.0198137313,1.37403488,3.13835073,1.93175125,3.93304968
369,7.3799973852040814,1685,0,0,0,0,0,-0.00376581168,0,-0.00261227135,-0.00376581168,0,-0.00261227135,1,0,0,1,7.53162E-05,1.49011612E-08,5.22454066E-05,0,0,0,0.0198498946,0.0005272031,0.0164887831,3.25046015,0.5448674,0.0162798278,-0.111101463,-0.0213531,0.00772711635,0.230345055,-0.0533917546,0.194056273,-8.321106,0.459374249,0.127466813,1.53155971,-0.03430659,-0.0238820314,0.09155811,-0.00735458732,0.07752987,-3.041748,0.578507364,0.04890663,0.5947813,-0.0436294638,-0.009645104,0.919394553,-0.21247223,0.7769208,-7.670929,0.480722547,0.119870394,3.10685849,-0.0216715634,-0.04063654,0.341493726,-0.018565163,0.295837432,-0.192962646,0.616998732,0.05873752,1.13464832,-0.0236647539,-0.00110280514,1.44414651,-0.5892415,1.21764827,0.4312955,0.5278728,0.0266769361,3.4452405,-0.00491699949,-0.06251526,0.4784289,-0.0302230716,0.4165059,0.235322535,0.6743247,-0.478424072,-0.371260375,-0.014244386,-0.28289777,1.37403488,3.13835073,1.93175125,3.93304968
370,7.3999973781179138,1688,0,0,0,0,0,-0.00591956452,0,-0.004951505,-0.00591956452,0,-0.004951505,1,0,0,1,0.000118391239,-1.77323818E-06,9.903006E-05,0,0,0,0.0208511911,0.000435724854,0.01623901,3.1242497,0.5056668,0.0170147326,-0.1135791,-0.03482197,0.00469625,0.23164995,-0.0428103656,0.192566708,-6.538391,0.409909964,0.114168853,1.50986385,-0.04593532,-0.02465415,0.07718678,-0.00445011258,0.06698542,-2.42498779,0.5129685,0.0605853535,0.5149313,-0.06032201,0.00713759661,0.842364967,-0.115695059,0.7110703,-4.188019,0.4433631,0.104039706,2.61421061,-0.0263073947,-0.03180027,0.295994937,-0.00683003664,0.264453739,1.02904856,0.5574029,0.0902443752,1.010046,-0.0453372076,0.011182189,1.19968855,-0.177842855,1.01823366,1.06739116,0.5243945,-0.11315918,0.381325334,0.00163047016,-0.101401567,0.43075785,-0.0251247287,0.373410851,0.0981908962,0.6655717,-0.6285095,-0.008164182,-0.003561182,0.05880545,1.3740344,3.13835073,1.93175125,3.93304944
371,7.4199973710317462,1694,0,0,0,0,0,-0.00538249454,0,-0.004955933,-0.00538249454,0,-0.004955933,1,0,0,1,0.000107649852,-1.77323818E-06,9.91186243E-05,0,0,0,0.0214416552,0.0003195405,0.0159750078,2.99591732,0.453724563,0.0174307544,-0.114721268,-0.04665277,0.00282862782,0.203517064,-0.0292487741,0.1686501,-4.96759033,0.3507071,0.0987072,1.31064773,-0.0543814264,-0.0173205137,0.0662423149,-0.0031042248,0.0589958653,-1.88687134,0.4371053,0.0793777555,0.4540037,-0.0684165657,0.0180187225,0.7326733,-0.0671087354,0.617305636,-1.32357788,0.389915228,0.09169875,2.172978,-0.0413764343,-0.0282197,0.259128481,0.000355005264,0.232378334,2.1188612,0.494086444,0.112270944,0.8948987,-0.0537807867,0.00677227974,1.03135049,-0.06945062,0.8725944,0.9567963,0.5272946,-0.0216369629,-0.140920669,0.00367703056,0.0575208068,0.383298844,-0.0147969723,0.3231747,0.0758551,0.6521478,-0.720397949,0.234864965,-0.00412556157,0.2155495,1.3740344,3.138351,1.93175125,3.93304968
372,7.4399973639455776,1700,0,0,0,0,0,-0.004630573,0,-0.004684532,-0.004630573,0,-0.004684532,1,0,0,1,9.261142E-05,0,9.369061E-05,0,0,0,0.0212780852,0.000233277678,0.0161446035,2.86680627,0.5183869,0.0198874436,-0.114893332,-0.0496895947,0.00269395113,0.172743887,-0.0186797529,0.143738553,-3.62530518,0.412127852,0.08099613,1.10739708,-0.0533767939,-0.0103760958,0.0571991019,-0.00196224451,0.05111869,-1.42120361,0.484784216,0.0937091857,0.395535231,-0.06487204,0.0183044374,0.624874949,-0.0294006467,0.528857648,1.09248936,0.46103996,0.08263743,1.83155251,-0.0452342927,-0.0216262341,0.22653386,0.00541512668,0.198601782,3.069532,0.552098632,0.120162293,0.775880337,-0.0591151454,-0.00495475531,0.8850046,-0.0236821622,0.7488099,0.927679837,0.6161769,0.0125080422,-0.06195493,-0.0142795425,0.0185489133,0.336482882,-0.008563355,0.2794007,0.317912,0.7362822,-0.638946533,0.347057372,-0.116169378,0.391245961,1.36748266,3.14317632,1.93242645,3.93495083
373,7.45999735685941,1705,0,0,0,0,0,-0.005356057,0,-0.00283251028,-0.005356057,0,-0.00283251028,1,0,0,1,0.0001071211,0,5.6650184E-05,0,0,0,0.0224990789,6.54608E-05,0.0142820245,2.73775744,0.8275034,0.009219998,-0.11409267,-0.0453269333,0.00175981224,0.157322049,-0.0123063028,0.126712,-2.46920776,0.7217341,0.080283314,0.996682763,-0.0491371974,-0.0305197239,0.0485922731,-0.00111414492,0.0368743241,-1.005127,0.7806539,0.111083336,0.3119542,-0.06077183,-0.01092273,0.5348731,-0.0109150261,0.4457662,2.97328949,0.763146937,0.07588696,1.42982769,-0.05346104,-0.0220329762,0.194500238,0.008250415,0.166261688,3.89806461,0.8508882,0.130850762,0.6734996,-0.0669690743,0.00272881985,0.7419212,-0.0223938823,0.6080439,0.340098321,0.944749534,0.473766744,-0.521311343,-0.03935264,0.423370361,0.288185954,-0.00259996951,0.239463791,0.6496719,0.977010965,-0.416778564,0.309798,-0.137100786,0.35114044,1.35281539,3.14799547,1.93876076,3.93684888
374,7.4799973497732424,1709,0,0,0,0,0,-0.00772994244,0,0.000554398168,-0.00772994244,0,0.000554398168,1,0,0,1,0.000154598791,1.49011612E-08,-1.10879591E-05,0,0,0,0.0259580649,-0.0001526773,0.009640697,2.61027479,1.496017,-0.0274353027,-0.112601168,-0.04530713,0.00131323934,0.160136685,-0.008254662,0.115425676,-1.42935181,1.38307118,0.09162691,0.976765454,-0.0594405979,-0.093426466,0.0424417034,-0.000520125031,0.0191177446,-0.594574,1.43072653,0.145162448,0.223119751,-0.07063428,-0.06260985,0.453323722,-0.0002039671,0.366250038,4.117488,1.43089139,0.07160721,0.994723558,-0.0618302152,-0.00690472126,0.162021682,0.007531032,0.132497311,4.50941849,1.49588346,0.169610664,0.493752718,-0.0624856725,0.023799181,0.5851344,-0.0187197626,0.484198749,0.300716966,1.531233,0.7366263,-0.08964846,-0.0712004,0.0872061551,0.232288525,0.00111794472,0.19238019,0.955202937,1.64506257,-0.260620117,0.21360144,-0.0897923,0.227477416,1.32338619,3.15761256,1.95108223,3.9406333
375,7.4999973426870747,1714,0,0,0,0,0,-0.0118665388,0,0.005290834,-0.0118665388,0,0.005290834,1,0,0,1,0.000237330678,0,-0.000105816638,0,0,0,0.0319602862,-0.000425338745,0.00216472568,2.48592067,2.270728,-0.09988403,-0.110655837,-0.0568905957,0.003723383,0.1617275,-0.00455521047,0.09959153,-0.5696106,2.133836,0.125246361,0.939062238,-0.08871763,-0.176032543,0.0349052176,-2.26795673E-05,-0.006620707,-0.178039551,2.17343879,0.206711262,0.09832535,-0.101478472,-0.140084743,0.374129742,0.008498982,0.29510957,4.934605,2.18133974,0.124019653,0.71630013,-0.06735882,0.0303621888,0.128002912,0.00677640736,0.09419728,4.95656443,2.24807024,0.2420908,0.3906601,-0.07896295,0.0550395548,0.454982519,-0.0151727945,0.378442168,0.396505147,2.347738,0.7819932,-0.0029984694,-0.00448548049,-0.05517648,0.17223461,0.00281471014,0.144524992,1.06008673,2.41763568,-0.183013916,0.122763433,-0.0688038245,0.121598333,1.2897191,3.167201,1.96565056,3.94440365
376,7.5199973356009071,1719,0,0,0,0,0,-0.0135869952,0,0.007670175,-0.0135869952,0,0.007670175,1,0,0,1,0.0002717398,1.49011612E-08,-0.000153403438,0,0,0,0.03572769,-0.0005503893,-0.00268316572,2.36519623,2.89010286,-0.17578125,-0.108079165,-0.0880427063,0.0142687261,0.148202762,-0.00159497559,0.0812560245,0.105037607,2.70961785,0.165629223,0.829448,-0.136237532,-0.213700533,0.025157541,7.75754452E-05,-0.0249318369,0.182258382,2.74100256,0.272409678,-0.005409211,-0.151983887,-0.177560717,0.3054701,0.0106057823,0.231580332,5.522645,2.78157854,0.185830235,0.5194495,-0.114534751,0.0362454653,0.09221843,0.00678619742,0.0544000976,5.307016,2.82562613,0.324926347,0.309628,-0.12527439,0.059589684,0.35812363,-0.0109847188,0.289507717,0.498100728,2.96885419,0.791617334,0.134456858,-0.12437351,-0.215055048,0.125042126,0.00358781219,0.09326559,1.14488471,3.02707028,-0.163635254,0.0976430848,-0.09753403,0.08382216,1.26247334,3.17198443,1.97934914,3.94628263
377,7.5399973285147386,1722,0,0,0,0,0,-0.0123002138,0,0.00695463968,-0.0123002138,0,0.00695463968,1,0,0,1,0.000246004172,1.49011612E-08,-0.000139092735,0,0,0,0.0357585363,-0.0005822778,-0.003352663,2.2476182,3.94245481,-0.226409912,-0.104775153,-0.129958481,0.02772598,0.1217757,0.0002529025,0.06326222,0.6267915,3.70000839,0.192231268,0.666674852,-0.190447569,-0.197374761,0.01700453,-3.21269035E-05,-0.0298616514,0.44806543,3.724991,0.318768919,-0.0509583019,-0.204726428,-0.166891247,0.2449475,0.0106486529,0.176265582,5.96525335,3.77956772,0.220032915,0.391089976,-0.18049781,0.0124067366,0.06050071,0.0055603385,0.0193693712,5.53783941,3.82020116,0.376300067,0.205207229,-0.185088456,0.0351679027,0.2869097,-0.00536589324,0.213403955,0.5897495,3.96742725,0.7937183,0.308322847,-0.236657023,-0.378623366,0.0845153,0.00249926746,0.0392246246,1.20546687,4.01907635,-0.14730835,0.07937009,-0.1670126,0.06886792,1.21593618,3.18153048,2.00052643,3.9500308
378,7.5599973214285709,1727,0,0,0,0,0,-0.0172211342,0,0.0128243985,-0.0172211342,0,0.0128243985,1,0,0,1,0.000344422529,0,-0.000256487867,0,0,0,0.040899083,-0.0009983033,-0.01023145,2.132862,4.66727543,-0.3137207,-0.09792319,-0.269804835,0.0425664634,0.118923075,0.00133739412,0.04921584,0.967304,4.99517,0.24384971,0.6375232,-0.2114766,-0.273221552,0.00627555326,-0.000461310148,-0.0554263666,0.6705911,5.016215,0.3902023,-0.211139411,-0.228628635,-0.240994632,0.195660383,0.008642197,0.128130019,6.212229,5.053429,0.27810812,0.222399592,-0.152308285,0.0415921956,0.03368643,0.00536647439,-0.0124560688,5.74566936,5.088942,0.46320048,0.182778656,-0.1585601,0.06462033,0.219672963,-0.006508246,0.148358226,0.834111631,5.124353,0.6852146,0.316408038,-0.238323212,-0.442694634,0.04952273,0.00205524266,0.00315177068,1.190107,5.167463,-0.15222168,0.0696324,-0.2107369,0.0697672144,1.16056967,3.19104815,2.02547836,3.95376682
379,7.5799973143424033,1731,0,0,0,0,0,-0.02189344,0,0.0178557821,-0.02189344,0,0.0178557821,1,0,0,1,0.0004378686,1.49011612E-08,-0.0003571155,0,0,0,0.0527219065,0.0005671382,-0.0235975683,2.01886725,6.135905,-0.413299561,-0.0947418,-0.5106061,0.0542382449,0.120296776,0.0019429177,0.0383466,1.15579307,7.61205626,0.307401419,0.625026345,-0.26691854,-0.349226475,-0.00251182076,-0.00116708875,-0.0811599642,0.8477585,7.630055,0.4807411,-0.362185955,-0.2879289,-0.312717736,0.161489442,0.004595235,0.08812401,6.297377,7.654821,0.36062482,0.0843226463,-0.13430424,0.06387094,0.0125602167,0.00564010441,-0.04361566,5.927743,7.695815,0.580299258,0.170031592,-0.137399182,0.08923917,0.160624,-0.008013934,0.0947020352,0.8988671,7.717452,0.6167147,0.210048124,-0.190314323,-0.356261432,0.0251999628,0.00148253143,-0.0123441312,1.27406514,7.73514128,-0.08920288,0.0936159939,-0.161447152,0.1035188,1.06169033,3.19104767,2.07901,3.95376468
380,7.5999973072562357,1736,0,0,0,0,0,-0.0389208,0,0.0330874361,-0.0389208,0,0.0330874361,1,0,0,1,0.0007784157,1.49011612E-08,-0.000661748461,0,0,0,0.07983862,0.00194685161,-0.0509147234,1.90585625,6.505987,-0.6213379,-0.09133098,-0.9318197,0.0724798441,0.170046717,0.00305908918,0.0382706225,1.10142994,10.3018885,0.456760734,0.8577478,-0.322763741,-0.6126511,-0.01137063,-0.00298219919,-0.150654316,1.09472251,10.3221359,0.693027258,-0.7312652,-0.357407451,-0.54655695,0.146734357,-0.0032402277,0.0573871061,6.0898695,10.3196592,0.5519465,-0.152412951,-0.0931794643,0.185220227,-0.00175983924,0.009760797,-0.0797389746,6.237552,10.3730211,0.856734037,0.295606256,-0.08390123,0.203569829,0.102748871,-0.0146160871,0.0482378267,0.871610165,10.288228,0.609138966,0.122627676,-0.171492964,-0.3269807,0.0108055854,0.005927235,-0.01796497,1.38976669,10.3531046,-0.0333557129,0.126495063,-0.110329494,0.059082672,0.962458849,3.18629313,2.13043022,3.9519012
381,7.619997300170068,1741,0,0,0,0,0,-0.04619071,0,0.0373333357,-0.04619071,0,0.0373333357,1,0,0,1,0.0009238138,-5.364418E-06,-0.0007466664,0,0,0,0.102385171,0.003950551,-0.0679043755,1.78906882,6.60057449,-0.786010742,-0.08464492,-1.13156784,0.13439779,0.185480356,0.00270880759,0.0394002534,0.927861154,12.8556156,0.5954713,0.8659918,-0.579248369,-0.6892772,-0.008093375,-0.00454476476,-0.182530969,1.32115328,12.8785944,0.9243278,-0.8439796,-0.618806839,-0.6162209,0.1484705,-0.00550180674,0.0392760225,5.791826,12.9077415,0.7234674,-0.2201983,-0.26924175,0.184931129,-0.0143454736,0.0104494691,-0.121135741,6.50901937,12.9503689,1.1532222,0.2732829,-0.286411077,0.213064745,0.09435471,-0.0201166272,0.0150865428,0.727957666,12.9336519,0.654923439,-0.00340431184,-0.258486152,-0.228337467,-0.00603639055,0.00753363967,-0.06123049,1.50120461,12.90083,0.03687449,0.114644185,-0.274781436,0.0209534615,0.858121634,3.17676139,2.18169022,3.94815874
382,7.6399972930838995,1746,0,0,0,0,0,-0.0507687181,0,0.03789374,-0.0507687181,0,0.03789374,1,0,0,1,0.001015374,1.49011612E-08,-0.000757874455,0,0,0,0.120414823,0.005039543,-0.07755855,1.67591715,5.59296131,-0.874053955,-0.07241691,-1.20957053,0.209218279,0.1900826,0.00195091963,0.0432176627,0.685998857,14.1775761,0.712682068,0.84962213,-0.828419149,-0.722170949,-0.00269881822,-0.00599494576,-0.199547529,1.51503527,14.2031107,1.15787756,-0.9042469,-0.8672937,-0.6446561,0.1538821,-0.00491569936,0.031500455,5.466142,14.272172,0.84477365,-0.185815915,-0.5097301,0.147922128,-0.024186831,0.00897796452,-0.163121521,6.69809532,14.3722124,1.42302966,0.208029747,-0.476129651,0.190818667,0.11644721,-0.0231236964,-0.0110706231,0.6870826,14.2940655,0.670832336,-0.101378664,-0.5065031,-0.095203,-0.01991568,0.00582264364,-0.128679574,1.59875059,14.4545164,0.02012266,0.07790818,-0.364149243,-0.0217440575,0.7901139,3.1624105,2.21775055,3.94252944
383,7.6599972859977319,1749,0,0,0,0,0,-0.04065107,0,0.02807175,-0.04065107,0,0.02807175,1,0,0,1,0.0008130211,0,-0.0005614348,0,0,0,0.112198971,0.00308649242,-0.06522277,1.57746422,6.33143044,-0.792449951,-0.0541844,-0.976816356,0.287155539,0.155632079,0.0007442981,0.0381469727,0.5292185,16.16398,0.7468406,0.628667951,-1.11375237,-0.5647106,0.0009826384,-0.00562590361,-0.172377437,1.588084,16.1951389,1.27407408,-0.723823547,-1.13650191,-0.5098022,0.1552471,-0.00169464946,0.0302754063,5.222028,16.3100567,0.8551804,-0.07384004,-0.851496637,0.0246804357,-0.033487577,0.002960503,-0.192604452,6.70373344,16.44143,1.51570535,0.0249655284,-0.8382994,0.07637866,0.157984912,-0.02379267,-0.0291728638,0.666699767,16.415062,0.648116946,-0.135406226,-0.8255327,-0.09034177,-0.02153746,0.000955253839,-0.215449125,1.61614859,16.6277237,0.006651008,0.01844548,-0.747562,-0.0004178807,0.6813657,3.13835049,2.27054977,3.933052
384,7.6799972789115643,1754,0,0,0,0,0,-0.0513449237,0,0.03245056,-0.0513449237,0,0.03245056,1,0,0,1,0.001026898,0,-0.000649010937,0,0,0,0.132642448,0.004165098,-0.07563064,1.4928894,6.494267,-0.7602539,-0.0438096821,-1.12404406,0.297017336,0.180428192,0.000428333879,0.05101318,0.282493174,18.0385189,0.806117833,0.7931767,-1.16609657,-0.7126576,0.006289701,-0.007872522,-0.209695429,1.663186,18.0749626,1.44119954,-0.9523407,-1.1982857,-0.644109249,0.157732546,-0.003197521,0.0301276054,4.915144,18.13086,0.8989414,-0.145738751,-0.913634956,0.07682039,-0.0378915742,0.00426737964,-0.220001414,6.74462843,18.2688618,1.6859169,0.07197021,-0.9216472,0.133512631,0.164333433,-0.0260176957,-0.0461346731,0.6494228,18.1355,0.611696839,-0.1508656,-1.02041757,-0.102679245,-0.01841663,0.00156962872,-0.249447837,1.63278,18.3219986,0.00641762,0.023208797,-0.992046833,0.003532879,0.572474957,3.11897731,2.313671,3.92540717
385,7.6999972718253966,1757,0,0,0,0,0,-0.0549480766,0,0.0316447057,-0.0549480766,0,0.0316447057,1,0,0,1,0.0010989611,1.49011612E-08,-0.0006328939,0,0,0,0.141617969,0.00501334667,-0.07526333,1.41983461,5.097557,-0.695922852,-0.03165014,-1.17577958,0.328255475,0.188727036,-0.000436633825,0.0599502064,0.06108033,17.099617,0.821467638,0.7991458,0.2115295,-0.739416,0.0153555805,-0.0089719,-0.227125585,1.7141788,17.10459,1.52684772,-1.03213787,0.169214129,-0.6154844,0.160450891,-0.00306643546,0.0450453721,4.5840807,17.3131561,0.926839054,-0.144966066,-1.9953661,0.06425963,-0.0463528261,0.00360520184,-0.2434942,6.77301,17.43281,1.80568433,0.0510706827,-2.02492547,0.09347354,0.192291945,-0.0248986185,-0.06839092,0.6314756,17.55321,0.572060764,-0.148378626,-1.874248,-0.0930549353,-0.000522173941,0.00156456232,-0.301927239,1.65706813,17.7129765,0.009931273,0.0269609615,-1.85213661,0.00608191453,0.518429756,3.10437512,2.336176,3.919647
386,7.719997264739229,1761,0,0,0,0,0,-0.03628001,0,0.0195048042,-0.03628001,0,0.0195048042,1,0,0,1,0.000725599937,0,-0.000390095927,0,0,0,0.11395257,0.00116607547,-0.05296507,1.36465824,5.251332,-0.486938477,-0.0166618079,-0.8432759,0.3594924,0.140192926,-0.0007856637,0.0493649431,-0.0139160156,17.28483,0.789005935,0.511910737,-0.0115960091,-0.493653655,0.01033373,-0.00651960075,-0.177114487,1.62505734,17.2847958,1.5133152,-0.740742266,-0.03923276,-0.390360475,0.1641585,9.800494E-05,0.0435108654,4.44397974,17.4646263,0.8597324,-0.005426416,-1.63949668,-0.07149884,-0.0405570567,-0.004325241,-0.263840377,6.60843468,17.5848217,1.72150338,-0.162168369,-1.63906026,-0.0292933062,0.233993053,-0.0219544023,-0.0593822449,0.630588353,17.6338921,0.537517,-0.12995486,-1.71663523,-0.08270409,0.0124540348,-0.00518013537,-0.3669488,1.60465741,17.79842,-0.00219726563,-0.0441048443,-1.673795,0.0115400478,0.437548161,3.094606,2.35907745,3.91577339
387,7.7399972576530613,1766,0,0,0,0,0,-0.0382879525,0,0.0189594366,-0.0382879525,0,0.0189594366,1,0,0,1,0.000765758741,-5.96046448E-07,-0.000379188568,0,0,0,0.109900177,9.201467E-05,-0.0474693328,1.321108,4.446993,-0.336761475,-0.01151827,-0.800591946,0.328178376,0.138391271,-0.00102297962,0.05019884,-0.115112305,16.44491,0.7495929,0.542421,0.08187581,-0.5370717,0.01566701,-0.00699469447,-0.1831706,1.5166589,16.4437447,1.4892875,-0.8160639,0.0528343171,-0.43298462,0.159170151,0.000429704785,0.0414837748,4.348376,16.6120148,0.786000967,-0.00102238357,-1.67970419,-0.06809763,-0.0349589251,-0.004471883,-0.2712722,6.441677,16.7169533,1.6495887,-0.15243879,-1.69090521,-0.0192339122,0.239048451,-0.0201058686,-0.052153185,0.642692745,16.7730484,0.509649754,-0.1181519,-1.72320759,-0.073050566,0.02144691,-0.006020099,-0.377456158,1.54022455,16.8968277,-0.00698852539,-0.04874835,-1.71948493,0.01425885,0.395492077,3.08481,2.37285614,3.91189384
388,7.7599972505668928,1771,0,0,0,0,0,-0.0256390069,0,0.0122420536,-0.0256390069,0,0.0122420536,1,0,0,1,0.0005127799,1.49011612E-08,-0.00024484098,0,0,0,0.09441972,-8.691847E-05,-0.03614118,1.28248453,3.60641623,-0.139984131,-0.0129654482,-0.6163473,0.292120039,0.109247223,-0.00090521574,0.03758142,-0.138214111,15.4112072,0.665939331,0.386677563,-1.45138085,-0.410254657,0.0124864466,-0.00534552336,-0.153355122,1.31693292,15.4078312,1.39320445,-0.638324261,-1.46333969,-0.3735577,0.157001823,0.00157701969,0.037620537,4.360969,15.5445509,0.663023531,0.07776763,-1.33807468,-0.1380339,-0.02376385,-0.007912815,-0.275110245,6.1766715,15.6377869,1.48144341,-0.229634449,-1.340195,-0.08946175,0.240608633,-0.0186812729,-0.03411393,0.6571353,15.6520634,0.484601349,-0.11087124,-1.40455544,-0.06358566,0.0277639721,-0.008825943,-0.384455144,1.450565,15.75989,-0.0160827637,-0.0734882653,-1.38653338,0.01869937,0.376814842,3.07990217,2.37906075,3.909951
389,7.7799972434807252,1775,0,0,0,0,0,-0.0129176388,0,0.006360789,-0.0129176388,0,0.006360789,1,0,0,1,0.000258352666,0,-0.000127215724,0,0,0,0.0741201639,-0.0007483214,-0.0240106657,1.2440877,4.119198,0.07907893,-0.0183539987,-0.379984617,0.2431621,0.07601302,-0.0005480945,0.0200049,-0.08996582,14.9720669,0.535885632,0.191739231,-1.48865974,-0.263781518,0.00696595525,-0.00336234272,-0.118609533,1.054629,14.9663668,1.2091459,-0.4528415,-1.492863,-0.243972063,0.138338983,0.00344440341,0.03390228,4.515152,15.1024075,0.5001058,0.169349968,-1.4255805,-0.192623466,-0.02005364,-0.009869367,-0.257759362,5.8438983,15.1779079,1.22479117,-0.270242184,-1.42844617,-0.161209226,0.24139747,-0.0158929676,-0.0213847142,0.6854427,15.222477,0.471754342,-0.09399899,-1.44538009,-0.0524169579,0.04058539,-0.0108688027,-0.384672284,1.3374033,15.3071384,-0.02658081,-0.08987843,-1.44137633,0.0224094018,0.328053,3.074987,2.389412,3.90799856
390,7.7999972363945576,1780,0,0,0,0,0,-0.0192988086,0,0.008725709,-0.0192988086,0,0.008725709,1,0,0,1,0.000385976018,1.49011612E-08,-0.00017451412,0,0,0,0.06956056,-0.00115942955,-0.0203974284,1.207613,4.21617031,0.183634937,-0.0204686671,-0.457970142,0.18936871,0.0847806856,-0.000562831759,0.0269786511,-0.121459961,14.6190586,0.440363854,0.290638864,-1.34905422,-0.3402014,0.0154498853,-0.00353105366,-0.131031081,0.8364111,14.6087227,1.07986951,-0.55826503,-1.3640157,-0.326764524,0.122174308,0.00258620083,0.0309438538,4.60590839,14.6935863,0.392292231,0.105977565,-1.281455,-0.123543754,-0.0157290548,-0.00586956739,-0.23893021,5.524459,14.7051468,1.09000111,-0.175147891,-1.32001388,-0.0819422,0.212329865,-0.016275838,-0.0210546367,0.7122276,14.7317362,0.4530951,-0.0976286754,-1.3651526,-0.05293992,0.0399741419,-0.007866308,-0.345676184,1.27926612,14.6464119,0.01919419,-0.0425897166,-1.45147312,0.0268362761,0.285128117,3.06513762,2.40115929,3.90409184
391,7.81999722930839,1785,0,0,0,0,0,-0.01983588,0,0.008538703,-0.01983588,0,0.008538703,1,0,0,1,0.000396717427,0,-0.000170774,0,0,0,0.0651086643,-0.0009875894,-0.0165006854,1.17035675,4.10769,0.241476268,-0.0245451853,-0.5002597,0.151073411,0.0862353,-0.0005054176,0.0308025945,-0.167144775,14.1819334,0.3576498,0.3026268,-1.32395351,-0.3444676,0.0197880212,-0.00294685364,-0.130162448,0.6407849,14.1631374,0.9730883,-0.5546444,-1.3420217,-0.328538656,0.113845736,0.001824066,0.03242392,4.63376474,14.2479439,0.3108427,0.07367116,-1.22030985,-0.0931002945,-0.00754953176,-0.004088685,-0.2268575,5.26194334,14.24124,0.9902576,-0.129222214,-1.22984362,-0.06402145,0.1866703,-0.0168239176,-0.0174079239,0.7300883,14.2871141,0.429134,-0.1030609,-1.24414122,-0.050986398,0.03911361,-0.00541000068,-0.3124035,1.22140408,14.1788559,0.046397727,-0.04117032,-1.24064577,0.00557468459,0.24588871,3.06020236,2.408598,3.90213323
392,7.8399972222222223,1789,0,0,0,0,0,-0.01810252,0,0.00746938772,-0.01810252,0,0.00746938772,1,0,0,1,0.000362050225,0,-0.000149387692,0,0,0,0.05909577,-0.00104013085,-0.0122121368,1.13032484,5.87309551,0.279221028,-0.0285300761,-0.4745815,0.124189876,0.07999065,-0.000458166,0.0310189445,-0.205474854,15.5530462,0.282617658,0.278213352,-1.30770063,-0.313241273,0.0211200118,-0.00227220356,-0.120788917,0.4573549,15.5290365,0.8738162,-0.5085584,-1.32196641,-0.2996578,0.103693634,0.00182986259,0.03494708,4.64452076,15.624507,0.241544515,0.06639093,-1.2043407,-0.0801995248,-0.00185424183,-0.00329202414,-0.21121341,5.02729368,15.6169643,0.8972544,-0.10739591,-1.20229268,-0.0630734861,0.172364265,-0.016303584,-0.0118589653,0.7467845,15.6907482,0.407180935,-0.102102339,-1.20923877,-0.0439170673,0.044845216,-0.005052194,-0.289541125,1.16815221,15.6000242,0.06709522,-0.0347413756,-1.17940784,-0.004961201,0.133997917,3.03542972,2.432705,3.89227986
393,7.8599972151360538,1792,0,0,0,0,0,-0.04248488,0,0.0145896161,-0.04248488,0,0.0145896161,1,0,0,1,0.0008496973,0,-0.0002917922,0,0,0,0.0785193443,-0.00135424733,-0.0182441752,1.10363841,7.494744,0.105810665,-0.026315853,-0.910146534,0.0824414939,0.136092916,-0.0009728521,0.07489172,-0.420074463,18.2872658,0.3173904,0.677692354,-1.20509756,-0.6116951,0.0486867577,-0.00340411067,-0.18370828,0.423724681,18.2633114,0.959307969,-0.8910426,-1.23504829,-0.5736797,0.109092884,-0.00293543935,0.0447380245,4.36431551,18.2931042,0.3080259,-0.162411287,-1.00097489,0.09461966,0.008900884,0.0028103888,-0.208226815,5.00155258,18.2836361,1.06351662,0.122217141,-1.01400685,0.109721094,0.14249669,-0.02328436,-0.0280452557,0.7898023,18.2956638,0.122387119,-0.0868935,-1.09660268,-0.197234765,0.0380713828,0.00144462287,-0.2372574,1.13649654,18.1409187,0.146492109,-0.00251602288,-1.09658945,0.0392654464,-0.0246138573,3.00047374,2.45724487,3.87833738
394,7.8799972080498861,1798,0,0,0,0,0,-0.06739309,0,0.0190815143,-0.06739309,0,0.0190815143,1,0,0,1,0.00134786125,1.49011612E-08,-0.000381630118,0,0,0,0.107947819,-0.0008597523,-0.0245464481,1.07703018,10.551239,-0.202575684,-0.0260651112,-1.3717711,0.09270632,0.191966563,-0.00239114463,0.122453123,-0.7590637,22.4279423,0.413553566,1.00118721,0.3698516,-0.9077158,0.08394514,-0.00493483245,-0.2482897,0.5032327,22.4217567,1.163671,-1.25489509,0.32496357,-0.77644,0.122474074,-0.00483287871,0.07579002,3.839245,22.55097,0.4682575,-0.286214441,-1.973903,0.226977527,0.0178295784,0.008394942,-0.225085,5.218206,22.598196,1.41280067,0.327306658,-1.91912866,0.210699677,0.147133484,-0.0224785656,-0.0361303277,0.804283,22.7139263,0.102692313,-0.09489151,-1.878078,-0.0102325305,0.05884757,0.008170649,-0.2275093,1.107062,22.8323421,0.214092016,0.00331091136,-1.61790049,0.03181114,-0.298117161,2.9398284,2.474268,3.85401964
395,7.8999972009637185,1803,0,0,0,0,0,-0.117282055,0,0.02243317,-0.117282055,0,0.02243317,1,0,0,1,0.00234564021,0,-0.000448663224,0,0,0,0.180376291,0.00439724326,-0.0378689356,1.03904021,10.1596756,-0.7144165,-0.0336729,-2.12215233,0.138056979,0.279856563,-0.00665687025,0.218437165,-1.31015015,21.9834347,0.672286332,1.66961181,0.786695,-1.494307,0.158395112,-0.00957334,-0.360927,0.809114456,21.9874039,1.5585674,-1.9900589,0.6891612,-1.22319031,0.12385276,-0.00677862763,0.146288037,2.8624835,22.4058533,0.876054049,-0.49221307,-4.69271231,0.518244565,0.01194054,0.0192635059,-0.256651223,5.81102276,22.5443249,2.08713818,0.6897092,-4.672904,0.386741638,0.221509874,-0.0205314159,-0.08241768,0.7947435,23.1529827,0.04637407,-0.124470055,-4.35950947,-0.0208515376,0.133693427,0.02052404,-0.25160113,1.2095983,23.34939,0.450788319,0.144733429,-4.20726633,0.118136369,-0.5191417,2.89890838,2.46042061,3.83755755
396,7.9199971938775509,1807,0,0,0,0,0,-0.114940338,0,0.0120328162,-0.114940338,0,0.0120328162,1,0,0,1,0.00229880586,1.49011612E-08,-0.000240656227,0,0,0,0.224332526,0.0111448914,-0.0278597511,0.9685412,14.9204273,-0.9989624,-0.0209207013,-2.26857352,0.269210339,0.262141973,-0.0110306889,0.264382035,-1.70303345,26.81358,0.986711,1.63560033,0.544698,-1.42240036,0.188566744,-0.0125899166,-0.346530855,1.10796988,26.81741,1.9301635,-1.88760149,0.455797464,-1.10607314,0.161466137,-0.00272279978,0.199006289,1.9506489,27.151247,1.2881974,-0.389024347,-4.85802269,0.435133636,0.04243768,0.0184009373,-0.319854677,6.252301,27.3367157,2.59340286,0.429300785,-4.848783,0.321013659,0.353903532,-0.003213361,-0.0570538938,0.5792394,27.6697178,0.171947718,-0.167210177,-5.004825,0.5390138,0.224770755,0.0249695331,-0.369026273,1.26541376,27.92807,0.696294963,0.124259606,-4.898053,0.194094226,-0.958379745,2.821171,2.36816216,3.80600715
397,7.9399971867913832,1812,0,0,0,0,0,-0.192138538,0,-0.006509372,-0.192138538,0,-0.006509372,1,0,0,1,0.00384276919,0,0.000130187385,0,0,0,0.346187949,0.0219702572,-0.0156518929,0.8788619,15.39106,-1.57797241,-0.0300175585,-3.39335656,0.374163151,0.35874033,-0.0239150524,0.446197927,-2.4236145,27.13217,1.57914937,2.62242413,1.25794816,-2.43854547,0.35872224,-0.026553303,-0.490191549,1.81107545,27.17967,2.54705739,-3.12177968,1.0990926,-1.78909111,0.185577214,0.00774264336,0.281824619,0.5769927,27.6522579,2.03038549,-0.63341856,-7.65333843,0.8618209,0.0795253962,0.04057677,-0.397731364,7.133723,27.9115334,3.5498395,0.966472149,-7.672032,0.53397727,0.4804071,0.0356004238,-0.07165776,0.16854164,28.6449089,1.404495,-0.03288886,-7.46330452,1.28351176,0.327341259,0.0454244763,-0.413546383,1.59921885,28.789959,0.8788921,0.3215653,-7.4100647,-0.04626967,-1.337079,2.75278139,2.21544075,3.77806354
398,7.9599971797052147,1818,0,0,0,0,0,-0.203074411,0,-0.035592135,-0.203074411,0,-0.035592135,1,0,0,1,0.00406148657,0,0.00071184244,0,0,0,0.4185835,0.03511724,0.03836447,0.7538832,16.47199,-1.89428711,0.0278510451,-3.86567235,0.6219957,0.319939345,-0.0362356752,0.5503308,-2.95986938,28.2280674,2.21139383,2.68619919,1.07532692,-2.616459,0.463888437,-0.03865671,-0.47440502,2.53683186,28.3261776,3.05452776,-3.29581881,0.9007513,-1.75268006,0.247358859,0.0234933943,0.375504822,-0.737243652,28.7234039,2.82610178,-0.516051948,-8.265551,0.7925392,0.18035917,0.0476926565,-0.509486735,8.003899,29.0865459,4.267693,0.8343138,-8.263591,0.3915364,0.6751837,0.08329113,0.026767008,-0.0207214355,29.7052135,2.76688743,-0.08143389,-8.298515,0.936171353,0.485471368,0.05260925,-0.5146779,2.022055,29.8266449,1.00865722,0.380104363,-8.220261,0.0478242934,-1.73721886,2.67813563,1.96262932,3.74729943
399,7.9799971726190471,1823,0,0,0,0,0,-0.215641662,0,-0.07637789,-0.215641662,0,-0.07637789,1,0,0,1,0.00431283144,1.49011612E-08,0.00152755715,0,0,0,0.479864419,0.04648061,0.115328491,0.671518564,13.5619984,-2.05444336,0.108775675,-4.28271866,0.8349534,0.259277761,-0.0502080768,0.661115468,-3.42507935,25.2448959,2.881353,2.873227,1.170437,-2.96297359,0.597331762,-0.0545537621,-0.44285515,3.33338976,25.432354,3.46492958,-3.69979048,0.9534142,-1.852356,0.2924502,0.0318790525,0.4692208,-1.98196411,25.7781029,3.600574,-0.445584178,-9.031944,0.745643735,0.315353751,0.0517628044,-0.5990585,8.851922,26.2523689,4.847305,0.7686428,-9.050207,0.303791046,0.88328445,0.110523619,0.185207322,-0.378509521,27.0201263,3.3570683,-0.45107,-8.919097,0.605000138,0.6561525,0.05344951,-0.600342631,2.46959066,26.9477367,1.068506,0.390304655,-8.957482,0.00266709924,-1.98787689,2.63504124,1.736063,3.72947884
400,7.9999971655328794,1826,0,0,0,0,0,-0.168984264,0,-0.08725529,-0.168984264,0,-0.08725529,1,0,0,1,0.003379684,1.49011612E-08,0.00174510514,0,0,0,0.425015479,0.04128802,0.1653582,0.711979151,15.1229391,-1.76275635,0.261297375,-3.73272562,1.06419253,0.149979159,-0.04970357,0.6128146,-3.5670166,26.8782043,3.26844859,2.281716,0.616651535,-2.48969984,0.574434936,-0.0546690524,-0.3280783,3.74138427,27.114872,3.64057922,-3.12217546,0.415407956,-1.40263653,0.34780556,0.0183155984,0.5511004,-2.78063965,27.227869,3.934283,-0.218349651,-7.606617,0.2103059,0.48666656,0.0194282532,-0.649799168,9.118148,27.8131237,4.90646839,0.112062424,-7.55212831,0.0860187858,1.0048182,0.0696741343,0.446124136,-0.7447815,28.1204624,3.64727545,-0.440429658,-7.86837053,0.296546936,0.864618242,0.0146681815,-0.666425765,2.721291,28.16154,0.900062144,0.1475808,-7.682903,-0.14729467,-2.27690744,2.59164214,1.36871529,3.711374
401,8.0199971584467118,1831,0,0,0,0,0,-0.17144464,0,-0.127854347,-0.17144464,0,-0.127854347,1,0,0,1,0.0034288913,1.49011612E-08,0.00255708583,0,0,0,0.433012784,0.0432380736,0.240521416,0.87301445,15.0032005,-1.59631348,0.335684061,-3.99064183,1.07216859,0.0841496,-0.0618362576,0.689558446,-3.82473755,26.5912876,3.60758376,2.51900864,1.024965,-2.97409821,0.7008126,-0.07077974,-0.27412352,4.140359,26.9029827,3.7738204,-3.72784066,0.7607557,-1.61659718,0.350358069,0.0172686428,0.633625,-3.60293579,26.9787521,4.20319366,-0.244839311,-8.380576,0.229265451,0.628590763,0.0199420452,-0.6492695,9.381569,27.6710014,5.09406,0.184930086,-8.345308,0.1397908,1.0719918,0.0559534431,0.6501237,-1.0166626,28.0771484,3.83170938,-0.3756633,-8.322476,0.230062619,1.000027,0.0143125653,-0.6323259,2.89354587,28.1548443,0.8103143,0.127466455,-8.206887,-0.05582887,-2.47817326,2.56436872,0.986150742,3.699976
402,8.0399971513605433,1835,0,0,0,0,0,-0.148376584,0,-0.150188729,-0.148376584,0,-0.150188729,1,0,0,1,0.00296753063,0,0.00300377328,0,0,0,0.392186522,0.04482451,0.2968974,1.12451363,16.3296776,-1.41146851,0.422886848,-4.05083466,1.09988737,-0.00767006,-0.0672113746,0.7030852,-4.04000854,27.8571186,3.81024742,2.40216851,0.9648855,-3.04804373,0.7483713,-0.07648216,-0.179762989,4.3478,28.213562,3.850219,-3.8067832,0.669057131,-1.51830339,0.33226487,0.0141762644,0.7373613,-4.406708,28.1885147,4.363703,-0.22528486,-8.351829,0.06878883,0.7820231,0.009972051,-0.6169238,9.487032,28.9810352,5.223338,0.000851407647,-8.314985,0.135446191,1.08874679,0.059003666,0.8866171,-1.352417,29.2852383,3.98620176,-0.463431537,-8.415923,0.206928551,1.15985465,0.009838596,-0.5570522,2.99507332,29.4393139,0.7950008,0.08042853,-8.266016,0.0116334185,-2.63491631,2.542469,0.463470459,3.69076371
403,8.0599971442743765,1840,0,0,0,0,0,-0.1315097,0,-0.189521685,-0.1315097,0,-0.189521685,1,0,0,1,0.002630193,1.49011612E-08,0.00379043235,0,0,0,0.364501834,0.05118601,0.3821757,1.44552326,15.9818707,-1.41110229,0.44916153,-4.632087,1.04735231,-0.122615784,-0.07819486,0.748063564,-4.334076,27.39736,4.00781059,2.56369519,1.21231949,-3.41453838,0.834222734,-0.08754645,-0.06247002,4.55292845,27.80664,3.9546957,-4.23722935,0.86077857,-1.61594152,0.273196727,0.0197835863,0.835394144,-5.350342,27.7264,4.560261,-0.2886315,-9.076863,0.121467859,0.921714664,0.01394178,-0.5459772,9.62818,28.6262779,5.477433,0.0593908131,-9.05629,0.209751338,1.07027888,0.0780677944,1.12594891,-1.81826782,28.9860058,4.21007442,-0.5700854,-9.052607,0.3042649,1.29518223,0.016486451,-0.4350309,3.04025078,29.1772118,0.94394654,0.103558734,-8.938951,0.135250553,-2.674992,2.542469,0.0455780029,3.69077349
404,8.079997137188208,1845,0,0,0,0,0,-0.0972368941,0,-0.204746321,-0.0972368941,0,-0.204746321,1,0,0,1,0.001944737,1.49011612E-08,0.004094925,0,0,0,0.293608159,0.0530551821,0.4294185,1.80110407,12.2716169,-1.41891479,0.50267154,-4.6403,1.06151581,-0.235947073,-0.08194859,0.717191339,-4.606964,23.67966,4.12418842,2.41862154,1.08977234,-3.402123,0.8330328,-0.0893178,0.06469474,4.616064,24.1136169,4.081141,-4.20663357,0.7205074,-1.47344208,0.192221612,0.0188387632,0.9329327,-6.34213257,23.9202366,4.65770435,-0.306054771,-8.95803452,-0.0138418376,1.059959,0.005358219,-0.431565642,9.6201,24.922924,5.69314957,-0.111725956,-8.931988,0.230321661,0.970454633,0.09205195,1.39148235,-2.4760437,25.136055,4.420806,-0.7588132,-9.066284,0.314335346,1.43449485,0.0125235468,-0.268361449,3.030652,25.4090443,1.1523962,0.06294985,-8.910903,0.190368891,-2.65894747,2.553428,-0.257047653,3.695412
405,8.0999971301020413,1850,0,0,0,0,0,-0.05599632,0,-0.1624607,-0.05599632,0,-0.1624607,1,0,0,1,0.001119926,0,0.00324921263,0,0,0,0.203543708,0.04322733,0.40183872,2.19531465,14.3869982,-1.12631226,0.5471841,-3.599812,1.0859201,-0.254585773,-0.06707588,0.574986339,-4.74472046,25.99132,3.91269016,1.71033251,0.4494989,-2.70976472,0.692994356,-0.071706295,0.117969513,4.234656,26.3465881,4.200889,-3.36507583,0.14182514,-0.9661429,0.115624383,-0.00572681427,1.00495458,-7.083618,25.9972038,4.181401,-0.21047166,-6.91053724,-0.574227,1.15414572,-0.0338645428,-0.26492852,9.012087,27.011858,5.60811663,-0.700702667,-6.86568165,0.146534741,0.722001135,0.0547445267,1.60995817,-3.24240112,26.7008,4.13209867,-0.971832335,-7.30996656,-0.132674217,1.5505954,-0.0278209448,-0.07737467,2.7091043,27.1729851,1.25959969,-0.22675617,-7.04367,0.158601522,-2.55937433,2.59164214,-0.7121372,3.71135354
406,8.1199971230158727,1855,0,0,0,0,0,-0.0329574831,0,-0.202200249,-0.0329574831,0,-0.202200249,1,0,0,1,0.0006591494,1.49011612E-08,0.00404400332,0,0,0,0.1418492,0.0390191823,0.434257746,2.60522461,12.1882734,-1.1875,0.527518153,-3.968569,0.9954828,-0.3643776,-0.08066501,0.59152627,-5.10244751,23.6840134,3.77153158,2.063184,1.01877272,-3.25594139,0.7437692,-0.08397247,0.26523903,4.020692,24.0102272,4.35124636,-4.018317,0.687433064,-1.30217052,-0.0128700286,0.009768128,1.02533066,-7.96600342,23.7384777,3.919426,-0.2587485,-7.863629,-0.284074,1.18209791,-0.0101277828,-0.10492374,8.60519,24.781538,5.84323072,-0.3070928,-7.86494827,0.278631359,0.5126354,0.06716174,1.71506727,-3.92810059,24.6447353,3.97951674,-0.846626,-7.829743,0.05386293,1.5226891,-0.003196016,0.112776928,2.43711376,25.2164822,1.583251,-0.08715177,-7.69215965,0.337890446,-2.440938,2.63504124,-1.00354385,3.72943974
407,8.1399971159297042,1860,0,0,0,0,0,-0.009078568,0,-0.170316637,-0.009078568,0,-0.170316637,1,0,0,1,0.000181571289,1.49011612E-08,0.00340633141,0,0,0,0.07281491,0.03927937,0.419699937,2.984957,10.4718781,-1.05993652,0.5075,-3.43400478,0.9859686,-0.3826539,-0.07065539,0.492527664,-5.36135864,22.1249447,3.44297147,1.64390182,0.5629978,-2.82629681,0.6378889,-0.07020123,0.307408124,3.535136,22.3416367,4.49836636,-3.46979237,0.28905946,-0.9921738,-0.154388353,0.000124335289,1.04333067,-8.726685,22.040659,3.439502,-0.156987712,-6.65774632,-0.5820141,1.19149435,-0.0258770436,0.08043108,7.92724466,23.050127,5.920859,-0.586149156,-6.653005,0.20517695,0.222734571,0.0665842146,1.78321791,-4.71929932,22.60707,3.77970123,-0.9809305,-6.92597,-0.0449085236,1.51027036,-0.0131762773,0.343315929,2.101629,23.3354855,1.91701579,-0.172392532,-6.728932,0.354124,-2.30520248,2.68350053,-1.24249077,3.74952221
408,8.1599971088435375,1864,0,0,0,0,0,0.006177095,0,-0.1442481,0.006177095,0,-0.1442481,1,0,0,1,-0.00012354186,0,0.00288496073,0,0,0,0.0166111812,0.0307682455,0.3881215,3.352108,8.668531,-0.8489685,0.460549355,-2.950438,0.9277387,-0.382460952,-0.0618481338,0.414895833,-5.58056641,20.4560528,2.95742869,1.36264133,0.338702619,-2.533027,0.542388737,-0.0582626462,0.3358181,2.924335,20.5308323,4.626359,-3.061286,0.1288848,-0.842362642,-0.281550318,-0.009519875,1.01361179,-9.268402,20.277132,2.70957851,-0.0302619636,-5.605564,-0.7907275,1.13756311,-0.0354663,0.250060558,6.93984652,21.145,5.88849,-0.7719146,-5.63518572,0.158908784,-0.07815546,0.0387910753,1.74889326,-5.432617,20.5384827,3.35784221,-0.9478421,-5.85519838,-0.275734842,1.45273232,-0.0262430012,0.541772842,1.62694514,21.283329,2.23655558,-0.2780618,-5.74683,0.356924,-2.183341,2.72091341,-1.41584587,3.76496577
409,8.1799971017573689,1868,0,0,0,0,0,0.0118430229,0,-0.11435128,0.0118430229,0,-0.11435128,1,0,0,1,-0.00023686036,-1.17719173E-06,0.00228702463,0,0,0,-0.0241351761,0.0219138265,0.341658324,3.68576169,9.371847,-0.553405762,0.398634046,-2.442549,0.8415529,-0.360671818,-0.0506796539,0.348337471,-5.72189331,21.3011131,2.29304576,1.07089877,0.09064193,-2.20800543,0.448948652,-0.04520966,0.3359425,2.18219113,21.2090721,4.680584,-2.60398054,-0.04527069,-0.6956941,-0.398284733,-0.0185242,0.94773984,-9.502869,21.0540085,1.77513146,0.155913383,-4.460078,-0.9915863,1.04599,-0.0425869972,0.393323421,5.655171,21.7240086,5.71447325,-0.9443965,-4.49654,0.07537544,-0.355023533,0.0156511664,1.61651278,-5.65066528,21.0408115,2.42811179,-0.7401941,-4.68169451,-0.7390045,1.34477639,-0.0337996632,0.699074864,1.089048,21.7846642,2.53043032,-0.346544683,-4.59436131,0.355758339,-2.010045,2.76864481,-1.6177578,3.78454947
410,8.1999970946712022,1872,0,0,0,0,0,0.0270659551,0,-0.12135686,0.0270659551,0,-0.12135686,1,0,0,1,-0.0005413189,0,0.00242713629,0,0,0,-0.06257223,0.01898235,0.318988234,3.97289133,8.008352,-0.473358154,0.337196559,-2.430121,0.731489539,-0.409171581,-0.0528623,0.31246078,-5.918976,19.9319267,1.7117666,1.2673856,0.28890723,-2.35176325,0.406074971,-0.04448451,0.405047178,1.59289908,19.7341442,4.69964552,-2.74880719,0.216151953,-0.9159163,-0.511047959,-0.00668326,0.8369746,-9.652924,19.779562,1.0828445,0.2404134,-4.667764,-0.7748506,0.933376849,-0.0262102932,0.498854131,4.520419,20.2326164,5.678525,-0.6749092,-4.74245453,0.1171163,-0.558177,0.0135573447,1.45341539,-5.544342,19.85826,1.40388834,-0.498761833,-4.64367676,-0.621706247,1.186152,-0.0315016657,0.809070349,0.29274708,20.4257622,3.36706519,-0.406491935,-4.722538,0.80164057,-1.88241529,2.79497671,-1.74616623,3.79532337
411,8.2199970875850337,1876,0,0,0,0,0,0.0169648677,0,-0.102726176,0.0169648677,0,-0.102726176,1,0,0,1,-0.000339297228,1.49011612E-08,0.00205452275,0,0,0,-0.10974741,0.0169785917,0.265459478,4.17092228,5.973756,-0.3119812,0.2551974,-2.14365768,0.669062853,-0.395078123,-0.0433105081,0.24914661,-5.97479248,18.0124664,1.07087612,1.09122062,0.0141195357,-2.025044,0.3317958,-0.0334264636,0.3894417,0.906611562,17.6988926,4.66409159,-2.33884454,0.000409647822,-0.767529666,-0.610468268,-0.0166228265,0.720574737,-9.549622,17.85341,0.341874182,0.436087638,-3.87886572,-0.8845825,0.8126223,-0.020996213,0.588976264,3.36358976,18.1147289,5.495817,-0.717005134,-3.91556168,-0.00986442,-0.745444,-0.0138301849,1.2626369,-5.33844,17.74175,0.386772722,-0.315272063,-3.99228787,-0.68239677,1.005235,0.00221130252,0.92013216,0.08018255,18.25026,3.80630732,-0.08892547,-3.999324,0.258752972,-1.80325985,2.805471,-1.82062721,3.799618
412,8.2399970804988651,1881,0,0,0,0,0,0.01815241,0,-0.0633477345,0.01815241,0,-0.0633477345,1,0,0,1,-0.00036304805,0,0.00126695423,0,0,0,-0.120253883,0.011323452,0.208783954,4.184142,7.13534451,-0.0169372559,0.0516914427,-1.63521719,0.581817,-0.342709631,-0.0294901282,0.193727165,-5.834778,19.3041077,0.3004639,0.7752272,-0.323175341,-1.57343364,0.251303554,-0.0208166987,0.332568884,0.108475849,18.89424,4.51550436,-1.7577976,-0.271956354,-0.551156759,-0.668735445,-0.0323973,0.599528253,-9.011353,19.1221714,-0.5888977,0.7012306,-2.691111,-1.09370828,0.6678284,-0.0266247839,0.6375509,2.078071,19.18986,5.052819,-0.842574656,-2.68850183,-0.202117771,-0.8995019,-0.06612298,1.02355,-4.790283,18.7532921,-0.871246338,-0.0271980762,-2.83272052,-0.9393198,0.827169061,-0.0117620528,0.9766449,-0.00204467773,19.2360764,3.730642,-0.123610839,-2.81096,-0.119017422,-1.658721,2.82117152,-1.94300652,3.80600023
413,8.2599970734126984,1885,0,1,3.08735752,0,2.54327,154.401321,0,127.088654,19.3022671,0,15.8878117,1,0,0,1,-0.0006676118,1.49011612E-08,0.00149796426,0,0,0,-0.12996994,0.009406611,0.187615335,4.12561369,5.939793,0.012519775,-0.00317277014,-1.70576334,0.475593448,-0.384962678,-0.03334689,0.155885741,-5.77026367,18.0401115,-0.267578125,1.10165429,-0.02410987,-1.75461912,0.211237639,-0.0219905674,0.385758549,-0.426422119,17.6103649,4.3463974,-1.97059524,0.07249832,-0.8588835,-0.707632244,-0.0225709826,0.448501,-8.403198,17.9603653,-1.15997314,0.7453923,-3.177153,-0.7685075,0.5298521,-0.0118058175,0.6466995,1.12937427,17.8987427,4.82024145,-0.444345951,-3.18914413,-0.118129157,-0.966742158,-0.0904728,0.803932965,-4.37484741,17.7543812,-2.22415161,-0.106314,-3.05518937,-0.9540556,0.6287067,-0.00547574461,0.962686837,-0.02017212,18.138401,3.60384059,-0.031305708,-3.140414,-0.0571392179,-1.57177925,2.83161068,-2.00736618,3.810253
414,8.27999706632653,1890,0,1,2.99486756,0,2.65155959,135.105988,0,120.375427,18.6659279,0,16.6307888,1,0,0,1,0.292749017,0,0.244051963,0,0,0,0.177779764,0.007802546,0.407570243,4.25024462,5.149125,0.162372679,0.102312356,-1.46662056,0.426456839,-0.0236985888,-0.0204004049,0.3792744,-5.87945557,17.3269119,-0.9644165,0.708200753,-0.533176,-1.39241982,0.481670678,-0.0152380317,0.613288343,-1.33770752,16.87541,3.994339,-1.78377962,-0.131283566,-0.7149409,-0.354507625,-0.0150172412,0.633020937,-7.598572,17.2372112,-1.77020264,0.8050592,-2.49101877,-0.8408816,0.785510242,-0.0172822624,0.97351867,0.186615944,17.1359711,4.38029766,-0.5995739,-2.42708063,-0.285203785,-0.646387637,-0.0599956363,0.890848935,-3.525238,16.8547344,-3.00125122,0.391655058,-2.49964285,-0.4378692,0.834826,-0.0139675587,1.27241731,-0.0258178711,17.356739,3.370368,-0.048045177,-2.46736765,-0.149846524,-1.50012827,2.83161068,-2.06270981,3.81092834
415,8.2999970592403631,1895,0,1,2.93299031,0,2.7198472,117.783592,0,110.942192,18.1982861,0,17.1412468,1,0,0,1,0.577319264,1.49011612E-08,0.5010041,0,0,0,0.4739743,0.00401218235,0.63762784,4.30096865,4.23542,0.311873972,0.0448662937,-1.21817982,0.352307141,0.318189621,-0.0124192387,0.616597235,-6.05587769,16.17633,-1.5894165,0.49717927,-2.39077759,-0.9485289,0.7082703,-0.0091753155,0.83759284,-2.14648438,15.8642292,3.59037685,-1.32386935,-2.31725264,-0.708195269,0.004557358,-0.00735293329,0.821269333,-6.580719,16.07612,-2.35794067,0.8751451,-2.23077559,-0.801065445,0.988739967,-0.0140093118,1.24721336,-0.8581238,16.0826187,3.78632426,-0.727750361,-2.05482435,-0.359541476,-0.30608505,-0.06689569,1.01489866,-2.50338745,15.6449223,-3.53414917,0.660457134,-2.16082144,-0.4356603,1.04662228,0.00236266851,1.57174766,-0.216644287,16.3492432,2.92068219,-0.5191576,-2.070993,-0.3676822,-1.45394564,2.83682156,-2.09809875,3.81621981
416,8.3199970521541946,1898,0,1,2.83431244,0,2.82252955,99.0279,0,102.819351,17.3425579,0,18.006546,1,0,0,1,0.8537552,-1.1920929E-06,0.7661433,0,0,0,0.7657912,0.0023022294,0.8756689,4.29210043,4.710146,0.483279437,-0.000110045075,-0.951175,0.287629366,0.6589027,-0.004512459,0.8656736,-6.294403,15.6336422,-2.10079956,0.202696919,-2.379194,-0.6344483,0.9305995,-0.0045645833,1.05289316,-2.81646729,15.4479485,3.11279249,-0.934551656,-2.32884169,-0.5964675,0.362740755,-0.00448934734,1.01520336,-5.437042,15.5039749,-2.82485962,0.968603,-2.326683,-0.6979058,1.16572523,-0.007008165,1.47911334,-1.99990845,15.6133614,3.13883328,-0.7209359,-2.18609643,-0.422012985,0.0297850985,-0.08121359,1.16646791,-1.34249878,15.0776033,-3.94497681,0.7469724,-2.27513361,-0.40331468,1.22434163,0.03539954,1.8480171,-0.8751831,15.8623152,2.33065581,-0.8323114,-2.23588634,-0.334482968,-1.374063,2.836822,-2.14454651,3.81243873
417,8.3399970450680261,1903,0,1,2.78662467,0,2.8696208,83.6239243,0,91.17524,16.8982334,0,18.42416,1,0,0,1,1.11414683,0,1.04611671,0,0,0,1.03214717,0.00188283622,1.141964,4.27511644,3.88653827,0.508136034,-0.0108397678,-0.9722506,0.206372321,0.929155469,-0.004765138,1.126198,-6.68505859,14.2594318,-2.461029,0.252604336,-2.19767118,-0.600393653,1.1513238,-0.00285018981,1.32712483,-3.27554321,14.1834536,2.70105815,-0.882123768,-2.18370724,-0.6958186,0.6926265,0.0056746453,1.23107588,-4.38604736,14.0433636,-3.13671875,0.8860217,-2.130976,-0.52280277,1.3221277,0.0016733855,1.70761144,-3.06054688,14.2124243,2.633433,-0.5174633,-2.04132724,-0.3615505,0.386903018,-0.07743627,1.33958483,-0.293273926,13.5531359,-4.42938232,0.7561249,-2.157498,-0.6410389,1.36094844,0.0590040237,2.05498457,-1.66989136,14.2728662,1.92469633,-0.898032367,-2.21042633,-0.190145507,-1.3458972,2.831611,-2.17490387,3.81571317
418,8.35999703798186,1907,0,1,2.713631,0,2.93874264,67.3417358,0,80.33261,16.0605469,0,19.158783,1,0,0,1,1.36679673,1.49011612E-08,1.33209109,0,0,0,1.29848337,0.00168155134,1.40905964,4.245366,4.11940861,0.590620637,-0.0197011232,-0.75566864,0.172218725,1.226548,-3.38405371E-05,1.39975786,-7.01766968,13.3303747,-2.74627686,0.05186501,-2.12754679,-0.3535816,1.36526036,-0.00168803334,1.55656374,-3.63546753,13.3574066,2.23591757,-0.526712656,-2.12574148,-0.5594239,1.00489664,0.0095907,1.458424,-3.30929565,13.089386,-3.35888672,0.9269539,-2.117622,-0.4296535,1.47205174,0.0029810518,1.92614877,-4.042816,13.3768892,2.07256961,-0.395686328,-2.005066,-0.4433885,0.7413708,-0.0249812752,1.52655268,-0.02822876,12.7242756,-4.370697,0.19579947,-2.003927,-0.003542021,1.48296988,0.06390588,2.25440574,-2.50909424,13.4352608,1.56901717,-0.912243,-2.02899218,-0.1771647,-1.29144,2.82117152,-2.20896721,3.80872178
419,8.37999703089569,1912,0,1,2.6514914,0,2.994928,52.3935471,0,68.23642,15.225235,0,19.829073,1,0,0,1,1.60362089,1.49011612E-08,1.6302,0,0,0,1.54280937,0.000891432166,1.69691324,4.22949553,4.051289,0.595060468,-0.0130527057,-0.7245867,0.124032184,1.47094846,-0.00191991031,1.67676485,-7.37585449,12.4203463,-2.905182,0.130357236,-1.92135131,-0.3114087,1.57547927,-0.00117376447,1.83545,-3.83834839,12.5305433,1.824014,-0.4543795,-1.94446135,-0.601142347,1.30629265,0.0121272206,1.70270646,-2.43292236,12.089819,-3.443634,0.773346,-1.92224348,-0.255554378,1.61382532,0.00322106481,2.13904,-4.791626,12.48402,1.61835718,-0.125859454,-1.83123314,-0.41375047,1.08316863,-0.0124761462,1.7497642,0.024910314,11.7305841,-4.30621338,0.0456141829,-1.89944482,0.07787593,1.58709621,0.05743967,2.42569041,-3.21694946,12.434638,1.34451461,-0.7781646,-1.93454385,-0.134231091,-1.24650717,2.81594372,-2.23736763,3.80645943
420,8.3999970238095241,1917,0,1,2.60094118,0,3.03893161,38.81738,0,55.01187,14.4134789,0,20.4267387,1,0,0,1,1.8245939,1.49011612E-08,1.9386946,0,0,0,1.77044189,0.0006569922,1.99648845,4.21901751,3.835212,0.5761707,-0.0111710019,-0.6685044,0.09105614,1.68173659,-0.00672328472,1.94824815,-7.528717,11.3987217,-2.96118164,0.296366632,-1.79843819,-0.2444133,1.77965248,-0.000828370452,2.11831641,-3.960205,11.5835791,1.43221259,-0.346422851,-1.82749069,-0.5689217,1.57968581,0.0009122044,1.96513665,-2.35214233,11.0639,-3.419983,0.10014534,-1.73492253,-0.0123269092,1.7546196,-0.000104382634,2.36623478,-5.25143433,11.5211277,1.19951653,0.12314111,-1.69484,-0.4282757,1.4517175,-0.002000168,2.03516912,0.003065661,10.7259474,-4.409912,-0.0443444364,-1.71159339,-0.03195181,1.68568659,0.03578998,2.59732628,-3.68450928,11.429059,1.18016887,-0.5556427,-1.74304688,-0.149524346,-1.22061539,2.81071,-2.27065086,3.813902
421,8.4199970167233555,1922,0,1,2.51724577,0,3.10861278,24.3640766,0,42.64677,12.4013605,0,21.7072868,1,0,0,1,2.02996445,-1.77323818E-06,2.2556777,0,0,0,1.983153,0.000409945846,2.30468726,4.207093,4.41605043,0.5649852,-0.0128239766,-0.5698109,0.0751969144,1.894649,-0.009424359,2.23678327,-7.498047,11.1099625,-2.93518066,0.373705924,-1.65695572,-0.148772269,1.97882044,-0.000362828374,2.40990472,-4.069824,11.3454161,1.051446,-0.2640311,-1.70176792,-0.5057662,1.83732712,-0.00378377736,2.245479,-2.3553772,10.7990961,-3.327118,0.026251236,-1.58828175,0.07179451,1.90069234,-0.003840059,2.60519862,-5.40924072,11.2917538,0.7991244,0.343933284,-1.58610022,-0.4446622,1.7559005,-0.003859967,2.31864715,-0.00457763672,10.5055523,-4.43081665,-0.0246893056,-1.56031334,0.0109375641,1.78800619,0.00688432157,2.785257,-3.846527,11.1867609,1.04646671,-0.294508278,-1.60978329,-0.192643583,-1.1500721,2.80022645,-2.294119,3.79827785
422,8.439997009637187,1927,0,1,2.46481,0,3.150351,13.3998451,0,27.7794113,10.861558,0,22.51725,1,0,0,1,2.196813,-8.940697E-06,2.594763,0,0,0,2.15006661,-0.00014141202,2.64142752,4.19374132,4.079613,0.461756855,-0.0183913074,-0.644073844,0.04538825,2.04160976,-0.0161667466,2.54204535,-7.374817,10.4976187,-2.80657959,0.635623753,-1.490068,-0.209906265,2.15309477,0.00248989463,2.7642827,-4.1852417,10.7416649,0.7414905,-0.4455095,-1.55046773,-0.5708668,2.0287106,-0.006637916,2.53709459,-2.45327759,10.1867771,-3.12643433,-0.033827737,-1.35109019,0.177361026,2.03447843,-0.0078098774,2.88578081,-5.17922974,10.6515779,0.508556068,0.6079046,-1.402463,-0.3918264,1.98609424,-0.007013917,2.60287237,-0.0144042969,9.867503,-4.39572144,-0.0185849182,-1.38089252,0.0502367578,1.88039231,-0.0269968957,2.99241519,-3.617859,10.46647,0.9890434,0.04725772,-1.47563648,-0.2025547,-1.11647558,2.78446,-2.31946754,3.792053
423,8.45999700255102,1932,0,1,2.41168165,0,3.19120526,3.82180357,0,12.2415352,3.82180357,0,12.2415352,1,0,0,1,2.33524561,1.49011612E-08,2.94637465,0,0,0,2.29343081,2.528727E-05,2.98620987,4.1634655,3.99825287,0.4022298,-0.0291221384,-0.535913,0.050479427,2.183623,-0.01899825,2.86234546,-7.020355,9.934146,-2.63439941,0.73522085,-1.42027116,-0.118770674,2.311875,0.004835233,3.112437,-4.492523,10.1532946,0.415552318,-0.511164546,-1.48775125,-0.466492325,2.1548996,-0.0156590343,2.82089615,-2.39395142,9.682483,-2.89767456,0.135603458,-1.27034652,0.173088878,2.16816735,-0.007447034,3.20600843,-4.574585,10.0952072,0.195007846,0.7843666,-1.347882,-0.427252829,2.11861825,-0.01662378,2.86449218,-0.01171875,9.443123,-4.227173,0.007234134,-1.2236315,0.165253073,1.97082,-0.0631526,3.24862719,-2.99530029,9.933145,0.9753393,0.3852453,-1.33525443,-0.229276866,-1.0832119,2.76864529,-2.34543228,3.78679252
424,8.4799969954648518,1937,0,1,2.36463833,0,3.22621846,1.49382412,0,6.80725861,1.49382412,0,6.80725861,1,0,0,1,2.33476186,0,3.09007335,0,0,0,2.29804373,-0.00025857985,3.12444854,4.132271,3.923212,0.357994646,-0.030012371,-0.4492491,0.0575847924,2.165238,-0.0249958783,2.95916653,-6.35940552,9.395301,-2.415985,1.00558007,-1.29827511,-0.108324617,2.35182762,0.0104034841,3.28090477,-5.109253,9.561746,0.107037865,-0.78002286,-1.36602473,-0.39313972,2.11439228,-0.027031213,2.87136269,-2.32974243,9.192438,-2.63494873,0.3139854,-1.15451944,0.174360275,2.19469643,-0.000513881445,3.34124875,-3.4019165,9.491651,-0.097076416,1.130191,-1.26125848,-0.45292303,2.08557081,-0.0251799673,2.90487885,-0.0109863281,8.99308,-3.946045,0.0257732049,-1.12955713,0.267144382,1.93232763,-0.08914156,3.307151,-1.503418,9.328554,0.674848557,0.897937059,-1.26484859,-0.4661088,-1.05501747,2.75278187,-2.36964035,3.782336
425,8.499996988378685,1940,0,1,2.289691,0,3.27983451,0.0323891751,0,7.806602,0.0323891751,0,7.806602,1,0,0,1,2.28904319,1.49011612E-08,3.12370253,0,0,0,2.25662541,-0.000471308827,3.15398884,4.107162,4.43038559,0.3255247,-0.0260855462,-0.383085281,0.06097714,2.09784842,-0.029029876,2.944544,-5.378296,9.45183,-2.170105,1.28371215,-1.19820344,-0.109141037,2.3467083,0.01761365,3.34424829,-6.05188,9.551562,-0.171844482,-1.05454886,-1.26153791,-0.315078,2.008402,-0.0370675772,2.79640913,-2.19680786,9.302365,-2.35333252,0.5336335,-1.05620313,0.1609211,2.1932404,0.0133448541,3.388443,-1.82522583,9.477871,-0.3656006,1.37278116,-1.18054438,-0.460982382,1.98052835,-0.0348354429,2.81159949,-0.0036315918,9.144978,-3.51223755,0.0490030646,-1.02332687,0.384695917,1.87816989,-0.114280522,3.28125238,0.6024671,9.3253355,0.396545172,1.44260585,-1.178518,-0.4871354,-1.00342369,2.73155713,-2.398077,3.7708137
426,8.5199969812925165,1945,0,1,2.24136186,0,3.31304955,1.263452,0,6.88669968,1.263452,0,6.88669968,1,0,0,1,2.21609282,1.49011612E-08,3.17531562,0,0,0,2.18074942,-0.00112442672,3.207567,4.093987,4.15236235,0.227001846,-0.01885238,-0.46868065,0.0503912158,1.98611486,-0.0311488658,2.94822335,-4.175873,9.186983,-1.881958,1.64599848,-1.11867785,-0.224271864,2.263255,0.02271159,3.405476,-6.915985,9.219894,-0.389801025,-1.12874126,-1.17117345,-0.3929644,1.86532724,-0.0403367579,2.73369336,-1.95367432,9.065122,-2.01837158,0.757702351,-0.9360826,0.174860641,2.168248,0.02215834,3.469838,-1.1864624,9.139696,-0.5394592,0.455877572,-1.03094268,-0.233223289,1.838459,-0.0431763828,2.72186875,0.006568054,8.91946,-2.93859863,0.07216613,-0.9226613,0.487865925,1.97228372,-0.0206489265,3.42375422,1.32432461,9.049429,0.06279915,0.5751969,-1.00277984,-0.346492231,-0.9829016,2.72091341,-2.43380737,3.780593
427,8.53999697420635,1949,0,1,2.15033722,0,3.37284,-0.8970026,0,8.351222,-0.8970026,0,8.351222,1,0,0,1,2.16827726,1.49011612E-08,3.20581555,0,0,0,2.13534617,-0.000960662961,3.23577881,4.085891,4.779175,0.174296215,-0.0142189395,-0.402722,0.0617203936,1.93204987,-0.0261270553,2.94797969,-2.7383728,9.603001,-1.61071777,1.76523376,-1.12103987,-0.19764173,2.20645118,0.0235364735,3.41627884,-7.703369,9.56833,-0.604980469,-1.01448119,-1.16608179,-0.326536953,1.75040209,-0.0390869081,2.65729475,-1.41400146,9.546782,-1.7019043,1.095382,-0.9547336,0.113176309,2.21094084,0.0220748782,3.57551,-1.499939,9.478367,-0.695556641,-0.302882731,-1.07184637,-0.09703376,1.6980803,-0.0503594577,2.6070385,0.0278342236,9.495595,-2.24856567,0.0986263,-0.872949362,0.5791443,2.13169217,0.0072389394,3.6334424,1.59674239,9.413825,0.005591561,0.235912174,-1.06817961,-0.04660113,-0.913352251,2.7049098,-2.45516968,3.76544929
428,8.5599969671201812,1955,0,1,2.0505302,0,3.43443227,-1.4234668,0,8.615569,-1.4234668,0,8.615569,1,0,0,1,2.07899952,1.49011612E-08,3.262121,0,0,0,2.03862524,-0.00176566839,3.29712677,4.08916855,5.120284,0.0475291163,-0.005574394,-0.532774866,0.0584115535,1.81511927,-0.0192426741,2.97374129,-1.24142456,10.2447491,-1.30633545,2.01654029,-1.08816183,-0.339939237,2.127477,0.0321520269,3.50518966,-8.488831,10.1830206,-0.7283325,-1.24187,-1.10996616,-0.377227366,1.60742164,-0.0280284733,2.62188077,-0.637786865,10.1934423,-1.34527588,1.32173479,-0.904778,0.10974206,2.223639,0.0291517228,3.72951627,-2.15216064,10.0350857,-0.7401123,-0.5645902,-0.9736953,0.04533238,1.53340769,-0.0514800549,2.53752923,0.0474934019,10.1492023,-1.55209351,0.10303466,-0.8842695,0.5856057,2.2088654,0.0168049484,3.83801556,1.81299281,9.873965,0.0203098077,0.213079333,-1.07037783,0.0215254929,-0.840833664,2.68350029,-2.48114586,3.7502346
429,8.5799969600340127,1959,0,1,1.9927007,0,3.46830559,0.5367937,0,7.3651104,0.5367937,0,7.3651104,1,0,0,1,1.98196483,1.49011612E-08,3.32100344,0,0,0,1.931247,-0.00189998746,3.36120415,4.09532261,4.45975876,-0.10055542,-0.00128850155,-0.6543477,0.06935356,1.70568454,-0.008885458,3.01582479,0.262354,10.1063938,-0.996948242,2.11252451,-1.162838,-0.4320771,2.03949285,0.0401521325,3.59345412,-9.355469,10.0622377,-0.779571533,-1.40763688,-1.17732239,-0.358304054,1.4673413,-0.0123945028,2.61222816,0.404916465,10.0866795,-0.994873047,1.53708661,-0.950602531,0.0577080622,2.20643973,0.04239835,3.88347769,-3.0947876,9.904328,-0.7149658,-0.794374943,-0.9440883,0.150391549,1.36857533,-0.0575697273,2.49761057,0.06255361,10.086318,-0.9084778,0.120432913,-0.91553,0.6554531,2.232938,0.0603602529,4.021885,1.94095623,9.714019,-0.2769165,-0.363039136,-0.9458984,-0.233830437,-0.8164365,2.67276573,-2.524023,3.76575851
430,8.5999969529478459,1964,0,1,1.84571517,0,3.548709,-4.02383375,0,9.755723,-4.02383375,0,9.755723,1,0,0,1,1.92619181,1.49011612E-08,3.35359454,0,0,0,1.87641692,-0.00115033984,3.39087462,4.09690857,5.63219929,-0.1404419,-0.00299773,-0.542382061,0.09876615,1.6834811,0.00198708475,3.05968571,1.76126289,11.20579,-0.758056641,1.892643,-1.26788044,-0.3347091,1.98572361,0.04051125,3.60672545,-10.3163757,11.1851358,-0.80581665,-1.27052033,-1.2934134,-0.183654189,1.39648247,0.0120114088,2.608749,1.84123671,11.2679482,-0.746948242,1.79804409,-1.09363365,-0.07629222,2.19252181,0.06626269,3.97143078,-4.329132,11.0930185,-0.717926,-1.042891,-1.07204342,0.165565491,1.23968613,-0.0223117471,2.464749,0.06816876,11.4291649,-0.8735962,0.0415663347,-0.9673924,0.244345844,2.25604582,0.143049464,4.17841864,1.24799,11.0340109,-0.323822021,-1.03352714,-0.9855124,0.110846594,-0.7033467,2.64584374,-2.543827,3.73714352
431,8.6199969458616774,1968,0,1,1.74842191,0,3.597641,-1.77354288,0,8.295014,-1.77354288,0,8.295014,1,0,0,1,1.78389275,0,3.43174076,0,0,0,1.71359265,-0.00250345469,3.47897768,4.100467,5.166597,-0.3132019,0.004323203,-0.8174974,0.103683211,1.52194977,0.0133548379,3.1406405,2.986313,11.594409,-0.4920044,1.99820042,-1.25392842,-0.5856523,1.8277508,0.0512343943,3.72281265,-11.1498413,11.6536388,-0.703063965,-1.48708951,-1.2952435,-0.3338044,1.26259828,0.0324438661,2.68963528,3.381141,11.6067095,-0.461792,1.75064421,-1.06846547,-0.06460856,2.059098,0.07327536,4.077864,-5.516327,11.5207262,-0.5516968,-0.9776652,-0.964253962,0.315194666,1.08807707,0.00887152553,2.52246666,0.595998645,11.73616,-0.5836487,0.5724402,-1.08273625,0.4357743,2.14768958,0.180327132,4.292432,0.222172618,11.3746328,-0.2093811,-1.28012919,-1.02793872,0.31499052,-0.639961243,2.62963271,-2.57436752,3.73522234
432,8.63999693877551,1973,0,1,1.64983237,0,3.64390635,-2.02902031,0,8.197859,-2.02902031,0,8.197859,1,0,0,1,1.69041276,1.49011612E-08,3.47994924,0,0,0,1.61321318,-0.00126183033,3.526897,4.09794,4.90347338,-0.381073,0.00175633654,-0.8024111,0.141270891,1.46612263,0.018336609,3.22739434,4.017595,11.7152758,-0.335968018,1.638877,-1.44110024,-0.53764987,1.71130228,0.0459821671,3.742731,-11.914093,11.8448181,-0.579620361,-1.23600292,-1.50498927,-0.211724758,1.19479823,0.0519271046,2.77801633,5.112854,11.7818432,-0.3083496,1.7853514,-1.23058629,-0.196099952,1.9348737,0.08277621,4.118525,-6.75161743,11.79018,-0.3959961,-1.01296067,-1.12729931,0.326239675,0.995231032,0.03364165,2.577286,1.377005,12.0344553,-0.236938477,0.592584252,-1.11099911,0.214933038,2.02584338,0.205644146,4.34466839,-1.016449,11.7719355,-0.0590515137,-1.3929528,-1.037722,0.382635951,-0.573792458,2.61337852,-2.5998,3.73067641
433,8.6599969316893421,1977,0,1,1.50356078,0,3.706657,-4.605152,0,9.039656,-4.605152,0,9.039656,1,0,0,1,1.59566379,1.49011612E-08,3.525864,0,0,0,1.514218,-0.00124961138,3.57156634,4.092223,5.511845,-0.3981018,0.00142449886,-0.7619097,0.165271372,1.412179,0.0193001479,3.32274079,4.74314976,12.4441738,-0.267669678,1.27631044,-1.51631153,-0.507407069,1.58864307,0.03803669,3.74874949,-12.4919128,12.6303072,-0.4086609,-0.963260353,-1.60397291,-0.15446417,1.15980792,0.0610767,2.899188,6.986111,12.5462656,-0.249908447,1.70624745,-1.33646989,-0.268108845,1.77632177,0.07890403,4.0991683,-7.852844,12.6235189,-0.215087891,-0.8912622,-1.25305021,0.327195853,0.934337258,0.0500412136,2.6879375,1.95859134,12.8798552,-0.175537109,0.492390156,-1.22211063,-0.0356049649,1.83848643,0.208932087,4.33114767,-2.33737183,12.6723652,0.1324866,-1.398989,-1.2136116,0.405379981,-0.4675572,2.59164166,-2.61577034,3.71180153
434,8.6799969246031736,1981,0,1,1.4256047,0,3.737332,-1.43706858,0,7.48781252,-1.43706858,0,7.48781252,1,0,0,1,1.45434606,1.49011612E-08,3.587576,0,0,0,1.3569088,-0.00179772079,3.63681746,4.086094,4.60456467,-0.4729309,0.00655410066,-0.9252933,0.17785944,1.28500736,0.01939027,3.429977,5.02884245,12.1104536,-0.2341919,1.05056548,-1.54732466,-0.6205656,1.4067632,0.03244385,3.79119277,-12.7501526,12.3524055,-0.149688721,-0.8243537,-1.681813,-0.258599371,1.09359682,0.0564785749,3.071389,8.757691,12.1899786,-0.2086792,1.4141829,-1.3571378,-0.240908682,1.5391891,0.0541168973,4.055917,-8.590576,12.3366327,0.0641844,-0.389697,-1.262511,0.311736643,0.8794552,0.05243869,2.86751366,2.52439165,12.5052509,-0.168640137,0.469624966,-1.30672121,-0.08490154,1.56451988,0.168398991,4.24577236,-3.53781128,12.3532143,0.413138568,-1.18917251,-1.30251682,0.450157881,-0.426235437,2.5807457,-2.65868759,3.72968435
435,8.6999969175170069,1984,0,1,1.22805429,0,3.80682063,-7.57229042,0,9.438375,-7.57229042,0,9.438375,1,0,0,1,1.3795,0,3.6180532,0,0,0,1.28672373,-0.000620842,3.66125584,4.07957363,6.039684,-0.411712646,0.00172258168,-0.7790246,0.1991748,1.27374744,0.009660304,3.53781152,4.98369646,13.3132305,-0.320068359,0.450137347,-1.70589578,-0.435024947,1.29093409,0.008059099,3.73132849,-12.6679077,13.5580721,0.08285213,-0.223084852,-1.83069634,-0.153257981,1.11221564,0.0530294627,3.24630785,10.4921026,13.4394684,-0.313995361,1.1843822,-1.52799141,-0.319814444,1.34336448,0.0255354345,3.93620563,-9.326416,13.61976,0.275006473,-0.101782687,-1.49067068,0.192239568,0.8946946,0.0549810529,3.0495615,3.09691358,13.8694868,-0.187561035,0.476855636,-1.38982069,-0.106404491,1.33420968,0.129781708,4.12575,-4.697235,13.759408,0.6409293,-1.10368848,-1.41555345,0.388571084,-0.281558037,2.564368,-2.6624527,3.70727825
436,8.7199969104308384,1988,0,1,1.07563519,0,3.85266256,-5.605098,0,8.376471,-5.605098,0,8.376471,1,0,0,1,1.18773711,1.49011612E-08,3.68513322,0,0,0,1.06893432,-0.00212283432,3.73409224,4.07497454,5.79982138,-0.529785156,0.0144605637,-1.10143471,0.196243048,1.05225074,0.0116808563,3.621031,4.52362442,13.987051,-0.3769226,0.5130551,-1.65353107,-0.698084533,1.03427672,-0.0023060143,3.76833653,-11.961792,14.21965,0.432948261,-0.08238277,-1.87219429,-0.4726538,1.018731,0.0104141384,3.4848814,10.8685207,14.0214958,-0.3192749,0.170826748,-1.4615953,-0.031460572,1.03066957,-0.0329596549,3.83770943,-9.942566,14.2088537,0.6508963,0.215714872,-1.40828955,0.254541248,0.9036852,0.015051052,3.41723776,3.34271026,14.3062859,-0.151763916,0.183405831,-1.51279676,0.00387878576,1.00527847,0.0632305443,4.0003767,-5.794983,14.2294226,1.00760436,-0.985258341,-1.52479982,0.49038586,-0.176727057,2.54794979,-2.67686081,3.69984651
437,8.7399969033446716,1992,0,1,0.994715333,0,3.87434387,-2.25943422,0,7.30779457,-2.25943422,0,7.30779457,1,0,0,1,1.039904,0,3.728188,0,0,0,0.9107322,-0.0006838292,3.77466583,4.07505131,4.52027845,-0.5647888,0.01809423,-1.15076566,0.230681792,0.9297495,0.004836172,3.71343851,3.80774975,13.2972155,-0.502197266,0.138880059,-1.88621426,-0.616895258,0.842295051,-0.0211528391,3.7438314,-10.8476563,13.4836349,0.7621164,0.362353683,-2.10100722,-0.514407456,0.9747323,-0.0208191723,3.73950028,10.5250578,13.3549013,-0.39453125,-0.3212247,-1.626315,0.0141105251,0.763020039,-0.06690079,3.720647,-10.1628418,13.5115252,0.981943548,0.5882299,-1.61442542,0.137821943,0.9309484,-0.0213222355,3.79641128,3.167667,13.70281,-0.12991333,-0.128095,-1.55076027,0.07286105,0.6934451,-0.0109285265,3.83149457,-6.44195557,13.6299648,1.33850026,-0.5835485,-1.57184637,0.399308741,-0.128129721,2.53698325,-2.707838,3.71282744
438,8.7599968962585031,1996,0,1,0.8561691,0,3.90729761,-5.282687,0,7.939974,-5.282687,0,7.939974,1,0,0,1,0.9618228,1.49011612E-08,3.7484982,0,0,0,0.8466773,-0.0001924336,3.78637886,4.080159,4.923529,-0.436065674,0.0128211491,-0.875482,0.2472302,0.919243038,-0.00501167774,3.82302713,2.814549,13.1605978,-0.691589355,-0.507552743,-2.03867769,-0.30986768,0.751076639,-0.0397880375,3.659543,-9.446686,13.2835217,0.9752157,0.9711745,-2.17668843,-0.4020738,1.01728833,-0.0396763831,3.99878,9.74815,13.2553434,-0.585662842,-0.7051154,-1.85761929,0.00157153606,0.5787414,-0.08957748,3.555304,-10.0725708,13.3672009,1.13874745,0.9024651,-1.897077,-0.0778993741,0.980293036,-0.0410476774,4.14090967,2.770498,13.7014732,-0.121612549,-0.305548429,-1.77807879,0.10437458,0.42953378,-0.07168229,3.64405155,-6.6519165,13.6099958,1.52124918,-0.254526675,-1.83169234,0.171193779,-0.0281434059,2.52049971,-2.69586182,3.69071555
439,8.7799968891723346,2000,0,1,0.7659323,0,3.92598367,-3.08008027,0,7.30686474,-3.08008027,0,7.30686474,1,0,0,1,0.8275339,1.49011612E-08,3.77984643,0,0,0,0.7091187,-0.00140853226,3.81473231,4.085181,4.40885162,-0.387542725,0.01597089,-0.9109326,0.230534881,0.7988318,-0.00569213927,3.91176629,1.384191,12.4810772,-0.8216858,-0.7510131,-1.91928172,-0.2934929,0.5979666,-0.04167047,3.64425516,-7.7081604,12.530014,1.164821,1.12568963,-2.07704544,-0.5722837,0.9855321,-0.0615657121,4.268907,8.311236,12.4928036,-0.690551758,-1.24315643,-1.79119372,0.194724321,0.359365582,-0.115540728,3.40131116,-9.471008,12.5146685,1.25732064,1.39994442,-1.85925889,-0.222297668,0.986761034,-0.06385453,4.50877666,2.16440773,12.805706,-0.08981323,-0.4802185,-1.87821257,0.166586563,0.143781513,-0.143884823,3.42247987,-6.356781,12.6184654,1.63572276,0.165782183,-1.993962,0.005011849,0.0353982449,2.50948954,-2.69046021,3.679316
440,8.7999968820861678,2004,0,1,0.7247783,0,3.933789,-0.775149763,0,6.8282156,-0.775149763,0,6.8282156,1,0,0,1,0.7402813,1.49011612E-08,3.79722476,0,0,0,0.6319342,-0.0008042455,3.82620382,4.088323,3.52290058,-0.2805481,0.009626295,-0.797996938,0.221839026,0.745367467,-0.00454755127,3.998162,-0.336914063,11.0445652,-0.920562744,-1.162195,-1.91781235,-0.100906543,0.508726835,-0.0417052656,3.60242581,-5.80615234,11.0321321,1.214839,1.41338,-2.02405715,-0.5880013,0.9715355,-0.05827847,4.504663,6.43784332,11.04648,-0.767791748,-1.6093092,-1.78328228,0.271286875,0.203240186,-0.12169154,3.252886,-8.3888855,10.9842834,1.18902826,1.77631927,-1.86865973,-0.434506238,0.9956496,-0.06512368,4.8156395,1.53014326,11.3159981,-0.0518493652,-0.485235274,-1.81889546,0.1741807,-0.05498924,-0.217362851,3.19335985,-5.78869629,11.0004654,1.9638865,0.5378245,-1.939173,0.0851116,0.0604465,2.50397825,-2.70628548,3.6874845
441,8.819996875,2007,0,1,0.700047433,0,3.93826532,-0.0319719426,0,6.69452238,-0.0319719426,0,6.69452238,1,0,0,1,0.7006869,0,3.804375,0,0,0,0.6147045,-0.0007919371,3.82648516,4.08711529,3.06525254,-0.1027832,0.000589154661,-0.541500747,0.1985776,0.7462577,0.0022200197,4.07288074,-2.24761963,9.409728,-0.9741516,-1.56239474,-1.81184828,0.13575761,0.4877024,-0.0360575169,3.54987526,-3.86956787,9.376044,1.08294678,1.68386817,-1.84824681,-0.5147464,0.9869463,-0.0378616,4.691983,4.293706,9.4175,-0.819702148,-1.84425092,-1.74177551,0.296506464,0.128616333,-0.10336487,3.107271,-6.89349365,9.339348,0.902019858,2.06639814,-1.776519,-0.6338938,1.00470269,-0.0510138273,5.053869,0.611264467,9.623305,-0.400756836,-0.377922952,-1.79294956,0.137464821,-0.1817616,-0.203871578,2.96566153,-4.41101074,9.368646,1.586858,0.9795236,-1.81644523,-0.695884466,0.07849336,2.49846268,-2.700676,3.67996287
442,8.8399968679138325,2012,0,1,0.6917977,0,3.93972278,0.74739784,0,6.5679574,0.74739784,0,6.5679574,1,0,0,1,0.6768497,0,3.80836368,0,0,0,0.613691449,-0.00107821822,3.82566524,4.07957458,2.561185,0.0765563548,-0.00704152323,-0.566580355,0.163063079,0.7510069,0.0139705986,4.12402,-4.266571,7.835348,-0.9666748,-1.761416,-1.5051471,0.2526369,0.486906469,-0.0253411382,3.51430774,-1.95724487,7.831286,0.7958441,1.77566433,-1.50296164,-0.493309915,0.9926209,-0.0010509491,4.826266,1.94516253,7.7917,-0.8183594,-2.00831556,-1.504736,0.31174314,0.100430861,-0.0840776563,2.99091268,-5.00250244,7.785767,0.452166855,2.30729747,-1.49478817,-0.7536963,1.00311148,0.0191485286,5.20580769,0.0703084245,7.85244656,-1.06002808,-0.881230354,-1.59404039,-0.137633651,-0.227946684,-0.230531022,2.769713,-2.6184082,7.737149,0.994594455,1.388654,-1.57064557,-0.788531065,0.0857481956,2.49846268,-2.69177055,3.67359447
443,8.859996860827664,2017,0,1,0.6835448,0,3.941163,0.73007375,0,6.568458,0.73007375,0,6.568458,1,0,0,1,0.668943346,0,3.809794,0,0,0,0.6240127,-0.00106741488,3.823146,4.071265,2.14071536,0.2357286,-0.00953706447,-0.4867965,0.130126551,0.7517824,0.0268921256,4.13514328,-6.275055,6.56157637,-0.9017334,-1.78698075,-1.24059987,0.301619351,0.5001243,-0.0125770867,3.50986075,-0.154663086,6.62261534,0.404558182,1.73599279,-1.22907257,-0.4626326,0.9818947,0.0503355861,4.88184166,-0.4824829,6.50737238,-0.7677002,-2.08008766,-1.21701,0.298588753,0.120705187,-0.0576052219,2.918875,-2.76687622,6.55209541,-0.0491027832,2.488772,-1.200357,-0.7588367,1.01140344,0.143670917,5.293906,-1.08694458,6.529816,-1.33822632,-1.33477545,-1.25576949,0.228811309,-0.19926168,-0.272123218,2.61276841,-0.6166687,6.3164506,-0.0516052246,1.64637387,-1.34407854,-1.08042693,0.08824134,2.492943,-2.70951653,3.68293786
444,8.8799968537414955,2021,0,1,0.6835448,0,3.941163,1.12171221,0,6.44824743,1.12171221,0,6.44824743,1,0,0,1,0.6611106,1.49011612E-08,3.81219816,0,0,0,0.629145861,-0.00117425621,3.82275963,4.06238365,1.71553075,0.3559942,-0.0116786212,-0.378077328,0.101569124,0.7372866,0.0358672738,4.114057,-8.152618,5.45509672,-0.794708252,-1.62578344,-0.9843763,0.27420038,0.510666668,-0.000457063317,3.52720976,1.50586665,5.592762,-0.0229797363,1.58959615,-0.9796567,-0.453712225,0.953005,0.0899252146,4.8698225,-2.90405273,5.39876175,-0.6783447,-2.07590771,-0.957072,0.285461247,0.158529446,0.003028348,2.88497686,-0.221252441,5.59564972,-0.514465332,2.59184456,-0.8341642,-0.6882269,0.9963965,0.217823043,5.302797,-2.75317383,5.381805,-1.70785522,-1.64430451,-0.99086386,0.238251686,-0.08469607,-0.0430634022,2.54977345,-0.0407714844,5.574505,-0.629058838,0.464567542,-0.705684,-0.2201411,0.09011483,2.492943,-2.69893456,3.67520523
445,8.8999968466553288,2026,0,1,0.6835448,0,3.941163,1.11207712,0,6.393411,1.11207712,0,6.393411,1,0,0,1,0.6613033,1.49011612E-08,3.813295,0,0,0,0.643105268,-0.00118145347,3.82150126,4.052255,1.41289043,0.4574423,-0.0133293374,-0.264188915,0.0821310654,0.730843067,0.040413782,4.08030939,-9.797241,4.59867954,-0.682739258,-1.40777349,-0.758684635,0.23738192,0.54209137,0.008115351,3.56121039,2.90573025,4.81740236,-0.430938721,1.35394084,-0.753288746,-0.3791279,0.9140159,0.123538263,4.78885174,-5.143036,4.53534,-0.588989258,-1.91508567,-0.741203666,0.229463533,0.238205492,0.0343063176,2.924623,2.454873,4.837209,-0.902709961,2.51762056,-0.6504902,-0.5704778,0.9625364,0.2896434,5.186518,-4.10720825,4.50437927,-1.44595337,-1.81684566,-0.7643443,0.346753061,0.0307462513,-0.006031528,2.56528974,0.1202478,4.90528154,-0.9500427,0.120998442,-0.5932329,-0.0667265356,0.0904657841,2.49294281,-2.696909,3.67372632
446,8.91999683956916,2031,0,1,0.6835448,0,3.941163,1.10536265,0,6.34707451,1.10536265,0,6.34707451,1,0,0,1,0.6614376,-1.1920929E-06,3.81422162,0,0,0,0.6531941,-0.00128817558,3.82090378,4.042865,1.22401273,0.528849244,-0.0136755425,-0.15872252,0.0639267,0.7165248,0.036900267,4.02401352,-11.1298828,3.951174,-0.576812744,-1.07164061,-0.569055736,0.171304047,0.5763349,0.0113471746,3.62311149,3.943416,4.22900343,-0.762786865,0.9834887,-0.5753251,-0.301544726,0.8645608,0.131684452,4.63779354,-7.06073,3.88263941,-0.5045471,-1.470284,-0.559081256,0.168162689,0.327207923,0.06327152,3.02908015,5.135046,4.18959856,-1.20196533,2.32697463,-0.550514162,-0.4434412,0.911548734,0.2899761,4.987266,-5.61358643,3.82840824,-1.20947266,-1.60818672,-0.569602,0.298874378,0.139003158,0.038298443,2.63380432,1.27363253,4.20765924,-0.5230713,0.7826821,-0.6625271,0.348100871,0.0870809555,2.49294329,-2.71643066,3.6880002
447,8.9399968324829935,2034,0,1,0.6835448,0,3.941163,1.09315264,0,6.26970768,1.09315264,0,6.26970768,1,0,0,1,0.6616818,1.49011612E-08,3.815769,0,0,0,0.661006749,-0.00132000446,3.821285,4.033931,1.12613893,0.574477434,-0.014272471,-0.07437002,0.04894624,0.6999907,0.0260490924,3.95360112,-12.06662,3.46373677,-0.481536865,-0.664185,-0.423822522,0.108468123,0.6090312,0.009371012,3.696594,4.55925131,3.771348,-1.0163269,0.568800867,-0.4418323,-0.229874417,0.8065522,0.116525486,4.425792,-8.521698,3.39609766,-0.428253174,-0.7851447,-0.4186161,0.102595784,0.4126129,0.0766997039,3.17651653,7.733673,3.63452721,-1.43893433,2.05214882,-0.4502502,-0.33335492,0.842168152,0.2562685,4.701022,-6.938202,3.33591032,-1.00744629,-1.35842872,-0.414345384,0.238389611,0.247355074,0.06612101,2.780835,2.12216449,3.58253384,-0.469512939,0.718483448,-0.550032735,0.0176637489,0.0905487537,2.49294281,-2.696432,3.67337847
448,8.959996825396825,2039,0,1,0.6835448,0,3.941163,1.087666,0,6.23238325,1.087666,0,6.23238325,1,0,0,1,0.6617915,0,3.81651545,0,0,0,0.6668411,-0.00133350492,3.8214097,4.025512,1.09549308,0.5989412,-0.0133630093,-0.0123808309,0.0366482362,0.6748303,0.00272008777,3.84324,-12.3786926,3.09073019,-0.398162842,-0.05747023,-0.320117176,0.0452583767,0.6386249,0.00356200337,3.77643943,4.723214,3.40365,-1.2046814,0.130072325,-0.3420128,-0.169017777,0.743749,0.0705771744,4.171369,-10.1755371,3.03039479,-0.361175537,-0.582676351,-0.3159774,0.0787790045,0.494779527,0.0736569241,3.36274958,10.1364613,3.16632223,-1.610321,1.66382861,-0.378585219,-0.236198023,0.7833837,0.22174871,4.4413,-8.456116,2.966102,-0.8377991,-1.47605932,-0.3074234,0.208581418,0.353218436,0.0727834553,2.993187,2.950763,3.05347919,-0.516418457,0.7273544,-0.475782156,-0.04765044,0.09129906,2.49294281,-2.69210625,3.67022276
449,8.9799968183106564,2045,0,1,0.6835448,0,3.941163,1.0959481,0,6.275847,1.0959481,0,6.275847,1,0,0,1,0.661625862,1.49011612E-08,3.81564617,0,0,0,0.670450151,-0.001363486,3.82038188,4.02176762,1.105379,0.6054946,-0.010602897,0.02492972,0.0255160742,0.651034355,-0.0220650882,3.73481178,-12.0561523,2.79586458,-0.3253479,0.5215777,-0.249124229,-0.00245957659,0.657420039,-0.00135830045,3.82950473,4.584215,3.08503056,-1.34225464,-0.165621176,-0.276561826,-0.129387543,0.685755253,0.0199634433,3.91842866,-11.585083,2.74436283,-0.303710938,-0.305531919,-0.246367842,0.0578179844,0.573566,0.04474175,3.58428621,11.2661753,2.7564218,-1.72335815,0.6650247,-0.3089208,-0.1217416,0.720076859,0.163029432,4.15103626,-9.814392,2.67928529,-0.69732666,-1.339342,-0.235264361,0.171450078,0.4918908,0.0469419733,3.35642958,3.54911685,2.68689966,-0.4071045,0.538349748,-0.3354755,0.07735591,0.08799124,2.49294281,-2.71117973,3.68415546
450,8.99999681122449,2049,0,1,0.6835448,0,3.941163,1.10947835,0,6.35205746,1.10947835,0,6.35205746,1,0,0,1,0.661355257,-1.17719173E-06,3.814122,0,0,0,0.6732375,-0.0014089793,3.818964,4.02310371,1.1424824,0.6001123,-0.007037617,0.0505301431,0.0178154744,0.633182,-0.0408364832,3.64697981,-11.2178345,2.564989,-0.26474,0.984267,-0.191252321,-0.03618481,0.676102,-0.0064138025,3.88437581,4.171518,2.80719566,-1.43664551,-0.47060132,-0.217714161,-0.08951825,0.6315496,-0.03164293,3.66923428,-12.433136,2.51697636,-0.256164551,0.2355683,-0.194419757,0.0271351375,0.658334,0.00378452241,3.85201,11.3469553,2.46531725,-1.772644,0.04887151,-0.244990557,-0.03911378,0.649746358,0.06922403,3.81937265,-10.7216187,2.44965839,-0.582519531,-0.918990135,-0.185143918,0.128478825,0.636913061,0.000509873033,3.80259466,3.65347,2.43764663,-0.332366943,0.124662034,-0.228860587,0.0979291946,0.0903883,2.492943,-2.69735718,3.67405367
451,9.0199968041383212,2055,0,1,0.6835448,0,3.941163,1.119036,0,6.40512943,1.119036,0,6.40512943,1,0,0,1,0.6611641,-5.811453E-07,3.81306052,0,0,0,0.6750612,-0.00143201649,3.81794548,4.028185,1.19626987,0.585530341,-0.004857334,0.0658424348,0.011729287,0.6183011,-0.0530031025,3.572758,-9.956818,2.38407,-0.214355469,1.36958563,-0.147274941,-0.06125574,0.6985588,-0.0117280334,3.9584353,3.36089182,2.570224,-1.4855957,-0.866606951,-0.165246472,-0.044268053,0.580491841,-0.08066389,3.42505074,-12.6781921,2.33634257,-0.216522217,0.8279673,-0.154065758,0.000322647858,0.744389534,-0.03575161,4.14531565,10.6966848,2.23852563,-1.76394653,-0.573415458,-0.207297221,0.03171764,0.5795402,-0.0405787528,3.47637963,-11.0457458,2.26605248,-0.489959717,-0.3789885,-0.146486729,0.08900091,0.7625278,-0.04010372,4.23491955,3.31526756,2.20911717,-0.311584473,-0.241551936,-0.1975585,0.107007511,0.09061575,2.49294281,-2.696045,3.673096
452,9.0399967970521544,2060,0,1,0.6835448,0,3.941163,1.12511861,0,6.44265652,1.12511861,0,6.44265652,1,0,0,1,0.661042452,1.49011612E-08,3.81231,0,0,0,0.67565465,-0.00144045055,3.817271,4.034625,1.25145507,0.563035548,-0.003933415,0.06685409,0.005963265,0.6055282,-0.0577047467,3.511427,-8.356049,2.2324338,-0.17086792,1.67736268,-0.122436151,-0.07770742,0.7200112,-0.0142584592,4.03621626,2.11164641,2.36496162,-1.49020386,-1.2702384,-0.1292263,-0.00201925915,0.53410393,-0.1186731,3.19672036,-12.2714233,2.185944,-0.180114746,1.41573668,-0.128531039,-0.0196055584,0.8219817,-0.0644601,4.428514,9.380968,2.05276632,-1.70785522,-1.14370811,-0.1751083,0.08917217,0.512991548,-0.14883846,3.141007,-10.67984,2.116996,-0.413452148,0.232500479,-0.119003974,0.0571273342,0.8731344,-0.070267275,4.63399649,2.66224837,2.01655078,-0.273681641,-0.498430967,-0.169241965,0.137920648,0.086378336,2.492943,-2.720478,3.69096565
453,9.0599967899659859,2065,0,1,0.6835448,0,3.941163,1.13100755,0,6.4791584,1.13100755,0,6.4791584,1,0,0,1,0.6609247,1.49011612E-08,3.81158,0,0,0,0.6751326,-0.00142227113,3.81663227,4.041512,1.29362929,0.534419537,-0.00372898718,0.0541190468,0.000225731317,0.595668554,-0.0546548963,3.46609974,-6.509613,2.09097362,-0.132049561,1.89126909,-0.11478889,-0.08517163,0.737934053,-0.011516571,4.1043644,0.462269068,2.18240762,-1.45431519,-1.61519611,-0.109037779,0.0370735675,0.494374126,-0.139391586,2.996572,-11.1984253,2.04819775,-0.143981934,1.95866179,-0.118154541,-0.03377055,0.8878934,-0.07320137,4.678152,7.49272871,1.90170288,-1.61166382,-1.63569427,-0.146436423,0.135793462,0.452135384,-0.240840882,2.82984686,-9.574158,1.98648345,-0.346435547,0.866559863,-0.105467573,0.03228558,0.966662169,-0.08148399,4.97694969,1.89655066,1.86425149,-0.19543457,-0.5899081,-0.138789535,0.169648916,0.08873057,2.49294281,-2.706915,3.681036
454,9.0799967828798174,2069,0,1,0.6835448,0,3.941163,1.13484907,0,6.50750637,1.13484907,0,6.50750637,1,0,0,1,0.660847843,1.49011612E-08,3.811013,0,0,0,0.6737326,-0.001388967,3.81621075,4.047663,1.31004775,0.501278,-0.00436051656,0.0294236131,-0.005615065,0.5894234,-0.04524149,3.43839645,-4.52032471,1.94224346,-0.0989685059,2.00658941,-0.122241929,-0.0837951452,0.7515329,-0.00296200812,4.15417862,-1.49203491,2.01449561,-1.3788147,-1.85832667,-0.102627426,0.07676007,0.464240044,-0.142591164,2.83516383,-9.473175,1.90430689,-0.106933594,2.427583,-0.11710114,-0.0421371162,0.9413444,-0.0592276454,4.87252045,5.166083,1.80445039,-1.47186279,-2.01753187,-0.12328396,0.176965147,0.399418771,-0.318925083,2.56703258,-8.07666,1.83824325,-0.6819458,1.456693,-0.0989909,-0.125229374,1.03710377,-0.07224658,5.24445629,1.16093969,1.73108172,-0.226196289,-0.516231537,-0.130571276,0.171335071,0.08721757,2.49294281,-2.715639,3.68742013
455,9.09999677579365,2074,0,1,0.6835448,0,3.941163,1.13555241,0,6.51835442,1.13555241,0,6.51835442,1,0,0,1,0.6608338,0,3.810796,0,0,0,0.6716986,-0.001353994,3.81594443,4.052693,1.292344,0.465385139,-0.00540333,-0.00361253321,-0.01147454,0.587270439,-0.0310525149,3.43387079,-2.51959229,1.77660215,-0.07009888,1.99879313,-0.137659848,-0.07850105,0.7587359,0.0103878528,4.18333054,-3.64535522,1.84911621,-1.27313232,-1.98901772,-0.10930647,0.109221131,0.4384502,-0.113547191,2.7223115,-7.173462,1.754811,-0.07458496,2.79075646,-0.14018628,-0.0594464354,0.976686358,-0.0229959935,4.99718571,2.54462385,1.66221476,-1.31219482,-2.25746846,-0.106645428,0.209726617,0.353960067,-0.301817417,2.343573,-5.90014648,1.75883853,-0.176879883,1.97350848,-0.0862082243,0.366405427,1.0895803,-0.0355975479,5.404274,0.247925252,1.63257241,-0.60849,-0.768491566,-0.0579786152,-0.491350263,0.08638787,2.49294281,-2.72042084,3.69092345
456,9.1199967687074821,2079,0,1,0.6835448,0,3.941163,1.1321013,0,6.50805473,1.1321013,0,6.50805473,1,0,0,1,0.6609028,-1.17719173E-06,3.811002,0,0,0,0.6691298,-0.00131295621,3.81606126,4.055804,1.233708,0.42759493,-0.00692412,-0.0431474224,-0.017602887,0.5887391,-0.01632139,3.44704151,-0.5935364,1.58651292,-0.04827881,1.89977193,-0.162775725,-0.06804883,0.7603767,0.0250884,4.182591,-5.836151,1.679034,-1.13150024,-1.96398282,-0.126235127,0.145982549,0.427529633,-0.07816443,2.66795564,-4.393219,1.5787816,-0.0636901855,3.00856185,-0.156832516,-0.06949294,0.9906532,0.0388006568,5.030207,-0.155700684,1.54358983,-1.11825562,-2.33049536,-0.0998596,0.2272914,0.323250443,-0.294500172,2.202776,-3.147522,1.61440909,-0.05316162,2.45033073,-0.122453287,0.0192959048,1.10473359,0.13014248,5.470588,-1.01474,1.5860858,-0.831481934,-1.4956764,-0.0672762245,0.100702628,0.08949852,2.492943,-2.702486,3.677799
457,9.1399967616213154,2085,0,1,0.6835448,0,3.941163,1.12523782,0,6.47712,1.12523782,0,6.47712,1,0,0,1,0.661040068,-1.1920929E-06,3.81162071,0,0,0,0.666456044,-0.00127220154,3.81673336,4.05601025,1.13216138,0.389355749,-0.008573743,-0.08434489,-0.0233087558,0.59331423,-0.003271088,3.47719121,1.1774298,1.36998713,-0.0427856445,1.71716058,-0.189990819,-0.05630961,0.754771948,0.03643042,4.152742,-7.88800049,1.49383843,-0.9590454,-1.78619289,-0.150254428,0.176606625,0.4321955,-0.0345919579,2.67688632,-1.30532837,1.41582179,-0.0572509766,3.04560256,-0.154979542,-0.0687709749,0.9841734,0.09230885,4.988484,-2.804016,1.42426515,-0.908935547,-2.28416967,-0.12497595,0.232698545,0.3243782,-0.259873033,2.168019,-0.6746521,1.5297178,-0.141967773,2.18898726,-0.1007742,-0.04347362,1.090985,0.236087888,5.445744,-2.70587158,1.42911494,-1.05023193,-1.84816551,-0.124630474,0.129143566,0.0908532143,2.49294281,-2.69467735,3.67209816
458,9.1599967545351468,2090,0,1,0.6835448,0,3.941163,1.11306655,0,6.418433,1.11306655,0,6.418433,1,0,0,1,0.6612835,-1.17719173E-06,3.81279445,0,0,0,0.663807333,-0.00123174489,3.81758475,4.054259,0.99013263,0.351903439,-0.0103080105,-0.124006793,-0.02856877,0.6028754,0.00677368045,3.520311,2.71402144,1.12797284,-0.04269409,1.46807182,-0.215951458,-0.0312076285,0.74199146,0.0424614847,4.10663366,-9.703461,1.28152335,-0.7718506,-1.51931524,-0.179623738,0.188597187,0.4545058,0.03150922,2.73472762,1.92025709,1.23468673,-0.04043579,2.93614912,-0.153124169,-0.0510298833,0.9541826,0.13253063,4.878447,-5.241089,1.23815382,-0.706604,-2.09402227,-0.150962681,0.22218594,0.356105566,-0.0260976851,2.25625658,-0.0401000977,1.51751554,-0.6524658,0.504470766,-0.00140283257,-0.260737062,1.05724621,0.312937826,5.29798746,-4.288849,1.24682,-0.814697266,-1.98209631,-0.151041791,0.233826622,0.08973193,2.49294281,-2.70113945,3.67681527
459,9.17999674744898,2096,0,1,0.6835448,0,3.941163,1.09869885,0,6.344106,1.09869885,0,6.344106,1,0,0,1,0.661570847,0,3.814281,0,0,0,0.6614497,-0.00118626654,3.81904078,4.048533,0.8132601,0.316069961,-0.0123375664,-0.158446655,-0.0330786444,0.618539751,0.01101397,3.58922529,3.895015,0.8675342,-0.03475952,1.09284782,-0.232947752,0.00168583589,0.7246703,0.0397155136,4.042908,-11.1707764,1.04310215,-0.585357666,-1.15633619,-0.202162743,0.191522136,0.4877302,0.06586076,2.87688851,5.06783438,1.00643361,-0.0174865723,2.64435363,-0.2064787,-0.0485705137,0.909171,0.143717855,4.697517,-7.30126953,1.03088725,-0.5075073,-1.50342393,-0.169643477,0.20265089,0.374759078,0.03678079,2.39940381,1.20380962,1.45007718,-0.4312744,0.8106953,-0.0171692036,0.212736443,1.00061762,0.3168797,5.06378746,-5.95974731,1.05319476,-0.580291748,-1.76028419,-0.152039483,0.230339646,0.0861086845,2.49294281,-2.72203255,3.692105
460,9.1999967403628116,2101,0,1,0.6835448,0,3.941163,1.08463216,0,6.27112627,1.08463216,0,6.27112627,1,0,0,1,0.6618522,1.49011612E-08,3.81574059,0,0,0,0.659491658,-0.00115686655,3.82036138,4.04133654,0.6099004,0.282752067,-0.0138016744,-0.184865579,-0.0364430025,0.632823,0.009427786,3.67325068,4.62139225,0.600903749,-0.0348205566,0.647682,-0.244623214,0.0140893981,0.7040394,0.0275543779,3.95936418,-12.1689148,0.785536766,-0.404815674,-0.691203237,-0.217453629,0.189372137,0.520897031,0.08460578,3.06462455,8.026177,0.768738151,-0.0443115234,2.28008175,-0.225647449,-0.05471918,0.8521719,0.126264557,4.45926,-9.033783,0.80296737,-0.3152771,-0.827503,-0.186233431,0.1781467,0.422044724,0.07486741,2.60065842,2.15846133,1.17760313,-0.304077148,0.771646857,-0.145278588,0.110673785,0.926612258,0.288896054,4.764594,-7.54147339,0.847849369,-0.3529663,-1.58475924,-0.161820441,0.211898,0.09076619,2.492943,-2.695177,3.6724627
461,9.219996733276643,2106,0,1,0.6835448,0,3.941163,1.0777657,0,6.23826027,1.0777657,0,6.23826027,1,0,0,1,0.6619895,0,3.816398,0,0,0,0.6580409,-0.0011420399,3.82106256,4.033768,0.391652524,0.252807736,-0.0135734659,-0.20029375,-0.0383152738,0.6487277,0.00348086655,3.76157951,4.86162663,0.335257471,-0.04562378,0.181222349,-0.2484391,0.0296560712,0.6780311,0.00335975,3.84304285,-12.5053406,0.5170512,-0.237060547,-0.0614186972,-0.2250808,0.179498762,0.565713465,0.08309363,3.284487,10.7057524,0.5034292,-0.06851196,1.82082164,-0.228853732,-0.04447264,0.7889299,0.0793171,4.19147158,-10.86026,0.5596534,-0.138214111,-0.670582831,-0.195976973,0.158476144,0.4715787,0.0849773958,2.86281443,3.113097,0.9325999,-0.292572021,0.79303056,-0.154261351,0.020412486,0.853399336,0.2512079,4.48239946,-9.228577,0.6225085,-0.141967773,-1.63991809,-0.1765423,0.188840762,0.0899803638,2.492943,-2.699707,3.67576933
462,9.2399967261904763,2110,0,1,0.6835448,0,3.941163,1.08532059,0,6.28658772,1.08532059,0,6.28658772,1,0,0,1,0.6618384,0,3.81543136,0,0,0,0.6569524,-0.00112271309,3.82047677,4.029224,0.1712214,0.226497263,-0.0110973939,-0.204423413,-0.0389852,0.6568657,-0.00124982,3.81218386,4.8234,0.08077381,-0.06201172,-0.09532487,-0.241415843,0.03817574,0.654551268,-0.021900773,3.7336657,-12.1976318,0.248426363,-0.08883667,0.521029949,-0.224118412,0.166892886,0.61426127,0.04907825,3.53512883,11.7557116,0.230068624,-0.09814453,0.733120561,-0.23835811,-0.02752437,0.726662338,0.0258614272,3.92664957,-12.3567505,0.305674016,0.013996372,-0.326751,-0.202948362,0.130547613,0.55828625,0.05201789,3.30412269,3.77983618,0.5822713,-0.2232666,0.529971,-0.231144845,0.06400681,0.7736521,0.183310613,4.16996574,-10.6878662,0.381531924,0.0422919765,-1.43356466,-0.190093085,0.153182134,0.0874986649,2.49294329,-2.714016,3.68623185
463,9.2599967191043078,2114,0,1,0.6835448,0,3.941163,1.0977869,0,6.363108,1.0977869,0,6.363108,1,0,0,1,0.6615891,1.49011612E-08,3.813901,0,0,0,0.655565441,-0.00115008652,3.81942129,4.03016233,-0.0499572754,0.201619878,-0.00740553346,-0.207189888,-0.040395923,0.667895138,-0.007163897,3.87523675,4.47530031,-0.167633057,-0.07458496,-0.438627124,-0.236226976,0.0516616181,0.6350096,-0.04130523,3.6448946,-11.36557,-0.0211792,0.0362626649,0.991479456,-0.223574728,0.152980149,0.671016932,0.004566148,3.83607435,11.844368,-0.03024292,-0.119903564,0.0590943359,-0.224604234,-0.0144279459,0.666519761,-0.0299570709,3.66696787,-13.2489929,0.04075648,0.138604611,0.252128273,-0.2130068,0.101287872,0.6506404,0.00270220637,3.79199982,3.88418055,0.2919634,-0.19052124,0.09003675,-0.213544413,0.0578790642,0.688743949,0.0789883,3.8210783,-11.6463013,0.126031011,0.195048675,-0.9628686,-0.206081465,0.114508435,0.08976436,2.49294281,-2.70095444,3.67668
464,9.279996712018141,2120,0,1,0.6835448,0,3.941163,1.10552955,0,6.409993,1.10552955,0,6.409993,1,0,0,1,0.661434233,0,3.81296325,0,0,0,0.6549994,-0.00116194785,3.81874132,4.03449869,-0.263671875,0.179876983,-0.005185925,-0.2013443,-0.0401569,0.6826871,-0.0134977251,3.95795655,3.687159,-0.3973999,-0.0799560547,-0.8720613,-0.218263716,0.0647252,0.6193328,-0.0540554076,3.56924558,-10.1026611,-0.277679443,0.131178886,1.38524616,-0.211136758,0.137530237,0.7289715,-0.03881213,4.153801,11.1686144,-0.26852417,-0.1307373,-0.5948311,-0.206933826,-0.00333046261,0.6095346,-0.08311482,3.41449881,-13.4967346,-0.220733643,0.2275198,0.8720058,-0.2130984,0.06944683,0.736762047,-0.04182081,4.25490952,3.50916553,0.0279723331,-0.165344238,-0.2998039,-0.202237487,0.06197404,0.6056161,-0.0411957353,3.465013,-11.9729919,-0.134246826,0.308462858,-0.379120827,-0.214794621,0.0732831,0.09027672,2.49294281,-2.698,3.67452264
465,9.2999967049319725,2126,0,1,0.6835448,0,3.941163,1.111335,0,6.44413471,1.111335,0,6.44413471,1,0,0,1,0.6613181,0,3.81228042,0,0,0,0.6553476,-0.00116445124,3.81816149,4.04017258,-0.456512451,0.162079036,-0.004251239,-0.182714745,-0.0379498526,0.697756946,-0.0166895986,4.041654,2.430828,-0.5921936,-0.0748291,-1.29872239,-0.184687,0.0734266862,0.6072991,-0.0590931326,3.50682855,-8.4935,-0.5007019,0.191420346,1.69767714,-0.182555959,0.118448637,0.7824076,-0.07020426,4.454593,9.803834,-0.4767151,-0.1255188,-1.18755519,-0.181579784,0.00625640526,0.55834794,-0.124658406,3.17976141,-13.0571594,-0.455657959,0.2739723,1.48063111,-0.195331782,0.03797631,0.813152552,-0.07450569,4.676904,2.79518056,-0.222625732,-0.132232666,-0.5799271,-0.196947172,0.0721379146,0.5295123,-0.158703238,3.11946034,-11.5688477,-0.3781128,0.373752117,0.2681018,-0.206899509,0.0313847959,0.0912058353,2.492943,-2.69264412,3.6706152
466,9.319996697845804,2131,0,1,0.6835448,0,3.941163,1.11784685,0,6.48036242,1.11784685,0,6.48036242,1,0,0,1,0.6611879,1.49011612E-08,3.81155586,0,0,0,0.6564399,-0.00115776062,3.81744385,4.04584455,-0.6158142,0.14819333,-0.004251198,-0.151897758,-0.0340141952,0.7108953,-0.0141392052,4.113931,0.756195366,-0.738250732,-0.0579834,-1.65727568,-0.1382055,0.0755422,0.5988697,-0.05616297,3.46071863,-6.63592529,-0.6717224,0.216080517,1.91351962,-0.139797211,0.09583633,0.8273097,-0.07996318,4.71642065,7.85221338,-0.6428833,-0.102935791,-1.69293082,-0.145268783,0.0127133764,0.515394747,-0.147746086,2.975092,-11.9237061,-0.6412964,0.2771957,2.037077,-0.158305749,0.0107828146,0.8764518,-0.08667502,5.03570461,1.96064043,-0.453399658,-0.08377075,-0.6791123,-0.187998042,0.0856794342,0.464799523,-0.257856756,2.80034447,-10.3919678,-0.5810852,0.3871995,0.930103958,-0.1778185,-0.00547620375,0.08614898,2.492943,-2.721796,3.69193172
467,9.3399966907596372,2137,0,1,0.6835448,0,3.941163,1.12394738,0,6.51119,1.12394738,0,6.51119,1,0,0,1,0.6610659,0,3.81093931,0,0,0,0.65824914,-0.00117592514,3.81680965,4.050828,-0.730102539,0.138179868,-0.00464225654,-0.109990448,-0.0284615532,0.721605957,-0.005205661,4.16619444,-1.23352051,-0.822662354,-0.0303344727,-1.905266,-0.08158456,0.07371898,0.5933965,-0.0466520935,3.43322372,-4.63647461,-0.774200439,0.208467841,2.02563667,-0.08542983,0.0675019845,0.862269,-0.06538235,4.918504,5.45586061,-0.763031,-0.056854248,-2.08112288,-0.0905372649,0.0169046074,0.4809866,-0.151595846,2.81174254,-10.1228333,-0.762054443,0.238191724,2.51244569,-0.11872942,-0.008454038,0.9201989,-0.07716602,5.312863,1.14579248,-0.5855713,-0.16317749,-0.597943544,-0.137315318,0.07868003,0.4183901,-0.3349021,2.52921867,-8.780548,-0.7926636,0.840452731,1.61531734,-0.167180121,0.0317167044,0.09094548,2.49294281,-2.6941433,3.67170835
468,9.3599966836734687,2142,0,1,0.6835448,0,3.941163,1.12666833,0,6.5199995,1.12666833,0,6.5199995,1,0,0,1,0.661011457,-1.17719173E-06,3.81076312,0,0,0,0.660635233,-0.00119507313,3.81638932,4.05477667,-0.7915344,0.131543487,-0.00567763764,-0.0599847063,-0.0216899216,0.7269226,0.008462265,4.19651556,-3.42709351,-0.842987061,-0.00338745117,-2.03312016,-0.02034837,0.0542716123,0.594709456,-0.0324118435,3.42811537,-2.624176,-0.8029785,0.1815533,2.01638675,-0.0240958035,0.05192387,0.8809599,-0.0298409462,5.04756832,2.77039146,-0.8076477,-0.02017212,-2.32262254,-0.05589005,0.0125856847,0.4634686,-0.1236303,2.69645524,-7.72946167,-0.804718,0.185386375,2.8765018,-0.01694294,-0.0186107084,0.9532006,-0.0508140475,5.476318,0.134134516,-0.85736084,-0.254119873,-0.860110462,-0.154398769,-0.4573931,0.378410071,-0.329186976,2.30575013,-6.522949,-0.7565613,0.21744217,2.03492355,-0.0514886379,-0.5306546,0.0902183056,2.492943,-2.69833755,3.6747694
469,9.379996676587302,2148,0,1,0.6835448,0,3.941163,1.12779784,0,6.51908159,1.12779784,0,6.51908159,1,0,0,1,0.660988867,0,3.81078148,0,0,0,0.663567245,-0.00120279193,3.81598687,4.05720329,-0.7932739,0.12830843,-0.00659146346,-0.00341884419,-0.0135328025,0.7292825,0.0240226388,4.1960454,-5.656891,-0.7964783,0.0222522058,-2.00246477,0.0399014279,0.0358910374,0.596866131,-0.0169425756,3.44258738,-0.694854736,-0.751281738,0.13823691,1.90653765,0.0417818539,0.0238414444,0.882277846,0.0365510732,5.07864237,0.009443084,-0.8043823,0.0178851038,-2.38344646,0.0320847519,-0.003731533,0.452123582,-0.08479567,2.643004,-4.85598755,-0.7581482,0.120694138,3.08961177,0.0311133526,-0.01907679,0.96276015,0.138799712,5.54178953,-1.51135254,-0.7949829,0.060308855,-1.49514759,0.0172317475,0.116201922,0.3619735,-0.307064474,2.158466,-3.61099243,-0.7671509,0.07774427,2.59261751,-0.0193517767,-0.124485686,0.0898571,2.492943,-2.70042038,3.67629027
470,9.3999966695011334,2153,0,1,0.6835448,0,3.941163,1.12365234,0,6.48335457,1.12365234,0,6.48335457,1,0,0,1,0.6610718,0,3.811496,0,0,0,0.6665656,-0.00123018026,3.81643486,4.0566287,-0.736175537,0.126847208,-0.008230404,0.0525940731,-0.005524321,0.725009,0.036145404,4.16552258,-7.73327637,-0.6888733,0.0311124418,-1.81408811,0.09739472,0.004997201,0.6024419,-0.00352288783,3.47498918,1.0711875,-0.633087158,0.08847778,1.71057522,0.09815639,0.0006969115,0.8723693,0.09704009,5.03481531,-2.6835022,-0.6990967,0.0293896981,-2.332343,0.09102905,-0.01634184,0.455442578,-0.0420641154,2.65597463,-1.671051,-0.6572571,0.06802188,3.12239671,0.08634122,-0.009465069,0.960657537,0.261205345,5.502963,-2.70977783,-0.724060059,0.100967176,-2.03383255,0.0875176,-0.000300772954,0.361665,-0.295437932,2.1202817,-0.772644043,-0.756011963,-0.106201172,2.50509238,0.0066261217,-0.07762144,0.08879566,2.49294281,-2.70653915,3.680761
471,9.4199966624149649,2158,0,1,0.6835448,0,3.941163,1.11211288,0,6.4080143,1.11211288,0,6.4080143,1,0,0,1,0.661302567,-1.1920929E-06,3.81300282,0,0,0,0.669546843,-0.0012755096,3.81734014,4.05385971,-0.625793457,0.1266194,-0.0105626993,0.104245581,0.002321887,0.7193668,0.04167433,4.11726665,-9.56897,-0.528381348,0.0248165969,-1.5334208,0.144288644,-0.0201425683,0.611421466,0.006619349,3.51804113,2.6074903,-0.4633789,0.04677964,1.46340907,0.14603363,-0.0130447429,0.85388577,0.132513478,4.91900253,-5.16778564,-0.5441284,0.0298182257,-2.13486,0.1377942,-0.0265830923,0.4721459,0.0279085189,2.71521473,1.652799,-0.501709,0.0422346443,3.003318,0.139469489,0.0126749668,0.934808135,0.305895716,5.35057831,-4.41311646,-0.5642395,0.09620128,-1.90085435,0.13470605,-0.032926932,0.3921402,-0.0355474055,2.2158792,-0.0507202148,-0.7145996,-0.6237793,0.6003502,0.02641424,-0.2423313,0.09137058,2.492943,-2.69169235,3.66992116
472,9.4399966553287982,2163,0,1,0.6917977,0,3.93972278,1.51492417,0,6.27001762,1.51492417,0,6.27001762,1,0,0,1,0.6614992,-1.1920929E-06,3.81432247,0,0,0,0.6724778,-0.001302734,3.81841731,4.04733,-0.5866089,0.127654254,-0.0123186223,0.151245922,0.0101004457,0.7106779,0.0391079634,4.05231428,-11.0549927,-0.444335938,0.003157347,-1.16463339,0.180406675,-0.0457167,0.626417339,0.0109093487,3.58697677,3.79171467,-0.373168945,0.0314849764,1.08630431,0.188853025,-0.0175613,0.8223797,0.144235283,4.727532,-7.24823,-0.4743042,0.00828218553,-1.49325228,0.168939352,-0.03263165,0.500940144,0.06324156,2.86105847,4.891776,-0.448577881,0.05541383,2.695929,0.143913582,0.0226677358,0.8950708,0.315669119,5.099828,-6.079834,-0.50668335,0.07049087,-1.74741244,0.157241791,-0.0440384634,0.413242728,0.03322369,2.369669,1.124937,-0.7709961,-0.458465576,0.7689854,0.02228536,0.194497585,0.0856096745,2.49846268,-2.69261551,3.67421055
473,9.45999664824263,2168,0,1,0.6917977,0,3.93972278,1.10305893,0,6.27004147,1.10305893,0,6.27004147,1,0,0,1,0.6697365,0,3.814322,0,0,0,0.6850525,-0.00127914548,3.81765223,4.040136,-0.3914795,0.140524447,-0.01332669,0.1854263,0.0164567064,0.7095663,0.027226612,3.965262,-12.0347595,-0.214080811,-0.0391235352,-0.7004502,0.205711991,-0.0455900878,0.6519622,0.009694204,3.66634512,4.50152,-0.132720947,0.02344578,0.659072638,0.219634831,-0.0114271455,0.790816367,0.12486057,4.47884035,-9.041168,-0.25402832,-0.04336548,-0.84719,0.189604908,-0.04886246,0.5344772,0.08362493,3.05403185,7.890238,-0.2638855,0.0298148431,2.29644966,0.17536436,0.0009977706,0.853692949,0.290664047,4.793155,-7.693817,-0.294891357,0.0161353573,-1.61435544,0.181953087,-0.06652189,0.454665661,0.0742813051,2.578722,2.08732772,-0.701355,-0.3699646,0.7647001,0.0299810544,0.116759464,0.08506775,2.49846268,-2.69566727,3.676435
474,9.4799966411564629,2173,0,1,0.700047433,0,3.93826532,1.51294529,0,6.16617441,1.51294529,0,6.16617441,1,0,0,1,0.669788539,0,3.814942,0,0,0,0.6845357,-0.00139391422,3.818621,4.032515,-0.291015625,0.1370171,-0.0128580937,0.210136726,0.0171445683,0.686221063,0.0020160675,3.843129,-12.3569336,-0.08630371,-0.07485962,-0.039123442,0.214948133,-0.07573784,0.66387,0.003511861,3.76057315,4.73751068,-3.05175781E-05,0.02575814,0.165782869,0.230346382,-0.0488763936,0.747102141,0.0793855041,4.205367,-10.9187927,-0.138305664,-0.08557129,-0.7039103,0.203011334,-0.0358443819,0.570134,0.08298845,3.27899361,10.6142263,-0.170074463,0.0310372077,1.84289539,0.194581985,0.0140192341,0.8115364,0.2546279,4.503705,-9.403534,-0.198120117,-0.0349731445,-1.66537333,0.187793687,-0.0568021238,0.5044056,0.08439255,2.84606552,3.04450679,-0.6946411,-0.2904663,0.803325534,0.0742229745,0.07992427,0.07551479,2.50397825,-2.71818542,3.69650388
475,9.4999966340702944,2177,-0.7071068,0.7071068,-2.26911354,0,3.29410481,-147.336868,0,-25.9237156,-24.6217861,0,-4.33216858,1,0,0,1,0.6776228,1.49011612E-08,3.812579,0,0,0,0.694884062,-0.0013307482,3.81624722,4.028474,-0.4267273,0.144206733,-0.0101112016,0.214672938,0.0202343613,0.678687155,-0.0215488374,3.73589182,-12.0291443,-0.206726074,-0.118469238,0.512195766,0.21255894,-0.06363263,0.683244348,-0.000679597259,3.80496168,4.68552351,-0.115875244,0.0190060232,-0.0826660544,0.226504847,-0.03984143,0.710878253,0.025010325,3.93419528,-12.4076843,-0.257904053,-0.136871338,-0.308760971,0.202020466,-0.0406221859,0.619813859,0.04801683,3.53317547,11.6538391,-0.290771484,0.029505074,0.724014163,0.234507978,-0.000301213935,0.7687438,0.182960451,4.175818,-10.85553,-0.319030762,-0.09402466,-1.42795682,0.202030227,-0.0557303764,0.591098845,0.0511555374,3.29778719,3.71013522,-0.669555664,-0.20993042,0.520834,0.228669733,0.08853147,0.062202692,2.50397825,-2.69813728,3.68153787
476,9.5199966269841259,2183,-0.7071068,0.7071068,-2.234494,0,3.31768584,-120.663643,0,-13.9895973,-24.8336525,0,-2.87918377,1,0,0,1,0.178778,0,3.59747767,0,0,0,0.199310735,-0.00134755671,3.601354,4.036613,-0.787078857,0.189171374,-0.00189419184,0.226832524,0.035396,0.170573592,-0.0377240926,3.44347048,-11.1624146,-0.550079346,-0.217437744,0.912012458,0.2342137,-0.03990387,0.199000791,-0.005522102,3.64353251,4.298269,-0.452301025,-0.0401000977,-0.363113046,0.245100588,-0.02001508,0.162609637,-0.0337356478,3.46428013,-13.2548523,-0.594177246,-0.217987061,0.306929767,0.213122576,-0.06853699,0.163607135,0.000863209367,3.626499,11.6744747,-0.5821533,-0.0121154785,0.00176833151,0.2727697,-0.046619162,0.20484063,0.0716013759,3.60751724,-11.7808228,-0.6621094,-0.162200928,-0.9258978,0.220785558,-0.07012254,0.163269654,-0.000735968351,3.59016371,3.784327,-0.813140869,-0.204589844,0.0603550225,0.371616423,0.00529704429,0.0356142521,2.503978,-2.69177246,3.67652178
477,9.5399966198979591,2188,-0.7071068,0.7071068,-2.19262719,0,3.34550261,-94.31595,0,-3.292383,-24.9847813,0,-0.872169256,1,0,0,1,-0.306309,-1.25169754E-05,3.41135025,0,0,0,-0.284278542,-0.00139281154,3.41527963,4.050944,-1.24978638,0.279841751,0.0023628315,0.238550588,0.05516654,-0.31938836,-0.04425578,3.20807076,-9.939423,-0.9862671,-0.3633728,1.14759362,0.264764279,-0.000740272,-0.272323757,-0.00955902,3.51530719,3.534878,-0.88760376,-0.157012939,-0.649115145,0.261669576,-0.00349970278,-0.3739062,-0.08582583,3.04756522,-13.3921509,-1.01083374,-0.350311279,0.9759694,0.232159,-0.1012789,-0.286032319,-0.04289846,3.74708223,10.8853273,-0.959320068,-0.129241943,-0.684685349,0.3068632,-0.121039487,-0.3569096,-0.0559139624,3.071839,-12.0071411,-1.08349609,-0.265045166,-0.2779919,0.246033937,-0.109018147,-0.2661568,-0.04697536,3.87251735,3.35572386,-1.004303,-0.216796875,-0.345289856,0.3902148,0.0404342376,0.00215888023,2.50397825,-2.69159317,3.676219
478,9.55999661281179,2193,-0.7071068,0.7071068,-2.15041447,0,3.372791,-68.71922,0,5.23886871,-24.9276676,0,1.90038192,1,0,0,1,-0.77603054,1.49011612E-08,3.26801372,0,0,0,-0.756449163,-0.001460433,3.27206159,4.063036,-1.6932373,0.4084496,0.0002476722,0.249062613,0.07538259,-0.794261932,-0.0443727076,3.031951,-8.491791,-1.39135742,-0.5361328,1.28842759,0.294696927,0.03700569,-0.7341093,-0.0112662166,3.42939615,2.413246,-1.3074646,-0.337615967,-0.9169296,0.271877527,-0.01624927,-0.8930574,-0.122207463,2.708304,-12.7680054,-1.39242554,-0.5241089,1.59877133,0.25072524,-0.117672272,-0.7242934,-0.06985398,3.867127,9.445121,-1.38430786,-0.31640625,-1.23937666,0.282984555,-0.187562212,-0.9052262,-0.177804068,2.60779667,-11.408783,-1.47717285,-0.402771,0.449715823,0.2610863,-0.138050139,-0.687313139,-0.07641421,4.11731434,2.613856,-1.38983154,-0.1746521,-0.592600346,0.293992519,0.0635226,-0.0263900757,2.50397825,-2.712082,3.69134021
479,9.5799966057256238,2198,-0.7071068,0.7071068,-2.064977,0,3.425766,-41.86099,0,12.0486183,-24.02466,0,6.914886,1,0,0,1,-1.22775745,0,3.18479371,0,0,0,-1.21433568,-0.0015321523,3.18919516,4.06521225,-2.84518433,0.5629813,-0.0066518914,0.251823068,0.0936670154,-1.25200462,-0.04026091,2.92768574,-6.922241,-2.495514,-0.708770752,1.3639493,0.311539531,0.070167996,-1.18073618,-0.009608373,3.39665318,0.9987408,-2.44854736,-0.56137085,-1.14080143,0.266091049,-0.0392926447,-1.38781238,-0.139475748,2.46656585,-11.411438,-2.47775269,-0.714355469,2.126288,0.261308223,-0.109860748,-1.15218234,-0.07360104,3.98461986,7.54912663,-2.53891,-0.5479126,-1.62745273,0.2745694,-0.242835343,-1.42859852,-0.275101483,2.24696326,-9.976715,-2.58026123,-0.5620117,1.1573503,0.266051024,-0.142487034,-1.10606086,-0.08125287,4.313907,1.821819,-2.522766,-0.116912842,-0.6396438,0.2716996,0.0699431151,-0.09759474,2.50397825,-2.69218063,3.67794347
480,9.5999965986394553,2203,-0.7071068,0.7071068,-1.97094929,0,3.48071265,-16.084713,0,13.5878258,-16.084713,0,13.5878258,1,0,0,1,-1.64925516,0,3.20895624,0,0,0,-1.62776577,-0.00107909739,3.20572615,4.055992,-4.106415,0.8154968,-0.0148882549,0.2518848,0.110255353,-1.64702094,-0.029975459,2.96315622,-5.212433,-3.67230225,-0.934265137,1.2093339,0.376677722,0.2625626,-1.5811851,-0.0042952,3.41834617,-0.699401855,-3.70162964,-0.860992432,-1.09211409,0.275601029,0.0797357,-1.8335129,-0.145951167,2.372101,-9.282135,-3.63635254,-0.9913025,2.64977932,0.298356056,-0.132916272,-1.55284834,-0.06139943,4.12543631,5.27897167,-3.78509521,-0.8959656,-1.9466691,0.2948083,-0.3841047,-1.91401768,-0.3609195,2.03857684,-8.089905,-3.71154785,-0.9645996,1.7317363,0.320168763,-0.3991173,-1.51309681,-0.07156953,4.52101946,0.834468842,-3.72052,-0.32522583,-0.5755267,0.307825267,0.0535910763,-0.17018652,2.50397825,-2.68834114,3.67777777
481,9.6199965915532868,2208,-0.7071068,0.7071068,-1.86805689,0,3.53699946,1.956255,0,8.3951025,1.956255,0,8.3951025,1,0,0,1,-1.907182,1.49011612E-08,3.36909747,0,0,0,-1.88487267,-4.08738852E-05,3.35335,4.026478,-4.80462646,1.07044125,-0.0199010037,0.366125,0.0600968078,-1.8977747,-0.021623373,3.125977,-3.53253174,-5.01028442,-1.10720825,1.12280416,0.4464935,0.365932226,-1.83206809,0.002321601,3.593372,-2.53286743,-5.146637,-1.14978027,-1.1159457,0.331675768,0.101414844,-2.08639622,-0.115627557,2.45495772,-6.589905,-5.014374,-1.19894409,2.939793,0.225952312,-0.006405279,-1.78673255,-0.0218072683,4.323245,2.93507266,-5.22515869,-1.24594116,-1.99467134,0.2233884,-0.413561463,-2.18404651,-0.3306818,2.01338077,-5.158325,-5.236145,-0.9069519,2.4358418,0.181283385,0.3370969,-1.75726879,-0.00597053766,4.71438265,0.133235961,-5.155487,-1.0843811,-0.608874559,0.211822048,-0.796040237,-0.24939847,2.50397825,-2.68064117,3.67667556
482,9.63999658446712,2213,-0.7071068,0.7071068,-1.79357409,0,3.57534528,0.730479062,0,7.52160835,0.730479062,0,7.52160835,1,0,0,1,-1.80818367,1.49011612E-08,3.42491317,0,0,0,-1.776254,0.00108788908,3.39899325,3.989972,-4.480896,1.29215014,-0.03549525,0.56028533,-0.0124001876,-1.78074729,-0.0146781206,3.18568134,-1.83770752,-5.82537842,-1.22253418,1.01519489,0.5458663,0.5243009,-1.72346854,0.008512512,3.64239836,-4.453827,-6.111511,-1.42190552,-1.04311979,0.413579643,0.152405918,-1.97058606,-0.08504999,2.46703458,-3.51177979,-5.827942,-1.374176,3.09529114,0.300542861,0.0893094242,-1.67091084,0.02613525,4.353554,0.6548426,-6.20516968,-1.5786438,-1.941583,0.195660189,-0.446854979,-2.07601428,-0.337571651,1.953771,-1.96575928,-6.01040649,-0.701416,2.80845547,0.328756869,0.2567663,-1.647646,0.113591641,4.72925,-0.746063232,-6.15686035,-1.48129272,-1.03774655,0.1717417,-0.21411103,-0.297177076,2.49846244,-2.693678,3.685991
483,9.6599965773809515,2217,-0.7071068,0.7071068,-1.64228082,0,3.64731622,4.68252468,0,9.284357,4.68252468,0,9.284357,1,0,0,1,-1.73593128,-4.157424E-06,3.46162915,0,0,0,-1.7013855,0.00138115883,3.43381834,3.926835,-5.50115967,1.40372443,-0.04269126,0.518924952,-0.0738605261,-1.70917022,-0.008717388,3.217132,-0.173553467,-7.622162,-1.267456,1.052557,0.691001236,0.547454953,-1.65361977,0.0149779022,3.66628265,-6.25900269,-8.077637,-1.66333008,-0.9935925,0.5830623,0.09389065,-1.86652112,-0.0335707366,2.493407,-0.339172363,-7.64117432,-1.40899658,3.0059526,0.4964814,0.24272573,-1.58998835,0.061664328,4.32570553,-1.43588257,-8.221405,-1.85946655,-1.78483188,0.33601284,-0.417701,-1.92499363,-0.192222357,2.00713778,-0.422363281,-7.772705,-0.366699219,1.32477784,0.5360081,0.409348369,-1.5495621,0.163686663,4.68117142,-1.930542,-8.295532,-1.88650513,-1.22693646,0.258536875,-0.3314238,-0.416699648,2.49846268,-2.663908,3.67591619
484,9.6799965702947848,2222,-0.7071068,0.7071068,-1.503646,0,3.7066226,4.33506536,0,8.63531,4.33506536,0,8.63531,1,0,0,1,-1.59034729,0,3.53391647,0,0,0,-1.51711917,0.007101476,3.49159837,3.842626,-5.62350464,1.55722749,-0.06332647,0.753870845,-0.14202486,-1.51463544,-0.00338569283,3.32774734,1.468572,-9.224823,-1.29544067,0.6683945,0.7385556,0.8510875,-1.49472475,0.0103215426,3.6628654,-7.984314,-9.87912,-1.9276123,-0.5569447,0.6455971,0.295201033,-1.67464387,0.0194058865,2.595683,2.90527153,-9.327942,-1.45214844,2.97673464,0.409176618,0.3067507,-1.43241227,0.09112291,4.292242,-3.50283813,-9.990906,-2.186615,-1.65517962,0.3161641,-0.491335958,-1.75975263,-0.0200975537,2.125381,0.09289251,-9.552795,-0.3260193,0.473798275,0.28110224,0.137796938,-1.3903172,0.204828858,4.64635038,-3.36254883,-10.0169067,-2.51837158,-1.397442,0.351437658,-0.5694493,-0.518003464,2.49846268,-2.643711,3.67421436
485,9.6999965632086163,2225,-0.7071068,0.7071068,-1.41002345,0,3.74323869,2.28154755,0,7.63000536,2.28154755,0,7.63000536,1,0,0,1,-1.45565438,1.49011612E-08,3.59063864,0,0,0,-1.36290765,0.009211242,3.53897262,3.74879384,-4.86911,1.62605286,-0.0635046959,0.836099744,-0.219843,-1.3540411,-0.000309541821,3.42165518,2.90934038,-9.872192,-1.24401855,0.4271867,0.934171438,0.953061044,-1.35722756,0.00655463338,3.66871285,-9.49737549,-10.7168274,-2.16665649,-0.317364216,0.900349855,0.318814576,-1.49394143,0.0703684539,2.73546672,6.06675863,-10.0591125,-1.43264771,2.767398,0.6104831,0.41419974,-1.28941679,0.109024018,4.206941,-5.30374146,-10.8432617,-2.481781,-1.25098026,0.488692641,-0.449936539,-1.57289183,0.0629161447,2.2583046,1.3123033,-10.3764343,-0.207763672,0.6577314,0.50234586,0.224662617,-1.24317217,0.229220226,4.52547073,-4.87808228,-10.8993835,-3.40396118,-1.32238436,0.46518892,-0.6068106,-0.575063,2.498463,-2.65263748,3.68910551
486,9.7199965561224477,2230,-0.7071068,0.7071068,-1.22016609,0,3.80935645,7.2192874,0,9.238152,7.2192874,0,9.238152,1,0,0,1,-1.36455178,1.49011612E-08,3.6245935,0,0,0,-1.27675319,0.008112207,3.5730288,3.66932058,-6.01818848,1.55603456,-0.0487730354,0.6798597,-0.267798424,-1.26984107,0.00225129724,3.481399,4.055962,-11.6502075,-1.07330322,0.360313654,1.11586833,0.869293332,-1.27576029,0.0063945204,3.67989326,-10.6844482,-12.6510315,-2.38153076,-0.237215862,1.143415,0.200203881,-1.36638582,0.09054214,2.87374616,9.007984,-11.9204407,-1.2288208,2.41501212,0.8817241,0.5560068,-1.20226359,0.109704889,4.08857059,-6.66323853,-12.8389282,-2.71817017,-0.7383229,0.7398614,-0.32684058,-1.4010247,0.08320828,2.42104578,2.26148677,-12.3161621,-0.162475586,0.7382549,0.754183233,0.173435971,-1.12878811,0.233161181,4.314973,-5.673218,-13.0561218,-3.60845947,-1.18907535,0.6722061,-0.349842638,-0.7157924,2.50397825,-2.59256554,3.674733
487,9.739996549036281,2234,-0.7071068,0.7071068,-1.10796154,0,3.843491,3.6725893,0,7.590845,3.6725893,0,7.590845,1,0,0,1,-1.18141329,0,3.69167423,0,0,0,-1.06656373,0.0103026181,3.62450671,3.58141947,-5.27590942,1.579049,-0.05586508,0.900083542,-0.312220752,-1.03676915,-0.00125405192,3.58287024,5.16536427,-12.2988586,-0.9258423,-0.04740581,1.12906754,1.1423701,-1.09363413,-0.01638554,3.646435,-11.6691589,-13.44635,-2.6394043,0.330904126,1.21667647,0.4429811,-1.15041161,0.09635953,3.06886339,11.0209913,-12.3768005,-1.1227417,1.5632658,1.02251756,0.365996867,-1.02595854,0.104482055,3.97528625,-7.856262,-13.5927734,-2.998291,-0.496417463,0.7503405,-0.32401374,-1.17963219,0.09024944,2.699494,3.29817462,-12.2810974,-0.2046814,0.814722538,1.28467071,0.147340953,-0.935201645,0.20086652,4.163091,-6.4581604,-13.7557983,-3.83566284,-0.891679764,0.8373685,-0.3142824,-0.7886565,2.50948977,-2.574541,3.68073082
488,9.7599965419501125,2239,-0.7071068,0.7071068,-1.01912761,0,3.86799431,2.6313374,0,7.358065,2.6313374,0,7.358065,1,0,0,1,-1.07175434,0,3.720833,0,0,0,-0.972993135,0.00650423765,3.65930486,3.513046,-4.59384155,1.456044,-0.0315971673,0.7670813,-0.351807743,-0.9434924,0.00022302568,3.62986755,6.0572257,-12.227478,-0.6755066,-0.04258004,1.36362565,1.00944281,-0.994987249,-0.0215497017,3.64094949,-12.22818,-13.4654846,-2.86300659,0.454101622,1.4958092,0.347668827,-0.9931904,0.08153896,3.269247,12.2907791,-12.29834,-0.8348694,1.02663159,1.1758343,0.434987545,-0.9260176,0.06776469,3.81818533,-8.56778,-13.6723022,-3.20788574,0.0428813845,1.04508877,-0.154987,-0.978525,0.07240432,3.02512074,4.11280537,-12.2398987,-0.184906,0.6632481,1.16888762,0.161481351,-0.822644651,0.1354239,3.93102884,-6.994934,-13.9417725,-4.009186,-0.62114346,1.01960456,-0.2353676,-0.8412826,2.51499653,-2.57298851,3.69502831
489,9.7799965348639457,2243,-0.7071068,0.7071068,-0.8726179,0,3.9036572,5.640792,0,8.04843,5.640792,0,8.04843,1,0,0,1,-0.9854337,1.49011612E-08,3.74268866,0,0,0,-0.9073539,0.003077224,3.69057941,3.46925,-5.26135254,1.296178,-0.0139363706,0.5520644,-0.328311026,-0.8691134,-0.001733169,3.6920073,6.609479,-12.8620605,-0.354919434,-0.183407575,1.421153,0.857303858,-0.9267645,-0.0301822722,3.62211,-12.3356934,-14.1218567,-3.05633545,0.650407255,1.5927273,0.318563849,-0.867765963,0.0538094342,3.4857688,12.9947405,-12.9163818,-0.434295654,0.536597431,1.28073967,0.427380681,-0.860627949,0.0227790028,3.67133856,-9.01239,-14.3406982,-3.36834717,0.352844954,1.25758076,-0.0364295468,-0.8063214,0.0439813,3.33879042,4.62517929,-12.9266663,-0.162902832,0.427412361,1.276244,0.1210395,-0.7308217,0.06130515,3.71736813,-7.290985,-14.64093,-4.143921,-0.393317461,1.29217911,-0.136420891,-0.941056967,2.5205,-2.51927185,3.68581581
490,9.7999965277777772,2248,-0.7071068,0.7071068,-0.7413392,0,3.930702,5.12568569,0,7.60571051,5.12568569,0,7.60571051,1,0,0,1,-0.8438529,1.49011612E-08,3.77858782,0,0,0,-0.761020839,0.003537923,3.7209506,3.43029332,-5.32550049,1.2442857,-0.0133481175,0.660798,-0.306620359,-0.6888855,-0.0115590394,3.794727,6.84332752,-13.3752441,-0.105285645,-0.670829535,1.351445,0.9011053,-0.8029308,-0.0533314049,3.57169962,-12.1208191,-14.6054077,-3.23776245,1.12681031,1.58083224,0.536396861,-0.6658229,0.0270251483,3.7223835,13.2883186,-13.4211731,-0.140380859,0.201666176,1.17692471,0.274942577,-0.744592845,-0.00520938635,3.541611,-9.353668,-14.7434387,-3.50952148,0.388709724,1.26307559,-0.00612825528,-0.5937893,0.0178513229,3.65253353,4.826193,-13.6068726,-0.08572388,0.182368025,1.10398829,0.09432085,-0.6020119,0.0153487176,3.558831,-7.374237,-14.95694,-4.23938,-0.243891254,1.389555,-0.07166913,-1.02488017,2.52049971,-2.48670387,3.686054
491,9.81999652069161,2253,-0.7071068,0.7071068,-0.667119265,0,3.94397688,2.473853,0,7.01091576,2.473853,0,7.01091576,1,0,0,1,-0.7165963,1.49011612E-08,3.80375862,0,0,0,-0.635687947,0.00310271978,3.745307,3.39804125,-4.477783,1.19453537,-0.00689815,0.713184357,-0.293817371,-0.535474837,-0.0193023831,3.88119388,6.67416048,-12.9506531,0.146958545,-1.01604486,1.43677425,0.824954033,-0.694312155,-0.0661860853,3.53341913,-11.5339661,-14.1022949,-3.378479,1.42698634,1.69121826,0.638002753,-0.485235751,-0.006722465,3.94635653,13.1324873,-12.9442749,0.107350655,-0.170340091,1.309691,0.156189516,-0.647575557,-0.03868051,3.41169786,-9.532043,-14.20047,-3.60333252,0.496735036,1.37438393,0.057120312,-0.412340224,-0.0107703656,3.942224,4.766338,-13.0640259,-0.1347351,-0.05861337,1.334801,-0.0206663776,-0.500700653,-0.0283833742,3.4014442,-7.334564,-14.4209595,-4.267853,-0.160665825,1.43311179,-0.0216369331,-1.06776786,2.52049971,-2.48763466,3.698834
492,9.8399965136054419,2256,-0.7071068,0.7071068,-0.5096879,0,3.96739459,6.74427128,0,7.66222763,6.74427128,0,7.66222763,1,0,0,1,-0.6445733,0,3.81415,0,0,0,-0.581287444,0.00153420866,3.7663517,3.3833828,-5.378998,1.0867182,0.00581721961,0.5399211,-0.254087538,-0.479646832,-0.0218424052,3.93934679,6.081738,-13.5453491,0.3958035,-1.11217225,1.54346538,0.549160361,-0.641689658,-0.06337243,3.52968121,-10.58725,-14.58139,-3.447937,1.45545411,1.77976012,0.5706791,-0.36186704,-0.04502873,4.14199638,12.4540243,-13.586792,0.4162495,-0.630858541,1.38806283,0.124226213,-0.6130335,-0.0750185847,3.299432,-9.252533,-14.677887,-3.61346436,0.8289761,1.55311418,0.197364792,-0.228463054,-0.047429502,4.215315,4.31025934,-13.9169006,-0.07077026,-0.370315254,1.279704,-0.0302678421,-0.465208679,-0.09760848,3.21513271,-6.974518,-14.9517212,-4.215912,0.117595986,1.57268882,0.103063218,-1.166363,2.52049971,-2.43683624,3.69479251
493,9.8599965065192734,2260,-0.7071068,0.7071068,-0.359793663,0,3.98378587,6.63098335,0,7.23012972,6.63098335,0,7.23012972,1,0,0,1,-0.492413282,0,3.83918333,0,0,0,-0.421961725,0.00229619443,3.78273249,3.366976,-5.61624146,1.12700558,8.956343E-05,0.703569,-0.230365559,-0.2722156,-0.0288359672,4.02332926,5.215856,-14.2062988,0.502002835,-1.60527325,1.4447571,0.592602432,-0.5121616,-0.07506794,3.48953867,-9.53653,-15.1001282,-3.50042725,1.82116866,1.71143341,0.814229846,-0.151020542,-0.06249188,4.33532667,11.4876919,-14.1627808,0.4988679,-0.8309911,1.35123038,-0.12078616,-0.5076122,-0.08182642,3.2057004,-8.744019,-15.0834961,-3.597992,0.9700867,1.48863208,0.2541694,-0.0203264579,-0.0632975549,4.45937443,3.68323159,-14.3760986,-0.06411743,-0.5160903,1.41236591,-0.0974692,-0.37110427,-0.138871163,3.076968,-6.306671,-15.2121277,-4.2946167,0.430123925,1.63735867,0.18225044,-1.25970268,2.52049971,-2.37346268,3.684168
494,9.8799964994331066,2265,-0.7071068,0.7071068,-0.251206249,0,3.99210453,4.80463266,0,6.86422873,4.80463266,0,6.86422873,1,0,0,1,-0.347298861,-8.329749E-06,3.85482,0,0,0,-0.273647249,0.0022418946,3.79308939,3.34893441,-5.025757,1.16927028,0.00161212683,0.8186827,-0.23476319,-0.0944034755,-0.02954045,4.085544,4.047874,-14.1811829,0.5266148,-1.88993263,1.54892,0.496626049,-0.3886717,-0.0754399,3.464249,-8.321777,-14.9169312,-3.5201416,2.003913,1.80486667,0.922345042,0.0620381124,-0.07545726,4.49850368,10.20746,-14.13031,0.469478339,-1.08136678,1.39206779,-0.273289144,-0.414837062,-0.08926533,3.10458612,-7.97460938,-14.8903809,-3.52630615,1.20269179,1.52457774,0.3640398,0.197013974,-0.07398485,4.667823,2.95742273,-14.316864,-0.0655822754,-0.604475439,1.38036537,-0.127271622,-0.296961069,-0.159726873,2.93337774,-5.61145,-15.0145874,-4.36203,0.467173517,1.5912658,0.166001976,-1.32373524,2.52049971,-2.34007645,3.68526149
495,9.8999964923469381,2270,-0.7071068,0.7071068,-0.1842856,0,3.99575281,2.89863825,0,6.72136831,2.89863825,0,6.72136831,1,0,0,1,-0.24225834,1.49011612E-08,3.8613255,0,0,0,-0.176182717,0.0017387867,3.80365038,3.33971286,-4.18322754,1.14532971,0.0101661682,0.722324133,-0.229177117,0.008998501,-0.02434136,4.12219238,2.58875775,-13.3821106,0.5068911,-1.93863535,1.68427157,0.2685555,-0.303619623,-0.06525844,3.46875954,-6.91299438,-13.9591675,-3.47106934,1.9785223,1.89568233,0.8823998,0.223160684,-0.08062586,4.628051,8.57607651,-13.3702393,0.4320996,-1.37769485,1.51604474,-0.347123265,-0.3666219,-0.09610006,3.023354,-6.81530762,-13.9727478,-3.36901855,1.50161552,1.6380682,0.5079771,0.3964164,-0.0794198662,4.83701658,2.19152617,-13.5851746,-0.0545349121,-0.639783561,1.47854877,-0.121537708,-0.2619738,-0.1678015,2.78050613,-4.43322754,-14.197998,-3.8989563,0.7574939,1.6397562,0.7551406,-1.361366,2.52049971,-2.34057045,3.69925761
496,9.9199964852607714,2274,-0.7071068,0.7071068,-0.06706196,0,3.999438,5.52914,0,6.81042957,5.52914,0,6.81042957,1,0,0,1,-0.177644715,1.49011612E-08,3.86322951,0,0,0,-0.127395913,0.0007735491,3.817595,3.343674,-4.6388855,1.07649612,0.0186349824,0.5210333,-0.188827217,0.05578902,-0.0157855451,4.143149,0.894526958,-13.21991,0.434860975,-1.87937617,1.71669793,0.01570934,-0.255510569,-0.05117087,3.49166131,-5.353607,-13.6559448,-3.33056641,1.85332823,1.87903976,0.785136163,0.326142639,-0.07227126,4.7232337,6.644168,-13.2273865,0.380729228,-1.63386655,1.60231042,-0.398644865,-0.3624325,-0.0977419,2.97445154,-5.247284,-13.6715088,-3.1255188,1.78234124,1.72927451,0.626487732,0.543362,-0.0734274238,4.96017838,1.48414719,-13.414093,-0.0327148438,-0.583047032,1.61930645,-0.08730299,-0.2793461,-0.2092162,2.6511662,-2.85131836,-13.8392029,-3.1647644,1.15871489,1.8108815,0.9044966,-1.42998648,2.52049971,-2.279169,3.68678617
497,9.9399964781746029,2279,-0.7071068,0.7071068,-4.41699E-05,0,4,3.208619,0,6.582465,3.208619,0,6.582465,1,0,0,1,-0.0642165244,1.49011612E-08,3.86835074,0,0,0,-0.0137317907,0.001155898,3.81914163,3.34593725,-4.123474,1.11185992,0.0140923187,0.5821134,-0.159249678,0.197067335,-0.00578011572,4.1646986,-0.8918152,-12.5389709,0.210101575,-2.06219864,1.593942,-0.00156366825,-0.162678227,-0.04444632,3.47828245,-3.818634,-12.8390808,-3.156372,1.977864,1.74448061,0.907624662,0.472465575,-0.048946172,4.7812314,4.652984,-12.494751,0.1268468,-1.65226924,1.4943254,-0.5648931,-0.304735959,-0.0803351551,2.94579482,-3.52133179,-12.7692871,-2.84744263,1.832728,1.601817,0.654557765,0.682864666,-0.0580249429,5.03597832,0.3063629,-12.4685364,-0.658966064,-0.499210477,1.640521,-0.150857,-0.257438064,-0.223021522,2.58782339,-1.03097534,-12.7522278,-2.54766846,1.41187143,1.7627449,0.77080667,-1.46807933,2.52049971,-2.255003,3.68689752
498,9.9599964710884343,2284,-0.7071068,0.7071068,0.0418424681,0,3.99978137,2.06864524,0,6.63097143,2.06864524,0,6.63097143,1,0,0,1,0.000469581923,-1.17719173E-06,3.867162,0,0,0,0.0404898077,0.00032363832,3.82650828,3.352277,-3.55252075,1.10347784,0.0186575279,0.5003418,-0.13202773,0.252373278,0.006239876,4.166886,-2.79043579,-11.4457092,-0.06536865,-1.97059691,1.61186063,-0.173881292,-0.111245945,-0.030918777,3.49366832,-2.19430542,-11.651886,-2.91168213,1.87240171,1.71648777,0.8415884,0.5614247,-0.0113125145,4.80139542,2.56997752,-11.4425964,-0.156280518,-1.729177,1.46303093,-0.591457546,-0.291314721,-0.0577084422,2.92492771,-1.57754517,-11.6933289,-2.47125244,1.95792842,1.47612262,0.734976768,0.7631185,0.0309323817,5.04491138,0.0296060555,-11.4237671,-1.2605896,-0.632611454,1.4393065,-0.171172887,-0.274717331,-0.1500803,2.57189345,-0.16217041,-11.8161011,-1.566803,0.5863181,1.39525282,0.8967219,-1.49166632,2.52049971,-2.25905418,3.69882584
499,9.9799964640022676,2288,-0.7071068,0.7071068,0.117225058,0,3.99828219,3.82015324,0,6.551912,3.82015324,0,6.551912,1,0,0,1,0.04082202,0,3.867244,0,0,0,0.06722888,-0.000313565135,3.83800626,3.36437964,-3.85873413,1.09374678,0.0203773472,0.3572858,-0.0818335,0.271181434,0.01765357,4.148593,-4.675476,-10.8898926,-0.3635559,-1.78031647,1.5171566,-0.281417549,-0.07027872,-0.017680943,3.52218914,-0.566955566,-11.019104,-2.54992676,1.69746184,1.61842692,0.7857487,0.5983216,0.0297262222,4.77611876,0.477660537,-10.9512329,-0.469909668,-1.74144912,1.38351357,-0.591183662,-0.292312324,-0.02438064,2.94323254,0.5726061,-11.1368408,-2.069458,2.07496548,1.42499352,0.7482196,0.8219256,0.113373592,5.03193855,-0.839324951,-11.0211792,-1.4576416,-1.00858665,1.31405342,-0.144120768,-0.3088615,-0.07641497,2.59367132,0.0433622748,-11.2880249,-0.9456482,0.04344809,1.39315474,0.7152886,-1.533601,2.52049923,-2.21658134,3.69026852
500,9.9999964569160991,2293,-0.7071068,0.7071068,0.200933263,0,3.99495029,4.35426426,0,6.34453535,4.35426426,0,6.34453535,1,0,0,1,0.113848016,1.49011612E-08,3.86805964,0,0,0,0.138417616,1.67787075E-05,3.83766913,3.36983848,-4.121704,1.16412783,0.0129507165,0.385844439,-0.05674062,0.348629773,0.02843088,4.12559652,-6.41659546,-10.7013855,-0.715911865,-1.740524,1.34746,-0.214239985,0.001250206,-0.007702276,3.53028822,0.918487132,-10.7248535,-2.15673828,1.67195344,1.46011174,0.8506593,0.66150254,0.0593466163,4.722653,-1.4753418,-10.7690125,-0.883392334,-1.61541915,1.1982038,-0.633550048,-0.246285275,0.00761383772,2.98461866,2.72352886,-10.8320923,-1.7003479,2.02931452,1.28328288,0.6871375,0.874164,0.1541909,4.976665,-1.95367432,-10.8098145,-1.81137085,-1.13291562,1.21505713,-0.366388619,-0.298071474,-0.0260662735,2.65404,0.09260075,-10.8862915,-0.92477417,-0.00781044364,1.334832,0.2558505,-1.57940245,2.52049971,-2.17538071,3.685066
501,10.019996449829932,2298,-0.7071068,0.7071068,0.276195824,0,3.99045324,4.0633626,0,6.23705626,4.0633626,0,6.23705626,1,0,0,1,0.1949286,0,3.86571217,0,0,0,0.220556721,9.77069139E-05,3.83178687,3.36622167,-4.064972,1.25416946,0.00615968555,0.4578225,-0.0614240021,0.432332754,0.03658071,4.09436226,-7.995697,-10.5263672,-1.09069824,-1.65586972,1.28458488,-0.153286934,0.0837036148,0.0015937835,3.54215765,2.24756622,-10.4094543,-1.76409912,1.59745014,1.39120233,0.877828956,0.728285432,0.08094619,4.64248562,-3.24661255,-10.61795,-1.33267212,-1.42808461,1.05931091,-0.627777457,-0.178631619,0.0353398174,3.0379467,4.81791067,-10.5151367,-1.36053467,1.9402194,1.17106426,0.6289598,0.9150949,0.178359151,4.880875,-3.17333984,-10.6601868,-2.39111328,-1.16747642,1.05907381,-0.5720502,-0.260553718,0.0148580223,2.71690845,0.9921724,-10.5623779,-0.305145264,0.436276048,1.14628494,0.640666842,-1.621372,2.514997,-2.140705,3.679222
502,10.039996442743764,2303,-0.7071068,0.7071068,0.3263182,0,3.98666763,2.92739081,0,6.24258757,2.92739081,0,6.24258757,1,0,0,1,0.2677704,0,3.861816,0,0,0,0.292863131,0.000108212233,3.82657719,3.35669422,-3.64556885,1.323469,0.00272459537,0.46893096,-0.07092775,0.492686272,0.04020275,4.054554,-9.388184,-10.019989,-1.45953369,-1.46691275,1.28198349,-0.133538187,0.163521171,0.00893379748,3.56852365,3.40903473,-9.740723,-1.37667847,1.4291029,1.36837578,0.8365574,0.7720185,0.09478706,4.54009247,-4.82232666,-10.1480713,-1.763092,-1.17010021,1.0151217,-0.5661991,-0.105508022,0.05683762,3.099327,6.860111,-9.89801,-1.03756714,1.87027466,1.14373279,0.6050346,0.9445833,0.19085291,4.753079,-4.42602539,-10.2310181,-3.181427,-1.17863536,0.9921692,-0.700257361,-0.208596259,0.0454205573,2.78531814,1.63783729,-10.0405273,-0.136077881,0.468189716,1.04516542,0.2265134,-1.64946938,2.51499677,-2.13936043,3.69091058
503,10.059996435657595,2308,-0.7071068,0.7071068,0.418069631,0,3.97809243,5.096305,0,6.01555347,5.096305,0,6.01555347,1,0,0,1,0.316143572,1.49011612E-08,3.85778141,0,0,0,0.335493416,-0.000172555447,3.827798,3.34774446,-4.07492065,1.355714,0.00304772146,0.391816646,-0.0613047332,0.5091762,0.0383806378,4.010696,-10.5756226,-10.08728,-1.79916382,-1.17340255,1.27715635,-0.161924392,0.22726652,0.0128175467,3.61156,4.4032855,-9.649841,-0.979766846,1.161703,1.34298944,0.7277042,0.7724822,0.102795929,4.42294741,-6.194977,-10.26001,-2.12820435,-0.9200586,1.01699555,-0.461861074,-0.04179934,0.07112245,3.1752193,8.915948,-9.836243,-0.679077148,1.81110144,1.16733408,0.599300742,0.9420913,0.211554721,4.58892059,-5.13647461,-10.4426575,-3.456787,-1.07572782,0.9757043,-0.371109784,-0.158720642,0.0616689622,2.86591482,2.31239915,-10.0581665,-0.08981323,0.5376032,1.06783712,0.124678887,-1.69739866,2.51499653,-2.09204483,3.68551517
504,10.079996428571429,2311,-0.7071068,0.7071068,0.4929763,0,3.96950579,4.385175,0,5.88728428,4.385175,0,5.88728428,1,0,0,1,0.405272841,0,3.85176015,0,0,0,0.433238477,0.00207936764,3.80923033,3.32987452,-3.99533081,1.43333721,-0.004419647,0.460185081,-0.07285465,0.5912956,0.0370697975,3.96351814,-11.4717712,-10.0605774,-2.15115356,-1.04887724,1.22996342,-0.03296131,0.320791841,0.0171547681,3.612442,5.197664,-9.455017,-0.625427246,1.13539028,1.25238991,0.781995535,0.8035023,0.09218799,4.28924561,-7.238922,-10.2452393,-2.50494385,-0.5415851,0.9119308,-0.398406178,0.07960236,0.07073067,3.258411,10.4313726,-9.593628,-0.375091553,1.28241825,1.10274148,0.45937115,0.9498966,0.180239692,4.40302563,-5.8449707,-10.4365845,-3.6965332,-0.822633147,0.9519488,-0.2929554,-0.0178142637,0.06321961,3.00373888,3.00323462,-9.791199,-0.06427002,0.544867635,1.07840431,0.10844925,-1.73587513,2.51499677,-2.05303574,3.68149781
505,10.09999642148526,2316,-0.7071068,0.7071068,0.559413552,0,3.96068931,4.08598948,0,5.89374542,4.08598948,0,5.89374542,1,0,0,1,0.4776938,0,3.84281445,0,0,0,0.5077953,0.00263181329,3.79674149,3.30732632,-3.795868,1.47461486,-0.0058873333,0.478853047,-0.08784194,0.640015066,0.0291335732,3.90882778,-12.0971069,-9.860901,-2.46740723,-0.7784352,1.28071666,0.0103927851,0.401752561,0.0183218569,3.62796068,5.871844,-9.111786,-0.283203125,0.9831108,1.26453531,0.7351943,0.811998069,0.07135977,4.143056,-7.97238159,-10.0822144,-2.81488037,-0.215566516,0.9384013,-0.29167363,0.206949323,0.0610374659,3.353468,11.4122038,-9.229462,-0.07455444,0.800567865,1.10900855,0.37553826,0.934195161,0.135042757,4.21011972,-6.34884644,-10.3238831,-3.89489746,-0.5993961,0.944689631,-0.229638219,0.150892645,0.0521412045,3.16703773,3.57435775,-9.467438,-0.04663086,0.454547584,1.05135345,0.08846522,-1.76974964,2.51499677,-2.02134514,3.68008947
506,10.119996414399093,2321,-0.7071068,0.7071068,0.5925742,0,3.95586371,2.53549623,0,6.11384153,2.53549623,0,6.11384153,1,0,0,1,0.5418643,0,3.833587,0,0,0,0.570507646,0.0023740083,3.788284,3.286961,-3.21820068,1.4969418,-0.00460313633,0.455163449,-0.08914459,0.672100544,0.0178688318,3.85261869,-12.4299622,-9.123688,-2.74047852,-0.4729581,1.31280518,0.04990913,0.488021553,0.01608628,3.65991235,6.338719,-8.265472,0.0437995568,0.7275387,1.26533425,0.651403,0.798872352,0.0449769273,3.99497867,-8.395355,-9.375946,-3.063263,0.0948354453,0.9947361,-0.185809717,0.3482225,0.0477458239,3.46810985,12.0752535,-8.363831,0.224174365,0.5331341,1.12497091,0.3260539,0.903830945,0.08400959,4.01099157,-6.610138,-9.656952,-4.05151367,-0.3775556,1.01318657,-0.1499865,0.3266821,0.0390864164,3.32678318,4.00124836,-8.659637,-0.037322998,0.344039738,1.0676533,0.0655137,-1.7898345,2.51499677,-2.02913475,3.69406343
507,10.139996407312925,2326,-0.7071068,0.7071068,0.6339666,0,3.94944143,3.01909566,0,6.1026597,3.01909566,0,6.1026597,1,0,0,1,0.573584735,0,3.82738829,0,0,0,0.5911787,0.000312164426,3.79610372,3.27584124,-3.11352539,1.496245,0.000480327755,0.3529639,-0.05546069,0.6524727,0.00247618556,3.80071282,-12.4796143,-8.418793,-2.94271851,-0.07520054,1.30634475,0.032344535,0.5540742,0.009158716,3.71568513,6.567492,-7.50415039,0.3642905,0.345738,1.24561691,0.4853595,0.73993057,0.0161627829,3.8520956,-8.582062,-8.699066,-3.21066284,0.360761762,1.08262086,-0.0581434667,0.471785277,0.0316933244,3.5971632,12.4665384,-7.588501,0.539540768,0.300280035,1.14892364,0.299661875,0.8395015,0.0332532078,3.81999445,-6.672821,-9.017578,-4.118988,-0.204758346,1.10570347,-0.040188022,0.480509073,0.0244519264,3.486322,4.277649,-7.951416,-0.0291442871,0.221018225,1.09214914,0.04505152,-1.80900264,2.51499653,-1.99736786,3.68607879
508,10.159996400226756,2329,-0.7071068,0.7071068,0.650504351,0,3.94675136,1.84232068,0,6.26415253,1.84232068,0,6.26415253,1,0,0,1,0.613657951,1.49011612E-08,3.82146835,0,0,0,0.6260269,-0.000300049782,3.79608536,3.26820922,-2.73379517,1.53760624,0.00130533706,0.312012583,-0.02126494,0.6472954,-0.0119833052,3.74679661,-12.1711731,-7.424652,-3.08911133,0.244363844,1.22589886,0.111366108,0.6275495,0.003282696,3.75469947,6.5001483,-6.495697,0.635795534,0.07211208,1.13950658,0.400090545,0.6815401,-0.0186207145,3.7174716,-8.681946,-7.670471,-3.30078125,0.51606673,1.06749284,0.013417542,0.6131222,0.0071374774,3.72615147,12.4988232,-6.53387451,0.8011984,0.001417689,1.07828617,0.211398646,0.7779531,-0.0125733316,3.6563828,-6.64370728,-7.948456,-4.12060547,-0.132517219,1.1533072,0.0263194889,0.656461835,0.00250411034,3.661234,4.332332,-6.8989563,-0.02545166,0.032666944,1.06560814,0.0150120929,-1.81617832,2.51499677,-1.98200417,3.68131137
509,10.179996393140589,2335,-0.7071068,0.7071068,0.650504351,0,3.94675136,1.059333,0,6.450131,1.059333,0,6.450131,1,0,0,1,0.6293177,0,3.81774879,0,0,0,0.6360284,-0.00113818049,3.80024767,3.2651968,-2.29245,1.57499588,0.00132248178,0.386301368,0.025534261,0.6051343,-0.0264417529,3.701074,-11.5475769,-6.22619629,-3.15478516,0.59716785,1.10781431,0.143083483,0.6821161,-0.004494831,3.807976,6.1620307,-5.3303833,0.8627117,-0.260601223,1.00859928,0.264794677,0.600132465,-0.0472630262,3.60191154,-8.690002,-6.44052124,-3.2890625,0.5620642,1.051758,0.09276126,0.736675,-0.0151658654,3.85466719,12.2246571,-5.34820557,1.02515793,-0.257972032,0.995990455,0.1533279,0.6906509,-0.0518319756,3.51703572,-6.503723,-6.711151,-4.00744629,-0.05734033,1.11196244,0.118489787,0.8117748,-0.01797852,3.83172584,4.172191,-5.741394,-0.02432251,-0.144341931,0.964521766,-0.006783087,-1.81949711,2.51499677,-2.002037,3.69376922
510,10.199996386054421,2340,-0.7071068,0.7071068,0.650504351,0,3.94675136,1.068974,0,6.48532152,1.068974,0,6.48532152,1,0,0,1,0.6291249,0,3.817045,0,0,0,0.6294602,-0.00129109621,3.80839133,3.26302147,-1.86172485,1.62197,0.00249953754,0.374800533,0.0539511852,0.5514872,-0.037093848,3.669071,-10.6740112,-5.144226,-3.13412476,0.9081888,0.971729,0.140902609,0.7208919,-0.0117135048,3.86244941,5.56234264,-4.320801,1.03379631,-0.592061043,0.872584462,0.123057485,0.499916077,-0.06850597,3.507447,-8.494598,-5.30880737,-3.18255615,0.700782537,0.9762799,0.175007164,0.8462978,-0.0355433226,3.98320413,11.6478863,-4.31796265,1.19281089,-0.5126152,0.8696177,0.09057386,0.572609663,-0.08947103,3.39372635,-6.177063,-5.55032349,-3.78964233,0.088496685,1.04897177,0.210316837,0.9528418,-0.03650011,3.99974632,3.82077622,-4.72183228,-0.028503418,-0.3050514,0.850890338,-0.021092467,-1.816623,2.51499677,-1.98461151,3.682935
511,10.219996378968254,2345,-0.7071068,0.7071068,0.650504351,0,3.94675136,1.06952834,0,6.48366451,1.06952834,0,6.48366451,1,0,0,1,0.6291138,0,3.817078,0,0,0,0.6257269,-0.001423791,3.81328034,3.26271868,-1.47610474,1.69061017,0.00363850221,0.3341809,0.07565514,0.5174792,-0.0418159068,3.64600849,-9.588196,-4.207947,-3.058838,1.099223,0.83246547,0.174274,0.7544346,-0.0156026781,3.90092158,4.68924856,-3.48080444,1.12666333,-0.8375099,0.7248292,0.0407491028,0.399869949,-0.08549479,3.42861819,-7.985199,-4.31015,-3.03189087,0.9606898,0.8605015,0.219797611,0.95160675,-0.05404617,4.10278,10.7417288,-3.44726563,1.26703954,-0.7907513,0.739111543,0.0003618598,0.429898,-0.132271826,3.2855103,-5.55691528,-4.487854,-3.53591919,0.340083838,0.950026333,0.254571021,1.08838475,-0.0528696626,4.166959,3.27991843,-3.82724,-0.0538330078,-0.444400758,0.764707863,-0.0521945059,-1.81706786,2.514997,-1.98730659,3.68460751
512,10.239996371882086,2351,-0.7071068,0.7071068,0.650504351,0,3.94675136,1.07028532,0,6.48908854,1.07028532,0,6.48908854,1,0,0,1,0.629098654,0,3.81696963,0,0,0,0.62324363,-0.00155219436,3.81637716,3.26301575,-1.14096069,1.77547634,0.00428409874,0.288900763,0.0900868252,0.489557266,-0.0428711027,3.62873554,-8.339233,-3.4118042,-2.94638062,1.24487042,0.704706252,0.200146914,0.7840494,-0.016863361,3.93411,3.56907964,-2.79599,1.13849223,-1.04737782,0.5890402,-0.0281029642,0.303482622,-0.09562603,3.36083913,-7.167877,-3.47695923,-2.84597778,1.22923172,0.733719051,0.2504361,1.04707336,-0.06490196,4.209289,9.53862,-2.73959351,1.24511206,-1.04246855,0.6196933,-0.08263633,0.280744016,-0.1792385,3.196804,-4.973175,-3.58410645,-3.64285278,0.451506317,0.810963333,-0.0230754465,1.20927143,-0.0639833361,4.3167243,2.65303755,-3.017517,-0.112579346,-0.5095455,0.6935462,-0.05037436,-1.81564426,2.514997,-1.97867775,3.679258
513,10.259996364795917,2356,-0.7071068,0.7071068,0.650504351,0,3.94675136,1.07171583,0,6.497922,1.07171583,0,6.497922,1,0,0,1,0.629070044,0,3.816793,0,0,0,0.621301532,-0.001624018,3.81848049,3.26395917,-0.8562927,1.87046933,0.005101744,0.24357599,0.09853004,0.465453565,-0.04059817,3.6176517,-6.964325,-2.74914551,-2.80966187,1.353494,0.5858699,0.209476948,0.8083964,-0.0151399225,3.96334243,2.237652,-2.25137329,1.06926358,-1.22107553,0.465948224,-0.09074628,0.2131809,-0.0916823,3.30716872,-6.04742432,-2.804657,-2.63546753,1.47440219,0.5877253,0.2676767,1.12793922,-0.06640692,4.300408,8.091824,-2.1708374,1.13785362,-1.25327063,0.507392466,-0.152760744,0.140342563,-0.16406858,3.111954,-3.854065,-2.913147,-3.279663,0.828444839,0.6438571,0.54535985,1.31157959,-0.06717959,4.442285,1.99837565,-2.30450439,-0.173736572,-0.512364,0.6163145,-0.00692249835,-1.8194592,2.51499653,-2.00180626,3.69362521
514,10.27999635770975,2360,-0.7071068,0.7071068,0.650504351,0,3.94675136,1.07088137,0,6.49553776,1.07088137,0,6.49553776,1,0,0,1,0.629086733,0,3.81684065,0,0,0,0.6197003,-0.00167222321,3.82027578,3.26487541,-0.6230469,1.969879,0.00540554151,0.197239131,0.101226211,0.444984317,-0.0362482071,3.60987067,-5.487854,-2.21481323,-2.653656,1.43653512,0.476730347,0.214737415,0.8263724,-0.0108079016,3.988213,0.7352894,-1.83441162,0.9210809,-1.35123479,0.354489535,-0.145628929,0.134972572,-0.0854974538,3.26962376,-4.65567,-2.24938965,-2.42581177,1.669642,0.477605015,0.261476755,1.1918782,-0.05877103,4.37190056,6.4571557,-1.73925781,0.957320154,-1.41503692,0.384918243,-0.203288287,0.0159209222,-0.18204619,3.052391,-2.444458,-2.318634,-2.758606,1.13168383,0.5479165,0.56468004,1.39763927,-0.06649384,4.540295,1.01336586,-1.82150269,-0.471405029,-0.5559274,0.426740766,0.00114563107,-1.81630206,2.51499677,-1.982666,3.68172884
515,10.299996350623582,2364,-0.7071068,0.7071068,0.650504351,0,3.94675136,1.07471693,0,6.52297974,1.07471693,0,6.52297974,1,0,0,1,0.62901,1.49011612E-08,3.81629181,0,0,0,0.618330956,-0.00169639289,3.82124543,3.2663672,-0.439971924,2.07099581,0.006479785,0.151598886,0.1010822,0.430764854,-0.0297197849,3.60647488,-3.95281982,-1.79534912,-2.48825073,1.47816145,0.3813242,0.214528352,0.838775039,-0.00414271653,4.007119,-0.888641357,-1.52908325,0.7087788,-1.44162953,0.254347831,-0.18752262,0.07074414,-0.07365574,3.24636865,-3.0355835,-1.81408691,-2.22793579,1.82370031,0.368929833,0.241163731,1.24183452,-0.0419227779,4.426419,4.68287563,-1.46005249,0.7345504,-1.53922224,0.260295182,-0.237578332,-0.09963068,-0.196426749,3.01608634,-0.7816467,-1.84118652,-2.33398438,1.37817383,0.420711458,0.4124566,1.45544267,-0.06456907,4.60461664,0.595957041,-1.51596069,-0.223693848,-0.3495448,0.2634068,0.306013644,-1.818933,2.51499653,-1.99861908,3.69163966
516,10.319996343537415,2369,-0.7071068,0.7071068,0.650504351,0,3.94675136,1.073644,0,6.515577,1.073644,0,6.515577,1,0,0,1,0.6290315,1.49011612E-08,3.81643987,0,0,0,0.617190659,-0.00129257143,3.82236171,3.2691257,-0.310791016,2.1630075,0.00740796328,0.105208367,0.0934532,0.414923728,-0.0218742937,3.6081655,-2.36730957,-1.49142456,-2.34350586,1.50849831,0.2829513,0.191604763,0.8442711,0.004327059,4.01790667,-2.57525635,-1.32418823,0.459032416,-1.47490239,0.1611785,-0.204610378,0.02426523,-0.04596542,3.23688841,-1.24447632,-1.54611206,-2.03155518,1.89948583,0.2486904,0.229402721,1.26814222,-0.0170532167,4.458201,2.82789969,-1.27441406,0.4756208,-1.606415,0.1727296,-0.2606968,-0.136115789,-0.123531371,3.00064063,0.257321447,-1.42947388,-0.843322754,0.920079947,0.312286377,1.28133857,1.4805702,-0.0233130753,4.64835167,0.273154169,-1.301239,-0.202575684,-0.49421975,0.186754584,-0.431423,-1.81904364,2.51499677,-1.99929428,3.69205976
517,10.339996336451247,2373,-0.7071068,0.7071068,0.650504351,0,3.94675136,1.07050288,0,6.50239229,1.07050288,0,6.50239229,1,0,0,1,0.6290943,-5.94556332E-06,3.81670356,0,0,0,0.6172681,-0.000662297,3.82171249,3.272198,-0.231140137,2.25671577,0.00762264058,0.0621272475,0.09112684,0.4135706,-0.0133906007,3.60994339,-0.7872925,-1.28012085,-2.18719482,1.484211,0.21053049,0.204053164,0.8414276,0.0131612718,4.02057743,-4.26901245,-1.19485474,0.181741014,-1.45315123,0.09017596,-0.209877133,0.006904736,-0.019339934,3.240162,0.616686344,-1.31536865,-1.86517334,1.91165066,0.180683136,0.201187134,1.266322,0.01725921,4.465593,0.9659183,-1.166565,0.195876256,-1.60822582,0.104946047,-0.275627375,-0.160717338,-0.0556835234,3.03635025,0.287696719,-1.11251831,-0.4653015,0.03923869,0.276703149,0.29798466,1.47225928,0.07051708,4.67400932,-0.34765625,-1.17379761,-0.797515869,-0.866927,0.135254353,-0.206631973,-1.817116,2.51499677,-1.987607,3.68479323
518,10.359996329365078,2379,-0.7071068,0.7071068,0.650504351,0,3.94675136,1.066414,0,6.482842,1.066414,0,6.482842,1,0,0,1,0.6291761,-5.96046448E-06,3.81709456,0,0,0,0.617297769,-0.000321179628,3.821204,3.27459025,-0.1921997,2.347278,0.00707677,0.0270371977,0.0848652,0.422847718,-0.00488165,3.62183523,0.7127029,-1.13702393,-2.037445,1.39284325,0.15566878,0.2013003,0.8274457,0.0207596123,4.01523638,-5.89736938,-1.11618042,-0.116699219,-1.36637938,0.0382094942,-0.214060634,0.0121697,0.007092193,3.26640725,2.48162174,-1.14385986,-1.72689819,1.87889719,0.109803006,0.161941171,1.23655784,0.0480436981,4.45546675,-0.837554932,-1.1031189,-0.100402832,-1.56322789,0.0484333448,-0.292842746,-0.17762205,-0.008451492,3.079293,0.346375078,-0.925628662,-0.504455566,0.106940381,0.162795782,0.08329692,1.44676375,0.135617673,4.676214,-1.43255615,-1.09719849,-1.12887573,-1.12885833,0.0522416234,-0.120770246,-1.81693935,2.51499677,-1.98653316,3.68412685
519,10.379996322278911,2385,-0.7071068,0.7071068,0.6587687,0,3.94538021,1.47564471,0,6.395378,1.47564471,0,6.395378,1,0,0,1,0.629255831,0,3.8174727,0,0,0,0.6172544,-0.000168502331,3.82073069,3.275772,-0.305969238,2.43149543,0.00616881251,-0.00157912262,0.0764923543,0.4373695,0.00235632062,3.64074254,2.08692145,-1.16522217,-1.9128418,1.26298428,0.110374838,0.1818333,0.806881,0.0261988342,4.005412,-7.408081,-1.19244385,-0.435546875,-1.24182725,0.00148010626,-0.218998134,0.0331337266,0.03355506,3.30762744,4.34170532,-1.19500732,-1.62634277,1.81844282,0.04826329,0.120519638,1.190939,0.06835179,4.43196535,-2.55197144,-1.19824219,-0.417938232,-1.48473144,0.010848958,-0.3031692,-0.17125912,0.0230570883,3.12783933,0.853646,-0.9556885,-0.3918152,0.311022252,0.06536802,0.1128195,1.3907845,0.16723147,4.65213346,-2.596344,-1.213562,-1.71044922,-1.24099827,-0.000586014241,-0.250747442,-1.82049322,2.51499677,-1.97917175,3.68191862
520,10.399996315192743,2390,-0.7071068,0.7071068,0.6587687,0,3.94538021,1.0656898,0,6.409266,1.0656898,0,6.409266,1,0,0,1,0.6374549,1.49011612E-08,3.817195,0,0,0,0.626786232,5.34802675E-05,3.81720448,3.27509618,-0.327148438,2.51904845,0.004056759,-0.0256426912,0.06679614,0.473913223,0.006909311,3.659383,3.30733514,-1.09262085,-1.80422974,1.07174647,0.08901453,0.206453979,0.7919064,0.0282681733,3.98161864,-8.781403,-1.18945313,-0.7477417,-1.06268191,-0.0334816575,-0.173623353,0.08093525,0.0526661575,3.35482216,6.21888828,-1.15393066,-1.58392334,1.76877785,0.03218027,0.07450986,1.135248,0.08490893,4.387765,-4.139618,-1.20944214,-0.7569275,-1.29899359,-0.02771512,-0.32582134,-0.13329263,0.0391880572,3.18243337,1.24133039,-0.894042969,-0.3668518,0.334969729,0.0413344167,-0.0473454,1.30939841,0.190079257,4.603714,-3.66519165,-1.19595337,-2.25097656,-1.19457841,-0.0174430273,-0.2251457,-1.82458329,2.514997,-2.00362682,3.69713879
521,10.419996308106576,2396,-0.7071068,0.7071068,0.6752894,0,3.94258642,1.88940835,0,6.25044346,1.88940835,0,6.25044346,1,0,0,1,0.63750124,0,3.8175776,0,0,0,0.625697255,3.23653221E-05,3.81801939,3.271931,-0.6035156,2.58391142,0.00219813,-0.03961786,0.0535535365,0.498268664,0.009546533,3.681356,4.31118,-1.25848389,-1.68258667,0.8998574,0.07434685,0.197863072,0.767097831,0.02870521,3.96564484,-9.957703,-1.45785522,-1.03082275,-0.9070803,-0.05826178,-0.166975677,0.1376803,0.06389737,3.40547752,8.057218,-1.34838867,-1.54452515,1.66711426,0.017198354,0.0665425062,1.05451655,0.0926146954,4.32719374,-5.505371,-1.51000977,-1.08499146,-0.9992941,-0.0825434,-0.303638875,-0.08580989,0.04624112,3.240184,1.72990823,-1.16567993,-0.418670654,0.4400124,-0.00301941112,-0.137146831,1.197405,0.1974996,4.515626,-4.40020752,-1.55435181,-2.348999,-1.110237,-0.102535248,-0.13514176,-1.82638693,2.5205,-1.96606541,3.68157887
522,10.439996301020408,2401,-0.7071068,0.7071068,0.7000474,0,3.93826556,2.31318855,0,6.098404,2.31318855,0,6.098404,1,0,0,1,0.6537836,1.49011612E-08,3.81629753,0,0,0,0.6446652,0.000295653939,3.81148434,3.26605,-1.015686,2.66222119,-0.0010388121,-0.0537272766,0.04331793,0.557657838,0.00849542,3.702824,5.120239,-1.53936768,-1.57919312,0.6347188,0.0613121539,0.251618326,0.74831903,0.0229208469,3.927703,-10.93515,-1.88027954,-1.31671143,-0.635005534,-0.06593263,-0.103170723,0.222107917,0.0739207,3.45716619,9.871288,-1.67675781,-1.53793335,1.5833174,0.0221279785,0.03826171,0.976643741,0.08935862,4.245168,-6.66033936,-1.96054077,-1.41708374,-0.719424069,-0.11301589,-0.302779019,-0.0126389,0.0606453568,3.294169,2.53297067,-1.54284668,-0.3857727,0.693905354,0.000295209349,-0.0296666473,1.09110987,0.177395463,4.41058159,-5.148285,-2.04614258,-2.473175,-0.9041707,-0.113478839,-0.1476011,-1.83932018,2.52049971,-1.95815563,3.68380117
523,10.459996293934241,2406,-0.7071068,0.7071068,0.733015656,0,3.932263,2.75543737,0,5.97210169,2.75543737,0,5.97210169,1,0,0,1,0.67790693,0,3.812821,0,0,0,0.6715973,0.0005031675,3.80298471,3.25663471,-1.5413208,2.74070144,-0.004604714,-0.0480412357,0.02964874,0.612760961,0.00676567852,3.7147603,5.779067,-1.91012573,-1.48016357,0.444874257,0.06638436,0.297285676,0.7355906,0.014132604,3.885377,-11.6668091,-2.41241455,-1.5899353,-0.351243734,-0.0361910537,-0.04540009,0.321243435,0.07177901,3.51089954,11.2188215,-2.08004761,-1.54916382,1.12754345,0.07532134,0.0178298056,0.8955985,0.07634073,4.142577,-7.54422,-2.514557,-1.73117065,-0.395127475,-0.107829809,-0.282529026,0.106341481,0.0630909353,3.3750844,3.35188627,-1.91503906,-0.5262451,0.675869763,0.107864596,-0.08440709,0.977090359,0.1489448,4.28154039,-5.74719238,-2.63574219,-2.626709,-0.735663056,-0.104034282,-0.16788587,-1.8554697,2.52049971,-1.94165039,3.6831634
524,10.479996286848072,2410,-0.7071068,0.7071068,0.7577079,0,3.9275794,2.384151,0,6.02869034,2.384151,0,6.02869034,1,0,0,1,0.7100249,1.49011612E-08,3.80700564,0,0,0,0.7026435,0.00211462379,3.7983048,3.24007273,-1.826294,2.80807781,-0.00551218167,-0.106094569,-0.0306440275,0.6698871,0.00476397574,3.72456431,6.31957626,-2.1612854,-1.38751221,0.291833639,0.09918915,0.3157468,0.7288652,0.00316168368,3.84003782,-12.1150513,-2.826416,-1.83435059,-0.06123276,0.02972084,-0.00642390735,0.4508894,0.0598641634,3.57347274,12.1109533,-2.3175354,-1.5586853,0.7612524,0.09408503,0.0194110572,0.815158367,0.054675214,4.027313,-8.123016,-2.935852,-2.013916,-0.0521038473,-0.102803737,-0.242473736,0.3132693,0.0514346957,3.48004246,3.906759,-2.159546,-0.5656738,0.4919634,0.08840842,0.04292479,0.8615333,0.1077304,4.131744,-6.14459229,-3.06973267,-2.79626465,-0.535063148,-0.08126288,-0.164128035,-1.87380743,2.52049947,-1.96310234,3.70376062
525,10.499996279761904,2415,-0.7071068,0.7071068,0.8397948,0,3.91084981,5.293082,0,5.41620445,5.293082,0,5.41620445,1,0,0,1,0.7339332,1.49011612E-08,3.80252576,0,0,0,0.728324831,0.00271016359,3.7909565,3.21664357,-2.84707642,2.79033923,-0.006476514,-0.07880953,-0.0963869244,0.7208238,0.0009809434,3.74369931,6.640595,-3.26425171,-1.28479,0.09100972,0.08873083,0.3124556,0.7154667,-0.007990137,3.80606079,-12.2469788,-4.06658936,-2.042694,0.202462,0.0634643,0.0172888115,0.601111,0.03914158,3.64762926,12.63062,-3.41375732,-1.51376343,0.4433062,0.0782811642,0.05477348,0.7234704,0.0233490467,3.90970969,-8.366547,-4.18777466,-2.2322998,0.321812034,-0.0903401,-0.171990991,0.526330233,0.0296275467,3.588134,4.26612234,-3.26248169,-0.5609436,0.342534721,0.06827685,0.0911122561,0.733587861,0.05018667,3.97096634,-6.302948,-4.34182739,-2.93252563,-0.2959653,-0.06848061,-0.1152808,-1.91205549,2.52049971,-1.91352654,3.69735837
526,10.519996272675737,2419,-0.7071068,0.7071068,0.9703529,0,3.88051772,7.805616,0,4.576983,7.805616,0,4.576983,1,0,0,1,0.814240634,1.49011612E-08,3.788978,0,0,0,0.828771532,0.005717516,3.74693751,3.1711,-4.151184,2.732024,-0.0132279694,0.0156237856,-0.227942631,0.878654361,-0.009775355,3.75341845,6.76791525,-5.154907,-1.2293396,-0.36445874,0.08966099,0.483588,0.7383958,-0.03141232,3.71792984,-12.0969543,-6.07485962,-2.2711792,0.725751042,0.128201678,0.203699261,0.8257962,0.0233170837,3.71390557,12.9097395,-5.27236938,-1.528717,0.238516316,0.045739077,-5.54099679E-05,0.6840757,-0.000571489334,3.7743516,-8.622833,-6.164398,-2.47872925,0.424197435,-0.111258343,-0.182146311,0.782821357,0.0137524605,3.68615913,4.465396,-5.08068848,-0.5429077,0.216141343,0.0634207353,0.104131743,0.6853922,0.01668477,3.828855,-6.37179565,-6.28829956,-3.09890747,-0.221776113,-0.0432530269,-0.138335824,-1.97164059,2.52049971,-1.83387375,3.68827581
527,10.539996265589568,2423,-0.7071068,0.7071068,1.05140781,0,3.859345,5.512508,0,4.951336,5.512508,0,4.951336,1,0,0,1,0.9411577,-1.013279E-05,3.76031828,0,0,0,0.981228232,0.008549318,3.679023,3.09643483,-4.02862549,2.60167742,-0.0204156786,0.2703296,-0.371542275,1.09474123,-0.0219246745,3.74721432,6.664466,-6.28097534,-1.20294189,-0.867206454,0.196812928,0.675861657,0.805722535,-0.055742532,3.605773,-11.6542969,-7.28399658,-2.52307129,1.273593,0.309056669,0.4198438,1.1161027,0.004982114,3.76440072,12.9425278,-6.382599,-1.59152222,0.0257842913,0.0814169943,-0.0469267,0.6961341,-0.0216574818,3.61781764,-8.880249,-7.34307861,-2.76611328,0.429638475,-0.05004032,-0.202992,1.09913635,-0.003807366,3.76558328,4.536941,-6.171234,-0.455505371,0.09212889,0.07504472,0.1434213,0.695231438,-0.00392638147,3.677052,-6.40527344,-7.475952,-3.3180542,-0.212171808,-0.006945491,-0.196640879,-2.01674366,2.52049971,-1.82021332,3.70585346
528,10.559996258503402,2428,-0.7071068,0.7071068,1.26785111,0,3.793752,12.4632111,0,2.87921548,12.4632111,0,2.87921548,1,0,0,1,1.018587,1.49011612E-08,3.73616767,0,0,0,1.06232035,0.007697314,3.65060735,3.03948641,-6.004608,2.31822014,-0.00601667166,0.319233567,-0.4378741,1.20822883,-0.0252611935,3.752168,6.21081972,-9.117401,-1.09906,-1.03942645,0.461173356,0.603950739,0.848952,-0.0607747436,3.55101228,-10.8398743,-10.1418457,-2.74679565,1.45087934,0.598388851,0.386505485,1.35402822,-0.0285501629,3.82461953,12.536274,-9.264465,-1.50234985,-0.364820659,0.3077792,0.0454941243,0.675235748,-0.05471064,3.48347878,-8.858185,-10.2374268,-3.01593018,0.6609494,0.2545632,-0.138082534,1.41369963,-0.0360518545,3.84428048,4.364008,-9.16571,-0.2517395,-0.14834547,0.227432191,0.186501265,0.6600169,-0.0515815467,3.50084066,-6.291046,-10.50235,-3.53479,-0.06987952,0.206690729,-0.179706126,-2.1110146,2.52049971,-1.68895435,3.69619656
529,10.579996251417233,2431,-0.7071068,0.7071068,1.550021,0,3.68747044,16.0145645,0,0.5696776,16.0145645,0,0.5696776,1,0,0,1,1.22972989,1.49011612E-08,3.676077,0,0,0,1.30239952,0.0119903833,3.537119,2.959694,-7.905884,2.1790998,-0.0152183622,0.7418586,-0.4937183,1.54131126,-0.038368,3.698143,5.60852957,-13.0769043,-1.08004761,-1.73528862,0.550663,0.922405958,0.997057557,-0.0839595944,3.3968153,-9.956482,-14.0650024,-3.05004883,2.0738585,0.777919352,0.778676,1.73148942,-0.03667496,3.83672285,11.979044,-13.1469116,-1.581604,-0.476278543,0.3734006,-0.132626429,0.7877528,-0.0526320934,3.30990839,-8.718414,-14.0652161,-3.36050415,0.738115549,0.339186579,-0.1739257,1.8111552,-0.0456946641,3.89052916,3.97835,-12.9420776,-0.205719,-0.324765027,0.4332458,0.0268226117,0.7637069,-0.0703284144,3.30347681,-5.90148926,-14.2607727,-3.86117554,0.154356927,0.445698678,-0.2164878,-2.23466849,2.498463,-1.51464081,3.67834163
530,10.599996244331065,2436,-0.7071068,0.7071068,1.86056411,0,3.54094672,17.8384914,0,-1.63037837,17.8384914,0,-1.63037837,1,0,0,1,1.50379443,-3.57627869E-06,3.57355428,0,0,0,1.5997287,0.0163901746,3.37948728,2.86399364,-9.058441,2.08422184,-0.0148572028,1.32681477,-0.575950146,1.93596077,-0.04658757,3.591253,4.80795574,-17.38147,-1.109436,-2.37935138,0.904650152,1.16310418,1.2024529,-0.101421371,3.2014153,-8.97821,-18.2568054,-3.40625,2.63488984,1.194047,1.17230844,2.19131947,-0.04616636,3.79040575,11.2168417,-17.4337463,-1.770752,-0.627199233,0.571467638,-0.283033043,0.9556503,-0.05545357,3.07490563,-8.490295,-18.1970215,-3.74661255,0.8764816,0.6106445,-0.14305383,2.28216743,-0.04657644,3.877892,3.552654,-17.2009888,-0.217132568,-0.356347442,0.559031248,-0.0463436246,0.9347646,-0.0836515,3.06550765,-5.789459,-18.338501,-4.776886,0.255758584,0.6836735,-0.3719534,-2.368788,2.459739,-1.3204155,3.66127968
531,10.619996237244898,2439,-0.7071068,0.7071068,2.12200665,0,3.390736,15.854764,0,-2.016867,15.854764,0,-2.016867,1,0,0,1,1.80491149,1.49011612E-08,3.43107343,0,0,0,1.91155088,0.0209840089,3.18805885,2.784668,-8.698853,1.97754323,0.00455823541,1.76523685,-0.653113842,2.32996964,-0.04762028,3.43207359,3.77692485,-20.590271,-1.14804077,-2.855841,1.44053674,1.25906324,1.43200636,-0.106678829,3.00109959,-7.83093262,-20.43518,-3.862091,2.76418757,-0.7712003,1.77826822,2.67642188,-0.0579579324,3.687533,10.1609755,-20.6834717,-1.96948242,-0.8511486,0.975497961,-0.4011956,1.14965808,-0.0525943041,2.81193733,-8.023315,-20.49881,-4.24005127,1.15632474,1.68651628,-0.107330084,2.81475282,-0.0580739081,3.79502487,3.00373435,-20.4690857,-0.2753296,-0.446659654,0.9053519,-0.08645882,1.15082407,-0.0541888773,2.72375226,-5.211334,-21.0388184,-5.18463135,0.3027113,1.52302253,0.0195088685,-2.4811058,2.42081928,-1.15406227,3.65350676
532,10.639996230158729,2444,-0.7071068,0.7071068,2.49111581,0,3.1295917,21.7069225,0,-7.693258,21.7069225,0,-7.693258,1,0,0,1,2.05697751,-8.925796E-06,3.2834568,0,0,0,2.15436721,0.022232756,3.026842,2.761572,-10.6903687,1.73653972,0.04856737,1.746439,-0.715358,2.60923,-0.03972958,3.27341318,2.48771882,-22.9459229,-0.954620361,-2.93874574,-0.630692959,0.913897753,1.652205,-0.0950318,2.85393882,-6.31555176,-22.3812256,-4.355896,2.71285987,-0.624834538,1.81713355,3.08056283,-0.07075015,3.58634853,8.721314,-23.396637,-1.85015869,-1.23749149,3.34397078,-0.270923078,1.310814,-0.06824316,2.58007455,-6.970825,-22.7507629,-4.81466675,1.66167,3.643828,0.0105327368,3.36365867,-0.0724856853,3.62129712,2.31356668,-24.0160828,-0.179199219,-0.5430126,2.83663964,-0.07678494,1.34516978,-0.100576416,2.32618785,-4.12319946,-23.9821167,-5.242676,0.7642734,3.27006,0.319332421,-2.60658622,2.35367,-0.8550167,3.61456871
533,10.659996223072563,2448,-0.7071068,0.7071068,2.83431244,0,2.82252955,20.8758678,0,-10.5007687,20.8758678,0,-10.5007687,1,0,0,1,2.41679525,1.49011612E-08,3.03254485,0,0,0,2.50811219,0.0268140286,2.722838,2.76167679,-11.5234375,1.67551172,0.06330049,2.216456,-0.7311666,3.07313037,-0.0333638042,2.95624065,1.12135959,-23.625061,-0.9600525,-3.595139,-0.900397539,1.1550529,1.91547084,-0.09610255,2.55923939,-4.76864624,-23.03305,-4.824829,3.13197041,-0.9507847,2.29713321,3.58219934,-0.05651501,3.345622,7.20865536,-24.1351929,-2.029541,-1.22696745,5.14524174,-0.5715995,1.5785768,-0.0570329577,2.26471138,-5.7052,-23.3781738,-5.3609314,1.75257158,5.10553932,0.108143926,3.93571687,-0.05995047,3.30461621,1.7279501,-24.913269,-0.174804688,-0.44994998,5.025964,-0.103083342,1.66394758,-0.139793888,1.84882665,-2.53994751,-24.68634,-5.25610352,1.193541,5.13138437,0.37402302,-2.69651151,2.30861855,-0.544510841,3.591293
534,10.679996215986394,2451,-0.7071068,0.7071068,2.98930764,0,2.657827,12.1383839,0,-3.684558,12.1383839,0,-3.684558,1,0,0,1,2.74654,0,2.731518,0,0,0,2.83114552,0.0300297439,2.3832314,2.83479929,-8.114624,1.673799,0.1333633,2.65556145,-0.7277844,3.38503051,-0.0189270526,2.599482,0.022768436,-20.1794434,-1.53198242,-3.489535,-0.7278291,1.01051855,2.23352718,-0.07541607,2.29860377,-3.65686035,-19.5765686,-5.168976,2.86056423,-0.826723,2.30170274,3.99915242,-0.0414654,3.0001986,5.557225,-20.6636047,-2.49105835,-1.27978885,5.89383125,-0.8543591,1.89533472,-0.0501977652,1.94399762,-4.4833374,-19.872406,-5.541321,1.59088767,5.82237625,0.4019667,4.417195,-0.03244686,2.89016843,1.16957855,-21.2719116,-0.3574829,-0.39687416,5.98053932,-0.6659697,1.96708524,-0.178537309,1.39739513,-0.7617798,-21.0953979,-5.054016,1.32771468,5.93444157,0.5602841,-2.75444269,2.28601217,-0.416056633,3.60359669
535,10.699996208900226,2456,-0.7071068,0.7071068,3.2797823,0,2.28976631,19.3610516,0,-13.9876423,19.3610516,0,-13.9876423,1,0,0,1,2.89256144,0,2.569519,0,0,0,2.95398736,0.0175683349,2.28562713,3.04454,-10.276947,1.34959269,0.2380765,1.99282992,-0.7352139,3.46035838,-0.007275507,2.465268,-1.52966309,-22.41278,-2.0206604,-2.85398149,-0.06196493,0.394144773,2.440026,-0.0499728322,2.23014832,-2.36251831,-21.9361267,-4.99984741,2.17050838,-0.2190451,1.76662433,4.19653273,-0.025037542,2.732037,3.61958361,-22.7177734,-2.7644043,-1.60641778,4.0757885,-0.733663261,2.07768583,-0.0666192,1.78188574,-2.81472778,-22.0532837,-4.926239,1.421406,3.951497,0.997489154,4.61390257,-0.0166873783,2.61138773,0.254937857,-22.853241,-1.42401123,-0.4806351,4.422883,-1.18079424,2.0494628,-0.160138756,1.21243632,-0.145904541,-22.73471,-3.64962769,0.1687393,4.32531834,1.19420433,-2.784669,2.24632788,-0.0831098557,3.57872558
536,10.719996201814059,2460,-0.7071068,0.7071068,3.53307939,0,1.87546051,17.734951,0,-17.0367374,17.734951,0,-17.0367374,1,0,0,1,3.17838049,1.49011612E-08,2.216195,0,0,0,3.21818113,0.0235824585,1.88659024,3.298505,-11.4855347,1.33602548,0.256172955,2.33808351,-0.665833,3.80598712,0.00202038884,2.00378942,-2.980713,-23.384491,-2.74072266,-3.52218533,-0.5695831,0.7947612,2.66415048,-0.04841785,1.84215617,-1.32214355,-23.1375122,-4.595978,2.43109655,-0.7482461,2.36350965,4.476685,0.0212297887,2.27965641,2.05037737,-23.8320923,-3.57714844,-1.1219908,5.14619255,-1.07625937,2.37544155,-0.0418614745,1.46911824,-1.438324,-23.34616,-4.340393,1.09665108,4.96231842,0.861334741,4.808898,0.08406092,2.15939927,-0.0426635742,-24.2383423,-2.452118,-0.376893848,4.97497559,-0.7125288,2.35123563,-0.09849948,0.9270409,-0.0124511719,-24.0757141,-2.428009,-0.196864516,4.92922449,0.941502452,-2.76954365,2.20649433,0.2676115,3.5511415
537,10.73999619472789,2464,-0.7071068,0.7071068,3.6776228,0,1.57324266,12.6007843,0,-12.11099,12.6007843,0,-12.11099,1,0,0,1,3.4256072,1.49011612E-08,1.81546235,0,0,0,3.43273139,0.030532226,1.45462906,3.57191563,-9.641022,1.46857,0.269187629,2.72495031,-0.6292165,4.0544486,0.0110541284,1.50145352,-4.24707031,-21.3518372,-3.724823,-3.786364,-0.7040534,0.9643979,2.85038042,-0.0389199853,1.46045709,-0.480499268,-21.4065552,-4.01901245,2.528069,-0.855821133,2.61741924,4.71134043,0.0538711846,1.74813485,0.814882457,-21.9595337,-4.80038452,-0.7703668,5.853769,-1.31386042,2.60473943,-0.0310027,1.12519348,-0.5325012,-21.6193237,-3.725891,0.7671063,5.6817956,0.8306041,4.99522829,0.118528463,1.59797239,-0.222015381,-22.6105957,-3.64810181,-0.06517807,5.66808128,-0.962436557,2.60329175,-0.06271173,0.565287352,0.187248752,-22.2591858,-1.27789307,-0.133586377,5.69938946,0.8453538,-2.74837637,2.189379,0.496427536,3.548717
538,10.759996187641724,2469,-0.7071068,0.7071068,3.788379,0,1.28381741,11.0040951,0,-12.0123491,11.0040951,0,-12.0123491,1,0,0,1,3.56829715,0,1.5240643,0,0,0,3.55023575,0.0246567279,1.19913936,3.87160277,-8.5295105,1.40844274,0.305636734,2.37584782,-0.657814443,4.103602,0.0186666548,1.2029947,-5.479645,-20.12854,-4.670349,-3.23867035,-0.364615232,0.687866,2.893731,-0.0238903463,1.2488811,0.8844416,-20.5782776,-3.25802612,2.76922584,-0.521159649,2.51048636,4.80896425,0.06930748,1.29631662,-0.503387451,-20.7602539,-5.80114746,-0.9347599,4.91948128,-1.14456081,1.42812538,0.004665941,0.8566172,4.82493162,-21.31958,-2.55688477,4.53820038,3.99231935,2.6062727,5.10103273,0.129998714,1.09722888,-0.5551758,-21.3858337,-4.75509644,-0.229154408,4.918054,-0.959967732,0.104781151,-0.0451068,0.350406438,-0.0358581543,-23.546814,-1.30645752,-0.399068177,2.72416425,0.0942498446,-2.71418881,2.17223835,0.7057352,3.54732323
539,10.779996180555555,2473,-0.7071068,0.7071068,3.901821,0,0.8807913,11.6235895,0,-18.024601,11.6235895,0,-18.024601,1,0,0,1,3.66934919,0,1.24128318,0,0,0,3.616021,0.0161501765,0.971376061,4.18332672,-9.806488,1.28182864,0.323338419,2.005405,-0.6608975,4.132924,0.0240409672,0.909587145,-6.638153,-21.1719666,-5.54754639,-2.92929029,-0.277170867,0.600278139,2.7946012,-0.00456170738,0.98843807,3.54817915,-22.0845947,-1.8770752,3.48137236,-0.457014829,3.008117,4.82675934,0.08166024,0.872030258,-1.829834,-21.8500366,-6.606262,-0.9757411,4.285429,-0.9867619,1.07621038,0.106315881,0.6877735,11.2932053,-23.1541138,-0.740722656,4.18215227,3.512518,2.84573984,5.11536455,0.146288574,0.634012938,-1.11026,-22.5219727,-5.79956055,-0.4445945,4.27008247,-0.9542461,-0.0164183378,0.111460507,0.380717129,1.84044421,-25.9733887,-0.84173584,0.8512468,2.925369,0.7086237,-2.61197424,2.14934635,0.9936876,3.52555156
540,10.799996173469387,2477,-0.7071068,0.7071068,3.9558506,0,0.5926633,9.031144,0,-12.8505878,9.031144,0,-12.8505878,1,0,0,1,3.77522779,0,0.84967494,0,0,0,3.653197,0.02389817,0.586601436,4.395297,-8.521637,1.36681855,0.205555469,2.26045942,-0.608649254,4.207869,0.0245640278,0.42410475,-7.47940063,-19.51178,-6.55896,-3.25697064,-0.588746965,0.9477062,2.69732356,0.0543022752,0.6535402,6.89564848,-20.8029785,0.05893607,4.33482361,-0.64890033,3.6593194,4.835146,0.0980492756,0.354198068,-2.75085449,-20.3005066,-7.714325,-0.4776091,4.98406458,-1.10625362,0.9965061,0.267996669,0.5407301,15.9368944,-22.1028748,1.352076,3.39741659,4.16324234,2.844911,5.06880665,0.160343051,0.09778604,-1.51312256,-21.1936646,-7.26318359,-0.187873781,4.886442,-1.23328519,-0.00644046068,0.297159731,0.372483641,4.938742,-26.8788757,-0.414306641,1.99877775,2.751393,1.309665,-2.53838158,2.13788438,1.1830368,3.52328062
541,10.81999616638322,2481,-0.7071068,0.7071068,3.9814465,0,0.3848183,20.5296726,0,-16.8536243,19.3227882,0,-15.8628445,1,0,0,1,3.57085323,-0.0151882768,0.7218906,0,0,0,3.421116,-0.009261683,0.393198937,4.67743969,-4.998993,1.639151,0.2400213,3.72179651,-0.268521041,4.096781,-0.007502824,0.110211864,-8.223541,-14.9436035,-8.19012451,-2.824062,1.57726526,0.233009577,2.4543004,0.0608431548,0.640158,9.25587749,-16.611084,2.41597056,3.35994,1.57722449,3.39138842,4.77389526,0.087982446,-0.0225306079,-3.591339,-16.4325256,-8.790924,-0.360827029,5.95199871,-1.17502332,1.01914787,0.362480581,0.5883823,19.7845478,-18.2554016,4.44175768,2.41287947,5.290222,3.2354064,4.98133135,0.169338673,-0.377576053,-2.2208252,-19.2834167,-8.598602,-0.3428368,5.064948,-1.22692263,0.034369126,0.417149037,0.400441766,9.708645,-25.80722,-0.06137085,3.173521,3.798092,2.17953014,-2.49382758,2.13254213,1.310545,3.53333282
542,10.839996159297051,2485,-0.7071068,0.7071068,3.99992085,0,0.0251780227,9.637252,0,-18.161974,9.637252,0,-18.161974,1,0,0,1,3.80717587,-2.98023224E-08,0.388417333,0,0,0,3.66801763,0.03630027,0.203808367,4.568721,-7.11300659,1.4593569,-0.09689225,1.74799824,-0.365751863,4.08247662,0.06883927,0.0125543326,-9.699036,-17.5487671,-8.531158,-1.84288073,0.6993828,0.116225004,2.81794548,0.182172179,0.392458975,13.0536032,-18.9054871,4.851684,3.33893061,0.8559184,2.913396,4.81689262,0.1455331,-0.427971631,-5.518158,-18.3097839,-9.158142,-1.56504655,2.85744858,-0.561594,1.16466081,0.6073793,0.6054127,24.1813774,-19.42041,7.126762,3.42964625,2.645137,2.9612422,5.10793638,0.213893592,-0.856874466,-3.3104248,-19.061554,-9.864502,-1.03845167,3.88391376,-1.14864564,0.175150424,0.587062955,0.519097,14.9546928,-25.8987732,1.64323032,3.14567733,3.45238066,3.70422888,-2.34159756,2.12635756,1.53335,3.51505876
543,10.859996152210885,2490,-0.7071068,0.7071068,3.99211025,0,-0.251116663,6.616237,0,-13.6919746,6.616237,0,-13.6919746,1,0,0,1,3.85978556,-1.49011612E-08,0.02272271,0,0,0,3.71344161,0.02950944,-0.148086384,4.356815,-7.25292969,1.55815244,-0.107265562,1.7096107,-0.427962422,4.09574652,0.0339940563,-0.4455754,-10.43689,-17.21756,-9.059235,-2.562612,-0.208182335,0.881562,2.84442472,0.257362455,0.142003924,16.5549984,-17.7432861,7.51304531,4.08805275,0.366840065,3.17906857,4.644852,0.1393056,-0.8175035,-7.04342651,-17.87622,-9.888763,-0.6888233,3.6939013,-0.7710403,1.36262429,0.756160736,0.5494596,27.935606,-17.5056458,10.140481,2.74116,4.0435977,3.01516867,4.890853,0.312534153,-1.20289052,-4.341217,-18.7957458,-10.6637878,-1.27602279,3.77288771,-1.00349212,0.3815013,0.7965104,0.591495037,22.2143536,-23.78778,4.51473665,4.155348,3.94325829,5.01495647,-2.22795057,2.1091826,1.69424629,3.5046947
544,10.879996145124716,2493,-0.7071068,0.7071068,3.97809267,0,-0.418068767,6.34409428,0,-8.714347,6.34409428,0,-8.714347,1,0,0,1,3.85121083,0,-0.2437819,0,0,0,3.69390249,0.02364266,-0.4114681,4.256562,-5.733673,1.592194,-0.0345890373,1.78693759,-0.433626354,4.01804829,0.0221678168,-0.70596,-10.9108887,-15.3778992,-9.591095,-2.35506368,-0.239734441,0.96821,2.93284535,0.303694576,-0.0141401216,19.68806,-14.6116943,10.2905817,3.96917129,0.5759803,2.84475231,4.44786453,0.109931305,-1.121366,-8.347839,-16.0181885,-10.5467834,-0.525842965,3.60197759,-0.6395158,1.64580584,0.828725934,0.579620063,31.031271,-13.31311,13.5776472,2.29550338,4.42989159,2.925228,4.613202,0.253958762,-1.50142109,-5.47042847,-17.180542,-11.4891663,-1.014601,3.55516577,-0.8808254,0.6908278,0.8694669,0.6415955,30.23536,-17.6088562,9.789792,4.84901476,5.204024,5.64388371,-2.18650651,2.10342455,1.78890514,3.522128
545,10.899996138038547,2498,-0.7071068,0.7071068,3.93679047,0,-0.708294868,5.08736563,0,-15.2096157,5.08736563,0,-15.2096157,1,0,0,1,3.83504319,0,-0.404102683,0,0,0,3.698353,0.0134987682,-0.5403623,4.23305035,-6.939331,1.47643554,0.00436913967,1.4668076,-0.409518659,3.933954,0.0158185959,-0.7793622,-11.3574829,-16.4319763,-9.912537,-1.62763381,0.0777328,0.68816483,3.10147452,0.29342103,-0.113080546,22.4929714,-13.93988,12.7998867,3.27331924,0.967288852,2.19177771,4.165378,0.0750716254,-0.9143845,-8.902954,-18.0552673,-11.1972351,0.2174159,1.75228786,-0.5203171,2.10106373,0.819189966,0.5683998,33.36142,-11.0015564,17.0249519,1.84788465,4.224941,2.60860729,4.25336933,0.04017987,-0.5355959,-3.64312744,-22.3623352,-15.15741,2.19850373,-0.90857935,-2.17812848,1.181027,0.9269091,0.681113243,38.45455,-9.483032,17.8072739,4.434466,5.437895,5.123243,-2.025105,2.09193468,1.94242191,3.50003481
546,10.919996130952381,2501,-0.7071068,0.7071068,3.90908241,0,-0.847984731,5.40850353,0,-8.139605,5.40850353,0,-8.139605,1,0,0,1,3.80091238,0,-0.6851927,0,0,0,3.64183521,0.0190530419,-0.8238532,4.23777151,-5.477661,1.49753416,0.031518504,1.551892,-0.403670758,3.823712,0.0011112541,-0.9600134,-10.8544617,-14.5587769,-10.7369995,-1.34648156,-0.380242825,0.8351101,3.21465349,0.306333542,-0.3594234,24.3295937,-10.3403931,15.1801157,3.180305,0.6498982,1.81038237,3.89259982,0.03182529,-0.7327602,-7.55645752,-17.1083374,-12.7086487,1.71707094,2.47633171,-0.8814086,2.54856348,0.6599158,0.373572737,34.37613,-6.35739136,20.2435741,0.9205751,4.399559,2.18715644,3.84606886,-0.1392528,-0.277993083,0.708183169,-24.0844421,-20.5688171,3.76805043,0.690480649,-1.67451513,1.88381839,0.870127,0.5999585,43.228756,0.172043875,25.6532288,2.60859418,4.719299,3.366724,-1.9702034,2.08618,2.01711559,3.50750685
547,10.939996123866212,2505,-0.7071068,0.7071068,3.85713458,0,-1.05948913,16.7690945,0,-39.8315544,9.7004,0,-23.041317,1,0,0,1,3.52175283,0.10750559,-0.262858331,0,0,0,3.2164402,0.109647155,-0.5775274,4.801156,-2.29724121,1.95944965,0.3384997,4.6824255,0.191100448,3.54825974,0.123254418,-0.9113102,-9.056,-9.001862,-13.3849182,0.345785022,4.187955,-0.500425637,2.96972728,0.186660349,0.185188711,22.28988,-4.09088135,17.3071232,-0.163610876,4.678994,1.26663947,3.60168576,0.1758071,-0.3007381,-4.151947,-14.0835266,-14.8094482,3.41531181,5.06327724,-1.11776888,3.00902033,0.197480768,0.4237889,32.0792046,-0.758575439,24.2021332,-2.21552539,6.02786255,2.279095,3.37703657,0.0240544975,0.116929114,3.689985,-28.31363,-23.4624023,2.522469,2.36458158,-0.337782741,2.61815977,0.578197837,0.546772,46.0984039,8.084236,33.3338,1.0666151,4.99392033,2.430571,-1.83871436,2.086133,2.116683,3.49473429
548,10.959996116780045,2508,-0.7071068,0.7071068,3.82929087,0,-1.15608406,24.33301,0,-48.9988747,11.1194563,0,-22.3910179,1,0,0,1,3.34263086,0.195541263,-0.17610693,0,0,0,3.0327704,0.201460913,-0.472151339,5.05500746,1.72836888,2.23907638,0.0637633055,4.887806,0.409212232,3.30269766,0.211889088,-0.608022034,-7.3543396,-4.65582275,-15.1122131,2.00696588,4.53971529,-1.00780952,2.99237943,0.114084475,0.134975612,20.3056984,0.864272058,18.4961281,-1.7608242,4.65196562,0.387215316,3.41093016,0.304869682,-0.051730752,-1.52615356,-10.2640381,-16.5361938,2.3982265,4.363415,-0.9221227,3.44925117,-0.06408841,0.368589848,29.2292213,4.34598732,25.7756748,-2.29369378,5.413919,0.9558705,3.219764,0.2231584,0.201165587,6.951552,-26.272644,-26.542511,2.76657081,4.48570442,-0.0562624931,3.206635,-0.00575312972,0.3350553,44.44891,20.0312347,41.7052345,-1.28822851,6.92683125,3.00915122,-1.814552,2.08437157,2.16389847,3.50993729
549,10.979996109693877,2513,0,1,1.72586441,0,-3.60851669,-76.5575943,0,-171.397537,-10.1958055,0,-22.8264236,1,1,0.0599999763,1,3.25701571,0.237175047,-0.180567384,0,0,0,3.00314331,0.251260638,-0.402784228,4.93690538,3.525626,2.19766641,-0.192688257,3.976722,0.3424444,3.18751168,0.260730922,-0.2778635,-5.30499268,-2.77603149,-16.2218933,3.10522437,3.30213833,-1.31110275,3.06947732,0.07738711,-0.0615204871,18.7563152,2.17400217,19.7088585,-2.65646315,4.070503,0.0221713781,3.39343381,0.363506556,0.179249555,0.330473065,-8.873444,-17.807373,1.77973759,3.82665038,-0.861078441,3.77660918,0,0.0007160604,26.453022,6.05210972,25.5428028,-1.856628,3.47173452,-0.402421474,3.46704745,0.4378779,0.03742802,4.79738426,-23.1348267,-25.0515442,1.946807,4.300568,-1.4743315,4.05270338,0,0.0823579356,44.2755852,21.5971889,43.0337067,-1.36672258,4.096303,-0.5559082,-1.70348251,2.02462435,2.24323273,3.46886873
550,10.999996102607708,2517,0,1,1.57324135,0,-3.67762375,-73.5993347,0,-151.045288,-10.950819,0,-22.4739742,1,0,0,1,3.04522753,0.0478107333,-0.6567191,0,0,0,2.88723469,0.08230169,-0.732162535,4.25577068,2.062608,1.51014769,-0.570333838,1.13934994,-0.377702,2.973058,0.05686307,-0.397801816,-3.64898682,-4.256378,-16.4247131,2.16599417,0.624804258,-0.6841176,3.05803442,-0.0172013268,-0.613827944,18.9699764,0.89878875,20.40994,-0.913469136,1.48197651,-0.131134391,3.113128,0.06140452,-0.302236557,1.80472744,-7.00308228,-18.660675,1.06053054,3.838757,-0.344558,3.59894657,-0.283022881,-0.4783152,25.3792171,4.164251,23.7769279,-0.7561916,1.07347417,-1.233698,2.872474,-0.111049086,-1.11895144,9.101815,-12.1549988,-26.4708557,1.837528,9.135891,0.7033725,4.157918,-0.773070335,-0.5121626,42.96516,17.5163918,39.67102,-1.621892,1.19645333,-2.67852235,-1.59050119,2.091867,2.310296,3.49900985
551,11.019996095521542,2521,0,1,1.48810554,0,-3.71288872,-66.53399,0,-130.550461,-11.3518219,0,-22.2741127,1,0,0,1,2.81878471,-0.137999445,-1.10188043,0,0,0,2.67199731,-0.117502309,-1.16212988,3.84866428,1.54971445,1.09043491,-0.287745953,0.6852159,-0.473095834,2.7264812,-0.152005255,-1.04360688,-2.04299927,-4.926819,-16.8371277,0.9129937,0.7121342,0.1380601,2.89958978,-0.201705322,-1.07804739,18.2509632,-0.097076416,19.7347012,-0.6242532,0.871659338,-0.365493953,2.6585958,-0.08840333,-0.887678564,2.7861557,-6.77243042,-18.7055359,0.8422732,1.13988853,-0.0101909637,3.47584629,-0.585253835,-1.05194545,24.2952061,2.45917416,21.5896378,-0.999007165,0.478864849,-1.64094949,2.4983685,0.104155332,-1.24136329,4.54884243,-8.978729,-24.3588562,-2.67658424,3.00859022,0.6157519,4.08507967,-0.831902444,-1.05895972,42.20799,12.8415136,35.09975,-1.94421029,0.05448866,-2.919214,-1.534116,2.09778762,2.34500122,3.50046515
552,11.039996088435373,2526,0,1,1.44133019,0,-3.731296,-57.5176239,0,-109.103851,-11.6586647,0,-22.1150513,1,0,0,1,2.5916822,-0.309321284,-1.54921985,0,0,0,2.43650961,-0.302695751,-1.56866038,3.65008163,1.38253045,0.6874,-0.157903358,0.479723364,-0.450015128,2.46726751,-0.336935,-1.52454376,-0.815002441,-4.9765625,-16.80722,0.705747,0.601161242,0.431508183,2.75282741,-0.397953,-1.50932658,17.3785629,-0.45703125,18.560503,-0.5978712,0.818757534,-0.789866447,2.28433585,-0.320256978,-1.35371268,3.75627375,-6.9888916,-18.45813,0.816861033,0.503464937,0.2979499,3.10194564,-0.453267634,-1.1885879,24.2589321,2.44788814,20.3431,0.05510074,1.1238637,-0.917836845,2.149327,-0.06436513,-1.45781219,-0.120361328,-7.662689,-22.12439,-3.77738333,1.30454516,1.56402743,3.30876875,0.0369465351,-0.939870656,39.7388039,11.7201281,33.85328,-2.90442944,0.3353931,-0.375884056,-1.51257038,2.104697,2.36846447,3.51101732
553,11.059996081349206,2530,0,1,1.37861347,0,-3.75492,-34.55557,0,-108.369247,-7.59494734,0,-23.8184128,1,0,0,1,2.06972456,0.03854257,-1.58753574,0,0,0,1.98648667,0.009656429,-1.72921646,4.44676256,1.56744289,0.708877,0.5580212,0.9910285,-0.02506119,1.98906767,0.0215120912,-1.77309978,-0.340942383,-3.982666,-16.9123535,0.330107749,1.48700178,0.279620737,2.232822,-0.08808702,-1.51431584,15.6340008,-0.254577637,16.994875,-1.0696013,1.51456606,-1.04093909,1.87634706,-0.009225547,-1.78767848,4.485737,-6.75344849,-17.9078674,0.5205891,1.17530942,0.456109464,2.5578506,-0.06600553,-1.23044538,24.56073,2.86791658,19.6891289,0.155376628,1.3298353,-0.6041695,1.67647278,0.0944157839,-1.8599745,-3.62243652,-7.50650024,-19.4629517,-2.775778,1.11716557,1.94507909,2.71820021,0.22253868,-1.04253566,37.0881271,7.31750441,29.1005783,-2.10096884,-0.5961244,-1.254487,-1.46634209,2.11484051,2.38856316,3.51111722
554,11.079996074263038,2533,0,1,1.307594,0,-3.78023767,-18.7619648,0,-107.23764,-4.30847836,0,-24.6259422,1,0,0,1,1.68283308,0.3612465,-1.63548565,0,0,0,1.61429036,0.34878087,-1.72405529,5.088371,1.67865634,0.8179129,0.412503749,1.072472,0.130670011,1.58724236,0.33640027,-1.86379051,-0.40234375,-3.12649536,-16.477417,0.136004165,1.46524644,0.419317663,1.76477873,0.283136457,-1.53872716,14.7201033,-0.07449341,16.10941,-0.6958405,1.42266572,-0.711647153,1.54300821,0.275890052,-2.17037153,4.388251,-5.78445435,-17.23227,-0.181151718,1.7821492,0.59656775,2.118678,0.180183977,-1.44255161,24.2959728,2.65620875,18.8173943,-0.314384282,1.06252372,-0.678379536,1.34319508,0.348945826,-2.45491052,-5.70224,-5.72885132,-17.29425,-1.97527432,2.367671,1.484863,2.55809045,0.191847458,-1.51553643,31.5637245,1.84998107,19.744482,-2.913629,-0.128326729,-3.100912,-1.41770637,2.12028146,2.41260147,3.510859
555,11.099996067176871,2538,0,1,1.2361089,0,-3.804212,-12.2493019,0,-97.8830643,-3.10434151,0,-24.8065128,1,0,0,1,1.48109484,0.479647428,-1.84655166,0,0,0,1.41535556,0.4945824,-1.89594293,4.97353268,1.55220151,0.880056,-0.126209065,0.871814549,0.08660099,1.35602045,0.44431147,-2.06521821,-0.5838623,-2.68518066,-15.7354431,-0.0399743021,1.19558525,0.6400126,1.512545,0.441692829,-1.740107,14.4820728,-0.1217041,15.6555653,-0.290596128,1.12294888,-0.429406881,1.29450274,0.3745578,-2.50914979,3.7773025,-4.74307251,-16.4289856,-0.5694536,1.758765,0.69832,1.949647,0.196823761,-1.82444632,23.3005753,2.00048923,17.6931572,-0.941927969,0.878238559,-0.916347265,1.10416377,0.45723784,-2.92434168,-7.807434,-3.411499,-15.3997192,-2.00590038,2.70515943,1.37472391,2.58299875,0.08025057,-2.109696,24.35512,-1.515686,10.6553869,-3.79022264,0.816270053,-4.7336936,-1.37371027,2.13076949,2.440115,3.5187242
556,11.119996060090703,2542,0,1,1.14011693,0,-3.83407545,-9.687231,0,-87.68325,-2.74529243,0,-24.84881,1,0,0,1,1.33386147,0.5543137,-2.0804112,0,0,0,1.26199138,0.5683356,-2.12106061,4.736806,0.9513793,0.929971755,-0.208034128,0.7608613,0.04305457,1.18914723,0.5117569,-2.33159137,-0.911529541,-2.69747925,-14.9063416,-0.262890518,1.15973282,0.7935247,1.41619527,0.493718684,-2.04209018,13.7820473,-0.6925354,15.0088205,-0.6229546,0.9924517,-0.575598,1.07633221,0.430402547,-2.83570623,2.73288083,-4.25970459,-15.4638672,-0.858156443,1.597639,0.8044856,1.98995054,0.187387362,-2.26205015,21.7439022,0.8886772,16.2505722,-1.46072078,1.00306487,-1.16171062,0.884439349,0.5105897,-3.25287175,-10.1165466,-2.19570923,-13.539917,-2.08957577,2.266921,1.47008646,2.59859,0.15932174,-2.60148358,17.43067,-2.720398,5.72397757,-4.36373043,0.7837417,-3.25132465,-1.3089391,2.1428628,2.46891022,3.52146268
557,11.139996053004534,2545,0,1,1.03531528,0,-3.86369324,-8.732704,0,-77.46486,-2.80054045,0,-24.8426456,1,0,0,1,1.20996928,0.61901027,-2.31439662,0,0,0,1.126382,0.6280656,-2.35814929,4.59962654,0.150886968,0.987907231,-0.132208779,0.705913961,0.005333308,1.03688455,0.569734454,-2.59490824,-1.31311035,-2.91641235,-14.002533,-0.454752266,1.14411342,0.96577245,1.36805189,0.529910445,-2.33784723,12.4536972,-1.47344971,13.920682,-0.982318163,0.973740041,-0.8592175,0.8739452,0.491345,-3.13141465,1.34053624,-4.04278564,-14.4047852,-0.957579136,1.44666839,0.8756571,2.02666855,0.196996763,-2.68034554,19.6154537,0.124805205,14.6805086,-1.87327361,1.20779729,-1.26105213,0.68531847,0.574870467,-3.54195952,-12.4194031,-1.64956665,-11.7277222,-2.07960486,1.93977451,1.462139,2.46751738,0.338670075,-3.11848259,10.1216631,-2.903656,4.57735348,-5.57471275,0.9284709,-0.988374233,-1.23969543,2.15464258,2.4999342,3.52547884
558,11.159996045918367,2550,0,1,0.954172432,0,-3.88452721,-7.15281343,0,-66.9623642,-2.655354,0,-24.8585815,1,0,0,1,1.09722865,0.6810061,-2.54528046,0,0,0,1.00963593,0.6871389,-2.590747,4.5693903,-0.3694458,1.01563835,-0.05514771,0.660302043,-0.0380824879,0.906411231,0.63114506,-2.83811712,-1.80426025,-2.8175354,-13.0364685,-0.578068137,1.14565623,1.05245566,1.29995525,0.5794662,-2.637677,10.6290226,-1.92315674,12.6053524,-1.30262148,0.9401789,-0.999737263,0.706290364,0.5716324,-3.36978,-0.07470703,-3.49252319,-13.3503418,-0.870442867,1.41571951,0.894565344,1.98665476,0.241404355,-3.12458515,17.1334362,-0.422515869,13.0563946,-2.14680338,0.9898819,-1.34654069,0.4870961,0.6656814,-3.7415514,-14.1258545,-0.811889648,-9.768036,-1.49185514,2.013893,1.71599174,2.37895,0.418706447,-3.59757257,3.159991,-3.49423218,4.34289026,-5.62153625,0.532187462,-0.5197933,-1.19217753,2.16246939,2.5363884,3.53989077
559,11.179996038832199,2554,0,1,0.8152885,0,-3.91603231,-9.126294,0,-57.1442337,-3.94269276,0,-24.6871452,1,0,0,1,0.9978143,0.742393,-2.773148,0,0,0,0.9074153,0.748174667,-2.81734371,4.583943,-1.72198486,0.99224484,-0.0252605,0.665751338,-0.06449835,0.8048888,0.698658466,-3.04386663,-2.3770752,-3.58987427,-12.0212708,-0.537598968,1.11583221,1.0112375,1.23468769,0.6362963,-2.94769573,8.448878,-3.266388,11.2579327,-1.66158772,0.838727951,-1.10636115,0.572079957,0.651031852,-3.558785,-1.43795776,-3.88061523,-12.2658081,-0.7729703,1.3807416,0.926162243,1.92818964,0.333601981,-3.5606966,14.4342766,-2.02200317,11.4498043,-2.32210326,0.763246536,-1.36342931,0.31807816,0.7666595,-3.86924052,-14.5541992,-0.987426758,-6.823456,-0.373563051,2.17706418,2.45380187,2.30024171,0.5183837,-4.027641,-3.09088135,-5.344116,4.318622,-5.24574757,0.3086232,-0.422623158,-1.09641981,2.18212819,2.563757,3.540716
560,11.199996031746032,2559,0,1,0.6918797,0,-3.93970823,-9.415427,0,-47.0415535,-4.90646935,0,-24.5138035,1,0,0,1,0.880188167,0.802108645,-2.99887753,0,0,0,0.7717281,0.8082142,-3.04312468,4.60657167,-2.87722778,1.03608143,-0.0195069965,0.6431759,-0.07964224,0.6674527,0.7590618,-3.280711,-2.81484985,-4.22460938,-11.1261292,-0.699600339,1.11066258,1.11566281,1.09687638,0.718121052,-3.20662475,5.887443,-4.484833,9.835529,-1.65866077,0.748891532,-0.997056365,0.4264249,0.7299651,-3.71676588,-2.53259277,-4.24914551,-11.3232727,-0.546887457,1.20737517,0.818130553,1.81932914,0.42414853,-3.94984913,11.3744707,-3.5112,9.767578,-2.59238887,0.6101138,-1.5153091,0.177443147,0.8048754,-3.96965361,-14.7229919,-1.45861816,-3.21377563,-0.153035164,1.84682322,2.614198,2.19082928,0.6172992,-4.43539667,-8.868286,-6.86181641,4.256339,-4.95297146,0.3657092,-0.5878017,-1.0135206,2.200101,2.58972359,3.546031
561,11.219996024659864,2563,0,1,0.6009386,0,-3.95460081,-7.520726,0,-36.6295853,-5.028072,0,-24.48915,1,0,0,1,0.7513531,0.86178726,-3.22200942,0,0,0,0.642808735,0.867532253,-3.26148319,4.622329,-3.54620361,1.03177917,-0.02429704,0.6407116,-0.113085069,0.539885163,0.8238584,-3.47538376,-3.25234985,-4.44833374,-10.2292786,-0.6751476,1.0486809,1.076668,0.9704381,0.795983732,-3.47328782,3.15020847,-5.25939941,8.473983,-1.75779974,0.6720761,-0.9991895,0.280939668,0.78894496,-3.871636,-3.448944,-4.39685059,-10.4025574,-0.439565837,1.03156877,0.819468439,1.64698756,0.5898947,-4.24377155,8.399567,-4.610779,8.229127,-2.49415064,0.472043961,-1.461683,0.03172169,0.791303456,-4.09307241,-14.92865,-2.085785,1.6252923,-0.8639595,1.62055445,3.68064,1.97439766,0.7762866,-4.66306925,-13.2798767,-7.9005127,4.04646,-3.775091,0.3607306,-0.6215637,-0.9551097,2.20917869,2.61834049,3.55646062
562,11.239996017573695,2566,0,1,0.509678662,0,-3.96739578,-5.83340454,0,-25.92542,-5.48797035,0,-24.3902073,1,0,0,1,0.6263467,0.9229171,-3.44888759,0,0,0,0.52697444,0.9291787,-3.48039174,4.619781,-3.90533447,0.942006767,-0.03568495,0.6221945,-0.164563656,0.416935325,0.890083551,-3.656546,-3.75811768,-4.87643433,-9.238647,-0.5678786,0.913146257,1.03233409,0.848856747,0.8789933,-3.7274096,0.5034479,-6.14682,7.24771357,-1.79012167,0.5727014,-1.01685953,0.128246263,0.8723457,-3.99248,-4.21099854,-4.98934937,-9.423248,-0.3180488,0.681750834,0.859047651,1.43716359,0.795799732,-4.418009,5.829794,-5.79937744,6.912693,-2.08741975,0.23869057,-1.29221,-0.0256108865,0.9805814,-4.11139774,-14.5995178,-3.379242,2.086802,0.187935114,0.191651821,0.607740462,1.71206951,1.11298943,-4.63174725,-13.9347229,-9.258759,3.55475426,-0.542848468,0.0109219253,-0.3762434,-0.8939086,2.22049,2.63710022,3.56145287
563,11.259996010487528,2571,0,1,0.434808671,0,-3.97629786,-3.08840847,0,-14.6710453,-3.08840847,0,-14.6710453,1,0,0,1,0.496576816,0.9855106,-3.682877,0,0,0,0.398292959,0.9918216,-3.7092855,4.60219574,-3.886963,0.841515,-0.0477432981,0.6379832,-0.1866026,0.296837538,0.9582219,-3.85783434,-4.189972,-5.288391,-8.32373,-0.548234642,0.7604206,0.993201733,0.6851959,0.965887547,-3.90270638,-1.75521851,-6.889099,6.12156343,-1.35920608,0.4902763,-0.8850341,0.0230152719,0.9526136,-4.081759,-4.54400635,-5.532898,-8.558899,-0.0177471042,0.472984433,0.7638207,1.19795012,0.942355752,-4.470203,3.74446821,-6.81176758,5.73703146,-1.68260849,0.194378763,-1.18147135,-0.109881476,1.06782949,-4.130412,-14.3926086,-4.44885254,2.00540113,0.00709692,0.0351995,0.126372665,1.43089652,1.20242786,-4.632215,-13.9138489,-10.0249329,3.11878133,-0.132190526,0.26457572,-0.214408726,-0.8419523,2.23477578,2.63974667,3.55968666
564,11.27999600340136,2576,0,1,0.409817964,0,-3.978951,-0.53873533,0,-10.4088106,-0.53873533,0,-10.4088106,1,0,0,1,0.420592666,1.009077,-3.77077484,0,0,0,0.32669282,1.01650035,-3.78942561,4.506022,-3.24142456,0.7247691,-0.094701916,0.564651668,-0.194821134,0.2412077,0.9877924,-3.90482187,-4.470093,-5.08569336,-7.53747559,-0.43147,0.6693978,0.8794496,0.57284224,1.00143659,-3.894098,-3.3427124,-6.846405,5.09270573,-0.7986801,0.507602632,-0.769634247,-0.01471363,0.978459656,-4.00588369,-4.39520264,-5.4730835,-7.81277466,0.305526137,0.371737361,0.6842054,1.00503945,1.00344968,-4.299588,2.18259883,-6.93450928,4.68240738,-1.21023524,0.260322,-1.05127156,-0.143876672,1.046582,-3.99230361,-14.2513733,-4.805176,1.85861146,-0.09990005,0.008540522,0.07964069,1.1930927,1.16457927,-4.44114256,-13.7969666,-9.933105,2.60568833,-0.2149905,0.414711654,-0.154889554,-0.8275994,2.23465443,2.665246,3.57521152
565,11.299995996315193,2581,0,1,0.401484042,0,-3.9798007,0.0996813551,0,-9.358934,0.0996813551,0,-9.358934,1,0,0,1,0.399490416,1.015596,-3.792622,0,0,0,0.3252452,1.02029574,-3.80756831,4.41551256,-2.86187744,0.5325153,-0.08508741,0.420642734,-0.198811144,0.2542585,1.000016,-3.88440275,-4.72769165,-4.60681152,-6.817505,-0.256887168,0.5936052,0.6910813,0.535199165,1.00986743,-3.83936453,-4.23526,-6.37973,4.188617,-0.393870652,0.525640666,-0.734341562,0.005835017,0.982506454,-3.888402,-3.78793335,-5.19500732,-7.11953735,0.576512039,0.367635876,0.66191113,0.8756584,1.017606,-4.05641747,1.29575872,-6.60964966,3.76792121,-0.6557001,0.4200259,-0.8630223,-0.126246542,1.00027621,-3.8118217,-14.1600342,-4.920349,1.72468817,-0.145312935,0.0222060829,0.144719481,1.00489581,1.08796787,-4.144543,-13.7211914,-9.471893,2.22199225,-0.37010476,0.567168653,-0.0188469812,-0.82013464,2.2392292,2.64987087,3.56491017
566,11.319995989229025,2586,0,1,0.401484042,0,-3.9798007,0.5507814,0,-9.131435,0.5507814,0,-9.131435,1,0,0,1,0.390468419,1.01726747,-3.797172,0,0,0,0.3365268,1.02113271,-3.809798,4.36116028,-2.45367432,0.308600575,-0.05533836,0.3539712,-0.198294148,0.280524284,1.00729382,-3.86966658,-5.07547,-4.12832642,-6.173523,-0.225208372,0.473242462,0.530441165,0.5131511,1.00883257,-3.7733438,-4.51174927,-5.80691528,3.38191175,0.00439215451,0.4622384,-0.682575643,0.0426578224,0.9862862,-3.78943038,-2.56582642,-4.93618774,-6.47207642,0.943116844,0.249946862,0.647319436,0.773609,1.00903869,-3.817128,1.03666413,-6.12432861,2.98126173,-0.1451267,0.438010931,-0.691661656,-0.09552236,0.9534667,-3.63642287,-14.1095886,-4.914856,1.63349569,-0.191461727,0.0359473526,0.197217613,0.8510424,1.00869513,-3.844304,-13.7004395,-8.859375,1.99222636,-0.4741049,0.596668839,0.104304478,-0.820413351,2.238469,2.652707,3.56660557
567,11.339995982142856,2592,0,1,0.401484042,0,-3.9798007,0.608004868,0,-9.184137,0.608004868,0,-9.184137,1,0,0,1,0.38932395,1.01716471,-3.796118,0,0,0,0.348622262,1.0198431,-3.80810213,4.346105,-2.12808228,0.09680137,-0.0271950811,0.2784554,-0.178347334,0.30411306,1.01225019,-3.874615,-5.54223633,-3.76248169,-5.62088,-0.2999508,0.3838242,0.427457273,0.490786254,1.00451386,-3.7000947,-4.27716064,-5.27566528,2.65434718,0.402384371,0.403775215,-0.59392494,0.0841257051,0.994011343,-3.72225213,-0.754089355,-4.798462,-5.904419,1.30209541,0.1422174,0.603260159,0.691981554,0.9951974,-3.59937286,1.28388739,-5.66040039,2.2859993,0.2693369,0.420146674,-0.5694748,-0.0556745231,0.915893853,-3.49443436,-14.104187,-4.90740967,1.61728954,-0.22885105,0.0607507452,0.228102818,0.7353368,0.938876867,-3.5760777,-13.7290344,-8.281189,1.912275,-0.521768,0.56335,0.207591966,-0.822289,2.23356247,2.67101765,3.57761025
568,11.359995975056689,2598,0,1,0.401484042,0,-3.9798007,0.6803322,0,-9.366528,0.6803322,0,-9.366528,1,0,0,1,0.3878774,1.01618719,-3.79247022,0,0,0,0.3559566,1.01818192,-3.804256,4.353603,-1.88049316,-0.0830993652,-0.0129455123,0.208425477,-0.153930038,0.310964227,1.0110271,-3.83700347,-5.870331,-3.50958252,-5.145874,-0.163405553,0.293561935,0.387092233,0.4662807,1.00032926,-3.6314733,-3.62371826,-4.79702759,2.003713,0.76116,0.349645972,-0.491578549,0.1209026,0.991875947,-3.69879,0.20638454,-4.61694336,-5.4050293,0.5316236,0.195879847,0.4695443,0.6210228,0.984723032,-3.41219926,1.93407845,-5.22714233,1.66522908,0.601346731,0.399266839,-0.475786835,0.00211155415,0.930143058,-3.53430414,-14.1720581,-4.672394,1.52650082,-0.2582751,0.2425977,0.179102749,0.6417958,0.881637156,-3.35055733,-13.8050537,-7.70050049,1.93552542,-0.52253747,0.5451988,0.2597952,-0.819864035,2.2398963,2.647377,3.56341386
569,11.379995967970521,2603,0,1,0.401484042,0,-3.9798007,0.752573,0,-9.631244,0.752573,0,-9.631244,1,0,0,1,0.3864326,1.014747,-3.787176,0,0,0,0.361964524,1.016562,-3.7986753,4.368152,-1.699707,-0.233276367,-0.0100766476,0.148222685,-0.131986022,0.315754324,1.00888312,-3.804131,-6.006073,-3.33789063,-4.726349,-0.05125665,0.226602286,0.357561767,0.444833428,0.9985571,-3.57600856,-2.645996,-4.37161255,1.43192482,1.03849316,0.30285126,-0.399185479,0.1591402,0.996511459,-3.73341417,0.571337163,-4.392212,-4.972473,0.266564727,0.191164643,0.3933553,0.56071645,0.981642663,-3.26588583,2.89117122,-4.819916,1.12024319,0.853325367,0.3846998,-0.3932137,0.06405293,0.966523468,-3.670503,-14.21637,-4.39889526,1.48685515,-0.263366044,0.277505,0.161983371,0.56372577,0.8391377,-3.17738581,-13.9265442,-7.079529,2.02355337,-0.488623649,0.5476584,0.2675305,-0.8206315,2.23787951,2.65490437,3.56792068
570,11.399995960884354,2606,0,1,0.401484042,0,-3.9798007,0.8003551,0,-9.892933,0.8003551,0,-9.892933,1,0,0,1,0.385476947,1.01331627,-3.78194213,0,0,0,0.366865128,1.0151248,-3.79315019,4.38119745,-1.56787109,-0.35559082,-0.0127271628,0.104676448,-0.111317784,0.323638648,1.00950015,-3.803642,-6.13540649,-3.20288086,-4.353943,-0.09127317,0.19567582,0.323574781,0.426584929,1.000125,-3.53801417,-1.45410156,-3.986908,0.9390458,1.21844053,0.271118283,-0.3176883,0.196445376,1.00602925,-3.805033,0.673001945,-4.182678,-4.595581,0.0569725,0.166096538,0.333855242,0.510394931,0.9866946,-3.17141318,4.04065847,-4.426117,0.655874252,1.00909829,0.380458623,-0.317709655,0.119458713,0.9991901,-3.794612,-14.2173767,-4.23498535,1.52774477,-0.248622417,0.22418952,0.156141341,0.4985903,0.814424753,-3.06979322,-14.0872192,-6.40704346,2.15463066,-0.4278369,0.555769861,0.244375184,-0.8204489,2.23835659,2.65312576,3.56685472
571,11.419995953798185,2612,0,1,0.401484042,0,-3.9798007,0.8192423,0,-10.1233644,0.8192423,0,-10.1233644,1,0,0,1,0.3850992,1.01205111,-3.7773335,0,0,0,0.3708346,1.0139128,-3.78840828,4.390014,-1.46569824,-0.4533081,-0.0165331252,0.07877319,-0.0920543447,0.331741482,1.01114929,-3.81556344,-6.345825,-3.07696533,-4.022949,-0.179880679,0.18700093,0.289340377,0.410920978,1.00439,-3.52131176,-0.168609619,-3.63076782,0.529220164,1.28618443,0.2564121,-0.242431849,0.2297159,1.01496577,-3.880673,0.5546752,-4.00091553,-4.25946045,-0.122069195,0.156348854,0.283127,0.471321642,0.9978912,-3.13662314,5.25605345,-4.0357666,0.281548858,1.05896628,0.409111917,-0.253289938,0.170255452,1.0286094,-3.9033618,-14.2001953,-4.089325,1.498656,-0.221898645,0.192167848,0.1390422,0.458692878,0.8092471,-3.034733,-14.293457,-5.4487,2.046415,-0.345053822,0.7011167,0.09431386,-0.822422743,2.23317,2.67248154,3.5784893
572,11.439995946712017,2617,0,1,0.401484042,0,-3.9798007,0.8139762,0,-10.3186531,0.8139762,0,-10.3186531,1,0,0,1,0.385204524,1.01100457,-3.77342772,0,0,0,0.3739639,1.01287627,-3.78454185,4.395128,-1.37640381,-0.530487061,-0.01930292,0.0682531148,-0.0746386945,0.339490652,1.01275432,-3.82679439,-6.640808,-2.94360352,-3.72998047,-0.253226936,0.1926247,0.2519049,0.401298076,1.00967312,-3.52708268,1.0814395,-3.28256226,0.199303672,1.23695481,0.258589953,-0.188529551,0.2594785,1.02283549,-3.94286156,0.264929354,-3.820282,-3.96795654,-0.263035864,0.1469479,0.238053,0.44701916,1.01142478,-3.16428781,6.407604,-3.59222412,-0.0249938965,1.00058675,0.416333258,-0.198896348,0.213154435,1.05174828,-3.99011469,-14.1619873,-4.041321,1.50751948,-0.213428915,0.145600826,0.139681339,0.4231202,0.8215852,-3.07795,-14.503479,-4.55310059,2.14012456,-0.2973565,0.687247038,0.06103766,-0.8203945,2.2385025,2.65258026,3.566528
573,11.45999593962585,2623,0,1,0.401484042,0,-3.9798007,0.796830952,0,-10.4677238,0.796830952,0,-10.4677238,1,0,0,1,0.385547429,1.01023722,-3.7704463,0,0,0,0.376550376,1.01207566,-3.78163934,4.39750147,-1.29031372,-0.5918579,-0.021086894,0.06647587,-0.0598764345,0.345950335,1.01373327,-3.8311336,-6.9854126,-2.79949951,-3.47314453,-0.2841748,0.200472474,0.215881586,0.3949912,1.01404119,-3.555853,2.1701076,-2.944397,-0.05178833,1.07474947,0.258530945,-0.140451431,0.2839802,1.02872276,-3.98191047,-0.140899658,-3.652893,-3.711914,-0.356827974,0.147415,0.19889313,0.4281782,1.02208233,-3.25236034,7.37905,-3.166748,-0.243347168,0.8432516,0.405014366,-0.141387358,0.250534117,1.0673151,-4.046365,-14.1169128,-4.00131226,1.44684,-0.206848919,0.1266374,0.137694791,0.402690738,0.8923545,-3.17293763,-14.6964111,-3.68966675,2.19322,-0.118243553,0.648658,0.385506719,-0.8197428,2.24021387,2.64619446,3.562707
574,11.479995932539682,2629,0,1,0.401484042,0,-3.9798007,0.7700893,0,-10.516016,0.7700893,0,-10.516016,1,0,0,1,0.386082262,1.0099864,-3.76948047,0,0,0,0.378740251,1.01164174,-3.78040957,4.397004,-1.203186,-0.641052246,-0.0228521712,0.0686931461,-0.04768001,0.351339668,1.01387775,-3.82664084,-7.32479858,-2.64620972,-3.25167847,-0.261369735,0.205675423,0.180708617,0.394095153,1.01634562,-3.60477734,2.987736,-2.61599731,-0.234954834,0.8187955,0.258297622,-0.109759361,0.304755658,1.032212,-3.992055,-0.59677124,-3.484375,-3.49685669,-0.3950539,0.145847932,0.161726221,0.4207284,1.03867543,-3.37051988,8.125462,-2.748291,-0.39666748,0.6623065,0.385968626,-0.09815357,0.279245943,1.07300735,-4.06661,-14.0683594,-3.98922729,1.37613666,-0.220276818,0.07891285,0.1941864,0.3778811,0.979969,-3.29493713,-14.4288025,-2.9677124,2.88790822,0.7309386,0.4559946,0.04642214,-0.8196912,2.24034929,2.645689,3.56240487
575,11.499995925453515,2634,0,1,0.401484042,0,-3.9798007,0.741744339,0,-10.441021,0.741744339,0,-10.441021,1,0,0,1,0.386649162,1.01040924,-3.77098036,0,0,0,0.380787671,1.011885,-3.78147316,4.39172935,-1.11541748,-0.6810913,-0.0258776136,0.07029195,-0.0379730165,0.355621934,1.01309562,-3.81276917,-7.59613037,-2.49002075,-3.06604,-0.181078911,0.203085661,0.148352876,0.391161352,1.01626265,-3.66414237,3.48575425,-2.312683,-0.345733643,0.527254164,0.239960387,-0.06476767,0.320437163,1.032408,-3.9704988,-1.03079224,-3.32290649,-3.32043457,-0.3717947,0.142971456,0.129446849,0.401528537,1.04432845,-3.50139332,8.654215,-2.456543,-0.472869873,0.479863256,0.275831282,-0.0420482755,0.30102846,1.06799889,-4.046663,-14.0235291,-3.97583,1.28120172,-0.243232638,0.0516762733,0.247222736,0.385507584,0.9927134,-3.412408,-13.0438843,-2.61834717,2.41169,0.937466562,0.16563727,-0.388921142,-0.8226559,2.23260331,2.67459869,3.5797708
576,11.519995918367346,2637,0,1,0.401484042,0,-3.9798007,0.714171231,0,-10.3203335,0.714171231,0,-10.3203335,1,0,0,1,0.387200624,1.01107585,-3.773394,0,0,0,0.3826197,1.01253,-3.78372,4.38259029,-1.02972412,-0.713653564,-0.02745177,0.06993714,-0.0300126374,0.358664781,1.01100373,-3.78969812,-7.737976,-2.33532715,-2.91635132,-0.0500651151,0.194884092,0.119433366,0.3900234,1.0149436,-3.7126677,3.71699238,-2.04385376,-0.4017334,0.2948826,0.218199611,-0.0360605344,0.3316206,1.028471,-3.91677451,-1.36831665,-3.16799927,-3.18429565,-0.285247564,0.1371278,0.100078695,0.3974621,1.03398991,-3.61791134,8.987744,-2.20269775,-0.507354736,0.292545676,0.223999143,-0.019333737,0.318318784,1.05175233,-3.98492861,-13.987854,-3.95974731,1.18431687,-0.2764104,0.0578256361,0.266315,0.385762155,0.9994519,-3.5667963,-12.5189209,-2.43261719,2.328689,0.445691317,0.102099158,-0.0808531642,-0.82203114,2.23954082,2.66846466,3.579383
577,11.539995911281178,2643,0,1,0.3848101,0,-3.9814477,-0.146661758,0,-10.329155,-0.146661758,0,-10.329155,1,0,0,1,0.387743324,1.01146984,-3.77486467,0,0,0,0.383880019,1.01295638,-3.785261,4.37407064,-1.18426514,-0.739501953,-0.0255634431,0.07201561,-0.0228530373,0.3603341,1.00718868,-3.7575686,-7.70037842,-2.41671753,-2.80365,0.123913392,0.187963441,0.092590265,0.390904129,1.01233375,-3.76230454,3.680056,-2.04043579,-0.422454834,0.0492356755,0.20249261,-0.0185462143,0.339235544,1.02010727,-3.83383322,-1.543335,-3.25637817,-3.09106445,-0.143295735,0.134050667,0.07122846,0.3985109,1.02193487,-3.74615455,9.073073,-2.21575928,-0.5108032,0.0751597956,0.2059692,5.364511E-05,0.330913961,1.0253433,-3.88497615,-13.9663086,-4.17849731,1.09493494,-0.312155962,0.06425825,0.284766972,0.3878965,1.00621045,-3.732669,-12.3968811,-2.4826355,2.292097,0.101359248,0.103139356,-0.0524968952,-0.810724258,2.25075841,2.66945457,3.5845747
578,11.559995904195011,2648,0,1,0.343095779,0,-3.985258,-1.42426848,0,-10.40111,-1.42426848,0,-10.40111,1,0,0,1,0.371581137,1.01190352,-3.777236,0,0,0,0.363149077,1.01334,-3.78827,4.368053,-1.701477,-0.732543945,-0.0230270717,0.07612323,-0.0124082975,0.337964058,1.003393,-3.73002028,-7.41906738,-2.84979248,-2.7522583,0.276577,0.192075059,0.108835623,0.3677966,1.01002812,-3.80569959,3.33514452,-2.41012573,-0.438385,-0.151160583,0.1974966,0.033879295,0.326116085,1.00774825,-3.73075271,-1.46716309,-3.70697021,-3.07150269,0.07515578,0.130678073,0.0196239874,0.384469,1.00801182,-3.884479,8.843503,-2.598175,-0.5140991,-0.199956819,0.195405975,-0.008972984,0.323663145,0.990078747,-3.75165033,-13.9614868,-4.749878,1.02948248,-0.3475508,0.07210947,0.30629766,0.378868878,1.01247513,-3.92007279,-12.6978455,-2.92068481,2.29051065,-0.262415618,0.0840765759,-0.049823612,-0.7806848,2.27270651,2.654852,3.580908
579,11.579995897108843,2654,0,1,0.3013448,0,-3.9886322,-1.47342145,0,-10.3794374,-1.47342145,0,-10.3794374,1,0,0,1,0.330813229,1.01252985,-3.78104353,0,0,0,0.3121614,1.01372135,-3.79327846,4.365292,-2.20333862,-0.6784363,-0.0209612548,0.09848435,-0.0005034711,0.285559416,1.00025928,-3.7066102,-6.85668945,-3.246338,-2.773407,0.41361025,0.223724753,0.157357514,0.314763844,1.00873864,-3.84388351,2.67124653,-2.76864624,-0.461395264,-0.312582254,0.214574173,0.1085272,0.2835874,0.994263947,-3.61721182,-1.08599854,-4.14199829,-3.14117432,0.340426922,0.143599868,-0.03987839,0.347189069,0.9926741,-4.026493,8.26604748,-2.96115112,-0.5421448,-0.5080323,0.216784388,-0.0418393165,0.2900294,0.9499572,-3.59883451,-13.9784546,-5.30947876,0.979958653,-0.379484922,0.0779778,0.312729716,0.348208219,1.01542711,-4.129658,-13.7604065,-3.32159424,2.5138,-0.694866359,0.104348317,-0.0744411647,-0.752166867,2.29597259,2.65435982,3.58927178
580,11.599995890022676,2658,0,1,0.259560853,0,-3.99157,-1.55296683,0,-10.3688517,-1.55296683,0,-10.3688517,1,0,0,1,0.290620178,1.01325727,-3.784193,0,0,0,0.269436538,1.0144527,-3.79640174,4.362669,-2.66568,-0.6265259,-0.0212101433,0.1329684,-0.003130666,0.242826745,0.9966477,-3.66649628,-6.045624,-3.57345581,-2.82733154,0.6330806,0.2618602,0.153790846,0.271978885,1.00768721,-3.90075088,1.69625664,-3.09082031,-0.444244385,-0.5822371,0.249299258,0.1357894,0.240235552,0.9840224,-3.497157,-0.443817139,-4.53115845,-3.25039673,0.566363335,0.215948641,-0.05602847,0.303687662,0.9927968,-4.165477,7.41648769,-3.31063843,-0.53515625,-0.728720546,0.222158045,-0.03494209,0.240750626,0.910329,-3.44880867,-14.0246277,-5.67208862,1.04114306,-0.410492361,0.197214574,0.286034048,0.324083745,1.033519,-4.28127146,-14.5285339,-3.687317,2.13912153,-0.6456856,0.06079016,-0.355488628,-0.724474669,2.3060472,2.66350365,3.59679985
581,11.619995882936507,2663,0,1,0.234477624,0,-3.99312162,-0.791295946,0,-10.2560081,-0.791295946,0,-10.2560081,1,0,0,1,0.250303537,1.01424181,-3.78800154,0,0,0,0.228129789,1.01537848,-3.79974771,4.358834,-2.85006714,-0.5779724,-0.0226852465,0.165739909,-0.00573482644,0.202334389,0.9949553,-3.62642336,-4.99508667,-3.59213257,-2.91204834,0.8501544,0.292466223,0.148045212,0.235100865,1.00953829,-3.94711542,0.4720401,-3.14794922,-0.4180298,-0.79588,0.278190851,0.124374531,0.19197081,0.977863,-3.37929988,0.45475927,-4.53634644,-3.377411,0.7847019,0.321398318,-0.0452327877,0.265816867,1.00636339,-4.26609755,6.407311,-3.42544556,-0.5284424,-0.8703252,0.2139951,-0.0342837423,0.1693322,0.873773336,-3.30732679,-14.105896,-5.55038452,1.03772092,-0.3960285,0.372495174,0.226891741,0.277744919,1.10767174,-4.37003326,-14.6788635,-4.019348,1.678439,-0.1011278,-0.0827742442,-0.386994,-0.709165454,2.31056118,2.69008255,3.61637282
582,11.639995875850339,2668,0,1,0.175912023,0,-3.99613047,-2.536152,0,-10.2681913,-2.536152,0,-10.2681913,1,0,0,1,0.226635039,1.01523709,-3.79076672,0,0,0,0.208598509,1.01621056,-3.80206656,4.35242128,-3.47814941,-0.558624268,-0.02244066,0.19687818,-0.0107100131,0.18302466,0.995325446,-3.58205581,-3.76254272,-4.034149,-2.9786377,1.08775938,0.3035766,0.119396985,0.220226035,1.01380622,-3.982111,-0.85647583,-3.66784668,-0.37097168,-0.9641509,0.2966475,0.07751659,0.150937766,0.9777206,-3.27443576,1.54446554,-4.9397583,-3.44000244,0.9426303,0.3939464,0.02038391,0.243718341,1.02391887,-4.32207251,5.34452343,-4.006317,-0.480834961,-0.9130013,0.219852686,-0.0129985213,0.105486795,0.8431393,-3.18714523,-14.21875,-5.77810669,1.05280626,-0.3730712,0.456951857,0.190591782,0.252848178,1.15918279,-4.417284,-14.6103821,-4.824127,1.38970387,0.04367063,-0.0491456427,-0.172365576,-0.6677395,2.34167576,2.66154671,3.60737467
583,11.659995868764172,2673,0,1,0.14243035,0,-3.99746323,-1.32279825,0,-10.1493044,-1.32279825,0,-10.1493044,1,0,0,1,0.1688863,1.01581728,-3.79447722,0,0,0,0.141991317,1.01728606,-3.805886,4.35030031,-3.57144165,-0.4717102,-0.0263375472,0.1880314,0.009313094,0.108513325,0.9990715,-3.57797265,-2.33370972,-4.11141968,-3.07418823,1.11696625,0.340534121,0.2232959,0.147637725,1.01856279,-3.97462273,-2.27111816,-3.860382,-0.372344971,-0.8954811,0.313626319,0.130991831,0.0696515441,0.983839869,-3.20142651,2.87068176,-4.959717,-3.50476074,1.144459,0.413245052,0.03702104,0.186722472,1.0363481,-4.34357357,4.16386843,-4.25314331,-0.495452881,-1.01196945,0.20131202,-0.08183354,0.0154537708,0.819512367,-3.09016728,-14.3569946,-5.591675,1.1241163,-0.334180743,0.521648169,0.119907469,0.199318945,1.17070448,-4.45541859,-14.48584,-5.27209473,1.15261853,0.007027391,-0.0276671648,-0.0884742439,-0.6452837,2.3581562,2.66342926,3.61540413
584,11.679995861678004,2676,0,1,0.125684679,0,-3.998025,-0.561948359,0,-10.1563854,-0.561948359,0,-10.1563854,1,0,0,1,0.136923641,1.01612115,-3.79489732,0,0,0,0.114627,1.01743317,-3.80625629,4.34879065,-3.330536,-0.415008545,-0.0242468566,0.235310331,0.00738134049,0.0766435638,1.00404286,-3.55698919,-0.8798523,-3.92172241,-3.07937622,1.22661293,0.355546057,0.2324358,0.1226694,1.02349484,-3.97915673,-3.601471,-3.78659058,-0.348144531,-0.9220965,0.345858037,0.07803011,0.0112137068,0.9958267,-3.172111,4.22013474,-4.69638062,-3.45233154,1.1540817,0.4720094,0.134711057,0.152172089,1.04903078,-4.3346405,3.04091334,-4.24978638,-0.486663818,-0.96205914,0.211603031,-0.0613171458,-0.0542541668,0.814694643,-3.06300879,-14.53656,-4.9100647,1.02960217,-0.271710426,0.603983462,0.0514375158,0.169236824,1.16891789,-4.448819,-14.3546753,-5.48498535,0.8718753,-0.0589876547,-0.0182726849,-0.0543441437,-0.6348264,2.363164,2.68589783,3.6334
585,11.699995854591837,2681,0,1,0.108937748,0,-3.998516,-0.64825964,0,-10.2325363,-0.64825964,0,-10.2325363,1,0,0,1,0.121902935,1.01612234,-3.79386544,0,0,0,0.10320764,1.01726973,-3.80569339,4.34869957,-3.25344849,-0.392822266,-0.01873905,0.180141583,-0.00359690143,0.0618894026,1.01020908,-3.55680919,0.5117758,-3.69290161,-2.9960022,1.23427987,0.3659532,0.238807619,0.113998458,1.02742624,-3.96965742,-4.81158447,-3.67129517,-0.32434082,-0.8934952,0.362853885,0.0249338783,-0.0253057275,1.00948083,-3.19131422,5.49688768,-4.344818,-3.29342651,1.08703709,0.5143683,0.220035523,0.141310409,1.0571785,-4.30854,1.98661244,-4.2114563,-0.47479248,-0.9040456,0.24021101,-0.0579766333,-0.110914342,0.824212432,-3.0991478,-14.7174072,-4.24264526,1.06787276,-0.2203401,0.616042733,-0.007019663,0.156680375,1.16089034,-4.42176151,-14.234375,-5.69802856,0.596132755,-0.145061344,0.00226152968,0.009333237,-0.6227801,2.385489,2.66270447,3.62883019
586,11.719995847505668,2686,0,1,0.0921889,0,-3.99893761,-0.6464816,0,-10.295002,-0.6464816,0,-10.295002,1,0,0,1,0.105118528,1.01602817,-3.79303765,0,0,0,0.09095327,1.01701438,-3.80474758,4.350489,-3.23458862,-0.384277344,-0.0143911466,0.236605048,-0.009242674,0.0444125,1.01560128,-3.58282661,1.730885,-3.48980713,-2.838379,1.08152115,0.329346627,0.272315532,0.1013194,1.02918518,-3.94634843,-5.869873,-3.57815552,-0.32421875,-0.771251738,0.3233745,0.006642131,-0.0577629656,1.02899635,-3.25710487,6.63093042,-4.009308,-3.0486145,0.9719794,0.486712366,0.2768066,0.131098136,1.06200314,-4.26403761,0.99989593,-4.18765259,-0.483581543,-0.842124462,0.22608541,-0.0721916556,-0.158018708,0.9208065,-3.15747666,-14.788269,-3.675354,1.857185,-0.07654501,0.7296554,0.6090656,0.146146819,1.14893234,-4.379592,-14.1278992,-5.91012573,0.3602634,-0.235082433,0.024909731,0.08885445,-0.6116699,2.39022088,2.66675,3.63302231
587,11.739995840419502,2692,0,1,0.0838129,0,-3.99912167,-0.252163142,0,-10.2652349,-0.252163142,0,-10.2652349,1,0,0,1,0.08885616,1.01625741,-3.793817,0,0,0,0.0757914856,1.01706564,-3.80523825,4.351262,-3.086731,-0.371398926,-0.0154185621,0.243459135,-0.005686413,0.0234530084,1.018782,-3.631095,2.68934464,-3.1980896,-2.61523438,0.838683665,0.314499825,0.313408464,0.08592505,1.02895927,-3.9130652,-6.73730469,-3.38974,-0.35333252,-0.6004905,0.304975122,-0.007367391,-0.09126907,1.04731476,-3.35531449,7.58961153,-3.62030029,-2.74307251,0.871346653,0.42113024,0.320106775,0.120588556,1.06308377,-4.19978,0.1102018,-4.065216,-0.523529053,-0.75425303,0.207678035,-0.0925947,-0.177750632,0.973433,-3.225238,-13.3071289,-3.14718628,1.40657556,1.1043036,0.3247212,-0.290840149,0.13835001,1.13150227,-4.31514835,-14.0375366,-6.00003052,0.1593626,-0.317530185,0.04513243,0.15870741,-0.6057919,2.40877771,2.65596771,3.63639355
588,11.759995833333333,2697,0,1,0.07543749,0,-3.99928856,-0.265959382,0,-10.15865,-0.265959382,0,-10.15865,1,0,0,1,0.08075668,1.016985,-3.79611564,0,0,0,0.07135009,1.01765585,-3.8072803,4.347261,-2.94113159,-0.369384766,-0.0179373529,0.239986673,-0.005427139,0.0171545316,1.02051747,-3.67267323,3.36246562,-2.949768,-2.32785034,0.6368225,0.285636276,0.316298664,0.08277577,1.02717972,-3.878844,-7.35568237,-3.228302,-0.398345947,-0.415559381,0.2791472,-0.0359385274,-0.104582869,1.049289,-3.447188,8.387064,-3.33618164,-2.39086914,0.721710563,0.3065884,0.341600358,0.1183891,1.05881357,-4.114076,-0.6100769,-3.965332,-0.582489,-0.6046397,0.187447518,-0.09680245,-0.176645726,0.9875258,-3.32923818,-12.28952,-2.98468018,1.2740643,0.859313846,0.129361451,-0.06096874,0.13894102,1.1058116,-4.21929741,-13.9657593,-6.085907,-0.0228271484,-0.389977157,0.0603481121,0.209558651,-0.600262046,2.418647,2.65840435,3.6438005
589,11.779995826247164,2702,0,1,0.0670617446,0,-3.99943733,-0.249254063,0,-10.07965,-0.249254063,0,-10.07965,1,0,0,1,0.0720468238,1.01746738,-3.79784441,0,0,0,0.06522383,1.01822436,-3.80885983,4.341669,-2.81604,-0.36428833,-0.0182139538,0.219949663,-0.00337232742,0.011359714,1.01994145,-3.71811438,3.7728498,-2.758606,-2.019043,0.4038643,0.244048759,0.3157698,0.07704348,1.02233779,-3.83438778,-7.705261,-3.11099243,-0.470947266,-0.173672631,0.240711853,-0.045901,-0.1057848,1.04374623,-3.55463171,8.98115349,-3.11932373,-2.04006958,0.5010288,0.245051056,0.327476859,0.117123507,1.04895413,-4.00594139,-1.12503052,-3.90090942,-0.6737671,-0.425668567,0.155697882,-0.11169742,-0.172127485,0.9964969,-3.462118,-11.5543213,-2.93624878,1.26851785,0.613731,0.0685886145,-0.0116885332,0.140149653,1.07232153,-4.093813,-13.91507,-6.16629028,-0.1687622,-0.4568033,0.0756593049,0.2622764,-0.5951222,2.417705,2.68213844,3.65969062
590,11.799995819160998,2707,0,1,0.0503094122,0,-3.99968338,-0.642938435,0,-10.0390234,-0.642938435,0,-10.0390234,1,0,0,1,0.0631681755,1.01776457,-3.798903,0,0,0,0.05869071,1.01853693,-3.80978274,4.33739042,-2.83776855,-0.3547058,-0.0173714,0.194481909,-0.00139322272,0.006896672,1.01765037,-3.76857185,3.90066862,-2.73547363,-1.710846,0.140275419,0.207217753,0.307402521,0.0706439,1.01541126,-3.78263664,-7.75787354,-3.152893,-0.572052,0.104096115,0.204792708,-0.0503214076,-0.10155911,1.03503644,-3.682266,9.322061,-3.073578,-1.698883,0.280669153,0.206842184,0.304153055,0.115471087,1.034342,-3.87554,-1.38748169,-3.989441,-0.8022156,-0.20677577,0.132433847,-0.127728641,-0.160463288,1.00513041,-3.62590957,-11.1673584,-2.99029541,1.1710602,0.3324426,0.09705056,-0.00325750839,0.137879744,1.03113878,-3.939161,-13.8866272,-6.32696533,-0.254394531,-0.514557064,0.135228783,0.3181581,-0.5834589,2.441065,2.65415573,3.652912
591,11.819995812074829,2712,0,1,0.0419319458,0,-3.99978065,-0.199124113,0,-10.0071707,-0.199124113,0,-10.0071707,1,0,0,1,0.0459144264,1.01781642,-3.79963732,0,0,0,0.04114912,1.01864791,-3.81043363,4.33541775,-2.76605225,-0.326080322,-0.0160087515,0.1694283,0.002522798,-0.0080679385,1.01372027,-3.82858562,3.73794413,-2.62203979,-1.42727661,-0.176146388,0.183757842,0.310947329,0.05162389,1.00659907,-3.721328,-7.50546265,-3.097351,-0.712677,0.4319496,0.184173241,-0.0319134146,-0.101176575,1.02359772,-3.83049226,9.380715,-2.92202759,-1.39608765,0.03634488,0.191071764,0.259956539,0.102646194,1.01715612,-3.7255435,-1.373291,-3.971466,-0.980102539,0.0338648073,0.141737357,-0.153240591,-0.154215276,1.01440287,-3.81769776,-11.184082,-2.92300415,1.12057209,-0.0307237543,0.122553214,0.0119671607,0.118670054,0.983931363,-3.76081181,-13.8830566,-6.210144,-0.209289551,-0.551850557,0.22525391,0.334449351,-0.5778775,2.44624138,2.65491486,3.65603781
592,11.839995804988662,2716,0,1,0.0419319458,0,-3.99978065,0.227333143,0,-10.0150385,0.227333143,0,-10.0150385,1,0,0,1,0.0373852849,1.0177983,-3.79948,0,0,0,0.03616548,1.01856136,-3.810334,4.33451271,-2.5894165,-0.306732178,-0.0147546735,0.154364973,0.0016914513,-0.00718078064,1.01063824,-3.88161159,3.24334836,-2.40332031,-1.1499939,-0.452538282,0.169511184,0.2715215,0.0466104038,0.999545634,-3.66602445,-6.908905,-2.915985,-0.8649597,0.7174913,0.173764557,-0.0432898663,-0.09152684,1.00818849,-3.994761,9.075613,-2.666504,-1.10083008,-0.278916568,0.18147634,0.240516648,0.09211245,0.997552633,-3.56274366,-1.006073,-3.79226685,-1.1706543,0.335427016,0.1596269,-0.139358088,-0.140493184,1.02262628,-4.04126024,-11.6980591,-2.73568726,1.10112166,-0.464915276,0.124761775,0.008510039,0.101952113,0.931606,-3.5581336,-13.908783,-5.92745972,-0.21774292,-0.537395358,0.269847125,0.3229256,-0.5777564,2.45900869,2.644906,3.65732884
593,11.859995797902494,2721,0,1,0.0335552432,0,-3.99985886,-0.1790716,0,-10.069458,-0.1790716,0,-10.069458,1,0,0,1,0.0371366739,1.01765776,-3.79846978,0,0,0,0.04026939,1.0183984,-3.80950713,4.335178,-2.55014038,-0.296417236,-0.0129969167,0.137561709,0.00236286549,0.00312443567,1.00861216,-3.93363881,2.41169167,-2.3230896,-0.8842468,-0.7242874,0.151423857,0.2236566,0.05011864,0.9944477,-3.61218619,-5.974701,-2.85012817,-1.02114868,0.9873475,0.155012563,-0.0566268042,-0.07225492,0.994383454,-4.168255,8.373615,-2.54473877,-0.812561035,-0.62061286,0.17256774,0.221424282,0.08737232,0.981079936,-3.397405,-0.27130127,-3.707489,-1.35531616,0.6471773,0.182336435,-0.116061822,-0.118371606,1.032598,-4.282666,-12.7349548,-2.66970825,1.09514809,-0.9119914,0.127793208,-0.005060293,0.0863588,0.8774544,-3.34958386,-13.9682922,-5.68127441,-0.2083435,-0.5291042,0.327069163,0.3131198,-0.5722072,2.46450472,2.64437675,3.65977216
594,11.879995790816325,2726,0,1,0.0251783933,0,-3.99992085,-0.1690666,0,-10.1236382,-0.1690666,0,-10.1236382,1,0,0,1,0.0285597239,1.017265,-3.79744816,0,0,0,0.0309029445,1.01809406,-3.80866218,4.33775568,-2.52929688,-0.2661438,-0.0118541047,0.120761044,0.008555409,-0.00374809327,1.00787377,-3.99482131,1.26218009,-2.2572937,-0.6484375,-1.04305577,0.137176424,0.218838215,0.0363101773,0.9909704,-3.5526967,-4.755432,-2.77142334,-1.19503784,1.28601384,0.148179278,-0.02453553,-0.0623302571,0.9899274,-4.33345175,7.34966946,-2.43637085,-0.571929932,-0.899477661,0.168353423,0.170055628,0.06986527,0.972881436,-3.240646,0.7693712,-3.59313965,-1.54846191,0.906344056,0.2117173,-0.109243363,-0.0992207155,1.04159021,-4.502517,-14.3592529,-2.6104126,1.27038729,-1.42796648,0.149937615,0.100756362,0.0586585477,0.8291174,-3.15958524,-14.0663452,-5.35003662,-0.138122559,-0.5136739,0.383649528,0.311501652,-0.566834331,2.463699,2.6673336,3.67502141
595,11.899995783730159,2731,0,1,0.0168014355,0,-3.99996471,-0.189707041,0,-10.1811924,-0.189707041,0,-10.1811924,1,0,0,1,0.0205955748,1.01694846,-3.796341,0,0,0,0.0226110667,1.01764834,-3.807539,4.34116,-2.5112,-0.231445313,-0.0116867116,0.11864379,0.0112812575,-0.009401491,1.01094508,-4.049464,-0.195800781,-2.186432,-0.430603027,-1.32055736,0.143533647,0.202843755,0.0235265885,0.9924524,-3.50575614,-3.28616333,-2.66296387,-1.35910034,1.51136529,0.155231759,0.0006612316,-0.06238757,1.00573325,-4.470438,6.062192,-2.33493042,-0.35559082,-1.11244512,0.1870865,0.15002647,0.0464754328,0.973338,-3.1079545,2.08198166,-3.43252563,-1.71905518,1.136288,0.25837642,-0.07784508,-0.094204016,1.12624454,-4.61516953,-14.6905518,-2.423767,0.444993675,-0.234144852,0.0538793132,-0.647293746,0.0236356147,0.7896979,-3.00073433,-14.203949,-4.90994263,-0.0232543945,-0.47475484,0.451138437,0.279511273,-0.5610993,2.48121524,2.640565,3.666585
596,11.91999577664399,2736,0,1,0.0168014355,0,-3.99996471,0.190991476,0,-10.1797743,0.190991476,0,-10.1797743,1,0,0,1,0.0129816076,1.01698136,-3.79636931,0,0,0,0.0141163915,1.01754189,-3.80749416,4.34263325,-2.36401367,-0.19442749,-0.0129306475,0.12702699,0.0134598818,-0.01354287,1.01825786,-4.077582,-1.82284546,-1.9786377,-0.237640381,-1.45535982,0.159290656,0.1744637,0.01005179,0.9986237,-3.47493768,-1.64459229,-2.404358,-1.49465942,1.65650606,0.166084573,0.0303696617,-0.0614618957,1.03498316,-4.53217554,4.669408,-2.10440063,-0.158721924,-1.19756281,0.1536777,0.128592968,0.0182784647,0.9842695,-3.01902246,3.57856631,-3.0987854,-1.839508,1.28946245,0.307969749,-0.03010281,-0.09462041,1.214688,-4.66446972,-14.6340027,-2.45410156,0.2535457,0.0471230373,-0.06374709,-0.153066576,-0.0190100763,0.765518069,-2.89748526,-14.3789368,-4.2427063,0.134281009,-0.412259251,0.5098022,0.229717836,-0.5610814,2.491973,2.63773537,3.67183733
597,11.939995769557823,2741,0,1,0.008424403,0,-3.99999142,-0.269250125,0,-10.2113886,-0.269250125,0,-10.2113886,1,0,0,1,0.0138094034,1.01692641,-3.79576373,0,0,0,0.0168857,1.01779258,-3.80705976,4.341831,-2.32171631,-0.171112061,-0.0142546548,0.134453654,0.009592309,-0.007954866,1.02645707,-4.072852,-3.47491455,-1.88311768,-0.054901123,-1.42372942,0.164863437,0.136764541,0.00749667175,1.00784779,-3.47011161,0.07291792,-2.25674438,-1.569458,1.6653136,0.16604133,0.04440596,-0.0571300164,1.05490446,-4.54139757,3.229566,-2.03701782,0.04167292,-1.23888445,0.148373,0.131587669,-0.00589743443,1.00253177,-2.99092817,5.15302658,-2.8475647,-1.8699646,1.3527894,0.341732264,0.0416643471,-0.08607082,1.22563636,-4.684993,-14.4819946,-2.61972046,-0.0232849121,0.06112963,-0.0603112765,-0.130622312,-0.05537981,0.7608435,-2.86806059,-14.5828247,-3.58639526,0.28506422,-0.3217953,0.5830081,0.099233605,-0.555572748,2.496579,2.64033413,3.675994
598,11.959995762471655,2747,0,1,4.7334026E-05,0,-4,-0.3002634,0,-10.2880993,-0.3002634,0,-10.2880993,1,0,0,1,0.00605259975,1.0164448,-3.794238,0,0,0,0.007962646,1.01797211,-3.80562282,4.342752,-2.27224731,-0.138061523,-0.0144918784,0.1304429,0.007035872,-0.0185932666,1.03337193,-4.05824566,-5.019989,-1.78933716,0.09721599,-1.35457528,0.162541643,0.138693854,-0.0116821723,1.01690328,-3.48037577,1.69695759,-2.11181641,-1.59136963,1.60065258,0.171583429,0.104686506,-0.06037579,1.07069111,-4.512341,1.8396101,-1.975708,0.208205849,-1.19408858,0.144766316,0.101632625,-0.03622668,1.023476,-3.034953,6.61095428,-2.55728149,-1.83129883,1.25238276,0.378651649,0.08176742,-0.0826795846,1.220627,-4.66139126,-14.3224487,-2.79797363,-0.306365967,-0.0154558439,-0.0365409553,-0.0510903336,-0.0862037539,0.8656074,-2.89990067,-14.7939758,-2.6991272,0.334243476,-0.057367716,0.772584736,0.7506965,-0.550031662,2.50936937,2.63091564,3.67711663
599,11.979995755385486,2751,0,1,4.7334026E-05,0,-4,0.08024321,0,-10.3063622,0.08024321,0,-10.3063622,1,0,0,1,-0.00155752944,1.01631808,-3.79387283,0,0,0,-0.000260276371,1.01773381,-3.80494261,4.344135,-2.09677124,-0.110473633,-0.0144173149,0.135855138,0.00428321632,-0.0262158718,1.037572,-4.026387,-6.3916626,-1.572113,0.22997205,-1.19411051,0.164132133,0.125776723,-0.0235583261,1.02458739,-3.52529955,3.08192134,-1.84255981,-1.56109619,1.36666954,0.18267411,0.130012512,-0.06301011,1.08050346,-4.45487928,0.5310256,-1.80090332,0.34958148,-1.12165344,0.142411485,0.081495285,-0.0598006174,1.06241727,-3.12213516,7.903736,-2.11862183,-1.74295044,1.17595792,0.351809621,0.12421985,-0.0772290453,1.20665491,-4.607195,-14.1795349,-2.864746,-0.587219238,-0.111471459,-0.0127876773,0.02522557,-0.128999308,0.965032637,-2.95525217,-13.3395386,-1.97869873,0.634891331,1.33965945,0.4414376,0.0615429357,-0.550025344,2.51141071,2.64183617,3.68632746
600,11.99999574829932,2754,0,1,-0.008330689,0,-3.99999142,-0.361428678,0,-10.1783438,-0.361428678,0,-10.1783438,1,0,0,1,-0.00110211782,1.01714242,-3.79642463,0,0,0,0.002365457,1.0182277,-3.80724049,4.339866,-2.039978,-0.09902954,-0.01764313,0.135451108,0.00111835636,-0.019825181,1.0384233,-3.97972083,-7.534363,-1.48681641,0.350775123,-0.942689359,0.149851456,0.08897569,-0.02580322,1.02876782,-3.58417559,4.18096161,-1.72357178,-1.45626831,1.08007455,0.163839728,0.144277468,-0.05353649,1.08474684,-4.36945152,-0.66104126,-1.75964355,0.477934182,-1.01826632,0.131675422,0.07456218,-0.0824829042,1.07704246,-3.21370125,9.105106,-1.97427368,-1.57824707,1.13647532,0.213300645,0.177802682,-0.062350072,1.18435776,-4.52307224,-14.0605774,-3.055664,-0.8531189,-0.213249788,0.0110877976,0.09991572,-0.128217652,0.9832392,-3.02868485,-11.6990051,-1.85839844,0.692008436,1.38044333,0.131420285,0.07318129,-0.544525862,2.517865,2.63740349,3.68673968
601,12.019995741213151,2760,0,1,-0.008330689,0,-3.99999142,0.05137019,0,-10.0561066,0.05137019,0,-10.0561066,1,0,0,1,-0.009358092,1.01774013,-3.79886937,0,0,0,-0.008018396,1.01882946,-3.80963445,4.333348,-1.87460327,-0.0748291,-0.0182198826,0.12812461,0.00428178953,-0.02771987,1.0363766,-3.93361187,-8.371826,-1.31130981,0.4303789,-0.701332331,0.1274713,0.08681871,-0.0410200544,1.03000951,-3.63046861,4.992597,-1.52319336,-1.32077026,0.8624342,0.141915709,0.1829521,-0.0496925041,1.07972157,-4.25677729,-1.6355896,-1.626709,0.5575234,-0.8267352,0.107884385,0.0376030132,-0.09797686,1.07562232,-3.31937814,10.11782,-1.77215576,-1.40957642,0.9145537,0.158632353,0.171373412,-0.0527766943,1.1505022,-4.39700031,-13.965332,-3.12719727,-1.06930542,-0.3123433,0.0376185328,0.18475832,-0.1328695,0.9909942,-3.15163684,-10.2232056,-1.72711182,0.689039946,1.257855,0.0363354459,0.0114930812,-0.544461846,2.51829028,2.65430164,3.6991272
602,12.039995734126984,2766,0,1,-0.008330689,0,-3.99999142,0.0227025338,0,-9.982769,0.0227025338,0,-9.982769,1,0,0,1,-0.008784739,1.01820779,-3.80033612,0,0,0,-0.006202047,1.01913691,-3.8111515,4.327122,-1.710083,-0.0633239746,-0.0172889959,0.128359735,0.00320362439,-0.02069645,1.02923858,-3.87152,-8.889862,-1.15216064,0.491282016,-0.372788221,0.114344321,0.049022153,-0.04016016,1.02776992,-3.68936825,5.52343225,-1.34655762,-1.14831543,0.567125559,0.130005062,0.176726639,-0.036410518,1.06702971,-4.118255,-2.36608887,-1.51452637,0.6130372,-0.6159433,0.09271156,0.0248314515,-0.103767157,1.06831992,-3.44905,10.9093952,-1.56582642,-1.2064209,0.6831892,0.142971039,0.18975994,-0.03413158,1.10783637,-4.238118,-13.8963623,-3.19580078,-1.24923706,-0.397886246,0.05699219,0.243754148,-0.134515584,0.9998715,-3.30957913,-9.026123,-1.54321289,0.249782741,1.02730036,0.03730974,-0.1917723,-0.544541,2.53691721,2.621666,3.688578
603,12.059995727040816,2771,0,1,-0.01670772,0,-3.99996471,-0.419994324,0,-9.926335,-0.419994324,0,-9.926335,1,0,0,1,-0.008307837,1.01854253,-3.801438,0,0,0,-0.008113739,1.0189147,-3.81265187,4.32270575,-1.66970825,-0.0523681641,-0.0136259105,0.138673291,0.008369838,-0.0157657415,1.01959991,-3.806542,-9.041931,-1.136261,0.520891547,-0.0311165228,0.09883149,0.02317586,-0.03722492,1.023283,-3.75065064,5.72829247,-1.301239,-0.9744568,0.258275926,0.129411384,0.159661442,-0.0211783461,1.04618919,-3.95415473,-2.77679443,-1.54324341,0.630563855,-0.3388201,0.0740113,0.000170450192,-0.09318275,1.0533762,-3.60515428,11.3930836,-1.50167847,-1.01431274,0.414535671,0.139558852,0.170653552,-0.0150000975,1.05510163,-4.04228449,-13.8523865,-3.37796021,-1.37921143,-0.470882326,0.07556602,0.299459666,-0.127921224,1.00958,-3.51159167,-8.280487,-1.46038818,0.454910338,0.600215137,0.108346038,0.151856035,-0.5390531,2.54176474,2.62310982,3.69213367
604,12.079995719954647,2777,0,1,-0.01670772,0,-3.99996471,-0.0292908512,0,-9.886257,-0.0292908512,0,-9.886257,1,0,0,1,-0.0161219034,1.01867592,-3.80223966,0,0,0,-0.0209600665,1.0187633,-3.81377625,4.32074976,-1.50421143,-0.02545166,-0.0116014546,0.146059468,0.01404067,-0.02354364,1.009179,-3.74265623,-8.791046,-1.01324463,0.5079942,0.302323282,0.09792736,0.0195564833,-0.046409294,1.01747453,-3.81129766,5.56557751,-1.13293457,-0.819549561,-0.0478612259,0.1372888,0.16175577,-0.0152578205,1.01881123,-3.769344,-2.78982544,-1.466217,0.592929661,0.003586104,0.06087134,-0.0374791622,-0.09482754,1.03071272,-3.782741,11.4912558,-1.30413818,-0.8460083,0.07880919,0.1341977,0.145880863,-0.00354116037,0.992974162,-3.81127262,-13.8332825,-3.43002319,-1.45404053,-0.527972341,0.0910884738,0.343010783,-0.130374774,1.01461315,-3.75275588,-8.132721,-1.35012817,0.5055739,0.09353401,0.0607116446,0.09410071,-0.5390426,2.54144382,2.62430763,3.69276237
605,12.099995712868481,2782,0,1,-0.01670772,0,-3.99996471,-0.0698915049,0,-9.88789,-0.0698915049,0,-9.88789,1,0,0,1,-0.0153098907,1.01879609,-3.802207,0,0,0,-0.0191829018,1.01887846,-3.81396174,4.319498,-1.33062744,-0.01739502,-0.0104796188,0.153762624,0.00951692,-0.0160039421,0.9973623,-3.66667843,-8.153107,-0.891784668,0.480180174,0.6984781,0.09841226,-0.0204495247,-0.04089807,1.010504,-3.8836484,5.04522,-0.960845947,-0.658935547,-0.4223116,0.145022631,0.128786743,-0.00137550849,0.991911352,-3.56762433,-2.40142822,-1.39273071,0.5316466,0.346052438,0.05853528,-0.04747701,-0.09082502,1.00719678,-3.977848,11.19747,-1.11764526,-0.6635742,-0.26075533,0.133744091,0.151551276,0.0141368024,0.926290631,-3.5611918,-13.8446655,-3.467041,-1.48709106,-0.569547,0.100854218,0.363700271,-0.12729609,1.01913011,-4.017435,-8.639252,-1.2305603,0.5581236,-0.453434318,0.05791919,0.07657158,-0.5389401,2.539567,2.64968681,3.70954132
606,12.119995705782312,2787,0,1,-0.01670772,0,-3.99996471,-0.0936027,0,-9.916274,-0.0936027,0,-9.916274,1,0,0,1,-0.0148356669,1.01864409,-3.80163932,0,0,0,-0.0191217214,1.01883829,-3.81363225,4.319674,-1.15917969,-0.0132141113,-0.008783099,0.152872592,0.008255384,-0.0106080864,0.9882103,-3.59416318,-7.118347,-0.7788391,0.4251827,1.0680542,0.0928649753,-0.04652015,-0.03861939,1.00498211,-3.95239425,4.148901,-0.793121338,-0.5053406,-0.7767503,0.144350737,0.11122071,0.0135541782,0.967550337,-3.35805774,-1.57595825,-1.32345581,0.436074138,0.719738662,0.0545852147,-0.06782135,-0.0874711,0.9843194,-4.184989,10.4620867,-0.9342346,-0.478393555,-0.6436279,0.135352,0.146511346,0.0301367939,0.85698694,-3.29939651,-13.8903809,-3.48321533,-1.4543457,-0.599199355,0.11256171,0.3884733,-0.123002328,1.02536154,-4.302855,-9.828796,-1.09338379,0.5792902,-1.02923429,0.09317009,0.00270579942,-0.5390508,2.55169177,2.622777,3.69873834
607,12.139995698696145,2792,0,1,-0.0250846818,0,-3.9999218,-0.52958715,0,-10.0006266,-0.52958715,0,-10.0006266,1,0,0,1,-0.014492943,1.01818049,-3.79990935,0,0,0,-0.0192598775,1.01845121,-3.81222081,4.32214,-1.11437988,-0.0120544434,-0.007260671,0.14790079,0.007050057,-0.00575096672,0.983173,-3.526355,-5.71521,-0.789306641,0.343939155,1.40384257,0.08822322,-0.06864508,-0.03753121,1.002122,-4.016915,2.88762641,-0.748901367,-0.3585205,-1.11271882,0.140991554,0.0992791951,0.027521275,0.9522131,-3.15653586,-0.326507568,-1.37414551,0.306941718,1.080347,0.0563247465,-0.08749749,-0.0849589556,0.9681515,-4.394573,9.267211,-0.8746643,-0.296417236,-1.04011822,0.136931539,0.13857238,0.04453578,0.791443944,-3.04748678,-13.9779663,-3.59173584,-1.34146118,-0.613069355,0.12358205,0.406963944,-0.1193613,1.036615,-4.59447765,-11.6488037,-1.05975342,0.55513,-1.56712008,0.09237102,-0.007310208,-0.533559561,2.55545425,2.6281786,3.70436978
608,12.159995691609977,2796,0,1,-0.0250846818,0,-3.9999218,-0.114023358,0,-10.1305761,-0.114023358,0,-10.1305761,1,0,0,1,-0.0228042156,1.0174607,-3.79731035,0,0,0,-0.0300132446,1.01777744,-3.810057,4.326691,-0.960876465,-0.000213623047,-0.005696127,0.138620719,0.007185291,-0.0128960721,0.9841722,-3.473047,-3.98834229,-0.675964355,0.226559624,1.65276909,0.08943108,-0.06615153,-0.0492558181,1.0033735,-4.07073355,1.26290607,-0.5914612,-0.220947266,-1.39105034,0.1322847,0.109908968,0.0313658938,0.9502092,-2.98423934,1.301425,-1.297821,0.133972347,1.40169859,0.09947766,-0.11571905,-0.08989429,0.964913964,-4.58488226,7.644586,-0.7056885,-0.150146484,-1.41082335,0.121851273,0.106485233,0.0343677029,0.7369473,-2.83397126,-14.1154175,-3.353424,-1.01235962,-0.607801139,0.288561583,0.424328566,-0.121310681,1.04915178,-4.85874033,-14.11145,-1.03674316,0.8564052,-2.15286541,0.0488929078,0.169806644,-0.5335885,2.56286621,2.618806,3.7028563
609,12.179995684523808,2801,0,1,-0.0250846818,0,-3.9999218,-0.114418983,0,-10.2411671,-0.114418983,0,-10.2411671,1,0,0,1,-0.022796303,1.01689148,-3.79509854,0,0,0,-0.02762543,1.01702416,-3.807802,4.33213425,-0.819000244,-0.005126953,-0.005079498,0.128374934,0.00229490059,-0.006174785,0.9904246,-3.42756248,-2.05618286,-0.5583191,0.106202766,1.86323249,0.08160843,-0.0938998461,-0.04769051,1.00967062,-4.129747,-0.67767334,-0.442138672,-0.07312012,-1.69632387,0.122471489,0.09763568,0.03270327,0.965137839,-2.86579776,3.14727163,-1.10958862,-0.0251159668,1.58399189,0.175267056,-0.0935855359,-0.0997554138,0.999473453,-4.7190485,5.79142475,-0.566253662,0.01999472,-1.58844459,0.1378342,0.133937,0.010091478,0.7055706,-2.698776,-14.303894,-2.84332275,-0.709259033,-0.5209596,0.4517976,0.340949,-0.128913254,1.176927,-4.935344,-14.6020813,-0.7814636,-0.173400879,-0.360825926,-0.040884763,-0.789993644,-0.5335727,2.56704259,2.62147713,3.707634
610,12.199995677437641,2807,0,1,-0.03346153,0,-3.99985981,-0.517918766,0,-10.2626486,-0.517918766,0,-10.2626486,1,0,0,1,-0.0231031589,1.01675975,-3.794607,0,0,0,-0.0267387684,1.01680851,-3.80713415,4.334843,-0.8176575,-0.0103149414,-0.007141269,0.110504381,0.00166819617,-0.00638588425,1.00223339,-3.4118104,-0.0302734375,-0.569366455,-0.00741577148,1.93025661,0.06905246,-0.0870409,-0.04674952,1.02147281,-4.145231,-2.736267,-0.426147461,0.0686467662,-1.77243233,0.103294514,0.09148298,0.0211865716,0.99210757,-2.8237288,5.062037,-1.01107788,-0.1302185,1.6427089,0.199537113,-0.05550941,-0.0994731858,1.045556,-4.746086,3.91494322,-0.515563965,0.1888976,-1.60598958,0.0956857,0.129455,-0.0184758659,0.7010155,-2.66169786,-14.5320435,-2.35733032,-0.354278564,-0.408467621,0.477610677,0.2771411,-0.129992992,1.27854514,-4.934992,-14.5514832,-0.9529114,-0.471069336,0.03396612,-0.09095208,-0.216903359,-0.5281507,2.57381988,2.61553,3.707356
611,12.219995670351473,2813,0,1,-0.03346153,0,-3.99985981,-0.0838373154,0,-10.319952,-0.0838373154,0,-10.319952,1,0,0,1,-0.031784784,1.01638794,-3.79346085,0,0,0,-0.03693397,1.01654494,-3.80605125,4.335809,-0.71572876,-0.0004272461,-0.008256325,0.09394898,0.00380527368,-0.0235824138,1.01559985,-3.433002,1.933222,-0.470703125,-0.09915161,1.80855036,0.06850562,-0.0337954164,-0.0589283966,1.0326221,-4.119077,-4.714905,-0.306518555,0.18993859,-1.64198577,0.0858689845,0.109672815,-0.000429383479,1.02752411,-2.87146044,6.875122,-0.7644043,-0.192138672,1.56739748,0.239750788,-0.0380830467,-0.109286018,1.07506275,-4.706958,2.082365,-0.4154358,0.337000132,-1.57055914,0.07393505,0.112377167,-0.03315265,0.837117434,-2.69033551,-14.6791382,-1.45367432,0.216634914,-0.07711931,0.825438261,1.07647538,-0.134298921,1.27960265,-4.902455,-14.37973,-1.0307312,-0.8102722,0.036149852,-0.0729516,-0.1435699,-0.5280132,2.574727,2.630352,3.71843648
612,12.239995663265306,2818,0,1,-0.03346153,0,-3.99985981,-0.09175245,0,-10.3119888,-0.09175245,0,-10.3119888,1,0,0,1,-0.03162648,1.01649535,-3.79362,0,0,0,-0.03459476,1.01637912,-3.80589724,4.335404,-0.620941162,-0.00241088867,-0.00927204,0.0884825,0.00211068313,-0.023311941,1.02692235,-3.48285747,3.60176921,-0.373565674,-0.154815674,1.56113517,0.06980905,-0.0348057076,-0.0556326136,1.04138,-4.081458,-6.461609,-0.187469482,0.3153152,-1.45912659,0.0769256949,0.09302704,-0.0133895595,1.07738161,-2.97437358,8.49343,-0.52645874,-0.214385986,1.45066619,0.1975881,0.00503728166,-0.1070629,1.09490526,-4.62581968,0.394264281,-0.3249817,0.4881483,-1.44400692,0.06846084,0.115900993,-0.05134307,0.953096867,-2.75057077,-12.8343506,-0.8869324,0.3568536,1.67407882,0.343004644,0.0879353,-0.1259336,1.26061487,-4.82191944,-14.206665,-1.12908936,-1.14962769,-0.06527983,-0.0434895,-0.0480963439,-0.528187037,2.58512735,2.60971069,3.71112585
613,12.259995656179138,2822,0,1,-0.0418382362,0,-3.99978161,-0.504044056,0,-10.1460257,-0.504044056,0,-10.1460257,1,0,0,1,-0.03175736,1.01736379,-3.79686117,0,0,0,-0.0337850526,1.01713419,-3.808779,4.32918453,-0.6566162,-0.00277709961,-0.0132885743,0.07934992,0.003483825,-0.02924273,1.0334053,-3.542999,4.935977,-0.419830322,-0.170349121,1.27646458,0.0572346225,-0.00564590469,-0.05305352,1.04487693,-4.0295887,-7.90167236,-0.205413818,0.4280056,-1.184049,0.05615705,0.08380814,-0.0291315652,1.09761536,-3.08171821,9.968693,-0.5502014,-0.195800781,1.3464098,0.08753948,0.0232280828,-0.09907221,1.103662,-4.514574,-1.10360718,-0.371948242,0.6216234,-1.27735472,0.0546027645,0.101493105,-0.0401314758,0.9791223,-2.84757733,-10.71756,-0.804412842,0.299780756,1.80620408,0.07141954,0.010865028,-0.113094866,1.23062289,-4.70569324,-14.0613708,-1.36065674,-1.44338989,-0.18598564,-0.007978367,0.06558132,-0.5227159,2.58943081,2.61289978,3.71559262
614,12.279995649092969,2827,0,1,-0.0418382362,0,-3.99978161,-0.06306472,0,-10.0162306,-0.06306472,0,-10.0162306,1,0,0,1,-0.0405769423,1.01796615,-3.799457,0,0,0,-0.0438102074,1.01788187,-3.81114316,4.32078075,-0.5869446,0.0115137007,-0.0143956747,0.06587689,0.00574730476,-0.04423855,1.034486,-3.60666442,5.96406841,-0.365844727,-0.172668457,0.9622622,0.04444463,0.03169182,-0.061412733,1.04154372,-3.96338916,-8.99478149,-0.131225586,0.513370335,-0.8304632,0.03448057,0.09198865,-0.04200334,1.10010517,-3.20987058,11.2516613,-0.482696533,-0.194946289,1.11934221,0.0465180948,0.008958982,-0.0965194,1.10055,-4.37414074,-2.36782837,-0.327392578,0.716907263,-1.07432258,0.03145355,0.06849212,-0.0459676944,0.994620562,-2.98990965,-8.742554,-0.772583,0.3161802,1.67508888,0.00252237171,0.0240622424,-0.103813633,1.19053209,-4.553228,-13.94873,-1.47937012,-1.6729126,-0.299671739,0.025541421,0.172787532,-0.5226847,2.59399724,2.61397743,3.71952939
615,12.299995642006802,2830,0,1,-0.05021475,0,-3.99968433,-0.462533355,0,-9.929482,-0.462533355,0,-9.929482,1,0,0,1,-0.0409640856,1.0184648,-3.80109477,0,0,0,-0.0409276262,1.01833415,-3.81278086,4.3138814,-0.6504822,0.0128730657,-0.012930233,0.0529834926,0.00289822812,-0.0420954339,1.03228331,-3.66628385,6.635941,-0.452880859,-0.156005859,0.666403651,0.02650285,0.0202985257,-0.05340715,1.03438807,-3.8989954,-9.678497,-0.205535889,0.591441631,-0.490693033,0.00752699375,0.06330879,-0.04434501,1.08968294,-3.36517239,12.2235622,-0.5576477,-0.177490234,0.8446276,0.0351690836,0.01986209,-0.08243962,1.084453,-4.20823,-3.29824829,-0.431640625,0.7987215,-0.784919858,0.00883363,0.0597331524,-0.0469862819,1.00563228,-3.18558574,-7.13534546,-0.8100891,0.2596492,1.3653332,0.009792045,-0.00214108825,-0.0838304162,1.13831782,-4.35814476,-13.8664856,-1.72122192,-1.86178589,-0.393609315,0.04809306,0.243981,-0.517315269,2.60080481,2.60775,3.71916127
616,12.319995634920634,2836,0,1,-0.05021475,0,-3.99968433,-0.00496823527,0,-9.86344051,-0.00496823527,0,-9.86344051,1,0,0,1,-0.0501153842,1.01870525,-3.80241561,0,0,0,-0.05046319,1.01866889,-3.81389928,4.30928326,-0.6142578,0.0301154442,-0.0113904895,0.0336860567,0.00507190125,-0.05413313,1.02527606,-3.74052,6.94601154,-0.4352417,-0.151641846,0.284413546,0.011243673,0.0413679034,-0.0592069142,1.02173471,-3.82078147,-9.952515,-0.2010498,0.6347311,-0.07334718,-0.01832604,0.0660126954,-0.05147424,1.07000554,-3.54751372,12.8515081,-0.518463135,-0.180450439,0.543775737,0.03494185,0.000287424773,-0.07338841,1.05935884,-4.01814,-3.86956787,-0.451843262,0.83593446,-0.475892484,-0.0237056687,0.0221238174,-0.0530398861,1.01339245,-3.421586,-6.06906128,-0.689483643,0.203823835,0.8984971,0.0382219441,0.0171497855,-0.06886931,1.07720256,-4.1303997,-13.8139038,-1.84213257,-1.98181152,-0.4741523,0.0709333345,0.316747755,-0.5170591,2.60076332,2.625969,3.731894
617,12.339995627834467,2841,0,1,-0.05021475,0,-3.99968433,0.02203566,0,-9.824078,0.02203566,0,-9.824078,1,0,0,1,-0.05065546,1.01898468,-3.80320287,0,0,0,-0.04749535,1.01885319,-3.81471539,4.306558,-0.592865,0.0362796858,-0.00962754,0.0189088639,0.002843882,-0.0506016,1.01723611,-3.81062746,6.840248,-0.432067871,-0.1413269,-0.0732974261,-0.002923078,0.02260083,-0.05015932,1.00850618,-3.746924,-9.77084351,-0.227752686,0.6648121,0.315590918,-0.04313746,0.0344782062,-0.050604,1.03953457,-3.75255919,13.0380583,-0.494750977,-0.17678833,0.1586039,0.0195992365,0.00364937447,-0.0550295673,1.025464,-3.805827,-3.98617554,-0.5003967,0.850833356,-0.08528416,-0.047748968,0.007637809,-0.0512200259,1.01628292,-3.700851,-5.730652,-0.5912781,0.154427946,0.269399941,0.03385093,0.0123141063,-0.04487499,1.00557506,-3.86495256,-13.7875061,-1.95962524,-2.0574646,-0.5312646,0.08300432,0.3539608,-0.517341256,2.61139274,2.60433388,3.72418714
618,12.359995620748299,2847,0,1,-0.0585920028,0,-3.99957085,-0.3587577,0,-9.796504,-0.3587577,0,-9.796504,1,0,0,1,-0.05141685,1.01909089,-3.80364084,0,0,0,-0.04615986,1.01900017,-3.81510687,4.305326,-0.7116699,0.04588073,-0.00852202252,-0.000755379,0.00388115738,-0.04967223,1.008144,-3.885964,6.31998,-0.5697632,-0.140563965,-0.462414831,-0.0224853642,0.01685533,-0.04360294,0.994631231,-3.66775942,-9.139404,-0.411346436,0.6672608,0.7313902,-0.0680040047,0.0153684309,-0.0491289273,1.00622451,-3.97282457,12.7557173,-0.61328125,-0.180267334,-0.248523146,0.00106730312,-0.00524244,-0.0351363122,0.9897751,-3.57723,-3.618225,-0.6986389,0.829062462,0.328740478,-0.07531522,-0.0199327245,-0.04972873,1.01805592,-4.00699139,-6.224365,-0.649536133,0.139046416,-0.445437223,0.0238635838,0.0236772,-0.0206017271,0.927661657,-3.5751214,-13.7901,-2.19018555,-2.06918335,-0.574164867,0.09474903,0.3898068,-0.5119678,2.617522,2.60054016,3.72509623
619,12.379995613662132,2853,0,1,-0.0585920028,0,-3.99957085,0.09457994,0,-9.81683,0.09457994,0,-9.81683,1,0,0,1,-0.0604836,1.01886463,-3.80323434,0,0,0,-0.0561907031,1.01886582,-3.81463456,4.30577,-0.7260437,0.07325317,-0.00741069624,-0.0161689334,0.006982051,-0.06195414,0.999616146,-3.96572614,5.39832354,-0.59765625,-0.157531738,-0.8799002,-0.0335612781,0.0367507525,-0.05030317,0.9820806,-3.58314753,-8.077911,-0.493621826,0.6271013,1.16976392,-0.07160366,0.0195440259,-0.0578274056,0.9760895,-4.20302963,11.998147,-0.62612915,-0.20501709,-0.6603062,-0.00753676239,-0.0263479017,-0.0249326937,0.958465755,-3.339223,-2.764923,-0.7933655,0.7498402,0.742586,-0.0917857662,-0.0622137263,-0.0566417053,1.02210927,-4.3255806,-7.54620361,-0.6128845,0.159323767,-1.15739846,0.0182814784,0.0318990462,-0.004074868,0.8483822,-3.2760458,-13.8280334,-2.28805542,-2.004303,-0.6028233,0.106471285,0.41888997,-0.5120472,2.62391925,2.59463882,3.72549272
620,12.399995606575963,2858,0,1,-0.0669680461,0,-3.99943924,-0.3137435,0,-9.895389,-0.3137435,0,-9.895389,1,0,0,1,-0.06069318,1.018464,-3.80153155,0,0,0,-0.0536604933,1.01844716,-3.81325173,4.3083,-0.864654541,0.08986835,-0.00563014764,-0.02138727,0.00525118969,-0.0589603,0.9955972,-4.032072,4.06419754,-0.749542236,-0.164978027,-1.2240504,-0.0358791947,0.0207443982,-0.04257474,0.975839734,-3.51158977,-6.58984375,-0.6944275,0.5675986,1.5244261,-0.07179269,-0.0133634247,-0.05944491,0.9515583,-4.433502,10.7157812,-0.7721863,-0.216064453,-1.11395025,-0.0200617351,-0.0180991516,-0.007573379,0.935948968,-3.1084733,-1.40179443,-1.00848389,0.639145,1.17626894,-0.09071747,-0.0806791559,-0.05739656,1.02955341,-4.651186,-9.639526,-0.7295227,0.179187551,-1.82472169,-0.001355147,0.0142245442,0.018075414,0.771460533,-2.98214555,-13.90802,-2.4861145,-1.87728882,-0.61181736,0.112190083,0.42153123,-0.5065483,2.62758112,2.599987,3.7310462
621,12.419995599489795,2864,0,1,-0.0669680461,0,-3.99943924,0.11414741,0,-10.0555935,0.11414741,0,-10.0555935,1,0,0,1,-0.06925099,1.017495,-3.79832745,0,0,0,-0.06390449,1.01767015,-3.81041074,4.31450844,-0.8852234,0.123031996,-0.00323560345,-0.02431013,0.00843726,-0.07121296,0.9953035,-4.099124,2.37680149,-0.7808838,-0.1845398,-1.58099341,-0.0345355123,0.03824991,-0.04962002,0.9748593,-3.44115186,-4.76275635,-0.758758545,0.46071595,1.86439025,-0.0542252958,-0.0131068453,-0.06979922,0.9436562,-4.654714,8.95827,-0.8026428,-0.237243652,-1.52218425,-0.02138744,-0.0344951935,0.00147029292,0.93165195,-2.90691042,0.365567029,-1.0897522,0.469281644,1.51835108,-0.07649301,-0.12228404,-0.06770433,1.04772937,-4.957642,-12.3038635,-0.746124268,0.21366927,-2.32506466,-0.00743320864,0.006992288,0.0307758562,0.7087557,-2.73404932,-14.0431519,-2.53305054,-1.65045166,-0.6106403,0.124669015,0.434571,-0.5062256,2.62792444,2.61662674,3.74285817
622,12.439995592403628,2867,0,1,-0.0753437951,0,-3.99929047,-0.3343602,0,-10.2119846,-0.3343602,0,-10.2119846,1,0,0,1,-0.06865659,1.01670289,-3.79505086,0,0,0,-0.06218954,1.01674163,-3.80756164,4.322185,-1.01254272,0.144562736,-0.0022161,-0.0122303385,0.00745341275,-0.07166742,1.001654,-4.15353251,0.313595384,-0.9149475,-0.172088623,-1.85896766,-0.0147139486,0.0350564867,-0.0427623242,0.9825976,-3.39650869,-2.66546631,-0.9022827,0.331598431,2.05910349,-0.0291346014,-0.05023168,-0.0830285549,0.963323653,-4.824795,6.851212,-0.956665039,-0.226959229,-1.81995463,-0.021238381,-0.00279826671,0.0171893239,0.946046,-2.76228333,2.44157481,-1.25881958,0.268796474,1.78025842,-0.04030535,-0.140211388,-0.08682116,1.10298276,-5.13618326,-14.2755737,-0.912261963,-0.319030762,-1.70679307,-0.144393966,-0.4711705,0.04829823,0.6676803,-2.56179667,-14.2366943,-2.65805054,-1.33966064,-0.582636833,0.1301461,0.416246682,-0.5012313,2.63904619,2.59406281,3.73429513
623,12.45999558531746,2873,0,1,-0.0753437951,0,-3.99929047,0.04120694,0,-10.2971592,0.04120694,0,-10.2971592,1,0,0,1,-0.07616793,1.01612735,-3.79334736,0,0,0,-0.07355689,1.01603866,-3.80559278,4.3290863,-0.9991455,0.180576339,-0.00349964853,0.00713914726,0.0111659514,-0.0868606046,1.0147742,-4.19091463,-1.95690918,-0.899230957,-0.154205322,-2.04625821,0.0150965685,0.0591883361,-0.050346192,0.9964603,-3.369556,-0.461669922,-0.867828369,0.158712581,2.16938043,0.0154056232,-0.0547202975,-0.0995873,1.02715015,-4.88220835,4.68799639,-0.9594116,-0.199188232,-1.84346557,-0.00762600731,-0.0069215633,0.0216901638,0.9784486,-2.70340538,4.59692955,-1.21896362,0.02347605,1.84713244,0.0798767656,-0.169218227,-0.09935622,1.29393518,-5.11177969,-14.5397034,-0.9789734,-0.6261902,-0.1991402,-0.119345948,-0.287031233,0.02763219,0.658417344,-2.5093708,-14.48877,-2.28359985,-0.8291931,-0.5273684,0.400592148,0.379255652,-0.5008205,2.6337,2.6140213,3.74436951
624,12.479995578231293,2878,0,1,-0.0753437951,0,-3.99929047,-0.0278838091,0,-10.3538914,-0.0278838091,0,-10.3538914,1,0,0,1,-0.07478612,1.01595223,-3.79221272,0,0,0,-0.07278795,1.01578,-3.80478644,4.3319726,-0.952850342,0.200549766,-0.00599549431,0.03772656,0.009201665,-0.08545942,1.030091,-4.170437,-4.181732,-0.842254639,-0.113525391,-1.93031728,0.0540973,0.0427067876,-0.0464436449,1.01315272,-3.38602185,1.70072711,-0.773681641,-0.009857178,2.060764,0.053944394,-0.08161764,-0.103849657,1.07093787,-4.84234762,2.60091257,-0.935882568,-0.1513977,-1.785829,0.0145932958,0.0117909536,0.0148129053,1.0173161,-2.75050855,6.6424365,-1.01571655,-0.172943115,1.75642145,0.20085983,-0.126499742,-0.1007746,1.3170017,-5.06266832,-14.4140625,-1.07821655,-1.03121948,0.005117557,-0.100755528,-0.220197931,0.0098231025,0.8009691,-2.54188633,-14.7517395,-1.62155151,-0.3430786,-0.107962087,0.8603425,1.04004025,-0.501225233,2.64389539,2.59382629,3.7375586
625,12.499995571145124,2884,0,1,-0.0753437951,0,-3.99929047,-0.07388185,0,-10.33285,-0.07388185,0,-10.33285,1,0,0,1,-0.07386616,1.016123,-3.79263353,0,0,0,-0.07347915,1.01576638,-3.804767,4.332033,-0.8838806,0.215308234,-0.008222831,0.05855668,0.008181205,-0.08499542,1.04139924,-4.124384,-6.1708374,-0.7651367,-0.07168579,-1.68950832,0.07240002,0.03421648,-0.0484008454,1.02754152,-3.44545865,3.56503224,-0.648376465,-0.1590271,1.75137019,0.07938725,-0.0787815154,-0.10270641,1.0986259,-4.746876,0.6726778,-0.8962097,-0.103607178,-1.64861631,0.0261837915,0.01183483,0.00107136,1.08364058,-2.861997,8.480242,-0.7592163,-0.300964355,1.64998269,0.228926182,-0.0833338946,-0.09784883,1.2964195,-4.96747351,-14.2304382,-1.20150757,-1.41418457,-0.08609131,-0.0624738559,-0.104222894,-0.02550092,0.9479518,-2.60129714,-12.624054,-0.971801758,0.0664956644,1.96235883,0.391906559,0.0846557,-0.5012094,2.64365339,2.59473038,3.73801279
626,12.519995564058956,2890,0,1,-0.0753437951,0,-3.99929047,-0.08955639,0,-10.1384563,-0.08955639,0,-10.1384563,1,0,0,1,-0.07355267,1.01722658,-3.79652143,0,0,0,-0.07405094,1.01669514,-3.808352,4.32465363,-0.807037354,0.223483935,-0.0129954042,0.0653705448,0.00517036067,-0.08331656,1.04709506,-4.06492949,-7.81808472,-0.6890869,-0.0348510742,-1.3688792,0.0707223862,0.0258249119,-0.0560330823,1.03603971,-3.51113749,5.0778985,-0.5342102,-0.252807617,1.43935835,0.07308036,-0.0464155078,-0.0979465544,1.11198938,-4.616232,-1.030304,-0.8587036,-0.0649719238,-1.45206463,0.0235402118,0.0068446286,-0.0250363741,1.10909081,-2.98058343,10.1693964,-0.6369324,-0.369140625,1.5206368,0.116328895,-0.0403934047,-0.08992605,1.26173186,-4.830393,-14.0662842,-1.33999634,-1.736969,-0.2205268,-0.0192411076,0.030665312,-0.0283935778,0.978277862,-2.70878768,-10.2079163,-0.8163147,0.170008644,2.04207087,0.0953155756,0.0979761258,-0.501309633,2.645028,2.5895977,3.73543859
627,12.539995556972789,2895,0,1,-0.0753437951,0,-3.99929047,-0.102494694,0,-9.994213,-0.102494694,0,-9.994213,1,0,0,1,-0.0732939,1.01799512,-3.79940629,0,0,0,-0.07468529,1.01765764,-3.81116033,4.31507635,-0.729248047,0.2271849,-0.0137201082,0.0662429,0.002487376,-0.08077062,1.04566562,-3.99613261,-9.067474,-0.6223755,-0.009643555,-1.00552094,0.06294896,0.0161090977,-0.06446496,1.03868532,-3.575421,6.25288773,-0.4453125,-0.296234131,1.12973893,0.0578791946,-0.0119066238,-0.0894608349,1.11036563,-4.45738125,-2.443634,-0.833404541,-0.04324341,-1.20131683,0.0145915626,-0.004093997,-0.0478553176,1.11302972,-3.12179661,11.6199036,-0.5499573,-0.392456055,1.265618,0.076241076,-0.009763498,-0.07751113,1.21556222,-4.65391159,-13.9374695,-1.48617554,-1.99203491,-0.3476652,0.0192602947,0.150611043,-0.040831428,0.993944347,-2.86982846,-7.91241455,-0.7237549,-0.201507568,1.94854093,-0.0115874261,-0.185972929,-0.501218557,2.64376235,2.594324,3.73780918
628,12.55999554988662,2900,0,1,-0.0753437951,0,-3.99929047,-0.123552285,0,-9.901933,-0.123552285,0,-9.901933,1,0,0,1,-0.07287275,1.01854038,-3.801252,0,0,0,-0.07546991,1.01824546,-3.81304884,4.30761957,-0.649292,0.227722064,-0.0118528726,0.06881061,0.000630533556,-0.07761425,1.03799176,-3.920969,-9.884827,-0.562927246,-0.00048828125,-0.6105429,0.05792526,0.00344672427,-0.06867414,1.03621709,-3.644547,7.062509,-0.362762451,-0.311737061,0.7873247,0.0609981976,0.0009361617,-0.07814841,1.09469175,-4.2747674,-3.50909424,-0.818145752,-0.044708252,-0.9005677,0.00670774933,-0.0195290558,-0.0506906919,1.10365582,-3.29166746,12.7490158,-0.4725647,-0.4139099,0.982201159,0.08579833,-0.0157616735,-0.0619123764,1.159052,-4.44121,-13.8439026,-1.63354492,-2.18215942,-0.454736024,0.0506253131,0.246110857,-0.0412649028,1.0083003,-3.08114386,-5.989685,-0.5203552,-0.08734131,1.60763764,0.109172851,0.0858763456,-0.500761151,2.637366,2.61819267,3.74985266
629,12.579995542800454,2903,0,1,-0.08371921,0,-3.99912357,-0.569217861,0,-9.820311,-0.569217861,0,-9.820311,1,0,0,1,-0.0723348558,1.01890278,-3.80271745,0,0,0,-0.0762531161,1.018619,-3.8145678,4.3028636,-0.6846924,0.225117147,-0.009805909,0.07386959,-0.000738178554,-0.07387634,1.02560091,-3.84150839,-10.247345,-0.626983643,-0.00982666,-0.191336215,0.056599196,-0.0124168247,-0.06989446,1.02941394,-3.71962929,7.47223234,-0.396789551,-0.320770264,0.409929067,0.06654268,-0.00245941058,-0.06510252,1.06729674,-4.07003975,-4.16824341,-0.929748535,-0.07229614,-0.550109744,0.0012476393,-0.0366374478,-0.0527804345,1.081067,-3.48864818,13.4852095,-0.500640869,-0.439819336,0.638003349,0.07459361,-0.0197526179,-0.0446266979,1.09271908,-4.193719,-13.7819519,-1.89660645,-2.314392,-0.539406061,0.07450549,0.316336244,-0.04214177,1.01645184,-3.33886147,-4.666687,-0.5622864,-0.170928955,1.09377825,0.039062053,-0.000472418964,-0.4953971,2.638068,2.616621,3.74853659
630,12.599995535714285,2909,0,1,-0.0920942649,0,-3.99893951,-0.5938197,0,-9.760444,-0.5938197,0,-9.760444,1,0,0,1,-0.0802178755,1.01908171,-3.80373073,0,0,0,-0.08777076,1.01885939,-3.81555247,4.30001545,-0.7136841,0.2325845,-0.008470037,0.08041209,-0.0004721714,-0.0819672644,1.01152039,-3.76373672,-10.1280823,-0.6880188,-0.0504455566,0.21386458,0.06476512,-0.008897487,-0.08254049,1.02038956,-3.79360271,7.44453669,-0.423858643,-0.3414917,0.0380695648,0.07570092,0.0117008109,-0.06012289,1.03055048,-3.84554529,-4.344757,-1.04177856,-0.142578125,-0.135237068,-0.0009316001,-0.0669204444,-0.0633308738,1.046798,-3.706,13.7511292,-0.5401001,-0.480163574,0.228093445,0.07952253,-0.0341860652,-0.0342768654,1.01670074,-3.911554,-13.7480164,-2.14971924,-2.39178467,-0.6034327,0.09290719,0.3658841,-0.0508004352,1.01806045,-3.63737416,-4.14141846,-0.5996094,-0.241699219,0.409214765,0.0473915525,0.0192609876,-0.490020275,2.644104,2.61296082,3.74952936
631,12.619995528628117,2915,0,1,-0.100468911,0,-3.99873829,-0.629078865,0,-9.733228,-0.629078865,0,-9.733228,1,0,0,1,-0.08788734,1.01918662,-3.80407381,0,0,0,-0.09725192,1.01893377,-3.81597233,4.29877758,-0.7298584,0.235908121,-0.00703077437,0.0928994343,-0.003080204,-0.0866487548,0.996453762,-3.68037939,-9.535858,-0.7313843,-0.111175537,0.6465038,0.07976417,-0.0212399326,-0.09193889,1.00996459,-3.87300634,6.981674,-0.440704346,-0.3628235,-0.366796464,0.08946774,0.007513048,-0.0551050939,0.991706252,-3.605085,-4.01153564,-1.14285278,-0.2427063,0.300494969,0.00827619,-0.08363548,-0.07436239,1.00906932,-3.93700075,13.5258312,-0.573883057,-0.5223999,-0.198706076,0.08195872,-0.0382718481,-0.024217749,0.9346601,-3.606257,-13.7439575,-2.386963,-2.4263,-0.650048733,0.104981571,0.390736252,-0.06199321,1.01829028,-3.95963144,-4.52572632,-0.66519165,-0.2522583,-0.3687795,0.0339407474,0.03579649,-0.485101461,2.650495,2.590126,3.73753929
632,12.63999552154195,2919,0,1,-0.108844072,0,-3.998519,-0.659691036,0,-9.74106,-0.659691036,0,-9.74106,1,0,0,1,-0.0956502557,1.01908517,-3.80369782,0,0,0,-0.106113724,1.01887476,-3.815718,4.2991395,-0.73550415,0.234958962,-0.00577218365,0.103063352,-0.005544465,-0.09007644,0.9835392,-3.596984,-8.479279,-0.755249,-0.19342041,1.07203329,0.09127113,-0.035574466,-0.100964077,1.00072122,-3.951125,6.08636045,-0.455474854,-0.387359619,-0.7662306,0.09859992,-0.00045164302,-0.04867507,0.9564846,-3.35631037,-3.14718628,-1.22848511,-0.371307373,0.753267,0.0215584561,-0.0978802,-0.08569414,0.9730099,-4.17522955,12.786,-0.6087036,-0.565185547,-0.6445256,0.08400216,-0.04313281,-0.0149456486,0.850150466,-3.28974986,-13.7748413,-2.600769,-2.40679932,-0.6848888,0.1166406,0.409738272,-0.07457481,1.01956558,-4.29499769,-5.83474731,-0.722625732,-0.269989,-1.16273236,0.0372693725,0.03056857,-0.4797064,2.66025662,2.59028244,3.74388123
633,12.659995514455781,2925,0,1,-0.12559101,0,-3.9980278,-1.10231388,0,-9.796421,-1.10231388,0,-9.796421,1,0,0,1,-0.103544742,1.01866055,-3.80209947,0,0,0,-0.114615723,1.01850581,-3.8143394,4.302031,-0.855285645,0.2306648,-0.00431549642,0.1089553,-0.007490266,-0.0928323045,0.9754032,-3.51779747,-6.98703,-0.8783264,-0.2984314,1.46447623,0.09810767,-0.0491216779,-0.110139586,0.994637,-4.0244627,4.77787542,-0.595367432,-0.4173584,-1.14351952,0.103073478,-0.008834671,-0.0413575768,0.9320696,-3.11397982,-1.76370239,-1.41598511,-0.527893066,1.19395745,0.03880263,-0.110572457,-0.09713617,0.945175,-4.4127593,11.5259266,-0.7648926,-0.6106262,-1.09470963,0.08429371,-0.0512017533,-0.00654955953,0.7692924,-2.98259115,-13.8501587,-2.902008,-2.31307983,-0.7082187,0.129364252,0.42721355,-0.08690961,1.02532578,-4.62990141,-7.97525024,-0.8737488,-0.316101074,-1.88050067,0.05168591,0.0294000953,-0.4690771,2.66698384,2.58490562,3.74360442
634,12.679995507369615,2930,0,1,-0.1507072,0,-3.99716043,-1.53480089,0,-9.921674,-1.53480089,0,-9.921674,1,0,0,1,-0.120011196,1.01767051,-3.798727,0,0,0,-0.1336192,1.01770186,-3.81130481,4.30778551,-1.09265137,0.237546057,-0.00204628636,0.111432441,-0.007413967,-0.107393041,0.9744982,-3.45230341,-5.10534668,-1.09460449,-0.438415527,1.76784265,0.109004155,-0.0381290466,-0.131305709,0.9935553,-4.08437872,3.07594943,-0.86138916,-0.4654541,-1.45398235,0.107406393,0.00139549375,-0.0424853861,0.9246988,-2.9004004,0.09017787,-1.69921875,-0.725616455,1.59324372,0.06345129,-0.132256016,-0.118406095,0.9308086,-4.63942957,9.739081,-1.04519653,-0.673339844,-1.54830158,0.09390945,-0.07300191,-0.00643001124,0.7006267,-2.71444416,-13.9816895,-3.27929688,-2.12414551,-0.7168636,0.144054458,0.44238162,-0.111428417,1.03916728,-4.950717,-10.7639771,-1.07565308,-0.325805664,-2.44856,0.0986360461,0.028759554,-0.453055978,2.68274617,2.58202744,3.75090027
635,12.699995500283446,2935,0,1,-0.1758184,0,-3.99613428,-1.54478014,0,-10.1172962,-1.54478014,0,-10.1172962,1,0,0,1,-0.144922808,1.01614738,-3.79378843,0,0,0,-0.16103065,1.01630437,-3.806649,4.317166,-1.32614136,0.2553251,-2.79906963E-05,0.11431212,-0.008851975,-0.130355626,0.980815649,-3.40389872,-2.93118286,-1.27627563,-0.611358643,1.96903956,0.123128586,-0.0190462023,-0.162620783,0.9977739,-4.133259,1.0128696,-1.13027954,-0.5192261,-1.7103498,0.11512436,0.0202901512,-0.0552972071,0.9392512,-2.74480081,2.28138161,-1.90924072,-0.9593811,1.87838387,0.174544334,-0.14500317,-0.153208569,0.939867556,-4.82984161,7.51738071,-1.33789063,-0.7470398,-1.92264879,0.0806338042,-0.09511715,-0.0496835932,0.654410362,-2.52816916,-14.1794434,-3.21472168,-1.69802856,-0.7010068,0.4865327,0.443283051,-0.14700973,1.06421232,-5.20883465,-13.9428406,-1.347992,-0.195861816,-2.80896568,0.117385171,0.09967658,-0.437138677,2.69420147,2.5772934,3.753965
636,12.719995493197278,2940,0,1,-0.200922638,0,-3.99495029,-1.54997766,0,-10.2671423,-1.54997766,0,-10.2671423,1,0,0,1,-0.1699231,1.014995,-3.78960752,0,0,0,-0.185719714,1.01494,-3.80216026,4.327323,-1.5546875,0.270927042,-5.74154546E-06,0.117485091,-0.0127910795,-0.152915508,0.9933497,-3.37706566,-0.6165161,-1.42480469,-0.7868347,2.0617435,0.130992979,-0.0006353408,-0.192175686,1.00843215,-4.17869949,-1.35784912,-1.39703369,-0.5609436,-1.94562817,0.128661469,0.0297029167,-0.08819516,0.972824335,-2.67861819,4.584544,-1.96572876,-1.15094,1.97123873,0.282095253,-0.09556058,-0.198342517,1.00021362,-4.927671,5.1364727,-1.63031,-0.795898438,-2.03278279,0.06145791,-0.07639613,-0.11561548,0.643752,-2.46502185,-14.4291382,-2.85720825,-1.29629517,-0.572592854,0.6505283,0.341548443,-0.196923047,1.24975252,-5.20725536,-14.5435486,-1.73413086,-0.8676758,-0.5094282,-0.159495488,-0.5156542,-0.420229435,2.69923067,2.59633255,3.76873732
637,12.739995486111111,2943,0,1,-0.242746234,0,-3.992628,-2.3830564,0,-10.267417,-2.3830564,0,-10.267417,1,0,0,1,-0.195085123,1.01437187,-3.78727984,0,0,0,-0.209734991,1.01420951,-3.79957867,4.33356142,-2.02261353,0.2865546,-0.002882875,0.116725937,-0.0153083634,-0.181604579,1.00933611,-3.3854723,1.657973,-1.806488,-0.9272766,1.98776627,0.126767069,0.043236807,-0.221201181,1.02388239,-4.17161369,-3.745575,-1.90292358,-0.585357666,-1.9093442,0.1358147,0.04579225,-0.140185416,1.01466179,-2.72244573,6.75835276,-2.21057129,-1.23953247,1.86116314,0.322126955,-0.0146816522,-0.236693323,1.06038284,-4.89752,2.85050559,-2.16653442,-0.804779053,-1.95503008,0.04771351,-0.0643389747,-0.18548435,0.704344869,-2.52991,-14.7062378,-2.64529419,-0.854278564,-0.3351536,0.7372645,0.474661231,-0.229270414,1.33188474,-5.14189625,-14.4891357,-2.38937378,-1.30532837,-0.05882212,-0.102012172,-0.2514553,-0.39474678,2.72604465,2.57037735,3.76749039
638,12.759995479024942,2948,0,1,-0.26782617,0,-3.99102354,-1.55583537,0,-10.2784081,-1.55583537,0,-10.2784081,1,0,0,1,-0.236709476,1.01358747,-3.78545547,0,0,0,-0.255697757,1.01340413,-3.79658151,4.33614826,-2.24008179,0.332688123,-0.006797473,0.1254724,-0.011875323,-0.239467531,1.02258146,-3.44896531,3.680599,-1.92980957,-1.039032,1.63676631,0.150860921,0.142827928,-0.272367984,1.03558731,-4.114567,-5.94406128,-2.15316772,-0.618042,-1.62518167,0.161484078,0.0954589248,-0.211293966,1.07934487,-2.84631,8.70707,-2.172638,-1.26708984,1.71053207,0.3425055,0.03204918,-0.282800764,1.09688723,-4.797396,0.695833266,-2.457428,-0.8407593,-1.84251857,0.0529023632,-0.101132318,-0.2648948,0.9365618,-2.58785319,-12.977417,-2.21878052,-0.286193848,1.87908125,0.461712748,0.156914532,-0.269254178,1.31600487,-5.045474,-14.31308,-2.83032227,-1.70751953,-0.103028938,-0.06448544,-0.142599031,-0.3775215,2.7306993,2.5901947,3.78263783
639,12.779995471938776,2952,0,1,-0.309604973,0,-3.98799944,-2.43059039,0,-10.02721,-2.43059039,0,-10.02721,1,0,0,1,-0.260993183,1.01426828,-3.78745532,0,0,0,-0.276514471,1.013687,-3.79821825,4.3303647,-2.66687,0.35381937,-0.0124184862,0.152200744,-0.0166428946,-0.2715045,1.03095782,-3.51205373,5.275176,-2.28811646,-1.03936768,1.33177507,0.1618885,0.1788634,-0.291113824,1.04297459,-4.0607276,-7.767914,-2.60656738,-0.6275635,-1.34816885,0.197006375,0.0670447946,-0.271901548,1.11117148,-2.977168,10.4418039,-2.51416016,-1.19396973,1.518473,0.231947213,0.109160513,-0.304543883,1.11627948,-4.658786,-1.18240356,-2.96490479,-0.8614807,-1.6012181,0.0730731,-0.0872469544,-0.291955054,0.981053233,-2.69928432,-10.5092773,-2.46130371,-0.281738281,2.07525349,0.198780239,0.111554429,-0.285312116,1.27970111,-4.89658833,-14.1457825,-3.52697754,-2.083374,-0.236968771,-0.02335387,-0.0294966232,-0.351958275,2.75013018,2.57338715,3.78277826
640,12.799995464852607,2957,0,1,-0.359692752,0,-3.98379469,-2.84831929,0,-9.778289,-2.84831929,0,-9.778289,1,0,0,1,-0.3027264,1.0142293,-3.788229,0,0,0,-0.321687758,1.01400173,-3.79822636,4.32208443,-3.19638062,0.402845144,-0.0144258421,0.1658046,-0.0129718054,-0.3280771,1.03123069,-3.58348155,6.53715467,-2.765564,-1.00448608,0.957466,0.17112723,0.257523477,-0.334725767,1.039696,-3.979138,-9.207611,-3.17260742,-0.6713257,-0.923190832,0.21731326,0.0965476,-0.330037981,1.11668468,-3.12085724,11.9640083,-2.98730469,-1.12774658,1.32681429,0.199412629,0.104916207,-0.334409773,1.11864281,-4.49203825,-2.79803467,-3.58551025,-0.929260254,-1.372544,0.07519372,-0.131671637,-0.341696262,0.9972886,-2.86153173,-8.174225,-3.01153564,-0.250061035,1.97437215,0.07712351,0.06754777,-0.3093555,1.23345888,-4.71668434,-14.0183105,-4.34707642,-2.37017822,-0.383791924,0.0256907754,0.106020585,-0.320324183,2.76609683,2.56965637,3.78906751
641,12.819995457766439,2962,0,1,-0.393053263,0,-3.98064184,-2.02967453,0,-9.715907,-2.02967453,0,-9.715907,1,0,0,1,-0.3524598,1.01355541,-3.78632379,0,0,0,-0.3741852,1.01342618,-3.79570818,4.31704855,-3.46005249,0.465327173,-0.0124192061,0.186573729,-0.01392536,-0.388523519,1.02582455,-3.655063,7.433407,-2.97851563,-0.945892334,0.5663732,0.193542749,0.310706556,-0.383090943,1.02917862,-3.891955,-10.2141724,-3.4727478,-0.74697876,-0.4784573,0.2536162,0.1169803,-0.39161095,1.107664,-3.29233527,13.1797676,-3.17663574,-1.0602417,1.05468392,0.249530345,0.103690714,-0.368717,1.10544384,-4.29850626,-4.080841,-3.95120239,-1.04534912,-1.08099413,0.08628601,-0.1687184,-0.401579529,1.0102644,-3.07050133,-6.192688,-3.10092163,-0.3284607,1.68822753,0.220840544,-0.0311360657,-0.333743274,1.17652166,-4.49896049,-13.93158,-4.92114258,-2.59527588,-0.5095733,0.06279881,0.196473867,-0.29743433,2.77143836,2.586605,3.80261278
642,12.839995450680272,2967,0,1,-0.4680116,0,-3.97252655,-4.15981865,0,-9.415284,-4.15981865,0,-9.415284,1,0,0,1,-0.384815246,1.01317286,-3.784221,0,0,0,-0.401555121,1.01313424,-3.79358029,4.313651,-4.19909668,0.5000962,-0.010068615,0.09607924,-0.0285485722,-0.417554915,1.019077,-3.718021,7.89198637,-3.796051,-0.8448181,0.246871233,0.235751137,0.2681393,-0.4020008,1.01747608,-3.81794643,-10.7274475,-4.36618042,-0.829101563,-0.1115801,0.296373755,0.06050039,-0.43340686,1.08042288,-3.488765,13.9520912,-3.97341919,-0.9532471,0.6640022,0.2170729,0.117029607,-0.3786894,1.07579541,-4.08797,-4.90805054,-4.91394043,-1.1708374,-0.686770141,0.08798573,-0.157489344,-0.4454366,1.01427722,-3.334921,-4.84777832,-3.91400146,-0.456176758,1.1508286,0.16920127,0.0123525858,-0.3366459,1.10694563,-4.239926,-13.8776855,-6.084076,-2.79714966,-0.606840968,0.08409059,0.238775611,-0.2525469,2.79436541,2.55740356,3.796389
643,12.859995443594103,2971,0,1,-0.5178925,0,-3.96633148,-2.77935982,0,-9.397415,-2.77935982,0,-9.397415,1,0,0,1,-0.4623053,1.01099336,-3.77838326,0,0,0,-0.488383144,1.01160944,-3.78546548,4.31328249,-4.08303833,0.6068643,-0.01078714,0.260011584,-0.0304450225,-0.5127824,1.00246,-3.80460453,7.965298,-4.33239746,-0.8056946,-0.294858962,0.221757323,0.350035936,-0.47800687,0.993719041,-3.70918751,-10.817627,-4.98623657,-0.9968262,0.4673304,0.296277225,0.141465038,-0.5186338,1.04925454,-3.70325255,14.3377657,-4.46759033,-0.9237671,0.3314378,0.181026459,0.0372949131,-0.423923671,1.0416764,-3.85222149,-5.35308838,-5.58288574,-1.38562012,-0.353238016,0.02070047,-0.22003907,-0.5279822,1.017322,-3.61748624,-4.254669,-4.350403,-0.551239,0.5068524,0.177019477,0.03006836,-0.371640116,1.03277719,-3.9613657,-13.861908,-6.87103271,-2.903595,-0.702663541,0.11297711,0.3135073,-0.219944954,2.80245376,2.56417465,3.80488038
644,12.879995436507937,2976,0,1,-0.559397042,0,-3.96069145,-2.476267,0,-9.420386,-2.476267,0,-9.420386,1,0,0,1,-0.5098717,1.00937438,-3.77228379,0,0,0,-0.5371228,1.00955844,-3.77908945,4.3154254,-3.889038,0.6709705,-0.006795709,0.253520936,-0.0497717075,-0.5631016,0.9902643,-3.87583923,7.575128,-4.63845825,-0.734466553,-0.678584635,0.30999,0.321169466,-0.51526767,0.976435661,-3.621292,-10.4080505,-5.350464,-1.19558716,0.883554339,0.388957322,0.122865617,-0.5809785,1.00543511,-3.93364787,14.20255,-4.769104,-0.870758057,-0.124113977,0.247982323,0.0357275531,-0.440375626,0.9968357,-3.60066938,-5.259033,-6.03753662,-1.66592407,0.115082875,0.103347883,-0.232546479,-0.5937975,1.013644,-3.94061613,-4.60150146,-4.65298462,-0.630096436,-0.305167019,0.200944111,-0.031824775,-0.373662949,0.9477428,-3.644558,-13.8725586,-7.512451,-2.99768066,-0.7587685,0.126315281,0.305983126,-0.190812945,2.80253983,2.58299255,3.816083
645,12.899995429421768,2979,0,1,-0.650487542,0,-3.9467535,-5.035766,0,-9.019533,-5.035766,0,-9.019533,1,0,0,1,-0.549772263,1.0079422,-3.766363,0,0,0,-0.5744303,1.00820684,-3.77328014,4.317876,-4.55563354,0.701745868,-0.00533857,0.189694285,-0.06525859,-0.6029915,0.9800683,-3.94374251,6.73069,-5.59997559,-0.642089844,-1.05036426,0.3569516,0.272493958,-0.539170861,0.96205616,-3.538644,-9.510437,-6.333496,-1.43270874,1.28368318,0.43475315,0.100763768,-0.6348924,0.9623181,-4.169188,13.5161829,-5.727173,-0.789306641,-0.6014314,0.296002626,0.0228316337,-0.443076164,0.953516245,-3.345321,-4.5927124,-7.13565063,-1.997467,0.6069778,0.194548279,-0.231007248,-0.6602141,1.00915039,-4.28095961,-5.950226,-5.648224,-0.693145752,-1.16056228,0.229040489,-0.0831799358,-0.3880653,0.8577035,-3.31161213,-13.9069824,-8.679718,-2.966217,-0.80645597,0.404898763,0.383394063,-0.136602163,2.82050657,2.55353737,3.80716038
646,12.9199954223356,2984,0,1,-0.6835275,0,-3.941166,-2.072955,0,-9.399704,-2.072955,0,-9.399704,1,0,0,1,-0.642068446,1.00375056,-3.753172,0,0,0,-0.679787457,1.004966,-3.75691366,4.320122,-3.9362793,0.809070051,-0.00608888827,0.334263563,-0.07080776,-0.72169894,0.9662891,-4.02402544,5.51688337,-5.77032471,-0.618652344,-1.59320855,0.370304942,0.343165278,-0.628140569,0.94267714,-3.42203069,-8.225189,-6.469818,-1.78268433,1.85210419,0.479789436,0.214596331,-0.7484286,0.9328968,-4.399881,12.381875,-5.86877441,-0.79397583,-0.9796403,0.288244545,-0.09158098,-0.5029532,0.923925936,-3.08127117,-3.48553467,-7.2930603,-2.42919922,1.0187763,0.273849845,-0.257014036,-0.7798007,1.01187789,-4.59683371,-8.108887,-5.76782227,-0.66986084,-1.85741055,0.257120758,-0.0941616,-0.469992,0.7740757,-2.99332571,-13.9789429,-8.635132,-2.852295,-0.808751762,0.635208666,0.3579318,-0.111266732,2.814438,2.57727051,3.817822
647,12.939995415249433,2989,0,1,-0.765914857,0,-3.92598677,-4.82040834,0,-9.123865,-4.82040834,0,-9.123865,1,0,0,1,-0.6695067,1.0016681,-3.74350953,0,0,0,-0.700308144,1.00201249,-3.749219,4.327718,-4.413727,0.81054014,-0.0003143018,0.215015426,-0.09404469,-0.7422567,0.966819048,-4.06871,3.84979081,-6.471588,-0.517791748,-1.80459392,0.504953,0.222932935,-0.6392927,0.943227351,-3.36396885,-6.47302246,-7.07006836,-2.10122681,2.06311369,0.5917467,0.160552472,-0.80899477,0.9064873,-4.626133,10.643075,-6.61364746,-0.696167,-1.5092696,0.385047853,-0.0502754748,-0.5203065,0.9003464,-2.84700584,-1.77932739,-7.911133,-2.81771851,1.60702193,0.5058317,-0.138734519,-0.8526902,1.016534,-4.92772532,-11.0307312,-6.665344,-0.7247925,-2.5052,0.229031652,-0.285946935,-0.5115482,0.6936103,-2.68533087,-14.0788879,-9.04248,-2.78082275,-0.7376647,0.8249754,0.28324616,-0.06296015,2.83134,2.549738,3.81072354
648,12.959995408163264,2994,0,1,-0.815187454,0,-3.91605282,-3.17514968,0,-9.446422,-3.17514968,0,-9.446422,1,0,0,1,-0.7516845,0.9968532,-3.72712445,0,0,0,-0.792663753,0.998236239,-3.7302,4.33373976,-4.104187,0.8782698,-0.000904588,0.30882138,-0.09722457,-0.8517992,0.966624439,-4.1278863,1.85658658,-6.7482605,-0.463439941,-2.23813987,0.510218859,0.266791,-0.7221947,0.9413837,-3.27448654,-4.45910645,-7.176239,-2.451477,2.45073652,0.61022526,0.301534683,-0.9237187,0.9158779,-4.80453,8.561775,-6.944916,-0.658844,-1.7893554,0.346672982,-0.154147208,-0.601037443,0.905018747,-2.65375614,0.232304826,-7.978668,-3.16241455,1.87496626,0.5695121,-0.0657112,-0.964776039,1.050183,-5.143546,-13.9090271,-7.11080933,-0.9543457,-2.48238158,0.164822191,-0.433977336,-0.61746645,0.6377599,-2.45844173,-14.2345886,-8.776245,-2.61572266,-0.6743374,0.9264375,0.278745532,-0.0315285921,2.83665061,2.54732323,3.81266785
649,12.979995401077097,2999,0,1,-0.8725094,0,-3.90368176,-3.8281486,0,-9.429125,-3.8281486,0,-9.429125,1,0,0,1,-0.7959465,0.993871748,-3.71509933,0,0,0,-0.8357833,0.9944347,-3.71823239,4.34143734,-4.07696533,0.8863059,0.000476235524,0.272866458,-0.110957138,-0.902254,0.9784634,-4.15653133,-0.467681885,-7.008728,-0.3647461,-2.40189672,0.630901456,0.186936259,-0.765086,0.954415,-3.23871636,-2.21170044,-7.242401,-2.70611572,2.525974,0.688774943,0.341525853,-1.00260568,0.968103766,-4.885055,6.30593157,-7.314636,-0.5769348,-1.92015457,0.388329744,-0.131356448,-0.666946054,0.9242128,-2.53767967,2.50659657,-7.99642944,-3.36969,2.08437586,0.733524442,0.08715773,-1.03715241,1.23367727,-5.128455,-14.4241028,-7.945587,-1.73788452,-0.364721268,-0.177568555,-0.6875717,-0.7141382,0.6058122,-2.3214612,-14.4249268,-8.436218,-2.37579346,-0.554936647,1.02458084,0.22318843,0.005831003,2.841106,2.54768372,3.81609869
650,12.999995393990929,3004,0,1,-0.9133395,0,-3.8943305,-3.13732457,0,-9.549216,-3.13732457,0,-9.549216,1,0,0,1,-0.85059303,0.990755856,-3.70334625,0,0,0,-0.8925474,0.9914956,-3.70550156,4.34324455,-3.817688,0.8961873,-0.00337530486,0.274175,-0.113195,-0.96505934,0.9948534,-4.136844,-2.78787231,-6.99282837,-0.280181885,-2.36026144,0.680624962,0.168232918,-0.827106237,0.9703747,-3.2236805,0.0649456,-7.036621,-2.85388184,2.515024,0.7006128,0.435003668,-1.07017517,1.02282834,-4.83542728,4.16247654,-7.425049,-0.487243652,-1.8246069,0.4016196,-0.145172209,-0.7651382,0.9586362,-2.521076,4.76652336,-7.683838,-3.39230347,2.04042244,0.8015244,0.238480926,-1.08932316,1.30411589,-5.049647,-14.3469543,-8.560242,-2.375,0.0338219032,-0.1138743,-0.3681221,-0.8461663,0.6092487,-2.31634331,-14.6342773,-7.773712,-2.02316284,-0.387712836,1.08656061,0.07637337,0.0366479158,2.84079671,2.56542969,3.82791042
651,13.019995386904762,3009,0,1,-0.9865786,0,-3.87642431,-4.930874,0,-9.131471,-4.930874,0,-9.131471,1,0,0,1,-0.887961149,0.9884323,-3.693795,0,0,0,-0.926161051,0.9888868,-3.69642639,4.343059,-4.20202637,0.8754827,-0.004654806,0.224059537,-0.112943128,-0.9956626,1.0086689,-4.076018,-4.90368652,-7.39779663,-0.196838379,-2.08029342,0.7219021,0.121163487,-0.8771932,0.98751986,-3.26137829,2.17792654,-7.28823853,-2.84228516,2.23899627,0.709110856,0.4855116,-1.10107946,1.05459142,-4.72437954,2.17413831,-7.97283936,-0.406219482,-1.69323051,0.439767778,-0.144256145,-0.853046954,1.01876307,-2.59391952,6.876787,-7.7640686,-3.21560669,1.9379611,0.8698202,0.375197053,-1.11299229,1.28189075,-4.94052124,-14.1643982,-9.657043,-3.0144043,-0.07540583,-0.0720419139,-0.283301115,-0.945226431,0.858019054,-2.31670856,-13.1213379,-7.333008,-1.70257568,1.83401477,0.9890158,0.148089051,0.0781831741,2.85703278,2.537239,3.821823
652,13.039995379818594,3013,0,1,-1.04330218,0,-3.86154413,-4.06787252,0,-8.998409,-4.06787252,0,-8.998409,1,0,0,1,-0.961944759,0.9848503,-3.681576,0,0,0,-1.00712144,0.9856035,-3.68098712,4.33376455,-4.092163,0.9098054,-0.01078392,0.309120178,-0.109095469,-1.07369125,1.01573992,-4.00778866,-6.633087,-7.635193,-0.19317627,-1.84321535,0.7082319,0.164775968,-0.9773901,0.997271359,-3.294703,3.89196515,-7.383209,-2.71530151,2.00057936,0.68525,0.633549,-1.15274751,1.06814373,-4.571477,0.4769602,-8.334686,-0.420776367,-1.42992985,0.3910749,-0.2122184,-0.9686831,1.05888748,-2.68052673,8.768578,-7.74105835,-2.964386,1.76278,0.70691663,0.410532117,-1.15172529,1.239214,-4.77702045,-13.9922485,-10.5078735,-3.55856323,-0.286553651,-0.008894455,-0.1343193,-1.01713383,0.9105105,-2.369771,-10.4390564,-7.130707,-1.85525513,2.220252,0.697872758,0.172234416,0.117163181,2.85966825,2.542694,3.82841
653,13.059995372732425,3018,0,1,-1.10785234,0,-3.84352255,-4.564311,0,-8.674673,-4.564311,0,-8.674673,1,0,0,1,-1.01656616,0.981843352,-3.67002916,0,0,0,-1.06092215,0.982365251,-3.66905928,4.324235,-4.15563965,0.914589643,-0.010345351,0.298069477,-0.117089413,-1.1147747,1.01433408,-3.919651,-7.966034,-7.94494629,-0.221038818,-1.44279063,0.7517845,0.136784792,-1.04386938,1.00156891,-3.34267688,5.30019236,-7.586151,-2.48110962,1.67856741,0.700434446,0.6589262,-1.17684674,1.06645656,-4.397061,-0.941741943,-8.791748,-0.4828186,-1.18621111,0.41858542,-0.2285635,-1.0501591,1.0677619,-2.78668976,10.4776869,-7.927582,-2.6579895,1.50348473,0.6274622,0.4361306,-1.1630863,1.18885362,-4.589731,-13.8597717,-11.4611816,-4.046295,-0.488437,0.04428211,-0.0410310775,-1.08085179,0.9267295,-2.49053168,-7.81771851,-7.43087769,-2.02227783,2.21994424,0.460575163,0.118665993,0.158072114,2.8657124,2.53453827,3.828992
654,13.079995365646258,3021,0,1,-1.18810177,0,-3.819478,-5.40425968,0,-8.221594,-5.40425968,0,-8.221594,1,0,0,1,-1.08001661,0.977750957,-3.65504622,0,0,0,-1.12591732,0.9786388,-3.65280676,4.31560946,-4.421936,0.927143335,-0.008980574,0.3058407,-0.120031215,-1.164017,1.00593114,-3.827342,-8.846924,-8.50235,-0.313293457,-1.05609667,0.7685219,0.136357486,-1.11838984,1.000008,-3.388335,6.349154,-8.04541,-2.19937134,1.36582613,0.704267859,0.677120566,-1.1972369,1.05033767,-4.19934273,-2.00857544,-9.495361,-0.618286133,-0.8724106,0.462233365,-0.260141522,-1.12926519,1.06219673,-2.92852,11.870122,-8.330078,-2.3427124,1.16968763,0.638257265,0.4068795,-1.20061827,1.1259855,-4.3621645,-13.7342224,-12.333252,-4.256134,-0.662302,0.4159115,0.112816572,-1.164701,0.940323532,-2.66537571,-5.427307,-7.840576,-2.16778564,2.0207727,0.5616219,0.118614435,0.209762812,2.87576747,2.52648354,3.83368731
655,13.09999535856009,3027,0,1,-1.27577317,0,-3.79109478,-5.821612,0,-7.69259,-5.821612,0,-7.69259,1,0,0,1,-1.159341,0.972733259,-3.637243,0,0,0,-1.21488011,0.974117756,-3.631999,4.302966,-4.560852,0.9738039,-0.009964649,0.419990182,-0.118495427,-1.23106575,0.94934237,-3.4625752,-8.121582,-8.878601,-0.380004883,0.6515122,1.03372574,0.512815356,-1.21181583,0.992946148,-3.427314,6.990952,-8.577545,-1.91290283,1.06179965,0.758476138,0.704883933,-1.0392164,0.7269923,-1.52861857,3.96868539,-11.2719421,-0.286743164,5.286414,-0.3871802,1.00779819,-1.22804511,1.03984821,-3.09236813,12.83492,-8.816101,-2.04013062,0.800386846,0.662974,0.3523419,-0.468810439,-0.1591456,0.0143790245,-13.6277771,-17.4164429,-4.73477173,-1.06753039,-3.10925484,-0.7793703,-1.26364684,0.9452343,-2.89298439,-3.54473877,-8.387207,-2.311493,1.60946584,0.591504931,0.0390424728,0.263169885,2.88856077,2.50649261,3.833477
656,13.119995351473923,3032,0,1,-1.347004,0,-3.76637459,-5.28444862,0,-9.324388,-5.28444862,0,-9.324388,1,0,0,1,-1.24131513,0.95721525,-3.579887,0,0,0,-1.28896487,0.9612628,-3.57984018,4.33590269,-4.50817871,0.986087739,0.0282960143,0.304606348,-0.158145219,-1.19717062,0.857796967,-2.853528,-3.71224976,-9.38092,-0.277313232,3.34924936,0.6575222,0.972568452,-1.30426013,0.9703353,-3.468023,7.163599,-9.044098,-1.61856079,0.6630594,0.6272152,0.690412641,-0.893474042,0.711186,-0.8318708,10.50498,-12.0414124,-0.5770569,5.43854427,0.352098137,0.801704049,-1.342628,0.9945185,-3.26987386,13.3454332,-9.199158,-1.752655,0.398243159,0.5241188,0.2882486,-0.8049171,0.233247548,0.0201936662,-11.0681152,-18.5861816,-2.616455,-1.783652,0.311671734,3.56502056,-1.37739074,0.938172042,-3.147325,-2.4178772,-8.799255,-2.50610352,0.986090362,0.50375706,-0.0561750531,0.3155104,2.889022,2.51595116,3.843957
657,13.139995344387755,3035,0,1,-1.44122851,0,-3.73133469,-6.785425,0,-10.1052208,-6.785425,0,-10.1052208,1,0,0,1,-1.30552,0.943545043,-3.52923036,0,0,0,-1.34232366,0.946225047,-3.5314517,4.401866,-4.978485,0.976751,0.0454653054,0.16535145,-0.178169191,-1.21208608,0.894423664,-2.696713,1.71138787,-10.420105,-0.198181152,3.78609,0.506328344,1.08031893,-1.37845874,0.9495524,-3.517624,6.816688,-9.951721,-1.32833862,0.21457462,0.5519589,0.632520139,-1.03624177,1.0745647,-0.9157269,16.0026321,-13.3317261,-0.4682312,4.61949348,0.009919465,1.01185811,-1.450895,0.9394877,-3.492564,13.2815828,-10.0287476,-1.46936035,-0.097607024,0.463797241,0.221550122,-1.02191067,0.8272819,-0.219461754,-3.21917725,-21.7503662,-2.68206787,5.872633,-0.6891302,1.762542,-1.50668621,0.9274511,-3.467758,-2.30615234,-9.582672,-2.64907837,0.119235218,0.5116557,-0.10116294,0.373592854,2.90144777,2.494093,3.84427762
658,13.159995337301586,3040,0,1,-1.51130259,0,-3.70350647,-5.386039,0,-10.6655874,-5.386039,0,-10.6655874,1,0,0,1,-1.40358186,0.932635665,-3.4901948,0,0,0,-1.4318459,0.93467015,-3.49127746,4.439192,-4.93219,1.01692629,0.023978591,0.109864496,-0.191877723,-1.33990479,0.954986453,-2.738809,6.745424,-11.4263611,-0.0202636719,3.18562913,0.271082759,1.30041337,-1.49571252,0.9411036,-3.484419,6.185586,-10.9780579,-1.07144165,0.2817753,0.120726913,0.761507034,-1.18739867,1.32534671,-1.20270145,20.71342,-14.484314,-0.363128662,4.065079,-0.07586194,0.907417059,-1.70700824,1.05067956,-2.58849859,15.5484972,-13.3774109,-0.764312744,2.004177,-2.15677285,0.9304348,-1.07700133,1.070244,-0.404315054,7.56441927,-23.344635,-2.550415,8.191942,0.2502644,2.03621674,-1.38396883,0.925876141,-1.27723479,4.893704,-21.399292,-2.04116821,5.954307,-9.141363,1.938373,0.4267522,2.906235,2.50183487,3.85843182
659,13.179995330215419,3045,0,1,-1.64218009,0,-3.6473608,-15.1138725,0,-56.6267471,-6.44690466,0,-24.15445,1,0,0,1,-1.33990276,1.29246414,-2.5148263,0,0,0,-1.2644701,1.3049078,-2.63578677,5.621958,-6.692047,1.20448434,0.7573878,-0.6861056,-0.03185022,-1.29536462,1.31721115,-2.12928462,8.719257,-14.3331909,0.39605388,0.972915947,-0.4000345,1.094874,-1.48921943,1.28869152,-2.665521,4.969356,-13.9998779,-0.308288574,-0.09250441,-0.6616445,0.992222965,-1.23422313,1.56798458,-1.86334133,22.0623226,-14.0140991,-0.09680176,0.9189639,2.2092402,0.4878866,-1.60513711,1.41323066,-2.057366,17.5608463,-16.8171387,-0.5088196,1.49756742,-1.05569434,0.582946241,-1.52270615,1.270856,-1.46885359,18.3894176,-11.6336975,-2.07495117,9.970788,9.32049751,2.19665337,-1.34317219,1.114053,-0.8961987,17.926775,-25.0618286,-2.642517,9.777153,-0.9568672,3.55086255,0.5020286,2.9225564,2.45397,3.8490696
660,13.199995323129251,3049,0,1,-1.74086726,0,-3.601303,-14.169919,0,-29.71189,-10.7615862,0,-22.565197,1,0,0,1,-1.457469,1.11096048,-3.00706553,0,0,0,-1.49930811,1.109297,-2.982644,4.70510054,-5.7321167,1.78883433,-0.60955137,0.660461366,-0.0113534629,-1.49858761,1.15579844,-2.6500175,12.1238136,-15.0791321,0.132883191,1.08711636,0.9903495,1.4205,-1.54161274,1.15308917,-2.583923,6.253021,-15.125,0.123342052,2.2059443,0.645995438,1.59612131,-1.47880054,1.161949,-2.56096053,22.01245,-14.3292236,0.103134088,0.264449,0.7543851,0.0372360647,-1.50988293,1.227577,-1.720489,19.55114,-18.1236267,-0.321594238,1.90360558,0.174631715,0.6630114,-1.65475583,0.7936331,-2.83508921,19.6882839,-12.2304382,0.0136074387,1.94943285,0.677930832,0.403025627,-1.39944279,0.8598815,-0.8513535,27.5382843,-27.689209,-3.8069458,7.741176,-0.0398837924,3.91068053,0.5675671,2.93197012,2.43788528,3.855109
661,13.219995316043084,3054,0,1,-1.81590688,0,-3.56405354,-7.805559,0,-6.582966,-7.805559,0,-6.582966,1,0,0,1,-1.65979576,0.917377949,-3.43239427,0,0,0,-1.75678968,0.9385555,-3.37824869,4.036069,-4.53393555,1.89271653,-0.433769077,0.9976616,-0.1860927,-1.7277534,0.9446543,-3.274174,14.1021767,-14.7767029,0.216765791,0.358479738,1.533622,1.10656631,-1.70142722,0.9730439,-2.93455148,8.388305,-14.676239,0.7211005,2.23132777,1.68155742,1.51171362,-1.7620523,0.990203559,-3.32223463,21.7813625,-14.6012573,0.3709219,-0.137272835,0.7758717,0.111137062,-1.54894257,1.09189939,-2.13417959,21.7716618,-14.4264526,0.595010042,1.59338439,4.02864361,1.2153362,-1.78949761,0.876388252,-3.49411535,21.2634125,-14.2454834,-0.0725708,0.730190039,-0.06255007,0.17292583,-1.93841553,0.8057901,-1.723423,33.2228127,-12.8485413,-2.91085815,6.125064,11.2293663,2.41600442,0.6279032,2.93180776,2.44555283,3.86917138
662,13.239995308956916,3059,0,1,-1.94894779,0,-3.49307919,-7.06095362,0,2.12154484,-7.06095362,0,2.12154484,1,0,0,1,-1.80772877,0.723472059,-3.53551,0,0,0,-1.906769,0.7434134,-3.42232466,3.626364,-4.7666626,1.77398336,-0.299376637,1.00173163,-0.275850773,-1.86610925,0.741951346,-3.474531,15.258709,-14.9144287,0.430792749,0.145562619,1.95704341,0.8025582,-1.8317672,0.7702176,-3.18275452,10.0184526,-14.2542114,1.3770597,1.29222417,2.28363943,1.12962878,-1.84395015,0.7656253,-3.55128884,21.5291271,-14.9971924,0.7310464,-0.21284543,1.50071287,0.20599997,-1.85888708,0.756808937,-2.919109,22.1560688,-13.4136047,1.95153475,0.0915690958,2.25742865,0.8113485,-1.917987,0.7365895,-3.67185688,21.67686,-15.118042,0.3226233,-0.113765419,1.18109632,0.26126352,-2.17278528,0.527535141,-2.96966171,34.9068565,-10.223053,1.54229748,1.0476172,2.30021381,1.00438988,0.7049378,2.94849634,2.39290428,3.86219621
663,13.259995301870747,3064,0,1,-2.03611326,0,-3.44299936,-4.795869,0,1.17354441,-4.795869,0,1.17354441,1,0,0,1,-1.94019592,0.52836,-3.46647024,0,0,0,-2.04985452,0.5450716,-3.325392,3.20307946,-4.196106,1.60185671,-0.334581017,1.02489853,-0.358340621,-2.00361633,0.531909049,-3.46005535,16.0000477,-14.3244019,0.574830353,-0.158668131,1.96874475,0.7430915,-2.023204,0.545350254,-3.33165121,10.2321939,-13.2357483,2.114628,0.1346505,2.122102,0.9555625,-1.90211809,0.561840057,-3.51512766,21.4712124,-14.3121033,0.9423166,-0.0469350144,1.77308357,0.1262621,-2.12587547,0.447219253,-3.47703266,21.0439262,-12.55365,2.86394477,-0.980302453,1.65837979,0.333697081,-1.96601248,0.5486125,-3.56958985,21.7302837,-14.26767,0.81256485,-0.172338217,1.82958388,0.259105623,-2.29167461,0.419196784,-3.728582,35.0593147,-10.9000854,2.29049683,-1.40010738,0.848196268,0.410609961,0.764012337,2.95382357,2.37287521,3.86514235
664,13.27999529478458,3068,0,1,-2.10777283,0,-3.39960241,-3.79181051,0,0.9523276,-3.79181051,0,0.9523276,1,0,0,1,-2.03193665,0.334494,-3.418649,0,0,0,-2.11097431,0.343655258,-3.28009033,2.75119424,-3.83667,1.31174,-0.362287641,0.7893292,-0.396575272,-2.06162667,0.33547473,-3.43419337,16.4375381,-13.4031677,0.714279234,-0.147817165,2.01297045,0.5362899,-2.14027929,0.315754324,-3.47255135,9.411053,-12.0092773,2.75489879,-0.8287759,2.05820179,0.551134944,-1.92452478,0.365065068,-3.45940351,21.5438423,-13.3461609,1.117802,0.0492108837,1.82642293,0.137275472,-2.26754642,0.153264821,-3.896584,19.1070633,-11.4549561,3.45716548,-1.65148973,1.88096774,0.0522699356,-1.95793378,0.361631453,-3.45855641,21.7680168,-13.2402649,1.18272758,-0.04643868,1.83891523,0.188501522,-2.45175886,0.158780485,-4.304303,33.3718033,-10.1661072,3.12633753,-2.63385,1.43728244,-0.0640957355,0.8258674,2.957072,2.377159,3.88293934
665,13.299995287698412,3073,0,1,-2.24135137,0,-3.31305647,-6.863895,0,3.2401216,-6.863895,0,3.2401216,1,0,0,1,-2.10407352,0.139623076,-3.37785888,0,0,0,-2.16447067,0.147005752,-3.241168,2.276736,-4.954254,1.01290393,-0.394196928,0.6172145,-0.368860334,-2.10764551,0.138847813,-3.40507555,16.7058945,-13.6312866,0.81545347,-0.13317439,1.93395448,0.384441584,-2.22004557,0.101351023,-3.55727482,7.921849,-12.05658,3.140071,-1.38231051,1.90460432,0.188301921,-1.93103421,0.176042736,-3.40160346,21.7524815,-13.5494385,1.20339811,0.167962521,1.77913773,0.09987773,-2.37443,-0.100002758,-4.19650269,16.5748653,-11.5195007,3.72192645,-2.127985,1.87351847,-0.243043542,-1.92993939,0.178314552,-3.360212,21.9289036,-13.4259949,1.41459477,0.118791208,1.77952135,0.117719844,-2.59662,-0.0820998,-4.72230434,30.504137,-10.289032,3.62936926,-3.33216,1.67153776,-0.373613834,0.899606466,2.965118,2.31148338,3.86576915
666,13.319995280612245,3076,0,1,-2.330714,0,-3.250811,-4.891135,0,2.26878023,-4.891135,0,2.26878023,1,0,0,1,-2.23289132,-0.0563610978,-3.29618669,0,0,0,-2.296971,-0.0487772338,-3.14869952,1.78081715,-4.7543335,0.833176,-0.422064155,0.7861924,-0.3685074,-2.270601,-0.07302124,-3.34929037,16.9178066,-13.3685913,0.772028863,-0.460190654,1.72903228,0.5010652,-2.355995,-0.0875171944,-3.49640226,5.968818,-11.8309631,3.20377421,-1.35384226,1.67432249,0.138859749,-2.029263,-0.0009773728,-3.32376242,22.1847687,-13.2218018,1.02351,0.3918218,1.681866,-0.06550577,-2.540342,-0.3152399,-4.31368542,13.5237389,-11.3005371,3.548761,-2.51829123,1.57705653,-0.6473125,-1.957226,0.004146388,-3.24242663,22.375288,-13.0242615,1.38185382,0.411491156,1.72863853,-0.0480905473,-2.7736938,-0.265728831,-4.96277428,26.7397079,-10.140625,3.57488871,-3.863221,1.47814476,-0.8383665,0.965008736,2.96531534,2.29024124,3.86904931
667,13.339995273526077,3080,0,1,-2.39157343,0,-3.20630217,-3.37159777,0,1.418007,-3.37159777,0,1.418007,1,0,0,1,-2.3241415,-0.252811551,-3.23466229,0,0,0,-2.37535477,-0.2474646,-3.09213662,1.28590214,-4.229492,0.5969314,-0.427256852,0.743939757,-0.3657608,-2.354229,-0.274973154,-3.30834746,16.96337,-12.5589294,0.739181757,-0.5152913,1.73857892,0.396695554,-2.4340446,-0.2798693,-3.46325445,3.9317174,-11.1764526,3.053076,-1.41850948,1.66220415,-0.09358764,-2.11301,-0.207219377,-3.29246831,22.5944576,-12.4501038,0.869005561,0.357725173,1.66654313,-0.0520541668,-2.64316988,-0.4619225,-4.335278,10.4210386,-10.7854614,3.184787,-2.55133653,1.46682882,-0.787690759,-2.019726,-0.19882077,-3.20505357,22.9352455,-12.3606262,1.21266854,0.486079931,1.618344,-0.111073315,-2.882471,-0.3619419,-5.01904631,22.5445766,-9.9670105,3.13067126,-4.033222,1.2679745,-1.10643935,1.02271807,2.972537,2.29214668,3.89048386
668,13.359995266439908,3083,0,1,-2.48454571,0,-3.13481045,-4.92755365,0,2.81804919,-4.92755365,0,2.81804919,1,0,0,1,-2.38599467,-0.4486734,-3.19117141,0,0,0,-2.41851664,-0.445528567,-3.061272,0.8043276,-4.75402832,0.344765127,-0.422101349,0.551662862,-0.3321209,-2.40383077,-0.477054268,-3.289272,16.7914829,-12.3751221,0.7284564,-0.5699756,1.67855144,0.246370018,-2.47459316,-0.468107253,-3.43187833,2.02663445,-11.2148438,2.733601,-1.36473048,1.56224191,-0.297022581,-2.184326,-0.432085574,-3.312225,22.8390045,-12.2887268,0.776081562,0.203721553,1.64025128,-0.04105413,-2.67970443,-0.5870254,-4.27617359,7.544037,-10.95224,2.70715213,-2.35955977,1.39273155,-0.824653268,-2.10911632,-0.425437778,-3.24323559,23.4516087,-12.2681274,1.06918144,0.3867703,1.61556554,-0.0783670545,-2.920959,-0.4336865,-4.91463041,18.2521362,-10.4434509,2.546504,-3.9408896,1.23218417,-1.14971948,1.08479857,2.97346783,2.25550842,3.88659453
669,13.379995259353741,3087,0,1,-2.594562,0,-3.04438019,-5.904844,0,3.92338181,-5.904844,0,3.92338181,1,0,0,1,-2.47646523,-0.6432657,-3.1228478,0,0,0,-2.5028553,-0.641113162,-2.99764538,0.34372896,-5.39709473,0.183340073,-0.413787842,0.5874198,-0.298705757,-2.53399277,-0.691318631,-3.260303,16.4099979,-12.7512817,0.655430555,-0.9313376,1.48629737,0.2852546,-2.5373292,-0.650632739,-3.30630565,0.329918116,-11.8854065,2.259926,-0.927992642,1.39178085,-0.24258703,-2.328196,-0.6570919,-3.344002,22.920393,-12.6231995,0.577528834,0.0796418,1.54220939,-0.157246321,-2.717028,-0.722396135,-4.0897975,4.94104958,-11.6765137,2.082893,-2.11036754,1.19745266,-0.89996326,-2.24915671,-0.654525,-3.30490041,23.9176273,-12.5495605,0.8627045,0.302073121,1.58607435,-0.144120812,-2.93991542,-0.5321214,-4.66980648,14.0402832,-11.3388367,1.8444258,-3.69833183,1.14048219,-1.201103,1.14681375,2.97032046,2.19358253,3.86649585
670,13.399995252267573,3091,0,1,-2.6640048,0,-2.98380232,-3.94985843,0,2.546228,-3.94985843,0,2.546228,1,0,0,1,-2.58500767,-0.83634603,-3.03472686,0,0,0,-2.61063766,-0.835119843,-2.91227269,-0.08718872,-4.910919,0.08913286,-0.397149861,0.7238145,-0.276482582,-2.70040751,-0.906394839,-3.219828,15.7667217,-12.495636,0.544649243,-1.36705685,1.38404369,0.349840641,-2.60754585,-0.837153256,-3.1292026,-1.02862549,-11.9359436,1.68939376,-0.3686202,1.36224556,-0.1208618,-2.5361886,-0.89221555,-3.38582015,22.7423649,-12.36145,0.3024054,-0.1312261,1.4647429,-0.262284219,-2.74042988,-0.865660846,-3.79441547,2.69059253,-11.7879639,1.38714981,-1.57614648,1.09865034,-0.8791957,-2.457122,-0.893349946,-3.39579964,24.245472,-12.2956543,0.5208293,0.140400976,1.47797489,-0.269061446,-2.93100977,-0.660280764,-4.29705667,10.1251059,-11.6256714,1.05864346,-3.29392719,1.03306186,-1.22924972,1.1970154,2.97602224,2.16665649,3.87091136
671,13.419995245181406,3095,0,1,-2.695104,0,-2.95574236,-1.96042132,0,0.9285811,-1.96042132,0,0.9285811,1,0,0,1,-2.65589547,-1.02439976,-2.974314,0,0,0,-2.67201948,-1.02581882,-2.86448836,-0.488250732,-4.024719,-0.0343017578,-0.370474726,0.6153968,-0.252946764,-2.7845583,-1.10013,-3.19080687,14.8379765,-11.4368286,0.4938873,-1.49074328,1.42873931,0.235506773,-2.6205678,-1.02565861,-2.98680067,-1.7041626,-11.0963745,1.10446644,0.12666814,1.43549132,-0.1312846,-2.68874216,-1.092296,-3.41426969,22.2688732,-11.4143982,0.131637827,-0.384770334,1.42145824,-0.230157956,-2.6928246,-1.02788746,-3.47939134,0.444375068,-11.0663452,0.734349847,-1.161237,1.20126545,-0.7656907,-2.70224547,-0.9027467,-3.59076047,21.0187683,-11.6538391,0.06918356,-2.74735141,1.24811792,-0.9407766,-2.88954282,-0.8106246,-3.9217627,6.390625,-11.1119385,0.333847433,-3.10464215,1.0913949,-1.27867579,1.23909259,2.983693,2.17576218,3.89508843
672,13.439995238095237,3099,0,1,-2.76247764,0,-2.89287329,-3.74704742,0,2.61328316,-3.74704742,0,2.61328316,1,0,0,1,-2.68753672,-1.19992089,-2.945139,0,0,0,-2.68951225,-1.20570672,-2.85509562,-0.8591919,-4.501343,-0.188232422,-0.3411597,0.3618099,-0.215571046,-2.80147147,-1.27135694,-3.17380524,13.7269611,-11.1005249,0.488307029,-1.42267871,1.41845465,0.06014216,-2.59660578,-1.20387614,-2.89314628,-1.62008667,-10.8775024,0.564996958,0.5366494,1.40143752,-0.1618557,-2.7688067,-1.2746613,-3.450052,21.51328,-11.1846924,0.0650891438,-0.6535204,1.39302814,-0.1954354,-2.58387,-1.15757024,-3.17149329,-1.10849,-10.9968567,0.176112026,-0.428256124,1.24691415,-0.544332743,-2.94615817,-0.826894,-3.84498525,12.4776831,-11.6965942,-0.116363525,-7.1954155,1.12081456,-1.49232674,-2.78542256,-0.666888952,-3.578868,0.6472268,-11.44928,-0.9824524,-4.74086571,0.9692001,-2.08489561,1.26953232,2.98853135,2.126192,3.88120151
673,13.459995231009069,3104,0,1,-2.810558,0,-2.84618425,-35.1648,0,-32.0069427,-18.488308,0,-16.8280277,1,0,0,1,-2.10726237,-1.1920929E-07,-2.20604563,0,0,0,-2.30389214,0.02437973,-2.337324,0.709082,-4.452484,-0.331817627,1.33494139,0.34010753,-0.1411978,-2.529586,-0.068398,-2.76176333,8.94137,-10.8116455,0.9055138,-4.191454,1.0364356,-0.00159072876,-2.19625235,0.130270243,-2.33335686,-4.199951,-10.5663757,0.5148972,-0.9869992,1.18017161,-0.01972413,-3.15343142,-0.439309359,-3.85781312,18.20165,-10.8547974,0.0135664288,-3.24883485,1.0865519,-0.5663214,-2.526076,0.08714092,-2.924062,-2.7762146,-10.7245789,-0.195007324,-1.0835011,1.07160854,-0.4275067,-3.338272,-0.381492853,-4.24992752,8.964387,-11.5634155,-0.230438232,-3.023162,0.8810131,-0.47254467,-2.5612607,-0.0589017272,-2.98336148,0.188073039,-11.0527344,-0.249755859,-0.9478988,1.14513373,0.365121722,1.29581261,2.9904263,2.09500313,3.87437963
674,13.479995223922902,3108,0,1,-2.84020829,0,-2.816597,-22.1292934,0,-17.8036633,-19.478611,0,-15.6711121,1,0,0,1,-2.39762259,0,-2.46052384,0,0,0,-2.514087,0.0983475,-2.52135277,1.77726257,-4.018219,-0.401184082,0.833153844,0.393601924,-0.106645226,-2.68934846,-0.0545203835,-2.87867355,6.26679468,-10.1709595,0.7489545,-2.84457684,1.13878655,-0.139913321,-2.308927,0.0231004059,-2.37030959,-4.275635,-9.887146,0.03835712,0.671925664,1.16908479,0.0100812912,-3.47543168,-0.371397346,-4.13251543,13.167119,-10.269165,0.08683043,-3.9906745,1.10892963,-0.659327269,-2.5706718,0.09070044,-2.79520321,-4.619751,-9.925842,-0.3847046,-1.0772289,1.20057607,-0.3693455,-4.118685,-0.431898415,-4.95744944,4.403172,-10.7095032,-0.106781006,-3.70159864,1.1949091,-0.5487144,-2.91671324,0.253511727,-3.093388,-1.03045654,-10.1532593,-0.754241943,-1.60654449,1.380063,-0.3467567,1.3225733,2.990376,2.08634377,3.87870836
675,13.499995216836734,3113,0,1,-2.85198069,0,-2.804676,-7.26682234,0,-5.56600332,-7.26682234,0,-5.56600332,1,0,0,1,-2.7066443,0,-2.693356,0,0,0,-2.813918,0.0139499828,-2.74433112,2.472475,-3.48251343,-0.42578125,0.6294785,0.3112598,-0.06940436,-3.05594063,-0.0613084137,-3.17971015,3.08513427,-9.154083,0.58223,-3.122662,1.18561208,-0.296757936,-2.59346724,-0.007490784,-2.55564451,-3.82601929,-8.783386,-0.319488525,0.9652059,1.19631493,0.0591480732,-3.86939335,-0.295192719,-4.40498972,8.549217,-9.199829,0.09850163,-3.91885328,1.15349078,-0.6346903,-2.71618176,0.0289763883,-2.74407,-6.316986,-8.74292,-0.589324951,-0.32502,1.23779047,-0.206161827,-4.45028734,-0.322974473,-5.074016,0.858053863,-9.405792,0.399352044,-3.16260529,1.33020639,0.02409029,-3.01251912,0.23092851,-2.96822357,-3.10821533,-8.818146,-0.994354248,-2.092746,1.36442792,-0.4234388,1.34603512,2.99039245,2.095337,3.89161849
676,13.519995209750567,3118,0,1,-2.86954618,0,-2.78670168,-5.064275,0,-3.22629333,-5.064275,0,-3.22629333,1,0,0,1,-2.76826072,0,-2.72217584,0,0,0,-2.849391,-0.006657794,-2.764432,3.017145,-3.43304443,-0.473938,0.503430963,0.177252531,-0.060357213,-3.165857,-0.0345045924,-3.254552,-0.6671753,-8.311615,0.438556463,-3.36115813,1.150049,-0.409330845,-2.62475419,-0.0137297213,-2.545527,-2.928131,-7.81051636,-0.5520935,1.18558335,1.13935113,0.08017731,-3.96248341,-0.131345779,-4.38044548,4.32172346,-8.373199,0.0512192324,-3.62548542,1.04699731,-0.557270765,-2.63316321,-0.00741052628,-2.54333,-7.25976563,-7.74212646,-0.729187,0.434059918,1.1845448,-0.0342706442,-4.41636,0.0409677625,-4.8891654,-1.0821228,-8.570679,0.07843788,-1.64948654,1.01929224,-0.392316222,-2.827239,0.11899627,-2.62515831,-4.53887939,-7.78741455,-1.14044189,-1.30816293,1.22333431,-0.241223216,1.340066,2.9954555,2.06808472,3.87885356
677,13.539995202664398,3123,0,1,-2.87537575,0,-2.78068542,-4.49444246,0,-3.78793621,-4.49444246,0,-3.78793621,1,0,0,1,-2.785487,1.49011612E-08,-2.70492673,0,0,0,-2.84597921,-0.00544890761,-2.73361421,3.437682,-3.184021,-0.500762939,0.388623178,0.20122911,-0.04458961,-3.17888021,0.008673862,-3.19561172,-4.27063,-7.376831,0.274525881,-3.168515,1.02813458,-0.373380423,-2.624274,-0.0123538375,-2.49966121,-1.835022,-6.73394775,-0.6945801,1.34149647,1.02156508,0.1473608,-3.9431684,0.015697062,-4.235936,0.4300777,-7.455963,-0.08157349,-3.352644,0.908321857,-0.5469382,-2.51767945,-0.0290923119,-2.33458138,-7.35675049,-6.636261,-0.810882568,1.14625859,1.06111193,0.09380472,-4.3665576,0.204477653,-4.714727,-3.22674561,-7.66442871,-0.0487365723,-1.94203639,0.880925,-0.40941,-2.60843086,0.0100652352,-2.28237867,-4.95269775,-6.65493774,-1.20336914,-0.4129296,1.10235476,-0.0587463677,1.34679866,2.9954567,2.067585,3.88091946
678,13.559995195578232,3128,0,1,-2.88119316,0,-2.77465773,0.246930227,0,0.938058257,0.246930227,0,0.938058257,1,0,0,1,-2.88613176,-0.198775709,-2.793419,0,0,0,-2.889831,-0.1885871,-2.77599168,3.45724654,-2.95532227,-0.5197754,0.0398522057,0.303417,-0.03358975,-3.20321226,-0.161575854,-3.1829896,-7.12939453,-6.53787231,0.0767692,-2.51473,0.924654245,-0.3537252,-2.680801,-0.2091861,-2.54598618,-0.200775146,-5.79031372,-0.779541,1.62937069,0.895694256,0.1605829,-3.87472343,-0.06506944,-4.067624,-3.03546143,-6.623993,-0.243652344,-2.77929258,0.8253824,-0.46228528,-2.41389775,-0.23156102,-2.18392134,-6.518524,-5.6802063,-0.822631836,1.89906454,0.936860263,0.204357386,-4.277507,0.23645027,-4.524709,-5.493622,-6.837921,-0.804443359,-1.91132116,0.759246,-0.845433354,-2.424329,-0.21599862,-2.03703,-4.99609375,-5.681427,-1.17385864,-0.0204577744,0.9733237,0.0467215031,1.34927845,2.9957,2.06297684,3.879516
679,13.579995188492063,3134,0,1,-2.8869977,0,-2.76861763,-0.0277876966,0,0.656461954,0,0,0,0,0,0,1,-2.886442,-0.392382443,-2.78174686,0,0,0,-2.86076784,-0.388333917,-2.738403,3.222669,-2.70587158,-0.5119324,-0.176809072,0.320826918,-0.01626411,-3.154902,-0.340671539,-3.100885,-9.522583,-5.798218,-0.142822266,-2.0736866,0.8370753,-0.329041,-2.677593,-0.393568456,-2.529517,1.51227427,-4.971863,-0.7873535,1.63330722,0.8037006,0.178356767,-3.71430659,-0.236006692,-3.82418442,-5.85479736,-5.86947632,-0.451660156,-1.97236466,0.7580978,-0.369904041,-2.28157187,-0.43008092,-2.02595568,-4.769562,-4.86270142,-0.7875366,2.535328,0.8144861,0.273360252,-4.075378,-0.0486777872,-4.19194746,-8.436127,-5.976532,-1.04269409,-1.9896574,0.8163307,-0.328959465,-2.165924,-0.5232583,-1.75135636,-4.10617065,-4.837372,-1.08615112,0.98621583,0.8483942,0.172727227,1.36850917,2.99796486,2.07452,3.89412951
680,13.599995181405895,3140,0,1,-2.8869977,0,-2.76861763,0.07973912,0,0.856936336,0,0,0,0,0,0,1,-2.88859248,-0.587225,-2.78575635,0,0,0,-2.842477,-0.5832894,-2.72416067,2.833036,-2.325592,-0.487579346,-0.3250604,0.3334856,-0.00261378288,-3.10551715,-0.53391,-3.0284667,-11.4075317,-4.99105835,-0.366943359,-1.596785,0.7850379,-0.2841593,-2.70034862,-0.5796062,-2.55375,3.08678079,-4.126587,-0.7344971,1.46150088,0.7338944,0.183060408,-3.54356575,-0.411866426,-3.57607818,-8.025391,-5.067871,-0.6525879,-1.19905627,0.684927,-0.266970873,-2.21213365,-0.6043353,-1.95751083,-2.17807,-4.045288,-0.7034912,2.97716951,0.713095844,0.31266427,-3.81707764,-0.219658643,-3.83086729,-10.572998,-5.141815,-1.24319458,-1.79271841,0.714559853,-0.273763418,-1.97179079,-0.7806974,-1.56453371,-2.04467773,-4.01470947,-0.943328857,1.9738946,0.725072,0.272696972,1.35168064,2.99577761,2.058302,3.87792873
681,13.619995174319728,3145,0,1,-2.89279,0,-2.76256514,-0.228250116,0,1.19081783,0,0,0,0,0,0,1,-2.888225,-0.7802294,-2.78638148,0,0,0,-2.82791018,-0.7765915,-2.7158885,2.34579682,-2.06274414,-0.467468262,-0.419763148,0.339720964,0.00789839,-3.03304458,-0.740414143,-2.93865132,-12.68396,-4.343445,-0.5629883,-0.98988986,0.7314741,-0.244606555,-2.73563218,-0.7678311,-2.59692955,4.42551374,-3.488617,-0.6272583,1.1583482,0.664469659,0.148670077,-3.35049438,-0.629580855,-3.313198,-9.544556,-4.438446,-0.814147949,-0.503639162,0.6374045,-0.161575764,-2.19807744,-0.763208568,-1.95459557,1.0869149,-3.45004272,-0.5645752,3.18996572,0.6249678,0.3323121,-3.563477,-0.470440716,-3.486319,-12.2547,-4.513153,-1.40036011,-1.36194193,0.6497999,-0.186491728,-1.85572839,-0.9823218,-1.4686476,1.01043749,-3.42675781,-0.7471924,2.736157,0.6209104,0.337888479,1.35754168,2.996303,2.0569706,3.87967515
682,13.639995167233559,3151,0,1,-2.89279,0,-2.76256514,-0.3946425,0,1.09303045,0,0,0,0,0,0,1,-2.88489723,-0.971734,-2.78442574,0,0,0,-2.81964183,-0.9685305,-2.70788646,1.80957115,-1.68893433,-0.429077148,-0.470721453,0.334823281,0.01821208,-2.95081925,-0.9574325,-2.83216977,-13.1862183,-3.61938477,-0.7381592,-0.314535171,0.6827743,-0.155487955,-2.77724671,-0.958998442,-2.63776755,5.411424,-2.806549,-0.49798584,0.8311329,0.603916049,0.1496408,-3.14540935,-0.8848853,-3.04991269,-10.9401855,-3.71276855,-0.9666748,-0.1247488,0.607279658,-0.119593754,-2.235298,-0.9169011,-2.010229,4.726833,-2.79943848,-0.410980225,3.12400961,0.5624043,0.307048082,-3.33277345,-0.747972548,-3.18446565,-13.7687988,-3.7739563,-1.53967285,-1.17049026,0.636570156,-0.146871686,-1.8209945,-1.13474512,-1.46985507,4.737697,-2.77371216,-0.5307617,3.196682,0.559944749,0.348424673,1.35615361,2.99604368,2.05563164,3.87827945
683,13.659995160147393,3154,0,1,-2.89279,0,-2.76256514,-0.6684067,0,0.8336667,0,0,0,0,0,0,1,-2.879422,-1.16212285,-2.77923846,0,0,0,-2.811223,-1.16003931,-2.70415115,1.25999868,-1.32443237,-0.401886,-0.4878515,0.32988295,0.02432102,-2.85182452,-1.18083286,-2.723628,-12.9012451,-2.92926025,-0.8659668,0.419001967,0.632274747,-0.111067593,-2.82503057,-1.15443337,-2.69268847,6.015629,-2.18716431,-0.3444519,0.4104206,0.5500796,0.105210453,-2.94566083,-1.146225,-2.80400229,-12.1233215,-3.01068115,-1.06561279,0.034104608,0.590757549,-0.06629443,-2.31733561,-1.07624733,-2.11347961,8.49692,-2.20620728,-0.230682373,2.870425,0.5054497,0.2836218,-3.11797667,-1.03073418,-2.90648913,-15.0405273,-3.0703125,-1.623352,-0.956537545,0.61527133,-0.07750726,-1.86340511,-1.259406,-1.55263615,8.808364,-2.18469238,-0.291778564,3.377857,0.491189748,0.335874081,1.37502968,3.003779,2.07384682,3.900543
684,13.679995153061224,3160,0,1,-2.89279,0,-2.76256514,-1.04446447,0,0.464034259,0,0,0,0,0,0,1,-2.8719008,-1.35152686,-2.77184582,0,0,0,-2.805036,-1.35062635,-2.70038533,0.7234995,-0.9812012,-0.373352051,-0.480672121,0.313601851,0.03146726,-2.76644444,-1.39684951,-2.63135767,-11.93457,-2.29266357,-0.94921875,1.01841807,0.571922,-0.0615972281,-2.880539,-1.35281789,-2.75144649,6.141268,-1.63137817,-0.189117432,-0.06041064,0.493213475,0.07230477,-2.74967837,-1.40244484,-2.57559276,-12.8282166,-2.3442688,-1.11730957,0.423422515,0.564039946,-0.0103170276,-2.433751,-1.24849844,-2.25379252,12.3850365,-1.65640259,-0.0496521,2.64727044,0.458078831,0.245348692,-2.88530278,-1.3283577,-2.6243968,-15.8729553,-2.38766479,-1.65377808,-0.561769247,0.603850067,-0.00498831272,-1.95161176,-1.384736,-1.68583941,13.0922823,-1.62905884,-0.0489807129,3.47546935,0.44702372,0.302436352,1.357726,2.99701619,2.057148,3.88038445
685,13.699995145975056,3165,0,1,-2.89279,0,-2.76256514,-1.50840342,0,-7.15256E-05,0,0,0,0,0,0,1,-2.862622,-1.54009914,-2.76256371,0,0,0,-2.79997063,-1.54012787,-2.69646788,0.217748791,-0.66104126,-0.343200684,-0.456729919,0.2963382,0.0378564,-2.69523716,-1.60150242,-2.55653143,-10.4352722,-1.71121216,-0.9862366,1.4850328,0.5158699,-0.0223720074,-2.880327,-1.54307115,-2.75172353,6.19917345,-1.12921143,-0.04321289,-0.138953954,0.44268477,0.05467327,-2.55598187,-1.64766347,-2.36001062,-12.85849,-1.73172,-1.11657715,1.025615,0.525182962,0.0508532524,-2.566037,-1.45947218,-2.4084065,14.0185432,-1.14154053,0.107901707,1.1756829,0.4231221,0.161216617,-2.6279428,-1.63988,-2.334322,-16.0635071,-1.75537109,-1.62237549,0.023823088,0.5703285,0.0685284659,-2.27661061,-1.5018332,-2.05975676,15.8669653,-1.1053772,0.173367232,1.98451388,0.4134796,0.201554775,1.36086261,2.99892688,2.060175,3.884563
686,13.719995138888889,3171,0,1,-2.89279,0,-2.76256514,-2.08484,0,-0.5794289,0,0,0,0,0,0,1,-2.85109329,-1.72710717,-2.75097656,0,0,0,-2.795063,-1.72793233,-2.69116688,-0.243896484,-0.354064941,-0.310974121,-0.420177,0.2880116,0.044082582,-2.63319349,-1.79448652,-2.49252677,-8.512146,-1.17736816,-0.977874756,1.86152172,0.470907331,0.005812645,-2.89478278,-1.73461342,-2.76862216,6.134058,-0.66104126,0.08270959,-0.348036557,0.408244759,0.0243243575,-2.3654263,-1.87619936,-2.15770745,-12.2008667,-1.17526245,-1.06576538,1.65102291,0.484310359,0.100605011,-2.75561857,-1.69902563,-2.6182723,14.5472956,-0.6633301,0.2386659,0.442102373,0.3941261,0.109663486,-2.36211467,-1.94398892,-2.052765,-15.5285645,-1.1867981,-1.52838135,0.675243735,0.5265768,0.129743934,-2.64654851,-1.7197504,-2.46722913,17.4322224,-0.626312256,0.3568653,0.8585838,0.380818218,0.125130951,1.35827267,2.99779439,2.05767441,3.881456
687,13.73999513180272,3176,0,1,-2.89279,0,-2.76256514,-2.71743655,0,-1.22368383,0,0,0,0,0,0,1,-2.83844137,-1.91397381,-2.73809147,0,0,0,-2.78900623,-1.91501975,-2.68562746,-0.6551819,-0.06796265,-0.280639648,-0.3775037,0.2709823,0.04717025,-2.57872033,-1.97751045,-2.4397862,-6.27130127,-0.710357666,-0.9211731,2.14745665,0.4129458,0.0268647671,-2.9316082,-1.92940187,-2.80974054,5.715379,-0.241607666,0.181120351,-0.7217654,0.361696154,-0.0128641129,-2.18630743,-2.080856,-1.97620893,-10.837677,-0.692108154,-0.963134766,2.243475,0.426289618,0.142025,-2.966073,-1.94281042,-2.843964,14.2510042,-0.23336792,0.334028,-0.2567855,0.356887937,0.06597966,-2.10003543,-2.223695,-1.79016018,-14.21109,-0.691955566,-1.37384033,1.35177422,0.469266683,0.179809451,-2.98779774,-1.95164251,-2.83411074,18.0091076,-0.192810059,0.4926157,0.00223962218,0.34915,0.0682705045,1.375703,3.00980449,2.074482,3.90575957
688,13.759995124716554,3182,0,1,-2.89279,0,-2.76256514,-3.364028,0,-1.88751292,0,0,0,0,0,0,1,-2.82550955,-2.10130739,-2.724815,0,0,0,-2.78207517,-2.10242438,-2.68013883,-1.01525879,0.180880919,-0.25289917,-0.33335188,0.237538636,0.0476411581,-2.535757,-2.15211344,-2.4008925,-3.82345581,-0.333892822,-0.819397,2.32572341,0.337879658,0.04493022,-2.97132945,-2.123345,-2.853669,4.879283,0.104737483,0.245276451,-1.105041,0.295749962,-0.0441035032,-2.02840924,-2.25922537,-1.82391882,-8.776276,-0.305633545,-0.812957764,2.769473,0.345173955,0.170899153,-3.162783,-2.17744255,-3.049716,13.2424488,0.122830465,0.385638565,-0.8666556,0.299681723,0.02906251,-1.852832,-2.46885085,-1.55734658,-12.1053162,-0.290527344,-1.16345215,2.01485324,0.389513254,0.216284752,-3.294023,-2.17209268,-3.15689754,17.6804886,0.1712989,0.572735,-0.765634656,0.299590081,0.0212282538,1.35548818,2.996257,2.05498886,3.877871
689,13.779995117630385,3187,0,1,-2.89279,0,-2.76256514,-4.004599,0,-2.54677629,0,0,0,0,0,0,1,-2.81269813,-2.28946567,-2.71162963,0,0,0,-2.77456355,-2.29056168,-2.674685,-1.32601929,0.377994627,-0.227172852,-0.2905529,0.189656764,0.0457251668,-2.5078516,-2.32131171,-2.377703,-1.28677368,-0.0615844727,-0.6828308,2.38592267,0.2525559,0.06064439,-3.002485,-2.31353617,-2.888205,3.674136,0.3598705,0.273997128,-1.41182971,0.215256125,-0.06303179,-1.90168214,-2.411746,-1.70855963,-6.058777,-0.0299682617,-0.630462646,3.1991086,0.247579813,0.1828227,-3.327675,-2.392927,-3.21807766,11.65231,0.3841775,0.392380953,-1.36640239,0.224249482,-0.0005238056,-1.63258,-2.67229247,-1.36455011,-9.246124,0.0008721219,-0.9125366,2.63073826,0.2886124,0.232139587,-3.55005932,-2.36751842,-3.42281628,16.5387115,0.4380561,0.5939715,-1.435066,0.2280555,-0.0167605877,1.35922968,2.99937582,2.05859566,3.88350058
690,13.799995110544216,3192,0,1,-2.89279,0,-2.76256514,-4.628398,0,-3.1893146,0,0,0,0,0,0,1,-2.80022216,-2.47849774,-2.69877887,0,0,0,-2.7666688,-2.479511,-2.66921329,-1.59088135,0.5133841,-0.202850342,-0.250299454,0.131616354,0.04215288,-2.49648571,-2.489009,-2.37096477,1.21889794,0.1043516,-0.5265198,2.326991,0.164291054,0.07258892,-3.01954222,-2.49915242,-2.9085083,2.20151234,0.514972031,0.2730557,-1.60625637,0.12780492,-0.06966686,-1.81451416,-2.542924,-1.63625431,-2.7635498,0.134586275,-0.437072754,3.505402,0.145273417,0.1766944,-3.448221,-2.58424926,-3.33835077,9.635357,0.541655242,0.362978846,-1.733057,0.138164312,-0.01966834,-1.45286787,-2.83171654,-1.22087884,-5.7088623,0.1790127,-0.6454468,3.16436386,0.1781413,0.224370718,-3.74005032,-2.530685,-3.61792421,14.7119131,0.59464556,0.5641766,-1.97726178,0.142839223,-0.04210806,1.36481774,3.00466228,2.0639782,3.89239383
691,13.81999510345805,3197,0,1,-2.89279,0,-2.76256514,-5.228569,0,-3.80702162,0,0,0,0,0,0,1,-2.78821874,-2.668081,-2.68642473,0,0,0,-2.75851941,-2.6690588,-2.66363573,-1.81393433,0.5817203,-0.17956543,-0.213621169,0.06783937,0.0370147228,-2.50137186,-2.65900278,-2.38013935,3.57879281,0.17112422,-0.3680725,2.15617371,0.0790613145,0.0799348354,-3.01983023,-2.68100238,-2.9122467,0.5864741,0.570287645,0.2525982,-1.673044,0.04060039,-0.06440735,-1.7727474,-2.660842,-1.61060572,0.995467961,0.199115917,-0.255828857,3.667203,0.05034831,0.154932976,-3.515562,-2.75337219,-3.40407562,7.364538,0.59772867,0.312794417,-1.95096385,0.0506332368,-0.0282566547,-1.32662117,-2.95095921,-1.13352668,-1.60864258,0.253752619,-0.390563965,3.58424163,0.07291635,0.194958687,-3.85144353,-2.6652348,-3.732095,12.3592424,0.6456798,0.501578331,-2.36648226,0.0552583262,-0.05234456,1.36764562,3.00811553,2.0667,3.89749432
692,13.839995096371881,3201,0,1,-2.89279,0,-2.76256514,-5.80146551,0,-4.39510536,0,0,0,0,0,0,1,-2.77676082,-2.85761881,-2.674663,0,0,0,-2.75029659,-2.85860038,-2.65792251,-2.00003052,0.5824487,-0.15713501,-0.180899069,0.00315841287,0.0307280719,-2.521006,-2.83420157,-2.4036417,5.690137,0.152783975,-0.223327637,1.88653255,0.00187128782,0.08285737,-3.00258327,-2.86097074,-2.89876842,-1.03933716,0.5341294,0.223751277,-1.61042309,-0.03934948,-0.04911542,-1.77893376,-2.77592754,-1.63216448,5.07646036,0.181357235,-0.104492188,3.67294836,-0.0282881185,0.122849464,-3.5249455,-2.90796,-3.4124155,5.01990938,0.5631441,0.257366478,-2.01350141,-0.0301072039,-0.0279884338,-1.263978,-3.040096,-1.10721457,2.90773439,0.242909864,-0.171661377,3.867745,-0.0154419318,0.151238441,-3.87700987,-2.784356,-3.76071477,9.662136,0.605712831,0.426177531,-2.58381557,-0.025349576,-0.05021739,1.36110985,3.00234818,2.060402,3.88741183
693,13.859995089285714,3207,0,1,-2.89279,0,-2.76256514,-6.346514,0,-4.951777,0,0,0,0,0,0,1,-2.76585984,-3.04638553,-2.66352963,0,0,0,-2.74215913,-3.0473845,-2.65202284,-2.15380859,0.5203273,-0.135467529,-0.152390629,-0.0575737841,0.02374518,-2.55297327,-3.01612067,-2.439231,7.46672869,0.06757426,-0.103485107,1.53526163,-0.0635051355,0.0815773,-2.968683,-3.04123926,-2.86896324,-2.54800415,0.421266317,0.196054637,-1.4278264,-0.10612081,-0.0274420977,-1.83204186,-2.89919329,-1.69822407,9.318438,0.101187162,0.007112152,3.522026,-0.0862330347,0.08778381,-3.476149,-3.058466,-3.36449385,2.77878761,0.4537125,0.209200054,-1.92308307,-0.0977447256,-0.02193904,-1.27067208,-3.114052,-1.14348578,7.67133665,0.166417852,-0.00393676758,4.001678,-0.08085903,0.102433681,-3.81625938,-2.90611863,-3.70516,6.817595,0.492979258,0.354666054,-2.61703157,-0.09283531,-0.0403974056,1.3593998,3.00095081,2.05875587,3.88486147
694,13.879995082199546,3212,0,1,-2.89279,0,-2.76256514,-6.865707,0,-5.477848,0,0,0,0,0,0,1,-2.755476,-3.23369384,-2.65300822,0,0,0,-2.734216,-3.23475266,-2.6458416,-2.27981567,0.404284954,-0.114685059,-0.127957448,-0.110022292,0.0163704,-2.59429169,-3.204701,-2.48378372,8.841529,-0.06518555,-0.0137634277,1.12392151,-0.114822015,0.07799864,-2.92019153,-3.22355485,-2.824699,-3.82351685,0.250262678,0.1757312,-1.141488,-0.156293541,-0.00335419178,-1.92763448,-3.04025745,-1.80337214,13.5516186,-0.0223388672,0.0776841938,3.22212029,-0.123489156,0.05537653,-3.37337041,-3.21506739,-3.26522255,0.8051769,0.287936717,0.17606914,-1.691735,-0.14855203,-0.0140912533,-1.34714675,-3.19013071,-1.2404815,12.5027332,0.04372087,0.107690841,3.98274255,-0.122327469,0.0575418472,-3.67582726,-3.0481987,-3.572994,4.0289135,0.326919436,0.298368275,-2.46491528,-0.143730611,-0.0278830528,1.36143517,3.0037,2.06071472,3.88873553
695,13.899995075113377,3218,0,1,-2.89279,0,-2.76256514,-7.37082052,0,-5.984142,0,0,0,0,0,0,1,-2.74537373,-3.41906571,-2.64288235,0,0,0,-2.72639561,-3.42013025,-2.63932848,-2.3822937,0.24584797,-0.0954589844,-0.10687755,-0.152079821,0.008930713,-2.62516928,-3.39501381,-2.51814556,9.886561,-0.228393555,0.0459979,0.7894262,-0.152981892,0.0741514,-2.860999,-3.408658,-2.76961517,-4.76824951,0.0389171578,0.164657936,-0.779625058,-0.190933213,0.02041179,-2.05865932,-3.21396327,-1.94009662,16.9441929,-0.173156738,0.112017639,2.29257154,-0.143673748,0.03045988,-3.2232697,-3.38332272,-3.12116122,-0.7597351,0.0836829,0.158446655,-1.15425682,-0.182393029,-0.00895834,-1.54593968,-3.28182316,-1.44765568,16.7903614,-0.108459473,0.165562734,3.395642,-0.142586589,0.0232496262,-3.46817565,-3.22267342,-3.37657619,1.49439669,0.125192434,0.2600312,-2.13784671,-0.177788228,-0.0177350044,1.37506557,3.021186,2.07383537,3.91397047
696,13.919995068027211,3224,0,1,-2.89279,0,-2.76256514,-7.9012785,0,-6.509819,0,0,0,0,0,0,1,-2.73476458,-3.601845,-2.6323688,0,0,0,-2.71806669,-3.60271573,-2.6321938,-2.46289063,0.0541867465,-0.07839966,-0.0876049548,-0.18571189,0.00144464523,-2.640959,-3.58280563,-2.537691,10.7670679,-0.412628174,0.08052687,0.558953,-0.182522923,0.07179046,-2.78018141,-3.597301,-2.693732,-5.2099,-0.200836182,0.1616159,-0.2717287,-0.215637684,0.0411558449,-2.2276144,-3.43121624,-2.11040282,18.7510281,-0.345245361,0.119717143,1.54809928,-0.1572153,0.0116409063,-3.0374167,-3.57155442,-2.943088,-2.33651733,-0.149169922,0.154621318,-0.7902633,-0.2063747,-0.00323420763,-1.90198863,-3.448898,-1.80022907,19.7544079,-0.2803955,0.180724382,2.13510513,-0.153006852,0.0009739399,-3.25407267,-3.415128,-3.173593,-0.9393921,-0.101806641,0.23813425,-1.98495483,-0.201530144,-0.009076357,1.35671806,2.99849534,2.05617142,3.880657
697,13.939995060941042,3229,0,1,-2.89279,0,-2.76256514,-8.484474,0,-7.07882929,0,0,0,0,0,0,1,-2.72310066,-3.78226233,-2.62098861,0,0,0,-2.70894957,-3.7828517,-2.62373614,-2.52233887,-0.157623291,-0.06341553,-0.0688974038,-0.206347078,-0.005138859,-2.683736,-3.77705264,-2.58167815,11.2817116,-0.604766846,0.09583441,0.142824441,-0.197909176,0.07277931,-2.695429,-3.7868886,-2.61234546,-5.091522,-0.45022583,0.160519108,0.256645769,-0.223237947,0.05879639,-2.44699717,-3.68061113,-2.32679868,19.738739,-0.531188965,0.108997747,0.850698948,-0.162938878,-0.0007112026,-2.84365654,-3.76697516,-2.757229,-3.65328979,-0.3954773,0.156377479,-0.409198,-0.2160969,-0.0021995306,-2.26018476,-3.68941975,-2.15197563,21.7730064,-0.467315674,0.166256532,1.28288364,-0.158873454,-0.0131114721,-3.021514,-3.62612939,-2.953433,-3.05859375,-0.343475342,0.226574659,-1.68670774,-0.2137949,-0.007823944,1.35888624,3.00167322,2.058258,3.88497615
698,13.959995053854875,3235,0,1,-2.89279,0,-2.76256514,-9.088568,0,-7.660344,0,0,0,0,0,0,1,-2.7110188,-3.961204,-2.60935831,0,0,0,-2.69959569,-3.96137285,-2.61393571,-2.56292725,-0.370758057,-0.049987793,-0.0525002778,-0.208617315,-0.010219235,-2.74109721,-3.97563076,-2.63869333,11.2777519,-0.7861023,0.100480333,-0.3658347,-0.193676636,0.07471767,-2.61993217,-3.97384644,-2.53798771,-4.47637939,-0.6847534,0.155238062,0.7142819,-0.209857643,0.07071501,-2.6786325,-3.94549918,-2.55399561,19.9278259,-0.7130432,0.09187805,0.164503783,-0.155584276,-0.00671671331,-2.64919424,-3.96498275,-2.57013631,-4.501526,-0.6316223,0.153345346,0.10643962,-0.205772728,-0.00631280243,-2.61243439,-3.9531045,-2.49600363,22.8840179,-0.655273438,0.136168152,0.488366634,-0.154369831,-0.0194421411,-2.766013,-3.85841846,-2.710508,-4.674286,-0.580444336,0.214831978,-1.21356678,-0.2084869,-0.0153489113,1.355293,2.99674535,2.05479813,3.87807918
699,13.979995046768707,3241,0,1,-2.89279,0,-2.76256514,-9.687118,0,-8.23333549,0,0,0,0,0,0,1,-2.6990478,-4.13936043,-2.59789848,0,0,0,-2.69020772,-4.13915062,-2.60360217,-2.58834839,-0.569366455,-0.0388793945,-0.039083723,-0.195788875,-0.0140482634,-2.79899287,-4.173401,-2.696078,10.7257423,-0.9429321,0.103652269,-0.8675934,-0.174134076,0.07507014,-2.55413365,-4.15647364,-2.47227669,-3.43719482,-0.8868408,0.141514182,1.0982697,-0.182103783,0.0756547451,-2.90232015,-4.210909,-2.77376556,19.3638172,-0.873535156,0.0808735639,-0.485721946,-0.137206376,-0.00758206844,-2.458898,-4.16152859,-2.38618779,-4.803253,-0.838470459,0.1384056,0.665221334,-0.179755464,-0.0114040971,-2.950057,-4.220786,-2.82489467,23.104023,-0.8234558,0.107740045,-0.27913177,-0.137948111,-0.0179847479,-2.50352621,-4.103242,-2.457893,-5.66867065,-0.792816162,0.193259612,-0.638199568,-0.1866322,-0.0258762836,1.35511327,2.99653244,2.05462646,3.87776065
700,13.999995039682538,3247,0,1,-2.89279,0,-2.76256514,-10.26992,0,-8.789865,0,0,0,0,0,0,1,-2.68739176,-4.31747341,-2.586768,0,0,0,-2.68092322,-4.31694841,-2.59307981,-2.60214233,-0.7419739,-0.03048706,-0.0285207368,-0.171748653,-0.016754739,-2.850598,-4.366428,-2.747404,9.665428,-1.06546021,0.111113027,-1.31230545,-0.143064559,0.07276523,-2.49912119,-4.33426142,-2.4167645,-2.0526123,-1.04464722,0.117072195,1.40194082,-0.144815966,0.07487917,-3.10582376,-4.461432,-2.97489738,18.11831,-1.00033569,0.08297808,-1.07435322,-0.110381752,-0.006048441,-2.281094,-4.351095,-2.21320868,-4.491272,-1.00250244,0.10907457,1.227259,-0.142545849,-0.0148249865,-3.25897241,-4.470506,-3.12639141,22.4780445,-0.95614624,0.09316764,-0.9953234,-0.112237439,-0.01286006,-2.247474,-4.34984541,-2.2075448,-5.945038,-0.9650879,0.157232523,0.006635761,-0.152163684,-0.03394968,1.36852336,3.01813483,2.06753731,3.90598321
701,14.019995032596372,3252,0,1,-2.89279,0,-2.76256514,-10.8321705,0,-9.325233,0,0,0,0,0,0,1,-2.67614675,-4.49612045,-2.57606053,0,0,0,-2.6718626,-4.49531746,-2.58244443,-2.606903,-0.879760742,-0.02444458,-0.0205064677,-0.139076516,-0.01794216,-2.89201832,-4.55230951,-2.788519,8.175709,-1.14605713,0.124729849,-1.66973007,-0.103015639,0.06790662,-2.45653653,-4.50767756,-2.37324572,-0.413238525,-1.15002441,0.08206477,1.61523306,-0.100690141,0.0699919462,-3.2791853,-4.68552256,-3.147898,16.2922134,-1.0854187,0.0990482,-1.57526922,-0.07633941,-0.00523078442,-2.1240766,-4.529462,-2.05914569,-3.5333252,-1.11486816,0.06627564,1.75566792,-0.09733047,-0.0148286819,-3.52487779,-4.684666,-3.38764644,21.0832272,-1.04452515,0.09679771,-1.63501942,-0.07945909,-0.008781552,-2.00966525,-4.58740568,-1.9709034,-5.451111,-1.08724976,0.106150925,0.6804619,-0.108790964,-0.0367629528,1.35648942,2.99894786,2.055952,3.8808105
702,14.039995025510203,3257,0,1,-2.89279,0,-2.76256514,-11.3702936,0,-9.836558,0,0,0,0,0,0,1,-2.66538429,-4.67558861,-2.565834,0,0,0,-2.66314,-4.674639,-2.57186127,-2.60534668,-0.9758301,-0.02053833,-0.0145215681,-0.0994232744,-0.0176430326,-2.92048216,-4.73037863,-2.81686521,6.360857,-1.17895508,0.143598646,-1.92156041,-0.0559814647,0.0585329533,-2.42767167,-4.6780777,-2.34311557,1.38104153,-1.197815,0.03944013,1.73080087,-0.0518075973,0.062268734,-3.41371155,-4.87779045,-3.284133,14.0134506,-1.12384033,0.125759736,-1.96527922,-0.0365475565,-0.006168127,-1.99526584,-4.694446,-1.93148553,-1.93621826,-1.17050171,0.0148119694,2.21695,-0.0468819477,-0.0105888844,-3.734488,-4.85496,-3.59563923,19.0247135,-1.08544922,0.116081029,-2.17309284,-0.0415284932,-0.008192539,-1.80077,-4.80627728,-1.75893891,-4.181488,-1.15368652,0.0439814329,1.34120035,-0.05936864,-0.0323121548,1.36191893,3.00862837,2.06118,3.892959
703,14.059995018424036,3264,0,1,-2.89279,0,-2.76256514,-11.881237,0,-10.3204651,0,0,0,0,0,0,1,-2.65516543,-4.85585451,-2.556156,0,0,0,-2.654832,-4.85488653,-2.561424,-2.5994873,-1.025116,-0.0182189941,-0.0106563587,-0.0544812828,-0.0160638783,-2.93403316,-4.90155649,-2.8301,4.33972,-1.16098022,0.1635534,-2.055117,-0.00492323563,0.04518032,-2.41317058,-4.847434,-2.327149,3.226396,-1.18603516,-0.00579834,1.74575067,-0.000444978476,0.0526042,-3.502243,-5.0395565,-3.376173,11.4281979,-1.11334229,0.156028539,-2.2290163,0.007332111,-0.0106143951,-1.90074551,-4.84636831,-1.83653247,0.253866345,-1.1678772,-0.0381469727,2.58249664,0.005700279,-0.00180435181,-3.87671375,-4.983609,-3.73914337,16.43149,-1.07821655,0.144024789,-2.58771133,0.000290364027,-0.0126185417,-1.6300931,-4.99963856,-1.58194411,-2.17654419,-1.16213989,-0.0220947266,1.94858754,-0.00689389557,-0.0207326412,1.35575914,2.99792123,2.05524826,3.879389
704,14.079995011337868,3270,0,1,-2.89279,0,-2.76256514,-12.3631525,0,-10.7758207,0,0,0,0,0,0,1,-2.64552712,-5.036602,-2.54704881,0,0,0,-2.64698172,-5.03570366,-2.55129075,-2.59143066,-1.02478027,-0.0173339844,-0.008408928,-0.00647431239,-0.013281621,-2.931599,-5.06809473,-2.82741714,2.238138,-1.09185791,0.1792342,-2.06759024,0.0469085723,0.0269196033,-2.41284,-5.01787329,-2.32509613,5.02067947,-1.11645508,-0.0473022461,1.66324759,0.0507905371,0.04217863,-3.539958,-5.177779,-3.4186666,8.693694,-1.05438232,0.182090521,-2.3568182,0.0520752035,-0.0178775787,-1.84471929,-4.9883213,-1.77906811,2.95517135,-1.10910034,-0.0836792,2.8289957,0.05662863,0.010122776,-3.94385815,-5.08202553,-3.80967546,13.4523087,-1.025177,0.1716926,-2.859918,0.0428472,-0.0216839314,-1.505345,-5.165114,-1.44908452,0.481687665,-1.11376953,-0.0819702148,2.46823955,0.0450119525,-0.00248432159,1.37097836,3.02699971,2.06990433,3.91494727
705,14.0999950042517,3275,0,1,-2.89279,0,-2.76256514,-12.8162909,0,-11.2029476,0,0,0,0,0,0,1,-2.63646436,-5.217289,-2.53850627,0,0,0,-2.63955069,-5.216581,-2.54154587,-2.582489,-0.974823,-0.0174255371,-0.00748751825,0.04181364,-0.009618022,-2.91315746,-5.23286772,-2.808588,0.180274218,-0.9750366,0.184944987,-1.96196079,0.09542081,0.005689144,-2.425717,-5.191198,-2.3361423,6.66920948,-0.9946289,-0.07904053,1.49042344,0.09886804,0.03109777,-3.52504158,-5.30338955,-3.40920019,5.968527,-0.95022583,0.195746735,-2.34744763,0.09421621,-0.0275447369,-1.82916653,-5.12569332,-1.76151443,6.05594969,-0.9995117,-0.114044189,2.94215536,0.1020187,0.0238101482,-3.932986,-5.168063,-3.8034842,10.2500448,-0.9303894,0.18967022,-2.97675276,0.0833736956,-0.0340387821,-1.43216586,-5.30528641,-1.367682,3.675952,-1.01324463,-0.125976563,2.87303448,0.09207854,0.0194442272,1.35519457,2.997005,2.05470467,3.87819576
706,14.119994997165533,3278,0,1,-2.89279,0,-2.76256514,-13.2431316,0,-11.6050406,0,0,0,0,0,0,1,-2.62792754,-5.39729738,-2.53046441,0,0,0,-2.63245153,-5.396819,-2.53226781,-2.5737915,-0.8786011,-0.0183105469,-0.00767491665,0.08719148,-0.00534599973,-2.87965345,-5.398722,-2.77493119,-1.71670532,-0.8172302,0.177517921,-1.74936223,0.136903822,-0.0174970627,-2.45000315,-5.36848068,-2.3584,8.088129,-0.8294983,-0.09686279,1.2405014,0.140810728,0.0200041533,-3.459093,-5.428224,-3.34880185,3.40618324,-0.8069763,0.192562252,-2.205584,0.130093679,-0.0369641781,-1.85357761,-5.265135,-1.78374314,9.420989,-0.846954346,-0.124633789,2.9154048,0.1387594,0.0367198,-3.8465507,-5.261424,-3.72208118,6.99786234,-0.7998657,0.191807747,-2.93079472,0.118139476,-0.0464148521,-1.41378593,-5.427261,-1.34255266,7.26221561,-0.867462158,-0.146972656,3.144517,0.1308176,0.04082012,1.35987949,3.006685,2.05921745,3.8897047
707,14.139994990079364,3284,0,1,-2.89279,0,-2.76256514,-13.6483364,0,-11.9871426,0,0,0,0,0,0,1,-2.61982346,-5.576038,-2.52282238,0,0,0,-2.62554717,-5.57581568,-2.523473,-2.56594849,-0.7425842,-0.0199279785,-0.008283794,0.126681343,-0.0007235678,-2.83291125,-5.567788,-2.72821164,-3.34869385,-0.627716064,0.155906484,-1.44443524,0.1686755,-0.03952682,-2.48344254,-5.549879,-2.38952112,9.208912,-0.632171631,-0.09915161,0.929517031,0.174498186,0.009336352,-3.34685922,-5.562801,-3.24190187,1.14652634,-0.632568359,0.171198785,-1.94346285,0.157556668,-0.0445845127,-1.91503668,-5.413485,-1.84322071,12.9022255,-0.6608887,-0.113861084,2.75059557,0.165143952,0.04608631,-3.69217825,-5.37955761,-3.57269216,3.87130427,-0.640045166,0.175523028,-2.72415686,0.14546597,-0.05614686,-1.45057964,-5.54158354,-1.37507761,11.0800867,-0.685516357,-0.1409607,3.27385664,0.158831939,0.0582790375,1.35573626,2.9982748,2.05522728,3.8796432
708,14.159994982993197,3289,0,1,-2.89279,0,-2.76256514,-14.0378532,0,-12.355607,0,0,0,0,0,0,1,-2.61203313,-5.753115,-2.515453,0,0,0,-2.61871767,-5.75306845,-2.515167,-2.559204,-0.5753784,-0.0219726563,-0.009199944,0.157886922,0.003778128,-2.77668238,-5.74105072,-2.67228365,-4.62850952,-0.4170227,0.121922545,-1.07513809,0.189448476,-0.0582597256,-2.52347469,-5.73471451,-2.42709947,9.980208,-0.4144287,-0.08694458,0.5748656,0.198582008,-0.001405716,-3.19377613,-5.71227646,-3.09390163,-0.6902466,-0.4362793,0.133899853,-1.32684255,0.1763677,-0.0453941822,-2.00850177,-5.576366,-1.93494427,16.34142,-0.451324463,-0.0843505859,2.46258831,0.181179062,0.0507853031,-3.48142385,-5.53387642,-3.366719,1.03980708,-0.458404541,0.141743973,-2.36757827,0.164504617,-0.0609071255,-1.54005718,-5.660042,-1.46304464,14.960947,-0.477325439,-0.109039307,3.257815,0.175890788,0.0681693554,1.37468052,3.040088,2.07346916,3.928251
709,14.179994975907029,3295,0,1,-2.89279,0,-2.76256514,-14.4413052,0,-12.7389479,0,0,0,0,0,0,1,-2.603964,-5.928194,-2.50778627,0,0,0,-2.611775,-5.928147,-2.50699854,-2.55273438,-0.3855896,-0.0239562988,-0.009374199,0.181581214,0.008242319,-2.70351887,-5.91909361,-2.600151,-5.422577,-0.193023682,0.07967751,-0.5918213,0.202985421,-0.07292408,-2.52904654,-5.91217947,-2.43111777,10.6724205,-0.186035156,-0.0636901855,0.46203047,0.2150284,-0.0100459456,-3.00988364,-5.88469362,-2.914956,-2.39254761,-0.2270813,0.0862855241,-0.8584836,0.187102973,-0.04547304,-2.12479758,-5.77478266,-2.049863,18.0517349,-0.2267456,-0.0436706543,1.4566257,0.1899234,0.0437349081,-3.25727749,-5.715536,-3.14659286,-1.56619263,-0.262298584,0.09575681,-2.10681772,0.175309554,-0.0623483658,-1.8195138,-5.800305,-1.73887014,17.6426926,-0.252563477,-0.05718994,2.07467866,0.184739292,0.05866909,1.35714245,3.00167012,2.0565815,3.883476
710,14.199994968820862,3300,0,1,-2.89279,0,-2.76256514,-14.9118242,0,-13.1880569,-14.9118242,0,-13.1880569,1,0,0,1,-2.59455371,-6.10087156,-2.498804,0,0,0,-2.60387087,-6.10084724,-2.49796534,-2.54315186,-0.178833008,-0.025604248,-0.006475536,0.19952783,0.01254662,-2.61710334,-6.10073137,-2.51553822,-5.616791,0.0392130539,0.0343442522,-0.0281614475,0.211061537,-0.08319773,-2.5579524,-6.09443,-2.45854044,11.1478415,0.04914323,-0.0339660645,0.173958451,0.226381674,-0.0223240852,-2.81784344,-6.072224,-2.727764,-4.007965,-0.007659912,0.0341428779,-0.6302308,0.193686426,-0.0452485681,-2.2984643,-6.00084543,-2.221097,19.074173,0.00731174927,0.00303241145,0.8746276,0.195188656,0.0386647,-3.04203844,-5.911049,-2.93393445,-3.96496582,-0.05480957,0.0430008955,-1.90190983,0.183113948,-0.0594751835,-2.11899447,-6.01746225,-2.03399348,19.5420341,-0.01977539,0.00414905651,1.33231878,0.1893161,0.050414443,1.35949278,3.00739717,2.05884361,3.88992238
711,14.219994961734693,3306,0,1,-2.89279,0,-2.76256514,-0.382840782,0,-0.3934981,-0.382840782,0,-0.3934981,1,0,0,1,-2.88513327,2.38418579E-06,-2.75469518,0,0,0,-2.890966,-6.249063,-2.75246859,-2.550476,0.0117017208,-0.03152466,-0.023158595,0.182937309,0.0119892322,-2.835347,-6.249393,-2.70462441,-5.27053833,0.234290466,-0.0007324219,0.461099774,0.1756129,-0.0858314037,-2.76761317,-6.20213461,-2.6330924,12.2261209,0.248385429,0.028363999,0.7631872,0.18901059,-0.009192646,-2.92185974,-6.24431944,-2.8025434,-5.12426758,0.192352146,-0.008850098,-0.135061383,0.169873,-0.0325956941,-2.27504659,-5.679515,-2.16182375,21.11189,0.34206894,0.0995130241,1.85148156,0.2554441,0.07519221,-3.09021759,-6.126348,-2.951412,-5.82077026,0.149883911,-0.00610351563,-1.38407373,0.1739285,-0.0390708447,-3.12928629,-3.22075319,-2.94957638,-18.6039429,0.97206825,-1.43862915,-33.138916,0.791892052,-0.9862709,1.35504818,2.99683261,2.05455971,3.87793469
712,14.239994954648525,3311,0,1,-2.89279,0,-2.76256514,-0.382840782,0,-0.3934981,-0.382840782,0,-0.3934981,1,0,0,1,-2.30751276,-4.11272049E-06,-2.21667814,-2.20915055,0.000412932073,2.30096316,-2.14541626,2.265215,-2.072817,-0.310180664,3.75739884,-0.3338318,-1.85898757,3.08915854,-0.09656572,-1.798628,0.009627819,-1.73328483,-20.7391357,0.41056183,-0.0882568359,-2.600526,0.155456871,-0.0177516937,-1.21086466,0.3132105,-1.16010189,-3.07409668,0.980862558,0.103951082,1.61974978,0.484136045,0.09701586,-2.69624352,4.25716162,-2.58849645,-12.7544556,0.398991555,-0.104675293,-6.632392,0.152389675,-0.03303051,-3.482042,2.935853,-3.32488632,7.10400057,1.001454,0.1050669,-12.3024483,0.492994338,0.105978012,-2.30512238,-1.39554071,-2.203586,50.11625,0.4002353,0.02686053,58.1454773,0.152336121,-0.22857666,-4.08258152,0.0181086063,-3.82170963,-6.72491455,0.9014266,-0.072265625,-2.5492835,-0.6971929,-3.45786548,1.35392857,2.99322128,2.053505,3.874194
713,14.259994947562358,3316,0,1,-2.89279,0,-2.76256514,-0.382840782,0,-0.3934981,-0.382840782,0,-0.3934981,1,0,0,1,-2.30464554,0.0183547437,-2.22541618,-2.175747,0.000197913731,2.25136614,-2.18356419,0.2880813,-2.00092268,-2.45111084,-1.81018066,-0.06600952,-3.11013722,-1.91790366,0.09336829,-1.89259851,-0.2015289,-1.82470727,-23.7702942,0.6430999,-0.234619141,-3.22384715,0.15500164,-0.07528639,-1.73186588,-0.188447073,-1.66479039,-5.02331543,1.21169484,-0.0151062012,-2.08711052,0.165503547,-0.005937338,-1.9042263,1.17085886,-1.83091235,-17.7027283,0.616898835,-0.228881836,-4.453895,0.160744,-0.0610771179,-2.851929,-0.00247693062,-2.69778824,-3.75485229,1.20801258,-0.04559326,-13.0316868,0.158527851,0.14339447,-2.7231617,2.93440366,-2.60365152,10.1058769,0.5181742,-0.317474365,-9.344895,0.196825534,-0.070848465,-4.10221672,0.0131680369,-3.84135151,-7.78067,0.965724647,0.07466491,-2.89439535,0.115506053,-0.803229332,1.35283566,2.98822641,2.05244827,3.86939335
714,14.27999494047619,3322,0,1,-2.89279,0,-2.76256514,-0.382840782,0,-0.3934981,-0.382840782,0,-0.3934981,1,0,0,1,-2.28035855,-0.09121426,-2.19923234,-2.13584828,0.000810138648,2.216771,-2.29426575,-0.31891638,-2.19175959,-4.462433,-2.69070435,0.153852239,-1.87657487,-1.2005688,0.195901871,-1.91204917,-0.241254374,-1.84283912,-27.5201721,0.8635631,-0.3868103,-3.50807047,0.13236323,-0.07711077,-1.72891068,-0.253773481,-1.6762979,-7.59677124,1.25348473,-0.123840332,-2.25025558,0.0302276015,-0.0451991558,-2.073274,-0.0467086434,-1.99626219,-22.4534912,0.8263674,-0.3732605,-3.86400986,0.134843051,-0.07216501,-2.73844814,-0.248412326,-2.60475659,-17.7901611,1.27657437,-0.143127441,-12.1369514,0.0513349771,0.164682388,-2.80275416,1.526698,-2.66773248,-11.2000427,0.7590784,-0.60672,-18.72511,0.0199068785,-0.324068069,-3.88360572,-0.027265653,-3.64665437,-10.5594177,1.08197165,0.476362735,-2.843639,0.09038049,0.248575211,1.35161209,2.98135662,2.051363,3.863086
715,14.299994933390023,3327,0,1,-2.89279,0,-2.76256514,-0.382840782,0,-0.3934981,-0.382840782,0,-0.3934981,1,0,0,1,-2.25154757,-0.272914916,-2.17159534,-2.092081,0.0010240858,2.173028,-2.467225,-0.5428664,-2.35896182,-5.149658,-3.00930786,0.14524737,-0.5449867,-0.284320861,-0.00616276264,-1.86526227,-0.3897999,-1.79924226,-31.24057,1.03143215,-0.5366211,-3.30731869,0.0690377951,-0.0527408123,-1.67390144,-0.391096026,-1.62615824,-9.936005,1.23742187,-0.230102539,-2.000846,0.00125657022,-0.047716856,-2.161328,-0.235842079,-2.07786131,-28.682312,1.00368392,-0.5271301,-5.19811153,0.08183724,-0.0314893723,-2.66222644,-0.138274014,-2.53111863,-31.8115845,1.33322024,-0.256073,-12.2066755,0.0428670645,0.184794426,-2.6631465,1.06757784,-2.53815913,-29.0881653,0.9034324,-0.758605957,-15.1343822,0.08255029,0.08447456,-3.78870082,0.00636075437,-3.54628229,-14.0312195,1.16384685,0.257553935,-3.208987,-0.06200725,-0.233439684,1.3441968,2.974949,2.0444622,3.85188413
716,14.319994926303854,3333,0,1,-2.89279,0,-2.76256514,-0.382840782,0,-0.3934981,-0.382840782,0,-0.3934981,1,0,0,1,-2.23549771,-0.459606051,-2.157675,-2.06512523,0.00257330434,2.153761,-2.49617481,-0.754083753,-2.344186,-4.69708252,-3.00732422,0.00754353125,0.357054621,-0.08579981,-0.0321562,-1.8163904,-0.5511599,-1.756791,-34.66626,1.11370313,-0.647338867,-3.04931355,0.0307380259,-0.03150606,-1.7291255,-0.544628561,-1.67234671,-12.7633057,1.31923783,-0.3128662,-2.43583918,0.06546542,-0.021345377,-2.2146914,-0.3473506,-2.12850618,-36.284668,1.1360302,-0.6670227,-6.305581,0.0593182445,0.008880138,-2.63653612,-0.08372727,-2.49616981,-44.7273865,1.55683708,-0.435791016,-11.2518644,0.110046029,0.153985023,-2.626009,0.6484052,-2.503587,-41.6099243,1.19364047,-0.932922363,-10.8716564,0.211295366,0.134304047,-3.57416844,0.219327018,-3.35749722,-16.64685,1.341416,-0.368682861,-1.18838859,0.0665309057,-0.114693284,1.3325882,2.9681797,2.03376961,3.836939
717,14.339994919217686,3338,0,1,-2.89279,0,-2.76256514,-0.382840782,0,-0.3934981,-0.382840782,0,-0.3934981,1,0,0,1,-2.22839713,-0.640661955,-2.15014124,-2.05539441,0.004345517,2.15167928,-2.45973229,-0.984188139,-2.3322947,-4.19516,-2.96942139,-0.128875732,0.375020325,-0.00139778852,-0.07696757,-1.74889386,-0.7199353,-1.69654012,-37.6552124,1.22177672,-0.778930664,-2.63990545,0.0298771858,-0.0438103676,-1.90487218,-0.7115381,-1.83458948,-17.3227844,1.39019608,-0.401702881,-3.69464135,0.0386456251,0.0129213333,-2.22810268,-0.442777872,-2.145318,-45.1676941,1.3665787,-0.8852539,-7.56425333,0.0782450438,0.0155687332,-2.56409335,-0.2633372,-2.43070221,-53.2679749,1.78709245,-0.645202637,-8.160452,0.0687632561,0.110224724,-2.71876955,0.309110165,-2.59696865,-50.13382,1.51746464,-1.10192871,-7.63507462,0.2580775,0.133985519,-3.237408,0.569826961,-3.045702,-28.60196,1.468806,-0.560150146,-9.266413,0.07386911,0.1400652,1.32523394,2.96120834,2.02729416,3.82556152
718,14.359994912131519,3344,0,1,-2.89279,0,-2.76256514,-0.382840782,0,-0.3934981,-0.382840782,0,-0.3934981,1,0,0,1,-2.22962928,-0.823252439,-2.15010357,-2.05026412,0.00590062,2.15215373,-2.405732,-1.18985391,-2.31592059,-4.01351929,-2.99188232,-0.145507813,0.146061122,0.110995635,-0.06291261,-1.64723086,-0.905658066,-1.60657477,-39.8425,1.32441771,-0.9255371,-1.93135357,0.0107645094,-0.061453104,-1.90795529,-0.856429756,-1.8367182,-21.6481628,1.44652033,-0.485107422,-3.71419382,0.0263839364,0.0221233368,-2.2052722,-0.496251345,-2.1325593,-55.99701,1.78723776,-1.28851318,-9.316011,0.09429371,0.0278158188,-2.5341475,-0.388956457,-2.40311623,-62.2438049,2.12856,-0.973693848,-7.869374,0.05962491,0.113211632,-2.89233279,0.102967419,-2.76558471,-55.7802734,1.88858557,-1.29589844,-5.23049927,0.261797547,0.08746767,-3.088634,0.473894656,-2.906014,-37.51776,1.60362136,-0.7114258,-7.62025547,0.0106967688,0.0272903442,1.29331446,2.95228672,1.997776,3.79206657
719,14.379994905045351,3350,0,1,-2.89279,0,-2.76256514,-0.382840782,0,-0.3934981,-0.382840782,0,-0.3934981,1,0,0,1,-2.227518,-1.015392,-2.14841318,-2.04691625,0.006528089,2.15069842,-2.40192366,-1.37780392,-2.30195069,-3.99243164,-2.8147583,-0.202819824,-0.0155393556,0.120586924,-0.0309656188,-1.56932473,-1.08493662,-1.53996861,-41.4007568,1.3996439,-1.07644653,-1.41558456,-0.0180761814,-0.07025063,-1.9087311,-1.010975,-1.8368628,-26.0228577,1.51529837,-0.5722656,-3.72549248,0.0305361748,0.0259075165,-2.13919878,-0.492827773,-2.078824,-68.2715454,2.71926117,-2.20199585,-10.4962435,0.102832079,0.0399179459,-2.4870863,-0.487149239,-2.35708356,-70.93787,2.754208,-1.57595825,-7.738366,0.06749022,0.113861084,-2.95986819,-0.02012293,-2.83271241,-59.55362,2.21810365,-1.49987793,-3.555413,0.204680741,0.05591011,-2.96092439,0.397887677,-2.78716087,-45.58377,1.78120112,-0.968841553,-6.84865665,-0.01431334,0.0190048218,1.26169062,2.9415164,1.96867371,3.75766659
720,14.399994897959184,3355,0,1,-2.89279,0,-2.76256514,-0.382840782,0,-0.3934981,-0.382840782,0,-0.3934981,1,0,0,1,-2.22707534,-1.21258473,-2.14890838,-2.04117,0.005841201,2.14284825,-2.384363,-1.5822649,-2.27484679,-4.11383057,-2.37466431,-0.3251953,-0.108262271,0.352555335,-0.107168064,-1.62166238,-1.22026968,-1.59021592,-43.4213257,1.4553951,-1.226532,-1.7723372,-0.0356783569,-0.05337608,-1.89498007,-1.16944659,-1.82357311,-30.2356567,1.59845591,-0.666687,-3.60068417,0.0328657031,0.0249419212,-2.0702858,-0.5116331,-2.01345,-79.38339,5.358312,-4.83291626,-9.645147,0.0888812542,0.04193592,-2.43111777,-0.576862931,-2.303636,-79.77667,4.46380424,-3.25216675,-7.831223,0.07584667,0.115776062,-2.731301,-0.00708541274,-2.61291766,-60.40088,2.19002914,-1.39425659,0.03371156,0.08361263,0.0285962969,-2.85567212,0.400159359,-2.691253,-53.7050171,2.05003381,-1.31985474,-7.08059645,0.0105262995,0.0420179367,1.22891521,2.92907524,1.93849945,3.72122216
721,14.419994890873015,3358,0,1,-2.89279,0,-2.76256514,-0.382840782,0,-0.3934981,-0.382840782,0,-0.3934981,1,0,0,1,-2.22768641,-1.40785074,-2.14953756,-2.02652478,0.00571402535,2.12726784,-2.37348557,-1.78704476,-2.26422763,-4.148163,-1.964386,-0.4487915,-0.0442570448,0.3429837,-0.118475921,-1.57368231,-1.39151585,-1.54321516,-44.9866943,1.51571059,-1.36236572,-1.36775923,-0.0360194743,-0.0473999977,-1.87640166,-1.32777333,-1.80626929,-34.21576,1.68625224,-0.765899658,-3.40714169,0.02864778,0.0244615078,-1.91193008,-0.536226153,-1.86034775,-88.8486938,123.721405,-123.176056,-9.970217,0.101875305,0.0353117,-2.370493,-0.6441082,-2.24899244,-88.82065,33.90504,-32.6559143,-8.12357,0.08064079,0.123854637,-2.52567744,-0.06316586,-2.41959739,-57.4379578,2.07311678,-1.21975708,2.31545782,0.0346599221,-0.0182359219,-2.76074576,0.431088269,-2.609524,-62.7351379,2.5541,-1.861969,-7.87336874,0.07451534,0.08357048,1.202086,2.91684866,1.9139328,3.69000745
722,14.439994883786847,3364,0,1,-2.89279,0,-2.76256514,-0.382840782,0,-0.3934981,-0.382840782,0,-0.3934981,1,0,0,1,-2.24149656,-1.60289085,-2.16270447,-1.98660135,0.007975519,2.09034133,-2.36949325,-1.98634017,-2.258779,-4.13653564,-1.53781128,-0.5795288,-0.0125541314,0.353224069,-0.119396195,-1.41130626,-1.59120631,-1.388308,-44.98578,1.55545783,-1.44110107,-0.00047535263,-0.0412918925,-0.0326069444,-1.87968481,-1.48980212,-1.81061089,-37.95874,1.76091051,-0.8525696,-3.202766,0.0176294446,0.0354976654,-1.42044139,-0.8417425,-1.39371336,-80.33423,174.489212,-173.922379,-9.000703,0.102036715,0.0354414,-2.31348443,-0.723253131,-2.201146,-81.53348,176.6708,-175.38765,-8.282212,0.0776042938,0.141077042,-1.87116528,0.3951111,-1.80467892,-74.29315,4.119202,-3.22320557,-12.689373,0.234065771,0.116345406,-2.63852453,0.4266435,-2.508343,-72.62756,3.64371347,-2.963379,-8.511459,0.103235006,0.113399506,1.14117479,2.89300966,1.85730171,3.622341
723,14.45999487670068,3370,0,1,-2.89279,0,-2.76256514,-0.382840782,0,-0.3934981,-0.382840782,0,-0.3934981,1,0,0,1,-2.24470878,-1.80073786,-2.16576767,-1.96764016,0.008298858,2.071138,-2.35627055,-2.1893158,-2.246929,-4.12384033,-1.09405518,-0.7087097,-0.0146593228,0.368266255,-0.117375426,-1.42407739,-1.72424173,-1.40033126,-44.9866943,1.44212258,-1.41275024,-0.0003164392,-0.08238229,0.0170430988,-1.89459419,-1.65599155,-1.82539582,-41.69397,1.82020044,-0.933074951,-3.19493055,0.00429999828,0.0465288162,-1.21955919,-0.8938207,-1.20123792,-70.56668,177.605255,-177.018661,-8.677469,0.100868464,0.08116627,-2.26556373,-0.839220464,-2.16360664,-72.127655,179.014236,-177.708542,-8.258945,0.06891394,0.151777267,-1.42428112,0.459936768,-1.37878072,-84.07031,9.990682,-9.12146,-8.779578,0.07446551,0.07654381,-2.49233317,0.352664173,-2.38444185,-82.52991,7.27000475,-6.629608,-8.471489,0.109616518,0.189108849,1.09455633,2.87046361,1.81415367,3.56774
724,14.479994869614512,3376,0,1,-2.89279,0,-2.76256514,-0.382840782,0,-0.3934981,-0.382840782,0,-0.3934981,1,0,0,1,-2.24619865,-1.99586034,-2.16726923,-1.953559,0.007830701,2.055651,-2.33924317,-2.388584,-2.232717,-4.116455,-0.629058838,-0.8336487,-0.0217040479,0.388088942,-0.113194175,-1.43752134,-1.85645056,-1.41018224,-44.98706,1.352778,-1.39089966,-0.0005309228,-0.06950473,0.0187157821,-1.86401272,-1.82071567,-1.79321,-44.9904175,1.80360878,-0.940917969,-2.87542033,-0.015830636,0.0832994,-1.16343307,-0.9989128,-1.14567184,-61.22406,178.577744,-177.964539,-8.297298,0.09734154,0.06420517,-2.14617968,-0.949277937,-2.05440187,-62.6281128,179.826126,-178.5235,-8.332621,0.05830431,0.193528175,-1.25237179,0.274902165,-1.21856439,-86.17169,165.5553,-164.705,-8.316779,0.0615041256,0.06029892,-2.28142142,0.276100039,-2.2007823,-87.61066,164.081,-163.471161,-8.374911,0.0851182938,0.23499012,1.045444,2.84392023,1.76861954,3.508397
725,14.499994862528345,3382,0,1,-2.89279,0,-2.76256514,-0.382840782,0,-0.3934981,-0.382840782,0,-0.3934981,1,0,0,1,-2.26738119,-2.19275,-2.18772364,-1.90879333,0.002836125,2.001482,-2.338747,-2.5827775,-2.234381,-4.099823,-0.138305664,-0.9579468,-0.0121635124,0.4117696,-0.112710141,-1.44837976,-1.99622583,-1.41758871,-44.8974,1.28442037,-1.38143921,0.2531097,-0.05119489,-0.000284224749,-1.50888419,-1.99592745,-1.4310782,-44.9984436,1.35801649,-0.483032227,3.58745456E-06,-0.102921695,0.297030628,-1.15864837,-1.12697887,-1.13971484,-52.29605,179.045425,-178.400391,-7.89515352,0.09261179,0.04548645,-1.52729917,-1.01754165,-1.46178019,-52.605957,-179.488419,-179.319244,-8.78420448,0.0187211037,0.4281292,-1.16024828,0.0565413,-1.13326383,-77.27112,175.968109,-175.131165,-7.8476944,0.0599041,0.04736042,-1.60426891,0.279675245,-1.60567617,-77.88699,179.284866,-178.447464,-8.425949,0.279090881,0.368710518,0.994977951,2.81342864,1.72163773,3.44519925
726,14.519994855442176,3387,0,1,-2.89279,0,-2.76256514,-0.382840782,0,-0.3934981,-0.382840782,0,-0.3934981,1,0,0,1,-2.26723242,-2.361574,-2.184381,-1.94852412,-0.005809989,2.031674,-2.32186747,-2.75888038,-2.22055531,-4.142212,0.379713833,-1.07162476,-0.036924988,0.438133061,-0.103639632,-1.46139443,-2.09691978,-1.42783689,-44.8157959,1.224837,-1.40304565,0.119927123,-0.07094452,-0.0122417957,-1.51128221,-2.09639335,-1.40912414,-45.02417,0.851973355,0.0871054754,0.0102097318,-0.06301768,0.33900696,-1.12971044,-1.11402154,-1.12396646,-42.8180237,179.213562,-178.603973,-8.384935,0.0241372585,-0.00141048431,-1.1046108,-1.07037628,-1.05458307,-42.83847,-179.005341,179.984985,-8.599906,-0.0113048553,0.5062189,-1.05855036,0.08002344,-1.04537022,-68.1730347,177.569382,-176.714325,-8.009365,0.0836572647,-0.0453367233,-0.9382103,0.286520243,-1.01746845,-68.2491455,-179.115814,-179.575668,-8.645544,0.4667685,0.3444729,0.970198154,2.793365,1.69856071,3.41017318
727,14.539994848356008,3392,0,1,-2.89279,0,-2.76256514,-0.382840782,0,-0.3934981,-0.382840782,0,-0.3934981,1,0,0,1,-2.22114849,-2.37568521,-2.139667,-2.26694822,-0.00693543069,2.36345363,-2.2535,-2.84212852,-2.1678865,-4.33728027,0.912182152,-1.1411438,-0.08719833,0.457046151,-0.0667318851,-1.32404947,-1.99379,-1.30556834,-45.06656,1.13065016,-1.45562744,-0.11621546,-0.09540402,-0.040519774,-1.343895,-1.98627245,-1.24244177,-45.0791626,0.4485686,0.6303441,0.0382831022,-0.0131829977,0.31527853,-0.870270967,-0.327535629,-0.878628,-35.896637,179.3725,-178.703918,-6.02981949,0.07286,0.00176382065,-0.7053841,-0.23512423,-0.6994525,-35.6755676,-179.009308,179.751282,-6.93027,-0.0876915455,0.261930943,-0.8079579,0.209141135,-0.814764857,-61.6828,178.158936,-177.2745,-5.688031,0.06629276,0.00698471069,-0.5486996,0.278151274,-0.6544713,-61.5379333,-178.639511,-179.59848,-5.892621,0.369250536,0.117851257,0.8974185,2.73282814,1.62988091,3.30608845
728,14.559994841269841,3396,0,1,-2.89279,0,-2.76256514,-0.382840782,0,-0.3934981,-0.382840782,0,-0.3934981,1,0,0,1,-2.2347846,-2.44548249,-2.152187,-2.28636384,-0.00618324755,2.38452077,-2.23690057,-2.94269943,-2.16194153,-4.145355,1.41808569,-1.15921021,0.108270764,0.438904852,-0.0376291722,-1.11648536,-1.93812263,-1.12013865,-43.58716,1.12382829,-1.59213257,1.49851751,-0.113977849,-0.0902468,-1.11284089,-1.91723156,-1.02156687,-43.41681,0.112519778,1.10298514,1.877833,-0.00684559345,0.308284521,-0.447178483,0.3262092,-0.480516762,-26.1595154,179.617783,-178.796371,-8.359316,0.15809989,-0.007992744,-0.3169858,0.344794482,-0.3431424,-25.736969,-179.245743,179.530457,-8.569755,-0.155974627,0.242630959,-0.388767362,0.92598027,-0.417300761,-55.2367859,178.572021,-177.720749,-6.154623,0.0349960327,0.0406751633,-0.154863268,1.02324021,-0.2931394,-54.70038,-178.631012,-179.338974,-6.51277828,0.177957058,0.027159214,0.859622955,2.68723273,1.59420586,3.240627
729,14.579994834183672,3402,0,1,-2.89279,0,-2.76256514,-0.382840782,0,-0.3934981,-0.382840782,0,-0.3934981,1,0,0,1,-2.18409848,-2.19835949,-2.10834312,-2.42232561,-0.0015114774,2.53074741,-2.20259976,-2.82458544,-2.136893,-3.82910156,1.7942692,-1.14263916,0.308565021,0.336847067,-0.0137857795,-1.02364743,-1.54216766,-1.047251,-40.5297241,0.994173348,-1.67684937,1.6734283,-0.152247727,-0.09757817,-1.04500818,-1.50149512,-0.922262549,-39.9350281,-0.15838623,1.68082011,2.04010463,0.0254535675,0.485136151,-0.810453057,-0.3441314,-0.843617558,-27.0927124,179.609375,-178.745148,0.32401222,0.04383336,-0.0197489858,-0.739501536,-0.3689316,-0.717908859,-27.0641479,179.786133,179.314529,0.639011,-0.6425809,0.144293129,-0.46989876,0.006639123,-0.5176159,-41.052124,179.262741,-178.202576,-14.3388729,0.3137169,0.002152443,-0.297113776,-0.009980679,-0.38145107,-38.6282654,-179.250229,-178.743866,-15.9906635,-0.214121342,-0.170210838,0.810240746,2.6187005,1.54751587,3.14783859
730,14.599994827097506,3407,0,1,-2.89279,0,-2.76256514,-0.382840782,0,-0.3934981,-0.382840782,0,-0.3934981,1,0,0,1,-2.19088554,-1.77720618,-2.11999154,-2.58909845,0.008401868,2.712424,-2.20588732,-2.517365,-2.13325334,-2.95721436,2.02742434,-1.11767578,0.7817203,0.208949029,-0.0188239813,-0.738507152,-0.529519558,-0.733276844,-35.28534,0.9763878,-1.42483521,4.45988369,0.0653939247,0.122211456,-0.7801385,-0.6070032,-0.69830054,-34.938385,-0.517395,2.08445,4.20334053,0.02408266,0.326244831,-0.09251124,-0.162561983,-0.125495255,-24.9694214,-179.872925,-178.965012,-2.44385529,0.208234668,0.184495926,-0.113633513,-0.1629749,-0.09842622,-24.8162842,179.610336,178.934769,-2.45362473,-0.23915267,0.112258911,-0.000746369362,-0.2094352,-0.09421077,-32.5664673,179.932816,-178.486221,-6.8656435,0.448905,0.157186508,0.08742717,-0.172277361,0.03381577,-28.1847839,179.952,-178.5329,-8.623615,-0.458743334,0.030503273,0.7482376,2.51754832,1.48880959,3.019017
731,14.619994820011337,3412,0,1,-2.89279,0,-2.76256514,-0.382840782,0,-0.3934981,-0.382840782,0,-0.3934981,1,0,0,1,-2.20601916,-1.40265083,-2.14133859,-2.754089,0.0159930661,2.889724,-2.20240021,-2.2460134,-2.126995,-1.509552,2.13032985,-1.09646606,1.24339724,0.0966771841,-0.03726709,-0.618494034,0.1392411,-0.6182973,-27.6490784,0.440245122,-1.20422363,5.52255249,-0.07387686,0.131781578,-0.656158,0.1586327,-0.5757886,-27.1192017,-0.08276367,2.35648179,5.552745,0.197659492,0.2751088,0.157520473,-0.153801382,0.119255461,-16.957489,-179.779129,-178.997726,-6.16681528,0.16993165,0.109362125,0.110554188,-0.156891018,0.14942947,-17.0961914,179.168335,178.596542,-6.03487,-0.436626673,0.03689623,0.09113732,0.200946361,0.0348748639,-31.81372,179.991,-178.647034,-1.128695,-0.0260279179,0.164062738,0.16772075,0.249477774,0.150667951,-24.82544,179.753143,-179.0701,-3.40202761,-0.4271158,0.336263418,0.7044854,2.41011333,1.44775772,2.898439
732,14.639994812925169,3418,0,1,-2.89279,0,-2.76256514,-0.382840782,0,-0.3934981,-0.382840782,0,-0.3934981,1,0,0,1,-2.22831845,-1.141608,-2.16797233,-2.89351225,0.0223018061,3.03873348,-2.16148186,-2.08044147,-2.08857942,0.3632893,2.162798,-1.07266235,1.59412909,0.03125912,-0.0413110256,-0.7898618,0.8714926,-0.7719701,-18.98642,0.231737,-0.964386,5.81741333,-0.0375797749,0.174078941,-0.800148368,0.8714707,-0.787880361,-18.54358,0.7611903,2.21137071,5.72361374,0.33212018,-0.08374119,0.06662247,-0.1589928,0.037851207,-9.333557,-179.727173,-179.224518,-3.940123,-0.0126388073,0.25643158,0.0286062658,-0.155590564,0.05895713,-9.630096,179.202179,178.5561,-3.83903575,0.06706452,-0.2848425,0.0898609,0.169720963,0.0393269,-32.16809,179.947128,-178.8974,-0.216124177,-0.147994891,0.130337015,0.146769583,0.264588445,0.155768663,-22.5861816,179.809555,-179.7706,-2.49085522,-0.123074532,0.5898514,0.662315845,2.284314,1.4084034,2.76411867
733,14.659994805839002,3423,0,1,-2.89279,0,-2.76256514,-0.382840782,0,-0.3934981,-0.382840782,0,-0.3934981,1,0,0,1,-2.25466752,-1.00322175,-2.19715047,-2.9999063,0.0264549032,3.15166521,-2.078985,-2.01062942,-2.01769733,2.49398685,2.16343927,-1.016571,1.820194,0.00149834156,-0.0264747143,-0.9349208,1.72863948,-0.919745743,-9.256836,-0.689819336,-0.443847656,7.722796,-1.048172,0.5982876,-0.9110448,1.75474477,-0.9479749,-8.817413,3.218237,1.49593353,7.751121,2.21903324,-1.03284073,0.07755001,1.20382619,-0.160468757,-20.21701,177.43364,-179.113586,13.7553968,-2.6353054,0.130731583,-0.208565071,1.2466414,0.0958967358,-21.3274231,-175.673019,178.2411,13.8085861,4.41657257,-0.210253716,0.107246555,-0.779124,-0.004777886,-23.9718628,178.797745,-178.259354,-7.092874,-1.16648936,-0.789404869,0.08395943,-0.7684077,0.15763177,-12.2153015,-177.989212,178.65834,-8.681285,2.28336,1.64459324,0.650742054,2.17390513,1.3986454,2.66562152
734,14.679994798752833,3429,0,1,-2.89279,0,-2.76256514,-0.382840782,0,-0.3934981,-0.382840782,0,-0.3934981,1,0,0,1,-2.29768515,-0.9952616,-2.24682617,-3.07424641,0.0332722738,3.23113132,-2.018808,-1.879495,-1.96346152,4.168604,2.03676414,-0.994903564,1.304713,-0.105588496,-0.0408483744,-1.25855947,2.68834019,-1.285465,2.34468222,-1.734436,-0.422180176,10.8408422,-1.19785118,0.275403023,-1.24196815,2.70258045,-1.31144643,2.714171,7.749474,1.38349354,10.7569427,5.66779327,-1.5856185,0.4507119,2.06720471,0.21472238,-44.647522,176.864014,179.982727,23.2978687,-0.457702637,0.7219181,0.124642879,2.12129927,0.772526264,-46.44455,-168.523865,178.34108,23.6997375,7.001318,-2.12088871,1.932867,-1.39035785,1.15899956,-18.515686,-176.065552,-167.9213,-6.731025,7.82177258,-9.4517355,0.8126814,-2.43542171,1.78081584,-18.5805359,-170.184616,171.765182,5.242917,5.40201664,5.5025506,0.6015091,2.00678635,1.35300827,2.49391985
735,14.699994791666667,3434,0,1,-2.89279,0,-2.76256514,-0.382840782,0,-0.3934981,-0.382840782,0,-0.3934981,1,0,0,1,-2.304837,-1.13809478,-2.25577378,-3.11767673,0.03654139,3.27728844,-1.94915462,-1.69023561,-1.89070189,4.15512371,1.72749257,-1.09875488,-0.0499777421,-0.260607779,-0.07810384,-1.91582227,1.83598232,-2.01130962,7.949511,-3.13076782,-1.22561646,6.23534775,-0.902238131,-0.326053619,-1.97129393,1.88581228,-1.95677412,8.245237,11.5977039,2.54562,6.489139,3.4311,-0.131085157,0.09169707,2.73115945,-0.287657,-72.29999,172.829834,-175.328125,14.7156382,-0.9325876,-0.007426262,-0.384307832,2.93464255,0.08669263,-72.58545,-160.183273,170.594269,13.9869547,3.50643921,-1.65458059,4.069865,0.1281234,3.33509636,4.58773375,179.16658,-169.211273,-18.4425621,-3.92342186,1.88558865,2.38298631,0.279076338,4.080425,-4.32531738,-175.747849,167.190628,-10.5870609,-3.71921635,5.56129,0.586642742,1.86753416,1.340704,2.372619
736,14.719994784580498,3438,0,1,-2.89279,0,-2.76256514,-0.382840782,0,-0.3934981,-0.382840782,0,-0.3934981,1,0,0,1,-2.263667,-1.34811485,-2.21727824,-3.123206,0.03329677,3.28321242,-1.951901,-0.7181759,-1.83117247,-2.03256226,1.4320401,-1.63870239,-5.46681452,-0.278321266,-0.284940958,-2.23821831,1.37275589,-2.213693,10.4990273,-4.011139,-1.73468018,4.94691372,-0.7998209,-0.0463256836,-2.28409648,1.35586643,-2.18108988,10.4829531,13.4515877,4.39979553,4.8828,1.73177457,0.3715458,0.5402129,2.46490073,0.136674315,-86.33917,147.894455,-151.44075,20.16264,-1.05982208,0.6183834,-0.0399589539,2.54756474,0.646366358,-84.71808,-111.837006,124.063995,19.7820358,2.1466608,-2.15343952,2.22869682,1.12228107,1.612332,-14.1222229,176.44632,-172.279022,21.4123383,-2.58309174,2.778349,1.52778566,1.04730856,2.41876459,-16.47284,-168.449768,170.37796,18.677002,5.984045,-5.791707,0.5881953,1.74429965,1.34408,2.27927756
737,14.73999477749433,3444,0,1,-2.89279,0,-2.76256514,-0.382840782,0,-0.3934981,-0.382840782,0,-0.3934981,1,0,0,1,-2.24623179,-1.44108307,-2.198976,-2.986432,0.0321630947,3.139344,-1.98111534,-1.114325,-1.89221776,-12.0408325,2.03781033,-2.13571167,-7.04586554,0.653450966,-0.00112485886,-2.35197234,0.707738161,-2.320748,12.5595312,-4.288849,-2.005371,2.53710413,-0.3964944,-0.0519988537,-2.41234922,0.674723864,-2.26285672,12.1088161,13.50269,5.49103737,2.39094877,0.441228569,0.454155684,0.386941731,2.33910656,0.046190016,-70.7626953,1.8249352,-5.897064,20.3347664,-0.8206415,1.10303783,-0.07992103,2.35605359,0.4753399,-69.736084,-2.27459717,15.1556454,19.9734955,1.46611786,-3.462161,2.28202176,1.272532,1.58230567,-43.21237,175.140762,-173.4184,24.3168354,-1.2219677,2.812992,1.41725731,1.353468,2.4812,-44.78076,-164.061844,170.586014,22.7476273,2.39278221,-6.11469269,0.561636,1.58727121,1.32112694,2.14014983
738,14.759994770408163,3449,0,1,-2.89279,0,-2.76256514,-0.382840782,0,-0.3934981,-0.382840782,0,-0.3934981,1,0,0,1,-2.22920036,-1.43670225,-2.17424,-2.73231649,0.02910046,2.8722887,-1.92803848,-1.536643,-2.15157723,-18.425354,3.67870665,-1.79098511,-5.62875557,1.748218,0.6014943,-2.18924928,-0.290861368,-2.22467542,8.630923,-4.083679,-2.08132935,-1.97172952,0.008873284,-0.264879644,-2.37633872,-0.309790879,-2.02872276,7.98188,12.1382418,5.84276867,-2.01190042,-0.687809467,0.99969244,0.115774214,2.27270937,-0.170710668,-49.64328,-1.33566284,-3.081482,19.7669983,-0.6001673,1.21016788,-0.282887638,2.27189541,0.175115585,-48.9368,4.76882458,8.327856,19.380558,0.962307,-3.68567753,2.04084587,1.78944874,1.42847157,-82.63013,166.091583,-166.764114,32.2162857,-1.86077023,3.04206276,1.321877,1.86759734,2.17276478,-82.6571045,-131.712219,141.373886,30.9080925,3.05604172,-7.37634468,0.5671263,1.478595,1.3283577,2.06698084
739,14.779994763321994,3454,0,1,-2.89279,0,-2.76256514,-0.382840782,0,-0.3934981,-0.382840782,0,-0.3934981,1,0,0,1,-1.46234655,0.289865255,-1.45503116,0.150631785,0.0155669609,-0.164919049,-1.21297455,1.062764,-1.40428567,-15.3246765,3.34554362,-0.5832825,2.18972731,0.7012557,0.5497868,-0.9274759,0.271911085,-1.08279717,6.1685667,-3.67401123,-2.464203,-2.294816,0.308030069,-0.41207695,-1.22139025,0.2575937,-0.795761,5.377703,10.1777182,7.10245562,-2.22792935,-1.58376157,1.31339061,0.029670544,2.006266,-0.241933152,-31.19577,-1.96252441,-2.73556519,15.35403,-0.345644951,0.687534332,-0.3659851,1.9831903,0.09855958,-30.2643127,5.55851364,7.64441347,15.3500214,0.303401,-2.039875,2.10801339,1.983083,1.52317011,-48.2976074,-1.65716553,-1.11395264,38.85433,-2.182808,2.07850456,1.44068968,2.07671118,2.188914,-46.80667,3.76617885,8.429579,37.9928436,3.7301712,-6.19267273,0.531177044,1.43346381,1.29489326,2.003426
740,14.799994756235828,3460,0,1,-2.89279,0,-2.76256514,-0.382840782,0,-0.3934981,-0.382840782,0,-0.3934981,1,0,0,1,-1.41593194,0.249065191,-1.42104971,0.296568662,0.0154139139,-0.319072217,-1.35459924,0.3375532,-1.31524682,-13.9621887,2.92834687,-0.677856445,0.5290842,-0.05328539,0.430571049,-1.24548566,-0.3369206,-1.357255,3.75111127,-3.39254761,-2.62966919,-2.21432829,0.2642064,-0.298880339,-1.46283317,-0.359426826,-1.1400708,2.89097643,8.213257,7.824188,-2.159497,-1.71749139,1.01315928,-0.5817092,1.26211655,-0.7820035,-18.30014,-2.334961,-2.743042,13.4689846,-0.3875351,0.558649063,-0.919058859,1.23335159,-0.4977892,-17.1841125,5.384742,7.921085,13.5725307,0.193561554,-1.36938572,2.13237286,2.488506,1.58124328,-6.482483,-3.07135,-1.4241333,38.49855,-1.58723068,1.5266552,1.50975537,2.57690644,2.140679,-4.876831,7.023409,6.90787268,38.17127,2.63715172,-5.22337341,0.5224161,1.40095448,1.28656387,1.972521
741,14.819994749149659,3465,0,1,-2.89279,0,-2.76256514,-0.382840782,0,-0.3934981,-0.382840782,0,-0.3934981,1,0,0,1,-1.37120831,0.167939737,-1.383175,0.4371968,0.0184518229,-0.468829632,-1.44174671,0.219140828,-1.34425855,-13.3815308,3.94497013,-1.33914185,0.6897236,-0.471238464,0.0457841158,-1.18491161,-0.6246664,-1.30504024,0.5172766,-2.96542358,-2.79501343,-2.839276,0.378205478,-0.2965176,-1.39592409,-0.6412755,-1.11069012,-0.152191162,5.42221069,8.496783,-2.63234162,-2.37729025,0.924255431,-1.0360074,0.170392156,-1.19672143,-9.438843,-2.46234131,-2.81323242,9.607557,-0.192496777,0.3606,-1.35391259,0.125512779,-0.960830569,-8.190796,4.19760942,8.329563,9.731727,-0.6757183,-0.626139164,1.22298491,3.34748316,0.8623339,43.6651077,-5.74182129,-3.20733643,44.013588,-1.77617836,1.8294239,0.8062029,3.40695739,1.11024427,45.57226,12.339386,8.387523,43.8953552,3.9526062,-6.150694,0.4901514,1.35845351,1.25378227,1.912489
742,14.839994742063492,3471,0,1,-2.89279,0,-2.76256514,-0.382840782,0,-0.3934981,-0.382840782,0,-0.3934981,1,0,0,1,-1.32734334,0.0843711942,-1.32793367,0.5568725,0.0150190108,-0.594310939,-1.35224462,0.137742922,-1.36089849,-12.4881287,3.60740924,-0.9284973,0.8467081,-0.427077323,0.215135992,-1.05701232,-1.35844922,-1.203698,-7.14022827,-2.29672241,-3.00762939,-5.771987,0.551937342,-0.443660259,-1.26723826,-1.35698426,-1.01954031,-7.24920654,1.0364536,9.235134,-5.286342,-3.574538,0.8476656,-1.134742,-0.03626659,-1.26271617,11.4996929,-3.23306274,-2.969452,15.7803211,-0.508507252,0.635407448,-1.38552713,-0.05313102,-1.1545639,13.0167437,4.117111,8.551064,15.9105082,-0.4037037,-0.974632263,-1.340827,3.21479774,-1.30695486,36.3532028,-4.82568359,-3.06195068,13.7208023,-0.2890563,0.434989929,-1.39818335,3.14408565,-1.5376308,37.4861832,9.268412,7.925635,13.47603,0.489980221,-1.59482813,0.470080853,1.33993113,1.23302078,1.88062
743,14.859994734977324,3475,0,1,-2.89279,0,-2.76256514,-0.382840782,0,-0.3934981,-0.382840782,0,-0.3934981,1,0,0,1,-1.29331088,-0.1078592,-1.28532052,0.7069496,0.00847964,-0.7511414,-1.29009831,-0.0380886979,-1.36092353,-11.5823059,3.14600253,-0.4822693,0.8499471,-0.315558374,0.330463946,-1.36426842,0.33697474,-1.34410644,-0.958313,-2.2572937,-3.16241455,4.31376362,0.08922219,0.0357539654,-1.30464089,0.397638917,-1.40315378,-0.125579834,-0.916595459,9.073651,4.97219563,-2.093915,-0.1573391,-1.656196,0.8285835,-1.64045048,6.0619545,-2.66165161,-3.18008423,2.135933,0.202229619,-0.08658779,-1.65637279,0.8811053,-1.61871219,6.951487,0.277963579,9.33211,2.43432117,-2.46887231,0.290714741,-1.74715781,0.104166031,-1.79393041,35.8916054,-4.53537,-3.363922,-1.519824,0.4386387,-0.301755667,-1.75292981,-0.0338046551,-1.651528,36.5583344,5.645223,4.66121626,-2.28160143,-1.30310345,-1.8571918,0.4616866,1.34295261,1.22382355,1.87467873
744,14.879994727891155,3480,0,1,-2.89279,0,-2.76256514,-0.382840782,0,-0.3934981,-0.382840782,0,-0.3934981,1,0,0,1,-1.288006,-0.236794546,-1.27943218,0.810718,0.008891636,-0.861156,-1.29001176,-0.148264259,-1.39060378,-10.6759033,2.92595243,-0.0133361816,0.8937587,-0.1541796,0.3787784,-1.39848518,0.104253218,-1.38274777,3.85213757,-2.15893555,-3.30081177,4.10094643,0.08644438,0.0262873173,-1.42200708,0.166180611,-1.38794243,5.350303,-3.08306885,8.837588,4.74300861,-1.79841471,0.05607176,-1.512477,0.5838994,-1.518853,8.903354,-2.45657349,-3.34466553,0.890719056,0.266369373,-0.108177722,-1.58040583,0.5941257,-1.47783732,9.820755,-2.368927,9.072473,0.4758724,-2.48571,-0.0535633564,-1.647481,0.07873181,-1.68725026,33.105,-4.120117,-3.61740112,-3.94673729,0.5938474,-0.42234683,-1.64313436,-0.0231371671,-1.70338011,33.53599,2.449018,2.590374,-4.26117039,-2.04936886,-1.28495347,0.445450783,1.35668707,1.2064743,1.86938667
745,14.899994720804989,3484,0,1,-2.89279,0,-2.76256514,-0.382840782,0,-0.3934981,-0.382840782,0,-0.3934981,1,0,0,1,-1.27879,-0.374112755,-1.27330923,0.8998973,0.00912283547,-0.9556912,-1.31046879,-0.2630077,-1.37822652,-9.851959,3.23715,0.119871169,0.786001742,0.174821958,0.140815914,-1.41797817,-0.09535334,-1.40530515,8.511564,-2.12265015,-3.44064331,4.06996632,0.0471271276,0.0261721611,-1.46833766,-0.0395485759,-1.39447474,10.6416388,-4.704193,8.516547,4.634285,-1.4170469,0.0799860954,-1.499472,0.354095876,-1.50840354,9.845387,-2.20828247,-3.4710083,0.8303611,0.235987484,-0.07764128,-1.59051454,0.3653114,-1.45356858,10.3553534,-4.74612427,8.633188,0.528615,-2.04318833,-0.30118084,-1.62189662,-0.09002857,-1.64678741,28.6969452,-3.49707031,-3.859253,-3.85685563,0.6566615,-0.428977966,-1.55922008,-0.193164825,-1.70115411,29.02952,-1.37963867,0.9716974,-3.99710464,-2.52067351,-1.18374741,0.430314541,1.37404537,1.18956947,1.86768484
746,14.91999471371882,3490,0,1,-2.89279,0,-2.76256514,-0.382840782,0,-0.3934981,-0.382840782,0,-0.3934981,1,0,0,1,-1.265908,-0.516841948,-1.26864731,0.9771898,0.0102560036,-1.03784335,-1.36136186,-0.3854478,-1.320285,-9.133331,3.17925143,-0.0272827148,0.685269058,-0.058983922,-0.07838705,-1.43187714,-0.2891296,-1.42342663,13.1594887,-2.12084961,-3.56832886,4.06057644,0.0242328644,0.0373415947,-1.49646425,-0.241177052,-1.40827441,15.8659573,-6.210785,8.062509,4.581683,-1.25609624,0.06298089,-1.52770162,0.108354434,-1.52956069,10.7354317,-1.96951294,-3.55542,0.817270637,0.218552321,-0.0440211,-1.61932719,0.106263541,-1.49490774,10.8077087,-6.945221,7.98020935,0.495948553,-1.83689177,-0.485069752,-1.65058315,-0.278038055,-1.65635657,25.3659,-2.96243286,-4.203491,-2.92214155,0.6127261,-0.4177966,-1.56965971,-0.3728137,-1.753829,25.6643162,-4.6178894,0.0523496456,-2.94174337,-2.41544533,-0.9271803,0.418911457,1.40104663,1.176363,1.87676537
747,14.939994706632653,3495,0,1,-2.89279,0,-2.76256514,-0.382840782,0,-0.3934981,-0.382840782,0,-0.3934981,1,0,0,1,-1.25328565,-0.621849954,-1.26026452,1.04581332,0.0105271041,-1.110655,-1.35736978,-0.334911823,-1.28892553,-7.90457153,2.994267,-0.208709717,1.1011374,-0.15428,-0.201485157,-1.43535566,-0.4703031,-1.42974567,17.62636,-2.136139,-3.69030762,3.89023066,0.016952157,0.0394070148,-1.50772071,-0.431590259,-1.41196644,20.847311,-7.73407,7.42504168,4.37292671,-1.17570221,0.0148053169,-1.54521418,-0.1317231,-1.54093373,11.7517309,-1.75076294,-3.605713,0.9180047,0.1971541,-0.01538223,-1.6332767,-0.145005241,-1.525677,11.3696737,-8.996796,7.134975,0.6140176,-1.66043723,-0.6228069,-1.66737723,-0.458835125,-1.65852177,22.9758263,-2.505066,-4.605713,-2.12460852,0.5563861,-0.405904531,-1.57838356,-0.54506886,-1.78490591,23.29333,-7.389038,-0.4743042,-2.07635331,-2.22189236,-0.7040566,0.423409462,1.43854129,1.18023491,1.90830576
748,14.959994699546485,3501,0,1,-2.89279,0,-2.76256514,-0.382840782,0,-0.3934981,-0.382840782,0,-0.3934981,1,0,0,1,-1.23635983,-0.625843346,-1.24692869,1.10797834,0.01032408,-1.17658091,-1.33942246,-0.08267164,-1.24525523,-5.622162,2.84181833,-0.345062256,1.9432354,-0.139392376,-0.166704416,-1.41181028,-0.602662,-1.4115864,21.5650387,-2.136139,-3.79296875,3.40669751,0.0329498053,0.04000187,-1.49068463,-0.5690334,-1.38886642,25.2596912,-9.364471,6.637265,3.87663984,-1.17588735,-0.0501709,-1.51946521,-0.3534399,-1.5152632,13.0467386,-1.55841064,-3.63085938,1.15702844,0.16996327,0.010669589,-1.6084516,-0.3724739,-1.50568545,12.1729994,-10.9095459,6.15033245,0.8518263,-1.50729859,-0.685433745,-1.65511143,-0.6280367,-1.63865733,21.0500851,-2.08834839,-5.02627563,-1.752903,0.5181493,-0.3960483,-1.56412351,-0.7078574,-1.77671719,21.3872776,-9.869141,-0.833068848,-1.68608785,-2.05495787,-0.6185929,0.405915737,1.47404575,1.16148758,1.9200604
749,14.979994692460316,3507,0,1,-2.89279,0,-2.76256514,-0.382840782,0,-0.3934981,-0.382840782,0,-0.3934981,1,0,0,1,-1.21679735,-0.537792265,-1.22819448,1.16104436,0.009396,-1.23283839,-1.32959211,-0.0412615836,-1.24261189,-3.24053955,2.80798936,-0.416748047,1.97082949,-0.0183479786,-0.126544237,-1.36203241,-0.6754437,-1.36916041,24.6746349,-2.09024048,-3.86929321,2.6904726,0.06830716,0.0362814665,-1.44682229,-0.6374657,-1.34124315,28.8586426,-11.2188416,5.6997447,3.202638,-1.262065,-0.1628182,-1.43312693,-0.542744756,-1.438821,14.6795349,-1.39477539,-3.63864136,1.44273126,0.142658174,0.02937001,-1.53408074,-0.5609709,-1.41808987,13.2051706,-12.7893982,5.091737,1.07319856,-1.44908345,-0.686617136,-1.60151792,-0.7863238,-1.58561456,18.8342171,-1.65658569,-5.445282,-2.00722456,0.5193722,-0.395168781,-1.5179708,-0.8669952,-1.71592212,19.1727142,-12.2451782,-1.25369263,-1.907716,-1.95782888,-0.7907252,0.398727417,1.512848,1.15446472,1.94434607
750,14.999994685374149,3512,0,1,-2.89279,0,-2.76256514,-0.382840782,0,-0.3934981,-0.382840782,0,-0.3934981,1,0,0,1,-1.19581628,-0.40855056,-1.20741844,1.19537938,0.008489514,-1.26926935,-1.31532156,-0.0346333236,-1.26515913,-1.0345459,2.90162683,-0.500274658,1.64680707,0.085168004,-0.168344259,-1.297232,-0.7098973,-1.31249976,26.820116,-1.97097778,-3.90332031,1.87296677,0.115582764,0.03947127,-1.38879371,-0.659398437,-1.27981,31.5555668,-13.3539124,4.632601,2.474245,-1.39826775,-0.301704884,-1.3094008,-0.70764035,-1.33096123,16.57713,-1.24572754,-3.634613,1.66963,0.126111567,0.0421462059,-1.43098271,-0.720785856,-1.28917122,14.3219109,-14.7437744,4.001841,1.17287207,-1.48357666,-0.6652061,-1.524037,-0.9378463,-1.51422548,15.8617744,-1.17575073,-5.856537,-2.65338469,0.5443902,-0.393863559,-1.45296669,-1.02651334,-1.62604618,16.1852169,-14.609375,-1.82537842,-2.48275137,-1.91714132,-1.14076734,0.394837379,1.551137,1.1514473,1.9717387
751,15.019994678287981,3516,0,1,-2.89279,0,-2.76256514,-0.382840782,0,-0.3934981,-0.382840782,0,-0.3934981,1,0,0,1,-1.17492223,-0.2868926,-1.18735683,1.19948876,0.008045691,-1.27363861,-1.30274439,0.01586774,-1.26050222,0.9075326,2.904428,-0.6185303,0.512418032,-0.0205871761,-0.209608287,-1.22978258,-0.7355976,-1.25362861,27.9611378,-1.7644043,-3.88262939,1.043313,0.1652269,0.0491989851,-1.31020176,-0.65860945,-1.23387456,33.2723465,-14.30954,4.15470171,1.58883667,-0.6094556,-0.006931901,-1.17781532,-0.8670047,-1.21653843,18.638073,-1.09985352,-3.61685181,1.805696,0.117553174,0.0527844429,-1.30584383,-0.864461,-1.16611636,15.3132982,-15.8311157,3.36072183,0.972263634,-0.7528678,-0.266935,-1.44502127,-1.08230686,-1.441988,12.0223484,-0.6444092,-6.271637,-3.40272951,0.568844438,-0.3911686,-1.41312718,-1.19504929,-1.50894749,12.26672,-16.2892761,-2.59561157,-3.175733,-1.19542921,-1.600248,0.3983655,1.58845544,1.15608788,2.004601
752,15.039994671201814,3521,0,1,-2.89279,0,-2.76256514,-0.382840782,0,-0.3934981,-0.382840782,0,-0.3934981,1,0,0,1,-1.154879,-0.290197849,-1.16917264,1.15449858,0.007849062,-1.22586036,-1.28673768,0.353256673,-1.24318349,-4.26647949,2.77677679,-1.125885,-4.57912064,-0.108730078,-0.1622858,-1.18195164,-0.8192891,-1.21091175,28.4441757,-1.49716187,-3.81723022,0.447499722,0.20009993,0.06419738,-1.24071252,-0.717819333,-1.20953047,34.3648262,-14.36496,4.08533669,0.9591436,-0.0177214146,0.186953187,-1.094155,-1.04126632,-1.14219737,20.6212921,-0.941589355,-3.58218384,1.76097584,0.121406138,0.0608992577,-1.20388019,-1.01732206,-1.10201943,16.0298328,-15.921051,3.28597736,0.6674589,-0.05363643,0.113247663,-1.38870215,-1.22473764,-1.38918054,7.562783,-0.0914306641,-6.699005,-3.84589863,0.56028533,-0.3783455,-1.41291547,-1.36897564,-1.39749956,7.64177942,-16.65924,-3.71112061,-3.56412077,-0.100360632,-2.05989742,0.388281345,1.62426424,1.14822006,2.02667356
753,15.059994664115646,3527,0,1,-2.89279,0,-2.76256514,-0.382840782,0,-0.3934981,-0.382840782,0,-0.3934981,1,0,0,1,-1.15600038,-0.06860766,-1.16746879,1.25146174,0.008479983,-1.32880926,-1.15250921,-0.121493638,-1.13960445,0.122267954,2.958217,-0.922973633,2.80836,0.119586229,-0.08514929,-1.1346494,-0.83314383,-1.16875374,27.7396145,-1.11224365,-3.68774414,-0.5712221,0.2736138,0.08822656,-1.17967844,-0.7005212,-1.16683757,34.3817863,-14.2835693,4.24806833,0.0410477258,-0.0120991394,0.114010736,-1.002149,-1.23699319,-1.0608474,23.0126133,-0.781860352,-3.539215,2.14050746,0.115287781,0.06827819,-1.09882975,-1.19134068,-1.00034392,16.9404411,-15.7539673,3.437682,0.7656938,0.078565836,0.361892164,-1.34510553,-1.35298121,-1.347324,3.14855647,0.4594005,-7.13623047,-3.903157,0.5374749,-0.354968071,-1.39472258,-1.51824069,-1.31343675,2.92945051,-16.5906372,-5.157135,-3.66194224,0.178785443,-2.39217353,0.3854494,1.66354251,1.147665,2.057445
754,15.079994657029477,3532,0,1,-2.89279,0,-2.76256514,-0.382840782,0,-0.3934981,-0.382840782,0,-0.3934981,1,0,0,1,-1.05667174,0.13463515,-1.07420492,0.703656,0.00428081863,-0.74724555,-1.14527237,0.232438415,-1.115955,-3.025177,2.74106812,-1.30950928,-3.21233225,-0.163190842,-0.122198343,-0.9347675,-0.735892653,-0.988845468,24.7128754,-0.592651367,-3.52386475,-2.623942,0.384104729,0.09635854,-0.992729664,-0.5240241,-0.9791881,32.549427,-13.8811646,4.995016,-1.6661495,-0.0131896138,0.155604959,-0.7527287,-1.37709415,-0.849303365,24.7280865,-0.592285156,-3.50384521,1.47100472,0.15085429,0.0509128571,-0.885974169,-1.28725672,-0.722995758,16.3158817,-15.3973083,4.312195,-0.616917968,0.051148653,0.5430891,-1.21867311,-1.4368875,-1.24041247,-3.6159668,1.1126796,-7.635437,-6.42705536,0.626837969,-0.3502221,-1.29873073,-1.67069471,-1.1315428,-4.495697,-16.73581,-6.81835938,-6.188525,-0.10781002,-3.409138,0.384997368,1.68443084,1.1493454,2.07521677
755,15.09999464994331,3538,0,1,-2.89279,0,-2.76256514,-0.382840782,0,-0.3934981,-0.382840782,0,-0.3934981,1,0,0,1,-0.992332041,0.316612333,-1.01224816,0.370400548,0.003275434,-0.393119723,-1.04612839,-0.04918485,-1.01451492,-0.3052063,2.84372449,-1.23416138,0.4812884,0.00709342957,-0.106411636,-0.838842452,-0.6483214,-0.894953251,20.06497,0.0253944956,-3.361267,-3.95771742,0.466436982,0.113152742,-0.859755158,-0.445740134,-0.8513638,29.01728,-13.2637939,6.20255327,-3.14201355,-0.00538468361,0.157379866,-0.6426705,-1.55032575,-0.7522589,25.1926537,-0.301971436,-3.4671936,0.400765747,0.227642924,0.0369544774,-0.7414493,-1.44465709,-0.5598231,14.9369431,-14.9151,5.517868,-1.39159119,0.0888772,0.6797813,-1.13230622,-1.61764669,-1.17105174,-12.47168,1.91587639,-8.235626,-7.572958,0.6300905,-0.3107314,-1.24504983,-1.80349767,-1.00786841,-14.0474854,-17.5042114,-6.7116394,-7.94838238,-0.543566,-2.25499558,0.3767557,1.70025051,1.14385033,2.08355236
756,15.119994642857142,3544,0,1,-2.89279,0,-2.76256514,-0.382840782,0,-0.3934981,-0.382840782,0,-0.3934981,1,0,0,1,-0.966983438,0.2710189,-0.98677814,0.236991,0.00376943219,-0.251132369,-0.976921439,0.10956651,-0.9492583,-1.30456543,2.82051373,-1.36297607,-1.89477324,-0.0643788,-0.05735743,-0.896711946,-0.4534169,-0.9387752,16.5304928,0.54353714,-3.2796936,-2.98242474,0.406526566,0.08459449,-0.8259878,-0.558453262,-0.840171635,24.7712975,-12.73526,7.35157251,-3.76064348,0.00245594978,0.063028574,-0.697441,-1.65762508,-0.7929402,21.8190346,0.218756139,-3.38046265,-2.96000576,0.408917785,0.0744366646,-0.7323757,-1.66344786,-0.5898397,13.2877,-14.3233337,6.812015,-1.615025,0.198517561,0.72638166,-1.09032214,-2.115105,-1.13176715,-21.90799,2.79091048,-9.017883,-7.982409,0.5580263,-0.318565369,-1.24887764,-1.91206491,-0.9694264,-23.24768,-18.6954651,-4.897766,-7.872547,-0.439718,-1.07454491,0.3684492,1.71347356,1.13832283,2.08986259
757,15.139994635770975,3550,0,1,-2.89279,0,-2.76256514,-0.382840782,0,-0.3934981,-0.382840782,0,-0.3934981,1,0,0,1,-0.945861459,0.194999427,-0.962991059,0.157731354,0.00453564338,-0.1666435,-0.9351606,0.104714327,-0.9209074,-2.523529,2.84447122,-1.4704895,-1.767878,-0.00518882275,-0.05870831,-0.8977451,-0.5351162,-0.9351438,12.8557892,1.04191768,-3.26370239,-3.19984961,0.418387175,0.06401205,-0.820065737,-0.7053267,-0.8459376,19.9536839,-12.3167725,8.460971,-4.26523066,-0.0005810261,-0.00143241882,-0.7490145,-1.84103465,-0.83234,17.9655571,0.7362992,-3.340088,-3.343964,0.427180529,0.06475997,-0.776974559,-1.88005269,-0.66455555,11.6278105,-13.6221619,8.115943,-1.62612557,0.317876816,0.75842917,-1.1029135,-2.30858254,-1.13535988,-30.1947937,3.6660037,-9.89386,-7.23380041,0.446176529,-0.285151482,-1.251018,-2.01998854,-0.979750156,-31.0271,-19.9995422,-2.78216553,-6.93872166,-0.273648262,-0.7053833,0.368131161,1.72400594,1.14002609,2.09937525
758,15.159994628684807,3554,0,1,-2.89279,0,-2.76256514,-0.382840782,0,-0.3934981,-0.382840782,0,-0.3934981,1,0,0,1,-0.92380327,0.107873127,-0.935199857,0.0858059749,0.005549361,-0.08987237,-0.9165087,0.0463662967,-0.905379653,-2.96383667,2.82831359,-1.54122925,-0.852523148,-0.01465252,-0.04414153,-0.8995221,-0.6515364,-0.9289902,8.796748,1.53701675,-3.31613159,-3.53538537,0.4307965,0.04253149,-0.740452647,-0.952392638,-0.90692085,14.0150661,-12.2854614,9.080843,-5.175935,-0.131238937,-0.604146,-0.8209793,-2.02404761,-0.8883934,13.8425732,1.23686945,-3.36599731,-3.58799076,0.433717132,0.0441379547,-0.694503069,-1.69224417,-0.809767365,13.8044243,-12.51181,8.93191051,1.82932758,0.805300951,1.17005873,-1.12698388,-2.45756674,-1.15078449,-37.2079163,4.56059074,-10.8170166,-6.204194,0.354122639,-0.23908329,-1.5813328,-1.047071,-1.15444613,-43.8922424,-24.72763,14.0901375,-14.8345013,4.89180756,6.65716648,0.333769321,1.74269354,1.14381027,2.11108613
759,15.179994621598638,3557,0,1,-2.89279,0,-2.76256514,-0.382840782,0,-0.3934981,-0.382840782,0,-0.3934981,1,0,0,1,-0.8917024,0.009136178,-0.9002746,0.00704831351,0.00194678851,-0.006998754,-0.8834805,0.0123621076,-0.875468433,-2.971466,2.80710983,-1.57336426,-0.3560915,-0.0071297884,-0.0282004476,-0.877844155,-0.5765687,-0.938317358,5.30369854,1.73140264,-3.58016968,-2.90019655,0.154711485,-0.167841911,-0.7937952,-0.9180964,-0.9361086,8.635047,-12.4282532,9.532852,-4.65473175,-0.1721741,-0.5252893,-0.810328066,-1.51912141,-1.00835037,10.9518328,1.36880958,-3.70986938,-2.46873832,0.1416161,-0.2588271,-0.8173158,-1.84448123,-0.9798545,13.7229757,-11.6060181,9.742073,-0.224386752,0.7153629,0.701013446,-1.78308952,-1.0500555,-1.76768792,-58.6699829,6.34456348,-6.699341,-18.34742,2.59420013,3.297884,-1.63347018,-1.3621881,-1.25908768,-55.39685,-30.06305,31.12372,-13.5273838,6.387169,4.47139835,0.262185574,1.75495028,1.17968559,2.13078618
760,15.199994614512471,3562,0,1,-2.89279,0,-2.76256514,-0.382840782,0,-0.3934981,-0.382840782,0,-0.3934981,1,0,0,1,-0.8785101,-0.0752533451,-0.8851177,-0.0600674972,0.000528995646,0.06405424,-0.8590748,-0.00677260756,-0.855529964,-2.71844482,2.7939043,-1.58477783,-0.122400686,0.00129183009,-0.0151480436,-0.8590492,-0.3273602,-0.9277184,3.61893344,1.39377391,-3.9609375,-1.441354,-0.13593936,-0.2364909,-0.91465354,-0.4972304,-0.880998552,5.88405,-12.2925415,10.2421923,-2.334546,0.0683074,0.14821136,-0.871553838,-0.846387,-1.01205146,8.98090649,1.01952958,-3.96853638,-1.53200793,-0.13682121,-0.159983754,-0.9908011,-1.20954835,-0.8933716,11.2929592,-11.2972107,10.407053,-2.0445962,0.124792695,0.1580081,-0.963065565,-0.8130591,-1.09745252,-66.08316,10.6765842,-11.5232239,-5.82237244,0.486044645,-0.4663577,-1.05424261,-1.16631651,-0.895373,-60.869812,-33.31375,34.14039,-4.60765028,-0.595806956,-0.7129967,0.190858841,1.76478148,1.22102165,2.15447783
761,15.219994607426303,3567,0,1,-2.89279,0,-2.76256514,-0.382840782,0,-0.3934981,-0.382840782,0,-0.3934981,1,0,0,1,-0.8637929,-0.134250551,-0.866881549,-0.1068605,0.000937973964,0.113952093,-0.8346283,-0.0162812173,-0.8357401,-2.29040527,2.78746533,-1.57055664,-0.0564926863,-4.2364E-05,0.00336180627,-0.8318462,-0.141792417,-0.883996248,3.18264461,1.33636808,-4.163147,-0.332284272,-0.0261803567,-0.172875181,-0.905115664,-0.230652362,-0.8327976,4.98199,-12.1396179,10.7598858,-0.8158929,0.0931223,0.277285576,-0.798181832,-0.248790562,-0.9391735,8.467683,0.9492577,-4.187042,-0.5887946,-0.008170828,-0.171249449,-0.997927964,-0.472107768,-0.8060329,10.3368578,-11.1693115,10.85431,-0.8591155,0.0607335567,0.238331616,-0.7979085,-0.247780085,-0.978326738,-68.64374,12.8589983,-13.9087219,-1.87560606,0.323152721,-0.056593895,-1.04301727,-0.454681754,-0.8263227,-64.53085,-38.36093,38.48045,-3.184091,-0.931526363,-0.416458845,-0.0328445435,1.80645251,1.29528236,2.22308469
762,15.239994600340136,3572,0,1,-2.89279,0,-2.76256514,-0.382840782,0,-0.3934981,-0.382840782,0,-0.3934981,1,0,0,1,-0.851773262,-0.164403349,-0.851443946,-0.130880877,0.000707094267,0.139455929,-0.8125781,-0.0155984312,-0.8192402,-1.778717,2.78865671,-1.52944946,-0.148771584,-0.005369626,0.0194201544,-0.803522348,-0.008010119,-0.8542924,3.68816519,1.34791362,-4.35043335,0.43339628,0.02147907,-0.173382133,-0.8839327,-0.0397795141,-0.7895376,5.31261969,-11.9182739,11.1061649,0.236350879,0.162572727,0.351440549,-0.751379251,0.146208972,-0.894294143,8.602742,0.970402658,-4.38150024,0.0351056643,0.0506426841,-0.166901782,-0.9732893,0.0612855554,-0.722260237,10.490098,-10.9553223,11.2097378,-0.1399018,0.07939145,0.276084125,-0.730514169,0.1109471,-0.9091447,-67.41177,12.75811,-13.8378906,1.26649451,0.2995613,0.04257804,-0.987820148,0.0436071157,-0.7268193,-64.073,-38.9579163,38.7193756,0.330553353,-0.158248156,0.290084451,-0.233792782,1.83491921,1.35195541,2.29115057
763,15.259994593253968,3577,0,1,-2.89279,0,-2.76256514,-0.382840782,0,-0.3934981,-0.382840782,0,-0.3934981,1,0,0,1,-0.8412011,-0.1666841,-0.837725461,-0.132721543,0.000651835056,0.1414015,-0.7909574,-0.009524703,-0.8027899,-1.2828064,2.7933495,-1.46893311,-0.31697613,-0.0165630132,0.0342420936,-0.7929307,0.018241778,-0.83891356,4.388089,1.44239247,-4.522583,0.579814434,0.0962866545,-0.162454277,-0.8653272,0.0403753221,-0.771643,6.167928,-11.696228,11.348547,0.65610534,0.164584711,0.340940863,-0.738915563,0.2824041,-0.8756089,9.297188,1.05018842,-4.55999756,0.549535632,0.09866071,-0.162735313,-0.943647146,0.311551332,-0.693751,11.10565,-10.7823792,11.4581041,0.449362278,0.109842569,0.3043115,-0.7035928,0.2656953,-0.8641532,-64.26129,11.7575207,-12.6278992,2.732285,0.272832632,0.0239796638,-0.934735954,0.282744884,-0.6833505,-61.1891174,-36.2844543,36.22737,2.34421182,0.495446444,0.615063846,-0.469657421,1.8567245,1.40259171,2.3738718
764,15.279994586167799,3582,0,1,-2.89279,0,-2.76256514,-0.382840782,0,-0.3934981,-0.382840782,0,-0.3934981,1,0,0,1,-0.831293464,-0.147201359,-0.8250001,-0.117344044,0.000775831752,0.125067,-0.773363769,0.00163845718,-0.791165,-0.863952637,2.799154,-1.386261,-0.5427312,-0.0293906927,0.0500172377,-0.791889966,-0.006644383,-0.8297107,4.82001257,1.65734756,-4.66696167,0.409005731,0.191459268,-0.136956871,-0.8475172,0.0281100422,-0.7755187,6.824138,-11.53363,11.5180664,0.5502643,0.122481465,0.2521627,-0.7466817,0.219609126,-0.8681491,10.0546207,1.22542048,-4.711548,0.496276379,0.184588373,-0.139897585,-0.9115461,0.298322082,-0.7171559,11.973732,-10.5858154,11.6388979,0.539699554,0.123125389,0.25758028,-0.7087231,0.237171844,-0.850234,-61.19153,10.9601831,-11.6448059,2.42120123,0.1117785,-0.052478075,-0.9093914,0.29606086,-0.679331541,-57.8789673,-33.2921753,33.7843857,2.630508,1.11388612,0.8520763,-0.660594,1.862335,1.43768692,2.44368982
765,15.299994579081632,3586,0,1,-2.89279,0,-2.76256514,-0.382840782,0,-0.3934981,-0.382840782,0,-0.3934981,1,0,0,1,-0.8203458,-0.110270619,-0.8125657,-0.09798454,0.00160730118,0.104659483,-0.7590366,0.0156254321,-0.7822091,-0.5845032,2.802689,-1.2895813,-0.7989187,-0.0447106361,0.05616367,-0.7882134,-0.0217699558,-0.8203533,5.037441,1.93835413,-4.790344,0.198208824,0.236147285,-0.117405638,-0.8358268,0.000787586,-0.7752348,7.17332935,-11.4079285,11.6730633,0.273051172,0.100597307,0.205265015,-0.7525394,0.08800703,-0.861940265,10.2987194,1.49181318,-4.83966064,0.168270484,0.238844156,-0.119588464,-0.8909159,0.153386682,-0.7338591,12.3405695,-10.3970642,11.8145561,0.230537713,0.156617358,0.214779556,-0.728953958,0.09303385,-0.862217069,-59.9115,10.7495794,-11.4588318,0.928517461,-0.0526239276,-0.128640115,-0.9149259,0.1444565,-0.6863419,-56.09674,-31.18332,32.4955063,1.42134583,1.16053665,0.374485672,-1.06160355,1.8668195,1.45189857,2.59230137
766,15.319994571995464,3591,0,1,-2.89279,0,-2.76256514,-0.382840782,0,-0.3934981,-0.382840782,0,-0.3934981,1,0,0,1,-0.8086442,-0.06434707,-0.800343752,-0.07764509,0.002482039,0.0832153857,-0.7471164,0.0290619731,-0.7749578,-0.458648682,2.804713,-1.19024658,-1.03021681,-0.05696416,0.05746615,-0.7819818,-0.0330259949,-0.8133237,4.95053864,2.206936,-4.917053,-0.0358042866,0.220921934,-0.1165338,-0.829923153,-0.02348587,-0.769629955,7.13462067,-11.2633667,11.9156437,-0.03329003,0.101973593,0.2032089,-0.750245869,-0.01878979,-0.8574038,10.2649374,1.74370158,-4.97091675,-0.0620001554,0.223304242,-0.1177707,-0.886355042,0.009327363,-0.7339478,12.3406572,-10.1847839,12.051075,-0.0688225,0.141694129,0.203957453,-0.7338861,-0.00546187162,-0.8713967,-60.0057373,11.0190468,-11.8879395,-0.13476108,-0.0741459355,-0.1636415,-0.908838332,0.0143879093,-0.7094333,-55.85373,-30.8982239,32.5333977,0.133136421,0.3432511,0.178541452,-1.38322926,1.86974382,1.41659355,2.7232337
767,15.339994564909297,3596,0,1,-2.89279,0,-2.76256514,-0.382840782,0,-0.3934981,-0.382840782,0,-0.3934981,1,0,0,1,-0.796874166,-0.0197099447,-0.7888171,-0.0567987449,0.00320200552,0.06119239,-0.73597616,0.0395446271,-0.769376457,-0.47555542,2.80717635,-1.0803833,-1.194854,-0.06293303,0.05976957,-0.7728108,-0.0198379457,-0.807192445,4.687418,2.4114933,-5.074768,-0.142374888,0.1671545,-0.130800232,-0.8230414,-0.0227707624,-0.7622015,6.84054947,-11.1068115,12.210557,-0.204451591,0.107964292,0.2068549,-0.7384661,-0.0576020926,-0.853502035,10.0978231,1.92554641,-5.124176,-0.178546429,0.170573354,-0.132987186,-0.8821484,-0.06360063,-0.724874854,12.1387959,-9.982239,12.331665,-0.242861658,0.134445429,0.211051464,-0.7258585,-0.044531703,-0.874304533,-60.58304,11.5288134,-12.5783691,-0.49753058,-0.0289344639,-0.181514457,-0.908985,-0.0487904847,-0.708144844,-56.3704529,-31.4573975,33.1896477,-0.5106841,-0.03163272,0.0582251549,-1.57116652,1.8673991,1.3808918,2.80403376
768,15.359994557823129,3600,0,1,-2.89279,0,-2.76256514,-0.382840782,0,-0.3934981,-0.382840782,0,-0.3934981,1,0,0,1,-0.7860599,0.004578054,-0.779214442,-0.051153522,0.003847426,0.0553318076,-0.7376948,-0.00219994783,-0.761114,0.06547518,2.80087733,-0.964508057,-0.60825485,-0.0809578,0.0304868817,-0.7606706,0.00384309888,-0.800999,4.44740248,2.52929473,-5.258148,-0.136141255,0.100163534,-0.152508944,-0.8159931,-0.00321339071,-0.7516772,6.54504538,-10.9307861,12.52856,-0.218440726,0.1231533,0.225523,-0.7230722,-0.045269385,-0.8511674,9.878406,2.02393365,-5.308258,-0.213660344,0.107460365,-0.154258877,-0.880328059,-0.0621649474,-0.710994244,11.86549,-9.762695,12.6481371,-0.2919646,0.131539911,0.226488739,-0.710698247,-0.04619643,-0.8742342,-61.13678,12.1146049,-13.30423,-0.455129743,0.02523844,-0.1531319,-0.9051991,-0.05586216,-0.69890666,-56.95117,-32.2880554,33.97683,-0.605745435,-0.189252615,0.07486835,-1.89444733,1.86373615,1.27375221,2.94701338
769,15.37999455073696,3604,0,1,-2.89279,0,-2.76256514,-0.382840782,0,-0.3934981,-0.382840782,0,-0.3934981,1,0,0,1,-0.777466059,-0.04604079,-0.7732351,-0.0788323954,0.004392763,0.08492523,-0.7407043,0.15080148,-0.754963,-2.219635,2.67831159,-1.05072021,-2.72860646,-0.155921817,0.0396962166,-0.745282948,-0.014465794,-0.793734252,4.400464,2.54378414,-5.461853,-0.0558622777,0.0258274972,-0.175851732,-0.8062573,-0.0194478482,-0.739083,6.46305656,-10.7330933,12.8338861,-0.12336348,0.142725483,0.2481623,-0.704696357,-0.0131651014,-0.847727,9.713583,2.029476,-5.51837158,-0.1228999,0.03225226,-0.176126212,-0.876626849,-0.025662899,-0.6946438,11.669281,-9.554352,12.9713745,-0.185181364,0.129121348,0.244937137,-0.6915657,-0.0214243531,-0.869621,-61.47049,12.6567831,-13.9238892,-0.196738809,0.0713893846,-0.126834258,-0.9016906,-0.02674228,-0.6808458,-57.29773,-32.9563,34.6409378,-0.3664022,-0.07690129,0.109149635,-2.03201437,1.86108077,1.21576691,3.01177573
770,15.399994543650793,3609,0,1,-2.89279,0,-2.76256514,-0.382840782,0,-0.3934981,-0.382840782,0,-0.3934981,1,0,0,1,-0.7637696,0.0282780975,-0.760601,-0.0260592569,0.004461187,0.0287430976,-0.722686946,-0.0567384548,-0.742557168,-0.8482666,2.79687023,-0.9302063,0.404633939,0.08532712,-0.0380347371,-0.737379968,0.0209409,-0.7906958,4.19837666,2.519282,-5.6946106,-0.113671117,-0.0150483549,-0.19408007,-0.8014848,0.0192214251,-0.732602358,6.245555,-10.5201416,13.1740675,-0.166708976,0.154197752,0.257714748,-0.6929856,-0.003007397,-0.8478891,9.651919,1.9700855,-5.746704,-0.106845409,-0.015698798,-0.194442391,-0.8750173,-0.006603718,-0.6852712,11.5871868,-9.295013,13.2970371,-0.162525713,0.1707995,0.262052536,-0.6762767,-0.00531736,-0.8668842,-61.41623,13.0279951,-14.3187561,0.06695262,0.0881629363,-0.106676139,-0.8996321,-0.00305004418,-0.6660224,-57.2191772,-33.258606,34.95257,-0.06425768,0.008086696,0.12765938,-2.305026,1.83897114,1.07513046,3.138609
771,15.419994536564625,3614,0,1,-2.89279,0,-2.76256514,-0.382840782,0,-0.3934981,-0.382840782,0,-0.3934981,1,0,0,1,-0.752561331,0.04213886,-0.7513937,-0.0187593848,0.00510903634,0.0211145021,-0.7028654,0.0294190645,-0.7251602,-0.6208496,2.79900956,-0.8558655,-0.9802731,-0.0291205645,-0.00311952829,-0.7247717,0.0449757874,-0.783957839,4.0860796,2.42124081,-5.941498,-0.0487423725,-0.0780179,-0.210948944,-0.7934247,0.04575534,-0.7215529,6.13491344,-10.2817993,13.5189571,-0.08829945,0.1749983,0.278182924,-0.679282248,0.009484708,-0.845507264,9.505582,1.85128868,-5.99636841,-0.151949421,-0.06739667,-0.210805491,-0.8721736,0.0125941932,-0.6731861,11.4363241,-9.022339,13.6487665,-0.194695592,0.175763324,0.275809765,-0.6665823,-0.0122336149,-0.8713068,-61.4544678,13.4339428,-14.7421875,0.007848285,0.09164901,-0.0957805961,-0.9003578,-0.004289642,-0.661304653,-57.1730042,-33.5487061,35.2516327,-0.0731042,-0.03559427,0.152262181,-2.46628475,1.81217515,0.9812107,3.213925
772,15.439994529478458,3618,0,1,-2.89279,0,-2.76256514,-0.382840782,0,-0.3934981,-0.382840782,0,-0.3934981,1,0,0,1,-0.7406823,0.048410967,-0.7412108,-0.00174610107,0.005339545,0.003043655,-0.6874895,0.0317455977,-0.7199637,-1.16259766,2.806439,-0.796264648,-1.02399039,-0.009047985,0.003398478,-0.713340759,0.0467776656,-0.777898967,3.98786616,2.2589922,-6.207123,-0.0317377821,-0.13338384,-0.227766186,-0.7853216,0.0484998971,-0.712245047,6.04555941,-10.0239258,13.8727551,-0.0657352954,0.191563219,0.289838433,-0.66576767,0.0106187612,-0.8431079,9.378607,1.6665225,-6.26541138,-0.135741055,-0.122233108,-0.227863178,-0.868090153,0.01607716,-0.6624047,11.3121214,-8.736023,14.010561,-0.172895133,0.186777338,0.288306624,-0.652665,-0.0118798912,-0.870131552,-61.469635,13.8092566,-15.1115112,0.03744202,0.09791406,-0.08348602,-0.897681,-0.00215268135,-0.6502723,-57.0691528,-33.8582764,35.5547943,-0.0290705636,-0.0314100534,0.166884542,-2.524767,1.79572666,0.9486885,3.24023032
773,15.459994522392289,3623,0,1,-2.89279,0,-2.76256514,-0.382840782,0,-0.3934981,-0.382840782,0,-0.3934981,1,0,0,1,-0.7295734,0.0451778024,-0.731974363,0.0184420273,0.00558137055,-0.0184117965,-0.6783418,0.0134124756,-0.7125495,-1.40322876,2.806381,-0.72857666,-0.687013268,-0.0272445381,0.003926456,-0.7033056,0.0387387574,-0.77278775,3.9267292,2.03527856,-6.486664,-0.008186996,-0.1863237,-0.242172748,-0.7782201,0.04021564,-0.7044148,5.99274254,-9.746307,14.2307014,-0.0428108424,0.20897305,0.300503284,-0.654146552,0.007301852,-0.8408112,9.290522,1.41888094,-6.54937744,-0.0981659144,-0.176294878,-0.242014676,-0.8638371,0.0122191608,-0.653173447,11.2269106,-8.430084,14.3772764,-0.135642022,0.206013411,0.299058765,-0.63939327,-0.0120671391,-0.8682944,-61.4642029,14.1305094,-15.4160156,0.0610316731,0.09470607,-0.07121863,-0.8939676,-0.00274923444,-0.63924557,-56.9500122,-34.1200562,35.81299,-0.00390440784,-0.0330749452,0.165481567,-2.64942884,1.77462077,0.8570709,3.302018
774,15.479994515306123,3626,0,1,-2.89279,0,-2.76256514,-0.382840782,0,-0.3934981,-0.382840782,0,-0.3934981,1,0,0,1,-0.718840957,0.0283414871,-0.723161459,0.0338729769,0.00583665,-0.0347985327,-0.673443735,0.019051,-0.7032097,-1.43182373,2.77156973,-0.6479492,-0.697007656,-0.0604881644,0.0111963749,-0.6930271,0.0229815543,-0.767078,3.91566682,1.74837732,-6.77868652,0.0314414948,-0.240976512,-0.255118132,-0.770606339,0.0238151252,-0.6963178,5.987428,-9.445648,14.59323,-0.00517869,0.227803916,0.310929149,-0.6422874,0.00334356725,-0.837136,9.255532,1.10668612,-6.846161,-0.0497147,-0.231570274,-0.2547273,-0.858888268,0.006726742,-0.643589437,11.1926317,-8.098053,14.7488,-0.08851969,0.2261388,0.310135275,-0.626018345,-0.0109112263,-0.8648496,-61.43222,14.39426,-15.6589355,0.08869605,0.09123219,-0.05993921,-0.8893596,-0.00298090279,-0.6280263,-56.8110046,-34.37738,36.0560341,0.017986808,-0.0351618379,0.167186052,-2.698429,1.76482224,0.81933403,3.32677412
775,15.499994508219954,3631,0,1,-2.89279,0,-2.76256514,-0.382840782,0,-0.3934981,-0.382840782,0,-0.3934981,1,0,0,1,-0.7088805,0.00398954749,-0.7146755,0.04671719,0.006010294,-0.04844939,-0.6634933,0.0355923772,-0.6913076,-1.42153931,2.726773,-0.5682068,-0.8757584,-0.0569241345,0.00684964657,-0.68324095,0.003221184,-0.7610212,3.96162939,1.397976,-7.08258057,0.0811746,-0.296274424,-0.2670246,-0.763125241,0.0035585314,-0.68821454,6.03835,-9.122131,14.9562855,0.0438051,0.247797787,0.320549846,-0.6309606,0.0004030317,-0.832443833,9.285694,0.729017437,-7.15493774,0.007973045,-0.28745386,-0.266394615,-0.8533179,0.002575606,-0.6339105,11.2236242,-7.743225,15.1222715,-0.0318206549,0.249427482,0.3204454,-0.6125639,-0.00731667876,-0.8593945,-61.3475952,14.5822868,-15.8209534,0.136774883,0.0883136839,-0.0478707626,-0.8837349,-0.000445351,-0.615701735,-56.637207,-34.54602,36.2293968,0.06297468,-0.0264862329,0.168400019,-2.71888113,1.76107335,0.8036289,3.337591
776,15.519994501133786,3636,0,1,-2.89279,0,-2.76256514,-0.382840782,0,-0.3934981,-0.382840782,0,-0.3934981,1,0,0,1,-0.6990282,-0.01967232,-0.705953836,0.0610128529,0.006114622,-0.06366666,-0.6533029,0.0388472378,-0.681901157,-1.45047,2.69161844,-0.5053711,-0.8809022,-0.04219997,-0.0002564788,-0.6740037,-0.0158991218,-0.754508853,4.066619,0.983501136,-7.39761353,0.134156331,-0.350614667,-0.2771998,-0.755778134,-0.0158049017,-0.680106461,6.1489625,-8.772583,15.32106,0.0972116,0.269221783,0.329756618,-0.620598,-0.00123856962,-0.826719046,9.385085,0.284879178,-7.47592163,0.06925014,-0.3424636,-0.276717454,-0.8476394,0.0004118085,-0.624455631,11.3243465,-7.357849,15.4978533,0.0302611738,0.271627843,0.329974949,-0.5998523,-0.00245895982,-0.85292846,-61.1888428,14.7059135,-15.9173279,0.19912006,0.0827952,-0.0285068154,-0.8774657,0.00372846425,-0.603722751,-56.3924866,-34.67456,36.3543968,0.124386624,-0.0145597309,0.174920008,-2.75481987,1.75853837,0.77132225,3.35803938
777,15.539994494047619,3641,0,1,-2.89279,0,-2.76256514,-0.382840782,0,-0.3934981,-0.382840782,0,-0.3934981,1,0,0,1,-0.6891134,-0.039127022,-0.6971047,0.0764277652,0.00621350249,-0.08008241,-0.643981755,0.0374129862,-0.6733362,-1.4197998,2.66400933,-0.449188232,-0.824787736,-0.03494805,-0.007727802,-0.6652432,-0.03181389,-0.7476154,4.22862768,0.5057738,-7.722168,0.184804767,-0.4029184,-0.285218239,-0.7484095,-0.03166674,-0.67215836,6.319348,-8.394806,15.6873035,0.149205908,0.292437971,0.3386443,-0.6113879,-0.00180111825,-0.8200501,9.54718,-0.22442627,-7.80822754,0.125735015,-0.395160317,-0.2852887,-0.8416732,4.942715E-05,-0.6156736,11.4908133,-6.94543457,15.8760986,0.0875494,0.296738982,0.339043617,-0.5886634,0.00221930444,-0.845857143,-60.9555359,14.7792387,-15.9633179,0.2606801,0.0741461739,-0.0101653785,-0.8714317,0.008342907,-0.5926649,-56.0852051,-34.7018433,36.3911476,0.192616463,0.005247161,0.167849243,-2.76599979,1.76191187,0.7593422,3.36625743
778,15.55999448696145,3646,0,1,-2.89279,0,-2.76256514,-0.382840782,0,-0.3934981,-0.382840782,0,-0.3934981,1,0,0,1,-0.679206252,-0.05325523,-0.686490655,0.08530436,0.0025790222,-0.09041092,-0.6334578,0.0368184,-0.66285485,-1.331604,2.6310246,-0.394683838,-0.7991883,-0.0216740072,-0.0122334957,-0.656752765,-0.0353422,-0.738836646,4.47185659,-0.03704834,-8.06488,0.26973325,-0.461083055,-0.294422925,-0.740787745,-0.03511502,-0.6631503,6.57380056,-7.992737,16.0480461,0.2370092,0.316249371,0.343290359,-0.5972314,-0.00061763823,-0.808587432,9.695094,-0.7871704,-8.157379,0.131876111,-0.441789567,-0.300632447,-0.8317792,0.00169767439,-0.6013076,11.6411839,-6.49453735,16.2689686,0.09656364,0.310970068,0.341693521,-0.5740987,-0.00115607679,-0.834868968,-60.74405,14.8265343,-15.97998,0.230227411,0.07726422,-0.00533220172,-0.862845957,0.005201027,-0.5773577,-55.7934265,-34.73044,36.4141655,0.177393883,0.00217214227,0.143522,-2.77117348,1.76113629,0.757679,3.36973
779,15.579994479875284,3651,0,1,-2.89279,0,-2.76256514,-0.382840782,0,-0.3934981,-0.382840782,0,-0.3934981,1,0,0,1,-0.6538874,-0.02595611,-0.661629438,0.00230231928,-0.0004839705,-0.00257275184,-0.6036387,0.0340465456,-0.639443,-1.3236084,2.6250875,-0.332611084,-0.896229744,-0.006380707,0.00963377953,-0.622448564,-0.0147465169,-0.7084232,4.434412,-0.6168518,-8.427216,0.006269902,-0.4890819,-0.3208246,-0.7127034,-0.01420027,-0.6290021,6.54047251,-7.525177,16.4788284,-0.03695284,0.353341043,0.361520678,-0.5720544,-0.004066929,-0.7879972,9.648446,-1.3994751,-8.523743,-0.05241832,-0.4812168,-0.314810723,-0.8151353,-0.0009997934,-0.575447738,11.5874977,-5.976288,16.7013111,-0.101926133,0.3705245,0.3609135,-0.556761,-0.00457708538,-0.8208951,-60.68158,14.914978,-16.0490417,0.0656318,0.08038306,-0.00142192,-0.8519597,0.00211501122,-0.5593027,-55.6312256,-34.8509521,36.5499,0.0266649127,-0.0144838765,0.121920764,-2.76796913,1.762321,0.7603226,3.368311
780,15.599994472789115,3656,0,1,-2.89279,0,-2.76256514,-0.382840782,0,-0.3934981,-0.382840782,0,-0.3934981,1,0,0,1,-0.63915807,-0.0244214386,-0.6478723,-0.017252747,-0.00116213609,0.0181306228,-0.5905402,0.0322104245,-0.6263405,-1.30575562,2.59275174,-0.2571411,-0.9016561,-0.048871547,0.0296399,-0.6067451,-0.00870809,-0.691586435,4.339275,-1.238678,-8.789764,-0.03106001,-0.5220023,-0.317044616,-0.696599841,-0.007828161,-0.613221049,6.44620132,-7.02417,16.914753,-0.07881081,0.387985826,0.366120577,-0.550373137,-0.00263684988,-0.766296566,9.551758,-2.055664,-8.896271,-0.100645259,-0.511551857,-0.319164,-0.7976035,0.00109788775,-0.55227834,11.4907923,-5.4519043,17.1441975,-0.150079191,0.384798974,0.368096173,-0.527887762,-0.00529843569,-0.793496549,-60.71637,15.1459751,-16.2064514,0.0225064643,0.09637083,-0.006894106,-0.831003368,0.00179208815,-0.5279168,-55.5231934,-35.15912,36.8325043,-0.005321346,-0.0334564969,0.122772545,-2.77376366,1.763345,0.7533264,3.37203956
781,15.619994465702947,3660,0,1,-2.89279,0,-2.76256514,-0.382840782,0,-0.3934981,-0.382840782,0,-0.3934981,1,0,0,1,-0.627555251,-0.03494428,-0.6371266,-0.02855109,-0.00125645963,0.030162923,-0.5835128,-0.00275468826,-0.61434406,-0.8497925,2.57357144,-0.180755615,-0.419619143,-0.0253671855,0.007422805,-0.5941025,-0.0117585063,-0.67810905,4.23643064,-1.89208984,-9.146454,-0.0370070338,-0.5573334,-0.313753,-0.684097767,-0.0106575936,-0.6005274,6.33556366,-6.47149658,17.3578434,-0.092191726,0.433111727,0.374043941,-0.5408357,0.000172898173,-0.7515072,9.436738,-2.74093628,-9.259705,-0.110006407,-0.5459872,-0.3156241,-0.7858186,0.00474347174,-0.5414909,11.3634329,-4.864624,17.5965652,-0.169633165,0.438194156,0.3742841,-0.5181117,-0.00100173056,-0.780645847,-60.7201538,15.2035131,-16.240387,0.0326703973,0.04058154,0.019857062,-0.8218043,0.00602528453,-0.516242743,-55.4107361,-35.2903442,36.9753838,0.0203373488,0.0308422521,0.09838815,-2.77307081,1.76379967,0.753294,3.37170029
782,15.63999445861678,3665,0,1,-2.89279,0,-2.76256514,-0.382840782,0,-0.3934981,-0.382840782,0,-0.3934981,1,0,0,1,-0.6166044,-0.0470250249,-0.6269121,-0.0381757841,-0.00133593834,0.0404124931,-0.5670764,0.0226526558,-0.6002721,-0.8147888,2.552404,-0.131347656,-0.8188181,-0.0131459236,-0.0105029941,-0.582744658,-0.01782319,-0.66580385,4.114976,-2.5954895,-9.498535,-0.0427598059,-0.603803754,-0.311364025,-0.672587633,-0.0166575313,-0.5891941,6.19416332,-5.85376,17.8104725,-0.107558668,0.487229526,0.380996048,-0.5322668,0.00043284893,-0.737265944,9.312773,-3.47717285,-9.617737,-0.117196769,-0.5918799,-0.312538,-0.774360657,0.00533521175,-0.531910956,11.2126389,-4.20709229,18.0554867,-0.188372612,0.497183621,0.3798095,-0.510508955,0.00162518024,-0.766563058,-60.710968,15.1853685,-16.2047424,0.03777825,0.0290734768,0.0390943,-0.8115249,0.00859715,-0.5073114,-55.29236,-35.36389,37.0737457,0.0302681252,0.0405207127,0.08269895,-2.77434826,1.76394677,0.751159668,3.372352
783,15.659994451530611,3668,0,1,-2.89279,0,-2.76256514,-0.382840782,0,-0.3934981,-0.382840782,0,-0.3934981,1,0,0,1,-0.6052342,-0.0468225926,-0.61628,-0.0380193181,-0.00136332784,0.04023825,-0.551249,0.03262134,-0.5878905,-0.9616394,2.515158,-0.07839966,-0.9728054,-0.0222174823,-0.008591294,-0.5726431,-0.0189008266,-0.654047847,3.96787047,-3.35141,-9.843109,-0.05968359,-0.651012,-0.306897044,-0.6613344,-0.0177066177,-0.579213262,6.008955,-5.160095,18.2675838,-0.138518065,0.551053762,0.384435117,-0.5247942,-0.00149177015,-0.7226735,9.171281,-4.2666626,-9.96814,-0.129025191,-0.6395304,-0.30798468,-0.761992157,0.00365450978,-0.5237034,11.0260868,-3.47283936,18.5191479,-0.215324581,0.5640761,0.383562684,-0.503693461,0.0009313673,-0.7515437,-60.71753,15.117384,-16.1121216,0.0244320184,0.0250757337,0.0601837263,-0.7998646,0.007878691,-0.4992895,-55.1947327,-35.4136658,37.1396027,0.0229880475,0.0355525278,0.0598447025,-2.77606773,1.76383185,0.7485657,3.37312984
784,15.679994444444445,3673,0,1,-2.89279,0,-2.76256514,-0.382840782,0,-0.3934981,-0.382840782,0,-0.3934981,1,0,0,1,-0.5935385,-0.0382116735,-0.605270565,-0.0311264638,-0.00123029738,0.03291529,-0.5415639,0.0282629728,-0.577146947,-1.0302124,2.45840454,-0.021697998,-0.9065183,-0.0373080373,-0.0106369257,-0.563211441,-0.0150614232,-0.642418861,3.79795623,-4.16436768,-10.177002,-0.07786706,-0.702513337,-0.300937474,-0.649995565,-0.013752982,-0.569926262,5.77406454,-4.36761475,18.7256947,-0.1768367,0.6336987,0.3863365,-0.5185163,-0.00351053476,-0.707730353,9.003494,-5.111603,-10.3074341,-0.146393687,-0.69081974,-0.301846623,-0.748119831,0.00212855637,-0.5170052,10.7870159,-2.64279175,18.9850922,-0.254181236,0.649560153,0.385577023,-0.4986036,-0.00205867,-0.7368725,-60.76178,14.9936352,-15.958313,-0.00253483653,0.0189197585,0.0868092254,-0.787077844,0.005057156,-0.493621141,-55.14557,-35.4342651,37.1571426,0.005310825,0.02644683,0.0207766425,-2.77806759,1.76368785,0.7458935,3.374109
785,15.699994437358276,3677,0,1,-2.89279,0,-2.76256514,-0.382840782,0,-0.3934981,-0.382840782,0,-0.3934981,1,0,0,1,-0.582030356,-0.02836135,-0.594309866,-0.0232620314,-0.0009944873,0.02458052,-0.5339109,0.0232469,-0.565681636,-0.997283936,2.39940333,0.0243141968,-0.830977,-0.0369627178,-0.0199590325,-0.5542044,-0.009928286,-0.630751133,3.60608339,-5.044037,-10.4989014,-0.09444505,-0.762508452,-0.294234216,-0.6380963,-0.008410856,-0.5612281,5.47732735,-3.43807983,19.179594,-0.223216355,0.7483108,0.3860789,-0.5128352,-0.004822433,-0.692169547,8.807487,-6.020996,-10.6339111,-0.166231364,-0.7499144,-0.29496,-0.7315225,0.00150990486,-0.5119677,10.4805441,-1.68215942,19.44972,-0.305795521,0.7667968,0.385718882,-0.4945248,-0.00509884953,-0.7215805,-60.8447266,14.8096771,-15.7359009,-0.02897593,0.0151090622,0.116587073,-0.771591246,0.00225915015,-0.4902142,-55.15271,-35.41156,37.1052628,-0.0120132193,0.0132305454,-0.03145884,-2.78176975,1.76350963,0.7411804,3.37602687
786,15.719994430272108,3682,0,1,-2.89279,0,-2.76256514,-0.382840782,0,-0.3934981,-0.382840782,0,-0.3934981,1,0,0,1,-0.5708776,-0.0206482112,-0.5835304,-0.0171257164,-0.000741903146,0.0180936251,-0.5234763,0.0232571363,-0.554077446,-0.949584961,2.35038114,0.0565198958,-0.830659568,-0.0163435042,-0.0372934341,-0.5455282,-0.005765155,-0.618760645,3.3905158,-5.999695,-10.8068237,-0.110930711,-0.8306186,-0.286275983,-0.6245514,-0.00401783,-0.553408,5.091859,-2.30279541,19.61607,-0.288606167,0.920125,0.380197346,-0.5077925,-0.00569120049,-0.675732851,8.584132,-7.00421143,-10.9455261,-0.186478049,-0.8169795,-0.2873307,-0.709359646,0.00134843588,-0.509825349,10.0842371,-0.5274353,19.907732,-0.377700567,0.9421776,0.382819235,-0.491252333,-0.00736227632,-0.7051371,-60.958374,14.55821,-15.432373,-0.05006998,0.0134979188,0.148968875,-0.7510024,0.0002642274,-0.489738673,-55.22052,-35.3005066,36.95624,-0.024966687,0.0009524524,-0.102664642,-2.78302574,1.76336312,0.7391453,3.37653923
787,15.739994423185941,3688,0,1,-2.89279,0,-2.76256514,-0.382840782,0,-0.3934981,-0.382840782,0,-0.3934981,1,0,0,1,-0.559966266,-0.0152429789,-0.5729285,-0.0128394375,-0.0005969944,0.0135550732,-0.5127845,0.0262550712,-0.5425435,-0.9427185,2.3032937,0.0764991,-0.872112632,-0.0122684538,-0.04657036,-0.537093937,-0.00303044915,-0.6063121,3.14916587,-7.03787231,-11.0970459,-0.129288912,-0.904301941,-0.276612,-0.6056472,-0.00105522573,-0.548189044,4.577164,-0.8628235,19.991457,-0.389139235,1.18804944,0.351360083,-0.5034868,-0.00669680536,-0.658046365,8.333963,-8.068024,-11.2390442,-0.206853271,-0.889932036,-0.277870744,-0.6747317,0.0007458627,-0.5134605,9.562909,0.9107009,20.3459854,-0.4806342,1.20306969,0.372354269,-0.488773137,-0.009111494,-0.686982,-61.0994263,14.22971,-15.0350952,-0.06998183,0.01201278,0.18422164,-0.718939245,-0.00196422637,-0.49395293,-55.3894043,-35.02899,36.60483,-0.0399205051,0.02590008,-0.198965564,-2.78475142,1.763202,0.7366524,3.377333
788,15.759994416099772,3693,0,1,-2.89279,0,-2.76256514,-0.382840782,0,-0.3934981,-0.382840782,0,-0.3934981,1,0,0,1,-0.5494132,-0.0115012079,-0.56244576,-0.009856456,-0.0003900015,0.0104216821,-0.502253,0.0286821425,-0.531114936,-0.976501465,2.25384879,0.09098104,-0.9028296,-0.0129468441,-0.0497629046,-0.529153466,-0.00143067539,-0.593290448,2.880742,-8.16272,-11.3651428,-0.14984414,-0.9815855,-0.264492631,-0.5690365,-0.0003592074,-0.551809,3.97281122,0.7571486,20.1497,-0.471280873,1.39927328,0.217699885,-0.5000815,-0.008152947,-0.6387361,8.056456,-9.216339,-11.5106812,-0.227773786,-0.966826558,-0.265649676,-0.6112553,-0.00216914713,-0.5308207,8.947451,2.54029918,20.7138062,-0.55080837,1.376518,0.321928859,-0.487227559,-0.0107765645,-0.6667385,-61.27057,13.8160772,-14.53418,-0.0938615948,0.009298995,0.221739754,-0.6604178,-0.004958451,-0.5089311,-55.666626,-34.48703,36.0066643,-0.0452291779,0.08106026,-0.343612522,-2.781815,1.76311493,0.739233,3.375431
789,15.779994409013606,3696,0,1,-2.89279,0,-2.76256514,-0.382840782,0,-0.3934981,-0.382840782,0,-0.3934981,1,0,0,1,-0.5390813,-0.009210959,-0.5519126,-0.00808745,-0.000650216,0.008471945,-0.493111163,0.02966848,-0.5203881,-1.0255127,2.2034452,0.102306254,-0.910422,-0.019433111,-0.0452011228,-0.5216528,-0.0008172244,-0.5793588,2.584684,-9.376923,-11.60849,-0.1720171,-1.06098008,-0.252971351,-0.5317226,-0.003118515,-0.5554631,3.71830988,1.350722,20.0243988,-0.21506846,0.6642356,0.00414305925,-0.497696936,-0.0101428926,-0.6174215,7.751324,-10.4515381,-11.7565308,-0.249469191,-1.04632938,-0.2500404,-0.529626,-0.008700147,-0.5558578,8.619454,3.366401,20.8358688,-0.26718244,0.616160154,0.103682816,-0.486981958,-0.0125425756,-0.6440212,-61.47516,13.3096561,-13.921814,-0.123339295,0.00446161628,0.2620529,-0.561997533,-0.00730884075,-0.534868658,-56.01935,-33.6341248,35.18896,-0.04683408,0.253573358,-0.398670971,-2.78347588,1.76300693,0.7368603,3.376225
790,15.799994401927437,3702,0,1,-2.89279,0,-2.76256514,-0.382840782,0,-0.3934981,-0.382840782,0,-0.3934981,1,0,0,1,-0.5280404,-0.008718729,-0.5412057,-0.007669568,-0.0006270879,0.008031215,-0.484261423,0.029722169,-0.5101404,-1.07144165,2.15602636,0.116241686,-0.904267251,-0.0244933963,-0.0384361148,-0.5136899,-0.00109562278,-0.563826144,2.29541469,-10.5280151,-11.8119812,-0.163283587,-0.986305654,-0.212882042,-0.526666164,-0.0004760772,-0.5416867,3.72298622,1.282385,20.01202,0.0163224339,0.0615951568,-0.00330719166,-0.495260447,-0.0115921348,-0.5935886,7.454361,-11.6193542,-11.9544067,-0.239669561,-0.9712919,-0.213866949,-0.488294721,-0.006430179,-0.5595297,8.617814,3.33724046,20.69012,-0.0359703451,0.0100923553,-0.111990638,-0.485253364,-0.0135859549,-0.618712366,-61.69989,12.7803116,-13.3070679,-0.146364525,-0.0311044455,0.246643782,-0.473562658,-0.00561867654,-0.5648092,-56.2939758,-32.9122925,34.6777458,-0.05928161,0.0431548953,-0.199553162,-2.78850174,1.7629745,0.73106575,3.37909436
791,15.819994394841268,3707,0,1,-2.89279,0,-2.76256514,-0.382840782,0,-0.3934981,-0.382840782,0,-0.3934981,1,0,0,1,-0.516837537,-0.00980776548,-0.5302611,-0.008509606,-0.0005397205,0.008947566,-0.474786431,0.0289452523,-0.499056518,-1.11016846,2.112989,0.125252739,-0.8871641,-0.0254092216,-0.03621179,-0.506078839,-0.00132469833,-0.5468092,2.1416626,-11.0606079,-11.9399109,-0.0531372279,-0.4312099,-0.13384372,-0.517380655,0.003212586,-0.5291763,3.78009224,1.1521033,20.0188465,0.07947624,-0.0516332872,0.00212986767,-0.490076751,-0.0086055845,-0.5716109,7.295198,-12.1624146,-12.0791016,-0.126949,-0.416796029,-0.13083452,-0.469483227,0.000942334533,-0.553455532,8.704682,3.10599232,20.4974022,0.0223769918,-0.124143235,-0.153387338,-0.47786957,-0.0103989542,-0.592542946,-61.83853,12.5968418,-13.1824036,-0.102897294,-0.100093447,0.0224824324,-0.446627647,-0.00310277939,-0.566632569,-56.3965149,-32.7962952,34.6291351,-0.04531713,0.0374293439,-0.105754063,-2.785965,1.76302445,0.7333851,3.37753
792,15.839994387755102,3711,0,1,-2.89279,0,-2.76256514,-0.382840782,0,-0.3934981,-0.382840782,0,-0.3934981,1,0,0,1,-0.5055792,-0.01215446,-0.5191778,-0.0103573669,-0.0005094569,0.0109251924,-0.462955862,0.0276128948,-0.487362862,-1.13305664,2.07855868,0.130931348,-0.8644736,-0.0141678751,-0.04091078,-0.496674269,-0.00141078234,-0.5319065,2.104254,-11.1024475,-12.0249939,0.0265788063,-0.06316605,-0.08428121,-0.504012942,0.00301429629,-0.51866,3.80025673,1.14851117,20.018425,0.05548116,0.0324101523,-0.00140907057,-0.4803847,-0.00314587355,-0.555923045,7.25560856,-12.2121887,-12.1686707,-0.0433023944,-0.04902415,-0.08594375,-0.46223706,0.004826382,-0.5399615,8.744571,3.02526522,20.3499451,-0.004895121,-0.0288173258,-0.122751057,-0.470515847,-0.00420390069,-0.5687579,-61.8699341,12.4760437,-13.1705933,-0.0221823826,-0.08747085,0.00151918456,-0.439033568,-0.000486731529,-0.5547201,-56.39966,-32.8363953,34.5653648,0.0310409665,-0.078708455,-0.0850573853,-2.78904057,1.76316488,0.7298279,3.37937069
793,15.859994380668933,3717,0,1,-2.89279,0,-2.76256514,-0.382840782,0,-0.3934981,-0.382840782,0,-0.3934981,1,0,0,1,-0.49425593,-0.0152598172,-0.508044541,-0.0128252441,-0.000607352646,0.0135335941,-0.449953,0.0264175087,-0.475197554,-1.14523315,2.045816,0.133836955,-0.846074939,-0.005268991,-0.04859954,-0.4856773,-0.00136211514,-0.519033968,2.11264515,-10.9933167,-12.0997314,0.0602053553,0.0574050322,-0.06727755,-0.488625318,0.000637024641,-0.5091258,3.76646566,1.287323,20.0128,0.0151509009,0.137718275,-0.01509491,-0.469718367,0.00217674673,-0.5420731,7.26291752,-12.1101379,-12.2467957,-0.008759234,0.0714744553,-0.0689776838,-0.4558761,0.00458599627,-0.52561754,8.722103,3.11751747,20.24734,-0.0498495847,0.0976063,-0.0872708559,-0.461687624,0.0003478229,-0.5510265,-61.8223877,12.4475536,-13.2391663,0.0452851057,-0.0360981748,-0.006092936,-0.435497969,0.00121858716,-0.5392112,-56.3966064,-32.853363,34.41972,0.0325382277,-0.131610185,-0.0906912,-2.791419,1.76335669,0.7270851,3.38084316
794,15.879994373582766,3723,0,1,-2.89279,0,-2.76256514,-0.382840782,0,-0.3934981,-0.382840782,0,-0.3934981,1,0,0,1,-0.482939422,-0.0184826851,-0.496952027,-0.0153886518,-0.0007193333,0.0162404068,-0.4366539,0.02527763,-0.463048875,-1.1461792,2.01190472,0.135659546,-0.830153346,0.00148031116,-0.0558373332,-0.474133939,-0.00215570629,-0.5072148,2.12313867,-10.9089661,-12.17569,0.06295406,0.0448039323,-0.06652287,-0.469976127,-0.00255307555,-0.501344,3.7069912,1.48093534,19.9600048,-0.005274996,0.180595219,-0.0519445539,-0.458790928,0.004512146,-0.529328048,7.27194,-12.0328369,-12.32486,-0.00618769974,0.05895449,-0.06750849,-0.4430918,0.00212855637,-0.514788866,8.663129,3.30176067,20.171175,-0.07367987,0.156739533,-0.06551818,-0.451625139,0.00175115466,-0.5375348,-61.7480469,12.4809437,-13.3413086,0.0771949962,0.00100774691,-0.008392826,-0.427881122,0.000799909234,-0.5254268,-56.4377747,-32.81256,34.1761131,0.00158620626,-0.115661182,-0.113873579,-2.79282665,1.76355,0.7254276,3.38175035
795,15.899994366496598,3728,0,1,-2.89279,0,-2.76256514,-0.382840782,0,-0.3934981,-0.382840782,0,-0.3934981,1,0,0,1,-0.4715833,-0.0213841051,-0.485946417,-0.0177072622,-0.000870550459,0.0186766218,-0.424902558,0.0247004181,-0.451645,-1.13745117,1.97629738,0.136687666,-0.8232373,-0.00144281983,-0.0565347075,-0.4624369,-0.00388479233,-0.495996684,2.119666,-10.88678,-12.255188,0.05361949,0.00112961233,-0.07063371,-0.4554519,-0.00511421263,-0.4915926,3.63968062,1.68458247,19.88207,-0.0147747993,0.196926832,-0.06736984,-0.447638,0.003716126,-0.5174945,7.267081,-12.0179138,-12.4053345,-0.0154923238,0.0152883977,-0.07051694,-0.425820738,-0.000297293067,-0.506279,8.597632,3.49810672,20.09067,-0.0814976543,0.172972158,-0.07016517,-0.4406655,0.0007892698,-0.5260908,-61.68515,12.5463619,-13.4530334,0.0764167458,0.023786258,-0.004134707,-0.41312176,-0.00201259553,-0.515174448,-56.5215454,-32.6984863,33.8996658,-0.007699892,-0.0420144349,-0.113840327,-2.790372,1.76366711,0.727848053,3.38030457
796,15.919994359410429,3734,0,1,-2.89279,0,-2.76256514,-0.382840782,0,-0.3934981,-0.382840782,0,-0.3934981,1,0,0,1,-0.460294753,-0.0235573053,-0.475058138,-0.0194409657,-0.0009615518,0.0205033,-0.41319564,0.024372071,-0.440171361,-1.12146,1.9399159,0.1379163,-0.8208986,-0.0021404922,-0.0570551753,-0.450873822,-0.00575858355,-0.4850845,2.10302114,-10.9040222,-12.336731,0.0443667546,-0.0276378319,-0.07392903,-0.441379517,-0.00683657825,-0.481853247,3.5722878,1.8842144,19.7859535,-0.01633878,0.197464675,-0.082083486,-0.436190665,0.00154529512,-0.506468534,7.249369,-12.0426025,-12.4875793,-0.024486227,-0.0134488195,-0.0735778138,-0.406862855,-0.00177966058,-0.498763353,8.5338335,3.68923831,19.991724,-0.0822677,0.173905492,-0.0847359,-0.429178417,-0.00116425753,-0.5156208,-61.64804,12.6320286,-13.57254,0.0621872172,0.0361236855,-0.000140344724,-0.393384755,-0.004679784,-0.507736862,-56.63022,-32.52838,33.6051559,-0.00393133331,0.023586221,-0.105561212,-2.79516172,1.76387477,0.7227726,3.38328
797,15.939994352324263,3737,0,1,-2.89279,0,-2.76256514,-0.382840782,0,-0.3934981,-0.382840782,0,-0.3934981,1,0,0,1,-0.4490792,-0.02483952,-0.464251965,-0.0204670615,-0.00100749824,0.0215860158,-0.402822852,0.0245694071,-0.429469824,-1.10266113,1.90461659,0.1387619,-0.8260579,-0.008594573,-0.0526277423,-0.439412057,-0.007089317,-0.474464625,2.0793035,-10.93222,-12.4198,0.03953812,-0.0359745324,-0.0762450546,-0.426769227,-0.00767375529,-0.472644359,3.51173449,2.06878924,19.6677,-0.0115018934,0.186702341,-0.10146559,-0.424595058,-0.000292822719,-0.496258676,7.225396,-12.0786438,-12.5714417,-0.0290843118,-0.0217426978,-0.07572265,-0.386565834,-0.0021468997,-0.492658943,8.478376,3.86368275,19.8705616,-0.07720776,0.163326174,-0.103594556,-0.4174546,-0.002791077,-0.5057649,-61.6311646,12.7331686,-13.7025452,0.0510035679,0.043015454,0.00152241066,-0.371296585,-0.006024495,-0.5023185,-56.7468262,-32.31662,33.29206,0.00638053,0.06646428,-0.09867885,-2.79271173,1.763942,0.7252636,3.38182449
798,15.959994345238094,3743,0,1,-2.89279,0,-2.76256514,-0.382840782,0,-0.3934981,-0.382840782,0,-0.3934981,1,0,0,1,-0.4379874,-0.0252732486,-0.4535512,-0.020816315,-0.00101971917,0.0219549444,-0.393958747,0.0252607018,-0.418985784,-1.08370972,1.87063193,0.138052538,-0.8379285,-0.02080828,-0.0440698862,-0.428091,-0.00757502,-0.464124173,2.054047,-10.9558716,-12.5049744,0.0390045978,-0.0325039178,-0.07816095,-0.4118572,-0.00772935152,-0.463894576,3.46397281,2.22782969,19.5228615,-0.001562573,0.166431755,-0.1243671,-0.412741482,-0.00111143291,-0.4867213,7.199939,-12.1103516,-12.65744,-0.0299385432,-0.0180754587,-0.07796645,-0.36489436,-0.00173394382,-0.487274915,8.436603,4.01037645,19.723217,-0.06761886,0.143105328,-0.126585454,-0.405577481,-0.00367482,-0.496469527,-61.6217957,12.847723,-13.8439941,0.0487155281,0.04877553,0.00142586883,-0.347427338,-0.00652231276,-0.497903049,-56.8624573,-32.0661926,32.9574852,0.0207727142,0.0999048352,-0.09332758,-2.79726839,1.76403451,0.7205353,3.38462687
799,15.979994338151927,3749,0,1,-2.89279,0,-2.76256514,-0.382840782,0,-0.3934981,-0.382840782,0,-0.3934981,1,0,0,1,-0.427013755,-0.02485837,-0.442908555,-0.0204876456,-0.0009844906,0.0216122735,-0.384518355,0.0260228813,-0.408156,-1.06677246,1.8424077,0.1350386,-0.8507472,-0.0237401426,-0.0402140021,-0.416828722,-0.00728969276,-0.4541384,2.03003383,-10.970459,-12.59317,0.0407087058,-0.0253645852,-0.08101927,-0.3966883,-0.007246092,-0.455566853,3.43280053,2.35230041,19.3486347,0.0115464218,0.138200685,-0.150461227,-0.400954247,-0.00100755692,-0.477881521,7.175441,-12.1331787,-12.7465515,-0.02873667,-0.0107554048,-0.08038751,-0.3425332,-0.00103898346,-0.4828892,8.412006,4.11987972,19.5467663,-0.0550327227,0.114852168,-0.152152747,-0.3936919,-0.00387829542,-0.4878204,-61.6101379,12.974515,-13.9964905,0.0536110736,0.05367316,-0.0003037909,-0.322544873,-0.006683737,-0.494478256,-56.9731445,-31.7780457,32.6006241,0.0358646624,0.1276898,-0.08957343,-2.7986412,1.76404917,0.7191391,3.3854723
800,15.999994331065759,3755,0,1,-2.89279,0,-2.76256514,-0.382840782,0,-0.3934981,-0.382840782,0,-0.3934981,1,0,0,1,-0.4161349,-0.0237936825,-0.4323172,-0.019644022,-0.000950760441,0.0207201615,-0.37187767,0.0262335539,-0.396400958,-1.05502319,1.81865168,0.129082263,-0.856112838,-0.009101361,-0.0491188169,-0.405678332,-0.006507173,-0.444350958,2.007608,-10.9768677,-12.6860352,0.0429707132,-0.0187090412,-0.0844059959,-0.3815036,-0.006468028,-0.44750905,3.42022371,2.43461561,19.1428585,0.026436111,0.103375405,-0.1782241,-0.3889528,-0.0004966855,-0.469500154,7.152338,-12.1482544,-12.8401184,-0.0271174666,-0.00382811576,-0.0840386748,-0.31968227,-0.0004493147,-0.478977442,8.407018,4.18457031,19.33921,-0.0406299755,0.0801022351,-0.180018023,-0.38164705,-0.00380723178,-0.479737252,-61.5917969,13.1145849,-14.1604919,0.0613419041,0.0587593839,-0.00338822138,-0.29783535,-0.006790757,-0.4912616,-57.0791626,-31.45694,32.2252274,0.0441269428,0.167244628,-0.0880446658,-2.80029774,1.764025,0.7174797,3.38647723
801,16.019994323979592,3761,0,1,-2.89279,0,-2.76256514,-0.382840782,0,-0.3934981,-0.382840782,0,-0.3934981,1,0,0,1,-0.405229568,-0.0224873424,-0.421745181,-0.0186139662,-0.0009790551,0.0196145251,-0.35904634,0.0265819579,-0.385052323,-1.047821,1.79548776,0.11994902,-0.862519741,-0.00204783678,-0.0580218434,-0.3944182,-0.005611539,-0.434773475,1.9861877,-10.9772644,-12.7843323,0.0447156429,-0.0136463344,-0.08902518,-0.366343528,-0.005631417,-0.4395485,3.42677546,2.471011,18.90542,0.0413680859,0.0662801,-0.206275716,-0.376858473,-2.51680613E-05,-0.461516142,7.12962246,-12.1576843,-12.9390564,-0.0259872191,0.00145675987,-0.08824773,-0.2971788,-4.297495E-05,-0.475389153,8.421602,4.200458,19.10026,-0.0262195244,0.0430744,-0.207657665,-0.369412482,-0.003799662,-0.47212708,-61.5664978,13.268239,-14.3366089,0.06822999,0.06339607,-0.006986266,-0.273293555,-0.006943688,-0.4885559,-57.18698,-31.0956116,31.8345413,0.051880423,0.188816726,-0.09213695,-2.8014164,1.76397538,0.716405869,3.38714933
802,16.039994316893424,3767,0,1,-2.89279,0,-2.76256514,-0.382840782,0,-0.3934981,-0.382840782,0,-0.3934981,1,0,0,1,-0.394263536,-0.0210977048,-0.4111904,-0.0175217055,-0.00103666971,0.0184355844,-0.346046448,0.0268442631,-0.37384364,-1.045166,1.76917791,0.109853223,-0.866937935,0.00285479426,-0.0656878948,-0.3830992,-0.004774064,-0.4252663,1.96457732,-10.9737549,-12.8883667,0.04556464,-0.010256812,-0.09404327,-0.35144797,-0.00481376052,-0.431520641,3.45056176,2.463258,18.6377048,0.05506103,0.0304853618,-0.232721075,-0.364602834,0.00022366643,-0.4538369,7.106395,-12.1636353,-13.0435791,-0.0255415142,0.00508031249,-0.09347605,-0.27523756,0.000203832984,-0.471427739,8.454207,4.169547,18.8312645,-0.0129288416,0.0074634403,-0.2341432,-0.357041925,-0.003932938,-0.464989126,-61.53705,13.4364691,-14.5256348,0.07251655,0.06724076,-0.0111392736,-0.24898532,-0.00692336261,-0.485744178,-57.298645,-30.69989,31.425024,0.0576884933,0.191569686,-0.101258121,-2.80052948,1.76392722,0.717414856,3.38660431
803,16.059994309807255,3771,0,1,-2.89279,0,-2.76256514,-0.382840782,0,-0.3934981,-0.382840782,0,-0.3934981,1,0,0,1,-0.383218378,-0.0198139846,-0.400633276,-0.0165124442,-0.0010985675,0.0173441134,-0.334727883,0.02725117,-0.3633661,-1.0463562,1.73893559,0.099593766,-0.872221649,-0.00319576263,-0.0656108856,-0.371625155,-0.00407095253,-0.4158597,1.94186568,-10.9680481,-12.9989014,0.045694422,-0.00819575,-0.09983763,-0.336787254,-0.004080564,-0.423375249,3.48918223,2.41574073,18.3423061,0.06712219,-0.00238320231,-0.257282853,-0.352084816,0.000265225768,-0.446348876,7.08147,-12.1678772,-13.1546021,-0.0256741457,0.00733029842,-0.0991855338,-0.254195422,0.0004156232,-0.4673317,8.502414,4.09645462,18.5345287,-0.00112343207,-0.0251404047,-0.2586536,-0.3443398,-0.00419986248,-0.458042443,-61.5056763,13.6197977,-14.7289429,0.0744920745,0.07070765,-0.01565833,-0.2256231,-0.00668485463,-0.4828002,-57.41159,-30.2822266,30.9989567,0.061792627,0.186722577,-0.112613231,-2.80365276,1.76384819,0.7143364,3.38849616
804,16.079994302721087,3777,0,1,-2.89279,0,-2.76256514,-0.382840782,0,-0.3934981,-0.382840782,0,-0.3934981,1,0,0,1,-0.3721612,-0.0188706368,-0.390093118,-0.0157700013,-0.0011337297,0.0165434778,-0.323358,0.02762258,-0.352659971,-1.05160522,1.70640743,0.09096773,-0.8769303,-0.006360829,-0.06514901,-0.3600813,-0.00358910859,-0.406493634,1.91739225,-10.9608459,-13.11673,0.0455264449,-0.00678482652,-0.105943784,-0.322451234,-0.00347968936,-0.415074378,3.540559,2.33281279,18.0216789,0.07787631,-0.0318748951,-0.2795907,-0.33939442,0.0002014488,-0.4390535,7.05466366,-12.1712952,-13.2726746,-0.026011955,0.008941941,-0.105493486,-0.233999282,0.0006392896,-0.4627785,8.563355,3.98549151,18.2124443,0.009080008,-0.0544108748,-0.2811447,-0.331417352,-0.00445769727,-0.4513406,-61.4729,13.818821,-14.9472351,0.07575221,0.07372518,-0.0205157511,-0.203325361,-0.006395191,-0.4794778,-57.52597,-29.8486633,30.5589256,0.0640985444,0.178907365,-0.125059247,-2.80495214,1.76378882,0.713161469,3.389293
805,16.099994295634922,3782,0,1,-2.89279,0,-2.76256514,-0.382840782,0,-0.3934981,-0.382840782,0,-0.3934981,1,0,0,1,-0.361079216,-0.01822196,-0.3795366,-0.015260228,-0.00115942955,0.0159931611,-0.312175125,0.0277791917,-0.342276752,-1.06005859,1.67368424,0.08295001,-0.87790513,-0.008179098,-0.06413728,-0.3484232,-0.0032838136,-0.3971875,1.891245,-10.952179,-13.2415161,0.04528744,-0.00538080931,-0.112638637,-0.308376849,-0.00312554836,-0.406632036,3.60217524,2.21793485,17.678318,0.08678612,-0.0584871173,-0.3000508,-0.326563448,0.000123336911,-0.431898475,7.02596,-12.1737976,-13.397644,-0.0262353718,0.0104838461,-0.111956805,-0.2148186,0.000762984157,-0.457986653,8.635442,3.840656,17.867384,0.0179139227,-0.0806518346,-0.301262677,-0.318339318,-0.0046723634,-0.444825679,-61.43872,14.03304,-15.1802368,0.07672465,0.07621184,-0.0254428238,-0.182225555,-0.006031394,-0.4757558,-57.64029,-29.4004517,30.10481,0.066356346,0.1708563,-0.137048274,-2.80572319,1.76374674,0.7125435,3.38977933
806,16.119994288548753,3786,0,1,-2.89279,0,-2.76256514,-0.382840782,0,-0.3934981,-0.382840782,0,-0.3934981,1,0,0,1,-0.3500067,-0.01793158,-0.3689951,-0.0150317326,-0.00119047344,0.0157414339,-0.302451283,0.0280022323,-0.332459,-1.0680542,1.64107573,0.07612321,-0.879194,-0.0184488,-0.0568984151,-0.336725,-0.00316785276,-0.3878815,1.86335862,-10.941803,-13.3747559,0.0450870171,-0.00379626453,-0.1194502,-0.294696957,-0.00294932723,-0.397991329,3.67242551,2.074301,17.3141441,0.0944301039,-0.08255926,-0.318049252,-0.313575536,8.417666E-05,-0.424850881,6.99553,-12.175415,-13.5310059,-0.0261611622,0.0121830776,-0.118881032,-0.196500659,0.0008561611,-0.4526489,8.71636,3.66510224,17.5013981,0.0254891142,-0.104270726,-0.319627762,-0.3049956,-0.00475125,-0.4383505,-61.4021,14.2641306,-15.4297791,0.07800186,0.0787656,-0.03251169,-0.162264332,-0.005671203,-0.4714585,-57.75595,-28.9414978,29.6401558,0.06694098,0.162375987,-0.1490131,-2.80794954,1.76371646,0.710454941,3.39116836
807,16.139994281462585,3792,0,1,-2.89279,0,-2.76256514,-0.382840782,0,-0.3934981,-0.382840782,0,-0.3934981,1,0,0,1,-0.339001417,-0.0179958344,-0.358480573,-0.0150823975,-0.0011938035,0.0157939084,-0.294038415,0.0283348709,-0.322842449,-1.07598877,1.61134291,0.07133534,-0.8818939,-0.03359738,-0.04415649,-0.325038,-0.00321789086,-0.3786173,1.834451,-10.9291992,-13.5154419,0.0451592952,-0.00186896324,-0.1264521,-0.281374216,-0.00297144055,-0.3892232,3.74962187,1.90456855,16.9314938,0.100927606,-0.104355425,-0.334119767,-0.30066964,8.818507E-05,-0.417975336,6.96367645,-12.175415,-13.6717529,-0.0258854087,0.0142484531,-0.125938162,-0.179184139,0.0009153038,-0.446927816,8.804391,3.46169639,17.1166439,0.0319279656,-0.125608027,-0.335780978,-0.291937232,-0.00475555658,-0.4320365,-61.36209,14.5101185,-15.694,0.07845517,0.08233243,-0.05677732,-0.143493235,-0.00529652834,-0.4666064,-57.8721924,-28.4727478,29.16559,0.06692296,0.154449224,-0.160036743,-2.80928516,1.76370966,0.709289551,3.392027
808,16.159994274376416,3798,0,1,-2.89279,0,-2.76256514,-0.382840782,0,-0.3934981,-0.382840782,0,-0.3934981,1,0,0,1,-0.3280435,-0.0182650387,-0.347940922,-0.0152917039,-0.00117598241,0.0160205383,-0.284256339,0.0282386988,-0.312069476,-1.08032227,1.58781683,0.0650548339,-0.8791118,-0.0359788239,-0.0406639576,-0.3133247,-0.00338608027,-0.3694043,1.80427861,-10.9135437,-13.6646118,0.0454264656,0.00113223493,-0.133879587,-0.26838544,-0.00313708186,-0.3802936,3.83204055,1.71086037,16.5328178,0.1062593,-0.1243808,-0.3483861,-0.287679434,8.998811E-05,-0.411135167,6.930676,-12.1732178,-13.8211365,-0.0252536424,0.0173109546,-0.132795945,-0.162938938,0.0009280145,-0.440932184,8.898108,3.23288226,16.71559,0.0373801664,-0.145127535,-0.3497509,-0.278717935,-0.00468437374,-0.425651371,-61.317627,14.783885,-15.9863281,0.0786880553,0.08605486,-0.0800367,-0.1260517,-0.00489413738,-0.4614016,-57.9879761,-27.9963684,28.6835842,0.0666728541,0.147028536,-0.169536963,-2.81097174,1.76372051,0.7077713,3.39311242
809,16.179994267290247,3803,0,1,-2.89279,0,-2.76256514,-0.382840782,0,-0.3934981,-0.382840782,0,-0.3934981,1,0,0,1,-0.317032516,-0.01876238,-0.337337554,-0.0156897027,-0.00121465628,0.016434852,-0.271892071,0.027999565,-0.300570875,-1.08428955,1.56877279,0.05415092,-0.8757961,-0.0208230913,-0.05081737,-0.301606864,-0.00366073847,-0.35999456,1.7734679,-10.8935852,-13.8218689,0.0462119877,0.00558871031,-0.140648425,-0.2557168,-0.003424704,-0.371106535,3.91841245,1.49487567,16.1203461,0.110781841,-0.143039256,-0.3605358,-0.274674326,8.478761E-05,-0.4042044,6.896817,-12.1673584,-13.9784241,-0.0242960826,0.0219562277,-0.139947385,-0.147618577,0.000882267952,-0.434404969,8.995871,2.98046374,16.30054,0.0418841541,-0.1632852,-0.3618845,-0.2653996,-0.00464598835,-0.419477463,-61.2669067,15.1048183,-16.32602,0.07944411,0.0878693,-0.09206759,-0.109874643,-0.00456208,-0.455712467,-58.10315,-27.51596,28.1981449,0.06505173,0.140193313,-0.1773947,-2.80984831,1.76373625,0.7091408,3.392476
810,16.199994260204083,3809,0,1,-2.89279,0,-2.76256514,-0.382840782,0,-0.3934981,-0.382840782,0,-0.3934981,1,0,0,1,-0.306013077,-0.0193634927,-0.326781571,-0.0161761791,-0.0013050714,0.0169310831,-0.2579509,0.0274887532,-0.289048731,-1.08468628,1.55152571,0.0409030952,-0.8687397,-0.006894827,-0.06369251,-0.289894462,-0.004024908,-0.350618333,1.74230337,-10.8675537,-13.9868774,0.04704664,0.0107943267,-0.147345543,-0.243423536,-0.003753692,-0.3617729,4.00750446,1.25800455,15.6956234,0.114629358,-0.160585463,-0.370536357,-0.26169318,-7.5250864E-06,-0.397164851,6.862577,-12.1562195,-14.1436157,-0.0232253149,0.0273152888,-0.146641836,-0.133112386,0.000805139542,-0.4270713,9.096473,2.70598841,15.8729858,0.04563515,-0.180327415,-0.3720367,-0.25213927,-0.004612848,-0.412895769,-61.21402,15.4415588,-16.6773071,0.07979727,0.0876340941,-0.1005847,-0.0946832746,-0.00423818827,-0.44892022,-58.2186279,-27.034729,27.7130337,0.0619200766,0.133861274,-0.184423745,-2.813642,1.763774,0.7054596,3.39487171
811,16.219994253117914,3814,0,1,-2.89279,0,-2.76256514,-0.382840782,0,-0.3934981,-0.382840782,0,-0.3934981,1,0,0,1,-0.294911265,-0.0200390518,-0.3162509,-0.0167282112,-0.00144277327,0.0174858347,-0.2451507,0.0272817463,-0.278249383,-1.08285522,1.53117561,0.0265804864,-0.865898252,-0.007368088,-0.06981933,-0.278289735,-0.004489973,-0.34092775,1.71200728,-10.831604,-14.158783,0.0520346761,0.0341222137,-0.150801361,-0.2314407,-0.004119575,-0.352262825,4.09847069,1.001233,15.2616186,0.117908284,-0.177473754,-0.3783654,-0.248896092,-6.41495E-05,-0.389850259,6.82776165,-12.1411438,-14.3161316,-0.0216648374,0.0343469828,-0.152670175,-0.119795643,0.0007567853,-0.419547319,9.19875,2.41061,15.43583,0.04879129,-0.196697861,-0.380113661,-0.23906602,-0.00451026857,-0.406064957,-61.15863,15.7949715,-17.0427551,0.0790242553,0.086908035,-0.109604165,-0.08091171,-0.00388306379,-0.441996634,-58.3317261,-26.5552368,27.2300682,0.0592827648,0.1272137,-0.189052388,-2.85047865,1.76380634,0.667221069,3.41781
812,16.239994246031745,3818,0,1,-2.89279,0,-2.76256514,-0.382840782,0,-0.3934981,-0.382840782,0,-0.3934981,1,0,0,1,-0.283777654,-0.0206069946,-0.30578,-0.0171945468,-0.00157408661,0.017950654,-0.233445466,0.0271834582,-0.267813653,-1.07839966,1.50745654,0.01369119,-0.864812851,-0.0137140751,-0.0701066852,-0.266982,-0.00507842,-0.330808073,1.70326209,-10.703186,-14.3297424,0.0702852,0.11502035,-0.146862358,-0.219752982,-0.004443139,-0.3426649,4.19026327,0.724742949,14.8205137,0.120690554,-0.194301873,-0.384461939,-0.236303315,-0.000136241317,-0.38231194,6.80807,-12.0621033,-14.49295,-0.00594432652,0.09910502,-0.152595073,-0.107430793,0.0006879568,-0.411468625,9.302262,2.09490657,14.9912529,0.0515276045,-0.2130174,-0.3859254,-0.22621581,-0.00417682528,-0.3982913,-61.09073,16.1857147,-17.4520874,0.082961686,0.0822760761,-0.1276526,-0.06833108,-0.00355523825,-0.434354663,-58.4422,-26.0818481,26.75431,0.0556607842,0.1210725,-0.1916404,-2.916029,1.77378845,0.585504532,3.46299958
813,16.259994238945577,3822,0,1,-2.89279,0,-2.76256514,-0.382840782,0,-0.3934981,-0.382840782,0,-0.3934981,1,0,0,1,-0.273023963,-0.0859247148,-0.296135426,-0.06896275,-0.003428535,0.07268246,-0.22381714,0.128103361,-0.2683722,-3.004181,1.41887844,-0.06097412,-2.308298,-0.159795642,-0.006596923,-0.2473734,-0.0399139822,-0.3155933,1.78901291,-10.5639648,-14.5299377,0.08042258,0.127986327,-0.16000694,-0.202968866,-0.03927307,-0.325448781,4.36358833,0.481697381,14.38513,0.123957328,-0.1891293,-0.3791142,-0.218277633,0.00404107571,-0.371031851,6.791266,-11.9447937,-14.6776428,0.037004903,0.122385666,-0.160051465,-0.09298358,0.004491657,-0.397401333,9.391818,1.78757977,14.545764,0.08228706,-0.199733108,-0.384575367,-0.209683761,0.00378930569,-0.385116041,-61.05533,16.6397266,-17.9143372,0.083428666,0.0985962749,-0.149890646,-0.0554492362,0.004165724,-0.4198314,-58.5962524,-25.6304321,26.3437767,0.0382030271,0.1550524,-0.190068454,-2.99106216,1.77862251,0.489042282,3.51413059
814,16.279994231859408,3826,0,1,-2.89279,0,-2.76256514,-0.382840782,0,-0.3934981,-0.382840782,0,-0.3934981,1,0,0,1,-0.2699358,0.0179203078,-0.295493454,-0.06381585,-0.00157539616,0.06763333,-0.1841409,0.194842011,-0.245931491,-6.363739,1.10236716,-0.06893921,-3.27731228,-0.332858562,0.0410561562,-0.244868845,0.06829813,-0.314185083,1.89488876,-10.4281921,-14.72287,0.11143247,0.126618162,-0.152542129,-0.201661408,0.06734352,-0.32433033,4.512824,0.363146156,13.9666948,0.114547849,-0.0730675459,-0.359253049,-0.220727921,0.116087645,-0.3679062,6.88517332,-11.75,-14.8647766,0.08124909,0.182977647,-0.141051739,-0.09457399,0.11395207,-0.399312228,9.524244,1.62073183,14.11798,0.07363169,-0.08062273,-0.367202818,-0.217371345,0.0831856355,-0.3753685,-60.01422,16.8167725,-18.0163269,0.8756657,0.08324474,-0.215292752,-0.0634083748,0.0811064541,-0.41910693,-57.9329834,-24.1254578,25.1497612,0.758520544,0.422474742,-0.199784786,-3.19138861,1.77834439,0.1893425,3.658322
815,16.299994224773243,3831,0,1,-2.89279,0,-2.76256514,-0.382840782,0,-0.3934981,-0.382840782,0,-0.3934981,1,0,0,1,-0.269063354,0.0468477,-0.2973877,-0.0474369973,-0.000137876137,0.0505148433,-0.178623587,0.19324474,-0.216957912,-9.889832,0.8722676,0.0207498744,-3.238488,-0.120258331,0.108068228,-0.249453709,0.09259929,-0.312149137,1.9963187,-10.2710266,-14.8705444,0.1367178,0.13766332,-0.114519723,-0.205294937,0.0916332,-0.327022046,4.60941744,0.350205779,13.58301,0.109025568,0.023258,-0.335459948,-0.230356961,0.120465957,-0.35771805,6.881778,-11.5603027,-15.0059814,0.040542502,0.174376234,-0.114808738,-0.10294497,0.116854154,-0.40076372,9.521749,1.552808,13.71523,0.007542854,0.004748076,-0.343387365,-0.2065013,0.07630396,-0.362389266,-59.23642,16.8923855,-18.1315,0.6271525,-0.148721665,-0.143023491,-0.06272753,0.07269469,-0.4001405,-57.4144,-22.8314819,24.12107,0.5866497,0.260718,-0.273102462,-3.36025047,1.76023674,-0.14456749,3.79613185
816,16.319994217687075,3836,0,1,-2.89279,0,-2.76256514,-0.382840782,0,-0.3934981,-0.382840782,0,-0.3934981,1,0,0,1,-0.269495159,0.04499768,-0.298473924,-0.0279832538,0.000288133975,0.0298839267,-0.165582657,0.378756136,-0.206182584,-12.5314331,0.833121538,0.0525863059,-1.95591176,-0.0456109643,0.0306757689,-0.257590055,0.0806113854,-0.30686456,2.13647485,-10.058075,-14.9524536,0.151984408,0.185300663,-0.05819738,-0.209493309,0.08114688,-0.3301579,4.7145915,0.376306951,13.2075367,0.109479688,0.05359572,-0.326012164,-0.239348531,0.129485145,-0.339746356,7.003675,-11.3457947,-15.1298218,0.138823,0.205646634,-0.07932377,-0.108738467,0.131008834,-0.396713,9.624844,1.54814386,13.3451872,0.0942838639,0.0510912538,-0.321307421,-0.185170442,0.08513929,-0.32786566,-58.22525,16.29756,-17.46112,0.966619849,-0.0476797521,0.0348078,-0.0525718033,0.08978767,-0.369050771,-56.62494,-21.4689331,22.8937912,0.898443,0.2893266,-0.2937718,-3.45087767,1.743377,-0.3998642,3.88687682
817,16.339994210600906,3840,0,1,-2.89279,0,-2.76256514,-0.382840782,0,-0.3934981,-0.382840782,0,-0.3934981,1,0,0,1,-0.2687659,0.0511907153,-0.298671424,-0.0117683411,4.811111E-05,0.0125509584,-0.17186597,0.351617873,-0.209067732,-14.2525024,0.8121301,0.0388607569,-1.50735569,-0.02090764,0.008615255,-0.265832961,0.0800293,-0.296454132,2.33570433,-9.764069,-14.9562988,0.182260349,0.2546585,0.0193660464,-0.210900128,0.08249024,-0.332619727,4.850651,0.415736616,12.8288279,0.12619327,0.06438312,-0.325948566,-0.2559837,0.151040658,-0.312023848,7.264057,-11.0577393,-15.21106,0.244192064,0.26515007,-0.0182784386,-0.114341274,0.1553721,-0.396402478,9.830228,1.58057141,12.9983025,0.177291989,0.07891619,-0.304036736,-0.184755787,0.111907795,-0.2873304,-56.93347,15.47619,-16.7002869,1.19668043,-0.161924213,0.0353783369,-0.04963799,0.115270734,-0.348817617,-55.4833374,-19.8681641,21.4592056,1.20004988,0.348897338,-0.302482963,-3.54567146,1.71386933,-0.9310436,4.04672432
818,16.359994203514738,3845,0,1,-2.89279,0,-2.76256514,-0.382840782,0,-0.3934981,-0.382840782,0,-0.3934981,1,0,0,1,-0.266933024,0.059773393,-0.297949225,0.00257095252,-0.00158111914,-0.0031003207,-0.195438609,0.2816025,-0.22895138,-15.572937,0.7837722,0.0188383162,-1.13384557,-0.0281506181,-0.000337183475,-0.274252623,0.08640526,-0.2813814,2.604018,-9.395447,-14.8669739,0.229866177,0.3148926,0.112600476,-0.209324539,0.09010506,-0.3349223,5.02294445,0.465629518,12.4366169,0.158282444,0.07686126,-0.3378638,-0.277414352,0.17617175,-0.274505019,7.63556433,-10.69873,-15.2206726,0.332707673,0.324253023,0.06153714,-0.115451187,0.182347208,-0.3981607,10.10921,1.630126,12.6633368,0.246765584,0.09060353,-0.297947168,-0.191331863,0.133888617,-0.23339878,-55.33377,14.445879,-15.7669067,1.48032224,-0.233187526,0.087408185,-0.0399459451,0.137603819,-0.33111313,-53.9609375,-18.2172852,19.9753151,1.521069,0.3917886,-0.309810042,-3.53476477,1.67951322,-1.401701,4.156933
819,16.379994196428569,3850,0,1,-2.89279,0,-2.76256514,-0.382840782,0,-0.3934981,-0.382840782,0,-0.3934981,1,0,0,1,-0.265304774,0.06721528,-0.297451228,0.0121225482,-0.004874302,-0.01402936,-0.216061145,0.218949184,-0.246613219,-16.4855652,0.7428376,-0.005340576,-0.7900744,-0.0409497023,-0.00951165,-0.283582836,0.0912361145,-0.2639571,2.92704,-8.966797,-14.6734924,0.259723455,0.3635477,0.214223653,-0.206343859,0.09650499,-0.337986827,5.223879,0.521304846,12.0201969,0.178467289,0.08609149,-0.360913932,-0.303034842,0.198771045,-0.229024991,8.10227,-10.2826538,-15.13443,0.406033,0.369366944,0.1570424,-0.111441642,0.206511989,-0.403726935,10.4493036,1.68875146,12.3188086,0.3033858,0.103117734,-0.307605565,-0.203116387,0.153780147,-0.165310189,-53.4187622,13.2321863,-14.64621,1.777798,-0.2520306,0.165119529,-0.0233661085,0.157549188,-0.317429036,-52.0993958,-16.4845581,18.43905,1.82467985,0.4522314,-0.327313185,-3.47771788,1.657393,-1.69964027,4.21073055
820,16.399994189342404,3853,0,1,-2.89279,0,-2.76256514,-0.382840782,0,-0.3934981,-0.382840782,0,-0.3934981,1,0,0,1,-0.2634613,0.07389513,-0.296770483,0.0172944013,-0.0100396,-0.0207208619,-0.23823759,0.1590713,-0.266277969,-17.0189819,0.6899822,-0.032989502,-0.461957663,-0.0525237173,-0.0174422562,-0.292829931,0.09313467,-0.245360866,3.27540731,-8.495728,-14.3713684,0.262448668,0.397463441,0.315217525,-0.202033266,0.09994254,-0.34136042,5.43184471,0.5810497,11.5720863,0.17655161,0.09367448,-0.3934485,-0.3299408,0.214717284,-0.180284739,8.63286,-9.844971,-14.9376221,0.450891167,0.375708818,0.253463537,-0.102831654,0.222609818,-0.4127091,10.82673,1.75504565,11.9469652,0.338810384,0.114756107,-0.331870615,-0.207777917,0.169847772,-0.101885654,-51.21237,11.6625042,-13.3301392,2.04494333,-0.452631563,0.2502041,-0.0005454812,0.171403319,-0.309524417,-49.9389343,-14.7243958,16.8919048,2.09320617,0.502159953,-0.362254262,-3.32594156,1.61768985,-2.14398956,4.27498531
821,16.419994182256236,3858,0,1,-2.89279,0,-2.76256514,-0.382840782,0,-0.3934981,-0.382840782,0,-0.3934981,1,0,0,1,-0.26149416,0.0800114349,-0.295938522,0.0191278644,-0.01700629,-0.0242728,-0.260607123,0.100688167,-0.2867833,-17.17868,0.6291418,-0.06518555,-0.140556261,-0.0608525276,-0.02526541,-0.300899476,0.0927410051,-0.228185,3.62086225,-8.010132,-13.9728394,0.240887776,0.409743041,0.400814325,-0.1973504,0.09946445,-0.344722331,5.62132359,0.6436877,11.086257,0.149526,0.0988300741,-0.431049943,-0.354042649,0.220577925,-0.141668975,9.178571,-9.437134,-14.6552429,0.4564476,0.349740177,0.320541322,-0.09062918,0.227564946,-0.424032956,11.2134981,1.82493651,11.5318909,0.3489832,0.125898182,-0.3691476,-0.222941652,0.174275711,-0.0623082444,-48.9591675,9.995086,-12.0882874,2.0389483,-0.514265537,0.238302588,0.0261340626,0.176569164,-0.307692468,-47.5627136,-12.9873047,15.3686314,2.294647,0.5362272,-0.412539959,-3.22227287,1.59707451,-2.34450722,4.29306459
822,16.439994175170067,3861,0,1,-2.89279,0,-2.76256514,-0.382840782,0,-0.3934981,-0.382840782,0,-0.3934981,1,0,0,1,-0.259497523,0.08563045,-0.295022041,0.0190158412,-0.02551172,-0.026113905,-0.2823352,0.04325309,-0.3072322,-16.9708862,0.564287066,-0.10067749,0.1748485,-0.06555218,-0.03211628,-0.307214767,0.0849724337,-0.214709431,3.91435719,-7.52532959,-13.5040894,0.176255569,0.416959,0.462008417,-0.192879543,0.09456791,-0.348023117,5.76706553,0.708611548,10.5604649,0.09827337,0.101264924,-0.471126139,-0.3744154,0.209390521,-0.107659474,9.707101,-8.996002,-14.2990723,0.444860935,0.383993626,0.3893684,-0.07726033,0.2204115,-0.437003165,11.5817471,1.89776409,11.063839,0.334505439,0.137438118,-0.413301051,-0.246502832,0.164385378,-0.000330004841,-46.49872,8.731811,-10.8979492,2.17971087,-0.335591435,0.3024826,0.05295321,0.172616988,-0.311613977,-45.072876,-11.3114624,13.8896189,2.41540337,0.551234,-0.474409461,-3.122696,1.57733965,-2.50683212,4.30388641
823,16.4599941680839,3866,0,1,-2.89279,0,-2.76256514,-0.382840782,0,-0.3934981,-0.382840782,0,-0.3934981,1,0,0,1,-0.25731045,0.09060393,-0.2939883,0.0183005668,-0.0355650224,-0.0276795458,-0.3021353,-0.0132508744,-0.327023655,-16.4046936,0.4992329,-0.13961792,0.4820904,-0.0668833554,-0.0378827453,-0.313069344,0.07239401,-0.2022892,4.123751,-7.04721069,-12.9712219,0.0877414048,0.421018243,0.513673544,-0.189318672,0.08543221,-0.350801557,5.84868336,0.7759508,9.99589348,0.0280321147,0.101007819,-0.5091272,-0.395891368,0.1880709,-0.07262236,10.1954145,-8.562775,-13.8485413,0.401373833,0.350907356,0.4541483,-0.06478659,0.202448681,-0.449644744,11.9114714,1.96744215,10.5401535,0.3011883,0.146348953,-0.459172219,-0.258148581,0.153013259,0.0519457869,-44.1129456,7.36926031,-9.628815,2.281069,-0.4020337,0.495111465,0.07618904,0.160301745,-0.320755959,-42.58145,-9.744019,12.48103,2.44902539,0.54343605,-0.537572,-3.079052,1.56852221,-2.56653214,4.30440569
824,16.47999416099773,3871,0,1,-2.89279,0,-2.76256514,-0.382840782,0,-0.3934981,-0.382840782,0,-0.3934981,1,0,0,1,-0.254896253,0.09486779,-0.292820662,0.0182415135,-0.0471144766,-0.0302991215,-0.318856418,-0.06842074,-0.345020145,-15.4936829,0.43730095,-0.180511475,0.7775392,-0.06485516,-0.0413776636,-0.318747431,0.0574595481,-0.190520346,4.237497,-6.59844971,-12.3841858,-0.0106911957,0.4097147,0.557023942,-0.187317565,0.0726865157,-0.352701,5.853572,0.845350266,9.397462,-0.05425235,0.0975937247,-0.5413828,-0.416653156,0.159609616,-0.0432813652,10.6229982,-8.153442,-13.328064,0.3439797,0.321039736,0.5031515,-0.05544278,0.176133677,-0.460472077,12.1887751,2.03289366,9.964725,0.255845636,0.153929889,-0.501118362,-0.284886122,0.13130495,0.08916373,-41.9584045,6.22743845,-8.52520752,2.181789,-0.3974586,0.5688144,0.09283211,0.142143533,-0.332525969,-40.1882324,-8.301056,11.1463766,2.4070642,0.51810205,-0.597283959,-3.05359554,1.56848741,-2.60116,4.30704451
825,16.499994153911565,3876,0,1,-2.89279,0,-2.76256514,-0.382840782,0,-0.3934981,-0.382840782,0,-0.3934981,1,0,0,1,-0.2524132,0.09843427,-0.2915875,0.0200504567,-0.0600696057,-0.0352358446,-0.3316582,-0.121380165,-0.3604258,-14.25766,0.3809146,-0.22164917,1.05609083,-0.06056553,-0.04330355,-0.323748171,0.038980037,-0.181179151,4.245119,-6.18783569,-11.7592468,-0.119104356,0.3951469,0.584740639,-0.187577,0.0575443134,-0.35351935,5.77939034,0.9163335,8.773761,-0.139380246,0.09134722,-0.5648182,-0.434637368,0.123186246,-0.0194587521,10.9681664,-7.78082275,-12.7516174,0.274672329,0.2807696,0.537873149,-0.05137229,0.145441264,-0.4681149,12.4100065,2.09758949,9.348166,0.20787172,0.16065824,-0.5339275,-0.314436585,0.106303915,0.117213264,-40.11496,5.243914,-7.52737427,1.96140909,-0.351834655,0.588950157,0.100023739,0.121287815,-0.344452769,-37.96808,-6.98623657,9.884219,2.312848,0.48087585,-0.647399664,-3.05077887,1.57345748,-2.59970856,4.305985
826,16.519994146825397,3882,0,1,-2.89279,0,-2.76256514,-0.382840782,0,-0.3934981,-0.382840782,0,-0.3934981,1,0,0,1,-0.2498829,0.101303928,-0.290322036,0.0247158688,-0.07437964,-0.0435167477,-0.3398846,-0.170852959,-0.372396559,-12.7237854,0.331536621,-0.261047363,1.31183338,-0.0545378327,-0.0430758,-0.328051776,0.01910476,-0.17445159,4.14836645,-5.822418,-11.1134644,-0.223650038,0.376842022,0.596336842,-0.1905946,0.04146661,-0.353001446,5.63458872,0.988313854,8.13622952,-0.2175321,0.0828304,-0.5765677,-0.449563652,0.08608097,-0.00274067558,11.2372627,-7.44543457,-12.1397095,0.20888865,0.22662887,0.554384768,-0.05420942,0.1144067,-0.471133649,12.58294,2.16026688,8.706031,0.166218847,0.164037764,-0.5537214,-0.3444958,0.08066945,0.132072851,-38.7469177,4.298446,-6.53363037,1.67826128,-0.308792949,0.5974066,0.09629883,0.100364439,-0.3536925,-35.962677,-5.80084229,8.697492,2.195043,0.4347558,-0.68078804,-3.04929972,1.57663393,-2.59995079,4.30624533
827,16.539994139739228,3887,0,1,-2.89279,0,-2.76256514,-0.382840782,0,-0.3934981,-0.382840782,0,-0.3934981,1,0,0,1,-0.247338,0.103526868,-0.28905493,0.0330324471,-0.08998349,-0.05595159,-0.3431092,-0.21531193,-0.380368948,-10.9269409,0.2895928,-0.2975769,1.53834021,-0.0480303764,-0.0418208838,-0.33201465,-0.00121179665,-0.169969931,3.9627645,-5.508789,-10.4660645,-0.317092,0.355825156,0.594958842,-0.196612313,0.0257511158,-0.3510264,5.43715048,1.06043673,7.49898863,-0.28050375,0.07254207,-0.5751754,-0.4610736,0.050659202,0.007908326,11.4377022,-7.15444946,-11.5168457,0.160711825,0.198998064,0.559216142,-0.0649448,0.08619651,-0.468668848,12.7223272,2.22075653,8.058113,0.137289584,0.163495541,-0.5578161,-0.3708904,0.0596877038,0.132355452,-37.5856323,3.64505816,-5.82220459,1.27635455,-0.314837933,0.748515964,0.08120124,0.08146575,-0.357570231,-34.1763,-4.74142456,7.59090137,2.082543,0.383541346,-0.6939658,-3.04818821,1.57714891,-2.600916,4.30622959
828,16.55999413265306,3893,0,1,-2.89279,0,-2.76256514,-0.382840782,0,-0.3934981,-0.382840782,0,-0.3934981,1,0,0,1,-0.244779974,0.105161071,-0.2877727,0.0455720425,-0.106808826,-0.0731017,-0.341373861,-0.253096551,-0.3842357,-8.908997,0.254665017,-0.330993652,1.72977281,-0.0416442752,-0.03955877,-0.335381567,-0.01905703,-0.167828813,3.7181232,-5.24554443,-9.834106,-0.382667661,0.33561784,0.580220342,-0.2058202,0.0109111946,-0.347396582,5.208258,1.1271013,6.87632,-0.324189365,0.0566898,-0.559534252,-0.468980849,0.0244166758,0.0115775662,11.607358,-6.886078,-10.9000854,0.137571782,0.168998,0.5470642,-0.08440108,0.0607030056,-0.459230274,12.848299,2.24897838,7.4221983,0.124047413,0.131769538,-0.547217667,-0.3856084,0.04690255,0.134431839,-36.6299133,3.1953752,-5.34082031,1.14497614,-0.3101098,0.6532442,0.0550886281,0.06216293,-0.358699232,-32.5934753,-3.88641357,6.30039549,1.89503312,0.2765826,-0.869917035,-3.048369,1.57538772,-2.60367966,4.307383
829,16.579994125566891,3896,0,1,-2.89279,0,-2.76256514,-0.382840782,0,-0.3934981,-0.382840782,0,-0.3934981,1,0,0,1,-0.242199942,0.106301889,-0.286426842,0.06277262,-0.124805123,-0.09538214,-0.3350823,-0.2826491,-0.383932084,-6.717041,0.225649178,-0.3607788,1.88152075,-0.036033988,-0.03699875,-0.338282049,-0.03305919,-0.167426258,3.45458913,-5.0289,-9.233765,-0.4125303,0.3176195,0.5552867,-0.217372164,-0.00224094652,-0.342634469,4.975923,1.190477,6.281714,-0.344925761,0.0429275036,-0.5337552,-0.474361,0.00759617426,0.01061857,11.775631,-6.63824463,-10.3062744,0.138761222,0.144659668,0.524814963,-0.107599609,0.04219635,-0.446382582,12.9753485,2.28374767,6.81426573,0.129327774,0.126450121,-0.52648294,-0.396641016,0.0392301381,0.130266562,-35.8677979,2.97073436,-5.22940063,1.0616672,-0.31518355,0.5002154,0.01595638,0.05805119,-0.3454667,-31.0414429,-3.11688232,5.255987,1.68971539,0.406517148,-0.8900225,-3.04907417,1.57145882,-2.60752869,4.308775
830,16.599994118480726,3902,0,1,-2.89279,0,-2.76256514,-0.382840782,0,-0.3934981,-0.382840782,0,-0.3934981,1,0,0,1,-0.239577234,0.107084811,-0.284986615,0.08509348,-0.143809214,-0.123191349,-0.325114816,-0.3026874,-0.380158126,-4.40127563,0.201148912,-0.3875122,1.99081659,-0.0315613151,-0.0348722935,-0.340397954,-0.0441644229,-0.169027463,3.21071768,-4.85263062,-8.676666,-0.410908729,0.303722054,0.5189005,-0.231127724,-0.0122388806,-0.336606622,4.77378464,1.25126481,5.726263,-0.334922463,0.0312446356,-0.497502446,-0.476973116,-0.003472386,0.005506969,11.9617434,-6.38995361,-9.747437,0.159041971,0.132071346,0.496375918,-0.137683392,0.0323593542,-0.42760995,13.1375074,2.31121826,6.24981451,0.157827109,0.117169619,-0.4895209,-0.4089727,0.03537178,0.119731575,-35.1234131,2.77520847,-4.984009,0.843307555,-0.5117606,0.0591449142,-0.0206479281,0.055019,-0.320583731,-29.4660645,-2.43032837,4.33470869,1.75825119,0.43877244,-0.78922224,-3.04808331,1.5675844,-2.61016273,4.30825758
831,16.619994111394558,3908,0,1,-2.89279,0,-2.76256514,-0.382840782,0,-0.3934981,-0.382840782,0,-0.3934981,1,0,0,1,-0.2368837,0.1077118,-0.283412129,0.113201723,-0.1635843,-0.157109261,-0.312658221,-0.312316775,-0.373884827,-2.0118103,0.179752782,-0.4119568,2.0573802,-0.0281053782,-0.0329393148,-0.342072964,-0.05147711,-0.171737045,3.02500272,-4.715637,-8.173645,-0.373978645,0.28571406,0.47565645,-0.246500015,-0.0198616385,-0.3297738,4.633431,1.307802,5.22157669,-0.297291279,0.019544661,-0.454237074,-0.480047822,-0.00377515331,0.00115301833,12.1859007,-6.24661255,-9.233643,0.197990358,0.0500012338,0.4637128,-0.171598777,0.0277585182,-0.405008674,13.3526268,2.34574866,5.73903131,0.203350037,0.106721818,-0.4434849,-0.4116702,0.0411170423,0.105057985,-34.4367676,2.22830439,-4.753174,0.7578841,-0.7598648,0.132450461,-0.059406437,0.0536319,-0.287928,-27.7596436,-1.84576416,3.54464364,1.91957211,0.444896221,-0.681675553,-3.05271673,1.55712628,-2.61959457,4.313467
832,16.639994104308389,3913,0,1,-2.89279,0,-2.76256514,-0.382840782,0,-0.3934981,-0.382840782,0,-0.3934981,1,0,0,1,-0.234299332,0.11482057,-0.2814174,0.14499259,-0.1841349,-0.194909319,-0.29584384,-0.249785915,-0.358438,0.406757057,0.184786975,-0.426330566,2.07743931,-0.00142848492,-0.02750957,-0.344587,-0.0513953455,-0.173500091,2.91741014,-4.61334229,-7.72225952,-0.322732329,0.263624817,0.436067075,-0.263367742,-0.0217528082,-0.322021127,4.56122875,1.35823143,4.77214146,-0.254279822,0.006908864,-0.4057252,-0.479383975,-0.00354031473,-0.0101813516,12.45618,-6.118286,-8.778046,0.238755152,0.0518046319,0.416962147,-0.20835565,0.02647763,-0.379168153,13.6274118,2.36668825,5.291542,0.251459,0.091351,-0.392408073,-0.416935951,0.0311598554,0.08975212,-33.8052979,1.90608811,-4.486328,0.801482439,-0.682033658,0.142623067,-0.09660753,0.053442,-0.24939996,-25.78299,-1.31173706,2.84413338,2.174594,0.4355421,-0.5625229,-3.05377913,1.54878986,-2.6259613,4.31508875
833,16.659994097222221,3919,0,1,-2.89279,0,-2.76256514,-0.382840782,0,-0.3934981,-0.382840782,0,-0.3934981,1,0,0,1,-0.231368974,0.134158224,-0.278294653,0.181416079,-0.2047531,-0.237335116,-0.280624419,-0.138326824,-0.338831365,2.76187825,0.266607642,-0.4204712,1.94824839,0.0554392934,-0.009851813,-0.3468042,-0.0427391827,-0.175711378,2.878797,-4.53286743,-7.32492065,-0.276510566,0.2519383,0.3924196,-0.280884683,-0.0137174428,-0.313347369,4.55593157,1.40123761,4.38270855,-0.2114902,-0.00778469443,-0.354550064,-0.477934062,-0.003141109,-0.02146861,12.7544489,-5.99597168,-8.380646,0.2672948,0.0533301234,0.371185631,-0.24420923,0.02844017,-0.352832943,13.9556761,2.35060668,4.90503025,0.29109937,0.077892065,-0.345638216,-0.4191958,0.02712422,0.077498734,-33.19812,1.67856479,-4.23309326,0.8452745,-0.6721191,0.110204577,-0.130869,0.0538982973,-0.214979053,-23.1818237,-0.7572632,2.502053,2.32134533,0.3124709,-0.294540048,-3.0558672,1.53775179,-2.63439751,4.31776047
834,16.679994090136052,3924,0,1,-2.89279,0,-2.76256514,-0.382840782,0,-0.3934981,-0.382840782,0,-0.3934981,1,0,0,1,-0.226938292,0.161408484,-0.2723356,0.227195472,-0.22465609,-0.288864762,-0.272877,-0.09684061,-0.327037752,4.713102,0.414708853,-0.455352783,1.64769578,0.108455479,-0.0337085724,-0.348549545,-0.0279391855,-0.17624183,2.91461134,-4.468384,-6.981262,-0.214830458,0.242459238,0.3506856,-0.296089023,0.00227210671,-0.304222524,4.629447,1.43496,4.04237843,-0.145391986,-0.02045168,-0.312778682,-0.476232857,0.00129512325,-0.0298462827,13.08516,-5.882965,-8.036652,0.302855343,0.052801773,0.329390824,-0.2787477,0.0365168266,-0.325781435,14.34509,2.29679751,4.569469,0.339419484,0.0253985226,-0.301238716,-0.420296043,0.0264659133,0.06866814,-32.5733337,1.51281953,-4.01605225,0.9089081,-0.6836805,0.0611997843,-0.162139282,0.04356952,-0.195288971,-20.33841,-0.482940674,1.9307065,2.42574167,0.11381793,-0.217901587,-3.0497117,1.53290427,-2.64238739,4.31656647
835,16.699994083049887,3927,0,1,-2.89279,0,-2.76256514,-0.382840782,0,-0.3934981,-0.382840782,0,-0.3934981,1,0,0,1,-0.221752077,0.1868982,-0.265778184,0.290784657,-0.243334457,-0.3576293,-0.260194957,-0.0374648869,-0.3278207,5.81464243,0.5413593,-0.5310669,0.9006188,0.08270085,-0.0843696,-0.352333426,-0.017553091,-0.177327543,3.062278,-4.41860962,-6.68444824,-0.121225134,0.23150368,0.3182318,-0.311625,0.01282423,-0.297353625,4.813657,1.4573493,3.74930477,-0.0532612354,-0.0363592356,-0.2746346,-0.477145851,0.008161232,-0.03650519,13.4929676,-5.783661,-7.74292,0.3786165,0.0470805019,0.2937351,-0.306572,0.0383944176,-0.3061184,14.8098326,2.21182752,4.26870537,0.406900585,-0.0223831534,-0.2794145,-0.421052635,0.0289536454,0.062374983,-31.8776855,1.382495,-3.84017944,1.01407218,-0.713908434,0.00565075874,-0.183330536,0.0352634862,-0.183397457,-17.3887329,-0.448822021,1.49090815,2.540966,-0.0194789171,-0.195435047,-3.03687572,1.522285,-2.668251,4.319668
836,16.719994075963719,3932,0,1,-2.89279,0,-2.76256514,-0.382840782,0,-0.3934981,-0.382840782,0,-0.3934981,1,0,0,1,-0.2153156,0.198808059,-0.2602153,0.368841469,-0.259204,-0.439504564,-0.257405,-0.0167170465,-0.33473298,6.65384531,0.5989285,-0.6481018,0.7065738,0.0422604978,-0.116223872,-0.3569113,-0.02137779,-0.180831179,3.367753,-4.3828125,-6.4256897,0.004079208,0.220053777,0.294926435,-0.3250577,0.00681790151,-0.29539445,5.14020061,1.46431136,3.49386024,0.058018975,-0.05161977,-0.247190922,-0.480863869,0.0122980662,-0.0426688157,14.0367508,-5.70251465,-7.491028,0.50208056,0.03651215,0.26983428,-0.327463567,0.0297195539,-0.2957428,15.3891792,2.08300281,3.980922,0.5063727,-0.0476224422,-0.269021034,-0.424722761,0.0328950658,0.0573178232,-31.0532227,1.26597369,-3.69735718,1.15478,-0.7493687,-0.0457620621,-0.197661474,0.0269082487,-0.179060429,-14.2734375,-0.4897766,1.069871,2.68885517,-0.123056412,-0.231281519,-3.00560284,1.50419712,-2.720314,4.32392931
837,16.73999406887755,3936,0,1,-2.89279,0,-2.76256514,-0.382840782,0,-0.3934981,-0.382840782,0,-0.3934981,1,0,0,1,-0.209898725,0.197529316,-0.256327182,0.452667,-0.2745938,-0.526303649,-0.262234181,-0.009863999,-0.3374926,7.52102947,0.5893305,-0.70578,0.758509159,-0.008830428,-0.07316542,-0.363556,-0.0388616137,-0.186897829,3.84719849,-4.35821533,-6.202484,0.139365643,0.208955511,0.274602652,-0.3377059,-0.014629852,-0.298835158,5.61318636,1.4525,3.25462651,0.169139341,-0.0634325743,-0.237515643,-0.487454832,0.0106995851,-0.05000813,14.7540846,-5.640991,-7.27648926,0.6540164,0.0235068053,0.251080841,-0.343240231,0.0110191638,-0.294064254,16.1108036,1.92961347,3.69306016,0.627783239,-0.06411636,-0.270462453,-0.431850433,0.034167856,0.05050213,-30.0699768,1.14928067,-3.57974243,1.30789232,-0.7533121,-0.07015979,-0.208164454,0.0186524726,-0.17963478,-10.9080505,-0.5873108,0.678608239,2.85258842,-0.186602116,-0.255433559,-2.922495,1.48626685,-2.830246,4.331311
838,16.759994061791382,3941,0,1,-2.89279,0,-2.76256514,-0.382840782,0,-0.3934981,-0.382840782,0,-0.3934981,1,0,0,1,-0.20540455,0.194993973,-0.252474517,0.5327227,-0.2893387,-0.6086028,-0.2570555,0.08079125,-0.33597675,8.718402,0.577877,-0.7626953,0.9621427,-0.010114491,-0.06747496,-0.371502578,-0.0605073124,-0.193584338,4.4750514,-4.339386,-6.0112915,0.247070909,0.201130912,0.256249249,-0.350021,-0.04069532,-0.30431658,6.20211363,1.41763377,3.01555848,0.249335408,-0.07481524,-0.237805843,-0.4957332,0.00330239348,-0.05839623,15.64371,-5.597107,-7.098694,0.7996087,0.0127081871,0.23357743,-0.35520032,-0.0147734992,-0.2990066,16.9708614,1.74696386,3.387125,0.740578234,-0.08073771,-0.287109435,-0.441470623,0.0344164073,0.04269965,-28.9430542,1.03352833,-3.482605,1.447926,-0.755241156,-0.0965502262,-0.2156016,0.0053343866,-0.18816933,-7.35025024,-0.733398438,0.1995976,3.0299592,-0.190662026,-0.288556576,-2.809133,1.47014356,-2.95674324,4.335306
839,16.779994054705213,3946,0,1,-2.89279,0,-2.76256514,-0.382840782,0,-0.3934981,-0.382840782,0,-0.3934981,1,0,0,1,-0.200980157,0.200479269,-0.24770768,0.608997464,-0.303937256,-0.6866139,-0.259826481,0.09354618,-0.338945568,9.955449,0.5406975,-0.8045349,1.04010284,-0.03375101,-0.0549247861,-0.379983485,-0.07425526,-0.199512,5.22069454,-4.322235,-5.847809,0.341044784,0.1940186,0.24049446,-0.360986143,-0.05910418,-0.310858428,6.87260866,1.35774028,2.76213241,0.31330204,-0.08204383,-0.248950243,-0.504546344,-0.005356051,-0.0661604851,16.6653671,-5.56216431,-6.95169067,0.915348768,0.008170307,0.217239618,-0.362886727,-0.04222643,-0.3069201,17.92764,1.544105,3.04916739,0.822826266,-0.08545691,-0.310862482,-0.452897,0.03260879,0.0357236266,-27.7135315,0.9347322,-3.41088867,1.55707824,-0.749537468,-0.1272198,-0.221103534,-0.008398702,-0.196321875,-3.56958,-0.8890991,-0.3043213,3.1972723,-0.188493729,-0.312950373,-2.69166422,1.465411,-3.06469917,4.33415127
840,16.799994047619048,3950,0,1,-2.89279,0,-2.76256514,-0.382840782,0,-0.3934981,-0.382840782,0,-0.3934981,1,0,0,1,-0.143341213,0.278398246,-0.243242487,0.4999463,-0.186215475,-0.5405385,-0.198610082,0.15775229,-0.3210295,11.1176271,0.5190864,-0.7775574,0.9809279,-0.0260763764,-0.006018162,-0.305462241,0.0465925336,-0.198040336,5.846342,-4.20043945,-5.40710449,0.196164921,0.2587091,0.4225759,-0.272415,0.0518399179,-0.29139328,7.358409,1.31218553,2.76609325,0.138362512,-0.0795414,-0.06543492,-0.471256733,0.0203710943,-0.03446509,17.1595573,-5.282013,-6.449402,0.4850214,0.063437894,0.4613801,-0.319710463,-0.02613977,-0.259263,18.3038979,1.41368663,2.965217,0.390927076,-0.109585792,-0.08035597,-0.4610235,0.010385016,0.0562168434,-27.1520386,0.57886827,-2.790619,0.9953979,-0.6507222,0.00202274323,-0.205806285,-0.0178391039,-0.174389139,-0.0220336914,-1.05249023,-0.686676,2.77625036,-0.211913347,-0.225439072,-2.49301577,1.45340133,-3.22574425,4.32815552
841,16.81999404053288,3955,0,1,-2.89279,0,-2.76256514,-0.382840782,0,-0.3934981,-0.382840782,0,-0.3934981,1,0,0,1,-0.08000393,0.354872942,-0.228730232,0.398415565,-0.110441566,-0.416139364,-0.126095623,0.218293488,-0.291437984,12.2036333,0.5107236,-0.7572632,0.9337871,-0.0150318146,-0.0028501153,-0.226895511,0.143829346,-0.187073022,6.24943829,-4.00997925,-4.83740234,-0.004314393,0.288142443,0.5084777,-0.181697667,0.148834974,-0.269053578,7.62388468,1.2583735,2.85786676,-0.0432589054,-0.08591891,0.009017173,-0.41291216,0.0764795542,-0.0121309534,17.3897152,-5.02331543,-5.765564,0.218435124,0.0750168562,0.5926809,-0.24343349,0.0321828425,-0.226782858,18.4310226,1.253684,3.00574279,0.133358389,-0.127784252,0.0312057585,-0.417728156,0.0126174688,0.08435624,-27.0698242,0.00251543452,-2.04837036,0.7163492,-0.7362343,0.120784581,-0.159426138,-0.030866757,-0.138921589,2.71167183,-1.2791748,-0.9500122,2.187421,-0.177873492,-0.07183671,-2.3019104,1.43469572,-3.35597038,4.315053
842,16.839994033446711,3960,0,1,-2.89279,0,-2.76256514,-0.382840782,0,-0.3934981,-0.382840782,0,-0.3934981,1,0,0,1,-0.03667545,0.393752217,-0.206755459,0.39845717,-0.126607567,-0.42271322,-0.07656096,0.255969644,-0.267609656,13.3339691,0.4999732,-0.795257568,0.981050432,-0.009232223,-0.04036075,-0.179799363,0.173312217,-0.174133241,6.58395,-3.80004883,-4.38186646,-0.0553329,0.274404526,0.427993983,-0.132570028,0.18272534,-0.257417738,7.8530426,1.19866407,2.80485821,-0.07106063,-0.0794067457,-0.08139935,-0.35488385,0.101022869,-0.0121151526,17.6126328,-4.762268,-5.096344,0.2033673,0.0753666461,0.5416702,-0.176089585,0.0584673136,-0.220861867,18.55451,1.14539552,3.03328872,0.114872277,-0.09554033,-0.0128588527,-0.354771,0.0189385675,0.09255597,-26.93985,-0.592590332,-1.307251,0.7747891,-0.720565736,0.08111471,-0.114484265,-0.037431296,-0.122401856,4.93682575,-1.37658691,-1.10726929,1.85785675,-0.0481342673,-0.0009481907,-2.17204618,1.4232626,-3.43008041,4.30219841
843,16.859994026360543,3964,0,1,-2.89279,0,-2.76256514,-0.382840782,0,-0.3934981,-0.382840782,0,-0.3934981,1,0,0,1,0.004209496,0.423986852,-0.1768758,0.4157693,-0.172474086,-0.457971036,-0.039431192,0.2866151,-0.240923539,14.5308161,0.47665745,-0.8522949,1.04660881,-0.0163246989,-0.0612373352,-0.146734446,0.181954324,-0.144363552,6.85637856,-3.59307861,-3.991394,-0.105270192,0.237568378,0.35709998,-0.105920084,0.1947571,-0.232119888,8.03669548,1.13364232,2.682078,-0.113581032,-0.0812541,-0.140355229,-0.2992414,0.09377904,-0.0141801378,17.8056145,-4.52566528,-4.628937,0.196391538,0.110270545,0.400644422,-0.132104918,0.050548587,-0.215389788,18.6509132,1.098388,2.90892959,0.09556222,-0.0117439106,-0.106392443,-0.291367352,0.0178551,0.0809381753,-26.6105957,-1.03265381,-0.717865,0.8617199,-0.607318,-0.0389609337,-0.08807486,-0.0374155343,-0.112609617,7.28760862,-1.21435547,-1.12106323,1.86061692,0.0846024752,0.0587601662,-1.98586035,1.40022981,-3.52819061,4.283972
844,16.879994019274374,3969,0,1,-2.89279,0,-2.76256514,-0.382840782,0,-0.3934981,-0.382840782,0,-0.3934981,1,0,0,1,0.04082811,0.451388478,-0.137013078,0.4309935,-0.24599883,-0.5039256,-0.0019592233,0.3139183,-0.207883716,15.7918653,0.4378801,-0.9387512,1.11278236,-0.0228980184,-0.08290231,-0.118872672,0.186807752,-0.101810783,7.06999,-3.421112,-3.73461914,-0.1449046,0.205979675,0.241068751,-0.0930104256,0.202018172,-0.194529,8.162894,1.05307925,2.45779061,-0.1629545,-0.08015351,-0.213783562,-0.246815383,0.08288041,-0.003797968,17.9732342,-4.364929,-4.385956,0.195282981,0.112135142,0.221564263,-0.106945984,0.0342501849,-0.19058311,18.72653,1.00032449,2.63572931,0.07903507,0.00138874352,-0.221915931,-0.229574129,0.0136258006,0.07428224,-26.26065,-1.30786133,-0.406494141,0.8281581,-0.5565338,-0.1714369,-0.0643731058,-0.0336800367,-0.0982223451,9.894061,-1.064331,-1.57437134,1.75698888,0.140416086,0.0284049511,-1.83147,1.38454425,-3.59606552,4.26648951
845,16.899994012188209,3974,0,1,-2.89279,0,-2.76256514,-0.382840782,0,-0.3934981,-0.382840782,0,-0.3934981,1,0,0,1,0.0702453554,0.478949666,-0.08901609,0.440541,-0.3400006,-0.5551716,0.0326573476,0.341076374,-0.1737082,17.1479149,0.3763315,-1.06134033,1.1791563,-0.029948771,-0.106496096,-0.0939413,0.19586,-0.05771027,7.173703,-3.27761841,-3.734192,-0.139724076,0.185735822,0.05218126,-0.0871284455,0.2126607,-0.156223148,8.172339,0.9579173,2.03862357,-0.181272537,-0.06615859,-0.3453614,-0.202564359,0.075255245,0.0143498592,18.1495514,-4.29330444,-4.29953,0.182620332,0.06452007,0.0431149155,-0.09562257,0.0173676647,-0.154540151,18.8101139,0.903753757,2.30220866,0.04847758,0.00589424372,-0.317680031,-0.181793571,0.009889245,0.06944475,-26.1618652,-1.4776001,-0.5758362,0.8232349,-0.5022469,-0.313582182,-0.0557932854,-0.0395165235,-0.0620008372,12.9282751,-0.852355957,-1.89080811,2.01921988,0.07526183,-0.08685756,-1.7486372,1.38145769,-3.62775421,4.257553
846,16.919994005102041,3979,0,1,-2.89279,0,-2.76256514,-0.382840782,0,-0.3934981,-0.382840782,0,-0.3934981,1,0,0,1,0.13007614,0.5120848,-0.08482829,0.4980886,-0.241756558,-0.560519934,0.0768250749,0.372918278,-0.157318577,18.5131569,0.3303153,-1.03259277,1.20566368,-0.0465112925,-0.0120744705,-0.0590450577,0.20689556,-0.06195293,7.33423233,-3.12817383,-3.36813354,-0.205166429,0.172361866,0.312510252,-0.0489517264,0.223809153,-0.138858125,8.232883,0.890651345,2.050889,-0.2199631,-0.08889131,-0.025928691,-0.175279588,0.0616059154,0.02320347,18.30662,-4.06283569,-4.19064331,0.181200564,0.178026691,0.170944661,-0.101064153,0.0287005529,-0.104787335,18.8996029,0.8128996,2.08231068,0.09999397,-0.0470712334,-0.121238366,-0.146986142,-0.0127380751,0.0814852,-26.5621643,-1.14123535,-0.650787354,0.6486678,-0.226002574,-0.282796383,-0.044359,-0.05501757,-0.0547710881,14.5125484,-1.12310791,-2.431366,3.350184,0.0175853968,-0.03031683,-1.65800953,1.3732934,-3.66247177,4.248368
847,16.939993998015872,3983,0,1,-2.89279,0,-2.76256514,-0.382840782,0,-0.3934981,-0.382840782,0,-0.3934981,1,0,0,1,0.192808241,0.537260056,-0.06546167,0.5430889,-0.1870368,-0.5735203,0.138090611,0.4127011,-0.148031428,19.8521214,0.3022082,-1.02139282,1.18985653,-0.03169173,0.001141429,0.008745424,0.2236331,-0.0725205243,7.470757,-2.987732,-2.98257446,-0.198610336,0.204502046,0.3085219,0.0176872015,0.24078837,-0.130476311,8.29138,0.823046744,2.17242146,-0.195470259,-0.07649072,0.03602764,-0.144686565,0.0414165035,0.0190860387,18.3729248,-4.05685425,-3.89535522,0.09692792,0.0303210914,0.279212534,-0.07440444,0.0368832462,-0.07550253,19.0039063,0.623633,2.10409,0.108760118,-0.1187509,0.0361371562,-0.150874019,-0.0447424725,0.05771207,-27.6301575,-1.3626709,-0.584777832,0.417857,-0.23641032,0.13222909,-0.06858906,-0.0499016047,-0.06189458,16.1126251,-1.45492554,-2.72854614,2.61896753,-0.04743135,0.0120408535,-1.61965847,1.37715638,-3.67723083,4.24757338
848,16.959993990929704,3989,0,1,-2.89279,0,-2.76256514,-0.382840782,0,-0.3934981,-0.382840782,0,-0.3934981,1,0,0,1,0.2561347,0.5583118,-0.03446748,0.5752758,-0.1713847,-0.5938157,0.198932812,0.4524982,-0.122002348,21.1406822,0.2838278,-1.00686646,1.14474225,-0.0263280272,0.00136423111,0.06900165,0.22751677,-0.06124079,7.53735876,-2.85369873,-2.614624,-0.235373944,0.216317341,0.296028942,0.0783774,0.25889805,-0.108167857,8.367133,0.7554886,2.32345319,-0.15336515,-0.07101884,0.05976188,-0.0989350751,0.005025178,0.0289119836,18.355484,-3.79452515,-3.51760864,0.0215742,0.112796694,0.340455055,-0.0247279927,0.05897565,-0.04891597,19.1677227,0.474912018,2.19258928,0.150689542,-0.117953591,0.08090867,-0.1502759,-0.0773599446,0.07583306,-29.198822,-1.42993164,-0.499267578,-0.02004999,-0.2075986,0.08637215,-0.05326061,-0.04020121,-0.05613756,17.5105457,-1.78085327,-3.00741577,1.87848425,-0.09700793,0.0441184044,-1.61916828,1.382079,-3.681345,4.25254631
849,16.979993983843535,3995,0,1,-2.89279,0,-2.76256514,-0.382840782,0,-0.3934981,-0.382840782,0,-0.3934981,1,0,0,1,0.313361168,0.5784821,0.00996195152,0.590189338,-0.203850359,-0.6242832,0.257146478,0.492066443,-0.08564599,22.3730679,0.262194544,-1.024353,1.08197451,-0.0205366015,-0.0174589157,0.11738313,0.226545781,-0.0284972489,7.501147,-2.716919,-2.35446167,-0.277066559,0.212474018,0.2195921,0.126833692,0.277163059,-0.07615346,8.449435,0.685156465,2.37362552,-0.1087815,-0.0568162575,-0.0134098567,-0.0550209135,-0.0422670655,0.044967927,18.22471,-3.72207642,-3.16793823,-0.08634393,0.0211692154,0.268129528,0.0296765137,0.07542351,-0.02239059,19.38675,0.367866933,2.26022053,0.173878491,-0.09039285,0.0395890027,-0.113635957,-0.127213076,0.0436438546,-31.6439514,-1.64645386,-0.5464783,-0.6914,-0.3098033,0.06969166,-0.0214534029,-0.0319491774,-0.0328121856,18.6544685,-1.99743652,-3.30697632,1.72594643,-0.0306052566,0.122471809,-1.61801386,1.387568,-3.68413734,4.256311
850,16.99999397675737,3999,0,1,-2.89279,0,-2.76256514,-0.382840782,0,-0.3934981,-0.382840782,0,-0.3934981,1,0,0,1,0.363073528,0.5961337,0.0642471,0.595061839,-0.265611619,-0.6631936,0.30804956,0.531038,-0.040820878,23.5342674,0.23557733,-1.05810547,1.01586008,-0.0198483765,-0.0346002,0.154768586,0.216063455,0.0200552288,7.32067442,-2.58963013,-2.31176758,-0.370324135,0.195427239,0.1123268,0.160106018,0.293377966,-0.0297186747,8.523247,0.614679,2.21140122,-0.0899588,-0.0498732366,-0.103244573,-0.0109191127,-0.109092854,0.0572934859,17.9442825,-3.4770813,-2.91860962,-0.2099697,0.1023031,0.146898955,0.0747566,0.09130696,0.00402541831,19.6521435,0.294983834,2.245131,0.202696323,-0.058138743,-0.0689401,-0.0990465656,-0.19185254,0.0409173556,-34.85739,-1.50067139,-0.8708801,-1.40032232,-0.277547359,-0.154335856,0.0172246434,-0.023460336,0.009536494,19.4801464,-2.120636,-3.6350708,2.10405231,0.164900184,0.04735613,-1.61547565,1.39493883,-3.69063759,4.26338148
851,17.0199939696712,4003,0,1,-2.89279,0,-2.76256514,-0.382840782,0,-0.3934981,-0.382840782,0,-0.3934981,1,0,0,1,0.406906843,0.611246765,0.11510089,0.6099942,-0.311575055,-0.703034043,0.3566681,0.571055353,0.000429563224,24.57642,0.196010023,-1.09552,0.9697994,-0.0256951153,-0.0453429222,0.192246929,0.2014479,0.0580235347,7.03403234,-2.45062256,-2.20895386,-0.553437233,0.191852048,0.0336492062,0.199581474,0.306049436,0.0123517737,8.641133,0.5612289,2.10880041,-0.143490776,-0.045901604,-0.167833358,0.003959814,-0.190246165,0.05966659,17.411,-3.30178833,-2.768341,-0.3511392,0.09986648,0.08137298,0.103975259,0.105801418,0.03184142,19.9101715,0.237775221,2.149158,0.2555676,-0.0191113651,-0.10072279,-0.07587375,-0.283088356,0.014293611,-39.042572,-1.229248,-1.44839478,-2.3322258,-0.335338354,-0.307204723,0.0394551866,-0.0185012445,0.0145158228,20.1052761,-2.18392944,-3.82391357,1.573685,-0.243549049,0.7797749,-1.61203957,1.40272021,-3.69724274,4.27035141
852,17.039993962585033,4009,0,1,-2.89279,0,-2.76256514,-0.382840782,0,-0.3934981,-0.382840782,0,-0.3934981,1,0,0,1,0.454499751,0.6268704,0.150581762,0.6453237,-0.2983641,-0.7247144,0.40077576,0.608566642,0.0379058532,25.5649071,0.160184488,-1.08947754,0.9025103,-0.0341675,-0.0111190081,0.20793198,0.186939567,0.08026675,6.608289,-2.31448364,-2.09091187,-0.6418162,0.1809709,0.105659485,0.2253804,0.322816223,0.0447872467,8.81586,0.511664,2.02979231,-0.06623022,-0.05196639,-0.09266868,0.0133300461,-0.291021168,0.07368802,16.6504478,-3.01611328,-2.62420654,-0.5446321,0.174640447,0.09221429,0.136592329,0.115360662,0.07198814,20.2085743,0.181984022,2.03933573,0.2747568,-0.00231730938,-0.09425089,-0.100708768,-0.3905148,0.0111940978,-43.8670044,-0.509429932,-2.213623,-3.16722345,-0.221124768,-0.3725276,0.06129519,-0.0153012276,0.0249283351,20.6150742,-2.19989014,-3.899231,1.52367675,-0.452091277,0.8191707,-1.60796452,1.41195285,-3.70280838,4.276675
853,17.059993955498864,4015,0,1,-2.89279,0,-2.76256514,-0.382840782,0,-0.3934981,-0.382840782,0,-0.3934981,1,0,0,1,0.488248765,0.6475469,0.179773763,0.67910254,-0.298009366,-0.75243926,0.433700025,0.6491283,0.0594593361,26.50884,0.125738055,-1.084137,0.8549948,-0.0342974365,0.00109112263,0.218062431,0.169972286,0.0843212456,6.012754,-2.164917,-1.98077393,-0.7811564,0.194842309,0.09852368,0.249558076,0.340270162,0.0604574,9.046137,0.465937257,1.93229449,-0.0197384842,-0.04363512,-0.106455535,-0.0148879364,-0.388273239,0.0614922121,15.6579838,-2.74517822,-2.40615845,-0.7379732,0.147737056,0.132720649,0.156959414,0.130101189,0.09326131,20.5615864,0.118642241,1.96365082,0.308966249,-0.0293016583,-0.077115,-0.151246816,-0.5002148,-0.0175587144,-49.2372742,0.1322112,-2.97061157,-3.89690161,-0.2255758,-0.308335781,0.09775944,-0.01665578,0.05218701,21.1019058,-2.316864,-3.82177734,2.10593319,-0.7023892,0.7072511,-1.60405874,1.42089236,-3.70665932,4.28150225
854,17.0799939484127,4020,0,1,-2.89279,0,-2.76256514,-0.382840782,0,-0.3934981,-0.382840782,0,-0.3934981,1,0,0,1,0.513330758,0.669392347,0.205248475,0.7115919,-0.301388562,-0.781172037,0.4566905,0.691344261,0.07699672,27.4048214,0.09055622,-1.06384277,0.811320066,-0.04062122,0.0130329132,0.2154045,0.1525854,0.0870962739,5.20927,-1.99432373,-1.84356689,-0.950685,0.199855387,0.119247437,0.265895247,0.356014848,0.07528314,9.305141,0.420177668,1.82486331,-0.00120538473,-0.0467448831,-0.110175617,-0.0654005855,-0.484611839,0.0358641222,14.413847,-2.40841675,-2.13760376,-0.935088,0.181847453,0.174913526,0.171371117,0.132816523,0.09960037,20.92072,0.04966589,1.87008321,0.313218832,-0.0547625124,-0.0970895,-0.23011668,-0.608353436,-0.0519803464,-54.9278564,1.03579235,-3.8555603,-4.4604845,-0.06195116,-0.2924149,0.137072429,-0.0253171623,0.07219124,22.25596,-2.63424683,-3.87792969,2.84119916,-0.6739401,0.586689234,-1.59627581,1.4351542,-3.71202278,4.287992
855,17.099993941326531,4025,0,1,-2.89279,0,-2.76256514,-0.382840782,0,-0.3934981,-0.382840782,0,-0.3934981,1,0,0,1,0.5353614,0.6880887,0.231754959,0.7420606,-0.301841319,-0.8059362,0.4768879,0.731791258,0.09582965,28.2437,0.05516296,-1.0279541,0.7600279,-0.0469478965,0.0252851248,0.2056593,0.136092618,0.0878930539,4.18563747,-1.79934692,-1.65914917,-1.12455869,0.199880034,0.15135479,0.279615819,0.368217528,0.08951455,9.569315,0.36980018,1.70830226,0.0022742562,-0.0509615839,-0.114981234,-0.126270175,-0.570593655,0.00169946253,12.92999,-2.08380127,-1.82873535,-1.12055135,0.171148241,0.204824924,0.185456857,0.127649456,0.102846675,21.2593575,-0.058013916,1.74044049,0.3014664,-0.0491103828,-0.116140604,-0.305291355,-0.701872647,-0.102528527,-60.8458252,1.83980215,-4.765259,-4.93437958,-0.05850196,-0.274450779,0.156381339,-0.0291915312,0.07237986,23.4227676,-2.921692,-3.99295044,2.98145175,-0.684569,0.5373602,-1.58900356,1.44847071,-3.71545219,4.292736
856,17.119993934240362,4031,0,1,-2.89279,0,-2.76256514,-0.382840782,0,-0.3934981,-0.382840782,0,-0.3934981,1,0,0,1,0.552996755,0.701592863,0.259342283,0.770069838,-0.298101485,-0.8253304,0.494601667,0.768520355,0.116725668,29.0158844,0.0206850432,-0.975097656,0.7005651,-0.0536147356,0.0392696261,0.212137416,0.1650788,0.0942208245,3.20167327,-1.6484375,-1.46685791,-1.05182719,0.130169183,0.130952239,0.2918068,0.378165,0.103223108,9.833057,0.3148777,1.57512915,0.00556960329,-0.0510991663,-0.125017822,-0.0121945441,-0.284131467,0.008701372,12.3311892,-1.90939331,-1.7401123,-0.6924628,0.111394256,-0.0116866827,0.1963656,0.12927714,0.105589733,21.600172,-0.165557861,1.59453046,0.306164861,-0.0290833265,-0.1205582,-0.0536709279,-0.06430185,-0.04507871,-58.526123,1.49008024,-3.06539917,1.38162661,0.274552763,0.0954002142,0.156272992,-0.0264087617,0.0582869053,24.3456974,-3.11026,-4.2197876,2.87616158,-0.697415769,0.421575069,-1.57970715,1.4644897,-3.71846,4.2973423
857,17.139993927154194,4036,0,1,-2.89279,0,-2.76256514,-0.382840782,0,-0.3934981,-0.382840782,0,-0.3934981,1,0,0,1,0.568021655,0.7100663,0.289467484,0.797748,-0.290783,-0.8412659,0.5102373,0.800274134,0.141116425,29.71359,-0.013092041,-0.9026489,0.6364161,-0.06143965,0.0538933277,0.261190057,0.260755539,0.1156719,2.750524,-1.58010864,-1.4564209,-0.575980544,0.119010746,0.007550299,0.3026672,0.3856505,0.120397106,10.106288,0.259103537,1.430908,0.0172613561,-0.0499431528,-0.128251567,0.0972032249,-0.0115015805,0.0561093129,12.5995016,-1.80987549,-1.7756958,0.226046354,0.10520035,-0.0429459959,0.206461072,0.136339158,0.114377104,21.9687252,-0.2564087,1.45237863,0.329953551,-0.00409056246,-0.114662528,0.018119242,-0.00283202529,0.0127549209,-57.1495361,2.11890149,-3.21817017,0.9726343,-0.00569784641,-0.244037867,0.15067865,-0.0221846253,0.04423428,24.9992332,-3.13671875,-4.36672974,2.72704983,-0.718967,0.267760515,-1.57320213,1.47670376,-3.7200222,4.30048656
858,17.159993920068025,4039,0,1,-2.89279,0,-2.76256514,-0.382840782,0,-0.3934981,-0.382840782,0,-0.3934981,1,0,0,1,0.5810277,0.7164266,0.321910918,0.825928,-0.28065294,-0.8547454,0.5247268,0.8289783,0.169503257,30.3400974,-0.0465698242,-0.8121338,0.5745868,-0.06916903,0.06729385,0.290741742,0.316629,0.140296981,2.668328,-1.54632568,-1.534668,-0.298958719,0.115266867,-0.0433343351,0.312072873,0.392473817,0.140511051,10.3999662,0.206967771,1.28548348,0.03448823,-0.0480755568,-0.124011725,0.139865443,0.0552987754,0.0797501355,13.0453873,-1.73809814,-1.8560791,0.3289938,0.09196907,-0.03957215,0.214264467,0.144721746,0.128535926,22.3719978,-0.317657471,1.3266387,0.358675152,0.00132645667,-0.104678124,0.0340352766,0.006057173,0.0176113,-56.18799,2.552191,-3.44458,0.8376496,0.0302219689,-0.18877089,0.144244045,-0.0208223611,0.05560562,25.5914,-3.15686035,-4.52401733,2.90733957,-0.550035655,0.2557497,-1.562985,1.494209,-3.72158241,4.304156
859,17.17999391298186,4045,0,1,-2.89279,0,-2.76256514,-0.382840782,0,-0.3934981,-0.382840782,0,-0.3934981,1,0,0,1,0.5916864,0.721201658,0.356484354,0.8545547,-0.267710745,-0.8654994,0.5372084,0.855373144,0.200858265,30.9006157,-0.0798645,-0.7045593,0.51649946,-0.07682499,0.0800274,0.30262354,0.3392262,0.161247849,2.727605,-1.52114868,-1.637146,-0.202023551,0.113688238,-0.05176781,0.318647772,0.397821,0.163449675,10.7151251,0.15967688,1.1518743,0.0484912544,-0.05088085,-0.109412007,0.1517946,0.06696263,0.09682141,13.3805437,-1.70144653,-1.941742,0.313980371,0.0483566672,-0.052803874,0.220420718,0.146869838,0.146384567,22.7973289,-0.3923645,1.21551526,0.376590967,-0.04469815,-0.109805346,0.068323195,0.0151178464,0.0381559134,-55.06183,2.91754127,-3.72006226,0.9959113,-0.383588761,-0.176864743,0.178907946,-0.0228105634,0.06253122,26.6935787,-3.4960022,-4.78735352,2.976723,-0.8771319,0.298042536,-1.54796171,1.518865,-3.72252655,4.30817127
860,17.199993905895692,4051,0,1,-2.89279,0,-2.76256514,-0.382840782,0,-0.3934981,-0.382840782,0,-0.3934981,1,0,0,1,0.5988016,0.7216963,0.39172864,0.880883336,-0.251995534,-0.8712919,0.547108054,0.876922548,0.234834045,31.3915558,-0.113006592,-0.580810547,0.456110328,-0.08427188,0.0921405852,0.307676166,0.3475386,0.179630414,2.83756065,-1.4994812,-1.73913574,-0.172371909,0.0991730839,-0.0536002964,0.325399756,0.3999223,0.186163813,11.0493383,0.107862532,1.02071011,0.06131964,-0.05696392,-0.106138676,0.16441083,0.06663854,0.109905183,13.7059717,-1.71463013,-2.019165,0.3660912,0.00512993336,-0.03974849,0.233992577,0.14333491,0.158161625,23.2229443,-0.497680664,1.07689536,0.3823982,-0.0304891914,-0.11950466,0.0855228752,0.01626502,0.06154155,-53.7128,2.31188059,-3.54776,1.07194471,-0.405570149,0.197698355,0.188970938,-0.0106240958,0.08141665,27.6565228,-3.75344849,-5.08700562,2.297338,-0.689999938,0.213735819,-1.53853083,1.53575027,-3.722498,4.310754
861,17.219993898809523,4056,0,1,-2.89279,0,-2.76256514,-0.382840782,0,-0.3934981,-0.382840782,0,-0.3934981,1,0,0,1,0.6018429,0.718462944,0.4264966,0.9041304,-0.233837277,-0.87166363,0.5538169,0.893558145,0.270353377,31.812088,-0.146026611,-0.442504883,0.394471318,-0.09100129,0.102730364,0.312373757,0.357590437,0.19942756,2.97161055,-1.48806763,-1.85171509,-0.122450292,0.08323566,-0.0560204,0.330314249,0.399618328,0.208421141,11.4023609,0.05444142,0.888941467,0.0722013637,-0.05850367,-0.104068868,0.1734923,0.08321851,0.12306878,14.0416126,-1.7489624,-2.0765686,0.205295891,0.0265225917,-0.0210796148,0.246678457,0.1431122,0.1713832,23.6692467,-0.6116028,0.9272886,0.399237454,-0.0274203867,-0.127466828,0.103374533,-0.0143980905,0.0723289,-52.3682251,1.7370795,-3.294403,1.03857684,-0.15577282,0.369248271,0.2036276,0.004080683,0.113488093,28.8488579,-4.00756836,-5.33612061,1.58679974,-0.519687653,0.271944642,-1.52259684,1.5625844,-3.72145081,4.313834
862,17.239993891723355,4061,0,1,-2.89279,0,-2.76256514,-0.382840782,0,-0.3934981,-0.382840782,0,-0.3934981,1,0,0,1,0.6007248,0.711434245,0.4602833,0.9239705,-0.213575855,-0.8665426,0.5566578,0.9073212,0.3062014,32.0783348,-0.177948,-0.29083252,0.2791398,-0.09658334,0.11247395,0.313639849,0.364694566,0.219217837,3.13374257,-1.48202515,-1.96768188,-0.07911627,0.06972588,-0.0524137951,0.333038,0.396716952,0.230185077,11.7734785,-0.00152587891,0.7554619,0.08101764,-0.05917005,-0.102676183,0.177987933,0.09601006,0.13331908,14.3663244,-1.75656128,-2.122223,0.067412965,0.0628698841,-0.004446611,0.258411,0.139455914,0.184715539,24.12532,-0.741912842,0.7619993,0.409230471,-0.02121599,-0.133692861,0.127209216,-0.04077886,0.08546682,-51.024353,1.38108575,-3.1300354,1.20794153,0.1519979,0.219670355,0.221257761,0.008932583,0.145829141,30.3151264,-4.2387085,-5.56442261,1.22740149,-0.342066169,0.3127787,-1.50974941,1.58516109,-3.7197628,4.31609964
863,17.259993884637186,4066,0,1,-2.89279,0,-2.76256514,-0.382840782,0,-0.3934981,-0.382840782,0,-0.3934981,1,0,0,1,0.594848156,0.699165,0.491968125,0.9388714,-0.191456765,-0.854946852,0.559525132,0.940030932,0.3447259,32.16502,-0.210327148,-0.128631592,0.0689672455,-0.101153836,0.120009467,0.310620844,0.366263658,0.238022476,3.33418918,-1.47631836,-2.07928467,-0.05246136,0.0587429069,-0.0427208953,0.333518773,0.389909923,0.250884563,12.1607466,-0.0595703125,0.6179973,0.085467644,-0.057406947,-0.103065208,0.185067311,0.09707877,0.13988626,14.6348572,-1.73553467,-2.164978,0.0300422087,-0.003238313,-0.09522679,0.26749438,0.133619919,0.197044566,24.5809364,-0.859802246,0.590087235,0.4149974,-0.005895123,-0.132922411,0.138971239,-0.0424459428,0.0953004062,-49.5540466,1.32401109,-3.110077,1.30859792,0.214473575,-0.005433202,0.234291777,0.0035212338,0.161786228,31.89466,-4.41452026,-5.82684326,1.36714149,-0.276698,0.366044283,-1.4902277,1.61003351,-3.71835518,4.31730843
864,17.279993877551021,4072,0,1,-2.89279,0,-2.76256514,-0.382840782,0,-0.3934981,-0.382840782,0,-0.3934981,1,0,0,1,0.587230742,0.687753737,0.524143755,0.9549298,-0.168435127,-0.842018962,0.55498004,0.9399752,0.3809393,32.1041145,-0.2416687,0.04301844,-0.03789018,-0.104585767,0.127346888,0.30545038,0.366257638,0.2552217,3.55048919,-1.4692688,-2.183319,-0.04207295,0.0473061651,-0.0351376943,0.332171321,0.3823337,0.270893842,12.54952,-0.118469238,0.475500852,0.08154892,-0.0539864078,-0.1036903,0.188932583,0.0965645,0.1430431,14.8642092,-1.84521484,-2.32727051,0.0189389437,-0.0436715856,-0.132940143,0.2719635,0.1283703,0.206769541,25.0381546,-0.954071045,0.421123564,0.420389235,0.004728839,-0.128374279,0.144625053,-0.04284744,0.0941507444,-48.0762329,1.19745886,-2.9831543,1.32732821,0.225384325,0.07028818,0.238792941,-0.00216258317,0.161989763,33.4203224,-4.562317,-6.11251831,1.73131633,-0.318822056,0.4352665,-1.461802,1.63218153,-3.71902466,4.316483
865,17.299993870464853,4077,0,1,-2.89279,0,-2.76256514,-0.382840782,0,-0.3934981,-0.382840782,0,-0.3934981,1,0,0,1,0.578063667,0.674712062,0.5564588,0.971280634,-0.1448906,-0.8274292,0.549247265,0.931766748,0.420080274,32.03634,-0.271911621,0.220701858,-0.0449402221,-0.1067283,0.13115117,0.2974405,0.3600446,0.269186556,3.74311328,-1.46820068,-2.28179932,-0.0655747652,0.0373715162,-0.0316771455,0.327418327,0.368115842,0.289284557,12.9020214,-0.175567627,0.330773979,0.0460074171,-0.049492076,-0.1013684,0.1866648,0.0951,0.1439017,15.1174784,-1.88302612,-2.42218018,0.0343167037,-0.0339005142,-0.130248666,0.27339974,0.120742358,0.21638298,25.5081272,-1.03100586,0.25964728,0.433417469,0.011973545,-0.121195853,0.13892661,-0.0428244472,0.0878546461,-46.6595154,1.018652,-2.78527832,1.32833064,0.223088324,0.09167683,0.238586068,-0.003487967,0.1572974,34.8110237,-4.68936157,-6.391815,1.94016445,-0.381396,0.4766481,-1.40872383,1.67236984,-3.71809,4.313411
866,17.319993863378684,4079,0,1,-2.89279,0,-2.76256514,-0.382840782,0,-0.3934981,-0.382840782,0,-0.3934981,1,0,0,1,0.567223549,0.6597306,0.588035941,0.9867136,-0.1212274,-0.81070894,0.54133606,0.919055045,0.459361225,32.00279,-0.3015442,0.399714351,-0.0208064243,-0.107128382,0.131653488,0.286246657,0.350070179,0.281651616,3.89456844,-1.46899414,-2.37286377,-0.107507989,0.0322979838,-0.02346757,0.3201019,0.3506679,0.3067701,13.20759,-0.228912354,0.189002842,-0.00123443455,-0.0449699163,-0.09513726,0.180404812,0.09248693,0.146003544,15.3898525,-1.94631958,-2.53387451,0.053834334,-0.03097114,-0.121313982,0.272500634,0.111339092,0.2264772,25.9925385,-1.10610962,0.104153089,0.447208643,0.0229162574,-0.1099031,0.1344482,-0.0441877544,0.085737206,-45.2043152,0.9165912,-2.62719727,1.35791326,0.2212624,0.09281933,0.235586911,-0.0006872043,0.153777063,35.9847221,-4.76355,-6.739563,1.90742242,-0.395674825,0.4726225,-1.37697268,1.6916455,-3.71863174,4.31114149
867,17.339993856292516,4083,0,1,-2.89279,0,-2.76256514,-0.382840782,0,-0.3934981,-0.382840782,0,-0.3934981,1,0,0,1,0.555102944,0.6424861,0.617268741,1.00141692,-0.09569935,-0.78968215,0.5337652,0.9165666,0.500093937,31.99678,-0.330657959,0.5768623,0.0104862256,-0.104610771,0.133661747,0.275235027,0.341434181,0.295052141,4.02200937,-1.472168,-2.452057,-0.133800566,0.027445443,-0.010985449,0.312174767,0.33535257,0.3253082,13.4900312,-0.277130127,0.05741,-0.0285349227,-0.0412834026,-0.0809283555,0.1743083,0.0905630141,0.14983201,15.6852427,-1.96060181,-2.58859253,0.0653954148,-0.029365696,-0.108380586,0.27054894,0.105468743,0.23802796,26.4934063,-1.16644287,-0.03656006,0.460584134,0.0376117676,-0.09221071,0.129542381,-0.0457183346,0.08497184,-43.7604675,0.754529059,-2.401062,1.37392843,0.214785665,0.119002581,0.228991851,0.008505613,0.1561745,37.000576,-4.767029,-7.13855,1.51740265,-0.321778238,0.437707543,-1.29685307,1.7283833,-3.72133446,4.30319262
868,17.359993849206347,4089,0,1,-2.89279,0,-2.76256514,-0.382840782,0,-0.3934981,-0.382840782,0,-0.3934981,1,0,0,1,0.542285144,0.6267726,0.6425646,1.01520133,-0.06741915,-0.7625685,0.523618,0.912308931,0.5385811,32.00667,-0.3562622,0.7487501,0.00393247046,-0.09950879,0.138542488,0.263752162,0.336627841,0.307629734,4.1376214,-1.476471,-2.522522,-0.153449446,0.02372427,0.00723004341,0.303324044,0.324929655,0.343384,13.76939,-0.318817139,-0.06036377,-0.0430893376,-0.0379952341,-0.0577079169,0.167935684,0.08935354,0.153317422,15.9618177,-2.03778076,-2.69418335,0.05893648,-0.0326255038,-0.09308442,0.2681429,0.103855908,0.251237124,27.0056076,-1.20904541,-0.157775879,0.4703714,0.04666026,-0.06949237,0.1249101,-0.0466498137,0.0837516338,-42.308075,0.6142547,-2.18292236,1.38914859,0.214699626,0.161618829,0.22293964,0.021513842,0.168383539,37.97403,-4.75805664,-7.611603,0.7761224,-0.15860334,0.408305824,-1.24140072,1.75636,-3.720684,4.29760027
869,17.379993842120182,4094,0,1,-2.89279,0,-2.76256514,-0.382840782,0,-0.3934981,-0.382840782,0,-0.3934981,1,0,0,1,0.525856,0.617296934,0.6650515,1.01906133,-0.0463019758,-0.7365519,0.5091183,0.9042769,0.5716119,31.96407,-0.380432129,0.9096526,-0.02402773,-0.09227541,0.131841987,0.2520374,0.339540035,0.31762284,4.240623,-1.48394775,-2.58728027,-0.172746629,0.019927036,0.0127257109,0.293572873,0.323052466,0.359242916,14.0506458,-0.354064941,-0.16418457,-0.0529228039,-0.034731105,-0.0429174639,0.159901768,0.0901316,0.152426779,16.2052822,-2.08129883,-2.752411,0.025263194,-0.027622059,-0.08739327,0.264865458,0.107665949,0.262936324,27.51142,-1.24142456,-0.262573242,0.4671405,0.0581316352,-0.0552640557,0.113390043,-0.04677652,0.0775659,-40.9378967,0.462772548,-1.87164307,1.38443112,0.207271516,0.194369435,0.218323022,0.0294359624,0.180664033,38.7556648,-4.72195435,-8.219116,0.117956191,-0.0217531025,0.4661498,-1.21017265,1.78019416,-3.71614265,4.29456949
870,17.399993835034014,4100,0,1,-2.89279,0,-2.76256514,-0.382840782,0,-0.3934981,-0.382840782,0,-0.3934981,1,0,0,1,0.5123994,0.603053331,0.684188068,1.032042,-0.0187491365,-0.705528,0.4923646,0.9025243,0.6015158,31.8890953,-0.401428223,1.06047308,-0.03775329,-0.0842609853,0.137970224,0.237980783,0.349454045,0.3254026,4.32237673,-1.4914856,-2.640503,-0.188756227,0.018262215,0.0366710424,0.282807767,0.330509126,0.373311818,14.3400183,-0.3831482,-0.25,-0.04528077,-0.0311023667,-0.0127582382,0.146229431,0.0920957,0.146089569,16.3660183,-2.193451,-2.87457275,-0.0275592878,-0.0236193091,-0.07164322,0.259025037,0.120807528,0.271689355,28.0041,-1.25863647,-0.356689453,0.464237,0.08808206,-0.0213218033,0.0955560356,-0.04815293,0.06379549,-39.6536865,0.347052157,-1.50408936,1.42222309,0.180391937,0.234081149,0.20311594,0.0294915736,0.172811553,39.0281372,-4.5045166,-8.900574,-0.08206898,0.03720063,0.532714367,-1.1875248,1.81213689,-3.70564842,4.292538
871,17.419993827947845,4105,0,1,-2.89279,0,-2.76256514,-0.382840782,0,-0.3934981,-0.382840782,0,-0.3934981,1,0,0,1,0.498318553,0.5901566,0.7006668,1.04067624,0.004306905,-0.6758443,0.475596964,0.906657636,0.6278865,31.7833061,-0.4184265,1.19325984,-0.0500106625,-0.07250602,0.136498451,0.2241677,0.364965945,0.3296863,4.3743186,-1.50067139,-2.6892395,-0.209305942,0.0185168386,0.0510419,0.2749783,0.345785,0.383618385,14.647192,-0.401947021,-0.330993652,-0.02743283,-0.0196905881,-0.00107837282,0.130342647,0.09523347,0.136167616,16.4374466,-2.23294067,-2.912384,-0.09875799,-0.0138411652,-0.0554239675,0.249993324,0.1421965,0.2795253,28.4813786,-1.20916748,-0.401519775,0.456105471,0.0828650445,0.0157198012,0.0623385,-0.0512045175,0.04102389,-38.33539,0.238258511,-1.12197876,1.353792,0.17470023,0.261396527,0.160155952,0.03032501,0.172998279,38.8786469,-3.995514,-8.15710449,-0.345596433,-0.020052284,0.423718333,-1.16758156,1.83483374,-3.69722939,4.28944826
872,17.439993820861677,4110,0,1,-2.89279,0,-2.76256514,-0.382840782,0,-0.3934981,-0.382840782,0,-0.3934981,1,0,0,1,0.483637422,0.5783376,0.714898169,1.0441879,0.02186536,-0.649376869,0.458220273,0.9163774,0.6508058,31.6427746,-0.431182861,1.30723548,-0.0635306463,-0.05993531,0.129004315,0.209377512,0.385604739,0.332316667,4.38790464,-1.50561523,-2.72845459,-0.23188965,0.0200599581,0.06494179,0.2634329,0.366484165,0.394287467,14.9658089,-0.415679932,-0.3922119,-0.0109856268,-0.0199448634,0.0248363838,0.113788143,0.09899365,0.123551682,16.3704739,-2.330902,-3.02484131,-0.187581033,-0.0290063359,-0.0579611957,0.237726435,0.161301985,0.289321423,28.9188442,-1.21508789,-0.441802979,0.432466924,0.0423557833,0.0277888179,0.03536699,-0.05493193,0.0118918233,-36.8912354,-0.0129394531,-0.796600342,1.24340355,0.159285828,0.39132762,0.150420517,0.031866543,0.163822874,38.3701477,-3.78778076,-7.867279,-0.555416942,-0.03455341,0.304539979,-1.15007257,1.85662556,-3.68819237,4.286314
873,17.459993813775508,4113,0,1,-2.89279,0,-2.76256514,-0.382840782,0,-0.3934981,-0.382840782,0,-0.3934981,1,0,0,1,0.468088269,0.5674195,0.7273076,1.0422821,0.0336019769,-0.627559066,0.441423,0.930707932,0.67117,31.4596977,-0.439178467,1.40199757,-0.0819402263,-0.04665909,0.114411362,0.195495427,0.411537647,0.334042639,4.364118,-1.513855,-2.75598145,-0.246506929,0.0200018734,0.0715133846,0.251719475,0.3911242,0.402596682,15.2954664,-0.424346924,-0.4290161,0.003146762,-0.0185229145,0.0436384156,0.09577835,0.175736561,0.108049572,16.3772049,-2.34857178,-3.08197021,0.124346077,0.0183567032,0.006090425,0.225011945,0.180789024,0.2891794,29.2945,-1.16436768,-0.457366943,0.390838861,0.0667339861,0.0429316163,0.0325393565,-0.0514132828,0.00137713179,-35.3757935,-0.131103516,-0.61932373,1.31251621,0.130483985,0.379470527,0.138153464,0.0234883875,0.152955666,37.62944,-3.462738,-7.600403,-0.4545654,0.009378791,0.28977257,-1.13491344,1.8837136,-3.674881,4.28265762
874,17.479993806689343,4119,0,1,-2.89279,0,-2.76256514,-0.382840782,0,-0.3934981,-0.382840782,0,-0.3934981,1,0,0,1,0.452320427,0.556807637,0.737844646,1.03651142,0.0416208357,-0.60890615,0.4254809,0.9491021,0.6890642,31.2247829,-0.441894531,1.47840738,-0.107897945,-0.03375078,0.0971149057,0.187391758,0.4463886,0.339826077,4.3532877,-1.51275635,-2.77896118,-0.211185932,0.03573174,0.0719099641,0.239568055,0.415509373,0.406916,15.612071,-0.427032471,-0.447143555,-0.00148004107,-0.0137426518,0.0528725833,0.077538,0.212216616,0.110046506,16.3106251,-2.35192871,-3.108368,0.09291571,0.0107936589,0.0343480855,0.211587727,0.191702425,0.283003658,29.5818233,-1.10998535,-0.4710083,0.330200374,0.0694326758,0.03843075,0.0103421025,-0.0449675322,-0.00119225215,-33.9821472,-0.505279541,-0.208526611,1.30939853,0.02611044,0.410305023,0.134655118,0.009521596,0.146361485,37.12522,-3.17248535,-7.325836,-0.3879827,0.004065171,0.319918334,-1.11440468,1.92070222,-3.65517044,4.276829
875,17.499993799603175,4125,0,1,-2.89279,0,-2.76256514,-0.382840782,0,-0.3934981,-0.382840782,0,-0.3934981,1,0,0,1,0.4363464,0.5459274,0.747029543,1.02642739,0.04530733,-0.595057964,0.411588728,0.969968736,0.705645,30.9263687,-0.439331055,1.53713894,-0.143777877,-0.0214199275,0.07504329,0.176414862,0.480668724,0.347415984,4.35436535,-1.50665283,-2.7746582,-0.181714267,0.0367878638,0.08660513,0.227781251,0.438661754,0.408032417,15.8985739,-0.4246521,-0.454071045,-0.0193848461,-0.00678910874,0.05016273,0.06510632,0.242858648,0.114908755,16.1877327,-2.3984375,-3.12014771,0.06874017,0.0198826455,0.03872617,0.194040477,0.198243454,0.267360449,29.7562141,-1.03939819,-0.4850769,0.2514425,0.0840687,0.02998975,0.00732926466,-0.0413602963,0.00571522769,-32.57483,-0.673187256,0.0984733,1.25837386,0.0862953961,0.337046981,0.118769467,-0.00130848587,0.124054193,36.62863,-2.83450317,-7.056549,-0.207321584,0.0321866721,0.330465645,-1.10303211,1.93986666,-3.64292717,4.27208138
876,17.519993792517006,4130,0,1,-2.89279,0,-2.76256514,-0.382840782,0,-0.3934981,-0.382840782,0,-0.3934981,1,0,0,1,0.4194222,0.534571469,0.753988862,1.01541126,0.0450999662,-0.5884162,0.4001037,0.992151141,0.721376061,30.5526352,-0.431671143,1.579935,-0.186430767,-0.0101510435,0.0492588,0.1676422,0.5147063,0.354577482,4.376234,-1.49594116,-2.741394,-0.142950132,0.0402087271,0.09108244,0.215491027,0.459395647,0.4061483,16.13132,-0.41619873,-0.453430176,-0.0490435436,0.00156685337,0.0398859158,0.0519081,0.2725336,0.106941089,15.99577,-2.39373779,-3.12893677,0.0239204187,0.0348695666,0.02082451,0.175118357,0.201184213,0.249012843,29.8169289,-0.951843262,-0.498657227,0.1765792,0.09728111,0.0160944313,0.00229673181,-0.0416227579,-0.007073271,-31.21939,-0.7878113,0.188335627,1.25350428,0.06747566,0.312910378,0.105213784,-0.009772994,0.10633637,36.3718376,-2.469452,-6.79949951,-0.0469252467,0.034406364,0.3336793,-1.08571291,1.97059834,-3.62315369,4.26488829
877,17.539993785430838,4135,0,1,-2.89279,0,-2.76256514,-0.382840782,0,-0.3934981,-0.382840782,0,-0.3934981,1,0,0,1,0.404377252,0.522317231,0.7543977,1.01695824,0.0500905626,-0.5802545,0.391062438,1.01459408,0.7363891,30.0920048,-0.419372559,1.6092844,-0.232198417,-0.000742152333,0.03797096,0.160622254,0.544425368,0.3573606,4.395312,-1.47915649,-2.70095825,-0.111545436,0.05304113,0.09226164,0.2036752,0.478361338,0.402598917,16.30238,-0.401641846,-0.446594238,-0.07311992,0.009396553,0.039673,0.0350042321,0.296682268,0.09639411,15.727807,-2.372223,-3.128662,-0.0165953524,0.04953802,0.0294621475,0.1543724,0.204528123,0.227803513,29.7678661,-0.8658142,-0.5166321,0.112805806,0.0983395353,0.0111500919,-0.0101222629,-0.0363258421,-0.00610681251,-29.8641663,-0.92477417,0.37237376,1.32557642,0.0934761,0.315540552,0.087949276,-0.014097169,0.0841056,36.29269,-2.134369,-6.50766,0.14759919,0.029785566,0.351065159,-1.07205009,1.99398613,-3.60612679,4.257866
878,17.559993778344669,4141,0,1,-2.89279,0,-2.76256514,-0.382840782,0,-0.3934981,-0.382840782,0,-0.3934981,1,0,0,1,0.390236855,0.508640647,0.748632431,1.02735782,0.05646426,-0.574866951,0.3853165,1.03585,0.750037432,29.5322056,-0.403564453,1.62223947,-0.282063067,0.008605406,0.031784147,0.1541705,0.569925249,0.358945638,4.397073,-1.45196533,-2.65774536,-0.07613083,0.06529612,0.100301027,0.193664968,0.4947096,0.3969299,16.4073772,-0.380645752,-0.445922852,-0.08754035,0.0182253085,0.0395438075,0.0232116543,0.324368417,0.09546008,15.4278212,-2.3442688,-3.10266113,-0.009272654,0.0514018238,0.0501556247,0.133879766,0.207621709,0.205343425,29.6180611,-0.761688232,-0.5248718,0.0638237745,0.110765718,0.0220465474,-0.0115040559,-0.03321471,-0.000891421,-28.428833,-1.06091309,0.4915375,1.2306242,0.0809239149,0.249971569,0.067774564,-0.01609464,0.06420259,36.39047,-1.74697876,-6.26092529,0.356800884,0.0360769778,0.33645758,-1.05760384,2.019079,-3.58687973,4.249813
879,17.579993771258504,4147,0,1,-2.89279,0,-2.76256514,-0.382840782,0,-0.3934981,-0.382840782,0,-0.3934981,1,0,0,1,0.376158953,0.493189752,0.7370397,1.04416549,0.0619191565,-0.5753882,0.3829227,1.05368948,0.7631445,28.8606567,-0.385620117,1.61812913,-0.336096,0.0172453523,0.026230514,0.150662452,0.592199,0.361914724,4.402059,-1.41442871,-2.61151123,-0.0151805729,0.0729146749,0.110836565,0.184973821,0.5072624,0.38973406,16.44561,-0.353607178,-0.455596924,-0.09101619,0.0257787611,0.0395117924,0.013556337,0.348463535,0.08940646,15.0931234,-2.28515625,-3.06341553,-0.00549139455,0.07049625,0.06363874,0.115744613,0.210216776,0.182714134,29.3820229,-0.6772461,-0.5374756,0.0355732739,0.0974986851,0.0226257034,-0.01972254,-0.0327423,-0.00311885588,-27.0104675,-1.10134888,0.511762,1.221067,0.0655362457,0.183095932,0.053286545,-0.0154189318,0.04603929,36.7694969,-1.45068359,-5.960663,0.540294349,0.0177626535,0.3585815,-1.04721355,2.03546286,-3.572092,4.24259424
880,17.599993764172336,4152,0,1,-2.89279,0,-2.76256514,-0.382840782,0,-0.3934981,-0.382840782,0,-0.3934981,1,0,0,1,0.362085968,0.475810647,0.7195102,1.06733036,0.06663027,-0.5816221,0.383922249,1.06651568,0.775599837,28.0672,-0.366882324,1.59698534,-0.3920067,0.026344128,0.0222142339,0.148338944,0.607702553,0.3633573,4.402892,-1.36410522,-2.56634521,0.05061522,0.0817065462,0.121925041,0.177763164,0.515640259,0.381809026,16.4216976,-0.322265625,-0.475769043,-0.07895072,0.03156387,0.04154253,-0.000364972977,0.362926751,0.07691971,14.714509,-2.17932129,-3.01083374,-0.0121444091,0.118715495,0.08479074,0.101091176,0.213000491,0.159904525,29.07772,-0.595581055,-0.558929443,0.0293478984,0.0957017541,0.0249835141,-0.0632048845,-0.03189689,-0.0299793743,-25.8203125,-0.889648438,0.4581589,1.08278751,0.215696037,0.05385816,0.03073775,-0.0133369863,0.0193918347,37.39389,-1.19223022,-5.625366,0.402648568,-0.308995456,0.719813466,-1.030839,2.065255,-3.54766655,4.232475
881,17.619993757086167,4155,0,1,-2.89279,0,-2.76256514,-0.382840782,0,-0.3934981,-0.382840782,0,-0.3934981,1,0,0,1,0.3476792,0.45655182,0.6956351,1.09788585,0.0707722,-0.5940825,0.387980163,1.072758,0.787979,27.14523,-0.348480225,1.55894148,-0.446824074,0.0326908529,0.0207195282,0.142565146,0.6126263,0.360164762,4.36807346,-1.29110718,-2.51477051,0.09225399,0.09765755,0.142196,0.174084,0.520340562,0.373200029,16.3490677,-0.288146973,-0.513427734,-0.04090851,0.03739278,0.0383093581,-0.03355393,0.3600704,0.05396172,14.2301073,-1.934845,-2.91189575,-0.0473555923,0.20935905,0.135751054,0.08226296,0.214958817,0.138778031,28.7102528,-0.485809326,-0.5626221,0.0312825665,0.0619055666,0.0377949178,-0.139432356,-0.0284389332,-0.0873743743,-24.6270752,-0.308380127,0.30651626,0.802353561,-0.0426934361,-0.04101187,-0.0311507136,-0.0135021657,-0.0200574547,37.508297,-0.995636,-4.530884,0.0342161059,-0.4692274,0.782631457,-1.02204227,2.07813168,-3.53374672,4.224993
882,17.63999375,4161,0,1,-2.89279,0,-2.76256514,-0.382840782,0,-0.3934981,-0.382840782,0,-0.3934981,1,0,0,1,0.332377,0.43544963,0.6649895,1.13720942,0.07453905,-0.613447,0.395279974,1.07097721,0.7990348,26.09133,-0.3296814,1.50346589,-0.496064484,0.03979101,0.0207874179,0.134083465,0.6076814,0.353223115,4.25155354,-1.191803,-2.44607544,0.119953305,0.109627306,0.170825213,0.167790264,0.518161058,0.3655134,16.2238159,-0.258789063,-0.553588867,0.006180292,0.0318632871,0.05601824,-0.0853370354,0.341532469,0.0177518353,13.6171618,-1.68304443,-2.76156616,-0.123329237,0.167492837,0.179616377,0.0588804074,0.209836885,0.117330164,28.2784958,-0.540863037,-0.614563,0.04036957,0.00584135251,0.04145481,-0.229904056,-0.0328668579,-0.160790473,-23.9092712,-0.1199646,0.294397444,0.772918,-0.0593106151,0.005322218,-0.0736094,-0.006570637,-0.0875501,37.1524544,-1.05981445,-3.850769,-0.419111967,-0.3362195,0.51888895,-1.00422764,2.11188436,-3.50465584,4.21321
883,17.65999374291383,4166,0,1,-2.89279,0,-2.76256514,-0.382840782,0,-0.3934981,-0.382840782,0,-0.3934981,1,0,0,1,0.315898359,0.4126153,0.6279668,1.18466747,0.07793185,-0.6394534,0.4056032,1.06005776,0.8086445,24.9061031,-0.31072998,1.42933166,-0.536298335,0.04521638,0.02215457,0.119782865,0.5900863,0.338496238,3.99612141,-1.07617188,-2.35699463,0.105158895,0.111812308,0.2050586,0.163476512,0.5104934,0.358123958,16.0600986,-0.234741211,-0.5949707,0.0772748441,0.02908509,0.07734547,-0.141668528,0.309447467,-0.0293341242,12.8201828,-1.4888,-2.58175659,-0.186072588,0.14996776,0.219435483,0.03901601,0.193664819,0.0867701,27.760725,-0.5062866,-0.6411438,0.0350352824,0.0358230546,0.059833467,-0.2955871,-0.0305254385,-0.221087486,-23.0755,0.009078566,0.277729034,0.9151503,-0.0455456376,0.08117485,-0.121224657,-0.0226573572,-0.176032186,35.6933365,-1.0256958,-3.565094,-0.725927651,-0.189768657,0.341602266,-0.9919214,2.13301659,-3.48370934,4.203558
884,17.679993735827665,4172,0,1,-2.89279,0,-2.76256514,-0.382840782,0,-0.3934981,-0.382840782,0,-0.3934981,1,0,0,1,0.298099667,0.388264924,0.5854258,1.23811674,0.0807954445,-0.67117244,0.4175185,1.03877163,0.8168546,23.5941162,-0.29296875,1.340633,-0.566560745,0.04831779,0.0262150168,0.107527733,0.566046536,0.32233274,3.59011173,-0.951477051,-2.25402832,0.104965433,0.109812289,0.233844981,0.159590513,0.492547452,0.3456387,15.83691,-0.206848145,-0.6467285,0.136236429,0.03631366,0.09067215,-0.184926376,0.282092243,-0.07272832,11.9172115,-1.29211426,-2.38882446,-0.197856069,0.14445141,0.246797621,0.0216285586,0.163250223,0.0396499746,27.1326332,-0.488311768,-0.7055359,0.0165753,0.0446958169,0.0431321263,-0.348373353,-0.0291406736,-0.274846017,-22.22815,0.0985504761,0.273134172,1.02216065,-0.0362560451,0.1221683,-0.15994291,-0.045339115,-0.282795966,33.4216652,-1.0196228,-3.38964844,-1.00274134,-0.166168153,0.316638947,-0.9775877,2.158772,-3.45874786,4.19272137
885,17.699993728741497,4177,0,1,-2.89279,0,-2.76256514,-0.382840782,0,-0.3934981,-0.382840782,0,-0.3934981,1,0,0,1,0.27897048,0.362680316,0.538624048,1.29507124,0.08294332,-0.707535148,0.430736244,1.00636852,0.8232225,22.1647778,-0.276000977,1.23874426,-0.5846962,0.050385505,0.03100866,0.09935996,0.537255466,0.306988925,3.05500674,-0.8248596,-2.14822388,0.133787811,0.105293289,0.2545352,0.156675324,0.464186847,0.326805085,15.5240345,-0.16809082,-0.727355957,0.177354917,0.0509782769,0.08665263,-0.215434909,0.257214725,-0.109982751,10.9466171,-1.10653687,-2.198578,-0.172457159,0.136590451,0.263793528,0.00933042448,0.116933681,-0.0259110741,26.3676338,-0.508453369,-0.8540039,-0.0183849391,0.0499552265,-0.00704075955,-0.385385424,-0.0274100751,-0.31815654,-21.3905334,0.160710722,0.2854418,1.12760115,-0.0278214067,0.157694936,-0.182417974,-0.07862447,-0.40522477,30.3908863,-1.1546936,-3.37353516,-1.19419765,-0.262459219,0.440351248,-0.964689732,2.18099761,-3.43590927,4.18244553
886,17.719993721655328,4182,0,1,-2.89279,0,-2.76256514,-0.382840782,0,-0.3934981,-0.382840782,0,-0.3934981,1,0,0,1,0.2562593,0.336299717,0.490698218,1.34765613,0.08071022,-0.754718542,0.444423437,0.9627062,0.8273627,20.63267,-0.25958252,1.12588966,-0.5879594,0.0513230041,0.0263409615,0.09492511,0.5038948,0.292957842,2.417347,-0.701843262,-2.04785156,0.189019129,0.09898576,0.2582506,0.156487092,0.426196218,0.299775958,15.0882692,-0.111358643,-0.868103,0.197988689,0.07168439,0.0398040563,-0.23488155,0.233864024,-0.140270516,9.941043,-0.9364929,-2.02072144,-0.115778208,0.127185225,0.26342392,0.000451756641,0.0569119751,-0.109869957,25.44235,-0.5970459,-1.12911987,-0.07044208,0.103975631,-0.0664604157,-0.408054978,-0.0255191512,-0.350678653,-20.5679932,0.204422444,0.312177122,1.23207974,-0.0200371742,0.178555727,-0.2364436,-0.125976145,-0.51546067,26.6399136,-0.9720764,-2.42599487,-1.42068768,-0.0953393,0.7033117,-0.9549928,2.19589663,-3.41861153,4.17383242
887,17.73999371456916,4188,0,1,-2.89279,0,-2.76256514,-0.382840782,0,-0.3934981,-0.382840782,0,-0.3934981,1,0,0,1,0.249153435,0.3408331,0.459907144,1.31999683,0.08040767,-0.7352891,0.446627557,0.9161695,0.8109766,19.17326,-0.231903076,1.04103231,-0.729097366,0.0513698235,0.0111547709,0.07565211,0.485634565,0.254346073,1.8631649,-0.585479736,-1.91824341,0.372005254,0.0755689144,0.314884782,0.132129639,0.399007082,0.238230824,14.6657248,-0.0289611816,-1.03860474,0.277515829,0.05490672,0.0418820232,-0.246052071,0.210748225,-0.163048372,9.084147,-0.7779236,-1.834198,-0.139914572,0.116828546,0.2591842,-0.0380994,-0.0193614215,-0.197860435,24.4647579,-0.5151062,-1.37353516,-0.277264059,0.134100378,-0.07902646,-0.4183302,-0.0238225125,-0.3730595,-19.6034241,0.224938542,0.388866246,1.228361,-0.0122923255,0.198498964,-0.3229147,-0.175402611,-0.641919732,22.3164177,-0.8786926,-1.78186035,-1.91023886,0.0199617445,0.42932725,-0.933533669,2.233195,-3.38005447,4.15733242
888,17.759993707482991,4192,0,1,-2.89279,0,-2.76256514,-0.382840782,0,-0.3934981,-0.382840782,0,-0.3934981,1,0,0,1,0.237054467,0.3252481,0.4288988,1.31628335,0.07526069,-0.7508316,0.4409287,0.8859087,0.7797097,17.6248131,-0.20703125,0.928006053,-0.728551865,0.0492061526,-0.00215131044,0.0522288866,0.472601563,0.198680222,1.50889874,-0.489471436,-1.75125122,0.222212747,0.0749878,0.262189269,0.09701324,0.363660038,0.160573348,14.2494373,0.04742045,-1.21304321,-0.0217772573,0.06441006,-0.0330639146,-0.266025,0.229483992,-0.198901981,8.326993,-0.6404419,-1.63241577,-0.00371685624,0.0979426056,0.2766971,-0.126348555,-0.07073656,-0.3276575,23.2922554,-0.3869629,-1.57501221,-0.404922456,0.163933635,-0.04474163,-0.430494219,-0.0204938985,-0.3960348,-18.6452942,0.2317723,0.4489531,1.24718535,-0.0207709074,0.177369,-0.4421177,-0.230374157,-0.776136339,17.75327,-0.5282593,-0.9414978,-2.14551449,0.158910513,0.3558054,-0.919160843,2.25319338,-3.35428238,4.14402533
889,17.779993700396826,4196,0,1,-2.89279,0,-2.76256514,-0.382840782,0,-0.3934981,-0.382840782,0,-0.3934981,1,0,0,1,0.227738768,0.315139234,0.4002847,1.296168,0.0707324743,-0.7523558,0.436117947,0.8443462,0.7524594,16.077034,-0.1843872,0.8172931,-0.774435759,0.04486747,-0.0155201554,0.03302753,0.4566718,0.158300087,1.34966338,-0.413787842,-1.54208374,0.2320026,0.06415744,0.263793319,0.05121328,0.326526374,0.09228325,13.7805128,0.11124368,-1.341095,-0.221666843,0.0456861779,-0.0195132643,-0.2854407,0.221834064,-0.232337832,7.61485147,-0.514648438,-1.43850708,0.008193865,0.08779788,0.269256473,-0.231540725,-0.139371365,-0.447396159,21.88482,-0.354797363,-1.7722168,-0.6254916,0.08161699,-0.0520017743,-0.455711216,-0.01784762,-0.43327722,-17.6418152,0.227152884,0.533206165,1.25607562,-0.0129666179,0.186164021,-0.5502698,-0.2755664,-0.932025,13.3319807,-0.575775146,-0.6304321,-2.43051386,-0.0151128471,0.157681227,-0.898737431,2.28248382,-3.317976,4.126309
890,17.799993693310658,4201,0,1,-2.89279,0,-2.76256514,-0.382840782,0,-0.3934981,-0.382840782,0,-0.3934981,1,0,0,1,0.218624979,0.305949539,0.374259,1.26545012,0.0650790855,-0.7507795,0.429389566,0.7936346,0.72238344,14.5475607,-0.163604736,0.7064798,-0.8367028,0.0407641754,-0.034016192,0.0111508984,0.431440145,0.114144355,1.3809135,-0.355438232,-1.29718018,0.248966977,0.0533814728,0.2615648,0.0018808227,0.2845209,0.0207597315,13.2484493,0.157098457,-1.419342,-0.405234635,0.0200921372,-0.0063380003,-0.304403752,0.212206632,-0.259124845,7.00505257,-0.411193848,-1.22879028,0.02597151,0.06855472,0.2659861,-0.3303265,-0.192060575,-0.558035433,20.34632,-0.299591064,-1.92559814,-0.8001025,0.0880610943,-0.0330369473,-0.475808978,-0.0157903135,-0.4640872,-16.5686646,0.209557861,0.606715441,1.24717212,-0.0182343721,0.16373229,-0.65843153,-0.3143677,-1.04490113,9.340802,-0.504577637,-0.46673584,-2.42104387,0.04164046,0.114136696,-0.8796239,2.30621147,-3.28438759,4.1084733
891,17.819993686224489,4206,0,1,-2.89279,0,-2.76256514,-0.382840782,0,-0.3934981,-0.382840782,0,-0.3934981,1,0,0,1,0.211752042,0.2994949,0.352471918,1.217973,0.0591105968,-0.7380425,0.417902976,0.739047,0.6859461,13.1319542,-0.143035889,0.606227458,-0.928177238,0.03623894,-0.05066085,-0.0134556126,0.3907669,0.06568323,1.3070699,-0.30178833,-1.062439,0.299439847,0.0405721031,0.261115253,-0.0468375273,0.236912608,-0.04982776,12.3966684,0.206371441,-1.4876709,-0.506502032,-0.00705397129,0.0122557878,-0.3273493,0.211336851,-0.291552931,6.673859,-0.328887939,-0.981170654,0.017025888,0.04252088,0.256877184,-0.427993983,-0.215173289,-0.6574104,18.90805,-0.229278564,-1.99435425,-0.9506259,0.08384356,-0.006329894,-0.485212117,-0.0131203346,-0.484047771,-15.3851318,0.150607839,0.6505523,1.21833146,-0.05676622,0.116612554,-0.7484727,-0.317255825,-1.115139,6.01447,-0.351013184,-0.324646,-2.08008313,0.055215165,0.121685266,-0.862206936,2.32418084,-3.25423241,4.09087372
892,17.83999367913832,4211,0,1,-2.89279,0,-2.76256514,-0.382840782,0,-0.3934981,-0.382840782,0,-0.3934981,1,0,0,1,0.2036662,0.28571,0.329405457,1.1779871,0.05367481,-0.7304033,0.404105544,0.673977852,0.64747,11.7791643,-0.12387085,0.5085301,-0.9758483,0.03262239,-0.06328738,-0.046688702,0.347772837,0.004913004,1.255668,-0.2574768,-0.8275757,0.217636213,0.0322543159,0.237660021,-0.100240991,0.190350577,-0.125179723,11.4131289,0.245069727,-1.52548218,-0.693019032,-0.0235275552,0.0199200511,-0.351885557,0.189742357,-0.3337809,6.5048995,-0.283294678,-0.7261963,0.0506622568,0.009790156,0.244793758,-0.5144417,-0.229824826,-0.738235056,17.5458546,-0.151641846,-1.99545288,-0.985818744,0.06872018,0.0303580761,-0.495708555,-0.0119555779,-0.5141695,-14.1219177,-0.00183105469,0.688618064,1.23044348,-0.10162811,0.131156445,-0.823450744,-0.3101568,-1.15764809,3.37373948,-0.173980713,-0.169647217,-1.76493728,0.0547575355,0.133548737,-0.83262825,2.359333,-3.2038765,4.06503963
893,17.859993672052152,4217,0,1,-2.89279,0,-2.76256514,-0.382840782,0,-0.3934981,-0.382840782,0,-0.3934981,1,0,0,1,0.194453314,0.266868919,0.305452645,1.13762307,0.0485471562,-0.7225832,0.388428152,0.6044312,0.6080146,10.5018778,-0.106109619,0.4141164,-0.9983238,0.0290344432,-0.07167983,-0.07782271,0.305585623,-0.0503465049,1.22767138,-0.223114014,-0.6003723,0.137472272,0.0244740322,0.212458387,-0.146365955,0.153778017,-0.186486766,10.3751287,0.269108564,-1.52761841,-0.8153767,-0.0362418145,0.03416568,-0.378454119,0.166006029,-0.385144651,6.426232,-0.256500244,-0.485900879,0.0462310165,0.00512984,0.218869716,-0.5898739,-0.232242,-0.8032439,16.2445087,-0.08807373,-1.94631958,-1.01598024,0.0437597632,0.0586001873,-0.5123659,0.02553371,-0.5574926,-12.7608643,-0.08099365,0.455921441,1.30554342,-0.130787939,-0.1607951,-0.8897153,-0.295703173,-1.19506538,1.3032341,-0.0380859375,0.00112261181,-1.48157156,0.0224790126,0.141971827,-0.806436539,2.38554764,-3.16027832,4.04085827
894,17.879993664965987,4222,0,1,-2.89279,0,-2.76256514,-0.382840782,0,-0.3934981,-0.382840782,0,-0.3934981,1,0,0,1,0.183719531,0.2438341,0.280254245,1.09615076,0.0437766239,-0.7138386,0.370450437,0.5331377,0.5670489,9.304898,-0.08987427,0.32305038,-1.00127387,0.0257778317,-0.07691729,-0.105165541,0.26472488,-0.100879259,1.21898341,-0.194854736,-0.393157959,0.06503958,0.0205931477,0.177856341,-0.185269445,0.1248634,-0.235270426,9.337559,0.278151959,-1.49508667,-0.8829438,-0.04532718,0.0509477854,-0.3998115,0.141213566,-0.4387327,6.40214252,-0.213165283,-0.280365,0.0252320841,0.0139780678,0.180697575,-0.652009964,-0.224960819,-0.852617443,14.9950285,-0.041809082,-1.8614502,-1.03865433,0.0213650465,0.07963216,-0.5308167,0.03246173,-0.598429561,-11.052124,-0.115661621,0.556291461,1.5374651,-0.0229077339,0.107781172,-0.9462073,-0.277236879,-1.22610545,-0.304626465,0.0497852862,0.179704338,-1.22777152,-0.009745181,0.143227339,-0.7794719,2.410028,-3.116333,4.01588631
895,17.899993657879818,4227,0,1,-2.89279,0,-2.76256514,-0.382840782,0,-0.3934981,-0.382840782,0,-0.3934981,1,0,0,1,0.1686224,0.216294318,0.254833668,1.04915547,0.0375517,-0.712523043,0.349559933,0.463437974,0.52596736,8.187811,-0.07595825,0.228945509,-0.980844,0.0230643079,-0.08332801,-0.129193649,0.226931944,-0.14102684,1.22528052,-0.169189453,-0.243865967,0.0108113214,0.0201644246,0.122495636,-0.219147354,0.103675939,-0.271367371,8.323847,0.276672482,-1.45953369,-0.915878832,-0.04482507,0.04867339,-0.416590035,0.117128752,-0.4828349,6.404491,-0.168548584,-0.122497559,0.00150542706,0.021470869,0.13237077,-0.701037467,-0.209157869,-0.888260067,13.7824965,-0.0102233887,-1.76281738,-1.05128825,0.009277962,0.0810523,-0.5486634,0.0242843144,-0.638708651,-9.367432,-0.110137939,0.6858755,1.45975661,0.0147537366,0.113628507,-0.990712464,-0.253435433,-1.2457937,-1.493988,0.1059358,0.349275351,-0.9677637,-0.02698914,0.130337477,-0.7560091,2.42741013,-3.07945824,3.993361
896,17.91999365079365,4230,0,1,-2.89279,0,-2.76256514,-0.382840782,0,-0.3934981,-0.382840782,0,-0.3934981,1,0,0,1,0.15330106,0.189675987,0.230821714,0.9876264,0.0315082259,-0.700876653,0.3292917,0.4077941,0.490122437,7.133485,-0.0636901855,0.1385414,-0.9235929,0.0203473456,-0.0805648,-0.143082112,0.205838859,-0.156450987,1.16164708,-0.145111084,-0.141204834,-0.06381728,0.0202653632,0.08168553,-0.240191892,0.101320609,-0.2821366,7.26153374,0.271712661,-1.41848755,-0.9603653,-0.0385665,0.05263102,-0.432734728,0.103559494,-0.5187619,6.30536175,-0.1324768,-0.0415344238,-0.08566496,0.0249080732,0.07291802,-0.739222,-0.177859172,-0.909677267,12.5045824,0.0188323557,-1.68731689,-1.106081,0.014383398,0.06855869,-0.5639979,0.0226560924,-0.6813824,-7.736908,-0.0859985352,0.792318344,1.40056431,0.0298540965,0.0935878754,-1.02357793,-0.21743679,-1.25473773,-2.26013184,0.157850727,0.5009213,-0.6488631,-0.0126218349,0.119069576,-0.725031853,2.45209217,-3.03173828,3.96608925
897,17.939993643707481,4234,0,1,-2.89279,0,-2.76256514,-0.382840782,0,-0.3934981,-0.382840782,0,-0.3934981,1,0,0,1,0.1389702,0.166888371,0.208490908,0.9152363,0.0263287351,-0.6762836,0.309538752,0.3577273,0.454326034,6.14906931,-0.0526428223,0.0535692275,-0.864866436,0.0178232417,-0.07567394,-0.149345428,0.188973382,-0.162831828,1.02743077,-0.122894287,-0.0796814,-0.122567616,0.01935314,0.04699166,-0.250482142,0.103619263,-0.281739056,6.163245,0.26499474,-1.37353516,-0.9756425,-0.03398049,0.05621922,-0.442842156,0.09607569,-0.539776742,6.09018469,-0.107696533,-0.0115356445,-0.182846546,0.0199217834,0.0284805745,-0.7612879,-0.1388875,-0.908106863,11.1708717,0.0509305634,-1.61444092,-1.15153313,0.0167884529,0.066539526,-0.575154,0.0229431074,-0.7125352,-6.18545532,-0.06958008,0.8726948,1.33427715,0.0205516,0.07025826,-1.04140711,-0.178045392,-1.2409364,-2.65267944,0.213858917,0.634587944,-0.348237336,0.0025080014,0.1075941,-0.6931491,2.47520638,-2.98390579,3.93837476
898,17.959993636621313,4239,0,1,-2.89279,0,-2.76256514,-0.382840782,0,-0.3934981,-0.382840782,0,-0.3934981,1,0,0,1,0.125537336,0.1472419,0.187664852,0.8366081,0.0219184346,-0.6424497,0.289015472,0.311606348,0.417644739,5.2344,-0.04257202,-0.0236206055,-0.8047228,0.0152214058,-0.06881714,-0.151825413,0.174191967,-0.164330989,0.821787,-0.103149414,-0.05343628,-0.179231972,0.0174770132,0.0185131282,-0.254295617,0.107231982,-0.274383456,5.04268,0.257816285,-1.322113,-0.978042364,-0.0290177837,0.0617437363,-0.4451996,0.09198953,-0.546256363,5.78049,-0.0927124,-0.0197143555,-0.264132857,0.0157159381,-0.00445747375,-0.7660668,-0.09634288,-0.8856302,9.822921,0.109936714,-1.53634644,-1.16463685,0.0376250446,0.0715729,-0.5764104,0.0279539,-0.7226742,-4.738678,-0.06323242,0.87656647,1.22468758,0.00338332728,-0.0455024242,-1.03904545,-0.135676757,-1.19686627,-2.69824219,0.371705353,0.736521661,-0.0547217131,0.09047744,0.08602699,-0.664261341,2.493203,-2.94187737,3.91304827
899,17.979993629535148,4244,0,1,-2.89279,0,-2.76256514,-0.382840782,0,-0.3934981,-0.382840782,0,-0.3934981,1,0,0,1,0.112860665,0.129996642,0.168154076,0.7552105,0.0181847028,-0.6023063,0.2677398,0.269881248,0.380488485,4.391137,-0.03366089,-0.09133911,-0.742819667,0.0126617979,-0.060541153,-0.151414141,0.160749674,-0.16078037,0.555608869,-0.0859985352,-0.0507507324,-0.225909591,0.0151318526,0.000136882067,-0.252327323,0.110775381,-0.261535376,3.92101645,0.250518948,-1.26538086,-0.9651529,-0.0249463357,0.0671261549,-0.4392611,0.0918910652,-0.537169039,5.40550375,-0.08444214,-0.0536499023,-0.300858378,0.0107728448,-0.0281334221,-0.7559951,-0.0518741,-0.8402321,8.500083,0.133734688,-1.44830322,-1.034985,0.005556084,0.08163631,-0.5643085,0.04100887,-0.715908051,-3.44525146,-0.06488037,0.6481672,1.06711388,-0.0119361952,-0.164861441,-1.01276278,-0.08810894,-1.12844491,-2.48980713,0.374290854,0.6907359,0.159202054,0.0015652068,-0.0558739454,-0.6401262,2.505568,-2.90800285,3.89154387
900,17.999993622448979,4247,0,1,-2.89279,0,-2.76256514,-0.382840782,0,-0.3934981,-0.382840782,0,-0.3934981,1,0,0,1,0.100826,0.1149665,0.149882138,0.6734346,0.0150356116,-0.5580153,0.245877162,0.2327291,0.343325317,3.62004566,-0.0258789063,-0.148651123,-0.6801394,0.0102007873,-0.051315546,-0.146793067,0.148448259,-0.153144747,0.248139918,-0.07168579,-0.069732666,-0.255023122,0.01261628,-0.0167366564,-0.2445641,0.114080139,-0.239771411,2.84155917,0.238470778,-1.19030762,-0.9161744,-0.0248869844,0.08271623,-0.422868937,0.09492144,-0.5137671,4.993993,-0.08114624,-0.104888916,-0.278161168,0.007614024,-0.0436255634,-0.7290903,-0.009753298,-0.776257932,7.18476057,0.1354599,-1.34475708,-0.88417387,-0.0170904584,0.0895069838,-0.548324168,0.06534913,-0.6892536,-2.50662231,-0.07507324,0.4788586,0.794898868,-0.01349717,-0.147985458,-0.966447353,-0.0407002,-1.0497961,-2.11422729,0.320744544,0.361289531,0.3024324,-0.0518870428,-0.27800557,-0.6122403,2.52011156,-2.86913681,3.86752462
901,18.019993615362811,4252,0,1,-2.89279,0,-2.76256514,-0.382840782,0,-0.3934981,-0.382840782,0,-0.3934981,1,0,0,1,0.0894829854,0.102135852,0.13290146,0.5930313,0.0123918569,-0.51119,0.223750755,0.200233743,0.3067317,2.92087817,-0.0193481445,-0.195159912,-0.617527246,0.008005888,-0.04180336,-0.139518812,0.137017846,-0.14183493,-0.08111572,-0.059753418,-0.10369873,-0.268858671,0.0104900962,-0.0277681351,-0.228478014,0.116426036,-0.212136626,1.84757042,0.221996561,-1.104065,-0.829922438,-0.024501197,0.08939409,-0.400328517,0.09771468,-0.478695363,4.570711,-0.07699585,-0.162597656,-0.237635523,0.008185271,-0.0494826,-0.6841357,0.0277408082,-0.701742053,5.877937,0.126772538,-1.23703,-0.7925235,-0.0243150033,0.09165561,-0.523466051,0.084624,-0.645256042,-1.82009888,-0.0774230957,0.313381374,0.58091414,-0.005105178,-0.13473314,-0.9145818,0.0246813,-0.9611595,-2.00091553,0.259358138,0.163940266,0.0529868677,-0.0560414642,-0.143484876,-0.5907898,2.52883554,-2.840517,3.84871125
902,18.039993608276642,4257,0,1,-2.89279,0,-2.76256514,-0.382840782,0,-0.3934981,-0.382840782,0,-0.3934981,1,0,0,1,0.07894985,0.0914333463,0.117237,0.515461743,0.0101812631,-0.463359982,0.201790228,0.172377676,0.271445245,2.293503,-0.0140075684,-0.230834961,-0.5553297,0.00612805458,-0.03244579,-0.130461544,0.1263541,-0.127500385,-0.4170227,-0.0498352051,-0.144927979,-0.2691728,0.008775425,-0.03184679,-0.208237961,0.11670889,-0.182905272,0.9596875,0.202976912,-1.01477051,-0.73187995,-0.0229545385,0.08957285,-0.372805,0.09928508,-0.4344587,4.15583372,-0.07247925,-0.219573975,-0.18392612,0.00760292634,-0.04911059,-0.6298183,0.0581117123,-0.62173903,4.6375494,0.119988844,-1.12686157,-0.6866182,-0.0220236983,0.0941607952,-0.489934921,0.09738706,-0.5876335,-1.32830811,-0.07556152,0.160529941,0.426845253,-0.0007532346,-0.118430853,-0.8528613,0.07727023,-0.862386346,-2.078827,0.2134804,0.022613069,-0.112015992,-0.04006757,-0.09318328,-0.562482834,2.541524,-2.80238914,3.82480264
903,18.059993601190474,4262,0,1,-2.89279,0,-2.76256514,-0.382840782,0,-0.3934981,-0.382840782,0,-0.3934981,1,0,0,1,0.0692506358,0.0824584439,0.102905966,0.441744119,0.008341854,-0.415633619,0.180344716,0.148705766,0.237648666,1.73569357,-0.009796143,-0.256744385,-0.4943704,0.004568711,-0.0236438513,-0.119005561,0.116212286,-0.109964408,-0.7352905,-0.0417480469,-0.186828613,-0.250604868,0.007274029,-0.0311879814,-0.187048689,0.114606313,-0.154082,0.178164542,0.183255434,-0.924194336,-0.636132956,-0.0205146149,0.08872634,-0.341150016,0.09901581,-0.383544326,3.72456145,-0.0686035156,-0.270385742,-0.126221985,0.00595966,-0.04407092,-0.570267737,0.07932787,-0.5391431,3.490763,0.114854872,-1.01541138,-0.566641,-0.019096002,0.0957528949,-0.453382015,0.105612338,-0.5246313,-1.01052856,-0.07373047,0.0255281944,0.288302243,0.000166888582,-0.09976444,-0.7791073,0.1124991,-0.75558877,-2.28869629,0.184235,-0.0706176758,-0.203654945,-0.026831815,-0.05469577,-0.5405059,2.549278,-2.77402687,3.80607271
904,18.079993594104309,4266,0,1,-2.89279,0,-2.76256514,-0.382840782,0,-0.3934981,-0.382840782,0,-0.3934981,1,0,0,1,0.0603800267,0.07482754,0.08987706,0.3726836,0.00682133948,-0.368901938,0.159690455,0.128571779,0.205906227,1.24555171,-0.0065612793,-0.273376465,-0.435236037,0.00329115521,-0.0152834952,-0.106503464,0.10621994,-0.0911505148,-1.02377319,-0.035369873,-0.224823,-0.222489938,0.00601205556,-0.0270330161,-0.165538982,0.110428847,-0.126098484,-0.499389648,0.163833946,-0.83303833,-0.5429217,-0.0179325286,0.0875014663,-0.3076408,0.09676264,-0.329943717,3.30431724,-0.0652771,-0.311676025,-0.08031277,0.004402195,-0.0361612625,-0.5073958,0.092683,-0.4560295,2.461934,0.109149389,-0.9041443,-0.435741723,-0.017465936,0.0958238244,-0.412917733,0.108658209,-0.4564469,-0.8126526,-0.07223511,-0.0883789063,0.19299224,0.0005897605,-0.07957423,-0.6970582,0.133001447,-0.6449163,-2.5612793,0.162233368,-0.125549316,-0.2353501,-0.0202996917,-0.02588445,-0.5221386,2.55463028,-2.7511673,3.790473
905,18.09999358701814,4270,0,1,-2.89279,0,-2.76256514,-0.382840782,0,-0.3934981,-0.382840782,0,-0.3934981,1,0,0,1,0.05231054,0.06824841,0.0781031251,0.3088405,0.00557244,-0.3238751,0.140041277,0.11143852,0.17639491,0.8200805,-0.004211426,-0.281555176,-0.3787967,0.00231721485,-0.00792712,-0.09382315,0.09631783,-0.0723668262,-1.27719116,-0.03036499,-0.255981445,-0.190686256,0.00506036356,-0.02060768,-0.144153237,0.104581468,-0.09944658,-1.07519531,0.145320714,-0.7420044,-0.452910542,-0.0154757267,0.0856204,-0.273035377,0.092535615,-0.275404453,2.91719556,-0.06201172,-0.341583252,-0.036151804,0.00327012455,-0.0265106242,-0.442883283,0.09920677,-0.3742424,1.57113516,0.102403559,-0.794342041,-0.298564821,-0.0162213668,0.09450734,-0.369254678,0.106609546,-0.38509208,-0.690917969,-0.07022095,-0.179626465,0.13533999,0.0013178481,-0.05927658,-0.610238969,0.140899837,-0.533831656,-2.83963013,0.143815488,-0.150238037,-0.221035,-0.016766144,-0.00463405252,-0.501205444,2.56089735,-2.72511864,3.773019
906,18.119993579931972,4275,0,1,-2.89279,0,-2.76256514,-0.382840782,0,-0.3934981,-0.382840782,0,-0.3934981,1,0,0,1,0.045003254,0.0624871626,0.06752307,0.2505536,0.004552612,-0.281087577,0.121569216,0.09683747,0.14928937,0.455646455,-0.00250244141,-0.282318115,-0.32551384,0.00153224147,-0.00146731734,-0.0812938958,0.08658161,-0.0543201342,-1.49301147,-0.02645874,-0.2784729,-0.157509372,0.00440291455,-0.0132926852,-0.123226471,0.09748048,-0.0744367,-1.5526123,0.12810342,-0.652191162,-0.366454571,-0.0132496813,0.08297205,-0.237901434,0.08670086,-0.221255422,2.57900548,-0.0586242676,-0.3591919,0.0155324116,0.00247211033,-0.015810702,-0.378338367,0.09999499,-0.2954899,0.831561565,0.09487979,-0.6876221,-0.1609056,-0.0147977266,0.09181522,-0.3234162,0.100285351,-0.312601149,-0.6092529,-0.06732178,-0.2479248,0.108190767,0.00216701813,-0.03964366,-0.5215842,0.1382364,-0.424945951,-3.0803833,0.127745464,-0.152038574,-0.17193912,-0.0139991287,0.0108846575,-0.4841647,2.56503,-2.70476151,3.75892663
907,18.139993572845803,4281,0,1,-2.89279,0,-2.76256514,-0.382840782,0,-0.3934981,-0.382840782,0,-0.3934981,1,0,0,1,0.03842384,0.05737118,0.0580784455,0.1979692,0.00372383534,-0.240907788,0.104368739,0.0842972547,0.124583468,0.1479585,-0.00146484375,-0.2769165,-0.275536865,0.00101198035,0.00419476628,-0.0691437945,0.0771303847,-0.03729459,-1.66995239,-0.0233459473,-0.2915039,-0.123890758,0.003979984,-0.005475998,-0.103141017,0.0895428658,-0.05148874,-1.93588257,0.112447008,-0.564849854,-0.285200059,-0.0112618245,0.07930979,-0.2027748,0.079625,-0.168662816,2.30193,-0.05493164,-0.364532471,0.072073,0.00202385825,-0.00519369543,-0.315128535,0.09624167,-0.220926821,0.250545025,0.0870824456,-0.5853882,-0.0259955376,-0.0132193472,0.08831751,-0.276366174,0.09054524,-0.240827471,-0.537780762,-0.06335449,-0.29397583,0.105642952,0.00320064649,-0.0213753432,-0.4335522,0.127313,-0.3205157,-3.25131226,0.113881081,-0.137023926,-0.0983825848,-0.0115938028,0.021451138,-0.467450142,2.5687995,-2.68516731,3.74531221
908,18.159993565759635,4286,0,1,-2.89279,0,-2.76256514,-0.382840782,0,-0.3934981,-0.382840782,0,-0.3934981,1,0,0,1,0.0325343944,0.05275224,0.0496896356,0.151068822,0.00305254641,-0.203576118,0.08850644,0.07353494,0.102328733,-0.10723877,-0.000762939453,-0.266174316,-0.229491591,0.000579139451,0.008854747,-0.0574342459,0.06805957,-0.0214081854,-1.80776978,-0.0207214355,-0.295166016,-0.0899063051,0.00372341438,0.002406709,-0.0841025561,0.081127,-0.0305594876,-2.23043823,0.09848266,-0.480896,-0.208906561,-0.009546501,0.07524824,-0.168198779,0.07178946,-0.118573353,2.094653,-0.0508728027,-0.358612061,0.13019976,0.00183541013,0.00468082726,-0.2544111,0.08929527,-0.151668176,-0.170013428,0.07950235,-0.488128662,0.101200104,-0.0115536116,0.08366503,-0.229114115,0.07841194,-0.171447277,-0.452514648,-0.05834961,-0.319549561,0.122002363,0.00422706455,-0.00518868864,-0.348104656,0.110553183,-0.222311288,-3.32952881,0.102120586,-0.10949707,-0.008481557,-0.009499433,0.02855187,-0.457004547,2.570226,-2.67398453,3.736992
909,18.17999355867347,4292,0,1,-2.89279,0,-2.76256514,-0.382840782,0,-0.3934981,-0.382840782,0,-0.3934981,1,0,0,1,0.0272992775,0.0485333465,0.04229739,0.109717295,0.002509838,-0.16922909,0.07401847,0.06418663,0.08253478,-0.3145752,-0.0005187988,-0.251159668,-0.187141627,0.0003778888,0.0127619356,-0.0463091172,0.0594842732,-0.006951971,-1.90670776,-0.0184021,-0.2897644,-0.0569660068,0.00357084512,0.00963890553,-0.06633869,0.07258048,-0.01202305,-2.44235229,0.08622697,-0.401000977,-0.139481351,-0.008109551,0.0701181144,-0.134636357,0.06355001,-0.07174502,1.96273446,-0.0464172363,-0.342224121,0.187999755,0.00178395258,0.0135470182,-0.197085261,0.08031889,-0.08835868,-0.433105469,0.07229794,-0.396759033,0.218855515,-0.00994546,0.0786732,-0.182538271,0.0647623,-0.105777726,-0.335968018,-0.05239868,-0.3263855,0.151825726,0.004963466,0.008790284,-0.26677984,0.09026502,-0.131513685,-3.30166626,0.09188717,-0.07369995,0.08965291,-0.007794464,0.0327112749,-0.441210747,2.57339978,-2.65615654,3.724543
910,18.1999935515873,4298,0,1,-2.89279,0,-2.76256514,-0.382840782,0,-0.3934981,-0.382840782,0,-0.3934981,1,0,0,1,0.02268088,0.0446385,0.0358254127,0.07369396,0.00207120832,-0.1379207,0.06090992,0.05603155,0.06508237,-0.47857666,-0.000396728516,-0.232727051,-0.1490436,0.000204098644,0.0157165825,-0.03580808,0.0514929146,0.005920102,-1.96817017,-0.01626587,-0.276275635,-0.0257503372,0.00346282567,0.0156295821,-0.0499834642,0.064164564,0.004353974,-2.57885742,0.07560551,-0.3262024,-0.0763997,-0.00692957453,0.06491377,-0.102563739,0.0552916378,-0.0287314616,1.90793669,-0.04171753,-0.3173523,0.243368566,0.00179899589,0.02147071,-0.143862635,0.07029973,-0.0314716734,-0.5460205,0.06582819,-0.312255859,0.323913634,-0.00838575,0.07295591,-0.137422785,0.0505329855,-0.04481615,-0.176330566,-0.0458984375,-0.317657471,0.190200776,0.005393435,0.0198393315,-0.190770641,0.0683957338,-0.04921385,-3.16171265,0.08346187,-0.03314209,0.189700916,-0.0062416275,0.034039706,-0.429707527,2.575153,-2.64402962,3.7157712
911,18.219993544501133,4303,0,1,-2.89279,0,-2.76256514,-0.382840782,0,-0.3934981,-0.382840782,0,-0.3934981,1,0,0,1,0.0186383072,0.0410155356,0.0302048773,0.0427155271,0.00171625544,-0.109644018,0.04918199,0.04883677,0.049902603,-0.6040039,-0.000457763672,-0.211914063,-0.1148622,0.000143173267,0.0179023147,-0.0260443352,0.04414331,0.0173426587,-1.99414063,-0.0142211914,-0.2559204,0.00375841651,0.003343731,0.0209679455,-0.035068,0.0560954735,0.0185604431,-2.647461,0.06649194,-0.256744385,-0.0199470036,-0.00599615462,0.0594391823,-0.07231738,0.047345683,0.009896591,1.92977738,-0.0367126465,-0.285308838,0.2936703,0.00192520081,0.0274212658,-0.0952266455,0.060132347,0.0186570883,-0.519195557,0.0601350665,-0.234619141,0.4144491,-0.006999704,0.06677446,-0.09445856,0.0364360623,0.010628216,0.03392811,-0.03878784,-0.295440674,0.233595446,0.00575646665,0.0288063288,-0.120961636,0.04665018,0.0241001062,-2.90988159,0.0763347447,0.009784441,0.286695927,-0.005061198,0.03386739,-0.420805931,2.57622457,-2.635254,3.70925522
912,18.239993537414964,4307,0,1,-2.89279,0,-2.76256514,-0.382840782,0,-0.3934981,-0.382840782,0,-0.3934981,1,0,0,1,0.0151359262,0.03762044,0.02536559,0.0164472237,0.00142822322,-0.08433967,0.0387622081,0.0424905345,0.0368147269,-0.6951599,-0.000579834,-0.189300537,-0.0847185552,0.000138059258,0.0194456056,-0.017020829,0.0374696776,0.0272351578,-1.98733521,-0.0121765137,-0.230072021,0.0309663154,0.003200692,0.0251787547,-0.0217515156,0.0485338,0.0305467546,-2.65597534,0.05873229,-0.193115234,0.028886199,-0.00525072357,0.0539121628,-0.0442376919,0.040010944,0.0439610332,2.02476549,-0.03149414,-0.2482605,0.3377857,0.00206832518,0.0318161249,-0.0514866635,0.0504828542,0.0620463528,-0.365722656,0.0554023646,-0.164306641,0.490552127,-0.00578335952,0.0603569746,-0.05421967,0.0232027881,0.0599968135,0.297665358,-0.0314331055,-0.263061523,0.278117836,0.00590267032,0.0350215137,-0.0578650236,0.0263928734,0.08806923,-2.55169678,0.07074839,0.0528841652,0.376366377,-0.004149072,0.0318255126,-0.411880016,2.57737875,-2.62662315,3.702928
913,18.259993530328796,4312,0,1,-2.89279,0,-2.76256514,-0.382840782,0,-0.3934981,-0.382840782,0,-0.3934981,1,0,0,1,0.0121330107,0.03443602,0.0212504212,-0.005466964,0.00119360723,-0.0619152933,0.0296127722,0.03684858,0.0256594643,-0.756713867,-0.0007019043,-0.165771484,-0.0582964532,0.000121773337,0.02034358,-0.00883961748,0.0315138735,0.035362035,-1.95056152,-0.0101928711,-0.199981689,0.05428779,0.00300519727,0.0276272986,-0.009925921,0.0415941924,0.04033488,-2.61248779,0.05213137,-0.135345459,0.0701536,-0.00469898758,0.0477213971,-0.0185431372,0.0334185,0.0733562857,2.18793464,-0.026184082,-0.207672119,0.375867963,0.00212764414,0.03509131,-0.0128305592,0.0417589881,0.09868555,-0.100585938,0.0514225923,-0.101318359,0.5514814,-0.004793768,0.05423075,-0.0171719752,0.01125803,0.10306333,0.6142161,-0.0241088867,-0.223052979,0.321011841,0.005678851,0.03907162,-0.00189107284,0.00846781,0.1427758,-2.09686279,0.0659388155,0.09434013,0.455867767,-0.00357747916,0.0289812684,-0.4047389,2.57818651,-2.62022018,3.69816351
914,18.279993523242631,4317,0,1,-2.89279,0,-2.76256514,-0.382840782,0,-0.3934981,-0.382840782,0,-0.3934981,1,0,0,1,0.009588502,0.0314480774,0.0177805014,-0.02338779,0.00100144441,-0.04224622,0.021676749,0.0318096653,0.0162963159,-0.7928467,-0.0008544922,-0.1421814,-0.03544667,0.000153484987,0.0206325985,-0.00142970122,0.0262557324,0.0421222635,-1.88763428,-0.00820922852,-0.167114258,0.0751981139,0.00275350362,0.0291736759,0.000357493758,0.0353243761,0.0483148769,-2.52508545,0.04649967,-0.0838623047,0.10487736,-0.00426769536,0.0421573669,0.00456383638,0.027734207,0.09795432,2.412399,-0.02078247,-0.165130615,0.405532718,0.00221421337,0.0366393924,0.0206941366,0.0342509225,0.1287618,0.260194153,0.0483555719,-0.04598999,0.596699,-0.00388117181,0.04769391,0.0163260922,0.0009519737,0.1395723,0.9807382,-0.0166931152,-0.1777649,0.360451847,0.005487307,0.0411678553,0.0468394458,-0.00655074231,0.1881662,-1.557312,0.06246096,0.132787853,0.523388445,-0.00284003559,0.0250509381,-0.400056839,2.578532,-2.61663628,3.69535637
915,18.299993516156462,4322,0,1,-2.89279,0,-2.76256514,-0.382840782,0,-0.3934981,-0.382840782,0,-0.3934981,1,0,0,1,0.007464973,0.0286479965,0.0148852589,-0.03770048,0.000843199,-0.0251867212,0.014853444,0.0273240618,0.008679792,-0.807037354,-0.000915527344,-0.118591309,-0.0159555972,0.00015991219,0.0205122177,0.0050835493,0.0216877423,0.0473807454,-1.80209351,-0.006286621,-0.132904053,0.0923885554,0.00246646255,0.0296916813,0.00918631,0.0297563933,0.0544098839,-2.40158081,0.0416675173,-0.03842163,0.13264288,-0.003942847,0.0364722833,0.0249836668,0.0229576789,0.117965065,2.69017816,-0.015411377,-0.122497559,0.427778363,0.002229533,0.0369009972,0.04917752,0.0280544311,0.152580857,0.6998663,0.04592374,0.00212444668,0.627310634,-0.00319572818,0.0414315462,0.04606288,-0.00751492,0.169586226,1.39145637,-0.009429932,-0.129974365,0.3942442,0.005126116,0.0411215127,0.088314034,-0.01840064,0.224683508,-0.9475403,0.0595677271,0.16739212,0.57752347,-0.0024152007,0.02100414,-0.394202232,2.57930136,-2.611929,3.6919322
916,18.319993509070294,4328,0,1,-2.89279,0,-2.76256514,-0.382840782,0,-0.3934981,-0.382840782,0,-0.3934981,1,0,0,1,0.005721582,0.0260337628,0.0124999313,-0.04876958,0.0007120238,-0.0105775893,0.009081276,0.0233414136,0.00250767637,-0.802948,-0.0009460449,-0.09564209,0.000347996131,0.000201273826,0.0199855343,0.01079484,0.0177666321,0.0514834374,-1.69815063,-0.00451660156,-0.09875488,0.107132375,0.00215090252,0.0297771543,0.0165802166,0.0248779412,0.0589392334,-2.24945068,0.03748571,0.0008657054,0.154365733,-0.00366381463,0.03145978,0.04263381,0.01910821,0.133524984,3.01215744,-0.0101623535,-0.08135986,0.441357017,0.00217718142,0.03569609,0.0727535,0.0231278948,0.1705643,1.20199287,0.0442060344,0.0430288166,0.643936157,-0.002627301,0.0351408124,0.0718580037,-0.0140891038,0.193241373,1.83930957,-0.00250244141,-0.0819702148,0.421505332,0.004677863,0.0393950045,0.1227207,-0.0271495041,0.2525654,-0.2824707,0.057718616,0.197489277,0.6179157,-0.00201658718,0.0161714554,-0.3900962,2.57980585,-2.609171,3.68989778
917,18.339993501984125,4333,0,1,-2.89279,0,-2.76256514,-0.382840782,0,-0.3934981,-0.382840782,0,-0.3934981,1,0,0,1,0.004338582,0.02360714,0.0106132608,-0.0572125278,0.0006022463,0.00194965675,0.0042967815,0.01978913,-0.00239147572,-0.78427124,-0.0009765625,-0.07397461,0.0135483742,0.000279211556,0.0189805813,0.0179992355,0.01427427,0.0567649156,-1.56134033,-0.00286865234,-0.0650939941,0.134487614,0.00176304381,0.02782379,0.022681905,0.0206588916,0.06170262,-2.07550049,0.0338299572,0.0346577764,0.1684675,-0.003462628,0.0256864578,0.0570974872,0.0147609813,0.144388631,3.2827704,-0.005004883,-0.0416564941,0.3483857,0.00218007038,0.03441286,0.09165364,0.0193951689,0.1830815,1.7507304,0.04279593,0.0775954649,0.6481205,-0.00230603665,0.0297793746,0.08643162,-0.01597162,0.202313647,2.251137,0.00386227272,-0.03463745,0.38048026,0.003883044,0.0369076729,0.1503326,-0.03298788,0.2726628,0.422345936,0.0558534972,0.222965345,0.6448563,-0.00205388619,0.0118730068,-0.387070656,2.58020163,-2.60758781,3.68873668
918,18.35999349489796,4338,0,1,-2.89279,0,-2.76256514,-0.382840782,0,-0.3934981,-0.382840782,0,-0.3934981,1,0,0,1,0.00333262444,0.021358557,0.009192903,-0.06329367,0.0005100969,0.012512248,0.0004069209,0.0166530423,-0.00598422345,-0.753723145,-0.0008544922,-0.0534973145,0.0242213365,0.000238290857,0.01783132,0.0240955669,0.0113717411,0.0608049668,-1.39489746,-0.00146484375,-0.03326416,0.1563705,0.00139697792,0.0261163116,0.027656,0.0170208141,0.06354533,-1.88748169,0.0305610988,0.06269797,0.178267732,-0.00326889055,0.0212475955,0.06665794,0.011577595,0.148619488,3.51444554,-0.000152587891,-0.00518798828,0.277301431,0.00214082957,0.0315686166,0.10624449,0.0166558642,0.190680683,2.329274,0.0418011136,0.105541833,0.6394396,-0.00190493977,0.02395773,0.09383692,-0.01617331,0.2017914,2.62240648,0.00988958,0.0100179678,0.3348366,0.003648864,0.0333776176,0.171481431,-0.03622892,0.285235554,1.150949,0.0547093861,0.24332197,0.657922149,-0.00153158884,0.00724679232,-0.380720139,2.57490444,-2.61021233,3.68622971
919,18.379993487811792,4343,0,1,-2.89279,0,-2.76256514,-0.382840782,0,-0.3934981,-0.382840782,0,-0.3934981,1,0,0,1,0.00263178465,0.01929589,0.008167401,-0.06714455,0.000432745815,0.0211219154,-0.0026475566,0.0138896974,-0.008557177,-0.7136841,-0.000762939453,-0.03466797,0.032738544,0.0002692813,0.0164999943,0.0276918411,0.009142109,0.0616544448,-1.21755981,-0.000213623047,-0.00393676758,0.161116451,0.00109315943,0.0235638916,0.03152932,0.0139604965,0.06412599,-1.69049072,0.0276166871,0.08561845,0.18284151,-0.00308519881,0.0167611539,0.07207209,0.009513926,0.147579253,3.73359227,0.00415106164,0.02741035,0.235247642,0.00183027156,0.02856484,0.1168587,0.0147265922,0.19394201,2.923978,0.04093325,0.127683729,0.6212271,-0.00170940161,0.0188182,0.09898091,-0.0162811,0.197940558,2.96792555,0.0150953438,0.050625328,0.306556076,0.00297257816,0.02879718,0.186661512,-0.0373230167,0.291222632,1.88884807,0.0534848273,0.258700967,0.658918738,-0.00144552765,0.00306117535,-0.3480258,2.553669,-2.62214851,3.67668462
920,18.399993480725623,4345,0,1,-2.89279,0,-2.76256514,-0.382840782,0,-0.3934981,-0.382840782,0,-0.3934981,1,0,0,1,0.00216906448,0.0174130555,0.007439275,-0.06913416,0.000367591972,0.0280055143,-0.00499676261,0.0115091512,-0.0102573661,-0.666778564,-0.0006713867,-0.017578125,0.0391412638,0.000294585858,0.0148928668,0.029670164,0.00741784135,0.0606058538,-1.04238892,0.0008078267,0.0225354079,0.15636836,0.000809730554,0.0208591968,0.0358524844,0.0112991659,0.065463,-1.47814941,0.0249505434,0.10361477,0.194696218,-0.0028827535,0.0126681477,0.0749311745,0.008075453,0.143185332,3.93970013,0.007853122,0.056285,0.202814311,0.0014554013,0.02487874,0.123562805,0.012606971,0.193095475,3.464156,0.040071696,0.144261375,0.5312628,-0.00163905346,0.0142223835,0.10197334,-0.01590683,0.191203579,3.28884315,0.0194808487,0.0871311948,0.281446636,0.00225996785,0.02430898,0.191688716,-0.0347374342,0.28560102,2.57972622,0.0523742773,0.269075662,0.6085065,-0.00141247408,-0.00128287077,-0.316241741,2.537367,-2.633152,3.6703856
921,18.419993473639455,4350,0,1,-2.89279,0,-2.76256514,-0.382840782,0,-0.3934981,-0.382840782,0,-0.3934981,1,0,0,1,0.00195330824,0.0157092512,0.00701595424,-0.06983816,0.00031281152,0.0335770734,-0.00668554148,0.009443498,-0.0111820372,-0.6149292,-0.0005187988,-0.002319336,0.04364404,0.0003020732,0.0133899543,0.03076777,0.00606079726,0.05849137,-0.8762512,0.001631199,0.04570541,0.146324471,0.00056399795,0.0177441537,0.0424000472,0.008895944,0.06965566,-1.22763062,0.0225680023,0.117233485,0.2261743,-0.002642731,0.00878363848,0.07595118,0.00697679073,0.136629909,4.12991238,0.0108981049,0.08060692,0.173878938,0.00107735326,0.02115795,0.125134334,0.00930531,0.18660444,3.82304978,0.03873344,0.155980647,0.337518245,-0.0018309888,0.0100865662,0.102816328,-0.0150756286,0.181843519,3.583263,0.0228706356,0.118302427,0.2552206,0.00162221782,0.0192089677,0.178772226,-0.0270098466,0.259312868,3.115611,0.0506011955,0.27477327,0.458716631,-0.0015289369,-0.0046107173,-0.241708755,2.49928021,-2.65599442,3.65501451
922,18.439993466553286,4354,0,1,-2.89279,0,-2.76256514,-0.382840782,0,-0.3934981,-0.382840782,0,-0.3934981,1,0,0,1,0.0019815967,0.0141722271,0.00689301128,-0.069099,0.000266611576,0.0376542956,-0.00777259329,0.00768168457,-0.0114394967,-0.559997559,-0.000305175781,0.0107950671,0.0468321145,0.000263633352,0.0116413161,0.0312967226,0.00501566846,0.0557453148,-0.722137451,0.00225214823,0.06541905,0.133924946,0.000349976355,0.0143383145,0.04437486,0.00721810851,0.06849688,-0.9678345,0.0203956831,0.126936466,0.224434286,-0.00242650555,0.004891649,0.07557198,0.00614154432,0.128531784,4.30284071,0.0132679548,0.100576624,0.150016144,0.000707123254,0.01742813,0.119844005,0.008217404,0.172571361,4.13000441,0.0371707641,0.163478091,0.266464949,-0.00194266869,0.00670465827,0.101765357,-0.0139452247,0.170461848,3.85013628,0.0252679158,0.1441212,0.22870636,0.00102310441,0.0143550783,0.164962456,-0.0222112853,0.232743576,3.573142,0.0486462936,0.276357532,0.3812409,-0.001661448,-0.007825464,-0.1603036,2.46654534,-2.67520523,3.64228868
923,18.459993459467121,4359,0,1,-2.89279,0,-2.76256514,-0.382840782,0,-0.3934981,-0.382840782,0,-0.3934981,1,0,0,1,0.00210679369,0.0127880732,0.00686909724,-0.0669297948,0.000227282391,0.0402033962,-0.008406531,0.006271503,-0.0111359451,-0.5028076,-0.000122070313,0.0222296137,0.0489324853,0.000243883886,0.0100392811,0.0312907845,0.00425141957,0.05266399,-0.581481934,0.00268380041,0.0813963562,0.121763855,0.000182392454,0.0114815384,0.0431976356,0.00602331432,0.06408551,-0.727020264,0.0183408167,0.1329311,0.203393117,-0.00223599514,0.00226591527,0.07411157,0.00564816967,0.119437374,4.457553,0.0150685012,0.115960129,0.13440682,0.000443827768,0.0133638382,0.111815676,0.007633609,0.1558171,4.3922925,0.03532734,0.167004749,0.227913588,-0.00193047326,0.00297352672,0.09921457,-0.012495419,0.15758045,4.08935833,0.0270485859,0.164374009,0.202433452,0.0006517437,0.009365648,0.151766047,-0.018429542,0.207693234,3.964166,0.04636346,0.274141133,0.322174877,-0.00161492056,-0.0105032921,-0.083601,2.439211,-2.6899147,3.63213158
924,18.479993452380953,4364,0,1,-2.89279,0,-2.76256514,-0.382840782,0,-0.3934981,-0.382840782,0,-0.3934981,1,0,0,1,0.00225397572,0.0115540894,0.00687486352,-0.06355977,0.000193519372,0.0413850248,-0.00868416,0.005158661,-0.0105624069,-0.4449463,6.22667358E-05,0.0317560025,0.0497965068,0.000233700164,0.008402541,0.0307065174,0.00373479025,0.04890132,-0.454071045,0.00294996751,0.0939190462,0.10838227,4.36940463E-05,0.008113585,0.04075132,0.00511799334,0.0583023168,-0.514526367,0.0164058153,0.1357427,0.176296562,-0.002042707,-0.000420600176,0.07171974,0.00529649667,0.109651245,4.59597826,0.0161970872,0.127143979,0.120278969,0.0001358316,0.009858973,0.102724694,0.00709004141,0.138565361,4.61463976,0.0332207866,0.166965067,0.194050431,-0.00194632774,0.000118404627,0.0956433862,-0.0109669035,0.1441587,4.30254126,0.02765732,0.17912,0.178369671,0.000114725321,0.00495629,0.138424471,-0.0151540134,0.183375075,4.297118,0.0435762331,0.2682127,0.270938873,-0.00177312433,-0.0130857825,-0.000149250031,2.422872,-2.69885826,3.62686443
925,18.499993445294784,4369,0,1,-2.89279,0,-2.76256514,-0.382840782,0,-0.3934981,-0.382840782,0,-0.3934981,1,0,0,1,0.00239309459,0.0104577476,0.00685397442,-0.05925747,0.00016430908,0.04141357,-0.008677797,0.00429148227,-0.009658303,-0.387451172,0.000226886,0.0395392478,0.04969576,0.000227250188,0.00692294165,0.02971278,0.003409219,0.0449968167,-0.3401184,0.00306926877,0.10288009,0.09607361,-5.461456E-05,0.00536930561,0.03781069,0.004407816,0.05231756,-0.3320923,0.0145718437,0.135581985,0.149778023,-0.00185062061,-0.00234913826,0.06856638,0.005044548,0.09947293,4.71822548,0.0168697871,0.134218588,0.106447265,-2.65477E-05,0.00630370528,0.09320144,0.006515539,0.1214973,4.800949,0.0309411846,0.16372326,0.1627037,-0.00189053745,-0.00255391,0.0911329761,-0.0093834335,0.130203292,4.490965,0.0278589576,0.188677445,0.155535817,-9.406201E-05,0.0006134063,0.124895386,-0.0123128211,0.159731984,4.57782173,0.04053078,0.258996278,0.22502324,-0.0017826478,-0.0153143406,0.0609583855,2.4119184,-2.70376968,3.62373233
926,18.519993438208616,4372,0,1,-2.89279,0,-2.76256514,-0.382840782,0,-0.3934981,-0.382840782,0,-0.3934981,1,0,0,1,0.00251615187,0.009476937,0.00680929143,-0.05430237,0.000139038981,0.04050712,-0.008449503,0.003663272,-0.008628219,-0.3315735,0.0004391221,0.0455562361,0.048572205,0.000176586516,0.00538462773,0.0283542424,0.003221231,0.040889632,-0.239013672,0.00308101345,0.108590446,0.0840747356,-0.0001232214,0.00281398,0.0346056223,0.00384393684,0.0462019742,-0.178009033,0.0128571121,0.13315019,0.124178775,-0.00166914228,-0.004239261,0.06478811,0.00488868263,0.08911414,4.8255043,0.0170344021,0.137578309,0.09343283,-0.000199617425,0.00304950029,0.0835931748,0.00597568136,0.104957514,4.95493841,0.02846004,0.15822874,0.134426087,-0.00181461126,-0.00469099,0.08587073,-0.00780500425,0.1161557,4.656246,0.02729747,0.193353117,0.134552583,-0.0004051879,-0.003135115,0.111437932,-0.009785822,0.1372288,4.81139469,0.0370295234,0.247308314,0.184190154,-0.00178257783,-0.0164765269,0.13970089,2.412295,-2.70321846,3.6257515
927,18.539993431122447,4374,0,1,-2.89279,0,-2.76256514,-0.382840782,0,-0.3934981,-0.382840782,0,-0.3934981,1,0,0,1,0.00261452631,0.008605733,0.006724368,-0.0489354357,0.000117219308,0.0388614833,-0.008031714,0.003203643,-0.007430106,-0.2779541,0.000600185362,0.0501463972,0.04661417,0.000143487385,0.003966268,0.0267779641,0.00314003765,0.0367162339,-0.150268555,0.0029959965,0.111419,0.0728852451,-0.000170156127,0.000332728028,0.03135068,0.00340221147,0.04025542,-0.05041504,0.0112721287,0.128822684,0.100830257,-0.0014842127,-0.00594440848,0.0605198555,0.00476082275,0.07878793,4.918541,0.0167989377,0.137791947,0.080980204,-0.000333624484,0.000275075436,0.07411955,0.005409932,0.08928545,5.07956839,0.0260302853,0.150930837,0.108795233,-0.00166741747,-0.00627855957,0.07997175,-0.00627792347,0.102200463,4.79977846,0.0261700861,0.193776622,0.114940926,-0.000658339239,-0.0063277036,0.09827496,-0.00759428367,0.115915716,5.00226831,0.0336989053,0.2337501,0.147348776,-0.00164136034,-0.0175226927,0.184231281,2.41240788,-2.70229721,3.62712884
928,18.559993424036282,4379,0,1,-2.89279,0,-2.76256514,-0.382840782,0,-0.3934981,-0.382840782,0,-0.3934981,1,0,0,1,0.002686981,0.007826962,0.006603189,-0.04335127,9.83848149E-05,0.03665627,-0.00747790374,0.002892469,-0.00623405352,-0.227661133,0.0007020608,0.0530741364,0.0440968163,0.0001302551,0.0027048476,0.02498855,0.00313046388,0.0326130427,-0.07330322,0.002845293,0.111597545,0.06253154,-0.000197225192,-0.00164053589,0.028103726,0.00305667263,0.034787178,0.0526573546,0.009824758,0.122628979,0.08058563,-0.00130548584,-0.0066896677,0.05589132,0.00466092024,0.06862679,4.9981513,0.01622396,0.135156751,0.06902672,-0.000375455274,-0.002348341,0.06498188,0.004866801,0.07465442,5.17699337,0.0235976726,0.141653463,0.08535215,-0.00147273077,-0.007985741,0.0736328959,-0.004822103,0.08857993,4.92295074,0.0246478636,0.19040826,0.0968536,-0.000696048141,-0.008915141,0.08562119,-0.00564749,0.0960039049,5.15415525,0.03041677,0.218252808,0.114148371,-0.00138942478,-0.018424198,0.2965169,2.41277671,-2.69473267,3.62918687
929,18.579993416950114,4384,0,1,-2.89279,0,-2.76256514,-0.382840782,0,-0.3934981,-0.382840782,0,-0.3934981,1,0,0,1,0.00273298961,0.007132316,0.00644954527,-0.0377388149,8.226628E-05,0.03404765,-0.00681213941,0.00269906083,-0.00497036474,-0.180877686,0.0008176013,0.0547462665,0.0410513021,9.293783E-05,0.00157560408,0.02305762,0.00316856615,0.02844061,-0.007446289,0.0026549357,0.109557316,0.0522042662,-0.000206875789,-0.003857419,0.0249045026,0.00279321126,0.0293686055,0.13439779,0.008522213,0.115372851,0.06143979,-0.00114276854,-0.00801602,0.05102122,0.00455806358,0.0588762723,5.06497,0.0153832249,0.130119547,0.0583415553,-0.0004377477,-0.00413289666,0.0562711246,0.004346676,0.0611791722,5.251571,0.0211407654,0.131476983,0.0654307157,-0.0014071163,-0.00870651,0.06699106,-0.003453444,0.0755118951,5.02676439,0.0227291416,0.1836665,0.07989778,-0.0008046978,-0.01111418,0.0736845657,-0.00398686668,0.07789397,5.272107,0.0268589631,0.201665878,0.08562736,-0.00149698881,-0.0186090171,0.425210953,2.41303325,-2.6796093,3.6309557
930,18.599993409863945,4389,0,1,-2.89279,0,-2.76256514,-0.382840782,0,-0.3934981,-0.382840782,0,-0.3934981,1,0,0,1,0.002753996,0.00651074527,0.00625706743,-0.03222521,6.851231E-05,0.0311687514,-0.00608716253,0.002596568,-0.00376270572,-0.138214111,0.000922826235,0.0552292019,0.03761908,4.328156E-05,0.00059800595,0.0209978633,0.00323362462,0.0245735869,0.0478667952,0.002437865,0.105391838,0.04306925,-0.0002062824,-0.00508964434,0.0218480527,0.002596231,0.0245133322,0.19666937,0.00735037355,0.107014582,0.0453378633,-0.0009992749,-0.008579608,0.0460045747,0.004469549,0.0495531559,5.119885,0.0143868765,0.122946993,0.0479436964,-0.000405753963,-0.006052781,0.0481018238,0.003880166,0.0488914549,5.3055644,0.0187797844,0.120283127,0.0474856645,-0.00119572436,-0.009539079,0.060215354,-0.00219430216,0.06305606,5.112872,0.0207989141,0.174167082,0.06450464,-0.000703416357,-0.012899667,0.06254049,-0.002537758,0.06146828,5.360171,0.02354438,0.184161156,0.06088099,-0.00115656678,-0.0185798034,0.474696159,2.418817,-2.67106819,3.63464141
931,18.619993402777776,4395,0,1,-2.89279,0,-2.76256514,-0.382840782,0,-0.3934981,-0.382840782,0,-0.3934981,1,0,0,1,0.002751558,0.00595540833,0.00603094464,-0.02693267,5.6876368E-05,0.0281337537,-0.00534434523,0.002554543,-0.00254685059,-0.09979248,0.000926127541,0.05478796,0.03396035,7.968938E-05,-0.000364243984,0.0189342275,0.00331110065,0.0208076667,0.09344301,0.00221183151,0.0997359157,0.0343859121,-0.00019693379,-0.006468367,0.0189369768,0.00245552929,0.02006971,0.242226586,0.006320031,0.09797437,0.0313587151,-0.000856581843,-0.008868493,0.04094648,0.00436740927,0.04081397,5.163888,0.0131854191,0.114333555,0.03850495,-0.000453935965,-0.007242374,0.0405360572,0.00346271973,0.0379212536,5.341969,0.016610669,0.108671986,0.0322037935,-0.00106312206,-0.0100241974,0.0533886366,-0.001049241,0.05142438,5.18259525,0.0185149945,0.162518829,0.05042921,-0.000850335462,-0.0140567049,0.0522594526,-0.00128491013,0.0466817953,5.42247152,0.0206096452,0.166398466,0.0393975675,-0.00111339684,-0.0185649879,0.473693371,2.41894054,-2.6723423,3.635529
932,18.639993395691608,4400,0,1,-2.89279,0,-2.76256514,-0.382840782,0,-0.3934981,-0.382840782,0,-0.3934981,1,0,0,1,0.00272462959,0.00545764,0.005782577,-0.0219423156,4.70888772E-05,0.0250386111,-0.00456356863,0.00256667845,-0.00150364253,-0.065826416,0.0009815883,0.0533407629,0.0301948786,2.90470016E-05,-0.00114147738,0.01684536,0.00338946516,0.0173817426,0.129839122,0.001975748,0.09268806,0.0267242752,-0.000188719088,-0.007148534,0.016231928,0.00235889619,0.0159895327,0.273390234,0.005409493,0.08861378,0.0192318689,-0.000743879355,-0.009269033,0.0359484963,0.004261248,0.032692533,5.19753647,0.0119056823,0.104415707,0.0295805167,-0.0003951946,-0.008441988,0.03359557,0.00309213577,0.0281383432,5.36363268,0.01443789,0.0968694538,0.0192105677,-0.0009841318,-0.01014871,0.0466540121,-1.53225847E-05,0.04065388,5.23711538,0.0162187852,0.149145678,0.0376398936,-0.0007002975,-0.0148009732,0.04289434,-0.000225659693,0.0337609872,5.462765,0.017445568,0.1484762,0.0216884855,-0.00112695573,-0.0178912319,0.47247076,2.41920042,-2.673874,3.636669
933,18.659993388605443,4406,0,1,-2.89279,0,-2.76256514,-0.382840782,0,-0.3934981,-0.382840782,0,-0.3934981,1,0,0,1,0.00267763971,0.00501295,0.00551265571,-0.0173163265,3.89083434E-05,0.0219612233,-0.00380950584,0.002596896,-0.000530554331,-0.03640747,0.00100294419,0.051045578,0.0264605749,-1.02636513E-05,-0.00180822238,0.0148073127,0.00346185733,0.0141346548,0.158078864,0.00175321859,0.0848420262,0.0195054673,-0.000171692431,-0.007879963,0.0137039758,0.0022999784,0.0123877684,0.292160749,0.004607708,0.07899603,0.00910127349,-0.0006428591,-0.009249134,0.0310720317,0.00413136045,0.0252655949,5.22221947,0.0105823064,0.09396007,0.0216514077,-0.000385662483,-0.009058656,0.0273278654,0.002777163,0.0195865929,5.37270355,0.012433799,0.0850101262,0.008333017,-0.0008005708,-0.0102669373,0.04010673,0.000880751,0.030839175,5.27813053,0.0139340525,0.134852618,0.02629382,-0.0007292749,-0.0150449462,0.0344605632,0.0006889962,0.0225134939,5.4844017,0.0146180345,0.130725622,0.006882118,-0.0008319235,-0.0170792639,0.471415043,2.41938066,-2.6750927,3.637548
934,18.679993381519274,4412,0,1,-2.89279,0,-2.76256514,-0.382840782,0,-0.3934981,-0.382840782,0,-0.3934981,1,0,0,1,0.00261092861,0.004612002,0.00521329325,-2.27463879E-15,-5.45696171E-12,7.66885E-15,-0.00307902577,0.00265641138,0.0004151787,-0.0109863281,0.000940757571,0.0483681373,0.04495641,2.77016879E-05,-0.008451462,0.0128342519,0.00351923984,0.01123796,0.17857714,0.00153983431,0.07621126,0.0355257466,-0.000158200768,-0.0142897218,0.0114196194,0.00226749759,0.009319046,0.3004012,0.003918056,0.06921529,0.02347802,-0.0005483853,-0.0150115266,0.0263913125,0.00401297957,0.0185858365,5.238345,0.009238013,0.08273318,0.03656613,-0.0003313238,-0.0157115124,0.0217035562,0.00251577562,0.0122500267,5.37125635,0.0105938353,0.07309308,0.0213049073,-0.0006470355,-0.0164791346,0.0338448472,0.00168650877,0.0219971854,5.30667,0.0116946641,0.119562678,0.0382510759,-0.000598567131,-0.02141922,0.0269357767,0.0014646519,0.01282484,5.49049,0.0120813549,0.113174647,0.0168497078,-0.000623158936,-0.0225725956,0.470459461,2.41953182,-2.67612457,3.63828373
935,18.699993374433106,4417,0,0,0,0,0,-0.13562265,0,-0.251736045,-0.13562265,0,-0.251736045,1,0,0,1,0.00271245185,0.00392602,0.00503471866,0,-4.571868E-10,0,-0.00180514052,0.00441640848,0.00168380258,0.0672385842,-10.7992249,0.110092655,0.0272620171,-0.000202416544,-0.006888494,0.00626061531,0.004482071,0.00519865332,0.25116998,-10.7985229,0.131912664,0.0177295487,-0.000245185278,-0.0125632249,0.0045494386,0.004401345,0.00311655644,0.359032035,-10.7969971,0.124234207,0.00452011451,-0.000963899947,-0.0127946585,0.01988676,0.004881815,0.0111491866,5.32242346,-10.7861328,0.132151827,0.0324527845,-8.786026E-05,-0.01783714,0.014584193,0.004484284,0.00453167548,5.43682575,-10.7857361,0.122164242,0.0165877622,-0.0008843004,-0.018204309,0.0280192513,0.00274950615,0.01426453,5.40240335,-10.7845459,0.164494678,0.035280928,-0.0006262044,-0.0235761851,0.0204833727,0.00344055053,0.004824867,5.565319,-10.7848511,0.156547621,0.0153050348,-0.00125029555,-0.0243160278,0.469938278,2.419683,-2.67669868,3.63873935
936,18.719993367346937,4422,0,0,0,0,0,-1.16466546,0,1.20245659,-1.16466546,0,1.20245659,1,0,0,1,0.0232933,-0.191859961,-0.0240491219,0,0,0,-0.1283926,-0.184585989,0.13148047,0.146044448,-16.484436,1.09789455,-0.0506835468,1.73879254,-0.07365514,-0.472740322,-0.19246231,-0.06528475,1.10719252,-22.20346,-0.6440735,-2.60766387,0.148353457,2.04135227,0.06387875,-0.18754226,0.5037179,-0.6680298,-22.2070923,-0.539825439,2.48690987,0.238220662,2.27690363,-0.09247954,-0.162265956,-0.011530621,6.69676065,-21.8898315,-1.22940063,1.33759475,-0.248793513,-0.9579052,0.01861618,-0.224526212,0.101839446,3.77386045,-21.89914,-1.00549316,-1.26736569,-0.293551266,-1.15811455,0.232318848,-0.214320645,0.0260760151,6.426755,-21.30365,-0.9510498,1.12827456,0.160577491,-0.8935298,-0.0192246214,-0.162879288,-0.237257749,4.34831953,-21.381897,-0.761871338,-1.05479169,0.08222483,-1.03125548,0.4684124,2.42345715,-2.67685127,3.64116573
937,18.739993360260769,4428,0,0,0,0,0,-0.6590363,0,0.9267035,-0.6590363,0,0.9267035,1,0,0,1,0.0131807206,-0.3861449,-0.0185340624,0,0,0,-0.176503867,-0.375583231,0.21761623,0.0491620824,-17.6379089,1.66704106,-0.06880805,3.66615248,-0.5000576,-0.6011809,-0.402965337,-0.0049100183,1.946177,-29.0523376,-1.3387146,-3.2912755,-1.504065,2.28831244,0.17430149,-0.3977987,0.608643949,-1.62835693,-29.033905,-0.9324646,2.96714,-1.32506084,2.72697163,-0.269573867,-0.329624832,-0.02677438,7.904749,-29.4535522,-2.51416016,1.30696273,3.03168678,-0.74306035,0.07130887,-0.3908552,0.289320827,1.77682078,-29.2718811,-1.70095825,-1.11829364,3.08714247,-0.961950362,-0.002565667,-0.2363221,-0.0190303214,5.62244654,-30.2033081,-0.864471436,-0.738522768,1.93269265,-0.071688056,-0.150556147,-0.2792098,-0.05762647,2.48799419,-29.9454041,-1.8576355,-1.4065187,2.30689335,-1.43043756,0.467549324,2.429553,-2.67713737,3.64532518
938,18.759993353174604,4433,0,0,0,0,0,0.09887735,0,-0.203822911,0.09887735,0,-0.203822911,1,0,0,1,-0.00197754614,-0.488010228,0.00407645665,0,0,0,-0.19211258,-0.459862441,0.32717216,-0.0513305664,-17.6992188,1.93326437,-0.000675469637,4.1853776,-0.774148345,-0.667408466,-0.519392967,0.13227126,2.868215,-29.3650818,-1.87393188,-3.5629096,-1.50547862,2.28307152,0.300655872,-0.513905048,0.6628718,-2.410675,-29.3086853,-1.57867432,3.167491,-1.22162461,2.88798976,-0.370581,-0.4201331,-0.08529125,8.957543,-30.6315,-3.47451782,1.112925,8.657561,-0.5121927,0.202836335,-0.470935136,0.3856237,-0.14743042,-30.3039551,-2.50262451,-0.765265942,8.68122,-0.9799097,-0.475578845,-0.25263983,-0.0248954147,3.159873,-32.9046021,-1.08746338,-1.86774206,7.435134,-0.953371048,-0.363897979,-0.328305364,0.332555324,0.563376,-32.47339,-2.793457,-1.26938307,7.72681952,-1.37377691,0.467496872,2.43551087,-2.67816925,3.650049
939,18.779993346088435,4438,0,0,0,0,0,0.06213725,0,-0.222501621,0.06213725,0,-0.222501621,1,0,0,1,-0.0012427445,-0.09759492,0.00445003062,0,0,0,-0.17426087,-0.0754860044,0.437049031,-0.100402832,-17.4751282,1.98602819,0.05901876,4.52572155,-0.9173107,-0.6861727,-0.147347689,0.238734812,3.75598478,-29.23462,-2.28085327,-3.77484417,-1.36974275,2.15256453,0.447209239,-0.141324222,0.635826766,-2.92300415,-29.09082,-2.384613,3.232748,-1.086694,3.0127852,-0.5978531,-0.07952607,-0.123541705,9.70449,-30.3829651,-4.03515625,0.6606682,9.752698,-0.376127154,0.2764178,-0.09596193,0.4920388,-1.71365356,-30.0267944,-3.390686,-0.5209521,9.651572,-0.806508541,-0.9173238,-0.101792544,0.09069966,0.972544432,-31.991394,-2.34786987,-0.775437355,9.95319748,-0.5600127,-0.415334731,-0.06257346,0.8104044,0.1026785,-32.18689,-2.45431519,-0.300965577,9.737421,-0.306746781,0.467453,2.43509626,-2.67887878,3.65028739
940,18.799993339002267,4444,0,0,0,0,0,0.0247612167,0,-0.228131473,0.0247612167,0,-0.228131473,1,0,0,1,-0.000495224143,-0.01951933,0.00456262752,0,0,0,-0.115628146,0.06254983,0.514761746,-0.03414917,-17.17981,1.86253178,0.167016089,4.78904867,-1.03768587,-0.7065055,-0.08172116,0.341238916,4.31410074,-29.0158386,-2.56469727,-4.07518435,-1.19752789,1.93801332,0.5522641,-0.0700869858,0.583881557,-3.27297974,-28.770752,-3.02963257,3.088396,-0.966917455,3.17395329,-0.8412052,0.0301709771,-0.06272123,10.094492,-29.8604126,-4.280884,0.2846494,9.902949,-0.266910672,0.3333957,0.0160915554,0.623102963,-2.87094116,-29.3782043,-4.03424072,-0.282684922,9.932218,-0.4781758,-1.13363063,0.0609239936,0.296330035,2.10831141,-30.68869,-2.17678833,0.395265043,10.3459988,-0.151842415,-0.279468536,0.07115048,1.17974687,0.09809981,-30.9246826,-3.59765625,0.137789339,10.4233894,-0.831679463,0.4675808,2.43094587,-2.680088,3.64842463
941,18.8199933319161,4450,0,0,0,0,0,-0.0135598378,0,-0.231580064,-0.0135598378,0,-0.231580064,1,0,0,1,0.000271196652,-0.00389873981,0.00463159941,0,0,0,-0.0325382054,0.07236077,0.538956344,0.152494073,-16.91034,1.6964947,0.2741351,4.83628225,-1.09129477,-0.681414664,-0.078361094,0.470077038,4.603545,-28.7862244,-2.76068115,-4.250202,-1.03265321,1.81060958,0.647192955,-0.06448726,0.511502862,-3.54058838,-28.4613953,-3.46203613,2.927155,-0.8592252,3.32115722,-1.01158285,0.0158935487,0.09097557,10.1896124,-29.5075684,-4.444519,-0.02028463,9.744799,-0.2712086,0.419499874,0.0230323821,0.72689724,-3.807373,-28.8844,-4.38970947,-0.1929928,9.798825,-0.176360577,-1.26944,0.0110202432,0.4606803,2.38669848,-30.17212,-1.90185547,0.135413617,9.786755,0.223363265,-0.06921518,0.09800453,1.45155764,-0.4612732,-30.2273254,-4.077942,-0.62249887,10.0271635,-0.490140021,0.467366219,2.42811251,-2.68066788,3.646936
942,18.83999332482993,4455,0,0,0,0,0,-0.0530266874,0,-0.224739954,-0.0530266874,0,-0.224739954,1,0,0,1,0.00106053334,-0.0007927269,0.00449479744,0,0,0,0.0531038679,0.06231104,0.5111318,0.450135678,-16.7525635,1.52520168,0.3803297,4.74177,-1.113209,-0.61923635,-0.08352333,0.589642048,4.658238,-28.6440125,-2.92660522,-4.38740826,-0.9454738,1.69504833,0.724300146,-0.0692922,0.415448636,-3.779541,-28.2731018,-3.69589233,2.7769568,-0.820151269,3.44376016,-1.10622907,-0.001998946,0.27649045,10.0275869,-29.3369141,-4.64013672,-0.2261972,9.643644,-0.3361562,0.534348249,0.0154428035,0.7893526,-4.68859863,-28.6435852,-4.4881897,-0.194055557,9.634599,0.06787491,-1.31900156,-0.007637143,0.65947634,2.52109432,-29.77597,-1.83560181,0.052415736,9.654858,0.0590476841,0.193490475,0.08923967,1.64986229,-1.14678955,-29.960968,-4.263275,-0.7959219,9.744173,-0.289330184,0.4669366,2.426112,-2.680807,3.64565158
943,18.859993317743765,4461,0,0,0,0,0,-0.09060999,0,-0.210668132,-0.09060999,0,-0.210668132,1,0,0,1,0.00181219913,-0.000158533454,0.004213361,0,0,0,0.137465,0.06199269,0.4890449,0.8287107,-16.7088623,1.41250968,0.4394685,4.71641,-1.07839537,-0.5240182,-0.08713524,0.6916266,4.548438,-28.58844,-3.13562,-4.4824295,-0.9272681,1.59907579,0.7818116,-0.07451601,0.302120984,-4.048401,-28.2048645,-3.77056885,2.6509285,-0.832834542,3.548995,-1.1274395,-0.009388939,0.481558949,9.71470451,-29.3005981,-4.929596,-0.349015146,9.523135,-0.42636615,0.6698865,0.01042524,0.801005,-5.617218,-28.5174255,-4.4078064,-0.228877455,9.542124,0.2329806,-1.30229712,-0.007014677,0.885251164,2.431909,-29.7554932,-1.94644165,-0.05207374,9.441299,-0.114915185,0.5034527,0.0847643837,1.76425993,-1.930481,-29.8004761,-4.24206543,-0.925017059,9.662533,-0.179927319,0.466311455,2.42441916,-2.680582,3.64427972
944,18.879993310657596,4467,0,0,0,0,0,-0.126015589,0,-0.191716269,-0.126015589,0,-0.191716269,1,0,0,1,0.00252031069,-1.07139349E-05,0.003834324,0,0,0,0.220530555,0.0642146,0.4538197,1.24781477,-16.72287,1.38618326,0.46165967,4.714932,-1.03187859,-0.4056422,-0.08948338,0.7769412,4.34349632,-28.5767822,-3.41223145,-4.56413841,-0.941090941,1.53140664,0.821614861,-0.07933915,0.175481766,-4.377716,-28.2071533,-3.743927,2.55754566,-0.856934845,3.63972878,-1.08257389,-0.009867132,0.6921167,9.334892,-29.3294678,-5.326294,-0.393964529,9.48094749,-0.510273337,0.8158466,0.01070255,0.761031866,-6.651306,-28.4449158,-4.236603,-0.273754358,9.499082,0.321215719,-1.20526135,-0.000672847033,1.1174159,2.24946,-29.8234558,-2.25473022,-0.0413602144,9.383933,-0.2928879,0.8411274,0.0934435651,1.78348649,-2.853119,-29.6649475,-4.147827,-1.06361675,9.643697,-0.178032935,0.465668678,2.423315,-2.68005943,3.64307857
945,18.899993303571428,4473,0,0,0,0,0,-0.1590123,0,-0.16771616,-0.1590123,0,-0.16771616,1,0,0,1,0.003180245,0,0.003354322,0,0,0,0.299335957,0.06685726,0.404025733,1.66974652,-16.756012,1.4446485,0.459760547,4.718431,-0.9986352,-0.267483473,-0.0912421942,0.8409278,4.102842,-28.57959,-3.76089478,-4.630633,-0.9698633,1.48823285,0.84073,-0.08412103,0.03789009,-4.77349854,-28.24289,-3.67172241,2.49318743,-0.8786311,3.7132647,-0.975346148,-0.005391985,0.8960044,8.958523,-29.3783875,-5.818695,-0.38491416,9.473894,-0.571017742,0.9609059,0.0155302882,0.6704582,-7.808655,-28.4006348,-4.047516,-0.3071719,9.479003,0.349899918,-1.03150392,0.009190589,1.33946562,2.03995156,-29.9013977,-2.73461914,0.004898995,9.380456,-0.417277575,1.1868788,0.112657078,1.70492423,-3.942627,-29.5475464,-4.10015869,-1.200566,9.633306,-0.260382146,0.465199471,2.422732,-2.679491,3.64221263
946,18.919993296485259,4478,0,0,0,0,0,-0.188564509,0,-0.138170034,-0.188564509,0,-0.138170034,1,0,0,1,0.00377128855,1.49011612E-08,0.00276339962,0,0,0,0.371204972,0.0696769357,0.3407647,2.06908226,-16.78949,1.56226158,0.444367528,4.722252,-0.99224937,-0.114229843,-0.09321676,0.8793567,3.87385535,-28.5829163,-4.16626,-4.685443,-1.0067606,1.46682012,0.8358631,-0.0892774761,-0.106622994,-5.22686768,-28.2905273,-3.60046387,2.453096,-0.8962592,3.771141,-0.810251653,0.0019108355,1.08127284,8.632135,-29.4318848,-6.374634,-0.304305077,9.474609,-0.5777203,1.09357131,0.0231950134,0.53222394,-9.07428,-28.3688049,-3.8951416,-0.313221425,9.470221,0.337790549,-0.7894695,0.0195367485,1.53466487,1.84601343,-29.9736328,-3.33792114,0.0655179,9.387149,-0.486397535,1.52186322,0.1367459,1.53195894,-5.192444,-29.4437561,-4.189575,-1.31524348,9.624846,-0.3952675,0.3917737,2.433187,-2.68657875,3.6457634
947,18.939993289399091,4483,0,0,0,0,0,-0.213561669,0,-0.103260569,-0.213561669,0,-0.103260569,1,0,0,1,0.00427123159,0,0.0020652106,0,0,0,0.433466166,0.07273243,0.2653118,2.4330492,-16.8152466,1.70800388,0.4246411,4.725806,-1.01360989,0.0488769636,-0.09595315,0.889611542,3.6882813,-28.5797424,-4.60263062,-4.734881,-1.04752314,1.46644771,0.8049444,-0.0950886458,-0.2526515,-5.719879,-28.33551,-3.565094,2.43158817,-0.91085887,3.81717539,-0.5948189,0.00940643251,1.23575616,8.380579,-29.4820557,-6.9553833,-0.214009508,9.478598,-0.551588833,1.20322371,0.0318662375,0.351821423,-10.4098816,-28.32434,-3.81918335,-0.2836518,9.47278,0.3026367,-0.489429653,0.0280602723,1.68734157,1.69068813,-30.0357056,-4.007782,0.123442121,9.395591,-0.5031085,1.82901907,0.160360932,1.27186334,-6.56246948,-29.3339539,-4.48117065,-1.39168561,9.619378,-0.5513646,0.329050064,2.41611671,-2.69955444,3.63778615
948,18.959993282312926,4488,0,0,0,0,0,-0.2326818,0,-0.06351171,-0.2326818,0,-0.06351171,1,0,0,1,0.004653634,-3.56137753E-06,0.00127023365,0,0,0,0.483403832,0.07594128,0.179068491,2.76014042,-10.7579956,1.85516334,0.406478077,4.73023844,-1.05617571,0.215620771,-0.09972948,0.8697961,3.56158662,-22.4951782,-5.04077148,-4.78396225,-1.08877039,1.48225784,0.74780786,-0.101741791,-0.394120872,-6.23028564,-22.296051,-3.58605957,2.42244768,-0.924695849,3.85755181,-0.3389992,0.015342325,1.348727,8.210107,-23.4501343,-7.522949,-0.14102602,9.484582,-0.502869666,1.28249466,0.0395644158,0.13778232,-11.7698059,-22.21106,-3.828247,-0.22208263,9.467882,0.265733331,-0.144723475,0.03339216,1.78415346,1.581495,-24.0098877,-4.6897583,0.1670481,9.40588951,-0.475738436,2.08929229,0.183621138,0.9319588,-8.006073,-23.1808167,-4.98504639,-1.39246035,9.597785,-0.558524132,0.317310333,2.40471935,-2.70371437,3.63227654
949,18.979993275226757,4493,0,0,0,0,0,-0.148590252,0,-0.0309896842,-0.148590252,0,-0.0309896842,1,0,0,1,0.00297180377,0,0.0006197934,0,0,0,0.4304968,0.056103535,0.102863982,3.1141293,-3.68435669,1.37277293,0.431636572,3.53644562,-1.08163178,0.2076487,-0.06532548,0.6519767,2.86098456,-15.6378784,-5.37802124,-3.24640036,0.00229382515,0.70979774,0.5461876,-0.07015553,-0.33259213,-6.417053,-15.6475525,-3.07693481,1.377298,0.068400085,2.67623186,-0.0475860834,-0.0416515768,1.38355529,7.2082634,-16.4136963,-7.432129,-1.01053131,6.158206,-0.186193883,1.32133675,-0.009012386,-0.04435964,-12.5207214,-15.2537842,-2.91610718,0.0994332656,6.22740841,1.18040979,0.212753862,-0.03322278,1.84330142,1.09632707,-16.5145264,-4.99295044,-0.2842219,6.40557,-0.221028775,2.20716453,0.11572881,0.415208548,-8.877289,-15.4045105,-4.039551,-1.54819953,6.855937,0.544744134,0.317346573,2.40460682,-2.703228,3.631843
950,18.999993268140589,4495,0,0,0,0,0,-0.0279976986,0,-0.02579094,-0.0279976986,0,-0.02579094,1,0,0,1,0.00055995374,0,0.0005158186,0,0,0,0.3041865,0.0138720721,0.06880913,3.509666,-1.41369629,0.404707551,0.389404178,2.15280056,-0.854452133,0.105458006,-0.0235386342,0.432649672,1.60054326,-11.96936,-5.385254,-1.43774474,3.18127012,0.153198242,0.387908816,-0.02727981,-0.147452772,-6.1987915,-11.9798584,-1.95822144,0.365825683,3.3718183,1.29309618,0.170246586,-0.09638569,1.263252,5.04848576,-12.5874329,-6.56759644,-1.82834065,3.304128,0.3364547,1.25564492,-0.07836331,-0.168744028,-12.1656189,-11.5857849,-1.05175781,0.834427,3.585188,1.98780084,0.485299528,-0.105877534,1.776427,0.204202488,-12.5240784,-4.92837524,-0.8037709,3.4986527,-0.0580404252,2.072514,-0.07111749,-0.08572328,-9.126801,-11.204834,-1.81524658,-0.821356356,4.00085,1.76315236,0.3175001,2.4045155,-2.70285416,3.631518
951,19.01999326105442,4500,0,0,0,0,0,-0.00136084948,0,-0.0262616649,-0.00136084948,0,-0.0262616649,1,0,0,1,2.72169782E-05,1.49011612E-08,0.0005252331,0,0,0,0.207813025,0.00650802255,0.03679376,3.778604,0.373217583,-0.395202637,0.2769159,1.60854149,-0.618791342,0.07728283,-0.008370861,0.29682833,0.27416116,-8.972565,-4.95037842,-0.813543439,2.60849953,0.015000605,0.299797654,-0.008044854,-0.054618828,-5.807373,-8.866638,-0.6104126,-0.124991357,2.79368544,0.895047,0.271763384,-0.07917251,1.063399,2.54315233,-9.36438,-5.49249268,-1.7664758,2.72242713,0.6182957,1.0944227,-0.0920158,-0.2651834,-10.9224548,-8.553528,0.828055263,1.43345523,2.973377,1.9604677,0.6240708,-0.01712367,1.57198143,-0.7666626,-9.199799,-3.92913818,-1.2915802,2.900881,0.971241057,1.81192219,-0.198096871,-0.423135668,-8.166168,-7.977112,0.7349194,0.38466388,3.15649939,2.00474429,0.317995548,2.404421,-2.70233917,3.63111544
952,19.039993253968252,4504,0,0,0,0,0,-0.000546377152,0,-0.0232465025,-0.000546377152,0,-0.0232465025,1,0,0,1,1.09275388E-05,0,0.00046492985,0,0,0,0.149747863,0.006289825,0.010331545,3.945594,1.74726188,-0.974395752,0.163462743,1.21143007,-0.423274815,0.105175473,-0.004822135,0.235151112,-0.848876953,-6.603424,-4.42910767,-0.6247331,2.083335,0.144177824,0.263448,-0.00233331323,-0.0666935146,-5.48291,-6.34265137,0.704508245,-0.09484029,2.21693039,0.817987859,0.327467084,-0.0376403928,0.855658054,0.258719862,-6.78891,-4.633789,-1.36256814,2.160655,0.6047951,0.8942554,-0.05409774,-0.351775646,-9.424622,-5.985901,2.34340715,1.58134234,2.45079041,1.56940639,0.6574119,0.04513985,1.29078293,-1.90206909,-6.661255,-2.78198242,-1.29576218,2.30350232,0.8262619,1.4486357,-0.165684879,-0.6168724,-6.60015869,-5.05343628,2.55923629,0.970916152,2.631284,1.39607477,0.31836462,2.40437841,-2.70218658,3.631006
953,19.059993246882087,4509,0,0,0,0,0,-0.00167395617,0,-0.0198385864,-0.00167395617,0,-0.0198385864,1,0,0,1,3.347911E-05,1.49011612E-08,0.00039677156,0,0,0,0.108230732,0.0039896816,-0.009765423,3.99979472,2.77528548,-1.37789917,0.0568132475,0.8909853,-0.2781066,0.122739248,-0.00331668556,0.184775263,-1.7678833,-4.72183228,-3.85614014,-0.4702116,1.6679728,0.2403488,0.217927843,-9.654462E-05,-0.09103614,-5.114563,-4.315399,1.85551226,0.025379777,1.74306011,0.683541656,0.3609984,-0.0165953338,0.66372776,-1.64083862,-4.8046875,-3.8855896,-0.9463889,1.68776369,0.602944851,0.6908575,-0.0314497948,-0.4224036,-7.84637451,-3.97406,3.50672126,1.61599231,1.91857862,1.193767,0.6412094,0.06078817,0.998659,-3.00128174,-4.734619,-1.88391113,-1.106729,1.753985,0.548009455,1.07636464,-0.124711841,-0.7175904,-4.792206,-2.902069,3.63051867,1.28055608,1.9208107,0.743499458,0.318814278,2.40433335,-2.7021122,3.63096023
954,19.079993239795918,4513,0,0,0,0,0,-0.000391417561,0,-0.01679279,-0.000391417561,0,-0.01679279,1,0,0,1,7.828348E-06,0,0.000335855642,0,0,0,0.0745653659,0.00203706324,-0.0246691853,3.95341516,3.423667,-1.64401245,-0.0303841662,0.6372044,-0.154371813,0.126946718,-0.002584815,0.13810882,-2.48306274,-3.21832275,-3.274109,-0.32156533,1.31988239,0.292531729,0.165142074,0.00013692677,-0.107117988,-4.68789673,-2.70159912,2.77719569,0.13667205,1.33689713,0.505884051,0.368493021,-0.00657318532,0.484057724,-3.083435,-3.26867676,-3.200348,-0.5408798,1.32922816,0.598112941,0.492464423,-0.0237756371,-0.4648556,-6.239624,-2.40951538,4.33866835,1.61343062,1.48038781,0.845733166,0.6120632,0.05283241,0.7257676,-3.87194824,-3.27755737,-1.23654175,-0.844780266,1.34660792,0.389792979,0.7423514,-0.128234476,-0.772916853,-2.99307251,-1.39230347,4.28744173,1.36779583,1.3645618,0.491275132,0.319032669,2.40431,-2.7021637,3.63100219
955,19.09999323270975,4517,0,0,0,0,0,0.00417587766,0,-0.0147338668,0.00417587766,0,-0.0147338668,1,0,0,1,-8.3517516E-05,0,0.000294677215,0,0,0,0.0430692434,0.00153516233,-0.0339315981,3.813845,3.42808318,-1.76696777,-0.09683137,0.3250724,-0.007022239,0.12771529,-0.00243718922,0.101297855,-2.992279,-1.92715454,-2.71636963,-0.18424207,1.07155192,0.318845719,0.115799904,-0.0009389818,-0.118975453,-4.23287964,-1.34533691,3.4341743,0.220724329,1.03989959,0.314705,0.358407944,-0.003905952,0.31858632,-4.046173,-1.9887085,-2.56893921,-0.140789062,1.11829257,0.5703127,0.30946207,-0.0229576379,-0.485494137,-4.62609863,-1.10519409,4.84089661,1.580537,1.21250522,0.514669,0.5763448,0.0301752985,0.4734667,-4.77462769,-2.060791,-0.264526367,-0.556967735,1.09983706,0.319417328,0.4585308,-0.140868381,-0.800465941,-1.20211792,-0.240722656,4.70223141,1.38748443,1.04716039,0.3218639,0.3193345,2.40427232,-2.70228386,3.63109326
956,19.119993225623581,4522,0,0,0,0,0,0.00635858625,0,-0.0115203643,0.00635858625,0,-0.0115203643,1,0,0,1,-0.000127171676,0,0.0002304072,0,0,0,0.0155049842,0.00260196626,-0.0405811742,3.6146903,3.252806,-1.75558472,-0.14508982,0.189151168,0.101936534,0.113467842,-0.002699405,0.05758033,-3.351715,-0.944366455,-2.157135,-0.0380022936,0.792611,0.3115871,0.06215675,-0.00286120176,-0.117744192,-3.6836853,-0.32989502,3.875937,0.289773643,0.730791,0.118795216,0.334675252,-0.002683431,0.17153275,-4.58889771,-0.9711914,-1.96713257,0.1714122,0.89416,0.556527138,0.150213823,-0.0190600157,-0.4844934,-3.00799561,-0.0381164551,5.0859313,1.52251077,0.9571091,0.257128626,0.523757041,0.0223650485,0.250158757,-5.234375,-0.966033936,0.0530112162,-0.351469368,0.950116932,0.175988734,0.22436142,-0.09655988,-0.758550644,-0.2906494,0.779684842,4.652479,0.827376842,0.8679843,0.0376575142,0.319506168,2.404242,-2.70245361,3.63121462
957,19.139993218537413,4527,0,0,0,0,0,0.006409734,0,-0.00851553,0.006409734,0,-0.00851553,1,0,0,1,-0.000128194632,1.49011612E-08,0.000170310537,0,0,0,-0.00312348269,0.00331018865,-0.0447706468,3.38140726,3.08717,-1.66351318,-0.177655786,0.141426057,0.156280383,0.09841392,-0.003132403,0.0219917372,-3.5512085,-0.246521,-1.63092041,0.07325101,0.554857969,0.301974565,0.0180449113,-0.004598856,-0.110269688,-3.10720825,0.370299071,4.10423231,0.3318067,0.473643124,-0.03985992,0.297812551,-0.00425247848,0.0451934561,-4.754669,-0.201965332,-1.41156,0.436069548,0.658340335,0.513834,0.0214155316,-0.0152930766,-0.457926333,-1.47268677,0.7303435,5.128249,1.41653371,0.681024134,0.04781142,0.4556557,0.006235257,0.0600219071,-5.29412842,-0.15222168,0.183691591,0.0273477454,0.731613338,0.102264024,0.0326410234,-0.0534888655,-0.693620443,-0.09680176,1.44712281,4.217446,0.18132396,0.5868428,-0.3417059,0.319580078,2.404221,-2.70261,3.63132358
958,19.159993211451248,4531,0,0,0,0,0,0.00542410929,0,-0.006208338,0.00542410929,0,-0.006208338,1,0,0,1,-0.000108482142,0,0.0001241667,0,0,0,-0.01341391,0.00334769487,-0.0471049137,3.12956858,2.974156,-1.53878784,-0.198439,0.119521812,0.168924078,0.0839434862,-0.00345642865,-0.00455486029,-3.60903931,0.221319646,-1.15109253,0.153619334,0.367609352,0.285855561,-0.0155841559,-0.005773604,-0.0986210853,-2.54855347,0.814341664,4.147972,0.342516541,0.2763105,-0.162776843,0.255699068,-0.006961867,-0.05835547,-4.58807373,0.284309268,-0.8977661,0.655867338,0.438488483,0.4577352,-0.0794561058,-0.013903901,-0.418074429,-0.04071045,1.21878362,4.996791,1.29855955,0.431189448,-0.123786531,0.376891166,-0.019373849,-0.103380591,-4.748169,0.4006633,0.557840049,0.2741837,0.4719447,0.136642069,-0.119750515,-0.04582733,-0.628399432,-0.0368347168,1.77295756,3.73544335,0.04006631,0.3121224,-0.4341888,0.319628716,2.40419388,-2.70282364,3.631469
959,19.179993204365079,4536,0,0,0,0,0,0.004199578,0,-0.00426598452,0.004199578,0,-0.00426598452,1,0,0,1,-8.399152E-05,0,8.53196543E-05,0,0,0,-0.0180609636,0.00310009718,-0.0481383838,2.8704524,2.906959,-1.41278076,-0.209727988,0.101256706,0.1580292,0.06959233,-0.00367389619,-0.0245110113,-3.5491333,0.5138791,-0.725402832,0.215110481,0.225551516,0.2592034,-0.04070608,-0.00645960867,-0.086505726,-2.02539063,1.06551313,4.04077244,0.336545169,0.13414903,-0.257081151,0.210059822,-0.0107993782,-0.139886141,-4.1477356,0.5581192,-0.45401,0.82753855,0.2634067,0.390393436,-0.156532079,-0.0123283118,-0.37415278,1.28589809,1.49026382,4.71714449,1.17576385,0.244377479,-0.2618099,0.2970149,-0.05216366,-0.235270008,-3.91665649,0.6655961,0.882732,0.553221941,0.246625468,0.129629031,-0.2342844,-0.0453314036,-0.560913861,3.78928744E-05,1.87123883,3.25407386,0.00274598971,0.121668294,-0.47403127,0.3196268,2.404174,-2.702999,3.63158631
960,19.199993197278911,4541,0,0,0,0,0,0.0003981089,0,-0.00221390533,0.0003981089,0,-0.00221390533,1,0,0,1,-7.962175E-06,1.49011612E-08,4.42780874E-05,0,0,0,-0.02394864,0.00289987028,-0.04726623,2.610948,2.848585,-1.29855347,-0.219598249,-0.0580003634,0.131939858,0.0567049421,-0.003924176,-0.03819652,-3.39242554,0.6868609,-0.363616943,0.276783019,0.159623027,0.209856331,-0.0582399443,-0.006761506,-0.0759802759,-1.54785156,1.18671632,3.81127858,0.3040171,0.0729365945,-0.340865761,0.164073721,-0.0145985037,-0.203109652,-3.46884155,0.7241992,-0.08843994,0.9598555,0.161196828,0.315921456,-0.2125535,-0.0102892369,-0.329116821,2.49369812,1.60917044,4.32056236,1.04585469,0.118344314,-0.365939647,0.224387735,-0.0800018758,-0.3374321,-2.884674,0.8253966,1.12008369,0.7704287,0.149937063,0.101188518,-0.313922644,-0.0413534045,-0.492530167,0.03316818,1.83149,2.80580521,0.0852997154,0.004480332,-0.567245543,0.319609642,2.40416121,-2.703127,3.63167143
961,19.219993190192742,4545,0,0,0,0,0,0.000474785717,0,-0.00110869925,0.000474785717,0,-0.00110869925,1,0,0,1,-9.49571E-06,1.49011612E-08,2.21739756E-05,0,0,0,-0.0256740488,0.002517596,-0.0459026434,2.35506439,2.71348786,-1.18936157,-0.217047751,-0.121872157,0.124214225,0.0428710543,-0.003875643,-0.0492851175,-3.16259766,0.7730729,-0.06616211,0.3093447,0.08027174,0.170718044,-0.0705655,-0.0063751936,-0.0630758554,-1.12106323,1.21562922,3.49170828,0.273406684,0.00227709115,-0.3854395,0.121262215,-0.01606083,-0.249892756,-2.60699463,0.812389255,0.203530312,1.04513037,0.086830616,0.246972859,-0.246941343,-0.0042026937,-0.282831937,3.570715,1.62195015,3.84552884,0.9129478,0.0363867,-0.42975226,0.159946725,-0.09769501,-0.415397972,-1.69064331,0.9177477,1.34406376,0.911233,0.08147411,0.09263607,-0.366622537,-0.0249208659,-0.431064785,0.5749259,1.7205596,1.89421725,0.277149081,-0.0546037927,-0.682886362,0.319570065,2.40414333,-2.70329475,3.63178086
962,19.239993183106574,4550,0,0,0,0,0,0.000460690673,0,3.867288E-05,0.000460690673,0,3.867288E-05,1,0,0,1,-9.21381E-06,0,-7.73457259E-07,0,0,0,-0.0258508418,0.002125442,-0.0439439,2.10855174,2.537089,-1.08105469,-0.209841654,-0.156622961,0.118243359,0.0304430723,-0.003712371,-0.05729357,-2.8704834,0.8006252,0.168969736,0.333792567,0.025967557,0.130236238,-0.07712236,-0.0057926476,-0.05650109,-0.72769165,1.18629026,3.11613941,0.263088584,-0.0402019247,-0.405289382,0.08211911,-0.0148837566,-0.280351371,-1.62347412,0.8427898,0.422743231,1.07828224,0.0288280435,0.18145448,-0.263766646,-0.00467371941,-0.237741455,4.38178444,1.55616009,3.334073,0.668402135,-0.026577469,-0.463560671,0.103247024,-0.112440854,-0.467334151,-0.303833,0.948753953,1.73800325,1.203071,0.019941438,0.30091235,-0.392592549,-0.0292744488,-0.354969323,0.991028547,1.58473814,0.9712083,0.291593283,-0.09176282,-0.736617863,0.3195305,2.4041307,-2.70342064,3.63186288
963,19.259993176020409,4555,0,0,0,0,0,0.0006004954,0,0.00182689249,0.0006004954,0,0.00182689249,1,0,0,1,-1.2009903E-05,0,-3.65378364E-05,0,0,0,-0.0252808612,0.00163270533,-0.04147373,1.87494886,2.33939743,-0.975647,-0.199153244,-0.174244136,0.111589983,0.0216167066,-0.00359347463,-0.0671791062,-2.51004028,0.790006161,0.360209346,0.370886683,-0.008562855,0.10354089,-0.0821283162,-0.00505830348,-0.05511223,-0.333892822,1.12220764,2.69700933,0.271907955,-0.06448823,-0.419329762,0.0505719781,-0.008825645,-0.297468066,-0.584320068,0.867282569,0.5728332,1.05717039,0.016035147,0.119801052,-0.265776515,-0.005800724,-0.190883383,4.862448,1.42854369,2.81388021,0.4028309,-0.06967314,-0.461905867,0.050914187,-0.05008632,-0.44780007,-0.0307922363,1.01600468,1.45840251,0.2217971,0.03559552,-0.225000158,-0.38085264,-0.0271261632,-0.2569878,1.3286494,1.40780866,0.243009388,0.2652352,-0.116531417,-0.6306843,0.319500923,2.404123,-2.70350266,3.63191628
964,19.27999316893424,4559,0,0,0,0,0,0.0009396863,0,0.00277020037,0.0009396863,0,0.00277020037,1,0,0,1,-1.87937185E-05,1.49011612E-08,-5.54039871E-05,0,0,0,-0.0242810715,0.00113889575,-0.0386930034,1.65664232,2.13248134,-0.8747864,-0.186579108,-0.181866258,0.104107879,0.01175964,-0.00299313664,-0.06675917,-2.1390686,0.7526165,0.4932172,0.360100955,-0.0335361622,0.06458727,-0.0813798,-0.00392380357,-0.0456077531,0.0155889085,1.03527725,2.266818,0.2351575,-0.08029644,-0.410305351,0.0234661344,-0.00445617735,-0.292309254,0.407417268,0.841014743,0.674085736,0.994558752,-0.0237644352,0.0735726,-0.253841,-0.00318443775,-0.141726881,5.206276,1.28713989,2.31576276,0.290047973,-0.083889544,-0.439073831,0.012333408,-0.025415048,-0.434060782,0.04343335,0.9805348,1.18012333,0.132117033,-0.03446848,-0.415581524,-0.3474787,-0.00732816756,-0.174022228,1.34006,1.25630665,0.04058524,0.021194946,-0.117871188,-0.157804623,0.319461346,2.40411329,-2.70360184,3.63198018
965,19.299993161848072,4563,0,0,0,0,0,0.00103677635,0,0.00303648249,0.00103677635,0,0.00303648249,1,0,0,1,-2.07355188E-05,0,-6.07296242E-05,0,0,0,-0.023006415,0.0006965697,-0.0357266665,1.45463383,1.92413282,-0.779449463,-0.172681987,-0.1829618,0.0962500051,0.004530658,-0.00226919353,-0.062593706,-1.78009033,0.6955698,0.575775862,0.3319738,-0.0511347465,0.0348779969,-0.0753088146,-0.002727449,-0.03175626,0.2829694,0.9346354,1.85607576,0.172393292,-0.08918288,-0.378473818,0.00333005749,0.00205665827,-0.276486844,1.35343158,0.789929867,0.729164541,0.923708856,-0.0341632366,0.036343243,-0.231675357,-0.00166015327,-0.09552403,5.440765,1.13929594,1.85469544,0.198646978,-0.0934876055,-0.402916878,-0.0218574181,-0.014445886,-0.4167334,0.6312595,0.906866431,0.253429562,0.239841044,-0.0322076939,-0.472888738,-0.312962145,-0.00353223085,-0.113507807,1.32510746,1.10628879,-0.0170288086,-0.0143386954,-0.119395711,-0.04814106,0.319436073,2.40410757,-2.703661,3.632018
966,19.319993154761903,4567,0,0,0,0,0,0.00117290951,0,0.00326862442,0.00117290951,0,0.00326862442,1,0,0,1,-2.345818E-05,1.49011612E-08,-6.53724637E-05,0,0,0,-0.0215563923,0.000293061137,-0.03273043,1.26972568,1.71973109,-0.6902771,-0.158408687,-0.179605752,0.0881190747,-0.00254200585,-0.00175191462,-0.0592304468,-1.43835449,0.6262184,0.6094893,0.3089524,-0.0628524,0.00509728631,-0.0670604855,-0.00181521475,-0.0191693157,0.470209718,0.826613665,1.48094,0.113754466,-0.0942909345,-0.3361088,-0.01132292,0.005335748,-0.2569972,2.235859,0.7164662,0.760708332,0.8464167,-0.04947205,0.0138517115,-0.204969749,-0.000502467155,-0.0574477464,5.590504,0.9891208,1.44129455,0.125848219,-0.09876575,-0.359551638,-0.0319452062,-0.00118623674,-0.371481955,0.346351057,0.809129655,-0.443634033,0.09088524,-0.05058475,-0.181467518,-0.276417017,-0.00279821455,-0.0644236058,1.30784714,0.958193064,-0.0365905762,-0.0125420671,-0.120233431,-0.0126250573,0.319407,2.40410113,-2.703724,3.63205814
967,19.339993147675735,4572,0,0,0,0,0,0.00118800066,0,0.00308098644,0.00118800066,0,0.00308098644,1,0,0,1,-2.37600034E-05,0,-6.161971E-05,0,0,0,-0.0199318379,-4.74452972E-05,-0.0297473036,1.1015476,1.52385914,-0.6075134,-0.144053057,-0.172243834,0.080301,-0.00632459857,-0.00121369958,-0.0513292626,-1.13421631,0.551669836,0.617137969,0.264464974,-0.06799267,-0.0123377265,-0.05813292,-0.00118163228,-0.009085609,0.5884796,0.7182377,1.14760125,0.065223746,-0.09401389,-0.291042566,-0.02341356,0.007406071,-0.22923024,3.02840519,0.6562592,0.7625908,0.757040739,-0.05962309,-0.0117699709,-0.1767244,-4.954636E-05,-0.0270393249,5.67099428,0.8422338,1.08074629,0.06686127,-0.098853536,-0.312746882,-0.04261527,-0.003087759,-0.341297925,0.5800165,0.7354905,-0.363098145,0.234300539,-0.0262104068,0.237318069,-0.238381013,-0.00263734162,-0.0255771615,1.29239154,0.814470351,-0.0454406738,-0.009690449,-0.117729127,-0.000922633335,0.319387436,2.404097,-2.70376587,3.63208485
968,19.35999314058957,4576,0,0,0,0,0,0.00110391749,0,0.00298132771,0.00110391749,0,0.00298132771,1,0,0,1,-2.207834E-05,1.49011612E-08,-5.962653E-05,0,0,0,-0.0181962922,-0.0003476441,-0.0268570222,0.9497491,1.34021318,-0.5312195,-0.1300605,-0.161356747,0.072755985,-0.008532959,-0.0008162707,-0.0451046824,-0.8619385,0.477766126,0.607098,0.229557112,-0.067316696,-0.02285036,-0.0491750762,-0.0007246882,-0.00126850046,0.6511631,0.6146236,0.85873735,0.026157435,-0.08986439,-0.246282458,-0.03050402,0.009156674,-0.201224536,3.73830938,0.586860538,0.7381931,0.6670494,-0.05617772,-0.02949815,-0.148670316,0.000343516469,-0.003699677,5.697812,0.705816567,0.7744,0.0210776124,-0.0938791558,-0.26526767,-0.0485708,0.000482916832,-0.298533261,0.7758114,0.6872324,-0.245452881,0.18897298,-0.02264592,0.188189149,-0.2004853,-0.00251750648,0.00400488265,1.27800167,0.6825387,-0.05114746,-0.00757219875,-0.109061681,0.004271605,0.319377422,2.404095,-2.70378876,3.63209963
969,19.3799931335034,4580,0,0,0,0,0,0.0009860891,0,0.00286801835,0.0009860891,0,0.00286801835,1,0,0,1,-1.97217742E-05,0,-5.73603429E-05,0,0,0,-0.0164420865,-0.000588461757,-0.0241476633,0.8135509,1.1711185,-0.461517334,-0.116691738,-0.148691237,0.06563278,-0.009869356,-0.0005351603,-0.0396265052,-0.618347168,0.407770067,0.584630549,0.199344546,-0.06375891,-0.02971346,-0.040620584,-0.00043118,0.00447312742,0.6706394,0.518640757,0.614504,-0.00352177024,-0.08355421,-0.203585535,-0.03377246,0.009087652,-0.171149746,4.31279755,0.5148844,0.6990675,0.539180934,-0.0575452037,-0.03984947,-0.121945009,0.0005016178,0.0133906426,5.68429,0.5828738,0.5209752,-0.0131528266,-0.08644682,-0.219242737,-0.0518316478,0.00266575813,-0.250633419,0.976753533,0.62760663,-0.119689941,0.140073389,-0.04198038,0.123140737,-0.164350852,-0.002470702,0.0253810845,1.26410127,0.565024555,-0.05569458,-0.00662780972,-0.09811529,0.00769916456,0.3193612,2.40409136,-2.70382118,3.63212013
970,19.399993126417233,4585,0,0,0,0,0,0.0008772661,0,0.00285869837,0.0008772661,0,0.00285869837,1,0,0,1,-1.75453151E-05,1.49011612E-08,-5.71739438E-05,0,0,0,-0.0147929341,-0.000793740153,-0.02157883,0.6920247,1.01705861,-0.398468018,-0.104270771,-0.135625958,0.0587811023,-0.0111344419,-0.000410854816,-0.03922973,-0.378875732,0.3425726,0.5529498,0.195023447,-0.0594383962,-0.03447229,-0.0327283032,-0.000276103616,0.008585826,0.6584698,0.431054562,0.413327724,-0.0253239311,-0.07679138,-0.163926437,-0.0341518074,0.00570029,-0.139368087,4.61737537,0.4404446,0.6502875,0.2964945,-0.06148927,-0.0436231233,-0.09738967,0.0005594939,0.0250558853,5.64306831,0.473925918,0.317054063,-0.03666278,-0.07852227,-0.176435158,-0.0498482138,0.00148543715,-0.185367137,1.04781067,0.5291216,-0.07748413,0.06389921,-0.06994386,0.0594923869,-0.131296143,-0.002449602,0.03972825,1.24975884,0.461703122,-0.0601806641,-0.006432362,-0.08726969,0.01027228,0.319351673,2.40408969,-2.70384216,3.63213372
971,19.419993119331064,4590,0,0,0,0,0,0.00074258825,0,0.002767242,0.00074258825,0,0.002767242,1,0,0,1,-1.48517593E-05,-5.96046448E-06,-5.534482E-05,0,0,0,-0.0132815531,-0.000954255462,-0.0192244314,0.584046543,0.8769738,-0.3418579,-0.09261319,-0.12346068,0.0522245727,-0.0112317493,-0.000220313668,-0.0331054032,-0.169128418,0.28092736,0.515444338,0.161953092,-0.05609669,-0.0359809063,-0.025691539,-0.000161424279,0.0111598456,0.6239983,0.351032555,0.2520155,-0.0391441658,-0.07052602,-0.128027231,-0.0316414759,0.00455749035,-0.104359508,4.831245,0.3663449,0.6015727,0.1873831,-0.06027515,-0.0431044847,-0.07560249,0.000638932,0.0321718529,5.5837636,0.37721166,0.1574717,-0.04457198,-0.07159043,-0.13826175,-0.04525131,0.00081576407,-0.13042298,1.082712,0.430155277,-0.0591430664,0.03884634,-0.07139207,0.03619605,-0.102206491,-0.00240939856,0.0483040735,1.23490107,0.369921416,-0.06512451,-0.00639787456,-0.07841321,0.0125812711,0.319345951,2.4040885,-2.70385361,3.63214087
972,19.439993112244895,4594,0,0,0,0,0,0.000592256954,0,0.00252148486,0.000592256954,0,0.00252148486,1,0,0,1,-1.18451344E-05,0,-5.04296768E-05,0,0,0,-0.0117576793,-0.00108468533,-0.0170749184,0.4884859,0.7515389,-0.291107178,-0.0818374157,-0.11062023,0.0464700125,-0.0102790454,-6.80387E-05,-0.02419426,-0.009124756,0.225252539,0.476583868,0.116147995,-0.050403405,-0.0345409662,-0.0194648113,-8.08388E-05,0.0125454664,0.5751115,0.2805749,0.1259054,-0.0479083732,-0.06231198,-0.09676754,-0.0281352419,0.00388200581,-0.07211866,4.972488,0.305124581,0.5541831,0.123691827,-0.0523389764,-0.0414257,-0.05697916,0.000788375735,0.0356151424,5.51502562,0.29306832,0.035654515,-0.04058491,-0.06353416,-0.105809085,-0.0389266647,0.000193446875,-0.08670893,1.10900283,0.35002622,-0.0357055664,0.0297872443,-0.06215029,0.0313083753,-0.0775588155,-0.00234895945,0.05214473,1.22013688,0.288441718,-0.0708313,-0.005023155,-0.0699253,0.0134930648,0.319339275,2.404087,-2.703867,3.63214922
973,19.45999310515873,4598,0,0,0,0,0,0.000468370446,0,0.002212496,0.000468370446,0,0.002212496,1,0,0,1,-9.367405E-06,1.49011612E-08,-4.42499E-05,0,0,0,-0.0102973552,-0.00117647648,-0.0150435511,0.403913766,0.641138,-0.245910645,-0.07218858,-0.09729098,0.041237805,-0.008878889,9.924173E-06,-0.015648881,0.100267522,0.17742379,0.439203948,0.0731564462,-0.0430815741,-0.0314812623,-0.0142402779,-2.80290842E-05,0.0129036456,0.5182379,0.220732659,0.0301948488,-0.0520496257,-0.0530802831,-0.0708991662,-0.02389576,0.003282562,-0.045067843,5.057021,0.254341662,0.511503458,0.0832077637,-0.04193907,-0.0377582274,-0.0416441076,0.000933647156,0.03624383,5.44299746,0.2221465,-0.0547790527,-0.03363916,-0.05456426,-0.07889442,-0.0326522142,-0.000426858664,-0.05109045,1.12631547,0.2994256,-0.025177002,0.0214157775,-0.0433641933,0.015974516,-0.0573172048,-0.00231777132,0.0525502,1.20556986,0.218058452,-0.07739258,-0.002597291,-0.0607494228,0.0133173307,0.3193345,2.40408635,-2.7038765,3.63215542
974,19.479993098072562,4603,0,0,0,0,0,0.000381548627,0,0.00194126752,0.000381548627,0,0.00194126752,1,0,0,1,-7.63097E-06,1.49011612E-08,-3.88253357E-05,0,0,0,-0.008920899,-0.00125469267,-0.0132646207,0.329777569,0.545563,-0.205780029,-0.06338185,-0.08417735,0.0366249867,-0.00752414,3.11583281E-05,-0.008414367,0.166358888,0.13826634,0.404814631,0.0374033563,-0.0352199636,-0.028524952,-0.0100268051,2.54809856E-06,0.01255528,0.458570957,0.1715745,-0.04058838,-0.0528241545,-0.04375723,-0.05028447,-0.0195459481,0.00272241235,-0.0238466971,5.0996685,0.211237684,0.474025637,0.0580911078,-0.0341077968,-0.03253802,-0.0294363648,0.00110287964,0.0349390544,5.37217951,0.163399145,-0.120178223,-0.0250849519,-0.04518778,-0.05723461,-0.0257633813,-0.00109176338,-0.02351185,1.13430965,0.2573202,-0.0204467773,0.0133542214,-0.0343786255,0.0101618245,-0.0411968045,-0.002223447,0.05032599,1.19206619,0.16121389,-0.08026123,0.002907464,-0.0539854579,0.013368573,0.319332123,2.40408564,-2.70388222,3.632159
975,19.499993090986393,4608,0,0,0,0,0,0.000330323324,0,0.00168332842,0.000330323324,0,0.00168332842,1,0,0,1,-6.606464E-06,0,-3.36665544E-05,0,0,0,-0.0076812976,-0.00131301582,-0.01162863,0.2646178,0.4638364,-0.170532227,-0.05547812,-0.07184095,0.03241244,-0.006188109,3.014505E-05,-0.00287400978,0.196920186,0.107389346,0.374802023,0.0104742143,-0.0278002881,-0.0251561757,-0.00671966374,2.105534E-05,0.0118651,0.400378555,0.132496372,-0.09124756,-0.05180802,-0.03493932,-0.0343235619,-0.0153449671,0.002463922,-0.008966353,5.11330175,0.181052342,0.44162637,0.0445370264,-0.029873291,-0.0266862232,-0.01994701,0.00120529532,0.0327305719,5.304054,0.120723732,-0.166015625,-0.01665536,-0.03483651,-0.0401504971,-0.01868562,-0.00120837986,-0.005298026,1.12721622,0.196540624,0.0138140777,0.01329962,-0.03529753,0.009860076,-0.02833858,-0.00221286714,0.0471073762,1.17726254,0.119328849,-0.09075928,0.00447354,-0.0452917777,0.008506058,0.319330215,2.40408516,-2.70388222,3.63215852
976,19.519993083900225,4614,0,0,0,0,0,0.000261698122,0,0.00144483463,0.000261698122,0,0.00144483463,1,0,0,1,-5.23396E-06,1.49011612E-08,-2.889668E-05,0,0,0,-0.00657745451,-0.00137583911,-0.0101262974,0.207548708,0.394314,-0.139648438,-0.0483554974,-0.06088566,0.02866564,-0.00461527938,1.527369E-05,0.00109525677,0.202671021,0.08291854,0.350731343,-0.008748718,-0.0217886884,-0.0198997036,-0.004181916,2.50041485E-05,0.0109437825,0.345322549,0.101856612,-0.126159668,-0.0492692739,-0.0273409411,-0.0221145954,-0.0117960339,0.00240060687,-0.0004702164,5.11046,0.146183342,0.4178486,0.04117199,-0.0204880182,-0.0221402012,-0.0126590114,0.00137497485,0.0299305953,5.241078,0.0954827741,-0.195861816,-0.007568114,-0.024800729,-0.0267757773,-0.0168625079,-0.00152847171,0.0009474447,1.15550649,0.1866305,-0.008575439,0.0214688256,-0.0195509978,-0.0151547911,-0.018513944,-0.00213046372,0.04326604,1.1701026,0.09739982,-0.10546875,0.009517882,-0.032862924,0.009483254,0.31932497,2.40408444,-2.70389557,3.63216758
977,19.53999307681406,4619,0,0,0,0,0,0.000226508448,0,0.00133215985,0.000226508448,0,0.00133215985,1,0,0,1,-4.530167E-06,0,-2.66431871E-05,0,0,0,-0.005588005,-0.00139509141,-0.008819606,0.157704338,0.335892767,-0.112762451,-0.0419544838,-0.05121087,0.0253374279,-0.003748469,2.66730785E-05,0.00251043076,0.197417855,0.06452904,0.331359982,-0.0150324441,-0.0164251439,-0.01702061,-0.0022632014,4.57465649E-05,0.00989127252,0.294826716,0.078540124,-0.1494751,-0.0458276644,-0.0208671764,-0.01291795,-0.010787379,0.00237552822,0.00247490453,5.10540962,0.123244278,0.394067973,0.04158374,-0.0182508118,-0.0220067184,-0.00683563948,0.00144255161,0.02709354,5.18296671,0.07097503,-0.212341309,0.000521402166,-0.01583143,-0.01568894,-0.0166448262,-0.0008084029,0.00554892374,1.16107988,0.159699157,-0.0247497559,0.008271184,-0.0241305232,-0.005205294,-0.01146533,-0.002196461,0.0393273756,1.16413057,0.105934978,-0.1454773,0.0131790768,-0.0120711327,-0.001688436,0.31932497,2.40408421,-2.70389557,3.63216758
978,19.559993069727891,4625,0,0,0,0,0,0.000216129862,0,0.00128205621,0.000216129862,0,0.00128205621,1,0,0,1,-4.32259549E-06,1.49011612E-08,-2.56411149E-05,0,0,0,-0.00475565949,-0.00142940879,-0.007669605,0.1144528,0.286431551,-0.08947754,-0.0363862626,-0.0432361364,0.0222542472,-0.00352443731,1.591444E-05,0.00269525684,0.188771933,0.04996019,0.313679874,-0.01534001,-0.0129037108,-0.0165027361,-0.0009045019,4.325807E-05,0.008861483,0.248744577,0.0607994981,-0.1637268,-0.041895438,-0.0159459226,-0.006206476,-0.0115651842,0.00229103863,0.00375736,5.098673,0.105355434,0.367524,0.0386725143,-0.0125656519,-0.0246265046,-0.002711181,0.00160492957,0.0239260159,5.13089752,0.0578657351,-0.219940186,0.009330849,-0.0108090937,-0.00766658643,-0.0182164218,-0.000675752759,0.008071051,1.15111339,0.151847854,-0.03591919,0.007382802,-0.013255476,-0.00013522782,-0.005655079,-0.00229989,0.0355252549,1.15518773,0.115020148,-0.176116943,0.0211681649,-0.009293685,0.00389175513,0.3193245,2.40408444,-2.70389748,3.632169
979,19.579993062641723,4630,0,0,0,0,0,0.000231865852,0,0.00121793943,0.000231865852,0,0.00121793943,1,0,0,1,-4.637315E-06,0,-2.43587783E-05,0,0,0,-0.004017097,-0.00144708157,-0.00662546838,0.07676865,0.244578242,-0.06939697,-0.03123758,-0.0365982465,0.0196420364,-0.00393365044,2.51978636E-05,0.00288518751,0.180037349,0.0386896729,0.293757856,-0.0155881653,-0.009976164,-0.01898756,0.00011744682,5.981326E-05,0.008057045,0.207653239,0.0472424366,-0.171020508,-0.0387462,-0.0122676874,-0.00111381582,-0.01258613,0.00222891569,0.004660541,5.090336,0.08852443,0.337828964,0.03626557,-0.009816051,-0.02596865,0.0006273021,0.0017157495,0.0209165085,5.08524227,0.0489130244,-0.2199707,0.01792569,-0.007954013,-0.000899979263,-0.01820602,-0.000949218869,0.009643225,1.14162815,0.142675012,-0.038269043,0.0105819479,-0.007460714,0.00617809,-0.00174433948,-0.00246439874,0.0316018537,1.14388,0.122719347,-0.201812744,0.0282257479,0.00396473426,0.000129651919,0.3193245,2.40408444,-2.70389748,3.632169
980,19.599993055555554,4633,0,0,0,0,0,0.0002502471,0,0.00118046708,0.0002502471,0,0.00118046708,1,0,0,1,-5.00494025E-06,0,-2.36093329E-05,0,0,0,-0.00338888983,-0.00146462023,-0.00570136867,0.04415223,0.209099978,-0.05206299,-0.02691148,-0.0310154371,0.0172497761,-0.00420199335,1.60038471E-05,0.002935072,0.170934945,0.0300781056,0.271820664,-0.0153042208,-0.007629839,-0.0206297953,0.0009553904,5.49554825E-05,0.00704173651,0.170902237,0.0370261632,-0.172668457,-0.0343973376,-0.009356379,0.00321265357,-0.0130538251,0.00217631459,0.00518358452,5.08023357,0.07626985,0.307744265,0.0347569361,-0.00758363027,-0.0262033921,0.00309680519,0.00176200271,0.018063426,5.04513359,0.0428862534,-0.214599609,0.0247475114,-0.005985351,0.00384137663,-0.01809787,-0.00125956535,0.0106481686,1.13201642,0.133094221,-0.03564453,0.0140790213,-0.0017937799,0.00730369659,0.00111332117,-0.00273969769,0.0281707551,1.12574136,0.128059387,-0.229217529,0.0297533534,0.00443520956,0.00304648676,0.319324017,2.40408444,-2.70389938,3.63217044
981,19.619993048469386,4635,0,0,0,0,0,0.000260424422,0,0.001134506,0.000260424422,0,0.001134506,1,0,0,1,-5.20848653E-06,1.49011612E-08,-2.269011E-05,0,0,0,-0.002830695,-0.001467675,-0.00489607872,0.0159024429,0.179073557,-0.0371398926,-0.02303068,-0.0262828153,0.0152061163,-0.00427412149,2.62856483E-05,0.002964065,0.161561236,0.0235918947,0.248938814,-0.0150545891,-0.005757878,-0.0212523285,0.00157170021,6.888807E-05,0.00631964952,0.138637081,0.0293325912,-0.170043945,-0.0313491262,-0.007155243,0.00635037571,-0.0130173462,0.00217916071,0.0054417355,5.069702,0.06641929,0.2781608,0.0347468,-0.00606785156,-0.02564294,0.004799209,0.00192439556,0.01527325,5.01105452,0.0385882445,-0.205444336,0.03188583,-0.005002278,0.00715429336,-0.0175079685,-0.00146186352,0.0112475883,1.123599,0.123073995,-0.0310974121,0.0156710669,-0.00170912768,0.007272603,0.00283395173,-0.00288130343,0.0246718358,1.1127317,0.129805282,-0.252655029,0.03621496,0.002894392,0.0119470507,0.319324017,2.40408421,-2.70389748,3.63216877
982,19.639993041383221,4637,0,0,0,0,0,0.000261791429,0,0.00112277817,0.000261791429,0,0.00112277817,1,0,0,1,-5.23582639E-06,0,-2.24555552E-05,0,0,0,-0.00235024071,-0.00147917867,-0.00421767542,-0.008361816,0.153484,-0.02432251,-0.0195709635,-0.02230806,0.0134253437,-0.00416055648,1.99079514E-05,0.00293058413,0.152073711,0.0186178442,0.226190582,-0.0146954367,-0.0044356063,-0.0208430868,0.00195609,6.48796558E-05,0.005430878,0.110477932,0.0234074984,-0.164276123,-0.02729263,-0.00561357336,0.00847415347,-0.0125652775,0.00219127536,0.00550647825,5.058828,0.0574728474,0.2499545,0.034967117,-0.005233207,-0.02454078,0.00571344839,0.002040431,0.01267986,4.98227167,0.0350789167,-0.194244385,0.0372032039,-0.00454551959,0.008883038,-0.0166044068,-0.00160929561,0.0115168625,1.11604655,0.112451158,-0.0256652832,0.01705973,-0.00183236646,0.006120779,0.003532082,-0.003042683,0.0213891976,1.10099757,0.127630875,-0.27355957,0.0411146,0.00115910429,0.01989771,0.319324017,2.40408444,-2.70389748,3.632169
983,19.659993034297052,4639,0,0,0,0,0,0.0002663432,0,0.0010994809,0.0002663432,0,0.0010994809,1,0,0,1,-5.32686227E-06,0,-2.198961E-05,0,0,0,-0.00193362369,-0.001480326,-0.00360648683,-0.029296875,0.131713033,-0.0133666992,-0.0166735426,-0.01894315,0.0118128834,-0.00397249265,2.31266022E-05,0.00292698154,0.14264527,0.0148730259,0.20432961,-0.014527075,-0.00334806088,-0.0200620387,0.00214559375,6.958842E-05,0.004597925,0.0866764262,0.0188386384,-0.156707764,-0.0234105755,-0.00441557355,0.009615507,-0.0118201841,0.00221458077,0.00544784451,5.047408,0.05233651,0.2234674,0.0357265249,-0.00382196577,-0.022802623,0.005927329,0.00214315951,0.0102167754,4.95863771,0.03180639,-0.1826477,0.04182019,-0.0042378963,0.009243835,-0.0152415978,-0.00173999369,0.0114717055,1.11235309,0.102581635,-0.0221557617,0.0191617962,-0.00163252058,0.00372261717,0.00339969364,-0.00321744382,0.0183943734,1.09126413,0.122415386,-0.290130615,0.0458803549,-0.000321529573,0.0279712211,0.319324017,2.40408421,-2.70389748,3.63216877
984,19.679993027210884,4642,0,0,0,0,0,0.0002681887,0,0.00107853778,0.0002681887,0,0.00107853778,1,0,0,1,-5.36377229E-06,-5.96046448E-06,-2.1570746E-05,0,0,0,-0.00157047354,-0.0014872849,-0.00307116657,-0.04724121,0.113328062,-0.00402832031,-0.0140775619,-0.01608483,0.0104874661,-0.00367530761,1.69873238E-05,0.00286072446,0.13326104,0.0122284759,0.1839339,-0.0140827559,-0.0023818044,-0.0187239721,0.00217956072,6.186962E-05,0.00395420566,0.06712138,0.0154010579,-0.148406982,-0.0204172544,-0.00340505,0.009888734,-0.0108491732,0.0022226572,0.00533853844,5.03563452,0.0484003052,0.199207515,0.0366830677,-0.00291636284,-0.0208336245,0.005693312,0.00215089321,0.008001106,4.93950129,0.0289798323,-0.171783447,0.0462610871,-0.003592041,0.00884334,-0.0138079552,-0.00177802145,0.0112847053,1.10856378,0.0933695361,-0.0220336914,0.0187760685,-0.001536217,0.001021191,0.00285338378,-0.0034840852,0.0154969227,1.07940841,0.116343349,-0.304260254,0.0477409139,-0.000870217336,0.0331727825,0.319324017,2.40408421,-2.70389748,3.63216877
985,19.699993020124715,4644,0,0,0,0,0,0.0002673999,0,0.00107325858,0.0002673999,0,0.00107325858,1,0,0,1,-5.347996E-06,-5.94556332E-06,-2.14651627E-05,0,0,0,-0.00125077611,-0.00149215758,-0.0026089407,-0.06283569,0.0976736,0.00398279866,-0.0117238043,-0.0137227671,0.00929382,-0.00331752887,1.95801258E-05,0.002741454,0.124065094,0.0103068221,0.165263683,-0.0134844566,-0.00174677884,-0.0170043353,0.00203278568,6.584823E-05,0.00325371744,0.0511557981,0.01272526,-0.140136719,-0.0170014352,-0.00271601626,0.00934169348,-0.009789206,0.00224640965,0.00502679963,5.02467966,0.04629928,0.177522674,0.0381812565,-0.00224706461,-0.01882023,0.00505405152,0.00227929652,0.00602845056,4.924253,0.0262618829,-0.16204834,0.0494341142,-0.003092556,0.007827475,-0.01234901,-0.00176462531,0.01089283,1.10667455,0.08528743,-0.0209655762,0.0191179272,-0.00146976137,0.0016108,0.00194885314,-0.003501922,0.0126901753,1.07568288,0.11072205,-0.3097229,0.0535734855,-0.0009401855,0.04026288,0.319324017,2.40408444,-2.70389748,3.632169
986,19.719993013038547,4646,0,0,0,0,0,0.000273419224,0,0.00105550524,0.000273419224,0,0.00105550524,1,0,0,1,-5.46838237E-06,0,-2.1110096E-05,0,0,0,-0.000989379,-0.00148753822,-0.00220429,-0.07608032,0.0842805356,0.0107443612,-0.009887286,-0.0116985245,0.008265808,-0.00298197428,3.13967466E-05,0.00268299133,0.115506828,0.008910863,0.148535565,-0.0132044759,-0.00129678915,-0.0153965577,0.00181714422,7.812679E-05,0.0026969777,0.0389279,0.0106383,-0.132659912,-0.0142407781,-0.00216593314,0.008414883,-0.008679891,0.00228439271,0.00460874569,5.014488,0.0440324247,0.1585543,0.03988407,-0.001897308,-0.016574068,0.004199944,0.00237701833,0.00416519027,4.91311455,0.0239815656,-0.15423584,0.05271716,-0.00221014745,0.006445633,-0.0108116092,-0.00171996653,0.0103245946,1.10626376,0.07817981,-0.0205993652,0.019239245,-0.0013895724,0.00122125144,0.00123034534,-0.0034583807,0.009819989,1.07701623,0.107563853,-0.306182861,0.0574251749,-0.00185397919,0.0461285859,0.319324017,2.40408421,-2.70389748,3.63216877
987,19.739993005952382,4646,0,0,0,0,0,0.0002757428,0,0.00106793875,0.0002757428,0,0.00106793875,1,0,0,1,-5.51485346E-06,1.49011612E-08,-2.13587664E-05,0,0,0,-0.0007621989,-0.00148105621,-0.00188883976,-0.08728027,0.07287434,0.0165055841,-0.008101204,-0.009976092,0.00741716474,-0.00262934947,3.9473176E-05,0.002512787,0.107464589,0.007898568,0.1335749,-0.0123978164,-0.0009596732,-0.0136519708,0.00156895549,8.5935E-05,0.0021527526,0.0301028918,0.009073026,-0.125854492,-0.0115412045,-0.00165696652,0.007319078,-0.00748040667,0.00228440762,0.00423765741,5.004353,0.04052533,0.142253876,0.04089102,-0.00177033385,-0.0142154265,0.00308914063,0.00246061385,0.002263083,4.90606976,0.0222054683,-0.149047852,0.05607365,-0.0006119545,0.00450580753,-0.009241012,-0.00167682767,0.009767629,1.10736823,0.07188416,-0.0219421387,0.019263532,-0.00112824549,0.000210064667,0.00188529538,-0.00328530371,0.005887821,1.08984256,0.11255534,-0.278594971,0.06230548,-0.0215519313,0.07020541,0.319324017,2.40408421,-2.70389748,3.63216877
988,19.759992998866213,4646,0,0,0,0,0,0.000278065738,0,0.00107272249,0.000278065738,0,0.00107272249,1,0,0,1,-5.56131272E-06,1.49011612E-08,-2.14544416E-05,0,0,0,-0.000558932254,-0.001493603,-0.00156009686,-0.09701538,0.06317305,0.021390358,-0.006639944,-0.008544377,0.006659064,-0.00227111927,3.26782465E-05,0.00239072554,0.10013476,0.00716484757,0.12063963,-0.011824334,-0.000682382437,-0.01189894,0.00133274111,7.861853E-05,0.00144676468,0.02508027,0.007967263,-0.120239258,-0.008039664,-0.001214345,0.00635041,-0.00631520245,0.00230947137,0.003908544,4.9949,0.0375888,0.128691658,0.0422553,-0.00141762965,-0.01195486,0.0029291634,0.00249885023,0.00025696354,4.903738,0.0229698773,-0.143310547,0.0584593974,0.000417786767,0.00506286928,-0.00771765877,-0.0015634,0.009246592,1.10946977,0.06663284,-0.02468872,0.0187635235,-0.0007131448,-0.000178908973,0.00169459311,-0.00284717977,0.0037546244,1.08666086,0.117898822,-0.268157959,0.0585463233,-0.0106083434,0.04910149,0.319324017,2.40408444,-2.70389748,3.632169
989,19.779992991780045,4648,0,0,0,0,0,0.000276703242,0,0.00109467085,0.000276703242,0,0.00109467085,1,0,0,1,-5.53406244E-06,0,-2.18934074E-05,0,0,0,-0.000369629532,-0.00147855282,-0.0013342743,-0.105163574,0.0550032966,0.0255775638,-0.005417211,-0.007130412,0.006003747,-0.00191347138,4.5478344E-05,0.002264053,0.0931580439,0.006869994,0.109625004,-0.0111538973,-0.000268123171,-0.0102118151,0.00125225587,8.961558E-05,0.000936164055,0.0229638238,0.007644219,-0.115112305,-0.005657266,-0.000518996443,0.00601200061,-0.00519581325,0.00230903924,0.00361959939,4.9854064,0.0353903063,0.117563792,0.0434618145,-0.000903031731,-0.009833345,0.00287698978,0.00249359012,-0.00102697429,4.903988,0.0244581718,-0.137054443,0.0591955781,0.00111337332,0.00532248,-0.00630032271,-0.001447618,0.008821409,1.1120826,0.06263813,-0.02859497,0.017759677,-0.000179174065,-0.000264097471,0.001013379,-0.0027756542,0.00279088179,1.078237,0.1243461,-0.262146,0.0538469,0.00267821085,0.03594962,0.319324017,2.40408444,-2.70390129,3.63217187
990,19.799992984693876,4652,0,0,0,0,0,0.000279012253,0,0.001079452,0.000279012253,0,0.001079452,1,0,0,1,-5.580243E-06,1.49011612E-08,-2.158903E-05,0,0,0,-0.000218347661,-0.00148428977,-0.00109253544,-0.112213135,0.0483073927,0.0290702954,-0.004466698,-0.00585705834,0.005491156,-0.001569919,4.59849834E-05,0.00226381654,0.08677599,0.007026136,0.100464188,-0.0110616153,0.0001487981,-0.008670358,0.00119782158,8.933246E-05,0.000683772843,0.02263931,0.008049138,-0.110198975,-0.00457695127,0.000132947753,0.005677051,-0.00412808964,0.002306521,0.00342744635,4.97662449,0.03401041,0.108823694,0.04515158,-0.000303265231,-0.007801464,0.00275766337,0.002497241,-0.00166535727,4.90515566,0.02670515,-0.130859375,0.059084788,0.00174542808,0.00525434176,-0.004948437,-0.00131981075,0.008444844,1.11487913,0.060124997,-0.0339355469,0.0164317023,0.000451367378,-0.000130793123,0.000816922635,-0.00282053649,0.00229903986,1.07103169,0.131503955,-0.257019043,0.0523865148,0.004701335,0.0361499824,0.319324017,2.40408468,-2.70390129,3.63217187
991,19.819992977607708,4657,0,0,0,0,0,0.000299697538,0,0.0010872751,0.000299697538,0,0.0010872751,1,0,0,1,-5.99394843E-06,0,-2.17454945E-05,0,0,0,-7.309923E-05,-0.00147612393,-0.000931148359,-0.118133545,0.042891603,0.03205807,-0.003394759,-0.00475774566,0.005089474,-0.00133363949,5.570054E-05,0.00222844887,0.08061562,0.00775506953,0.0912087,-0.0107470639,0.0007361508,-0.0076526,0.0011626574,9.846687E-05,0.000602796848,0.023097273,0.009015436,-0.1053772,-0.004382495,0.000653120631,0.00536349369,-0.0007266903,0.002306059,0.00333428755,4.96654654,0.038127,0.109984733,0.04567863,0.00353787234,0.00107995537,0.0027195306,0.00250741839,-0.0018724564,4.906494,0.0294563919,-0.124694824,0.05877122,0.002188148,0.00529496372,0.00126350112,-0.001239866,0.007918708,1.12752509,0.06655715,-0.0755310059,0.0145843653,0.00395003241,-0.009898153,0.0007434853,-0.00285667181,0.002047145,1.065452,0.1390679,-0.252746582,0.0518980436,0.004996386,0.0374191664,0.319324017,2.40408468,-2.70389748,3.632169
