step,fixed_time,frame,input_x,input_y,desired_vx,desired_vy,desired_vz,target_ax,target_ay,target_az,applied_ax,applied_ay,applied_az,grounded,stepped,step_rise,full_rig_acceleration,Player_vx,Player_vy,Player_vz,Player_avx,Player_avy,Player_avz,ChestPhysics_vx,ChestPhysics_vy,ChestPhysics_vz,ChestPhysics_angle_x,ChestPhysics_angle_y,ChestPhysics_angle_z,ChestPhysics_rel_avx,ChestPhysics_rel_avy,ChestPhysics_rel_avz,ThighPhysics_L_vx,ThighPhysics_L_vy,ThighPhysics_L_vz,ThighPhysics_L_angle_x,ThighPhysics_L_angle_y,ThighPhysics_L_angle_z,ThighPhysics_L_rel_avx,ThighPhysics_L_rel_avy,ThighPhysics_L_rel_avz,ThighPhysics_R_vx,ThighPhysics_R_vy,ThighPhysics_R_vz,ThighPhysics_R_angle_x,ThighPhysics_R_angle_y,ThighPhysics_R_angle_z,ThighPhysics_R_rel_avx,ThighPhysics_R_rel_avy,ThighPhysics_R_rel_avz,ShinPhysics_L_vx,ShinPhysics_L_vy,ShinPhysics_L_vz,ShinPhysics_L_angle_x,ShinPhysics_L_angle_y,ShinPhysics_L_angle_z,ShinPhysics_L_rel_avx,ShinPhysics_L_rel_avy,ShinPhysics_L_rel_avz,ShinPhysics_R_vx,ShinPhysics_R_vy,ShinPhysics_R_vz,ShinPhysics_R_angle_x,ShinPhysics_R_angle_y,ShinPhysics_R_angle_z,ShinPhysics_R_rel_avx,ShinPhysics_R_rel_avy,ShinPhysics_R_rel_avz,FootPhysics_L_vx,FootPhysics_L_vy,FootPhysics_L_vz,FootPhysics_L_angle_x,FootPhysics_L_angle_y,FootPhysics_L_angle_z,FootPhysics_L_rel_avx,FootPhysics_L_rel_avy,FootPhysics_L_rel_avz,FootPhysics_R_vx,FootPhysics_R_vy,FootPhysics_R_vz,FootPhysics_R_angle_x,FootPhysics_R_angle_y,FootPhysics_R_angle_z,FootPhysics_R_rel_avx,FootPhysics_R_rel_avy,FootPhysics_R_rel_avz,camera_offset_x,camera_offset_y,camera_offset_z,camera_distance
0,0,1,0,0,0,0,0,0,0,0,0,0,0,0,0,0,1,0,0,0,0,0,0,0,0,0,0,0,0,0,0,0,0,0,0,0,0,0,0,0,0,0,0,0,0,0,0,0,0,0,0,0,0,0,0,0,0,0,0,0,0,0,0,0,0,0,0,0,0,0,0,0,0,0,0,0,0,0,0,0,0,0,0,0,0,0,0.5500003,2.13215256,-2.82050323,3.57824159
1,0.0199999929138322,2,0,0,0,0,0,-0.0403742231,0,0.0182626322,0,0,0,0,0,0,1,0.000807484146,-0.17405583,-0.0003652525,0,0,0,0.009857623,-0.1301699,-0.0007003928,0.024248179,-0.00183105469,0.05631886,0.0187213887,-0.002343124,0.0288325232,0.000854112,-0.17396529,-0.0252742171,-0.134613037,-0.006866455,0.00265029375,-0.127504051,-0.005644791,0.00179940776,0.000884377747,-0.17405583,-0.0260984879,-0.132141113,-0.00598144531,0.00275490549,-0.125954971,-0.004887905,0.00188739772,-6.423013E-05,-0.177589625,0.003823428,0.6381655,-0.00561523438,0.0022319206,0.5639726,-0.00528056035,0.002165905,-5.73790931E-05,-0.177677289,0.00381592615,0.6401472,-0.00491333,0.00228514173,0.5659156,-0.00464290846,0.00221556076,-8.97659047E-05,-0.214666039,0.08460981,0.495589942,-0.00341796875,0.0013098066,0.463403046,-0.0039628474,0.00157798454,-0.000108300992,-0.214778081,0.08477558,0.4957767,-0.00305175781,0.00129645923,0.463962018,-0.00356294122,0.0015696889,-0.550032139,2.13567233,2.738815,3.51635313
2,0.0399999858276644,3,0,0,0,0,0,-0.0129940361,0,0.09765431,0,0,0,0,0,0,1,0.000259880617,-0.351888359,-0.00195308554,0,0,0,0.000643655658,-0.3370413,-0.00436450867,0.03097205,-0.00180053711,0.0141898766,0.00440500351,0.00164289214,0.009993357,-3.84952873E-05,-0.351839185,-0.0272479169,-0.28729248,-0.00183105469,7.586719E-05,-0.123708025,0.005619535,-0.000911578943,3.259722E-05,-0.351831317,-0.02622247,-0.289794922,0.0003491547,0.00014203212,-0.1237401,0.00646245945,-0.0008780127,0.000262778049,-0.350132644,0.0313427821,1.203685,-0.00424194336,0.00230386434,0.6345971,0.00267455261,-0.000584099151,0.000313816185,-0.3501744,0.0311758444,1.20284283,-0.001953125,0.00245925458,0.63159126,0.00395247433,-0.0005356819,8.617058E-05,-0.3878334,0.131433323,1.06553721,-0.006439209,0.00260989787,0.5168135,-0.0005656723,0.0009322051,-1.54817826E-07,-0.387876838,0.131162733,1.06541789,-0.004211426,0.00266342773,0.516375363,0.0009890392,0.00102903857,-0.5500243,2.139183,2.73884559,3.51850915
3,0.059999978741496596,3,0,0,0,0,0,0.0169625543,0,0.182640389,0,0,0,0,0,0,1,-0.000339250953,-0.5361645,-0.00365280639,0,0,0,0.00377809349,-0.5294393,-0.00507626031,0.03521468,0.000107344938,-0.0168151855,0.00173465942,0.003420935,0.0256685838,-0.000405946019,-0.5361302,-0.0194919072,-0.392333984,0.00473342137,-0.00100708008,-0.0760856643,0.00585710257,-0.002318965,-0.000380634068,-0.536084354,-0.0189550836,-0.3953247,0.007948549,-0.00109863281,-0.07923596,0.00637838244,-0.00210067257,0.0003223856,-0.532021344,0.0554986037,1.79063976,0.00323804421,0.00028784055,0.6440744,0.006062288,-0.00144127745,0.000376976328,-0.5319637,0.05561597,1.789276,0.006840828,0.000332949072,0.6432614,0.007149611,-0.0015655919,0.000236086227,-0.566791952,0.1579627,1.64961708,0.00147948647,0.00124430738,0.5122031,0.006653044,-0.00173570239,0.000189131213,-0.566651165,0.157802671,1.64882028,0.00547772972,0.00132191263,0.511230946,0.00807812,-0.0017442184,-0.550018,2.14989638,2.73891616,3.52508664
4,0.0799999716553288,3,0,0,0,0,0,0.029554192,0,0.24958989,0,0,0,0,0,0,1,-0.0005910836,-0.725440443,-0.004991796,0,0,0,0.00497175846,-0.72083205,-0.005725378,0.03430348,0.0009963145,-0.0380859375,-0.0003774499,0.0028199628,0.0411472768,-0.000430991524,-0.725434363,-0.0120962877,-0.4474182,0.00745095173,-0.00134277344,-0.03402183,0.0021786557,-0.00216122461,-0.000425931968,-0.725389063,-0.0121793244,-0.4491577,0.0112864878,-0.00155639648,-0.0372334532,0.00236440566,-0.00192198285,0.000192340973,-0.720387638,0.07300049,2.38990021,0.00741529372,-0.00146484375,0.6283124,0.00310757267,-0.00129521789,0.000223507581,-0.720317,0.07305391,2.38950872,0.0116394041,-0.00152587891,0.629045069,0.00366459321,-0.00141826284,0.0002632736,-0.7537602,0.176243,2.221724,0.00737734372,-0.00048828125,0.5079743,0.00443058275,-0.00177126948,0.0002739391,-0.7536702,0.176401481,2.2208426,0.0120851677,-0.000396728516,0.508087456,0.005020109,-0.00186935,-0.5500058,2.16439652,2.739014,3.53402257
5,0.099999964569160993,3,0,0,0,0,0,0.0321091227,0,0.299429417,0,0,0,0,0,0,1,-0.0006421822,-0.918468058,-0.005988586,0,0,0,0.00479361368,-0.912958,-0.00606807461,0.0298329834,0.00134553679,-0.0489501953,-0.00160890387,0.00221764226,0.0514690056,-0.0004747805,-0.918498337,-0.00661288947,-0.4625244,0.00741046853,-0.0016784668,-0.00269053574,-0.000199015718,-0.0013083641,-0.000476937857,-0.9184613,-0.006770942,-0.463409424,0.0114692859,-0.00192260742,-0.004260409,-0.0002719299,-0.0011142249,-1.32637942E-05,-0.9127984,0.0849431753,2.989545,0.007856988,-0.00280761719,0.6039701,0.000185785582,-0.001096985,5.55961742E-06,-0.9127485,0.0849226,2.98995423,0.0121859526,-0.0029296875,0.6045675,0.0003180618,-0.00120175059,0.000250896177,-0.9449844,0.1880354,2.77969718,0.008229222,-0.00204467773,0.5037472,0.0005607775,-0.0014675092,0.0002935836,-0.9449575,0.188174531,2.77921748,0.0129072564,-0.001953125,0.504287958,0.000576486345,-0.001593587,-0.549992442,2.182759,2.73913217,3.54538774
6,0.11999995748299319,3,0,0,0,0,0,0.0298217721,0,0.334238559,0,0,0,0,0,0,1,-0.0005964352,-1.11385047,-0.00668476848,0,0,0,0.004545401,-1.10612416,-0.00623885775,0.0229709446,0.00174511131,-0.05090332,-0.00227661827,0.00190678309,0.05533746,-0.000483705022,-1.11391187,-0.00260424381,-0.447784424,0.006188553,-0.00198364258,0.020305926,-0.00123184361,-0.000572420366,-0.000488994468,-1.1138829,-0.00269710645,-0.448150635,0.0101648076,-0.00225830078,0.0200504176,-0.00148554938,-0.000432528526,-0.000202880459,-1.10770059,0.09225646,3.58001471,0.00652163755,-0.00366210938,0.5736157,-0.001171168,-0.0007711002,-0.000188945924,-1.10767078,0.09223886,3.58067751,0.0106591629,-0.00384521484,0.5738394,-0.0013027126,-0.000865000242,0.000108754452,-1.13852346,0.193884239,3.32205319,0.00653001759,-0.00335693359,0.496306032,-0.00138001773,-0.0011173893,0.000163819379,-1.13849461,0.193905354,3.32170224,0.0108804535,-0.00335693359,0.4965149,-0.00162363192,-0.00125164771,-0.5499799,2.20503139,2.73926473,3.5592432
7,0.13999995039682539,3,0,0,0,0,0,0.024392955,0,0.3559492,0,0,0,0,0,0,1,-0.000487858924,-1.31025314,-0.007118981,0,0,0,0.0043017,-1.30032957,-0.00631031767,0.0150318528,0.00226098578,-0.0455627441,-0.00243975013,0.00157752691,0.0537955128,-0.000422800833,-1.310334,0.0002940183,-0.411590576,0.00451274961,-0.00213623047,0.03667552,-0.00163071277,-6.52871749E-05,-0.000429950858,-1.3103112,0.000228062971,-0.411529541,0.008190104,-0.00244140625,0.03709822,-0.00200307416,2.672174E-05,-0.000345766719,-1.30375969,0.0957154855,4.152915,0.00465268735,-0.00393676758,0.5381888,-0.00159260747,-0.000306346832,-0.000335611927,-1.30373287,0.0957161039,4.15351343,0.008415306,-0.004211426,0.5382552,-0.00189376133,-0.000389678666,-0.000133333335,-1.33300638,0.194518328,3.846005,0.00434244471,-0.004272461,0.484629542,-0.00180770666,-0.000541835558,-7.675924E-05,-1.33296025,0.19448252,3.84535933,0.008226825,-0.00430297852,0.484462351,-0.00218510139,-0.0006671903,-0.5499696,2.23123384,2.73940659,3.57564259
8,0.15999994331065759,3,0,0,0,0,0,0.0172416624,0,0.364122838,0,0,0,0,0,0,1,-0.000344833126,-1.506603,-0.00728245359,0,0,0,0.00400656229,-1.49531853,-0.00631186645,0.0071651144,0.00277604628,-0.0350036621,-0.00216004252,0.00116058835,0.04865692,-0.000322958076,-1.50670445,0.00434790552,-0.350097656,0.00277007115,-0.00207519531,0.0575968251,-0.00168857665,0.000328884023,-0.000333717238,-1.50668693,0.0042999764,-0.3496399,0.00593804,-0.002380371,0.0584091842,-0.00218862924,0.0003712729,-0.000440091739,-1.50051379,0.09569732,4.65213442,0.00280510867,-0.00366210938,0.453824818,-0.00158862828,0.000177137917,-0.00043594942,-1.50049734,0.09570718,4.652264,0.0060198,-0.00399780273,0.453607678,-0.002051217,0.000107260727,-0.000377146469,-1.52597189,0.18399854,4.310472,0.00242666272,-0.00451660156,0.434288561,-0.00164802489,0.000126302024,-0.000324270921,-1.52591288,0.183915988,4.309051,0.005726072,-0.004638672,0.433772922,-0.002144262,1.828718E-05,-0.5499621,2.261365,2.73955226,3.59463167
9,0.17999993622448979,3,0,0,0,0,0,0.009802418,0,0.3478877,0,0,0,0,0,0,1,-0.000196048277,-1.70215774,-0.00695775123,0,0,0,0.003648706,-1.6905365,-0.006111997,0.0005874937,0.003115413,-0.0216064453,-0.00120380637,0.0006589199,0.0416785665,-0.000198921931,-1.702305,0.0151745491,-0.229187012,0.00112423545,-0.00177001953,0.109964266,-0.00162377662,0.0006733563,-0.000224402145,-1.702293,0.015100332,-0.228546143,0.00335253822,-0.002105713,0.110885128,-0.00243496266,0.000646951667,-0.00048526164,-1.69930458,0.09010773,4.886671,0.00117295375,-0.00289917,0.199435323,-0.00144250807,0.000619867234,-0.000493688043,-1.69929075,0.09011138,4.886865,0.0034573935,-0.00329589844,0.199482128,-0.002248541,0.000553457765,-0.000558853848,-1.71339691,0.1416319,4.571781,0.00090388197,-0.004058838,0.2481948,-0.00137881376,0.0007317167,-0.0005064062,-1.71336055,0.141600266,4.569803,0.00332062,-0.004272461,0.247970626,-0.002159387,0.0006423965,-0.5499577,2.29540849,2.73969269,3.61625075
10,0.19999992913832199,3,0,0,0,0,0,0.00310242153,0,0.298249,0,0,0,0,0,0,1,-6.20484061E-05,-1.89652336,-0.00596497767,0,0,0,0.003227775,-1.88544726,-0.00546242949,-0.00329589844,0.00307363016,-0.007537842,0.0006125439,8.286594E-05,0.0341174,-8.641304E-05,-1.89662623,0.0175600313,-0.08761597,-0.000457763672,-0.00128173828,0.116800956,-0.0015769141,0.0009378521,-0.000121592246,-1.89661741,0.0174636319,-0.0868835449,0.0005385049,-0.00161743164,0.117833205,-0.00248155231,0.000877618266,-0.0004769863,-1.894237,0.07424497,5.057949,-0.000305175781,-0.00183105469,0.148172349,-0.00133664766,0.000880241161,-0.0005111377,-1.89422393,0.07425382,5.05819941,0.000576254155,-0.00225830078,0.1482723,-0.00249285228,0.00084687,-0.000643657346,-1.90360022,0.104997143,4.74394655,-0.000335693359,-0.00305175781,0.1651788,-0.00118322216,0.00115187152,-0.000583932269,-1.90356731,0.104998581,4.741503,0.0005465167,-0.00335693359,0.165084079,-0.00247729849,0.00105489453,-0.549955964,2.33334,2.7398138,3.64053655
11,0.21999992205215418,3,0,0,0,0,0,-0.00238634623,0,0.2405475,0,0,0,0,0,0,1,4.77269059E-05,-2.08948088,-0.004810948,0,0,0,0.00273394864,-2.07949471,-0.004635971,-0.0046081543,0.00272545172,0.005544422,0.00221363152,-0.000311797252,0.0268389564,-2.16937988E-05,-2.08951879,0.0149755171,0.0372492634,-0.00170898438,-0.000762939453,0.09812989,-0.00131872215,0.00115049456,-4.70840969E-05,-2.08951116,0.0148974024,0.03790628,-0.00189208984,-0.00100708008,0.0992091149,-0.00208923453,0.00102953229,-0.000428809,-2.08764243,0.0565712079,5.180803,-0.00152587891,-0.0007324219,0.107136443,-0.00109064661,0.000911877549,-0.000473121676,-2.08763337,0.0565829948,5.181279,-0.00192260742,-0.00112915039,0.107181638,-0.00218231953,0.000941738253,-0.0006165899,-2.09395337,0.0763990059,4.85061836,-0.00134277344,-0.00177001953,0.113025486,-0.0009753433,0.00123348052,-0.000581563043,-2.09394169,0.0764297545,4.84785271,-0.001953125,-0.00213623047,0.11309626,-0.00221757358,0.00118901208,-0.54995656,2.37513113,2.739912,3.66753578
12,0.23999991496598638,3,0,0,0,0,0,-0.00642111059,0,0.186028287,0,0,0,0,0,0,1,0.000128422165,-2.28101254,-0.0037205643,0,0,0,0.00219531939,-2.27238417,-0.00381993013,-0.003967285,0.002208019,0.0165017657,0.00333489617,-0.000508105848,0.0202340819,3.260702E-05,-2.28101039,0.0111923665,0.134835884,-0.00256347656,-0.000152587891,0.073872745,-0.0009507329,0.001183678,1.47735664E-05,-2.28100252,0.0111519564,0.1354089,-0.003692627,-0.000335693359,0.07493403,-0.00152149319,0.00104075437,-0.000350790622,-2.279575,0.040357016,5.2652173,-0.00234985352,0.00028362716,0.07388084,-0.0007637713,0.0008611037,-0.000393574563,-2.279567,0.0403827727,5.265539,-0.00372314453,-6.10351563E-05,0.07387295,-0.00160099333,0.000918253034,-0.000528359262,-2.28357553,0.0524479151,4.9070034,-0.00207519531,-0.0004272461,0.07404165,-0.0007300837,0.0011355594,-0.0005273109,-2.283547,0.05244744,4.9037137,-0.00372314453,-0.0008544922,0.07392375,-0.00160795765,0.00115967123,-0.5499588,2.420753,2.73998833,3.69730115
13,0.25999990787981858,3,0,0,0,0,0,-0.009060013,0,0.138233989,0,0,0,0,0,0,1,0.000181200186,-2.47118282,-0.00276467856,0,0,0,0.00164744072,-2.46395373,-0.003068247,-0.00192260742,0.00162014412,0.0247540325,0.00400527427,-0.000571458,0.0144972857,8.0067286E-05,-2.47116685,0.007509536,0.204995334,-0.00302124023,0.0004608201,0.0508162975,-0.0005902585,0.00108588254,6.657902E-05,-2.4711585,0.00747855846,0.205423057,-0.00482177734,0.000323590357,0.0516701043,-0.0009649649,0.000947319961,-0.000251119,-2.47010279,0.0263476875,5.317937,-0.00280761719,0.00116536068,0.04649987,-0.000430675951,0.0007479995,-0.0002912741,-2.47009635,0.0263701379,5.318483,-0.00482177734,0.0009076964,0.04648911,-0.00101251306,0.000818475557,-0.000409613567,-2.47224236,0.0323382542,4.922101,-0.00250244141,0.000803123636,0.04283393,-0.000434360147,0.0009597663,-0.000433879322,-2.47223,0.0323691,4.918481,-0.00479125977,0.000412246241,0.0429274067,-0.0009856559,0.00103325408,-0.549962163,2.47017837,2.74004531,3.729891
14,0.27999990079365078,3,0,0,0,0,0,-0.0105148042,0,0.09802528,-0.0105148042,0,0.09802528,1,0,0,1,0.000210296,-2.66009355,-0.0019605048,0,0,0,0.00112455955,-2.65416765,-0.00239916472,0.00100272254,0.00102395262,0.0301699,0.00429786649,-0.0005577813,0.009679595,0.000118560216,-2.660081,0.004289557,0.250721782,-0.00317382813,0.00100158365,0.0308272,-0.000291633682,0.000917472,0.000107942855,-2.660071,0.00427532662,0.25103572,-0.005432129,0.000919156941,0.03152106,-0.000498433248,0.00079378573,-0.000143790341,-2.65930748,0.0146631831,5.345212,-0.0029296875,0.00186019088,0.024204487,-0.000152544235,0.0005935339,-0.000181407668,-2.65929866,0.0146918939,5.345723,-0.00537109375,0.0016939576,0.02419957,-0.0005261391,0.00067133276,-0.000275146624,-2.65995622,0.0158269517,4.90340853,-0.0026550293,0.00184847729,0.0182215534,-0.000164354933,0.000739178562,-0.0003138121,-2.65993786,0.0158421788,4.89931154,-0.00524902344,0.00151875592,0.0182229988,-0.000489711063,0.000838127569,-0.5499662,2.52338171,2.74008584,3.765367
15,0.299999893707483,3,0,0,0,0,0,-0.0005437729,0,-0.0325759724,-0.0005437729,0,-0.0325759724,1,0,0,1,1.08754539E-05,-2.84785366,0.000651519164,0,0,0,0.000444949721,-2.84305954,0.000129008637,0.00447087456,0.00046335737,0.03294083,0.004345129,-0.000497392961,0.005774182,-6.156153E-05,-2.84785247,0.00357582653,0.2758349,-0.003112793,0.00143561943,0.0143156145,-6.16009056E-05,0.00071080873,-7.092792E-05,-2.84784079,0.00357634039,0.276094466,-0.00561523438,0.00140412,0.0148668969,-0.000133505848,0.0006101551,-0.000246284471,-2.84730482,0.00716287736,5.352351,-0.00286865234,0.00234259269,0.006446025,5.203698E-05,0.000414628,-0.00028029416,-2.84729362,0.00718648173,5.35271645,-0.005493164,0.002264152,0.006417805,-0.000153885951,0.000489821541,-0.000343000342,-2.84679914,0.00455659162,4.85737944,-0.00256347656,0.002649437,-0.0006779642,3.436343E-05,0.000494896551,-0.000387468928,-2.84677744,0.0045427084,4.85270643,-0.005340576,0.00240030955,-0.000734589,-0.000125627412,0.000598678947,-0.5499663,2.58034015,2.740074,3.80376434
16,0.31999988662131518,3,0,0,0,0,0,0.00012732223,0,-0.0256060716,0.00012732223,0,-0.0256060716,1,0,0,1,-2.54644351E-06,-3.0345664,0.000512121245,0,0,0,3.53342621E-05,-3.03071618,-3.867506E-05,0.008107983,-3.05175781E-05,0.0334341042,0.004143279,-0.0004120748,0.00269687246,-5.223955E-05,-3.034578,0.000822518254,0.284406871,-0.00286865234,0.00174122711,0.00134428125,0.000102835926,0.000502561743,-6.007652E-05,-3.03456473,0.00081976573,0.284582824,-0.005493164,0.00175925042,0.00169843622,0.000133462177,0.000421596167,-0.000161076518,-3.034182,-0.0008385726,5.343738,-0.00262451172,0.00261226762,-0.007193024,0.000186199264,0.000235867745,-0.000189851955,-3.03417015,-0.000828761142,5.3442,-0.00531005859,0.00261776242,-0.007219754,0.00011214774,0.0003039558,-0.000219477879,-3.03281069,-0.00634137262,4.78970432,-0.00234985352,0.003179512,-0.0146069806,0.000159404008,0.000249566627,-0.0002642164,-3.03278947,-0.00634407625,4.784607,-0.005126953,0.003022696,-0.014525638,0.00012360132,0.000350192975,-0.549966156,2.6410327,2.74006462,3.845188
17,0.33999987953514738,3,0,0,0,0,0,-0.001710472,0,-0.00336257927,-0.001710472,0,-0.00336257927,1,0,0,1,3.42094281E-05,0,6.725156E-05,0,0,0,-0.002029217,0.7624061,0.0136528732,-0.155151367,0.003021798,0.101955846,-0.122451484,0.00298348488,0.09866212,0.009970409,1.054543,0.0236327238,0.412896127,-0.00326538086,-0.07824707,0.11630065,-0.00107640389,-0.0482201837,-5.5442335E-05,1.05370069,0.0267735384,0.431425929,-0.008270264,0.00582884764,0.1323793,-0.00406215852,0.00127273414,0.017195031,1.0178647,0.07276554,5.44183254,0.08442851,0.00747498358,0.117049329,0.0468680337,-0.009472085,0.006008806,1.02161193,0.08310262,5.473524,-0.0758056641,-0.0208435059,0.134667158,-0.0360684246,-0.0185898114,-0.0441712774,0.246823311,0.008690247,1.2918725,0.185004413,0.460352927,-0.7287755,-0.129987478,-3.410977,0.00447365828,0.007908821,0.010099154,1.23577428,-0.144775391,0.07977879,-0.0470194258,-0.00332241948,0.0177757777,-0.5499663,2.619565,2.74006343,3.83047414
18,0.35999987244897957,4,0,0,0,0,0,-0.006425482,0,-0.00374530652,-0.006425482,0,-0.00374530652,1,0,0,1,0.0001285096,-1.49011612E-08,7.49061E-05,0,0,0,0.023721071,0.480906039,0.0128542278,-0.166412354,0.00576747768,0.152509645,0.011488582,-0.00299106515,0.0326439254,-0.003989646,0.23174,0.00695580058,0.4488794,-0.00317382813,-0.0479125977,0.0271593351,-0.00620724,0.0276788,0.00236496865,0.233000219,0.006419778,0.479414076,-0.015625,-0.00225830078,0.0351684019,-0.0114796264,-0.004590556,-0.003115926,0.28838414,0.0401748121,5.58867073,0.0308220834,-0.0121459961,0.08500198,-0.0206001326,-0.00467556855,0.005828977,0.28390497,0.0372605063,5.59834766,-0.037902832,-0.0308837891,0.07668655,0.0118091218,-0.009277584,0.0254315138,0.268418074,0.0387441069,1.69785941,0.09969233,0.104038313,1.83334351,-0.0698178262,0.751571,0.00297845667,0.233802855,0.0455160066,1.64038014,-0.08843994,-0.00894165,2.288538,0.09162,0.337523848,-0.5500165,2.13072157,2.73880959,3.513342
19,0.37999986536281177,6,0,0,0,0,0,0.0022018766,0,-0.00282439357,0.0022018766,0,-0.00282439357,1,0,0,1,-4.40375152E-05,0,5.648785E-05,0,0,0,-0.009627724,0.08945656,0.002718309,-0.176086426,-0.004272461,0.16736576,0.0021737183,-0.00996031053,0.012879421,-0.00187069713,0.04547453,0.009583313,0.51068604,-0.01449585,-0.0341186523,0.04180692,-0.00794366,0.0119836824,0.002345034,0.04554472,0.007016113,0.534127235,-0.0269165039,-0.016998291,0.0378296636,-0.00746148638,-0.009433438,-0.000670777634,0.04878644,0.019308554,5.60992336,-6.10351563E-05,-0.0165710449,0.0176841281,-0.0182599984,-0.00455493247,0.002395186,0.04872541,0.0178284813,5.62384033,-0.0404052734,-0.0301818848,0.020301681,-0.005099955,0.0002590931,0.0100744767,0.0321428,0.0002790615,1.46348357,0.056809593,-0.0007019043,0.245036185,-0.0737782344,-0.0194027983,-0.00127144088,0.0316857845,0.000930991,1.436428,-0.08981323,-0.06225586,0.227649152,0.0379810631,0.0277565923,-0.5500161,2.132068,2.73880982,3.51415849
20,0.39999985827664397,10,0,0,0,0,0,0.000408604654,0,-0.00284869131,0.000408604654,0,-0.00284869131,1,0,0,1,-8.17209E-06,1.49011612E-08,5.6973804E-05,0,0,0,-0.002787854,0.00373648852,0.00224837777,-0.1836853,-0.006072998,0.1781499,-0.0044418294,-0.00189302256,0.00868042,-0.00205654278,0.00774262846,0.00288192462,0.5514491,-0.0103759766,-0.026184082,0.0133096511,0.00295401737,0.0101947142,-0.000220155576,0.00769034028,0.0029661865,0.563322246,-0.02368164,-0.0221252441,0.0130339367,0.002704048,0.0006106376,-0.00207617413,0.005391285,-0.00147843361,5.580982,0.006520419,-0.0177307129,-0.0202590413,0.00246771984,-0.0005494782,0.0002259661,0.005077347,-0.002685573,5.58937931,-0.04232788,-0.0317993164,-0.0245393552,0.00113441516,-0.00140287669,-0.00096148625,-0.001127407,-0.0171279553,1.32184744,0.0500390977,-0.03265381,-0.0215295777,0.00168861449,-0.0177115556,-0.000138651812,-0.00142104924,-0.0168320369,1.3092314,-0.09118652,-0.06704712,-0.0238024946,-0.00249527022,-0.0155634386,-0.5500161,2.13214946,2.73881,3.51420832
21,0.41999985119047617,16,0,0,0,0,0,-0.0006749979,0,-0.00240722974,-0.0006749979,0,-0.00240722974,1,0,0,1,1.34999536E-05,1.49011612E-08,4.8144575E-05,0,0,0,-0.000761348056,0.00204572082,0.00166215852,-0.190490723,-0.00537109375,0.171897724,-0.00344113074,0.0007930624,-0.004604116,-0.00192836823,0.00144304335,-0.00252364762,0.5534698,-0.00439453125,-0.0161437988,-0.0131134428,0.003936484,0.009749596,-0.0005068935,0.00144134462,-0.00298136,0.560428262,-0.01953125,-0.0207519531,-0.0168144368,0.00281729549,0.00231296779,-0.00598940253,0.000909552,-0.0150154531,5.53387976,0.0138407517,-0.00250244141,-0.04145489,0.003519032,0.0105699273,-0.00207647681,0.000874757767,-0.0159257557,5.53953743,-0.0385131836,-0.025177002,-0.04243963,0.00175722607,0.004166625,-0.004551738,-0.00295777619,-0.0315188058,1.25599742,0.05411272,-0.08026123,-0.03065235,0.002396375,-0.035626296,-0.000930638751,-0.003325224,-0.03149162,1.24957764,-0.09176636,-0.09011841,-0.0214204546,-0.002224691,-0.0124862446,-0.5500161,2.13215256,2.73881,3.51421022
22,0.43999984410430837,21,0,0,0,0,0,-0.000400974968,0,-0.00204044115,-0.000400974968,0,-0.00204044115,1,0,0,1,8.019496E-06,1.49011612E-08,4.08088054E-05,0,0,0,-0.00200528628,0.002658248,0.0009108703,-0.194732666,-0.0048828125,0.162112057,-0.00117498171,0.0005192886,-0.00728557352,-0.002084007,0.0003477484,-0.00682002027,0.5258893,-0.00112915039,-0.00366210938,-0.0348769128,0.00202013366,0.0106631108,-0.00062647654,0.00037792325,-0.007381346,0.5305262,-0.0174560547,-0.016784668,-0.038203422,0.0013833344,0.00311690732,-0.00737355556,0.00105708838,-0.023734659,5.47409153,0.0171117056,0.01533417,-0.0425523631,0.00168160792,0.0137607278,-0.00225331332,0.001029715,-0.02507054,5.47705364,-0.0370788574,-0.0192260742,-0.043678388,0.0008218614,0.00429947255,-0.007076394,-0.00251047313,-0.03926593,1.22825837,0.0563897341,-0.113128662,-0.005547792,0.00135551579,-0.0104440963,-0.00127520412,-0.00262631476,-0.0403346457,1.2269665,-0.09176636,-0.103668213,-0.00161451136,-0.00174490607,0.00296570524,-0.5500161,2.13215232,2.73881,3.51421
23,0.45999983701814057,27,0,0,0,0,0,-0.0002097,0,-0.00172007852,-0.0002097,0,-0.00172007852,1,0,0,1,4.19399839E-06,1.49011612E-08,3.44015571E-05,0,0,0,-0.00259896019,0.0011793077,0.0003679584,-0.196838379,-0.00436401367,0.150548726,0.000356838544,0.0004303221,-0.008328025,-0.00226437557,6.07818365E-05,-0.009361168,0.481551617,0.00114831747,0.009944619,-0.04742805,0.00138712849,0.0114298584,-0.000640005,9.66787338E-05,-0.00983315147,0.48352474,-0.01586914,-0.0127868652,-0.050292898,0.00112456887,0.00309401145,-0.007844017,0.00106707215,-0.0285734572,5.407549,0.0196920875,0.03302722,-0.03237533,0.001242885,0.0143630309,-0.00189655425,0.001065135,-0.03033469,5.406596,-0.03564453,-0.0149841309,-0.03474558,0.0009215827,0.00326191471,-0.008339176,-0.002783507,-0.0440001674,1.20603645,0.0573707335,-0.132049561,0.00306392321,0.00100857322,0.005393815,-0.0011206253,-0.00254933536,-0.0458962843,1.21286881,-0.09140015,-0.108947754,0.00488469563,-0.001465108,0.0109714549,-0.5500161,2.1321528,2.73881,3.51421022
24,0.47999982993197277,30,0,0,0,0,0,-0.000111853478,0,-0.00130873953,-0.000111853478,0,-0.00130873953,1,0,0,1,2.23706866E-06,1.49011612E-08,2.61747809E-05,0,0,0,-0.00273849186,2.24411488E-05,-3.35107325E-06,-0.197479248,-0.003692627,0.137961164,0.00136030081,0.000521553564,-0.00892023649,-0.00227058935,-1.962483E-05,-0.01053618,0.4287871,0.00297991675,0.0238475241,-0.0530363657,0.00112634653,0.0113356085,-0.000556717452,1.20848417E-05,-0.0110009443,0.4278902,-0.0144042969,-0.009338379,-0.05597562,0.00108821469,0.002586061,-0.007851936,0.00112478435,-0.030719569,5.3387804,0.02268991,0.05036295,-0.0236389115,0.0011692,0.0142612457,-0.00160872389,0.000935629,-0.03282904,5.332663,-0.0340271,-0.01159668,-0.0263151173,0.00105373038,0.00270979619,-0.00856539,-0.00291456282,-0.046096094,1.1905154,0.05824205,-0.141357422,0.009553087,0.0008651141,0.0151133724,-0.000849229458,-0.002856657,-0.0487558469,1.19205225,-0.09094238,-0.11505127,0.00276160217,-0.00137524831,0.0113974679,-0.5500161,2.13215256,2.73881,3.51421022
25,0.49999982284580496,30,0,0,0,0,0,-9.88290849E-05,0,-0.00119178928,-9.88290849E-05,0,-0.00119178928,1,0,0,1,1.976581E-06,1.49011612E-08,2.38357752E-05,0,0,0,-0.002703746,-0.000610217452,-0.000253757054,-0.197052,-0.0029296875,0.125297487,0.00214220141,0.0005581015,-0.008798809,-0.00217373529,-3.24100256E-05,-0.0108095948,0.373038918,0.00440110639,0.0375302061,-0.0543475524,0.000861409353,0.0108205462,-0.0004188125,-1.296401E-06,-0.0114033492,0.3685851,-0.0131835938,-0.00662231445,-0.05791996,0.000933561532,0.00189529511,-0.007573209,0.00113396347,-0.03097176,5.27037334,0.0255371276,0.06683711,-0.01545482,0.00113136019,0.0136837522,-0.00116952369,0.00106869638,-0.0332460925,5.25887632,-0.0325927734,-0.009185791,-0.0171586163,0.0009505977,0.00191447942,-0.008260979,-0.003104359,-0.0461402871,1.17250311,0.0595112257,-0.148223877,0.0107177766,0.0009203184,0.0180978756,-0.000320638,-0.00276003778,-0.0487857834,1.17735612,-0.09024048,-0.116546631,0.00678318646,-0.00133599818,0.0153499786,-0.5500161,2.13215256,2.73880959,3.51420975
26,0.51999981575963716,32,0,0,0,0,0,-6.715045E-05,0,-0.00109440624,-6.715045E-05,0,-0.00109440624,1,0,0,1,1.34300853E-06,0,2.1888116E-05,0,0,0,-0.00257436419,-0.000974401832,-0.0004317384,-0.195861816,-0.00213623047,0.113251969,0.00274299434,0.000524613133,-0.008141455,-0.00200880459,-2.220273E-05,-0.0106052533,0.317467064,0.005458943,0.0504953861,-0.0533054434,0.0006187088,0.009983092,-0.000283237081,6.943941E-06,-0.0111929178,0.309389383,-0.0122070313,-0.004699707,-0.0567894056,0.0007549406,0.00122397114,-0.007006297,0.00131233037,-0.0298135169,5.20540571,0.0281515829,0.0819693357,-0.0062906,0.0009959434,0.0125281988,-0.0007989415,0.0011279285,-0.03206031,5.18859243,-0.0308837891,-0.007507324,-0.00716934074,0.0009733739,0.0013004858,-0.007431711,-0.002958849,-0.0442164168,1.16035306,0.0611538067,-0.151489258,0.0150679089,0.00085441,0.0213039238,0.000149302621,-0.00279998779,-0.0469702929,1.1582402,-0.0894165039,-0.121276855,0.0061935503,-0.00129941874,0.0143203558,-0.5500161,2.1321528,2.73881,3.51421022
27,0.53999980867346942,35,0,0,0,0,0,-4.55132467E-05,0,-0.00103216921,-4.55132467E-05,0,-0.00103216921,1,0,0,1,9.102646E-07,1.49011612E-08,2.0643376E-05,0,0,0,-0.00238628779,-0.00120723248,-0.000556674844,-0.1940918,-0.00140380859,0.102232561,0.00320173777,0.000460611947,-0.00719521241,-0.00179570448,-1.1369586E-05,-0.009990524,0.2646504,0.006244246,0.0624184832,-0.05023816,0.000428229279,0.008920791,-0.000153119385,1.95205212E-05,-0.0106104268,0.2527367,-0.0114440918,-0.00357055664,-0.0538071431,0.000581816945,0.0005928921,-0.006303357,0.00140471756,-0.0276380368,5.145102,0.030458726,0.09539857,0.00255090115,0.0009994048,0.011155162,-0.0003690621,0.00135397911,-0.0297083668,5.123971,-0.0295715332,-0.00674438477,0.003203481,0.0008113266,0.0005128816,-0.006475443,-0.0029578805,-0.04117815,1.14593589,0.06324017,-0.1550293,0.0155414231,0.0009890039,0.0212960374,0.0007248375,-0.00257013738,-0.0434558019,1.14556456,-0.0884094238,-0.122894287,0.0106707606,-0.00133375579,0.0171689279,-0.5500161,2.1321528,2.73881,3.51421022
28,0.55999980158730156,39,0,0,0,0,0,-3.327409E-05,0,-0.0009889995,-3.327409E-05,0,-0.0009889995,1,0,0,1,6.65481537E-07,0,1.97799818E-05,0,0,0,-0.00216964027,-0.00136336684,-0.0006421756,-0.191925049,-0.0007019043,0.09242698,0.00354122627,0.000383227278,-0.006090669,-0.00154688,1.95205212E-06,-0.009183072,0.215959251,0.006837323,0.07302277,-0.04621264,0.000290886033,0.00768766832,-4.69872248E-05,3.30507755E-05,-0.009704137,0.200667337,-0.0108642578,-0.003112793,-0.04922142,0.000441297481,8.198632E-05,-0.005473721,0.00161197782,-0.0247809589,5.09146547,0.0325817056,0.107001759,0.0118813366,0.0009531868,0.009557915,-3.829741E-05,0.00148579478,-0.0265594572,5.06653929,-0.0284118652,-0.006713867,0.0133432411,0.000749807,-7.611278E-05,-0.005309663,-0.00272658467,-0.03709131,1.13735378,0.06565302,-0.156158447,0.01938539,0.00101105194,0.0230118483,0.00118947146,-0.00249867141,-0.03911998,1.13074577,-0.0873718262,-0.126586914,0.0110681653,-0.00140141125,0.0163807832,-0.5500161,2.1321528,2.73881,3.51421022
29,0.57999979450113381,41,0,0,0,0,0,-2.92287386E-05,0,-0.000964476843,-2.92287386E-05,0,-0.000964476843,1,0,0,1,5.84574536E-07,0,1.928953E-05,0,0,0,-0.00194608688,-0.0014642179,-0.0006975465,-0.189483643,-9.15527344E-05,0.0839033946,0.00378262345,0.0003082565,-0.004940279,-0.00127471972,1.30087137E-05,-0.008203219,0.1725302,0.0073110587,0.08214848,-0.04133031,0.000200501847,0.006341412,5.35659747E-05,4.656613E-05,-0.00864481647,0.154287979,-0.0104064941,-0.00329589844,-0.0438833348,0.000319902261,-0.000399387267,-0.00457822857,0.001783058,-0.021487793,5.045029,0.0346068777,0.1165868,0.020610854,0.00102719653,0.007870305,0.0003239515,0.00171124935,-0.0229392331,5.016893,-0.02758789,-0.00747680664,0.0228225216,0.0005962484,-0.0007599982,-0.004139662,-0.00252485275,-0.0325073376,1.13111508,0.06848052,-0.1560669,0.021814337,0.00117703422,0.0234159585,0.0016814454,-0.002254635,-0.0340550467,1.12221146,-0.08627319,-0.127197266,0.01524245,-0.00150919869,0.01874712,-0.5500161,2.1321528,2.73880982,3.51421
30,0.599999787414966,45,0,0,0,0,0,-2.93756184E-05,0,-0.0007306345,-2.93756184E-05,0,-0.0007306345,1,0,0,1,5.87512147E-07,1.49011612E-08,1.4612684E-05,0,0,0,-0.00172871083,-0.00152853131,-0.000743689132,-0.186920166,0.000471746578,0.0766366,0.003902788,0.00023100448,-0.00383865135,-0.00101726141,2.03102827E-05,-0.00713667134,0.135150179,0.00771817658,0.0898295343,-0.03591036,0.000143310492,0.00507461373,0.000151415035,5.55068254E-05,-0.007496056,0.1144175,-0.0101013184,-0.00402832031,-0.0379941873,0.000209106773,-0.0008654834,-0.00380932447,0.00183995068,-0.0180571973,5.00593233,0.036393024,0.124488041,0.0285313223,0.00113687222,0.00648923451,0.0006774632,0.00189650059,-0.01906782,4.975856,-0.0270385742,-0.009033203,0.03180283,0.000498663343,-0.00142276939,-0.00318244286,-0.00253224373,-0.0279346053,1.12068093,0.07171888,-0.157531738,0.0206394531,0.00143644481,0.0218586642,0.002108722,-0.00202943385,-0.0287213717,1.11639464,-0.0852355957,-0.126281738,0.01777056,-0.00165589119,0.0194893479,-0.5500161,2.1321528,2.73881,3.51421022
31,0.61999978032879821,49,0,0,0,0,0,-3.27041562E-05,0,-0.0007314472,-3.27041562E-05,0,-0.0007314472,1,0,0,1,6.540829E-07,0,1.46289376E-05,0,0,0,-0.001529257,-0.00157424808,-0.000759472954,-0.184234619,0.0009633114,0.0705427,0.00399016449,0.000171112246,-0.00279918569,-0.000782872259,2.83867121E-05,-0.00609744247,0.103686564,0.008100761,0.09615638,-0.0307257175,0.000121327641,0.003914417,0.000214812579,6.29127E-05,-0.00627506245,0.08143692,-0.009857178,-0.00524902344,-0.0318796374,0.0001531371,-0.00117278541,-0.00308155571,0.00202484429,-0.01466113,4.973892,0.03822894,0.130901963,0.0355798,0.001183964,0.005166887,0.0008517492,0.00196522474,-0.0152355814,4.94269228,-0.0264282227,-0.0109863281,0.0392499268,0.0004892159,-0.00170318643,-0.00223449524,-0.00229606032,-0.0232528448,1.116492,0.07523881,-0.156829834,0.02391453,0.0015360032,0.023121383,0.002333462,-0.00199921429,-0.0236851573,1.10653234,-0.0843811,-0.128509521,0.0165609829,-0.00183087972,0.0174399242,-0.5500161,2.1321528,2.73881,3.51421022
32,0.63999977324263035,53,0,0,0,0,0,-3.86201646E-05,0,-0.000742764969,-3.86201646E-05,0,-0.000742764969,1,0,0,1,7.72403E-07,1.49011612E-08,1.48552936E-05,0,0,0,-0.00135082984,-0.00160115957,-0.000759904447,-0.181549072,0.00140706613,0.0655147955,0.004020434,0.000127129635,-0.00186991284,-0.000565397262,3.39597464E-05,-0.005079595,0.07809827,0.008492678,0.101244539,-0.0256460626,0.00012304791,0.002834582,0.0002638099,7.06464052E-05,-0.00516238669,0.05489392,-0.009643555,-0.00677490234,-0.0263174176,0.000107805208,-0.00141123473,-0.002405521,0.00216396153,-0.0114111975,4.948788,0.04030506,0.13582927,0.0417809,0.00138317468,0.00395242963,0.00102396635,0.00215362012,-0.0115950434,4.91749954,-0.026184082,-0.0132751465,0.04615973,0.0003627293,-0.00201447983,-0.00144518551,-0.00210808218,-0.018821016,1.11437082,0.0792664,-0.155273438,0.0256153364,0.00179796515,0.0230262689,0.00252634287,-0.001779303,-0.0186460987,1.10306334,-0.08355713,-0.127227783,0.020117199,-0.0020483972,0.019520402,-0.5500161,2.1321528,2.73881,3.51421022
33,0.65999976615646261,57,0,0,0,0,0,-4.62900025E-05,0,-0.000764860946,-4.62900025E-05,0,-0.000764860946,1,0,0,1,9.25799668E-07,1.49011612E-08,1.52972134E-05,0,0,0,-0.00119484984,-0.00160889328,-0.0007492451,-0.178924561,0.00180638034,0.0614170544,0.0040049497,8.992577E-05,-0.001045103,-0.000375973264,3.69846821E-05,-0.00413423544,0.0580359325,0.008922866,0.105224252,-0.0209301747,0.000145548111,0.00189437217,0.0003037972,7.496774E-05,-0.004091611,0.0345659219,-0.009490967,-0.008544922,-0.0209747665,7.139143E-05,-0.00160756276,-0.00185325439,0.002251029,-0.008413914,4.93018055,0.0424173325,0.13961181,0.0471561849,0.00153421029,0.00299641443,0.00117935776,0.002287969,-0.008170259,4.899414,-0.0260620117,-0.0159606934,0.0517165065,0.000318553444,-0.00230355887,-0.0008391248,-0.00196795166,-0.0147573184,1.11329055,0.08376358,-0.152771,0.026496917,0.002034972,0.0226323,0.00261789421,-0.00159166753,-0.0139994435,1.10181141,-0.08276367,-0.123626709,0.0217419881,-0.00230242079,0.0199879222,-0.5500161,2.1321528,2.73881,3.51421022
34,0.67999975907029475,61,0,0,0,0,0,-5.24024E-05,0,-0.000789577,-5.24024E-05,0,-0.000789577,1,0,0,1,1.04804758E-06,1.49011612E-08,1.57915347E-05,0,0,0,-0.00106231682,-0.00161202252,-0.000730517262,-0.176330566,0.00218138075,0.058135055,0.00395061355,7.39642055E-05,-0.000354692573,-0.000240931142,3.77893448E-05,-0.003254671,0.0431675278,0.009426816,0.108387046,-0.0165308081,0.000198115449,0.00121601252,0.000333450618,7.60257244E-05,-0.003103763,0.02003233,-0.009338379,-0.0104675293,-0.01606116,6.663345E-05,-0.001763864,-0.00150533346,0.00226332247,-0.00578554068,4.916607,0.0444366634,0.142706066,0.0509850159,0.001671092,0.00243363832,0.001280139,0.00237025321,-0.005051112,4.88791132,-0.025970459,-0.018951416,0.05626034,0.000348517031,-0.00247219368,-0.00049498427,-0.00197711587,-0.0113692638,1.10859621,0.08863756,-0.151306152,0.0247882437,0.00229506753,0.0209219381,0.00255947374,-0.00143899024,-0.00979713351,1.10155046,-0.0818481445,-0.117523193,0.0222707335,-0.00256370357,0.0199069362,-0.5500161,2.1321528,2.73881,3.51421022
35,0.699999751984127,66,0,0,0,0,0,-6.524302E-05,0,-0.00081904867,-6.524302E-05,0,-0.00081904867,1,0,0,1,1.30485978E-06,1.49011612E-08,1.63809673E-05,0,0,0,-0.0009536545,-0.00160437822,-0.0007056423,-0.17388916,0.00256502675,0.05553154,0.00386858149,9.3047056E-05,0.0002477494,-0.000149619009,4.05162573E-05,-0.002544714,0.0326119438,0.01003973,0.110972874,-0.0129564041,0.0002778971,0.0007394244,0.000342197454,7.906556E-05,-0.0022328787,0.0106918532,-0.009063721,-0.0130615234,-0.0117587522,0.0001618538,-0.001832212,-0.00126056769,0.00238244236,-0.00354253128,4.90769529,0.0462923571,0.145394832,0.0543305948,0.00166624563,0.002024523,0.000405257975,0.002433166,-0.00251711532,4.88154125,-0.0250244141,-0.018951416,0.05921658,0.00083847635,-2.59240551E-06,-0.000213529216,-0.00179494917,-0.008305468,1.1082077,0.09350279,-0.148193359,0.0264540464,0.00233924924,0.0213243477,0.000735093956,-0.00130397081,-0.00680254353,1.09863031,-0.0805969238,-0.122070313,0.0200503673,-0.00112740719,0.01797783,-0.5500161,2.1321528,2.73881,3.51421022
36,0.71999974489795915,71,0,0,0,0,0,-5.92677E-05,0,-0.0008478735,-5.92677E-05,0,-0.0008478735,1,0,0,1,1.18535354E-06,0,1.69574632E-05,0,0,0,-0.00086905167,-0.00159741938,-0.000677085947,-0.171569824,0.00301541458,0.0535035655,0.00376386754,0.000176210364,0.000754293869,-8.295592E-05,4.118681E-05,-0.00194406253,0.0258198045,0.01085454,0.113170154,-0.009878431,0.00046171312,0.0003444621,1.42488279E-05,7.992983E-05,-0.00155379437,0.00540250866,-0.008605957,-0.01373291,-0.008458893,0.000322936627,-0.000263035385,-0.00102887617,0.00243125856,-0.00174897432,4.90254354,0.0502116047,0.147492677,0.0567397,0.00240273634,0.0016143372,-0.000254498824,0.002480045,-0.0005477114,4.879138,-0.0244140625,-0.0177001953,0.0611911975,0.000401330122,0.0008028167,-7.57402158E-05,-0.00168950856,-0.005883173,1.10961556,0.0997794941,-0.145935059,0.027041072,0.00295304321,0.0199163835,0.000651148148,-0.00130358338,-0.00409830827,1.09625578,-0.0798645,-0.124725342,0.023815915,-0.0009623257,0.0179204419,-0.5500161,2.1321528,2.73881,3.51421022
37,0.7399997378117914,75,0,0,0,0,0,-5.98117367E-05,0,-0.000878899649,-5.98117367E-05,0,-0.000878899649,1,0,0,1,1.19623428E-06,1.49011612E-08,1.7577986E-05,0,0,0,-0.0008001192,-0.00158885121,-0.000645856,-0.169372559,0.003552959,0.0519420579,0.0036449586,0.000266278454,0.00115888217,-3.752782E-05,4.197657E-05,-0.00146551512,0.02193171,0.0118424026,0.115039356,-0.0074224947,0.000589978648,6.55376352E-05,-0.000148995474,8.074939E-05,-0.0009981638,0.00334602245,-0.008056641,-0.0132446289,-0.005770391,0.000370184862,0.0004917357,-0.0009820339,0.00247327983,-0.000220062444,4.90038872,0.0516554154,0.1496799,0.05862513,0.001915179,0.00159376545,-0.000466527767,0.002502516,0.000905736,4.87981939,-0.0239562988,-0.0164489746,0.0621029176,0.000398700853,0.000887182,-2.69529919E-05,-0.00159315765,-0.003857427,1.1100049,0.10525956,-0.141265869,0.0266668648,0.0026437873,0.0198974442,0.0006396943,-0.00133396685,-0.002375431,1.0863471,-0.07925415,-0.125610352,0.02821808,-0.000532088,0.01836919,-0.5500161,2.1321528,2.73881,3.51421022
38,0.75999973072562355,79,0,0,0,0,0,-6.248829E-05,0,-0.0009025006,-6.248829E-05,0,-0.0009025006,1,0,0,1,1.24976532E-06,0,1.80500047E-05,0,0,0,-0.0007428099,-0.00157266855,-0.0006129288,-0.1673584,0.00413747923,0.0507389158,0.003517502,0.000315614365,0.00148794358,-2.62981739E-05,4.2244792E-05,-0.00107081467,0.02042734,0.0128715774,0.11686635,-0.00540599646,0.000613921555,-2.65884555E-05,-0.000198640075,8.1166625E-05,-0.000670985435,0.00339429849,-0.007537842,-0.012298584,-0.0041981386,0.000383800478,0.0006981567,-0.000961359066,0.00250314176,0.0009859824,4.900894,0.0530342534,0.151846647,0.05994449,0.00185217033,0.00155763561,-0.00039019325,0.00251676142,0.0017782303,4.88200474,-0.0237121582,-0.015625,0.0622054338,0.000510991551,0.0005245977,-3.29492032E-05,-0.00150740147,-0.00218053069,1.10887349,0.110418186,-0.1368103,0.0276007373,0.00222754246,0.0191835351,0.0007936594,-0.00144679844,-0.00190996483,1.07809687,-0.07763672,-0.126159668,0.0242320169,0.0006525698,0.0245882925,-0.5500161,2.1321528,2.73881,3.51421022
39,0.7799997236394558,84,0,0,0,0,0,-6.727832E-05,0,-0.000922379957,-6.727832E-05,0,-0.000922379957,1,0,0,1,1.34556592E-06,1.49011612E-08,1.84475921E-05,0,0,0,-0.000695882249,-0.0015578568,-0.0005797774,-0.165527344,0.004727318,0.04982733,0.00338519551,0.000325009372,0.0017418135,-2.07991252E-05,4.273653E-05,-0.0007478775,0.0208322555,0.013886176,0.11870303,-0.003767362,0.00059311185,-7.556907E-05,-0.0001546686,8.16732645E-05,-0.0004945741,0.00460342271,-0.00698852539,-0.011505127,-0.00335735548,0.000372235721,0.000454625377,-0.000943342748,0.002515778,0.0018415224,4.90298748,0.05442869,0.153985038,0.0602107234,0.00193422544,0.00151369674,-0.000230809572,0.002508998,0.00202395627,4.884265,-0.0233764648,-0.0152282715,0.06119544,0.00059928844,0.00022275433,-2.63737238E-05,-0.0014706105,-0.0013850386,1.10386634,0.116215713,-0.1329956,0.02669281,0.00239841454,0.0189017728,0.000941101345,-0.00157921016,-0.00192660163,1.06881857,-0.0759277344,-0.1253357,0.0251055174,0.000943470746,0.02850172,-0.5500161,2.1321528,2.73881,3.51421022
40,0.79999971655328794,88,0,0,0,0,0,-7.119409E-05,0,-0.000932098948,-7.119409E-05,0,-0.000932098948,1,0,0,1,1.42388126E-06,0,1.86419711E-05,0,0,0,-0.0006584449,-0.00154639781,-0.0005471539,-0.163848877,0.00528256176,0.0491376,0.00325215049,0.000296837476,0.001938749,-9.744346E-06,4.29153442E-05,-0.000571700162,0.0223615468,0.0148524269,0.120528653,-0.00288021984,0.000536474749,-0.000137638519,-9.613546E-05,8.204579E-05,-0.000486669946,0.00600083126,-0.006500244,-0.0110473633,-0.0033320738,0.000324794557,0.000156126538,-0.000903986045,0.00251227617,0.0022298547,4.90589428,0.0558493547,0.156029612,0.0599549562,0.00179330178,0.0014174676,-8.549733E-05,0.00250859559,0.00190085964,4.886206,-0.0230102539,-0.0151672363,0.06037826,0.0005528934,1.29648924E-07,2.72020989E-05,-0.00150604546,-0.0010210888,1.09739077,0.121341221,-0.129974365,0.0270228386,0.00343464,0.020859696,0.00110490236,-0.00169618428,-0.002057664,1.061156,-0.07461548,-0.123748779,0.0272798687,0.0009991236,0.03204769,-0.5500161,2.1321528,2.73881,3.51421022
41,0.8199997094671202,93,0,0,0,0,0,-7.18572E-05,0,-0.0011634191,-7.18572E-05,0,-0.0011634191,1,0,0,1,1.4371434E-06,1.49011612E-08,2.32683724E-05,0,0,0,-0.0006293095,-0.0015308708,-0.0005016551,-0.162261963,0.00577782,0.0486226939,0.003159923,0.00025061873,0.00208672951,-5.920073E-06,4.30345535E-05,-0.000486894685,0.02426305,0.0157592688,0.122331277,-0.002572771,0.0004493895,-0.000157194532,-4.854676E-05,8.2463026E-05,-0.0005423292,0.00699501438,-0.006072998,-0.0108947754,-0.00372409052,0.000261058274,-7.987745E-05,-0.000649508031,0.00250150263,0.002245309,4.908637,0.05832428,0.157448828,0.0590516143,0.000841548,0.000667623943,1.90528954E-05,0.0025100112,0.00164513581,4.8875103,-0.0227050781,-0.0152893066,0.0597126149,0.0004649996,-0.000145280763,0.0006177179,-0.00157171488,-0.00123967533,1.08813429,0.120091707,-0.139984131,0.0277527571,0.0030181366,0.02863781,0.0012386404,-0.00178536773,-0.00220948318,1.05602765,-0.0737915039,-0.12197876,0.0295045078,0.000928894849,0.0345888,-0.5500161,2.1321528,2.73881,3.51421022
42,0.83999970238095234,96,0,0,0,0,0,-7.78353351E-05,0,-0.00116066192,-7.78353351E-05,0,-0.00116066192,1,0,0,1,1.55670614E-06,0,2.321323E-05,0,0,0,-0.0006037702,-0.00152313709,-0.000470208732,-0.160858154,0.00616820762,0.0482363,0.00303313183,0.0001556502,0.00218403339,0.000117937561,4.29153442E-05,-0.0005310124,0.025936773,0.0164230671,0.123471089,-0.00282628159,0.000227017634,-0.000748723571,-1.37333736E-05,8.28355551E-05,-0.0006161151,0.00762187736,-0.00576782227,-0.0108947754,-0.00405957364,0.00013948002,-0.0002242524,-0.0003013497,0.002496913,0.001964896,4.910686,0.0588833876,0.158091769,0.0581133775,0.000474483037,7.198592E-05,7.59454E-05,0.00250908732,0.00139416289,4.88793,-0.02243042,-0.0154724121,0.0590281263,0.0003148057,-0.000202709838,0.0009811945,-0.00179305673,-0.0015177161,1.07995152,0.118882447,-0.145263672,0.03261779,0.003226672,0.0364269055,0.00132604653,-0.00184027851,-0.00234253053,1.05352557,-0.07342529,-0.120513916,0.0312990732,0.000799217843,0.0360016935,-0.5500161,2.1321528,2.73881,3.51421022
43,0.85999969529478459,101,0,0,0,0,0,-8.243541E-05,0,-0.00115066476,-8.243541E-05,0,-0.00115066476,1,0,0,1,1.64870744E-06,1.49011612E-08,2.30132864E-05,0,0,0,-0.000585811271,-0.0015155226,-0.000441771466,-0.159576416,0.00645726,0.04794465,0.00291225966,6.458153E-05,0.00227537425,0.000232148333,4.25726175E-05,-0.0006289183,0.0270735659,0.01689215,0.123923749,-0.00333982334,5.746825E-05,-0.00129626389,1.64253106E-06,8.293986E-05,-0.0006804955,0.007894821,-0.005554199,-0.0110168457,-0.00434958376,4.23557649E-05,-0.0002764561,-1.5220925E-05,0.00248339772,0.00161452207,4.91165924,0.0590609722,0.158147246,0.057235647,0.0004254275,-0.00036215884,9.35072239E-05,0.00251325965,0.00121173961,4.887983,-0.0222473145,-0.0156555176,0.0588030927,0.000195496628,-0.000211093182,0.0012088432,-0.00196225941,-0.00174567872,1.07480788,0.1181199,-0.14666748,0.0365861543,0.00347121176,0.04173036,0.00136237522,-0.00185465813,-0.002421554,1.05286276,-0.0733947754,-0.119537354,0.03231333,0.0006971146,0.03645048,-0.5500161,2.1321528,2.73881,3.51421022
44,0.87999968820861674,106,0,0,0,0,0,-8.502651E-05,0,-0.001148143,-8.502651E-05,0,-0.001148143,1,0,0,1,1.70052954E-06,0,2.296285E-05,0,0,0,-0.0005732863,-0.0015078932,-0.000415166258,-0.158447266,0.00667385338,0.0477319621,0.00279853144,5.939728E-07,0.0023317046,0.00030619133,4.284084E-05,-0.000729507359,0.0276453719,0.0172380935,0.123898394,-0.00385654,-4.83296062E-05,-0.00165419013,2.92256E-06,8.350611E-05,-0.0007202011,0.00792154949,-0.00540161133,-0.0111694336,-0.00453292252,-1.44764708E-05,-0.000269957032,0.000152957931,0.00249819458,0.00131889526,4.91199827,0.0590715259,0.1578824,0.0568209067,0.00041606708,-0.0005919751,8.393197E-05,0.00251597166,0.001110037,4.887804,-0.0221252441,-0.0158081055,0.0587233156,0.000122855563,-0.0001850915,0.001318252,-0.00203552842,-0.0019020068,1.07243657,0.117748447,-0.145751953,0.03910013,0.00366267143,0.04447852,0.0013597121,-0.00186239183,-0.00246167881,1.05318,-0.07348633,-0.118988037,0.0328554139,0.00062644243,0.03617316,-0.5500161,2.1321528,2.73881,3.51421022
45,0.899999681122449,111,0,0,0,0,0,-8.6251006E-05,0,-0.00113993406,-8.6251006E-05,0,-0.00113993406,1,0,0,1,1.7250195E-06,1.49011612E-08,2.27986711E-05,0,0,0,-0.000565408263,-0.00149776042,-0.000390655827,-0.157409668,0.006847386,0.04757357,0.0026914652,-3.62144674E-05,0.00237144041,0.000340003928,4.2706728E-05,-0.00080674683,0.02777124,0.0175138917,0.123636082,-0.004241435,-0.000107929169,-0.00182063249,-3.97541862E-06,8.353591E-05,-0.0007453942,0.007783912,-0.00531005859,-0.0112915039,-0.00465212669,-3.97513E-05,-0.000232649,0.00021664286,0.00249318779,0.00112178852,4.91195774,0.0590597652,0.157514974,0.0566776954,0.00042050035,-0.000657900469,6.10153E-05,0.00252094865,0.00107099931,4.887762,-0.0220336914,-0.0158996582,0.0589214,9.278764E-05,-0.000144826816,0.00133910275,-0.00206109881,-0.001981563,1.071964,0.117639475,-0.1439209,0.0401818641,0.00379388686,0.0452724472,0.00134249963,-0.00184839964,-0.0024648055,1.05376315,-0.0736084,-0.1187439,0.03284115,0.000604662346,0.03577984,-0.5500161,2.1321528,2.73881,3.51421022
46,0.91999967403628113,116,0,0,0,0,0,-8.66971E-05,0,-0.00113759306,-8.66971E-05,0,-0.00113759306,1,0,0,1,1.7339413E-06,0,2.27518522E-05,0,0,0,-0.0005604885,-0.0014962405,-0.0003681425,-0.156524658,0.00699697435,0.0474512577,0.00259208423,-5.53490681E-05,0.00239661615,0.0003440965,4.31537628E-05,-0.0008449162,0.0276650637,0.01775065,0.123320043,-0.0044269464,-0.0001408144,-0.00184391718,-1.32268115E-05,8.39829445E-05,-0.0007413586,0.00764275,-0.005218506,-0.0113830566,-0.004634492,-4.84048833E-05,-0.000189262777,0.000208597485,0.002506405,0.00102103187,4.91155672,0.05909137,0.157192841,0.0565246381,0.000428359315,-0.0006195027,3.80505553E-05,0.00251846015,0.00106943934,4.887432,-0.0219421387,-0.0159301758,0.05875529,7.700113E-05,-0.000110577967,0.0013071032,-0.00204181671,-0.00201414386,1.07268023,0.117712587,-0.142059326,0.0404864773,0.00387604651,0.0448898561,0.00133139547,-0.00183580816,-0.00246267649,1.05444562,-0.07373047,-0.118713379,0.03265932,0.0005798975,0.03552405,-0.5500161,2.1321528,2.73881,3.51421022
47,0.93999966695011339,122,0,0,0,0,0,-8.690846E-05,0,-0.0011366898,-8.690846E-05,0,-0.0011366898,1,0,0,1,1.73816852E-06,1.49011612E-08,2.27337878E-05,0,0,0,-0.000557418854,-0.00149023533,-0.000347548572,-0.1557312,0.007133813,0.04735111,0.00250080368,-6.440399E-05,0.00242035347,0.0003319591,4.298985E-05,-0.0008673053,0.02742693,0.0179652385,0.123060413,-0.004530749,-0.000159540941,-0.00178878289,-2.0627358E-05,8.383393E-05,-0.000737,0.007523353,-0.005126953,-0.0114440918,-0.00461921748,-4.96014982E-05,-0.000157957445,0.000165925085,0.00249899924,0.0009939994,4.9113307,0.0592025258,0.156977952,0.0567484051,0.000428572326,-0.0005379431,2.159923E-05,0.00251989067,0.00108592643,4.88725233,-0.0218811035,-0.0159301758,0.05886366,7.813526E-05,-8.741754E-05,0.00125754124,-0.00201894343,-0.001998293,1.07368851,0.1178389,-0.14074707,0.0400599837,0.00389293255,0.0439613871,0.00131766126,-0.00182159245,-0.00244748266,1.05496013,-0.07382202,-0.118835449,0.0323900171,0.000585195958,0.03527971,-0.5500161,2.1321528,2.73881,3.51421022
48,0.95999965986394553,130,0,0,0,0,0,-8.671101E-05,0,-0.00114018773,-8.671101E-05,0,-0.00114018773,1,0,0,1,1.7342195E-06,1.49011612E-08,2.28037461E-05,0,0,0,-0.0005550479,-0.00148366392,-0.00032881368,-0.1550293,0.00726146437,0.0472674258,0.00241915556,-7.038101E-05,0.00242812582,0.000314457255,4.337728E-05,-0.000865181035,0.0271857716,0.01816152,0.122896075,-0.00451483252,-0.000175735826,-0.00170662138,-2.56731855E-05,8.41319561E-05,-0.000736802467,0.007399547,-0.00503540039,-0.0114440918,-0.00462638866,-5.086137E-05,-0.000138161035,0.0001155704,0.00251032412,0.00101128779,4.911065,0.0593607537,0.156875625,0.05679016,0.000416482828,-0.000453601067,1.12591279E-05,0.00252053142,0.00110909063,4.887318,-0.02178955,-0.0159301758,0.0590785742,8.618455E-05,-7.354171E-05,0.00121153076,-0.001986757,-0.001977738,1.07465351,0.117965668,-0.140045166,0.039633587,0.00389114674,0.0430608,0.00130454707,-0.00181634724,-0.0024292646,1.05510855,-0.07385254,-0.11895752,0.0321369581,0.000607277849,0.0350891761,-0.5500161,2.1321528,2.73881,3.51421022
49,0.97999965277777779,137,0,0,0,0,0,-8.673493E-05,0,-0.000912208634,-8.673493E-05,0,-0.000912208634,1,0,0,1,1.73469789E-06,1.49011612E-08,1.82441654E-05,0,0,0,-0.0005539114,-0.00148358941,-0.000326186768,-0.154449463,0.00737840636,0.04718873,0.002306111,-7.859434E-05,0.00243558339,0.0002992457,4.30345535E-05,-0.0008635483,0.02709442,0.0183365736,0.122825228,-0.00438880874,-0.000194936292,-0.00163306168,-2.87031762E-05,8.377433E-05,-0.00073513313,0.0074250726,-0.00494384766,-0.0114440918,-0.00450764,-5.821872E-05,-0.000125976876,7.53374843E-05,0.00249515474,0.00104730041,4.91078424,0.05954361,0.1568581,0.0567955934,0.000401274767,-0.00039097527,6.4779756E-06,0.0025190413,0.00112743233,4.88711548,-0.0217285156,-0.0159301758,0.05888539,7.992852E-05,-6.985025E-05,0.00117779593,-0.001979366,-0.001953204,1.07537377,0.118085489,-0.139862061,0.03915757,0.0038861644,0.0423922576,0.00130265579,-0.001813963,-0.00243084971,1.05525875,-0.07388306,-0.119018555,0.0321511477,0.000603976,0.03504673,-0.5500161,2.1321528,2.73881,3.51421022
50,0.99999964569160993,144,0,0,0,0,0,-8.665385E-05,0,-0.00114096433,-8.665385E-05,0,-0.00114096433,1,0,0,1,1.73307626E-06,0,2.28192785E-05,0,0,0,-0.0005531021,-0.00148057938,-0.0002986514,-0.153930664,0.00748401,0.04711431,0.00227763713,-8.776999E-05,0.00244964776,0.0002885919,4.33474779E-05,-0.0008433673,0.02697929,0.0184909441,0.12282142,-0.004399124,-0.000213499254,-0.00158249261,-2.92953064E-05,8.405745E-05,-0.0007285757,0.00735495239,-0.004852295,-0.0114440918,-0.004592009,-6.437813E-05,-0.000125380669,4.911681E-05,0.00251235068,0.00108167157,4.91068363,0.05972677,0.156895429,0.05691455,0.000375305885,-0.0003533641,5.988458E-06,0.002523467,0.00113647047,4.88726139,-0.02166748,-0.0158996582,0.0591294542,8.32460937E-05,-6.98751E-05,0.00116135692,-0.00195148587,-0.00193366234,1.075804,0.118135445,-0.140045166,0.0388874,0.00385182118,0.0419700854,0.00129819778,-0.00180886686,-0.00241857045,1.05516243,-0.07385254,-0.11907959,0.0320186429,0.0006290874,0.0350312628,-0.5500161,2.1321528,2.73881,3.51421022
51,1.0199996386054422,151,0,0,0,0,0,-8.66264745E-05,0,-0.00114219333,-8.66264745E-05,0,-0.00114219333,1,0,0,1,1.73252874E-06,0,2.28438566E-05,0,0,0,-0.000551452569,-0.00147293508,-0.000284255,-0.153442383,0.00757560274,0.0470476821,0.00221802318,-9.90995541E-05,0.002435838,0.000283579779,4.33176756E-05,-0.000833459257,0.0269130934,0.01862124,0.122854508,-0.004350002,-0.0002351495,-0.0015575554,-2.88627671E-05,8.393824E-05,-0.00072422903,0.00729963742,-0.00479125977,-0.0114135742,-0.00457106531,-7.516276E-05,-0.000127692139,3.90818168E-05,0.00249549747,0.00110692321,4.91064453,0.059885677,0.1569478,0.0569519624,0.0003541794,-0.0003428088,7.079675E-06,0.002518326,0.00113980041,4.88728333,-0.0216369629,-0.0158996582,0.0590496361,7.457472E-05,-7.192198E-05,0.00115716306,-0.00196328759,-0.001919219,1.07589,0.1181625,-0.140380859,0.03864753,0.003841619,0.04186192,0.0013011134,-0.00181806087,-0.00242017279,1.05500734,-0.07382202,-0.11907959,0.0320234559,0.000626376132,0.0350872427,-0.5500161,2.1321528,2.73881,3.51421022
52,1.0399996315192743,157,0,0,0,0,0,-8.673276E-05,0,-0.00114280882,-8.673276E-05,0,-0.00114280882,1,0,0,1,1.73465457E-06,0,2.28561676E-05,0,0,0,-0.000551327365,-0.00148330629,-0.0002726502,-0.153045654,0.007654567,0.04697879,0.002164488,-0.0001098902,0.002437182,0.000282565481,4.32729721E-05,-0.0008272861,0.0268832073,0.0187294688,0.122897051,-0.004319801,-0.000254783547,-0.001552112,-2.78596053E-05,8.390844E-05,-0.0007162242,0.00729290769,-0.004760742,-0.0114135742,-0.00453098025,-8.58582644E-05,-0.000132349218,3.78516452E-05,0.0025101006,0.00112296932,4.910651,0.0600119978,0.156999335,0.0569764227,0.000331467832,-0.000343973166,9.754598E-06,0.00251854956,0.00113855128,4.88710833,-0.0215759277,-0.0158996582,0.0588710234,6.31694347E-05,-7.672849E-05,0.00116132386,-0.00195258856,-0.00191718433,1.07587516,0.118157618,-0.140716553,0.0386772044,0.00382503727,0.0418989174,0.00130555744,-0.00181718171,-0.00242850441,1.05503571,-0.07382202,-0.119110107,0.0321415067,0.0006163772,0.0351448543,-0.5500161,2.1321528,2.73881,3.51421022
53,1.0599996244331065,163,0,0,0,0,0,-8.687053E-05,0,-0.00114307762,-8.687053E-05,0,-0.00114307762,1,0,0,1,1.73741E-06,1.49011612E-08,2.28615445E-05,0,0,0,-0.000550743949,-0.0014718473,-0.000262208225,-0.152709961,0.00772207836,0.0469118468,0.00211909972,-0.000119504693,0.002443913,0.000283655827,4.325807E-05,-0.0008248224,0.0268675629,0.0188183263,0.12293452,-0.004308019,-0.0002717526,-0.00155716541,-2.67837931E-05,8.383393E-05,-0.0007175951,0.007286308,-0.004699707,-0.0114135742,-0.004537589,-9.482072E-05,-0.000137337265,4.38773532E-05,0.00249558687,0.00112969743,4.910677,0.06011013,0.157034129,0.056987185,0.0003169291,-0.000358136924,1.165706E-05,0.00251717865,0.00113844255,4.887062,-0.02154541,-0.0158996582,0.0589503571,5.75633E-05,-7.894789E-05,0.00116849528,-0.00196763873,-0.00191447407,1.07569659,0.118143812,-0.140991211,0.03863875,0.00382298976,0.0420335121,0.00130558177,-0.00182047486,-0.002424519,1.0550127,-0.07385254,-0.119140625,0.0320850573,0.000618769438,0.0351469927,-0.5500161,2.1321528,2.73881,3.51421022
54,1.0799996173469388,168,0,0,0,0,0,-8.681471E-05,0,-0.00114313758,-8.681471E-05,0,-0.00114313758,1,0,0,1,1.7362936E-06,0,2.28627414E-05,0,0,0,-0.0005498159,-0.00147530437,-0.000253298582,-0.152404785,0.00777853932,0.04684763,0.00207739929,-0.000129156513,0.00243876572,0.000285932,4.339218E-05,-0.000824011338,0.0268565416,0.0188895036,0.122959241,-0.00430532638,-0.000287437084,-0.00156759133,-2.63792281E-05,8.404255E-05,-0.000721628254,0.007256343,-0.00466918945,-0.0114135742,-0.004556585,-0.000103502753,-0.0001383903,5.000545E-05,0.00250999629,0.00112982118,4.910706,0.0601790249,0.157055587,0.05698524,0.000300931628,-0.000368738867,1.21929224E-05,0.00252108276,0.00114004954,4.88711,-0.0215148926,-0.0158996582,0.0590426661,5.38850072E-05,-7.94835651E-05,0.0011764986,-0.00196059048,-0.0019198457,1.07556617,0.118118115,-0.1411438,0.0387758836,0.00381713733,0.0421768874,0.00130418665,-0.00181511045,-0.002422112,1.05493569,-0.07382202,-0.119140625,0.03207502,0.000628747337,0.03515024,-0.5500161,2.1321528,2.73881,3.51421022
55,1.099999610260771,173,0,0,0,0,0,-8.683612E-05,0,-0.00114295213,-8.683612E-05,0,-0.00114295213,1,0,0,1,1.73672163E-06,1.49011612E-08,2.28590325E-05,0,0,0,-0.000549591554,-0.001476571,-0.000245444,-0.152130127,0.007825655,0.04677995,0.002041047,-0.000137368916,0.00245491113,0.000288333016,4.30494547E-05,-0.0008284781,0.02681967,0.0189456753,0.122971155,-0.004328709,-0.0003005861,-0.0015787381,-2.62534577E-05,8.375943E-05,-0.0007229832,0.00721494528,-0.004638672,-0.0114135742,-0.00456221774,-0.000110268978,-0.000138133692,5.68190226E-05,0.00249686837,0.00112674979,4.9108243,0.06022967,0.157060355,0.05706667,0.0002900797,-0.000380525482,1.245553E-05,0.002522871,0.00113917864,4.887138,-0.0215148926,-0.0158996582,0.05904485,4.822762E-05,-8.012404E-05,0.00118316314,-0.00197479129,-0.00191801076,1.07533264,0.118081488,-0.141265869,0.03874903,0.003816548,0.04230569,0.00130521832,-0.00181293488,-0.00242386316,1.05488813,-0.07382202,-0.11907959,0.0321123,0.000632007432,0.0351840034,-0.5500161,2.1321528,2.73881,3.51421022
56,1.1199996031746031,178,0,0,0,0,0,-8.67432245E-05,0,-0.00114314968,-8.67432245E-05,0,-0.00114314968,1,0,0,1,1.73486376E-06,0,2.28629851E-05,0,0,0,-0.000548551034,-0.00147601962,-0.000238538079,-0.151885986,0.007865343,0.0467193,0.00200974778,-0.000143899291,0.00245090923,0.000289966149,4.33474779E-05,-0.0008234359,0.02680752,0.01899079,0.122971088,-0.00430401228,-0.000310014759,-0.0015865952,-2.60670331E-05,8.39829445E-05,-0.000716053357,0.007210071,-0.004638672,-0.0114135742,-0.00452725124,-0.000114963143,-0.000138769654,6.094302E-05,0.00250893831,0.00112127559,4.91070938,0.06025934,0.157056659,0.05688598,0.0002836419,-0.0003869084,1.3033361E-05,0.00251676142,0.00113709,4.88695145,-0.021484375,-0.0158996582,0.05886702,4.01180951E-05,-8.155597E-05,0.00118707272,-0.001968503,-0.00193058071,1.07530546,0.118069157,-0.141265869,0.0389641076,0.00382930972,0.04242944,0.001308641,-0.001821518,-0.002429541,1.05492043,-0.07382202,-0.11907959,0.03215746,0.0006160015,0.0352044925,-0.5500161,2.1321528,2.73881,3.51421022
57,1.1399995960884353,182,0,0,0,0,0,-8.674185E-05,0,-0.00114323769,-8.674185E-05,0,-0.00114323769,1,0,0,1,1.73483636E-06,0,2.28647459E-05,0,0,0,-0.0005477991,-0.00147587061,-0.00023252645,-0.151702881,0.00789881,0.04666094,0.00198162184,-0.000149239975,0.002450212,0.0002910105,4.300475E-05,-0.000826426549,0.0267838258,0.0190269,0.122965433,-0.00431946758,-0.00031762576,-0.00159145589,-2.585866E-05,8.368492E-05,-0.000717549759,0.00720435567,-0.0046081543,-0.0114135742,-0.00453437,-0.000119049721,-0.000139471085,6.32705051E-05,0.002494961,0.00111708837,4.91070652,0.0602870062,0.157048747,0.05695952,0.000281835819,-0.0003901149,1.28725533E-05,0.0025190115,0.001137045,4.88689375,-0.0214538574,-0.0158996582,0.0589469336,3.85198873E-05,-8.067451E-05,0.00118763139,-0.00198143721,-0.001926999,1.07522583,0.118071079,-0.141235352,0.03888866,0.00383227714,0.0424497053,0.00130684068,-0.00181844831,-0.00242682453,1.05493927,-0.07382202,-0.119110107,0.032128606,0.0006205328,0.0351802073,-0.5500161,2.1321528,2.73881,3.51421022
58,1.1599995890022676,187,0,0,0,0,0,-8.671589E-05,0,-0.00114304165,-8.671589E-05,0,-0.00114304165,1,0,0,1,1.73431715E-06,1.49011612E-08,2.28608242E-05,0,0,0,-0.0005471007,-0.00147558749,-0.0002273148,-0.151519775,0.00792720448,0.0466053449,0.00195792876,-0.000153796325,0.00245117,0.0002911349,4.336238E-05,-0.0008273244,0.0267527867,0.0190557837,0.1229582,-0.00432450464,-0.000324037566,-0.0015916503,-2.59445078E-05,8.401275E-05,-0.0007248756,0.007155421,-0.0046081543,-0.0114135742,-0.0045703263,-0.00012217823,-0.000138583084,6.26297E-05,0.002509892,0.00111577148,4.91068745,0.06030827,0.157044113,0.0569590181,0.0002739203,-0.000388237124,1.20610457E-05,0.00252117217,0.00113942556,4.887032,-0.0214538574,-0.0158996582,0.059127003,4.00304525E-05,-7.861849E-05,0.0011881534,-0.00196920335,-0.00193034613,1.07522631,0.118060745,-0.141204834,0.03896899,0.00382818072,0.0424492434,0.00130389538,-0.00181661546,-0.00241996115,1.05481315,-0.07382202,-0.11907959,0.03205001,0.000635365548,0.0351689719,-0.5500161,2.1321528,2.73881,3.51421022
59,1.1799995819160998,193,0,0,0,0,0,-8.662667E-05,0,-0.0011429576,-8.662667E-05,0,-0.0011429576,1,0,0,1,1.73253272E-06,1.49011612E-08,2.28591434E-05,0,0,0,-0.0005463035,-0.00147533417,-0.000222812465,-0.1513977,0.007950715,0.0465522,0.00193643826,-0.0001581411,0.002456649,0.000290943775,4.30196524E-05,-0.000827688142,0.02671781,0.0190779623,0.122951441,-0.004326991,-0.000329791539,-0.00159020408,-2.62314843E-05,8.365512E-05,-0.0007229935,0.007109096,-0.00457763672,-0.0114135742,-0.00456021,-0.000124831931,-0.000136645511,6.26168548E-05,0.00249587,0.00111506565,4.910659,0.0603258125,0.157036155,0.056958776,0.000271427532,-0.000389014371,1.13646984E-05,0.00251960754,0.00113981287,4.88703442,-0.0214538574,-0.0158996582,0.0590471663,3.614046E-05,-7.78219037E-05,0.00118762068,-0.001980111,-0.001928112,1.0751754,0.118057542,-0.141174316,0.038909018,0.00383346947,0.0424555428,0.00130554056,-0.00181929767,-0.002423538,1.05470431,-0.0737915039,-0.119049072,0.0320923,0.0006327879,0.03520124,-0.5500161,2.1321528,2.73881,3.51421022
60,1.1999995748299319,198,0,0,0,0,0,-8.655044E-05,0,-0.00114306936,-8.655044E-05,0,-0.00114306936,1,0,0,1,1.73100807E-06,0,2.2861379E-05,0,0,0,-0.0005455553,-0.00147718191,-0.0002189158,-0.151275635,0.007970751,0.0465027,0.00191853778,-0.000161146818,0.00245810766,0.000290594238,4.337728E-05,-0.0008272066,0.0266858917,0.0190959238,0.122946091,-0.00432476727,-0.0003333906,-0.00158835086,-2.6705362E-05,8.404255E-05,-0.0007187289,0.00708801625,-0.00457763672,-0.0114135742,-0.0045388313,-0.000126449246,-0.000134209331,6.10548959E-05,0.00251029432,0.00111501315,4.91062927,0.06033858,0.157034233,0.0569575727,0.0002668384,-0.0003859565,1.166722E-05,0.002518773,0.00113778212,4.886936,-0.0214538574,-0.0158996582,0.0589533746,3.226593E-05,-8.052614E-05,0.00118738308,-0.00196878612,-0.00193105021,1.07519281,0.118051469,-0.141174316,0.0389830247,0.00383045315,0.0424461663,0.00130789611,-0.00182065368,-0.002428297,1.054691,-0.0737915039,-0.119049072,0.0321515948,0.000625555345,0.0352273472,-0.5500161,2.1321528,2.73881,3.51421022
61,1.2199995677437641,204,0,0,0,0,0,-8.655507E-05,0,-0.00114302977,-8.655507E-05,0,-0.00114302977,1,0,0,1,1.73110061E-06,1.49011612E-08,2.28605859E-05,0,0,0,-0.0005447707,-0.00147508085,-0.000215499051,-0.151153564,0.007988325,0.0464574248,0.00190298806,-0.000163283767,0.00246428163,0.000290566,4.300475E-05,-0.0008271831,0.026653491,0.0191106256,0.122943476,-0.00432464667,-0.000336112076,-0.00158823177,-2.636839E-05,8.37296247E-05,-0.0007214936,0.00705555733,-0.00457763672,-0.0114135742,-0.0045526186,-0.000127466788,-0.00013587912,6.09674171E-05,0.002495721,0.00111529953,4.91059542,0.06035142,0.157031566,0.0569586046,0.000266603834,-0.0003856825,1.20265277E-05,0.00252167881,0.001136524,4.88695049,-0.0214538574,-0.0158996582,0.0590343177,3.242679E-05,-8.035317E-05,0.00118663418,-0.001980424,-0.00192817533,1.07514036,0.118050911,-0.141174316,0.0389124751,0.00383546436,0.042447824,0.001307184,-0.00181701779,-0.002426672,1.05468512,-0.0737915039,-0.119018555,0.0321455225,0.000631798059,0.03523122,-0.5500161,2.1321528,2.73881,3.51421022
62,1.2399995606575964,210,0,0,0,0,0,-8.640912E-05,0,-0.00114324875,-8.640912E-05,0,-0.00114324875,1,0,0,1,1.7281817E-06,0,2.2864966E-05,0,0,0,-0.0005438032,-0.001474753,-0.0002125942,-0.151062012,0.008003242,0.0464165136,0.00188939308,-0.000165599,0.002464008,0.000290116353,4.33325768E-05,-0.0008228086,0.026645137,0.0191223621,0.122941352,-0.004303106,-0.0003385998,-0.00158586132,-2.62708327E-05,8.39829445E-05,-0.00071510917,0.007055198,-0.00457763672,-0.0114135742,-0.00452057831,-0.000128643733,-0.000136256684,5.964638E-05,0.00250768661,0.00111607229,4.910462,0.0603594147,0.1570328,0.0568720624,0.000264971372,-0.000383575039,1.21849425E-05,0.00251704454,0.00113624241,4.886746,-0.0214538574,-0.0158996582,0.0588631,2.85034439E-05,-8.070097E-05,0.00118583336,-0.00197204947,-0.0019329997,1.07519388,0.118062355,-0.1411438,0.039000608,0.00383873051,0.04244639,0.00130947633,-0.00182235241,-0.00243161246,1.05474913,-0.0737915039,-0.119049072,0.0321877971,0.0006181528,0.0352356136,-0.5500161,2.1321528,2.73881,3.51421022
63,1.2599995535714286,215,0,0,0,0,0,-8.654857E-05,0,-0.00114316144,-8.654857E-05,0,-0.00114316144,1,0,0,1,1.73097078E-06,1.49011612E-08,2.286322E-05,0,0,0,-0.000542930735,-0.00147482753,-0.00021007999,-0.150970459,0.008015738,0.04637764,0.00187785947,-0.000167859223,0.00246691541,0.0002899287,4.30494547E-05,-0.000825387542,0.0266258977,0.0191311911,0.122941606,-0.00431648036,-0.000341241132,-0.001584481,-2.60057022E-05,8.369982E-05,-0.0007232556,0.00701643853,-0.00457763672,-0.0114135742,-0.004560815,-0.000130274639,-0.000137127427,5.94976555E-05,0.00249683857,0.00111700757,4.91044331,0.06037151,0.157032713,0.0569581836,0.000262340531,-0.000383987062,1.1783487E-05,0.00252085924,0.00113811484,4.88687658,-0.02142334,-0.0158996582,0.05911969,3.167802E-05,-7.86368837E-05,0.00118557829,-0.001977712,-0.00192746823,1.07517719,0.118056752,-0.141174316,0.0389041752,0.0038335172,0.0424211249,0.001305472,-0.00181891024,-0.00242221029,1.05465043,-0.0737915039,-0.119049072,0.0320795737,0.0006353456,0.0352059267,-0.5500161,2.1321528,2.73881,3.51421022
64,1.2799995464852607,219,0,0,0,0,0,-8.638723E-05,0,-0.00114307308,-8.638723E-05,0,-0.00114307308,1,0,0,1,1.72774378E-06,0,2.28614517E-05,0,0,0,-0.000542189169,-0.0014745146,-0.000207958656,-0.150909424,0.008025579,0.0463444963,0.001867746,-0.000170343148,0.00246917363,0.0002898138,4.33027744E-05,-0.0008251251,0.02660439,0.0191370472,0.122942209,-0.004315795,-0.000343814318,-0.00158350228,-2.62169287E-05,8.39829445E-05,-0.0007220163,0.006975105,-0.00457763672,-0.0114135742,-0.00455396762,-0.000131361958,-0.000135647468,5.84952577E-05,0.00250811875,0.00111895241,4.910418,0.0603755377,0.15703617,0.0569627322,0.000259248249,-0.000381770951,1.14198574E-05,0.00252082944,0.00113960507,4.886866,-0.02142334,-0.0158996582,0.059044756,3.16627957E-05,-7.829545E-05,0.00118570309,-0.00197157264,-0.00192858744,1.0751369,0.118056409,-0.141174316,0.038940616,0.00383074861,0.0424182,0.00130628084,-0.0018184036,-0.00242552534,1.05458224,-0.07376099,-0.119018555,0.03212619,0.0006353633,0.03522948,-0.5500161,2.1321528,2.73881,3.51421022
65,1.2999995393990929,224,0,0,0,0,0,-8.642833E-05,0,-0.00114305853,-8.642833E-05,0,-0.00114305853,1,0,0,1,1.72856585E-06,0,2.286116E-05,0,0,0,-0.000541538466,-0.00147621334,-0.000206131022,-0.150848389,0.008033958,0.0463137366,0.00185914373,-0.000171522232,0.00246929866,0.000289807,4.30494547E-05,-0.000825172756,0.0265823044,0.01914148,0.122943796,-0.004316152,-0.0003450566,-0.00158336118,-2.6243828E-05,8.371472E-05,-0.0007212398,0.00693905959,-0.00457763672,-0.0114135742,-0.004549954,-0.000131625085,-0.000135390481,5.903389E-05,0.00249537826,0.001119762,4.910391,0.0603804737,0.157037258,0.0569654219,0.000258261745,-0.000383338163,1.156711E-05,0.002520129,0.001138234,4.88685846,-0.02142334,-0.0158996582,0.05903903,2.91125E-05,-7.892448E-05,0.00118621811,-0.001980722,-0.00192631327,1.07505548,0.118049964,-0.141204834,0.0388890654,0.00383327645,0.0424361676,0.00130755757,-0.00182048976,-0.0024267172,1.05452514,-0.07376099,-0.118988037,0.0321401842,0.000633983058,0.0352520458,-0.5500161,2.1321528,2.73881,3.51421022
66,1.3199995323129252,229,0,0,0,0,0,-8.64217654E-05,0,-0.001143113,-8.64217654E-05,0,-0.001143113,1,0,0,1,1.72843465E-06,0,2.28622521E-05,0,0,0,-0.000541152258,-0.00147593021,-0.000204546057,-0.150817871,0.008041013,0.0462830774,0.00185180979,-0.000172605,0.00248498819,0.000289694668,4.337728E-05,-0.000824867748,0.0265620332,0.019144427,0.122944057,-0.00431490829,-0.000346318644,-0.0015825947,-2.63025868E-05,8.407235E-05,-0.0007176838,0.00692313258,-0.00457763672,-0.0114135742,-0.004531975,-0.00013218126,-0.000134912945,5.889852E-05,0.002510354,0.00111924333,4.91036367,0.06038118,0.157038167,0.0569633,0.0002562222,-0.000383500737,1.189932E-05,0.00251874328,0.00113709329,4.88674164,-0.02142334,-0.0158996582,0.05894974,2.75431212E-05,-8.024944E-05,0.00118735177,-0.00196895,-0.00192997046,1.07504344,0.118042745,-0.141204834,0.0389804877,0.00382925547,0.0424495824,0.00130924722,-0.00182208419,-0.00243021175,1.05453956,-0.07376099,-0.118988037,0.0321801044,0.0006273533,0.0352655649,-0.5500161,2.1321528,2.73881,3.51421022
67,1.3399995252267574,233,0,0,0,0,0,-8.630748E-05,0,-0.00114306645,-8.630748E-05,0,-0.00114306645,1,0,0,1,1.726149E-06,0,2.286132E-05,0,0,0,-0.0005400418,-0.00147496164,-0.000203165837,-0.150756836,0.008047296,0.046262037,0.00184535189,-0.000173373817,0.00247493153,0.000289854157,4.30345535E-05,-0.000825302559,0.0265390929,0.0191470683,0.122944117,-0.004316749,-0.000346380431,-0.001583677,-2.621211E-05,8.369982E-05,-0.0007198868,0.00689783832,-0.00457763672,-0.0114135742,-0.00454323646,-0.00013163469,-0.000135642375,6.01473075E-05,0.00249587,0.00111835124,4.91032839,0.0603831224,0.157035962,0.0569625236,0.00025715318,-0.000386348052,1.18177595E-05,0.00251950324,0.00113748142,4.886741,-0.02142334,-0.0158996582,0.05903323,2.85682836E-05,-7.965343E-05,0.0011879513,-0.001981154,-0.00192793272,1.07497346,0.1180365,-0.141204834,0.03892402,0.00383444,0.04247691,0.00130810682,-0.00182183087,-0.002427006,1.05450189,-0.07376099,-0.119018555,0.0321405865,0.0006321646,0.0352561325,-0.5500161,2.1321528,2.73881,3.51421022
68,1.3599995181405895,238,0,0,0,0,0,-8.649154E-05,0,-0.001143,-8.649154E-05,0,-0.001143,1,0,0,1,1.72983016E-06,0,2.285999E-05,0,0,0,-0.000539810047,-0.00147508085,-0.000202015159,-0.150726318,0.008052401,0.0462377965,0.00184012391,-0.000174610977,0.002486328,0.000290005642,4.336238E-05,-0.00082502357,0.0265171,0.0191481877,0.122943111,-0.00431594858,-0.00034791854,-0.00158389937,-2.60052639E-05,8.404255E-05,-0.0007204657,0.006866982,-0.00457763672,-0.0114135742,-0.004545515,-0.0001326161,-0.0001361134,5.98805054E-05,0.0025101006,0.00111760467,4.91029072,0.0603810661,0.157036334,0.0569599,0.000255178777,-0.0003852392,1.15741914E-05,0.00252066553,0.00113855291,4.88672829,-0.02142334,-0.0158996582,0.05903815,2.874285E-05,-7.826243E-05,0.00118865422,-0.00197055936,-0.00193117652,1.07497787,0.118031338,-0.141204834,0.0390056446,0.00383120566,0.0424849726,0.00130765256,-0.00181996822,-0.00242721522,1.05446315,-0.07376099,-0.118988037,0.0321497023,0.0006352985,0.035259828,-0.5500161,2.1321528,2.73881,3.51421022
69,1.3799995110544216,243,0,0,0,0,0,-8.61041262E-05,0,-0.0011428477,-8.61041262E-05,0,-0.0011428477,1,0,0,1,1.72208183E-06,1.49011612E-08,2.28569461E-05,0,0,0,-0.000539069064,-0.00147691369,-0.0002010786,-0.1506958,0.00805656,0.0462222658,0.00183527824,-0.000175197725,0.00247816718,0.0002901139,4.30643559E-05,-0.000828846532,0.02647354,0.0191489346,0.122941419,-0.00433482043,-0.000348050671,-0.00158475409,-2.63292568E-05,8.37296247E-05,-0.000720310665,0.00683565,-0.00457763672,-0.0114135742,-0.004544825,-0.000132091111,-0.000134810776,6.0486258E-05,0.002497837,0.00111728325,4.91035032,0.06038168,0.157032564,0.0570466481,0.0002544923,-0.000386610423,1.15761341E-05,0.00252023339,0.00113849761,4.8867116,-0.02142334,-0.0158996582,0.05903785,2.87863913E-05,-7.931779E-05,0.00118947541,-0.00198000669,-0.0019264326,1.074874,0.118014865,-0.141235352,0.03892119,0.003829125,0.0424937047,0.00130817038,-0.00182108581,-0.00242745271,1.05442178,-0.07376099,-0.118988037,0.032152243,0.000635492848,0.03527164,-0.5500161,2.1321528,2.73881,3.51421022
70,1.399999503968254,245,0,0,0,0,0,-8.627761E-05,0,-0.0011429094,-8.627761E-05,0,-0.0011429094,1,0,0,1,1.72555144E-06,0,2.285818E-05,0,0,0,-0.00053904485,-0.00147719681,-0.000200214228,-0.150665283,0.008060512,0.0462014638,0.0018315484,-0.000175517634,0.0024952055,0.000290212862,4.33474779E-05,-0.000822317845,0.0264621712,0.01914909,0.122939177,-0.004302473,-0.0003486826,-0.0015849726,-2.63196962E-05,8.402765E-05,-0.0007200879,0.006805354,-0.00457763672,-0.0114135742,-0.00454350375,-0.000132434012,-0.000134571615,6.04538145E-05,0.002507165,0.0011165546,4.91018772,0.06037567,0.157030955,0.056874048,0.000255798252,-0.000386023748,1.1569201E-05,0.002520457,0.00113835582,4.88669157,-0.02142334,-0.0158996582,0.0590370446,2.87062048E-05,-7.93262E-05,0.00118921581,-0.00197561085,-0.001934486,1.07491314,0.1180219,-0.141174316,0.0390478671,0.003840638,0.0425303839,0.001308467,-0.0018209666,-0.002428118,1.05437768,-0.07376099,-0.118988037,0.0321623459,0.0006354913,0.03527845,-0.5500161,2.1321528,2.73881,3.51421022
71,1.4199994968820862,250,0,0,0,0,0,-8.610892E-05,0,-0.00114297506,-8.610892E-05,0,-0.00114297506,1,0,0,1,1.72217779E-06,0,2.28594927E-05,0,0,0,-0.0005382482,-0.00147548318,-0.000199439775,-0.150665283,0.008063257,0.04618787,0.00182799378,-0.000176663933,0.00249608164,0.000290208583,4.30345535E-05,-0.000824111048,0.0264467429,0.0191487614,0.12293759,-0.004311643,-0.0003489356,-0.00158489263,-2.62757912E-05,8.368492E-05,-0.0007165353,0.00679464731,-0.00457763672,-0.0114135742,-0.00452560838,-0.000132672809,-0.000134740389,6.039172E-05,0.00249579549,0.001116597,4.91015148,0.06037676,0.157029375,0.05695521,0.0002573262,-0.000385873282,1.18940579E-05,0.00251883268,0.00113763893,4.886565,-0.02142334,-0.0158996582,0.05894898,2.660247E-05,-8.01829E-05,0.00118827482,-0.0019826293,-0.00192949479,1.07489371,0.118027568,-0.141174316,0.03895643,0.00383824832,0.0425022356,0.00131010776,-0.00182308257,-0.00243133632,1.05440223,-0.07376099,-0.118988037,0.03219786,0.000629513641,0.0352941379,-0.5500161,2.1321528,2.73881,3.51421022
72,1.4399994897959183,253,0,0,0,0,0,-8.620397E-05,0,-0.00114293618,-8.620397E-05,0,-0.00114293618,1,0,0,1,1.72407863E-06,1.49011612E-08,2.28587141E-05,0,0,0,-0.000537795539,-0.00147637725,-0.000198846858,-0.150634766,0.008065879,0.0461752377,0.00182489119,-0.000176612361,0.00249387114,0.0002899706,4.34219837E-05,-0.0008243867,0.0264284424,0.019148875,0.122936592,-0.00431289338,-0.0003486502,-0.00158375164,-2.60973648E-05,8.408725E-05,-0.0007188028,0.00677461736,-0.00457763672,-0.0114135742,-0.00453703757,-0.0001323398,-0.000135676586,5.94475532E-05,0.00251041353,0.00111753156,4.910107,0.06037613,0.157029971,0.0569587648,0.000254956452,-0.000384096464,1.168869E-05,0.00252017379,0.00113817584,4.886555,-0.02142334,-0.0158996582,0.059033,2.79604483E-05,-7.90138947E-05,0.0011884761,-0.001970306,-0.00193152484,1.07491648,0.118022338,-0.141174316,0.0390164331,0.003832044,0.0424875729,0.0013085783,-0.00182136893,-0.00242811185,1.05438316,-0.07376099,-0.118988037,0.032160975,0.000634832948,0.0352780744,-0.5500161,2.1321528,2.73881,3.51421022
73,1.4599994827097504,257,0,0,0,0,0,-8.610421E-05,0,-0.001142666,-8.610421E-05,0,-0.001142666,1,0,0,1,1.72208365E-06,0,2.285331E-05,0,0,0,-0.0005372959,-0.00147517025,-0.000198318245,-0.150604248,0.008068218,0.04616869,0.00182275858,-0.000176822912,0.00248384965,0.000289869873,4.30494547E-05,-0.00083152,0.02636926,0.01914905,0.122936107,-0.004348146,-0.0003485139,-0.00158350915,-2.64476748E-05,8.37296247E-05,-0.000719350355,0.006748138,-0.00457763672,-0.0114135742,-0.004539879,-0.000131586319,-0.000134181959,5.97639446E-05,0.00249916315,0.0011183453,4.910262,0.0603784658,0.157028079,0.0571340732,0.000253025442,-0.000385451276,1.147985E-05,0.0025203377,0.00113916816,4.886533,-0.02142334,-0.0158996582,0.0590376444,2.90497246E-05,-7.95191154E-05,0.00119015318,-0.00197903812,-0.00192359043,1.07476032,0.117996521,-0.141204834,0.0388953127,0.0038226347,0.0424898975,0.00130851613,-0.00182133913,-0.002428035,1.05435026,-0.07376099,-0.11895752,0.03216233,0.0006371267,0.0352864861,-0.5500161,2.1321528,2.73881,3.51421022
74,1.4799994756235828,261,0,0,0,0,0,-8.635937E-05,0,-0.00114273257,-8.635937E-05,0,-0.00114273257,1,0,0,1,1.72718671E-06,1.49011612E-08,2.28546414E-05,0,0,0,-0.000537672138,-0.00147598982,-0.000197894376,-0.150604248,0.008071057,0.0461553968,0.00182060851,-0.000176466,0.00250090612,0.000290212978,4.337728E-05,-0.0008223569,0.0263533387,0.0191490911,0.122935511,-0.004302401,-0.000348738453,-0.001585101,-2.61629939E-05,8.401275E-05,-0.0007191612,0.00672197156,-0.00457763672,-0.0114135742,-0.00453893561,-0.000131533,-0.000135447743,6.02271939E-05,0.00250740349,0.00111739326,4.910078,0.0603699535,0.157028154,0.0568775423,0.000254547282,-0.0003852815,1.14495E-05,0.00252011418,0.00113929063,4.886508,-0.02142334,-0.0158996582,0.059037663,2.95958853E-05,-7.83494761E-05,0.001190261,-0.00197629631,-0.00193502591,1.07477355,0.11800018,-0.141174316,0.0390693434,0.00384119619,0.0425590947,0.00130859553,-0.00182180107,-0.00242826,1.05430436,-0.07373047,-0.11895752,0.0321640149,0.000637161371,0.035289254,-0.5500161,2.1321528,2.73881,3.51421022
75,1.4999994685374149,266,0,0,0,0,0,-8.609325E-05,0,-0.00114266772,-8.609325E-05,0,-0.00114266772,1,0,0,1,1.72186435E-06,0,2.28533463E-05,0,0,0,-0.0005368403,-0.0014757961,-0.000197466186,-0.150604248,0.008072641,0.0461519659,0.0018185263,-0.000177540438,0.00248905877,0.0002901609,4.30494547E-05,-0.000827088836,0.026319582,0.0191484373,0.122933775,-0.00432629557,-0.000349205,-0.001584765,-2.625466E-05,8.371472E-05,-0.0007191471,0.00669597043,-0.00457763672,-0.0114135742,-0.00453858264,-0.000131997542,-0.000134916161,6.04114175E-05,0.002497241,0.0011163411,4.910131,0.0603714176,0.157025144,0.05704036,0.00025549368,-0.000386142754,1.14376317E-05,0.002520159,0.001138918,4.886479,-0.02142334,-0.0158996582,0.0590368547,2.88025512E-05,-7.875368E-05,0.00119057519,-0.00198303163,-0.00192795519,1.07471979,0.117994308,-0.141174316,0.03896019,0.00383329531,0.0425394,0.00130917248,-0.00182242692,-0.00242893258,1.05427349,-0.07373047,-0.11895752,0.03217449,0.000638076,0.0353058949,-0.5500161,2.1321528,2.73881,3.51421022
76,1.5199994614512471,271,0,0,0,0,0,-8.627328E-05,0,-0.00114253559,-8.627328E-05,0,-0.00114253559,1,0,0,1,1.72546481E-06,1.49011612E-08,2.28507033E-05,0,0,0,-0.0005367661,-0.001475066,-0.000197159417,-0.15057373,0.008074534,0.0461453721,0.00181760988,-0.000177340684,0.002489549,0.000289992,4.339218E-05,-0.000828093733,0.0262754,0.0191483311,0.122932173,-0.0043309927,-0.000348874833,-0.00158403662,-2.62628782E-05,8.404255E-05,-0.000718942436,0.00667028455,-0.00457763672,-0.0114135742,-0.00453772768,-0.0001314098,-0.000134976712,5.985061E-05,0.00251092017,0.001117136,4.91015959,0.06036833,0.157025337,0.0570458472,0.0002529493,-0.000385179417,1.13871665E-05,0.002519831,0.00113870669,4.886447,-0.02142334,-0.0158996582,0.0590359159,2.884776E-05,-7.864676E-05,0.00119139091,-0.00197292864,-0.0019303778,1.07466376,0.117979981,-0.141204834,0.03902518,0.00382884359,0.04254373,0.00130930333,-0.00182303786,-0.00242902827,1.05423737,-0.07373047,-0.11895752,0.03217441,0.000637821038,0.03530808,-0.5500161,2.1321528,2.73881,3.51421022
77,1.5399994543650792,278,0,0,0,0,0,-8.624902E-05,0,-0.00114259392,-8.624902E-05,0,-0.00114259392,1,0,0,1,1.72497971E-06,0,2.285187E-05,0,0,0,-0.0005369241,-0.00147745013,-0.000196913374,-0.15057373,0.008076234,0.04613839,0.00181557762,-0.00017754038,0.00249711936,0.0002899997,4.30494547E-05,-0.0008213817,0.0262660719,0.0191477761,0.122929975,-0.004297624,-0.000349147565,-0.00158398855,-2.60856359E-05,8.371472E-05,-0.0007188825,0.00664505735,-0.00457763672,-0.0114135742,-0.00453730859,-0.000131670342,-0.000135756753,6.07530637E-05,0.00249373913,0.00111603912,4.90997362,0.0603641048,0.157019809,0.05687191,0.0002574214,-0.000387457869,1.15726307E-05,0.002520904,0.00113849435,4.88641167,-0.02142334,-0.0158996582,0.0590354055,2.90651315E-05,-7.84878357E-05,0.00119060068,-0.001987815,-0.00193394115,1.074671,0.117994159,-0.1411438,0.03903567,0.00384801743,0.0425910056,0.0013095974,-0.00182174146,-0.0024298355,1.05421543,-0.07373047,-0.118927,0.0321907066,0.000638792058,0.03531777,-0.5500161,2.1321528,2.73881,3.51421022
78,1.5599994472789116,285,0,0,0,0,0,-8.62193847E-05,0,-0.0011427023,-8.62193847E-05,0,-0.0011427023,1,0,0,1,1.724387E-06,1.49011612E-08,2.28540375E-05,0,0,0,-0.0005366213,-0.00147667527,-0.000196621782,-0.15057373,0.008076945,0.0461324528,0.001814798,-0.00017836706,0.00250125234,0.000290072436,4.339218E-05,-0.0008224809,0.0262578763,0.0191465989,0.12292853,-0.00430367561,-0.0003497882,-0.00158394594,-2.63563452E-05,8.404255E-05,-0.000715241942,0.006640096,-0.00457763672,-0.0114135742,-0.00451871241,-0.000132659523,-0.000134035115,5.91929456E-05,0.002510175,0.00111628673,4.90992069,0.06036272,0.157021716,0.05695129,0.000255750056,-0.000383009,1.17794161E-05,0.00251807272,0.00113814487,4.88627243,-0.02142334,-0.0158996582,0.0589479022,2.636791E-05,-8.025843E-05,0.00118945783,-0.001973018,-0.00193369621,1.074736,0.118000232,-0.1411438,0.0390671231,0.0038374362,0.0425366238,0.00131096388,-0.00182522833,-0.00243240548,1.05423987,-0.07373047,-0.118927,0.0322113372,0.000631457951,0.0353229977,-0.5500161,2.1321528,2.73881,3.51421022
79,1.5799994401927437,292,0,0,0,0,0,-8.619307E-05,0,-0.00114247063,-8.619307E-05,0,-0.00114247063,1,0,0,1,1.72386069E-06,0,2.28494027E-05,0,0,0,-0.000536395,-0.00147718191,-0.000196447,-0.150543213,0.008078253,0.0461295731,0.00181357446,-0.000177852722,0.00249823579,0.000289755582,4.30643559E-05,-0.00083035056,0.026204383,0.0191468876,0.122928828,-0.004342057,-0.000348343019,-0.001583037,-2.61860769E-05,8.375943E-05,-0.0007174675,0.00662545767,-0.00457763672,-0.0114135742,-0.004530491,-0.0001310481,-0.000135535069,5.9578615E-05,0.00249923766,0.00111805648,4.91006041,0.060367927,0.157020748,0.0571314,0.000254097336,-0.000385144434,1.16256087E-05,0.002520606,0.00113881088,4.88625,-0.02142334,-0.0158996582,0.0590322055,2.83723439E-05,-7.904059E-05,0.00119100651,-0.00198045373,-0.00192474341,1.07460749,0.117976487,-0.141174316,0.0389285162,0.00382516417,0.0425238274,0.00130946375,-0.00182186067,-0.00242949021,1.05423367,-0.07373047,-0.11895752,0.0321845375,0.000637878256,0.03531084,-0.5500161,2.1321528,2.73881,3.51421022
80,1.5999994331065759,299,0,0,0,0,0,-8.627638E-05,0,-0.00114241673,-8.627638E-05,0,-0.00114241673,1,0,0,1,1.72552689E-06,1.49011612E-08,2.28483259E-05,0,0,0,-0.000536454667,-0.00147655606,-0.000196278677,-0.150543213,0.008080137,0.0461251549,0.00181303511,-0.000177298934,0.002502087,0.0002898261,4.337728E-05,-0.000824562449,0.0261747632,0.0191473942,0.12292809,-0.00431291433,-0.0003482518,-0.00158348889,-2.6326923E-05,8.402765E-05,-0.0007180542,0.006604516,-0.00457763672,-0.0114135742,-0.00453355163,-0.000130670014,-0.00013492252,5.975575E-05,0.00250907242,0.00111803878,4.90996456,0.060361743,0.157020211,0.056963034,0.000253569975,-0.000385293853,1.16041456E-05,0.00252011418,0.001139879,4.886217,-0.02142334,-0.0158996582,0.05903711,2.9749106E-05,-7.932884E-05,0.00119200884,-0.00197590888,-0.00193332171,1.07458258,0.117968909,-0.141174316,0.039069403,0.00383603154,0.04258422,0.00130938808,-0.001822412,-0.002428999,1.05420148,-0.07373047,-0.118927,0.03217779,0.0006392312,0.03531438,-0.5500161,2.1321528,2.73881,3.51421022
81,1.619999426020408,306,0,0,0,0,0,-8.61913941E-05,0,-0.00114237447,-8.61913941E-05,0,-0.00114237447,1,0,0,1,1.72382715E-06,0,2.284748E-05,0,0,0,-0.000536156062,-0.00147800148,-0.000196107139,-0.150543213,0.008081372,0.04612399,0.00181249762,-0.000177822178,0.002496572,0.000290071766,4.30345535E-05,-0.0008265291,0.0261387341,0.0191471558,0.12292657,-0.00432294374,-0.00034881683,-0.00158460962,-2.63532911E-05,8.369982E-05,-0.000717985,0.00658372976,-0.00457763672,-0.0114135742,-0.00453299237,-0.000131116045,-0.000134678208,6.039118E-05,0.002496615,0.0011171964,4.9099884,0.0603607446,0.157016933,0.05704275,0.0002556712,-0.000386255415,1.15730736E-05,0.00252008438,0.0011399897,4.886182,-0.02142334,-0.0158996582,0.0590374134,2.94255424E-05,-7.935628E-05,0.00119214435,-0.001986146,-0.00192878162,1.07450151,0.117964156,-0.141174316,0.03898985,0.003835807,0.04258853,0.00130972767,-0.00182291865,-0.00242927,1.05416811,-0.07373047,-0.118927,0.03218211,0.000639847131,0.0353241824,-0.5500161,2.1321528,2.73881,3.51421022
82,1.6399994189342404,312,0,0,0,0,0,-8.62852E-05,0,-0.00114244584,-8.62852E-05,0,-0.00114244584,1,0,0,1,1.72570344E-06,0,2.2848908E-05,0,0,0,-0.0005360819,-0.00147722661,-0.000195998786,-0.150543213,0.008082479,0.0461210757,0.001811385,-0.000178082468,0.00249862461,0.00029004406,4.337728E-05,-0.0008198123,0.02613773,0.0191467423,0.1229252,-0.004289634,-0.0003491124,-0.00158424012,-2.62886388E-05,8.404255E-05,-0.000717908435,0.006563089,-0.00457763672,-0.0114135742,-0.004532417,-0.000131607609,-0.000134767019,6.00948624E-05,0.00250820816,0.00111671316,4.90979528,0.0603557527,0.1570175,0.05687015,0.0002561588,-0.000385358144,1.16299088E-05,0.0025203824,0.0011396677,4.886144,-0.02142334,-0.0158996582,0.059036538,2.9383018E-05,-7.934425E-05,0.00119153585,-0.00197736919,-0.00193736819,1.07457745,0.1179758,-0.1411438,0.0391277075,0.00384515687,0.0426088981,0.0013098527,-0.00182278454,-0.00242987019,1.05413914,-0.07373047,-0.118927,0.032191474,0.0006406109,0.0353311934,-0.5500161,2.1321528,2.73881,3.51421022
83,1.6599994118480725,318,0,0,0,0,0,-8.621552E-05,0,-0.00114214385,-8.621552E-05,0,-0.00114214385,1,0,0,1,1.72430975E-06,0,2.28428689E-05,0,0,0,-0.000535996747,-0.00147727132,-0.000195867833,-0.150543213,0.008082524,0.0461189635,0.0018109465,-0.0001789662,0.00249936339,0.00028997325,4.30643559E-05,-0.0008285313,0.0260939877,0.0191454347,0.1229247,-0.004333566,-0.000349935726,-0.00158360251,-2.61942951E-05,8.369982E-05,-0.000724685146,0.006504603,-0.00457763672,-0.0114135742,-0.004565729,-0.000132236208,-0.0001349228,5.98407E-05,0.00249803066,0.00111763284,4.909934,0.0603593364,0.157016709,0.0571258143,0.000254466344,-0.000385192776,1.125479E-05,0.00252114236,0.001140327,4.88630629,-0.02142334,-0.0158996582,0.0592103042,3.20930849E-05,-7.793074E-05,0.00119185331,-0.00198416412,-0.00192584051,1.0744642,0.117961265,-0.141174316,0.0389522463,0.00382932927,0.042561058,0.00130810961,-0.001824215,-0.00242377724,1.05396986,-0.07369995,-0.118896484,0.03211567,0.0006526373,0.0353351273,-0.5500161,2.1321528,2.73881,3.51421022
84,1.6799994047619047,323,0,0,0,0,0,-8.624573E-05,0,-0.00114221836,-8.624573E-05,0,-0.00114221836,1,0,0,1,1.724914E-06,1.49011612E-08,2.28443587E-05,0,0,0,-0.0005359245,-0.00147627294,-0.000195790286,-0.150543213,0.008082653,0.04611757,0.00181062659,-0.0001789807,0.00249904254,0.000289937831,4.336238E-05,-0.0008201015,0.0260882527,0.0191443283,0.122924052,-0.00429139752,-0.000349806563,-0.00158342964,-2.63257589E-05,8.404255E-05,-0.000716112,0.00648585474,-0.00457763672,-0.0114135742,-0.00452291965,-0.0001319095,-0.000134263537,5.96624777E-05,0.00250816345,0.00111796951,4.90972853,0.0603521653,0.1570166,0.05687498,0.00025415374,-0.000384624844,1.148914E-05,0.00251978636,0.001138645,4.88612747,-0.02142334,-0.0158996582,0.0589534752,2.75106777E-05,-7.923348E-05,0.00119187683,-0.00197725,-0.00193684676,1.07451653,0.117965706,-0.1411438,0.039123334,0.00384383276,0.0426122434,0.001312202,-0.00182442367,-0.00243493915,1.053993,-0.07369995,-0.118865967,0.0322588347,0.000638198166,0.0353790335,-0.5500161,2.1321528,2.73881,3.51421022
85,1.6999993976757368,329,0,0,0,0,0,-8.616707E-05,0,-0.00114210963,-8.616707E-05,0,-0.00114210963,1,0,0,1,1.72334069E-06,0,2.28421832E-05,0,0,0,-0.0005357117,-0.00147473812,-0.000195660075,-0.150543213,0.008082737,0.04611852,0.001810266,-0.000178899136,0.00249354076,0.000289930264,4.30345535E-05,-0.0008282372,0.0260457844,0.0191435888,0.122923248,-0.004331847,-0.000349371519,-0.00158358167,-2.63359452E-05,8.367002E-05,-0.000720542157,0.006451465,-0.00457763672,-0.0114135742,-0.00454518571,-0.000131714856,-0.000134398535,5.96257523E-05,0.00249893963,0.00111797545,4.909863,0.0603551678,0.157014653,0.05712638,0.000254421378,-0.000384722,1.19273072E-05,0.002520293,0.00113724184,4.886184,-0.02142334,-0.0158996582,0.05911441,2.89869422E-05,-8.045865E-05,0.00119254552,-0.00198329985,-0.00192647474,1.07441139,0.117950954,-0.141174316,0.0389719233,0.00382910226,0.0425770767,0.00131099438,-0.0018260777,-0.00242915563,1.05393088,-0.07369995,-0.118896484,0.0321837626,0.0006452887,0.0353722721,-0.5500161,2.1321528,2.73881,3.51421022
86,1.7199993905895692,334,0,0,0,0,0,-8.63038949E-05,0,-0.00114191719,-8.63038949E-05,0,-0.00114191719,1,0,0,1,1.72607724E-06,1.49011612E-08,2.2838336E-05,0,0,0,-0.000535953557,-0.00147677958,-0.0001956712,-0.150543213,0.008083136,0.0461155772,0.00181019062,-0.0001787631,0.00249844347,0.000289935444,4.339218E-05,-0.0008233352,0.026021542,0.0191428438,0.122922435,-0.00430735,-0.000349587674,-0.00158350077,-2.608958E-05,8.41021538E-05,-0.000722165743,0.006402496,-0.00457763672,-0.0114135742,-0.00455311546,-0.000131571724,-0.000135481343,5.98564038E-05,0.00250975788,0.00111795648,4.90975428,0.0603492036,0.157014072,0.0569607541,0.0002532418,-0.000385218533,1.16537321E-05,0.00252296031,0.00113753357,4.88621426,-0.02142334,-0.0158996582,0.0591207519,3.128202E-05,-7.877596E-05,0.00119329663,-0.00197646022,-0.00193468737,1.074418,0.117944658,-0.1411438,0.03911002,0.00383772817,0.0426242426,0.00131051731,-0.00182178617,-0.00243049045,1.05389059,-0.07366943,-0.118835449,0.0322158523,0.0006503067,0.0353835225,-0.5500161,2.1321528,2.73881,3.51421022
87,1.7399993835034013,341,0,0,0,0,0,-8.627133E-05,0,-0.00114200136,-8.627133E-05,0,-0.00114200136,1,0,0,1,1.72542593E-06,0,2.28400186E-05,0,0,0,-0.0005359165,-0.00147689879,-0.000195563785,-0.150543213,0.008083007,0.0461139642,0.00180974207,-0.000179189359,0.00250236434,0.000290342228,4.30196524E-05,-0.0008253191,0.02599038,0.0191416219,0.122921355,-0.004317423,-0.0003498157,-0.00158544432,-2.59799835E-05,8.367002E-05,-0.0007151804,0.00639076065,-0.00457763672,-0.0114135742,-0.00451809168,-0.000131864814,-0.000135928931,6.033686E-05,0.00249654055,0.00111736578,4.909765,0.0603478774,0.1570115,0.05704106,0.0002554758,-0.000385166379,1.20452914E-05,0.00251829624,0.00113620248,4.886031,-0.02142334,-0.0158996582,0.0589449629,2.52637856E-05,-7.968317E-05,0.00119322585,-0.00198768079,-0.00192981039,1.0743432,0.117943577,-0.1411438,0.03901907,0.00383788231,0.04262387,0.00131380348,-0.00182788074,-0.00243619247,1.05393815,-0.07369995,-0.118835449,0.0322695039,0.0006353985,0.0354029723,-0.5500161,2.1321528,2.73881,3.51421022
88,1.7599993764172335,347,0,0,0,0,0,-8.621196E-05,0,-0.00114198774,-8.621196E-05,0,-0.00114198774,1,0,0,1,1.72423859E-06,0,2.28397457E-05,0,0,0,-0.0005357598,-0.001476571,-0.0001955312,-0.150543213,0.008083629,0.0461142845,0.001809521,-0.0001783648,0.00249820948,0.0002897726,4.339218E-05,-0.000825660769,0.0259558968,0.0191417113,0.122918941,-0.004318491,-0.000348622241,-0.00158308167,-2.6189342E-05,8.402765E-05,-0.0007163034,0.006379048,-0.00457763672,-0.0114135742,-0.004524295,-0.000131020584,-0.000135400987,5.966094E-05,0.00251095,0.00111765054,4.909764,0.0603450872,0.157011136,0.05704311,0.000253646518,-0.0003852682,1.21813928E-05,0.00251945853,0.00113683648,4.88597775,-0.02142334,-0.0158996582,0.0590257756,2.75777074E-05,-8.075194E-05,0.00119404821,-0.00197641551,-0.00193268165,1.07431769,0.117933139,-0.1411438,0.03909456,0.003833336,0.0426287726,0.00131235272,-0.00182642043,-0.00243277778,1.05395877,-0.07369995,-0.118865967,0.0322280154,0.0006391626,0.03538121,-0.5500161,2.1321528,2.73881,3.51421022
89,1.7799993693310656,354,0,0,0,0,0,-8.62731758E-05,0,-0.00114174921,-8.62731758E-05,0,-0.00114174921,1,0,0,1,1.72546277E-06,0,2.28349745E-05,0,0,0,-0.0005356951,-0.0014757961,-0.00019548909,-0.1505127,0.008084187,0.0461137444,0.00180902716,-0.000178566843,0.0024985997,0.0002899832,4.30345535E-05,-0.0008258639,0.0259183645,0.0191413425,0.122918129,-0.004319585,-0.0003490918,-0.00158401881,-2.6056141E-05,8.368492E-05,-0.0007233786,0.006325919,-0.00457763672,-0.0114135742,-0.0045593963,-0.000131145833,-0.000135907481,6.049702E-05,0.00249697268,0.001117193,4.90975428,0.06034386,0.157008246,0.05704294,0.00025480875,-0.000386748347,1.14003742E-05,0.00252154469,0.00113993592,4.886122,-0.02142334,-0.0158996582,0.0592071079,3.29248833E-05,-7.783981E-05,0.00119442237,-0.0019878,-0.00193064858,1.07423818,0.117924608,-0.1411438,0.03904158,0.003838198,0.0426518247,0.00130901556,-0.0018247664,-0.00242563174,1.05382168,-0.07366943,-0.118865967,0.0321434736,0.000654433854,0.0353643335,-0.5500161,2.1321528,2.73881,3.51421022
90,1.799999362244898,360,0,0,0,0,0,-8.627504E-05,0,-0.00114183652,-8.627504E-05,0,-0.00114183652,1,0,0,1,1.7255E-06,0,2.283672E-05,0,0,0,-0.0005356612,-0.00147648156,-0.000195449611,-0.1505127,0.008083776,0.04611322,0.00180924917,-0.000179596682,0.002497476,0.0002903606,4.337728E-05,-0.000818361761,0.02592179,0.019139789,0.122916676,-0.004282877,-0.0003502451,-0.001585322,-2.63156E-05,8.405745E-05,-0.0007181771,0.00629451172,-0.00457763672,-0.0114135742,-0.004532727,-0.000132361136,-0.000134019923,6.004096E-05,0.0025075376,0.00111635809,4.90953875,0.060337577,0.157007456,0.0568670258,0.000256372383,-0.000384104322,1.12939933E-05,0.00252154469,0.0011396365,4.88603,-0.02142334,-0.0158996582,0.05903979,2.88303563E-05,-7.85873053E-05,0.00119341537,-0.00198088586,-0.00193900173,1.07433319,0.117943563,-0.141113281,0.039172858,0.003849085,0.0426705629,0.00131176924,-0.00182363391,-0.00243356987,1.05380559,-0.07366943,-0.118835449,0.0322517753,0.000647177338,0.0354039781,-0.5500161,2.1321528,2.73881,3.51421022
91,1.8199993551587301,366,0,0,0,0,0,-8.622218E-05,0,-0.001141869,-8.622218E-05,0,-0.001141869,1,0,0,1,1.72444288E-06,1.49011612E-08,2.28373719E-05,0,0,0,-0.0005356733,-0.00147584081,-0.000195388915,-0.1505127,0.008083183,0.0461129844,0.00180912146,-0.000179481533,0.00249846978,0.0002899949,4.3079257E-05,-0.0008271166,0.0258841757,0.0191388633,0.122915804,-0.00432634773,-0.0003495637,-0.00158371415,-2.64474656E-05,8.371472E-05,-0.0007129432,0.00629699323,-0.00457763672,-0.0114135742,-0.004506844,-0.00013200946,-0.0001336191,5.97928956E-05,0.00249955058,0.00111741759,4.909658,0.0603419654,0.157006949,0.0571231432,0.0002551026,-0.0003848503,1.1839953E-05,0.0025177747,0.00113758212,4.885854,-0.02142334,-0.0158996582,0.0589428,2.47118169E-05,-8.079201E-05,0.00119361584,-0.0019839406,-0.00192806823,1.07426143,0.117932037,-0.141113281,0.0390130766,0.003831478,0.0426142029,0.00131424819,-0.00182932615,-0.002436361,1.05385828,-0.07369995,-0.118835449,0.03227052,0.000636147044,0.0354160964,-0.5500161,2.1321528,2.73881,3.51421022
92,1.8399993480725623,374,0,0,0,0,0,-8.628368E-05,0,-0.00114172348,-8.628368E-05,0,-0.00114172348,1,0,0,1,1.725673E-06,1.49011612E-08,2.283446E-05,0,0,0,-0.000535722531,-0.00147607923,-0.000195386747,-0.1505127,0.008083905,0.0461137742,0.00180878141,-0.000178433242,0.00249484018,0.000289780059,4.33474779E-05,-0.0008218979,0.0258665178,0.0191392954,0.122915126,-0.0042996523,-0.0003484894,-0.00158306933,-2.60406341E-05,8.402765E-05,-0.0007220877,0.00625292724,-0.00457763672,-0.0114135742,-0.00455298461,-0.000130978107,-0.000136035989,5.92950964E-05,0.00250783563,0.00111882389,4.90953636,0.0603375919,0.157007456,0.0569601879,0.000254507817,-0.000384038751,1.1634439E-05,0.00252306461,0.001138856,4.88600159,-0.02142334,-0.0158996582,0.05920105,3.17843733E-05,-7.851041E-05,0.00119379209,-0.00198090076,-0.00193464756,1.07424736,0.11792998,-0.141113281,0.0391129665,0.003840877,0.04265053,0.00131017249,-0.00182306767,-0.00242773467,1.05377734,-0.07366943,-0.118835449,0.0321816765,0.000655361859,0.0353919268,-0.5500161,2.1321528,2.73881,3.51421022
93,1.8599993409863944,381,0,0,0,0,0,-8.623191E-05,0,-0.00114171824,-8.623191E-05,0,-0.00114171824,1,0,0,1,1.72463751E-06,0,2.28343561E-05,0,0,0,-0.0005357793,-0.00147621334,-0.000195362416,-0.1505127,0.008083566,0.04611228,0.00180865265,-0.000179357536,0.00250091124,0.000289893535,4.3079257E-05,-0.000823885843,0.0258417446,0.0191381853,0.122914821,-0.0043102135,-0.000349801558,-0.00158316654,-2.621443E-05,8.369982E-05,-0.0007140114,0.00624423241,-0.00457763672,-0.0114135742,-0.00451202039,-0.000132020476,-0.000134698988,5.95947E-05,0.00249786675,0.00111850747,4.909537,0.06033798,0.1570055,0.0570412949,0.000254516926,-0.000384625368,1.153056E-05,0.002517745,0.00113940844,4.88580227,-0.02142334,-0.0158996582,0.0589515232,2.668053E-05,-7.902703E-05,0.00119406963,-0.00198625028,-0.00193075743,1.07420278,0.117922388,-0.141113281,0.0390505679,0.003837775,0.04264651,0.001313463,-0.001829207,-0.00243574032,1.0537895,-0.07366943,-0.118835449,0.0322627,0.000639621867,0.0354153961,-0.5500161,2.1321528,2.73881,3.51421022
94,1.8799993339002268,385,0,0,0,0,0,-8.626784E-05,0,-0.00114160392,-8.626784E-05,0,-0.00114160392,1,0,0,1,1.72535613E-06,1.49011612E-08,2.283207E-05,0,0,0,-0.0005356524,-0.00147651136,-0.0001953466,-0.1505127,0.008083801,0.0461123623,0.00180862076,-0.000178828021,0.002497983,0.0002897715,4.34070826E-05,-0.000824350456,0.0258130115,0.0191380344,0.1229145,-0.00431205472,-0.000348977919,-0.00158288341,-2.61105815E-05,8.402765E-05,-0.0007214655,0.00620198064,-0.00457763672,-0.0114135742,-0.00454964349,-0.000131305336,-0.0001355403,5.946414E-05,0.00251115859,0.001118515,4.909525,0.060335625,0.157006547,0.0570430048,0.000253499253,-0.000384596526,1.13933693E-05,0.00252129138,0.00113999436,4.88594437,-0.02142334,-0.0158996582,0.0592026524,3.17190352E-05,-7.807261E-05,0.00119509012,-0.00197713077,-0.00193327013,1.07418609,0.117912106,-0.1411438,0.0391173,0.00383392512,0.0426573642,0.00131048844,-0.00182674825,-0.00242725178,1.053668,-0.07366943,-0.118835449,0.0321665555,0.0006555775,0.0354017727,-0.5500161,2.1321528,2.73881,3.51421022
95,1.8999993268140589,390,0,0,0,0,0,-8.62811E-05,0,-0.001141412,-8.62811E-05,0,-0.001141412,1,0,0,1,1.72562136E-06,0,2.282823E-05,0,0,0,-0.0005357255,-0.00147613883,-0.000195333938,-0.1505127,0.008083411,0.0461119674,0.00180857151,-0.000179486015,0.00249969726,0.000290218217,4.30345535E-05,-0.000824472751,0.0257811788,0.0191367324,0.122914322,-0.00431309873,-0.000350027432,-0.00158474362,-2.6287893E-05,8.371472E-05,-0.0007204562,0.00615682546,-0.00457763672,-0.0114135742,-0.00454401039,-0.000131901586,-0.000134249334,6.03541666E-05,0.00249651074,0.00111819722,4.909507,0.06033312,0.157004252,0.05704288,0.000254615617,-0.000385555672,1.12757025E-05,0.00252188742,0.00114039821,4.88594437,-0.02142334,-0.0158996582,0.05912563,3.09119168E-05,-7.83403E-05,0.00119528431,-0.00198970735,-0.00193099759,1.074104,0.117907904,-0.141113281,0.0390584022,0.00383960316,0.042680122,0.001311684,-0.00182551146,-0.002431443,1.05358446,-0.073638916,-0.118804932,0.03222794,0.0006551717,0.0354319066,-0.5500161,2.1321528,2.73881,3.51421022
96,1.9199993197278911,396,0,0,0,0,0,-8.620385E-05,0,-0.0011414719,-8.620385E-05,0,-0.0011414719,1,0,0,1,1.72407636E-06,1.49011612E-08,2.282943E-05,0,0,0,-0.0005357037,-0.00147660077,-0.000195318338,-0.1505127,0.008083228,0.046112027,0.00180845044,-0.000179196068,0.00249842275,0.000290004973,4.33474779E-05,-0.0008238602,0.02575304,0.0191359315,0.122912563,-0.004309847,-0.000349537266,-0.00158386456,-2.64899136E-05,8.39829445E-05,-0.000716351962,0.00613535848,-0.00457763672,-0.0114135742,-0.00452372245,-0.000131496767,-0.000133437527,5.95475249E-05,0.00250890851,0.00111852749,4.90948772,0.0603283942,0.157005161,0.05704199,0.00025396925,-0.000384096667,1.16160718E-05,0.00251936913,0.00113821635,4.885843,-0.02142334,-0.0158996582,0.059032,2.82793444E-05,-8.01545E-05,0.00119542249,-0.00198216736,-0.00193319,1.074064,0.117904566,-0.141113281,0.0391166024,0.00383767742,0.0426819846,0.00131420582,-0.00182949007,-0.00243534427,1.05358088,-0.073638916,-0.118804932,0.032268554,0.0006470029,0.0354578272,-0.5500161,2.1321528,2.73881,3.51421022
97,1.9399993126417232,401,0,0,0,0,0,-8.627518E-05,0,-0.0011413485,-8.627518E-05,0,-0.0011413485,1,0,0,1,1.7255029E-06,0,2.28269619E-05,0,0,0,-0.0005357108,-0.00147613883,-0.000195292727,-0.1505127,0.008083371,0.04611162,0.00180835777,-0.000179069844,0.00249984977,0.000289757038,4.30941582E-05,-0.0008243301,0.02572246,0.019135559,0.122911245,-0.00431194,-0.000349199574,-0.00158275012,-2.60768156E-05,8.380413E-05,-0.000718964,0.006103306,-0.00457763672,-0.0114135742,-0.004536867,-0.000131288252,-0.000135595663,6.02800537E-05,0.002498716,0.00111768849,4.90946245,0.0603286736,0.157001108,0.05704161,0.000254792569,-0.000386910164,1.19692422E-05,0.002522707,0.00113725069,4.88585424,-0.02142334,-0.0158996582,0.0591132268,2.9339968E-05,-7.968651E-05,0.00119620375,-0.00198680162,-0.00193252752,1.07402444,0.117895454,-0.141113281,0.0390964821,0.00383902388,0.0426993743,0.00131327158,-0.00182507932,-0.002433896,1.05357873,-0.073638916,-0.118774414,0.03226562,0.0006530291,0.0354565419,-0.5500161,2.1321528,2.73881,3.51421022
98,1.9599993055555556,407,0,0,0,0,0,-8.623968E-05,0,-0.00114149333,-8.623968E-05,0,-0.00114149333,1,0,0,1,1.72479292E-06,1.49011612E-08,2.28298577E-05,0,0,0,-0.00053569075,-0.00147655606,-0.00019530204,-0.1505127,0.008083319,0.0461118519,0.00180815358,-0.000179056311,0.00249823439,0.000290019554,4.336238E-05,-0.000820226851,0.0257136766,0.0191349462,0.122909673,-0.00429159775,-0.00034934486,-0.00158398261,-2.606129E-05,8.39978456E-05,-0.000712582259,0.0061034034,-0.00457763672,-0.0114135742,-0.00450492743,-0.000131605135,-0.000135597293,5.97176258E-05,0.00250773132,0.0011173049,4.909333,0.06032271,0.157001,0.05695255,0.000255580526,-0.0003843519,1.21050025E-05,0.00251814723,0.00113708794,4.885647,-0.02142334,-0.0158996582,0.0589423478,2.50393932E-05,-8.02256764E-05,0.0011952779,-0.001983717,-0.001936947,1.07405341,0.11790321,-0.141082764,0.0391680934,0.00384594151,0.04270854,0.00131567381,-0.00183029473,-0.002438648,1.053646,-0.07366943,-0.118774414,0.0323068276,0.000639452657,0.0354623869,-0.5500161,2.1321528,2.73881,3.51421022
99,1.9799992984693877,412,0,0,0,0,0,-8.6294036E-05,0,-0.00114135363,-8.6294036E-05,0,-0.00114135363,1,0,0,1,1.72588E-06,1.49011612E-08,2.28270637E-05,0,0,0,-0.0005356323,-0.0014757514,-0.0001952528,-0.1505127,0.00808327552,0.0461120158,0.00180859747,-0.0001791575,0.00249782624,0.0002899575,4.310906E-05,-0.0008230634,0.0256930217,0.01913438,0.1229091,-0.00430580741,-0.000349320326,-0.00158361427,-2.58232958E-05,8.37445259E-05,-0.000720664,0.00606516749,-0.00457763672,-0.0114135742,-0.004545201,-0.000131917841,-0.0001367159,5.99804735E-05,0.0024985075,0.00111756462,4.909319,0.0603258051,0.156999037,0.0570378043,0.0002564616,-0.0003852927,1.168097E-05,0.00252136588,0.00113916327,4.88577461,-0.02142334,-0.0158996582,0.0591992624,3.052296E-05,-7.806125E-05,0.00119526824,-0.001986891,-0.00193237374,1.0740453,0.11790131,-0.141082764,0.039093595,0.0038400155,0.04268582,0.00131150056,-0.00182761252,-0.00242889952,1.05354965,-0.073638916,-0.118804932,0.0321909264,0.000656678341,0.03542979,-0.5500161,2.1321528,2.73881,3.51421022
100,1.9999992913832199,417,0,0,0,0,0,-8.62349E-05,0,-0.00114122662,-8.62349E-05,0,-0.00114122662,1,0,0,1,1.72469731E-06,0,2.28245244E-05,0,0,0,-0.000535671366,-0.00147651136,-0.0001952865,-0.1505127,0.00808262452,0.0461118333,0.00180831237,-0.00017973363,0.00249792379,0.000289856165,4.336238E-05,-0.000823017966,0.0256687775,0.0191332027,0.122908533,-0.004305909,-0.000349978043,-0.00158286106,-2.614634E-05,8.39829445E-05,-0.000719259842,0.00602513645,-0.00457763672,-0.0114135742,-0.00453777425,-0.000132179543,-0.000134840288,5.91716926E-05,0.00250919163,0.00111891888,4.90929461,0.06032291,0.157000557,0.0570414439,0.00025406605,-0.0003835302,1.11700556E-05,0.00252117217,0.00114099844,4.88576365,-0.02142334,-0.0158996582,0.0591248274,3.06659676E-05,-7.764291E-05,0.001195485,-0.00198167562,-0.00193339551,1.07400906,0.117898069,-0.141113281,0.03912378,0.00383762969,0.0426844358,0.00131228473,-0.00182744861,-0.00243201666,1.0534656,-0.073638916,-0.118774414,0.0322336927,0.0006563171,0.0354511961,-0.5500161,2.1321528,2.73881,3.51421022
101,2.019999284297052,424,0,0,0,0,0,-8.626237E-05,0,-0.00114116678,-8.626237E-05,0,-0.00114116678,1,0,0,1,1.72524676E-06,0,2.28233275E-05,0,0,0,-0.000535670551,-0.001476109,-0.000195258181,-0.1505127,0.008082128,0.0461112857,0.00180810841,-0.000179620314,0.00250022556,0.000289829855,4.30643559E-05,-0.000823051436,0.025643792,0.019132331,0.122908615,-0.00430591265,-0.0003496903,-0.00158281322,-2.62871872E-05,8.371472E-05,-0.000718519441,0.00599034829,-0.00457763672,-0.0114135742,-0.0045341556,-0.000131831,-0.0001342131,5.95623351E-05,0.00249642134,0.00111959793,4.909268,0.0603220761,0.156999931,0.0570437,0.0002549933,-0.000384648622,1.12692733E-05,0.00252115726,0.00113965792,4.885755,-0.02142334,-0.0158996582,0.0591193438,2.91340675E-05,-7.843907E-05,0.00119573716,-0.00199083984,-0.00193128514,1.07393169,0.117895029,-0.141113281,0.0390742645,0.00384080363,0.04269972,0.00131321629,-0.001829192,-0.0024338474,1.05340934,-0.0736084,-0.1187439,0.032268133,0.000655513955,0.03546551,-0.5500161,2.132153,2.73881,3.51421046
102,2.0399992772108844,430,0,0,0,0,0,-8.621631E-05,0,-0.00114118936,-8.621631E-05,0,-0.00114118936,1,0,0,1,1.72432544E-06,1.49011612E-08,2.28237786E-05,0,0,0,-0.0005356604,-0.00147655606,-0.0001952826,-0.1505127,0.008081801,0.0461116433,0.00180815835,-0.000179390161,0.00249828771,0.0002897729,4.34219837E-05,-0.0008227406,0.0256209616,0.0191317555,0.122908466,-0.004304225,-0.000349413574,-0.00158265233,-2.621054E-05,8.407235E-05,-0.0007149402,0.005975556,-0.00457763672,-0.0114135742,-0.0045164004,-0.000131625828,-0.000134722883,5.92818033E-05,0.00251084566,0.0011192963,4.90923929,0.0603194572,0.157000959,0.0570421442,0.000253131875,-0.0003840704,1.15902531E-05,0.00251916051,0.00113842112,4.88563967,-0.02142334,-0.0158996582,0.0590297766,2.7322867E-05,-7.917809E-05,0.00119665475,-0.00197976828,-0.001934354,1.07392335,0.117883474,-0.141113281,0.03915354,0.003836603,0.04270795,0.001314105,-0.00183293223,-0.00243767677,1.053414,-0.073638916,-0.1187439,0.0323202126,0.00064871693,0.03546025,-0.5500161,2.1321528,2.73881,3.51421022
103,2.0599992701247163,436,0,0,0,0,0,-8.62498055E-05,0,-0.0011410896,-8.62498055E-05,0,-0.0011410896,1,0,0,1,1.7249954E-06,0,2.28217832E-05,0,0,0,-0.0005356219,-0.00147582591,-0.0001952353,-0.1505127,0.008081929,0.04611171,0.00180837559,-0.00017892383,0.00249844254,0.000289954274,4.30494547E-05,-0.00082295615,0.0255962051,0.0191314463,0.12290775,-0.004305065,-0.000349149166,-0.00158369227,-2.62985468E-05,8.377433E-05,-0.000717725663,0.00594902271,-0.00457763672,-0.0114135742,-0.004530451,-0.00013134272,-0.00013441086,6.01588363E-05,0.00249682367,0.00111886393,4.90920639,0.0603176877,0.1569978,0.0570418537,0.000255570165,-0.000385806139,1.17581221E-05,0.00252334774,0.00113766221,4.88563633,-0.02142334,-0.0158996582,0.05911213,2.96005674E-05,-7.989439E-05,0.00119673018,-0.001991123,-0.00193228712,1.07385659,0.117879942,-0.141113281,0.03909931,0.00384174683,0.0427261144,0.00131312374,-0.00182659924,-0.002436127,1.05343735,-0.0736084,-0.1187439,0.03231604,0.000656047836,0.0354637839,-0.5500161,2.1321528,2.73881,3.51421022
104,2.0799992630385487,444,0,0,0,0,0,-8.627343E-05,0,-0.00114101823,-8.627343E-05,0,-0.00114101823,1,0,0,1,1.72546788E-06,1.49011612E-08,2.28203553E-05,0,0,0,-0.0005356439,-0.00147651136,-0.000195275381,-0.1505127,0.008081738,0.0461116,0.00180811121,-0.000179384631,0.00249775173,0.000290155353,4.34070826E-05,-0.000822654052,0.0255729426,0.01913074,0.12290699,-0.00430380134,-0.000349580572,-0.00158449437,-2.608354E-05,8.402765E-05,-0.000718058669,0.00591701,-0.00457763672,-0.0114135742,-0.00453180075,-0.000131807144,-0.0001352491,5.973592E-05,0.00251121819,0.0011182829,4.90917063,0.0603148751,0.156998634,0.0570396334,0.000253936916,-0.000383970473,1.14728673E-05,0.00251942873,0.00113870075,4.88562,-0.02142334,-0.0158996582,0.059116073,2.80824079E-05,-7.846358E-05,0.00119743147,-0.001980111,-0.0019355251,1.07386327,0.117874764,-0.141113281,0.03918003,0.0038381773,0.0427321866,0.00131309265,-0.00183360279,-0.00243442925,1.05337131,-0.0736084,-0.1187439,0.0322805159,0.0006537769,0.03545414,-0.5500161,2.1321528,2.73881,3.51421022
105,2.099999255952381,451,0,0,0,0,0,-8.628588E-05,0,-0.00114086992,-8.628588E-05,0,-0.00114086992,1,0,0,1,1.72571686E-06,0,2.28173885E-05,0,0,0,-0.0005356921,-0.00147618353,-0.0001952425,-0.1505127,0.0080814315,0.0461110435,0.00180806429,-0.000179363647,0.00250035618,0.000290043245,4.30643559E-05,-0.000826409,0.0255281683,0.0191299729,0.122905724,-0.004322371,-0.0003495384,-0.00158403267,-2.58944528E-05,8.371472E-05,-0.0007176878,0.005886249,-0.00457763672,-0.0114135742,-0.00452998,-0.000131597248,-0.000136278657,6.05372043E-05,0.00249835849,0.00111806369,4.909231,0.06031459,0.156995252,0.05712624,0.0002540039,-0.000386647473,1.13925926E-05,0.00252047181,0.00113947841,4.885603,-0.02142334,-0.0158996582,0.0591173321,2.97070674E-05,-7.745143E-05,0.00119833951,-0.00199045241,-0.00193051016,1.07375765,0.117860451,-0.141113281,0.0390897021,0.00383612444,0.0427422523,0.001312637,-0.0018325299,-0.00243521528,1.0533216,-0.0736084,-0.1187439,0.0322980247,0.000656174,0.0354552,-0.5500161,2.1321528,2.73881,3.51421022
106,2.1199992488662129,458,0,0,0,0,0,-8.624027E-05,0,-0.0009121286,-8.624027E-05,0,-0.0009121286,1,0,0,1,1.72480463E-06,1.49011612E-08,1.82425647E-05,0,0,0,-0.0005356351,-0.00147648156,-0.0002093109,-0.15057373,0.008081401,0.04611149,0.00177000219,-0.0001792716,0.00249751541,0.000290184631,4.34070826E-05,-0.000832837,0.025588803,0.0191290844,0.12290401,-0.00424057,-0.000349871261,-0.00158417027,-2.63206821E-05,8.405745E-05,-0.0007305357,0.005929512,-0.00457763672,-0.0114135742,-0.004479558,-0.000132979927,-0.000133923386,6.02577966E-05,0.002509147,0.00111895776,4.90909433,0.06030715,0.156994164,0.0569854639,0.000254689221,-0.000385334162,1.13400365E-05,0.00252193213,0.001141023,4.88560438,-0.02142334,-0.0158996582,0.05914883,2.78136285E-05,-7.894436E-05,0.00119810482,-0.00198425353,-0.00193847565,1.07379866,0.11786636,-0.141082764,0.03922173,0.00384612661,0.0427758545,0.0013127178,-0.00183150172,-0.00243566348,1.05328774,-0.0736084,-0.1187439,0.03231816,0.0006585429,0.035462603,-0.5500161,2.1321528,2.73881,3.51421022
107,2.1399992417800453,464,0,0,0,0,0,-8.623073E-05,0,-0.00114011532,-8.623073E-05,0,-0.00114011532,1,0,0,1,1.72461387E-06,1.49011612E-08,2.28022964E-05,0,0,0,-0.0005356028,-0.00147585571,-0.000196737557,-0.15057373,0.008081163,0.0461115725,0.00180865126,-0.000179790281,0.00249885186,0.000289868156,4.30196524E-05,-0.0008274134,0.0255428962,0.019128168,0.122901812,-0.00432716543,-0.000349672133,-0.00158310554,-2.61303576E-05,8.368492E-05,-0.0007196613,0.005889491,-0.00457763672,-0.0114135742,-0.004539338,-0.0001314497,-0.000135016788,6.01498177E-05,0.00249741971,0.00111853133,4.909159,0.06030892,0.1569914,0.0571310967,0.000254405051,-0.0003862241,1.1394035E-05,0.00252109766,0.00113985606,4.88557768,-0.02142334,-0.0158996582,0.0591250658,3.069681E-05,-7.827065E-05,0.00119840016,-0.00199249387,-0.00192982587,1.07367337,0.117853418,-0.141082764,0.0390816219,0.00383655285,0.0427478068,0.001312195,-0.00183352828,-0.00243605534,1.053214,-0.0736084,-0.118713379,0.0323277824,0.0006597144,0.03545652,-0.5500161,2.1321528,2.73881,3.51421022
108,2.1599992346938777,470,0,0,0,0,0,-8.626401E-05,0,-0.00114433747,-8.626401E-05,0,-0.00114433747,1,0,0,1,1.7252795E-06,1.49011612E-08,2.28867411E-05,0,0,0,-0.000535641739,-0.00147646666,-0.00019558199,-0.15057373,0.00808108,0.0461115651,0.00180901354,-0.00017918009,0.00249788049,0.0002899157,4.3451786E-05,-0.000824137358,0.02550716,0.0191277955,0.122900732,-0.00431266567,-0.000349262846,-0.00158349646,-2.619758E-05,8.41170549E-05,-0.0007183872,0.0058530597,-0.00457763672,-0.0114135742,-0.004535278,-0.000130986227,-0.000134833332,6.002845E-05,0.00251217186,0.00111560815,4.90910053,0.0603039339,0.156991363,0.0570380464,0.0002530525,-0.000385532941,1.14715131E-05,0.00252141058,0.00113649538,4.88554955,-0.02142334,-0.0158996582,0.05911218,2.866804E-05,-7.87799E-05,0.0011993607,-0.00198028982,-0.00193773583,1.07370389,0.11784339,-0.141082764,0.0392331444,0.003840231,0.0427848138,0.00131275179,-0.00183495879,-0.002439114,1.0531975,-0.07357788,-0.118713379,0.03238397,0.0006571707,0.03545623,-0.5500161,2.1321528,2.73881,3.51421022
109,2.1799992276077096,476,0,0,0,0,0,-8.627816E-05,0,-0.0009119969,-8.627816E-05,0,-0.0009119969,1,0,0,1,1.72556247E-06,1.49011612E-08,1.823993E-05,0,0,0,-0.000535654,-0.00147613883,-0.000209678925,-0.150604248,0.008080974,0.0461110175,0.00177118008,-0.000179389,0.00250028679,0.000290463853,4.30196524E-05,-0.000836260035,0.0255501922,0.0191267133,0.1228995,-0.004257699,-0.0003499483,-0.00158552267,-2.60975485E-05,8.368492E-05,-0.00073144777,0.00589085976,-0.00457763672,-0.0114135742,-0.004483962,-0.000132892645,-0.000134951624,6.055639E-05,0.00249533355,0.00111652107,4.90906763,0.0603016,0.156987429,0.0570652373,0.000257369218,-0.0003851168,1.15894909E-05,0.00252169371,0.00113713939,4.88553762,-0.02142334,-0.0158996582,0.05914157,2.73344449E-05,-7.89022961E-05,0.00119821215,-0.0019967705,-0.00193403987,1.07365918,0.117853783,-0.141052246,0.0391396843,0.00384801161,0.04278752,0.00131262187,-0.00183559954,-0.00243920367,1.05320156,-0.07357788,-0.118713379,0.03238967,0.0006577784,0.0354546,-0.5500161,2.1321528,2.73881,3.51421022
110,2.199999220521542,482,0,0,0,0,0,-8.626231E-05,0,-0.00113995525,-8.626231E-05,0,-0.00113995525,1,0,0,1,1.72524551E-06,0,2.27990968E-05,0,0,0,-0.0005356499,-0.001476571,-0.000197249174,-0.150604248,0.008080984,0.046111472,0.00181034789,-0.000179424023,0.00249757431,0.000289879885,4.34070826E-05,-0.000828391756,0.0254961681,0.0191263,0.12289805,-0.00433186349,-0.000349289738,-0.00158327585,-2.60664729E-05,8.408725E-05,-0.0007202952,0.005846417,-0.00457763672,-0.0114135742,-0.00454253,-0.000131068562,-0.0001354064,5.93827936E-05,0.002512753,0.00111684552,4.90911341,0.0603016056,0.156990081,0.0571299568,0.000252131751,-0.0003839695,1.147661E-05,0.00252121687,0.00113679,4.885498,-0.02142334,-0.0158996582,0.0591191873,2.97998777E-05,-7.83729556E-05,0.00119946152,-0.00198054314,-0.001933923,1.07361066,0.11783316,-0.141082764,0.0391839668,0.00383358356,0.04276664,0.00131221476,-0.00183577836,-0.00243881741,1.05316186,-0.07357788,-0.118682861,0.0323829576,0.000658597,0.035450127,-0.5500161,2.1321528,2.73881,3.51421022
111,2.2199992134353739,487,0,0,0,0,0,-8.624581E-05,0,-0.001144196,-8.624581E-05,0,-0.001144196,1,0,0,1,1.72491559E-06,0,2.288391E-05,0,0,0,-0.0005356656,-0.0014757961,-0.000196114852,-0.150604248,0.008081356,0.0461117364,0.00181138469,-0.000178678514,0.00249908934,0.000289686723,4.30643559E-05,-0.000828026037,0.02543671,0.0191263929,0.122896634,-0.004331587,-0.000348642759,-0.00158269634,-2.61628484E-05,8.369982E-05,-0.0007151337,0.00582712749,-0.00457763672,-0.0114135742,-0.004519335,-0.0001302543,-0.000135342954,6.0374703E-05,0.00249774754,0.00111458322,4.909142,0.0602993332,0.156985819,0.05712302,0.000255314517,-0.0003872161,1.16012288E-05,0.00251956284,0.00113461865,4.88535929,-0.02142334,-0.0158996582,0.05902207,2.69022566E-05,-7.911433E-05,0.00120013743,-0.00199407339,-0.00193281285,1.07351327,0.117826611,-0.141082764,0.0391433835,0.00384146767,0.0428071059,0.00131367333,-0.00183819234,-0.00244314456,1.05322576,-0.0736084,-0.118713379,0.0324383,0.0006499932,0.035450615,-0.5500161,2.1321528,2.73881,3.51421022
112,2.2399992063492062,493,0,0,0,0,0,-8.63064852E-05,0,-0.000912017829,-8.63064852E-05,0,-0.000912017829,1,0,0,1,1.72612909E-06,0,1.824035E-05,0,0,0,-0.0005356849,-0.00147607923,-0.000210242957,-0.150634766,0.00808228552,0.0461111553,0.00177372748,-0.000178498361,0.00250035035,0.0002902191,4.336238E-05,-0.000833408441,0.025492195,0.0191265978,0.122895859,-0.00424278,-0.000348778325,-0.00158477772,-2.60465E-05,8.39978456E-05,-0.000730191648,0.00587467244,-0.00457763672,-0.0114135742,-0.00447828462,-0.000132041954,-0.000135685113,5.99298619E-05,0.002508521,0.001115154,4.908984,0.0602938831,0.156986371,0.05697784,0.0002572729,-0.0003839886,1.15823395E-05,0.00252123177,0.00113725848,4.88536,-0.02142334,-0.0158996582,0.0591382869,2.72622037E-05,-7.87097E-05,0.00119905709,-0.00198768079,-0.00194093212,1.07359731,0.117843561,-0.141052246,0.0392740779,0.00385259232,0.04282751,0.00131273526,-0.0018350482,-0.002438405,1.05324364,-0.0736084,-0.1187439,0.03236987,0.000655889336,0.03545013,-0.5500161,2.1321528,2.73881,3.51421022
113,2.2599991992630386,499,0,0,0,0,0,-8.627533E-05,0,-0.00113978679,-8.627533E-05,0,-0.00113978679,1,0,0,1,1.725506E-06,0,2.2795728E-05,0,0,0,-0.0005356274,-0.00147652626,-0.000197809481,-0.150634766,0.008082309,0.0461115241,0.00181279366,-0.000179333,0.0024975203,0.0002898875,4.3079257E-05,-0.000831196958,0.0254238751,0.019126093,0.122894607,-0.00434568338,-0.000349304028,-0.00158340251,-2.60732777E-05,8.377433E-05,-0.0007231159,0.00581551436,-0.00457763672,-0.0114135742,-0.00455666054,-0.000131196211,-0.000135453825,5.958552E-05,0.00250028074,0.00111564889,4.90913343,0.0602993779,0.156984717,0.05721155,0.000254095939,-0.0003844839,1.12559019E-05,0.002522856,0.00113896467,4.885428,-0.02142334,-0.0158996582,0.0592094772,3.17545346E-05,-7.765269E-05,0.00119983149,-0.00199069083,-0.001929665,1.073474,0.117822483,-0.141082764,0.0391096361,0.00383361545,0.04277669,0.00131122174,-0.00183211267,-0.00243429421,1.05313349,-0.07357788,-0.118713379,0.0323170945,0.000666116131,0.0354571529,-0.5500161,2.1321528,2.73881,3.51421022
114,2.2799991921768705,504,0,0,0,0,0,-8.62806E-05,0,-0.00114411942,-8.62806E-05,0,-0.00114411942,1,0,0,1,1.72561124E-06,1.49011612E-08,2.288238E-05,0,0,0,-0.0005357078,-0.00147618353,-0.000196692039,-0.150634766,0.008082514,0.04611118,0.00181376922,-0.000178952352,0.00250102673,0.000290047377,4.339218E-05,-0.000821275869,0.0253983289,0.0191257782,0.12289422,-0.004298128,-0.0003491543,-0.00158426643,-2.626074E-05,8.401275E-05,-0.000718824449,0.005772026,-0.00457763672,-0.0114135742,-0.00453745667,-0.0001309198,-0.00013459631,5.97998842E-05,0.00250926614,0.00111370126,4.90894127,0.060292162,0.156984776,0.05694966,0.000255510677,-0.0003841837,1.13776805E-05,0.0025203824,0.00113691646,4.88538,-0.02142334,-0.0158996582,0.05911549,2.92309287E-05,-7.86999E-05,0.0011996649,-0.00198611617,-0.00194174564,1.07354414,0.11783205,-0.141052246,0.03929161,0.00385214342,0.0428384319,0.00131252606,-0.001838252,-0.00243968843,1.05309689,-0.07357788,-0.118682861,0.0324008241,0.0006587823,0.03545642,-0.5500161,2.1321528,2.73881,3.51421022
115,2.2999991850907029,508,0,0,0,0,0,-8.623471E-05,0,-0.000911794254,-8.623471E-05,0,-0.000911794254,1,0,0,1,1.72469345E-06,0,1.82358781E-05,0,0,0,-0.000535531144,-0.00147648156,-0.000210771876,-0.150665283,0.008082101,0.0461113565,0.00177600281,-0.000179620911,0.00249802531,0.000290014839,4.3079257E-05,-0.000838581356,0.025430426,0.019124737,0.122893885,-0.004269181,-0.0003499353,-0.00158332381,-2.63169859E-05,8.371472E-05,-0.000730864936,0.00581156276,-0.00457763672,-0.0114135742,-0.00448095845,-0.000133094436,-0.000133890077,5.99879859E-05,0.00249888,0.00111519883,4.909007,0.0602950081,0.156983316,0.0571453646,0.000256975967,-0.0003850434,1.151528E-05,0.002521202,0.00113744847,4.88536072,-0.02142334,-0.0158996582,0.0591414347,2.71044537E-05,-7.951542E-05,0.0011992628,-0.00199297071,-0.00193342427,1.0735209,0.117834009,-0.141052246,0.0391582772,0.003842928,0.0427984,0.00131254387,-0.001838401,-0.00244050543,1.05309939,-0.07357788,-0.118682861,0.0324200951,0.0006585186,0.03545354,-0.5500161,2.1321528,2.73881,3.51421022
116,2.3199991780045353,514,0,0,0,0,0,-8.62719753E-05,0,-0.00113978854,-8.62719753E-05,0,-0.00113978854,1,0,0,1,1.72543878E-06,1.49011612E-08,2.27957626E-05,0,0,0,-0.0005356491,-0.001475811,-0.000198312075,-0.150665283,0.008082484,0.0461116433,0.00181493047,-0.000179166178,0.00249859388,0.000289825635,4.34219837E-05,-0.0008253923,0.0253892913,0.0191249549,0.12289273,-0.004316427,-0.000348690839,-0.00158328249,-2.60921443E-05,8.408725E-05,-0.000719668635,0.005769435,-0.00457763672,-0.0114135742,-0.00453961734,-0.000130694287,-0.000135527807,5.959785E-05,0.00251226127,0.00111553562,4.908925,0.0602933839,0.1569823,0.05704317,0.0002532228,-0.00038455188,1.14932454E-05,0.002521336,0.00113688118,4.88531446,-0.02142334,-0.0158996582,0.0591183566,2.94181464E-05,-7.851186E-05,0.00120014744,-0.0019813627,-0.00193834654,1.073543,0.117818192,-0.141052246,0.03925483,0.00384161272,0.0428115949,0.0013121384,-0.00183737278,-0.0024401953,1.05306625,-0.07357788,-0.118682861,0.0324157439,0.0006601629,0.03545287,-0.5500161,2.1321528,2.73881,3.51421022
117,2.3399991709183672,519,0,0,0,0,0,-8.628738E-05,0,-0.00114408,-8.628738E-05,0,-0.00114408,1,0,0,1,1.72574687E-06,0,2.288159E-05,0,0,0,-0.000535641739,-0.00147646666,-0.000197165224,-0.150634766,0.00808235351,0.0461117,0.00181577017,-0.000179207869,0.00249788631,0.0002901497,4.30196524E-05,-0.0008229544,0.0253590327,0.01912454,0.122892544,-0.00430662045,-0.000349179318,-0.0015846974,-2.60917277E-05,8.368492E-05,-0.0007181566,0.00573318964,-0.00457763672,-0.0114135742,-0.004533985,-0.000131280074,-0.000135340728,6.03731933E-05,0.00249567628,0.001113652,4.908855,0.0602919273,0.156980917,0.0570306852,0.000258640241,-0.00038536347,1.15459361E-05,0.002521351,0.00113480631,4.88527,-0.02142334,-0.0158996582,0.0591082536,2.8188324E-05,-7.87271347E-05,0.00119922566,-0.00199702382,-0.00193626131,1.07352793,0.117835134,-0.141021729,0.03918699,0.003851257,0.04282481,0.00131247193,-0.00183819234,-0.0024419222,1.05308187,-0.07357788,-0.118682861,0.0324444547,0.0006580763,0.0354512855,-0.5500161,2.1321528,2.73881,3.51421022
118,2.3599991638321995,525,0,0,0,0,0,-8.627024E-05,0,-0.0009116324,-8.627024E-05,0,-0.0009116324,1,0,0,1,1.72540422E-06,1.49011612E-08,1.823264E-05,0,0,0,-0.0005356705,-0.00147615373,-0.000211231323,-0.1506958,0.008082457,0.0461112633,0.001778129,-0.000179115319,0.00250040716,0.000289809541,4.339218E-05,-0.000841818,0.0253709257,0.01912433,0.122891843,-0.004284978,-0.000349272945,-0.00158253009,-2.604415E-05,8.404255E-05,-0.0007307185,0.00577333337,-0.00457763672,-0.0114135742,-0.00448041,-0.0001325904,-0.000135450027,5.87821378E-05,0.00251300633,0.0011173808,4.909015,0.06029304,0.156983808,0.0572370179,0.000253082631,-0.000382561062,1.15634366E-05,0.002521485,0.00113676139,4.88524675,-0.02142334,-0.0158996582,0.05913953,2.71924036E-05,-7.867875E-05,0.00120015349,-0.00198301673,-0.001931965,1.07346475,0.117816947,-0.141052246,0.039172858,0.00383161358,0.0427833162,0.00131235854,-0.00183811784,-0.00244106748,1.05309784,-0.07357788,-0.118682861,0.0324315578,0.0006587592,0.035450805,-0.5500161,2.1321528,2.73881,3.51421022
119,2.3799991567460315,529,0,0,0,0,0,-8.627024E-05,0,-0.0009116324,-8.627024E-05,0,-0.0009116324,1,0,0,1,0.000113432936,0,-0.133265987,-0.502103746,3.69720965E-09,-0.00011606935,-0.000434786984,-0.0499208122,-0.0602171,-0.779418945,0.008403052,0.0439593345,-0.566794038,-4.352929E-05,0.00178436644,-0.002199168,-0.04060255,0.0145631423,-0.09851074,0.0276802219,0.137166247,-0.226532236,0.0069424673,0.0111798393,0.0009307355,-0.04094167,0.0150280083,-0.1187439,-0.0128173828,-0.0159606934,-0.227734819,-0.006687989,-0.004263604,-0.00181208772,-0.0534785241,0.0594370663,4.000867,0.06087426,0.148973837,-0.5997171,0.002589777,-0.000898797764,0.00105568371,-0.0541419834,0.05833847,3.97591257,-0.0295410156,-0.0219726563,-0.6049996,-0.00153043121,-0.000637413759,0.00220608851,-0.0476584136,-0.0163331386,-0.333190918,0.06846227,-0.382019043,-0.8449111,-0.000800314534,0.05634323,0.00147663651,-0.0482996255,-0.0148530975,-0.07116699,-0.0780639648,-0.2723999,-0.85699445,0.002349561,0.0440942533,-0.5500056,2.132133,2.73802924,3.51358819
120,2.3999991496598638,535,0,0,0,0,0,-8.627024E-05,0,-0.0009116324,-8.627024E-05,0,-0.0009116324,1,0,0,1,0.000322384061,-0.00370293856,-0.217991382,-0.218914419,-2.72514E-06,-0.000326699024,-0.000160046446,-0.02748768,-0.14206934,-1.30792236,0.0092133265,0.0439538769,-0.452832967,-0.000372549577,0.00186919316,-0.000954894349,-0.0206217617,-0.07960083,0.297065228,0.030743,0.143422887,0.26325953,0.00189901143,0.00566941453,0.000849421544,-0.020764038,-0.07887702,0.279204339,-0.018157959,-0.0205078125,0.263778,-0.00455796951,-0.003272844,0.000217748224,-0.0235211253,0.04780471,3.592826,0.04236669,0.148778945,-0.151183859,-0.004884136,-0.00351778138,0.00265726657,-0.0243785977,0.0474113077,3.561746,-0.0284118652,-0.02178955,-0.160793215,-0.003727913,-0.00542602735,0.002471308,-0.03406389,0.031361647,-0.7687378,0.0690466538,-0.21105957,-0.374224067,0.0006092504,0.12156681,0.005685676,-0.0400921553,0.0262555182,-0.763946533,-0.0556640625,-0.07763672,-0.59894073,-0.00222129771,0.136972353,-0.549975336,2.132086,2.73837781,3.51382661
121,2.4199991425736962,539,0,0,0,0,0,-8.627024E-05,0,-0.0009116324,-8.627024E-05,0,-0.0009116324,1,0,0,1,0.000473776716,-0.003368184,-0.219209641,-0.218824208,-4.74117542E-06,-0.0004722462,0.00023651158,-0.0182680786,-0.1632539,-1.80050659,0.009105608,0.044861868,-0.401364952,-0.000657206,0.00274046231,0.0001262491,-0.0183384269,-0.111074731,0.461309224,0.03060977,0.143455282,0.11882294,0.000265248673,0.0008967383,0.00153342239,-0.0181170255,-0.11142651,0.444173932,-0.0223999023,-0.0270080566,0.116895929,-0.00365926977,-0.006204869,0.000509700039,-0.004568413,0.009752572,3.527464,0.04414588,0.143441573,0.0308859926,0.004303387,-0.001474719,0.005038558,-0.00697784126,0.00756566972,3.47590184,-0.031036377,-0.03378296,0.0166682713,-0.00330553437,-0.01044434,0.0017240931,-0.005518019,0.0508618727,-1.03253174,0.0671105,-0.4116211,-0.251000136,0.006121851,-0.0282580275,0.009751545,-0.00923273,0.04617451,-1.17819214,-0.0560302734,-0.0979614258,-0.280714571,0.00288011925,0.0301170833,-0.549940765,2.132,2.738002,3.51347613
122,2.4399991354875281,544,0,0,0,0,0,-8.627024E-05,0,-0.0009116324,-8.627024E-05,0,-0.0009116324,1,0,0,1,0.0006082934,-0.00409461558,-0.221757457,-0.22147578,-7.2314474E-06,-0.0006051356,0.000185522236,-0.0240795314,-0.1692187,-2.215973,0.008646121,0.0441547744,-0.361059755,-0.0005080471,0.00128378847,0.0002235556,-0.019309029,-0.120262459,0.562744439,0.0324745253,0.141691148,0.0795509,0.00158655841,0.000807533739,0.00285091484,-0.0191568136,-0.12089587,0.541846037,-0.02645874,-0.04095459,0.0761572942,-0.00336556346,-0.01237498,0.000253584119,-0.0101497322,-0.0104926927,3.58830786,0.0470216274,0.146411464,0.0695345,0.00121596572,-0.0005933872,0.00656147255,-0.0108641535,-0.0125579461,3.530013,-0.03463745,-0.0470581055,0.06611246,-0.002272147,-0.0108309323,0.00321703567,-0.01839672,0.03463143,-1.28988647,0.0667089149,-0.463317871,-0.238760784,0.00574325258,0.06689695,0.008758091,-0.0143452287,0.0305460766,-1.45529175,-0.0582580566,-0.08850098,-0.157203257,0.00125012174,0.0461493172,-0.549899459,2.13184786,2.73750186,3.51298761
123,2.4599991284013605,549,0,0,0,0,0,-8.627024E-05,0,-0.0009116324,-8.627024E-05,0,-0.0009116324,1,0,0,1,0.000766113633,-0.0049790144,-0.225117549,-0.22486259,-1.08885861E-05,-0.0007646361,0.000352813164,-0.0261851251,-0.176610947,-2.6105957,0.008403169,0.0431470163,-0.342647851,-0.00037357994,0.0008117482,0.000418790063,-0.020208478,-0.1279429,0.630430162,0.03342196,0.14027451,0.0509748273,0.000229719531,0.000277532,0.00297457329,-0.0200555027,-0.128902212,0.604302168,-0.0293273926,-0.0556640625,0.0459482633,-0.00226732157,-0.0125269806,0.0021574765,-0.0129177272,-0.0269706976,3.62790585,0.04156213,0.1430574,0.0489184856,-0.005754858,-0.00562562,0.00612312,-0.0121864229,-0.0286150519,3.56573844,-0.0350952148,-0.0585632324,0.05164783,-0.0004802438,-0.009197089,0.006489804,-0.0225025713,0.0129850488,-1.573822,0.040181905,-0.434967041,-0.241014943,0.00273426762,0.12432915,0.00648622354,-0.0151279569,0.0116263162,-1.70690918,-0.05886841,-0.07058716,-0.141767368,0.00195217272,0.0471679233,-0.549855947,2.13161683,2.73687887,3.512355
124,2.4799991213151928,555,0,0,0,0,0,-8.627024E-05,0,-0.0009116324,-8.627024E-05,0,-0.0009116324,1,0,0,1,0.0009391613,-0.00597286224,-0.229230151,-0.228995353,-1.55195412E-05,-0.000935543736,0.000515154854,-0.0273049772,-0.183768675,-2.99111938,0.008322835,0.04186934,-0.330124319,-0.0003136048,0.0005828469,0.00161802035,-0.0212064832,-0.135500625,0.668312967,0.0312300939,0.133475766,0.0253856163,-0.002036617,-0.00519215362,0.00240765186,-0.0210185945,-0.136079118,0.6386593,-0.0313415527,-0.0664672852,0.0222707987,-0.00164012157,-0.009142022,0.005024867,-0.0140644461,-0.04018821,3.63927341,0.0384787135,0.1327487,0.03323938,-0.00365850655,-0.0102180252,0.0044909,-0.0132123381,-0.0414153747,3.58469248,-0.03942871,-0.0665893555,0.0383160673,-0.00105949037,-0.00640699966,0.006880575,-0.0223425031,-0.000196778215,-1.849823,0.0321255364,-0.330444336,-0.23163788,0.007362929,0.146105424,0.00278561166,-0.0138672143,-0.0033695465,-1.92044067,-0.05822754,-0.009765625,-0.158034191,0.00244391384,0.0538692847,-0.5498115,2.13129354,2.73607326,3.5115242
125,2.4999991142290248,561,0,0,0,0,0,-8.627024E-05,0,-0.0009116324,-8.627024E-05,0,-0.0009116324,1,0,0,1,0.0008800284,-0.0070207715,-0.234098449,-0.233888179,-1.37211318E-05,-0.000894187542,-0.00246961135,-0.0295220912,-0.190721974,-3.36315918,0.00459417375,0.0397598371,-0.322563767,-0.004748623,0.001668746,0.002345095,-0.0223274082,-0.1419887,0.6846742,0.0303593948,0.12157996,0.00740618538,-0.000594537763,-0.009162777,0.00137555448,-0.0221377611,-0.142697424,0.6516052,-0.0329284668,-0.07141113,0.0036737998,-0.0014440784,-0.00433155242,0.005913599,-0.0152680725,-0.04799694,3.64976764,0.0415256061,0.124139942,0.0350545049,0.000251214718,-0.0102899643,0.00249629328,-0.0135115683,-0.0490760729,3.59537148,-0.04309082,-0.0712585449,0.038327992,-0.00262294686,-0.00391302444,0.005773246,-0.0198833346,-0.00202235975,-2.110321,0.04512564,-0.149932861,-0.202610061,0.0118282046,0.14030169,0.001904333,-0.00616623461,-0.00396970753,-2.11099243,-0.06430054,0.02829637,-0.162396312,-0.00464768,0.0159086678,-0.549767733,2.13087869,2.7350502,3.51046848
126,2.5199991071428571,567,0,0,0,0,0,-8.627024E-05,0,-0.0009116324,-8.627024E-05,0,-0.0009116324,1,0,0,1,0.00116111012,-0.008201763,-0.239713877,-0.239529252,-2.27516612E-05,-0.00114506972,0.00228119269,-0.0299960822,-0.197810873,-3.73049927,0.00547506846,0.0320319422,-0.317638129,0.0007862069,-0.00496390741,0.00238422351,-0.0234731585,-0.1470383,0.691150665,0.0314149,0.111139618,-0.00106151786,0.00116084376,-0.008189218,0.000999168,-0.0232341439,-0.14750427,0.6556977,-0.0356140137,-0.07272339,-0.00355447014,-0.00240715244,-0.00131123734,0.00499912351,-0.014055118,-0.05000693,3.67875862,0.0445181057,0.114363365,0.05202223,0.00284751644,-0.007901881,0.0010354328,-0.0132796019,-0.05049949,3.62579322,-0.0473327637,-0.0732727051,0.05480486,-0.00319098332,-0.00139338407,0.00383296888,-0.0105442256,-0.00316383271,-2.36035156,0.0488896929,-0.08685303,-0.22820963,0.01754232,0.101992741,0.000839983346,-0.000756397843,-0.00231885957,-2.342163,-0.07009888,0.0372494161,-0.206833214,-0.006095492,-0.00566066941,-0.5497273,2.130371,2.73374844,3.50913978
127,2.5399991000566891,573,0,0,0,0,0,-8.627024E-05,0,-0.0009116324,-8.627024E-05,0,-0.0009116324,1,0,0,1,0.00145271327,-0.009362951,-0.244590342,-0.2444126,-3.511843E-05,-0.00145199709,0.00121339387,-0.030135259,-0.218967557,-4.050598,0.00663306145,0.0321414731,-0.264134973,0.000498434,-0.000542995636,0.0018803929,-0.0245159417,-0.150550425,0.693950057,0.03447283,0.104037352,-0.003878593,0.00303896959,-0.004910456,0.0008303075,-0.02419515,-0.150705189,0.657880366,-0.03878784,-0.07217407,-0.00478680432,-0.00277456152,0.000275212631,0.00310234446,-0.0139426291,-0.0511207245,3.72249579,0.04992043,0.109609231,0.0613123961,0.0061443923,-0.004305688,0.000123327423,-0.0134040415,-0.0500999577,3.675717,-0.05078125,-0.07299805,0.0681368262,-0.002905954,0.000296970946,0.00130287535,-0.00640143454,-0.004043078,-2.63769531,0.06582183,-0.0547180176,-0.238936946,0.0176492278,0.0506424345,0.0003564051,-0.00117945671,-0.00182399689,-2.60202026,-0.07235718,0.03523552,-0.237462953,-0.006585644,-0.005449592,-0.549687564,2.129739,2.73201418,3.50739884
128,2.5599990929705214,580,0,0,0,0,0,-8.627024E-05,0,-0.0009116324,-8.627024E-05,0,-0.0009116324,1,0,0,1,0.00167055626,-0.0104957968,-0.246187508,-0.246045038,-4.50173357E-05,-0.00166750781,0.00140832283,-0.030781,-0.270609915,-4.118988,0.007420785,0.0309290383,-0.03965487,-0.000176626068,-0.00116196636,0.00112687319,-0.0253914446,-0.1523896,0.691233456,0.0396110527,0.102132209,-0.00857084,0.00469635334,-0.000440414529,0.0007875043,-0.02500245,-0.152014554,0.6574345,-0.0425109863,-0.07040405,-0.00679812,-0.003501035,0.00117034954,0.001232177,-0.0141168237,-0.0523845442,3.77351642,0.05786634,0.108659171,0.06683942,0.006487707,-0.00157844741,-3.68279871E-06,-0.0136615336,-0.0506054647,3.735371,-0.05706787,-0.07260132,0.07328855,-0.005835899,0.000114352428,0.000165641075,-0.0050906837,-0.00348300487,-2.90841675,0.07978001,-0.0400390625,-0.242979378,0.0172478817,0.03000868,0.00102077238,-0.00174403191,-0.0010565503,-2.87908936,-0.08560181,0.0233578924,-0.236940414,-0.00359733915,0.0064031803,-0.5496532,2.12909555,2.73005247,3.50547481
129,2.5799990858843538,587,0,0,0,0,0,-8.627024E-05,0,-0.0009116324,-8.627024E-05,0,-0.0009116324,1,0,0,1,0.00186407147,-0.0118301213,-0.251965433,-0.251913548,-5.4211283E-05,-0.00186520081,0.00161969452,-0.0318613052,-0.2812331,-4.08786,0.009026946,0.02913563,0.02554557,-0.000158667055,-0.00140296889,0.000698816031,-0.0265690833,-0.155459642,0.689903736,0.0455745161,0.103503533,-0.00708944956,0.005298519,0.00225238968,0.00112307107,-0.0261243135,-0.154917359,0.6592841,-0.047088623,-0.06994629,-0.004482182,-0.00393064972,3.94900562E-05,0.000124829123,-0.0144328326,-0.0526193343,3.82972383,0.06564592,0.109767966,0.0704556,0.006115898,-4.050153E-05,0.00021086428,-0.0139133781,-0.0503876768,3.7995348,-0.0610656738,-0.0725097656,0.0769180954,-0.00330146286,0.000356525939,-0.0004233059,-0.00457024574,-0.00235359441,-3.18453979,0.0912159756,-0.0319519043,-0.253819525,0.0133409323,0.0154263079,0.0004574146,-0.00190712512,-0.000411039684,-3.16427612,-0.0859375,0.0191092789,-0.254900634,-0.00107697153,0.00575370528,-0.54961884,2.12842584,2.72757554,3.50313377
130,2.5999990787981857,595,0,0,0,0,0,-8.627024E-05,0,-0.0009116324,-8.627024E-05,0,-0.0009116324,1,0,0,1,0.0020539402,-0.0133225024,-0.2593929,-0.259410679,-6.319808E-05,-0.00205008779,0.001817907,-0.0344034135,-0.289544731,-4.063904,0.00949319452,0.0270783212,0.0206707045,-0.00075979036,-0.001495143,0.0006279535,-0.0280035138,-0.159424156,0.6918464,0.0516107269,0.106197253,-0.00477668224,0.005335784,0.003230011,0.00126367423,-0.0275174528,-0.1588337,0.664822161,-0.0508422852,-0.06964111,-0.00192822,-0.003188685,-3.35843652E-05,-0.0002504047,-0.0149407536,-0.05280208,3.89000416,0.07274281,0.111594521,0.07373893,0.006027083,0.0005238466,0.0002195222,-0.0143891424,-0.050707303,3.86634135,-0.06384277,-0.072052,0.07885611,-0.002459363,0.0005741678,-0.000557419669,-0.004626736,-0.0007784995,-3.47833252,0.103261374,-0.0247497559,-0.2585019,0.00678324653,0.008481431,0.000373229734,-0.0021070987,-0.000128968531,-3.46377563,-0.08514404,0.0145563921,-0.267022759,-0.000304782239,0.00651548943,-0.5495822,2.12772179,2.72421527,3.50008416
131,2.6199990717120181,603,0,0,0,0,0,-8.627024E-05,0,-0.0009116324,-8.627024E-05,0,-0.0009116324,1,0,0,1,0.00224092114,-0.0149579644,-0.267745376,-0.267840564,-7.297983E-05,-0.00224229763,0.001994607,-0.03725384,-0.298449039,-4.052185,0.009657168,0.0248559248,0.012463484,-0.000825053256,-0.00153841171,0.000778491667,-0.0295959115,-0.16407755,0.6962384,0.0571852326,0.108752571,-0.00309020071,0.00472454,0.00299081649,0.00134066865,-0.0290679038,-0.1635683,0.6725315,-0.053894043,-0.0692443848,-0.0006392751,-0.00261066831,0.000104143583,-5.805472E-06,-0.0154139847,-0.05286682,3.95571136,0.07720948,0.112842821,0.07939841,0.00345402514,-6.37074845E-05,0.000196614186,-0.0149249583,-0.05180643,3.93405318,-0.06604004,-0.07144165,0.0800362453,-0.00195045525,0.000679515244,6.59750658E-05,-0.00445498526,0.0001283295,-3.78182983,0.104397357,-0.01940918,-0.279500544,0.004238012,0.0107492162,0.0003309755,-0.0021506846,-6.04501838E-05,-3.77578735,-0.083984375,0.009394362,-0.276437759,-6.329792E-06,0.00642881729,-0.5495452,2.12706852,2.72019649,3.496554
132,2.6399990646258504,610,0,0,0,0,0,-8.627024E-05,0,-0.0009116324,-8.627024E-05,0,-0.0009116324,1,0,0,1,0.00242933468,-0.01677759,-0.276856959,-0.277042925,-8.285566E-05,-0.00242913933,0.00217228057,-0.0401497334,-0.308305979,-4.04718,0.009780564,0.022515893,0.007992707,-0.0008229849,-0.001594673,0.00117435434,-0.0313393176,-0.169150427,0.703263164,0.06166382,0.109812051,-0.001226455,0.00378059084,0.00159270538,0.00142051908,-0.0307922512,-0.168953061,0.681138635,-0.056427002,-0.068573,-0.000327214831,-0.00214656023,0.0002955218,0.0006510588,-0.0160072,-0.05378603,4.02533245,0.08050032,0.112747051,0.08211015,0.002629999,-0.00100242207,0.0001733402,-0.015512526,-0.05344702,4.002753,-0.06781006,-0.07070923,0.0814349651,-0.00160496379,0.0007823551,0.000366721477,-0.004185751,0.000258149754,-4.10092163,0.104076013,-0.0113220215,-0.29139173,0.00336070312,0.0116036674,0.000309039082,-0.00211724639,-0.0001118596,-4.09884644,-0.08276367,0.00365256588,-0.2847114,5.39129251E-05,0.00599095039,-0.549510539,2.126502,2.715909,3.49286914
133,2.6599990575396824,618,0,0,0,0,0,-8.627024E-05,0,-0.0009116324,-8.627024E-05,0,-0.0009116324,1,0,0,1,0.002620553,-0.0187769085,-0.2866881,-0.28698054,-9.33538759E-05,-0.00261968048,0.002358403,-0.04322402,-0.3190887,-4.04489136,0.009877141,0.0200412888,0.006397578,-0.000848879048,-0.00169345224,0.00157259381,-0.0332473963,-0.174867213,0.7116747,0.06546981,0.109239332,-0.000437307783,0.00322062569,0.00018558072,0.00151447929,-0.0326751173,-0.17487292,0.6899352,-0.0585021973,-0.06777954,-0.000540717039,-0.00177602936,0.0004157201,0.00125306949,-0.016664207,-0.05543614,4.096203,0.08335565,0.111646987,0.0834928751,0.00230015418,-0.001736868,0.000177420035,-0.01613915,-0.05538422,4.073162,-0.0692443848,-0.0698852539,0.08341681,-0.00133632508,0.00084468734,0.0005404875,-0.00378587842,0.000165304838,-4.43310547,0.103311792,-0.000579834,-0.3007287,0.002955169,0.0117481882,0.000305057969,-0.00207215548,-0.000188450969,-4.433014,-0.08157349,-0.002532959,-0.293323427,7.63195E-05,0.00572431367,-0.5494666,2.12586331,2.70994186,3.487835
134,2.6799990504535147,626,0,0,0,0,0,-8.627024E-05,0,-0.0009116324,-8.627024E-05,0,-0.0009116324,1,0,0,1,0.00281844474,-0.0209855437,-0.297253937,-0.297675252,-0.00010453751,-0.002814724,0.00255355518,-0.04657717,-0.330679446,-4.04418945,0.009954634,0.0174175687,0.005368176,-0.0008875636,-0.00181982561,0.00187091774,-0.03534487,-0.1811696,0.7205438,0.0688638538,0.107632332,-0.000423355959,0.00288087,-0.0006792409,0.00162802823,-0.0347405523,-0.181258589,0.698671162,-0.0602417,-0.06689453,-0.0009255756,-0.00146431546,0.0004786324,0.001639154,-0.0173876286,-0.0574872345,4.168485,0.08599095,0.109978788,0.08522871,0.002117509,-0.002152958,0.000209370861,-0.0168263167,-0.05747619,4.146045,-0.07043457,-0.06903076,0.085942924,-0.00109245663,0.00087771297,0.0005963574,-0.00336577,3.6837082E-05,-4.7774353,0.102461919,0.0119914534,-0.310267121,0.00270507368,0.01067454,0.000311782642,-0.00203591585,-0.000247629476,-4.779358,-0.0803833,-0.009002686,-0.302926064,0.000149601867,0.00573097542,-0.5494232,2.12528777,2.70363927,3.48258233
135,2.6999990433673466,633,0,0,0,0,0,-8.627024E-05,0,-0.0009116324,-8.627024E-05,0,-0.0009116324,1,0,0,1,0.003021335,-0.0233899653,-0.308562845,-0.309132069,-0.000116895055,-0.003021964,0.00275060721,-0.0502216071,-0.343124628,-4.04418945,0.0100169424,0.0146216573,0.00507378066,-0.000925411936,-0.00195469963,0.00205318537,-0.0376080871,-0.187974453,0.729486,0.07197108,0.1055705,-0.000692651665,0.00264042756,-0.0010168259,0.00174698024,-0.0369612873,-0.1880835,0.7073678,-0.0616455078,-0.06607056,-0.00127257046,-0.00118316838,0.000461299176,0.0018051,-0.0181588382,-0.05972532,4.24305534,0.08844583,0.1081108,0.087651886,0.00194371422,-0.002300618,0.0002595909,-0.0175716281,-0.0596735068,4.22200251,-0.07131958,-0.06817627,0.08886702,-0.000851324236,0.00087209756,0.000556418,-0.00296469033,-4.70911837E-05,-5.134674,0.101649284,0.0252284426,-0.3211197,0.00243372028,0.00834605,0.000319173443,-0.00200171769,-0.0002844566,-5.13912964,-0.0790710449,-0.0156555176,-0.313554,0.000282113615,0.005847949,-0.5493824,2.12478161,2.697552,3.47754288
136,2.719999036281179,641,0,0,0,0,0,-8.627024E-05,0,-0.0009116324,-8.627024E-05,0,-0.0009116324,1,0,0,1,0.00323165883,-0.0260718763,-0.320631772,-0.3213794,-0.000129696549,-0.00323190074,0.00295351259,-0.0542047769,-0.356410563,-4.04437256,0.0100734895,0.0116753839,0.00509096449,-0.0009602902,-0.002098103,0.00216623722,-0.04009947,-0.195225656,0.7384299,0.07483211,0.103576675,-0.0009927994,0.00242653349,-0.0009395504,0.00187556841,-0.03940995,-0.195335135,0.7160842,-0.06271362,-0.0652160645,-0.00154792878,-0.0009166922,0.0004637078,0.00181624352,-0.01899387,-0.0620651729,4.320673,0.09070213,0.10632962,0.09060336,0.00172971422,-0.002236438,0.00031070254,-0.01835163,-0.0619839877,4.301367,-0.0718994141,-0.06732178,0.09200754,-0.0006115432,0.00088355504,0.0005147717,-0.00286534429,-5.741208E-05,-5.50610352,0.100874953,0.0382339768,-0.333503485,0.00239999872,0.00710788229,0.000319648243,-0.00195965171,-0.000311004143,-5.513611,-0.07763672,-0.02243042,-0.325035781,0.0004450617,0.00589497061,-0.5493338,2.12422085,2.69018245,3.47147846
137,2.7399990291950114,649,0,0,0,0,0,-8.627024E-05,0,-0.0009116324,-8.627024E-05,0,-0.0009116324,1,0,0,1,0.00344913546,-0.0290193111,-0.3334885,-0.3344489,-0.000142848075,-0.00344315148,0.003166515,-0.0585645437,-0.370551467,-4.04470825,0.0101277875,0.00857009552,0.005135358,-0.0009906162,-0.00225234288,0.00226090965,-0.042796433,-0.202913851,0.747472048,0.0774400756,0.101895057,-0.0011839004,0.002202251,-0.0006925859,0.00201277365,-0.0420691222,-0.2030296,0.724903,-0.06350708,-0.0643310547,-0.001743662,-0.0006617386,0.0005008263,0.00176976353,-0.0198728889,-0.06450005,4.40178537,0.0927272961,0.104773507,0.0938447,0.00147855375,-0.00208032154,0.000356285862,-0.01921694,-0.0644158348,4.38434172,-0.07220459,-0.06640625,0.09528776,-0.000376251352,0.0009290975,0.0004989654,-0.00297963619,-2.45872579E-05,-5.89312744,0.100097395,0.05055096,-0.347044855,0.00256273081,0.007053541,0.0003078012,-0.00189819932,-0.000337129633,-5.90393066,-0.07601929,-0.0294189453,-0.337234,0.000614223769,0.005737602,-0.549282134,2.12363958,2.68218827,3.46492267
138,2.7599990221088433,656,0,0,0,0,0,-8.627024E-05,0,-0.0009116324,-8.627024E-05,0,-0.0009116324,1,0,0,1,0.00367154158,-0.03229487,-0.347155929,-0.348361433,-0.000157398288,-0.00366847031,0.0033838423,-0.06335749,-0.3855832,-4.044983,0.0101834144,0.005284567,0.005265102,-0.00101407664,-0.00240940275,0.00235206517,-0.0457528532,-0.211059,0.7567885,0.07978749,0.100433707,-0.00123310916,0.00197141012,-0.000499318354,0.00214091921,-0.0449799448,-0.21119006,0.7339461,-0.06402588,-0.06341553,-0.001834643,-0.000415716757,0.0005122741,0.00173313718,-0.0208470374,-0.067048274,4.48668,0.09450533,0.103374064,0.0972656161,0.001219322,-0.00197138544,0.0003963637,-0.0201400369,-0.06698837,4.4711175,-0.072265625,-0.0654602051,0.09869753,-0.0001482003,0.000959880766,0.0004989208,-0.00308467448,9.992204E-06,-6.29696655,0.0992835462,0.0621037036,-0.361278951,0.00272843847,0.007241435,0.000285419024,-0.00181265175,-0.000368455716,-6.31106567,-0.07421875,-0.0367126465,-0.3500725,0.000776530942,0.00536385924,-0.5492262,2.12302685,2.6736176,3.45790744
139,2.7799990150226757,663,0,0,0,0,0,-8.627024E-05,0,-0.0009116324,-8.627024E-05,0,-0.0009116324,1,0,0,1,0.00390132447,-0.0358653367,-0.361665368,-0.363166928,-0.000172505592,-0.00389963132,0.003606063,-0.068555,-0.401521862,-4.045227,0.0102480091,0.00182633672,0.00540053658,-0.001031756,-0.00256271427,0.00246185716,-0.0489257276,-0.2196723,0.7663891,0.08188451,0.09914481,-0.00125244434,0.00174968445,-0.0003609315,0.00226881076,-0.0481086969,-0.219825149,0.7432015,-0.06427002,-0.0624694824,-0.00192491035,-0.000177711117,0.000563111156,0.00172388682,-0.0218561739,-0.0697475746,4.57543468,0.09605437,0.102074839,0.10075774,0.0009744006,-0.001894517,0.000427187741,-0.0211177915,-0.0697183758,4.561773,-0.0720214844,-0.064453125,0.102192312,7.064702E-05,0.001005673,0.0005193955,-0.00317212939,3.170405E-05,-6.71878052,0.0984079838,0.07298385,-0.376082957,0.00292361015,0.007762595,0.000254617567,-0.00170144439,-0.000410372682,-6.7361145,-0.07217407,-0.0443115234,-0.3635261,0.000919563463,0.00479562627,-0.549165368,2.12236071,2.664393,3.45036054
140,2.799999007936508,670,0,0,0,0,0,-8.627024E-05,0,-0.0009116324,-8.627024E-05,0,-0.0009116324,1,0,0,1,0.00413869135,-0.03984806,-0.37704125,-0.378884971,-0.000188457227,-0.0041398746,0.003834798,-0.07429093,-0.418402374,-4.04541,0.0103228139,-0.00180053711,0.00552807469,-0.00104694942,-0.00272344053,0.00258894032,-0.0524133742,-0.228784949,0.7763856,0.0837515,0.0979308039,-0.00118870067,0.00154671143,-0.000298003579,0.00239631464,-0.0515498072,-0.228961915,0.752770245,-0.0642395,-0.0614318848,-0.00193823257,4.96805478E-05,0.000626498,0.00174420676,-0.0229469389,-0.07260865,4.66819429,0.09740179,0.100823,0.104366705,0.0007556318,-0.00185699156,0.000453519664,-0.0221772343,-0.07260945,4.65647745,-0.0715026855,-0.06338501,0.105826385,0.0002793425,0.001053631,0.00055862905,-0.00324569643,3.82817234E-05,-7.15957642,0.09746952,0.0832874253,-0.391434252,0.00316882576,0.008625599,0.00021591071,-0.00156116486,-0.000462976255,-7.18005371,-0.06994629,-0.05227661,-0.377607942,0.0010452,0.00405300455,-0.5491004,2.12163877,2.654708,3.44243169
141,2.81999900085034,676,0,0,0,0,0,-8.627024E-05,0,-0.0009116324,-8.627024E-05,0,-0.0009116324,1,0,0,1,0.00438358774,-0.0442241579,-0.393321782,-0.395569324,-0.000205115357,-0.00438873144,0.00407082774,-0.0805410147,-0.436237216,-4.045807,0.0104071312,-0.00561523438,0.00537829753,-0.00106141111,-0.002890242,0.00273024524,-0.0561875552,-0.2384121,0.786791146,0.08541619,0.0967285857,-0.00111139787,0.0013682663,-0.000291448843,0.00252672448,-0.05527599,-0.238611639,0.762676656,-0.0639648438,-0.06036377,-0.00192419556,0.0002686442,0.0006900754,0.0017858221,-0.02412635,-0.07564068,4.76510239,0.0985757,0.09958129,0.108093157,0.000561986235,-0.00184283929,0.000478682661,-0.023314029,-0.07567001,4.75538349,-0.07077026,-0.06225586,0.109580979,0.000480196933,0.00110610132,0.000614016957,-0.00330962241,3.25925648E-05,-7.62042236,0.09646977,0.0930969641,-0.407441616,0.00347070559,0.00979179,0.000163462042,-0.001409024,-0.000522568938,-7.64401245,-0.06750488,-0.0606384277,-0.392393172,0.00109702453,0.002899691,-0.5490378,2.120912,2.645575,3.43493485
142,2.8399989937641723,682,0,0,0,0,0,-8.627024E-05,0,-0.0009116324,-8.627024E-05,0,-0.0009116324,1,0,0,1,0.00463859644,-0.04907295,-0.410525024,-0.413250834,-0.000221761264,-0.004639745,0.00432125,-0.08741149,-0.4550971,-4.04599,0.010502127,-0.009613037,0.005674043,-0.00106833957,-0.003070553,0.002889823,-0.06030512,-0.248560637,0.797589362,0.08690715,0.095589146,-0.0010109694,0.00121412193,-0.000265824667,0.00267069717,-0.0593500733,-0.248781219,0.772921264,-0.06341553,-0.0591430664,-0.00187704957,0.000479935959,0.000795442262,0.00183653377,-0.025376603,-0.07885233,4.866314,0.09961078,0.0983897448,0.111952543,0.00039104835,-0.00181023381,0.0005035003,-0.02452688,-0.07890813,4.858621,-0.06976318,-0.0610351563,0.11345847,0.000671919843,0.00118748064,0.0006665734,-0.00338700414,-2.609344E-06,-8.102478,0.09540562,0.102431044,-0.423779219,0.0037125526,0.0106914351,0.000105467916,-0.00132197142,-0.0006102501,-8.129028,-0.06484985,-0.0693664551,-0.407445937,0.00115672825,0.0016873189,-0.5489714,2.12010574,2.63594723,3.42701554
143,2.8599989866780042,689,0,0,0,0,0,-8.627024E-05,0,-0.0009116324,-8.627024E-05,0,-0.0009116324,1,0,0,1,0.00490007037,-0.05442916,-0.428696334,-0.431984752,-0.000240430585,-0.004910923,0.00457252,-0.09493324,-0.4749611,-4.04632568,0.0106155826,-0.0138244629,0.00553029776,-0.001073244,-0.00323680625,0.00304006273,-0.06479129,-0.259252936,0.808817148,0.0882506445,0.09438042,-0.0008733989,0.00108402432,-0.000301168562,0.00280699925,-0.0637813061,-0.2594952,0.7835542,-0.06265259,-0.0579223633,-0.00178269029,0.000684829,0.000832082646,0.00188877515,-0.0267182887,-0.08224527,4.971967,0.100526325,0.0971901938,0.115940325,0.00024362054,-0.001812554,0.0005364171,-0.0258393288,-0.0823256746,4.96632433,-0.06851196,-0.059753418,0.117448442,0.0008606104,0.00121816539,0.0006619105,-0.003592223,-0.000145057507,-8.606873,0.0943168,0.111126505,-0.438864022,0.003339807,0.009199063,8.426362E-05,-0.00145342946,-0.000782797229,-8.636261,-0.0619506836,-0.07852173,-0.421651334,0.001648584,0.002040604,-0.5488927,2.11913252,2.62485027,3.41787148
144,2.8799989795918366,696,0,0,0,0,0,-8.627024E-05,0,-0.0009116324,-8.627024E-05,0,-0.0009116324,1,0,0,1,0.005173037,-0.06032507,-0.4478648,-0.4518081,-0.0002589688,-0.00518600829,0.00483526755,-0.103158981,-0.495906,-4.04672241,0.01074537,-0.0182189941,0.00553323934,-0.00107708294,-0.00341664581,0.003194139,-0.069649294,-0.270513147,0.820506036,0.08947438,0.09324901,-0.000700688048,0.0009767384,-0.000242840746,0.00296040531,-0.06858857,-0.270774066,0.7946225,-0.0616760254,-0.0566101074,-0.00163408183,0.0008871506,0.0008952932,0.00191858259,-0.0281494111,-0.0858374,5.082202,0.101363048,0.09605745,0.12004032,0.000113492279,-0.00175447785,0.00057876663,-0.0272160619,-0.08594543,5.07857847,-0.06704712,-0.0584106445,0.121529728,0.00103923376,0.00125843228,0.0006484413,-0.00380457938,-0.000307791634,-9.134705,0.09323761,0.119101129,-0.454536,0.00293860817,0.00760429725,7.085419E-05,-0.0015977174,-0.0009831298,-9.166748,-0.0588989258,-0.08795166,-0.436300546,0.002180705,0.00251805177,-0.5488136,2.11809325,2.61388779,3.408801
145,2.899998972505669,703,0,0,0,0,0,-8.627024E-05,0,-0.0009116324,-8.627024E-05,0,-0.0009116324,1,0,0,1,0.00545614352,-0.06686489,-0.468056023,-0.472770363,-0.000277995481,-0.005469739,0.00511273975,-0.112183079,-0.5179593,-4.046875,0.0108915251,-0.0228271484,0.00581514463,-0.001075539,-0.0036093255,0.00335177849,-0.07496098,-0.282339156,0.8326447,0.0906002,0.092246376,-0.0004923297,0.0008880012,-0.0001510804,0.003126537,-0.0738499463,-0.282619745,0.8061354,-0.0604553223,-0.0552368164,-0.00144899089,0.00108102022,0.000945969,0.00193659728,-0.029669106,-0.08962587,5.1972003,0.102145217,0.09505546,0.124297157,-2.06462573E-07,-0.0016612875,0.0006316725,-0.0287226588,-0.08975697,5.195548,-0.0653381348,-0.0570373535,0.125744343,0.00121230341,0.00129728345,0.000627171656,-0.00401696563,-0.00048578452,-9.687256,0.09220711,0.126132309,-0.4709566,0.002496499,0.00588997127,6.63453538E-05,-0.00181311369,-0.001234775,-9.721802,-0.0556640625,-0.09762573,-0.450844646,0.00290625077,0.00347206136,-0.548725367,2.116877,2.60183382,3.398795
146,2.9199989654195009,710,0,0,0,0,0,-8.627024E-05,0,-0.0009116324,-8.627024E-05,0,-0.0009116324,1,0,0,1,0.005748939,-0.0740822852,-0.489314646,-0.494930267,-0.000297918567,-0.005765614,0.00539849559,-0.12208727,-0.5411224,-4.046997,0.0110568563,-0.0276184082,0.00579759758,-0.00107597688,-0.003813711,0.00351023022,-0.0807379,-0.294752836,0.84531796,0.09165263,0.09137622,-0.000204147364,0.0008202405,-4.974963E-05,0.00330033782,-0.07957335,-0.295053482,0.81817,-0.0590209961,-0.05380249,-0.00117450871,0.00127116393,0.000971880858,0.00194947643,-0.0313168019,-0.09360379,5.31715059,0.102899283,0.09419317,0.128695428,-9.677926E-05,-0.00156062713,0.000693668029,-0.0303183347,-0.0937730744,5.31733036,-0.0634460449,-0.05557251,0.130054235,0.00137779023,0.00132492138,0.000605599256,-0.00423015654,-0.000676114636,-10.2658386,0.09124476,0.1320972,-0.488225549,0.002024583,0.00418034941,0.000125447608,-0.00217954814,-0.00141081342,-10.3025513,-0.0522460938,-0.10748291,-0.469153941,0.0038002294,0.005711836,-0.5486379,2.115587,2.59006333,3.38897324
147,2.9399989583333332,717,0,0,0,0,0,-8.627024E-05,0,-0.0009116324,-8.627024E-05,0,-0.0009116324,1,0,0,1,0.006050755,-0.08206323,-0.5116695,-0.5183406,-0.000319765939,-0.00608166028,0.00568944262,-0.132939443,-0.56544733,-4.04721069,0.011247186,-0.0326843262,0.00577091938,-0.00106860092,-0.004002356,0.00366051821,-0.08703712,-0.307762027,0.85859704,0.09265716,0.0905576348,0.000184585035,0.000775456254,2.2350534E-05,0.003472756,-0.08580892,-0.308081418,0.830840051,-0.0573730469,-0.0524597168,-0.000776822,0.00144509063,0.0009349638,0.001959637,-0.03306228,-0.0977878347,5.442185,0.103649579,0.09341293,0.133201629,-0.00017074481,-0.00148485508,0.000771528867,-0.0320323855,-0.09798338,5.444052,-0.061340332,-0.05419922,0.134463668,0.00153259735,0.00129455992,0.000582526845,-0.004437804,-0.000883577857,-10.8717957,0.0903890952,0.136807457,-0.5063722,0.0015301957,0.002458077,0.000207589357,-0.00260086358,-0.00158437062,-10.91037,-0.0486755371,-0.117492676,-0.488903433,0.004844328,0.008414457,-0.5485392,2.11407137,2.57708073,3.37809682
148,2.9599989512471656,723,0,0,0,0,0,-8.627024E-05,0,-0.0009116324,-8.627024E-05,0,-0.0009116324,1,0,0,1,0.0063654,-0.0908598751,-0.5351604,-0.5430644,-0.00034131686,-0.006405137,0.00599058764,-0.144818291,-0.5909533,-4.04760742,0.0114658987,-0.03793335,0.00555679528,-0.00106134044,-0.00419351272,0.00382049615,-0.09387493,-0.321386635,0.8725762,0.09364622,0.08988806,0.0006637408,0.000758603157,0.000148659252,0.0036589785,-0.0925853848,-0.321719319,0.844276845,-0.0555419922,-0.05114746,-0.000253750128,0.00161266152,0.0009311896,0.00196096883,-0.034933418,-0.102184653,5.57236958,0.104449078,0.09276693,0.137777254,-0.00021466054,-0.00136941613,0.000853480829,-0.0338599533,-0.102406092,5.575729,-0.0590515137,-0.0528259277,0.138903,0.0016734805,0.0012783733,0.0005546593,-0.004641399,-0.00110891275,-11.50647,0.08969515,0.140158817,-0.525462151,0.00102484855,0.0007308557,0.00030545413,-0.00308343768,-0.00179237558,-11.54657,-0.04498291,-0.127563477,-0.5092965,0.006084041,0.0115454383,-0.5484445,2.11250973,2.56481934,3.36775684
149,2.9799989441609975,730,0,0,0,0,0,-8.627024E-05,0,-0.0009116324,-8.627024E-05,0,-0.0009116324,1,0,0,1,0.00669158529,-0.100577071,-0.5598085,-0.5691549,-0.000363354222,-0.006741084,0.006304473,-0.157854468,-0.6176982,-4.04785156,0.0117097991,-0.0434265137,0.00574418576,-0.00105150719,-0.00439441437,0.003985494,-0.10132128,-0.335625857,0.8873105,0.09465453,0.08938198,0.001254288,0.0007722223,0.000290283031,0.00385456067,-0.09996843,-0.3359726,0.858555436,-0.0534973145,-0.0498352051,0.000389397319,0.00176853361,0.0009209211,0.00195551617,-0.03691317,-0.106809705,5.70772266,0.1053458,0.09229905,0.14239338,-0.0002256415,-0.00122903113,0.00094167114,-0.0358128846,-0.107060455,5.71227,-0.05657959,-0.0514526367,0.143322781,0.00179147755,0.00126204768,0.000517705164,-0.004837945,-0.00135332183,-12.1711731,0.08922488,0.141928911,-0.5455848,0.0005160164,-0.00104123983,0.000410229957,-0.003560841,-0.002018198,-12.21228,-0.041229248,-0.1376648,-0.5308613,0.0073511065,0.014610514,-0.548336446,2.1106472,2.55100751,3.35606074
150,2.99999893707483,737,0,0,0,0,0,-8.627024E-05,0,-0.0009116324,-8.627024E-05,0,-0.0009116324,1,0,0,1,0.00703026354,-0.111339584,-0.585680246,-0.596712649,-0.0003857467,-0.00708981138,0.0066355546,-0.172156617,-0.645689666,-4.048279,0.0119840847,-0.04916382,0.005543632,-0.0010409106,-0.004620769,0.00415744353,-0.109327912,-0.349930853,0.90697825,0.09574369,0.08908398,0.004953801,0.0008658208,0.000450360822,0.00405585859,-0.107640371,-0.349115521,0.88351953,-0.051361084,-0.04849243,0.0102101294,0.0018103082,0.000935969758,0.0019269163,-0.0389655828,-0.111259378,5.84309435,0.106520861,0.09207454,0.151104659,0.000116008247,-0.00100600533,0.00105110952,-0.03799598,-0.111061126,5.82655144,-0.0543518066,-0.05014038,0.1336823,0.001278061,0.0011494034,0.000386688538,-0.00505524874,-0.0017824166,-12.8600159,0.0905249,0.14257513,-0.5646984,0.000478651666,-0.00293797418,0.0007411387,-0.003993988,-0.002862168,-12.895752,-0.04031372,-0.149932861,-0.5466187,0.00707741873,0.01756616,-0.548225,2.10860229,2.536918,3.34405541
151,3.0199989299886618,745,0,0,0,0,0,-8.627024E-05,0,-0.0009116324,-8.627024E-05,0,-0.0009116324,1,0,0,1,0.0073819817,-0.123158723,-0.6126448,-0.6256232,-0.000409711036,-0.00745637156,0.006971514,-0.187696651,-0.673709,-4.080078,0.0123630464,-0.0551452637,-0.0146530224,-0.00101394416,-0.004829783,0.004315404,-0.116979256,-0.360753059,0.951383054,0.09727832,0.08909254,0.0297862832,0.00130479678,0.0007013392,0.004303324,-0.115195364,-0.359973252,0.9349443,-0.049621582,-0.0473938,0.0350944251,0.00143559685,0.000736668357,0.00181188225,-0.0413794219,-0.113665849,5.91141129,0.10892462,0.09235722,0.09424925,0.0009053902,-0.000477710331,0.00128650852,-0.03986205,-0.112722084,5.895055,-0.0532226563,-0.0492248535,0.09136049,0.000743368641,0.0007775359,-5.533028E-05,-0.00529529154,-0.00311052753,-13.5675049,0.0948723257,0.141933873,-0.576992631,0.00334072742,-0.00381486956,0.00102915778,-0.00405018032,-0.00352284778,-13.6030273,-0.0405273438,-0.160003662,-0.5674486,0.005937182,0.0180516783,-0.5481005,2.10619831,2.52135849,3.33072567
152,3.0399989229024942,752,0,0,0,0,0,-8.627024E-05,0,-0.0009116324,-8.627024E-05,0,-0.0009116324,1,0,0,1,0.007747398,-0.136202082,-0.640572548,-0.655856252,-0.000434711226,-0.007837935,0.007328204,-0.204829544,-0.7047625,-4.080902,0.0128619121,-0.0614013672,0.009891587,-0.000923886546,-0.00508243171,0.004432681,-0.12558651,-0.373467535,1.01603973,0.0996462852,0.0897392556,0.0473652519,0.00197827653,0.00120965915,0.004590915,-0.1237998,-0.373117715,1.00417578,-0.0482177734,-0.0466918945,0.0506724827,0.00119908236,0.0003910896,0.00171054923,-0.04274729,-0.114957146,5.98539,0.111953929,0.09314156,0.08781447,0.001043481,-0.0002141888,0.00149029261,-0.0411537439,-0.114058681,5.97079229,-0.0516967773,-0.04849243,0.08901285,0.00111913239,0.00067942834,-7.92956052E-06,-0.00542223454,-0.00226532179,-14.31311,0.0983742,0.14078632,-0.619839,0.00186397578,-0.005983544,0.00083032914,-0.00383035839,-0.002688543,-14.3531494,-0.03842163,-0.168273926,-0.608209968,0.007532856,0.0168793555,-0.547981,2.10371757,2.5065887,3.317966
153,3.0599989158163265,760,0,0,0,0,0,-8.627024E-05,0,-0.0009116324,-8.627024E-05,0,-0.0009116324,1,0,0,1,0.008124684,-0.150601283,-0.670030832,-0.6879955,-0.000460562878,-0.008240077,0.00768874772,-0.223675653,-0.7369278,-4.06942749,0.0134965135,-0.06790161,0.0189328548,-0.000887928356,-0.005284674,0.004614037,-0.135220692,-0.3881372,1.09472871,0.10222552,0.09065344,0.0594738945,0.00210124278,0.001378072,0.004798287,-0.133438066,-0.388196826,1.08539081,-0.0465698242,-0.0460510254,0.0608796328,0.00147498958,0.000432203815,0.0017572341,-0.0443827957,-0.117299058,6.06692362,0.1143583,0.09386861,0.08921957,0.0005739621,-0.000236679349,0.0015000907,-0.04287687,-0.116996273,6.053335,-0.0492248535,-0.04751587,0.0912485048,0.00177677209,0.000899217441,0.00016756398,-0.00538513064,-0.0014901394,-15.1081848,0.09971186,0.136224374,-0.6633936,0.0003920209,-0.00689066853,0.0006171511,-0.00379793346,-0.002169962,-15.1510315,-0.0341186523,-0.177368164,-0.6468084,0.008964394,0.0157025848,-0.5478374,2.10062623,2.48907566,3.30276465
154,3.0799989087301585,766,0,0,0,0,0,-8.627024E-05,0,-0.0009116324,-8.627024E-05,0,-0.0009116324,1,0,0,1,0.008514666,-0.166541055,-0.7009314,-0.7220246,-0.000486155739,-0.008658639,0.008063569,-0.244388223,-0.7699687,-4.062378,0.0139939524,-0.07467651,0.0151937557,-0.0009652318,-0.00550913857,0.0048609823,-0.146037415,-0.40465197,1.18141878,0.104755856,0.09145749,0.06619342,0.00204327144,0.00125896721,0.004947971,-0.144255519,-0.405070215,1.17278385,-0.04446411,-0.0450134277,0.06596937,0.00183668151,0.000802738359,0.00186738221,-0.0464785844,-0.12161307,6.15386724,0.116601042,0.0945118144,0.09243212,0.0003779272,-0.000245722,0.00142900774,-0.04507102,-0.121906072,6.140097,-0.046295166,-0.0462036133,0.09443374,0.00208070222,0.00114623585,0.000239575747,-0.0053871274,-0.001374958,-15.9490662,0.100465842,0.128530681,-0.697536647,-0.0005524559,-0.00804683,0.0005886705,-0.00409421325,-0.002232948,-15.991333,-0.02923584,-0.187713623,-0.679181337,0.0102376565,0.01660751,-0.547706,2.097569,2.4732213,3.28886
155,3.0999989016439908,772,0,0,0,0,0,-8.627024E-05,0,-0.0009116324,-8.627024E-05,0,-0.0009116324,1,0,0,1,0.008918967,-0.1841189,-0.7331329,-0.7578691,-0.00051156804,-0.009093306,0.008450166,-0.267010152,-0.8042054,-4.061676,0.014441506,-0.08169556,0.0102116764,-0.0009751824,-0.00574137736,0.005108189,-0.1580205,-0.422601253,1.27155161,0.107358247,0.09219832,0.0691579,0.002117837,0.00121030607,0.005122502,-0.156220585,-0.423272967,1.262401,-0.04208374,-0.043548584,0.06786006,0.002039357,0.00111924764,0.00192293373,-0.0490342379,-0.127559721,6.243676,0.1192598,0.0953128561,0.0953063,0.0005716547,-8.930129E-05,0.001425576,-0.0476910621,-0.1282536,6.22917747,-0.04336548,-0.0446777344,0.09730627,0.002021543,0.001243458,0.000173356137,-0.00547127426,-0.00176374591,-16.8301086,0.102070726,0.118093088,-0.72552985,-0.00085598533,-0.009570294,0.0007219936,-0.004499078,-0.00266338349,-16.86905,-0.0248413086,-0.198699951,-0.7085066,0.0111318212,0.0185822081,-0.5475665,2.094141,2.45648766,3.27407813
156,3.1199988945578232,779,0,0,0,0,0,-8.627024E-05,0,-0.0009116324,-8.627024E-05,0,-0.0009116324,1,0,0,1,0.00933637749,-0.203479767,-0.7665929,-0.7955699,-0.0005381147,-0.009549902,0.008848695,-0.2917601,-0.83975935,-4.06411743,0.0149447573,-0.08898926,0.00774494,-0.0009305649,-0.00596635928,0.00530868024,-0.171169132,-0.44156158,1.36272216,0.110291518,0.093118,0.07030587,0.002423702,0.00140310638,0.00535646453,-0.1693155,-0.442363083,1.35257959,-0.03970337,-0.0420532227,0.0686038658,0.002040633,0.00114423013,0.00186802889,-0.05192882,-0.134438351,6.335897,0.122737512,0.09652177,0.09807975,0.0010440693,0.000245882373,0.00155757926,-0.0506070852,-0.13533935,6.32018137,-0.04083252,-0.0433044434,0.09980743,0.00174425007,0.00111352908,6.561604E-07,-0.00559638441,-0.00231616455,-17.74884,0.105300762,0.104652964,-0.753537953,-0.000717877643,-0.011416208,0.0009427082,-0.004794404,-0.00318859331,-17.7825317,-0.021484375,-0.209320068,-0.738844156,0.0114964936,0.0203373954,-0.5473944,2.08976579,2.43602848,3.255917
157,3.1399988874716551,786,0,0,0,0,0,-8.627024E-05,0,-0.0009116324,-8.627024E-05,0,-0.0009116324,1,0,0,1,0.009768257,-0.224827081,-0.8013097,-0.835220158,-0.000563924666,-0.0100226207,0.009264686,-0.318870127,-0.8766381,-4.06689453,0.0155271012,-0.09655762,0.00751801534,-0.0008804414,-0.006227609,0.00546844071,-0.185507253,-0.46117112,1.45469022,0.113808759,0.09459373,0.07150802,0.00294389063,0.00189225352,0.0056595346,-0.183592349,-0.4620625,1.44339132,-0.03744507,-0.0407714844,0.06962863,0.00188154308,0.0009134995,0.001707789,-0.055097,-0.141684085,6.43031645,0.127285123,0.098389,0.100183882,0.00168109476,0.000753184431,0.00180786685,-0.05376874,-0.142692655,6.413421,-0.03878784,-0.0422363281,0.10193751,0.00136987749,0.000841214671,-0.00023603595,-0.00571234524,-0.00281842425,-18.70575,0.110464275,0.08763343,-0.7854482,-0.000196940266,-0.0132426862,0.00118164823,-0.004854575,-0.00364344916,-18.73288,-0.019317627,-0.218688965,-0.77274704,0.0111946836,0.020942919,-0.547234237,2.085358,2.417067,3.238888
158,3.1599988803854875,793,0,0,0,0,0,-8.627024E-05,0,-0.0009116324,-8.627024E-05,0,-0.0009116324,1,0,0,1,0.0102135194,-0.248352945,-0.8372986,-0.8769553,-0.0005912846,-0.0105209481,0.00969167147,-0.348571658,-0.914752841,-4.06900024,0.016194541,-0.104431152,0.007894012,-0.000828994554,-0.006474695,0.00559601467,-0.201094359,-0.4812767,1.54811752,0.11812029,0.09679563,0.07347977,0.00363965635,0.00253961817,0.005999178,-0.199108511,-0.482246578,1.53560317,-0.0354919434,-0.0399169922,0.07151907,0.00160521292,0.000494551961,0.00148199475,-0.0584367961,-0.1490681,6.527189,0.13306421,0.101030789,0.101794459,0.00242703082,0.00134460325,0.00212965161,-0.05710572,-0.150173962,6.508963,-0.0373535156,-0.0416564941,0.103465334,0.000940174,0.00046777277,-0.000507798046,-0.005778551,-0.00318385428,-19.7029114,0.117677025,0.06625623,-0.8229577,0.000689016655,-0.0148597807,0.00140372058,-0.00463718176,-0.00399498548,-19.72229,-0.0183410645,-0.226287842,-0.81097,0.0100396946,0.0199226812,-0.547069132,2.08053923,2.39763713,3.22127175
159,3.1799988732993194,800,0,0,0,0,0,-8.627024E-05,0,-0.0009116324,-8.627024E-05,0,-0.0009116324,1,0,0,1,0.01067102,-0.274245679,-0.8745401,-0.920872331,-0.000619968167,-0.0110459886,0.0101258969,-0.3811072,-0.9540371,-4.07089233,0.0169359036,-0.112609863,0.0080197975,-0.0007811801,-0.0067162523,0.005708232,-0.218016744,-0.5018897,1.64376962,0.123412259,0.09979924,0.07620223,0.004492284,0.0032499237,0.00635044,-0.215962589,-0.5029595,1.62994468,-0.0339660645,-0.03967285,0.07407985,0.00122475915,8.91654054E-07,0.00122541608,-0.06196688,-0.156606928,6.6269145,0.140244469,0.10448806,0.103158958,0.0032862958,0.00197451445,0.0024767993,-0.06065309,-0.157840088,6.60705233,-0.03665161,-0.04159546,0.104700647,0.000431629946,4.863579E-05,-0.000798588444,-0.00578026474,-0.003412887,-20.7426758,0.127068415,0.03988565,-0.8662685,0.00205709925,-0.0160276275,0.00159608584,-0.00413016975,-0.004257441,-20.7527771,-0.01864624,-0.231872559,-0.85352695,0.007840933,0.017099224,-0.5468908,2.07507181,2.37683415,3.202242
160,3.1999988662131518,807,0,0,0,0,0,-8.627024E-05,0,-0.0009116324,-8.627024E-05,0,-0.0009116324,1,0,0,1,0.0111442432,-0.302759767,-0.9129785,-0.9670771,-0.000646491535,-0.0115878573,0.0105756652,-0.4167083,-0.994405031,-4.072571,0.0177533254,-0.121063232,0.008106238,-0.000731374254,-0.006964313,0.00583231449,-0.236439466,-0.523048341,1.74185216,0.129875585,0.103753507,0.07917765,0.00550780538,0.004046554,0.00671829563,-0.234330386,-0.5242357,1.72651136,-0.032989502,-0.039855957,0.07681906,0.000721340766,-0.000435003662,0.000953633455,-0.06573212,-0.164453849,6.72980642,0.149068922,0.108867884,0.104489855,0.00430537062,0.00267669326,0.00282614166,-0.06445384,-0.165857583,6.70783138,-0.0368347168,-0.0420532227,0.1058194,-0.000211503764,-0.0003448026,-0.00111676985,-0.00571197271,-0.003548325,-21.8268433,0.138897255,0.008018791,-0.915033638,0.00407607155,-0.0166866761,0.00176280388,-0.00332057476,-0.00447518844,-21.8258667,-0.0204772949,-0.235229492,-0.9000827,0.00431401841,0.0123854419,-0.546703637,2.06898117,2.35504174,3.18210459
161,3.2199988591269841,814,0,0,0,0,0,-8.627024E-05,0,-0.0009116324,-8.627024E-05,0,-0.0009116324,1,0,0,1,0.011626971,-0.3341081,-0.952562034,-1.01567841,-0.0006765486,-0.0121650975,0.0110342074,-0.4556319,-1.03574789,-4.074402,0.0186467078,-0.129821777,0.007760603,-0.0006787935,-0.00721401069,0.00594549952,-0.256481856,-0.544759631,1.84236777,0.137737468,0.10855186,0.08219677,0.006725109,0.004797031,0.007078658,-0.254325628,-0.546106756,1.82512939,-0.03274536,-0.04067993,0.0794205,5.762861E-05,-0.0009385955,0.000671769259,-0.06980868,-0.1727253,6.83536625,0.159850031,0.114178129,0.105296582,0.00555536663,0.00338810636,0.00318811741,-0.06860143,-0.174334973,6.811002,-0.0382080078,-0.0431213379,0.106612787,-0.001046213,-0.0008062307,-0.00147943618,-0.005581841,-0.00362934824,-22.9562988,0.153684914,-0.0299072266,-0.96910584,0.006979234,-0.0168241113,0.002017292,-0.002618447,-0.00470790127,-22.9422,-0.02420044,-0.236206055,-0.950579047,0.000674453331,0.008767905,-0.5465091,2.06229,2.33257866,3.161113
162,3.2399988520408161,822,0,0,0,0,0,-8.627024E-05,0,-0.0009116324,-8.627024E-05,0,-0.0009116324,1,0,0,1,0.0121240607,-0.3685937,-0.9931906,-1.06677568,-0.000703803729,-0.0127613358,0.0115046669,-0.498178661,-1.077945,-4.076599,0.0196192786,-0.13885498,0.007121024,-0.000621270854,-0.00746315,0.00606457237,-0.278327942,-0.5670147,1.94492269,0.147287041,0.114394426,0.08499498,0.008193663,0.00566785038,0.007470475,-0.276145637,-0.5685443,1.92526412,-0.0334777832,-0.0420227051,0.08169107,-0.000806495547,-0.00145806489,0.000359820318,-0.0742354542,-0.181507662,6.94349957,0.172995239,0.120566353,0.105915412,0.00707854051,0.00420770654,0.00359318918,-0.07312098,-0.183367968,6.91631842,-0.0411071777,-0.0448303223,0.107151285,-0.002119246,-0.00131719885,-0.00190022564,-0.00538831949,-0.00364135718,-24.13144,0.172001153,-0.0743103,-1.02925944,0.010945322,-0.0164509658,0.00269891554,-0.00333346426,-0.00501930248,-24.1018982,-0.0303344727,-0.23425293,-1.00640273,0.001684363,0.0155699374,-0.5462915,2.054422,2.307524,3.13747525
163,3.2599988449546484,829,0,0,0,0,0,-8.627024E-05,0,-0.0009116324,-8.627024E-05,0,-0.0009116324,1,0,0,1,0.0126294792,-0.406442761,-1.0347501,-1.120477,-0.0007338696,-0.0133928386,0.0119807022,-0.5446561,-1.12086582,-4.0791626,0.020686809,-0.148223877,0.00674974872,-0.00054900907,-0.00770064164,0.006162509,-0.302090883,-0.5897553,2.04905987,0.158859208,0.121286407,0.08746572,0.009957123,0.00657754,0.007910767,-0.29989022,-0.591489732,2.026317,-0.0354614258,-0.04434204,0.0835548,-0.00190326758,-0.00229496649,1.14925206E-05,-0.07906653,-0.190834209,7.05384445,0.18894583,0.128128529,0.106122978,0.008924061,0.005088309,0.00413680263,-0.07808147,-0.192995548,7.02299356,-0.0459289551,-0.0475769043,0.106948532,-0.003464383,-0.00208509737,-0.002479869,-0.005314991,-0.003697305,-25.3523865,0.194607228,-0.125793457,-1.093703,0.0143066961,-0.0186574347,0.00397263467,-0.00500945747,-0.008376314,-25.3045654,-0.03970337,-0.228302,-1.08759236,-0.008330703,0.0325859562,-0.546095431,2.04675961,2.28508687,3.11593771
164,3.2799988378684808,837,0,0,0,0,0,-8.627024E-05,0,-0.0009116324,-8.627024E-05,0,-0.0009116324,1,0,0,1,0.0131478952,-0.447991133,-1.07708,-1.17687428,-0.00076464517,-0.0140548535,0.0124650756,-0.595368564,-1.1642704,-4.081848,0.02185835,-0.157836914,0.006174671,-0.000477067428,-0.00794102,0.00621939544,-0.32781738,-0.6126089,2.154487,0.173026875,0.129555836,0.09111179,0.0119069777,0.007770636,0.00846549,-0.325623333,-0.6146576,2.127521,-0.0409240723,-0.04824829,0.08605678,-0.00493989326,-0.003664439,-0.000282860885,-0.08517422,-0.203065678,7.164731,0.210196123,0.137056574,0.0998811945,0.007819199,0.00550994743,0.00473154662,-0.0847149938,-0.2082478,7.122891,-0.06338501,-0.0528564453,0.09118856,-0.006206816,-0.0027372418,-0.00148856826,-0.005963087,-0.0247724131,-26.75351,0.205494627,-0.206390381,-1.236151,-0.009198595,-0.0347967148,0.00175234093,0.0005425513,-0.0364290327,-26.8250122,-0.04736328,-0.232391357,-1.30214882,0.00464366563,0.00275264634,-0.545839548,2.036507,2.25594258,3.08781123
165,3.2999988307823127,843,0,0,0,0,0,-8.627024E-05,0,-0.0009116324,-8.627024E-05,0,-0.0009116324,1,0,0,1,0.0136858346,-0.4934352,-1.11993384,-1.23598015,-0.000801160466,-0.0147578148,0.0129620973,-0.6505521,-1.20790172,-4.084564,0.0231312774,-0.167785645,0.005909051,-0.000401766272,-0.008200417,0.006549366,-0.357553571,-0.6391868,2.244593,0.188117966,0.137823269,0.0747538358,0.0128435474,0.007638173,0.008500069,-0.3562786,-0.643211663,2.20133018,-0.04586792,-0.05126953,0.05913547,-0.00431732973,-0.00235920213,-0.000542655354,-0.09759951,-0.228535742,7.236028,0.228214666,0.146253482,0.0666176,0.0101226335,0.00687409,0.004314349,-0.09900117,-0.237112761,7.17716646,-0.06259155,-0.0545349121,0.0541049764,-0.00396827143,-0.00192411244,-0.00339425355,-0.00526075065,-0.05435256,-28.2104187,0.220116377,-0.250762939,-1.26411593,0.00517059956,-0.009032192,0.00280074775,-0.000100359321,-0.066298686,-28.3111267,-0.0448303223,-0.271575928,-1.27027774,-0.0143335257,-0.0329044536,-0.545635343,2.02746582,2.232754,3.06488585
166,3.3199988236961451,849,0,0,0,0,0,-8.627024E-05,0,-0.0009116324,-8.627024E-05,0,-0.0009116324,1,0,0,1,0.0142377019,-0.543182552,-1.1631844,-1.29800069,-0.0008422923,-0.0155013464,0.0134744942,-0.710459232,-1.25156486,-4.087372,0.0245056991,-0.178070068,0.005190536,-0.0003254325,-0.008467912,0.00642968575,-0.392344326,-0.670136034,2.28901172,0.204563573,0.147940278,0.0331784971,0.013894612,0.009747322,0.008738277,-0.391412973,-0.674831867,2.22439551,-0.0502319336,-0.0536499023,0.0141848633,-0.0038591437,-0.00206821971,-0.002222564,-0.113143325,-0.258748621,7.261282,0.244157419,0.15787971,0.03860331,0.0104834009,0.010740649,0.004668313,-0.116459385,-0.2683224,7.18447447,-0.06536865,-0.05718994,0.0283293612,-0.004002393,-0.00274744583,-0.007261862,0.00449472666,-0.08141494,-29.6848755,0.234652534,-0.3580017,-1.296414,-0.02064558,-0.0568641163,0.00387869,-0.00414647162,-0.09456186,-29.8286438,-0.039855957,-0.303192139,-1.274682,-0.00980951451,-0.022990806,-0.545385,2.01605463,2.204455,3.0366993
167,3.339998816609977,857,0,0,0,0,0,-8.627024E-05,0,-0.0009116324,-8.627024E-05,0,-0.0009116324,1,0,0,1,0.014795348,-0.5977073,-1.20667207,-1.36318588,-0.0008846582,-0.0162809342,0.0139900837,-0.775670946,-1.29505074,-4.091095,0.0260041468,-0.188659668,0.00399332447,-0.000235428568,-0.008719477,0.005692079,-0.429859,-0.7000658,2.28764439,0.223444477,0.163323224,-0.00430038339,0.0159807187,0.0149605572,0.00927188247,-0.429181516,-0.7051565,2.20009947,-0.05419922,-0.05709839,-0.0251774825,-0.00350129581,-0.00323712733,-0.00502746832,-0.130131751,-0.285684824,7.255866,0.269566685,0.177533209,0.0213214941,0.0124193942,0.0160395857,0.00555316266,-0.13454999,-0.296291828,7.155878,-0.06954956,-0.06173706,0.00682274625,-0.00399799831,-0.004188137,-0.0112331836,0.000596195459,-0.105898209,-31.2383728,0.2510913,-0.4482422,-1.37519515,-0.0174863115,-0.0510508046,0.0051054717,-0.006914377,-0.119796388,-31.3986816,-0.0347290039,-0.3295288,-1.30864775,-0.00681611337,-0.0165728051,-0.54510057,2.00244141,2.172426,3.004387
168,3.3599988095238094,864,0,0,0,0,0,-8.627024E-05,0,-0.0009116324,-8.627024E-05,0,-0.0009116324,1,0,0,1,0.01535877,-0.6574068,-1.250118,-1.4317199,-0.000929939561,-0.01710091,0.0145069491,-0.8466632,-1.33801353,-4.0953064,0.027639538,-0.199523926,0.00299068377,-0.000127795618,-0.008973911,0.00479701674,-0.469528317,-0.727663159,2.25242424,0.245492563,0.1857269,-0.0309171174,0.0186608471,0.0209761523,0.009962983,-0.468954563,-0.7328411,2.14119768,-0.0579834,-0.0626831055,-0.0519240573,-0.00336441142,-0.005162348,-0.00735770538,-0.148199618,-0.30900833,7.223573,0.298030674,0.2026137,-0.000480059418,0.014262164,0.0195255615,0.006691888,-0.1515282,-0.3183729,7.104567,-0.07418823,-0.068359375,-0.009793888,-0.004037645,-0.00586215546,-0.0139061809,-0.004815772,-0.126783535,-32.875,0.269039929,-0.4847107,-1.44669032,-0.00171398651,-0.0263561271,0.00632491149,-0.008179843,-0.1379839,-33.03186,-0.03024292,-0.353179932,-1.362664,-0.00533444062,-0.0132984351,-0.5448371,1.98877919,2.142806,2.97383714
169,3.3799988024376417,871,0,0,0,0,0,-8.627024E-05,0,-0.0009116324,-8.627024E-05,0,-0.0009116324,1,0,0,1,0.0159145929,-0.7227025,-1.2931596,-1.50375473,-0.0009801136,-0.0179679655,0.0150125092,-0.923833251,-1.379995,-4.10015869,0.02944069,-0.210723877,0.00169701444,-3.35089862E-06,-0.009179477,0.00436798856,-0.5115589,-0.7530353,2.19399285,0.269771963,0.212627947,-0.0482458659,0.0206096712,0.0244801752,0.0106564062,-0.510349035,-0.7572277,2.064936,-0.0617980957,-0.07067871,-0.06283486,-0.00341648422,-0.007236273,-0.008454554,-0.165439665,-0.328354865,7.17131042,0.327266425,0.229207858,-0.01878844,0.0161987,0.02089276,0.007854965,-0.16633299,-0.3339681,7.044165,-0.07937622,-0.0770874,-0.0209659319,-0.004239363,-0.00756342337,-0.01510881,-0.00770948827,-0.142976463,-34.59012,0.288750142,-0.483062744,-1.51872241,0.0121757118,-0.00748941256,0.00746112876,-0.008007467,-0.148646,-34.7389832,-0.0264282227,-0.375793457,-1.43442643,-0.004714377,-0.011998456,-0.5445563,1.973437,2.11146641,2.94096684
170,3.3999987953514736,879,0,0,0,0,0,-8.627024E-05,0,-0.0009116324,-8.627024E-05,0,-0.0009116324,1,0,0,1,0.016457038,-0.7940002,-1.33533788,-1.57943225,-0.00102160126,-0.0188613459,0.0155094936,-1.00765038,-1.4204855,-4.10516357,0.0314261764,-0.222106934,0.00100363733,0.000140230637,-0.009365726,0.00447835261,-0.555924356,-0.7759304,2.12193584,0.295467466,0.240935728,-0.0559098646,0.0218996052,0.02534384,0.0113166841,-0.553475142,-0.7784582,1.9875387,-0.0657959,-0.08074951,-0.0595374852,-0.00358055532,-0.009050515,-0.008498358,-0.181295216,-0.343293935,7.11133671,0.357788444,0.2566156,-0.03049561,0.01766208,0.0208710134,0.008947189,-0.178884327,-0.344299078,6.98539925,-0.0849914551,-0.08773804,-0.0273660738,-0.00454428559,-0.009119627,-0.0152246067,-0.008458868,-0.154245183,-36.41028,0.307222277,-0.437286377,-1.59323442,0.0215405449,0.00158102252,0.008516108,-0.006824106,-0.153836608,-36.53241,-0.022644043,-0.398834229,-1.52055109,-0.004454746,-0.0119411983,-0.5442454,1.955525,2.07684612,2.904061
171,3.419998788265306,886,0,0,0,0,0,-8.627024E-05,0,-0.0009116324,-8.627024E-05,0,-0.0009116324,1,0,0,1,0.0169720333,-0.8716398,-1.37615609,-1.658916,-0.00106014684,-0.0197939817,0.0159799922,-1.09846127,-1.45881021,-4.110321,0.03361279,-0.233703613,-1.38332143E-06,0.000298914034,-0.009490877,0.00487082638,-0.602862835,-0.7965255,2.044999,0.3212873,0.26854378,-0.0562122539,0.0221192148,0.0246206447,0.0118684424,-0.598943233,-0.7974078,1.91879058,-0.07003784,-0.09259033,-0.0482267,-0.003801925,-0.0104698921,-0.008506621,-0.195335522,-0.3547568,7.049952,0.387637138,0.283837646,-0.0371221229,0.0186314881,0.02161015,0.009826475,-0.1903455,-0.352052331,6.933332,-0.09109497,-0.09970093,-0.0310773458,-0.00498085562,-0.0103475573,-0.0140361981,-0.01051195,-0.161923379,-38.3256531,0.323699743,-0.407043457,-1.67214143,0.0379363224,0.0221047737,0.009505918,-0.005344197,-0.156983614,-38.4234,-0.0177307129,-0.4250183,-1.61472559,-0.004677514,-0.0131407939,-0.54395026,1.93719971,2.04414558,2.86830187
172,3.4399987811791384,893,0,0,0,0,0,-8.627024E-05,0,-0.0009116324,-8.627024E-05,0,-0.0009116324,1,0,0,1,0.0174547024,-0.956072,-1.41495216,-1.74231565,-0.0010889871,-0.02075848,0.01641922,-1.1966629,-1.49426615,-4.115448,0.0360173024,-0.245391846,-0.000726489467,0.00047568325,-0.009555943,0.00520776,-0.6526969,-0.8148243,1.9701333,0.347224772,0.2955561,-0.05117186,0.0222484656,0.0241317488,0.0123069175,-0.6477882,-0.8149698,1.86041927,-0.07449341,-0.1055603,-0.0365470648,-0.00405135937,-0.0113659529,-0.008538374,-0.208410636,-0.364204079,6.99014235,0.417483032,0.310653031,-0.03863776,0.01865645,0.02228693,0.0105157522,-0.2022462,-0.36000222,6.886896,-0.0977172852,-0.112640381,-0.0274893474,-0.00550829154,-0.0113148708,-0.0130033484,-0.009068027,-0.167453945,-40.322113,0.3403474,-0.424438477,-1.75018394,0.03534689,0.0175023116,0.0105165727,-0.004242018,-0.161511436,-40.41989,-0.0104980469,-0.4565735,-1.71023238,-0.00487234164,-0.0146916891,-0.543636858,1.91659141,2.00953484,2.829681
173,3.4599987740929703,900,0,0,0,0,0,-8.627024E-05,0,-0.0009116324,-8.627024E-05,0,-0.0009116324,1,0,0,1,0.0178938881,-1.04763448,-1.45103252,-1.82979131,-0.00111153629,-0.0217630453,0.01681648,-1.30261862,-1.52598464,-4.12084961,0.0386593156,-0.257080078,-0.00173971837,0.000670892652,-0.009564171,0.005400566,-0.705679655,-0.830825,1.90155947,0.374162346,0.322636873,-0.0427606925,0.0231247153,0.0241932012,0.0126975216,-0.7007578,-0.831542253,1.80766,-0.07928467,-0.119506836,-0.0295197237,-0.00436121924,-0.0122057656,-0.008434472,-0.2219867,-0.372919858,6.93349266,0.449767947,0.337879479,-0.0356824137,0.0189713724,0.0222518928,0.0112585286,-0.216230139,-0.3699928,6.840133,-0.1048584,-0.12689209,-0.027170198,-0.00596929761,-0.012508953,-0.0122653106,-0.008852571,-0.173495829,-42.4169,0.357416272,-0.453765869,-1.8389765,0.03304082,0.0122579411,0.0117006293,-0.004013568,-0.169420287,-42.52533,0.000139325071,-0.494171143,-1.80218,-0.00395659637,-0.0152280908,-0.543318868,1.8942771,1.97457409,2.78969955
174,3.4799987670068027,908,0,0,0,0,0,-8.627024E-05,0,-0.0009116324,-8.627024E-05,0,-0.0009116324,1,0,0,1,0.0182830021,-1.146719,-1.48355889,-1.92149532,-0.00112751871,-0.0228105839,0.01715922,-1.41664016,-1.55301,-4.126587,0.0415582247,-0.2687378,-0.00288948114,0.000889517367,-0.009488375,0.00553132361,-0.7627258,-0.844987869,1.83677709,0.402454078,0.3498614,-0.03714372,0.0242722351,0.0243844613,0.0131253581,-0.7584099,-0.8469166,1.75228238,-0.0843811,-0.13482666,-0.0295732971,-0.00466351537,-0.0134196589,-0.008681347,-0.2367048,-0.38252002,6.876151,0.483596653,0.36516133,-0.03413655,0.0193796474,0.023095971,0.0121836485,-0.233075589,-0.382351935,6.787101,-0.112518311,-0.142913818,-0.0318917446,-0.00640198449,-0.0140450131,-0.0138533376,-0.0006868094,-0.180682838,-44.60486,0.37616092,-0.5227661,-1.91855609,-0.00646523759,-0.0314629525,0.01314308,-0.004727736,-0.181119114,-44.74005,0.0150867011,-0.5388794,-1.89016771,-0.00188640319,-0.01474564,-0.542957,1.86766481,1.935049,2.74360871
175,3.4999987599206346,914,0,0,0,0,0,-8.627024E-05,0,-0.0009116324,-8.627024E-05,0,-0.0009116324,1,0,0,1,0.0186156537,-1.25366783,-1.51160955,-2.017595,-0.00114189647,-0.0239101481,0.01743914,-1.539069,-1.57428467,-4.132599,0.04475357,-0.280303955,-0.00373843987,0.00113482494,-0.009350064,0.0051465123,-0.823878944,-0.8566831,1.77209735,0.4330023,0.3792647,-0.0336789973,0.0261538364,0.0269099362,0.0136124566,-0.820822239,-0.860298,1.68687832,-0.08972168,-0.152160645,-0.0355784073,-0.004920934,-0.0151759246,-0.0109162629,-0.251917571,-0.392181039,6.82015,0.522229254,0.397627324,-0.0314239673,0.01992493,0.0281033,0.0133209871,-0.2527519,-0.396226585,6.722644,-0.120666504,-0.161132813,-0.04058826,-0.006864319,-0.015923854,-0.0168616883,0.00151854753,-0.1899651,-46.899292,0.394424438,-0.6494446,-2.02754283,-0.0379633047,-0.0548128933,0.0148504935,-0.00614306331,-0.195651382,-47.0638123,0.03513322,-0.592071533,-1.97704113,0.00142689515,-0.0133072222,-0.5426414,1.84218168,1.90076578,2.70203686
176,3.5199987528344669,921,0,0,0,0,0,-8.627024E-05,0,-0.0009116324,-8.627024E-05,0,-0.0009116324,1,0,0,1,0.0188895259,-1.36879861,-1.53411388,-2.11830568,-0.00115609542,-0.0250653,0.017653551,-1.67014742,-1.58856726,-4.13870239,0.04827041,-0.291687,-0.00454445928,0.001400223,-0.00916942,0.00393928168,-0.8890132,-0.8650309,1.70585322,0.467347741,0.416203976,-0.03072498,0.0278386287,0.0333878547,0.0141454916,-0.8877974,-0.870548368,1.60720253,-0.09515381,-0.171966553,-0.0447811447,-0.00506369676,-0.0173285324,-0.014166303,-0.269981116,-0.402548254,6.76313257,0.565722,0.440178931,-0.0347755663,0.00404398143,0.0332019441,0.0146495011,-0.274580777,-0.410103828,6.64473248,-0.129302979,-0.181884766,-0.0508951321,-0.00735713262,-0.01811811,-0.0163286738,0.00100003183,-0.2024601,-49.3294373,0.280499458,-0.7438965,-2.13554,-0.1020407,-0.0402553529,0.0168005973,-0.007784635,-0.211442411,-49.49823,0.061223954,-0.6548767,-2.067802,0.00624303753,-0.0110081937,-0.542277336,1.8115288,1.86149979,2.65346622
177,3.5399987457482993,928,0,0,0,0,0,-8.627024E-05,0,-0.0009116324,-8.627024E-05,0,-0.0009116324,1,0,0,1,0.0190834459,-1.49237323,-1.54983175,-2.223777,-0.00116624311,-0.0262743644,0.0177857615,-1.81009209,-1.59442019,-4.14505,0.052144967,-0.302825928,-0.005333211,0.00169154676,-0.008929559,0.003153505,-0.9589831,-0.8699365,1.6334821,0.4960957,0.457781255,-0.0331753269,0.0242114,0.03757732,0.014700897,-0.9589678,-0.8764631,1.51254523,-0.10043335,-0.194671631,-0.05395629,-0.005077579,-0.0198293664,-0.0152282482,-0.2914066,-0.4143657,6.6936307,0.5872672,0.481992781,-0.0442030542,0.0112640969,0.0341704264,0.0161451641,-0.297710359,-0.422705859,6.55386734,-0.138336182,-0.205444336,-0.06098462,-0.00790790748,-0.0205937847,-0.01815892,-0.000256285071,-0.217924759,-51.87039,0.278367668,-0.8222656,-2.23890018,-0.055445388,-0.0389808565,0.01897884,-0.0092549175,-0.227287829,-52.04776,0.09483198,-0.729248047,-2.16650224,0.0124435853,-0.00835561752,-0.5418976,1.77738273,1.820807,2.60155344
178,3.5599987386621312,935,0,0,0,0,0,-8.627024E-05,0,-0.0009116324,-8.627024E-05,0,-0.0009116324,1,0,0,1,0.0191771537,-1.62453437,-1.55737245,-2.33423162,-0.00116960146,-0.0275381655,0.0179113522,-1.95896721,-1.590215,-4.15179443,0.05643302,-0.313385,-0.00616416149,0.00211313879,-0.00856349152,0.00276257424,-1.03382087,-0.870423436,1.54828167,0.52676326,0.5021419,-0.0409386456,0.0251946151,0.03940959,0.0152529143,-1.03397286,-0.876952231,1.404795,-0.105407715,-0.220581055,-0.0611632057,-0.00495301653,-0.0226118043,-0.0161718782,-0.315654159,-0.4262745,6.60793352,0.6250966,0.525897264,-0.05672609,0.004235398,0.0356870927,0.0177985169,-0.3215502,-0.4332748,6.450659,-0.147644043,-0.232177734,-0.0701646656,-0.008536859,-0.0233730748,-0.0173209235,-0.00364515185,-0.235910162,-54.54477,0.163380951,-0.866546631,-2.35174251,-0.0606719181,-0.0134331845,0.0214044116,-0.0103825927,-0.242792189,-54.7189941,0.138330042,-0.8182373,-2.2748394,0.0198170338,-0.005875415,-0.5415109,1.73998976,1.77962291,2.547127
179,3.5799987315759636,941,0,0,0,0,0,-8.627024E-05,0,-0.0009116324,-8.627024E-05,0,-0.0009116324,1,0,0,1,0.0191542041,-1.76527524,-1.55517924,-2.44985175,-0.00116545148,-0.0288588442,0.01767109,-2.11679554,-1.57403815,-4.15893555,0.06121996,-0.323822021,-0.00682605756,0.00239039725,-0.007612087,0.002728789,-1.11317277,-0.865246832,1.44602454,0.554859161,0.5456499,-0.0519325025,0.02407261,0.0391482,0.0157974549,-1.11263931,-0.871187031,1.2861774,-0.109832764,-0.250061035,-0.06638277,-0.00467938,-0.0256762933,-0.01574364,-0.341804326,-0.436979473,6.50455761,0.6500854,0.567561567,-0.06997495,0.0127528273,0.0349258669,0.019617267,-0.345903754,-0.4416151,6.33668327,-0.157012939,-0.262420654,-0.07846863,-0.009245738,-0.0264663082,-0.01746107,-0.00689204037,-0.25445953,-57.3457336,0.150165126,-0.9075012,-2.46890616,-0.00404714234,-0.007507464,0.024105927,-0.0111512244,-0.258050621,-57.51935,0.195440531,-0.926818848,-2.39273214,0.0280433223,-0.00406756252,-0.541177869,1.70411539,1.74425936,2.49786377
180,3.599998724489796,948,0,0,0,0,0,-8.627024E-05,0,-0.0009116324,-8.627024E-05,0,-0.0009116324,1,0,0,1,0.0189762432,-1.914487,-1.54145646,-2.57082486,-0.00114692748,-0.0302364118,0.0174525231,-2.2830472,-1.54416013,-4.16626,0.06640385,-0.333313,-0.00705389073,0.0027226978,-0.007316969,0.002687119,-1.19626844,-0.852812648,1.32664418,0.5857287,0.58883,-0.0624543168,0.0258279145,0.038304802,0.01631003,-1.19483972,-0.858203948,1.15823042,-0.113433838,-0.2835083,-0.07026914,-0.00423149951,-0.02912473,-0.0153363356,-0.369104266,-0.445163965,6.38454676,0.687787652,0.6090532,-0.0831375048,0.00652199425,0.0341227427,0.02163125,-0.370909154,-0.4477552,6.21130037,-0.16619873,-0.296569824,-0.08682021,-0.0100108311,-0.0299877,-0.015110272,-0.009541079,-0.2728511,-60.2922058,0.008353311,-0.88949585,-2.59200335,-0.00765993353,0.0108009633,0.027142223,-0.0117389113,-0.273616523,-60.45578,0.271982878,-1.06231689,-2.5186913,0.03709069,-0.003124915,-0.54074645,1.65663266,1.69899714,2.43380976
181,3.6199987174036279,955,0,0,0,0,0,-8.627024E-05,0,-0.0009116324,-8.627024E-05,0,-0.0009116324,1,0,0,1,0.01867603,-2.07146382,-1.518631,-2.690146,-0.00110121071,-0.0315844454,0.01710218,-2.45732617,-1.498542,-4.17236328,0.07202225,-0.342071533,-0.000255746738,0.00309654558,-0.00696091447,0.00287335552,-1.282329,-0.8325097,1.19330835,0.6146939,0.6287321,-0.062512964,0.0251679551,0.0360182449,0.0168098733,-1.28022218,-0.837654054,1.02237689,-0.115783691,-0.321380615,-0.0653344244,-0.00345414132,-0.03287609,-0.0138524873,-0.39653638,-0.450142056,6.250105,0.7135356,0.6458711,-0.08768018,0.0139702875,0.0314230174,0.02387695,-0.396716952,-0.4515287,6.075421,-0.174713135,-0.335144043,-0.08847814,-0.0107188243,-0.03389029,-0.0137030827,-0.0115018338,-0.290335983,-63.3778076,-0.0266113281,-0.885162354,-2.71304846,0.0379447751,0.00587176532,0.0305386782,-0.0122555047,-0.289574564,-63.53351,0.376998633,-1.2350769,-2.64466882,0.0470051728,-0.0030894503,-0.54036653,1.60986018,1.65935874,2.37426138
182,3.6399987103174603,962,0,0,0,0,0,-8.627024E-05,0,-0.0009116324,-8.627024E-05,0,-0.0009116324,1,0,0,1,0.0183873866,-2.22637677,-1.49748778,-2.81043839,-0.0010346435,-0.0329390168,0.0165547244,-2.63305068,-1.44879329,-4.17874146,0.07818118,-0.351013184,0.000844455557,0.003211421,-0.00779028749,0.00283585628,-1.34273469,-0.814898849,1.21756113,0.6466086,0.6700168,0.06840267,0.0268113948,0.0364075638,0.0170700084,-1.34116888,-0.82039386,1.04295039,-0.119995117,-0.361877441,0.06353613,-0.0060487166,-0.0337137133,-0.01594541,-0.327122867,-0.435174257,6.28646231,0.742291868,0.6901925,0.109453753,0.008780535,0.0394544229,0.0222923812,-0.3325259,-0.438049942,6.09661531,-0.191162109,-0.3699646,0.0944685861,-0.0219038613,-0.02638007,-0.02207379,0.0233131349,-0.247998565,-66.45654,-0.00677490234,-1.132721,-2.66830969,-0.151791483,-0.112133667,0.0241271,0.0133570284,-0.253819,-66.72955,0.482512355,-1.57830811,-2.74703979,-0.112794414,-0.0546446,-0.539985955,1.55830634,1.619809,2.31164122
183,3.6599987032312922,969,0,0,0,0,0,-8.627024E-05,0,-0.0009116324,-8.627024E-05,0,-0.0009116324,1,0,0,1,0.0181638543,-2.38009024,-1.47555387,-2.93295312,-0.001040047,-0.03435897,0.0161919389,-2.80008554,-1.40206039,-4.18157959,0.0846553743,-0.359680176,0.00172512955,0.00340434257,-0.00704609836,-0.001272846,-1.36190355,-0.7930666,1.60355079,0.6644651,0.7394739,0.379147,0.01497867,0.0596237853,0.01368938,-1.364788,-0.800312757,1.39930284,-0.1449585,-0.383300781,0.3512613,-0.0227213856,-0.0140105356,-0.0273647942,-0.170940071,-0.419289768,6.713582,0.7637628,0.7818648,0.420824647,0.00016848743,0.06295538,0.0111101959,-0.178483844,-0.423775643,6.49942875,-0.216247559,-0.37121582,0.41160506,-0.02859788,-0.00100303628,-0.0187353343,0.18008396,-0.208185226,-68.1239,-0.06982422,-1.302948,-1.26965928,-0.04242501,-0.0383577533,0.0159287527,0.175875187,-0.21043326,-68.31662,0.434161216,-1.76348877,-1.2387774,0.03313089,0.0204461813,-0.5396002,1.50021935,1.57992721,2.244548
184,3.6799986961451245,975,0,0,0,0,0,-8.627024E-05,0,-0.0009116324,-8.627024E-05,0,-0.0009116324,1,0,0,1,0.01789041,-2.5339787,-1.45172989,-3.05482912,-0.0009755604,-0.03574951,0.0157204065,-2.96596837,-1.34996939,-4.181549,0.09131753,-0.367797852,-0.0008084709,0.00367407314,-0.00636343146,-0.00134715845,-1.37703419,-0.7907507,2.33462715,0.677495956,0.8248291,0.686928749,0.0110108331,0.06372295,0.0107961409,-1.37687349,-0.796121061,2.12032843,-0.174621582,-0.383117676,0.677938163,-0.0258394349,0.004152246,-0.0181902386,0.0141238272,-0.448218346,7.60732651,0.798249841,0.8427287,0.7993448,0.00527558476,0.0424538851,0.00746600237,0.009773046,-0.44535917,7.394268,-0.238464355,-0.370758057,0.7938985,-0.0240748972,0.006042811,-0.000914400443,0.391217,-0.208936751,-67.70361,-0.0713806152,-1.49493408,0.56565243,0.07009535,0.04638467,0.0137169734,0.3857309,-0.205678627,-67.95935,0.286550462,-1.74234009,0.499408782,0.222940311,0.08034983,-0.5392519,1.43893373,1.54370785,2.17815447
185,3.6999986890589569,981,0,0,0,0,0,-8.627024E-05,0,-0.0009116324,-8.627024E-05,0,-0.0009116324,1,0,0,1,0.0175074469,-2.68734336,-1.423474,-3.18071079,-0.0008623488,-0.0371798873,0.0150971245,-3.12998843,-1.289987,-4.18487549,0.09825692,-0.37512207,-0.004348445,0.004015582,-0.00565545773,0.006035471,-1.39481115,-0.8081529,3.38862658,0.7030884,0.87441206,0.953043938,0.02081173,0.0306337439,0.009457402,-1.39345467,-0.8133293,3.17531562,-0.19342041,-0.3720398,0.951662242,-0.0157209486,0.014241,-0.00419348758,0.1401523,-0.5542837,8.767431,0.833394468,0.8955644,1.00895131,0.0151827708,0.03156569,0.00654735044,0.139163017,-0.55177325,8.552635,-0.2387085,-0.361877441,1.00648713,-0.008603642,0.009334456,0.00133915991,0.5267343,-0.320429444,-65.66266,-0.43649292,-1.06466675,1.93632591,0.310581326,0.291651875,0.0139569659,0.5254525,-0.316751868,-65.95007,0.258469343,-1.67025757,1.8977493,0.3443652,0.196720511,-0.5389428,1.37407923,1.51130152,2.11248326
186,3.7199986819727888,987,0,0,0,0,0,-8.627024E-05,0,-0.0009116324,-8.627024E-05,0,-0.0009116324,1,0,0,1,0.017115524,-2.839114,-1.39009082,-3.31096458,-0.0007809587,-0.03867745,0.0144258719,-3.290293,-1.221812,-4.18942261,0.105520479,-0.381958,-0.006374776,0.004344782,-0.00521174446,0.0106473714,-1.4496969,-0.851499438,4.51281738,0.731708,0.9022585,1.010356,0.0236110482,0.01134398,0.0101272734,-1.4478606,-0.8570115,4.30527067,-0.20211792,-0.359771729,1.01279521,-0.008016025,0.0139937019,0.007722163,0.154066741,-0.726806164,9.941082,0.8612197,0.930927455,1.02508354,0.0209241919,0.01801385,0.0128216762,0.156973541,-0.723231137,9.732225,-0.260803223,-0.363433838,1.03052032,-0.0108535392,-0.00265787449,0.00696318038,0.562939942,-0.519675136,-62.7297974,-0.850402832,-0.366638184,2.36509156,0.3720503,0.350436568,0.0230596773,0.5671131,-0.5126761,-62.97824,0.41436705,-1.748352,2.36817241,0.365995377,0.218938559,-0.5386726,1.30456018,1.48246717,2.046889
187,3.7399986748866212,993,0,0,0,0,0,-8.627024E-05,0,-0.0009116324,-8.627024E-05,0,-0.0009116324,1,0,0,1,0.0207738876,-2.2096982,-1.40667069,-3.0870707,-0.00228888169,-0.0363122225,0.0145211127,0.148782015,-1.29004145,1.093052,0.09947176,-0.453918457,3.14828062,-0.00579415262,-0.08971548,0.0170002077,-1.15456152,-1.02885318,4.115745,0.7237658,0.8804828,-0.430677027,-0.00729266554,-0.0122827645,0.0171675552,-1.15312386,-1.03493428,3.92256665,-0.192626953,-0.369659424,-0.419357032,0.009553041,-0.0126492679,0.02025328,0.0247477777,-1.02302766,10.4630289,0.838332,0.927756,0.27903983,-0.005095511,-0.007842159,0.0222744383,0.0311114751,-1.02151287,10.2693157,-0.24786377,-0.382263184,0.292328119,0.00753095932,-0.0144792935,0.02063688,0.425594151,-0.8482553,-60.4306946,-0.906341553,-0.07598877,1.5986079,0.291622162,0.206880182,0.027933076,0.431457937,-0.843641758,-60.6554871,0.2660114,-1.47219849,1.64168155,0.218829811,0.202016592,-0.5384812,1.22090876,1.4569335,1.9756608
188,3.7599986678004536,999,0,0,0,0,0,-8.627024E-05,0,-0.0009116324,-8.627024E-05,0,-0.0009116324,1,0,0,1,0.0205127373,-1.80806756,-1.33276439,-3.264839,-0.00200542063,-0.0383445,0.0139161739,0.8522888,-0.909454,-9.408783,0.157007784,-0.5253296,-15.3500137,0.0301136225,-0.117576122,0.0167078711,-0.81630224,-1.00223,2.556684,0.722373366,0.8419612,-1.38780916,-0.000790145248,-0.0154673709,0.0208934583,-0.8435668,-1.012464,2.162811,-0.1567688,-0.396759033,-1.55652738,0.00197590142,-0.0439269021,0.0266416334,-0.014611125,-1.14941108,9.100294,0.8186998,0.8652,-1.11203146,0.00222534686,-0.0314738825,0.02969047,-0.0373392776,-1.15504956,8.906202,-0.243438721,-0.416381836,-1.11525631,0.018884588,-0.03695833,0.0320823938,0.194988489,-1.1560117,-61.1597,-0.9361267,0.09968987,-0.8151859,0.165868133,0.09311868,0.0359863378,0.190116674,-1.157845,-61.42517,0.242117137,-1.39666748,-0.8647994,0.168244228,0.0900132954,-0.538448036,1.12864792,1.43805385,1.90572071
189,3.7799986607142855,1005,0,0,0,0,0,-8.627024E-05,0,-0.0009116324,-8.627024E-05,0,-0.0009116324,1,0,0,1,0.03100399,-0.2958032,-1.36804116,-2.53008223,-0.009474054,-0.03003871,0.0156978667,-1.14676452,-1.88500857,1.55235493,0.372278154,-0.944000244,7.234758,0.210813493,-0.3469049,0.0227175653,0.0608503222,-1.15821409,0.643409669,0.764187336,0.7925786,-1.992993,0.0360796,-0.02154388,0.0274043567,0.00115442276,-1.1671313,0.31723538,-0.117889404,-0.427520752,-1.99022675,0.0342353061,-0.0338775963,0.0265565719,0.04778707,-1.10441041,5.96937275,0.808097839,0.758030832,-2.60061836,0.0167883411,-0.04903609,0.03419728,0.0242743641,-1.11378908,5.87466335,-0.212097168,-0.47442627,-2.50728822,0.0371719152,-0.0556525961,0.0305995718,-0.03645743,-1.07735407,-64.6222839,-1.00500488,0.199384838,-2.851614,0.05428911,0.0133307986,0.0400292054,-0.0409740619,-1.08263767,-64.91724,0.475465,-1.62200928,-2.840224,0.0976855159,-0.003804922,-0.5385494,1.02751625,1.42563629,1.83800542
190,3.7999986536281178,1012,0,0,0,0,0,-8.627024E-05,0,-0.0009116324,-8.627024E-05,0,-0.0009116324,1,0,0,1,0.0325775333,0.120412976,-1.27674341,-2.72091055,-0.00965696,-0.03228076,0.0123256491,0.46014595,-0.7376903,-2.67456055,0.346376866,-0.914978,-4.91814375,0.0331791043,-0.0541503765,0.0301503763,0.484422863,-1.05950379,-4.409729,0.697296,0.654277265,-3.42558646,-0.04630681,-0.05526975,0.03346452,0.5245894,-1.071666,-4.72091675,-0.0960693359,-0.515380859,-3.23171878,0.00380326062,-0.07177904,0.0295604,0.0132246912,-1.11418283,1.4632616,0.74665004,0.6421857,-4.101554,-0.0541211367,-0.04763906,0.04070171,0.02192074,-1.120865,1.19764578,-0.195892334,-0.538116455,-4.243804,0.009955145,-0.0759852,0.0337125659,-0.105642654,-1.22642374,-68.89963,-1.13146973,0.315574169,-3.90350938,0.0141485818,-0.009737607,0.0476257131,-0.122955792,-1.23787558,-69.42462,0.6834758,-1.8862915,-4.052089,0.0311343987,-0.0157624576,-0.5390016,0.905848,1.40922689,1.75983059
191,3.8199986465419498,1018,0,0,0,0,0,-8.627024E-05,0,-0.0009116324,-8.627024E-05,0,-0.0009116324,1,0,0,1,0.0323040336,1.39717531,-1.08528507,-1.5495038,0.008697995,-0.0194063261,0.0609485,0.3292308,-0.93408376,0.494769782,0.5955954,-1.14926147,2.705244,0.176289231,-0.1564835,0.0313234851,1.1695838,-0.914999,-9.768707,0.6273951,0.550042748,-4.57484341,-0.0606287271,-0.033895772,0.0376906656,1.18119037,-0.920303047,-9.991577,-0.0725708,-0.5982666,-4.517727,0.00559966266,-0.07193002,0.0282274876,0.0189265162,-0.902551,-3.34872437,0.671078742,0.550745,-4.684283,-0.0619265437,-0.0309448987,0.0476982743,0.04250914,-0.918242633,-3.581665,-0.186340332,-0.5982361,-4.656857,0.00701381266,-0.0717576742,0.03264972,-0.2900101,-1.09519243,-73.71765,-1.3840332,0.565976,-4.81567574,0.01866987,-0.006201584,0.0550825074,-0.280103683,-1.11590946,-74.06271,1.06419289,-2.295105,-4.62430763,0.0813717544,-0.0197957978,-0.5398929,0.7985849,1.39398289,1.69481874
192,3.8399986394557821,1024,0,0,0,0,0,-8.627024E-05,0,-0.0009116324,-8.627024E-05,0,-0.0009116324,1,0,0,1,0.0377299562,1.47192681,-0.994507134,-1.63944924,0.009758949,-0.0204345845,0.0889783651,0.117043957,-1.259094,-10.3252563,0.104311123,-1.24023438,-9.747551,-0.403846383,-0.08560267,0.036360275,1.2528584,-0.9295278,-14.547699,0.577490866,0.479929239,-4.326603,-0.0511510521,-0.02057916,0.043347124,1.25865531,-0.931706965,-14.7463379,-0.05697632,-0.6616516,-4.302698,-0.0005914271,-0.06610927,0.0324329957,0.08879547,-0.9431214,-9.170074,0.6137385,0.458881527,-4.879305,-0.0584357381,-0.0247987062,0.0557185449,0.102173835,-0.9475331,-9.372894,-0.174285889,-0.66796875,-4.858972,0.00595270842,-0.078536734,0.0342122056,-0.334268749,-1.03581154,-80.1264,-2.16659546,1.357993,-5.17078543,0.051030755,0.0125371255,0.0648906156,-0.326648,-1.0418483,-80.3114,2.27520823,-3.49395752,-5.003523,0.123121217,-0.0154699758,-0.5411174,0.691417933,1.384327,1.63927674
193,3.8599986323696145,1031,0,0,0,0,0,-8.627024E-05,0,-0.0009116324,-8.627024E-05,0,-0.0009116324,1,0,0,1,0.0476039946,1.70786476,-0.996492565,-1.28354478,0.00683444832,-0.0159012862,0.0552759469,-0.165197521,-0.744687736,-8.582245,0.1874238,-1.23556519,-1.73201072,-0.0104888575,-0.00542038027,0.0458006524,1.323748,-1.00256717,-19.9394226,0.5304434,0.412113667,-4.46772,-0.052354686,-0.01194429,0.0533816628,1.32755411,-1.006659,-20.12381,-0.0336914063,-0.7354431,-4.45039558,0.00413570553,-0.0674171746,0.04007596,0.06717276,-1.13172984,-14.4963684,0.558256,0.389164418,-4.88319874,-0.05922246,-0.009819508,0.0624183677,0.07979051,-1.13905513,-14.6939392,-0.1519165,-0.739685059,-4.8559866,0.0311338827,-0.07631375,0.04426225,-0.3073209,-1.29194975,-84.97647,-4.40786743,3.62351751,-4.265586,0.09043211,0.0452967733,0.0608917847,-0.303989977,-1.2866174,-85.07648,7.3779254,-8.383575,-4.14568233,0.2480416,-0.09621099,-0.542443156,0.593919933,1.37564445,1.59354424
194,3.8799986252834464,1038,0,0,0,0,0,-8.627024E-05,0,-0.0009116324,-8.627024E-05,0,-0.0009116324,1,0,0,1,0.0509206168,1.52562022,-0.960819542,-1.09138274,0.00513919,-0.0134121813,0.00157048553,0.902648,-0.8969288,-12.7182007,0.7244752,-1.17874146,-0.244713888,0.427631,-0.04944673,0.0515263081,1.21968246,-1.004722,-24.3707581,0.4900815,0.3614056,-3.72802329,-0.0492111072,-0.0129251927,0.0578867346,1.22368693,-1.00862885,-24.5378418,-0.00277709961,-0.8077698,-3.71216917,0.00397218764,-0.06765211,0.0471792668,0.08074966,-1.23038661,-19.6076965,0.504120231,0.342157871,-4.59525967,-0.0555538051,0.00165361539,0.06395376,0.0914015844,-1.23602009,-19.785614,-0.111206055,-0.79574585,-4.576979,0.0103423819,-0.0568096824,0.05024149,-0.31432277,-1.451351,-89.45535,-47.4927368,46.73176,-4.01148129,0.06433273,0.0295898765,0.0673841238,-0.3058656,-1.454418,-89.3110046,60.60459,-61.6182861,-3.92029214,0.111404032,-0.00703952461,-0.5437482,0.5122242,1.36927342,1.55979013
195,3.8999986181972788,1045,0,0,0,0,0,-8.627024E-05,0,-0.0009116324,-8.627024E-05,0,-0.0009116324,1,0,0,1,0.0507088862,1.37326849,-0.941803336,-0.90087384,0.003488263,-0.0109376619,0.0459477678,1.23074651,-0.9261677,-11.8399658,1.12545407,-1.269165,0.8918746,0.2716237,-0.05723612,0.0525651164,1.07663536,-1.01852727,-28.1784668,0.451017469,0.312218457,-3.338664,-0.04995699,-0.0121177435,0.0573147275,1.07981992,-1.02142477,-28.3293152,0.01662193,-0.8820801,-3.32453036,-0.0042642206,-0.0600256957,0.052116394,0.058859162,-1.263494,-24.4190369,0.455405533,0.299661517,-4.17364836,-0.05208511,-0.001547765,0.06715658,0.06812196,-1.26768255,-24.5782166,-0.0914917,-0.859375,-4.156968,0.01241795,-0.0653356463,0.05430676,-0.3051397,-1.48690534,-86.2061157,-174.0863,173.349335,-3.623585,0.06942596,0.0034044534,0.06757716,-0.2983806,-1.4902091,-86.20239,168.936478,-169.861237,-3.53580642,0.154216483,-0.08363168,-0.5447716,0.4448821,1.36339164,1.53412282
196,3.9199986111111111,1052,0,0,0,0,0,-8.627024E-05,0,-0.0009116324,-8.627024E-05,0,-0.0009116324,1,0,0,1,0.0514833629,1.23051882,-0.9364629,-0.7267539,0.002139146,-0.008690497,0.0522811152,1.10619032,-0.870732069,-10.7651062,1.53530407,-1.29611206,1.04135966,0.297250748,-0.03423074,0.05388302,0.949638665,-1.03361809,-31.5275269,0.41471082,0.2708861,-2.94039226,-0.04693694,-0.0100352839,0.05765118,0.952299654,-1.036008,-31.664917,0.0402085371,-0.95199585,-2.92868018,-0.00430796668,-0.0551500767,0.05585872,0.034446612,-1.30809534,-28.7350159,0.412283927,0.26246807,-3.73253751,-0.0481954329,-0.00239808485,0.0673488453,0.042208463,-1.31094778,-28.8781738,-0.04901123,-0.930145264,-3.71859384,0.0021761395,-0.0567444041,0.05889602,-0.287722081,-1.53011024,-82.54767,-177.160538,176.435928,-3.2172904,0.05503144,-0.008479595,0.07292779,-0.281241357,-1.53188038,-82.6308,174.1866,-175.12439,-3.15871787,0.07124517,-0.0132963806,-0.545577,0.391757727,1.36074829,1.51748621
197,3.9399986040249431,1060,0,0,0,0,0,-8.627024E-05,0,-0.0009116324,-8.627024E-05,0,-0.0009116324,1,0,0,1,0.05208043,1.0766753,-0.9292246,-0.5806096,0.0008317409,-0.006756278,0.05931262,0.9663348,-0.867547452,-9.720673,1.88371706,-1.26852417,1.01022947,0.2538281,0.00382581353,0.0544206649,0.819356859,-1.03660417,-34.4319763,0.383425683,0.237005919,-2.5510993,-0.0410171635,-0.007763136,0.0576976836,0.821546,-1.03868043,-34.5587463,0.057751473,-1.01596069,-2.541699,-0.007932927,-0.04791637,0.05733018,0.0062404573,-1.32820022,-32.584198,0.376970857,0.232140929,-3.327147,-0.0417323522,-0.00196237862,0.06810281,0.0129410028,-1.33047688,-32.7138367,-0.0204467773,-0.997467041,-3.31425762,0.009393629,-0.0607667454,0.06297085,-0.274938345,-1.55363691,-79.23865,-178.2759,177.540054,-2.90252542,0.0109131448,-0.0323075354,0.0720948,-0.269708753,-1.55547309,-79.37189,175.02388,-175.90683,-2.83856487,0.0671633,-0.126358151,-0.546098351,0.3488075,1.35700321,1.50377786
198,3.9599985969387754,1067,0,0,0,0,0,-8.627024E-05,0,-0.0009116324,-8.627024E-05,0,-0.0009116324,1,0,0,1,0.0525323153,0.9133191,-0.924585938,-0.457590669,-0.000249202829,-0.00512127,0.0626617,0.822259665,-0.872946858,-8.779327,2.190875,-1.20550537,0.8904865,0.24232991,0.0264763087,0.05574,0.6902826,-1.03132308,-36.8833923,0.3818186,0.189587533,-2.143657,-0.0242080651,-0.0199294873,0.0585905164,0.6916061,-1.03332579,-37.0018,0.110261783,-1.09954834,-2.13789988,0.008439057,-0.06019506,0.0622677431,0.05354339,-1.29840541,-35.5396729,0.369446933,0.1883085,-2.53284931,-0.0310756974,-0.0144748278,0.0702759847,0.04868442,-1.30332029,-35.7089539,0.0535999,-1.09014893,-2.57413626,0.005045172,-0.0588252842,0.06551668,-0.171350658,-1.47079992,-77.19583,-178.713364,178.075882,-1.77195227,0.102407582,-0.0496551953,0.07520438,-0.183970809,-1.48141408,-77.206604,175.679108,-176.488953,-1.8837558,0.109876245,-0.0559498072,-0.5464475,0.316272736,1.35657883,1.49630857
199,3.9799985898526073,1075,0,0,0,0,0,-8.627024E-05,0,-0.0009116324,-8.627024E-05,0,-0.0009116324,1,0,0,1,0.0528739765,0.7428747,-0.922582865,-0.352933049,-0.00120716519,-0.00371182244,0.06731148,0.6711281,-0.8830424,-7.99572754,2.449167,-1.12210083,0.735352635,0.195150644,0.04975927,0.0566246,0.574855447,-1.01323712,-38.77072,0.387309968,0.139608651,-1.65067291,-0.0195068829,-0.0234785341,0.0592487827,0.5731879,-1.016163,-38.901,0.163888,-1.18716431,-1.660502,0.00632891059,-0.05977489,0.06317657,0.124258965,-1.2252363,-37.62442,0.3731997,0.144344479,-1.7610836,-0.022553768,-0.0159707125,0.0706520155,0.11700049,-1.23232591,-37.8367,0.1084028,-1.17297363,-1.79179108,0.000520896167,-0.0512799658,0.0625515059,-0.0377753079,-1.3354423,-76.51129,-178.887451,178.3264,-0.580440164,0.07304435,-0.03386522,0.07183225,-0.04122919,-1.34636867,-76.4996948,175.7727,-176.510574,-0.590983033,0.0868149847,-0.0398419835,-0.546497345,0.2915259,1.35506284,1.48991346
200,3.9999985827664397,1083,0,0,0,0,0,-8.627024E-05,0,-0.0009116324,-8.627024E-05,0,-0.0009116324,1,0,0,1,0.0533029437,0.567765832,-0.9219866,-0.262320936,-0.0021588034,-0.00245348224,0.0705700144,0.5134755,-0.8937351,-7.38970947,2.64166832,-1.021698,0.5724921,0.1527846,0.0664985,0.0561027154,0.4679828,-0.983501852,-40.012146,0.390129119,0.101891756,-1.09999943,-0.0166531466,-0.0172760822,0.05863593,0.4657156,-0.9862991,-40.1584473,0.20516941,-1.26046753,-1.11288154,0.00175447762,-0.04857731,0.0608143173,0.161396831,-1.1341455,-39.0971375,0.378665149,0.110052012,-1.253197,-0.01714458,-0.0109497979,0.0678874254,0.1571494,-1.13957417,-39.31491,0.156828657,-1.24429321,-1.25677717,0.0005235672,-0.0415300354,0.0579707175,-0.007399991,-1.21146131,-76.15283,-179.0053,178.484421,-0.3119274,0.01729045,-0.0137661677,0.06658842,-0.008352727,-1.21822238,-76.13745,175.769714,-176.46315,-0.307137,0.0275158733,-0.017624611,-0.546215355,0.27406013,1.35256112,1.48421085
201,4.0199985756802716,1090,0,0,0,0,0,-8.627024E-05,0,-0.0009116324,-8.627024E-05,0,-0.0009116324,1,0,0,1,0.0538805425,0.3896395,-0.921311,-0.181464121,-0.00314240274,-0.00128893717,0.07415813,0.351757467,-0.902074337,-6.97155762,2.75829029,-0.907714844,0.400665015,0.100368604,0.08213163,0.0549663,0.359727472,-0.94699806,-40.62738,0.3907277,0.08008192,-0.548744738,-0.0112463366,-0.009027785,0.057182312,0.3574763,-0.9493883,-40.78061,0.234986737,-1.3130188,-0.560264051,0.00113170594,-0.0340116024,0.0564646423,0.149796933,-1.05142033,-40.2403259,0.380819947,0.09168623,-0.9597665,-0.0117983893,-0.00212881528,0.06275139,0.148227021,-1.05443966,-40.4502869,0.200293168,-1.29928589,-0.954816639,0.00451060571,-0.0305074584,0.0537222624,-0.00203928351,-1.11307716,-75.92041,-179.091492,178.5764,-0.204910919,0.000273802318,-0.00680427533,0.0614591949,-0.001954943,-1.11625206,-75.90286,175.747055,-176.433914,-0.199253067,0.00221165176,-0.00843564048,-0.545746744,0.263200223,1.35120869,1.48083723
202,4.039998568594104,1098,0,0,0,0,0,-8.627024E-05,0,-0.0009116324,-8.627024E-05,0,-0.0009116324,1,0,0,1,0.0545445979,0.212468266,-0.9198524,-0.108539954,-0.004108951,-0.000210328028,0.07369104,0.190783918,-0.909266651,-6.750366,2.84269333,-0.799377441,0.223239362,0.0785643,0.0855182856,0.0535798259,0.2152086,-0.9252014,-40.8789368,0.392769843,0.0715069845,-0.214223862,-0.004047994,-0.00156240189,0.05540551,0.214450508,-0.926629,-41.0363159,0.255136371,-1.34390259,-0.2169101,0.00283900928,-0.019496534,0.0521574728,0.110551417,-0.9788707,-41.06662,0.385158539,0.0852681845,-0.594826162,-0.004467367,0.00348095037,0.0575662144,0.110057086,-0.980492,-41.2679443,0.238867909,-1.33798218,-0.588574,0.00557112135,-0.0181475151,0.049879685,-0.00233662128,-1.02368176,-75.78409,-179.156815,178.639359,-0.123270452,0.007077228,-0.00817015953,0.0567742139,-0.002183646,-1.02509427,-75.7644043,175.707809,-176.399536,-0.11798545,0.00724564632,-0.009339649,-0.5451434,0.258084834,1.35078382,1.47932625
203,4.0599985615079364,1106,0,0,0,0,0,-8.627024E-05,0,-0.0009116324,-8.627024E-05,0,-0.0009116324,1,0,0,1,0.0551377535,0.0375687629,-0.9181533,-0.0380833521,-0.005136277,0.000863775145,0.0739534348,0.0316618159,-0.9157674,-6.721924,2.8936677,-0.7018738,0.0529569872,0.0512670279,0.08431008,0.05239839,0.06465648,-0.9066446,-40.8057556,0.398083478,0.07262854,0.0703633055,0.00329933735,0.003398393,0.0539215133,0.0643514842,-0.907702,-40.96344,0.267443419,-1.35672,0.07060412,0.00503043225,-0.008118469,0.0486201234,0.0507135019,-0.915808856,-41.43805,0.39467743,0.08589813,-0.214201659,0.003279673,0.00581965875,0.05326074,0.0507557243,-0.916558266,-41.6340027,0.268349856,-1.35986328,-0.210423827,0.00641779136,-0.008198333,0.04640717,-0.00365385413,-0.934770167,-75.73981,-179.210464,178.70079,-0.0422872454,0.0225705616,-0.0130359568,0.0524916574,-0.003454551,-0.935301542,-75.71802,175.6458,-176.332687,-0.036713846,0.0229576752,-0.0142239435,-0.544313669,0.258278251,1.349742,1.478103
204,4.0799985544217687,1115,0,0,0,0,0,-8.627024E-05,0,-0.0009116324,-8.627024E-05,0,-0.0009116324,1,0,0,1,0.0555962548,-0.133320719,-0.9165831,0.0344843231,-0.00643304642,0.00203957455,0.077578716,-0.124054082,-0.921462238,-6.878998,2.90930915,-0.5930481,-0.110032812,0.0269531086,0.101724111,0.05143446,-0.0871391445,-0.8906901,-40.4388123,0.407859266,0.079800196,0.329863429,0.0100753671,0.00575747155,0.0527334772,-0.0872859955,-0.891608953,-40.59503,0.274190456,-1.35614014,0.331440419,0.00713617261,-0.000217925292,0.0457719341,-0.01106739,-0.8548946,-41.3111572,0.409946859,0.09125517,0.2003669,0.0108724479,0.00604255125,0.0498023927,-0.0109707862,-0.8551567,-41.5039063,0.287503958,-1.3659668,0.202547,0.00659889355,-4.21050936E-06,0.0431838632,-0.0050599575,-0.8444496,-75.7868347,-179.2578,178.769043,0.038370084,0.0360796526,-0.01762103,0.04856503,-0.004781887,-0.844410658,-75.76294,175.55629,-176.223724,0.0435847528,0.0385404378,-0.0192715861,-0.543074,0.2635882,1.34621918,1.47536922
205,4.0999985473356011,1122,0,0,0,0,0,-8.627024E-05,0,-0.0009116324,-8.627024E-05,0,-0.0009116324,1,0,0,1,0.05593688,-0.298532337,-0.9151211,0.113196328,-0.008166832,0.003407659,0.08547473,-0.27394262,-0.9289692,-7.20037842,2.90594363,-0.444366455,-0.2511742,0.0266978145,0.141633481,0.0505081974,-0.236284226,-0.876468956,-39.7854919,0.4225329,0.0910757259,0.584114134,0.0162700582,0.00668584742,0.0516193,-0.2363989,-0.8773955,-39.93927,0.276634574,-1.34503174,0.5864112,0.00888581,0.0057393834,0.04324451,-0.07018858,-0.7961304,-40.6547241,0.431254953,0.100107469,0.6362704,0.0180346258,0.00517309643,0.04673678,-0.07013203,-0.7960221,-40.8452148,0.2957406,-1.35708618,0.6379483,0.005991036,0.007236637,0.0401850455,-0.006095499,-0.7548069,-75.92685,-179.300308,178.84108,0.116976917,0.04605845,-0.02131246,0.0448956154,-0.005874142,-0.754250348,-75.90079,175.436447,-176.074188,0.1240684,0.0483611822,-0.0226855874,-0.5421326,0.273145676,1.34682536,1.4773134
206,4.1199985402494326,1131,0,0,0,0,0,-8.627024E-05,0,-0.0009116324,-8.627024E-05,0,-0.0009116324,1,0,0,1,0.05635288,-0.456671566,-0.912927568,0.20137544,-0.0102385981,0.004983324,0.09273673,-0.417120248,-0.9335812,-7.67526245,2.88258648,-0.2690735,-0.382453233,0.0182888061,0.170291454,0.0495716855,-0.381637335,-0.86349225,-38.846283,0.442103058,0.106546171,0.8379288,0.02246239,0.007683862,0.050502602,-0.3817503,-0.8645088,-38.99698,0.275537461,-1.32415771,0.8407723,0.0107251378,0.0114191109,0.0407893173,-0.126931325,-0.7422266,-39.4578552,0.457997739,0.112817973,1.07742,0.0246093236,0.00434166752,0.0437223874,-0.126867831,-0.741818,-39.6460876,0.292956382,-1.33377075,1.07927847,0.004604986,0.01440917,0.0374517851,-0.00701078773,-0.671836853,-76.16702,-179.336472,178.90918,0.20210959,0.0503763072,-0.0233446136,0.04154085,-0.00681102276,-0.670768,-76.13852,175.282944,-175.887527,0.209864542,0.0526943244,-0.02450921,-0.5405576,0.287449777,1.34321713,1.4761647
207,4.1399985331632649,1138,0,0,0,0,0,-8.627024E-05,0,-0.0009116324,-8.627024E-05,0,-0.0009116324,1,0,0,1,0.0568934865,-0.6067031,-0.9092965,0.3017714,-0.0127258608,0.006820461,0.100623906,-0.5513333,-0.9385466,-8.27417,2.817376,-0.05441284,-0.4858929,-0.00161576271,0.208186865,0.0486654378,-0.5232492,-0.8517917,-37.6229248,0.466154754,0.126889333,1.09044921,0.0283898041,0.008966109,0.0494223274,-0.5233559,-0.8529733,-37.7698975,0.271337658,-1.29400635,1.09384847,0.0123048574,0.0170095116,0.0384080671,-0.182863116,-0.6956713,-37.7218323,0.48956576,0.130398884,1.5155232,0.0306247361,0.00386119448,0.0407773145,-0.182764247,-0.6950123,-37.9075928,0.280005574,-1.29705811,1.51771152,0.00239483826,0.0215254966,0.03509085,-0.007908165,-0.600161731,-76.5203857,-179.363953,178.967453,0.298832685,0.05211538,-0.0247331522,0.03859913,-0.00770792365,-0.5986212,-76.4890747,175.088181,-175.660416,0.306798726,0.0543288738,-0.0257388428,-0.5392632,0.3059504,1.3432653,1.47945
208,4.1599985260770973,1146,0,0,0,0,0,-8.627024E-05,0,-0.0009116324,-8.627024E-05,0,-0.0009116324,1,0,0,1,0.0575688072,-0.747793555,-0.9041375,0.416561663,-0.0156753287,0.008959024,0.109122455,-0.6758721,-0.943529963,-8.969238,2.67895842,0.196867645,-0.5628409,-0.0421924144,0.245584369,0.04779131,-0.66135335,-0.841954052,-36.1185,0.49418667,0.152695879,1.34004581,0.0339887738,0.01061631,0.0484132469,-0.661456347,-0.843392134,-36.2610779,0.264440447,-1.25546265,1.34394622,0.0134359431,0.0223757476,0.0362509377,-0.238755152,-0.6587931,-35.44989,0.5254036,0.153337285,1.9501121,0.0358937345,0.00339730829,0.0380928144,-0.238589272,-0.6580151,-35.6328125,0.2582374,-1.24942017,1.95258749,-0.000951441,0.0280501824,0.03329539,-0.008780837,-0.543501258,-77.00348,-179.380585,179.012512,0.4102003,0.0532003976,-0.0261065774,0.0362462364,-0.008573949,-0.5416067,-76.96893,174.838257,-175.380447,0.4186793,0.05493671,-0.0269558243,-0.537376642,0.328948319,1.34028423,1.48099375
209,4.17999851899093,1154,0,0,0,0,0,-8.627024E-05,0,-0.0009116324,-8.627024E-05,0,-0.0009116324,1,0,0,1,0.0585417524,-0.8793422,-0.8973906,0.547271967,-0.0189807452,0.0113952383,0.113299146,-0.7899155,-0.94784373,-9.730347,2.441573,0.4763755,-0.612333953,-0.105339468,0.266490638,0.04717445,-0.7960627,-0.834404767,-34.33716,0.5257507,0.18497245,1.58597648,0.03920529,0.0125843659,0.0477376319,-0.7961612,-0.836172938,-34.474823,0.2553119,-1.20935059,1.59029615,0.0139586627,0.0272256322,0.0345018841,-0.2950431,-0.6331814,-32.64383,0.5651062,0.182523638,2.38281369,0.040705204,0.00309757516,0.0359074734,-0.294838578,-0.6324101,-32.8239746,0.2292064,-1.19342041,2.38531637,-0.005259864,0.0339049548,0.03224327,-0.00961975753,-0.504486561,-77.635376,-179.382935,179.040771,0.5382289,0.0539286956,-0.0274264514,0.0346509367,-0.009397402,-0.502418637,-77.5969849,174.511612,-175.0261,0.5476787,0.0550437048,-0.0282107778,-0.5352634,0.3563984,1.3372705,1.48385274
210,4.199998511904762,1161,0,0,0,0,0,-8.627024E-05,0,-0.0009116324,-8.627024E-05,0,-0.0009116324,1,0,0,1,0.0594807379,-1.00012648,-0.8906338,0.6935881,-0.0229055956,0.0141864782,0.120953418,-0.893310249,-0.952181,-10.522583,2.06834364,0.8340728,-0.6282435,-0.1695342,0.317159,0.04625362,-0.9043604,-0.821976,-32.17737,0.5688443,0.21970892,1.945667,0.0504388437,0.0120545924,0.04695795,-0.9077941,-0.825655162,-32.3268738,0.249388754,-1.1607666,1.93205559,0.01733319,0.02975595,0.0286740642,-0.264838964,-0.5954641,-29.1411743,0.606994569,0.229003489,2.98384833,0.0474535,0.01594641,0.0304036867,-0.276713669,-0.5987061,-29.3448486,0.191596925,-1.12423706,2.96338058,-0.0108553469,0.0510164574,0.016680574,0.03464289,-0.429705352,-78.58664,-179.412842,178.855881,0.822403252,-0.213313252,0.0180705488,0.0211423635,0.0298100114,-0.4353142,-78.52484,173.97467,-174.661545,0.8118876,-0.172064349,0.0133007169,-0.533002853,0.388480425,1.33469009,1.48876011
211,4.2199985048185935,1169,0,0,0,0,0,-8.627024E-05,0,-0.0009116324,-8.627024E-05,0,-0.0009116324,1,0,0,1,0.06066649,-1.109442,-0.883438349,0.853435338,-0.0275521819,0.017322775,0.126511469,-0.9835971,-0.9564957,-11.3106995,1.53410232,1.23913288,-0.6175588,-0.286262661,0.3629242,0.0392421223,-0.969983637,-0.8015681,-29.3976746,0.60894835,0.3008819,2.49281168,0.0644442,0.0477051735,0.0405155942,-0.9746116,-0.80565387,-29.5704651,0.230340257,-1.07125854,2.473617,0.0209916756,0.06661156,0.0009322688,-0.177944571,-0.546048641,-24.82904,0.647318,0.348612666,3.51674056,0.0520885363,0.0798210055,0.00339346,-0.185733646,-0.5478362,-25.0337219,0.1352793,-0.9876404,3.52636337,-0.0144169554,0.115547881,-0.010315245,0.09394656,-0.366372228,-79.7975159,-179.161591,177.7603,0.8470128,-0.9457924,0.327057123,-0.009729419,0.09118374,-0.366871238,-79.72351,173.252686,-174.692673,0.841706634,-0.8555093,0.243698239,-0.5300825,0.424975216,1.329807,1.49331117
212,4.2399984977324259,1177,0,0,0,0,0,-8.627024E-05,0,-0.0009116324,-8.627024E-05,0,-0.0009116324,1,0,0,1,0.061898835,-1.2111733,-0.874627233,1.03165162,-0.0331425071,0.0209077112,0.130477816,-1.06408942,-0.958289266,-12.06012,0.7806243,1.71343875,-0.573988259,-0.455090284,0.4175109,0.029852245,-0.969791055,-0.768061,-25.5623779,0.6304745,0.469168425,3.370405,0.06789102,0.103226796,0.0301558338,-0.975001,-0.7721683,-25.75653,0.1882641,-0.899749756,3.35035515,0.0173612386,0.128620714,-0.0101702046,-0.0460497141,-0.5173445,-20.1665955,0.7516059,0.482813478,3.83673549,0.08746041,0.06805325,-0.0126710441,-0.055437,-0.5173962,-20.3599854,0.161052436,-0.8496094,3.84364247,0.0250244439,0.106834449,-0.000827067532,0.259880483,-0.3286314,-83.90253,-178.81517,177.4028,3.62991142,0.193585873,-0.0323290527,-0.004753394,0.252217352,-0.32750088,-83.62659,169.054581,-170.549454,3.52718925,0.107339479,-0.015682742,-0.526963532,0.466347277,1.32536745,1.50058961
213,4.2599984906462582,1185,0,0,0,0,0,-8.627024E-05,0,-0.0009116324,-8.627024E-05,0,-0.0009116324,1,0,0,1,0.0583911128,-1.0957942,-0.8398729,1.23005712,-0.0423733331,0.025389947,0.0380964056,-0.174100041,-0.8666236,-9.482239,0.503895164,2.23616052,2.28984571,-0.123064935,0.397128552,0.0305676423,-0.8611902,-0.7601636,-21.2542114,0.6671708,0.610522747,3.69426918,0.0610251874,0.070398286,0.0281812157,-0.8640399,-0.7643914,-21.4541931,0.1663234,-0.7528076,3.68942451,0.0137432069,0.104973473,-0.00241261674,0.100920379,-0.5383168,-15.60672,0.7878453,0.6288741,3.94060946,0.062169224,0.0602019876,-0.0107139032,0.09462105,-0.537580252,-15.8071594,0.142854214,-0.7109375,3.934231,0.009890564,0.0970712453,0.0100386469,0.353258371,-0.3662339,-89.13907,-171.208984,169.756119,4.654328,0.257405937,-0.01075387,0.002084372,0.347723156,-0.365073383,-88.38434,133.1555,-134.735672,4.58291245,0.159036309,0.00484196842,-0.5236293,0.509384,1.32118034,1.50969446
214,4.2799984835600906,1193,0,0,0,0,0,-8.627024E-05,0,-0.0009116324,-8.627024E-05,0,-0.0009116324,1,0,0,1,0.0464971475,-0.7963556,-0.7817004,1.4277972,-0.05423185,0.030164212,0.00437930971,-0.0796093941,-0.8338329,-5.508728,0.3996129,2.57646585,2.16389823,-0.102650963,0.174581558,0.0279647615,-0.6708289,-0.7591859,-17.1708374,0.7065213,0.67469573,3.48965216,0.0427440256,0.00843401253,0.02397861,-0.6716915,-0.765788,-17.3659668,0.1625188,-0.6831665,3.49430513,0.004525043,0.0438578352,0.0105580818,0.151949227,-0.630838,-11.2910156,0.846104145,0.7069012,3.714124,0.05586516,0.0152952448,-0.004305918,0.1515958,-0.632113,-11.48645,0.1624574,-0.637756348,3.718096,0.0190793276,0.0551909767,0.00670703733,0.3554355,-0.49405542,-85.03937,-4.154114,2.96030617,5.01049948,0.467011929,0.231609583,-0.009816659,0.3555662,-0.493735164,-85.25406,10.6442823,-11.98291,4.99726,0.373485476,0.2794581,-0.519673347,0.5492327,1.3157829,1.51756442
215,4.299998476473923,1200,0,0,0,0,0,-8.627024E-05,0,-0.0009116324,-8.627024E-05,0,-0.0009116324,1,0,0,1,0.0306577086,-0.435673654,-0.714309335,1.601534,-0.0651147738,0.03432564,-0.02067177,-0.06803468,-0.856206536,-4.54830933,0.327640116,2.58169532,1.45914817,-0.139794052,0.000888690352,0.0162568949,-0.4595258,-0.749100447,-13.6610718,0.7304987,0.683417,3.04461,0.0188081674,-0.0249784812,0.010423624,-0.458887666,-0.7578776,-13.8447571,0.156279549,-0.664001465,3.05477548,-0.0118650515,0.0147289205,0.0152993659,0.106319949,-0.6877655,-7.64300537,0.8472954,0.7302309,3.158237,0.0165117569,-0.0315161273,-0.004301357,0.1105097,-0.6933338,-7.826935,0.134720385,-0.6091614,3.168447,-0.007906696,0.0105060041,0.01582275,0.244844556,-0.610087931,-80.07239,-2.38058472,1.39951146,4.20073938,0.3645852,0.120234132,-0.00722227665,0.249623179,-0.6140256,-80.2992554,4.48273659,-5.61270142,4.230728,0.302946925,0.161307484,-0.5153872,0.58398515,1.31009912,1.52414644
216,4.3199984693877553,1208,0,0,0,0,0,-8.627024E-05,0,-0.0009116324,-8.627024E-05,0,-0.0009116324,1,0,0,1,0.01573846,-0.109958351,-0.657604039,1.73886192,-0.07325111,0.03747109,-0.03176448,-0.07264377,-0.826852858,-2.13546753,0.265816867,2.40658164,1.24921,-0.08857559,-0.165135175,0.005261928,-0.276790351,-0.7378071,-10.7045593,0.740153968,0.647978246,2.56904364,0.00175010785,-0.05639956,-0.00186613109,-0.275640637,-0.7486438,-10.8772278,0.144739971,-0.680480957,2.57895732,-0.0226878282,-0.0136801917,0.01682792,0.03141118,-0.721427262,-4.687744,0.8349255,0.687840343,2.572488,-0.005465839,-0.07405991,-0.0063276235,0.0362392664,-0.730959952,-4.86157227,0.106013171,-0.637146,2.58183479,-0.0189065635,-0.02950323,0.02265017,0.106982216,-0.682248533,-76.58832,-1.62615967,0.738064051,2.9785347,0.190483749,0.0315438956,-0.005356151,0.11208158,-0.6911737,-76.76892,3.19745564,-4.211975,3.013985,0.164313853,0.06790015,-0.5106083,0.61434114,1.30264211,1.52807474
217,4.3399984623015868,1215,0,0,0,0,0,-8.627024E-05,0,-0.0009116324,-8.627024E-05,0,-0.0009116324,1,0,0,1,0.00345858,0.108968616,-0.6084746,1.8085568,-0.0775025561,0.0390336365,-0.02732009,-0.07751709,-0.84211,-1.59866333,0.366562158,2.02415466,0.570752263,0.04562974,-0.268665969,-0.0034147054,-0.145259649,-0.718702555,-8.207123,0.738796055,0.5774317,2.24278617,-0.0073851496,-0.08076163,-0.0116042066,-0.144600123,-0.7306963,-8.375549,0.127937362,-0.7250061,2.247004,-0.0286770426,-0.03470891,0.0153775774,-0.0216303319,-0.7171651,-2.26199341,0.811205268,0.6030754,2.12276626,-0.0187462643,-0.102054939,-0.0103342831,-0.0191142559,-0.7295363,-2.43255615,0.073453784,-0.698516846,2.12654948,-0.02581175,-0.05458197,0.0256308969,0.010207206,-0.7079533,-74.2862549,-1.10906982,0.202172861,2.04036331,0.0718891,-0.0293817222,-0.00636499375,0.0130824968,-0.7206344,-74.43585,2.84476233,-3.83505249,2.05277276,0.06823825,0.004584931,-0.506442845,0.642771,1.29790139,1.534336
218,4.3599984552154192,1223,0,0,0,0,0,-8.627024E-05,0,-0.0009116324,-8.627024E-05,0,-0.0009116324,1,0,0,1,-0.00389199937,0.205970079,-0.5781228,1.82120669,-0.07832739,0.0392981,-0.015842054,-0.0354227126,-0.780750155,-0.5810852,0.461798817,1.61846876,0.464885145,0.0793769956,-0.284389615,-0.008135927,-0.08003494,-0.7067547,-5.910095,0.730857849,0.490544558,2.08330178,-0.011216715,-0.09392547,-0.01733909,-0.08004439,-0.719235659,-6.082245,0.106535487,-0.7791748,2.08135939,-0.0309698135,-0.0441216454,0.0135808224,-0.0337596834,-0.7122289,-0.06774902,0.7834481,0.4997175,1.91812551,-0.0233659819,-0.114250928,-0.0150303356,-0.0339297056,-0.7255482,-0.241760254,0.03891759,-0.770751953,1.91637087,-0.0286409631,-0.0621243566,0.0264577847,-0.0237408876,-0.7101213,-72.4443359,-0.688995361,-0.2972412,1.69641674,0.0310665332,-0.0480977446,-0.009353821,-0.023102805,-0.72420603,-72.59192,2.71558642,-3.734558,1.68092489,0.0309280418,-0.0146581121,-0.502443731,0.6703502,1.29199409,1.53982723
219,4.3799984481292515,1229,0,0,0,0,0,-8.627024E-05,0,-0.0009116324,-8.627024E-05,0,-0.0009116324,1,0,0,1,-0.00732053444,0.188199654,-0.5557457,1.77167475,-0.0768585354,0.0381876975,-0.014852521,0.107071131,-0.6736791,-0.0750427246,0.5213386,1.26827276,-1.24711442,0.108831465,-0.228094935,-0.009488865,-0.07478386,-0.691590846,-3.63131714,0.7191516,0.399341077,2.078079,-0.01215449,-0.0999056846,-0.01974078,-0.07499063,-0.703994632,-3.811432,0.08114166,-0.832519531,2.072583,-0.032157544,-0.0457811579,0.0123992469,-0.021399945,-0.698017061,2.092471,0.7540124,0.394886553,1.882381,-0.023521632,-0.115188,-0.01916286,-0.0230352283,-0.7112233,1.91068721,0.00326367421,-0.8387451,1.87719166,-0.029664617,-0.05819527,0.0262016412,-0.0161613375,-0.696380556,-70.57483,-0.3577881,-0.7213745,1.73378658,0.0388209,-0.0343010761,-0.0132116992,-0.0166751444,-0.71050173,-70.7396851,2.583527,-3.64892578,1.69988549,0.0295848213,-8.746609E-05,-0.4992403,0.699369431,1.28779364,1.54815078
220,4.3999984410430839,1236,0,0,0,0,0,-8.627024E-05,0,-0.0009116324,-8.627024E-05,0,-0.0009116324,1,0,0,1,-0.008902147,0.1022851,-0.5362362,1.72774029,-0.07510962,0.0372400433,-0.0291331522,0.217393845,-0.7017761,-3.04266357,0.719449639,0.9703158,-2.39039588,0.121071711,-0.1611732,-0.009104964,-0.123890176,-0.677039564,-1.18249512,0.7050948,0.307697743,2.15189624,-0.0127376989,-0.104419842,-0.0204665586,-0.123852611,-0.6890252,-1.37167358,0.0510056838,-0.8835144,2.1462872,-0.0327700861,-0.0455513075,0.0124056078,-0.00244541466,-0.6742764,4.391576,0.7239774,0.29533416,2.03791928,-0.02147922,-0.112644956,-0.0219166391,-0.00417664647,-0.6867509,4.20100975,-0.0350952148,-0.898162842,2.03177,-0.03150524,-0.05119907,0.0257723033,0.0151768178,-0.664767,-68.42047,-0.102508545,-1.05526733,2.02111,0.0651527047,-0.0108645186,-0.0165203847,0.0146873,-0.677999258,-68.60889,2.39185476,-3.50216675,1.9801755,0.03892436,0.0259010568,-0.496730924,0.7320259,1.28454614,1.55969942
221,4.4199984339569163,1243,0,0,0,0,0,-8.627024E-05,0,-0.0009116324,-8.627024E-05,0,-0.0009116324,1,0,0,1,-0.009333999,0.05178985,-0.5405313,1.74947274,-0.0737479,0.0379236042,-0.037200816,0.0484601259,-0.589997947,-2.12738037,0.767277539,0.762337565,0.4591853,0.08582996,-0.184847742,-0.007562453,-0.157770678,-0.6932451,1.3348043,0.6880203,0.213051617,2.248239,-0.0127764195,-0.108775765,-0.0201392174,-0.157251269,-0.7046754,1.1386224,0.0186720416,-0.9322815,2.24369144,-0.0333950557,-0.0446467437,0.0146363992,0.00695987046,-0.682416141,6.918924,0.6921637,0.197507769,2.187607,-0.0190985724,-0.112979583,-0.02284931,0.00614842772,-0.6938778,6.721434,-0.07727051,-0.9534912,2.18285418,-0.0325312,-0.0465270281,0.0272888634,0.0450035334,-0.6539213,-65.81793,0.101587467,-1.31600952,2.35826278,0.08795214,0.006218314,-0.0182897858,0.0453878641,-0.6658839,-66.02484,2.16695285,-3.309784,2.32090259,0.05184281,0.0444510281,-0.494878143,0.769590735,1.28585792,1.578165
222,4.4399984268707477,1250,0,0,0,0,0,-8.627024E-05,0,-0.0009116324,-8.627024E-05,0,-0.0009116324,1,0,0,1,-0.0107380087,-0.0515405834,-0.529641449,1.70844531,-0.07204896,0.0370128527,-0.04108073,0.109560952,-0.590998,-1.63439941,0.91676563,0.573605061,-0.2515866,0.185139939,-0.1599299,-0.007034758,-0.21054101,-0.685504854,4.038287,0.668435,0.115422249,2.395623,-0.012281768,-0.112741128,-0.02044134,-0.209400162,-0.696656644,3.83612251,-0.0174255371,-0.983093262,2.3920486,-0.03500409,-0.0453713126,0.0174932554,0.0129553825,-0.6795486,9.557533,0.657578,0.09493302,2.297336,-0.0162823349,-0.116559356,-0.0226438325,0.0131195039,-0.6906,9.354287,-0.121459961,-1.01034546,2.29346871,-0.0317872,-0.0460813753,0.0305334311,0.0596359968,-0.6564245,-63.06891,0.27377826,-1.52651978,2.479917,0.100339144,0.0137021691,-0.018535316,0.0609179139,-0.6678611,-63.28479,1.973999,-3.13339233,2.44887567,0.0599241033,0.0538401753,-0.4934609,0.8113039,1.28803134,1.600232
223,4.45999841978458,1257,0,0,0,0,0,-8.627024E-05,0,-0.0009116324,-8.627024E-05,0,-0.0009116324,1,0,0,1,0.0009293314,0.212479025,-0.3179558,0.3226023,-0.0130952084,0.00707524363,-0.0330190063,0.10445451,-0.3520708,-3.04992676,1.1028,0.3921165,-1.53286731,0.180981755,-0.134477273,0.00308557414,0.142318249,-0.354466,4.30928755,0.6415161,0.102140762,0.265909523,-0.02269664,-0.0305142757,-0.00928819552,0.142103761,-0.358374238,4.09992552,-0.0293273926,-0.9308777,0.263707072,-0.0139078014,0.0317308977,0.01169816,0.0127842128,-0.417861283,9.444845,0.6283566,0.0287867561,-0.0150986724,-0.0210654326,-0.0440493934,-0.0256341957,0.0125647038,-0.426711649,9.23951,-0.119293213,-0.9947815,-0.0174090937,-0.008054497,0.0239814967,0.0281909052,-0.0487134755,-0.5084151,-62.84137,0.391326576,-1.66659546,0.0172406472,0.10546805,0.05509031,-0.0198079161,-0.04708849,-0.5229857,-63.0514832,1.93960273,-3.09762573,-0.008534659,0.06598185,0.09793305,-0.49365142,0.822087765,1.28356,1.60220051
224,4.4799984126984125,1265,0,0,0,0,0,-8.627024E-05,0,-0.0009116324,-8.627024E-05,0,-0.0009116324,1,0,0,1,0.00182400364,0.109174043,-0.301574677,0.14465034,-0.00224294979,0.00381373684,-0.0294856112,0.0448435545,-0.267583042,-3.54229736,1.26319027,0.169191524,-0.729826868,0.146317482,-0.15074569,0.0115477117,0.0808199942,-0.319972247,4.36262131,0.6184612,0.0452997126,0.137561038,-0.0182812214,-0.0511697344,-0.00167324068,0.08151836,-0.3193419,4.15361738,-0.0357666,-0.90914917,0.139906824,-0.0109934192,0.0160022154,0.0170660242,0.0471804738,-0.2820322,9.567538,0.603676558,0.0152237462,0.0559992827,-0.0144347548,-0.02235001,-0.01802092,0.04634495,-0.27940914,9.355656,-0.138244629,-0.937225342,0.051734,-0.020350704,0.0385847725,0.01678285,0.00692883134,-0.238135338,-62.8545532,0.3712462,-1.591156,0.398640633,0.1513688,0.13136895,-0.0194631983,0.007175833,-0.233316362,-63.10269,1.60286593,-2.79577637,0.345541179,0.04583858,0.181810781,-0.494370252,0.8336102,1.27861524,1.60442042
225,4.4999984056122448,1272,0,0,0,0,0,-8.627024E-05,0,-0.0009116324,-8.627024E-05,0,-0.0009116324,1,0,0,1,0.0009516788,-0.0018126294,-0.273944765,0.00127164915,0.0007994674,0.000181018375,-0.0252608955,0.00589592755,-0.257487535,-3.55126953,1.37329721,0.000829747,-0.188861445,0.09190224,-0.124364808,0.009766035,0.0186251551,-0.27228415,4.468225,0.596434057,-0.00430297852,0.108285531,-0.0167769,-0.04283331,-0.0019210272,0.01897832,-0.27212885,4.260458,-0.04748535,-0.8916626,0.109829031,-0.01198552,0.0162134171,0.0214053914,0.0471716374,-0.2659869,9.684439,0.578338,-0.0188598633,0.08489254,-0.0114381183,-0.03157979,-0.0108066276,0.0482493639,-0.264844328,9.474097,-0.149291992,-0.9073181,0.08650021,-0.008031141,0.0249191578,0.0245071538,0.03689739,-0.254720181,-62.3011169,0.422100723,-1.56677246,0.539716959,0.156699285,0.0917510539,-0.0132943867,0.0384747833,-0.252298325,-62.5478821,1.51274645,-2.65261841,0.5362216,0.136419117,0.124376521,-0.495245665,0.84370327,1.27490425,1.607011
226,4.5199983985260772,1280,0,0,0,0,0,-8.627024E-05,0,-0.0009116324,-8.627024E-05,0,-0.0009116324,1,0,0,1,0.00018105231,-0.0972570255,-0.252276123,-0.112581596,0.00171680376,-0.002971174,-0.0222099088,-0.0206713229,-0.229135573,-3.17645264,1.399119,-0.137298584,0.135833815,0.0200364962,-0.111059964,0.00867465,-0.038413614,-0.235283256,4.54790831,0.575634837,-0.0523376465,0.08510022,-0.015162155,-0.04156137,-0.001976384,-0.0379794538,-0.235184222,4.34226656,-0.0555114746,-0.878234863,0.0873066,-0.0081536,0.0124258921,0.0235610474,0.0244905353,-0.229910582,9.772356,0.5557765,-0.06484985,0.066158466,-0.008667834,-0.03932758,-0.0060592154,0.025897339,-0.229808941,9.564081,-0.155303955,-0.892944336,0.06828343,-0.004534819,0.0129383253,0.0282887872,0.03089182,-0.220453441,-61.96228,0.532589555,-1.60757446,0.347189516,0.136888549,0.0532465875,-0.005839992,0.032441318,-0.220373362,-62.1958,1.4679234,-2.559845,0.352109671,0.109056942,0.09723526,-0.496377766,0.853921056,1.27034068,1.60914183
227,4.5399983914399087,1288,0,0,0,0,0,-8.627024E-05,0,-0.0009116324,-8.627024E-05,0,-0.0009116324,1,0,0,1,-0.000147660816,-0.16592744,-0.235623449,-0.192882836,0.00209589745,-0.00524043851,-0.0192954615,-0.03324911,-0.1703345,-2.48379517,1.35225832,-0.247772217,0.434829235,-0.0473091453,-0.106360167,0.008384259,-0.0825597048,-0.208530873,4.58057261,0.5562066,-0.101928711,0.0569648929,-0.0138238408,-0.04267487,-0.00116437848,-0.0822537839,-0.208447292,4.37640667,-0.0625610352,-0.872131348,0.0586577766,-0.007153903,0.005765108,0.0242574625,0.00150074065,-0.200360775,9.83644,0.535352051,-0.114593506,0.0458153673,-0.00754077733,-0.04201762,-0.00216399645,0.002438888,-0.2003333,9.629252,-0.1621399,-0.888855,0.04704196,-0.00432729628,0.00448139571,0.02936076,0.02358763,-0.185293481,-61.83087,0.661095858,-1.68896484,0.171017587,0.106591448,0.0270740315,-0.0007374794,0.024341777,-0.18547219,-62.05652,1.4608742,-2.52648926,0.175668135,0.08523407,0.07166877,-0.497614533,0.8622305,1.26605082,1.61057329
228,4.5599983843537411,1296,0,0,0,0,0,-8.627024E-05,0,-0.0009116324,-8.627024E-05,0,-0.0009116324,1,0,0,1,-0.00010337714,-0.203796908,-0.222555324,-0.236978814,0.002143787,-0.00651342841,-0.0193595439,-0.0347390175,-0.139683634,-1.77938843,1.28004825,-0.33215332,0.2762159,-0.0558224246,-0.0908421651,0.008257899,-0.105849862,-0.1904869,4.58259535,0.5382445,-0.151611328,0.050187178,-0.0127112195,-0.042683512,-0.000113856746,-0.105742976,-0.190447479,4.378789,-0.0690002441,-0.872680664,0.0509605,-0.00664482871,-0.000183283351,0.02396289,-0.0111961067,-0.1809352,9.889574,0.5163117,-0.163665771,0.03201239,-0.00758663565,-0.04172758,0.000851506134,-0.0108062923,-0.180887789,9.68221,-0.168121338,-0.8909607,0.03235833,-0.00360435527,-0.0009545705,0.02933514,0.0199417174,-0.16338031,-61.8046875,0.782725155,-1.786377,0.07257171,0.0799277946,0.0142238513,0.00279802014,0.019920513,-0.163538426,-62.0281677,1.48134923,-2.534851,0.07659203,0.0717010349,0.054279536,-0.498929739,0.868279338,1.26184082,1.61092591
229,4.5799983772675734,1303,0,0,0,0,0,-8.627024E-05,0,-0.0009116324,-8.627024E-05,0,-0.0009116324,1,0,0,1,9.230034E-05,-0.210195065,-0.213353023,-0.244491562,0.00199218513,-0.00675724354,-0.0184266549,-0.0238153636,-0.1051701,-1.10891724,1.20730591,-0.413269043,0.10327369,-0.054133907,-0.08449314,0.00811651349,-0.107898206,-0.181035191,4.5743866,0.5216336,-0.199646,0.06107254,-0.0118904039,-0.04124865,0.0008293221,-0.107949734,-0.181028187,4.37007952,-0.07443237,-0.877868652,0.06115445,-0.00594861945,-0.004200344,0.023275787,-0.0139249116,-0.172007412,9.939812,0.4977254,-0.210968018,0.023625616,-0.008250095,-0.0405173153,0.003118574,-0.0138825178,-0.171989247,9.731849,-0.172851563,-0.897155762,0.0234940331,-0.00264797825,-0.004682538,0.0290565863,0.0189049989,-0.1545221,-61.7987976,0.884474,-1.88116455,0.0438743979,0.0601761378,0.011388,0.005479872,0.01843609,-0.1547713,-62.02301,1.51260936,-2.56137085,0.0474654064,0.06365153,0.04518693,-0.500136,0.871623635,1.25858974,1.61056256
230,4.5999983701814058,1311,0,0,0,0,0,-8.627024E-05,0,-0.0009116324,-8.627024E-05,0,-0.0009116324,1,0,0,1,0.0007500711,-0.1878018,-0.205990553,-0.22288157,0.00268613454,-0.006017107,-0.0170995519,-0.0229933411,-0.09141569,-0.5491333,1.14882565,-0.5019226,0.0679369,-0.0487011075,-0.09040333,0.008233388,-0.09188074,-0.17683436,4.561379,0.506027937,-0.244750977,0.06849282,-0.0117311105,-0.03667198,0.00182916247,-0.0920117646,-0.176688656,4.35631371,-0.0786438,-0.8851929,0.06853365,-0.00527043268,-0.004073449,0.0226992778,-0.0110327005,-0.170663923,9.981075,0.478591561,-0.2555542,0.0118033495,-0.00940698,-0.0384606272,0.004874377,-0.0111242384,-0.170718089,9.772183,-0.17666626,-0.90512085,0.01145675,-0.00186122069,-0.00639992673,0.0289949346,0.01742956,-0.155567229,-61.7804565,0.958583355,-1.960083,0.0448428355,0.0464075655,0.0151328482,0.00764296576,0.016784355,-0.155966163,-62.0066223,1.5407064,-2.58807373,0.0475405976,0.057866212,0.0425478742,-0.50157845,0.873337448,1.2544229,1.60868764
231,4.6199983630952381,1318,0,0,0,0,0,-8.627024E-05,0,-0.0009116324,-8.627024E-05,0,-0.0009116324,1,0,0,1,0.00147872861,-0.1381346,-0.193268239,-0.1972311,0.00328506157,-0.00517896377,-0.014277393,-0.0285553783,-0.09257403,-0.106719971,1.10219443,-0.5950012,0.112910315,-0.036836043,-0.09371376,0.009053604,-0.060801,-0.168295264,4.50993252,0.4905399,-0.2836914,0.02154022,-0.0116014928,-0.03579531,0.00332563231,-0.0610140562,-0.1682165,4.304374,-0.08181763,-0.889678955,0.02186959,-0.0037206104,-0.00652138749,0.0225539468,-0.00684437156,-0.171752974,9.984161,0.458000839,-0.297119141,-0.0270309523,-0.01093968,-0.03487672,0.00634236634,-0.006966263,-0.171490356,9.774573,-0.180114746,-0.9125366,-0.0272603463,-0.00147771,-0.00535027776,0.0292545632,0.0134646446,-0.161971986,-61.77466,1.00601959,-2.0196228,0.02769431,0.03827985,0.0217173733,0.009356692,0.0128685087,-0.1622065,-62.0028076,1.55918682,-2.60644531,0.0292982664,0.0534466654,0.0437039956,-0.502861738,0.8725982,1.25131929,1.60626817
232,4.6399983560090705,1326,0,0,0,0,0,-8.627024E-05,0,-0.0009116324,-8.627024E-05,0,-0.0009116324,1,0,0,1,0.00237251772,-0.07711956,-0.177893713,-0.173035577,0.00391021557,-0.004381882,-0.0146238925,-0.0346805453,-0.08766701,0.29674986,1.06740761,-0.6871948,-0.09053759,-0.005302623,-0.08412162,0.009874266,-0.0153103471,-0.156749383,4.3193264,0.47559312,-0.324768066,-0.0122800022,-0.0118447766,-0.0340279862,0.004556355,-0.015587762,-0.1565079,4.113942,-0.08224487,-0.897522,-0.01182933,-0.00278504938,-0.00674721,0.0226795487,-0.0053159,-0.160686076,9.91087151,0.437204868,-0.3360901,-0.117337629,-0.0110666305,-0.0334299579,0.00762903132,-0.00538787246,-0.16058436,9.700861,-0.182739258,-0.918518066,-0.11729531,-0.000265070237,-0.00572474673,0.0292578787,0.00551112,-0.160688519,-61.82846,1.05301476,-2.07598877,-0.0297454968,0.0403352752,0.0247762576,0.0106115863,0.00510107,-0.160673633,-62.0575867,1.57825482,-2.62362671,-0.029277293,0.0524351075,0.0440676063,-0.5043008,0.8697686,1.24756014,1.60225558
233,4.659998348922902,1334,0,0,0,0,0,-8.627024E-05,0,-0.0009116324,-8.627024E-05,0,-0.0009116324,1,0,0,1,0.000626071938,-0.115857884,-0.16250883,-0.212731346,0.00385947758,-0.005530581,-0.05502032,0.194126844,-0.09248963,-4.545166,1.53352046,-0.70401,-3.8722136,0.413768321,0.03997454,0.009237539,-0.026241377,-0.135553181,4.29124546,0.4598792,-0.366943359,0.05372229,-0.011611931,-0.0398172922,0.00424711,-0.0263503641,-0.135282084,4.084916,-0.0849914551,-0.9100342,0.05463504,-0.00293339137,-0.0141717065,0.0228053145,0.004615292,-0.137275875,9.752421,0.4180544,-0.375427246,-0.107385643,-0.00928556547,-0.03404074,0.00876762,0.00455749035,-0.137019441,9.541494,-0.183776855,-0.9259949,-0.107859179,0.0007025311,-0.008297864,0.0282032583,0.003397584,-0.139392316,-62.010498,1.12333417,-2.144104,-0.0924333856,0.0583418831,0.0186900124,0.011363307,0.00315570831,-0.139369056,-62.23993,1.61105776,-2.65036,-0.09205465,0.05766842,0.03995216,-0.505662262,0.866408646,1.24405622,1.59813464
234,4.6799983418367344,1342,0,0,0,0,0,-8.627024E-05,0,-0.0009116324,-8.627024E-05,0,-0.0009116324,1,0,0,1,-0.0001727423,0.0416070521,-0.172242358,-0.0523305349,0.004005416,-0.000905059744,-0.0009673685,-0.211712122,-0.270330846,-2.101593,1.70964146,-0.9836426,1.60027254,0.07564943,-0.2121942,0.00767782656,0.04140377,-0.167936444,4.018907,0.447596878,-0.4145813,-0.100689769,-0.009334631,-0.034062665,0.002841828,0.04108791,-0.167035148,3.81320977,-0.0824584961,-0.9263916,-0.09943786,0.0004239194,-0.009086808,0.0225658715,-0.00387962162,-0.1524379,9.665089,0.402603835,-0.424438477,-0.1272229,-0.00622662529,-0.0401199423,0.009439932,-0.003706649,-0.152068675,9.454909,-0.18371582,-0.9461975,-0.1262993,0.00344444625,-0.0160559565,0.02939068,-0.0006008148,-0.137440562,-61.98227,1.20521736,-2.22369385,0.0273650661,0.0409837961,0.0172367059,0.0134454761,-0.0006031245,-0.137510046,-62.2108765,1.65593231,-2.68988037,0.0272800643,0.05037584,0.0313325934,-0.5068711,0.864785731,1.24214768,1.59615278
235,4.6999983347505667,1350,0,0,0,0,0,-8.627024E-05,0,-0.0009116324,-8.627024E-05,0,-0.0009116324,1,0,0,1,0.00186319335,0.08304167,-0.178285778,-0.0231414232,0.005379159,0.000135804061,-0.00641372427,-0.0332198143,-0.128298327,-1.46984863,1.80894637,-1.1008606,0.5104465,0.0276197344,-0.106985748,0.0103940694,0.0864077359,-0.176144272,3.84074259,0.432670683,-0.4543457,-0.0281593055,-0.0130967125,-0.03375872,0.005567873,0.08629614,-0.17533125,3.63531828,-0.0823364258,-0.936553955,-0.0262334459,-0.00230914075,-0.008948838,0.0251338873,0.006038636,-0.180999056,9.428959,0.369716525,-0.47076416,-0.209150642,-0.0215784721,-0.0393978767,0.01121689,0.00609460473,-0.18084003,9.218345,-0.190063477,-0.9602051,-0.20950824,-0.00343483686,-0.0126981661,0.0371544957,-0.0210603178,-0.190551966,-62.2113037,1.11549819,-2.20535278,-0.15576078,-0.0164614581,0.0512731075,0.0176677741,-0.0215765834,-0.191690028,-62.4490356,1.62593257,-2.68869019,-0.164621875,0.02171341,0.0500545055,-0.508242249,0.862827241,1.2404654,1.59421933
236,4.7199983276643991,1357,0,0,0,0,0,-8.627024E-05,0,-0.0009116324,-8.627024E-05,0,-0.0009116324,1,0,0,1,0.00363875064,0.09544937,-0.177194864,-0.0102108475,0.00648312736,0.000670602545,-0.01104868,0.05113262,-0.0361215845,-0.816955566,1.81741512,-1.15786743,-0.104214028,-0.019537773,-0.06213308,0.0137294354,0.0941227,-0.176658139,3.66647124,0.4112013,-0.49987793,-0.0274165217,-0.0182171427,-0.03946606,0.008274426,0.09381837,-0.175701573,3.46049261,-0.08544922,-0.9485779,-0.0266538616,-0.00478466041,-0.011406526,0.0301165339,0.009229764,-0.185051665,9.19494,0.3346381,-0.521118164,-0.215503871,-0.0208042674,-0.0422709771,0.0142660234,0.008969098,-0.184723645,8.983079,-0.197418213,-0.9734192,-0.216192052,-0.00330796652,-0.0121837761,0.04072197,-0.0231327564,-0.199583128,-62.4518433,1.11399126,-2.24688721,-0.147392213,0.03202185,0.04382964,0.0197739,-0.0232667923,-0.200067788,-62.69409,1.6293031,-2.707611,-0.159578755,0.04499577,0.0503295958,-0.509515,0.8601984,1.239455,1.59241807
237,4.7399983205782314,1365,0,0,0,0,0,-8.627024E-05,0,-0.0009116324,-8.627024E-05,0,-0.0009116324,1,0,0,1,0.005017674,0.08560963,-0.167087764,-0.00556954229,0.007495625,0.000955753,-0.0101239868,0.08730394,0.0136811174,-0.5688782,1.78371727,-1.21954346,-0.458021432,-0.0276299268,-0.033927232,0.0163873453,0.0847975,-0.167046055,3.49873972,0.388831645,-0.5507202,-0.0160277747,-0.0186436176,-0.0436774939,0.0102984421,0.0844147056,-0.165876672,3.29189086,-0.08908081,-0.9622803,-0.0157599859,-0.005145031,-0.0125150159,0.0344896726,0.00717456639,-0.175370187,8.990496,0.3050023,-0.575073242,-0.195519522,-0.0163060054,-0.0451217219,0.0169762149,0.0068769604,-0.174785852,8.777667,-0.202575684,-0.9875183,-0.196038231,-0.00151542574,-0.0125733372,0.043964304,-0.0217856318,-0.188494489,-62.65097,1.178918,-2.325531,-0.113625854,0.0653725863,0.03633423,0.0218363851,-0.0215700418,-0.188494757,-62.8977966,1.66023028,-2.73980713,-0.128979608,0.0611564778,0.0477758646,-0.5109339,0.85712,1.23780322,1.58992612
238,4.7599983134920629,1373,0,0,0,0,0,-8.627024E-05,0,-0.0009116324,-8.627024E-05,0,-0.0009116324,1,0,0,1,0.00618308224,0.06280793,-0.15161474,-0.00109866937,0.008346937,0.00121228769,0.01131229,0.05366873,-0.05729338,-0.500824,1.75561655,-1.27233887,-1.00174582,-0.209790617,-0.0973495841,0.0185113773,0.0660426244,-0.151774511,3.36103749,0.367463171,-0.6046448,0.0126781343,-0.0176711567,-0.0463881865,0.0119520137,0.06566704,-0.150354579,3.15351272,-0.0926818848,-0.976623535,0.0129761267,-0.00504540931,-0.012981412,0.0377482623,0.00284679234,-0.157783657,8.836153,0.279419124,-0.6305847,-0.154061779,-0.012826778,-0.04656094,0.0190801248,0.0026230067,-0.156926453,8.622794,-0.206451416,-1.001709,-0.154374421,-0.000484630466,-0.0124251135,0.04646343,-0.0196249485,-0.16746366,-62.8097839,1.2799418,-2.42285156,-0.08050218,0.0808801055,0.0298561975,0.0235485379,-0.01926519,-0.16714476,-63.0623779,1.70535958,-2.77874756,-0.0968937948,0.06792995,0.0450123176,-0.512291849,0.8542943,1.23630762,1.587677
239,4.7799983064058953,1381,0,0,0,0,0,-8.627024E-05,0,-0.0009116324,-8.627024E-05,0,-0.0009116324,1,0,0,1,0.00804182,0.03123355,-0.141573414,0.0113395993,0.009431912,0.00172686763,0.009761511,-0.00754481554,-0.0945828557,-1.39437866,1.60926771,-1.38739014,-0.788605869,-0.152189791,-0.06877823,0.0206539854,0.0409972519,-0.142555937,3.2827878,0.347324252,-0.6577759,0.06856698,-0.01684013,-0.0449448153,0.013800839,0.04065022,-0.140694976,3.07499051,-0.09649658,-0.98916626,0.06909476,-0.005400572,-0.0101808449,0.0399165973,-0.00139333308,-0.141689077,8.755811,0.256575,-0.6844177,-0.0861878544,-0.01077906,-0.0450855568,0.02061946,-0.00153926015,-0.1404293,8.542101,-0.209869385,-1.013977,-0.08634929,-0.000382918864,-0.0101947188,0.0479927622,-0.0156728178,-0.145719886,-62.9081421,1.39220512,-2.52377319,-0.02744794,0.0843284354,0.02630692,0.0247220043,-0.0153422356,-0.145048261,-63.16803,1.75078118,-2.81555176,-0.0433755629,0.06876664,0.04432348,-0.5136823,0.8523117,1.23473394,1.585835
240,4.7999982993197277,1389,0,0,0,0,0,-8.627024E-05,0,-0.0009116324,-8.627024E-05,0,-0.0009116324,1,0,0,1,0.009822979,0.00148183107,-0.132844478,0.0310091414,0.0100156721,0.0023663966,0.0008585984,-0.00367183983,-0.0879970342,-1.3477478,1.60122907,-1.38208008,-0.4525987,-0.0595291145,-0.0424028337,0.0226829033,0.0132664889,-0.13541095,3.288793,0.3279162,-0.7072449,0.115033224,-0.016125489,-0.0442649834,0.01573687,0.0129320174,-0.133440226,3.081202,-0.100921631,-0.998168945,0.115916081,-0.005581828,-0.009125893,0.0414488763,-0.00458595157,-0.136954665,8.776722,0.234150812,-0.7333374,0.00271596224,-0.0114064962,-0.0418745428,0.0218724664,-0.00465771556,-0.13529636,8.562741,-0.214019775,-1.0218811,0.002683851,-0.00182887586,-0.006642226,0.0495312847,-0.009120539,-0.136341855,-62.9094849,1.48020744,-2.6055603,0.056963902,0.07155879,0.0300268456,0.0258446913,-0.008945823,-0.13537477,-63.1789856,1.7755717,-2.835266,0.04082121,0.06150958,0.0480121821,-0.5150867,0.8519684,1.23348594,1.58513474
241,4.81999829223356,1397,0,0,0,0,0,-8.627024E-05,0,-0.0009116324,-8.627024E-05,0,-0.0009116324,1,0,0,1,0.0108273979,-0.0272947848,-0.122922726,0.0474144258,0.0105704647,0.002907808,0.00120653026,-0.0216755569,-0.08665531,-1.45361328,1.65365839,-1.41168213,-0.282441467,0.0118524469,-0.0315966867,0.02363573,-0.008839965,-0.126464978,3.36524224,0.308719337,-0.7550354,0.178869545,-0.01604243,-0.04213968,0.01669386,-0.009237438,-0.124279782,3.15786767,-0.105987549,-1.00610352,0.179609925,-0.006154475,-0.00707233232,0.0422764122,-0.007583052,-0.125992164,8.877508,0.212661177,-0.780303955,0.07157662,-0.0103749111,-0.0403111279,0.0227414053,-0.00763678551,-0.124067515,8.663563,-0.2182312,-1.02862549,0.07177711,-0.00183399185,-0.005264269,0.04967202,-0.005145192,-0.124487862,-62.8464355,1.57838547,-2.69342041,0.108810432,0.07541335,0.02383779,0.0262840521,-0.004940018,-0.123040028,-63.1216125,1.80269766,-2.85467529,0.09707316,0.06406541,0.0454324931,-0.5163897,0.8529912,1.23258722,1.58540964
242,4.8399982851473924,1405,0,0,0,0,0,-8.627024E-05,0,-0.0009116324,-8.627024E-05,0,-0.0009116324,1,0,0,1,0.0117097171,-0.0505645275,-0.114205368,0.06298288,0.0111537455,0.00342818256,0.00415090751,-0.0207736939,-0.0516083576,-1.14505,1.72912037,-1.438446,0.0355936065,0.026954364,-0.0322725736,0.0241429023,-0.0268594176,-0.11877384,3.51098418,0.290715337,-0.7987976,0.233923286,-0.0150092728,-0.0383784734,0.0173578858,-0.0272841,-0.116407067,3.30398917,-0.110961914,-1.011322,0.234770641,-0.00604219,-0.00416128943,0.04190808,-0.008751929,-0.117978506,9.051338,0.1947154,-0.8231201,0.134352788,-0.008077845,-0.0366174243,0.0228879824,-0.008740187,-0.115693487,8.837688,-0.221099854,-1.03292847,0.134826124,-0.00115065544,-0.00269077439,0.048437,-0.00062802434,-0.112742484,-62.716156,1.68754172,-2.784668,0.164961517,0.0765995756,0.0199618936,0.025964506,-0.0003836453,-0.110747024,-62.993988,1.83215964,-2.87225342,0.157002687,0.06444101,0.04383669,-0.5176354,0.8551208,1.23185241,1.58639157
243,4.8599982780612239,1414,0,0,0,0,0,-8.627024E-05,0,-0.0009116324,-8.627024E-05,0,-0.0009116324,1,0,0,1,0.0126356268,-0.0671757,-0.103088841,0.07363705,0.011740298,0.00381315313,0.008292722,-0.0268982351,-0.0616726428,-0.8704834,1.8222388,-1.4624939,-0.155949548,0.01833296,-0.036455065,0.0243177824,-0.0378246754,-0.10824421,3.702914,0.274670154,-0.8361206,0.281824172,-0.0136545673,-0.0328637473,0.0178760141,-0.038263157,-0.105707943,3.49656,-0.115112305,-1.01239014,0.282809645,-0.005635138,-0.0004215096,0.0403642878,-0.00871685147,-0.107439846,9.275456,0.1800361,-0.8590393,0.1754474,-0.006273143,-0.0308483317,0.02233956,-0.008622423,-0.104940608,9.06272,-0.222442627,-1.03292847,0.17619592,-0.000496874563,0.00122582493,0.0460099541,0.00311407447,-0.102099322,-62.5285645,1.7937206,-2.86914063,0.206008077,0.07459375,0.01845605,0.0248769019,0.00333790481,-0.09976016,-62.80722,1.85314751,-2.87887573,0.201962769,0.06280794,0.04431673,-0.5189105,0.857863545,1.23070121,1.58739519
244,4.8799982709750562,1421,0,0,0,0,0,-8.627024E-05,0,-0.0009116324,-8.627024E-05,0,-0.0009116324,1,0,0,1,0.0136561105,-0.07497342,-0.092253,0.0846476853,0.0122959083,0.004202093,0.012501453,-0.0293724984,-0.053309314,-0.7245178,1.923087,-1.4888,-0.265462041,0.00357416645,-0.0405666269,0.0241858251,-0.0422144532,-0.09830701,3.928015,0.260936856,-0.86505127,0.31908676,-0.0120843947,-0.0254686046,0.0182114244,-0.0427083373,-0.09559217,3.722284,-0.11819458,-1.00796509,0.320006162,-0.00506064529,0.004580679,0.0377716869,-0.00764670968,-0.0967989,9.531287,0.1699699,-0.8858948,0.202103809,-0.00386632234,-0.0232132077,0.0211256612,-0.00754980743,-0.09401295,9.31968,-0.222167969,-1.026886,0.203056991,0.000398264267,0.006273714,0.0422142334,0.00577925146,-0.09062394,-62.29773,1.90508044,-2.95184326,0.235320181,0.0739222541,0.0170994177,0.0229663048,0.00607274473,-0.08771381,-62.5720825,1.87904882,-2.885254,0.236463085,0.06306019,0.04373549,-0.520027936,0.860908,1.22991133,1.58879626
245,4.8999982638888886,1428,0,0,0,0,0,-8.627024E-05,0,-0.0009116324,-8.627024E-05,0,-0.0009116324,1,0,0,1,0.0148025956,-0.0748449,-0.0813360959,0.0982606038,0.0127854533,0.00464929454,0.0155829433,-0.02886258,-0.0303437747,-0.567749,2.04348731,-1.50418091,-0.2260214,-0.005705055,-0.0411255062,0.023685595,-0.0395102352,-0.088654384,4.2103653,0.249498218,-0.8807373,0.357299238,-0.0106090233,-0.0156565215,0.0182912275,-0.03994347,-0.08575214,4.0052433,-0.120330811,-0.9941101,0.35836637,-0.004501598,0.0114240535,0.0344129,-0.0028745383,-0.08624284,9.791096,0.1633878,-0.9046936,0.215420023,-0.002505361,-0.0150855733,0.019436568,-0.00276887417,-0.08335587,9.580169,-0.219299316,-1.0163269,0.216264859,0.00142049138,0.0114552677,0.03812453,0.005508825,-0.08006686,-62.07614,1.987008,-3.00762939,0.236440256,0.06676465,0.020760417,0.0208321046,0.005733654,-0.07722026,-62.3450928,1.88557959,-2.87197876,0.240376174,0.0587516278,0.0466340333,-0.5210514,0.864178061,1.22930312,1.59043527
246,4.919998256802721,1436,0,0,0,0,0,-8.627024E-05,0,-0.0009116324,-8.627024E-05,0,-0.0009116324,1,0,0,1,0.0117030181,-0.0510886461,-0.06028366,0.04333839,0.00128164014,0.00135430275,0.0102263326,-0.0309030414,0.02056284,-0.5864563,2.15270329,-1.53103638,-0.108598225,0.045543395,-0.0184266213,0.0192440525,-0.00873898,-0.06352805,4.42392349,0.242321342,-0.9181824,0.316453248,-0.00712651946,-0.02933062,0.0145241618,-0.008927107,-0.06270809,4.21803141,-0.11895752,-1.00494385,0.3162791,-0.001600374,-0.005247601,0.0308349635,0.00385250151,-0.0581621081,9.893828,0.158603311,-0.933258057,0.0806926,0.00116501562,-0.028338328,0.0176462531,0.00393439829,-0.05715946,9.683788,-0.214996338,-1.01809692,0.08121284,0.005158497,-0.00478245923,0.0331789851,-0.0006322861,-0.06039057,-61.94211,2.06470132,-3.06710815,0.106352672,0.07277201,0.00614452362,0.0181889012,-0.00038985908,-0.0583627746,-62.2059937,1.90039051,-2.871704,0.115692727,0.0618298724,0.032677725,-0.5217607,0.8661268,1.2280674,1.59077322
247,4.9399982497165533,1444,0,0,0,0,0,-8.627024E-05,0,-0.0009116324,-8.627024E-05,0,-0.0009116324,1,0,0,1,0.0106108626,-0.0258917212,-0.036838688,-0.014036987,-0.00447651232,-0.0010965527,-0.000209199265,-0.0309773386,0.01536966,-0.62008667,2.322914,-1.530304,-0.403268337,0.1493314,0.0169305354,0.014928218,0.006644249,-0.0350703672,4.50890732,0.240480766,-0.949401855,0.162924081,-0.001169065,-0.0262974575,0.0109576145,0.006514445,-0.0357380062,4.301953,-0.113250732,-1.01260376,0.162286416,0.00330111431,-0.005958853,0.0242960788,0.0109773725,-0.0350609124,9.935635,0.164381549,-0.968994141,0.0067473785,0.0140707213,-0.0281466376,0.0135568073,0.011153996,-0.03576661,9.725787,-0.203582764,-1.03121948,0.007334456,0.011756123,-0.0100056678,0.02374328,0.005396858,-0.0325948372,-61.7583923,2.401284,-3.32833862,0.156681269,0.114010774,-0.0791315958,0.0144782159,0.006143883,-0.0339682326,-61.99826,2.11355519,-3.06311035,0.149068341,0.07385463,-0.02097154,-0.522241354,0.8665134,1.22627151,1.58975577
248,4.9599982426303857,1445,0,0,0,0,0,-8.627024E-05,0,-0.0009116324,-8.627024E-05,0,-0.0009116324,1,0,0,1,0.0107652284,-0.0166325718,-0.0239292681,-0.0207568184,-0.005840414,-0.00149879558,0.01274832,-0.0313949,0.047826156,-0.725982666,2.46382737,-1.56625366,-0.239765927,0.06294541,-0.024779439,0.0121803377,0.0109321475,-0.0221366119,4.53870726,0.249199912,-0.9672241,0.127713278,0.00588950841,-0.0126297167,0.00955993,0.0109535754,-0.02291542,4.3312397,-0.099823,-1.0145874,0.127626449,0.008655081,0.0007671099,0.0156715065,0.009807512,-0.0199620388,9.962069,0.187706292,-0.9842529,-0.01580445,0.01646917,-0.01468108,0.008713098,0.0100745708,-0.0211286731,9.752395,-0.177825928,-1.03256226,-0.015354149,0.0152320154,-0.002969239,0.0132412026,0.00480856,-0.0176283568,-61.72943,2.57372,-3.44467163,0.07945717,0.0544996262,-0.0704985857,0.00735140126,0.004900053,-0.0177209023,-61.9472961,2.19497657,-3.11193848,0.10576915,0.0316024125,-0.04108437,-0.522410154,0.86662674,1.22646713,1.59002388
249,4.9799982355442172,1445,0,0,0,0,0,-8.627024E-05,0,-0.0009116324,-8.627024E-05,0,-0.0009116324,1,0,0,1,0.0112861916,0.159125626,-0.0141348848,-0.00364442938,-0.003963677,-0.0007404727,-0.003948942,0.00209624879,0.0319621824,-1.59841919,2.70600677,-1.54391479,-0.8523539,0.143832445,0.0391860157,0.0111375963,0.16522646,-0.0126084611,4.47778463,0.263526738,-0.9653015,0.02313371,0.0116720591,-0.00597342,0.009748009,0.165306434,-0.0136828721,4.271283,-0.08163452,-1.00360107,0.0241948962,0.0142984483,0.00125519931,0.008998338,0.110668361,-0.0250676889,9.878996,0.2119125,-0.9790039,-0.13136366,0.0172478687,0.003771712,0.005983769,0.1110636,-0.02558407,9.670067,-0.152496338,-1.0213623,-0.130647689,0.0181855541,0.00820303,0.0057468717,0.0546467565,-0.04306137,-61.1053467,2.5178988,-3.28778076,0.5117562,0.0412836745,-0.005649369,0.00446992833,0.05440914,-0.04358601,-61.31781,2.126807,-2.962616,0.5263356,0.0334719941,-8.241087E-05,-0.5225675,0.8631189,1.22666955,1.58832276
250,4.9999982284580495,1447,0,0,0,0,0,-8.627024E-05,0,-0.0009116324,-8.627024E-05,0,-0.0009116324,1,0,0,1,0.009641077,0.241048455,-0.009485651,0.0103735318,-0.00214520749,-7.13982154E-05,0.0144046778,0.0302679483,0.0261702146,-2.51785278,2.68086839,-1.58026123,-1.00540876,-0.0574518554,0.004436776,0.0076829,0.2256741,-0.0114322631,4.295885,0.276387662,-0.9595032,-0.0581567064,0.008581309,0.006004259,0.0076054004,0.225946814,-0.0119873062,4.090313,-0.0626831055,-0.9959717,-0.0565767959,0.0138827506,0.006813486,0.004467991,0.112525508,-0.0194626134,9.528781,0.222186819,-0.972991943,-0.2912253,0.0103808735,0.005238118,0.00462310435,0.113252722,-0.0203958489,9.320813,-0.1322937,-1.01333618,-0.290099651,0.0181570873,0.00550460257,0.00188781112,0.0286499634,-0.01514443,-60.6685181,2.41044068,-3.110962,0.3019961,0.012607865,0.07373504,0.00118874339,0.0285512488,-0.0161638316,-60.8609619,2.070071,-2.83258057,0.31477055,0.06728392,0.08111931,-0.522748232,0.8616468,1.2225771,1.58442283
251,5.0199982213718819,1454,0,0,0,0,0,-8.627024E-05,0,-0.0009116324,-8.627024E-05,0,-0.0009116324,1,0,0,1,0.008487612,0.249818549,-0.005968379,0.015775336,-0.001077736,0.000246773,0.0187845044,0.03406381,0.006448962,-3.31576538,2.72051239,-1.57785034,-0.9252185,-0.139376432,-0.0291196257,0.005942547,0.21925889,-0.009951399,4.070578,0.280548632,-0.9479675,-0.1242204,0.00109889172,0.009986367,0.00643048249,0.219908923,-0.0102473367,3.867923,-0.04763794,-0.985199,-0.120934218,0.010771418,0.008306485,8.852128E-05,0.109613046,-0.0172938816,9.184853,0.22246936,-0.95980835,-0.283401221,-0.0003779498,0.0128198974,0.001632374,0.11088255,-0.017949,8.97936,-0.117004395,-1.00024414,-0.281674325,0.01263297,0.0115065025,-0.00491731474,0.025376536,-0.00643839035,-60.38855,2.23789787,-2.91091919,0.2204217,-0.004680462,0.06889311,-0.00334793376,0.0262982287,-0.00724330451,-60.5879822,1.92486179,-2.62701416,0.227653012,0.0202046037,0.07936028,-0.52278614,0.858483434,1.22204483,1.58230615
252,5.0399982142857143,1461,0,0,0,0,0,-8.627024E-05,0,-0.0009116324,-8.627024E-05,0,-0.0009116324,1,0,0,1,0.008552181,0.210375085,-0.00625633541,0.0157852024,0.000410294218,0.000490110251,0.0108755808,0.0255630612,-0.0049950867,-3.99102783,2.62252378,-1.6517334,-0.6442539,-0.0245366078,0.01905307,0.00402925024,0.1798708,-0.0105715441,3.88269281,0.2751939,-0.924713135,-0.124035873,-0.007513685,0.0222427361,0.004728163,0.180810019,-0.0104917446,3.6854682,-0.0399169922,-0.9642029,-0.119324036,0.00410610065,0.0195748582,-0.004253113,0.100157119,-0.0158957,8.928386,0.2082918,-0.938964844,-0.207054332,-0.0125144925,0.0197160076,-0.00202137465,0.10181728,-0.0161353834,8.725122,-0.116363525,-0.9814453,-0.2048842,0.0008790605,0.01711688,-0.006733733,0.03057318,0.00387638621,-60.0202942,2.06440234,-2.7555542,0.352587938,-0.0619919524,0.0183765553,-0.004442516,0.0318869,0.00381489052,-60.2026367,1.78533041,-2.49261475,0.360870868,-0.0380687676,0.02092423,-0.522784531,0.856889,1.22185326,1.58129311
253,5.0599982071995466,1469,0,0,0,0,0,-8.627024E-05,0,-0.0009116324,-8.627024E-05,0,-0.0009116324,1,0,0,1,0.008562632,0.167213812,-0.007315151,0.01349057,0.001163031,0.000551879057,0.008673398,0.1624314,-0.009829031,-4.07827759,2.55738449,-1.62667847,0.05929937,-0.07256621,0.0123034343,0.00326439668,0.135939017,-0.0116955014,3.722693,0.262429476,-0.8933716,-0.132443324,-0.0136006307,0.0271021128,0.00400516158,0.137573883,-0.0113805849,3.53539658,-0.0369567871,-0.9353943,-0.124039188,0.000311775133,0.0243827309,-0.006480435,0.0896012038,-0.01538541,8.78479,0.18693991,-0.9098816,-0.117084309,-0.0210082587,0.02470736,-0.004077999,0.0925401151,-0.0151215829,8.585975,-0.119995117,-0.95513916,-0.1130687,-0.005381953,0.02198027,-0.0076539265,0.03920636,0.009726026,-59.53476,1.8918792,-2.62564087,0.431217521,-0.0698342547,0.022562,-0.00524894334,0.0410926081,0.0106515456,-59.6944275,1.6487639,-2.38604736,0.450799227,-0.0467354842,0.0232456,-0.522783339,0.85698384,1.222106,1.58153939
254,5.0799982001133781,1475,0,0,0,0,0,-8.627024E-05,0,-0.0009116324,-8.627024E-05,0,-0.0009116324,1,0,0,1,0.008316149,0.1357256,-0.008662122,0.005941132,0.00201890548,0.0004901688,0.0100535965,0.123489648,-0.0125419507,-3.98995972,2.46138144,-1.60656738,0.06502667,-0.0835223347,0.0143353641,0.00241850177,0.105205111,-0.0124532348,3.558722,0.245993242,-0.8580322,-0.142773062,-0.0164428577,0.0314447545,0.00289036753,0.108111776,-0.01184529,3.38870215,-0.03491211,-0.9012146,-0.12785393,3.856048E-05,0.030221194,-0.00838275,0.07390007,-0.01571035,8.685791,0.1732883,-0.8764343,-0.08425094,-0.01756841,0.0291885026,-0.00709641539,0.0793906,-0.0149856927,8.496195,-0.104919434,-0.921936035,-0.07629062,0.00604257,0.02946939,-0.0117520876,0.0359588824,0.008251545,-59.0773926,1.778059,-2.52542114,0.395003527,-0.0207453761,0.02575342,-0.0118979737,0.03957005,0.0106713707,-59.19333,1.62062883,-2.33013916,0.436540663,-0.0008416511,0.0198550839,-0.5228517,0.8567857,1.222497,1.58175683
255,5.0999981930272105,1483,0,0,0,0,0,-8.627024E-05,0,-0.0009116324,-8.627024E-05,0,-0.0009116324,1,0,0,1,0.008077863,0.109895825,-0.009857085,-0.00107685919,0.00277931523,0.0004274128,0.0111976229,0.08832375,-0.0157195237,-3.89016724,2.35238862,-1.578064,0.09388997,-0.09461084,0.0212091953,0.00165262655,0.07744813,-0.0133810174,3.37100363,0.227131352,-0.818664551,-0.165436521,-0.0186335575,0.0351897776,0.00171726686,0.0823975354,-0.0124054337,3.229961,-0.0329284668,-0.8600464,-0.140301645,-0.0007173307,0.0361224636,-0.009801485,0.05125995,-0.016158931,8.590987,0.147429034,-0.840179443,-0.0806457549,-0.0235800613,0.0313852131,-0.009746604,0.0604374073,-0.01496772,8.415369,-0.112640381,-0.8825073,-0.06785736,-0.009107612,0.03303591,-0.0122644715,0.0244240686,0.003254443,-58.7689819,1.64658964,-2.409546,0.262604862,-0.0206473134,0.0363517962,-0.0123671638,0.0307553075,0.007505792,-58.8068848,1.46981633,-2.209076,0.331755728,-0.0336240865,0.0284561366,-0.522839248,0.858654261,1.22309256,1.58322561
256,5.1199981859410428,1491,0,0,0,0,0,-8.627024E-05,0,-0.0009116324,-8.627024E-05,0,-0.0009116324,1,0,0,1,0.0078479,0.0886747763,-0.0107673844,-0.007123921,0.003257847,0.000344680855,0.0126526468,0.0595085919,-0.0179007612,-3.75244141,2.23056,-1.53881836,0.125299528,-0.105163425,0.029381685,0.0010337584,0.0492269136,-0.0146316309,3.1359396,0.2054466,-0.776641846,-0.211726263,-0.02080751,0.03755798,0.00104134344,0.05715703,-0.0132421758,3.04029322,-0.0335693359,-0.815856934,-0.171767086,-0.00253581256,0.0388483331,-0.0100850277,0.0212236773,-0.0172334462,8.478199,0.118800804,-0.8040161,-0.09582539,-0.0288311616,0.0304170046,-0.0107461885,0.03497578,-0.0160826519,8.323721,-0.119750977,-0.8425598,-0.07819886,-0.00691826642,0.0347218551,-0.009049073,0.00670365151,-0.00402382528,-58.65869,1.52718711,-2.34390259,0.07776459,-0.0457971729,0.0378110223,-0.0137278633,0.014820978,-0.00137806265,-58.6253357,1.35684013,-2.09902954,0.15740411,-0.0146591309,0.03805182,-0.522881567,0.859829068,1.2235539,1.5842334
257,5.1399981788548752,1498,0,0,0,0,0,-8.627024E-05,0,-0.0009116324,-8.627024E-05,0,-0.0009116324,1,0,0,1,0.00765593676,0.07136049,-0.0111114793,-0.0108097466,0.00393661158,0.000357958954,0.0142985024,0.035389062,-0.01954436,-3.57931519,2.0982008,-1.48812866,0.15508604,-0.11364679,0.03833761,0.001427221,0.0198414661,-0.0162141565,2.83108163,0.181997851,-0.737060547,-0.279132068,-0.0212000627,0.0354620963,0.0005522397,0.03081398,-0.0142972739,2.797823,-0.035369873,-0.7692261,-0.224047452,-0.00332158431,0.04117581,-0.009468891,-0.0135592083,-0.01757397,8.334904,0.0943765938,-0.7685852,-0.118553437,-0.0282382723,0.0308482964,-0.0111769959,0.004235589,-0.01635458,8.205322,-0.12789917,-0.8006897,-0.0975267962,-0.0146131832,0.03436981,-0.009539964,-0.01171438,-0.00530919246,-58.6925964,1.331951,-2.1645813,-0.08814938,-0.03350639,0.0713792741,-0.009582151,-0.00207676226,-0.00261470047,-58.56897,1.23712492,-2.0569458,0.0221659839,-0.06261973,0.0186677277,-0.522945344,0.8607496,1.22388828,1.58501232
258,5.1599981717687076,1506,0,0,0,0,0,-8.627024E-05,0,-0.0009116324,-8.627024E-05,0,-0.0009116324,1,0,0,1,0.00753520057,0.05733496,-0.0105729448,-0.0112670995,0.00458743563,0.000452478882,0.0160114858,0.0155508285,-0.0201807,-3.373169,1.95848489,-1.42648315,0.182616413,-0.119422942,0.04714328,0.00121780881,-0.007990163,-0.0175687876,2.45381856,0.156367719,-0.6984558,-0.349347234,-0.0215737112,0.0367625877,0.00112455687,0.005741542,-0.0150831724,2.49680829,-0.0385437,-0.725585938,-0.280516118,-0.00339024141,0.03857368,-0.0101792235,-0.05282996,-0.0211348068,8.154247,0.06787708,-0.7321472,-0.157272249,-0.0191906113,0.0336409546,-0.009803687,-0.0273335371,-0.0172894578,8.062991,-0.132904053,-0.7611389,-0.120499767,-0.0132696889,0.03323309,-0.0126541145,-0.04084933,-0.0273998659,-59.20117,1.36025643,-2.160736,-0.414788932,-0.01326579,0.03699301,-0.009581213,-0.0221376475,-0.0135391848,-58.8238525,1.08024573,-1.93688965,-0.2116357,-0.0347128063,0.0607474223,-0.522983134,0.861851335,1.2240783,1.58577013
259,5.179998164682539,1514,0,0,0,0,0,-8.627024E-05,0,-0.0009116324,-8.627024E-05,0,-0.0009116324,1,0,0,1,0.00747162942,0.0462508537,-0.009457308,-0.00700912345,0.00517283753,0.0006608949,0.0176814012,-0.000133709982,-0.0201548263,-3.13677979,1.814807,-1.35495,0.207708523,-0.122358441,0.0552994236,-8.838251E-05,-0.03844457,-0.0196621064,1.989716,0.134674385,-0.6526184,-0.438920826,-0.0164124966,0.0440077931,0.0005194039,-0.0193034671,-0.0162299443,2.13591,-0.0415344238,-0.6813965,-0.3430364,-0.000941094,0.04219766,-0.016832944,-0.1078502,-0.0264100712,7.889152,0.08992386,-0.677490234,-0.2276674,0.00235040486,0.04988443,-0.013466021,-0.06720856,-0.0205366649,7.871518,-0.107391357,-0.7142029,-0.16235882,0.024193339,0.044866316,-0.0255133919,-0.08191893,-0.05365993,-60.1873169,1.51471233,-2.21453857,-0.848728657,0.0278521255,0.02815588,-0.0220765881,-0.0515539944,-0.0305903554,-59.3824158,1.38782322,-2.09030151,-0.491766,0.0490249544,0.0216835476,-0.523014247,0.862653136,1.22408783,1.5862236
260,5.1999981575963714,1520,0,0,0,0,0,-8.627024E-05,0,-0.0009116324,-8.627024E-05,0,-0.0009116324,1,0,0,1,0.00739371544,0.0376409143,-0.007777677,0.00354853179,0.005405123,0.0009769946,0.0191628467,-0.0117973853,-0.0197700039,-2.87359619,1.67039335,-1.27514648,0.229885429,-0.122649491,0.06228081,-0.00216307025,-0.07201695,-0.02285181,1.41991985,0.118352495,-0.593505859,-0.5452622,-0.012646202,0.0542529635,-0.0008753449,-0.0455008931,-0.0180854928,1.70797372,-0.03982544,-0.626312256,-0.412345022,0.00251240656,0.04911815,-0.0245069824,-0.175795764,-0.0331320837,7.517483,0.0795907453,-0.604126,-0.319199353,-0.0195447467,0.06262495,-0.0194925219,-0.11468222,-0.02507563,7.618563,-0.0915527344,-0.6479187,-0.217036977,-0.00674460828,0.0546676554,-0.0313921645,-0.134800479,-0.08472108,-61.81485,1.40502727,-2.091217,-1.39538646,0.00778263062,0.056852363,-0.0255706739,-0.08612904,-0.05594326,-60.4715271,1.20007253,-1.90094,-0.913910747,-0.00411804,0.0551329181,-0.523077667,0.8630333,1.22402215,1.58640063
261,5.2199981505102038,1520,0,0,0,0,0,-8.627024E-05,0,-0.0009116324,-8.627024E-05,0,-0.0009116324,1,0,0,1,0.007282142,0.0312186442,-0.00580862351,0.0218407381,0.00540520065,0.00145681808,0.0203624424,-0.0195671618,-0.0192654151,-2.58758545,1.52813256,-1.18890381,0.248890519,-0.120604455,0.0678857341,-0.004330246,-0.10311304,-0.0270170644,0.757361054,0.105652481,-0.522338867,-0.636283159,-0.0100191273,0.06461616,-0.0025829915,-0.0740379,-0.0212804954,1.2068423,-0.0378417969,-0.5625305,-0.4904433,0.00285978615,0.0569598,-0.0320610628,-0.226178288,-0.041281715,7.07777548,0.08201464,-0.5170288,-0.364601254,-0.008330785,0.07732795,-0.02539638,-0.175923139,-0.0321873948,7.274032,-0.078704834,-0.5720215,-0.294552177,0.00179545954,0.065684624,-0.0431473553,-0.176902846,-0.08945698,-63.9260254,1.44740582,-2.11938477,-1.75918436,0.0114525072,0.027897,-0.03351144,-0.136790991,-0.08486053,-62.0929565,1.17540693,-1.85101318,-1.39076149,0.007707782,0.04256874,-0.5233334,0.862885,1.224211,1.58655
262,5.2399981434240361,1521,0,0,0,0,0,-8.627024E-05,0,-0.0009116324,-8.627024E-05,0,-0.0009116324,1,0,0,1,0.00710707065,0.0271891281,-0.003899145,0.04752178,0.005164704,0.00208806759,0.0212135054,-0.0232569035,-0.0192725733,-2.28326416,1.3904686,-1.0982666,0.264001638,-0.1166014,0.0718952939,-0.006848469,-0.112734728,-0.0297272447,0.131224275,0.09865114,-0.437561035,-0.617574632,-0.006937012,0.076846756,-0.004440901,-0.0997361541,-0.02561903,0.643581152,-0.03253174,-0.488769531,-0.552958131,0.005035091,0.06509384,-0.0408474654,-0.181763947,-0.03590159,6.82002,0.08655693,-0.4099121,-0.207670361,-0.0001565665,0.09491919,-0.0320058279,-0.216736034,-0.0400054269,6.886437,-0.0579834,-0.482208252,-0.318935663,0.005923167,0.07794734,-0.0570788123,-0.134069651,-0.0382932723,-65.43591,1.67464232,-2.350525,-1.226337,0.03100866,-0.03568256,-0.04293537,-0.171281457,-0.0866713151,-64.10156,1.20343041,-1.87261963,-1.66959381,0.00389590114,0.0217122473,-0.5227777,0.8640412,1.22313237,1.58616412
263,5.2599981363378685,1529,0,0,0,0,0,-8.627024E-05,0,-0.0009116324,-8.627024E-05,0,-0.0009116324,1,0,0,1,0.006837311,0.0259484015,-0.00148031674,0.07856655,0.004325344,0.00275697676,0.0216570683,-0.0226240568,-0.0191754233,-1.96612549,1.25931489,-1.0057373,0.2745472,-0.111091651,0.07398206,-0.0071920827,-0.109515332,-0.03080735,-0.3668213,0.09654439,-0.342407227,-0.5376803,-0.0113137253,0.0769101754,-0.00671553239,-0.1037299,-0.0276184343,0.14146933,-0.0241699219,-0.4050598,-0.5103869,0.00602528453,0.074444145,-0.03682084,-0.127758741,-0.0312258545,6.759166,0.02639762,-0.3034668,-0.0559773967,-0.08062925,0.07919309,-0.0393051952,-0.166489422,-0.03382537,6.693068,-0.0376281738,-0.378082275,-0.152983859,0.0123196989,0.09144778,-0.0242163837,-0.08214888,-0.0223183259,-66.3192444,0.48064214,-1.69070435,-0.668538332,-0.2720768,0.239012569,-0.0547151752,-0.1242518,-0.0367662273,-65.46155,1.40704036,-2.0847168,-1.09835255,0.02479048,-0.03620604,-0.52250576,0.8647487,1.22255588,1.58601558
264,5.2799981292517009,1537,0,0,0,0,0,-8.627024E-05,0,-0.0009116324,-8.627024E-05,0,-0.0009116324,1,0,0,1,0.006583775,0.0275095236,0.00180152943,0.114691533,0.00393789727,0.00362874265,0.0217359588,-0.0177582838,-0.0183265656,-1.64050293,1.13610876,-0.9126587,0.281466216,-0.104420461,0.07487889,-0.004043618,-0.105341457,-0.031258706,-0.7298889,0.08559689,-0.272338867,-0.457439482,-0.017629806,0.06052063,-0.006698487,-0.09560408,-0.02747592,-0.215209961,-0.0132751465,-0.313079834,-0.411147267,0.001163803,0.07367524,-0.0247536153,-0.0931300744,-0.0273073,6.825153,0.00416873442,-0.238616943,0.047941383,-0.0104619749,0.05980304,-0.0348505862,-0.1088571,-0.0278772153,6.70128727,-0.07775879,-0.275939941,0.00377072464,-0.0634580553,0.07615842,-0.0315650627,-0.05659769,-0.0174886938,-66.72296,0.566613853,-1.81271362,-0.2543793,0.138903141,0.0207221955,-0.0238251649,-0.06995349,-0.0201744027,-66.1577148,0.30618307,-1.47674561,-0.5194137,-0.244420618,0.216989785,-0.522248864,0.8658781,1.22209918,1.58619523
265,5.2999981221655323,1545,0,0,0,0,0,-8.627024E-05,0,-0.0009116324,-8.627024E-05,0,-0.0009116324,1,0,0,1,0.00643948838,0.0314959064,0.0055139903,0.157677487,0.004161805,0.0047774436,0.0215750784,-0.009077273,-0.01725969,-1.30877686,1.02182734,-0.8206787,0.2865275,-0.097008,0.07444671,-0.00231935456,-0.103397205,-0.03244415,-0.9739075,0.08209866,-0.207550049,-0.38817203,-0.012555927,0.05295361,-0.002939123,-0.08801219,-0.0274321977,-0.422668457,-0.0116577148,-0.246124268,-0.313792378,-0.0058456026,0.0560569279,-0.02023894,-0.0785272345,-0.0282831453,6.966565,0.026868429,-0.1720581,0.109721914,-0.02569794,0.0524528921,-0.0210130811,-0.07011579,-0.0232343972,6.84910536,-0.0884094238,-0.215911865,0.120022334,-0.006812386,0.0537429266,-0.007980231,-0.0476818867,-0.0183192734,-67.00412,0.0359098539,-1.5369873,-0.09374279,-0.149385884,0.206571192,-0.0260180384,-0.0385126062,-0.0136071891,-66.26181,0.196699,-1.42047119,-0.0619488135,0.125000045,0.0482886,-0.521936,0.8675128,1.221667,1.58665252
266,5.3199981150793647,1551,0,0,0,0,0,-8.627024E-05,0,-0.0009116324,-8.627024E-05,0,-0.0009116324,1,0,0,1,0.00641134661,0.0374104828,0.009517653,0.2096276,0.004941945,0.006250064,0.0212236661,0.00299576484,-0.0165125914,-0.9717102,0.916942358,-0.731140137,0.29113704,-0.08924558,0.07277433,0.0006110871,-0.103791125,-0.03468015,-1.1114502,0.0745338351,-0.159973145,-0.3241247,-0.0133975912,0.04119635,-0.0005235411,-0.08377336,-0.0284493081,-0.49798584,-0.00720214844,-0.188751221,-0.226543054,-0.00359767675,0.0468999781,-0.0125765093,-0.0773738846,-0.0308081079,7.15689,0.02956849,-0.129882813,0.1519333,0.0120726749,0.0431380235,-0.0152567159,-0.0580968447,-0.02461623,7.073804,-0.0691223145,-0.1595459,0.180458635,-0.0152347945,0.04577264,-0.0184017345,-0.0594044328,-0.03442751,-67.5020752,0.263978541,-1.64367676,-0.153929427,0.193558112,0.0864538848,-0.005439071,-0.03657236,-0.0180556662,-66.4224854,-0.165435791,-1.27371216,0.02722712,-0.107422054,0.16862312,-0.5217541,0.870191455,1.22156656,1.58798158
267,5.3399981079931971,1558,0,0,0,0,0,-8.627024E-05,0,-0.0009116324,-8.627024E-05,0,-0.0009116324,1,0,0,1,0.006465227,0.0450009555,0.0135503765,0.271877855,0.00599579141,0.008033206,0.0207013115,0.0182795413,-0.01658132,-0.6289978,0.8215041,-0.6453552,0.2960784,-0.08148392,0.06989931,0.001745922,-0.107571557,-0.0387481228,-1.147522,0.07480546,-0.112060547,-0.2672155,-0.006483864,0.0393760353,0.00250596344,-0.0845425,-0.0313573,-0.463165283,-0.0071105957,-0.146789551,-0.154326767,-0.005781103,0.03570513,-0.0135820173,-0.0759919956,-0.02998957,7.41298,0.04479592,-0.07507324,0.219753,0.0108666271,0.05043339,-0.00552904233,-0.05537586,-0.0285655931,7.36382532,-0.06295776,-0.127380371,0.241175845,0.012340527,0.0311634522,-0.0195445027,-0.05055948,-0.0223506037,-67.49042,-0.020324707,-1.24163818,0.03379188,0.190985292,0.146160856,-0.00684186257,-0.0425682627,-0.03298873,-66.65485,0.05636264,-1.40786743,0.0475664958,0.170617431,0.07822651,-0.5213138,0.8734529,1.22128844,1.58941293
268,5.3599981009070294,1567,0,0,0,0,0,-8.627024E-05,0,-0.0009116324,-8.627024E-05,0,-0.0009116324,1,0,0,1,0.00654011825,0.0539140664,0.0180325937,0.344378471,0.006849471,0.0100397058,0.0200280026,0.03648086,-0.017133411,-0.2808838,0.735203862,-0.5647278,0.3009811,-0.0739954859,0.06590287,0.00136431074,-0.109072536,-0.0432536528,-1.06826782,0.08041863,-0.06048584,-0.187238663,-0.007097427,0.045240555,0.00444173673,-0.0885359943,-0.0356313772,-0.323059082,-0.003753662,-0.112243652,-0.08678736,-0.00169193558,0.02984332,-0.014729823,-0.07385651,-0.0326377526,7.758925,0.02613061,-0.009918213,0.292542726,-0.0180363916,0.0515500046,-0.00315544219,-0.0555017069,-0.0291294288,7.73385572,-0.0391235352,-0.0919189453,0.317461133,0.005871877,0.0311895944,-0.0128321834,-0.0500429645,-0.0144249182,-67.51431,0.053896267,-1.57913208,0.156715646,0.116689049,0.0806624144,-0.00172277819,-0.0384484753,-0.0265305638,-66.53076,0.144291714,-1.51525879,0.195988864,0.18094,0.113803521,-0.5209085,0.8781322,1.22134519,1.59190011
269,5.3799980938208618,1575,0,0,0,0,0,-8.627024E-05,0,-0.0009116324,-8.627024E-05,0,-0.0009116324,1,0,0,1,0.006565941,0.06420234,0.0231707413,0.426424265,0.007782102,0.012299398,0.0191911515,0.05755087,-0.0175711066,0.07210537,0.657474,-0.489654541,0.305609375,-0.06697659,0.0614394,0.00241191452,-0.110570721,-0.04822795,-0.863983154,0.09070525,-0.00689697266,-0.09726684,-0.006092511,0.04412011,0.005227495,-0.0915191546,-0.0403351039,-0.06997681,0.00191853358,-0.0770568848,-0.004299222,-0.0001746621,0.0299310721,-0.0110773295,-0.06535489,-0.03774446,8.217766,0.06433095,0.046917282,0.3917897,0.0139770173,0.04808309,-0.002519862,-0.0582816,-0.03381729,8.195229,-0.0241394043,-0.0538330078,0.390971869,0.005042672,0.0329856053,-0.0135001251,-0.0454919264,-0.02190018,-67.43805,0.111951247,-1.65548706,0.3342287,0.166485518,0.114559889,-0.000119389384,-0.047638718,-0.0348333567,-66.57956,0.21696277,-1.61471558,0.1889769,0.157192439,0.122553542,-0.520558953,0.884504557,1.22180319,1.59566069
270,5.3999980867346933,1582,0,0,0,0,0,-8.627024E-05,0,-0.0009116324,-8.627024E-05,0,-0.0009116324,1,0,0,1,0.006566735,0.0762252361,0.0285048839,0.5170758,0.00881823152,0.0147917038,0.01825668,0.08180991,-0.0182955414,0.42970106,0.587616265,-0.420379639,0.3099516,-0.0605240762,0.0567212664,0.003516593,-0.111444652,-0.0542598031,-0.5236511,0.107124448,0.0466064252,0.00170828262,0.000220384449,0.04298329,0.00601365929,-0.096345216,-0.04658147,0.296533853,0.0108326664,-0.04168701,0.07470593,0.00136372447,0.030280279,-0.013493265,-0.06291979,-0.0440034866,8.784009,0.1259872,0.113707736,0.481458664,0.0276804417,0.0607294142,-0.00200273329,-0.056485448,-0.0386413261,8.766731,0.00270716776,-0.010345459,0.492056459,0.00283328444,0.0354105234,-0.0238703154,-0.0487752557,-0.0427550673,-67.34845,-0.00357055664,-1.49768066,0.267738968,0.223647952,0.0936885,0.00243309443,-0.0420411564,-0.03608201,-66.26892,0.286292464,-1.75985718,0.377419144,0.176159069,0.158244088,-0.5202483,0.892748,1.2227149,1.60084009
271,5.4199980796485256,1589,0,0,0,0,0,-8.627024E-05,0,-0.0009116324,-8.627024E-05,0,-0.0009116324,1,0,0,1,0.00651452644,0.09016385,0.03402967,0.6148905,0.009923639,0.0174722187,0.0172643755,0.1094666,-0.0193197951,0.790927231,0.52492857,-0.356903076,0.313401818,-0.0546220578,0.0519841872,0.002879358,-0.113932647,-0.0619181469,-0.05545044,0.132674411,0.110217713,0.09415174,0.00303017348,0.0506529026,0.006623466,-0.09919659,-0.0537105873,0.78319,0.0226612538,-0.00256347656,0.165603817,0.00196228921,0.03162772,-0.0178337749,-0.0581240579,-0.0505511872,9.470279,0.169341788,0.200090274,0.5907416,0.02257108,0.0722549558,-0.00108175771,-0.0562199354,-0.0455277637,9.455639,0.0238770675,0.0346011072,0.5895579,0.0033743307,0.0364896171,-0.0267837532,-0.0414997265,-0.048278898,-66.9924,-0.24697876,-1.229065,0.424041331,0.206675008,0.12286374,0.00373599865,-0.04635346,-0.0454060845,-66.05301,0.245340213,-1.77008057,0.436674356,0.157344863,0.17571786,-0.5199755,0.903048635,1.22417009,1.6076268
272,5.439998072562358,1596,0,0,0,0,0,-8.627024E-05,0,-0.0009116324,-8.627024E-05,0,-0.0009116324,1,0,0,1,0.0063832663,0.106254846,0.039803084,0.718054831,0.0109242862,0.0202558655,0.01620624,0.140639633,-0.0203080364,1.153965,0.4687464,-0.299194336,0.315374851,-0.0492348373,0.04723007,0.00186883647,-0.1147996,-0.07053824,0.542391,0.1652462,0.185217917,0.191475213,0.00204566121,0.05975855,0.00752369175,-0.102455541,-0.06221328,1.38912618,0.03652269,0.0358594954,0.251158357,0.00219793618,0.0310543049,-0.021372,-0.05889875,-0.0584355,10.2703819,0.204490855,0.296917528,0.685541332,0.0208405256,0.08022103,0.000389508437,-0.05314566,-0.0526472442,10.2696314,0.05098809,0.08151271,0.702395141,0.00353542343,0.0369891226,-0.02857586,-0.04700383,-0.0572431423,-66.68732,-0.270111084,-1.28475952,0.4744997,0.210126951,0.09749578,0.0062415963,-0.04022988,-0.04915336,-65.4731445,0.25773862,-1.84136963,0.648161769,0.195865139,0.205919474,-0.519732058,0.915583849,1.22627735,1.61622131
273,5.45999806547619,1599,0,0,0,0,0,-8.627024E-05,0,-0.0009116324,-8.627024E-05,0,-0.0009116324,1,0,0,1,0.00622272538,0.124712095,0.0459105521,0.8245015,0.0119932927,0.02312774,0.0153454542,0.175500244,-0.02077089,1.51671,0.418449253,-0.247253418,0.3153455,-0.04447306,0.04291565,0.00183623552,-0.116290048,-0.08053477,1.25737572,0.205897123,0.269950241,0.276799828,0.00282642245,0.06408021,0.00823717751,-0.103325196,-0.07147153,2.11223841,0.0520595945,0.07744316,0.340143263,0.001834657,0.03153275,-0.0226677135,-0.05419895,-0.06795799,11.1978817,0.2817503,0.404316127,0.8004411,0.0363593847,0.08739748,0.00184446492,-0.0547936559,-0.0622895733,11.1989651,0.070216924,0.128055319,0.797480762,0.00280560553,0.0368180126,-0.0307790674,-0.04041297,-0.06676041,-66.0567,-0.509796143,-1.03790283,0.6756375,0.229139626,0.153504848,0.008409465,-0.0477271527,-0.06227246,-65.04315,0.147578791,-1.785614,0.682562947,0.175748318,0.219838917,-0.519912958,0.9295989,1.22922182,1.62648392
274,5.4799980583900227,1599,0,0,0,0,0,-8.627024E-05,0,-0.0009116324,-8.627024E-05,0,-0.0009116324,1,0,0,1,-0.003960999,0.220077932,0.09253158,0.6281482,-0.01867916,0.0104961675,0.010308777,0.261674047,0.03803131,1.80330765,0.3767036,-0.223754883,0.251431167,-0.0484174,0.0251401141,-0.0103916079,0.0188691616,-0.00566650927,1.793552,0.236514613,0.275416434,0.101656646,-0.0132532371,0.009844988,-0.00193307549,0.031465,-0.003599815,2.65025282,0.0562257,0.0321725868,0.155882,-0.00887535,-0.0318178535,-0.0270150881,-0.0351464674,-0.0204799958,11.4806118,0.3222603,0.465627223,0.286436975,0.02270421,0.03701762,0.00402645627,-0.0287884772,-0.01689753,11.4994411,0.0748121738,0.118590161,0.307534724,-0.003145162,-0.0242525786,-0.0324834362,-0.0828477,-0.0591697879,-66.2833252,-0.151306152,-1.45922852,0.09921291,0.24965024,0.09539062,0.0120599624,-0.07318662,-0.0468598753,-64.90277,0.11425136,-1.77813721,0.314745545,0.241768852,0.22268036,-0.5195458,0.9371731,1.23048615,1.63166094
275,5.4999980513038542,1602,0,0,0,0,0,-8.627024E-05,0,-0.0009116324,-8.627024E-05,0,-0.0009116324,1,0,0,1,-0.00251100678,0.305516,0.140763909,0.4972309,-0.000921497354,0.0120422523,0.00069798436,0.328203559,0.09374038,2.07806563,0.327422023,-0.14956665,0.240639389,-0.0490981527,0.0537996143,-0.0150810592,0.108274966,0.0507308841,1.9932996,0.272265255,0.371389955,-0.116626218,-0.0168531276,0.06942036,-0.00528459856,0.121694393,0.0566335,2.86165977,0.062420547,0.0571900234,-0.05325557,-0.009072982,0.0204022136,-0.0310805328,-0.00429352745,0.03306576,11.4992523,0.359061956,0.5027997,0.00340992888,0.0222674534,0.0413401276,-0.00237733824,0.00125745311,0.03587453,11.5370779,0.08294374,0.09196404,0.0170576945,-0.00219682371,-0.008518682,-0.0197175816,-0.07804854,-0.0009252466,-66.56232,-0.248901367,-1.46896362,0.191662192,0.225498438,0.2632547,0.01283621,-0.07304534,0.004605364,-65.0480347,0.290353626,-2.07952881,0.3262068,0.264627457,0.1391057,-0.517730355,0.949473739,1.23133874,1.63882279
276,5.5199980442176866,1609,0,0,0,0,0,-8.627024E-05,0,-0.0009116324,-8.627024E-05,0,-0.0009116324,1,0,0,1,-0.00513845449,0.3593576,0.169563875,0.5189166,0.00120531814,0.0131730959,0.00287002744,0.372953027,0.121926442,2.405938,0.291661024,-0.115264893,0.304605871,-0.0344353728,0.0310078245,-0.0112797366,0.1336357,0.06667794,2.141574,0.3038366,0.433844477,-0.240990371,-0.00936369,0.0430833064,-0.00306688971,0.146512419,0.07372202,3.01465416,0.06882327,0.06346957,-0.178399056,-0.0008061582,0.00218698,-0.03121149,0.0136330388,0.0497698337,11.520503,0.4077971,0.576697,0.0156761538,0.0158117078,0.05638045,-0.00614193454,0.01867408,0.056326434,11.5742931,0.118742481,0.110319912,0.0308557376,0.0158498883,0.0151645895,-0.0169808734,-0.06885548,0.0252354536,-66.68704,-0.383544922,-1.44064331,0.2337551,0.11617364,0.171298236,0.00212944113,-0.06400773,0.0254972819,-65.1335144,0.07606792,-1.69241333,0.216419891,0.199632436,0.14329645,-0.517123461,0.956598043,1.23161745,1.64297843
277,5.5399980371315189,1616,0,0,0,0,0,-8.627024E-05,0,-0.0009116324,-8.627024E-05,0,-0.0009116324,1,0,0,1,-0.007278917,0.403080463,0.1937554,0.5795574,0.00312357722,0.0152290752,4.12496738E-05,0.4164887,0.139887676,2.81645346,0.260084271,-0.07897949,0.371008754,-0.033135362,0.0303641278,-0.009134559,0.151939481,0.07707175,2.22282,0.329200327,0.478233457,-0.26721853,-0.0174332969,0.02646534,-0.00564029161,0.164658636,0.08496567,3.10349941,0.07132777,0.07497205,-0.204450086,-0.007981319,0.009051811,-0.0194107275,0.0112486221,0.0605427474,11.54568,0.411037862,0.6218635,0.0205793213,-0.0144377649,0.0297206473,-0.00485756341,0.0105362721,0.0657032058,11.59925,0.08250596,0.115718812,0.0190509856,-0.01782299,0.00134861469,0.000201141462,-0.06661369,0.025268469,-66.60745,-1.17819214,-0.935516357,0.24962613,0.160889655,0.1748167,0.00963122,-0.06831996,0.0314829051,-65.1099854,0.0856792554,-1.82614136,0.243496671,0.278600276,0.188520253,-0.5166035,0.9643847,1.23212242,1.6477387
278,5.5599980300453513,1623,0,0,0,0,0,-8.627024E-05,0,-0.0009116324,-8.627024E-05,0,-0.0009116324,1,0,0,1,-0.009470261,0.4452111,0.219117448,0.640066862,0.005070346,0.01731025,-0.002922083,0.460182965,0.1574275,3.27994251,0.229959846,-0.0423584,0.4201748,-0.0311062858,0.0305571351,-0.008620508,0.168337479,0.0869122744,2.25871229,0.343775272,0.507474,-0.2986335,-0.0250532422,0.0180216134,-0.00582908,0.17990306,0.09546627,3.14152718,0.0717885047,0.0814226642,-0.240257844,-0.00799145,0.0044034915,-0.008799722,-0.00140213966,0.0622481741,11.5489044,0.422044069,0.6316307,0.00129184185,0.0104427962,0.006993247,-0.00178100634,-0.00220787153,0.06826706,11.6027279,0.08772593,0.113638245,0.00302330917,-0.0018722259,-0.00297738868,0.00980243552,-0.08524242,0.0295201279,-66.56366,-0.793457031,-1.38754272,0.32715404,0.36648035,0.261983544,0.0120118111,-0.08322282,0.03381719,-65.07089,0.175294533,-1.95568848,0.265573084,0.320899755,0.214698732,-0.5161624,0.97296,1.23291409,1.65322471
279,5.5799980229591837,1630,0,0,0,0,0,-8.627024E-05,0,-0.0009116324,-8.627024E-05,0,-0.0009116324,1,0,0,1,-0.0117281508,0.4854371,0.245910048,0.7001846,0.007057866,0.01941486,-0.005734345,0.5040791,0.178204864,3.78209686,0.202799052,-0.00732421875,0.455940872,-0.0283799469,0.0293526687,-0.00653544255,0.184843659,0.09758532,2.25602031,0.351871759,0.519704938,-0.323445439,-0.0225814283,0.002169596,-0.00595124438,0.195757225,0.106904328,3.141413,0.07175182,0.08141647,-0.266709477,-0.006103854,-0.000468424521,-0.00178841408,-0.0148576424,0.06346815,11.5265675,0.445399761,0.624663055,-0.0218385421,0.0234838612,-0.00130055472,-0.000780447444,-0.0150235444,0.07233437,11.583643,0.0947361737,0.110544436,-0.0147280553,-0.000332179945,-0.00311649079,0.008570812,-0.106466666,0.02557057,-66.7791443,-0.733581543,-1.32724,0.256428957,0.43450433,0.3175155,0.0115727941,-0.09868042,0.0382740647,-65.0769043,0.213394329,-2.00180054,0.235420883,0.32262063,0.222552121,-0.5157781,0.9827198,1.23411858,1.65976322
280,5.599998015873016,1635,0,0,0,0,0,-8.627024E-05,0,-0.0009116324,-8.627024E-05,0,-0.0009116324,1,0,0,1,-0.0140164373,0.52045846,0.272228181,0.754283,0.009070946,0.0214022268,-0.008419648,0.573179245,0.207855463,4.154471,0.178403541,0.0251572877,0.346856147,-0.0255459175,0.0276190825,-0.00765394233,0.200267375,0.108200014,2.23468328,0.363754541,0.5245545,-0.340768844,-0.0142581873,0.00249914452,-0.006925919,0.211420119,0.11854174,3.119188,0.07218601,0.07959225,-0.280803263,-0.004608903,-0.00128729548,-0.0104677593,-0.0316176638,0.06274468,11.45985,0.486656547,0.647494,-0.058915507,0.020786304,0.02155934,-0.002438418,-0.0244863257,0.07511145,11.5467844,0.101322167,0.111502238,-0.0310204923,0.00235284865,0.00183901167,0.008717686,-0.128679,0.030075565,-67.00995,-0.395233154,-1.59661865,0.273620427,0.292079628,0.0795323849,0.005571173,-0.1132304,0.0355091766,-65.20587,0.227453783,-1.98651123,0.154043719,0.3380865,0.270398974,-0.515450656,0.9940978,1.23592675,1.66776335
281,5.6199980087868475,1643,0,0,0,0,0,-8.627024E-05,0,-0.0009116324,-8.627024E-05,0,-0.0009116324,1,0,0,1,-0.0162934419,0.5512203,0.298266172,0.803228736,0.0110504013,0.0232758056,-0.0109990984,0.656988859,0.243015945,4.271432,0.1566883,0.05493866,0.0944339558,-0.0224172324,0.02620634,-0.0110509135,0.213320851,0.118362874,2.18505073,0.3794618,0.5431454,-0.361091584,-0.016215,0.0135291386,-0.008890625,0.226278,0.130208686,3.08517361,0.07446048,0.08210067,-0.2896278,-0.00367636234,0.00266791461,-0.0144798029,-0.0371585265,0.06842975,11.3875284,0.5098014,0.6753564,-0.0594760031,0.0197808519,0.0244075377,-0.00700562773,-0.0306129381,0.07721847,11.4964857,0.104177177,0.122597963,-0.0423934,0.00183154736,0.0114302076,0.004871498,-0.134484515,0.0289222766,-67.2939758,0.09885223,-2.02020264,0.147385418,0.303838968,0.0641315,0.000413096044,-0.125098214,0.0292441826,-65.4773254,0.149901479,-1.87954712,0.07420429,0.300053358,0.2753739,-0.5152071,1.00682986,1.238316,1.67707229
282,5.63999800170068,1650,0,0,0,0,0,-8.627024E-05,0,-0.0009116324,-8.627024E-05,0,-0.0009116324,1,0,0,1,-0.0186358783,0.5848456,0.3272341,0.8563441,0.0130475964,0.025278898,-0.0136813559,0.7067346,0.270855039,4.21183729,0.137412,0.08284029,-0.0308897868,-0.0189248286,0.0253845118,-0.013020576,0.231646344,0.130104,2.12499571,0.399044961,0.572974861,-0.364207059,-0.0153064029,0.0179933235,-0.0126765259,0.243297875,0.14252612,3.04028463,0.08066804,0.09752252,-0.297296822,-0.00329264347,0.0160023868,-0.0108095175,-0.016106382,0.06681742,11.3878345,0.5748135,0.6962062,-0.00621577352,0.0278147217,0.0129006524,-0.0149100423,-0.0363691971,0.07666107,11.433342,0.124111407,0.152531117,-0.0569778979,0.009184808,0.0252359454,-0.0187641419,-0.14947468,0.04800131,-67.06644,0.427112818,-2.13876343,-0.340084642,-0.155795366,-0.10923785,0.00396736944,-0.138629526,0.0202164687,-65.85593,0.5686995,-2.2796936,0.0475526229,0.205905676,0.09993574,-0.515074551,1.01980734,1.24093342,1.68677938
283,5.6599979946145123,1658,0,0,0,0,0,-8.627024E-05,0,-0.0009116324,-8.627024E-05,0,-0.0009116324,1,0,0,1,-0.02102362,0.6179402,0.3587306,0.911143959,0.0149852475,0.02732204,-0.0167535283,0.750084043,0.301411361,4.140388,0.120770007,0.1094582,-0.04096282,-0.0169195,0.0242753625,-0.0122854644,0.2514042,0.143994629,2.0640707,0.415059924,0.594875,-0.3588793,-0.0156432837,0.008258658,-0.0153142,0.260548085,0.156530052,2.98550248,0.09276763,0.125514075,-0.302817523,-0.0008904375,0.0231989231,-0.003955213,0.0014693886,0.07967027,11.4366331,0.60363543,0.705293536,0.0472470261,0.0100093577,-0.00279104151,-0.0169051141,-0.03389985,0.08116996,11.3848286,0.162024975,0.18294844,-0.0457171164,0.00962969847,0.0255422238,-0.00635320041,-0.108601168,0.0505538024,-66.2166443,0.203018248,-1.64300537,-0.006270039,-0.05509408,-0.0174863823,-0.0278079472,-0.178384155,0.0513885245,-66.00333,0.858535767,-2.56307983,-0.679931641,-0.204913229,-0.163782626,-0.5149998,1.03620934,1.24497747,1.69968331
284,5.6799979875283446,1666,0,0,0,0,0,-8.627024E-05,0,-0.0009116324,-8.627024E-05,0,-0.0009116324,1,0,0,1,-0.0234181043,0.6489484,0.391539067,0.964550853,0.01692529,0.0293547828,-0.0197440833,0.7891718,0.334002435,4.104147,0.106421478,0.134182423,-0.0164079145,-0.0152339479,0.02245887,-0.009640069,0.274145037,0.1600272,2.0279026,0.417295665,0.594405651,-0.3326308,-0.0215024669,-0.0109986924,-0.0167900156,0.2770434,0.171042442,2.91872287,0.1086578,0.159853712,-0.307500243,0.000111438334,0.02482397,0.0124095958,0.009416565,0.08375486,11.5020809,0.602554,0.6702728,0.0552415922,0.008804303,-0.03662544,-0.0115256151,-0.010020107,0.0859997,11.4070034,0.209615126,0.210154831,0.0230448637,0.0191604365,0.0112822875,0.007842975,-0.09352446,0.0409608632,-65.38443,0.223802119,-1.25198364,0.179098189,0.06315343,0.04952518,-0.008960532,-0.1257093,0.04452781,-65.3664551,0.8873033,-2.2265625,0.06611004,0.00766480155,-0.0021022344,-0.5150254,1.05452442,1.249994,1.71457219
285,5.699997980442177,1673,0,0,0,0,0,-8.627024E-05,0,-0.0009116324,-8.627024E-05,0,-0.0009116324,1,0,0,1,-0.0257912725,0.6767918,0.425066382,1.01494765,0.01882251,0.0313228369,-0.022709243,0.825105965,0.3673554,4.09636736,0.0938769355,0.157180458,0.00381719251,-0.0137351528,0.0208890047,-0.004889846,0.292517573,0.175592288,1.99905622,0.404261619,0.5573882,-0.32215184,-0.021867495,-0.04060003,-0.0138742849,0.297982037,0.188171372,2.875224,0.115472689,0.173243567,-0.28109172,-0.00332213379,0.004239092,0.0289538521,0.009663314,0.0876218751,11.5621452,0.585323155,0.595969737,0.05222709,0.00709367543,-0.06416335,0.006654908,0.005857967,0.09672957,11.4737244,0.214659542,0.185440063,0.0580059774,0.0103025287,-0.0280525051,0.0171298441,-0.07983266,0.03321661,-64.513,0.146937191,-0.607025146,0.337712,0.194421858,0.126908258,0.009300949,-0.09637183,0.0408248939,-64.5121155,0.8882088,-1.81149292,0.2734053,0.125916734,0.08496378,-0.515136063,1.07207978,1.2549336,1.72903979
286,5.7199979733560085,1673,0,0,0,0,0,-8.627024E-05,0,-0.0009116324,-8.627024E-05,0,-0.0009116324,1,0,0,1,-0.0280644372,0.701189458,0.4590699,1.06202662,0.0205975,0.0331823044,-0.0256212763,0.857703447,0.401907921,4.09995556,0.08286605,0.178379864,0.0118329814,-0.01223367,0.0191873014,-0.0009174817,0.3077834,0.190954626,1.966628,0.378182739,0.4858956,-0.3198267,-0.02044449,-0.06596558,-0.008141192,0.315977365,0.205435887,2.8511734,0.108807586,0.145611972,-0.261238426,-0.00378490612,-0.0299826488,0.0403084867,0.00695638359,0.09158577,11.614542,0.543230057,0.4970235,0.04703224,0.00185688585,-0.08013026,0.0273810718,0.009221293,0.102347091,11.5429535,0.199061647,0.11179065,0.05978798,0.008828107,-0.06430403,0.019639723,-0.05433254,0.03068968,-63.57773,-0.00305175781,0.248469263,0.534415,0.227151185,0.15395093,0.0218486749,-0.07705653,0.0342729,-63.61145,0.753879964,-1.11935425,0.4598108,0.253798753,0.180090308,-0.515222967,1.07695925,1.25467181,1.7319057
287,5.7399979662698408,1674,0,0,0,0,0,-8.627024E-05,0,-0.0009116324,-8.627024E-05,0,-0.0009116324,1,0,0,1,-0.0301599782,0.722084641,0.4933383,1.10561681,0.0221494436,0.0348786265,-0.02842573,0.8867095,0.437444329,4.10413361,0.07327533,0.197454765,0.0118985744,-0.010757301,0.01728992,0.00059700117,0.321586072,0.206452981,1.92934346,0.343818069,0.394010961,-0.317288131,-0.0186541751,-0.07870681,-0.00277307769,0.329756677,0.221979812,2.829192,0.08977286,0.07532801,-0.255323559,-0.00199212879,-0.06193558,0.04399792,0.005558908,0.0953747,11.6638594,0.492826968,0.3910355,0.044922702,0.00611252338,-0.0814284459,0.04213191,0.00670158863,0.106232226,11.6024008,0.159245148,0.00614683935,0.0532478765,0.00639566034,-0.0851894841,0.016048247,-0.0203107148,0.02677022,-62.58777,-0.09710693,1.1953882,0.71742034,0.09080638,0.118601412,0.0245455615,-0.03974557,0.0308164526,-62.6653748,0.5214225,-0.179321289,0.690182,0.236324757,0.186837375,-0.5158186,1.12333572,1.27319193,1.77453363
288,5.7599979591836732,1681,0,0,0,0,0,-8.627024E-05,0,-0.0009116324,-8.627024E-05,0,-0.0009116324,1,0,0,1,-0.0320879146,0.739349365,0.5276548,1.145589,0.0234995559,0.0364125073,-0.03108757,0.911791146,0.473634779,4.10503,0.0650332347,0.214217469,0.008865499,-0.009366289,0.01527537,-0.000672516646,0.337474763,0.223694518,1.91084218,0.305050641,0.30007115,-0.294509083,-0.01950068,-0.07735716,-0.0003518744,0.342012018,0.238608569,2.808017,0.0608703531,-0.0210266113,-0.248856753,-0.0019139275,-0.0789693445,0.03887961,0.0126616284,0.102354854,11.5406542,0.388659358,0.283856183,0.05568469,-0.0180030689,-0.071103096,0.04835138,0.00600193441,0.11105141,11.6593485,0.102727793,-0.1116333,0.0521624424,0.00662491471,-0.09139898,0.0193647034,-0.0181295276,0.0254202746,-61.5195923,-0.2923584,1.96933949,0.8263896,0.12635994,0.156320512,0.0276832785,-0.0152160525,0.0282773282,-61.6765442,0.331996977,0.808906138,0.869728863,0.207814187,0.1918399,-0.5162888,1.1504699,1.28355336,1.79934549
289,5.7799979520975056,1688,0,0,0,0,0,-8.627024E-05,0,-0.0009116324,-8.627024E-05,0,-0.0009116324,1,0,0,1,-0.0338648036,0.753022969,0.5615656,1.181593,0.0246911366,0.0377926454,-0.0336069837,0.932656467,0.510243654,4.102914,0.05804076,0.228651047,0.006105708,-0.008104578,0.0131961722,-0.004214469,0.354961,0.242478877,1.9268105,0.2700183,0.217900574,-0.254381418,-0.0182933956,-0.06410139,-0.00113926362,0.3563574,0.256500185,2.80265474,0.0260355324,-0.125244141,-0.2232923,-0.00193642825,-0.07957436,0.0250518639,0.0579504669,0.116481155,11.7629786,0.277392715,0.209596023,0.165876761,-0.03534608,-0.04158423,0.0394213423,0.04185231,0.12495628,11.8084736,-0.00225830078,-0.215911865,0.140116856,-0.0225827023,-0.07001018,0.0146072786,-0.00626556575,0.030404333,-60.449585,-0.5101929,2.33011174,0.8708753,-0.0306136683,0.08683377,0.0256306715,-0.00227251649,0.03276387,-60.5056458,0.172158435,1.32223272,0.9394302,0.123853609,0.155337825,-0.516773,1.17500889,1.29307151,1.82201374
290,5.7999979450113379,1696,0,0,0,0,0,-8.627024E-05,0,-0.0009116324,-8.627024E-05,0,-0.0009116324,1,0,0,1,-0.0355093442,0.7628278,0.595232546,1.21409643,0.0257376377,0.0390333757,-0.0359771438,0.949165761,0.546971142,4.099305,0.0521851555,0.240812644,0.004395393,-0.00700185262,0.0112268059,-0.009349736,0.3701576,0.261789739,1.98646128,0.243005723,0.160663083,-0.214562461,-0.0202672724,-0.0429737866,-0.00537314033,0.371435881,0.2762292,2.840932,-0.00894165,-0.212280273,-0.18154496,-0.00662339851,-0.06314092,0.0116538135,0.0755270943,0.128409788,12.0300627,0.238935679,0.18992947,0.211793184,-0.0227676835,-0.0142853986,0.0297858231,0.0584983528,0.139794886,11.9971476,-0.09008789,-0.292602539,0.172535926,-0.0327930674,-0.055267442,0.00685464032,-0.00665465,0.0302711353,-59.3659973,-0.738250732,2.570645,0.9946456,-0.194990426,0.0167775452,0.0199387036,-0.005449146,0.039028544,-59.3132935,0.0231179446,1.60340762,0.9991324,0.0149676427,0.07926308,-0.5173914,1.20293057,1.30478978,1.84857035
291,5.8199979379251694,1704,0,0,0,0,0,-8.627024E-05,0,-0.0009116324,-8.627024E-05,0,-0.0009116324,1,0,0,1,-0.0370612852,0.7689088,0.628331363,1.24290454,0.02668625,0.0401549637,-0.03823262,0.9612339,0.5838073,4.09544,0.0473455675,0.250866622,0.00386077445,-0.00603415538,0.009386181,-0.0146676265,0.378600061,0.2791667,2.06666279,0.223822132,0.129252985,-0.200855255,-0.0244920421,-0.021122627,-0.009195097,0.381596327,0.2950301,2.90747452,-0.0422668457,-0.281494141,-0.155328229,-0.0103240721,-0.0487624444,0.0013987571,0.08000974,0.144836172,12.3101578,0.24036476,0.218888417,0.229138389,0.0140865706,0.0205405839,0.02282882,0.06506946,0.15053688,12.2004576,-0.178924561,-0.355163574,0.185213,-0.0347511619,-0.0455483459,0.006386131,-0.006366417,0.09458305,-57.73172,-0.662078857,2.483851,1.4732945,-0.286137134,-0.158944517,0.0144575369,-0.008052483,0.0620454066,-58.0604553,-0.165863037,1.87605429,1.26463223,0.09938537,-0.1963007,-0.5180893,1.23115158,1.31731534,1.8760252
292,5.8399979308390018,1709,0,0,0,0,0,-8.627024E-05,0,-0.0009116324,-8.627024E-05,0,-0.0009116324,1,0,0,1,-0.03842307,0.771191,0.6605691,1.26782215,0.0274846256,0.04112062,-0.04032491,0.9686662,0.620531142,4.09150743,0.0433562957,0.258787245,0.00329089724,-0.005214038,0.00753437169,-0.01684651,0.385863841,0.2972557,2.15857244,0.2074524,0.112401955,-0.181192443,-0.02843294,-0.0143906288,-0.0125274155,0.386639982,0.312514126,2.99016786,-0.0718689,-0.335205078,-0.145171016,-0.0124398507,-0.0360574648,0.00340744737,0.0821924061,0.158466578,12.5944948,0.2469149,0.2367133,0.229353756,-0.0235191416,-0.0133411363,0.0175549723,0.0678133145,0.166005492,12.4074135,-0.238800049,-0.4015808,0.206398085,-0.0467617139,-0.0413240232,0.00133220293,-0.00775952637,0.108434804,-56.2054749,-0.910125732,2.63231182,1.36987066,-0.168459237,-0.07637514,0.0220328011,-0.0118475854,0.118886843,-56.3080139,-0.404205322,1.92236662,1.56768656,-0.181450963,-0.0949561745,-0.518867433,1.25972962,1.33075345,1.9044807
293,5.8599979237528341,1717,0,0,0,0,0,-8.627024E-05,0,-0.0009116324,-8.627024E-05,0,-0.0009116324,1,0,0,1,-0.0396597944,0.769925952,0.6915262,1.28859127,0.0282017812,0.0419659168,-0.0422285274,0.971725,0.656502962,4.087501,0.04011827,0.264631122,0.00278047565,-0.00448364625,0.00576121034,-0.0176551156,0.387930632,0.313247621,2.260793,0.191974744,0.09506787,-0.180531815,-0.0282233246,-0.0139208622,-0.0138144735,0.38922447,0.329538882,3.085708,-0.102935791,-0.384429932,-0.13786073,-0.0150220022,-0.03326007,0.00153027766,0.07683661,0.163588032,12.8815565,0.187829033,0.2045863,0.3063521,-0.0136542907,0.002199858,0.0177330859,0.0496337563,0.1738733,12.6423693,-0.301086426,-0.4560852,0.171242982,-0.03368925,-0.04190769,-0.006599731,0.009445459,0.103234679,-54.7162781,-1.09411621,2.71085715,1.33346987,-0.238720834,-0.137546033,0.0122520551,0.0110004395,0.112040378,-54.8074646,-0.5375061,2.025026,1.41933537,-0.199715734,-0.136581883,-0.5197695,1.29015183,1.34601474,1.93556392
294,5.8799979166666665,1725,0,0,0,0,0,-8.627024E-05,0,-0.0009116324,-8.627024E-05,0,-0.0009116324,1,0,0,1,-0.0407086574,0.7653245,0.720651269,1.30492806,0.02876154,0.0426333621,-0.04395198,0.970779,0.6908696,4.083367,0.03749321,0.2685405,0.002274761,-0.00388530036,0.004085302,-0.0189065672,0.387490332,0.327824861,2.36517,0.175971642,0.08175979,-0.185935453,-0.02895112,-0.010908477,-0.0153417718,0.388001949,0.3443527,3.18826556,-0.133239746,-0.428039551,-0.144021556,-0.0144323772,-0.0286259744,-0.00204614573,0.0708117262,0.166908339,13.174036,0.183311611,0.221684873,0.3849256,0.00531758927,0.0198155977,0.0146817323,0.0247207135,0.1762493,12.8587914,-0.356872559,-0.5042114,0.122139454,-0.0288009811,-0.0357969664,-0.017991703,0.0266300589,0.09713433,-53.2221069,-1.238739,2.79245758,1.320697,-0.3477372,-0.227468044,-0.000486556441,0.0272547454,0.106011383,-53.2623,-0.6682739,2.1630218,1.4099834,-0.2867515,-0.217357576,-0.5207056,1.31953228,1.36148739,1.96620131
295,5.8999979095804989,1733,0,0,0,0,0,-8.627024E-05,0,-0.0009116324,-8.627024E-05,0,-0.0009116324,1,0,0,1,-0.04155594,0.7572181,0.7478034,1.31706357,0.0291637853,0.0431231335,-0.04546369,0.965634942,0.7235396,4.07865,0.0353745259,0.270483017,0.00129820383,-0.00336544658,0.002403019,-0.0207718387,0.3852551,0.34145093,2.47088838,0.162924424,0.07572422,-0.191611513,-0.0279164426,-0.00424691476,-0.0173506,0.38504985,0.358312458,3.29209685,-0.1614685,-0.463409424,-0.149816945,-0.0132022891,-0.0210448448,-0.00624978449,0.0645543,0.169772923,13.4704571,0.156236455,0.222259328,0.459448636,-0.01127154,0.012384831,0.006952732,0.0257556066,0.1783439,12.9168444,-0.4363098,-0.5600586,0.3047358,0.000366486143,0.005953843,-0.03022479,0.04248613,0.09027688,-51.72357,-1.362915,2.864034,1.29566193,-0.467584729,-0.321683049,-0.0153382365,0.0423030779,0.09735696,-51.7390137,-0.7821655,2.27523756,1.359294,-0.3939643,-0.303524017,-0.5217428,1.35001051,1.378519,1.99876428
296,5.9199979024943312,1741,0,0,0,0,0,-8.627024E-05,0,-0.0009116324,-8.627024E-05,0,-0.0009116324,1,0,0,1,-0.0421997979,0.745926142,0.772736251,1.325134,0.0294050537,0.04342922,-0.0467564575,0.9564232,0.754343748,4.07340765,0.0336784646,0.270484775,0.000458560244,-0.00292639923,0.0007287145,-0.0227966942,0.381551951,0.354252517,2.58014464,0.152260825,0.08001913,-0.195931926,-0.02874775,0.003531253,-0.0197904482,0.3803435,0.3710087,3.4006896,-0.187713623,-0.48538208,-0.156513274,-0.012124639,-0.0109028332,-0.01027043,0.0583159328,0.171306327,13.7695494,0.107321449,0.214229658,0.5307879,-0.0242896583,0.00668495055,-0.0007640198,0.04532408,0.1807296,13.1995134,-0.431671143,-0.5353699,0.5440928,-0.000873243436,0.0138776712,-0.04081665,0.0579272434,0.07972704,-50.23694,-1.48257446,2.94914055,1.25857019,-0.6022076,-0.430137575,-0.03668534,0.06573875,0.0932420045,-50.2289734,-0.897522,2.3993094,1.30480444,-0.6078311,-0.4803807,-0.5228939,1.38179207,1.39738655,2.03358221
297,5.9399978954081627,1749,0,0,0,0,0,-8.627024E-05,0,-0.0009116324,-8.627024E-05,0,-0.0009116324,1,0,0,1,-0.0426057354,0.732503355,0.7943136,1.328574,0.0294736847,0.04352922,-0.04779534,0.9430672,0.783202469,4.06768847,0.032311555,0.268511117,-0.00103977113,-0.00255371537,-0.0010035967,-0.0254571438,0.377737075,0.365853727,2.61033773,0.14459762,0.0976477,-0.194415078,-0.0289731864,0.0157617237,-0.0239545368,0.381538659,0.3852641,3.457589,-0.20715332,-0.486877441,-0.124922581,-0.009762777,0.008557042,-0.0180533677,0.08191273,0.174331561,14.2329483,-0.00204467773,0.190362051,0.256951,-0.07292171,-0.0174878649,-0.0136245238,0.07863349,0.1917081,13.6368713,-0.50479126,-0.5513611,0.249738351,-0.0558833927,-0.0113948546,-0.03183206,-0.0131994784,0.09992353,-48.7940063,-1.60293579,2.72526026,1.32026231,-0.0384707078,0.06614757,-0.0295486189,-0.012301337,0.118775144,-48.76996,-1.01913452,2.28259063,1.32969344,-0.0153037012,0.0775030553,-0.5241472,1.41444016,1.41793334,2.07024312
298,5.9599978883219951,1752,0,0,0,0,0,-8.627024E-05,0,-0.0009116324,-8.627024E-05,0,-0.0009116324,1,0,0,1,-0.04287883,0.716013551,0.8140886,1.32876551,0.0294699576,0.04352354,-0.048597008,0.927162945,0.808814049,4.06211233,0.0312395673,0.264884442,-0.00131698709,-0.00225551,-0.0023736537,-0.02621726,0.383223,0.384921342,2.710792,0.140294239,0.12146727,-0.125982925,-0.0324750841,0.01777562,-0.02631462,0.386764824,0.4046385,3.59202719,-0.221496582,-0.473052979,-0.0550215,-0.0124940528,0.01866878,-0.0155360773,0.08588979,0.196207449,14.5004425,-0.0472106934,0.186862618,0.2008544,-0.0284182616,-0.000154642388,-0.0140306782,0.08426949,0.2119982,13.9051781,-0.551849365,-0.5496216,0.207205623,-0.0287762452,0.003383875,-0.0269309022,-0.017747581,0.1227196,-47.25119,-1.68930054,2.77425075,1.401231,-0.0325672552,0.0515662581,-0.0235567726,-0.0172211379,0.136853337,-47.2384644,-1.11117554,2.36227632,1.39284527,-0.0280304253,0.0501099937,-0.5247269,1.42973769,1.42675412,2.08689141
299,5.9799978812358274,1752,0,0,0,0,0,-8.627024E-05,0,-0.0009116324,-8.627024E-05,0,-0.0009116324,1,0,0,1,-0.04297728,0.6972376,0.832096636,1.326735,0.0293601844,0.0433918275,-0.0491969734,0.908035636,0.8329715,4.05748653,0.0303711873,0.259667248,-0.0007950354,-0.00201099273,-0.00378848,-0.0251796115,0.382964641,0.401320368,2.87388086,0.1344586,0.139387146,-0.07960586,-0.0336729139,0.0115032382,-0.0259437561,0.384981871,0.420312822,3.78247547,-0.2359314,-0.460510254,-0.0152636562,-0.0129844863,0.0159066226,-0.0116917985,0.086669296,0.209810436,14.73127,-0.06549072,0.200429946,0.176389679,-0.00699397642,0.009054676,-0.0112586,0.084868446,0.224693462,14.1480656,-0.56640625,-0.532562256,0.188515067,-0.007912274,0.0121719381,-0.0207002163,-0.0167618245,0.13398093,-45.7096863,-1.75238037,2.8541193,1.39877486,-0.04164029,0.0313541964,-0.0185560826,-0.0142183751,0.146919414,-45.7119141,-1.184967,2.4365015,1.38977611,-0.0555278435,0.0149845891,-0.524879634,1.43465,1.4282409,2.09131336
300,5.99999787414966,1752,0,0,0,0,0,-8.627024E-05,0,-0.0009116324,-8.627024E-05,0,-0.0009116324,1,0,0,1,-0.0428641737,0.677115738,0.848121941,1.32245266,0.0291070268,0.043091435,-0.0495909825,0.88675034,0.8550466,4.054219,0.0295498464,0.2527704,-0.000195150176,-0.0018813319,-0.00527737476,-0.02358374,0.3706902,0.407839,3.017759,0.126560688,0.147164986,-0.105404064,-0.032684464,0.0034553837,-0.02484088,0.373061061,0.427703559,3.959612,-0.249908447,-0.454650879,-0.0355406553,-0.0105316918,0.0105497511,-0.008526394,0.08453764,0.213377729,14.9740715,-0.0636901855,0.221988112,0.1859312,0.000464218669,0.0148408236,-0.008935051,0.08276355,0.22918728,14.40399,-0.563262939,-0.5111084,0.19518815,-0.003645339,0.015850408,-0.01590765,-0.0112697631,0.135570973,-44.20569,-1.80670166,2.83570838,1.38448381,-0.07315501,-0.008979179,-0.0151555436,-0.008572221,0.149236619,-44.22528,-1.2557373,2.39419746,1.38166273,-0.0866419151,-0.0233837813,-0.525032341,1.43942511,1.42984188,2.0957222
301,6.0199978670634922,1758,0,0,0,0,0,-8.627024E-05,0,-0.0009116324,-8.627024E-05,0,-0.0009116324,1,0,0,1,-0.042536214,0.6558639,0.8620679,1.31605852,0.0287190527,0.0426218435,-0.0497249924,0.8641634,0.8749063,4.050753,0.0288149752,0.24417983,-0.000513983134,-0.00176526257,-0.00674848445,-0.0223705769,0.358105838,0.413015932,3.14198685,0.118265472,0.14713338,-0.131135315,-0.0310823284,-0.00192144327,-0.0240621623,0.360733747,0.433702141,4.12154961,-0.261932373,-0.4541626,-0.05614713,-0.008252797,0.007499654,-0.006506902,0.0821916759,0.213425934,15.2353125,-0.0563964844,0.243019179,0.195942283,0.0004752064,0.0180159546,-0.005784307,0.0857241452,0.230675668,14.67292,-0.62020874,-0.5441284,0.245875046,-0.0273473226,-0.007821349,-0.01265446,-0.00715651363,0.132166848,-42.7336731,-1.85824585,2.73534226,1.38621366,-0.0936897844,-0.0381108224,-0.0110739339,-0.00704200566,0.1483746,-42.7519531,-1.32272339,2.31545377,1.39434385,-0.0832823,-0.02518494,-0.5301452,1.54896641,1.517708,2.23244
302,6.0399978599773236,1763,0,0,0,0,0,-8.627024E-05,0,-0.0009116324,-8.627024E-05,0,-0.0009116324,1,0,0,1,-0.0420269,0.6338361,0.8741847,1.30810893,0.0282050613,0.0419875644,-0.04962826,0.8405284,0.89276576,4.046982,0.0281518083,0.233983427,-0.000967565458,-0.00166572165,-0.008120408,-0.0216312185,0.3461051,0.417768627,3.25096822,0.111457527,0.142471358,-0.151459128,-0.029749088,-0.00461616553,-0.02292851,0.3493336,0.439457148,4.275067,-0.275238037,-0.458709717,-0.06944896,-0.008156152,0.00273535447,-0.005424361,0.07988183,0.214510366,15.5040464,-0.0592651367,0.258482575,0.204370126,-0.00116814766,0.019373402,-0.00209789351,0.09872749,0.23446393,15.1119709,-0.6538391,-0.55770874,0.312222928,-0.0215924475,-0.0105341077,-0.010208657,-0.007568769,0.131481975,-41.2663269,-1.90426636,2.63049531,1.4050225,-0.08838474,-0.0398340374,-0.0069605466,-0.009898193,0.153380334,-41.2816162,-1.38214111,2.28316474,1.41957307,-0.0577636138,-0.00738920271,-0.5315163,1.57742691,1.5407685,2.26820469
303,6.059997852891156,1769,0,0,0,0,0,-8.627024E-05,0,-0.0009116324,-8.627024E-05,0,-0.0009116324,1,0,0,1,-0.04133394,0.6139283,0.8836268,1.29700613,0.0275952648,0.041201286,-0.0492936224,0.817936361,0.9080391,4.043521,0.027535921,0.222221956,-0.0007075948,-0.00157471234,-0.009455306,-0.0209440328,0.337798446,0.421969563,3.35294342,0.104940325,0.135305375,-0.166036159,-0.0301854722,-0.006685188,-0.0216397177,0.3421443,0.445549577,4.4323554,-0.289917,-0.4697876,-0.07210181,-0.00725746574,-0.002165677,-0.00358221354,0.07821165,0.215119153,15.77383,-0.0546569824,0.273644716,0.200918108,0.00640189461,0.02365997,0.00165473251,0.09717707,0.241466746,15.4567127,-0.688659668,-0.584960938,0.310191035,-0.019419048,-0.017540494,-0.007205454,-0.009374462,0.130562931,-39.8051758,-1.94348145,2.56128478,1.4187125,-0.06946564,-0.0260793827,-0.00247410219,-0.01188191,0.159722522,-39.81198,-1.42779541,2.27306747,1.43117368,-0.0455422476,-0.00108739268,-0.53315413,1.60986,1.56876254,2.310177
304,6.0799978458049884,1775,0,0,0,0,0,-8.627024E-05,0,-0.0009116324,-8.627024E-05,0,-0.0009116324,1,0,0,1,-0.04048244,0.599562347,0.889027,1.28115344,0.02690194,0.0402601361,-0.0487145372,0.8003768,0.918871045,4.04163647,0.0269011483,0.2090747,0.00195496646,-0.00147552742,-0.010613,-0.01997429,0.3374015,0.424391121,3.449257,0.09752308,0.124260455,-0.178067341,-0.0307981521,-0.009734025,-0.02013376,0.342167258,0.449248463,4.596641,-0.306915283,-0.4878235,-0.0767248,-0.00656370446,-0.00770929828,-0.00120126433,0.07825081,0.211958826,16.0116539,-0.0476074219,0.288933218,0.169412911,0.0150140226,0.0285715573,0.00613343948,0.09873669,0.2412878,15.7702122,-0.7241211,-0.6227112,0.286992073,-0.0172690675,-0.02589987,-0.0033125733,-0.0104101673,0.12232741,-38.41867,-1.96170044,2.52587271,1.42251074,-0.052352868,-0.0134162717,0.00266809622,-0.0130697563,0.157354712,-38.35794,-1.46044922,2.291851,1.430584,-0.03318389,0.00565975532,-0.534644067,1.63807678,1.59448314,2.347662
305,6.0999978387188207,1781,0,0,0,0,0,-8.627024E-05,0,-0.0009116324,-8.627024E-05,0,-0.0009116324,1,0,0,1,-0.0394899473,0.5817913,0.89352,1.2690233,0.0261014588,0.03915975,-0.0478806868,0.7897931,0.924155,4.041493,0.0261856541,0.194913626,0.0145300133,-0.001341999,-0.0113881016,-0.0188535415,0.344842821,0.4236331,3.531826,0.08865432,0.108034723,-0.186657652,-0.03159187,-0.0132004544,-0.01847221,0.349858,0.4496443,4.75548029,-0.326293945,-0.5141907,-0.07881606,-0.00531836925,-0.0136323227,0.00479877368,0.08017881,0.201277629,16.1770134,-0.09597778,0.24992308,0.11477156,-0.02682814,-0.0338328443,0.0105030276,0.10580723,0.233918741,16.0400047,-0.769866943,-0.671081543,0.2566397,-0.0138719995,-0.0333754,0.00174603146,-0.009573288,0.102094129,-37.121582,-1.94708252,2.47974658,1.449028,-0.03408217,-0.00413028151,0.00733166747,-0.0123569444,0.14180477,-37.0380554,-1.44952393,2.31567287,1.42951918,-0.0294273347,-0.000468241982,-0.536186039,1.66570091,1.62148535,2.38563824
306,6.1199978316326531,1784,0,0,0,0,0,-8.627024E-05,0,-0.0009116324,-8.627024E-05,0,-0.0009116324,1,0,0,1,-0.0383512527,0.5658977,0.8956931,1.2556057,0.0252131615,0.0378775522,-0.046844,0.7850364,0.9254416,4.04240036,0.025357388,0.179717734,0.0303003639,-0.00107476255,-0.01217337,-0.017081501,0.35845378,0.419932336,3.59139252,0.07516144,0.08453118,-0.20102793,-0.0340826437,-0.0197792016,-0.0169966631,0.363469929,0.446929544,4.89735365,-0.3474121,-0.5472107,-0.08797135,-0.00326435454,-0.0182248615,0.0106631555,0.08338281,0.186836436,16.2409649,-0.21270752,0.140210763,0.0382439271,-0.03450527,-0.05162651,0.0135278832,0.116285704,0.221203476,16.2421551,-0.816589355,-0.7261658,0.217545524,-0.008708373,-0.03742059,0.00736527471,-0.0130453557,0.06509027,-35.70233,-1.94488525,2.47138619,1.28465211,0.03199734,-0.0189394765,0.0104185082,-0.0124130026,0.1210193,-35.7438965,-1.40179443,2.31135178,1.4672941,-0.02237707,-0.0207915828,-0.5376563,1.69052839,1.6475904,2.42105651
307,6.1399978245464846,1790,0,0,0,0,0,-8.627024E-05,0,-0.0009116324,-8.627024E-05,0,-0.0009116324,1,0,0,1,-0.0370396562,0.55156,0.8957848,1.24091291,0.0242327061,0.0363907628,-0.0455789641,0.7861211,0.9227715,4.044464,0.024420999,0.163794443,0.0486896262,-0.000713408,-0.0127391024,-0.0145186391,0.3783642,0.4147029,3.62159777,0.05305464,0.05106849,-0.213599354,-0.03726592,-0.0299468637,-0.01579828,0.382863939,0.442119151,5.015023,-0.3687439,-0.5839844,-0.09898906,-0.0005983664,-0.0208955985,0.0180380531,0.08756005,0.169062808,16.1731644,-0.320770264,0.056611456,-0.0211187452,-0.0558913872,-0.0768888742,0.0154350093,0.132359639,0.205896527,16.3698864,-0.8621216,-0.7838745,0.1772419,-0.008359403,-0.04031992,0.0124940546,-0.015167594,0.044125177,-34.253418,-2.04663086,2.607092,1.31176269,0.0836401656,0.0280339643,0.0109029626,-0.0152706057,0.08659014,-34.35086,-1.36773682,2.31125975,1.34507787,0.03542526,-0.05003904,-0.5391675,1.71450591,1.67481565,2.45667243
308,6.1599978174603169,1797,0,0,0,0,0,-8.627024E-05,0,-0.0009116324,-8.627024E-05,0,-0.0009116324,1,0,0,1,-0.03548347,0.53817457,0.894177,1.22496986,0.0231100265,0.03461101,-0.0440942049,0.791664541,0.917099,4.047073,0.0234122071,0.147065073,0.06776974,-0.000468913,-0.0132931313,-0.0114417318,0.403144121,0.4088965,3.6191473,0.01979365,0.005152184,-0.222198322,-0.04068521,-0.0422741175,-0.0147040812,0.407157779,0.436681479,5.10759974,-0.3894043,-0.6230774,-0.106008656,0.0022264272,-0.0225898437,0.0270299483,0.09239053,0.142947614,15.9323492,-0.4368286,-0.0570373535,-0.220523268,-0.07939016,-0.09740248,0.0168524347,0.152215973,0.188126668,16.423502,-0.9196167,-0.8444824,0.130694792,-0.0120322816,-0.0432050936,0.02185632,-0.0157206059,0.0114477985,-32.87674,-2.34310913,2.90687823,1.2337178,-0.0100306645,0.185857773,0.0109587889,-0.0147619694,0.05989176,-32.9209,-1.37191772,2.36275482,1.29230917,0.0761345252,-0.0471907333,-0.5406936,1.73726368,1.70272231,2.49192643
309,6.1799978103741493,1805,0,0,0,0,0,-8.627024E-05,0,-0.0009116324,-8.627024E-05,0,-0.0009116324,1,0,0,1,-0.03370649,0.5256045,0.891013,1.20787776,0.0218966343,0.03260047,-0.0423933044,0.8004426,0.90920186,4.04982662,0.02239801,0.129419908,0.0867332,-0.000500134658,-0.0137934014,-0.009437888,0.430946976,0.401111633,3.58427835,-0.007171631,-0.0579834,-0.235136226,-0.0222821347,-0.0465139039,-0.0133739738,0.435768843,0.43102622,5.17654562,-0.40914917,-0.6630554,-0.106371105,0.004456443,-0.0247814,0.008051861,0.15676327,0.106396556,15.8630753,-0.4078369,-0.06994629,-0.031246705,0.0377314575,0.00311271474,0.0180911086,0.175435036,0.169075966,16.40844,-0.964874268,-0.9043274,0.07948881,-0.0348227434,-0.048884,-0.0121696256,-0.0105596557,-0.0161247421,-31.52185,-2.200531,3.289474,1.49734771,-0.1531135,-0.2367307,0.0123005863,-0.0149437934,0.0389291421,-31.6484985,-1.59881592,2.50550866,1.30334854,0.0836638659,-0.0139430389,-0.5422657,1.75937927,1.73195338,2.52767277
310,6.1999978032879817,1812,0,0,0,0,0,-8.627024E-05,0,-0.0009116324,-8.627024E-05,0,-0.0009116324,1,0,0,1,-0.0318968557,0.5127075,0.8867391,1.189404,0.0206803754,0.0304897279,-0.040515665,0.811259449,0.8993993,4.052128,0.0214433465,0.111461267,0.104261853,-0.0005195122,-0.013849875,-0.0158517,0.462573677,0.397581577,3.529819,-0.03186035,-0.0730285645,-0.2214559,-0.0375562161,-0.0119359717,-0.0121096587,0.464464,0.4244168,5.218604,-0.430511475,-0.7062378,-0.112309165,0.00467048772,-0.0272326525,0.008961925,0.190998375,0.104926713,15.68242,-0.5024414,-0.107086182,-0.03278846,-0.0433373749,-0.037580654,0.0196783971,0.200855851,0.149278209,16.3099766,-1.03713989,-0.9701233,0.0332118236,-0.04220384,-0.0526691526,0.00483377,-0.0203532577,-0.01429398,-30.0881348,-2.25286865,3.30961466,1.35429978,-0.0181743242,0.0377380773,0.015675867,-0.012519747,0.0111169247,-30.2919,-1.84896851,2.635478,1.23190963,-0.06014676,0.080073,-0.5437369,1.77871048,1.75976789,2.56051636
311,6.219997796201814,1812,0,0,0,0,0,-8.627024E-05,0,-0.0009116324,-8.627024E-05,0,-0.0009116324,1,0,0,1,-0.0299031585,0.499359936,0.880469739,1.17366588,0.0195008367,0.02832923,-0.03853413,0.8217539,0.889123261,4.05371,0.02052014,0.09355256,0.123598613,-0.000610480551,-0.01380165,-0.0132672014,0.49651742,0.3987834,3.5036962,-0.057434082,-0.09732056,-0.176943034,-0.0295630135,-0.0201471411,-0.0118852686,0.493104637,0.418430656,5.23908567,-0.440887451,-0.7531433,-0.110549591,0.0173293352,-0.02259018,0.008000765,0.22230193,0.0896272957,15.4296045,-0.515869141,-0.140258789,-0.0822642744,0.008449208,-0.01944276,-0.00138616,0.220671028,0.121516295,16.1152534,-0.9841614,-0.958313,-0.03640509,0.04535774,0.0233102962,-0.005941851,-0.011857301,-0.0222707614,-28.7067566,-2.16888428,3.4199543,1.4430021,-0.0648624748,-0.133311689,-0.0180748459,-0.007343702,-0.009884598,-28.97757,-1.76123047,2.88210773,1.35198581,-0.17641291,-0.304955542,-0.5438227,1.7756021,1.761247,2.559394
312,6.2399977891156464,1812,0,0,0,0,0,-8.627024E-05,0,-0.0009116324,-8.627024E-05,0,-0.0009116324,1,0,0,1,-0.0276127588,0.485114753,0.8691979,1.17022789,0.01851481,0.0263507664,-0.0362858549,0.8315916,0.8782431,4.05224228,0.019692827,0.07558115,0.152348772,-0.0006546527,-0.013362526,-0.0133385975,0.5263251,0.398012429,3.48072624,-0.07659912,-0.1171875,-0.1344923,-0.0224202573,-0.01426095,-0.0191612653,0.5185201,0.410938919,5.22317743,-0.44430542,-0.7452698,-0.106391922,0.007556993,0.018018689,0.0006169453,0.2559839,0.08775894,15.1479254,-0.5246887,-0.146331787,-0.07199709,0.00690722326,-0.00157364761,-0.00248629437,0.242092639,0.09610368,15.8336029,-1.02166748,-0.957580566,-0.07735883,-0.008967855,-0.009996991,-0.0139448158,-0.0124741122,-0.0192066655,-27.2165527,-2.124298,3.62199163,1.26264167,-0.0931031257,-0.222886086,-0.007047034,-0.0142205358,-0.0262087528,-27.6430054,-1.7364502,2.767187,1.41029811,0.007986388,-0.0340061225,-0.5438964,1.7714926,1.76258159,2.55747986
313,6.2599977820294779,1819,0,0,0,0,0,-8.627024E-05,0,-0.0009116324,-8.627024E-05,0,-0.0009116324,1,0,0,1,-0.0251262337,0.4696631,0.8537193,1.17461288,0.0176568367,0.0244593155,-0.0338173322,0.839635253,0.8664542,4.0454464,0.0190322716,0.0580621175,0.1855847,-0.0007090615,-0.0125142522,-0.0151272938,0.553972363,0.399436384,3.476819,-0.0897522,-0.120147705,-0.07066459,-0.0197816268,0.0003468534,-0.0169694033,0.541264355,0.403537452,5.16648245,-0.44128418,-0.740509033,-0.09130384,0.0151773943,0.0136140268,-0.006166073,0.2876193,0.08100211,14.8344574,-0.516204834,-0.134063721,-0.0698081255,0.0189051628,0.0113145113,-0.005689221,0.264783829,0.07655952,15.4966116,-0.981872559,-0.942596436,-0.08843702,0.0325766355,0.0120079182,-0.0217681676,-0.0103647411,-0.0226609483,-25.743042,-2.00738525,3.71393251,1.1426214,-0.0671166852,-0.262551069,-0.01591278,-0.008248314,-0.030376561,-26.2009583,-1.67669678,2.85832238,1.41437137,-0.04941421,-0.202073634,-0.548358262,1.83557141,1.85170031,2.66435981
314,6.27999777494331,1825,0,0,0,0,0,-8.627024E-05,0,-0.0009116324,-8.627024E-05,0,-0.0009116324,1,0,0,1,-0.0224443562,0.452628583,0.834109664,1.18606162,0.016876474,0.0225638729,-0.0310819987,0.843529165,0.854356,4.032522,0.0186345577,0.0408676,0.2232505,-0.00066754315,-0.0118404655,-0.0167137757,0.575285554,0.399391919,3.48041654,-0.0955810547,-0.10635376,-0.008901872,-0.01467816,0.0148731191,-0.01742533,0.5607228,0.3984925,5.08332157,-0.431121826,-0.7262573,-0.05410907,0.01861971,0.0225935634,-0.016361624,0.315828651,0.07430834,14.4928865,-0.4874878,-0.09793091,-0.0510752462,0.0245710146,0.03273998,-0.0108025083,0.288991034,0.06590204,15.1335649,-0.927886963,-0.9081726,-0.07012484,0.0459095351,0.0248450078,-0.0400423519,-0.006602682,-0.0388479941,-24.3075867,-1.87051392,3.53609848,0.897204,0.0536900163,-0.332022637,-0.0233898461,-0.00646487623,-0.03512899,-24.6954041,-1.544342,2.91719556,1.22213244,0.007436484,-0.22179544,-0.5495358,1.84782529,1.87606025,2.68999076
315,6.2999977678571426,1832,0,0,0,0,0,-8.627024E-05,0,-0.0009116324,-8.627024E-05,0,-0.0009116324,1,0,0,1,-0.0196393114,0.433975875,0.8106923,1.203192,0.0161365867,0.0205965023,-0.0281321779,0.842051268,0.842003167,4.01429367,0.0185729451,0.02426627,0.2654439,-0.0005662972,-0.0112565113,-0.0192724839,0.5902331,0.399407625,3.48575878,-0.0902709961,-0.07052612,0.05853438,-0.00554112252,0.0350098535,-0.0186351761,0.57584554,0.395984739,4.992168,-0.413146973,-0.697814941,0.00440397859,0.0233151913,0.03568845,-0.0306391269,0.330573142,0.0548448935,14.1047487,-0.38180542,-0.0196228027,-0.06666095,0.117312782,0.07702487,-0.0204310045,0.3078235,0.0469737761,14.736311,-0.826141357,-0.8487854,-0.0730472,0.103972167,0.0556802824,-0.08538088,-0.004895024,-0.0830296949,-23.2711182,-1.27285767,3.36785,0.848709941,0.280552626,-0.5176573,-0.0556584969,-0.00176897645,-0.0842368,-23.5208435,-1.110199,2.786197,1.01468265,0.220164537,-0.353702068,-0.550839245,1.86210871,1.90377593,2.71941829
316,6.319997760770975,1839,0,0,0,0,0,-8.627024E-05,0,-0.0009116324,-8.627024E-05,0,-0.0009116324,1,0,0,1,-0.0167302173,0.413627326,0.783064365,1.226436,0.0154214278,0.0185133815,-0.0250269882,0.8357203,0.8319992,3.99196434,0.0187702887,0.008634292,0.315023184,-0.0005113981,-0.0106246229,-0.0245003588,0.594187856,0.392199218,3.451428,-0.06451416,0.006269312,0.09182547,0.006943032,0.06939493,-0.0223763268,0.58065325,0.387733817,4.86242247,-0.378173828,-0.63949585,0.0368820876,0.03405366,0.06260792,-0.053556107,0.3325133,0.0243961886,13.6215124,-0.191741943,0.126739159,-0.08302517,0.138646424,0.123706624,-0.0422288775,0.30986312,0.0127800666,14.24356,-0.593139648,-0.717254639,-0.09775296,0.17674239,0.114185438,-0.06608572,-0.00738241524,-0.133423239,-22.0698853,-0.628723145,3.011572,0.663,0.321541,-1.267399,-0.07283488,-0.001851581,-0.132380843,-22.3382874,-0.3687439,2.463085,0.9453651,0.500783145,-0.946427763,-0.552046835,1.87520432,1.93043077,2.74730968
317,6.3399977536848073,1844,0,0,0,0,0,-8.627024E-05,0,-0.0009116324,-8.627024E-05,0,-0.0009116324,1,0,0,1,-0.0139106242,0.39166975,0.750931,1.25520837,0.0147701968,0.0164067931,-0.0215676539,0.8243504,0.8256641,3.96296978,0.0203136988,-0.00567626953,0.3699683,0.0005126919,-0.0102763269,-0.0270990841,0.590824366,0.384277463,3.36108422,-0.0241699219,0.112544723,0.130492762,0.0155649856,0.09019394,-0.0271360539,0.5772084,0.377039641,4.666579,-0.322937,-0.5404053,0.0648992658,0.0441911034,0.09444972,-0.06422772,0.3236287,-0.02334807,13.0437326,0.11765907,0.304935962,-0.138900757,0.156539157,0.1435956,-0.06312605,0.3031134,-0.0299675725,13.66838,-0.308074951,-0.528381348,-0.132351622,0.158129454,0.149262786,-0.09473176,-0.00964335352,-0.253135681,-21.3269958,-0.0158996582,2.46071434,0.4047901,-0.0176034868,-0.976001859,-0.0907321349,-0.00587418675,-0.242179886,-21.490387,0.194159657,2.040092,0.572257161,-0.0361568034,-0.8037524,-0.553239763,1.88886774,1.95805776,2.77630782
318,6.3599977465986388,1850,0,0,0,0,0,-8.627024E-05,0,-0.0009116324,-8.627024E-05,0,-0.0009116324,1,0,0,1,-0.0111002065,0.368351281,0.713809252,1.29182971,0.0141691389,0.014206795,-0.0187463574,0.805225551,0.8189623,3.93156958,0.0192754343,-0.0163574219,0.414933443,-0.0005188843,-0.00810292549,-0.0283675846,0.575219452,0.366107523,3.16329741,0.0193916522,0.240245238,0.123023838,0.0146337729,0.104128987,-0.0298557058,0.563292563,0.3595887,4.37550068,-0.265930176,-0.410003662,0.0662390441,0.039464172,0.114929363,-0.07834208,0.2960414,-0.09719785,12.2771749,0.203341857,0.492681235,-0.227569208,0.0234681889,0.154012322,-0.079157114,0.277512342,-0.1026106,12.912611,-0.203125,-0.328704834,-0.223101452,0.035842374,0.159808218,-0.100944929,-0.0090014115,-0.353199333,-20.51004,-0.0372009277,2.32333612,0.5876597,-0.3596372,-0.601776838,-0.107225448,-0.00667714328,-0.346957147,-20.6552124,0.14889136,1.92798615,0.723303735,-0.36806047,-0.376193434,-0.5542277,1.8998574,1.982242,2.80105519
319,6.3799977395124712,1857,0,0,0,0,0,-8.627024E-05,0,-0.0009116324,-8.627024E-05,0,-0.0009116324,1,0,0,1,-0.00845125,0.344022483,0.6714077,1.33713567,0.0136231072,0.0119016487,-0.0151666682,0.776885867,0.8062114,3.84839416,0.0180983022,-0.0259094238,0.451820165,-3.428606E-05,-0.00728731742,-0.02923014,0.5508964,0.343230963,2.814559,0.0508550778,0.3837462,0.104596809,0.00325817987,0.11516571,-0.0316139758,0.5396781,0.3358582,3.93791652,-0.2182312,-0.257781982,0.0472974963,0.0288577788,0.129963115,-0.0836121,0.269534856,-0.1646821,11.3806715,0.245688438,0.6819306,-0.266083449,-0.00130199268,0.157928,-0.0880322,0.251226485,-0.17074655,12.0220261,-0.142242432,-0.119140625,-0.263564974,0.009560667,0.170133263,-0.108380184,-0.008534618,-0.433356166,-19.7024841,-0.08856201,2.12721944,0.715413,-0.4042275,-0.41925782,-0.113565028,-0.006415881,-0.429312319,-19.8205261,0.04942238,1.784605,0.828808069,-0.375876129,-0.314987481,-0.5551896,1.91159284,2.00723934,2.82691216
320,6.3999977324263035,1864,0,0,0,0,0,-8.627024E-05,0,-0.0009116324,-8.627024E-05,0,-0.0009116324,1,0,0,1,-0.0060364427,0.3186903,0.623823941,1.38856506,0.01310223,0.009449031,-0.0118401721,0.7413562,0.794120252,3.72787428,0.0172885414,-0.0329589844,0.493525624,-2.14910833E-05,-0.00636366941,-0.0282324646,0.5210425,0.32183978,2.324666,0.07206128,0.533167958,0.108839475,-0.00341013819,0.116649039,-0.03127352,0.5105955,0.313519269,3.36195874,-0.177886963,-0.0953064,0.0506826937,0.0230362974,0.1343115,-0.08355979,0.245527253,-0.218623921,10.4044838,0.278894365,0.865063131,-0.259430945,-0.00924199447,0.15519549,-0.08932105,0.227663577,-0.226560861,11.0473337,-0.0797119141,0.08788995,-0.261220664,0.0107511729,0.170096189,-0.108737357,-0.00695219263,-0.493586272,-18.8900146,-0.148132324,1.95741248,0.846188366,-0.369128853,-0.3602763,-0.11514172,-0.00522588566,-0.493879974,-18.9920349,-0.0170593262,1.64758122,0.942711353,-0.318923,-0.296192884,-0.5560845,1.92357981,2.03227735,2.852988
321,6.4199977253401359,1870,0,0,0,0,0,-8.627024E-05,0,-0.0009116324,-8.627024E-05,0,-0.0009116324,1,0,0,1,-0.00513698673,0.2927547,0.572316766,1.442535,0.0112738507,0.00296185212,-0.008619238,0.6984536,0.781644,3.56872725,0.0167035162,-0.0372619629,0.535204649,-0.00015451014,-0.009762687,-0.0259634443,0.4865653,0.303768039,1.72091115,0.08375096,0.6800583,0.141878337,-0.007838663,0.107098229,-0.0293833353,0.476923555,0.2942776,2.6733036,-0.144287109,0.06698517,0.08175388,0.01933565,0.126215979,-0.07965415,0.223187581,-0.258912683,9.385989,0.300463855,1.03495169,-0.219347209,-0.0140821971,0.1418636,-0.08639254,0.205850512,-0.269309133,10.0240355,-0.02444458,0.283367127,-0.226113781,0.009186443,0.15830861,-0.10228429,-0.00562754273,-0.5364665,-18.0892334,-0.202728271,1.81040549,0.963394463,-0.317982465,-0.3657389,-0.112001449,-0.004047092,-0.5400535,-18.1762085,-0.07015991,1.52920878,1.050714,-0.278783917,-0.275565565,-0.5568648,1.93496537,2.05613875,2.87782836
322,6.4399977182539683,1877,0,0,0,0,0,-8.627024E-05,0,-0.0009116324,-8.627024E-05,0,-0.0009116324,1,0,0,1,-0.004011239,0.2717606,0.5220249,1.479969,0.010155852,-0.00146824494,-0.00570474751,0.6497263,0.7652092,3.39694285,0.0163174439,-0.0372314453,0.546774268,-0.000283048255,-0.0108785192,-0.0232516658,0.450510025,0.2837407,1.05821729,0.08693447,0.822174132,0.219912037,-0.0102777164,0.09683441,-0.0271216128,0.441820264,0.2733124,1.92752337,-0.117553711,0.226515308,0.158405781,0.0159707237,0.11766272,-0.07305469,0.200778469,-0.287171066,8.380793,0.311145574,1.18472552,-0.171187878,-0.0170316659,0.124541663,-0.0814849362,0.184713811,-0.299342781,9.009888,0.0173293427,0.461348176,-0.1811224,0.004725285,0.143702835,-0.0905723,-0.00487092137,-0.5631816,-17.2794189,-0.245727539,1.67855763,1.05690956,-0.260904431,-0.393018484,-0.104942389,-0.00325331837,-0.5691595,-17.3512268,-0.122802734,1.42950094,1.1335814,-0.25095135,-0.254777282,-0.557642937,1.9486438,2.08303785,2.906411
323,6.4599977111678,1881,0,0,0,0,0,-8.627024E-05,0,-0.0009116324,-8.627024E-05,0,-0.0009116324,1,0,0,1,-0.000417354051,0.2722132,0.4886641,1.444006,0.011392951,0.003245924,-0.00300944131,0.608552039,0.728356063,3.28295255,0.0162979644,-0.03488159,0.437933862,-0.000121492776,-0.00535776,-0.01933294,0.430188537,0.233283877,0.570264041,0.08536085,0.9533881,0.33216,-0.008839006,0.09019032,-0.0238935016,0.4222732,0.2223127,1.3585788,-0.09664917,0.377326846,0.268914044,0.013782246,0.114057623,-0.06415323,0.1878947,-0.308686823,7.531331,0.311487854,1.31475556,-0.137638673,-0.0188723318,0.113866381,-0.07484294,0.173088342,-0.32242772,8.146764,0.0481196977,0.622626364,-0.151279747,0.00174998119,0.1371444,-0.0760882,-0.00419124961,-0.5771385,-16.3586426,-0.2758789,1.55086708,1.06924832,-0.206060588,-0.413941652,-0.09634555,-0.002634775,-0.585199058,-16.41452,-0.16708374,1.3377142,1.13814771,-0.225870758,-0.23654744,-0.558071,1.95498586,2.1019423,2.92430758
324,6.4799977040816321,1881,0,0,0,0,0,-8.627024E-05,0,-0.0009116324,-8.627024E-05,0,-0.0009116324,1,0,0,1,-3.991672E-05,0.2593382,0.4536646,1.42794275,0.009562546,-0.00251793675,-0.000366740162,0.581627,0.6836134,3.08771944,0.0165014341,-0.0362548828,0.393349618,-0.000465118559,-0.009641292,-0.0143221328,0.412571967,0.173817158,0.3319442,0.08377282,1.0582273,0.242677867,-0.0109479949,0.06432121,-0.01950556,0.405605227,0.16263245,1.04031885,-0.0791626,0.5058254,0.181591019,0.0110663408,0.09102166,-0.05206772,0.197184652,-0.337459326,6.81019354,0.2981629,1.42355525,-0.0201064069,-0.0208860766,0.08834734,-0.06650939,0.183842152,-0.352695078,7.407653,0.0638304651,0.768408656,-0.03741543,-0.00601688772,0.119117714,-0.05671707,-0.00235758722,-0.593802,-15.4220276,-0.286590576,1.37347662,1.0884515,-0.155333146,-0.4729098,-0.083735846,-0.0008336827,-0.6039872,-15.4586792,-0.230987549,1.242706,1.14483821,-0.201238781,-0.291729063,-0.558071852,1.95055377,2.10709667,2.92505741
325,6.4999976969954645,1882,0,0,0,0,0,-8.627024E-05,0,-0.0009116324,-8.627024E-05,0,-0.0009116324,1,0,0,1,0.00133235729,0.250083327,0.4214615,1.39597106,0.00885856,-0.00422672369,0.001266323,0.546362758,0.643474162,2.88400388,0.0163153838,-0.0352172852,0.305928,-0.0008578468,-0.008454781,-0.0104922894,0.3881129,0.125100285,0.314350277,0.08277124,1.144646,0.272297055,-0.0107677989,0.0491771735,-0.016701147,0.382250935,0.1139904,0.9467298,-0.06448364,0.6210672,0.212789133,0.008447551,0.08074677,-0.0364108235,0.18813315,-0.364080429,6.195213,0.2751264,1.49410021,0.009441899,-0.014886369,0.0535995029,-0.05614716,0.176882818,-0.380700171,6.77106428,0.06334859,0.886816144,-0.0109952455,-0.005035281,0.0951271951,-0.0309301652,-0.0008514896,-0.6199501,-14.4332886,-0.2084961,1.07975566,1.10773182,-0.102232724,-0.440182984,-0.0605756342,-1.42529607E-05,-0.63410157,-14.4555969,-0.225830078,1.03189254,1.1408,-0.118875585,-0.373014539,-0.559264541,1.98836446,2.17450762,2.99914217
326,6.5199976899092968,1889,0,0,0,0,0,-8.627024E-05,0,-0.0009116324,-8.627024E-05,0,-0.0009116324,1,0,0,1,0.0019929586,0.242888987,0.393436879,1.34785974,0.007712467,-0.007319171,0.002701969,0.5070566,0.60073,2.71407056,0.0155901117,-0.0361022949,0.181059211,-0.000897259451,-0.00661686528,-0.004831703,0.348591357,0.07045235,0.288012624,0.07747448,1.19953859,0.31793347,-0.008036543,0.020305628,-0.0123204542,0.3446173,0.0595870055,0.8515624,-0.0538635254,0.713013351,0.260760576,0.008336015,0.05807948,-0.0169946067,0.185575455,-0.3938614,5.83576632,0.262499422,1.51608825,0.0257722158,-0.0207407977,0.0138049349,-0.04037189,0.175597221,-0.412246436,6.38310957,0.07228799,0.9651702,0.000188710837,-0.0034487322,0.0610575043,-0.008058317,0.00335486978,-0.631368,-13.3400879,-0.203796387,0.918058038,1.11569142,-0.0885468,-0.365229636,-0.0404969454,0.003013257,-0.649736047,-13.3536987,-0.218353271,0.872105837,1.1367079,-0.0865227357,-0.332435638,-0.5596641,2.004624,2.21312356,3.038035
327,6.5399976828231292,1895,0,0,0,0,0,-8.627024E-05,0,-0.0009116324,-8.627024E-05,0,-0.0009116324,1,0,0,1,0.00278265774,0.230740473,0.365901947,1.30095208,0.00689435471,-0.009359878,0.00371772517,0.460249662,0.558140159,2.54940367,0.014513785,-0.0372619629,0.07085186,-0.000873792567,-0.00470676925,0.0005066935,0.3051104,0.00454374775,0.282867819,0.0693170354,1.22210491,0.268420815,-0.007065364,-0.006152234,-0.007667083,0.3025153,-0.005750848,0.7844627,-0.0461425781,0.778306067,0.2152437,0.00778039359,0.0349519551,0.002579894,0.168053329,-0.429738671,5.67737246,0.2384538,1.49261773,0.06835427,-0.0182597823,-0.0260329582,-0.0233931262,0.159633934,-0.449725,6.1893177,0.07307894,1.00110281,0.03745548,-0.00298268674,0.02553631,0.0197896231,0.008994322,-0.6430166,-12.168335,-0.167694092,0.7237846,1.12111986,-0.0716720447,-0.374695,-0.0169778373,0.009351425,-0.665148258,-12.1744385,-0.193664551,0.7013473,1.13572836,-0.0729800761,-0.34660235,-0.5598743,2.01709843,2.24767828,3.07151484
328,6.5599976757369616,1902,0,0,0,0,0,-8.627024E-05,0,-0.0009116324,-8.627024E-05,0,-0.0009116324,1,0,0,1,0.00329733966,0.21360448,0.338128835,1.25316417,0.006062771,-0.0116702225,0.004383247,0.409363955,0.5173903,2.38026237,0.0132609243,-0.0390014648,-0.0231620371,-0.0008428108,-0.00367394788,0.006292243,0.262306273,-0.0572419129,0.319028884,0.0610521547,1.20664871,0.198562771,-0.00574933132,-0.0371218622,-0.00256408937,0.2610049,-0.06692065,0.7648935,-0.0397949219,0.8103084,0.149653167,0.007429959,0.007356873,0.0226110071,0.143126592,-0.473192543,5.6339674,0.21083945,1.42065966,0.07938984,-0.0182313379,-0.06541152,-0.005799722,0.136330336,-0.4940823,6.10586357,0.06877886,0.9932914,0.0449489839,-0.004174617,-0.009910892,0.04572518,0.0120137949,-0.671196759,-10.940094,-0.153106689,0.5062089,1.12571669,-0.0595700666,-0.3339959,0.006049514,0.0117054172,-0.695957839,-10.9397583,-0.183135986,0.50254035,1.13389516,-0.0585798174,-0.308850765,-0.5599929,2.03088069,2.28603244,3.10869956
329,6.5799976686507931,1908,0,0,0,0,0,-8.627024E-05,0,-0.0009116324,-8.627024E-05,0,-0.0009116324,1,0,0,1,0.00378307281,0.192527488,0.30970934,1.20296752,0.00535925245,-0.0135611054,0.004842603,0.3573359,0.4782557,2.202851,0.0119641423,-0.0410461426,-0.103414364,-0.0007775242,-0.00257225125,0.0120882466,0.221455917,-0.110403344,0.388949275,0.0537691973,1.15105081,0.135401592,-0.00410993351,-0.06810527,0.002748208,0.221365392,-0.119436413,0.784540534,-0.033996582,0.8060384,0.0905975252,0.007440773,-0.02121151,0.0405262932,0.117940888,-0.517153,5.64824057,0.1848439,1.30877852,0.060674727,-0.011674976,-0.09735983,0.0105295628,0.112588413,-0.5384241,6.077722,0.06366674,0.9479025,0.0241538119,0.000228655525,-0.0397154242,0.06251412,0.0339665338,-0.7129575,-9.865906,-0.1352539,0.412939757,0.846177161,0.00371082174,-0.0493953377,0.02139876,0.0310957711,-0.7385216,-9.833923,-0.167938232,0.4132578,0.871670544,0.00271518622,-0.04244546,-0.5599772,2.04271984,2.32276678,3.14348912
330,6.5999976615646254,1913,0,0,0,0,0,-8.627024E-05,0,-0.0009116324,-8.627024E-05,0,-0.0009116324,1,0,0,1,0.002369418,0.168579191,0.280193955,1.15041685,0.00379090873,-0.02121044,0.00484695,0.307285517,0.4407024,2.01232433,0.0106505007,-0.0456848145,-0.166253611,-0.0006870696,-0.00640851352,0.0155637423,0.184606284,-0.153943434,0.4731271,0.0482575521,1.05556583,0.07609645,-0.00216680951,-0.100350738,0.00607202062,0.186170429,-0.16237241,0.8234392,-0.02798462,0.7639014,0.03537945,0.007918551,-0.0526658148,0.0526058264,0.09581067,-0.556192,5.676679,0.16271551,1.16859734,0.0259686057,-0.005482603,-0.12473873,0.0222299229,0.0920347348,-0.5771837,6.06324434,0.0602797233,0.8741999,-0.0108642252,0.00473570451,-0.06722386,0.07377707,0.0541934632,-0.7566088,-9.037079,-0.110351563,0.374460638,0.653129756,0.0158587229,-0.023106575,0.0325766578,0.0490001254,-0.781610548,-8.946442,-0.142089844,0.37330237,0.692142546,0.0170280412,-0.0187055785,-0.559796,2.05519438,2.36220741,3.18075776
331,6.6199976544784578,1921,0,0,0,0,0,-8.627024E-05,0,-0.0009116324,-8.627024E-05,0,-0.0009116324,1,0,0,1,0.00166740909,0.147136837,0.252789229,1.08035135,0.00273165642,-0.0255513862,0.00377996662,0.273124337,0.4104156,1.79167581,0.009335046,-0.049041748,-0.192446157,-0.000710000051,-0.00315188617,0.0145148616,0.166507944,-0.171757877,0.472803682,0.0427018553,0.932928264,-0.009575394,-0.00216673315,-0.114458896,0.005396229,0.17005679,-0.179527491,0.7834426,-0.0229187012,0.6936686,-0.04550573,0.007117423,-0.0686439,0.05833587,0.0872389,-0.587913,5.596214,0.1389092,0.9995064,-0.06930024,-0.00402746,-0.144983724,0.0291284043,0.0853469446,-0.608549356,5.940004,0.05416974,0.7689035,-0.106682941,0.005761342,-0.09002848,0.08254258,0.07546948,-0.7947871,-8.436432,-0.08444214,0.264167666,0.5210462,0.000181304291,-0.146413267,0.041960977,0.06485228,-0.820723653,-8.309509,-0.114044189,0.33895734,0.5016935,0.0192343369,-0.0203966033,-0.5593679,2.066506,2.40083885,3.21673226
332,6.63999764739229,1929,0,0,0,0,0,-8.627024E-05,0,-0.0009116324,-8.627024E-05,0,-0.0009116324,1,0,0,1,0.00125013187,0.129621118,0.2273669,0.9995287,0.00205528783,-0.02740667,0.00372183835,0.243246943,0.381645352,1.55166793,0.008184027,-0.05050659,-0.210436359,-0.0006477706,-0.0015243995,0.0143895866,0.153781623,-0.17841126,0.3882346,0.0368846022,0.8014714,-0.07738365,-0.00268453453,-0.119307742,0.005861421,0.158105865,-0.185454667,0.6637004,-0.0190429688,0.611883938,-0.109429196,0.005755364,-0.0764721,0.0589758269,0.0853115246,-0.601872444,5.40816069,0.112582691,0.8267944,-0.159878477,-0.0067217825,-0.147669226,0.03205331,0.0832826644,-0.6234239,5.704302,0.04388203,0.654015541,-0.201939419,0.002670722,-0.0976749,0.08455046,0.09275913,-0.8158235,-7.99868774,-0.07165527,0.123066925,0.3381452,-0.00760910474,-0.135215789,0.0467330031,0.082486,-0.8457498,-7.91156,-0.09649658,0.276229322,0.342155278,0.00261182338,-0.09493496,-0.5588391,2.07538939,2.43558383,3.24832439
333,6.6599976403061225,1938,0,0,0,0,0,-8.627024E-05,0,-0.0009116324,-8.627024E-05,0,-0.0009116324,1,0,0,1,0.00108298683,0.11549098,0.203825578,0.9129038,0.00162071083,-0.0274680965,0.003915211,0.2161433,0.35243234,1.29993713,0.007224731,-0.0501098633,-0.221268445,-0.0006318687,0.000119969016,0.0139806718,0.143577322,-0.178611428,0.23178263,0.0308632515,0.6682289,-0.133061379,-0.003387818,-0.117982224,0.006113433,0.1481268,-0.186121643,0.469253361,-0.0164489746,0.5254311,-0.167519912,0.004121814,-0.07847212,0.0565409027,0.08539378,-0.5992316,5.13861942,0.0873921141,0.6622588,-0.230405256,-0.00706608966,-0.141178429,0.032324627,0.08554165,-0.6218282,5.384988,0.0319494829,0.54056,-0.27259323,0.00040606223,-0.09716853,0.0804421455,0.103148557,-0.8141938,-7.746338,-0.063079834,-0.0248718262,0.189513117,-0.009246337,-0.132219523,0.0476544723,0.101392537,-0.844345748,-7.662903,-0.08544922,0.180387273,0.180383191,-0.0025970987,-0.0921061859,-0.558246553,2.08451033,2.47193527,3.28135443
334,6.679997633219954,1946,0,0,0,0,0,-8.627024E-05,0,-0.0009116324,-8.627024E-05,0,-0.0009116324,1,0,0,1,0.00109704223,0.103944063,0.182072,0.8234249,0.00132080913,-0.0263959244,0.004180309,0.191886961,0.322771043,1.04405665,0.006392048,-0.048034668,-0.225430608,-0.000670739741,0.00167826354,0.0130720558,0.135282323,-0.1694773,0.03860685,0.0252467077,0.5402416,-0.155783772,-0.003596772,-0.111128569,0.00623137038,0.139877528,-0.176906854,0.236648187,-0.0146484375,0.438831,-0.190124273,0.00288223336,-0.07677494,0.0517750457,0.08613362,-0.581893,4.67585945,0.06430616,0.5124534,-0.3530949,-0.00721283769,-0.128856421,0.0308295414,0.08739145,-0.6038677,4.879953,0.0200158488,0.434290618,-0.394658118,-0.0006319005,-0.09117093,0.07299906,0.113809675,-0.8048445,-7.694824,-0.05480957,-0.168823242,0.0135256341,-0.008402053,-0.122321181,0.044646807,0.115048818,-0.83416754,-7.633087,-0.07650757,0.08131562,-0.009310128,-0.00296367961,-0.088157706,-0.5576384,2.09139872,2.503919,3.309761
335,6.6999976261337864,1954,0,0,0,0,0,-8.627024E-05,0,-0.0009116324,-8.627024E-05,0,-0.0009116324,1,0,0,1,0.00122417265,0.09429306,0.162246838,0.7335927,0.00109811872,-0.0246267915,0.004424522,0.170142949,0.2931677,0.791223645,0.0056253965,-0.04449463,-0.223248959,-0.000723400735,0.00298658968,0.0117853638,0.127544254,-0.154842436,-0.164215088,0.0202516187,0.4226161,-0.160829425,-0.00359099219,-0.100504421,0.00599856954,0.1320758,-0.161588684,-0.00305175781,-0.0132446289,0.356681019,-0.1920692,0.002029037,-0.0714480951,0.0455973074,0.08782311,-0.5565002,4.07707548,0.0445295237,0.381160349,-0.449229449,-0.007023514,-0.113287374,0.0279366169,0.08961817,-0.5771373,4.233358,0.009960567,0.339387685,-0.490386754,-0.000949705951,-0.08178006,0.0637158,0.12440978,-0.786146939,-7.8112793,-0.0472106934,-0.30078125,-0.134231865,-0.00735140359,-0.107604071,0.03982622,0.1270672,-0.8145586,-7.784363,-0.06692505,-0.0126342773,-0.166756868,-0.00184534676,-0.07963328,-0.557021141,2.09763241,2.53491974,3.33708739
336,6.7199976190476187,1955,0,0,0,0,0,-8.627024E-05,0,-0.0009116324,-8.627024E-05,0,-0.0009116324,1,0,0,1,0.0014059504,0.08609683,0.144258887,0.645704746,0.0009208155,-0.0224895347,0.00460298266,0.150704592,0.2640266,0.547933757,0.00488593662,-0.0399169922,-0.215416417,-0.00075433345,0.003956258,0.0102674318,0.119760245,-0.137883,-0.3678589,0.0158309471,0.318460375,-0.159140229,-0.00347434916,-0.0877549946,0.00549853034,0.124102585,-0.14379558,-0.239562988,-0.0121459961,0.282180667,-0.186528653,0.00139057334,-0.063813746,0.0387454852,0.0890727341,-0.5245755,3.36114621,0.028281033,0.269851863,-0.531000137,-0.00659809075,-0.0963822454,0.0242543742,0.09128757,-0.5437217,3.468214,0.00177373621,0.257591963,-0.571793258,-0.00127514917,-0.0707911,0.05365207,0.134100229,-0.756906,-8.076172,-0.04046631,-0.416046143,-0.26365003,-0.006255251,-0.09051805,0.0341274776,0.137777835,-0.7840098,-8.088928,-0.05795288,-0.09677124,-0.300038248,-0.00139267882,-0.06869803,-0.5565816,2.097426,2.547328,3.34632015
337,6.7399976119614511,1955,0,0,0,0,0,-8.627024E-05,0,-0.0009116324,-8.627024E-05,0,-0.0009116324,1,0,0,1,0.00159941055,0.0789987147,0.127962649,0.5614991,0.0007720176,-0.020219041,0.00469862856,0.133393079,0.23569189,0.319529682,0.00417260546,-0.03466797,-0.20288375,-0.0007607777,0.004581758,0.008648648,0.11177773,-0.119724587,-0.5657654,0.0119457515,0.229228914,-0.152181864,-0.0032409674,-0.07420826,0.00483358838,0.1158407,-0.124831274,-0.466278076,-0.0112915039,0.217071414,-0.175828233,0.0009287754,-0.0550585836,0.0317810737,0.0895999,-0.4874928,2.55441523,0.01563709,0.178392619,-0.5928131,-0.00584186474,-0.07950096,0.0202620067,0.0921556652,-0.505067468,2.61240864,-0.00451660156,0.189252064,-0.632673562,-0.00139854534,-0.0594160035,0.0435680375,0.14205566,-0.71854347,-8.463287,-0.034362793,-0.5123596,-0.369557559,-0.004871386,-0.07281851,0.0281654652,0.146556765,-0.743988,-8.517242,-0.0500488281,-0.168823242,-0.407193571,-0.00106336223,-0.0569014251,-0.5562137,2.096256,2.55583429,3.35200715
338,6.7599976048752835,1961,0,0,0,0,0,-8.627024E-05,0,-0.0009116324,-8.627024E-05,0,-0.0009116324,1,0,0,1,0.00177575555,0.07274407,0.113216706,0.482203662,0.0006435708,-0.0179710537,0.00470790733,0.11803668,0.208457261,0.110087827,0.003489141,-0.0291442871,-0.186686486,-0.0007437982,0.004886695,0.007033108,0.103601761,-0.101188555,-0.752532959,0.008579761,0.155127287,-0.140960574,-0.002898729,-0.06083405,0.0040918435,0.107334055,-0.105545856,-0.678009033,-0.0105896,0.161958948,-0.1611045,0.0006327962,-0.046072308,0.025098078,0.0892032161,-0.446595073,1.68419313,0.00642463658,0.105583094,-0.633854747,-0.004821055,-0.0635511,0.0162953418,0.0919833556,-0.462548345,1.694389,-0.00894165,0.133780777,-0.6721006,-0.00124205474,-0.0484493524,0.0339910761,0.147671521,-0.672571242,-8.944244,-0.02859497,-0.589294434,-0.4501991,-0.003215915,-0.0556877553,0.0223550051,0.15279609,-0.6961218,-9.039368,-0.0429382324,-0.228027344,-0.4877853,-0.000507827033,-0.0452381074,-0.555201948,2.1111753,2.61705685,3.40797544
339,6.7799975977891158,1969,0,0,0,0,0,-8.627024E-05,0,-0.0009116324,-8.627024E-05,0,-0.0009116324,1,0,0,1,0.0019175926,0.06715497,0.0998900458,0.408639938,0.000531859463,-0.0158416238,0.00463570328,0.104426131,0.1825907,-0.07748413,0.00284073153,-0.0235900879,-0.167850658,-0.00070456817,0.004904725,0.005497513,0.0953239053,-0.08288638,-0.9237671,0.005726512,0.09549192,-0.126326889,-0.00247385912,-0.0482895263,0.00333831878,0.0987036154,-0.08657775,-0.870636,-0.0100097656,0.116663352,-0.143341169,0.000479214243,-0.0374535769,0.0189540572,0.0877466351,-0.40312314,0.777160764,0.000250908051,0.0495895222,-0.6547391,-0.003665121,-0.0490882657,0.0125721721,0.09066394,-0.417452574,0.741696358,-0.0116271973,0.09004284,-0.69081825,-0.0008758558,-0.03837888,0.02526534,0.1505422,-0.620599031,-9.490875,-0.0230712891,-0.6476135,-0.5057893,-0.00144054741,-0.03988876,0.0169722065,0.156105757,-0.6421,-9.626038,-0.03643799,-0.2746582,-0.5422626,0.000253093254,-0.0343294069,-0.5546621,2.11426759,2.639643,3.4271698
340,6.7999975907029473,1977,0,0,0,0,0,-8.627024E-05,0,-0.0009116324,-8.627024E-05,0,-0.0009116324,1,0,0,1,0.00201590685,0.06209993,0.0878643245,0.341286242,0.000435243244,-0.0138838422,0.00449316157,0.09241906,0.158288419,-0.241424561,0.00224602222,-0.0182495117,-0.14736934,-0.000656467339,0.004731928,0.00409569,0.08706855,-0.0652772561,-1.07611084,0.00337724853,0.0491062775,-0.109127834,-0.00200277,-0.03698989,0.00261877174,0.09009384,-0.06836891,-1.04116821,-0.009460449,0.08050596,-0.123304181,0.0004333664,-0.0295776855,0.0135026947,0.08520094,-0.358207583,-0.1416626,-0.00341796875,0.008267395,-0.656930864,-0.00250107422,-0.0364030972,0.009223167,0.088156715,-0.370940059,-0.220062256,-0.0128173828,0.0566201024,-0.6904537,-0.000408017077,-0.0294662938,0.0175888538,0.150472671,-0.5642376,-10.0762939,-0.01776123,-0.6887512,-0.5375573,0.000296366925,-0.0258592237,0.0121845473,0.156280383,-0.5836164,-10.2496338,-0.030456543,-0.3095398,-0.572308362,0.00108850631,-0.0245475918,-0.5541568,2.1168015,2.659897,3.44426918
341,6.81999758361678,1984,0,0,0,0,0,-8.627024E-05,0,-0.0009116324,-8.627024E-05,0,-0.0009116324,1,0,0,1,0.00206802669,0.0574901067,0.07703259,0.2803563,0.000352743722,-0.0121207414,0.004293994,0.0818066448,0.13571395,-0.380950928,0.00170043646,-0.0133361816,-0.126113042,-0.0005937131,0.00440323958,0.00285775936,0.07897413,-0.04872248,-1.2071228,0.00151384156,0.0144302258,-0.09031638,-0.00152255141,-0.02713904,0.00196092855,0.08165759,-0.0512731746,-1.18740845,-0.008880615,0.0525164343,-0.101917081,0.000457486545,-0.0226374827,0.008818375,0.08164018,-0.3128541,-1.04962158,-0.005126953,-0.0206298828,-0.642332852,-0.00142474053,-0.0256102346,0.006317267,0.08458275,-0.324043423,-1.16781616,-0.012878418,0.03198537,-0.673070133,7.25548962E-05,-0.0218282975,0.0110500958,0.147457451,-0.5050203,-10.6757813,-0.0128173828,-0.714660645,-0.5474068,0.001881986,-0.0138111748,0.00807515252,0.153349474,-0.522267759,-10.8847351,-0.0249938965,-0.333984375,-0.579789,0.0018924789,-0.0160800628,-0.553726435,2.11840057,2.675838,3.45750523
342,6.839997576530612,1990,0,0,0,0,0,-8.627024E-05,0,-0.0009116324,-8.627024E-05,0,-0.0009116324,1,0,0,1,0.00207557,0.0532580763,0.0672974959,0.22585848,0.000283406029,-0.0105561055,0.00405124668,0.07245082,0.114957064,-0.4961853,0.00121927715,-0.008880615,-0.10482423,-0.0005284155,0.00397446845,0.00179903931,0.07116784,-0.0334312841,-1.31533813,0.00010619434,-0.0102233887,-0.0705355853,-0.00106486236,-0.018808838,0.00138127012,0.0735295,-0.0355099,-1.30828857,-0.008300781,0.03158727,-0.0798803046,0.0005187217,-0.0167104937,0.00491708564,0.0771816447,-0.267943621,-1.92681885,-0.00546264648,-0.03930664,-0.6132306,-0.0005014793,-0.0166870188,0.00387787353,0.08002202,-0.2776527,-2.081482,-0.0121459961,0.0146285826,-0.641000867,0.0005036413,-0.0154695716,0.00565486355,0.14165388,-0.444378644,-11.2671509,-0.008300781,-0.727508545,-0.537740946,0.00323561463,-0.00378028816,0.00466458639,0.147460178,-0.459536433,-11.5089722,-0.0200805664,-0.349334717,-0.5675958,0.00259207375,-0.008982536,-0.553286,2.12011552,2.69185734,3.47089481
343,6.8599975694444444,1998,0,0,0,0,0,-8.627024E-05,0,-0.0009116324,-8.627024E-05,0,-0.0009116324,1,0,0,1,0.0020428726,0.049354542,0.0585693941,0.1776441,0.000226090546,-0.009180415,0.003778117,0.0642000139,0.09607576,-0.5877991,0.0007970234,-0.00497436523,-0.08413044,-0.000456949871,0.00351484143,0.000922654755,0.06375613,-0.0195600875,-1.40014648,-0.000885009766,-0.0265197754,-0.0505034328,-0.000653805153,-0.0119695822,0.0008895461,0.0658209845,-0.0212205928,-1.40341187,-0.007659912,0.0165861789,-0.0578449927,0.000590828829,-0.011800875,0.00177272107,0.07199111,-0.224205792,-2.75653076,-0.00491333,-0.0498352051,-0.571996868,0.000235313986,-0.00952169951,0.00189741212,0.07467497,-0.23252216,-2.94400024,-0.0108642578,0.00314377015,-0.59673,0.000848666648,-0.0103166746,0.001351689,0.133352965,-0.383584738,-11.83136,-0.00436401367,-0.72946167,-0.51134187,0.004317225,0.004309476,0.00192833343,0.138930529,-0.396734029,-12.1029053,-0.0157775879,-0.3571167,-0.538371,0.00314629776,-0.00320763281,-0.552889943,2.12138629,2.70527077,3.48201919
344,6.8799975623582768,2006,0,0,0,0,0,-8.627024E-05,0,-0.0009116324,-8.627024E-05,0,-0.0009116324,1,0,0,1,0.0019759736,0.0457444042,0.05076815,0.135449857,0.000179458832,-0.007977391,0.00348580256,0.0569041,0.07906586,-0.6571655,0.000443513884,-0.00161743164,-0.06450924,-0.000390494621,0.00303351018,0.000222343369,0.05682388,-0.007195562,-1.46160889,-0.00152587891,-0.0360717773,-0.0308477152,-0.000304851157,-0.006523561,0.000485645927,0.05861892,-0.008497037,-1.473114,-0.00698852539,0.00641755853,-0.0364696048,0.0006555291,-0.007841909,-0.0006684846,0.06621766,-0.182252,-3.52493286,-0.00384521484,-0.0539855957,-0.520989954,0.0007773555,-0.003951281,0.000347075984,0.06872978,-0.189272851,-3.74160767,-0.00936889648,-0.003753662,-0.5426873,0.00109417946,-0.00626497064,-0.00194833684,0.122906953,-0.323744267,-12.352417,-0.00109863281,-0.722625732,-0.4710199,0.005116249,0.0106099546,-0.000184559845,0.128163159,-0.3349828,-12.6504517,-0.0120849609,-0.358734131,-0.495013326,0.003546107,0.00133992243,-0.552542031,2.12228274,2.71615839,3.49097443
345,6.8999975552721082,2015,0,0,0,0,0,-8.627024E-05,0,-0.0009116324,-8.627024E-05,0,-0.0009116324,1,0,0,1,0.00188153994,0.0423929244,0.043818064,0.09892952,0.000142060744,-0.006928399,0.00318477978,0.0504687168,0.0639003143,-0.705963135,0.000153394329,0.0012023974,-0.046313528,-0.0003286691,0.00257384358,-0.0003140048,0.05042195,0.00362546835,-1.50042725,-0.00183105469,-0.04034424,-0.012115756,-2.551722E-05,-0.00233671977,0.000167048915,0.05197342,0.002649838,-1.51837158,-0.00625610352,7.72129642E-05,-0.0161761288,0.0007015145,-0.00474797469,-0.002478063,0.0601126626,-0.14257592,-4.22125244,-0.00259399414,-0.05343628,-0.462517351,0.00113471132,0.000216939021,-0.0008149829,0.0623722225,-0.148400635,-4.46353149,-0.0078125,-0.00714111328,-0.481261,0.00123873819,-0.00317905,-0.00435675541,0.1107885,-0.265766382,-12.8172,0.00145564938,-0.7088928,-0.419304937,0.00564370351,0.0153137222,-0.001742601,0.115587853,-0.275236577,-13.13858,-0.009033203,-0.35546875,-0.4404682,0.00378933968,0.004795597,-0.5521932,2.12322617,2.726521,3.49956059
346,6.9199975481859406,2023,0,0,0,0,0,-8.627024E-05,0,-0.0009116324,-8.627024E-05,0,-0.0009116324,1,0,0,1,0.00176634872,0.0392794758,0.0376483537,0.06768648,0.000112424037,-0.006012586,0.00288305385,0.04476032,0.05051563,-0.736175537,-9.15527344E-05,0.003529673,-0.0298016,-0.000267230615,0.002123169,-0.000703376,0.0445831,0.0129426159,-1.51791382,-0.00192260742,-0.0406494141,0.00542192673,0.0001834477,0.000753136352,-7.221698E-05,0.04591784,0.01223212,-1.54064941,-0.00552368164,-0.003326416,0.00262421952,0.0007233505,-0.00241183862,-0.003736434,0.0538013,-0.105539754,-4.83764648,-0.00134277344,-0.04949951,-0.398807377,0.00133062771,0.00318312412,-0.00163755938,0.05582688,-0.110274225,-5.10192871,-0.006286621,-0.00799560547,-0.4146643,0.00129316782,-0.0009162291,-0.00599519257,0.09742473,-0.210417554,-13.2158508,0.00333364261,-0.6900635,-0.3591851,0.005928852,0.01863061,-0.002821996,0.1017333,-0.218247086,-13.55719,-0.006591797,-0.348571777,-0.3772732,0.00389213767,0.00730683235,-0.551886439,2.12392282,2.734777,3.50637031
347,6.939997541099773,2030,0,0,0,0,0,-8.627024E-05,0,-0.0009116324,-8.627024E-05,0,-0.0009116324,1,0,0,1,0.00163694331,0.03637969,0.0321928672,0.04129018,8.915906E-05,-0.00521124573,0.0025861396,0.039706666,0.0388363227,-0.7498474,-0.0002746582,0.005399097,-0.0151108913,-0.000213127671,0.001729002,-0.0009637361,0.03931321,0.0207868163,-1.51559448,-0.00180053711,-0.0381164551,0.0213779081,0.000326342328,0.00290733669,-0.0002415703,0.0404547639,0.02030598,-1.54180908,-0.00479125977,-0.004547119,0.0196679588,0.0007202218,-0.000715181057,-0.004527164,0.0474969,-0.0714069158,-5.36895752,-0.000244140625,-0.0433959961,-0.3318478,0.00139391527,0.00514815049,-0.00217131968,0.04923791,-0.07515587,-5.65185547,-0.00494384766,-0.00704956055,-0.34494856,0.001273928,0.0006566041,-0.00698785949,0.08330503,-0.158265531,-13.5410767,0.00457085,-0.667633057,-0.2928896,0.00600697938,0.020777842,-0.00349973328,0.0870376453,-0.164608866,-13.8993835,-0.00466918945,-0.338989258,-0.308228284,0.00387809938,0.009022966,-0.5516218,2.1244204,2.741136,3.51159167
348,6.9599975340136053,2036,0,0,0,0,0,-8.627024E-05,0,-0.0009116324,-8.627024E-05,0,-0.0009116324,1,0,0,1,0.00149908976,0.0336751267,0.0273901727,0.0192967318,7.10064851E-05,-0.00450689672,0.00230066548,0.0352237225,0.0287525523,-0.749237061,-0.000396728516,0.006878794,-0.0022989253,-0.000163748366,0.00135020225,-0.00111530279,0.0346004441,0.0272322241,-1.49542236,-0.00155639648,-0.03366089,0.0355454423,0.000411099463,0.00429169741,-0.000349731621,0.0355715565,0.0269478541,-1.5239563,-0.004058838,-0.004272461,0.03475902,0.0006942993,0.000449932471,-0.00493231462,0.0413303636,-0.04034644,-5.81234741,0.0006425702,-0.0359802246,-0.263434857,0.00135636574,0.006297283,-0.00246713078,0.042817466,-0.0432148241,-6.110626,-0.00381469727,-0.005004883,-0.273949832,0.00119835313,0.00167298981,-0.0074538677,0.0688471,-0.109738223,-13.7883,0.00524819968,-0.6429138,-0.2228766,0.005920402,0.02195887,-0.00385064818,0.072009176,-0.114733562,-14.1604614,-0.00326538086,-0.327636719,-0.235335052,0.00376876327,0.0100850686,-0.5514142,2.12465739,2.745378,3.51501441
349,6.9799975269274377,2036,0,0,0,0,0,-8.627024E-05,0,-0.0009116324,-8.627024E-05,0,-0.0009116324,1,0,0,1,0.00135798263,0.0311499555,0.0231817737,0.00126239657,5.687323E-05,-0.003884148,0.00202784431,0.0312474668,0.02014904,-0.73651123,-0.00048828125,0.007994231,0.008601931,-0.000122950354,0.00106826262,-0.00117584574,0.0304214433,0.0323737264,-1.45950317,-0.0012512207,-0.0280761719,0.04781844,0.0004472799,0.005051659,-0.000405938,0.0312416684,0.0322547853,-1.48934937,-0.00335693359,-0.002960205,0.04780103,0.0006495785,0.00118652091,-0.00502911536,0.03544562,-0.0124423653,-6.167206,0.00128190219,-0.0280151367,-0.195159316,0.00124720007,0.0068074544,-0.00257221144,0.0366631076,-0.0145269837,-6.477783,-0.00286865234,-0.002319336,-0.203262627,0.001084509,0.00225172937,-0.00750490557,0.0544670448,-0.0651224256,-13.9551392,0.005459586,-0.616912842,-0.150998428,0.00570622738,0.0223716255,-0.00394397462,0.05704436,-0.06891692,-14.3382568,-0.00225830078,-0.315185547,-0.160906732,0.00358888577,0.0106270723,-0.55136466,2.1240356,2.74492812,3.5142796
350,6.9999975198412692,2037,0,0,0,0,0,-8.627024E-05,0,-0.0009116324,-8.627024E-05,0,-0.0009116324,1,0,0,1,0.001217697,0.0287901387,0.0195128266,-0.0132478587,4.58673749E-05,-0.00333141466,0.00177325064,0.0277124979,0.012908441,-0.7137146,-0.0005493164,0.008826424,0.0176841244,-8.484282E-05,0.0007838735,-0.00116503728,0.0267412849,0.03631213,-1.41000366,-0.000885009766,-0.0219726563,0.0581272058,0.000445382757,0.005329251,-0.000420756463,0.0274290312,0.0363236032,-1.44039917,-0.00271606445,-0.00109863281,0.0587051548,0.000590981334,0.00159101631,-0.00488785142,0.029940404,0.01229459,-6.434723,0.00169310113,-0.0200500488,-0.128374666,0.00109466747,0.00682429457,-0.00252953148,0.03090369,0.0108970888,-6.75473,-0.00213623047,0.0006202286,-0.134245753,0.0009493845,0.002490835,-0.00724054361,0.0405134857,-0.0245839618,-14.0412292,0.005312089,-0.5905762,-0.07914342,0.005406875,0.0221856032,-0.003841366,0.0425167643,-0.0273107924,-14.4325867,-0.00155639648,-0.3022461,-0.0865976438,0.00336436532,0.0107642105,-0.5509481,2.12576,2.75376368,3.52216053
351,7.0199975127551015,2045,0,0,0,0,0,-8.627024E-05,0,-0.0009116324,-8.627024E-05,0,-0.0009116324,1,0,0,1,0.00108163373,0.0265827775,0.01633142,-0.024651302,3.724716E-05,-0.00283772568,0.00153615547,0.0245771967,0.006904294,-0.682891846,-0.000579834,0.009399459,0.0250230283,-5.273405E-05,0.000560215965,-0.00109885365,0.0235185921,0.03915892,-1.34921265,-0.00048828125,-0.0158081055,0.06648241,0.000415617338,0.005242809,-0.0004016877,0.02408988,0.03927622,-1.379425,-0.00213623047,0.001053109,0.067534,0.000523492752,0.00173926307,-0.00457151374,0.024901703,0.0339101255,-6.61764526,0.00190708914,-0.012512207,-0.06421287,0.0009195555,0.00648434227,-0.00237753335,0.02562309,0.0331126861,-6.94448853,-0.00158691406,0.003534972,-0.06803509,0.000805144,0.00248543173,-0.006748347,0.0272707362,0.0118119605,-14.0480652,0.00490749255,-0.56451416,-0.008760315,0.00505036674,0.0215550642,-0.00359690376,0.0287287813,0.0100239459,-14.4451294,-0.00112915039,-0.2892151,-0.0139647359,0.003110748,0.0106015755,-0.550742149,2.12629628,2.75667286,3.52472663
352,7.0399975056689339,2053,0,0,0,0,0,-8.627024E-05,0,-0.0009116324,-8.627024E-05,0,-0.0009116324,1,0,0,1,0.0009523752,0.0245175269,0.01358848,-0.033342462,3.04432888E-05,-0.00239524571,0.00131882634,0.021794429,0.00201350683,-0.6457825,-0.000579834,0.009765484,0.0307501275,-2.64661867E-05,0.0003637966,-0.0009923565,0.0207095463,0.0410312675,-1.27926636,-0.000152587891,-0.009887695,0.07295708,0.000367154222,0.004895742,-0.000358363148,0.021178728,0.0412319526,-1.30883789,-0.00161743164,0.003229494,0.0743714049,0.000451855885,0.00170743885,-0.004134392,0.0203678589,0.0525090322,-6.720001,0.00196429458,-0.005645752,-0.00357719976,0.000739515,0.005899113,-0.0021489975,0.0208781976,0.0522258431,-7.05126953,-0.001159668,0.00622258661,-0.005555542,0.0006632704,0.002303619,-0.006103143,0.014981945,0.0440843031,-13.9783936,0.004338418,-0.5392456,0.0588214062,0.00466434,0.0206092782,-0.0032556504,0.015931841,0.0431182422,-14.3788452,-0.000885009766,-0.276489258,0.0557407625,0.00284830388,0.0102216322,-0.5505807,2.12666059,2.75832558,3.526214
353,7.0599974985827663,2060,0,0,0,0,0,-8.627024E-05,0,-0.0009116324,-8.627024E-05,0,-0.0009116324,1,0,0,1,0.0008317724,0.0225865021,0.0112394523,-0.03969029,2.5016594E-05,-0.00199763756,0.00112040609,0.0193312448,-0.00189327751,-0.6041565,-0.0005493164,0.009954053,0.0350065045,-3.948651E-06,0.000205228629,-0.0008594473,0.0182716958,0.0420429148,-1.20233154,0.000184552671,-0.00451660156,0.07763598,0.000308038347,0.00437858934,-0.000296600861,0.0186508149,0.04230303,-1.23077393,-0.001159668,0.005269509,0.0792955,0.0003798759,0.00154602085,-0.00362190278,0.0163580775,0.06822329,-6.746826,0.00190817658,0.000321235741,0.05282245,0.000567216543,0.005157396,-0.00187167677,0.0166651551,0.06837976,-7.080414,-0.0008544922,0.008559572,0.05250287,0.0005296432,0.00201156,-0.00536676869,0.00378566515,0.07231873,-13.8364868,0.00368640362,-0.5151367,0.122600518,0.00427094,0.0194595866,-0.002855784,0.00426666252,0.07206461,-14.23822,-0.000762939453,-0.2642517,0.121356115,0.00258439826,0.009700142,-0.550448954,2.126939,2.75916743,3.52701974
354,7.0799974914965986,2067,0,0,0,0,0,-8.627024E-05,0,-0.0009116324,-8.627024E-05,0,-0.0009116324,1,0,0,1,0.0007209944,0.0207822565,0.009240932,-0.0440353937,2.06374E-05,-0.00164000469,0.0009414486,0.01714261,-0.00492448267,-0.5594177,-0.0005187988,0.009996106,0.0379460827,1.41629389E-05,7.534935E-05,-0.000709926,0.0161611717,0.0423070528,-1.12033081,0.000460585929,0.0002282966,0.08065172,0.0002445432,0.003755577,-0.000223949479,0.016461309,0.0426128767,-1.14736938,-0.000762939453,0.007060461,0.08249003,0.000310773379,0.00130755687,-0.003071915,0.012892399,0.0812207162,-6.70385742,0.0017764651,0.0053378134,0.104484349,0.0004103645,0.004339038,-0.00156817527,0.0130213974,0.0817455053,-7.03781128,-0.000640869141,0.0104699135,0.105634786,0.0004102024,0.00165269454,-0.004590044,-0.00618842943,0.09666372,-13.6271667,0.003011608,-0.492431641,0.1818576,0.003883034,0.0181962047,-0.00242717215,-0.0061368905,0.0970161557,-14.02829,-0.0007324219,-0.252685547,0.182327926,0.00233244617,0.009091446,-0.5503361,2.12719464,2.75948477,3.52740455
355,7.099997484410431,2074,0,0,0,0,0,-8.627024E-05,0,-0.0009116324,-8.627024E-05,0,-0.0009116324,1,0,0,1,0.0006206919,0.01909736,0.00755423447,-0.04668877,1.70622E-05,-0.00131858338,0.0007814089,0.015212046,-0.00720545743,-0.512908936,-0.00048828125,0.009919559,0.039726682,2.5461819E-05,-3.28848837E-05,-0.000554348,0.014336261,0.04193227,-1.03509521,0.00068355666,0.004218509,0.08214755,0.000181817537,0.00308957975,-0.000145095182,0.0145673817,0.04227294,-1.06051636,-0.000457763672,0.008539048,0.08411309,0.000246809854,0.00102555181,-0.00251451624,0.00995309,0.0916906148,-6.59738159,0.00160402514,0.00936875,0.151078537,0.000274505728,0.00349741,-0.001256556,0.009938089,0.09252198,-6.930023,-0.00048828125,0.0119279353,0.153487667,0.000306136935,0.00126681686,-0.00381175848,-0.0148948915,0.117300957,-13.3561707,0.00236562686,-0.471221924,0.235993743,0.003514505,0.01688632,-0.00199362217,-0.0152031668,0.11817614,-13.7549438,-0.0007324219,-0.241882324,0.237991408,0.0020945596,0.008444276,-0.550218463,2.127598,2.75959373,3.52771473
356,7.1199974773242625,2082,0,0,0,0,0,-8.627024E-05,0,-0.0009116324,-8.627024E-05,0,-0.0009116324,1,0,0,1,0.0005310257,0.0175264776,0.00614233036,-0.047932677,1.41172641E-05,-0.00103083532,0.000639532867,0.0135125807,-0.008832778,-0.465698242,-0.000457763672,0.009745677,0.0405203179,3.47239147E-05,-0.0001270708,-0.00039915106,0.0127599463,0.04102831,-0.9482727,0.0008521614,0.007444003,0.0823192149,0.000123127378,0.0024178056,-6.45883E-05,0.0129308375,0.04138679,-0.9719238,-0.000213623047,0.009674187,0.0843298957,0.000189373357,0.0007279767,-0.00197241153,0.007519647,0.09983741,-6.433899,0.001414786,0.0124458084,0.1924218,0.000160922937,0.00267860852,-0.000950988731,0.00737109641,0.100923337,-6.76382446,-0.000366210938,0.0129327942,0.1959345,0.000218707719,0.000881321961,-0.00306271273,-0.0223229155,0.134442449,-13.0296021,0.00177547021,-0.4515686,0.2846746,0.0031695,0.01559137,-0.00157299952,-0.0229485072,0.135756269,-13.4245911,-0.000762939453,-0.231872559,0.287926435,0.00187539216,0.00778964069,-0.550125539,2.127932,2.75917268,3.52757239
357,7.1399974702380948,2090,0,0,0,0,0,-8.627024E-05,0,-0.0009116324,-8.627024E-05,0,-0.0009116324,1,0,0,1,0.0004518788,0.0160651971,0.00497187,-0.0480197221,1.16702313E-05,-0.0007742246,0.0005147296,0.0120144757,-0.009908347,-0.418792725,-0.000396728516,0.009492808,0.0404559,4.43964273E-05,-0.000208525686,-0.000250485842,0.011398769,0.0396864526,-0.8612671,0.0009686025,0.009920823,0.08130804,7.099038E-05,0.00177504565,1.39087642E-05,0.0115175769,0.04005469,-0.883087158,0,0.0104625179,0.0833269954,0.000139293363,0.000436882721,-0.00146289973,0.00554589042,0.105871513,-6.220154,0.00122870051,0.0146324849,0.228456885,7.020759E-05,0.001912989,-0.0006616678,0.005303834,0.107158214,-6.54608154,-0.000305175781,0.0135105643,0.2329012,0.000147469575,0.0005153911,-0.00236368016,-0.0285022017,0.14833273,-12.65387,0.00126428052,-0.433441162,0.3276095,0.002854174,0.0143471919,-0.001178425,-0.02937964,0.150017381,-13.0437012,-0.000793457031,-0.22265625,0.332051039,0.00167673617,0.00715511572,-0.550051451,2.1282196,2.75840521,3.527134
358,7.1599974631519272,2097,0,0,0,0,0,-8.627024E-05,0,-0.0009116324,-8.627024E-05,0,-0.0009116324,1,0,0,1,0.000382854458,0.0147082414,0.004011581,-0.04717437,9.628146E-06,-0.0005470532,0.0004053144,0.0107040461,-0.0105179921,-0.3729248,-0.000335693359,0.009167328,0.0397016741,5.14541971E-05,-0.000256456318,-0.000112822061,0.0102225421,0.0380045,-0.775421143,0.00103745959,0.01169383,0.07933159,2.65764284E-05,0.00118407886,8.838199E-05,0.0102962041,0.0383675471,-0.7953186,0.000131161636,0.010921563,0.08128738,9.67998349E-05,0.000163073535,-0.000997822,0.003999519,0.110009328,-5.962799,0.00105690816,0.0160143934,0.259249121,2.93754056E-07,0.00122064888,-0.000395976,0.00366375176,0.1114553,-6.283661,-0.000244140625,0.0137049733,0.264490664,9.057678E-05,0.000184948323,-0.00172926881,-0.0334821045,0.159221813,-12.2354736,0.000838721055,-0.416809082,0.3648225,0.002567792,0.0131817786,-0.000818672939,-0.03458593,0.161207139,-12.6191406,-0.000793457031,-0.214202881,0.370170981,0.00149700837,0.00655931234,-0.5499973,2.12842655,2.75741816,3.52647853
359,7.17999745606576,2104,0,0,0,0,0,-8.627024E-05,0,-0.0009116324,-8.627024E-05,0,-0.0009116324,1,0,0,1,0.000323311018,0.0134541579,0.0032336947,-0.0455948152,7.921494E-06,-0.00034785943,0.000311270152,0.009548702,-0.0107437335,-0.328704834,-0.0002746582,0.008794116,0.038379468,5.108332E-05,-0.000316880236,1.08471722E-05,0.009208463,0.0360505432,-0.6917114,0.0010648981,0.0128283584,0.07649045,-9.655556E-06,0.000659181271,0.000155598158,0.009242775,0.036407005,-0.7097168,0.000234547915,0.0110773025,0.0783797,6.171554E-05,-7.819329E-05,-0.0005847735,0.00279571116,0.112464584,-5.66836548,0.000905964233,0.0166935176,0.284973443,-5.14837157E-05,0.000613893848,-0.00015853261,0.00239475188,0.114024088,-5.983246,-0.000183105469,0.0135606974,0.290854365,4.73655346E-05,-0.000106963911,-0.001168004,-0.03736893,0.167369589,-11.7810059,0.000499132846,-0.4015503,0.3962344,0.00230905879,0.0121124778,-0.000498924,-0.0386513472,0.1695984,-12.1575317,-0.000793457031,-0.206481934,0.402446777,0.00133866235,0.006009794,-0.549944758,2.12872076,2.75626636,3.52574754
360,7.1999974489795919,2111,0,0,0,0,0,-8.627024E-05,0,-0.0009116324,-8.627024E-05,0,-0.0009116324,1,0,0,1,0.000272443576,0.0122928051,0.002612488,-0.04345451,6.494322E-06,-0.000174887071,0.0002306708,0.008550835,-0.0106625995,-0.286682129,-0.000244140625,0.00837349147,0.0366188474,4.909584E-05,-0.000347406545,0.000119342469,0.008326112,0.0339019969,-0.611053467,0.00105761364,0.0134040294,0.07296886,-3.80457532E-05,0.000205484335,0.000215491076,0.008327969,0.0342504419,-0.6272278,0.000302154571,0.0109680993,0.0747878253,3.34840661E-05,-0.000287796429,-0.000227026991,0.00195220276,0.113440439,-5.343048,0.000776351255,0.0167805552,0.30588007,-8.72943638E-05,9.94105358E-05,4.780102E-05,0.001505835,0.115087606,-5.65127563,-0.000122070313,0.0131347775,0.3122671,1.462671E-05,-0.000350833172,-0.000684692466,-0.0402287841,0.173048556,-11.2965393,0.000235787258,-0.387573242,0.422284156,0.00207766425,0.0111543322,-0.000222435658,-0.04163699,0.175468713,-11.6651611,-0.000762939453,-0.199432373,0.429156244,0.00119620073,0.005516818,-0.549904644,2.12898159,2.75500059,3.52490926
361,7.2199974418934234,2114,0,0,0,0,0,-8.627024E-05,0,-0.0009116324,-8.627024E-05,0,-0.0009116324,1,0,0,1,0.000229446974,0.0112235816,0.00212447951,-0.04090239,5.30726447E-06,-2.72294565E-05,0.000163092831,0.007684128,-0.0103332605,-0.247131348,-0.000183105469,0.007924822,0.03451428,5.0489507E-05,-0.000393925817,0.000211159888,0.0075609507,0.03163111,-0.5341797,0.00102272187,0.0135018891,0.0689601451,-5.89226038E-05,-0.000172757835,0.000266529445,0.007535564,0.0319581442,-0.548553467,0.000340696162,0.0106343143,0.0706454,1.14913855E-05,-0.00046077068,7.3773E-05,0.00137875066,0.113143288,-4.992798,0.0006691522,0.0163790956,0.322233766,-0.00010967991,-0.000323338434,0.000222323913,0.0008901909,0.114844672,-5.293762,-9.15527344E-05,0.0124818794,0.329020679,-8.616528E-06,-0.0005495359,-0.0002787403,-0.0421734937,0.176509663,-10.788147,4.412896E-05,-0.374725342,0.4430239,0.00187246013,0.0103029283,1.05756626E-05,-0.04368585,0.179077536,-11.1482849,-0.0007324219,-0.192993164,0.4504081,0.00107111176,0.005081089,-0.5498941,2.12895,2.753971,3.524084
362,7.2399974348072558,2114,0,0,0,0,0,-8.627024E-05,0,-0.0009116324,-8.627024E-05,0,-0.0009116324,1,0,0,1,0.000193510059,0.0102394922,0.00174948364,-0.03806644,4.32043043E-06,9.736314E-05,0.000106438019,0.006941039,-0.009817995,-0.210357666,-0.000152587891,0.00744633051,0.0321899466,5.15660358E-05,-0.000413546863,0.000287085742,0.00689278124,0.0292829871,-0.461578369,0.000966984429,0.0132089462,0.06454584,-7.32756453E-05,-0.000479093229,0.0003081931,0.00684557436,0.0295936875,-0.474273682,0.000356328528,0.0101172253,0.06612609,-4.99577072E-06,-0.0005947819,0.000319422863,0.00103719137,0.111758694,-4.623108,0.0005803422,0.0155976256,0.334375829,-0.000122197031,-0.0006555024,0.000365152722,0.0005405511,0.113490343,-4.916382,-6.10351563E-05,0.0116527509,0.341451466,-2.45829069E-05,-0.00070396025,5.16295549E-05,-0.04332075,0.1780153,-10.2615356,-9.15527344E-05,-0.362884521,0.458780378,0.00168789632,0.009563651,0.000201288363,-0.04487925,0.180694088,-10.61261,-0.0006713867,-0.187072754,0.466644019,0.0009602374,0.004700866,-0.549899936,2.12874985,2.75318384,3.52334881
363,7.2599974277210881,2117,0,0,0,0,0,-8.627024E-05,0,-0.0009116324,-8.627024E-05,0,-0.0009116324,1,0,0,1,0.000163775359,0.00934363,0.00146879558,-0.03505358,3.50600817E-06,0.0002000331,5.92933429E-05,0.006273935,-0.009160606,-0.176483154,-9.15527344E-05,0.00694615766,0.0296963565,4.868192E-05,-0.000426664716,0.000346183835,0.00631707348,0.02690269,-0.393676758,0.0008966319,0.012603947,0.05983945,-8.193689E-05,-0.0007119156,0.00034123112,0.00625108648,0.02719823,-0.404785156,0.0003543508,0.009458351,0.061323788,-1.696414E-05,-0.0006959524,0.0005127771,0.0008365469,0.109462887,-4.239105,0.00050797,0.0145277288,0.342666626,-0.000126040672,-0.000908593938,0.00047762433,0.000333367527,0.111208811,-4.52438354,-3.05175781E-05,0.0106970156,0.349943578,-3.49948132E-05,-0.000814810162,0.0003117908,-0.043812193,0.177809328,-9.722137,-0.000183105469,-0.3518982,0.4697988,0.00152549765,0.008925623,0.000351238,-0.0454043262,0.180554211,-10.0638123,-0.000640869141,-0.1816101,0.477958769,0.000860880536,0.00437553553,-0.549833953,2.12978983,2.75067472,3.522007
364,7.2799974206349205,2124,0,0,0,0,0,-8.627024E-05,0,-0.0009116324,-8.627024E-05,0,-0.0009116324,1,0,0,1,0.000139366661,0.00852111448,0.001265258,-0.0319558345,2.83873669E-06,0.000282246037,2.18744881E-05,0.005714485,-0.008405273,-0.145629883,-6.10351563E-05,0.006438752,0.0271312222,4.16355979E-05,-0.000438434043,0.000390239351,0.00580847543,0.0245499052,-0.330810547,0.0008170629,0.0117628006,0.0550486445,-8.59925349E-05,-0.000881581451,0.000364993437,0.00572905457,0.0248186663,-0.340393066,0.0003395419,0.00869483,0.05638192,-2.50308076E-05,-0.000763042655,0.0006575949,0.000819344248,0.106422149,-3.845398,0.0004470984,0.0132548241,0.3474646,-0.000124815677,-0.00108644727,0.0005617917,0.000320075458,0.108161151,-4.12243652,0,0.009657816,0.3548678,-4.058704E-05,-0.000889539835,0.000507198,-0.0437027141,0.176131338,-9.174561,-0.000213623047,-0.341705322,0.476796448,0.00137824961,0.008382884,0.000463898119,-0.0452960655,0.178921953,-9.506622,-0.000579834,-0.176544189,0.485171,0.0007741506,0.004099982,-0.5498239,2.13002539,2.74927,3.521051
365,7.2999974135487529,2130,0,0,0,0,0,-8.627024E-05,0,-0.0009116324,-8.627024E-05,0,-0.0009116324,1,0,0,1,0.0001195096,0.007772628,0.00112559309,-0.0288469046,2.29527859E-06,0.000345754146,-7.641936E-06,0.0052324594,-0.00758900726,-0.117767334,-3.05175781E-05,0.005923425,0.02455558,3.97318981E-05,-0.0004464481,0.000420606462,0.00536409,0.0222339239,-0.273010254,0.000732829038,0.01075544,0.0501440465,-8.645074E-05,-0.000995811,0.000380746264,0.00527419848,0.0224797055,-0.28125,0.000315858459,0.007862307,0.05134837,-3.00280062E-05,-0.0008030323,0.0007591356,0.0008949502,0.10278935,-3.446106,0.000394406,0.0118576679,0.349187374,-0.000119433767,-0.00119892531,0.000619966653,0.000396221381,0.104506359,-3.7147522,1.1365456E-05,0.008574217,0.356648952,-4.334578E-05,-0.000929542468,0.000644442043,-0.0431190431,0.173202023,-8.623322,-0.000244140625,-0.33215332,0.479913652,0.00124621065,0.007928819,0.000542455353,-0.0447079167,0.1760078,-8.945618,-0.0005187988,-0.171813965,0.488368034,0.0006954601,0.00387011748,-0.549820364,2.13020635,2.74800038,3.52016878
366,7.3199974064625843,2136,0,0,0,0,0,-8.627024E-05,0,-0.0009116324,-8.627024E-05,0,-0.0009116324,1,0,0,1,0.000103541832,0.00709226076,0.00103579846,-0.0257866234,1.85458862E-06,0.000392580056,-3.04288988E-05,0.004810701,-0.006739358,-0.09283447,3.96214364E-06,0.005407121,0.0220005009,3.47052264E-05,-0.000445276382,0.000438200426,0.004972599,0.0199990124,-0.220428467,0.0006476947,0.00964065548,0.0453025661,-8.405825E-05,-0.00105875114,0.000388110377,0.004876026,0.0202206634,-0.227386475,0.000286553375,0.00699025951,0.0463745669,-3.254922E-05,-0.000813920866,0.000822236761,0.00105858711,0.098699,-3.04495239,0.000347806141,0.0103964116,0.34818,-0.000110992267,-0.00125608,0.000655052951,0.000578538864,0.100380167,-3.3052063,2.53751059E-05,0.007477458,0.355627149,-4.33267851E-05,-0.000943449442,0.000731240551,-0.0421435721,0.169231057,-8.072235,-0.0002746582,-0.323150635,0.479636729,0.0011282718,0.007548702,0.0005910374,-0.0437025,0.172035575,-8.384705,-0.000457763672,-0.167388916,0.488177925,0.000626497262,0.00368007831,-0.549821138,2.13036442,2.74682283,3.51934528
367,7.3399973993764167,2144,0,0,0,0,0,-8.627024E-05,0,-0.0009116324,-8.627024E-05,0,-0.0009116324,1,0,0,1,9.072248E-05,0.00647624861,0.0009860051,-3.119336E-17,-3.410602E-13,-4.72424368E-16,-4.6799807E-05,0.00444706343,-0.005884932,-0.07077026,2.78550433E-05,0.0049004294,0.0423393026,3.1929143E-05,-0.000947962748,0.0004448453,0.00462860242,0.0178499557,-0.172943115,0.0005645471,0.008471101,0.06332665,-7.968167E-05,-0.00157626916,0.0003894024,0.00452765729,0.018058192,-0.178771973,0.0002542841,0.00610799156,0.0643222,-3.323819E-05,-0.0013038168,0.0008525682,0.00125454809,0.0942709148,-2.645111,0.0003045174,0.008926986,0.367644221,-0.000101326354,-0.001762528,0.000669805449,0.000794692838,0.09591197,-2.89694214,3.32505842E-05,0.006399364,0.375028878,-4.25626022E-05,-0.00142555276,0.000774542568,-0.0408819057,0.1644133,-7.524872,-0.000244140625,-0.3146057,0.4991385,0.0010204633,0.00674068742,0.0006131384,-0.0423986353,0.167187855,-7.82751465,-0.000396728516,-0.163208008,0.5076765,0.000561955,0.00303158956,-0.549824,2.1305716,2.745576,3.51849818
368,7.3599973922902491,2149,0,0,0,0,0,-0.00379077,0,-0.0376570374,-0.00379077,0,-0.0376570374,1,0,0,1,7.581537E-05,0.007041644,0.0007531404,0,9.33396763E-11,0,-0.000144643258,0.007084069,-0.00454264553,-0.118164063,-0.17855835,0.0100129144,0.0272207316,-1.59743377E-05,-0.000370191177,0.000429584616,0.00733691547,-0.0157953762,-0.328430176,-0.1781311,0.0121227223,-0.0794749558,-0.000106366111,-0.00167269539,0.0003732502,0.00739175547,-0.0162093323,-0.336334229,-0.178009033,0.0102373278,-0.08163093,0.000356488948,-0.00122617977,0.001047025,0.00209510745,0.08946513,-1.64837646,-0.178741455,0.0115206195,0.9394905,-0.00034264737,-0.00251290272,0.000736716262,0.00138356513,0.09120512,-1.87615967,-0.178771973,0.009734807,0.9607083,-1.38638479E-05,-0.00186282769,0.000176654023,-0.109402731,0.2415278,-6.04992676,-0.179473877,-0.2651062,1.3905344,0.00455435226,0.0381039865,0.00017219453,-0.112686366,0.245908529,-6.32632446,-0.179718018,-0.135314941,1.414089,0.00237751752,0.01936565,-0.5498266,2.13073,2.74485087,3.51802874
369,7.3799973852040814,2156,0,0,0,0,0,-0.038449876,0,-0.0720141,-0.038449876,0,-0.0720141,1,0,0,1,0.0007689972,-0.187899351,0.00144028151,0,0,0,-0.004687259,-0.190905333,-0.0252566561,-0.192047119,-0.177215576,0.0324228555,0.0317479149,-3.182817E-05,-0.00145577,-0.006635459,-0.187440127,-0.05396571,-0.341033936,-0.172668457,-0.007385254,-0.284156263,0.00763334567,0.04179956,-0.006689642,-0.187663183,-0.03983885,-0.388305664,-0.172607422,-0.008728027,-0.199981332,0.0134887043,0.0426251441,-0.000314244,-0.197085813,0.102863424,-0.5509949,-0.167602539,-0.0195617676,1.08867216,0.007544891,-0.0236817915,-0.0005951098,-0.198696345,0.107966408,-0.812072754,-0.1680603,-0.0205688477,1.0632745,0.00724916859,-0.0231075268,0.00233119144,-0.314593315,0.293726563,-4.423279,-0.158721924,-0.251464844,1.47359967,0.01704117,0.0143757211,0.00240330817,-0.316122,0.293503165,-4.70904541,-0.160003662,-0.140411377,1.46214259,0.014698945,-0.00201598415,-0.5498573,2.134468,2.743919,3.519572
370,7.3999973781179138,2163,0,0,0,0,0,0.0144863036,0,0.1587355,0.0144863036,0,0.1587355,1,0,0,1,-0.000289725955,-0.383571327,-0.00317470869,0,0,0,-0.00233439426,-0.383501559,-0.01122702,-0.139251709,-0.1607666,0.025646301,0.0368506573,0.0144474329,-0.006391747,-0.00148914428,-0.3834939,-0.0172649883,-0.427185059,-0.146057129,-0.008239746,-0.06995078,0.0233286247,0.00529388338,-0.001512038,-0.383503675,-0.0131119769,-0.470184326,-0.14453125,-0.009338379,-0.0500731,0.02450239,0.00562123675,-0.002828807,-0.384744585,0.113793783,0.417346567,-0.151947021,-0.0179138184,0.9350763,0.0155654754,0.00403209543,-0.00297615724,-0.385405481,0.122278288,0.161253437,-0.1499939,-0.0185852051,0.954661846,0.0173067879,0.004340845,-0.0034594303,-0.491388232,0.292146027,-2.861786,-0.160675049,-0.222625732,1.37273371,0.0037591625,0.0296326969,-0.00350965979,-0.492665857,0.2993043,-3.14886475,-0.158721924,-0.12789917,1.37215328,0.00534692965,0.01538347,-0.5498691,2.14077187,2.74308443,3.52275062
371,7.4199973710317462,2171,0,0,0,0,0,0.000118971409,0,0.00197862042,0.000118971409,0,0.00197862042,1,0,0,1,-2.37942731E-06,-0.4829277,-3.957239E-05,0,0,0,-0.00126017875,-0.4895477,-0.006310586,-0.113128662,-0.143249512,0.0204291437,0.025135139,0.0156320445,-0.00426860573,-0.000113025424,-0.483443558,-0.00343415234,-0.455841064,-0.123291016,-0.008270264,-0.0158455558,0.0200182311,-9.491213E-05,-0.0001697801,-0.4836024,-0.002319274,-0.492950439,-0.120941162,-0.009124756,-0.0108622843,0.0205684584,0.00040536662,-0.00188714941,-0.488279641,0.131035119,1.31803036,-0.127685547,-0.0130615234,0.8649371,0.02096062,0.00609025871,-0.002035678,-0.489230752,0.13861464,1.08787215,-0.124847412,-0.01361084,0.8957363,0.0218320228,0.006259543,-0.006019611,-0.6035544,0.303465456,-1.16992188,-0.134429932,-0.190673828,1.424714,0.0245726854,0.03553927,-0.005962858,-0.607128441,0.315446436,-1.43548584,-0.130981445,-0.110443115,1.448002,0.0251696743,0.02303072,-0.549893737,2.14660835,2.74221182,3.52562571
372,7.4399973639455776,2178,0,0,0,0,0,-0.0003448165,0,0.000337243051,-0.0003448165,0,0.000337243051,1,0,0,1,6.89632725E-06,-0.09658462,-6.744858E-06,0,0,0,-0.000352256,-0.134081066,-0.00242264988,-0.113250732,-0.128143311,0.02489268,0.00364389922,0.0127061326,0.006576025,0.0009025006,-0.09923267,0.009160448,-0.403747559,-0.108795166,-0.0135498047,0.04438631,0.0120830722,-0.003276952,0.000696475152,-0.09970021,0.00875539053,-0.439361572,-0.106933594,-0.0135498047,0.0454186723,0.0117934216,-0.00219137361,0.00139524578,-0.113925636,0.121047042,2.09163761,-0.128448486,-0.0131835938,0.7186845,0.008043476,0.000271713681,0.000122544589,-0.11560756,0.128410846,1.8978225,-0.124420166,-0.011505127,0.7549695,0.009575638,0.00304305321,-0.00279616844,-0.2718749,0.250236124,-0.219940186,-0.1331482,-0.09799194,0.829888463,0.008278568,0.0614905767,-0.00573988259,-0.282863319,0.27009058,-0.2753296,-0.128265381,-0.07727051,1.01360178,0.009243806,0.006258814,-0.549919069,2.14508057,2.7414937,3.52414083
373,7.45999735685941,2183,0,0,0,0,0,-0.000649935158,0,-0.0007804384,-0.000649935158,0,-0.0007804384,1,0,0,1,1.29986975E-05,-0.0193178654,1.56087626E-05,0,0,0,0.00136559654,-0.008028537,-0.0005450195,-0.10848999,-0.115234375,0.0270169042,0.008046818,0.0101417424,0.008021221,0.0002912166,-0.0182458162,0.009517838,-0.348907471,-0.09732056,-0.0168457031,0.0449605919,0.009602847,0.000588656869,-9.677012E-05,-0.0180876255,0.0105130412,-0.376953125,-0.09603882,-0.0149230957,0.0541153327,0.009326546,0.002344314,-0.00209447136,-0.006954521,0.117830448,2.734876,-0.106781006,-0.0140991211,0.6567259,0.0195712484,0.00755317742,-0.00355331856,-0.00709325075,0.126465619,2.58461738,-0.104980469,-0.008178711,0.690667,0.0178611614,0.0103187794,-0.009106584,-0.0366629064,0.211767912,-0.004760742,-0.1352539,-0.448699951,0.169695213,0.008519111,-0.149843991,-0.0114838341,-0.04024735,0.22742644,-0.019317627,-0.132415771,-0.405090332,0.207401171,0.007137984,-0.153490648,-0.5499371,2.14273667,2.74097681,3.52231526
374,7.4799973497732424,2190,0,0,0,0,0,0.000178617964,0,-0.00102750608,0.000178617964,0,-0.00102750608,1,0,0,1,-3.57235785E-06,-0.0038587898,2.05501128E-05,0,0,0,-0.0006203102,0.00233656168,-0.0006554904,-0.104644775,-0.103363037,0.0309894029,0.00704206945,0.009668937,0.006644085,-0.00196975935,-0.00319518149,0.009446431,-0.2932434,-0.08468628,-0.0119018555,0.04564528,0.0112815574,0.0106877871,-0.00253881142,-0.00303532183,0.0111213084,-0.313262939,-0.083984375,-0.00741577148,0.05589314,0.0111552766,0.013190873,-0.00833774451,0.008768037,0.108725064,3.30906081,-0.08609009,0.013618242,0.590842,0.01982469,0.01747143,-0.00992894,0.008797362,0.117247626,3.193967,-0.08407593,0.0226474144,0.6192041,0.0259829611,0.0201039258,-0.00238676649,-0.00643610954,0.188919127,0.144330889,-0.06732178,-0.6667175,0.378745675,0.009167785,0.191987783,-0.00495562237,-0.006907746,0.20115535,0.04476465,-0.0312805176,-0.724823,0.372217745,0.0115663735,0.172642648,-0.5499521,2.13973165,2.74043179,3.520066
375,7.4999973426870747,2197,0,0,0,0,0,0.000141809869,0,-0.00112903549,0.000141809869,0,-0.00112903549,1,0,0,1,-2.83619624E-06,-0.0007688999,2.25807016E-05,0,0,0,-0.00057713117,-0.0009287596,-0.000401877071,-0.102386475,-0.09106445,0.03414675,0.00462317932,0.0104345921,0.00506584859,-0.00255998224,-0.000572830439,0.00864502,-0.235809326,-0.07122803,0.001331748,0.0427847654,0.0114821661,0.0127621908,-0.00296446774,-0.0004287958,0.010122532,-0.249908447,-0.07040405,0.008117459,0.0499287,0.01140959,0.0145881828,-0.00372596877,0.0105832666,0.09586164,3.816983,-0.0661010742,0.0267502759,0.5178452,0.00206969865,0.00288960012,-0.004902785,0.0108647794,0.103504419,3.732377,-0.0581359863,0.03860551,0.5425307,0.00221199356,0.00487003243,0.008674117,-0.00390701,0.1703717,0.6785279,-0.0634460449,-0.440673828,0.3694104,-0.000156035647,0.301194876,0.007385045,-0.00481271744,0.183371723,0.611000836,-0.0296325684,-0.4784851,0.401486069,0.0009991359,0.335493147,-0.54995966,2.13740015,2.74002481,3.51833344
376,7.5199973356009071,2203,0,0,0,0,0,-9.41512044E-05,0,-0.00129425793,-9.41512044E-05,0,-0.00129425793,1,0,0,1,1.88302329E-06,-0.000148996711,2.58851487E-05,0,0,0,-0.000274548278,-0.00162708759,-0.000136423885,-0.101867676,-0.08004761,0.03582901,0.00275461818,0.009370208,0.00389302731,-0.0008788536,-8.748472E-05,0.009009528,-0.17678833,-0.0610351563,0.008788287,0.04434903,0.00869301,0.004659404,-0.00116435578,1.20103359E-05,0.01026021,-0.183532715,-0.06048584,0.0173610952,0.05065336,0.008386488,0.005832375,0.00240169535,0.009003118,0.08263974,4.24743032,-0.059387207,0.0161133129,0.444218427,0.00521433866,-0.008872287,0.00179053517,0.009436324,0.08976525,4.193197,-0.0521240234,0.0288201664,0.467023581,0.004680469,-0.00811308,0.01256004,-4.92185354E-05,0.137799144,0.8311896,-0.06561279,-0.3861084,0.1725677,-0.00306301354,0.148291677,0.01236501,-0.0004210174,0.149265334,0.7685425,-0.0338134766,-0.420227051,0.191901878,-0.00282785646,0.170728043,-0.5499628,2.13589025,2.739759,3.51721
377,7.5399973285147386,2211,0,0,0,0,0,-0.000206277124,0,-0.00149903854,-0.000206277124,0,-0.00149903854,1,0,0,1,4.12554073E-06,-2.501905E-05,2.9980758E-05,0,0,0,-0.00022574063,-0.00149096549,7.92900246E-05,-0.10256958,-0.07077026,0.0370910242,0.00154327671,0.007753602,0.0034937358,0.0008503439,2.746284E-05,0.00706643425,-0.127746582,-0.0533752441,0.00558720669,0.03407888,0.006440741,-0.00359518663,0.0007242322,0.00010356307,0.00807018951,-0.127197266,-0.0532226563,0.0151224006,0.040026594,0.006077796,-0.0031829488,0.00608083047,0.007766217,0.06694066,4.58946,-0.0546569824,0.00054384477,0.374911666,0.00341599039,-0.0138210608,0.006074344,0.00820802152,0.07305304,4.562094,-0.0476074219,0.013526557,0.3935212,0.00217236741,-0.0142607642,0.0147910956,7.55488873E-06,0.110950455,0.9722185,-0.07058716,-0.3270874,0.131053761,-0.00436384,0.112877093,0.01564545,-0.000148668885,0.121203125,0.9524651,-0.040802002,-0.337890625,0.150945678,-0.004767388,0.134521052,-0.549964666,2.13456559,2.7395165,3.516217
378,7.5599973214285709,2218,0,0,0,0,0,-0.0002320482,0,-0.001517261,-0.0002320482,0,-0.001517261,1,0,0,1,4.64096229E-06,-5.94556332E-06,3.03452089E-05,0,0,0,-0.000221976472,-0.0014294982,0.000213904175,-0.104248047,-0.06335449,0.0381349,0.000666313746,0.00600823527,0.00324323447,0.001933279,3.51071358E-05,0.00772387628,-0.0769348145,-0.04812622,-0.004760742,0.0368083268,0.004335121,-0.00857906,0.001992016,9.36687E-05,0.008107126,-0.07183838,-0.04852295,0.004759467,0.04069561,0.003929906,-0.009088784,0.007609845,0.005613968,0.0513271056,4.788313,-0.0526428223,-0.0177307129,0.24677144,0.00302227819,-0.014771468,0.008150605,0.0061763674,0.0565180071,4.795086,-0.04663086,-0.00653076172,0.272536665,0.00215641665,-0.016128432,0.0138405384,-0.001076296,0.07670586,1.01609123,-0.07748413,-0.303192139,0.0846255,-0.00421142532,0.08092552,0.0149161452,-0.0006929785,0.08605136,1.00392151,-0.0507507324,-0.310852051,0.09196825,-0.004700629,0.08494999,-0.5499658,2.133756,2.73935843,3.51560259
379,7.5799973143424033,2225,0,0,0,0,0,-0.000310158823,0,-0.00181735156,-0.000310158823,0,-0.00181735156,1,0,0,1,6.203174E-06,1.49011612E-08,3.63470172E-05,0,0,0,-0.000223667157,-0.00143308938,0.000336395868,-0.106445313,-0.0575561523,0.03903012,7.454975E-05,0.00453397445,0.00302449148,0.00222502952,3.582239E-05,0.008106689,-0.0234985352,-0.0445251465,-0.0180664063,0.03814069,0.002866136,-0.009664153,0.00242004078,7.657707E-05,0.00875023,-0.0129699707,-0.0455322266,-0.009460449,0.0441529639,0.002479407,-0.0108594457,0.006798167,0.00350931287,0.0344483554,4.86143351,-0.0520019531,-0.0319824219,0.129390478,0.00184140529,-0.0116945822,0.00760910055,0.0036970675,0.0387734175,4.878689,-0.0461730957,-0.0228881836,0.1379813,0.00124872872,-0.0133661712,0.01126776,-0.002879873,0.04171209,1.03162837,-0.08483887,-0.282501221,0.06188464,-0.00452701561,0.07782397,0.0123643223,-0.00277474523,0.0486267246,1.023768,-0.0603027344,-0.2878418,0.0657651946,-0.00463889027,0.08160914,-0.5499672,2.1331954,2.73923969,3.51517
380,7.5999973072562357,2231,0,0,0,0,0,-0.000260022265,0,-0.00167041284,-0.000260022265,0,-0.00167041284,1,0,0,1,5.20044341E-06,0,3.34082433E-05,0,0,0,-0.000253070524,-0.0014475733,0.000397689524,-0.109130859,-0.0528259277,0.03984503,-0.000378867757,0.00361324474,0.002887934,0.00181138259,4.06503677E-05,0.00559063675,0.0147796944,-0.0416564941,-0.0298156738,0.0254934374,0.00208664825,-0.00751595059,0.00205919659,7.867813E-05,0.006342998,0.0318245068,-0.043182373,-0.0227050781,0.03233334,0.00181941176,-0.008958466,0.004484862,0.002777934,0.01921316,4.900802,-0.0510864258,-0.0404052734,0.08586652,-0.00183392712,-0.00669555971,0.005186744,0.002833277,0.0218383856,4.922823,-0.04699707,-0.0326843262,0.08699972,-0.0014624421,-0.007862993,0.007288172,-0.00349128246,0.0114536956,0.9259188,-0.112457275,-0.2680664,0.03480762,0.00051529333,0.08493769,0.008506225,-0.00353269279,0.016846275,0.9404751,-0.0827331543,-0.269134521,0.0518770963,-0.00747802947,0.07858521,-0.549968958,2.13284445,2.73915744,3.51489329
381,7.619997300170068,2238,0,0,0,0,0,-0.000195790431,0,-0.00134172873,-0.000195790431,0,-0.00134172873,1,0,0,1,3.915807E-06,0,2.68345648E-05,0,0,0,-0.000274203776,-0.00145745277,0.000428837171,-0.112091064,-0.04888916,0.0405388921,-0.0006434281,0.002918605,0.002765785,0.0009281319,4.52399254E-05,0.001151823,0.028693229,-0.03967285,-0.0370788574,0.00339857163,0.00131657347,-0.00312452251,0.00116003933,8.568168E-05,0.00165623892,0.0502818152,-0.0413818359,-0.0311889648,0.009142244,0.00130439317,-0.004427473,0.002422381,0.00259546936,0.00642054342,4.907652,-0.0524292,-0.04360962,0.06449677,-0.00464922,-0.00384822651,0.00286214147,0.00260776281,0.008280002,4.933567,-0.04727173,-0.036895752,0.06493256,-0.00409526844,-0.00432578148,0.007522674,-0.00491224229,0.000525836833,0.922917247,-0.146118164,-0.294525146,0.0475489236,-0.0104215676,0.110190533,0.00742676761,-0.004385844,0.001902651,0.9241803,-0.114715576,-0.2861023,0.0340704434,-0.01045526,0.108948335,-0.5499716,2.13257384,2.739086,3.51467371
382,7.6399972930838995,2246,0,0,0,0,0,-0.000190478284,0,-0.00115642685,-0.000190478284,0,-0.00115642685,1,0,0,1,3.809564E-06,0,2.31285285E-05,0,0,0,-0.000275383878,-0.00146459043,0.0004307808,-0.11517334,-0.0457763672,0.041095648,-0.0007658386,0.00216410332,0.00261880737,0.000654318,4.60296869E-05,-0.0010162557,0.0278592166,-0.0389709473,-0.04147339,-0.007480973,0.000438326329,-0.00168892322,0.000721551944,8.830428E-05,-0.0010030386,0.05149994,-0.04058838,-0.03604126,-0.00398556562,0.0007548747,-0.002173696,0.001140492,0.00251553953,-0.00106517179,4.90107441,-0.0535888672,-0.0458374023,0.0542119443,0.00327922264,-0.000755675661,0.00135263125,0.00251989067,-0.0008789059,4.92703867,-0.048034668,-0.039276123,0.0518027246,0.002921234,-0.00115936762,0.00276873726,-0.00536468625,-0.004482668,0.919731855,-0.1312561,-0.237121582,0.109860517,0.00934149,0.10936372,0.00295164622,-0.00514002144,-0.00469035376,0.9154908,-0.101776123,-0.230133057,0.109465182,0.009330482,0.110622793,-0.549974859,2.13239622,2.7390306,3.51452327
383,7.6599972859977319,2253,0,0,0,0,0,-0.000133246023,0,-0.00102644961,-0.000133246023,0,-0.00102644961,1,0,0,1,2.66491952E-06,1.49011612E-08,2.05289834E-05,0,0,0,-0.0003349386,-0.00146844983,0.000423631864,-0.1182251,-0.04272461,0.0416818745,-0.000795948145,0.00221719639,0.00263021584,-0.000131681678,4.6864152E-05,-0.00245969486,0.01839354,-0.03717041,-0.0418396,-0.01428333,0.0014479924,0.00193516386,-7.37572E-05,9.010732E-05,-0.00275867432,0.0408740751,-0.0385437,-0.0367431641,-0.0130116679,0.00179786771,0.0015144574,-0.000314684352,0.00261498988,-0.003476189,4.890041,-0.0471801758,-0.04449463,0.05494748,0.00300591835,0.000752591237,-0.000214523869,0.0026114583,-0.003918126,4.91473055,-0.0417785645,-0.0381164551,0.05285217,0.00316979457,0.000648501446,0.00228187349,-0.00533179939,-0.00494611543,0.956207,-0.123901367,-0.231872559,0.110778838,0.00750834635,0.08758957,0.002227197,-0.0053486675,-0.005136722,0.9517673,-0.0942688,-0.224182129,0.113040157,0.00755099,0.085957,-0.549978256,2.1322937,2.73899174,3.51443148
384,7.6799972789115643,2260,0,0,0,0,0,-0.000114331022,0,-0.000834328937,-0.000114331022,0,-0.000834328937,1,0,0,1,2.28661952E-06,0,1.66865721E-05,0,0,0,-0.000362991646,-0.00147537887,0.000394689851,-0.121246338,-0.03967285,0.04215441,-0.0007804815,0.00224627345,0.00259463582,-0.0004415959,4.74751E-05,-0.00246874,0.007955242,-0.0350646973,-0.04006958,-0.0140020959,0.00171018625,0.003300737,-0.0004229494,9.09268856E-05,-0.002808943,0.0289435778,-0.0361328125,-0.0350952148,-0.0133747952,0.00204769359,0.00307752751,-0.00101112819,0.00265936553,-0.002911812,4.88168859,-0.0426330566,-0.0421142578,0.05736918,0.00268710055,0.00166147808,-0.00100669707,0.00265470147,-0.00352643034,4.904823,-0.03741455,-0.03564453,0.055034738,0.00297400169,0.001702996,0.00189241476,-0.00432668626,-0.004128022,0.9876813,-0.118164063,-0.239715576,0.09349526,0.007997103,0.08189647,0.001745372,-0.004361853,-0.00443492364,0.988814,-0.0873718262,-0.229888916,0.0972880349,0.008338766,0.07954097,-0.549981952,2.132225,2.73895955,3.5143652
385,7.6999972718253966,2267,0,0,0,0,0,-0.000112273119,0,-0.0008908209,-0.000112273119,0,-0.0008908209,1,0,0,1,2.24546147E-06,1.49011612E-08,1.78164119E-05,0,0,0,-0.0003763619,-0.0014783293,0.000365160115,-0.124145508,-0.03677368,0.04253883,-0.000690711837,0.00213447073,0.00254652556,-0.0005319178,4.670024E-05,-0.00187543756,0.000659797632,-0.03302002,-0.0374755859,-0.0109652933,0.001611236,0.003683012,-0.0005408099,8.948147E-05,-0.00222292379,0.0203403849,-0.03390503,-0.0324401855,-0.0105604948,0.001893926,0.003592366,-0.00110619736,0.002625212,-0.00164736528,4.87608,-0.0421142578,-0.039642334,0.0579689629,0.00176965341,0.00157727173,-0.00115555606,0.00263224542,-0.00222021388,4.89814758,-0.0368652344,-0.0330505371,0.0560558625,0.0020387962,0.00167751114,0.00193982525,-0.00370717049,-0.00349606038,1.01454484,-0.113220215,-0.242950439,0.0799219459,0.00780979265,0.08149984,0.00174178486,-0.00354965031,-0.00366905,1.02121258,-0.08139038,-0.231903076,0.08074729,0.008217322,0.07827978,-0.5499857,2.132184,2.738934,3.514321
386,7.719997264739229,2274,0,0,0,0,0,-0.000114347946,0,-0.0009349682,-0.000114347946,0,-0.0009349682,1,0,0,1,2.286958E-06,1.49011612E-08,1.86993566E-05,0,0,0,-0.000380112382,-0.00148668885,0.0003365737,-0.126861572,-0.03414917,0.0428503267,-0.0005515976,0.00189017854,0.00250677462,-0.0004692832,4.5388937E-05,-0.00134839071,-0.003540039,-0.0313110352,-0.03503418,-0.008335502,0.00134133745,0.00336416671,-0.000488208258,8.687377E-05,-0.00164919544,0.0151848262,-0.032043457,-0.0298156738,-0.007731644,0.00157770689,0.00331535237,-0.0008569943,0.00258611143,-0.000385379652,4.87324572,-0.0412597656,-0.037902832,0.0591062643,0.00142383354,0.00104504346,-0.000923774438,0.00258612633,-0.0008201543,4.89401245,-0.0353088379,-0.0312194824,0.0571430363,0.00173449365,0.00116046018,0.00194754067,-0.00343324244,-0.00294647668,1.03050065,-0.110351563,-0.246368408,0.06958149,0.00645383075,0.07530859,0.00167746306,-0.00319617987,-0.003016632,1.0407716,-0.07791138,-0.236083984,0.06836444,0.00668383,0.0698051453,-0.5499892,2.13216066,2.73891425,3.514292
387,7.7399972576530613,2281,0,0,0,0,0,-0.00011927123,0,-0.0009715896,-0.00011927123,0,-0.0009715896,1,0,0,1,2.38542361E-06,0,1.94317836E-05,0,0,0,-0.000382003025,-0.00148433447,0.0003018105,-0.129394531,-0.031829834,0.0431175567,-0.000406963081,0.00159956468,0.002476788,-0.000351190567,4.5016408E-05,-0.0009590313,-0.005493164,-0.0299377441,-0.0331726074,-0.006426196,0.001050286,0.00279488973,-0.000374420662,8.569658E-05,-0.00121589319,0.0126622524,-0.0305175781,-0.0277709961,-0.00556657463,0.00125228649,0.002762808,-0.0005596526,0.00257204473,0.0005712479,4.87217951,-0.0401306152,-0.0368652344,0.0598237775,0.00110868,0.0005564757,-0.0006433957,0.00256598,0.000320151448,4.892531,-0.0340271,-0.0299682617,0.05845464,0.00124940253,0.000695130555,0.00203775382,-0.003264442,-0.00255676685,1.036863,-0.109283447,-0.2503357,0.0627244562,0.005400853,0.07233292,0.00175647053,-0.00299038,-0.00255435426,1.04947639,-0.0764160156,-0.240478516,0.0601448119,0.00548053626,0.06595916,-0.5499927,2.13214684,2.738897,3.51427078
388,7.7599972505668928,2288,0,0,0,0,0,-0.000123480582,0,-0.0009962267,-0.000123480582,0,-0.0009962267,1,0,0,1,2.46961076E-06,0,1.9924526E-05,0,0,0,-0.000382290949,-0.0014847219,0.000261928362,-0.131744385,-0.029876709,0.04335761,-0.000245766016,0.00130378339,0.00245062262,-0.000234413455,4.43160534E-05,-0.0007200973,-0.00598144531,-0.0288696289,-0.03201294,-0.0052831904,0.0007678094,0.00224530837,-0.00025617,8.434057E-05,-0.0009309099,0.01188385,-0.0293884277,-0.0264282227,-0.004118531,0.000939377467,0.00220315624,-0.000299698353,0.00254522264,0.00116695871,4.87246,-0.0392456055,-0.036315918,0.0603265651,0.000778536662,0.000173872017,-0.000373317045,0.00254513323,0.00105274213,4.892649,-0.0330810547,-0.0292663574,0.05910173,0.000847318559,0.0002842737,0.00217939634,-0.003232345,-0.00235039531,1.03708148,-0.109283447,-0.253417969,0.05940592,0.00476752175,0.07237044,0.00190154964,-0.00293071568,-0.00228915736,1.050712,-0.07623291,-0.244049072,0.05582706,0.004705264,0.06546788,-0.5499957,2.13214016,2.7388835,3.51425672
389,7.7799972434807252,2296,0,0,0,0,0,-0.000126069324,0,-0.001011862,-0.000126069324,0,-0.001011862,1,0,0,1,2.52138557E-06,0,2.02372321E-05,0,0,0,-0.000382556929,-0.00148616731,0.0002246784,-0.133911133,-0.0281982422,0.04358166,-8.112879E-05,0.001031588,0.00241151731,-0.0001419732,4.450977E-05,-0.000593416,-0.005706787,-0.0280456543,-0.0314025879,-0.00470013963,0.000523891649,0.00181743642,-0.000156188267,8.43852758E-05,-0.000776445435,0.0120987715,-0.0285339355,-0.0256958,-0.00331565924,0.0006757049,0.00173650193,-0.000101166792,0.00255101919,0.0014396566,4.87320328,-0.0386047363,-0.0361022949,0.0602962,0.000547145668,-0.000104111314,-0.000152253517,0.002536565,0.00141425035,4.89342356,-0.032409668,-0.0289917,0.0591415241,0.0005778769,-3.51229028E-05,0.00231561274,-0.00324948132,-0.00228760368,1.03443384,-0.109771729,-0.2553711,0.0587254055,0.00446993439,0.07383232,0.00205178,-0.002950132,-0.00219379645,1.04823363,-0.0766906738,-0.246398926,0.054604128,0.00432517938,0.0668555945,-0.5499988,2.1321373,2.73887086,3.51424551
390,7.7999972363945576,2303,0,0,0,0,0,-0.000128033076,0,-0.0009896144,-0.000128033076,0,-0.0009896144,1,0,0,1,2.5606605E-06,1.49011612E-08,1.979228E-05,0,0,0,-0.0003835496,-0.00148619711,0.000184153687,-0.135864258,-0.0267944336,0.04378683,8.056402E-05,0.000789901533,0.002398628,-7.797178E-05,4.41819429E-05,-0.000558467058,-0.0051574707,-0.0274963379,-0.0312194824,-0.00455361838,0.000326013746,0.0015283128,-8.37238549E-05,8.393824E-05,-0.0007178787,0.0126863057,-0.027923584,-0.025390625,-0.00297631347,0.000467647362,0.00140466949,3.08804229E-05,0.00253531337,0.00148812064,4.873981,-0.0379943848,-0.0361328125,0.0600930452,0.00042397494,-0.000277762447,2.024346E-06,0.00252990425,0.00151119707,4.894397,-0.0319519043,-0.0289611816,0.0589801148,0.000409281056,-0.000246441923,0.00241660886,-0.00331093371,-0.002299732,1.0309025,-0.1104126,-0.2566223,0.05928393,0.004405432,0.07561364,0.00217279163,-0.00300775468,-0.002197196,1.04453564,-0.07736206,-0.247650146,0.0550455339,0.00421257,0.06882863,-0.5500011,2.13213682,2.738862,3.51423883
391,7.81999722930839,2310,0,0,0,0,0,-0.000128811778,0,-0.0009910455,-0.000128811778,0,-0.0009910455,1,0,0,1,2.57623469E-06,1.49011612E-08,1.98209018E-05,0,0,0,-0.000385367777,-0.001485318,0.000149164858,-0.137634277,-0.0256347656,0.04398013,0.000237014174,0.0005893213,0.00238994719,-4.18626E-05,4.4465065E-05,-0.000565713737,-0.00466918945,-0.0270690918,-0.0312805176,-0.00461926637,0.000185428871,0.00136918423,-3.90519563E-05,8.426607E-05,-0.000721250253,0.01331146,-0.0274963379,-0.0254211426,-0.00296799745,0.000320823048,0.00120327773,9.76878946E-05,0.002546072,0.00142413052,4.874522,-0.03753662,-0.0362854,0.0597914346,0.0003364022,-0.000353639072,9.05826E-05,0.00252744555,0.00146494387,4.89509249,-0.03161621,-0.02911377,0.0586308129,0.0003171916,-0.0003560082,0.00248177955,-0.003360629,-0.00235711527,1.02798617,-0.1109314,-0.2571106,0.0605352558,0.00447222032,0.07725151,0.00225092284,-0.00306884944,-0.00225137174,1.0412395,-0.07797241,-0.24798584,0.0562316,0.00426199939,0.0706300437,-0.5500033,2.13213778,2.73885417,3.51423359
392,7.8399972222222223,2318,0,0,0,0,0,-0.000129204738,0,-0.000960464648,-0.000129204738,0,-0.000960464648,1,0,0,1,2.58409386E-06,0,1.92092848E-05,0,0,0,-0.000387221022,-0.0014911592,0.000111752466,-0.139251709,-0.0246582031,0.0441640653,0.0003953758,0.000426216575,0.00236983015,-2.78721272E-05,4.41968441E-05,-0.000598165,-0.00430297852,-0.0267944336,-0.031463623,-0.004787354,8.40927751E-05,0.0013147617,-1.86757061E-05,8.417666E-05,-0.0007538261,0.0137878554,-0.0271911621,-0.02557373,-0.00309663778,0.00021716443,0.00111739011,0.000120252422,0.002537012,0.001322263,4.87488174,-0.0372314453,-0.03643799,0.0596158542,0.000275379483,-0.000374008639,0.000125759281,0.002531439,0.00135846436,4.89562273,-0.03137207,-0.029296875,0.05843485,0.000265855226,-0.000391004636,0.0025145004,-0.003407389,-0.00241257763,1.0260191,-0.111297607,-0.257080078,0.0616109222,0.004577251,0.07838308,0.00228962163,-0.00311274827,-0.00230986881,1.03894258,-0.07839966,-0.247802734,0.05739718,0.00436100829,0.07185879,-0.550005257,2.132139,2.738847,3.514229
393,7.8599972151360538,2326,0,0,0,0,0,-0.000128774787,0,-0.0009586135,-0.000128774787,0,-0.0009586135,1,0,0,1,2.57549459E-06,0,1.91722629E-05,0,0,0,-0.000390028639,-0.00148551166,7.96910244E-05,-0.140686035,-0.0238037109,0.04433712,0.0005460295,0.000292532932,0.00235568569,-2.785475E-05,4.44352627E-05,-0.0006305294,-0.004119873,-0.02658081,-0.03164673,-0.00495961774,1.899663E-05,0.00132256642,-1.50491014E-05,8.453429E-05,-0.0007816717,0.0140891094,-0.0269470215,-0.0257873535,-0.003224838,0.000151371642,0.00110747409,0.000113637063,0.00254233181,0.00123228447,4.87500668,-0.0369873047,-0.0365905762,0.0594739,0.000242285314,-0.000355799042,0.000126809187,0.00253139436,0.00125394133,4.89566946,-0.0311889648,-0.0294494629,0.0580825955,0.000242847411,-0.000382159167,0.00252053,-0.00343203545,-0.00245648017,1.02499449,-0.111480713,-0.256835938,0.06241747,0.004677685,0.07895782,0.002298209,-0.00313997269,-0.00236548134,1.03779876,-0.07861328,-0.247344971,0.0583694577,0.004480537,0.0725401044,-0.550007045,2.13214064,2.73884082,3.51422548
394,7.8799972080498861,2334,0,0,0,0,0,-0.000127611464,0,-0.000956514152,-0.000127611464,0,-0.000956514152,1,0,0,1,2.55222835E-06,0,1.91302752E-05,0,0,0,-0.000392697053,-0.00148448348,4.91265E-05,-0.141967773,-0.0230712891,0.04450014,0.000673833536,0.00018831843,0.002336375,-3.489203E-05,4.46289778E-05,-0.0006480699,-0.00408935547,-0.0263977051,-0.031829834,-0.005053173,-2.53508388E-05,0.00136209733,-2.08809033E-05,8.4772706E-05,-0.000811518461,0.01420829,-0.026763916,-0.025970459,-0.003366953,0.000106511172,0.00114110822,9.4840565E-05,0.00254514813,0.00116715685,4.87495375,-0.0368652344,-0.03668213,0.0593514256,0.000213524763,-0.000325950619,0.000107690452,0.00253380835,0.00117441453,4.89573431,-0.031036377,-0.0295715332,0.0581077933,0.00022327053,-0.0003473343,0.00251433579,-0.00343868136,-0.00248508342,1.0247575,-0.111541748,-0.256469727,0.06289674,0.004749242,0.07914711,0.002289426,-0.0031503588,-0.00239263871,1.03732193,-0.078704834,-0.2468872,0.0588342622,0.00455587544,0.07270097,-0.550008535,2.13214231,2.73883581,3.51422286
395,7.8999972009637185,2341,0,0,0,0,0,-0.000127121428,0,-0.000954915246,-0.000127121428,0,-0.000954915246,1,0,0,1,2.54242764E-06,1.49011612E-08,1.90982973E-05,0,0,0,-0.0003956153,-0.00148318708,2.28012832E-05,-0.143096924,-0.0224609375,0.04464776,0.0007990494,0.000102825055,0.00232954742,-4.382886E-05,4.44501638E-05,-0.0006653585,-0.004119873,-0.0262756348,-0.0319213867,-0.0051427763,-5.6849196E-05,0.00140921806,-3.01488872E-05,8.460879E-05,-0.00083703507,0.0142023526,-0.0266418457,-0.02609253,-0.00349022029,7.466259E-05,0.00119013281,7.320338E-05,0.00254553556,0.0011340502,4.874914,-0.0367431641,-0.0367431641,0.05939331,0.00019287887,-0.000294554571,8.306795E-05,0.00253506,0.00112982991,4.895745,-0.0309143066,-0.0296630859,0.058142934,0.000200857859,-0.000308534451,0.00250114338,-0.00344032049,-0.00249326555,1.024849,-0.11151123,-0.256195068,0.06301036,0.00478602434,0.07904962,0.00227563782,-0.00315225124,-0.00240398385,1.03727186,-0.078704834,-0.246551514,0.0590185262,0.004600791,0.07263583,-0.5500096,2.13214374,2.738832,3.514221
396,7.9199971938775509,2349,0,0,0,0,0,-0.000126465646,0,-0.000953287235,-0.000126465646,0,-0.000953287235,1,0,0,1,2.529312E-06,0,1.90657374E-05,0,0,0,-0.000398236443,-0.00148057938,-4.27726036E-06,-0.144134521,-0.0219421387,0.044784382,0.000908907969,3.049503E-05,0.00231653033,-5.20072972E-05,4.450977E-05,-0.0006668083,-0.004180908,-0.0261535645,-0.0319824219,-0.0051514823,-8.019834E-05,0.00145154633,-3.92986949E-05,8.46982E-05,-0.00084281445,0.014131628,-0.0265197754,-0.0261535645,-0.003516439,5.02112671E-05,0.00123711571,5.49790275E-05,0.00254499912,0.001123024,4.87471056,-0.03668213,-0.03677368,0.059293434,0.0001750667,-0.0002706368,6.15889439E-05,0.00253608823,0.00110926863,4.89565659,-0.0308227539,-0.0296936035,0.0581042171,0.000184925768,-0.000278412976,0.00248800358,-0.00343593955,-0.00249833241,1.02514827,-0.111480713,-0.255981445,0.06304323,0.00481054932,0.07888469,0.00226173736,-0.00314810872,-0.002410127,1.03746688,-0.078704834,-0.246337891,0.0590918548,0.00462944666,0.07248488,-0.5500107,2.132145,2.73882818,3.51421881
397,7.9399971867913832,2357,0,0,0,0,0,-0.000125905353,0,-0.0009535277,-0.000125905353,0,-0.0009535277,1,0,0,1,2.518106E-06,0,1.90705468E-05,0,0,0,-0.000400861172,-0.00148202479,-2.612334E-05,-0.145019531,-0.0214538574,0.04490825,0.00101744977,-2.84663147E-05,0.002307447,-5.77522078E-05,4.45991755E-05,-0.000668822438,-0.00424194336,-0.0260620117,-0.03201294,-0.005163144,-9.809854E-05,0.00148113666,-4.60276169E-05,8.47429037E-05,-0.0008444283,0.0140486658,-0.0264282227,-0.0262146,-0.00352341915,3.12233969E-05,0.00127149036,4.188554E-05,0.00254680216,0.001125985,4.87461758,-0.0366210938,-0.03677368,0.05938393,0.000157666567,-0.0002534312,4.59180446E-05,0.00253473222,0.00110711169,4.895536,-0.0307312012,-0.0296936035,0.05810411,0.000169466555,-0.000256971747,0.00247851433,-0.003428191,-0.00249154447,1.02544415,-0.111419678,-0.2558899,0.06291603,0.00480485242,0.07867958,0.00225053937,-0.003145963,-0.00240773032,1.03771269,-0.0786438,-0.246246338,0.05902416,0.00463932753,0.07230825,-0.550011635,2.13214636,2.738825,3.51421738
398,7.9599971797052147,2365,0,0,0,0,0,-0.000125484614,0,-0.000953502953,-0.000125484614,0,-0.000953502953,1,0,0,1,2.50969129E-06,0,1.90700521E-05,0,0,0,-0.000403339451,-0.00147934258,-4.71797575E-05,-0.145782471,-0.0210571289,0.0450224057,0.00111872808,-8.159918E-05,0.00229073083,-6.15144163E-05,4.45991755E-05,-0.0006702184,-0.00430297852,-0.0260009766,-0.03201294,-0.00516974553,-0.000110386987,0.00149962888,-5.07486475E-05,8.47578049E-05,-0.0008421333,0.0139519135,-0.02633667,-0.0262146,-0.00351236062,1.8209972E-05,0.00129452522,3.48759568E-05,0.002547577,0.00113333773,4.874637,-0.03656006,-0.0367431641,0.05948429,0.000143921483,-0.00024678238,3.658827E-05,0.002536416,0.00111372455,4.89552,-0.030670166,-0.0296936035,0.0581895262,0.000156041555,-0.000246838783,0.0024738526,-0.00342299044,-0.00248251227,1.02554834,-0.111419678,-0.2558899,0.06276355,0.004790106,0.07853223,0.00224453351,-0.00313963,-0.00240176055,1.03786457,-0.07861328,-0.246246338,0.05891924,0.00463146577,0.07216228,-0.5500124,2.13214731,2.73882246,3.514216
399,7.9799971726190471,2372,0,0,0,0,0,-0.000126165687,0,-0.000953207549,-0.000126165687,0,-0.000953207549,1,0,0,1,2.52331279E-06,1.49011612E-08,1.9064144E-05,0,0,0,-0.0004058015,-0.00147970021,-6.600254E-05,-0.146484375,-0.020690918,0.0451221727,0.00119874661,-0.000125192033,0.00228562183,-6.252399E-05,4.464388E-05,-0.000665877946,-0.00436401367,-0.0259399414,-0.0319824219,-0.00514849741,-0.000122039848,0.00150544173,-5.269387E-05,8.481741E-05,-0.000838864362,0.0138973109,-0.0262756348,-0.026184082,-0.003495363,5.7406005E-06,0.00130500458,3.32799536E-05,0.002547592,0.00114177354,4.874535,-0.0364990234,-0.0367431641,0.05941862,0.000133794019,-0.000246244366,3.325895E-05,0.00253564119,0.00112290983,4.895427,-0.03060913,-0.0296630859,0.0581311733,0.000145066719,-0.0002446072,0.002472634,-0.00341999531,-0.00248283171,1.025618,-0.11138916,-0.2559204,0.0627601,0.004789858,0.07850394,0.00224204361,-0.00313776731,-0.00240028137,1.03802073,-0.07858276,-0.246246338,0.0588829331,0.004630654,0.07210787,-0.550013,2.13214827,2.73882055,3.51421523
400,7.9999971655328794,2379,0,0,0,0,0,-0.0001260682,0,-0.000953240669,-0.0001260682,0,-0.000953240669,1,0,0,1,2.521363E-06,0,1.90648061E-05,0,0,0,-0.0004079591,-0.00147914886,-8.261318E-05,-0.147064209,-0.0203857422,0.04521289,0.0012756004,-0.000163428514,0.00227418938,-6.27861446E-05,4.442036E-05,-0.000661973259,-0.004425049,-0.0259094238,-0.0319824219,-0.00512939924,-0.00013111766,0.0015070287,-5.30769357E-05,8.457899E-05,-0.0008395723,0.0138432365,-0.0262451172,-0.026184082,-0.00349856843,-4.420378E-06,0.0013071635,3.342071E-05,0.00254812837,0.00114616007,4.874573,-0.0364685059,-0.0367431641,0.0594930947,0.00012549627,-0.000248289522,3.24438224E-05,0.002536282,0.00112932792,4.89545774,-0.0305786133,-0.0296630859,0.0582266264,0.000133115856,-0.0002443808,0.00247351336,-0.00342006981,-0.00247915438,1.02562225,-0.11138916,-0.255981445,0.0627106354,0.00478199031,0.0784945041,0.00224197516,-0.00313593447,-0.00239294884,1.0380367,-0.07858276,-0.246307373,0.0587755255,0.004615754,0.07205372,-0.5500135,2.132149,2.738819,3.51421452
401,8.0199971584467118,2387,0,0,0,0,0,-0.0001259244,0,-0.0009539839,-0.0001259244,0,-0.0009539839,1,0,0,1,2.518487E-06,1.49011612E-08,1.907967E-05,0,0,0,-0.000409855333,-0.00148664415,-9.575303E-05,-0.147583008,-0.020111084,0.04529387,0.00134204712,-0.000198895257,0.00226217182,-6.161191E-05,4.41819429E-05,-0.0006571098,-0.004425049,-0.0258789063,-0.0319824219,-0.00510677975,-0.000141226512,0.00150222552,-5.2509844E-05,8.43703747E-05,-0.0008285075,0.0138192652,-0.026184082,-0.0261535645,-0.003442522,-1.5093523E-05,0.00130518049,3.49041438E-05,0.002543971,0.00114948116,4.874413,-0.03643799,-0.0367431641,0.0593381636,0.000120343975,-0.000249034871,3.41993E-05,0.00253427029,0.00113556569,4.89526558,-0.0305480957,-0.0296630859,0.0580570176,0.00012749467,-0.000247968128,0.00247336063,-0.003425017,-0.00248217746,1.02564955,-0.11138916,-0.255981445,0.06273564,0.004791531,0.0785203353,0.002242157,-0.00313684344,-0.0023992015,1.038087,-0.07858276,-0.246337891,0.0588460676,0.00462726364,0.07208705,-0.550013959,2.1321497,2.73881721,3.51421356
402,8.0399971513605433,2395,0,0,0,0,0,-0.000126000858,0,-0.0009529344,-0.000126000858,0,-0.0009529344,1,0,0,1,2.520016E-06,0,1.905868E-05,0,0,0,-0.000411787361,-0.00147271156,-0.000109734749,-0.148040771,-0.0198669434,0.0453638062,0.00139956758,-0.000228539531,0.00225775316,-6.15360259E-05,4.45842743E-05,-0.0006622553,-0.00445556641,-0.0258483887,-0.0319519043,-0.0051317485,-0.00014585389,0.00150162342,-5.20866233E-05,8.47131E-05,-0.0008346697,0.0137963761,-0.0261535645,-0.0261535645,-0.00347299245,-2.012488E-05,0.00130294671,3.56115561E-05,0.00254680216,0.00115280855,4.87447643,-0.03640747,-0.0367431641,0.0595138147,0.000114875751,-0.000251199526,3.49403381E-05,0.00253562629,0.0011392961,4.895337,-0.0305175781,-0.0296630859,0.05823867,0.000121609904,-0.0002491398,0.00247466657,-0.00342211127,-0.002475229,1.025595,-0.11138916,-0.256011963,0.06265433,0.004774741,0.07849154,0.00224314537,-0.00313672423,-0.00239082635,1.0380342,-0.07858276,-0.246368408,0.05874124,0.004610639,0.07205511,-0.5500143,2.13215017,2.738816,3.514213
403,8.0599971442743765,2402,0,0,0,0,0,-0.000125967141,0,-0.0009533171,-0.000125967141,0,-0.0009533171,1,0,0,1,2.51934171E-06,0,1.90663341E-05,0,0,0,-0.0004136546,-0.00148566067,-0.000120032419,-0.1484375,-0.0196838379,0.0454252064,0.00145539164,-0.000253277423,0.00225106813,-6.093133E-05,4.427135E-05,-0.000663509942,-0.00451660156,-0.0258178711,-0.0319519043,-0.00513865752,-0.00015146716,0.00149891281,-5.153656E-05,8.444488E-05,-0.000829703233,0.0137965642,-0.0261230469,-0.0261535645,-0.00344794663,-2.60619618E-05,0.001300517,3.685776E-05,0.00254762173,0.00115401158,4.87451363,-0.03640747,-0.0367126465,0.0595214255,0.0001087757,-0.000252954167,3.691014E-05,0.00253468752,0.00113977538,4.895177,-0.0305175781,-0.0296630859,0.058074262,0.000115159215,-0.0002532285,0.00247679325,-0.00342157483,-0.00247551128,1.02545369,-0.111419678,-0.256073,0.06266917,0.00477219047,0.0785254762,0.002244935,-0.003136292,-0.00239584479,1.03804982,-0.07858276,-0.246368408,0.0588068031,0.004616937,0.0721049,-0.5500146,2.13215065,2.738815,3.51421261
404,8.079997137188208,2410,0,0,0,0,0,-0.000125933584,0,-0.000953230134,-0.000125933584,0,-0.000953230134,1,0,0,1,2.51867073E-06,1.49011612E-08,1.90645951E-05,0,0,0,-0.000415173825,-0.00147712231,-0.000129798078,-0.1487732,-0.0195007324,0.0454814956,0.0014978596,-0.000275452563,0.00224201288,-6.06081558E-05,4.4375658E-05,-0.0006565802,-0.00451660156,-0.0257873535,-0.0319519043,-0.00510313176,-0.000153609828,0.00149663037,-5.08454868E-05,8.453429E-05,-0.0008314575,0.0137918731,-0.0261230469,-0.0261535645,-0.003457436,-2.83931513E-05,0.00129641057,3.825077E-05,0.00254355371,0.00115369482,4.87433767,-0.0363769531,-0.0367431641,0.0593484268,0.000109226748,-0.0002558047,3.78806071E-05,0.002535835,0.00113896956,4.89514351,-0.03048706,-0.0296630859,0.0581528656,0.000116323,-0.000253543636,0.002477366,-0.00342808664,-0.00248281844,1.02544975,-0.111419678,-0.256073,0.06276364,0.00479031354,0.0785997361,0.00224513561,-0.003135696,-0.00239399541,1.03802991,-0.07858276,-0.246398926,0.0587901473,0.00461272756,0.07209709,-0.5500149,2.13215113,2.738814,3.51421213
405,8.0999971301020413,2418,0,0,0,0,0,-0.00012593533,0,-0.0009520542,-0.00012593533,0,-0.0009520542,1,0,0,1,2.51870551E-06,0,1.90410774E-05,0,0,0,-0.0004160528,-0.00147655606,-0.000140246746,-0.149078369,-0.019317627,0.04552905,0.00154140743,-0.0002964758,0.00223068544,-6.00383974E-05,4.44501638E-05,-0.0006606436,-0.00451660156,-0.0257873535,-0.0319519043,-0.00512513425,-0.000160872136,0.00149544654,-5.038519E-05,8.456409E-05,-0.0008393664,0.0137427272,-0.02609253,-0.0261535645,-0.00349431462,-3.588441E-05,0.0012958413,3.801915E-05,0.002546981,0.00115212076,4.87431335,-0.0363769531,-0.0367431641,0.0594343171,0.000106300919,-0.000253571023,3.80382044E-05,0.00253668427,0.00114067632,4.895303,-0.030456543,-0.0296630859,0.05833267,0.000106001426,-0.000253118837,0.00247697672,-0.003423661,-0.00248079584,1.02547085,-0.111419678,-0.25604248,0.0627519,0.00478363829,0.0785732344,0.00224724645,-0.00313699245,-0.00238654064,1.03788292,-0.07861328,-0.246429443,0.0587005578,0.004597663,0.07209382,-0.5500151,2.13215137,2.7388134,3.514212
406,8.1199971230158727,2425,0,0,0,0,0,-0.000125915409,0,-0.0009531865,-0.000125915409,0,-0.0009531865,1,0,0,1,2.51830716E-06,0,1.9063722E-05,0,0,0,-0.000417606265,-0.00147648156,-0.000146671766,-0.14932251,-0.0191955566,0.04556829,0.001582379,-0.000314166944,0.00223035365,-6.00048E-05,4.4465065E-05,-0.0006593105,-0.00451660156,-0.0257568359,-0.0319519043,-0.00511956029,-0.000163964127,0.00149579521,-5.042941E-05,8.46236944E-05,-0.0008273332,0.0137243755,-0.02609253,-0.0261535645,-0.00343432557,-3.96799333E-05,0.00129637949,3.824246E-05,0.002546221,0.00115120737,4.874254,-0.0363464355,-0.0367431641,0.0594262928,0.00010113079,-0.000254317274,3.93170776E-05,0.00253453851,0.00114091358,4.89511061,-0.030456543,-0.0296630859,0.0580686666,0.000107574386,-0.000256920728,0.0024775546,-0.003423974,-0.00247972552,1.02545166,-0.111419678,-0.256073,0.06273139,0.004781129,0.078573294,0.00224747742,-0.003138736,-0.00239894213,1.03787482,-0.07861328,-0.246398926,0.0588656962,0.00462145638,0.07217442,-0.5500153,2.1321516,2.73881269,3.51421142
407,8.1399971159297042,2433,0,0,0,0,0,-0.00012588939,0,-0.000951817841,-0.00012588939,0,-0.000951817841,1,0,0,1,2.5177867E-06,1.49011612E-08,1.903635E-05,0,0,0,-0.0004189461,-0.00147651136,-0.00015495671,-0.14956665,-0.0190734863,0.0456038974,0.00160330825,-0.0003264285,0.00222333916,-6.040289E-05,4.450977E-05,-0.000665641448,-0.00457763672,-0.0257568359,-0.0319519043,-0.005148925,-0.000162477241,0.00149646169,-5.02169642E-05,8.46236944E-05,-0.0008306326,0.013725169,-0.0260620117,-0.0261535645,-0.00345155085,-3.78456753E-05,0.00129412417,3.823324E-05,0.00254951417,0.00115274184,4.87440538,-0.0363464355,-0.0367431641,0.059600912,0.000100589044,-0.0002554461,3.8647584E-05,0.00253433,0.0011387415,4.89507866,-0.030456543,-0.0296630859,0.0581502244,0.0001089945,-0.0002541509,0.00247902516,-0.00342135131,-0.002475448,1.02534318,-0.111450195,-0.256103516,0.06269435,0.00476944959,0.07856843,0.00224680221,-0.00314086676,-0.002395479,1.03787816,-0.07861328,-0.246398926,0.0588223524,0.004617979,0.0721562356,-0.55001545,2.13215184,2.73881221,3.51421118
408,8.1599971088435375,2441,0,0,0,0,0,-0.000125879364,0,-0.000952086353,-0.000125879364,0,-0.000952086353,1,0,0,1,2.51758638E-06,0,1.904172E-05,0,0,0,-0.000419901829,-0.0014770031,-0.000159237388,-0.149749756,-0.018951416,0.04563256,0.00163605122,-0.000338698854,0.00222220621,-6.00313251E-05,4.44501638E-05,-0.000661054044,-0.0046081543,-0.0257568359,-0.0319519043,-0.005126257,-0.000164683792,0.00149464177,-5.03674455E-05,8.460879E-05,-0.000838677457,0.01367827,-0.0260620117,-0.0261535645,-0.0034917302,-3.98229822E-05,0.001295019,3.8928978E-05,0.00254446268,0.00115219562,4.87420845,-0.0363464355,-0.0367431641,0.05936091,0.000101837628,-0.000256101281,3.793717E-05,0.00253811479,0.001139366,4.895237,-0.030456543,-0.0296630859,0.0583278835,0.00010200125,-0.000252828962,0.00247926265,-0.00342826545,-0.002483293,1.02531958,-0.111419678,-0.256073,0.06279169,0.00478924531,0.07864046,0.00224818569,-0.00313597918,-0.00239010458,1.03774476,-0.0786438,-0.246459961,0.05876413,0.00460257567,0.0721332356,-0.550015569,2.132152,2.738812,3.51421118
409,8.1799971017573689,2449,0,0,0,0,0,-0.000125854291,0,-0.000952418835,-0.000125854291,0,-0.000952418835,1,0,0,1,2.51708479E-06,1.49011612E-08,1.904837E-05,0,0,0,-0.0004205081,-0.00147333741,-0.000163958728,-0.149902344,-0.0188598633,0.045658078,0.0016584557,-0.000352058,0.002214382,-6.00722378E-05,4.44501638E-05,-0.000662050734,-0.004638672,-0.0257263184,-0.0319824219,-0.00513251126,-0.0001679091,0.00149578031,-5.03289848E-05,8.460879E-05,-0.0008277953,0.0136582367,-0.0260620117,-0.0261535645,-0.00343657471,-4.39427058E-05,0.00129558018,3.82104226E-05,0.00254751742,0.001148344,4.8742547,-0.0363464355,-0.0367431641,0.05950366,9.771391E-05,-0.000254572718,3.87803229E-05,0.00253227353,0.00113801775,4.8950305,-0.0304260254,-0.0296630859,0.05806295,0.000104215047,-0.000255075574,0.00247944822,-0.003425151,-0.00247916766,1.02529907,-0.111450195,-0.256103516,0.06275247,0.004779303,0.07861693,0.00224807626,-0.00314390659,-0.00239873119,1.0377202,-0.0786438,-0.246429443,0.0588712953,0.00462508947,0.0722082257,-0.5500156,2.132152,2.73881149,3.514211
410,8.1999970946712022,2457,0,0,0,0,0,-0.000125812032,0,-0.0009513282,-0.000125812032,0,-0.0009513282,1,0,0,1,2.51623965E-06,1.49011612E-08,1.90265564E-05,0,0,0,-0.0004215009,-0.0014745146,-0.000169733044,-0.150054932,-0.01876831,0.0456792638,0.00167158362,-0.0003595919,0.0022133498,-6.02232649E-05,4.44501638E-05,-0.0006630273,-0.00466918945,-0.0257263184,-0.0319824219,-0.00513554877,-0.000166229147,0.00149542722,-5.053181E-05,8.46684E-05,-0.0008349405,0.0136333536,-0.0260620117,-0.0261535645,-0.00347287557,-4.19568969E-05,0.00129563606,3.82164872E-05,0.00254745781,0.00114952167,4.87427855,-0.036315918,-0.0367431641,0.0595097765,9.902655E-05,-0.000254736544,3.82401377E-05,0.00253789127,0.00113732356,4.89507866,-0.0304260254,-0.0296630859,0.0582359545,0.000103502411,-0.0002541388,0.00247997022,-0.00342580676,-0.00247978512,1.02523434,-0.111450195,-0.256103516,0.06276401,0.00478032976,0.07863161,0.00224874564,-0.00313730538,-0.00239441963,1.03771222,-0.0786438,-0.246429443,0.0588398129,0.00461122859,0.0721809044,-0.5500157,2.13215232,2.73881125,3.514211
411,8.2199970875850337,2465,0,0,0,0,0,-0.000125820123,0,-0.000952018658,-0.000125820123,0,-0.000952018658,1,0,0,1,2.51640154E-06,0,1.90403662E-05,0,0,0,-0.000422080222,-0.00147522986,-0.000172422355,-0.150177,-0.0187072754,0.04569737,0.00170053041,-0.000369981717,0.00220534974,-6.038542E-05,4.450977E-05,-0.000663582,-0.00473022461,-0.0257263184,-0.0319824219,-0.005138883,-0.000167906328,0.00149646157,-5.0548053E-05,8.46385956E-05,-0.000833673635,0.0135830324,-0.0260314941,-0.0261535645,-0.00346672325,-4.380371E-05,0.00129586039,3.82775834E-05,0.0025472492,0.00115068257,4.874278,-0.036315918,-0.0367431641,0.05951498,9.717467E-05,-0.000255607825,3.870912E-05,0.002535984,0.00113752089,4.89508533,-0.0304260254,-0.0296630859,0.05823126,0.000103036,-0.000255458523,0.00248102751,-0.00342725217,-0.002480625,1.02514982,-0.111480713,-0.256134033,0.06278167,0.0047819,0.07866039,0.00224951678,-0.00314046443,-0.00239385967,1.03763545,-0.0786438,-0.246429443,0.0588295273,0.00461174268,0.0721982345,-0.5500158,2.13215232,2.738811,3.5142107
412,8.2399970804988651,2473,0,0,0,0,0,-0.0001258365,0,-0.0009507647,-0.0001258365,0,-0.0009507647,1,0,0,1,2.516729E-06,0,1.90152859E-05,0,0,0,-0.00042288765,-0.00147637725,-0.00017717958,-0.150268555,-0.01864624,0.0457097478,0.0017068435,-0.0003801637,0.002212869,-6.00583626E-05,4.44799662E-05,-0.0006587504,-0.00473022461,-0.0257263184,-0.0319824219,-0.00511444127,-0.000169281455,0.0014949902,-5.042811E-05,8.46385956E-05,-0.000836489431,0.0135412067,-0.0260314941,-0.0261535645,-0.00347982417,-4.510891E-05,0.00129556307,3.8314327E-05,0.00254413486,0.00114844751,4.874096,-0.036315918,-0.0367431641,0.0593452752,0.000100836471,-0.000254458631,3.861881E-05,0.00253647566,0.00113846269,4.89509439,-0.0304260254,-0.0296630859,0.0582444519,0.000100151061,-0.00025497732,0.00247989036,-0.00343124568,-0.00248680869,1.02519441,-0.111450195,-0.256073,0.0628601238,0.00479800068,0.0786942,0.00225042831,-0.00314089656,-0.00239427038,1.037577,-0.07867432,-0.246459961,0.05884601,0.004612002,0.07222179,-0.550015867,2.13215256,2.73881078,3.5142107
413,8.2599970734126984,2480,0,0,0,0,0,-0.00012571468,0,-0.0009519986,-0.00012571468,0,-0.0009519986,1,0,0,1,2.51429265E-06,1.49011612E-08,1.90399642E-05,0,0,0,-0.000422972458,-0.00147473812,-0.000178454153,-0.1503601,-0.0185852051,0.0457234047,0.00172878464,-0.000386306172,0.00220138626,-6.01753236E-05,4.450977E-05,-0.0006573474,-0.00473022461,-0.0257263184,-0.0319824219,-0.00510900468,-0.00017124314,0.001496347,-5.02495568E-05,8.46535E-05,-0.000826108153,0.013534232,-0.0260314941,-0.0261535645,-0.00342774158,-4.77281428E-05,0.001295261,3.753221E-05,0.00254663825,0.00114888337,4.874033,-0.036315918,-0.0367431641,0.0594161339,9.640458E-05,-0.0002529122,3.874102E-05,0.00253298879,0.0011360388,4.894894,-0.0304260254,-0.0296630859,0.05805398,0.000104311912,-0.0002546464,0.00247917045,-0.003427118,-0.00248427363,1.0252775,-0.111450195,-0.256073,0.0628263,0.00479101762,0.07865529,0.0022489666,-0.00314483047,-0.0024007454,1.037627,-0.0786438,-0.246398926,0.0589223653,0.00462882267,0.07224854,-0.550015867,2.13215256,2.73881078,3.5142107
414,8.27999706632653,2487,0,0,0,0,0,-0.000125775477,0,-0.0009517858,-0.000125775477,0,-0.0009517858,1,0,0,1,2.51550864E-06,0,1.903571E-05,0,0,0,-0.000423584424,-0.00147435069,-0.0001808797,-0.150421143,-0.01852417,0.0457316861,0.00173736957,-0.000389737,0.00220631971,-6.05294081E-05,4.452467E-05,-0.0006650157,-0.00479125977,-0.0257263184,-0.0319824219,-0.005146522,-0.000170361876,0.00149759,-5.064252E-05,8.46833E-05,-0.0008342243,0.0134882983,-0.0260314941,-0.0261535645,-0.003468813,-4.63134347E-05,0.00129676,3.73761723E-05,0.0025498718,0.00115097768,4.874157,-0.036315918,-0.0367431641,0.05959646,9.38521043E-05,-0.0002536007,3.75621421E-05,0.0025383234,0.00113760575,4.89502668,-0.0304260254,-0.0296630859,0.0583095737,9.896018E-05,-0.000252776546,0.00248055859,-0.00342273712,-0.0024771234,1.02516377,-0.111480713,-0.256134033,0.06274036,0.00477247,0.0786197,0.00224987883,-0.00313854218,-0.00239248318,1.03756893,-0.0786438,-0.246459961,0.0588273928,0.00460763,0.07219834,-0.5500159,2.13215256,2.73881054,3.51421046
415,8.2999970592403631,2494,0,0,0,0,0,-0.000125694845,0,-0.0009506952,-0.000125694845,0,-0.0009506952,1,0,0,1,2.51389588E-06,0,1.90138962E-05,0,0,0,-0.000423922931,-0.00147537887,-0.000184763441,-0.1505127,-0.0184936523,0.0457419567,0.00174540025,-0.00039519,0.002194952,-6.0630784E-05,4.44352627E-05,-0.0006590644,-0.00479125977,-0.0257263184,-0.0319824219,-0.00511535,-0.00016910251,0.001497304,-5.09881174E-05,8.457899E-05,-0.0008321,0.0134731308,-0.0260314941,-0.0261535645,-0.003458419,-4.5268047E-05,0.00129780639,3.76696E-05,0.002542913,0.00115293765,4.87404633,-0.036315918,-0.0367431641,0.05943248,9.84384751E-05,-0.000254599669,3.8373284E-05,0.00253494084,0.001136461,4.894937,-0.0304260254,-0.0296630859,0.0581512637,0.000101604222,-0.000255999563,0.00248040934,-0.003433913,-0.0024823877,1.02506912,-0.111480713,-0.256134033,0.0627951846,0.004791389,0.07868321,0.00225041,-0.00314252079,-0.002397462,1.03753328,-0.0786438,-0.246429443,0.0588876568,0.004619222,0.07224573,-0.5500159,2.13215256,2.73881054,3.51421046
416,8.3199970521541946,2500,0,0,0,0,0,-0.000125737512,0,-0.000950834132,-0.000125737512,0,-0.000950834132,1,0,0,1,2.51474921E-06,0,1.90166757E-05,0,0,0,-0.000424193946,-0.00147590041,-0.000186882127,-0.15057373,-0.0184631348,0.0457472466,0.00175467343,-0.000401167636,0.00219935761,-6.0444705E-05,4.4554472E-05,-0.000660892343,-0.00482177734,-0.0257263184,-0.0319824219,-0.00512525951,-0.000171019128,0.00149699557,-5.04283635E-05,8.46833E-05,-0.0008315931,0.0134351626,-0.0260314941,-0.0261535645,-0.00345533388,-4.72776846E-05,0.00129554642,3.76030039E-05,0.00254930556,0.00115041621,4.874066,-0.036315918,-0.0367431641,0.0595075823,9.519102E-05,-0.000253887352,3.79569246E-05,0.002535805,0.00113740808,4.89494133,-0.0304260254,-0.0296630859,0.05822601,9.896042E-05,-0.000253066217,0.00248182635,-0.003425002,-0.00248133,1.02506351,-0.111480713,-0.256134033,0.06282088,0.004781039,0.07868427,0.0022503552,-0.003142953,-0.00239625061,1.03748739,-0.07867432,-0.246459961,0.058877375,0.00461776927,0.07224461,-0.550016,2.13215256,2.7388103,3.51421022
417,8.3399970450680261,2507,0,0,0,0,0,-0.000125736187,0,-0.000951207068,-0.000125736187,0,-0.000951207068,1,0,0,1,2.51472284E-06,1.49011612E-08,1.90241335E-05,0,0,0,-0.000424343045,-0.0014731735,-0.0001867311,-0.150604248,-0.0184021,0.0457534119,0.00176755944,-0.000404428865,0.00219326164,-6.03476474E-05,4.44948673E-05,-0.000661964354,-0.0048828125,-0.0257263184,-0.0319824219,-0.0051301755,-0.000170062209,0.00149592187,-5.07503355E-05,8.46385956E-05,-0.0008351855,0.0134005565,-0.0260314941,-0.0261535645,-0.00347403,-4.622145E-05,0.00129670254,3.82625949E-05,0.002547413,0.00115070923,4.874061,-0.036315918,-0.0367431641,0.05951177,9.51470138E-05,-0.000255289982,3.827894E-05,0.00253652036,0.00113770377,4.89494228,-0.0304260254,-0.0296630859,0.0582399964,0.000100135723,-0.000254929531,0.00248263124,-0.0034288466,-0.00248199,1.02499759,-0.111480713,-0.256164551,0.06282441,0.004784292,0.0787109658,0.00225157337,-0.003142193,-0.00239547435,1.03741753,-0.07867432,-0.246459961,0.0588774681,0.00461412547,0.0722578838,-0.550016,2.13215256,2.7388103,3.51421022
418,8.35999703798186,2513,0,0,0,0,0,-0.000125792387,0,-0.000950257469,-0.000125792387,0,-0.000950257469,1,0,0,1,2.51584675E-06,1.49011612E-08,1.90051414E-05,0,0,0,-0.00042483685,-0.00147764385,-0.00018980942,-0.150634766,-0.018371582,0.0457544737,0.00176704151,-0.000408464257,0.0022001355,-6.03965054E-05,4.453957E-05,-0.00066166633,-0.00491333,-0.0257263184,-0.0319824219,-0.00512859039,-0.000171171487,0.00149645819,-5.059211E-05,8.46833E-05,-0.0008352003,0.0133656822,-0.0260314941,-0.026184082,-0.00347328419,-4.736675E-05,0.00129621744,3.84543819E-05,0.002547428,0.0011486219,4.87406,-0.036315918,-0.0367431641,0.05950585,9.657582E-05,-0.000256010739,3.84808045E-05,0.00253660977,0.00113651971,4.89494133,-0.0304260254,-0.0296630859,0.0582373142,0.000100562516,-0.000254969578,0.002483378,-0.00342983,-0.00248181075,1.024968,-0.111480713,-0.256134033,0.06283466,0.004783934,0.07872974,0.00225198665,-0.00314317644,-0.00239666528,1.03737211,-0.07867432,-0.246459961,0.0589043,0.004616816,0.0722802952,-0.550016,2.13215256,2.7388103,3.51421022
419,8.37999703089569,2520,0,0,0,0,0,-0.000125745064,0,-0.000950990245,-0.000125745064,0,-0.000950990245,1,0,0,1,2.51490019E-06,0,1.9019797E-05,0,0,0,-0.000424844475,-0.001474157,-0.000188917271,-0.150665283,-0.018371582,0.0457575433,0.00177446613,-0.000409676461,0.00220053969,-6.00807762E-05,4.44799662E-05,-0.000658054138,-0.00494384766,-0.0257263184,-0.0319824219,-0.005111611,-0.0001727039,0.0014954207,-5.01895447E-05,8.460879E-05,-0.000828292454,0.0133666452,-0.0260314941,-0.026184082,-0.00343848579,-4.89442136E-05,0.0012947038,3.83909937E-05,0.00254552066,0.001149011,4.873947,-0.036315918,-0.0367431641,0.0594205819,9.485163E-05,-0.000254885119,3.85950734E-05,0.00253300369,0.00113632635,4.894727,-0.0304260254,-0.0296630859,0.05806481,0.00010253417,-0.000253936916,0.00248288922,-0.00343219936,-0.00248535047,1.02498865,-0.111480713,-0.256134033,0.06287208,0.004793034,0.0787489,0.00225072238,-0.003147304,-0.00240337523,1.0374217,-0.07867432,-0.246429443,0.0589765534,0.004634011,0.0723090544,-0.550016046,2.13215256,2.7388103,3.51421022
420,8.3999970238095241,2526,0,0,0,0,0,-0.0001257074,0,-0.000950700662,-0.0001257074,0,-0.000950700662,1,0,0,1,2.51414713E-06,0,1.90140054E-05,0,0,0,-0.000424791622,-0.00147514045,-0.00018986591,-0.1506958,-0.0183410645,0.0457612872,0.001779614,-0.00041241094,0.00219323812,-6.02936343E-05,4.44799662E-05,-0.000663683,-0.00494384766,-0.0257263184,-0.0319824219,-0.0051390226,-0.000171707827,0.00149599451,-5.06789256E-05,8.46385956E-05,-0.0008371351,0.0133255627,-0.0260314941,-0.026184082,-0.00348305167,-4.751177E-05,0.00129671989,3.768219E-05,0.00254641473,0.0011503204,4.87395144,-0.0362854,-0.0367431641,0.059518598,9.715052E-05,-0.000253409176,3.77631368E-05,0.00253845751,0.00113746175,4.89484167,-0.0303955078,-0.0296630859,0.05832155,9.93586655E-05,-0.000253287639,0.00248227059,-0.00343161821,-0.00248205126,1.02492213,-0.111480713,-0.256134033,0.06282947,0.004787299,0.0787194446,0.00225159433,-0.00314064324,-0.00239345082,1.0373894,-0.07867432,-0.246459961,0.0588670149,0.00460952148,0.07225028,-0.550016046,2.13215256,2.7388103,3.51421022
421,8.4199970167233555,2532,0,0,0,0,0,-0.000125689985,0,-0.000950406946,-0.000125689985,0,-0.000950406946,1,0,0,1,2.51379879E-06,1.49011612E-08,1.90081319E-05,0,0,0,-0.000425068429,-0.00147584081,-0.0001924968,-0.150726318,-0.0183105469,0.0457637459,0.00178617192,-0.000416470255,0.00218845159,-6.05494752E-05,4.452467E-05,-0.0006610276,-0.005004883,-0.0257263184,-0.0319824219,-0.00512557151,-0.000171794047,0.00149733922,-5.074832E-05,8.46684E-05,-0.0008286425,0.0132986074,-0.0260314941,-0.026184082,-0.0034405007,-4.81529642E-05,0.00129700417,3.753102E-05,0.002547577,0.00114990678,4.87394047,-0.0362854,-0.0367431641,0.0595081262,9.307089E-05,-0.0002539402,3.82268263E-05,0.002535075,0.00113757665,4.89471149,-0.0304260254,-0.0296630859,0.05814346,9.926031E-05,-0.000254793471,0.00248346059,-0.00342994928,-0.00248254882,1.02488852,-0.11151123,-0.256164551,0.06284686,0.004785655,0.07873942,0.00225185929,-0.00314420462,-0.00239919173,1.03736675,-0.07867432,-0.246459961,0.05893102,0.00462247338,0.072294265,-0.550016046,2.1321528,2.73881,3.51421022
422,8.439997009637187,2539,0,0,0,0,0,-0.000125757564,0,-0.000950043264,-0.000125757564,0,-0.000950043264,1,0,0,1,2.5151503E-06,1.49011612E-08,1.90008577E-05,0,0,0,-0.0004253214,-0.00147555768,-0.000193226573,-0.150756836,-0.0183105469,0.0457637,0.00178203674,-0.000419044518,0.002197271,-6.05744681E-05,4.452467E-05,-0.000660633144,-0.00503540039,-0.0256958,-0.0319824219,-0.005122301,-0.000169737788,0.00149656483,-5.077389E-05,8.46385956E-05,-0.00083269,0.0132805286,-0.0260314941,-0.026184082,-0.00346153835,-4.593687E-05,0.00129635911,3.76925818E-05,0.002547577,0.00115078525,4.87393,-0.0362854,-0.0367431641,0.059509553,9.815116E-05,-0.000254160259,3.78170625E-05,0.0025357455,0.00113821088,4.89472532,-0.0303955078,-0.0296630859,0.0582352243,0.0001009772,-0.000253605278,0.00248362147,-0.00343061984,-0.00248184334,1.02488744,-0.11151123,-0.256164551,0.062849164,0.004784773,0.07874504,0.002251758,-0.00314463675,-0.002395709,1.03736281,-0.07867432,-0.246459961,0.0588936,0.00461682724,0.07227987,-0.550016046,2.1321528,2.73881,3.51421022
423,8.45999700255102,2546,0,0,0,0,0,-0.000125729683,0,-0.00095065916,-0.000125729683,0,-0.00095065916,1,0,0,1,2.51459278E-06,0,1.90131759E-05,0,0,0,-0.000424954633,-0.00147388875,-0.000192196836,-0.150756836,-0.01828003,0.0457658879,0.00179113529,-0.000418109441,0.00218770071,-6.03972221E-05,4.452467E-05,-0.0006600569,-0.005065918,-0.0257263184,-0.0319824219,-0.005121671,-0.000173646127,0.00149710267,-5.05676653E-05,8.46535E-05,-0.0008336661,0.0132554751,-0.0260314941,-0.026184082,-0.00346497935,-4.992982E-05,0.0012967668,3.784633E-05,0.00254736841,0.00115025032,4.87391567,-0.0362854,-0.0367431641,0.05950679,9.248944E-05,-0.000254408253,3.781822E-05,0.00253655016,0.00113782508,4.89472342,-0.0303955078,-0.0296630859,0.0582372472,9.82332349E-05,-0.000253104576,0.00248417538,-0.00343082845,-0.002483094,1.02481449,-0.11151123,-0.256195068,0.06285895,0.00478650257,0.07875783,0.002252031,-0.00314328074,-0.00239688088,1.03727329,-0.078704834,-0.246459961,0.05891039,0.004617485,0.0722855,-0.550016046,2.1321528,2.73881,3.51421022
424,8.4799969954648518,2552,0,0,0,0,0,-0.000125687366,0,-0.0009507592,-0.000125687366,0,-0.0009507592,1,0,0,1,2.51374627E-06,1.49011612E-08,1.90151768E-05,0,0,0,-0.000425502018,-0.00147636235,-0.000192439038,-0.150787354,-0.01828003,0.045765698,0.00179141213,-0.00042149736,0.002193618,-6.063074E-05,4.450977E-05,-0.000653676165,-0.005065918,-0.0256958,-0.0319824219,-0.005088393,-0.00017080328,0.0014971667,-5.10358077E-05,8.46385956E-05,-0.000833948434,0.0132274143,-0.0260314941,-0.026184082,-0.00346771372,-4.7311034E-05,0.00129803293,3.804793E-05,0.00254401565,0.00115051528,4.873686,-0.0362854,-0.0367431641,0.0593368933,9.78643E-05,-0.000255461578,3.814957E-05,0.00253658,0.00113562169,4.894715,-0.0303955078,-0.0296630859,0.0582326725,9.738884E-05,-0.0002555625,0.002483535,-0.00343509018,-0.002487544,1.0249027,-0.11151123,-0.256134033,0.0629145056,0.00479901861,0.07878949,0.00225359667,-0.00314426422,-0.002398267,1.03720987,-0.078704834,-0.246490479,0.0589378327,0.00461904425,0.0723241046,-0.550016046,2.1321528,2.73881,3.51421022
425,8.499996988378685,2558,0,0,0,0,0,-0.000125703,0,-0.00095034414,-0.000125703,0,-0.00095034414,1,0,0,1,2.514059E-06,0,1.90068749E-05,0,0,0,-0.000425127335,-0.00147394836,-0.00019460592,-0.150787354,-0.0182495117,0.0457670465,0.00179028965,-0.000425048522,0.00218758848,-6.05539863E-05,4.44799662E-05,-0.0006576715,-0.00509643555,-0.0256958,-0.0319824219,-0.00510943076,-0.000173011067,0.0014978213,-5.03295123E-05,8.460879E-05,-0.000831296958,0.0131865228,-0.0260314941,-0.026184082,-0.00345312734,-5.014561E-05,0.00129542977,3.68031251E-05,0.00254786015,0.00115307141,4.8737936,-0.0362854,-0.0367431641,0.0595810078,9.656172E-05,-0.000251852645,3.83678234E-05,0.00253620744,0.00113618455,4.8946805,-0.0304260254,-0.0296630859,0.0582243837,9.929969E-05,-0.000253772741,0.0024825763,-0.003430605,-0.002478741,1.02484179,-0.11151123,-0.256164551,0.06280329,0.00478042476,0.07871082,0.00225371821,-0.00314597785,-0.00239869626,1.03719926,-0.078704834,-0.246490479,0.05895496,0.00462122029,0.07234026,-0.550016046,2.1321528,2.73881,3.51421022
426,8.5199969812925165,2565,0,0,0,0,0,-0.000125721635,0,-0.0009497373,-0.000125721635,0,-0.0009497373,1,0,0,1,2.5144318E-06,1.49011612E-08,1.89947386E-05,0,0,0,-0.000425495557,-0.00147637725,-0.000194908018,-0.150817871,-0.0182495117,0.0457644723,0.00179225975,-0.000426446466,0.00219676923,-6.07373331E-05,4.453957E-05,-0.000659194251,-0.00509643555,-0.0257263184,-0.0319824219,-0.00511647,-0.000173065855,0.00149847148,-5.06976867E-05,8.46833E-05,-0.0008304115,0.0131776165,-0.0260314941,-0.026184082,-0.00344863022,-4.93000371E-05,0.0012970859,3.72093637E-05,0.00254631042,0.00115521718,4.873675,-0.0362854,-0.0367431641,0.05944401,9.116482E-05,-0.000253735547,3.856657E-05,0.00253464282,0.001136073,4.894555,-0.0304260254,-0.0296630859,0.05814781,9.97933E-05,-0.000255567633,0.00248406362,-0.00343135,-0.002483231,1.0247972,-0.11151123,-0.256195068,0.06285845,0.004787427,0.07875897,0.002253184,-0.00314743817,-0.00240059686,1.03721237,-0.078704834,-0.246459961,0.0589724742,0.004626565,0.07234596,-0.550016046,2.1321528,2.73881,3.51421022
427,8.53999697420635,2573,0,0,0,0,0,-0.000125666469,0,-0.0009507625,-0.000125666469,0,-0.0009507625,1,0,0,1,2.51332835E-06,1.49011612E-08,1.90152423E-05,0,0,0,-0.0004253197,-0.00147375464,-0.0001937619,-0.150817871,-0.0182495117,0.0457654446,0.00179826037,-0.0004264353,0.00219186256,-6.069768E-05,4.452467E-05,-0.00065856846,-0.005126953,-0.0257263184,-0.0319824219,-0.005114135,-0.000173585111,0.001498548,-5.062143E-05,8.46982E-05,-0.0008292731,0.0131510021,-0.0260314941,-0.026184082,-0.00344322715,-4.97068322E-05,0.00129686482,3.779136E-05,0.00254839659,0.00115272892,4.873668,-0.0362854,-0.0367431641,0.0595096275,9.385994E-05,-0.000255206833,3.79065459E-05,0.00253599882,0.00113793439,4.89454031,-0.0303955078,-0.0296630859,0.0582234,0.00010115288,-0.0002534,0.00248472579,-0.00342951715,-0.00248332531,1.024767,-0.11151123,-0.256195068,0.0628776848,0.004785368,0.07876956,0.002252839,-0.00314582884,-0.002398345,1.03722608,-0.078704834,-0.246459961,0.0589460842,0.004621495,0.072323,-0.5500161,2.1321528,2.73881,3.51421022
428,8.5599969671201812,2581,0,0,0,0,0,-0.000125648832,0,-0.000950048,-0.000125648832,0,-0.000950048,1,0,0,1,2.5129757E-06,1.49011612E-08,1.90009523E-05,0,0,0,-0.000425335515,-0.00147601962,-0.0001957038,-0.150817871,-0.0182189941,0.0457676,0.00179851893,-0.000425246253,0.00218553562,-6.067417E-05,4.44799662E-05,-0.000655787,-0.0051574707,-0.0257263184,-0.0319824219,-0.00509915547,-0.000171512555,0.001497784,-5.1069972E-05,8.46535E-05,-0.000832243066,0.0131338555,-0.0260314941,-0.026184082,-0.00345831877,-4.80767631E-05,0.00129859929,3.776078E-05,0.002545461,0.00115220365,4.873641,-0.0362854,-0.0367431641,0.0594979562,9.612171E-05,-0.000254871149,3.77543874E-05,0.00253684819,0.00113798352,4.894534,-0.0303955078,-0.0296630859,0.05823461,9.865298E-05,-0.000254523882,0.00248487061,-0.00343520939,-0.00248199864,1.024696,-0.11151123,-0.256195068,0.0628558546,0.0047874907,0.07878404,0.00225330144,-0.00314417481,-0.002397396,1.03717518,-0.078704834,-0.246490479,0.05893508,0.00461799372,0.0723199,-0.5500161,2.1321528,2.73881,3.51421022
429,8.5799969600340127,2589,0,0,0,0,0,-0.000125728227,0,-0.00095065264,-0.000125728227,0,-0.00095065264,1,0,0,1,2.51456368E-06,1.49011612E-08,1.90130449E-05,0,0,0,-0.000425474776,-0.00147379935,-0.000194268709,-0.150817871,-0.0182189941,0.04576558,0.00179973128,-0.000427652878,0.00219128537,-6.04300767E-05,4.44799662E-05,-0.000657954,-0.0051574707,-0.0257263184,-0.0319824219,-0.00511126826,-0.0001739061,0.00149741408,-5.05321368E-05,8.46385956E-05,-0.000829637633,0.0130993938,-0.0260314941,-0.026184082,-0.0034447303,-5.039813E-05,0.00129667216,3.75624E-05,0.00254678726,0.00115272216,4.873631,-0.0362854,-0.0367431641,0.05950819,9.439456E-05,-0.000253613049,3.783059E-05,0.002535969,0.00114070065,4.89450026,-0.0304260254,-0.0296630859,0.05823226,9.67862943E-05,-0.000252995058,0.0024851975,-0.00343351066,-0.00248315884,1.02464318,-0.11151123,-0.2562256,0.06288079,0.00478800526,0.07879406,0.00225380016,-0.00314638019,-0.00239813165,1.03716135,-0.078704834,-0.246490479,0.0589486174,0.004620683,0.07234212,-0.5500161,2.1321528,2.73881,3.51421022
430,8.5999969529478459,2597,0,0,0,0,0,-0.000125694554,0,-0.000949425157,-0.000125694554,0,-0.000949425157,1,0,0,1,2.51389E-06,1.49011612E-08,1.89884959E-05,0,0,0,-0.000425671169,-0.00147734582,-0.000195801244,-0.150848389,-0.0182189941,0.0457627662,0.00179687631,-0.000429389,0.00220114761,-6.06659778E-05,4.4554472E-05,-0.0006624274,-0.00518798828,-0.0257263184,-0.0319824219,-0.00513249,-0.000172945161,0.00149809488,-5.09253332E-05,8.46982E-05,-0.0008321195,0.0130777713,-0.0260314941,-0.026184082,-0.00345699443,-4.90225357E-05,0.00129823457,3.77692559E-05,0.002548024,0.00115118269,4.873613,-0.0362854,-0.0367431641,0.0595196262,9.248385E-05,-0.000254984829,3.81228674E-05,0.00253604352,0.00114128226,4.89447737,-0.0304260254,-0.0296630859,0.05824335,9.80983E-05,-0.0002551,0.0024864194,-0.00343218446,-0.00248274719,1.02460372,-0.111541748,-0.2562256,0.0628887042,0.004784917,0.07881134,0.00225446536,-0.0031465292,-0.00239728484,1.03711343,-0.07873535,-0.246490479,0.0589398,0.00461828057,0.07234686,-0.5500161,2.1321528,2.73881,3.51421022
431,8.6199969458616774,2605,0,0,0,0,0,-0.000125616993,0,-0.000950152753,-0.000125616993,0,-0.000950152753,1,0,0,1,2.51233882E-06,0,1.90030478E-05,0,0,0,-0.000425259641,-0.00147476792,-0.00019442958,-0.150817871,-0.0182189941,0.0457639731,0.00179772289,-0.000427295483,0.00219447142,-6.06077847E-05,4.450977E-05,-0.000659619,-0.005218506,-0.0257263184,-0.0319824219,-0.005118867,-0.000172651446,0.00149776624,-5.06897231E-05,8.46535E-05,-0.00083283463,0.013052633,-0.0260314941,-0.026184082,-0.0034608678,-4.90214152E-05,0.00129706424,3.7934522E-05,0.00254717469,0.0011515487,4.87357426,-0.0362854,-0.0367431641,0.0595106,9.553576E-05,-0.00025512572,3.819117E-05,0.00253644586,0.00113948283,4.89444542,-0.0304260254,-0.0296630859,0.0582412146,9.813925E-05,-0.000254462822,0.00248645712,-0.00343424082,-0.00248438213,1.02458882,-0.111541748,-0.2562256,0.06291261,0.00478953635,0.07882956,0.00225507654,-0.00314632058,-0.00239725783,1.03706062,-0.07873535,-0.246490479,0.0589497834,0.00461742654,0.07235987,-0.5500161,2.1321528,2.73881,3.51421022
432,8.63999693877551,2612,0,0,0,0,0,-0.000125763836,0,-0.000950492569,-0.000125763836,0,-0.000950492569,1,0,0,1,2.51527581E-06,0,1.90098435E-05,0,0,0,-0.000425403967,-0.00147593021,-0.000194297114,-0.150817871,-0.0182189941,0.04576285,0.00180250884,-0.0004293399,0.00219412427,-6.04366141E-05,4.453957E-05,-0.000659001351,-0.00524902344,-0.0257263184,-0.0319824219,-0.00511565851,-0.000172225016,0.00149684912,-5.0558785E-05,8.46982E-05,-0.0008292705,0.0130229117,-0.0260314941,-0.026184082,-0.0034435133,-4.87479119E-05,0.00129624421,3.806217E-05,0.00254765153,0.00115037232,4.87354136,-0.0362854,-0.0367431641,0.0595058948,9.448365E-05,-0.0002548652,3.83947663E-05,0.00253629684,0.00113740913,4.8944087,-0.0304260254,-0.0296630859,0.0582234375,9.962604E-05,-0.0002544996,0.00248701824,-0.00343357027,-0.00248448784,1.02456224,-0.111541748,-0.2562256,0.06291623,0.004788495,0.07883653,0.00225521973,-0.00314708054,-0.00239920174,1.03702545,-0.07873535,-0.246490479,0.05898098,0.00462156069,0.0723788962,-0.5500161,2.1321528,2.73881,3.51421022
433,8.6599969316893421,2619,0,0,0,0,0,-0.0001256841,0,-0.00094932795,-0.0001256841,0,-0.00094932795,1,0,0,1,2.51368124E-06,0,1.89865514E-05,0,0,0,-0.000425427279,-0.00147370994,-0.000196019013,-0.150848389,-0.0181884766,0.0457635336,0.00179506978,-0.000429202628,0.00219330657,-6.063738E-05,4.450977E-05,-0.000662984152,-0.00531005859,-0.0257263184,-0.0319824219,-0.0051348554,-0.0001719541,0.0014976355,-5.05823773E-05,8.46684E-05,-0.000829252356,0.0130148586,-0.0260314941,-0.026184082,-0.00344294845,-4.82507676E-05,0.00129623222,3.80987767E-05,0.0025485754,0.00115095288,4.873594,-0.0362854,-0.0367431641,0.05959535,9.412825E-05,-0.0002556053,3.84718478E-05,0.00253450871,0.00113911729,4.894262,-0.0304260254,-0.0296630859,0.0581540242,0.000102179714,-0.000254651066,0.00248795678,-0.00343352556,-0.0024812,1.02447915,-0.111541748,-0.2562561,0.06288548,0.00478141,0.0788368955,0.00225486769,-0.003149584,-0.00240110187,1.03706408,-0.07873535,-0.246459961,0.0590031371,0.004627518,0.07239277,-0.5500161,2.1321528,2.73881,3.51421022
434,8.6799969246031736,2626,0,0,0,0,0,-0.000125737322,0,-0.000949136564,-0.000125737322,0,-0.000949136564,1,0,0,1,2.51474557E-06,1.49011612E-08,1.89827242E-05,0,0,0,-0.0004253825,-0.00147734582,-0.000196760549,-0.150848389,-0.0181884766,0.0457644053,0.00179959822,-0.000429772364,0.00218729721,-6.04204542E-05,4.44948673E-05,-0.0006593708,-0.00531005859,-0.0257263184,-0.0319824219,-0.00511596352,-0.0001709924,0.00149602455,-5.08518351E-05,8.46236944E-05,-0.0008302568,0.0130109079,-0.0260314941,-0.026184082,-0.00344851566,-4.6804E-05,0.00129707123,3.83181577E-05,0.00254482031,0.00115188188,4.873439,-0.0362854,-0.0367431641,0.05943766,9.52089758E-05,-0.0002553528,3.7736E-05,0.002535656,0.001136835,4.89426374,-0.0303955078,-0.0296630859,0.05822706,0.00010149087,-0.000253438,0.0024877442,-0.00343891978,-0.00248776516,1.02447987,-0.111572266,-0.2562256,0.06296061,0.004798185,0.0788876,0.00225421065,-0.0031478256,-0.00239864341,1.03704691,-0.07873535,-0.246490479,0.0589661747,0.004622445,0.0723613948,-0.5500161,2.1321528,2.73881,3.51421022
435,8.6999969175170069,2632,0,0,0,0,0,-0.0001257543,0,-0.0009493375,-0.0001257543,0,-0.0009493375,1,0,0,1,2.515085E-06,0,1.89867424E-05,0,0,0,-0.000425453967,-0.00147420168,-0.000196511,-0.150848389,-0.0181884766,0.0457636453,0.00180027983,-0.000431435445,0.00218968443,-6.04735542E-05,4.450977E-05,-0.000657765835,-0.00531005859,-0.0257263184,-0.0319824219,-0.00510863075,-0.000171791718,0.00149673456,-5.09317033E-05,8.46684E-05,-0.000831822632,0.0129904244,-0.0260314941,-0.026184082,-0.003455905,-4.816587E-05,0.00129792665,3.76940843E-05,0.002547279,0.00114893063,4.87341166,-0.0362854,-0.0367431641,0.0594991557,9.67334054E-05,-0.000253759674,3.745924E-05,0.00253653526,0.00113934488,4.8942337,-0.0303955078,-0.0296630859,0.05823837,9.94377E-05,-0.0002530822,0.00248707971,-0.003435269,-0.00248508621,1.02449918,-0.111541748,-0.2562256,0.0629379749,0.004791327,0.07885569,0.00225464487,-0.003146544,-0.0023986462,1.03701723,-0.07873535,-0.246490479,0.05897209,0.004620918,0.07236579,-0.5500161,2.1321528,2.73881,3.51421022
436,8.7199969104308384,2639,0,0,0,0,0,-0.000125714228,0,-0.0009495034,-0.000125714228,0,-0.0009495034,1,0,0,1,2.51428355E-06,0,1.899006E-05,0,0,0,-0.00042545,-0.00147582591,-0.000196957626,-0.150848389,-0.0181884766,0.04576246,0.00180009566,-0.00043266674,0.002194274,-6.08046721E-05,4.450977E-05,-0.0006580578,-0.005340576,-0.0257263184,-0.0319824219,-0.00511072669,-0.000173062072,0.00149886857,-5.0870447E-05,8.46833E-05,-0.0008294508,0.0129556181,-0.0260314941,-0.026184082,-0.00344364927,-4.960754E-05,0.0012979965,3.75773561E-05,0.002547264,0.00115173357,4.87336731,-0.0362854,-0.0367431641,0.05950751,9.635239E-05,-0.0002546205,3.76463868E-05,0.0025357157,0.00114048691,4.89417458,-0.0303955078,-0.0296630859,0.0582325123,9.721676E-05,-0.0002534994,0.002487062,-0.00343500078,-0.002485063,1.02448642,-0.111541748,-0.2562256,0.06293449,0.004790922,0.0788518041,0.00225542113,-0.00314794481,-0.00239750277,1.03698242,-0.07873535,-0.246490479,0.0589600578,0.00461913459,0.0723775253,-0.5500161,2.1321528,2.73881,3.51421022
437,8.7399969033446716,2646,0,0,0,0,0,-0.000125690349,0,-0.0009490297,-0.000125690349,0,-0.0009490297,1,0,0,1,2.513806E-06,0,1.89805869E-05,0,0,0,-0.000425385573,-0.00147366524,-0.000196837835,-0.150848389,-0.0181884766,0.04576246,0.00179797492,-0.0004320059,0.00219238875,-6.06171379E-05,4.44948673E-05,-0.000657591852,-0.00537109375,-0.0257263184,-0.0319824219,-0.00510845846,-0.000173156892,0.00149801059,-5.08702324E-05,8.46535E-05,-0.000838024833,0.012901498,-0.0260314941,-0.026184082,-0.00348597229,-4.98863737E-05,0.001298249,3.74845877E-05,0.002547279,0.00115102867,4.87333,-0.0362854,-0.0367431641,0.05950467,9.319883E-05,-0.000253840553,3.75852578E-05,0.00253842771,0.00114129938,4.89434958,-0.0303955078,-0.0296630859,0.0584143028,9.49770838E-05,-0.0002534098,0.002487576,-0.003434807,-0.00248429412,1.02446783,-0.111541748,-0.2562561,0.06292578,0.00478885276,0.07885574,0.00225699833,-0.0031466037,-0.00239227363,1.03681791,-0.07876587,-0.246551514,0.0589087568,0.00460669538,0.0723734,-0.5500161,2.1321528,2.73881,3.51421022
438,8.7599968962585031,2654,0,0,0,0,0,-0.000125720821,0,-0.000949632551,-0.000125720821,0,-0.000949632551,1,0,0,1,2.51441543E-06,1.49011612E-08,1.89926432E-05,0,0,0,-0.00042550292,-0.00147722661,-0.000194942782,-0.150848389,-0.0181884766,0.0457594134,0.00180308183,-0.0004330787,0.002200673,-6.065589E-05,4.452467E-05,-0.000660395133,-0.00537109375,-0.0257263184,-0.0319824219,-0.005123735,-0.000175264286,0.00149893994,-5.045712E-05,8.47131E-05,-0.0008297366,0.0128882453,-0.0260314941,-0.026184082,-0.003443977,-5.183031E-05,0.00129690266,3.76264143E-05,0.00254736841,0.001151905,4.8732996,-0.0362854,-0.0367431641,0.0595175326,9.144243E-05,-0.000254563376,3.918486E-05,0.00253620744,0.00113828655,4.894185,-0.0304260254,-0.0296630859,0.05815487,9.624577E-05,-0.0002565047,0.00248785526,-0.0034353435,-0.00248531555,1.024433,-0.111572266,-0.2562561,0.0629406944,0.00479087047,0.07886855,0.002258136,-0.003148958,-0.00240334123,1.036845,-0.07876587,-0.246521,0.059063524,0.00462750951,0.07246509,-0.5500161,2.1321528,2.73881,3.51421022
439,8.7799968891723346,2660,0,0,0,0,0,-0.000125653416,0,-0.0009501862,-0.000125653416,0,-0.0009501862,1,0,0,1,2.51306733E-06,0,1.90037172E-05,0,0,0,-0.000425371429,-0.00147375464,-0.000194730877,-0.150848389,-0.0181884766,0.0457616448,0.00180666859,-0.000433110516,0.002192841,-6.07650436E-05,4.44948673E-05,-0.000658182253,-0.00540161133,-0.0257263184,-0.0319824219,-0.0051114494,-0.000172111613,0.00149844121,-5.05361568E-05,8.460879E-05,-0.0008275134,0.0128652165,-0.0260314941,-0.026184082,-0.00343454583,-4.85841774E-05,0.00129609485,3.778591E-05,0.002546966,0.00115232437,4.87324238,-0.0362854,-0.0367431641,0.0595101751,9.5309E-05,-0.0002550633,3.862696E-05,0.00253403187,0.00113800436,4.894137,-0.0304260254,-0.0296630859,0.0582210235,0.00010339955,-0.000254882936,0.00248819171,-0.003436312,-0.00248529576,1.02441061,-0.111572266,-0.2562561,0.06294619,0.00479125977,0.07887914,0.002256309,-0.003153637,-0.00240110978,1.03683078,-0.07876587,-0.246490479,0.05902144,0.00462947739,0.07243834,-0.5500161,2.1321528,2.73881,3.51421022
440,8.7999968820861678,2667,0,0,0,0,0,-0.000125694889,0,-0.0009489082,-0.000125694889,0,-0.0009489082,1,0,0,1,2.51389679E-06,1.49011612E-08,1.89781567E-05,0,0,0,-0.000425226841,-0.00147479773,-0.000196882742,-0.150848389,-0.0181884766,0.0457620621,0.00179726793,-0.0004317102,0.002191628,-6.05750574E-05,4.452467E-05,-0.0006605619,-0.005432129,-0.0257263184,-0.0319824219,-0.00512297358,-0.000172287619,0.0014975802,-5.0785744E-05,8.46982E-05,-0.0008344675,0.012832148,-0.0260314941,-0.026184082,-0.0034683526,-4.86508143E-05,0.00129762955,3.780258E-05,0.00254930556,0.00115073426,4.87330437,-0.0362854,-0.0367431641,0.0595892556,9.374885E-05,-0.000254454761,3.756894E-05,0.00253766775,0.00113845547,4.894195,-0.0304260254,-0.0296630859,0.05832114,9.620986E-05,-0.000252971775,0.00248917472,-0.00343379378,-0.00248301588,1.02434564,-0.111572266,-0.256286621,0.0629314259,0.004783986,0.0788780749,0.00225758343,-0.00314809382,-0.00239638938,1.03676748,-0.07876587,-0.246521,0.05897428,0.00461504841,0.0724176,-0.5500161,2.1321528,2.73881,3.51421022
441,8.819996875,2674,0,0,0,0,0,-0.000125745108,0,-0.000949564856,-0.000125745108,0,-0.000949564856,1,0,0,1,2.514901E-06,0,1.899129E-05,0,0,0,-0.0004253479,-0.00147368014,-0.000194918073,-0.150848389,-0.0181884766,0.0457608961,0.001803572,-0.000431619585,0.00219196058,-6.067835E-05,4.44948673E-05,-0.00066217425,-0.005493164,-0.0257263184,-0.0319824219,-0.005131262,-0.0001723531,0.00149804878,-5.10056925E-05,8.46833E-05,-0.000829395431,0.0128212422,-0.0260314941,-0.026184082,-0.0034434488,-4.87966645E-05,0.00129865028,3.830542E-05,0.00254842639,0.00115186838,4.873329,-0.0362854,-0.0367431641,0.05959744,9.394728E-05,-0.000256200263,3.84495579E-05,0.00253556669,0.0011368203,4.894019,-0.0304260254,-0.0296630859,0.058150515,0.000100480436,-0.000255973282,0.002490643,-0.00343661,-0.00248326128,1.02424872,-0.111602783,-0.256286621,0.06294267,0.004784974,0.07891418,0.00225771824,-0.003150031,-0.00240290235,1.03678143,-0.07876587,-0.246521,0.0590601377,0.004628229,0.0724623948,-0.5500161,2.1321528,2.73881,3.51421022
442,8.8399968679138325,2681,0,0,0,0,0,-0.000125791441,0,-0.000949798035,-0.000125791441,0,-0.000949798035,1,0,0,1,2.51582787E-06,1.49011612E-08,1.89959537E-05,0,0,0,-0.0004256116,-0.00147722661,-0.000194735912,-0.150848389,-0.0181884766,0.04575856,0.00180318125,-0.00043162267,0.00220072712,-6.027773E-05,4.452467E-05,-0.000654883042,-0.005493164,-0.0257263184,-0.0319824219,-0.00509514147,-0.000172841043,0.00149629358,-5.07560362E-05,8.46535E-05,-0.000833931146,0.0127666313,-0.0260314941,-0.026184082,-0.00346604851,-4.926357E-05,0.00129759486,3.84818777E-05,0.002545029,0.001150728,4.873147,-0.0362854,-0.0367431641,0.05942151,9.6453834E-05,-0.000255268649,3.76282333E-05,0.00253774226,0.001137168,4.894179,-0.0304260254,-0.0296630859,0.0583905429,9.737929E-05,-0.000252941158,0.00248982664,-0.00344112515,-0.00248898286,1.02428281,-0.111572266,-0.2562561,0.06301415,0.00480029639,0.07895189,0.002258026,-0.00314991176,-0.00239523686,1.03668678,-0.07879639,-0.246551514,0.058968164,0.004614071,0.07242897,-0.5500161,2.1321528,2.73881,3.51421022
443,8.859996860827664,2688,0,0,0,0,0,-0.000125630235,0,-0.0009494721,-0.000125630235,0,-0.0009494721,1,0,0,1,2.51260371E-06,0,1.89894345E-05,0,0,0,-0.000425008475,-0.00147271156,-0.000194666878,-0.150848389,-0.0181884766,0.0457615852,0.00180311024,-0.000433388574,0.00218922575,-6.05049572E-05,4.44948673E-05,-0.000659203157,-0.00552368164,-0.0257263184,-0.03201294,-0.0051174527,-0.000174230809,0.00149792084,-5.06784127E-05,8.46535E-05,-0.000829051656,0.0127554387,-0.0260314941,-0.026184082,-0.00344069046,-5.08380836E-05,0.00129778171,3.762253E-05,0.0025472343,0.00115055731,4.873108,-0.0362854,-0.0367431641,0.0595116541,9.408646E-05,-0.000253853272,3.86034735E-05,0.00253540277,0.00113802869,4.89399338,-0.0304260254,-0.0296630859,0.0581532642,9.829331E-05,-0.0002553938,0.00248935865,-0.00343795121,-0.002486846,1.02429926,-0.111572266,-0.2562561,0.06298606,0.004794455,0.0789217651,0.002258699,-0.00315128267,-0.00240397919,1.036709,-0.07876587,-0.246521,0.0590826,0.004630163,0.07249151,-0.5500161,2.1321528,2.73881,3.51421022
444,8.8799968537414955,2695,0,0,0,0,0,-0.000125760242,0,-0.000949607056,-0.000125760242,0,-0.000949607056,1,0,0,1,2.515204E-06,0,1.89921338E-05,0,0,0,-0.000425558625,-0.00147677958,-0.00019509808,-0.150848389,-0.0181884766,0.0457585044,0.00180015131,-0.000433043984,0.00219888939,-6.08881674E-05,4.45693731E-05,-0.000663836545,-0.005554199,-0.0257263184,-0.03201294,-0.005139605,-0.0001722056,0.00149920478,-5.08136363E-05,8.46385956E-05,-0.000826910662,0.0127344951,-0.0260314941,-0.026184082,-0.00343107176,-4.85375131E-05,0.00129767053,3.731334E-05,0.002550453,0.00115017989,4.8732543,-0.0362854,-0.0367431641,0.0596744828,9.120108E-05,-0.000254185463,3.80907477E-05,0.00253412127,0.00113893009,4.89392853,-0.0304260254,-0.0296630859,0.058222957,0.000103348641,-0.000254204933,0.00249070162,-0.003434196,-0.00248188223,1.02416444,-0.111602783,-0.256317139,0.062932454,0.00478070648,0.0789037347,0.00225711777,-0.003154561,-0.00240069721,1.03671014,-0.07876587,-0.246521,0.05903217,0.0046289023,0.0724604055,-0.5500161,2.1321528,2.73881,3.51421022
445,8.8999968466553288,2703,0,0,0,0,0,-0.000125733888,0,-0.000948622532,-0.000125733888,0,-0.000948622532,1,0,0,1,2.51467668E-06,1.49011612E-08,1.89724433E-05,0,0,0,-0.000425524719,-0.00147409737,-0.000196522131,-0.150848389,-0.0181884766,0.04575991,0.001802238,-0.0004333764,0.00219524326,-6.07773E-05,4.44948673E-05,-0.0006591286,-0.00561523438,-0.0257263184,-0.03201294,-0.005114065,-0.00016933275,0.00149737194,-5.138052E-05,8.46684E-05,-0.000835947052,0.0126909809,-0.0260314941,-0.026184082,-0.00347702345,-4.552897E-05,0.00129945122,3.833904E-05,0.00254644454,0.00115160225,4.87314844,-0.0362854,-0.0367431641,0.0595128834,9.724553E-05,-0.000256139378,3.721204E-05,0.00253950059,0.00113979774,4.89409065,-0.0304260254,-0.0296630859,0.05840635,9.553412E-05,-0.0002537755,0.00249193166,-0.00344103575,-0.0024874392,1.02413416,-0.111602783,-0.256317139,0.06301433,0.00479509449,0.07898261,0.002259261,-0.00314721465,-0.00239514234,1.03659439,-0.07879639,-0.246551514,0.05897725,0.004610349,0.07244149,-0.5500161,2.1321528,2.73881,3.51421022
446,8.91999683956916,2710,0,0,0,0,0,-0.000125755658,0,-0.0009486979,-0.000125755658,0,-0.0009486979,1,0,0,1,2.515112E-06,1.49011612E-08,1.89739512E-05,0,0,0,-0.000425151258,-0.00147590041,-0.0001967616,-0.150848389,-0.0181884766,0.045758985,0.00179633987,-0.0004345484,0.00219510775,-6.03542867E-05,4.453957E-05,-0.00065984315,-0.005645752,-0.0257263184,-0.03201294,-0.00512022059,-0.000174522473,0.00149726158,-5.056565E-05,8.46982E-05,-0.000828236633,0.0126569513,-0.0260314941,-0.026184082,-0.00343628367,-5.140374E-05,0.0012972476,3.789916E-05,0.0025485456,0.001148753,4.873184,-0.0362854,-0.0367431641,0.05958392,9.392532E-05,-0.000253949576,3.84943E-05,0.00253607333,0.00113932346,4.893998,-0.0304260254,-0.0296630859,0.05822879,9.685397E-05,-0.000254649756,0.00249184365,-0.00343893468,-0.00248451671,1.024109,-0.111602783,-0.256317139,0.0629887059,0.0047883857,0.07896399,0.002259925,-0.00315254927,-0.00240260642,1.03655136,-0.07879639,-0.246551514,0.0590791777,0.00462751,0.07251417,-0.5500161,2.1321528,2.73881,3.51421022
447,8.9399968324829935,2716,0,0,0,0,0,-0.000125730963,0,-0.000949158159,-0.000125730963,0,-0.000949158159,1,0,0,1,2.51461825E-06,0,1.89831553E-05,0,0,0,-0.0004253975,-0.00147402287,-0.000195150147,-0.150848389,-0.0181884766,0.0457592,0.00180126051,-0.000433774054,0.00219496246,-6.05024434E-05,4.44799662E-05,-0.000653524941,-0.005645752,-0.0257263184,-0.03201294,-0.0050879824,-0.000172269021,0.0014972135,-5.07423356E-05,8.46535E-05,-0.0008339861,0.0126210051,-0.0260314941,-0.026184082,-0.00346601731,-4.90567072E-05,0.00129748066,3.811422E-05,0.00254452229,0.00114972249,4.872995,-0.0362854,-0.0367431641,0.0594160371,9.626935E-05,-0.000254823943,3.89937377E-05,0.00253874063,0.00113737513,4.89402246,-0.0304260254,-0.0296630859,0.0583188832,9.894795E-05,-0.000256583036,0.00249103084,-0.00344342,-0.00249071186,1.02414107,-0.111602783,-0.256286621,0.06304917,0.004804209,0.07899469,0.00226109382,-0.00315007567,-0.00240042736,1.03650463,-0.0788269043,-0.246551514,0.0590708256,0.004620151,0.07251788,-0.5500161,2.1321528,2.73881,3.51421022
448,8.959996825396825,2724,0,0,0,0,0,-0.000125765437,0,-0.0009485294,-0.000125765437,0,-0.0009485294,1,0,0,1,2.51530764E-06,1.49011612E-08,1.897058E-05,0,0,0,-0.000425173523,-0.00147554278,-0.00019639275,-0.150848389,-0.0181884766,0.0457594432,0.00179981813,-0.0004353512,0.00219270727,-6.083535E-05,4.453957E-05,-0.00066186575,-0.00567626953,-0.0257263184,-0.03201294,-0.005129931,-0.000173233129,0.00149933517,-5.037973E-05,8.46385956E-05,-0.0008271858,0.0126187894,-0.0260314941,-0.026184082,-0.00343122939,-5.005559E-05,0.00129607774,3.72406175E-05,0.002550438,0.001151312,4.873139,-0.0362854,-0.0367431641,0.05967269,9.38970843E-05,-0.000253661216,3.895098E-05,0.00253225863,0.00113716151,4.893835,-0.0304260254,-0.0296630859,0.0581465252,0.000102975639,-0.0002551061,0.00249187881,-0.0034365505,-0.00248184334,1.02409291,-0.111602783,-0.256317139,0.0629578754,0.00478160661,0.07894257,0.00225944025,-0.003159523,-0.00240556756,1.03653228,-0.07879639,-0.246521,0.059113346,0.00463926466,0.07254814,-0.5500161,2.1321528,2.73881,3.51421022
449,8.9799968183106564,2732,0,0,0,0,0,-0.000125749386,0,-0.000949316367,-0.000125749386,0,-0.000949316367,1,0,0,1,2.51498659E-06,1.49011612E-08,1.898632E-05,0,0,0,-0.000425537175,-0.00147402287,-0.000195149216,-0.150848389,-0.0181884766,0.0457592569,0.00180768338,-0.0004335783,0.00219504419,-6.07634938E-05,4.450977E-05,-0.000654200558,-0.005706787,-0.0257263184,-0.03201294,-0.005090737,-0.000171000967,0.00149802316,-5.099282E-05,8.46982E-05,-0.0008294576,0.0126076341,-0.0260314941,-0.026184082,-0.00344410143,-4.72404827E-05,0.00129821175,3.81174068E-05,0.002545625,0.00115213473,4.872926,-0.0362854,-0.0367431641,0.0594250262,9.463949E-05,-0.00025562683,3.80531965E-05,0.00253799558,0.00113832334,4.8937645,-0.0304260254,-0.0296630859,0.058232367,0.000100916775,-0.000254644983,0.00249176216,-0.00344139338,-0.00249015167,1.02407837,-0.1116333,-0.256317139,0.06304888,0.00480074948,0.07899806,0.002259394,-0.00314965844,-0.00240319339,1.03660893,-0.07879639,-0.246521,0.0590982549,0.00462708,0.0725053,-0.5500161,2.1321528,2.73881,3.51421022
450,8.99999681122449,2739,0,0,0,0,0,-0.00012574323,0,-0.0009490108,-0.00012574323,0,-0.0009490108,1,0,0,1,2.51486358E-06,1.49011612E-08,1.89802086E-05,0,0,0,-0.00042519343,-0.00147585571,-0.000195022265,-0.150848389,-0.0181884766,0.0457589328,0.00180351175,-0.0004346525,0.00219459459,-6.0538714E-05,4.4554472E-05,-0.0006645226,-0.00573730469,-0.0257263184,-0.03201294,-0.00514385663,-0.000174554239,0.00149819569,-5.08528356E-05,8.46833E-05,-0.000832681253,0.0125590768,-0.0260314941,-0.026184082,-0.00345856952,-5.079151E-05,0.00129875,3.754149E-05,0.00255003572,0.00115244,4.873075,-0.0362854,-0.0367431641,0.0596862361,9.41764156E-05,-0.000253442326,3.741897E-05,0.0025382638,0.0011381217,4.893904,-0.0304260254,-0.0296630859,0.0583913848,9.558155E-05,-0.0002526692,0.00249245949,-0.00343815982,-0.00248207129,1.02401078,-0.1116333,-0.256347656,0.062969,0.004782754,0.07896227,0.00225994946,-0.003150627,-0.00239579263,1.03649771,-0.07879639,-0.246551514,0.05899955,0.0046136654,0.0724744052,-0.5500161,2.1321528,2.73881,3.51421022
451,9.0199968041383212,2745,0,0,0,0,0,-0.000125724764,0,-0.0009483127,-0.000125724764,0,-0.0009483127,1,0,0,1,2.51449433E-06,1.49011612E-08,1.8966246E-05,0,0,0,-0.000425429578,-0.00147409737,-0.000196903682,-0.1508789,-0.0181884766,0.0457589775,0.0018070204,-0.000434066984,0.00219512661,-6.086707E-05,4.452467E-05,-0.000657023047,-0.00576782227,-0.0257263184,-0.03201294,-0.00510498276,-0.000172034663,0.00149895414,-5.09526E-05,8.46535E-05,-0.000833915547,0.0125137474,-0.0260314941,-0.026184082,-0.00346527388,-4.86976278E-05,0.00129850069,3.82842663E-05,0.00254713,0.00115028571,4.87296963,-0.0362854,-0.0367431641,0.0595049858,9.39588645E-05,-0.000256523053,3.78119767E-05,0.00253660977,0.00114213221,4.89390135,-0.0304260254,-0.0296630859,0.0583322868,9.62507547E-05,-0.000253962382,0.002493543,-0.003441289,-0.00248866668,1.02396476,-0.1116333,-0.256347656,0.06304915,0.004795911,0.07902341,0.00226142118,-0.00315399468,-0.00239893561,1.03639483,-0.0788269043,-0.246551514,0.05904633,0.00462048547,0.07252877,-0.5500161,2.1321528,2.73881,3.51421022
452,9.0399967970521544,2752,0,0,0,0,0,-0.000125753155,0,-0.000949257461,-0.000125753155,0,-0.000949257461,1,0,0,1,2.515062E-06,1.49011612E-08,1.89851417E-05,0,0,0,-0.000425204256,-0.00147545338,-0.000195442641,-0.150848389,-0.0181884766,0.04575952,0.001799754,-0.000433441252,0.002192807,-6.06784379E-05,4.44948673E-05,-0.0006559986,-0.00582885742,-0.0257263184,-0.03201294,-0.005100794,-0.000172753731,0.00149847532,-5.071109E-05,8.46385956E-05,-0.0008260675,0.0124917962,-0.0260314941,-0.026184082,-0.00342615857,-4.989665E-05,0.0012976022,3.78952E-05,0.00254702568,0.0011521054,4.87295866,-0.0362854,-0.0367431641,0.05958057,9.439817E-05,-0.0002549035,3.81814825E-05,0.00253584981,0.0011398145,4.893805,-0.0304260254,-0.0296630859,0.0582254231,0.000100854377,-0.000254051352,0.002493531,-0.00344342,-0.0024866,1.023915,-0.1116333,-0.256347656,0.0630276352,0.00479412964,0.07902339,0.00226080813,-0.00315521657,-0.002403406,1.03638792,-0.0788269043,-0.246551514,0.05911429,0.00463062339,0.07255496,-0.5500161,2.1321528,2.73881,3.51421022
453,9.0599967899659859,2759,0,0,0,0,0,-0.000125755745,0,-0.0009487434,-0.000125755745,0,-0.0009487434,1,0,0,1,2.515114E-06,0,1.897486E-05,0,0,0,-0.000425395439,-0.00147439539,-0.00019496461,-0.150848389,-0.0181884766,0.04575925,0.00180642225,-0.00043403497,0.0021921983,-6.062783E-05,4.452467E-05,-0.0006612671,-0.00582885742,-0.0257263184,-0.03201294,-0.005126382,-0.000172169865,0.00149774563,-5.101592E-05,8.46535E-05,-0.000831785146,0.0124682421,-0.0260314941,-0.026184082,-0.00345489616,-4.850205E-05,0.00129879243,3.76868738E-05,0.00254869461,0.00115159329,4.87298536,-0.0362854,-0.0367431641,0.0595995262,9.490238E-05,-0.000253940845,3.81599275E-05,0.002537489,0.00113858038,4.89382839,-0.0304260254,-0.0296630859,0.05831698,9.862534E-05,-0.000255044579,0.00249402388,-0.00344125926,-0.00248586223,1.02387393,-0.1116333,-0.256347656,0.06303321,0.004790655,0.0790259838,0.00226184982,-0.00315371156,-0.002400758,1.03633189,-0.0788269043,-0.246551514,0.0590860769,0.004623306,0.0725519955,-0.5500161,2.1321528,2.73881,3.51421022
454,9.0799967828798174,2767,0,0,0,0,0,-0.000125762555,0,-0.00094841345,-0.000125762555,0,-0.00094841345,1,0,0,1,2.51525012E-06,1.49011612E-08,1.89682614E-05,0,0,0,-0.000425388222,-0.00147593021,-0.000196864261,-0.1508789,-0.0181884766,0.0457591265,0.001804404,-0.000432902016,0.002194589,-6.082473E-05,4.450977E-05,-0.0006489694,-0.00582885742,-0.0257263184,-0.03201294,-0.00506520644,-0.000172339758,0.0014990631,-5.07844379E-05,8.46535E-05,-0.0008330292,0.0124345878,-0.0260314941,-0.026184082,-0.00346048432,-4.95385466E-05,0.001298021,3.80522579E-05,0.002544865,0.001150208,4.87276554,-0.0362854,-0.0367431641,0.0594035573,9.61109E-05,-0.0002556715,3.8078153E-05,0.002536863,0.00113710039,4.89383268,-0.0304260254,-0.0296630859,0.0583171248,9.624674E-05,-0.0002541485,0.002493361,-0.003445387,-0.002493456,1.02390838,-0.1116333,-0.256317139,0.06311521,0.004808584,0.07906689,0.00226248638,-0.00315524638,-0.00240117917,1.036247,-0.07885742,-0.246582031,0.0590936057,0.00462470762,0.07257132,-0.5500161,2.1321528,2.73881,3.51421022
455,9.09999677579365,2775,0,0,0,0,0,-0.000125771243,0,-0.000948567351,-0.000125771243,0,-0.000948567351,1,0,0,1,2.51542383E-06,0,1.897134E-05,0,0,0,-0.000425304956,-0.00147403777,-0.000195579356,-0.150848389,-0.0181884766,0.0457585156,0.00180621131,-0.000436572824,0.00219470821,-6.07008E-05,4.4554472E-05,-0.0006632452,-0.005859375,-0.0257263184,-0.03201294,-0.00513669,-0.000172917833,0.00149849372,-5.07716722E-05,8.4728E-05,-0.000826672243,0.012434029,-0.0260314941,-0.0262146,-0.0034288005,-4.96827233E-05,0.00129794609,3.74384945E-05,0.00255124271,0.00115177361,4.872907,-0.0362854,-0.0367431641,0.0596818179,9.388255E-05,-0.0002535203,3.8817725E-05,0.00253589451,0.0011356899,4.893621,-0.0304260254,-0.0296936035,0.0581430942,0.000101450176,-0.000255993538,0.00249415822,-0.003437966,-0.00248412229,1.02387226,-0.1116333,-0.256378174,0.06301999,0.0047847596,0.07901048,0.00226206752,-0.003155604,-0.00240892824,1.03633165,-0.0788269043,-0.246551514,0.0592020638,0.004639634,0.07261271,-0.5500161,2.1321528,2.73881,3.51421022
456,9.1199967687074821,2783,0,0,0,0,0,-0.000125781124,0,-0.000948762347,-0.000125781124,0,-0.000948762347,1,0,0,1,2.51562142E-06,1.49011612E-08,1.89752391E-05,0,0,0,-0.000425359263,-0.0014757961,-0.0001949408,-0.150848389,-0.0181884766,0.0457589552,0.0018004349,-0.000431867345,0.00219473848,-6.09665E-05,4.452467E-05,-0.000656523,-0.00592041,-0.0257263184,-0.03201294,-0.005102769,-0.000171784937,0.00149948464,-5.07647273E-05,8.46535E-05,-0.0008347205,0.0123933284,-0.0260314941,-0.0262146,-0.00346946064,-4.843969E-05,0.00129764364,3.81541031E-05,0.00254756212,0.00115128455,4.87287664,-0.0362854,-0.0367431641,0.05958133,9.28113441E-05,-0.00025640658,3.7833197E-05,0.00253817439,0.0011374586,4.89374638,-0.0304260254,-0.0296936035,0.0583992861,9.902404E-05,-0.000253222679,0.00249534,-0.00344321132,-0.00248745666,1.02376437,-0.111663818,-0.256378174,0.06305291,0.004793475,0.0790599957,0.002262298,-0.00315476954,-0.00239951443,1.03629315,-0.07885742,-0.246551514,0.059080448,0.004621608,0.07256166,-0.5500161,2.1321528,2.73881,3.51421022
457,9.1399967616213154,2791,0,0,0,0,0,-0.000125753169,0,-0.0009482591,-0.000125753169,0,-0.0009482591,1,0,0,1,2.51506253E-06,0,1.89651746E-05,0,0,0,-0.0004253177,-0.00147411227,-0.000196826237,-0.1508789,-0.0181884766,0.04575842,0.00180683692,-0.000434841757,0.002194691,-6.06618742E-05,4.4465065E-05,-0.0006542115,-0.00592041,-0.0257263184,-0.03201294,-0.00509167463,-0.000173532651,0.00149856124,-5.08371741E-05,8.460879E-05,-0.0008302784,0.01234696,-0.0260314941,-0.0262146,-0.00344638526,-5.033826E-05,0.00129850942,3.783027E-05,0.00254513323,0.00115126511,4.8727684,-0.0362854,-0.0367431641,0.05950066,9.658057E-05,-0.00025451128,3.81070422E-05,0.002536893,0.00113756966,4.893721,-0.0304260254,-0.0296936035,0.0583089739,9.698553E-05,-0.0002542981,0.00249468815,-0.00344790518,-0.002489605,1.02376914,-0.111663818,-0.256378174,0.06308728,0.00480240444,0.07908527,0.00226305425,-0.00315532088,-0.00240105158,1.03619933,-0.07885742,-0.246582031,0.0590992831,0.004623813,0.0725815,-0.5500161,2.1321528,2.73881,3.51421022
458,9.1599967545351468,2798,0,0,0,0,0,-0.00012574275,0,-0.000948698667,-0.00012574275,0,-0.000948698667,1,0,0,1,2.514854E-06,1.49011612E-08,1.89739658E-05,0,0,0,-0.000425115839,-0.00147548318,-0.000195410539,-0.150848389,-0.0181884766,0.0457588136,0.00179958472,-0.00043477767,0.002193028,-6.088426E-05,4.4554472E-05,-0.0006576102,-0.00598144531,-0.0257263184,-0.03201294,-0.005109222,-0.000173886991,0.00149994076,-5.08373123E-05,8.46982E-05,-0.0008257394,0.01232645,-0.0260314941,-0.0262146,-0.00342364167,-5.083374E-05,0.00129871781,3.745719E-05,0.00254955888,0.00115308061,4.87275648,-0.0362854,-0.0367431641,0.0595916,9.234567E-05,-0.000254319428,3.844903E-05,0.00253523886,0.00113819807,4.893598,-0.0304260254,-0.0296936035,0.0582215227,0.000100754594,-0.0002551809,0.00249528745,-0.00344106555,-0.002488322,1.02374625,-0.111663818,-0.256378174,0.06308289,0.004793862,0.0790670961,0.00226267125,-0.00315819681,-0.00240470585,1.03621018,-0.0788269043,-0.246551514,0.0591533855,0.004633522,0.07261135,-0.5500161,2.1321528,2.73881,3.51421022
459,9.17999674744898,2805,0,0,0,0,0,-0.000125739869,0,-0.000948638248,-0.000125739869,0,-0.000948638248,1,0,0,1,2.51479651E-06,0,1.8972758E-05,0,0,0,-0.000425456237,-0.00147439539,-0.000194840526,-0.150848389,-0.0181884766,0.04575915,0.00180706428,-0.000433695677,0.00219242112,-6.09973467E-05,4.450977E-05,-0.000657603552,-0.00598144531,-0.0257263184,-0.03201294,-0.00510783354,-0.000171198626,0.00149940758,-5.109396E-05,8.46833E-05,-0.0008305743,0.0123066287,-0.0260314941,-0.0262146,-0.00344893383,-4.77000758E-05,0.00129905122,3.79405E-05,0.00254866481,0.00115146511,4.87275028,-0.0362854,-0.0367431641,0.0595878065,9.496846E-05,-0.0002557432,3.78373043E-05,0.00253742933,0.0011389883,4.893606,-0.0304260254,-0.0296936035,0.0583160147,0.000100223304,-0.000254238868,0.00249616243,-0.0034430474,-0.00248770136,1.02371573,-0.111663818,-0.256378174,0.0630792752,0.00479325,0.07908482,0.002262939,-0.003155619,-0.00240222458,1.0361805,-0.07885742,-0.246582031,0.05912508,0.004626603,0.07259374,-0.5500161,2.1321528,2.73881,3.51421022
460,9.1999967403628116,2814,0,0,0,0,0,-0.000125801147,0,-0.000947828463,-0.000125801147,0,-0.000947828463,1,0,0,1,2.51602182E-06,1.49011612E-08,1.89565617E-05,0,0,0,-0.0004252482,-0.00147587061,-0.000197027344,-0.150848389,-0.0181884766,0.0457586236,0.00179884734,-0.000434024725,0.002194358,-6.0594095E-05,4.450977E-05,-0.000657474156,-0.00604248047,-0.0257263184,-0.03201294,-0.005107904,-0.0001735519,0.00149833807,-5.084674E-05,8.46385956E-05,-0.0008285763,0.0122701209,-0.0260314941,-0.0262146,-0.00343754841,-5.02327239E-05,0.00129867112,3.81999635E-05,0.00254786015,0.00115204288,4.87273359,-0.0362854,-0.0367431641,0.05958912,9.482031E-05,-0.0002551742,3.79115E-05,0.002536714,0.00113928644,4.89358568,-0.0304260254,-0.0296936035,0.0583091676,9.826599E-05,-0.000253721868,0.002496213,-0.00344504416,-0.00248843455,1.02367151,-0.111663818,-0.256378174,0.063090235,0.004796194,0.07909797,0.00226353575,-0.00315691531,-0.002401734,1.036132,-0.07885742,-0.246582031,0.0591213964,0.00462613,0.0726059452,-0.5500161,2.1321528,2.73881,3.51421022
461,9.219996733276643,2822,0,0,0,0,0,-0.000125771054,0,-0.0009483337,-0.000125771054,0,-0.0009483337,1,0,0,1,2.51542E-06,1.49011612E-08,1.89666662E-05,0,0,0,-0.000425471924,-0.00147405267,-0.000195114044,-0.150848389,-0.0181884766,0.0457584858,0.00180532236,-0.000434908434,0.0021950386,-6.0905375E-05,4.450977E-05,-0.0006580123,-0.006072998,-0.0257263184,-0.03201294,-0.00510946568,-0.000170602361,0.00149873924,-5.11465623E-05,8.46833E-05,-0.000831007434,0.0122447163,-0.0260314941,-0.0262146,-0.00345113757,-4.746502E-05,0.00129916251,3.82052931E-05,0.00254870951,0.001150523,4.87270737,-0.0362548828,-0.0367431641,0.05958704,9.50572E-05,-0.0002561148,3.808821E-05,0.00253784657,0.00113903661,4.893578,-0.0304260254,-0.0296936035,0.0583182164,9.690712E-05,-0.000255169463,0.00249720225,-0.00344403088,-0.00248883176,1.023611,-0.111694336,-0.2564087,0.06310382,0.00479494734,0.07911437,0.00226450665,-0.00315584242,-0.00240271329,1.03608155,-0.07885742,-0.246582031,0.0591423623,0.0046260315,0.07262606,-0.5500161,2.1321528,2.73881,3.51421022
462,9.2399967261904763,2830,0,0,0,0,0,-0.00012580074,0,-0.0009483886,-0.00012580074,0,-0.0009483886,1,0,0,1,2.51601386E-06,0,1.89677648E-05,0,0,0,-0.000425182981,-0.00147584081,-0.000195025947,-0.150848389,-0.0181884766,0.0457583219,0.00180664007,-0.000433499867,0.00219428842,-6.050854E-05,4.44501638E-05,-0.000653170166,-0.006072998,-0.0257263184,-0.03201294,-0.005087129,-0.000174051063,0.00149813248,-5.09006422E-05,8.460879E-05,-0.000831654354,0.0122177657,-0.0260314941,-0.0262146,-0.00345278624,-5.10799218E-05,0.00129930046,3.78318036E-05,0.0025446862,0.00115182181,4.872588,-0.0362854,-0.0367431641,0.05950051,9.672229E-05,-0.000253835431,3.83605875E-05,0.00253678858,0.00113754882,4.893564,-0.0304260254,-0.0296936035,0.05831644,9.87008E-05,-0.000255195831,0.00249588815,-0.00345060229,-0.00249102758,1.02364826,-0.111663818,-0.256378174,0.06312301,0.00480615068,0.07913022,0.002264806,-0.00315822661,-0.00240211119,1.03605473,-0.07885742,-0.246582031,0.05914222,0.00462650461,0.07263861,-0.5500161,2.1321528,2.73881,3.51421022
463,9.2599967191043078,2838,0,0,0,0,0,-0.000125757331,0,-0.0009484869,-0.000125757331,0,-0.0009484869,1,0,0,1,2.51514552E-06,1.49011612E-08,1.89697312E-05,0,0,0,-0.000425412669,-0.00147403777,-0.000194924069,-0.150848389,-0.0181884766,0.04575851,0.00180613389,-0.000434595335,0.00219457061,-6.0995455E-05,4.453957E-05,-0.0006559727,-0.00610351563,-0.0257263184,-0.03201294,-0.00510050775,-0.0001724877,0.001500039,-5.071141E-05,8.46833E-05,-0.0008281275,0.0122065386,-0.0260314941,-0.0262146,-0.00343579915,-4.95679378E-05,0.00129782956,3.722491E-05,0.00254976749,0.001152238,4.87258053,-0.0362854,-0.0367431641,0.059585806,9.295058E-05,-0.0002538719,3.847518E-05,0.00253593922,0.0011376451,4.893438,-0.0304260254,-0.0296936035,0.05823048,0.000100228674,-0.0002546918,0.002496248,-0.003441736,-0.00248865783,1.02364755,-0.111694336,-0.2564087,0.06310357,0.004794236,0.079094395,0.00226426264,-0.00315883756,-0.00240648515,1.03606689,-0.07885742,-0.246582031,0.0591937266,0.004635632,0.0726553649,-0.5500161,2.1321528,2.73881,3.51421022
464,9.279996712018141,2845,0,0,0,0,0,-0.000125759208,0,-0.0009474548,-0.000125759208,0,-0.0009474548,1,0,0,1,2.515183E-06,0,1.894909E-05,0,0,0,-0.000425077684,-0.00147548318,-0.000196943642,-0.150848389,-0.0181884766,0.04575862,0.001797653,-0.000435021968,0.00219270913,-6.07785041E-05,4.4554472E-05,-0.0006600007,-0.00610351563,-0.0257263184,-0.03201294,-0.00512092561,-0.00017467032,0.00149965927,-5.08559242E-05,8.46833E-05,-0.000827535754,0.0121773249,-0.0260314941,-0.0262146,-0.00343164778,-5.09810525E-05,0.00129912177,3.785159E-05,0.00254885852,0.00115137966,4.8725667,-0.0362854,-0.0367431641,0.0595979281,9.357347E-05,-0.00025482077,3.773718E-05,0.00253619254,0.00113900565,4.8934145,-0.0304260254,-0.0296936035,0.0583060719,9.93672E-05,-0.000253285078,0.00249712216,-0.003443718,-0.00248787738,1.02358615,-0.111694336,-0.2564087,0.0630960241,0.00479314243,0.07910915,0.00226381,-0.00315900147,-0.00240227021,1.03606784,-0.07885742,-0.246582031,0.05914114,0.00462879334,0.07262803,-0.5500161,2.1321528,2.73881,3.51421022
465,9.2999967049319725,2850,0,0,0,0,0,-0.000125756967,0,-0.0009481777,-0.000125756967,0,-0.0009481777,1,0,0,1,2.51513825E-06,0,1.89635466E-05,0,0,0,-0.0004255317,-0.001474008,-0.000195046057,-0.150848389,-0.0181884766,0.04575866,0.00180426228,-0.000434369838,0.00219495664,-6.101559E-05,4.4465065E-05,-0.0006577001,-0.006134033,-0.0257263184,-0.03201294,-0.005107674,-0.0001698465,0.00149915484,-5.15731444E-05,8.46385956E-05,-0.0008300404,0.0121579915,-0.0260314941,-0.0262146,-0.00344638457,-4.65670273E-05,0.001301158,3.754592E-05,0.00254583359,0.00115356478,4.872524,-0.0362548828,-0.0367431641,0.05959485,9.641277E-05,-0.0002545482,3.74913725E-05,0.00253751874,0.00113991078,4.893403,-0.0304260254,-0.0296936035,0.0583185554,0.000100289573,-0.00025476556,0.0024971487,-0.00344982743,-0.0024874662,1.02351809,-0.111694336,-0.2564087,0.0630843,0.004797543,0.07912878,0.002264503,-0.00315660238,-0.00240153121,1.03602493,-0.07885742,-0.246582031,0.05913443,0.00462458376,0.0726255551,-0.5500161,2.1321528,2.73881,3.51421022
466,9.319996697845804,2856,0,0,0,0,0,-0.000125786333,0,-0.0009479819,-0.000125786333,0,-0.0009479819,1,0,0,1,2.51572555E-06,1.49011612E-08,1.895963E-05,0,0,0,-0.0004251398,-0.00147594512,-0.000194863343,-0.150848389,-0.0181884766,0.04575805,0.00180595694,-0.000433300942,0.00219502184,-6.078589E-05,4.452467E-05,-0.0006594548,-0.006164551,-0.0257263184,-0.03201294,-0.0051183,-0.000174013039,0.00149945822,-5.07919467E-05,8.46833E-05,-0.0008305007,0.0121378573,-0.0260314941,-0.0262146,-0.00344679155,-5.064283E-05,0.00129876,3.72034738E-05,0.00254826248,0.00115282531,4.872503,-0.0362548828,-0.0367431641,0.0596006028,9.342116E-05,-0.000253059436,3.766329E-05,0.0025369972,0.00113854022,4.89338875,-0.0304260254,-0.0296936035,0.0583164059,9.42835759E-05,-0.000252911355,0.0024974593,-0.00344608724,-0.00248879963,1.0234468,-0.111694336,-0.2564392,0.06311643,0.00479679834,0.07913447,0.00226537045,-0.00315789878,-0.0024024318,1.03596175,-0.07888794,-0.246612549,0.0591467768,0.004626367,0.07264925,-0.5500161,2.1321528,2.73881,3.51421022
467,9.3399966907596372,2861,0,0,0,0,0,-0.000125794933,0,-0.000947470369,-0.000125794933,0,-0.000947470369,1,0,0,1,2.51589768E-06,0,1.89494E-05,0,0,0,-0.0004253758,-0.00147396326,-0.000197034416,-0.150848389,-0.0181884766,0.0457583219,0.00179868331,-0.0004351298,0.002194243,-6.112905E-05,4.44948673E-05,-0.0006564114,-0.00619506836,-0.0257263184,-0.03201294,-0.00510159647,-0.000171580759,0.00150035461,-5.10090649E-05,8.46684E-05,-0.0008278732,0.0120991115,-0.0260314941,-0.0262146,-0.0034345733,-4.85303426E-05,0.00129888079,3.76688768E-05,0.00254823267,0.00115048292,4.87247658,-0.0362548828,-0.0367431641,0.05958352,9.372017E-05,-0.00025535014,3.8283797E-05,0.002537027,0.00114017783,4.89334,-0.0304260254,-0.0296936035,0.0583110638,0.000100316574,-0.000255088555,0.00249866955,-0.00344675779,-0.0024906476,1.0234164,-0.111694336,-0.2564392,0.0631478,0.004799309,0.07916795,0.00226565916,-0.00315880775,-0.00240375032,1.035926,-0.07888794,-0.246612549,0.0591763966,0.00462919055,0.07266903,-0.5500161,2.1321528,2.73881,3.51421022
468,9.3599966836734687,2868,0,0,0,0,0,-0.000125798266,0,-0.00094822247,-0.000125798266,0,-0.00094822247,1,0,0,1,2.5159643E-06,1.49011612E-08,1.89644416E-05,0,0,0,-0.000425248872,-0.00147587061,-0.00019510623,-0.150848389,-0.0181884766,0.0457580574,0.00180416461,-0.000434322923,0.00219490612,-6.070508E-05,4.453957E-05,-0.0006560928,-0.006225586,-0.0257263184,-0.03201294,-0.00510139624,-0.000173481109,0.00149897824,-5.0699542E-05,8.47131E-05,-0.000826921139,0.0120729124,-0.0260314941,-0.0262146,-0.00342926336,-5.03404444E-05,0.001298097,3.790774E-05,0.00254873931,0.00115019584,4.87244749,-0.0362548828,-0.0367431641,0.0595821738,9.495219E-05,-0.00025460578,3.83951556E-05,0.002537042,0.00113834592,4.893309,-0.0304260254,-0.0296936035,0.0583037771,9.894451E-05,-0.000254438171,0.00249883416,-0.00344666839,-0.002490838,1.0234189,-0.111694336,-0.2564392,0.06316071,0.004799491,0.07917589,0.00226605427,-0.00315918028,-0.002403344,1.03589034,-0.07888794,-0.246612549,0.05917762,0.00462838961,0.07267739,-0.5500161,2.1321528,2.73881,3.51421022
469,9.379996676587302,2874,0,0,0,0,0,-0.000125803679,0,-0.0009482002,-0.000125803679,0,-0.0009482002,1,0,0,1,2.51607253E-06,0,1.89639959E-05,0,0,0,-0.000425377977,-0.00147402287,-0.000195064553,-0.150848389,-0.0181884766,0.04575815,0.0018066616,-0.0004341131,0.00219472684,-6.090677E-05,4.450977E-05,-0.000653202471,-0.006225586,-0.0257263184,-0.03201294,-0.00508603966,-0.000171380219,0.00149925,-5.092286E-05,8.46385956E-05,-0.000826198,0.0120691769,-0.0260314941,-0.0262146,-0.003426424,-4.83669719E-05,0.00129856064,3.803225E-05,0.00254620612,0.00115224731,4.87229538,-0.0362548828,-0.0367431641,0.0595030636,9.681585E-05,-0.000255526451,3.83314218E-05,0.00253547728,0.00114066491,4.893176,-0.0304260254,-0.0296936035,0.0582340062,0.000101522608,-0.0002548941,0.00249818666,-0.003449574,-0.00249272119,1.02344561,-0.111694336,-0.2564087,0.06317246,0.00480598025,0.079182215,0.002265413,-0.00316126645,-0.00240715872,1.03592467,-0.07888794,-0.246582031,0.0592208281,0.0046379324,0.07269529,-0.5500161,2.1321528,2.73881,3.51421022
470,9.3999966695011334,2881,0,0,0,0,0,-0.000125784311,0,-0.0009483767,-0.000125784311,0,-0.0009483767,1,0,0,1,2.515685E-06,1.49011612E-08,1.89675266E-05,0,0,0,-0.0004250713,-0.00147552788,-0.000195051674,-0.150848389,-0.0181884766,0.04575835,0.001805793,-0.0004331592,0.00219275523,-6.070698E-05,4.45991755E-05,-0.00065429823,-0.006225586,-0.0257263184,-0.03201294,-0.00509301154,-0.000174158427,0.00149937882,-5.08189369E-05,8.47131E-05,-0.0008257623,0.01204957,-0.0260314941,-0.0262146,-0.00342309219,-5.106368E-05,0.00129906856,3.74567244E-05,0.00254902244,0.00115143857,4.87228251,-0.0362548828,-0.0367431641,0.0595803149,9.313391E-05,-0.000253490463,3.78275545E-05,0.00253680348,0.00114002218,4.89315176,-0.0304260254,-0.0296936035,0.0583048537,9.838842E-05,-0.0002533076,0.002497916,-0.00344529748,-0.00249071163,1.0234338,-0.111694336,-0.2564392,0.0631513447,0.004799278,0.0791542158,0.002265474,-0.00315918028,-0.00240365672,1.03591454,-0.07888794,-0.246612549,0.0591754019,0.0046296916,0.0726683661,-0.5500161,2.1321528,2.73881,3.51421022
471,9.4199966624149649,2888,0,0,0,0,0,-0.000125794162,0,-0.0009479703,-0.000125794162,0,-0.0009479703,1,0,0,1,2.51588222E-06,0,1.89594E-05,0,0,0,-0.000425524078,-0.001474008,-0.000194843538,-0.150848389,-0.0181884766,0.04575852,0.00180464971,-0.000433814217,0.00219478761,-6.121276E-05,4.452467E-05,-0.00065590546,-0.00625610352,-0.0257263184,-0.03201294,-0.005098699,-0.000169793377,0.0015001928,-5.12718E-05,8.46684E-05,-0.0008290427,0.0120364185,-0.0260314941,-0.0262146,-0.00344117219,-4.678066E-05,0.00129977136,3.76138851E-05,0.00254783034,0.00115459575,4.87223864,-0.0362548828,-0.0367431641,0.0595934,9.665328E-05,-0.000255243358,3.7662212E-05,0.00253753364,0.0011391656,4.893134,-0.0304260254,-0.0296936035,0.05831485,9.956582E-05,-0.0002541537,0.00249862671,-0.00344751775,-0.00248945132,1.02340209,-0.111694336,-0.2564392,0.06313512,0.00479776552,0.0791643262,0.00226589525,-0.003158033,-0.00240270933,1.035864,-0.07888794,-0.246612549,0.0591698624,0.004626641,0.0726686642,-0.5500161,2.1321528,2.73881,3.51421022
472,9.4399966553287982,2896,0,0,0,0,0,-0.000125827035,0,-0.0009482395,-0.000125827035,0,-0.0009482395,1,0,0,1,2.51653978E-06,1.49011612E-08,1.89647835E-05,0,0,0,-0.000425217382,-0.00147588551,-0.0001951058,-0.150848389,-0.0181884766,0.0457579978,0.001806126,-0.0004354068,0.00219466,-6.086534E-05,4.4554472E-05,-0.000655275537,-0.006286621,-0.0257263184,-0.03201294,-0.00509686628,-0.000172570115,0.00149944727,-5.096873E-05,8.46684E-05,-0.0008262134,0.0120065976,-0.0260314941,-0.0262146,-0.00342615764,-4.95359782E-05,0.00129911606,3.76467542E-05,0.00254783034,0.00115364359,4.872202,-0.0362548828,-0.0367431641,0.059589535,9.384872E-05,-0.000254397222,3.80346319E-05,0.00253677368,0.00114199764,4.89309168,-0.0304260254,-0.0296936035,0.0583119467,0.000100467092,-0.000254160084,0.00249917572,-0.00344765186,-0.00248923386,1.02335536,-0.111724854,-0.256469727,0.06313686,0.004796918,0.07917407,0.00226613786,-0.00316014886,-0.00240415824,1.03585923,-0.07888794,-0.246612549,0.0591914728,0.00463065,0.0726885945,-0.5500161,2.1321528,2.73881,3.51421022
473,9.45999664824263,2904,0,0,0,0,0,-0.000125798033,0,-0.0009479911,-0.000125798033,0,-0.0009479911,1,0,0,1,2.51595975E-06,1.49011612E-08,1.8959814E-05,0,0,0,-0.0004252609,-0.00147403777,-0.000195018016,-0.150848389,-0.0181884766,0.045757927,0.00180515251,-0.000432957051,0.00219456875,-6.067861E-05,4.45693731E-05,-0.000654397241,-0.00631713867,-0.0257263184,-0.03201294,-0.00509292725,-0.0001734148,0.001498834,-5.081651E-05,8.47131E-05,-0.0008286363,0.0119937165,-0.0260314941,-0.0262146,-0.00343758287,-5.028468E-05,0.00129880651,3.78928635E-05,0.00254890323,0.00115235639,4.8721776,-0.0362548828,-0.0367431641,0.0595837869,9.488912E-05,-0.0002544437,3.80489437E-05,0.00253744423,0.00114120927,4.89306974,-0.0304260254,-0.0296936035,0.05831929,9.822812E-05,-0.0002538751,0.00249930238,-0.003446713,-0.00249108067,1.02333438,-0.111724854,-0.256469727,0.06317239,0.004799589,0.0791888162,0.002266469,-0.00315903127,-0.0024036204,1.035824,-0.07888794,-0.246612549,0.059188,0.004628443,0.07268834,-0.5500161,2.1321528,2.73881,3.51421022
474,9.4799966411564629,2912,0,0,0,0,0,-0.000125788982,0,-0.000947947439,-0.000125788982,0,-0.000947947439,1,0,0,1,2.51577876E-06,0,1.89589409E-05,0,0,0,-0.0004252362,-0.00147588551,-0.000194835971,-0.150848389,-0.0181884766,0.0457578637,0.00180213747,-0.00043312888,0.00219490658,-6.09257331E-05,4.45693731E-05,-0.0006622114,-0.00634765625,-0.0257263184,-0.03201294,-0.005131524,-0.000172781525,0.0014998198,-5.10232931E-05,8.46385956E-05,-0.000826015254,0.0119692059,-0.0260314941,-0.0262146,-0.00342488312,-4.96136963E-05,0.00129948161,3.79509074E-05,0.00255095959,0.00115239539,4.872339,-0.0362548828,-0.0367431641,0.05975904,9.1370166E-05,-0.000255512074,3.79462363E-05,0.002535209,0.00114030344,4.89302874,-0.0304260254,-0.0296936035,0.0583073,9.76816154E-05,-0.000254285347,0.002501503,-0.00344605744,-0.00248547387,1.0231899,-0.111755371,-0.256500244,0.0631129,0.00478618732,0.07919199,0.002266678,-0.003162995,-0.00240259664,1.03576255,-0.07891846,-0.246612549,0.05916855,0.00462965434,0.07269851,-0.5500161,2.1321528,2.73881,3.51421022
475,9.4999966340702944,2921,0,0,0,0,0,-0.000125807128,0,-0.0009473947,-0.000125807128,0,-0.0009473947,1,0,0,1,2.51614142E-06,0,1.89478869E-05,0,0,0,-0.00042547984,-0.001474008,-0.0001948466,-0.150848389,-0.0181884766,0.0457583368,0.00180071732,-0.000432990957,0.00219485722,-6.065246E-05,4.4554472E-05,-0.0006573296,-0.00640869141,-0.0257263184,-0.03201294,-0.00510580558,-0.000170751344,0.00149754027,-5.132782E-05,8.46535E-05,-0.0008359736,0.0119119119,-0.0260314941,-0.0262146,-0.00347527768,-4.73802538E-05,0.00130027777,3.88528279E-05,0.00254754722,0.00115000561,4.87226248,-0.0362548828,-0.0367431641,0.0595871471,9.52080445E-05,-0.000256748172,3.78538425E-05,0.0025396198,0.0011416513,4.89319229,-0.0304260254,-0.0296936035,0.05849435,9.762119E-05,-0.0002548797,0.00250242,-0.00345166028,-0.00249180524,1.02312708,-0.111755371,-0.256500244,0.0632039756,0.00480144843,0.07926674,0.00226885686,-0.00315850973,-0.002397987,1.03559744,-0.07891846,-0.246673584,0.0591346025,0.00461494224,0.07269754,-0.5500161,2.1321528,2.73881,3.51421022
476,9.5199966269841259,2928,0,0,0,0,0,-0.0001258636,0,-0.000947502151,-0.0001258636,0,-0.000947502151,1,0,0,1,2.517271E-06,0,1.89500352E-05,0,0,0,-0.000425152859,-0.00147554278,-0.000194836975,-0.150848389,-0.0181884766,0.04575849,0.00180624414,-0.000434997084,0.00219260948,-6.042709E-05,4.45693731E-05,-0.000655462733,-0.006439209,-0.0257263184,-0.03201294,-0.00509772,-0.0001728604,0.00149730756,-5.06941E-05,8.47429037E-05,-0.000831314537,0.0118751293,-0.0260314941,-0.0262146,-0.00345094013,-5.01822651E-05,0.00129804492,3.88142944E-05,0.00254845619,0.00114928337,4.87220144,-0.0362548828,-0.0367431641,0.05957977,9.685962E-05,-0.0002559388,3.91967478E-05,0.00253896415,0.00113840366,4.893119,-0.0304260254,-0.0296936035,0.0583212674,9.562087E-05,-0.000256629137,0.00250213034,-0.00345116854,-0.0024944155,1.02315509,-0.111724854,-0.256469727,0.06324662,0.00480627641,0.07927962,0.00227060914,-0.003159821,-0.00240649842,1.03557265,-0.0789489746,-0.246643066,0.0592666045,0.004629789,0.0727866,-0.5500161,2.1321528,2.73881,3.51421022
477,9.5399966198979591,2935,0,0,0,0,0,-0.000125867184,0,-0.000946813845,-0.000125867184,0,-0.000946813845,1,0,0,1,2.51734264E-06,0,1.8936269E-05,0,0,0,-0.000425214,-0.00147432089,-0.000196893277,-0.150848389,-0.0181884766,0.04575835,0.00179548364,-0.0004360372,0.002191777,-6.07213879E-05,4.44948673E-05,-0.0006554237,-0.006439209,-0.0257263184,-0.03201294,-0.005097454,-0.000173425477,0.00149909011,-5.02403127E-05,8.46236944E-05,-0.000826421543,0.0118453484,-0.0260314941,-0.0262146,-0.003425953,-5.07035656E-05,0.00129592826,3.79481135E-05,0.00254632533,0.00114954181,4.872133,-0.0362548828,-0.0367431641,0.0595804676,9.39880556E-05,-0.0002546901,3.964311E-05,0.00253604352,0.00113607117,4.89305353,-0.0304260254,-0.0296936035,0.0582983829,0.000101775222,-0.000256150175,0.00250128563,-0.00345405936,-0.00249143178,1.02313936,-0.111755371,-0.256469727,0.0631939247,0.004804379,0.07925738,0.0022696224,-0.00316545367,-0.00240794057,1.03558791,-0.07891846,-0.246643066,0.0592772961,0.00463803951,0.07279668,-0.5500161,2.1321528,2.73881,3.51421022
478,9.55999661281179,2943,0,0,0,0,0,-0.00012585365,0,-0.000947677,-0.00012585365,0,-0.000947677,1,0,0,1,2.517072E-06,1.49011612E-08,1.89535331E-05,0,0,0,-0.000425362639,-0.00147591531,-0.000195029308,-0.150848389,-0.0181884766,0.0457582623,0.00180456578,-0.0004334564,0.00219505,-6.11671858E-05,4.45842743E-05,-0.000651189359,-0.00646972656,-0.0257263184,-0.03201294,-0.005076209,-0.000171752385,0.00150083366,-5.04952E-05,8.46982E-05,-0.000829274,0.0118236886,-0.0260314941,-0.0262146,-0.00344105321,-4.908504E-05,0.00129685877,3.725886E-05,0.00254808366,0.00115266815,4.872063,-0.0362548828,-0.0367431641,0.05957449,9.569103E-05,-0.000254089362,3.874566E-05,0.002537176,0.00113794219,4.892991,-0.0304260254,-0.0296936035,0.05831407,0.000100423938,-0.000254478131,0.00250092219,-0.00345055759,-0.00249218219,1.02317429,-0.111724854,-0.256469727,0.06320901,0.00480334926,0.07924556,0.0022689933,-0.0031632185,-0.00240658759,1.03561425,-0.07891846,-0.246612549,0.0592608377,0.00463485857,0.0727749,-0.5500161,2.1321528,2.73881,3.51421022
479,9.5799966057256238,2951,0,0,0,0,0,-0.0001257997,0,-0.0009477859,-0.0001257997,0,-0.0009477859,1,0,0,1,2.51599317E-06,0,1.895571E-05,0,0,0,-0.000425260339,-0.00147405267,-0.00019505489,-0.150848389,-0.0181884766,0.0457578674,0.00180685171,-0.0004355186,0.00219436572,-6.124398E-05,4.4554472E-05,-0.0006531734,-0.006500244,-0.0257568359,-0.03201294,-0.005086691,-0.0001732105,0.00150167721,-5.09565944E-05,8.46833E-05,-0.0008254872,0.0117997527,-0.0260314941,-0.0262146,-0.00342174945,-5.03261144E-05,0.00129949127,3.70929265E-05,0.00254827738,0.00115257967,4.87201548,-0.0362548828,-0.0367431641,0.05958235,9.59438039E-05,-0.000253926672,3.816656E-05,0.00253711641,0.00113784184,4.89292669,-0.0304260254,-0.0296936035,0.0583008863,9.798436E-05,-0.000254553248,0.00250065839,-0.00344954431,-0.00249144132,1.02313411,-0.111724854,-0.256500244,0.06319678,0.004801363,0.0792316645,0.002268838,-0.00316226482,-0.002407063,1.03562033,-0.0789489746,-0.246612549,0.0592589863,0.004634965,0.0727674,-0.5500161,2.1321528,2.73881,3.51421022
480,9.5999965986394553,2958,0,0,0,0,0,-0.000125786988,0,-0.0009473308,-0.000125786988,0,-0.0009473308,1,0,0,1,2.51573874E-06,1.49011612E-08,1.89466082E-05,0,0,0,-0.0004251282,-0.00147585571,-0.000195033746,-0.150848389,-0.0181884766,0.0457577966,0.00180430163,-0.000434197136,0.0021947776,-6.09582567E-05,4.45842743E-05,-0.0006564783,-0.006500244,-0.0257568359,-0.03201294,-0.00510384329,-0.000174733315,0.0015008006,-5.10079553E-05,8.47131E-05,-0.000828138844,0.0117856255,-0.0260314941,-0.0262146,-0.0034340003,-5.1548308E-05,0.001300395,3.717859E-05,0.002548501,0.00115352112,4.87197256,-0.0362548828,-0.0367431641,0.05959699,9.196565E-05,-0.000253366627,3.80624879E-05,0.00253725052,0.00114039518,4.892872,-0.0304260254,-0.0296936035,0.0583175,9.784801E-05,-0.000254485116,0.00250132778,-0.00344996154,-0.002491038,1.02314329,-0.111724854,-0.256500244,0.0631980747,0.004800423,0.07924541,0.002268634,-0.00316229463,-0.00240632,1.03562915,-0.0789489746,-0.246612549,0.0592519864,0.00463396031,0.07276208,-0.5500161,2.1321528,2.73881,3.51421022
481,9.6199965915532868,2966,0,0,0,0,0,-0.000125797989,0,-0.000946561,-0.000125797989,0,-0.000946561,1,0,0,1,2.51595884E-06,0,1.89312123E-05,0,0,0,-0.000425405917,-0.00147406757,-0.000196724053,-0.1508789,-0.0181884766,0.0457579866,0.00180007971,-0.0004336935,0.00219461555,-6.126983E-05,4.45842743E-05,-0.000661389029,-0.0065612793,-0.0257568359,-0.03201294,-0.00512617454,-0.000170980973,0.00150098116,-5.12650877E-05,8.46385956E-05,-0.0008273017,0.0117766783,-0.0260314941,-0.0262146,-0.00343107758,-4.77498324E-05,0.00130031165,3.749872E-05,0.00255137682,0.00115248852,4.872112,-0.0362548828,-0.0367431641,0.0597586371,9.22382E-05,-0.000255124934,3.73389739E-05,0.002534628,0.00114008028,4.892827,-0.0304260254,-0.0296936035,0.0583144277,0.00010120128,-0.000253056438,0.00250329124,-0.00344721973,-0.00248571346,1.02300012,-0.111785889,-0.256561279,0.06314266,0.00478590745,0.07923746,0.00226787222,-0.00316628814,-0.00240461016,1.03557134,-0.07891846,-0.246643066,0.0592167825,0.00463502528,0.07275112,-0.5500161,2.1321528,2.73881,3.51421022
482,9.63999658446712,2974,0,0,0,0,0,-0.000125831692,0,-0.000947507855,-0.000125831692,0,-0.000947507855,1,0,0,1,2.51663278E-06,1.49011612E-08,1.895015E-05,0,0,0,-0.000425312755,-0.00147548318,-0.0001955389,-0.150848389,-0.0181884766,0.0457586236,0.00180453935,-0.000434244284,0.00219321484,-6.11095747E-05,4.4554472E-05,-0.000652583258,-0.006591797,-0.0257568359,-0.03201294,-0.00508189667,-0.000169796011,0.001499698,-5.16071523E-05,8.46982E-05,-0.000831338461,0.0117189717,-0.0260314941,-0.0262146,-0.003452388,-4.67861573E-05,0.00130150258,3.879551E-05,0.002548024,0.00115373859,4.872003,-0.0362548828,-0.0367431641,0.0595826171,9.733379E-05,-0.0002579029,3.6878293E-05,0.00253996253,0.0011405882,4.8929677,-0.0304260254,-0.0296936035,0.05847768,9.815654E-05,-0.0002529096,0.002504171,-0.00345282257,-0.00249356241,1.02298772,-0.111755371,-0.256530762,0.0632542,0.00480391271,0.07931976,0.00226975372,-0.00315971673,-0.00240010978,1.03543615,-0.0789489746,-0.246673584,0.0591887124,0.00461944658,0.0727429539,-0.5500161,2.1321528,2.73881,3.51421022
483,9.6599965773809515,2981,0,0,0,0,0,-0.000125837643,0,-0.000946956,-0.000125837643,0,-0.000946956,1,0,0,1,2.516752E-06,1.49011612E-08,1.89391121E-05,0,0,0,-0.000425071223,-0.00147436559,-0.000194800756,-0.150848389,-0.0181884766,0.04575784,0.001796703,-0.000436151284,0.00219179317,-6.04849047E-05,4.453957E-05,-0.0006601973,-0.00662231445,-0.0257568359,-0.03201294,-0.005122192,-0.000175220863,0.001498463,-5.09762E-05,8.46535E-05,-0.000825986965,0.0116877276,-0.0260314941,-0.0262146,-0.00342309428,-5.22036935E-05,0.00130022177,3.8505772E-05,0.00254943967,0.001151712,4.87203646,-0.0362548828,-0.03677368,0.05968015,9.2143E-05,-0.000255430146,3.83319E-05,0.00253625214,0.00113968516,4.892876,-0.0304260254,-0.0296936035,0.0583082065,9.543386E-05,-0.000255084538,0.00250466634,-0.00345236063,-0.00249012047,1.0229063,-0.111785889,-0.256530762,0.06321571,0.004796784,0.07930942,0.00227131927,-0.003165692,-0.00240658014,1.03538287,-0.0789489746,-0.246673584,0.0592741258,0.00463421224,0.0728239,-0.5500161,2.1321528,2.73881,3.51421022
484,9.6799965702947848,2989,0,0,0,0,0,-0.000125858147,0,-0.000946819258,-0.000125858147,0,-0.000946819258,1,0,0,1,2.51716187E-06,0,1.89363782E-05,0,0,0,-0.0004253356,-0.00147597492,-0.000196767127,-0.1508789,-0.0181884766,0.0457580127,0.00180682936,-0.000431290828,0.00219504326,-6.075078E-05,4.44948673E-05,-0.0006483369,-0.006652832,-0.0257568359,-0.032043457,-0.00506164972,-0.000171883526,0.00149884413,-5.08590529E-05,8.46684E-05,-0.0008242048,0.011691262,-0.0260314941,-0.0262146,-0.003415184,-4.93269727E-05,0.00129875354,3.86112624E-05,0.00254525244,0.00115238654,4.871818,-0.0362548828,-0.03677368,0.0594910756,9.693048E-05,-0.000256341184,3.89209563E-05,0.00253692269,0.00113945291,4.89270163,-0.0304260254,-0.0296936035,0.0582285151,0.000102713355,-0.000256066822,0.00250375341,-0.00345733762,-0.0024964544,1.0229677,-0.111755371,-0.256500244,0.06328878,0.00481366,0.0793476,0.00227037957,-0.0031645596,-0.00241175527,1.03547442,-0.0789489746,-0.246643066,0.0593508035,0.0046439846,0.07283972,-0.5500161,2.1321528,2.73881,3.51421022
485,9.6999965632086163,2997,0,0,0,0,0,-0.000125852428,0,-0.0009469201,-0.000125852428,0,-0.0009469201,1,0,0,1,2.51704751E-06,0,1.89383936E-05,0,0,0,-0.00042537984,-0.00147399306,-0.0001957294,-0.150848389,-0.0181884766,0.04575793,0.00180590339,-0.000434231129,0.00219456456,-6.115494E-05,4.45693731E-05,-0.0006584174,-0.00668334961,-0.0257568359,-0.032043457,-0.005111371,-0.0001704828,0.00150026137,-5.11106919E-05,8.46833E-05,-0.0008340809,0.011646227,-0.0260314941,-0.0262146,-0.003465213,-4.763967E-05,0.00129951444,3.742751E-05,0.00255213678,0.001153211,4.871972,-0.0362548828,-0.03677368,0.059752997,9.577187E-05,-0.0002542954,3.7877322E-05,0.00253850222,0.00113841693,4.892846,-0.0304260254,-0.0296936035,0.058482755,9.80592449E-05,-0.0002540721,0.00250416878,-0.003448397,-0.00248763384,1.02293622,-0.111785889,-0.256530762,0.0631959662,0.00478988374,0.07928049,0.00227105757,-0.00316402316,-0.00240016263,1.03535879,-0.07897949,-0.246673584,0.0591972061,0.00462158956,0.0727817044,-0.5500161,2.1321528,2.73881,3.51421022
486,9.7199965561224477,3005,0,0,0,0,0,-0.000125851453,0,-0.000946684333,-0.000125851453,0,-0.000946684333,1,0,0,1,2.517028E-06,1.49011612E-08,1.89336788E-05,0,0,0,-0.000425178936,-0.00147584081,-0.000194960769,-0.150848389,-0.0181884766,0.04575764,0.00179709867,-0.0004346132,0.00219478761,-6.09119161E-05,4.452467E-05,-0.0006541891,-0.006713867,-0.0257568359,-0.032043457,-0.005091566,-0.0001736931,0.00150011585,-5.09045458E-05,8.46684E-05,-0.0008321815,0.0116023589,-0.0260314941,-0.0262146,-0.00345431687,-5.08111661E-05,0.00129956158,3.81192658E-05,0.00254717469,0.00115356606,4.87186766,-0.0362548828,-0.03677368,0.0595903061,9.21579049E-05,-0.000255583262,3.83909573E-05,0.002538249,0.00114008388,4.89286041,-0.0304260254,-0.0296936035,0.05840651,9.81968E-05,-0.000254830229,0.00250465376,-0.00345484912,-0.00249275821,1.02286959,-0.111785889,-0.256530762,0.0632456243,0.004803817,0.0793328,0.002272231,-0.00316476822,-0.00240479386,1.03528619,-0.07897949,-0.246673584,0.05926915,0.00462921942,0.07283159,-0.5500161,2.1321528,2.73881,3.51421022
487,9.739996549036281,3013,0,0,0,0,0,-0.0001258451,0,-0.0009465718,-0.0001258451,0,-0.0009465718,1,0,0,1,2.51690085E-06,0,1.89314287E-05,0,0,0,-0.000425216655,-0.00147408247,-0.000196803172,-0.1508789,-0.0181884766,0.04575736,0.0018069247,-0.000435895956,0.00219446281,-6.09689632E-05,4.452467E-05,-0.0006551399,-0.00674438477,-0.0257568359,-0.032043457,-0.005096199,-0.000173614331,0.00150048092,-5.080207E-05,8.46385956E-05,-0.0008218987,0.0115908375,-0.0260314941,-0.0262146,-0.0034029372,-5.08445E-05,0.001298958,3.7914313E-05,0.00254921615,0.00115177874,4.87190247,-0.0362548828,-0.03677368,0.0596643,9.584424E-05,-0.000255118037,3.85829044E-05,0.002534464,0.00113855326,4.8926487,-0.0304260254,-0.0296936035,0.0582181141,9.92992937E-05,-0.0002550528,0.00250471057,-0.00345358253,-0.00249189348,1.02283418,-0.111785889,-0.256561279,0.0632531345,0.00480134133,0.07933284,0.00227107527,-0.003169462,-0.0024109846,1.03531623,-0.07897949,-0.246643066,0.0593414642,0.00464607729,0.07286644,-0.5500161,2.1321528,2.73881,3.51421022
488,9.7599965419501125,3021,0,0,0,0,0,-0.000125808219,0,-0.0009469586,-0.000125808219,0,-0.0009469586,1,0,0,1,2.51616325E-06,1.49011612E-08,1.89391649E-05,0,0,0,-0.000425176317,-0.00147548318,-0.000195587316,-0.150848389,-0.0181884766,0.0457582548,0.00180196087,-0.000432637549,0.00219310774,-6.103539E-05,4.453957E-05,-0.000656506047,-0.00677490234,-0.0257568359,-0.032043457,-0.00510306,-0.000173102933,0.00150067057,-5.10826867E-05,8.46833E-05,-0.00082600594,0.0115657849,-0.0260314941,-0.0262146,-0.00342380418,-5.00060669E-05,0.0013002262,3.78574E-05,0.002549082,0.00115225487,4.871908,-0.0362548828,-0.03677368,0.0596698746,9.260025E-05,-0.0002552711,3.78348559E-05,0.00253894925,0.00113957329,4.892684,-0.0304260254,-0.0296936035,0.0583849028,9.957254E-05,-0.000253839331,0.00250579161,-0.00345428288,-0.00249174726,1.02277279,-0.111785889,-0.256561279,0.06325403,0.00480049849,0.0793524757,0.00227133115,-0.00316341221,-0.00240554847,1.03533649,-0.07897949,-0.246673584,0.0592841879,0.00463086041,0.07282211,-0.5500161,2.1321528,2.73881,3.51421022
489,9.7799965348639457,3029,0,0,0,0,0,-0.000125863458,0,-0.000946893066,-0.000125863458,0,-0.000946893066,1,0,0,1,2.51726829E-06,0,1.89378534E-05,0,0,0,-0.0004253772,-0.00147435069,-0.000195185945,-0.150848389,-0.0181884766,0.04575848,0.00180666568,-0.000432972127,0.00219194638,-6.08570335E-05,4.44948673E-05,-0.0006495101,-0.00677490234,-0.0257568359,-0.032043457,-0.005067155,-0.000170957865,0.00149901886,-5.130933E-05,8.46236944E-05,-0.0008302598,0.0115359938,-0.0260314941,-0.0262146,-0.00344580365,-4.815321E-05,0.00130076637,3.8038128E-05,0.002545625,0.00115293579,4.87170267,-0.0362548828,-0.03677368,0.05949934,9.733098E-05,-0.0002548675,3.781145E-05,0.00253789127,0.001140492,4.89270449,-0.0304260254,-0.0296936035,0.05840245,9.87452659E-05,-0.000254464452,0.00250474713,-0.003458485,-0.00249763113,1.02283549,-0.111785889,-0.256530762,0.06332197,0.004815984,0.07938312,0.00227202,-0.00316508114,-0.00240422739,1.03523922,-0.07897949,-0.246673584,0.0592621565,0.0046288725,0.0728281662,-0.5500161,2.1321528,2.73881,3.51421022
490,9.7999965277777772,3037,0,0,0,0,0,-0.000125839782,0,-0.0009466286,-0.000125839782,0,-0.0009466286,1,0,0,1,2.51679467E-06,0,1.89325656E-05,0,0,0,-0.000425157,-0.00147591531,-0.000194957393,-0.150848389,-0.0181884766,0.04575763,0.00180390768,-0.000434213784,0.00219453033,-6.120546E-05,4.45842743E-05,-0.000657708268,-0.00680542,-0.0257568359,-0.032043457,-0.005109438,-0.000173525623,0.00150179141,-5.1135492E-05,8.4728E-05,-0.0008314605,0.0114983935,-0.0260314941,-0.0262146,-0.00345037016,-5.10294958E-05,0.00130095647,3.72980976E-05,0.00255163014,0.00115255,4.871836,-0.0362548828,-0.03677368,0.0597503856,9.389778E-05,-0.00025420243,3.81683822E-05,0.002538249,0.00113899878,4.89270639,-0.0304260254,-0.0296936035,0.05840238,9.456057E-05,-0.0002551556,0.00250534667,-0.0034506917,-0.00248947926,1.02275729,-0.111785889,-0.256561279,0.06323256,0.00479394756,0.07932305,0.0022735917,-0.0031657964,-0.00240529887,1.03514421,-0.07901001,-0.2467041,0.05928817,0.004629734,0.07286581,-0.5500161,2.1321528,2.73881,3.51421022
491,9.81999652069161,3044,0,0,0,0,0,-0.000125825274,0,-0.00094670977,-0.000125825274,0,-0.00094670977,1,0,0,1,2.51650454E-06,0,1.89341881E-05,0,0,0,-0.000425335224,-0.00147405267,-0.000195206972,-0.150848389,-0.0181884766,0.0457577556,0.0018069878,-0.000434683869,0.0021945294,-6.124473E-05,4.453957E-05,-0.000657455239,-0.0068359375,-0.0257568359,-0.032043457,-0.00510749,-0.0001726051,0.00150150282,-5.09378951E-05,8.46833E-05,-0.000828245364,0.0114515088,-0.0260620117,-0.0262146,-0.003435045,-4.9776052E-05,0.0012993766,3.7842583E-05,0.00254935026,0.00115308026,4.871812,-0.0362548828,-0.03677368,0.0596758,9.167359E-05,-0.000255845836,3.87564942E-05,0.00253801048,0.00113798492,4.89269161,-0.0304260254,-0.0296936035,0.05838857,0.000100353318,-0.0002557978,0.00250697788,-0.00345437229,-0.00249133981,1.02265024,-0.111816406,-0.2565918,0.06326011,0.00479855,0.07937314,0.002274112,-0.00316742063,-0.00240669865,1.03510547,-0.07901001,-0.246673584,0.059322115,0.004633033,0.0728936,-0.5500161,2.1321528,2.73881,3.51421022
492,9.8399965136054419,3052,0,0,0,0,0,-0.000125857332,0,-0.0009468524,-0.000125857332,0,-0.0009468524,1,0,0,1,2.51714573E-06,1.49011612E-08,1.893704E-05,0,0,0,-0.000425218226,-0.00147588551,-0.000195140863,-0.150848389,-0.0181884766,0.04575772,0.00180384936,-0.000433992973,0.00219477573,-6.09300769E-05,4.453957E-05,-0.00065275986,-0.006866455,-0.0257568359,-0.032043457,-0.005084427,-0.000173293782,0.00150024972,-5.07686964E-05,8.46684E-05,-0.0008201788,0.0114497133,-0.0260620117,-0.0262146,-0.00339447986,-5.034577E-05,0.00129879452,3.835494E-05,0.002547577,0.00115269131,4.871691,-0.0362548828,-0.03677368,0.05958514,9.530538E-05,-0.000256153115,3.89301676E-05,0.00253516436,0.00113849563,4.89247847,-0.0304260254,-0.0296936035,0.0582143441,0.000101161146,-0.000255730673,0.00250703376,-0.00345815718,-0.00249694521,1.02265227,-0.111816406,-0.256561279,0.06333978,0.00481198542,0.07942335,0.00227272557,-0.00317041576,-0.002413062,1.03519475,-0.07897949,-0.246643066,0.0593930222,0.00464898767,0.07291735,-0.5500161,2.1321528,2.73881,3.51421022
493,9.8599965065192734,3060,0,0,0,0,0,-0.000125863386,0,-0.0009469219,-0.000125863386,0,-0.0009469219,1,0,0,1,2.51726669E-06,0,1.893843E-05,0,0,0,-0.000425403763,-0.00147403777,-0.0001950929,-0.150848389,-0.0181884766,0.0457578525,0.00180952111,-0.000435165653,0.0021946514,-6.107309E-05,4.4554472E-05,-0.000654979958,-0.00689697266,-0.0257568359,-0.032043457,-0.00509437127,-0.000170665837,0.00150004786,-5.122342E-05,8.46684E-05,-0.0008276962,0.0114137428,-0.0260314941,-0.0262146,-0.003433158,-4.7688296E-05,0.00130020233,3.784627E-05,0.00254963338,0.00115012529,4.87169933,-0.0362548828,-0.03677368,0.0596609972,9.729621E-05,-0.000254986633,3.779206E-05,0.00253996253,0.00113947492,4.89261055,-0.0304260254,-0.0296936035,0.0584666543,9.976145E-05,-0.000253965816,0.00250682584,-0.00345535576,-0.0024933815,1.02263558,-0.111816406,-0.2565918,0.06330293,0.00480355974,0.07939463,0.00227302848,-0.00316438079,-0.00240473566,1.03513145,-0.07901001,-0.246673584,0.05929116,0.00462838449,0.0728544,-0.5500161,2.1321528,2.73881,3.51421022
494,9.8799964994331066,3068,0,0,0,0,0,-0.000125856284,0,-0.000945516455,-0.000125856284,0,-0.000945516455,1,0,0,1,2.51712481E-06,1.49011612E-08,1.89103212E-05,0,0,0,-0.000425085571,-0.00147548318,-0.000197035813,-0.150848389,-0.0181884766,0.0457579978,0.00179392379,-0.0004333237,0.00219287886,-6.08960981E-05,4.4554472E-05,-0.000655552954,-0.00692749023,-0.0257568359,-0.032043457,-0.005097975,-0.000173306093,0.001500143,-5.11733451E-05,8.46535E-05,-0.000827813346,0.01139207,-0.0260620117,-0.0262146,-0.00343169575,-5.058189E-05,0.00130105624,3.79359662E-05,0.00254906714,0.00115014194,4.871693,-0.0362548828,-0.03677368,0.059663143,9.343124E-05,-0.000254817423,3.8327853E-05,0.00253692269,0.001140902,4.89248371,-0.0304260254,-0.0296936035,0.0583217144,9.673892E-05,-0.000255539,0.002507789,-0.00345657766,-0.00249329116,1.02260709,-0.111816406,-0.2565918,0.06330169,0.00480317837,0.07941224,0.00227425713,-0.00316785276,-0.002407615,1.03510356,-0.07901001,-0.246673584,0.05932817,0.00463495031,0.0729007348,-0.5500161,2.1321528,2.73881,3.51421022
495,9.8999964923469381,3076,0,0,0,0,0,-0.000125888822,0,-0.0009465416,-0.000125888822,0,-0.0009465416,1,0,0,1,2.51777533E-06,1.49011612E-08,1.89308248E-05,0,0,0,-0.000425405073,-0.00147402287,-0.000195082772,-0.150848389,-0.0181884766,0.0457578041,0.001804844,-0.000431156979,0.0021945117,-6.114953E-05,4.453957E-05,-0.0006524474,-0.006958008,-0.0257568359,-0.032043457,-0.005081715,-0.000170617161,0.00150047638,-5.1158022E-05,8.46684E-05,-0.0008283949,0.011371972,-0.0260314941,-0.0262451172,-0.00343624083,-4.81528477E-05,0.00130005775,3.79431076E-05,0.002549246,0.00115369132,4.87166,-0.0362548828,-0.03677368,0.0596613921,9.45630964E-05,-0.0002555719,3.79460071E-05,0.00253723562,0.00113982882,4.89250231,-0.0304260254,-0.0296936035,0.05839688,0.000100839272,-0.000254157261,0.00250780163,-0.00345663726,-0.002494265,1.02259,-0.111816406,-0.2565918,0.0633159056,0.004805136,0.07941972,0.002273445,-0.00316904485,-0.002406477,1.03506982,-0.07901001,-0.246673584,0.05931839,0.00463516265,0.07289148,-0.5500161,2.1321528,2.73881,3.51421022
496,9.9199964852607714,3083,0,0,0,0,0,-0.000125890932,0,-0.0009460876,-0.000125890932,0,-0.0009460876,1,0,0,1,2.51781762E-06,0,1.89217444E-05,0,0,0,-0.000425254635,-0.00147588551,-0.000195202723,-0.150848389,-0.0181884766,0.04575761,0.00180666719,-0.000434307731,0.00219473755,-6.09474118E-05,4.453957E-05,-0.000657717,-0.00698852539,-0.0257568359,-0.032043457,-0.00510837929,-0.000172411455,0.00149985,-5.105232E-05,8.46833E-05,-0.000829661265,0.0113441786,-0.0260314941,-0.0262451172,-0.00344185461,-4.92983381E-05,0.00129995192,3.80224737E-05,0.00254972279,0.00115265779,4.871659,-0.0362548828,-0.03677368,0.05967892,9.452981E-05,-0.000255053048,3.78714467E-05,0.00253818929,0.00113902031,4.89249849,-0.0304260254,-0.0296936035,0.0583986156,9.84842845E-05,-0.0002536507,0.00250840234,-0.00345641375,-0.00249298546,1.02254927,-0.111846924,-0.2565918,0.06330904,0.00480193738,0.07942446,0.002274408,-0.00316759944,-0.002406243,1.03500187,-0.07901001,-0.2467041,0.0593222566,0.004632317,0.0729008,-0.5500161,2.1321528,2.73881,3.51421022
497,9.9399964781746029,3091,0,0,0,0,0,-0.0001258778,0,-0.000946778455,-0.0001258778,0,-0.000946778455,1,0,0,1,2.517555E-06,0,1.89355615E-05,0,0,0,-0.00042524375,-0.00147405267,-0.0001949222,-0.150848389,-0.0181884766,0.0457572863,0.00180389127,-0.000433735258,0.00219437713,-6.08254668E-05,4.450977E-05,-0.000644682441,-0.00698852539,-0.0257568359,-0.032043457,-0.00504420046,-0.000173015418,0.001499808,-5.10880127E-05,8.46385956E-05,-0.0008268092,0.0113028288,-0.0260620117,-0.0262451172,-0.003427398,-5.080148E-05,0.00130057381,3.82278631E-05,0.002545312,0.00115320645,4.871422,-0.0362548828,-0.03677368,0.05948602,9.824239E-05,-0.00025517348,3.83210972E-05,0.002537936,0.0011395202,4.89247227,-0.0304260254,-0.0296936035,0.0583897159,9.833928E-05,-0.000255105668,0.002506697,-0.00346151,-0.00249990076,1.02262282,-0.111816406,-0.256561279,0.06338122,0.00482071331,0.07945021,0.00227498752,-0.00316879153,-0.00240793545,1.03495288,-0.07901001,-0.2467041,0.0593519062,0.00463583274,0.072927244,-0.5500161,2.1321528,2.73881,3.51421022
498,9.9599964710884343,3099,0,0,0,0,0,-0.0001258544,0,-0.000946367,-0.0001258544,0,-0.000946367,1,0,0,1,2.517087E-06,0,1.89273323E-05,0,0,0,-0.000425234379,-0.00147585571,-0.000195208253,-0.150848389,-0.0181884766,0.0457573868,0.0018058701,-0.000434920221,0.002194998,-6.132877E-05,4.4554472E-05,-0.000655051961,-0.007019043,-0.0257568359,-0.032043457,-0.0050956253,-0.00017222215,0.00150204333,-5.106903E-05,8.46684E-05,-0.000829331053,0.0112776523,-0.0260620117,-0.0262451172,-0.00343993469,-5.00484639E-05,0.00130034459,3.68087676E-05,0.00254949927,0.00115717086,4.87153769,-0.0362548828,-0.03677368,0.0597565845,9.440248E-05,-0.000253041246,3.84622072E-05,0.00253811479,0.00113805756,4.89246273,-0.0304260254,-0.0296936035,0.0583957545,9.73156857E-05,-0.0002554246,0.002506864,-0.0034570843,-0.002489782,1.02255464,-0.111816406,-0.2565918,0.06325471,0.004798578,0.07938245,0.002275869,-0.00316926837,-0.0024069408,1.03492284,-0.07904053,-0.2467041,0.0593470819,0.00463346066,0.07294026,-0.5500161,2.1321528,2.73881,3.51421022
499,9.9799964640022676,3107,0,0,0,0,0,-0.00012583581,0,-0.000946385553,-0.00012583581,0,-0.000946385553,1,0,0,1,2.516715E-06,0,1.89277034E-05,0,0,0,-0.0004251344,-0.00147438049,-0.000195064,-0.150848389,-0.0181884766,0.0457576476,0.00180359965,-0.0004347785,0.00219174568,-6.145685E-05,4.450977E-05,-0.000650461938,-0.007019043,-0.0257568359,-0.032043457,-0.005073457,-0.00017416288,0.00150333543,-5.07585E-05,8.46385956E-05,-0.0008264919,0.0112392884,-0.0260620117,-0.0262451172,-0.00342510454,-5.15682E-05,0.0012993284,3.684269E-05,0.00254684687,0.00115640508,4.87141371,-0.0362548828,-0.03677368,0.0595899671,9.32571347E-05,-0.000253707374,3.84316227E-05,0.00253771245,0.00113876874,4.89243126,-0.0304260254,-0.0296936035,0.058387313,9.89089458E-05,-0.0002542675,0.00250721443,-0.00345912576,-0.00249370537,1.02247977,-0.111816406,-0.2566223,0.0633024648,0.004806942,0.0794154,0.00227578217,-0.00317004323,-0.00240823929,1.03488517,-0.07904053,-0.2467041,0.05936371,0.00463646464,0.07294804,-0.5500161,2.1321528,2.73881,3.51421022
500,9.9999964569160991,3114,0,0,0,0,0,-0.000125849008,0,-0.0009456704,-0.000125849008,0,-0.0009456704,1,0,0,1,2.516979E-06,1.49011612E-08,1.89134E-05,0,0,0,-0.0004252226,-0.00147560239,-0.0001971781,-0.1508789,-0.0181884766,0.04575812,0.001810241,-0.000435914932,0.002192682,-6.148169E-05,4.46140766E-05,-0.0006532966,-0.00704956055,-0.0257568359,-0.032043457,-0.005086207,-0.000171806241,0.00150260865,-5.1192812E-05,8.47131E-05,-0.0008249406,0.0112342918,-0.0260620117,-0.0262451172,-0.00341793126,-4.91179344E-05,0.00130072027,3.725646E-05,0.00255148113,0.00115508994,4.871404,-0.0362548828,-0.03677368,0.0596706,9.2279E-05,-0.0002548376,3.86147549E-05,0.00253681839,0.00113893021,4.89231443,-0.0304260254,-0.0296936035,0.0583094247,0.000100404563,-0.000256160652,0.002508903,-0.00345340371,-0.00249395473,1.02245772,-0.111846924,-0.256652832,0.06333427,0.00480097532,0.07943333,0.00227552373,-0.00317108631,-0.00241229264,1.03490412,-0.07901001,-0.2467041,0.05941512,0.00464518275,0.07297158,-0.5500161,2.1321528,2.73881,3.51421022
501,10.019996449829932,3121,0,0,0,0,0,-0.000125878665,0,-0.0009462074,-0.000125878665,0,-0.0009462074,1,0,0,1,2.51757228E-06,0,1.892414E-05,0,0,0,-0.000425183622,-0.00147399306,-0.000195719389,-0.150848389,-0.0182189941,0.0457573347,0.00180274178,-0.000434037327,0.00219406164,-6.09187118E-05,4.452467E-05,-0.0006534976,-0.007080078,-0.0257568359,-0.032043457,-0.005088632,-0.000174297951,0.00150074379,-5.102565E-05,8.46385956E-05,-0.0008247271,0.0112122661,-0.0260620117,-0.0262451172,-0.00341611751,-5.12561455E-05,0.00130074262,3.79691155E-05,0.00254780054,0.0011530749,4.87138939,-0.0362548828,-0.03677368,0.05966626,9.44385247E-05,-0.000254909683,3.791473E-05,0.00253817439,0.00113776408,4.89230537,-0.0304260254,-0.0296936035,0.05837977,9.90898261E-05,-0.0002537542,0.00250909664,-0.003460437,-0.00249423459,1.02236176,-0.111846924,-0.256652832,0.06332976,0.00480684,0.07945914,0.00227511348,-0.00316926837,-0.002408628,1.03489733,-0.07901001,-0.2467041,0.0593725778,0.00463758456,0.07294126,-0.5500161,2.1321528,2.73881,3.51421022
502,10.039996442743764,3130,0,0,0,0,0,-0.00012583092,0,-0.0009462132,-0.00012583092,0,-0.0009462132,1,0,0,1,2.51661731E-06,1.49011612E-08,1.89242564E-05,0,0,0,-0.000425235776,-0.00147588551,-0.000195214554,-0.150848389,-0.0182189941,0.04575743,0.00180369068,-0.00043341823,0.00219484628,-6.104574E-05,4.4554472E-05,-0.0006540905,-0.0071105957,-0.0257568359,-0.032043457,-0.005091071,-0.0001729473,0.00150095986,-5.13915875E-05,8.46684E-05,-0.0008253085,0.0111807911,-0.0260620117,-0.0262451172,-0.00341949263,-5.01142022E-05,0.00130216253,3.80847268E-05,0.002548799,0.00115161075,4.87136745,-0.0362548828,-0.03677368,0.05966441,9.47416047E-05,-0.000255633058,3.7974045E-05,0.00253757834,0.00114024524,4.892275,-0.0304260254,-0.0296936035,0.058388263,9.80762561E-05,-0.0002551237,0.00251015578,-0.00345975161,-0.00249412237,1.02233756,-0.111846924,-0.256652832,0.06334499,0.00480503961,0.07947955,0.00227586762,-0.00317031145,-0.00240787817,1.03486383,-0.07904053,-0.2467041,0.05936169,0.004636161,0.07295121,-0.5500161,2.1321528,2.73881,3.51421022
503,10.059996435657595,3138,0,0,0,0,0,-0.000125855833,0,-0.0009462903,-0.000125855833,0,-0.0009462903,1,0,0,1,2.51711572E-06,0,1.89257989E-05,0,0,0,-0.000425417151,-0.00147403777,-0.0001950583,-0.150848389,-0.0181884766,0.04575777,0.00180671155,-0.000433069858,0.00219466235,-6.136837E-05,4.453957E-05,-0.0006505552,-0.00714111328,-0.0257568359,-0.032043457,-0.00507228961,-0.000170154628,0.00150161528,-5.13313753E-05,8.47131E-05,-0.000827353331,0.0111616552,-0.0260620117,-0.0262451172,-0.003430759,-4.7767935E-05,0.00130104669,3.812153E-05,0.00254911184,0.001151878,4.87133646,-0.0362548828,-0.03677368,0.0596526638,9.652828E-05,-0.0002566561,3.804295E-05,0.00253877044,0.00114088715,4.89226246,-0.0304260254,-0.0296936035,0.0583984554,9.961228E-05,-0.000254903833,0.00251009315,-0.003459394,-0.002496208,1.02232027,-0.111846924,-0.256652832,0.06337301,0.004808693,0.07948981,0.0022761838,-0.00316900015,-0.00240911962,1.03481781,-0.07904053,-0.2467041,0.0593844652,0.00463704532,0.07296099,-0.5500161,2.1321528,2.73881,3.51421022
504,10.079996428571429,3146,0,0,0,0,0,-0.0001258973,0,-0.0009458287,-0.0001258973,0,-0.0009458287,1,0,0,1,2.51794518E-06,0,1.89165658E-05,0,0,0,-0.000425040751,-0.00147548318,-0.0001950887,-0.150848389,-0.0182189941,0.04575771,0.00180039357,-0.000432147179,0.00219325372,-6.089715E-05,4.4554472E-05,-0.000653613242,-0.007171631,-0.0257568359,-0.032043457,-0.00508869253,-0.000173047811,0.00150026148,-5.09192359E-05,8.46684E-05,-0.0008285957,0.0111350315,-0.0260620117,-0.0262451172,-0.00343551626,-5.0534607E-05,0.00130002073,3.78871919E-05,0.00254915655,0.0011546833,4.87129927,-0.0362548828,-0.03677368,0.0596714467,9.495425E-05,-0.000254505168,3.82837752E-05,0.00253751874,0.00113996223,4.89223051,-0.0304260254,-0.0296936035,0.0583997779,9.768629E-05,-0.000254323444,0.00251026079,-0.003459826,-0.00249513937,1.02230883,-0.111846924,-0.256652832,0.0633639842,0.00480703637,0.07949077,0.002276898,-0.00317175686,-0.00240856758,1.034764,-0.07904053,-0.2467041,0.0593822077,0.00463756174,0.07298138,-0.5500161,2.1321528,2.73881,3.51421022
505,10.09999642148526,3154,0,0,0,0,0,-0.000125920167,0,-0.0009458617,-0.000125920167,0,-0.0009458617,1,0,0,1,2.51840243E-06,1.49011612E-08,1.8917226E-05,0,0,0,-0.000425378734,-0.00147438049,-0.0001951011,-0.150848389,-0.0181884766,0.04575804,0.00180930039,-0.000434145884,0.0021919643,-6.111686E-05,4.4554472E-05,-0.000657041266,-0.00720214844,-0.0257568359,-0.032043457,-0.00510421768,-0.000170057945,0.00150013063,-5.11352846E-05,8.47131E-05,-0.00082840916,0.0111112967,-0.0260620117,-0.0262451172,-0.00343604549,-4.74784465E-05,0.00129989814,3.82140643E-05,0.002551332,0.00115332683,4.871369,-0.0362548828,-0.03677368,0.0597543865,9.474844E-05,-0.000255888357,3.836923E-05,0.002538547,0.00113780913,4.892203,-0.0304260254,-0.0296936035,0.0583941266,9.990577E-05,-0.00025510136,0.00251161912,-0.00345732272,-0.002492514,1.02222455,-0.111877441,-0.25668335,0.06334052,0.00479850126,0.07948998,0.00227737078,-0.00317046046,-0.00240850053,1.034747,-0.0790710449,-0.246734619,0.0593927577,0.004635871,0.0729880854,-0.5500161,2.1321528,2.73881,3.51421022
506,10.119996414399093,3161,0,0,0,0,0,-0.000125904582,0,-0.000945132,-0.000125904582,0,-0.000945132,1,0,0,1,2.5180907E-06,0,1.89026323E-05,0,0,0,-0.000425083068,-0.00147587061,-0.0001971251,-0.150848389,-0.0182189941,0.04575709,0.00179477665,-0.0004335195,0.002194952,-6.09374147E-05,4.452467E-05,-0.0006510206,-0.007232666,-0.0257568359,-0.032043457,-0.00507567776,-0.000174321525,0.00150079583,-5.09319034E-05,8.46535E-05,-0.0008218259,0.0110965827,-0.0260620117,-0.0262451172,-0.00340111181,-5.153876E-05,0.0013002638,3.874603E-05,0.002546817,0.001150827,4.871212,-0.0362548828,-0.03677368,0.0595786124,9.236349E-05,-0.000257148145,3.85535E-05,0.002536118,0.00113908609,4.892055,-0.0304260254,-0.0296936035,0.0582998767,0.000100417928,-0.000255085353,0.00251194,-0.003463909,-0.00249836058,1.02222037,-0.111877441,-0.256652832,0.0634099,0.004814289,0.07955032,0.002276734,-0.00317360461,-0.00241246214,1.03479838,-0.07904053,-0.2467041,0.0594355538,0.004646366,0.0730085745,-0.5500161,2.1321528,2.73881,3.51421022
507,10.139996407312925,3169,0,0,0,0,0,-0.0001259078,0,-0.0009456497,-0.0001259078,0,-0.0009456497,1,0,0,1,2.518155E-06,1.49011612E-08,1.8912986E-05,0,0,0,-0.000425325357,-0.00147403777,-0.000195394343,-0.150848389,-0.0181884766,0.04575723,0.00181135675,-0.000434898015,0.00219439855,-6.106705E-05,4.452467E-05,-0.0006560598,-0.007232666,-0.0257568359,-0.032043457,-0.00509964954,-0.000171170977,0.00150023121,-5.119678E-05,8.46833E-05,-0.00082675973,0.011083249,-0.0260620117,-0.0262451172,-0.00342731131,-4.80881135E-05,0.0013005205,3.7820977E-05,0.00254826248,0.00115169236,4.87118864,-0.0362548828,-0.03677368,0.05967361,9.86999949E-05,-0.000254606683,3.77811266E-05,0.0025382936,0.00114079355,4.89203644,-0.0304260254,-0.0296936035,0.0583971776,0.000100792349,-0.000253659644,0.002510501,-0.00346261263,-0.002495128,1.02221751,-0.111846924,-0.256652832,0.06337381,0.004809222,0.07950999,0.00227626972,-0.003170237,-0.00240793522,1.03479517,-0.07904053,-0.2467041,0.05937868,0.00463596173,0.07296528,-0.5500161,2.1321528,2.73881,3.51421022
508,10.159996400226756,3177,0,0,0,0,0,-0.000125886261,0,-0.0009458439,-0.000125886261,0,-0.0009458439,1,0,0,1,2.51772417E-06,0,1.891687E-05,0,0,0,-0.000425152626,-0.00147585571,-0.000195210319,-0.150848389,-0.0182189941,0.0457569771,0.00179965538,-0.000433406938,0.00219485443,-6.135082E-05,4.4554472E-05,-0.000653916039,-0.00726318359,-0.0257568359,-0.032043457,-0.00509013655,-0.000173147055,0.00150254637,-5.10917525E-05,8.46982E-05,-0.0008240376,0.0110590225,-0.0260620117,-0.0262451172,-0.00341282575,-5.0488532E-05,0.0013007978,3.745244E-05,0.00254915655,0.0011536493,4.87113,-0.0362548828,-0.03677368,0.0596707873,9.252133E-05,-0.000254830753,3.77604119E-05,0.00253772736,0.00114109949,4.892005,-0.0304260254,-0.0296936035,0.05838821,9.793559E-05,-0.000253359118,0.00251143239,-0.00346063077,-0.00249582063,1.02219284,-0.111877441,-0.25668335,0.0633818358,0.00480775954,0.07951972,0.00227682618,-0.0031709373,-0.002407783,1.03477049,-0.07904053,-0.2467041,0.0593764819,0.00463561434,0.0729752555,-0.5500161,2.1321528,2.73881,3.51421022
509,10.179996393140589,3185,0,0,0,0,0,-0.000125852108,0,-0.000945052947,-0.000125852108,0,-0.000945052947,1,0,0,1,2.51704114E-06,1.49011612E-08,1.89010516E-05,0,0,0,-0.000425324659,-0.0014744401,-0.000196995417,-0.1508789,-0.0182189941,0.04575784,0.001807738,-0.000433283,0.00219206954,-6.142568E-05,4.4554472E-05,-0.000652618357,-0.007293701,-0.0257568359,-0.032043457,-0.00508227851,-0.000171106149,0.00150209549,-5.155305E-05,8.46982E-05,-0.0008269808,0.0110410647,-0.0260620117,-0.0262451172,-0.003427999,-4.849223E-05,0.00130238035,3.746635E-05,0.00254933536,0.00115278794,4.87109327,-0.0362548828,-0.03677368,0.05966488,9.628064E-05,-0.000254839018,3.794136E-05,0.00253812969,0.00114164257,4.89197254,-0.0304260254,-0.0296936035,0.0584004223,9.821915E-05,-0.000255410647,0.00251109339,-0.003460437,-0.00249535823,1.02217817,-0.111877441,-0.25668335,0.06338381,0.00480727758,0.079515554,0.00227732072,-0.00317063928,-0.00240846816,1.03468585,-0.0790710449,-0.246734619,0.0593864881,0.00463598361,0.07298517,-0.5500161,2.1321528,2.73881,3.51421022
510,10.199996386054421,3193,0,0,0,0,0,-0.000125870429,0,-0.000945737,-0.000125870429,0,-0.000945737,1,0,0,1,2.51740767E-06,1.49011612E-08,1.89147322E-05,0,0,0,-0.000425059552,-0.00147549808,-0.0001957317,-0.150848389,-0.0182189941,0.0457576737,0.00180238637,-0.0004330557,0.0021925047,-6.133738E-05,4.453957E-05,-0.000651881448,-0.007293701,-0.0257568359,-0.032043457,-0.00508029852,-0.000173847307,0.00150275463,-5.11413928E-05,8.46684E-05,-0.00082392426,0.0110171838,-0.0260620117,-0.0262451172,-0.003411873,-5.13370651E-05,0.00130131782,3.77133874E-05,0.00254929066,0.00115301134,4.87106037,-0.0362548828,-0.03677368,0.05966355,9.393232E-05,-0.000255443156,3.815911E-05,0.00253745914,0.00113943964,4.8919363,-0.0304260254,-0.0296936035,0.0583837964,9.831353E-05,-0.00025471655,0.00251158047,-0.00346086919,-0.00249685952,1.02215981,-0.111877441,-0.25668335,0.0634031,0.004809766,0.07953226,0.00227798941,-0.003172651,-0.00241005025,1.03463888,-0.0790710449,-0.246734619,0.0594170243,0.00463983975,0.0730159655,-0.5500161,2.1321528,2.73881,3.51421022
511,10.219996378968254,3201,0,0,0,0,0,-0.0001259131,0,-0.0009456504,-0.0001259131,0,-0.0009456504,1,0,0,1,2.51826077E-06,1.49011612E-08,1.8913E-05,0,0,0,-0.000425444858,-0.00147402287,-0.000195436034,-0.150848389,-0.0182189941,0.04575769,0.00181126455,-0.0004340226,0.002194362,-6.141257E-05,4.452467E-05,-0.0006528014,-0.00732421875,-0.0257568359,-0.032043457,-0.00508307433,-0.000170103114,0.00150171726,-5.11911676E-05,8.46236944E-05,-0.0008270619,0.0109952316,-0.0260620117,-0.0262451172,-0.00342906476,-4.760931E-05,0.00130029139,3.78362674E-05,0.00254899263,0.00115486875,4.871004,-0.0362548828,-0.03677368,0.0596710853,9.68763052E-05,-0.000255736784,3.7879443E-05,0.00253586471,0.00114208553,4.891895,-0.0304260254,-0.0296936035,0.0584023222,0.0001013622,-0.000253820122,0.00251162169,-0.00346162915,-0.002496361,1.02211928,-0.111877441,-0.25668335,0.06339835,0.00480944756,0.07953371,0.00227772258,-0.003176272,-0.0024078982,1.03460288,-0.0790710449,-0.246734619,0.0593898632,0.00463946769,0.07301588,-0.5500161,2.1321528,2.73881,3.51421022
512,10.239996371882086,3208,0,0,0,0,0,-0.000125891616,0,-0.0009453073,-0.000125891616,0,-0.0009453073,1,0,0,1,2.51783126E-06,1.49011612E-08,1.890614E-05,0,0,0,-0.000425166159,-0.00147585571,-0.000195321831,-0.150848389,-0.0182189941,0.0457572453,0.00180259475,-0.000434125919,0.002195262,-6.13471348E-05,4.45842743E-05,-0.0006556778,-0.00735473633,-0.0257568359,-0.032043457,-0.005098513,-0.000172615662,0.0015022516,-5.115429E-05,8.4728E-05,-0.0008332764,0.0109417485,-0.0260620117,-0.0262451172,-0.003458836,-4.99997223E-05,0.00130104169,3.77174947E-05,0.002550751,0.00115255814,4.87106466,-0.0362243652,-0.03677368,0.0597500354,9.209682E-05,-0.000255478226,3.7661448E-05,0.00254115462,0.00114221009,4.89207,-0.0304260254,-0.0296936035,0.0585730821,9.589883E-05,-0.000253286358,0.0025133267,-0.00346010923,-0.00249310164,1.02204406,-0.111907959,-0.256713867,0.063371025,0.0048003397,0.07954136,0.00227967277,-0.00316981971,-0.0024043778,1.0344733,-0.0790710449,-0.246765137,0.0593657754,0.00462541636,0.07300891,-0.5500161,2.1321528,2.73881,3.51421022
513,10.259996364795917,3216,0,0,0,0,0,-0.000125893755,0,-0.0009447635,-0.000125893755,0,-0.0009447635,1,0,0,1,2.51787424E-06,1.49011612E-08,1.88952617E-05,0,0,0,-0.000425133243,-0.00147403777,-0.000196963651,-0.1508789,-0.0182189941,0.04575679,0.00180321222,-0.000434296264,0.00219482044,-6.11224E-05,4.453957E-05,-0.000656516233,-0.00741577148,-0.0257568359,-0.032043457,-0.00510281045,-0.000173812325,0.00150151085,-5.10312129E-05,8.46684E-05,-0.000825028867,0.0109021738,-0.0260620117,-0.0262451172,-0.003417022,-5.13151062E-05,0.00130068313,3.83141E-05,0.00255046785,0.001154389,4.871094,-0.0362548828,-0.03677368,0.059757635,9.218822E-05,-0.000256393454,3.88592562E-05,0.002537042,0.00114019355,4.89199352,-0.0304260254,-0.0296936035,0.05839015,9.518645E-05,-0.0002562867,0.00251438888,-0.00346224,-0.00249513146,1.02195179,-0.111907959,-0.256744385,0.0634078458,0.004804624,0.07958086,0.00228077313,-0.00317615271,-0.00241159671,1.03440452,-0.07910156,-0.246765137,0.05945881,0.00464260252,0.0730894655,-0.5500161,2.1321528,2.73881,3.51421022
514,10.27999635770975,3223,0,0,0,0,0,-0.000125911072,0,-0.0009451886,-0.000125911072,0,-0.0009451886,1,0,0,1,2.51822053E-06,1.49011612E-08,1.89037655E-05,0,0,0,-0.000425040169,-0.00147585571,-0.000195633766,-0.150848389,-0.0182189941,0.04575665,0.001802003,-0.000433409063,0.00219460158,-6.06594E-05,4.452467E-05,-0.000652092742,-0.00741577148,-0.0257568359,-0.032043457,-0.005081562,-0.000174984612,0.0014997049,-5.09430974E-05,8.47131E-05,-0.0008238646,0.010877707,-0.0260620117,-0.0262451172,-0.003410853,-5.21222355E-05,0.00130071235,3.87040054E-05,0.00254687667,0.00115138676,4.870938,-0.0362548828,-0.03677368,0.0595874526,9.40667E-05,-0.000255878549,3.881827E-05,0.00253967941,0.00113735558,4.89193249,-0.0304260254,-0.0296936035,0.0583792254,9.946641E-05,-0.000255859,0.00251400075,-0.00346714258,-0.00250071869,1.0219872,-0.111907959,-0.256713867,0.06347653,0.00481947744,0.07962451,0.002280428,-0.00317548215,-0.0024121264,1.03441048,-0.07910156,-0.246765137,0.0594814047,0.00464359066,0.07309221,-0.5500161,2.1321528,2.73881,3.51421022
515,10.299996350623582,3231,0,0,0,0,0,-0.000125884253,0,-0.0009453248,-0.000125884253,0,-0.0009453248,1,0,0,1,2.51768415E-06,1.49011612E-08,1.89064885E-05,0,0,0,-0.000425225,-0.00147438049,-0.000195278844,-0.150848389,-0.0182189941,0.0457574427,0.00180725334,-0.000434031768,0.00219200156,-6.128222E-05,4.452467E-05,-0.0006510861,-0.00741577148,-0.0257568359,-0.032043457,-0.00507548638,-0.00017162376,0.00150186208,-5.120563E-05,8.47429037E-05,-0.000827072246,0.0108575625,-0.0260620117,-0.0262451172,-0.00342791341,-4.92791733E-05,0.00130121852,3.77480319E-05,0.002548486,0.00115089014,4.870895,-0.0362548828,-0.03677368,0.0596566126,9.916272E-05,-0.000255089952,3.85548046E-05,0.00254017115,0.00113741506,4.891871,-0.0304260254,-0.0296936035,0.05839119,9.92191563E-05,-0.00025586586,0.00251263985,-0.0034647733,-0.00249833614,1.02201307,-0.111877441,-0.25668335,0.0634450838,0.00481479429,0.07958215,0.00228060549,-0.003174618,-0.00241244049,1.03440273,-0.07910156,-0.246734619,0.0594831519,0.00464321766,0.0730923638,-0.5500161,2.1321528,2.73881,3.51421022
516,10.319996343537415,3239,0,0,0,0,0,-0.00012593696,0,-0.0009443924,-0.00012593696,0,-0.0009443924,1,0,0,1,2.51873826E-06,1.49011612E-08,1.888784E-05,0,0,0,-0.000425172067,-0.00147558749,-0.000197139,-0.1508789,-0.0182189941,0.045757696,0.00180441525,-0.000433396053,0.002192699,-6.13128941E-05,4.4554472E-05,-0.0006588899,-0.00747680664,-0.0257568359,-0.032043457,-0.00511410739,-0.000171809355,0.00150207756,-5.08788835E-05,8.47429037E-05,-0.0008268516,0.0108381,-0.0260620117,-0.0262451172,-0.00342627848,-4.939623E-05,0.00129967357,3.717316E-05,0.0025523752,0.0011543805,4.871033,-0.0362548828,-0.03677368,0.0598410219,9.206122E-05,-0.000253645383,3.84341329E-05,0.00253970921,0.00113744743,4.891812,-0.0304260254,-0.0296936035,0.0583908632,0.000100253288,-0.00025426,0.002514237,-0.00345981121,-0.0024913305,1.02191,-0.111907959,-0.256744385,0.06336786,0.00479618227,0.07955435,0.0022802325,-0.00317528844,-0.00241258042,1.03442132,-0.07910156,-0.246734619,0.0594847,0.004644577,0.07309081,-0.5500161,2.1321528,2.73881,3.51421022
517,10.339996336451247,3247,0,0,0,0,0,-0.000125929961,0,-0.000945267966,-0.000125929961,0,-0.000945267966,1,0,0,1,2.51859819E-06,1.49011612E-08,1.89053517E-05,0,0,0,-0.0004252672,-0.00147396326,-0.000195826709,-0.150848389,-0.0182189941,0.0457571857,0.00180572271,-0.000432819565,0.002194192,-6.130363E-05,4.452467E-05,-0.0006499289,-0.007507324,-0.0257568359,-0.032043457,-0.005069667,-0.0001723109,0.00150207453,-5.11290746E-05,8.47429037E-05,-0.000823366165,0.0108117424,-0.0260620117,-0.0262451172,-0.00340938568,-4.94784435E-05,0.00130084157,3.823086E-05,0.00254754722,0.001153124,4.87083626,-0.0362548828,-0.03677368,0.0595842451,9.344446E-05,-0.0002566108,3.8238406E-05,0.002539903,0.00113845081,4.89174271,-0.0304260254,-0.0296936035,0.05838139,0.000100346275,-0.000254582061,0.0025149365,-0.00346584618,-0.00250053,1.02189636,-0.111907959,-0.256713867,0.0634804443,0.00481699,0.07963497,0.00227995822,-0.003174618,-0.002412693,1.03443646,-0.07910156,-0.246734619,0.0594844259,0.00464451872,0.07308405,-0.5500161,2.1321528,2.73881,3.51421022
518,10.359996329365078,3255,0,0,0,0,0,-0.000125932362,0,-0.0009451516,-0.000125932362,0,-0.0009451516,1,0,0,1,2.51864617E-06,0,1.89030252E-05,0,0,0,-0.0004252832,-0.00147588551,-0.000195461485,-0.150848389,-0.0182189941,0.0457572639,0.00180721271,-0.0004334472,0.00219491846,-6.10672942E-05,4.453957E-05,-0.000654412957,-0.007537842,-0.0257568359,-0.032043457,-0.00509151071,-0.000170926709,0.0015004297,-5.15192623E-05,8.46833E-05,-0.0008254383,0.0107965209,-0.0260620117,-0.0262451172,-0.00342013873,-4.828843E-05,0.00130241248,3.80641432E-05,0.0025499016,0.00115403312,4.87087154,-0.0362548828,-0.03677368,0.05975145,9.725474E-05,-0.000255025225,3.771231E-05,0.002538234,0.00114212558,4.89168358,-0.0304260254,-0.0296936035,0.05839941,0.00010175084,-0.000254365033,0.00251474418,-0.0034647584,-0.00249525625,1.02187169,-0.111907959,-0.256744385,0.06342721,0.00480688456,0.07960587,0.00227934844,-0.0031773,-0.00241079,1.03442228,-0.07910156,-0.246734619,0.05945072,0.00464398973,0.07307101,-0.5500161,2.1321528,2.73881,3.51421022
519,10.379996322278911,3262,0,0,0,0,0,-0.000125926279,0,-0.0009449428,-0.000125926279,0,-0.0009449428,1,0,0,1,2.51852452E-06,1.49011612E-08,1.88988488E-05,0,0,0,-0.00042523857,-0.00147438049,-0.000195119326,-0.150848389,-0.0182189941,0.0457577,0.00180390559,-0.000432539935,0.002192023,-6.13442E-05,4.453957E-05,-0.000655068958,-0.00756835938,-0.0257568359,-0.032043457,-0.00509479363,-0.000171311956,0.00150185346,-5.1353225E-05,8.47131E-05,-0.0008285548,0.0107670883,-0.0260620117,-0.0262451172,-0.00343548553,-4.86343743E-05,0.00130169734,3.80325837E-05,0.00255040824,0.00115402311,4.870893,-0.0362243652,-0.03677368,0.0597539321,9.419507E-05,-0.000256027823,3.728861E-05,0.00254108012,0.00114168355,4.891734,-0.0304260254,-0.0296936035,0.0584835373,9.7421E-05,-0.000252685859,0.002515803,-0.00346396863,-0.00249608536,1.02176654,-0.111938477,-0.2567749,0.06343979,0.004806442,0.07962322,0.00228039781,-0.00317330658,-0.00240818877,1.03433514,-0.07910156,-0.246765137,0.05942877,0.00463481,0.07306242,-0.5500161,2.1321528,2.73881,3.51421022
520,10.399996315192743,3270,0,0,0,0,0,-0.000125946652,0,-0.000945014763,-0.000125946652,0,-0.000945014763,1,0,0,1,2.518932E-06,0,1.89002876E-05,0,0,0,-0.0004250842,-0.00147552788,-0.000195246015,-0.150848389,-0.0182189941,0.0457576141,0.00180377415,-0.000433395267,0.002192589,-6.10321877E-05,4.4554472E-05,-0.0006548442,-0.007598877,-0.0257568359,-0.032043457,-0.005094367,-0.000172994609,0.00150087976,-5.13454142E-05,8.46982E-05,-0.00082609884,0.0107221035,-0.0260620117,-0.0262451172,-0.003422679,-5.04331947E-05,0.00130212307,3.83004226E-05,0.00254994631,0.001153087,4.870912,-0.0362243652,-0.03677368,0.0597513542,9.273488E-05,-0.00025575608,3.803279E-05,0.00254027545,0.0011418513,4.891759,-0.0304260254,-0.0296936035,0.0584749579,9.822047E-05,-0.000254764367,0.00251702918,-0.003466338,-0.00249684323,1.02171338,-0.111938477,-0.2567749,0.06346397,0.004808647,0.0796622038,0.00228167884,-0.00317592919,-0.002409183,1.03425431,-0.07910156,-0.246765137,0.0594527721,0.00463727675,0.07310073,-0.5500161,2.1321528,2.73881,3.51421022
521,10.419996308106576,3278,0,0,0,0,0,-0.0001259612,0,-0.0009443702,-0.0001259612,0,-0.0009443702,1,0,0,1,2.519223E-06,1.49011612E-08,1.88873964E-05,0,0,0,-0.000425335224,-0.00147403777,-0.000197191534,-0.1508789,-0.0182189941,0.0457572639,0.00180770911,-0.0004340463,0.00219425629,-6.110793E-05,4.453957E-05,-0.000648019544,-0.007598877,-0.0257568359,-0.0320739746,-0.00505942246,-0.000171717926,0.00150080991,-5.11126273E-05,8.47131E-05,-0.0008226571,0.010720511,-0.0260620117,-0.0262451172,-0.003405575,-4.9336355E-05,0.00130061631,3.85054482E-05,0.00254745781,0.00115059642,4.870718,-0.0362243652,-0.03677368,0.05957279,9.699415E-05,-0.0002564535,3.88217741E-05,0.00253872573,0.001140365,4.89157438,-0.0304260254,-0.0296936035,0.0583114922,9.894786E-05,-0.000256143423,0.0025160776,-0.00346885622,-0.00250368379,1.021738,-0.111938477,-0.256744385,0.063547045,0.004824356,0.07969405,0.00228181947,-0.003177315,-0.0024155518,1.03428411,-0.07910156,-0.246765137,0.0595379621,0.00465004565,0.07314591,-0.5500161,2.1321528,2.73881,3.51421022
522,10.439996301020408,3285,0,0,0,0,0,-0.0001259146,0,-0.00094469433,-0.0001259146,0,-0.00094469433,1,0,0,1,2.51829078E-06,0,1.889388E-05,0,0,0,-0.000424975442,-0.001475811,-0.0001956679,-0.150848389,-0.0182189941,0.04575681,0.001798515,-0.0004333793,0.00219439343,-6.10635543E-05,4.45693731E-05,-0.000652814459,-0.007598877,-0.0257568359,-0.0320739746,-0.005085837,-0.000176061,0.00150232413,-5.0681283E-05,8.47131E-05,-0.0008281985,0.0106730033,-0.0260620117,-0.0262451172,-0.003431419,-5.34325227E-05,0.00130012329,3.78943878E-05,0.00254996121,0.00114990782,4.870665,-0.0362548828,-0.03677368,0.0596633032,9.453246E-05,-0.000254878425,3.80420424E-05,0.00254149735,0.00114024989,4.89172029,-0.0304260254,-0.0296936035,0.0585530363,9.644365E-05,-0.0002527821,0.00251558982,-0.003465265,-0.00250051264,1.0218091,-0.111907959,-0.256713867,0.06351293,0.00481632352,0.0796594843,0.00228221947,-0.00317589939,-0.00240635267,1.03422368,-0.07913208,-0.246795654,0.0594298728,0.004631657,0.0730996951,-0.5500161,2.1321528,2.73881,3.51421022
523,10.459996293934241,3293,0,0,0,0,0,-0.000125877137,0,-0.0009450217,-0.000125877137,0,-0.0009450217,1,0,0,1,2.51754182E-06,0,1.89004259E-05,0,0,0,-0.000425343373,-0.00147405267,-0.000195139364,-0.150848389,-0.0182189941,0.04575725,0.001808547,-0.000433405454,0.00219445373,-6.168258E-05,4.45842743E-05,-0.000654714531,-0.007659912,-0.0257568359,-0.0320739746,-0.005093413,-0.000171173655,0.0015038253,-5.13679552E-05,8.4728E-05,-0.000826659845,0.0106230536,-0.0260620117,-0.0262451172,-0.003425751,-4.923949E-05,0.0013019914,3.77963443E-05,0.002552241,0.00115174765,4.870778,-0.0362243652,-0.03677368,0.05982167,9.375273E-05,-0.000256456638,3.8710863E-05,0.00254055858,0.00114059006,4.89172029,-0.0304260254,-0.0296936035,0.058474306,9.709533E-05,-0.0002567327,0.00251665013,-0.00346246362,-0.00249472,1.02172017,-0.111938477,-0.2567749,0.06343926,0.00480198674,0.07963108,0.00228378456,-0.00317659974,-0.00240945234,1.03411245,-0.07913208,-0.246795654,0.0594711825,0.004635818,0.07314128,-0.5500161,2.1321528,2.73881,3.51421022
524,10.479996286848072,3302,0,0,0,0,0,-0.00012596829,0,-0.0009446739,-0.00012596829,0,-0.0009446739,1,0,0,1,2.519365E-06,1.49011612E-08,1.889347E-05,0,0,0,-0.0004252761,-0.00147587061,-0.000195547822,-0.150848389,-0.0182189941,0.0457571335,0.001807558,-0.000433618668,0.00219480833,-6.124055E-05,4.44799662E-05,-0.0006519723,-0.00772094727,-0.0257568359,-0.0320739746,-0.005079255,-0.000170949541,0.00150135858,-5.10021273E-05,8.46385956E-05,-0.000825779454,0.0106008677,-0.0260620117,-0.0262451172,-0.00342140254,-4.8687707E-05,0.001300018,3.78148943E-05,0.00254642963,0.00115578109,4.87065554,-0.0362243652,-0.03677368,0.0596748739,9.568018E-05,-0.0002548711,3.894006E-05,0.00253939629,0.00114035991,4.891621,-0.0304260254,-0.0296936035,0.0583977066,9.99264448E-05,-0.0002559997,0.00251666573,-0.003471613,-0.00249754125,1.02166092,-0.111938477,-0.2567749,0.06346659,0.004814724,0.07967851,0.00228369981,-0.00317950547,-0.00241408171,1.034096,-0.07913208,-0.246795654,0.05954058,0.004647131,0.07318325,-0.5500161,2.1321528,2.73881,3.51421022
525,10.499996279761904,3310,0,0,0,0,0,-0.000125938561,0,-0.000944782,-0.000125938561,0,-0.000944782,1,0,0,1,2.51877E-06,1.49011612E-08,1.88956328E-05,0,0,0,-0.000425100967,-0.00147439539,-0.000195162618,-0.150848389,-0.0182189941,0.04575723,0.00180440384,-0.000434107671,0.00219170959,-6.138402E-05,4.45842743E-05,-0.000652768766,-0.00772094727,-0.0257568359,-0.0320739746,-0.00508432137,-0.00017313326,0.00150290772,-5.09175152E-05,8.4772706E-05,-0.0008250073,0.0105665391,-0.0260620117,-0.0262451172,-0.003416685,-5.084099E-05,0.00130033877,3.77177457E-05,0.00255176425,0.00115466956,4.870675,-0.0362243652,-0.03677368,0.0597506128,9.401241E-05,-0.000255265331,3.88088847E-05,0.0025421232,0.00113693357,4.891639,-0.0304260254,-0.0296936035,0.05846026,9.7277305E-05,-0.0002554897,0.00251740031,-0.00346395373,-0.00249792729,1.02163827,-0.111938477,-0.2567749,0.0634978861,0.004808572,0.079675,0.00228421064,-0.00317586958,-0.00241330545,1.03409123,-0.0791626,-0.246795654,0.0595439449,0.004642233,0.073179096,-0.5500161,2.1321528,2.73881,3.51421022
526,10.519996272675737,3317,0,0,0,0,0,-0.0001259565,0,-0.0009448046,-0.0001259565,0,-0.0009448046,1,0,0,1,2.519129E-06,0,1.88960839E-05,0,0,0,-0.000425174338,-0.00147549808,-0.000195543515,-0.150848389,-0.0182189941,0.0457574651,0.00180662086,-0.00043458672,0.00219264417,-6.13432E-05,4.4554472E-05,-0.000653804047,-0.00778198242,-0.0257873535,-0.0320739746,-0.00508895051,-0.000172243439,0.001502319,-5.09159145E-05,8.46982E-05,-0.0008186567,0.01056171,-0.0260620117,-0.0262451172,-0.00338548375,-4.97336623E-05,0.0012998915,3.832729E-05,0.00255063176,0.00115180644,4.87068,-0.0362243652,-0.03677368,0.05974649,9.301543E-05,-0.000256762636,3.889473E-05,0.002537474,0.00113817467,4.89143229,-0.0304260254,-0.0297241211,0.0582933426,0.000103363462,-0.000255413761,0.002518725,-0.00346653163,-0.00249772472,1.02156425,-0.111968994,-0.25680542,0.06349755,0.004808624,0.07970292,0.00228269817,-0.003181681,-0.00241747126,1.0341779,-0.07913208,-0.246734619,0.0595828034,0.004656365,0.0731955543,-0.5500161,2.1321528,2.73881,3.51421022
527,10.539996265589568,3324,0,0,0,0,0,-0.000125957464,0,-0.00094390125,-0.000125957464,0,-0.00094390125,1,0,0,1,2.51914821E-06,0,1.88780177E-05,0,0,0,-0.000425235252,-0.00147399306,-0.000197038622,-0.150848389,-0.0182189941,0.0457570255,0.00179949449,-0.0004325342,0.00219419715,-6.110291E-05,4.4554472E-05,-0.0006538412,-0.0078125,-0.0257873535,-0.0320739746,-0.005088943,-0.000172700762,0.00150129863,-5.13102277E-05,8.46982E-05,-0.000826684758,0.0105187111,-0.0260620117,-0.0262451172,-0.00342491036,-4.975464E-05,0.001302079,3.858024E-05,0.00255046785,0.0011522061,4.87067556,-0.0362243652,-0.03677368,0.0597479232,9.40903337E-05,-0.000256649015,3.724268E-05,0.002540782,0.00114058517,4.89156,-0.0304260254,-0.0296936035,0.05855074,9.91065463E-05,-0.000252309022,0.0025192555,-0.00346826017,-0.00249858131,1.021557,-0.111968994,-0.2567749,0.06352131,0.004811238,0.07972885,0.00228265859,-0.00317806,-0.00240788376,1.03406727,-0.07913208,-0.246795654,0.0594562627,0.004635923,0.073127,-0.5500161,2.1321528,2.73881,3.51421022
528,10.559996258503402,3331,0,0,0,0,0,-0.000125924314,0,-0.0009442283,-0.000125924314,0,-0.0009442283,1,0,0,1,2.51848542E-06,1.49011612E-08,1.88845588E-05,0,0,0,-0.0004252343,-0.001475811,-0.000195452682,-0.150848389,-0.0182189941,0.04575701,0.00180126959,-0.000433213136,0.00219510915,-6.117406E-05,4.45693731E-05,-0.0006500998,-0.0078125,-0.0257873535,-0.0320739746,-0.00506998645,-0.0001713834,0.00150121481,-5.17946028E-05,8.46833E-05,-0.0008281335,0.0104839932,-0.0260620117,-0.0262451172,-0.00343264244,-4.906329E-05,0.00130421179,3.8512735E-05,0.0025485754,0.00115318433,4.87056065,-0.0362243652,-0.03677368,0.05966368,9.697195E-05,-0.000256522238,3.75285272E-05,0.002540201,0.00114213512,4.89156246,-0.0304260254,-0.0296936035,0.0584861748,9.68165041E-05,-0.000254749379,0.00251845876,-0.00347046554,-0.00250219717,1.021566,-0.111968994,-0.2567749,0.0635573342,0.004820504,0.07974065,0.00228435127,-0.00317907333,-0.00241004769,1.03397667,-0.0791626,-0.246795654,0.0594957843,0.004638869,0.07317341,-0.5500161,2.1321528,2.73881,3.51421022
529,10.579996251417233,3337,0,0,0,0,0,-0.0001259662,0,-0.0009439045,-0.0001259662,0,-0.0009439045,1,0,0,1,2.51932283E-06,1.49011612E-08,1.88780832E-05,0,0,0,-0.000425065722,-0.00147439539,-0.000196934183,-0.150848389,-0.0182189941,0.04575707,0.00180130452,-0.00043529112,0.00219204859,-6.10945863E-05,4.453957E-05,-0.0006518281,-0.007843018,-0.0257873535,-0.0320739746,-0.005079052,-0.000172707965,0.00150139991,-5.126073E-05,8.46684E-05,-0.000817678869,0.0104849292,-0.0260620117,-0.0262451172,-0.003379736,-5.063629E-05,0.00130195159,3.77883E-05,0.00254903734,0.00115155464,4.87057638,-0.0362243652,-0.03677368,0.05974061,9.54244242E-05,-0.000254271028,3.81342834E-05,0.00253708661,0.00113919552,4.891353,-0.0304260254,-0.0296936035,0.0582938828,0.000101188234,-0.000254545128,0.00251820125,-0.00347015262,-0.00249771331,1.02153516,-0.111968994,-0.2567749,0.06350072,0.00481250323,0.07971229,0.0022833962,-0.00318284333,-0.00241745356,1.03400743,-0.07913208,-0.246765137,0.0595887527,0.00465665245,0.0732138,-0.5500161,2.1321528,2.73881,3.51421022
530,10.599996244331065,3344,0,0,0,0,0,-0.00012599313,0,-0.0009446725,-0.00012599313,0,-0.0009446725,1,0,0,1,2.51986148E-06,0,1.88934428E-05,0,0,0,-0.0004252896,-0.00147588551,-0.000195590226,-0.150848389,-0.0182189941,0.0457568429,0.00180551957,-0.000434214919,0.00219536084,-6.163064E-05,4.453957E-05,-0.000649993133,-0.007873535,-0.0257568359,-0.0320739746,-0.00506865,-0.000169327745,0.00150284288,-5.152136E-05,8.4728E-05,-0.0008260788,0.01044433,-0.0260620117,-0.0262451172,-0.00342354062,-4.71751773E-05,0.0013020921,3.750047E-05,0.00254973769,0.00115490321,4.87054968,-0.0362243652,-0.03677368,0.05974203,9.683433E-05,-0.000255074032,3.75855E-05,0.002543062,0.00114004454,4.89147568,-0.0304260254,-0.0296936035,0.058548566,0.000100285237,-0.00025372376,0.00251857424,-0.00346912444,-0.00249857339,1.02146792,-0.111968994,-0.25680542,0.06351601,0.00481282128,0.0797205344,0.00228449167,-0.00317582488,-0.002409419,1.03395927,-0.0791626,-0.246795654,0.0595061556,0.004635066,0.0731684,-0.5500161,2.1321528,2.73881,3.51421022
531,10.619996237244898,3351,0,0,0,0,0,-0.000125945415,0,-0.000943419931,-0.000125945415,0,-0.000943419931,1,0,0,1,2.51890719E-06,1.49011612E-08,1.88683916E-05,0,0,0,-0.000425018137,-0.00147402287,-0.000196899317,-0.150848389,-0.0182189941,0.0457562,0.00179749634,-0.0004359768,0.00219408446,-6.14517558E-05,4.45693731E-05,-0.0006553366,-0.007904053,-0.0257873535,-0.0320739746,-0.00509704,-0.000174639645,0.00150365417,-5.118504E-05,8.47131E-05,-0.0008215631,0.0104225362,-0.0260620117,-0.0262451172,-0.00339827617,-5.211276E-05,0.00130210165,3.76867138E-05,0.00255079567,0.001153116,4.87055254,-0.0362243652,-0.03677368,0.0597579144,9.254055E-05,-0.0002553314,3.83571241E-05,0.00253866613,0.00114073721,4.891355,-0.0304260254,-0.0296936035,0.0583858229,9.59061144E-05,-0.000255127845,0.00251974259,-0.00346830487,-0.002497979,1.02140546,-0.111968994,-0.25680542,0.0635243356,0.004809913,0.07973913,0.002285178,-0.00318151712,-0.002413702,1.03394151,-0.0791626,-0.246795654,0.0595508628,0.004646643,0.07321842,-0.5500161,2.1321528,2.73881,3.51421022
532,10.639996230158729,3357,0,0,0,0,0,-0.000125964478,0,-0.0009445535,-0.000125964478,0,-0.0009445535,1,0,0,1,2.5192885E-06,1.49011612E-08,1.88910635E-05,0,0,0,-0.000425299746,-0.00147549808,-0.0001954561,-0.150848389,-0.0182189941,0.0457574278,0.00180440734,-0.000434781075,0.00219266,-6.15393437E-05,4.4554472E-05,-0.0006501078,-0.007965088,-0.0257873535,-0.0320739746,-0.005069247,-0.000169745676,0.00150244066,-5.153974E-05,8.47131E-05,-0.000822828268,0.0103933187,-0.0260620117,-0.0262451172,-0.00340714841,-4.76376626E-05,0.00130222482,3.807375E-05,0.00254973769,0.00115312357,4.870519,-0.0362243652,-0.03677368,0.05973847,9.519677E-05,-0.000256377563,3.82783655E-05,0.00254111,0.00114169426,4.891356,-0.0304260254,-0.0296936035,0.058468,0.000100833044,-0.000255730731,0.0025205405,-0.00347086787,-0.00249953382,1.02138174,-0.111999512,-0.256835938,0.06354736,0.004813938,0.0797703639,0.002285058,-0.00317901373,-0.00241300673,1.03390849,-0.0791626,-0.246795654,0.05955221,0.004643512,0.07320797,-0.5500161,2.1321528,2.73881,3.51421022
533,10.659996223072563,3364,0,0,0,0,0,-0.00012598469,0,-0.00094330206,-0.00012598469,0,-0.00094330206,1,0,0,1,2.51969277E-06,1.49011612E-08,1.88660342E-05,0,0,0,-0.000425169972,-0.00147436559,-0.000196836976,-0.150848389,-0.0182189941,0.0457573533,0.00179675734,-0.000434231624,0.00219230982,-6.1179795E-05,4.45842743E-05,-0.0006518056,-0.007965088,-0.0257873535,-0.0320739746,-0.00507838465,-0.000172303131,0.00150148629,-5.12811348E-05,8.46982E-05,-0.000826827949,0.010367089,-0.0260620117,-0.0262451172,-0.00342535716,-5.00281276E-05,0.00130192481,3.827398E-05,0.00255095959,0.00115412951,4.87050247,-0.0362243652,-0.03677368,0.059748508,9.56899239E-05,-0.0002557374,3.834571E-05,0.002540186,0.00114154862,4.89135265,-0.0304260254,-0.0296936035,0.0584817342,9.828739E-05,-0.0002552008,0.002520538,-0.00346952677,-0.00250042346,1.02135825,-0.111999512,-0.256835938,0.06356834,0.004814527,0.0797744542,0.00228587864,-0.00318098068,-0.00241167657,1.03384125,-0.0791626,-0.246826172,0.0595375635,0.0046417783,0.07322111,-0.5500161,2.1321528,2.73881,3.51421022
534,10.679996215986394,3372,0,0,0,0,0,-0.00012600144,0,-0.0009438878,-0.00012600144,0,-0.0009438878,1,0,0,1,2.520028E-06,1.49011612E-08,1.88777485E-05,0,0,0,-0.0004251571,-0.00147587061,-0.000195289453,-0.150848389,-0.0182189941,0.0457567833,0.00180190883,-0.0004345387,0.00219501974,-6.133243E-05,4.4554472E-05,-0.0006490282,-0.00799560547,-0.0257873535,-0.0320739746,-0.005064704,-0.0001719882,0.00150216394,-5.120819E-05,8.4728E-05,-0.000827264739,0.01033777,-0.0260620117,-0.0262756348,-0.003427903,-4.987179E-05,0.00130151107,3.833999E-05,0.00254794955,0.00115373929,4.870366,-0.0362243652,-0.03677368,0.0596635938,9.589115E-05,-0.000256486732,3.85170752E-05,0.00254112482,0.00113927992,4.891343,-0.0304260254,-0.0296936035,0.0584774353,9.832138E-05,-0.000255420862,0.00252050813,-0.00347347558,-0.00250247726,1.02135015,-0.111999512,-0.25680542,0.06358369,0.00482145231,0.07979507,0.002286702,-0.003180325,-0.00241352641,1.03377175,-0.0791931152,-0.246826172,0.0595721342,0.00464371033,0.07324568,-0.5500161,2.1321528,2.73881,3.51421022
535,10.699996208900226,3380,0,0,0,0,0,-0.000125976876,0,-0.000942983665,-0.000125976876,0,-0.000942983665,1,0,0,1,2.51953657E-06,1.49011612E-08,1.88596659E-05,0,0,0,-0.0004250555,-0.00147403777,-0.000196847759,-0.150848389,-0.0182189941,0.04575633,0.00180070917,-0.000437161041,0.00219391962,-6.110232E-05,4.45693731E-05,-0.000653484,-0.00799560547,-0.0257873535,-0.0320739746,-0.005087688,-0.000174264191,0.00150187023,-5.11585058E-05,8.47131E-05,-0.000827601238,0.0103052193,-0.0260620117,-0.0262756348,-0.00342809036,-5.199395E-05,0.00130211213,3.754543E-05,0.00255022943,0.00115365349,4.87037373,-0.0362243652,-0.03677368,0.0597546063,9.450545E-05,-0.0002536253,3.88073968E-05,0.00254058838,0.00113997271,4.89132452,-0.0304260254,-0.0297241211,0.0584804863,9.73846254E-05,-0.000256195752,0.00252008787,-0.003470853,-0.00249996921,1.02134025,-0.111999512,-0.256835938,0.06356006,0.00481551047,0.07977069,0.00228706654,-0.003182292,-0.00241333945,1.03378892,-0.0791931152,-0.246795654,0.0595807657,0.00464484,0.0732639953,-0.5500161,2.1321528,2.73881,3.51421022
536,10.719996201814059,3387,0,0,0,0,0,-0.0001259592,0,-0.000944120635,-0.0001259592,0,-0.000944120635,1,0,0,1,2.51918277E-06,1.49011612E-08,1.88824051E-05,0,0,0,-0.000425115519,-0.001475513,-0.000195567525,-0.150848389,-0.0182189941,0.0457572564,0.00180743041,-0.0004362741,0.00219225814,-6.151123E-05,4.453957E-05,-0.000652259332,-0.008026123,-0.0257873535,-0.0320739746,-0.005081553,-0.000172986678,0.00150356721,-5.100051E-05,8.46982E-05,-0.000820540066,0.0102883764,-0.0260620117,-0.0262756348,-0.003393909,-5.07644036E-05,0.00130085065,3.7607133E-05,0.00254996121,0.00115400739,4.870338,-0.0362243652,-0.03677368,0.0597502477,9.259481E-05,-0.000255170453,3.852533E-05,0.002539128,0.00113834662,4.891195,-0.030456543,-0.0297241211,0.05837789,0.000100787445,-0.0002546699,0.0025208625,-0.00347104669,-0.00249976432,1.02127385,-0.111999512,-0.256835938,0.06355651,0.004814329,0.0797808841,0.00228581717,-0.003182903,-0.002416425,1.03380048,-0.0791931152,-0.246795654,0.0596104339,0.004652393,0.07326066,-0.5500161,2.1321528,2.73881,3.51421022
537,10.73999619472789,3394,0,0,0,0,0,-0.000125952953,0,-0.000943423132,-0.000125952953,0,-0.000943423132,1,0,0,1,2.51905817E-06,1.49011612E-08,1.88684553E-05,0,0,0,-0.000425121,-0.00147438049,-0.000196892768,-0.150848389,-0.0182189941,0.0457572937,0.00179962767,-0.000433644047,0.002192146,-6.146593E-05,4.4554472E-05,-0.000651132141,-0.008056641,-0.0257873535,-0.0320739746,-0.00507581467,-0.000173316992,0.00150352169,-5.11518774E-05,8.47131E-05,-0.0008224616,0.0102647152,-0.0260620117,-0.0262756348,-0.00340294512,-5.087766E-05,0.00130179548,3.76664175E-05,0.00255054235,0.001153736,4.870316,-0.0362243652,-0.03677368,0.0597465,9.358606E-05,-0.0002551676,3.777291E-05,0.00254073739,0.00113991613,4.891184,-0.030456543,-0.0297241211,0.0584633052,9.820743E-05,-0.0002531989,0.0025213887,-0.00347089767,-0.002500516,1.02125978,-0.111999512,-0.256835938,0.06357991,0.004815118,0.07979882,0.00228590937,-0.00318095088,-0.00241326238,1.0338062,-0.0791931152,-0.246795654,0.05957298,0.00464505,0.07323965,-0.5500161,2.1321528,2.73881,3.51421022
538,10.759996187641724,3401,0,0,0,0,0,-0.000125965686,0,-0.0009438343,-0.000125965686,0,-0.0009438343,1,0,0,1,2.51931283E-06,0,1.8876679E-05,0,0,0,-0.000425238279,-0.00147587061,-0.000195753732,-0.150848389,-0.0182189941,0.0457569547,0.00180816511,-0.0004331675,0.00219508214,-6.154276E-05,4.452467E-05,-0.000650742033,-0.008087158,-0.0257873535,-0.0320739746,-0.005073053,-0.0001709733,0.00150305382,-5.1656305E-05,8.46684E-05,-0.0008253888,0.0102459835,-0.0260620117,-0.0262756348,-0.00341867,-4.86308963E-05,0.0013035771,3.75541822E-05,0.00254872441,0.0011525508,4.87030125,-0.0362243652,-0.03677368,0.0597423539,9.648395E-05,-0.000254885439,3.78339646E-05,0.00254043937,0.00114167994,4.89117861,-0.0304260254,-0.0297241211,0.05847915,0.000101247409,-0.000254835933,0.00252114283,-0.00347410142,-0.00249960949,1.02120888,-0.111999512,-0.256866455,0.06356253,0.004816379,0.07979973,0.00228626188,-0.00318151712,-0.00241267914,1.033769,-0.0791931152,-0.246795654,0.0595639981,0.00464379042,0.07324101,-0.5500161,2.1321528,2.73881,3.51421022
539,10.779996180555555,3408,0,0,0,0,0,-0.000125973747,0,-0.00094321405,-0.000125973747,0,-0.00094321405,1,0,0,1,2.519474E-06,1.49011612E-08,1.88642734E-05,0,0,0,-0.000425138365,-0.0014744252,-0.000197116868,-0.1508789,-0.0182189941,0.0457573943,0.001801825,-0.0004314755,0.00219242554,-6.14388E-05,4.45842743E-05,-0.0006481604,-0.008117676,-0.0257873535,-0.0320739746,-0.00506027741,-0.000171494234,0.00150284788,-5.14654166E-05,8.4728E-05,-0.000826331554,0.0102203805,-0.0260620117,-0.0262756348,-0.00342265051,-4.9612423E-05,0.0013029835,3.772851E-05,0.00255124271,0.00115443266,4.870253,-0.0362243652,-0.03677368,0.05973765,9.495282E-05,-0.000255023129,3.7853697E-05,0.002540782,0.00114152988,4.89115667,-0.0304260254,-0.0297241211,0.0584817864,9.707668E-05,-0.000254402315,0.002522,-0.00347016752,-0.00250209519,1.02118671,-0.111999512,-0.256866455,0.06360915,0.0048167943,0.07981789,0.00228709634,-0.003181398,-0.00241221138,1.03372324,-0.0791931152,-0.246826172,0.0595644936,0.00464211823,0.07325491,-0.5500161,2.1321528,2.73881,3.51421022
540,10.799996173469387,3416,0,0,0,0,0,-0.000126008585,0,-0.000943872146,-0.000126008585,0,-0.000943872146,1,0,0,1,2.52017071E-06,0,1.88774357E-05,0,0,0,-0.000425154722,-0.00147585571,-0.00019601002,-0.150848389,-0.0182189941,0.04575665,0.001805127,-0.000434851652,0.0021949166,-6.14649E-05,4.452467E-05,-0.000650561,-0.008148193,-0.0257873535,-0.0320739746,-0.00507223327,-0.000171518448,0.00150279759,-5.13258419E-05,8.46833E-05,-0.00082322926,0.0101852808,-0.0260620117,-0.0262756348,-0.00340783154,-4.94329579E-05,0.00130200165,3.78405966E-05,0.00254903734,0.00115328236,4.87022352,-0.0362243652,-0.03677368,0.0597441643,9.470768E-05,-0.000255496561,3.8302278E-05,0.00254043937,0.00114070077,4.89111757,-0.0304260254,-0.0297241211,0.0584686473,9.82759E-05,-0.0002550896,0.002522446,-0.00347450376,-0.002500638,1.021119,-0.112030029,-0.256866455,0.06358538,0.00481712446,0.0798302,0.00228770054,-0.00318236649,-0.00241362839,1.03366137,-0.0791931152,-0.246826172,0.0595871769,0.004644689,0.0732761249,-0.5500161,2.1321528,2.73881,3.51421022
541,10.81999616638322,3424,0,0,0,0,0,-0.0001260059,0,-0.000943145656,-0.0001260059,0,-0.000943145656,1,0,0,1,2.520117E-06,1.49011612E-08,1.88629056E-05,0,0,0,-0.000425060542,-0.00147403777,-0.000196884925,-0.150848389,-0.0182189941,0.0457562581,0.00179805572,-0.000435178779,0.00219414453,-6.11316937E-05,4.4554472E-05,-0.000647326233,-0.008148193,-0.0257873535,-0.0320739746,-0.0050569,-0.000173754976,0.00150203379,-5.10845348E-05,8.46833E-05,-0.0008225349,0.0101550985,-0.0260620117,-0.0262756348,-0.00340292673,-5.167272E-05,0.00130167883,3.79256962E-05,0.00254836679,0.00115388422,4.870083,-0.0362243652,-0.03677368,0.0596605167,9.502401E-05,-0.0002546505,3.84682644E-05,0.00254042447,0.00114127866,4.89108229,-0.030456543,-0.0297241211,0.05846814,9.889444E-05,-0.00025482176,0.002522007,-0.0034750402,-0.00250320928,1.02116871,-0.111999512,-0.256866455,0.06362513,0.004823036,0.07984474,0.002287908,-0.00318336487,-0.00241455343,1.03363574,-0.0791931152,-0.246826172,0.0596088953,0.00464710128,0.07329299,-0.5500161,2.1321528,2.73881,3.51421022
542,10.839996159297051,3432,0,0,0,0,0,-0.000125987717,0,-0.0009436935,-0.000125987717,0,-0.0009436935,1,0,0,1,2.51975325E-06,1.49011612E-08,1.88738632E-05,0,0,0,-0.0004251951,-0.00147545338,-0.000195804547,-0.150848389,-0.0182189941,0.04575723,0.00180532935,-0.000435499358,0.00219228142,-6.159191E-05,4.45693731E-05,-0.000649062858,-0.008148193,-0.0257873535,-0.0320739746,-0.005064807,-0.000171158783,0.001503437,-5.11367361E-05,8.4728E-05,-0.0008220433,0.0101533961,-0.0260620117,-0.0262756348,-0.00340167014,-4.91895953E-05,0.001301169,3.75009258E-05,0.00254996121,0.00115594931,4.87006664,-0.0362243652,-0.03677368,0.0597468577,9.75605E-05,-0.000254794577,3.8574457E-05,0.002538845,0.00114040973,4.890954,-0.030456543,-0.0297241211,0.0583911948,0.000100669611,-0.000255121617,0.00252139242,-0.00347282,-0.00250104559,1.021162,-0.111999512,-0.256866455,0.06359305,0.004817816,0.07981235,0.00228768378,-0.0031850934,-0.00241628778,1.0336591,-0.0791931152,-0.246795654,0.059627,0.004651975,0.07330434,-0.5500161,2.1321528,2.73881,3.51421022
543,10.859996152210885,3440,0,0,0,0,0,-0.000125952516,0,-0.0009429361,-0.000125952516,0,-0.0009429361,1,0,0,1,2.5190493E-06,0,1.88587146E-05,0,0,0,-0.000425052538,-0.00147435069,-0.000196783163,-0.150848389,-0.0182189941,0.0457571037,0.00179681915,-0.000435919676,0.00219198177,-6.160197E-05,4.45693731E-05,-0.0006528097,-0.008178711,-0.0257873535,-0.0320739746,-0.00508438051,-0.000174056826,0.00150448724,-5.11232174E-05,8.47131E-05,-0.0008213162,0.0101330616,-0.0260620117,-0.0262756348,-0.00339659257,-5.159365E-05,0.0013019694,3.74180781E-05,0.00255011022,0.00115615223,4.870047,-0.0362243652,-0.03677368,0.0597609133,9.286353E-05,-0.000254908926,3.7889753E-05,0.002540052,0.00114107586,4.89093161,-0.030456543,-0.0297241211,0.0584641732,9.87909152E-05,-0.0002533464,0.002522206,-0.00347229838,-0.00250008586,1.0210973,-0.112030029,-0.256866455,0.06358085,0.0048146476,0.07981676,0.00228699017,-0.003183633,-0.00241477042,1.03363276,-0.0791931152,-0.246826172,0.05960583,0.004648938,0.0732804462,-0.5500161,2.1321528,2.73881,3.51421022
544,10.879996145124716,3447,0,0,0,0,0,-0.000125966617,0,-0.000943454157,-0.000125966617,0,-0.000943454157,1,0,0,1,2.51933125E-06,1.49011612E-08,1.88690756E-05,0,0,0,-0.000425245846,-0.00147584081,-0.00019544753,-0.150848389,-0.0182189941,0.0457568951,0.00180194294,-0.000433775247,0.002195009,-6.16521356E-05,4.45693731E-05,-0.000650898553,-0.00820922852,-0.0257873535,-0.0320739746,-0.00507379277,-0.000170971442,0.00150367024,-5.167465E-05,8.47131E-05,-0.000824728,0.010116159,-0.0260620117,-0.0262756348,-0.00341501972,-4.87025027E-05,0.00130379852,3.78645927E-05,0.0025499016,0.00115631951,4.87000036,-0.0362243652,-0.03677368,0.0597539172,9.46221262E-05,-0.0002560813,3.763372E-05,0.002540335,0.001142372,4.89091063,-0.030456543,-0.0297241211,0.0584802255,9.883109E-05,-0.000254369254,0.0025231638,-0.003473401,-0.00249989447,1.02107644,-0.112030029,-0.256896973,0.0635892451,0.00481424574,0.07983926,0.002287847,-0.00318332016,-0.002413195,1.03360415,-0.07922363,-0.246826172,0.0595906824,0.00464483071,0.0732854158,-0.5500161,2.1321528,2.73881,3.51421022
545,10.899996138038547,3455,0,0,0,0,0,-0.00012597139,0,-0.000943093968,-0.00012597139,0,-0.000943093968,1,0,0,1,2.51942674E-06,0,1.88618724E-05,0,0,0,-0.0004251705,-0.00147406757,-0.000197035028,-0.150848389,-0.0182189941,0.0457565561,0.00180482841,-0.000436457427,0.00219453149,-6.151729E-05,4.453957E-05,-0.0006492124,-0.00820922852,-0.0257873535,-0.0320739746,-0.005065575,-0.000172022425,0.00150337687,-5.14632266E-05,8.46833E-05,-0.0008221107,0.0100882491,-0.0260620117,-0.0262756348,-0.00340141822,-4.99543276E-05,0.00130303134,3.78674631E-05,0.00254991651,0.0011550982,4.869978,-0.0362243652,-0.03677368,0.0597459078,9.51881957E-05,-0.000255691644,3.7815862E-05,0.00253996253,0.0011414492,4.89087,-0.030456543,-0.0297241211,0.0584681779,9.746261E-05,-0.0002541794,0.00252312,-0.00347365439,-0.00250101066,1.02105582,-0.112030029,-0.256896973,0.06360629,0.00481655,0.07984685,0.00228831964,-0.003183946,-0.002413374,1.03355074,-0.07922363,-0.246826172,0.0595958233,0.00464515062,0.0732970461,-0.5500161,2.1321528,2.73881,3.51421022
546,10.919996130952381,3463,0,0,0,0,0,-0.000125983483,0,-0.0009433952,-0.000125983483,0,-0.0009433952,1,0,0,1,2.51966867E-06,1.49011612E-08,1.88678969E-05,0,0,0,-0.0004251001,-0.001475811,-0.000195740315,-0.150848389,-0.0182189941,0.04575634,0.00180198043,-0.000435564,0.0021950996,-6.149838E-05,4.4554472E-05,-0.0006503826,-0.008239746,-0.0257873535,-0.0320739746,-0.00507174432,-0.0001720879,0.00150331378,-5.13172745E-05,8.47429037E-05,-0.0008246871,0.0100689493,-0.0260620117,-0.0262756348,-0.00341430237,-4.998531E-05,0.001302436,3.79927078E-05,0.002549544,0.00115587248,4.86992741,-0.0362243652,-0.03677368,0.05975149,9.47328153E-05,-0.0002559822,3.80394E-05,0.002541244,0.00114333583,4.89084,-0.030456543,-0.0297241211,0.058483094,0.000100893041,-0.0002542291,0.00252364366,-0.00347448885,-0.00250062323,1.02099979,-0.112030029,-0.256896973,0.06360242,0.00481587462,0.0798555538,0.002288722,-0.003183052,-0.0024142894,1.03354454,-0.07922363,-0.246826172,0.059621837,0.00464561163,0.07331012,-0.5500161,2.1321528,2.73881,3.51421022
547,10.939996123866212,3471,0,0,0,0,0,-0.000125972758,0,-0.0009426425,-0.000125972758,0,-0.0009426425,1,0,0,1,2.519454E-06,0,1.88528429E-05,0,0,0,-0.0004250783,-0.0014744252,-0.0001968726,-0.150848389,-0.0182189941,0.0457568243,0.00179842394,-0.0004344517,0.00219117943,-6.14105957E-05,4.45693731E-05,-0.0006498199,-0.008270264,-0.0257873535,-0.0320739746,-0.005069067,-0.000173035151,0.00150324986,-5.1475643E-05,8.46982E-05,-0.000824870833,0.0100491652,-0.0260620117,-0.0262756348,-0.00341437082,-5.081713E-05,0.00130360911,3.81048667E-05,0.00255064666,0.00115397514,4.869885,-0.0362243652,-0.03677368,0.05974505,9.384611E-05,-0.000256067724,3.834191E-05,0.00254002213,0.00114271091,4.89080524,-0.030456543,-0.0297241211,0.05848219,9.863007E-05,-0.000255726947,0.00252421433,-0.00347329676,-0.00250239973,1.02095175,-0.112030029,-0.2569275,0.06363625,0.004817633,0.07987486,0.00228911173,-0.00318495929,-0.002413822,1.03351474,-0.07922363,-0.246826172,0.05961038,0.00464584026,0.07331799,-0.5500161,2.1321528,2.73881,3.51421022
548,10.959996116780045,3479,0,0,0,0,0,-0.000126006023,0,-0.000943604042,-0.000126006023,0,-0.000943604042,1,0,0,1,2.52011955E-06,0,1.88720733E-05,0,0,0,-0.0004252151,-0.00147548318,-0.000195890869,-0.150848389,-0.0182189941,0.04575729,0.00180563028,-0.0004344933,0.00219312,-6.133258E-05,4.453957E-05,-0.000653751544,-0.008331299,-0.0257873535,-0.0320739746,-0.00508774631,-0.000170236381,0.00150187069,-5.15898064E-05,8.46982E-05,-0.0008212154,0.0100248754,-0.0260620117,-0.0262756348,-0.00339791155,-4.82231771E-05,0.00130308559,3.82549E-05,0.00255273283,0.00115449319,4.870034,-0.0362243652,-0.03677368,0.05990815,9.478194E-05,-0.0002559006,3.81177233E-05,0.002539575,0.00114162674,4.890766,-0.0304260254,-0.0297241211,0.05846682,0.000101410551,-0.000255259365,0.002525981,-0.00347287953,-0.00249732682,1.02085638,-0.112060547,-0.256958,0.0635913461,0.004806028,0.07987955,0.002288965,-0.00318585336,-0.00241394527,1.03347278,-0.07922363,-0.246826172,0.0596125275,0.0046470277,0.07332044,-0.5500161,2.1321528,2.73881,3.51421022
549,10.979996109693877,3487,0,0,0,0,0,-0.000126053419,0,-0.000942404848,-0.000126053419,0,-0.000942404848,1,0,0,1,2.52106747E-06,1.49011612E-08,1.884809E-05,0,0,0,-0.000425219216,-0.00147399306,-0.000196853565,-0.150848389,-0.0182189941,0.0457566679,0.00179770007,-0.0004332441,0.00219425233,-6.130746E-05,4.45693731E-05,-0.0006516957,-0.008361816,-0.0257873535,-0.0320739746,-0.00507716741,-0.000171340318,0.00150189037,-5.14243256E-05,8.47131E-05,-0.0008239336,0.0100125838,-0.0260620117,-0.0262756348,-0.00341059035,-4.88432852E-05,0.00130254531,3.90775E-05,0.00255064666,0.00115230691,4.869953,-0.0362243652,-0.03677368,0.0597473122,9.31721152E-05,-0.000258242158,3.775237E-05,0.00253978372,0.00114156178,4.890738,-0.0304260254,-0.0297241211,0.0584767275,9.83827849E-05,-0.000253799168,0.002527268,-0.00347580016,-0.00250266562,1.02081347,-0.112060547,-0.2569275,0.06366718,0.004816784,0.0799427,0.002289216,-0.00318562984,-0.00241416041,1.0334307,-0.07922363,-0.246856689,0.05961853,0.004647149,0.07332741,-0.5500161,2.1321528,2.73881,3.51421022
550,10.999996102607708,3495,0,0,0,0,0,-0.00012606119,0,-0.000943082,-0.00012606119,0,-0.000943082,1,0,0,1,2.52122277E-06,0,1.88616323E-05,0,0,0,-0.0004251625,-0.00147582591,-0.000195788816,-0.150848389,-0.0182189941,0.0457564481,0.001804874,-0.000435143127,0.00219457643,-6.101734E-05,4.4554472E-05,-0.0006536107,-0.008392334,-0.0257873535,-0.0320739746,-0.00508709671,-0.000171498032,0.00150049163,-5.14809653E-05,8.47429037E-05,-0.000828434364,0.009949284,-0.0260620117,-0.0262756348,-0.00343340659,-4.92698055E-05,0.0013028445,3.88822227E-05,0.00255081058,0.00115170958,4.869991,-0.0362243652,-0.03677368,0.0598275252,9.669036E-05,-0.000256497529,3.796543E-05,0.002543971,0.00114077877,4.89089537,-0.0304260254,-0.0297241211,0.05863829,9.619553E-05,-0.0002545745,0.00252696429,-0.00347772241,-0.00250145,1.02077365,-0.112060547,-0.2569275,0.0636582747,0.004816634,0.079942286,0.00229139533,-0.00318156183,-0.002409643,1.03330779,-0.07925415,-0.2468872,0.0595863238,0.00463298569,0.0733293,-0.5500161,2.132153,2.73881,3.51421046
551,11.019996095521542,3502,0,0,0,0,0,-0.000126022409,0,-0.0009420156,-0.000126022409,0,-0.0009420156,1,0,0,1,2.5204472E-06,0,1.88403046E-05,0,0,0,-0.0004250118,-0.0014744103,-0.000196771551,-0.150848389,-0.0182189941,0.0457567275,0.001796508,-0.000436010741,0.00219106977,-6.113265E-05,4.44948673E-05,-0.000649907335,-0.008422852,-0.0257873535,-0.0320739746,-0.00506977551,-0.0001746179,0.00150225346,-5.103133E-05,8.46385956E-05,-0.000826262636,0.009913474,-0.0260620117,-0.0262756348,-0.003420463,-5.25972937E-05,0.0013018694,3.830176E-05,0.00254747272,0.00115264673,4.8698144,-0.0362243652,-0.03677368,0.05966954,9.605252E-05,-0.00025554,3.903345E-05,0.00253948569,0.00114208763,4.89081526,-0.030456543,-0.0297241211,0.058485806,9.686107E-05,-0.0002561618,0.00252556335,-0.00348111987,-0.002507003,1.02079666,-0.112060547,-0.256896973,0.06371458,0.004831262,0.07995992,0.00229191082,-0.00318898261,-0.00241609127,1.03323936,-0.07925415,-0.2468872,0.0596670136,0.004650255,0.0733993649,-0.5500161,2.1321528,2.73881,3.51421022
552,11.039996088435373,3509,0,0,0,0,0,-0.000125978622,0,-0.00094312703,-0.000125978622,0,-0.00094312703,1,0,0,1,2.51957135E-06,1.49011612E-08,1.88625327E-05,0,0,0,-0.0004250484,-0.00147549808,-0.00019543129,-0.150848389,-0.0182189941,0.045757018,0.00180202327,-0.000435675174,0.00219285185,-6.175555E-05,4.4554472E-05,-0.0006488158,-0.008422852,-0.0257873535,-0.0320739746,-0.00506443763,-0.00017311603,0.00150511076,-5.104697E-05,8.4728E-05,-0.00082183833,0.009885484,-0.0260620117,-0.0262756348,-0.00339932973,-5.142612E-05,0.0013015765,3.744353E-05,0.00255006552,0.00115314929,4.86975431,-0.0362243652,-0.03677368,0.0597415529,9.422783E-05,-0.000255233317,3.90268069E-05,0.00254039466,0.00113825325,4.8907485,-0.030456543,-0.0297241211,0.0584609769,9.876727E-05,-0.000256155385,0.002525336,-0.00347693264,-0.0025039087,1.02085435,-0.112060547,-0.256896973,0.06367976,0.004822724,0.0799277648,0.00229205936,-0.00318785012,-0.0024170964,1.033263,-0.07925415,-0.246856689,0.0596931279,0.00465126662,0.07341013,-0.5500161,2.1321528,2.73881,3.51421022
553,11.059996081349206,3517,0,0,0,0,0,-0.000126028564,0,-0.0009423573,-0.000126028564,0,-0.0009423573,1,0,0,1,2.52057043E-06,1.49011612E-08,1.88471386E-05,0,0,0,-0.00042525187,-0.00147402287,-0.0001970333,-0.150848389,-0.0182189941,0.04575669,0.00180455286,-0.000436312,0.00219395827,-6.18684E-05,4.4554472E-05,-0.0006481831,-0.008453369,-0.0257873535,-0.0320739746,-0.00506017031,-0.00017141577,0.0015050607,-5.10446735E-05,8.47429037E-05,-0.000824731833,0.009864872,-0.0260620117,-0.0262756348,-0.00341399759,-4.959386E-05,0.001301089,3.73926923E-05,0.00255016983,0.00115486409,4.869698,-0.0362243652,-0.03677368,0.059744183,9.573078E-05,-0.0002552384,3.86194552E-05,0.0025408715,0.00113926618,4.89068174,-0.030456543,-0.0297241211,0.0584743135,9.979844E-05,-0.000254831015,0.002524929,-0.00347578526,-0.00250381161,1.02084315,-0.112060547,-0.2569275,0.06367071,0.004821823,0.07991198,0.00229149684,-0.00318689644,-0.002416628,1.03326726,-0.07925415,-0.246856689,0.0596846864,0.00465028035,0.07339492,-0.5500161,2.1321528,2.73881,3.51421022
554,11.079996074263038,3525,0,0,0,0,0,-0.000126003521,0,-0.0009424643,-0.000126003521,0,-0.0009424643,1,0,0,1,2.52006953E-06,0,1.88492777E-05,0,0,0,-0.000425070175,-0.001475811,-0.000195725326,-0.150848389,-0.0182189941,0.0457564,0.00180199032,-0.000436397764,0.00219441322,-6.17901751E-05,4.45693731E-05,-0.0006588206,-0.008483887,-0.0257873535,-0.0320739746,-0.0051138876,-0.000172813583,0.00150500843,-5.13864E-05,8.47429037E-05,-0.0008245004,0.009845483,-0.0260620117,-0.0262756348,-0.00341249374,-5.03625379E-05,0.00130312517,3.728356E-05,0.00255353749,0.00115581288,4.869843,-0.0362243652,-0.03677368,0.0599325337,9.144668E-05,-0.000254885264,3.85002568E-05,0.002540484,0.00113977422,4.89062,-0.030456543,-0.0297241211,0.05847537,9.96655654E-05,-0.000255658,0.002527007,-0.00347292423,-0.0024973175,1.02070117,-0.112091064,-0.256958,0.0636072755,0.004805265,0.0799041,0.00229151687,-0.00318735838,-0.00241661561,1.03329158,-0.07925415,-0.246856689,0.0596827865,0.004650601,0.0733958557,-0.5500161,2.1321528,2.73881,3.51421022
555,11.099996067176871,3533,0,0,0,0,0,-0.000126019775,0,-0.0009422666,-0.000126019775,0,-0.0009422666,1,0,0,1,2.52039445E-06,0,1.8845325E-05,0,0,0,-0.0004252163,-0.00147405267,-0.000196909154,-0.150848389,-0.0182189941,0.0457566,0.00179843151,-0.000433938869,0.002193724,-6.15619356E-05,4.452467E-05,-0.000650110829,-0.008514404,-0.0257873535,-0.0320739746,-0.00506994454,-0.000172416243,0.00150376861,-5.133429E-05,8.46535E-05,-0.000820055662,0.009823105,-0.0260620117,-0.0262756348,-0.00339047587,-4.99017369E-05,0.00130262307,3.827752E-05,0.00254891813,0.00115502381,4.86974573,-0.0362243652,-0.03677368,0.0597514361,9.428814E-05,-0.000256743631,3.74954034E-05,0.00253863633,0.00114246551,4.890553,-0.030456543,-0.0297241211,0.0584672168,0.000102222104,-0.000252545869,0.002527534,-0.00348036,-0.00250443444,1.02065372,-0.112091064,-0.256958,0.06370058,0.004823851,0.0799808,0.00228974782,-0.003189981,-0.00241623633,1.033266,-0.07925415,-0.246856689,0.05966472,0.00465428876,0.07337356,-0.5500161,2.1321528,2.73881,3.51421022
556,11.119996060090703,3541,0,0,0,0,0,-0.000126014071,0,-0.00094268145,-0.000126014071,0,-0.00094268145,1,0,0,1,2.5202803E-06,1.49011612E-08,1.88536214E-05,0,0,0,-0.000425283273,-0.0014757812,-0.0001958862,-0.150848389,-0.0182189941,0.045756653,0.00180483621,-0.000434206,0.00219522626,-6.157894E-05,4.45842743E-05,-0.000652384362,-0.008575439,-0.0257873535,-0.0320739746,-0.00508028641,-0.000169615989,0.00150281342,-5.203185E-05,8.47429037E-05,-0.0008258031,0.00979777053,-0.0260620117,-0.0262756348,-0.0034204626,-4.73420769E-05,0.00130524067,3.81909449E-05,0.002551332,0.001153009,4.86976671,-0.0362243652,-0.03677368,0.05982872,9.629111E-05,-0.0002563519,3.71639762E-05,0.00254179537,0.001142583,4.89060926,-0.030456543,-0.0297241211,0.05856289,9.733733E-05,-0.0002540106,0.00252856687,-0.00347828865,-0.00250233244,1.0205996,-0.112091064,-0.256988525,0.06369078,0.00481724367,0.07998403,0.002291731,-0.00318555534,-0.00241286261,1.03318226,-0.07928467,-0.2468872,0.059633337,0.004642178,0.07337225,-0.5500161,2.1321528,2.73881,3.51421022
557,11.139996053004534,3549,0,0,0,0,0,-0.000126022438,0,-0.0009417105,-0.000126022438,0,-0.0009417105,1,0,0,1,2.52044765E-06,0,1.88342019E-05,0,0,0,-0.0004250698,-0.0014744103,-0.000196866749,-0.150848389,-0.0182189941,0.0457567759,0.00179804419,-0.000433787936,0.0021922437,-6.13035445E-05,4.4554472E-05,-0.000653125462,-0.008605957,-0.0257873535,-0.0320739746,-0.005084662,-0.000172098444,0.0015022821,-5.181356E-05,8.47131E-05,-0.0008274142,0.009758506,-0.0260620117,-0.0262756348,-0.00342699769,-5.01051873E-05,0.00130500994,3.83794722E-05,0.002551183,0.0011539472,4.869762,-0.0362243652,-0.03677368,0.0598338619,9.3180046E-05,-0.0002560699,3.77343858E-05,0.002541691,0.00114238646,4.8906374,-0.030456543,-0.0297241211,0.05856749,9.70120163E-05,-0.000254980056,0.002529373,-0.00347918272,-0.00250274455,1.02053225,-0.112121582,-0.256988525,0.06370105,0.00481783831,0.0800039843,0.00229278533,-0.00318707526,-0.00241357228,1.03307581,-0.07928467,-0.2468872,0.0596569367,0.0046435683,0.07340369,-0.5500161,2.1321528,2.73881,3.51421022
558,11.159996045918367,3556,0,0,0,0,0,-0.000126058047,0,-0.000942529761,-0.000126058047,0,-0.000942529761,1,0,0,1,2.52116E-06,1.49011612E-08,1.88505874E-05,0,0,0,-0.000425012346,-0.00147546828,-0.000195813,-0.150848389,-0.0182189941,0.0457566455,0.00180526043,-0.000436340342,0.00219276641,-6.132674E-05,4.4554472E-05,-0.000651284237,-0.008605957,-0.0257873535,-0.0321044922,-0.005075934,-0.000172826491,0.00150255964,-5.12750521E-05,8.4728E-05,-0.00081810815,0.00974587351,-0.0260620117,-0.0262756348,-0.003380848,-5.06153374E-05,0.001302364,3.8590817E-05,0.00254996121,0.00115132,4.869691,-0.0362243652,-0.03677368,0.0597482063,9.675621E-05,-0.000256659085,3.89338529E-05,0.00254000723,0.00113924616,4.89043951,-0.030456543,-0.0297241211,0.0583784021,9.876864E-05,-0.000256386527,0.00252893846,-0.00348116457,-0.00250648381,1.02055371,-0.112091064,-0.256958,0.0637546554,0.004826932,0.08002889,0.00229330733,-0.00318871439,-0.00242099236,1.03313,-0.07928467,-0.246856689,0.0597602241,0.004657873,0.07346181,-0.5500161,2.1321528,2.73881,3.51421022
559,11.179996038832199,3564,0,0,0,0,0,-0.000126040468,0,-0.0009420203,-0.000126040468,0,-0.0009420203,1,0,0,1,2.52080827E-06,1.49011612E-08,1.88404E-05,0,0,0,-0.000425146776,-0.00147399306,-0.000196802488,-0.150848389,-0.0182189941,0.0457561463,0.00179650914,-0.000434970716,0.00219398085,-6.140691E-05,4.453957E-05,-0.0006486915,-0.008636475,-0.0257873535,-0.0321044922,-0.0050631417,-0.000172847373,0.00150325312,-5.13170562E-05,8.46833E-05,-0.000825463736,0.009700631,-0.0260620117,-0.0262756348,-0.00341699971,-5.08901E-05,0.00130286987,3.82094731E-05,0.00254942477,0.00115195941,4.86959028,-0.0362243652,-0.03677368,0.05974003,9.53067E-05,-0.000255950144,3.8305112E-05,0.0025421977,0.00113973173,4.890588,-0.030456543,-0.0297241211,0.058628682,0.000100271944,-0.00025483116,0.00252847746,-0.00348132849,-0.00250581186,1.02058637,-0.112091064,-0.256958,0.06373817,0.0048264293,0.0800162852,0.00229316764,-0.00318825245,-0.002412758,1.033042,-0.07928467,-0.2468872,0.05965748,0.00464262068,0.07341337,-0.5500161,2.1321528,2.73881,3.51421022
560,11.199996031746032,3571,0,0,0,0,0,-0.000126024825,0,-0.0009423383,-0.000126024825,0,-0.0009423383,1,0,0,1,2.5204954E-06,1.49011612E-08,1.88467584E-05,0,0,0,-0.0004251794,-0.00147587061,-0.000195596775,-0.150848389,-0.0182189941,0.0457563624,0.00180475786,-0.000436151458,0.002194004,-6.166275E-05,4.45991755E-05,-0.0006505672,-0.008666992,-0.0257873535,-0.0321044922,-0.005072467,-0.000171999534,0.001504248,-5.151553E-05,8.47429037E-05,-0.000827609736,0.009654562,-0.0260620117,-0.0262756348,-0.00342802936,-5.0218332E-05,0.00130374648,3.75283671E-05,0.00255163014,0.0011520104,4.86961746,-0.0362243652,-0.03677368,0.05982188,9.4824E-05,-0.000254845654,3.85867352E-05,0.00254133344,0.00114298414,4.890591,-0.030456543,-0.0297241211,0.0585705526,9.65157E-05,-0.0002563341,0.00252818782,-0.00347806513,-0.00250313617,1.02054453,-0.112121582,-0.256988525,0.0637078,0.00481931027,0.07998745,0.0022948673,-0.00318975747,-0.002415096,1.03295922,-0.07928467,-0.246917725,0.059691634,0.004646142,0.07345875,-0.5500161,2.1321528,2.73881,3.51421022
561,11.219996024659864,3579,0,0,0,0,0,-0.0001260149,0,-0.000942043262,-0.0001260149,0,-0.000942043262,1,0,0,1,2.52029713E-06,1.49011612E-08,1.88408576E-05,0,0,0,-0.000425108854,-0.00147439539,-0.000196909852,-0.150848389,-0.0182189941,0.0457569174,0.00179791753,-0.000435016438,0.002191645,-6.154432E-05,4.453957E-05,-0.0006481078,-0.00869751,-0.0257873535,-0.0321044922,-0.005060523,-0.000172990724,0.00150413415,-5.12663719E-05,8.46833E-05,-0.000820109854,0.009630206,-0.0260620117,-0.0262756348,-0.003389981,-5.144126E-05,0.00130282762,3.76836942E-05,0.00255094469,0.00115465128,4.869611,-0.0362243652,-0.03677368,0.0598198771,9.28119262E-05,-0.000254932471,3.87466134E-05,0.002539441,0.00113971869,4.890495,-0.030456543,-0.0297241211,0.058462102,0.000100068894,-0.000255897525,0.00252943439,-0.00347970426,-0.00250268984,1.02050877,-0.112121582,-0.256988525,0.0637064055,0.004818325,0.0800106,0.00229439535,-0.00319251418,-0.00241922727,1.032946,-0.07928467,-0.2468872,0.0597487725,0.004656646,0.07348758,-0.5500161,2.1321528,2.73881,3.51421022
562,11.239996017573695,3587,0,0,0,0,0,-0.000126044659,0,-0.0009421143,-0.000126044659,0,-0.0009421143,1,0,0,1,2.52089217E-06,1.49011612E-08,1.88422782E-05,0,0,0,-0.000425170438,-0.00147582591,-0.0001957106,-0.150848389,-0.0182189941,0.0457564443,0.00180156622,-0.000434378657,0.00219484372,-6.18937556E-05,4.4554472E-05,-0.0006541377,-0.008728027,-0.0257873535,-0.0321044922,-0.00508970954,-0.0001715052,0.00150506746,-5.13558E-05,8.47429037E-05,-0.0008188661,0.009639654,-0.0260620117,-0.0262756348,-0.00338466675,-4.90863422E-05,0.00130256161,3.79649027E-05,0.002551064,0.00115742174,4.869612,-0.0362243652,-0.03677368,0.05984935,9.552343E-05,-0.000256757659,3.867959E-05,0.00254036486,0.00114005047,4.89031267,-0.030456543,-0.0297241211,0.05838571,0.00010168647,-0.000255815452,0.002529893,-0.00348053873,-0.00250217761,1.02042985,-0.112121582,-0.257019043,0.06370669,0.00481756125,0.08002017,0.0022935085,-0.00318995118,-0.002422536,1.03307343,-0.07928467,-0.246856689,0.0597958863,0.00466187857,0.0734872,-0.5500161,2.1321528,2.73881,3.51421022
563,11.259996010487528,3595,0,0,0,0,0,-0.000126065017,0,-0.0009420743,-0.000126065017,0,-0.0009420743,1,0,0,1,2.52129939E-06,1.49011612E-08,1.88414779E-05,0,0,0,-0.00042522038,-0.00147403777,-0.000196756839,-0.150848389,-0.0182189941,0.0457565,0.00179785618,-0.0004327629,0.00219423766,-6.143249E-05,4.452467E-05,-0.0006407,-0.008758545,-0.0257873535,-0.0321044922,-0.00502263475,-0.000171160151,0.00150293345,-5.14666426E-05,8.46833E-05,-0.0008249063,0.00959124,-0.0260620117,-0.0262756348,-0.00341472216,-4.937705E-05,0.001303227,3.81204882E-05,0.00254789,0.00115540263,4.869392,-0.0362243652,-0.03677368,0.05964869,9.69565153E-05,-0.0002555723,3.75438E-05,0.002542138,0.00114219135,4.89043951,-0.030456543,-0.0297241211,0.0586345121,9.87551E-05,-0.00025308365,0.002529236,-0.0034840256,-0.00250926986,1.0204854,-0.112121582,-0.256988525,0.06379248,0.004834303,0.08006226,0.00229352154,-0.00318881869,-0.00241306378,1.03295386,-0.07928467,-0.2468872,0.05966282,0.00464343466,0.07342463,-0.5500161,2.1321528,2.73881,3.51421022
564,11.27999600340136,3603,0,0,0,0,0,-0.000126038183,0,-0.0009419585,-0.000126038183,0,-0.0009419585,1,0,0,1,2.52076279E-06,1.49011612E-08,1.88391623E-05,0,0,0,-0.0004249706,-0.00147545338,-0.000195737783,-0.150848389,-0.0182189941,0.0457564965,0.00180442957,-0.000436684815,0.00219226931,-6.16941543E-05,4.45693731E-05,-0.000654622971,-0.008758545,-0.0257873535,-0.0321044922,-0.005093006,-0.000172948581,0.00150471891,-5.14492458E-05,8.47131E-05,-0.0008263591,0.009553219,-0.0260620117,-0.0262756348,-0.00342116,-5.108233E-05,0.00130377256,3.742061E-05,0.00255310535,0.0011552783,4.86954,-0.0362243652,-0.03677368,0.0599213056,9.461299E-05,-0.0002546219,3.79101075E-05,0.00254112482,0.00114413118,4.890441,-0.030456543,-0.0297241211,0.0585709438,9.526888E-05,-0.0002541817,0.00252978853,-0.00347803533,-0.002500173,1.0204016,-0.112121582,-0.257019043,0.06368985,0.00481214235,0.08000299,0.00229517929,-0.00319066644,-0.00241473969,1.03287184,-0.0793151855,-0.246917725,0.05969884,0.00464625843,0.0734724,-0.5500161,2.1321528,2.73881,3.51421022
565,11.299995996315193,3612,0,0,0,0,0,-0.000126001731,0,-0.0009417079,-0.000126001731,0,-0.0009417079,1,0,0,1,2.5200336E-06,1.49011612E-08,1.8834151E-05,0,0,0,-0.000425143953,-0.00147436559,-0.000196784284,-0.150848389,-0.0182495117,0.04575683,0.00179700856,-0.0004344027,0.00219146232,-6.170656E-05,4.4554472E-05,-0.000648389861,-0.00881958,-0.0257873535,-0.0321044922,-0.005061627,-0.000172644242,0.001504801,-5.172652E-05,8.47131E-05,-0.000822453352,0.009516072,-0.0260620117,-0.0262756348,-0.00340161636,-5.109959E-05,0.00130503613,3.81268037E-05,0.00255128741,0.00115402311,4.8695116,-0.0362243652,-0.03677368,0.0598203242,9.140095E-05,-0.000256721047,3.850428E-05,0.00254137814,0.00114059949,4.89044428,-0.030456543,-0.0297241211,0.0585482754,9.736916E-05,-0.0002567584,0.00253163,-0.00348059833,-0.00250366377,1.02032876,-0.1121521,-0.257019043,0.0637406,0.00481849676,0.08006163,0.00229611853,-0.00319126248,-0.00241696625,1.03280044,-0.0793151855,-0.246917725,0.0597384125,0.004649668,0.07350466,-0.5500161,2.132153,2.73881,3.51421046
566,11.319995989229025,3620,0,0,0,0,0,-0.000126075422,0,-0.00094214303,-0.000126075422,0,-0.00094214303,1,0,0,1,2.52150744E-06,0,1.8842853E-05,0,0,0,-0.000425090722,-0.00147585571,-0.000195590939,-0.150848389,-0.0182189941,0.04575603,0.00180469744,-0.0004365193,0.002194511,-6.145981E-05,4.450977E-05,-0.0006500198,-0.00881958,-0.0257873535,-0.0321044922,-0.00506982859,-0.000172791712,0.001503472,-5.114997E-05,8.46535E-05,-0.0008189701,0.00949599,-0.0260620117,-0.0262756348,-0.00338457432,-5.067282E-05,0.00130206509,3.82232465E-05,0.00254763663,0.00115526025,4.869402,-0.0362243652,-0.03677368,0.05975659,9.684028E-05,-0.000255977735,3.87365035E-05,0.002540052,0.0011405003,4.890332,-0.030456543,-0.0297241211,0.058461912,0.000100882637,-0.000255226856,0.00253082672,-0.00348745286,-0.002505851,1.02029777,-0.112121582,-0.257019043,0.0637635,0.004829137,0.08008596,0.00229561748,-0.00319340825,-0.00242085,1.03281224,-0.0793151855,-0.2468872,0.05979359,0.0046593165,0.0735303238,-0.5500161,2.1321528,2.73881,3.51421022
567,11.339995982142856,3628,0,0,0,0,0,-0.000126039769,0,-0.000941331033,-0.000126039769,0,-0.000941331033,1,0,0,1,2.5207944E-06,1.49011612E-08,1.88266131E-05,0,0,0,-0.000425096339,-0.00147406757,-0.000196943933,-0.150848389,-0.0182495117,0.04575602,0.00180013035,-0.000433637033,0.00219424418,-6.16201942E-05,4.45991755E-05,-0.000649902853,-0.008850098,-0.0257873535,-0.0321044922,-0.005069299,-0.000172706452,0.0015044926,-5.13591149E-05,8.478761E-05,-0.0008251493,0.009469294,-0.0260620117,-0.0262756348,-0.00341462553,-5.086692E-05,0.00130346534,3.7817812E-05,0.002552554,0.00115469436,4.86939144,-0.0362243652,-0.03677368,0.0598287731,9.53125855E-05,-0.000255413033,3.852603E-05,0.00254298747,0.00114113814,4.89033556,-0.030456543,-0.0297241211,0.0585600138,9.84388753E-05,-0.000255522784,0.00253123883,-0.00347985327,-0.00250495225,1.02029264,-0.112121582,-0.257019043,0.0637732,0.00482103974,0.0800689161,0.00229639513,-0.00318948925,-0.00241762819,1.03281975,-0.0793151855,-0.2468872,0.0597623438,0.00464928569,0.07351332,-0.5500161,2.1321528,2.73881,3.51421022
568,11.359995975056689,3636,0,0,0,0,0,-0.000126056242,0,-0.000942025159,-0.000126056242,0,-0.000942025159,1,0,0,1,2.52112386E-06,0,1.88404956E-05,0,0,0,-0.0004251504,-0.00147588551,-0.000195836168,-0.150848389,-0.0182495117,0.0457560159,0.00180657045,-0.000435178634,0.00219454267,-6.167397E-05,4.45991755E-05,-0.0006497905,-0.008880615,-0.0257873535,-0.0321044922,-0.005068249,-0.000171342617,0.00150421623,-5.14854146E-05,8.46982E-05,-0.0008225895,0.009426048,-0.0260620117,-0.0262756348,-0.00340294256,-4.95015665E-05,0.00130346511,3.808288E-05,0.00255166,0.001153052,4.869388,-0.0362243652,-0.03677368,0.0598246045,9.509503E-05,-0.000256240484,3.83599472E-05,0.00254011154,0.00114197447,4.89031267,-0.030456543,-0.0297241211,0.0585531443,9.960926E-05,-0.0002553128,0.00253193174,-0.0034815073,-0.00250464887,1.020264,-0.112121582,-0.257019043,0.06376884,0.004820965,0.08008296,0.00229625031,-0.003194347,-0.00241617812,1.03275287,-0.0793151855,-0.246917725,0.0597319752,0.004650799,0.07351651,-0.5500161,2.1321528,2.73881,3.51421022
569,11.379995967970521,3644,0,0,0,0,0,-0.0001260794,0,-0.000941271253,-0.0001260794,0,-0.000941271253,1,0,0,1,2.52158679E-06,1.49011612E-08,1.8825418E-05,0,0,0,-0.0004250458,-0.0014744401,-0.000197158486,-0.1508789,-0.0182495117,0.0457564071,0.00180180825,-0.000432857749,0.00219171029,-6.13910743E-05,4.4554472E-05,-0.000649708963,-0.008911133,-0.0257873535,-0.0321044922,-0.00506811868,-0.0001725107,0.00150323566,-5.126526E-05,8.47131E-05,-0.000817886,0.009439381,-0.0260620117,-0.0262756348,-0.00337844132,-5.0621733E-05,0.00130287686,3.835309E-05,0.00255084038,0.00115364906,4.869373,-0.0362243652,-0.03677368,0.0598260723,9.19492741E-05,-0.000256144471,3.850799E-05,0.00253970921,0.00114036992,4.890109,-0.030456543,-0.0297241211,0.05838559,9.968177E-05,-0.000255022635,0.00253262441,-0.00348345935,-0.00250534224,1.02022684,-0.1121521,-0.257049561,0.06377501,0.004823001,0.08010314,0.00229570316,-0.003192842,-0.00242295815,1.03283274,-0.0793151855,-0.2468872,0.05982232,0.004662748,0.0735429451,-0.5500161,2.1321528,2.73881,3.51421022
570,11.399995960884354,3652,0,0,0,0,0,-0.000126089944,0,-0.0009419695,-0.000126089944,0,-0.0009419695,1,0,0,1,2.5217978E-06,1.49011612E-08,1.88393824E-05,0,0,0,-0.000425170845,-0.00147549808,-0.000196096516,-0.150848389,-0.0182495117,0.0457567759,0.00180665986,-0.000433711684,0.00219261018,-6.162743E-05,4.453957E-05,-0.0006502688,-0.00894165,-0.0257873535,-0.0321044922,-0.005069774,-0.000169933512,0.0015033735,-5.17719527E-05,8.46684E-05,-0.000823496259,0.009399501,-0.0260620117,-0.0263061523,-0.0034082043,-4.775787E-05,0.00130428688,3.83230763E-05,0.00255124271,0.001154306,4.86934471,-0.0361938477,-0.03677368,0.0598297119,9.6529664E-05,-0.000256589643,3.765448E-05,0.00254164636,0.001140994,4.89022255,-0.030456543,-0.0297241211,0.0586292669,0.000101820093,-0.000254094775,0.00253282161,-0.00348332524,-0.00250501558,1.02019417,-0.1121521,-0.257049561,0.06378214,0.00482215174,0.08010862,0.00229563145,-0.003192097,-0.00241373014,1.03274441,-0.0793151855,-0.246917725,0.0597032532,0.00464524049,0.07348678,-0.5500161,2.1321528,2.73881,3.51421022
571,11.419995953798185,3661,0,0,0,0,0,-0.000126059836,0,-0.0009413644,-0.000126059836,0,-0.0009413644,1,0,0,1,2.52119571E-06,0,1.882728E-05,0,0,0,-0.000425002741,-0.001474008,-0.0001970938,-0.150848389,-0.0182495117,0.0457557328,0.00180066971,-0.000434093934,0.00219424837,-6.14999954E-05,4.453957E-05,-0.000645387161,-0.008972168,-0.0257873535,-0.0321044922,-0.005047283,-0.0001740717,0.00150438142,-5.14839376E-05,8.46535E-05,-0.000821900438,0.009358581,-0.0260620117,-0.0262756348,-0.00339790736,-5.23445451E-05,0.00130450737,3.79699559E-05,0.00254827738,0.00115543173,4.86922,-0.0362243652,-0.03677368,0.05974261,9.669635E-05,-0.000255395484,3.77352553E-05,0.002541259,0.00114499708,4.890194,-0.030456543,-0.0297241211,0.0585595779,9.520864E-05,-0.000253771141,0.00253167655,-0.00348766148,-0.00250797812,1.02020323,-0.1121521,-0.257019043,0.06380992,0.004832562,0.08012115,0.002296878,-0.00319257379,-0.00241652247,1.03268635,-0.0793457,-0.246917725,0.05974746,0.00464949524,0.0735274553,-0.5500161,2.1321528,2.73881,3.51421022
572,11.439995946712017,3668,0,0,0,0,0,-0.0001260286,0,-0.00094180723,-0.0001260286,0,-0.00094180723,1,0,0,1,2.520571E-06,0,1.88361373E-05,0,0,0,-0.00042518595,-0.00147585571,-0.000195869448,-0.150848389,-0.0182495117,0.0457560569,0.00180631049,-0.000434852176,0.00219463324,-6.208232E-05,4.45991755E-05,-0.0006484737,-0.008972168,-0.0257873535,-0.0321044922,-0.00506135961,-0.000170555519,0.00150601985,-5.18514862E-05,8.47578049E-05,-0.0008202563,0.009354459,-0.0260620117,-0.0263061523,-0.003391329,-4.906962E-05,0.00130514568,3.75567724E-05,0.0025523454,0.00115575269,4.869207,-0.0362243652,-0.03677368,0.05982852,9.565747E-05,-0.0002560574,3.83106344E-05,0.002540335,0.001143664,4.890086,-0.030456543,-0.0297241211,0.0584778152,0.000101512574,-0.00025630754,0.002532354,-0.00348113477,-0.00250474736,1.02020526,-0.1121521,-0.257049561,0.06378202,0.00482059,0.0800948,0.00229675579,-0.003193915,-0.00241982448,1.03268838,-0.0793457,-0.246917725,0.05979487,0.00465673255,0.07355041,-0.5500161,2.1321528,2.73881,3.51421022
573,11.45999593962585,3675,0,0,0,0,0,-0.000126055238,0,-0.0009415525,-0.000126055238,0,-0.0009415525,1,0,0,1,2.52110385E-06,1.49011612E-08,1.88310423E-05,0,0,0,-0.000425093283,-0.0014744103,-0.000197167814,-0.150848389,-0.0182495117,0.0457565263,0.00180084072,-0.000432892528,0.002191727,-6.168382E-05,4.45693731E-05,-0.000645269465,-0.009002686,-0.0257873535,-0.0321044922,-0.005046044,-0.000172276166,0.001504737,-5.14360945E-05,8.47131E-05,-0.000819663168,0.009333831,-0.0260620117,-0.0262756348,-0.0033874996,-5.071011E-05,0.001303694,3.7921076E-05,0.00255098939,0.00115518749,4.869179,-0.0361938477,-0.03677368,0.05981579,9.266594E-05,-0.000255802472,3.79758967E-05,0.00254113972,0.00114216877,4.890089,-0.030456543,-0.0297241211,0.0585458539,9.983755E-05,-0.000254037615,0.00253288844,-0.00348331034,-0.00250603678,1.020134,-0.1121521,-0.257049561,0.06379181,0.00482397061,0.08011435,0.00229678256,-0.003193289,-0.00241774553,1.032666,-0.0793457,-0.246917725,0.059769135,0.00465243123,0.07353769,-0.5500161,2.1321528,2.73881,3.51421022
574,11.479995932539682,3684,0,0,0,0,0,-0.000126063111,0,-0.0009418679,-0.000126063111,0,-0.0009418679,1,0,0,1,2.52126119E-06,0,1.883735E-05,0,0,0,-0.0004252168,-0.00147585571,-0.000196087756,-0.150848389,-0.0182495117,0.0457561873,0.00180634763,-0.000434608839,0.002194352,-6.169247E-05,4.44799662E-05,-0.000648162968,-0.009033203,-0.0257873535,-0.0321044922,-0.005059829,-0.000170957646,0.00150415057,-5.19016321E-05,8.46385956E-05,-0.0008203234,0.009306519,-0.0260620117,-0.0263061523,-0.00339169661,-4.92115978E-05,0.00130540214,3.76006356E-05,0.002548471,0.00115713431,4.86915445,-0.0361938477,-0.03677368,0.0598316677,9.84257E-05,-0.000254760467,3.801511E-05,0.00254102051,0.00114238472,4.89007473,-0.030456543,-0.0297241211,0.0585487559,9.861735E-05,-0.000255736581,0.00253269915,-0.00348897278,-0.00250372966,1.02006972,-0.1121521,-0.257049561,0.0637666956,0.004824793,0.08012272,0.00229742751,-0.00319366157,-0.0024173595,1.03260446,-0.0793457,-0.246917725,0.0597662739,0.004651316,0.0735475644,-0.5500161,2.1321528,2.73881,3.51421022
575,11.499995925453515,3692,0,0,0,0,0,-0.000126058658,0,-0.000940874452,-0.000126058658,0,-0.000940874452,1,0,0,1,2.521172E-06,0,1.88174818E-05,0,0,0,-0.0004250687,-0.00147408247,-0.000197097615,-0.150848389,-0.0182495117,0.0457559451,0.00180152571,-0.00043312987,0.002194025,-6.18313352E-05,4.46289778E-05,-0.000648173,-0.009063721,-0.0257873535,-0.0321044922,-0.00506058,-0.000172988279,0.00150561659,-5.14399471E-05,8.47578049E-05,-0.000824039162,0.009283302,-0.0260620117,-0.0263061523,-0.003408672,-5.136468E-05,0.001304026,3.776343E-05,0.002553299,0.00115634862,4.8691287,-0.0361938477,-0.03677368,0.05983014,9.155297E-05,-0.00025595646,3.81896571E-05,0.00254099071,0.00114197691,4.89005852,-0.030456543,-0.0297241211,0.05856077,9.572319E-05,-0.000254800427,0.00253428,-0.00348098576,-0.0025064724,1.02006352,-0.112182617,-0.257080078,0.0638244,0.004821671,0.08014221,0.00229849014,-0.003194511,-0.00241763215,1.03253293,-0.07937622,-0.246948242,0.05977573,0.00465132063,0.07357051,-0.5500161,2.1321528,2.73881,3.51421022
576,11.519995918367346,3700,0,0,0,0,0,-0.000126045357,0,-0.0009413794,-0.000126045357,0,-0.0009413794,1,0,0,1,2.520906E-06,1.49011612E-08,1.882758E-05,0,0,0,-0.000425093574,-0.00147546828,-0.000195778834,-0.150848389,-0.0182495117,0.04575654,0.00180282851,-0.000433821115,0.00219258247,-6.191333E-05,4.452467E-05,-0.000648633169,-0.009094238,-0.0257873535,-0.0321044922,-0.005062385,-0.000171606473,0.00150543929,-5.150172E-05,8.46684E-05,-0.000824593939,0.009252852,-0.0260620117,-0.0263061523,-0.00341237755,-4.98648333E-05,0.00130375451,3.8049704E-05,0.00254946947,0.00115471624,4.86909437,-0.0361938477,-0.03677368,0.05982736,9.53827E-05,-0.000256863335,3.87006075E-05,0.00254195929,0.00114130625,4.89003,-0.030456543,-0.0297241211,0.0585611239,0.000100093028,-0.000256205,0.00253432756,-0.00348809361,-0.00250497134,1.01998878,-0.112182617,-0.257080078,0.0637945756,0.004824485,0.08015521,0.002298987,-0.00319413841,-0.00241920049,1.0324918,-0.07937622,-0.246948242,0.0598117858,0.00465336163,0.07359172,-0.5500161,2.132153,2.73881,3.51421046
577,11.539995911281178,3708,0,0,0,0,0,-0.0001260691,0,-0.000970064546,-0.0001260691,0,-0.000970064546,1,0,0,1,2.521381E-06,0,1.94012828E-05,0,0,0,-0.000425064267,-0.00147439539,-0.000195436689,-0.150848389,-0.0182495117,0.0457564369,0.00180911145,-0.000434403919,0.00219127885,-6.163543E-05,4.45693731E-05,-0.00064605393,-0.009124756,-0.0258178711,-0.0321044922,-0.00506462064,-0.000173185254,0.00150470738,-5.13091727E-05,8.46833E-05,-0.000819387846,0.009213589,-0.02609253,-0.0263061523,-0.003399987,-5.14190942E-05,0.00130339223,3.76745666E-05,0.00255051255,0.00115534093,4.869064,-0.0361938477,-0.03677368,0.0598229729,9.621119E-05,-0.00025489158,3.86855863E-05,0.00254118443,0.001137866,4.88999939,-0.030456543,-0.0297241211,0.05853619,9.799532E-05,-0.000255679479,0.00253392942,-0.00348687172,-0.002506536,1.0199796,-0.112182617,-0.257080078,0.0638277158,0.004827185,0.08016142,0.00229916815,-0.00319549441,-0.00242003845,1.03246415,-0.07937622,-0.246948242,0.0598245524,0.004655919,0.07360612,-0.5500161,2.1321528,2.73881,3.51421022
578,11.559995904195011,3716,0,0,0,0,0,-0.0001260828,0,-0.000970390858,-0.0001260828,0,-0.000970390858,1,0,0,1,2.521655E-06,1.49011612E-08,1.940781E-05,0,0,0,-0.000425208185,-0.00147585571,-0.000194248219,-0.150848389,-0.0182495117,0.0457563065,0.00180755975,-0.0004340358,0.00219445513,-6.188073E-05,4.45693731E-05,-0.000642526429,-0.009124756,-0.0257873535,-0.0321044922,-0.005046438,-0.0001712481,0.00150529365,-5.14542553E-05,8.4728E-05,-0.0008221657,0.009185347,-0.02609253,-0.0263061523,-0.003414646,-4.96564244E-05,0.001303614,3.788239E-05,0.00254940987,0.0011548443,4.86892843,-0.0361938477,-0.03677368,0.05973543,9.69948E-05,-0.0002561131,3.86048341E-05,0.00254182518,0.00113702146,4.88997841,-0.030456543,-0.0297241211,0.05854461,0.00010031394,-0.00025572977,0.002533909,-0.00348736346,-0.00250939885,1.02001274,-0.1121521,-0.257080078,0.06385599,0.00483262632,0.08017392,0.00229932647,-0.00319492817,-0.00241997023,1.032465,-0.07937622,-0.246948242,0.0598314032,0.004655248,0.0736096352,-0.5500161,2.1321528,2.73881,3.51421022
579,11.579995897108843,3724,0,0,0,0,0,-0.000126065832,0,-0.0009695705,-0.000126065832,0,-0.0009695705,1,0,0,1,2.52131576E-06,0,1.9391402E-05,0,0,0,-0.000424996339,-0.00147406757,-0.00019543973,-0.150848389,-0.0182495117,0.04575583,0.00180839433,-0.0004349918,0.00219379086,-6.174101E-05,4.45693731E-05,-0.000648358546,-0.009155273,-0.0258178711,-0.0321044922,-0.005076399,-0.00017379479,0.00150551554,-5.13768537E-05,8.47131E-05,-0.0008196199,0.00916415,-0.02609253,-0.0263061523,-0.00340045476,-5.18107736E-05,0.00130410283,3.746539E-05,0.00255157053,0.00115615292,4.868909,-0.0361938477,-0.03677368,0.0598342419,9.38314843E-05,-0.00025475258,3.87011532E-05,0.00253936648,0.00113999017,4.88982534,-0.030456543,-0.0297241211,0.05846901,0.000101181882,-0.000255810766,0.00253372453,-0.00348448753,-0.00250539253,1.02001262,-0.1121521,-0.257080078,0.06381009,0.00482338155,0.08014203,0.00229870388,-0.003197804,-0.0024221,1.03251421,-0.0793457,-0.246917725,0.0598462038,0.00466204155,0.0736164,-0.5500161,2.1321528,2.73881,3.51421022
580,11.599995890022676,3732,0,0,0,0,0,-0.000126030063,0,-0.00096995756,-0.000126030063,0,-0.00096995756,1,0,0,1,2.52060022E-06,1.49011612E-08,1.93991436E-05,0,0,0,-0.000425098871,-0.00147590041,-0.000195873174,-0.150848389,-0.0182495117,0.0457559079,0.00180948467,-0.000433802081,0.00219439133,-6.187964E-05,4.45693731E-05,-0.000645308755,-0.009155273,-0.0258178711,-0.0321044922,-0.00506067974,-0.00017235479,0.0015057975,-5.178308E-05,8.47429037E-05,-0.000816989632,0.009138218,-0.02609253,-0.0263061523,-0.003388102,-5.03533338E-05,0.00130560051,3.76353637E-05,0.00255055726,0.00115501066,4.86888552,-0.0361938477,-0.03677368,0.0598206148,9.425819E-05,-0.000255582272,3.771523E-05,0.00254145265,0.0011412059,4.889806,-0.030456543,-0.0297241211,0.0585385635,9.9884E-05,-0.000254468352,0.00253410265,-0.003485635,-0.00250521838,1.0199858,-0.1121521,-0.257080078,0.06380329,0.004823376,0.08014768,0.00229782052,-0.00319445133,-0.00241991738,1.03253257,-0.0793457,-0.246917725,0.0598180257,0.004656602,0.073581025,-0.5500161,2.1321528,2.73881,3.51421022
581,11.619995882936507,3741,0,0,0,0,0,-0.000126029772,0,-0.000969417,-0.000126029772,0,-0.000969417,1,0,0,1,2.52059453E-06,0,1.93883316E-05,0,0,0,-0.00042515088,-0.00147439539,-0.000195966626,-0.150848389,-0.0182495117,0.0457564667,0.00180799293,-0.000434030284,0.002191571,-6.21040963E-05,4.45693731E-05,-0.000649038644,-0.009185791,-0.0258178711,-0.0321044922,-0.00507833436,-0.0001709965,0.0015062762,-5.191028E-05,8.4728E-05,-0.0008196042,0.009123566,-0.02609253,-0.0263061523,-0.003401505,-4.88259066E-05,0.00130574289,3.773492E-05,0.002551362,0.00115796807,4.86884546,-0.0361938477,-0.03677368,0.05984136,9.481499E-05,-0.000256571046,3.759806E-05,0.00254175067,0.00114196632,4.88979864,-0.030456543,-0.0297241211,0.05855059,9.799622E-05,-0.000254479382,0.0025346037,-0.00348508358,-0.00250604958,1.019925,-0.112182617,-0.2571106,0.06381962,0.004823924,0.0801601261,0.00229836022,-0.00319363177,-0.002419241,1.03249133,-0.07937622,-0.246948242,0.0598068163,0.00465391763,0.07358029,-0.5500161,2.132153,2.73881,3.51421046
582,11.639995875850339,3749,0,0,0,0,0,-0.000126078347,0,-0.0009694754,-0.000126078347,0,-0.0009694754,1,0,0,1,2.52156588E-06,1.49011612E-08,1.93895012E-05,0,0,0,-0.0004250374,-0.00147554278,-0.000196053792,-0.150848389,-0.0182495117,0.04575649,0.00180879363,-0.000435274065,0.00219220971,-6.178506E-05,4.4554472E-05,-0.0006490792,-0.009216309,-0.0258178711,-0.0321044922,-0.00507900864,-0.000172192289,0.00150510645,-5.15290849E-05,8.4728E-05,-0.0008174794,0.009092679,-0.02609253,-0.0263061523,-0.00339053082,-5.010644E-05,0.00130417093,3.79828E-05,0.00255097449,0.001155879,4.8688097,-0.0361938477,-0.03677368,0.0598365925,9.38053E-05,-0.000256215484,3.777373E-05,0.0025408417,0.00114202825,4.889761,-0.030456543,-0.0297241211,0.058542598,9.81137346E-05,-0.000253694947,0.00253547239,-0.00348630548,-0.00250552641,1.019897,-0.112182617,-0.2571106,0.0638231561,0.00482307,0.08017953,0.002298781,-0.00319568813,-0.00241886778,1.0324409,-0.07937622,-0.246948242,0.0598084256,0.00465457328,0.07359559,-0.5500161,2.132153,2.73881,3.51421046
583,11.659995868764172,3756,0,0,0,0,0,-0.000126075611,0,-0.0009694177,-0.000126075611,0,-0.0009694177,1,0,0,1,2.52151131E-06,0,1.93883461E-05,0,0,0,-0.000425224163,-0.00147399306,-0.000196234061,-0.150817871,-0.0182495117,0.04575611,0.00180923287,-0.000434220274,0.00219396735,-6.173196E-05,4.45693731E-05,-0.000645511143,-0.009246826,-0.0258178711,-0.0321044922,-0.00506070862,-0.00017086514,0.001504432,-5.19577152E-05,8.4728E-05,-0.0008201102,0.009069688,-0.02609253,-0.0263061523,-0.00340403,-4.90777929E-05,0.00130600086,3.82146536E-05,0.002551198,0.00115425035,4.86876965,-0.0361938477,-0.03677368,0.059819825,9.580983E-05,-0.0002565532,3.83142178E-05,0.00254148245,0.001143757,4.88973141,-0.030456543,-0.0297241211,0.0585573427,9.921674E-05,-0.000256619,0.00253572781,-0.00348639488,-0.00250733318,1.01987016,-0.112182617,-0.2571106,0.06385061,0.004826107,0.08019499,0.00229992438,-0.00319544971,-0.00241929851,1.03241515,-0.07937622,-0.246948242,0.05982137,0.00465367362,0.07361545,-0.5500161,2.1321528,2.73881,3.51421022
584,11.679995861678004,3765,0,0,0,0,0,-0.0001260963,0,-0.0009690742,-0.0001260963,0,-0.0009690742,1,0,0,1,2.52192513E-06,0,1.93814758E-05,0,0,0,-0.000425051461,-0.00147588551,-0.0001959125,-0.150817871,-0.0182495117,0.0457558222,0.00180503656,-0.000434290734,0.00219443929,-6.14202945E-05,4.45693731E-05,-0.0006488769,-0.009277344,-0.0258178711,-0.0321044922,-0.005078102,-0.000172522879,0.00150340842,-5.15135725E-05,8.47131E-05,-0.000820725458,0.009044789,-0.02609253,-0.0263061523,-0.003406274,-5.05437565E-05,0.00130434916,3.829669E-05,0.00255069137,0.00115640392,4.868723,-0.0361938477,-0.03677368,0.0598376952,9.510783E-05,-0.000255754363,3.84117739E-05,0.00254133344,0.00114233594,4.88969326,-0.030456543,-0.0297241211,0.0585557073,9.858666E-05,-0.00025548946,0.00253604259,-0.00348781049,-0.0025063802,1.01985621,-0.112182617,-0.2571106,0.06384179,0.004825254,0.08020155,0.00230016536,-0.00319604576,-0.00241882377,1.03236866,-0.07937622,-0.246948242,0.0598216876,0.00465311948,0.07362194,-0.5500161,2.1321528,2.73881,3.51421022
585,11.699995854591837,3773,0,0,0,0,0,-0.000126117448,0,-0.000968948763,-0.000126117448,0,-0.000968948763,1,0,0,1,2.522348E-06,0,1.93789674E-05,0,0,0,-0.000425128324,-0.00147403777,-0.000196017732,-0.150817871,-0.0182495117,0.0457556061,0.00180895685,-0.000434554764,0.00219402346,-6.172061E-05,4.45693731E-05,-0.000652304559,-0.009307861,-0.0258178711,-0.0321044922,-0.00509462552,-0.000171550477,0.00150449376,-5.13100167E-05,8.46684E-05,-0.000820195244,0.009021423,-0.02609253,-0.0263061523,-0.003404057,-4.944583E-05,0.00130293565,3.834667E-05,0.00255279243,0.00115474954,4.868781,-0.0361938477,-0.03677368,0.05991981,9.345738E-05,-0.000256890431,3.812254E-05,0.00253865123,0.0011422456,4.889656,-0.030456543,-0.0297241211,0.05855402,0.000100299978,-0.000253813545,0.00253722956,-0.003485456,-0.00250380952,1.01977074,-0.112213135,-0.2571411,0.0638186559,0.00481720455,0.080199495,0.002299719,-0.00320102274,-0.00241873949,1.03228927,-0.07937622,-0.246948242,0.05981287,0.00465773465,0.07363148,-0.5500161,2.1321528,2.73881,3.51421022
586,11.719995847505668,3781,0,0,0,0,0,-0.000126085157,0,-0.000969186949,-0.000126085157,0,-0.000969186949,1,0,0,1,2.521702E-06,0,1.93837313E-05,0,0,0,-0.000425044884,-0.00147457421,-0.000195758359,-0.150817871,-0.0182495117,0.04575623,0.00180507649,-0.000433657464,0.00219238037,-6.161251E-05,4.4554472E-05,-0.0006493695,-0.00936889648,-0.0258178711,-0.0321044922,-0.00508022169,-0.000171874184,0.00150412985,-5.16736072E-05,8.47131E-05,-0.000820415444,0.008974386,-0.02609253,-0.0263061523,-0.00340515515,-4.98878944E-05,0.00130483846,3.854947E-05,0.00255200267,0.00115462707,4.868817,-0.0361938477,-0.03677368,0.0599091761,9.471351E-05,-0.000257057371,3.78213E-05,0.00254239142,0.00114107423,4.889713,-0.030456543,-0.0297241211,0.05862579,9.857328E-05,-0.000254264916,0.00253796182,-0.00348812342,-0.00250630127,1.0196805,-0.112213135,-0.2571411,0.06386083,0.00482325628,0.08023924,0.002300979,-0.00319606066,-0.002417217,1.03219831,-0.07940674,-0.24697876,0.059816245,0.00464958,0.0736333653,-0.5500161,2.1321528,2.73881,3.51421022
587,11.739995840419502,3789,0,0,0,0,0,-0.000126151645,0,-0.0009682724,-0.000126151645,0,-0.0009682724,1,0,0,1,2.523032E-06,1.49011612E-08,1.936544E-05,0,0,0,-0.00042511808,-0.00147396326,-0.000197945075,-0.150817871,-0.0182495117,0.0457555056,0.00180872867,-0.00043461303,0.00219376758,-6.152132E-05,4.4554472E-05,-0.0006450051,-0.00936889648,-0.0258178711,-0.0321044922,-0.00505797146,-0.000171863066,0.001503633,-5.13722953E-05,8.47429037E-05,-0.0008169042,0.00897039752,-0.02609253,-0.0263061523,-0.00338708633,-4.99319831E-05,0.0013033998,3.871373E-05,0.00254872441,0.00115306024,4.86865568,-0.0361938477,-0.03677368,0.05974252,9.571789E-05,-0.0002571601,3.89259621E-05,0.002541408,0.00114024733,4.88956738,-0.030456543,-0.0297241211,0.05846388,0.000100314639,-0.000256169878,0.00253756787,-0.00349266827,-0.00251218071,1.019707,-0.112213135,-0.2571106,0.0639324859,0.004838401,0.0802833,0.002301652,-0.00319688022,-0.002423965,1.03228176,-0.07937622,-0.246948242,0.05991271,0.004661787,0.07368757,-0.5500161,2.1321528,2.73881,3.51421022
588,11.759995833333333,3797,0,0,0,0,0,-0.000126110492,0,-0.0009699029,-0.000126110492,0,-0.0009699029,1,0,0,1,2.522209E-06,0,1.939805E-05,0,0,0,-0.0004250829,-0.00147679448,-0.000194335764,-0.150817871,-0.0182495117,0.04575558,0.001810645,-0.000433637353,0.00219477923,-6.17017358E-05,4.45842743E-05,-0.000643933367,-0.00936889648,-0.0258178711,-0.0321044922,-0.005053601,-0.000171593289,0.001504646,-5.142075E-05,8.47131E-05,-0.000819695,0.008950982,-0.02609253,-0.0263061523,-0.003401686,-5.007331E-05,0.00130375894,3.79039848E-05,0.00255067647,0.00115299574,4.86861,-0.0361938477,-0.03677368,0.0598131046,9.751417E-05,-0.00025542322,3.8627335E-05,0.00254073739,0.00114086422,4.889524,-0.030456543,-0.0297241211,0.0585495,9.841009E-05,-0.000255688064,0.002536695,-0.00348961353,-0.00250913831,1.01975954,-0.112213135,-0.2571106,0.0638969243,0.004831433,0.0802441,0.0023009663,-0.00319845974,-0.00242099166,1.03226256,-0.07940674,-0.246948242,0.05985815,0.00465840241,0.07366015,-0.5500161,2.1321528,2.73881,3.51421022
589,11.779995826247164,3805,0,0,0,0,0,-0.000126065061,0,-0.000968984,-0.000126065061,0,-0.000968984,1,0,0,1,2.5213003E-06,1.49011612E-08,1.93796714E-05,0,0,0,-0.000425045379,-0.00147350132,-0.000195808563,-0.150817871,-0.0182495117,0.04575595,0.001812116,-0.000432265631,0.002191284,-6.194705E-05,4.45991755E-05,-0.0006506961,-0.009429932,-0.0258178711,-0.0321044922,-0.00508754,-0.000172717773,0.00150625769,-5.157302E-05,8.47429037E-05,-0.0008261037,0.008892293,-0.02609253,-0.0263061523,-0.00343274558,-5.10954269E-05,0.00130494079,3.754118E-05,0.002554506,0.00115600065,4.868758,-0.0361938477,-0.03677368,0.0599931777,9.154815E-05,-0.000255427731,3.78306577E-05,0.00254288316,0.001145072,4.88968754,-0.030456543,-0.0297241211,0.05873178,9.730056E-05,-0.000254025537,0.002538023,-0.00348477066,-0.00250330055,1.01965165,-0.112243652,-0.257171631,0.0638303459,0.004815205,0.08021618,0.00230179983,-0.00319747627,-0.00241443072,1.03216386,-0.07940674,-0.24697876,0.0597875528,0.004644763,0.0736387,-0.5500161,2.1321528,2.73881,3.51421022
590,11.799995819160998,3812,0,0,0,0,0,-0.000126088285,0,-0.0009688941,-0.000126088285,0,-0.0009688941,1,0,0,1,2.52176483E-06,0,1.93778742E-05,0,0,0,-0.000425031816,-0.001475513,-0.000196351059,-0.150817871,-0.0182495117,0.04575609,0.00181281311,-0.000434098853,0.002192277,-6.181924E-05,4.4554472E-05,-0.000649468042,-0.009490967,-0.0258178711,-0.0321044922,-0.005080714,-0.000172362314,0.00150526525,-5.18387933E-05,8.4728E-05,-0.0008142208,0.00887117,-0.02609253,-0.0263061523,-0.0033738988,-5.03161318E-05,0.00130577036,3.848436E-05,0.00255016983,0.00115629449,4.86866045,-0.0361938477,-0.0368042,0.0598412752,9.271145E-05,-0.000257529842,3.87535874E-05,0.002540812,0.00114222767,4.889503,-0.030456543,-0.0297241211,0.0584601238,9.87881358E-05,-0.000257359527,0.002539462,-0.00349146128,-0.00250800652,1.01956391,-0.112243652,-0.257171631,0.06389181,0.00482753571,0.0802881,0.002302467,-0.00319814682,-0.00242409622,1.03216338,-0.07940674,-0.246948242,0.0599163771,0.00466208439,0.0737055838,-0.5500161,2.1321528,2.73881,3.51421022
591,11.819995812074829,3820,0,0,0,0,0,-0.000126132174,0,-0.000968706037,-0.000126132174,0,-0.000968706037,1,0,0,1,2.52264249E-06,0,1.93741125E-05,0,0,0,-0.0004252516,-0.001474008,-0.000195828325,-0.150817871,-0.0182495117,0.0457559,0.00180412969,-0.000432577246,0.00219408586,-6.1681334E-05,4.45842743E-05,-0.000647637062,-0.009521484,-0.0258178711,-0.0321044922,-0.005070872,-0.000170561354,0.00150403357,-5.16092878E-05,8.46982E-05,-0.000821411,0.008844909,-0.02609253,-0.0263061523,-0.0034102567,-4.8654987E-05,0.00130422425,3.82878061E-05,0.00255201757,0.00115252519,4.868695,-0.0361938477,-0.0368042,0.05990003,9.605901E-05,-0.000256329164,3.815592E-05,0.00254151225,0.00114105712,4.88956928,-0.030456543,-0.0297241211,0.058631964,0.0001013804,-0.0002547824,0.00253966637,-0.00349071622,-0.00250719115,1.01952159,-0.112243652,-0.257171631,0.06390297,0.004825629,0.08029554,0.00230241753,-0.00319984555,-0.002418105,1.03209448,-0.07940674,-0.24697876,0.05984235,0.0046526785,0.07367972,-0.5500161,2.1321528,2.73881,3.51421022
592,11.839995804988662,3828,0,0,0,0,0,-0.000126145314,0,-0.00096880435,-0.000126145314,0,-0.00096880435,1,0,0,1,2.52290533E-06,0,1.93760789E-05,0,0,0,-0.000425045524,-0.00147590041,-0.000195657267,-0.150817871,-0.0182495117,0.0457553528,0.00180482748,-0.000432615867,0.00219432288,-6.164507E-05,4.45842743E-05,-0.000640724553,-0.009521484,-0.0258178711,-0.0321044922,-0.005037059,-0.00017188245,0.00150439411,-5.16110958E-05,8.46982E-05,-0.0008168374,0.008833014,-0.02609253,-0.0263061523,-0.00338681368,-5.026143E-05,0.001304769,3.83712E-05,0.00254866481,0.00115200388,4.86851072,-0.0361938477,-0.0368042,0.05972654,9.67822853E-05,-0.000256485771,3.83825936E-05,0.00253991783,0.00114281091,4.889387,-0.030456543,-0.0297241211,0.05847162,9.926411E-05,-0.000255528284,0.00253882748,-0.00349441171,-0.00251398212,1.01955462,-0.112243652,-0.2571411,0.0639768,0.00484199869,0.08032914,0.00230233418,-0.00320063531,-0.00242435164,1.032125,-0.07940674,-0.246948242,0.059921857,0.00466503529,0.07371734,-0.5500161,2.1321528,2.73881,3.51421022
593,11.859995797902494,3836,0,0,0,0,0,-0.00012614351,0,-0.0009691634,-0.00012614351,0,-0.0009691634,1,0,0,1,2.52286918E-06,0,1.938326E-05,0,0,0,-0.000425143255,-0.00147403777,-0.000195851637,-0.150817871,-0.0182495117,0.0457553379,0.00180813507,-0.000433937676,0.00219412148,-6.187443E-05,4.4554472E-05,-0.0006427048,-0.009521484,-0.0258178711,-0.0321044922,-0.005046801,-0.000171187043,0.00150538073,-5.142762E-05,8.47131E-05,-0.000813897,0.008824455,-0.02609253,-0.0263061523,-0.00337261264,-4.97563742E-05,0.00130357372,3.75308919E-05,0.002550006,0.00115376688,4.868445,-0.0361938477,-0.0368042,0.0598127358,9.815699E-05,-0.0002547807,3.80274432E-05,0.00254148245,0.00113994419,4.88935328,-0.030456543,-0.0297241211,0.05852919,0.000101528778,-0.000253740465,0.002537801,-0.00349250436,-0.002509803,1.01958776,-0.112213135,-0.2571411,0.06392362,0.00483416859,0.0802851245,0.00230137073,-0.003198415,-0.00242346525,1.03213549,-0.07940674,-0.24697876,0.0599120148,0.004662778,0.07369099,-0.5500161,2.1321528,2.73881,3.51421022
594,11.879995790816325,3843,0,0,0,0,0,-0.000126093029,0,-0.000968345557,-0.000126093029,0,-0.000968345557,1,0,0,1,2.52185964E-06,1.49011612E-08,1.93669039E-05,0,0,0,-0.000425038132,-0.001475513,-0.000195826462,-0.150787354,-0.0182495117,0.04575582,0.00180690212,-0.00043453736,0.002192553,-6.22434454E-05,4.45991755E-05,-0.0006526776,-0.00958251953,-0.0258178711,-0.0321044922,-0.00509624043,-0.000171335967,0.00150706212,-5.18321976E-05,8.47131E-05,-0.0008250608,0.008772478,-0.02609253,-0.0263061523,-0.00342798512,-4.93894877E-05,0.00130560342,3.714409E-05,0.00255475938,0.00115678168,4.86859274,-0.0361938477,-0.03677368,0.06000457,9.205954E-05,-0.000255061226,3.746678E-05,0.00254225731,0.001144363,4.889505,-0.030456543,-0.0297241211,0.0587278567,9.77398959E-05,-0.000253675,0.00253955647,-0.00348639488,-0.00250409078,1.01948333,-0.112243652,-0.257202148,0.06386245,0.00481660664,0.08026073,0.00230292045,-0.00319968164,-0.002414629,1.03200066,-0.07940674,-0.247009277,0.05980254,0.00464582024,0.0736709,-0.5500161,2.1321528,2.73881,3.51421022
595,11.899995783730159,3851,0,0,0,0,0,-0.000126122861,0,-0.0009683518,-0.000126122861,0,-0.0009683518,1,0,0,1,2.52245627E-06,0,1.93670276E-05,0,0,0,-0.000425081846,-0.00147439539,-0.000195415254,-0.150787354,-0.0182495117,0.0457558222,0.00180364877,-0.000433661742,0.00219135918,-6.177452E-05,4.45693731E-05,-0.0006448929,-0.009613037,-0.0258178711,-0.0321044922,-0.00505783036,-0.000172303786,0.00150507968,-5.18223023E-05,8.47131E-05,-0.0008234644,0.008719977,-0.02609253,-0.0263061523,-0.00341954571,-5.07399382E-05,0.0013059628,3.83985825E-05,0.00255082548,0.00115654513,4.868481,-0.0361938477,-0.0368042,0.0598277673,9.41008038E-05,-0.00025690996,3.835648E-05,0.00254298747,0.00114499533,4.88951731,-0.030456543,-0.0297241211,0.0586497672,9.423544E-05,-0.0002562369,0.00254060747,-0.00349217653,-0.00251020771,1.01944661,-0.112243652,-0.257171631,0.06394575,0.00483127777,0.08033329,0.002305014,-0.00319890678,-0.00241943682,1.0318917,-0.0794372559,-0.247009277,0.059882585,0.00465168525,0.07373383,-0.5500161,2.1321528,2.73881,3.51421022
596,11.91999577664399,3859,0,0,0,0,0,-0.000126123356,0,-0.0009687355,-0.000126123356,0,-0.0009687355,1,0,0,1,2.522466E-06,1.49011612E-08,1.93747019E-05,0,0,0,-0.000425052684,-0.00147591531,-0.000195484216,-0.150787354,-0.0182495117,0.04575528,0.00180585752,-0.000435533846,0.00219415058,-6.186109E-05,4.45842743E-05,-0.0006456732,-0.009643555,-0.0258178711,-0.0321044922,-0.00506231375,-0.000173065026,0.00150590285,-5.13221057E-05,8.47131E-05,-0.000816273037,0.008688443,-0.02609253,-0.0263061523,-0.003383471,-5.178169E-05,0.0013037161,3.830653E-05,0.00255161524,0.00115354313,4.86851168,-0.0361938477,-0.0368042,0.0598982126,9.56480653E-05,-0.000257078122,3.92674265E-05,0.00254191458,0.00114075176,4.88942575,-0.030456543,-0.0297241211,0.05853973,9.842645E-05,-0.0002570087,0.00254084263,-0.003492698,-0.00250746729,1.01939845,-0.112243652,-0.257202148,0.06391963,0.004826508,0.08032753,0.002305532,-0.00320108235,-0.002423788,1.03191626,-0.0794372559,-0.247009277,0.0599541776,0.00466088858,0.0737803,-0.5500161,2.1321528,2.73881,3.51421022
597,11.939995769557823,3868,0,0,0,0,0,-0.000126141691,0,-0.0009682753,-0.000126141691,0,-0.0009682753,1,0,0,1,2.5228328E-06,0,1.93654978E-05,0,0,0,-0.000425167644,-0.00147406757,-0.000195498971,-0.150787354,-0.0182495117,0.0457553528,0.00180670491,-0.0004348678,0.00219420157,-6.180565E-05,4.4554472E-05,-0.0006504886,-0.009674072,-0.0258178711,-0.0321044922,-0.005085202,-0.000171240521,0.00150485535,-5.147241E-05,8.46684E-05,-0.0008148312,0.008691209,-0.02609253,-0.0263061523,-0.003376883,-4.942029E-05,0.00130376173,3.808899E-05,0.002551496,0.00115652836,4.86851025,-0.0361938477,-0.0368042,0.0599225126,9.41076942E-05,-0.0002561615,3.9159906E-05,0.00253938138,0.001140701,4.88924551,-0.030456543,-0.0297241211,0.0584614053,0.000102529062,-0.000257032545,0.002541643,-0.003493622,-0.00250718184,1.01932633,-0.11227417,-0.257202148,0.06391961,0.00482591242,0.08034347,0.00230392721,-0.00320410728,-0.00242620613,1.03198647,-0.0794372559,-0.24697876,0.0599693321,0.00466967,0.07377506,-0.5500161,2.132153,2.73881,3.51421046
598,11.959995762471655,3875,0,0,0,0,0,-0.000126154657,0,-0.000968535838,-0.000126154657,0,-0.000968535838,1,0,0,1,2.523092E-06,0,1.937071E-05,0,0,0,-0.000425121048,-0.00147588551,-0.000195484,-0.150787354,-0.0182495117,0.0457553938,0.00180360186,-0.000432945148,0.00219451683,-6.179846E-05,4.45842743E-05,-0.0006396668,-0.009674072,-0.0258178711,-0.03213501,-0.00503130769,-0.000171073363,0.00150487514,-5.1627736E-05,8.46982E-05,-0.000817164546,0.008683647,-0.02609253,-0.0263061523,-0.0033886095,-4.925391E-05,0.0013046047,3.82520557E-05,0.002549246,0.00115290342,4.868309,-0.0361938477,-0.0368042,0.05972749,9.75863E-05,-0.000256466243,3.80485653E-05,0.002540961,0.0011419364,4.88918543,-0.030456543,-0.0297241211,0.05854746,0.000103449376,-0.000254352257,0.00254067266,-0.0034955442,-0.002514754,1.01936722,-0.112243652,-0.257171631,0.06401526,0.004842592,0.08037895,0.002302737,-0.00320105255,-0.0024227472,1.032014,-0.0794372559,-0.246948242,0.0599205,0.004662237,0.07372524,-0.5500161,2.1321528,2.73881,3.51421022
599,11.979995755385486,3883,0,0,0,0,0,-0.000126122264,0,-0.0009683434,-0.000126122264,0,-0.0009683434,1,0,0,1,2.52244422E-06,1.49011612E-08,1.936686E-05,0,0,0,-0.000425167033,-0.00147405267,-0.000195476256,-0.150787354,-0.0182495117,0.04575534,0.001806783,-0.000434188172,0.00219415,-6.20228457E-05,4.46140766E-05,-0.000648247951,-0.009735107,-0.0258178711,-0.03213501,-0.005074114,-0.000170912448,0.00150594325,-5.20245521E-05,8.47131E-05,-0.0008236955,0.0086385645,-0.02609253,-0.0263061523,-0.00342113315,-4.934008E-05,0.00130661076,3.769747E-05,0.00255411863,0.00115366653,4.86843967,-0.0361938477,-0.0368042,0.0599824823,9.402459E-05,-0.000255701,3.697724E-05,0.00254292786,0.00114401488,4.889333,-0.030456543,-0.0297241211,0.0587244034,9.62591148E-05,-0.000252913742,0.002541762,-0.00349015,-0.00250627846,1.01932132,-0.11227417,-0.257232666,0.0639202,0.0048215203,0.08033373,0.00230386667,-0.00319971144,-0.00241637882,1.03187239,-0.0794372559,-0.247009277,0.05984008,0.00464830641,0.0737033561,-0.5500161,2.1321528,2.73881,3.51421022
600,11.99999574829932,3891,0,0,0,0,0,-0.000126114363,0,-0.000968035543,-0.000126114363,0,-0.000968035543,1,0,0,1,2.5222862E-06,0,1.93607029E-05,0,0,0,-0.000424920116,-0.001475513,-0.000195599743,-0.150787354,-0.0182495117,0.04575559,0.00180658372,-0.0004356068,0.00219231215,-6.18594349E-05,4.4554472E-05,-0.0006428789,-0.009735107,-0.0258178711,-0.03213501,-0.005047962,-0.000173008331,0.001505736,-5.19802525E-05,8.46684E-05,-0.0008227054,0.008592135,-0.02609253,-0.0263061523,-0.00341524952,-5.14011081E-05,0.00130702346,3.83372681E-05,0.00254875422,0.00115533976,4.86823368,-0.0361938477,-0.0368042,0.0597459562,9.55297437E-05,-0.000256987667,3.75437448E-05,0.00254127383,0.00114420126,4.88933325,-0.030456543,-0.0297241211,0.0586466864,9.467762E-05,-0.000254442333,0.00254126359,-0.003496632,-0.0025139153,1.01934791,-0.11227417,-0.257171631,0.06400353,0.004841177,0.08038597,0.00230556959,-0.00320266187,-0.00241838372,1.0317421,-0.07946777,-0.2470398,0.0598785244,0.004652495,0.07375601,-0.5500161,2.1321528,2.73881,3.51421022
601,12.019995741213151,3898,0,0,0,0,0,-0.000126113649,0,-0.000968457258,-0.000126113649,0,-0.000968457258,1,0,0,1,2.522272E-06,1.49011612E-08,1.93691376E-05,0,0,0,-0.000425014267,-0.00147436559,-0.000195463028,-0.150787354,-0.0182495117,0.0457555428,0.00180434482,-0.000435289636,0.00219117617,-6.18800841E-05,4.45991755E-05,-0.0006478801,-0.009765625,-0.0258178711,-0.03213501,-0.00507358648,-0.000173411565,0.00150627608,-5.15498759E-05,8.47429037E-05,-0.0008112083,0.008589124,-0.02609253,-0.0263061523,-0.00335769448,-5.23105555E-05,0.00130511273,3.773417E-05,0.00255395472,0.00115571124,4.868356,-0.0361938477,-0.0368042,0.059987437,9.38908051E-05,-0.000255440362,3.84005725E-05,0.00253894925,0.00114121183,4.8891387,-0.030456543,-0.0297241211,0.0584510863,0.0001010657,-0.000255218649,0.00254178513,-0.00349064171,-0.00250550034,1.01930916,-0.11227417,-0.257202148,0.06391507,0.00482051261,0.08033379,0.00230497774,-0.00320605934,-0.00242668483,1.031803,-0.0794372559,-0.247009277,0.0599929951,0.00467128959,0.07381002,-0.5500161,2.1321528,2.73881,3.51421022
602,12.039995734126984,3906,0,0,0,0,0,-0.000126126411,0,-0.000968231645,-0.000126126411,0,-0.000968231645,1,0,0,1,2.52252721E-06,0,1.93646247E-05,0,0,0,-0.000425270933,-0.00147593021,-0.000195560453,-0.150787354,-0.0182495117,0.04575576,0.00180667976,-0.000433226058,0.0021944996,-6.203812E-05,4.4554472E-05,-0.0006426803,-0.009796143,-0.0258178711,-0.03213501,-0.00504581025,-0.000169900319,0.00150569435,-5.204845E-05,8.47131E-05,-0.0008230835,0.008548934,-0.02609253,-0.0263061523,-0.00341839879,-4.83078948E-05,0.00130641588,3.79685443E-05,0.00254930556,0.00115716574,4.868237,-0.0361938477,-0.0368042,0.05982437,9.5962474E-05,-0.000256388768,3.79080448E-05,0.00254483521,0.00114225165,4.889275,-0.030456543,-0.0297241211,0.0587186143,9.947201E-05,-0.000255425082,0.00254176883,-0.00349670649,-0.00251033087,1.01924241,-0.11227417,-0.257202148,0.0639617443,0.00483419839,0.08037611,0.00230589183,-0.003198728,-0.002418687,1.03171146,-0.07946777,-0.2470398,0.05990256,0.00464951061,0.07375612,-0.5500161,2.1321528,2.73881,3.51421022
603,12.059995727040816,3914,0,0,0,0,0,-0.000126174928,0,-0.0009678813,-0.000126174928,0,-0.0009678813,1,0,0,1,2.52349741E-06,1.49011612E-08,1.93576179E-05,0,0,0,-0.00042499,-0.00147406757,-0.0001955662,-0.150787354,-0.0182495117,0.0457550772,0.00180743507,-0.0004358775,0.0021936954,-6.173055E-05,4.46140766E-05,-0.000647165463,-0.00982666,-0.0258178711,-0.03213501,-0.00506949844,-0.000172953078,0.001505234,-5.14045E-05,8.47578049E-05,-0.0008187253,0.008524618,-0.02609253,-0.0263061523,-0.00339511712,-5.14597559E-05,0.001304309,3.77891156E-05,0.00255352259,0.00115647656,4.86826,-0.0361938477,-0.0368042,0.0599141233,9.424778E-05,-0.000254982326,3.880461E-05,0.002540663,0.00114202488,4.889169,-0.030456543,-0.0297241211,0.0585540161,9.729005E-05,-0.0002558689,0.002542363,-0.00349147618,-0.00250921049,1.01922643,-0.11227417,-0.257232666,0.06397317,0.0048275264,0.0803718641,0.00230703829,-0.00320482254,-0.002423886,1.031708,-0.07946777,-0.247009277,0.0599674359,0.00466266833,0.0738236159,-0.5500161,2.1321528,2.73881,3.51421022
604,12.079995719954647,3922,0,0,0,0,0,-0.00012613018,0,-0.0009679846,-0.00012613018,0,-0.0009679846,1,0,0,1,2.52260247E-06,0,1.93596843E-05,0,0,0,-0.000425130042,-0.00147588551,-0.000195646571,-0.150787354,-0.0182495117,0.0457552746,0.00180730119,-0.000434995338,0.002194488,-6.194475E-05,4.46140766E-05,-0.000645404,-0.009857178,-0.0258178711,-0.03213501,-0.00506006274,-0.000171419568,0.00150576944,-5.167088E-05,8.4728E-05,-0.000820869929,0.008491289,-0.02609253,-0.0263061523,-0.00340651418,-4.989674E-05,0.0013050948,3.84289124E-05,0.00255218148,0.0011555875,4.86825132,-0.0361938477,-0.0368042,0.059904784,9.30737151E-05,-0.0002574552,3.86529064E-05,0.00254192948,0.00114188856,4.88917637,-0.030456543,-0.0297241211,0.0586359948,9.9914374E-05,-0.000256284722,0.00254384242,-0.00349424779,-0.00250935,1.01918638,-0.112304688,-0.257232666,0.06397336,0.004828132,0.08040252,0.0023067412,-0.003203988,-0.002421326,1.03167355,-0.07946777,-0.2470398,0.0599409044,0.004657773,0.07380534,-0.5500161,2.1321528,2.73881,3.51421022
605,12.099995712868481,3930,0,0,0,0,0,-0.000126173327,0,-0.0009679311,-0.000126173327,0,-0.0009679311,1,0,0,1,2.52346558E-06,0,1.93586147E-05,0,0,0,-0.000425095641,-0.00147403777,-0.000195614091,-0.150787354,-0.0182495117,0.0457550324,0.00180717849,-0.000435146241,0.002193933,-6.17709957E-05,4.45693731E-05,-0.0006447637,-0.009887695,-0.0258178711,-0.03213501,-0.00505706947,-0.000171838372,0.0015050713,-5.138175E-05,8.47131E-05,-0.0008208998,0.008457427,-0.02609253,-0.0263061523,-0.00340640149,-5.03636838E-05,0.0013038686,3.84129271E-05,0.00255197287,0.00115555362,4.86824274,-0.0361938477,-0.0368042,0.0599030443,9.599873E-05,-0.000256768632,3.857035E-05,0.002542466,0.00114105362,4.88918,-0.030456543,-0.0297241211,0.05863425,9.823172E-05,-0.000255044462,0.002543536,-0.003495127,-0.00251020072,1.01913214,-0.112304688,-0.257263184,0.06399001,0.004830833,0.0804087743,0.00230743643,-0.00320333242,-0.00242242217,1.0316081,-0.07949829,-0.2470398,0.05995865,0.00465837074,0.07382032,-0.5500161,2.1321528,2.73881,3.51421022
606,12.119995705782312,3938,0,0,0,0,0,-0.000126143175,0,-0.000967799453,-0.000126143175,0,-0.000967799453,1,0,0,1,2.52286259E-06,0,1.935598E-05,0,0,0,-0.0004249942,-0.00147554278,-0.000195650908,-0.150787354,-0.0182495117,0.04575566,0.00180706545,-0.0004353961,0.00219244044,-6.177855E-05,4.45693731E-05,-0.0006454707,-0.009918213,-0.0258178711,-0.03213501,-0.005060638,-0.000171984328,0.00150517328,-5.17539447E-05,8.4728E-05,-0.00082106347,0.008419849,-0.02609253,-0.0263061523,-0.003407068,-5.06350225E-05,0.00130578794,3.846191E-05,0.00255176425,0.0011551819,4.868214,-0.0361938477,-0.0368042,0.05990446,9.39705351E-05,-0.00025697297,3.87122927E-05,0.00254233181,0.001141351,4.88917255,-0.030456543,-0.0297241211,0.05863584,9.709797E-05,-0.000256758882,0.00254466524,-0.00349625945,-0.00250991178,1.01907742,-0.112304688,-0.257263184,0.06399457,0.00483003538,0.08043222,0.00230804482,-0.003204614,-0.00242329878,1.03156769,-0.07949829,-0.2470398,0.0599788055,0.00466058031,0.0738445,-0.5500161,2.1321528,2.73881,3.51421022
607,12.139995698696145,3946,0,0,0,0,0,-0.000126185376,0,-0.000967934844,-0.000126185376,0,-0.000967934844,1,0,0,1,2.5237066E-06,1.49011612E-08,1.935869E-05,0,0,0,-0.000424988277,-0.00147435069,-0.000195490618,-0.150787354,-0.0182495117,0.0457554981,0.00180409383,-0.000434528774,0.00219112425,-6.175015E-05,4.450977E-05,-0.0006404641,-0.00994873047,-0.0258178711,-0.03213501,-0.005036134,-0.000172722444,0.00150540832,-5.145682E-05,8.46236944E-05,-0.0008143273,0.008421178,-0.02609253,-0.0263061523,-0.003373077,-5.145622E-05,0.00130463543,3.802379E-05,0.00254815817,0.00115496572,4.86810064,-0.0361938477,-0.0368042,0.0598134361,9.786349E-05,-0.0002555616,3.880295E-05,0.00253885984,0.00113974023,4.888953,-0.030456543,-0.0297241211,0.05846002,0.000101944832,-0.00025585675,0.00254313042,-0.00350162387,-0.002512783,1.01906407,-0.112304688,-0.257232666,0.0640195459,0.004841609,0.0804417655,0.00230674539,-0.00320830941,-0.0024281193,1.03162146,-0.07946777,-0.247009277,0.0600323454,0.00467392476,0.0738622546,-0.5500161,2.1321528,2.73881,3.51421022
608,12.159995691609977,3954,0,0,0,0,0,-0.000126143219,0,-0.0009678209,-0.000126143219,0,-0.0009678209,1,0,0,1,2.5228635E-06,1.49011612E-08,1.935641E-05,0,0,0,-0.000425191363,-0.00147593021,-0.0001955555,-0.150787354,-0.0182495117,0.0457554124,0.00180731865,-0.000434096874,0.00219433568,-6.235888E-05,4.48226929E-05,-0.0006443887,-0.009979248,-0.0258178711,-0.03213501,-0.005054778,-0.0001706306,0.00150771393,-5.17812441E-05,8.499622E-05,-0.000821996364,0.008387539,-0.02609253,-0.0263061523,-0.00341218221,-4.91672945E-05,0.00130556512,3.79221965E-05,0.00256177783,0.001156689,4.868078,-0.0361938477,-0.0368042,0.0599055924,9.35909E-05,-0.000257336244,3.75365125E-05,0.00254429877,0.00114059658,4.889083,-0.030456543,-0.0297241211,0.058712665,0.000101595411,-0.000253328326,0.00254512439,-0.00348587334,-0.002512007,1.0191493,-0.112304688,-0.257232666,0.06405509,0.00482535269,0.08042905,0.002306885,-0.00320151448,-0.00242008665,1.031575,-0.07946777,-0.2470398,0.0599417724,0.004653571,0.07379984,-0.5500161,2.1321528,2.73881,3.51421022
609,12.179995684523808,3962,0,0,0,0,0,-0.0001261538,0,-0.00096744555,-0.0001261538,0,-0.00096744555,1,0,0,1,2.523075E-06,0,1.93489032E-05,0,0,0,-0.000425041682,-0.00147405267,-0.0001955965,-0.150787354,-0.0182495117,0.0457550175,0.00180778652,-0.0004355613,0.00219382532,-6.16695252E-05,4.439056E-05,-0.000647643,-0.009979248,-0.0258178711,-0.03213501,-0.00507158553,-0.000172685744,0.00150482845,-5.20422473E-05,8.454919E-05,-0.0008181027,0.008361791,-0.02609253,-0.0263061523,-0.00339184236,-5.09646743E-05,0.0013074372,3.89660745E-05,0.00254495442,0.00115597725,4.8680625,-0.0361938477,-0.0368042,0.0599159859,9.394352E-05,-0.0002578414,3.834666E-05,0.00254111,0.00114306656,4.88894749,-0.030456543,-0.0297241211,0.05855631,9.50598551E-05,-0.000256742584,0.00254487083,-0.003501311,-0.0025080503,1.0190537,-0.112304688,-0.257232666,0.06395488,0.004830227,0.08043505,0.00230817,-0.003205359,-0.0024255123,1.03155518,-0.07949829,-0.2470398,0.0600033663,0.004665156,0.07386031,-0.5500161,2.1321528,2.73881,3.51421022
610,12.199995677437641,3970,0,0,0,0,0,-0.000126146231,0,-0.000967440836,-0.000126146231,0,-0.000967440836,1,0,0,1,2.52292375E-06,1.49011612E-08,1.93488086E-05,0,0,0,-0.000425028964,-0.001475513,-0.000195637811,-0.150787354,-0.0182495117,0.0457556173,0.00180739688,-0.0004351296,0.00219245884,-6.200421E-05,4.46885824E-05,-0.000647634035,-0.0100097656,-0.0258178711,-0.03213501,-0.00507098529,-0.000171440712,0.00150606467,-5.1691808E-05,8.481741E-05,-0.000818795,0.008343021,-0.02609253,-0.0263061523,-0.00339582516,-4.976095E-05,0.00130525162,3.758673E-05,0.00255659223,0.00115649728,4.86803865,-0.0361938477,-0.0368042,0.0599173643,9.54139759E-05,-0.000255260529,3.8176855E-05,0.00254145265,0.00114090636,4.888961,-0.030456543,-0.0297241211,0.0586288,0.000100900084,-0.0002548113,0.002544441,-0.00349520147,-0.002510013,1.01899993,-0.112335205,-0.257263184,0.06401272,0.00483015925,0.08043621,0.00230763434,-0.00320614874,-0.00242245314,1.031529,-0.07949829,-0.2470398,0.05997255,0.004660882,0.07384193,-0.5500161,2.1321528,2.73881,3.51421022
611,12.219995670351473,3978,0,0,0,0,0,-0.0001261734,0,-0.0009675325,-0.0001261734,0,-0.0009675325,1,0,0,1,2.523467E-06,0,1.93506421E-05,0,0,0,-0.00042508074,-0.001474008,-0.000195613116,-0.150787354,-0.0182495117,0.0457550772,0.00180738058,-0.0004362172,0.00219362439,-6.180948E-05,4.44501638E-05,-0.000647747132,-0.0100402832,-0.0258178711,-0.03213501,-0.00507217366,-0.000172821645,0.00150562671,-5.17257431E-05,8.454919E-05,-0.0008172036,0.008299833,-0.02609253,-0.0263061523,-0.00338740065,-5.10202153E-05,0.00130586,3.81772334E-05,0.00254692137,0.00115558691,4.86801147,-0.0361938477,-0.0368042,0.0599158742,9.205289E-05,-0.000256179,3.78531222E-05,0.00254160166,0.00114391674,4.88892555,-0.030456543,-0.0297241211,0.0586301349,9.792377E-05,-0.0002541697,0.002545993,-0.003499478,-0.00251085451,1.01894462,-0.112335205,-0.257263184,0.0640144646,0.00483302353,0.08047322,0.00230817264,-0.00320598483,-0.00242195185,1.03148413,-0.07949829,-0.2470398,0.0599698536,0.00465932349,0.07384893,-0.5500161,2.1321528,2.73881,3.51421022
612,12.239995663265306,3986,0,0,0,0,0,-0.0001261356,0,-0.000967277,-0.0001261356,0,-0.000967277,1,0,0,1,2.522711E-06,1.49011612E-08,1.93455326E-05,0,0,0,-0.000425006147,-0.00147590041,-0.000195512112,-0.150787354,-0.0182495117,0.0457549244,0.00180366484,-0.000434795948,0.00219423859,-6.180576E-05,4.47183847E-05,-0.000646985834,-0.0100708008,-0.0258178711,-0.03213501,-0.005068518,-0.000172944638,0.00150571053,-5.19429668E-05,8.484721E-05,-0.000818678,0.008276914,-0.02609253,-0.0263061523,-0.00339438231,-5.120298E-05,0.0013071422,3.796455E-05,0.00255773962,0.001154006,4.867993,-0.0361938477,-0.0368042,0.0599096045,9.74499053E-05,-0.000255476276,3.80138154E-05,0.00254236162,0.00114425248,4.88892031,-0.030456543,-0.0297241211,0.0586377345,9.809009E-05,-0.000255398976,0.002545488,-0.00349490345,-0.002511742,1.01895142,-0.112335205,-0.257263184,0.06405812,0.00483202143,0.08047036,0.00230859313,-0.00320526958,-0.002422921,1.03142285,-0.07949829,-0.247070313,0.05998672,0.00465996144,0.0738590062,-0.5500161,2.1321528,2.73881,3.51421022
613,12.259995656179138,3994,0,0,0,0,0,-0.000126141778,0,-0.000967734,-0.000126141778,0,-0.000967734,1,0,0,1,2.52283462E-06,0,1.9354673E-05,0,0,0,-0.000425078964,-0.0014744252,-0.000195507178,-0.150787354,-0.0182495117,0.0457554758,0.00180749607,-0.000434678572,0.00219147559,-6.21728E-05,4.439056E-05,-0.000640765531,-0.0101013184,-0.0258178711,-0.03213501,-0.00503708655,-0.000171338033,0.00150719145,-5.17298577E-05,8.45044851E-05,-0.0008162531,0.008241591,-0.02609253,-0.0263061523,-0.00338299153,-5.02351977E-05,0.00130565965,3.82408434E-05,0.00254297256,0.00115542545,4.867848,-0.0361938477,-0.0368042,0.05981711,9.685372E-05,-0.000257433479,3.840113E-05,0.0025421977,0.0011428541,4.888892,-0.030456543,-0.0297241211,0.0586253144,9.83315549E-05,-0.000255611754,0.002545075,-0.003505513,-0.00251277955,1.0189501,-0.112304688,-0.257232666,0.0640295,0.00484262127,0.08048949,0.00230977917,-0.00320628285,-0.00242250157,1.03140271,-0.07952881,-0.2470398,0.0599937849,0.00465878937,0.0738839358,-0.5500161,2.1321528,2.73881,3.51421022
614,12.279995649092969,4002,0,0,0,0,0,-0.000126164785,0,-0.000967332744,-0.000126164785,0,-0.000967332744,1,0,0,1,2.5232946E-06,0,1.93466476E-05,0,0,0,-0.000425030856,-0.00147593021,-0.000195608,-0.150787354,-0.0182495117,0.04575499,0.00180698384,-0.0004358159,0.00219403463,-6.211351E-05,4.476309E-05,-0.000645043561,-0.0101013184,-0.0258178711,-0.03213501,-0.00505882734,-0.000172236629,0.00150723,-5.1544117E-05,8.48919153E-05,-0.000818770961,0.0082157,-0.02609253,-0.02633667,-0.00339485658,-5.10815626E-05,0.0013051792,3.69108056E-05,0.002558723,0.00115769159,4.86784,-0.0361938477,-0.0368042,0.059913598,9.55296E-05,-0.0002536607,3.84611121E-05,0.002542168,0.00114444515,4.88887167,-0.030456543,-0.0297241211,0.058639098,9.77821546E-05,-0.0002552562,0.00254455348,-0.00349220634,-0.00251181331,1.0189724,-0.112304688,-0.257263184,0.0640524,0.004831173,0.08044548,0.00230973028,-0.00320677459,-0.002423294,1.031361,-0.07952881,-0.247070313,0.0600032173,0.00466068229,0.07388907,-0.5500161,2.1321528,2.73881,3.51421022
615,12.299995642006802,4010,0,0,0,0,0,-0.000126149869,0,-0.0009675088,-0.000126149869,0,-0.0009675088,1,0,0,1,2.52299651E-06,0,1.935017E-05,0,0,0,-0.000425135222,-0.00147405267,-0.0001955837,-0.150787354,-0.0182495117,0.0457551368,0.00180757674,-0.000434870715,0.00219403231,-6.230291E-05,4.442036E-05,-0.000642651,-0.0101318359,-0.0258178711,-0.03213501,-0.00504630525,-0.000170877611,0.00150769635,-5.18330635E-05,8.453429E-05,-0.0008147318,0.008213426,-0.02609253,-0.02633667,-0.00337535446,-4.97164074E-05,0.00130611018,3.780529E-05,0.0025446564,0.00115760672,4.86781549,-0.0361938477,-0.0368042,0.0599046759,9.393147E-05,-0.000256639876,3.86966967E-05,0.00254057348,0.00114218926,4.88875866,-0.030456543,-0.0297241211,0.0585455634,0.000101648759,-0.0002566691,0.002545574,-0.00350292027,-0.00250958488,1.01888776,-0.112335205,-0.257263184,0.06398853,0.004834041,0.08046903,0.00230934145,-0.003208831,-0.00242737541,1.031375,-0.07952881,-0.2470398,0.0600542165,0.00467029028,0.07391307,-0.5500161,2.1321528,2.73881,3.51421022
616,12.319995634920634,4018,0,0,0,0,0,-0.000126159823,0,-0.0009672444,-0.000126159823,0,-0.0009672444,1,0,0,1,2.52319546E-06,0,1.934488E-05,0,0,0,-0.000424953731,-0.00147549808,-0.000195630157,-0.150787354,-0.0182495117,0.0457555242,0.00180678267,-0.0004353448,0.00219230819,-6.209191E-05,4.476309E-05,-0.0006460136,-0.0101318359,-0.0258178711,-0.03213501,-0.005063258,-0.000171787964,0.00150682987,-5.17107619E-05,8.48919153E-05,-0.0008184935,0.008189448,-0.02609253,-0.02633667,-0.003393766,-5.00803253E-05,0.00130572275,3.73681E-05,0.00255969167,0.00115922734,4.86778259,-0.0361938477,-0.0368042,0.05992097,9.377543E-05,-0.0002548836,3.802421E-05,0.002542302,0.00114379171,4.888735,-0.030456543,-0.0297241211,0.0586367138,9.94334041E-05,-0.000254454731,0.00254619727,-0.003491491,-0.00251205987,1.01887488,-0.112335205,-0.2572937,0.06407032,0.00482921628,0.0804748,0.002309281,-0.00320662558,-0.00242365757,1.0313499,-0.07952881,-0.2470398,0.0600099526,0.004661916,0.0738858953,-0.5500161,2.1321528,2.73881,3.51421022
617,12.339995627834467,4027,0,0,0,0,0,-0.0001261576,0,-0.0009669901,-0.0001261576,0,-0.0009669901,1,0,0,1,2.523151E-06,0,1.93397937E-05,0,0,0,-0.000425051141,-0.00147399306,-0.000195440181,-0.150787354,-0.0182495117,0.045754835,0.001804387,-0.00043455683,0.00219356664,-6.194158E-05,4.439056E-05,-0.000646464352,-0.0101623535,-0.0258178711,-0.03213501,-0.00506587047,-0.000172822009,0.00150643475,-5.1954863E-05,8.454919E-05,-0.0008184823,0.008168423,-0.02609253,-0.02633667,-0.00339315063,-5.10202844E-05,0.001307309,3.85302155E-05,0.00254462659,0.00115654478,4.86775,-0.0361938477,-0.0368042,0.05991581,9.394442E-05,-0.000257506734,3.813587E-05,0.0025420934,0.00114244991,4.88871861,-0.030456543,-0.0297241211,0.0586336367,9.83771461E-05,-0.000255669176,0.0025471088,-0.003504619,-0.00250919349,1.01879537,-0.112335205,-0.2572937,0.06400362,0.00483308034,0.0805047154,0.002310062,-0.00320707262,-0.00242321054,1.03132212,-0.07952881,-0.2470398,0.0600094944,0.00466050673,0.07389832,-0.5500161,2.1321528,2.73881,3.51421022
618,12.359995620748299,4035,0,0,0,0,0,-0.000126180021,0,-0.0009675656,-0.000126180021,0,-0.0009675656,1,0,0,1,2.52359951E-06,0,1.93513042E-05,0,0,0,-0.000425091217,-0.00147588551,-0.000195704371,-0.150787354,-0.0182495117,0.0457549579,0.00181009748,-0.000435869355,0.00219438062,-6.19074854E-05,4.477799E-05,-0.0006429675,-0.0101928711,-0.0258178711,-0.03213501,-0.00504786661,-0.000170976273,0.00150575733,-5.180546E-05,8.48919153E-05,-0.0008155086,0.008130559,-0.02609253,-0.02633667,-0.003379303,-4.971132E-05,0.00130595441,3.791858E-05,0.0025587827,0.00115602918,4.86770725,-0.0361938477,-0.0368042,0.0599020422,9.690914E-05,-0.000255613617,3.825804E-05,0.002541989,0.00114483223,4.8886714,-0.030456543,-0.0297241211,0.0586291552,9.919688E-05,-0.000255343184,0.002547014,-0.00349393487,-0.00251361728,1.01880193,-0.112335205,-0.257324219,0.06410135,0.004833149,0.08050897,0.00231017778,-0.00320750475,-0.00242467574,1.03127337,-0.07952881,-0.247070313,0.06002777,0.004663382,0.07390944,-0.5500161,2.1321528,2.73881,3.51421022
