step,fixed_time,frame,input_x,input_y,desired_vx,desired_vy,desired_vz,target_ax,target_ay,target_az,applied_ax,applied_ay,applied_az,grounded,stepped,step_rise,full_rig_acceleration,Player_vx,Player_vy,Player_vz,Player_avx,Player_avy,Player_avz,ChestPhysics_vx,ChestPhysics_vy,ChestPhysics_vz,ChestPhysics_angle_x,ChestPhysics_angle_y,ChestPhysics_angle_z,ChestPhysics_rel_avx,ChestPhysics_rel_avy,ChestPhysics_rel_avz,ThighPhysics_L_vx,ThighPhysics_L_vy,ThighPhysics_L_vz,ThighPhysics_L_angle_x,ThighPhysics_L_angle_y,ThighPhysics_L_angle_z,ThighPhysics_L_rel_avx,ThighPhysics_L_rel_avy,ThighPhysics_L_rel_avz,ThighPhysics_R_vx,ThighPhysics_R_vy,ThighPhysics_R_vz,ThighPhysics_R_angle_x,ThighPhysics_R_angle_y,ThighPhysics_R_angle_z,ThighPhysics_R_rel_avx,ThighPhysics_R_rel_avy,ThighPhysics_R_rel_avz,ShinPhysics_L_vx,ShinPhysics_L_vy,ShinPhysics_L_vz,ShinPhysics_L_angle_x,ShinPhysics_L_angle_y,ShinPhysics_L_angle_z,ShinPhysics_L_rel_avx,ShinPhysics_L_rel_avy,ShinPhysics_L_rel_avz,ShinPhysics_R_vx,ShinPhysics_R_vy,ShinPhysics_R_vz,ShinPhysics_R_angle_x,ShinPhysics_R_angle_y,ShinPhysics_R_angle_z,ShinPhysics_R_rel_avx,ShinPhysics_R_rel_avy,ShinPhysics_R_rel_avz,FootPhysics_L_vx,FootPhysics_L_vy,FootPhysics_L_vz,FootPhysics_L_angle_x,FootPhysics_L_angle_y,FootPhysics_L_angle_z,FootPhysics_L_rel_avx,FootPhysics_L_rel_avy,FootPhysics_L_rel_avz,FootPhysics_R_vx,FootPhysics_R_vy,FootPhysics_R_vz,FootPhysics_R_angle_x,FootPhysics_R_angle_y,FootPhysics_R_angle_z,FootPhysics_R_rel_avx,FootPhysics_R_rel_avy,FootPhysics_R_rel_avz,camera_offset_x,camera_offset_y,camera_offset_z,camera_distance
0,0,1,0,0,0,0,0,0,0,0,0,0,0,0,0,0,1,0,0,0,0,0,0,0,0,0,0,0,0,0,0,0,0,0,0,0,0,0,0,0,0,0,0,0,0,0,0,0,0,0,0,0,0,0,0,0,0,0,0,0,0,0,0,0,0,0,0,0,0,0,0,0,0,0,0,0,0,0,0,0,0,0,0,0,0,0,0.5500003,2.13215256,-2.82050323,3.57824159
1,0.0199999929138322,2,0,0,0,0,0,-0.0403742231,0,0.0182626322,0,0,0,0,0,0,1,0.000807484146,-0.17405583,-0.0003652525,0,0,0,0.009857623,-0.1301699,-0.0007003928,0.024248179,-0.00183105469,0.05631886,0.0187213887,-0.002343124,0.0288325232,0.000854112,-0.17396529,-0.0252742171,-0.134613037,-0.006866455,0.00265029375,-0.127504051,-0.005644791,0.00179940776,0.000884377747,-0.17405583,-0.0260984879,-0.132141113,-0.00598144531,0.00275490549,-0.125954971,-0.004887905,0.00188739772,-6.423013E-05,-0.177589625,0.003823428,0.6381655,-0.00561523438,0.0022319206,0.5639726,-0.00528056035,0.002165905,-5.73790931E-05,-0.177677289,0.00381592615,0.6401472,-0.00491333,0.00228514173,0.5659156,-0.00464290846,0.00221556076,-8.97659047E-05,-0.214666039,0.08460981,0.495589942,-0.00341796875,0.0013098066,0.463403046,-0.0039628474,0.00157798454,-0.000108300992,-0.214778081,0.08477558,0.4957767,-0.00305175781,0.00129645923,0.463962018,-0.00356294122,0.0015696889,-0.550032139,2.13567233,2.738815,3.51635313
2,0.0399999858276644,3,0,0,0,0,0,-0.0129940361,0,0.09765431,0,0,0,0,0,0,1,0.000259880617,-0.351888359,-0.00195308554,0,0,0,0.000643655658,-0.3370413,-0.00436450867,0.03097205,10.7982035,0.01418988,0.00440500351,0.00164289214,0.009993357,-3.84952873E-05,-0.351839185,-0.0272479169,-0.28729248,10.7981682,7.58684E-05,-0.123708025,0.005619535,-0.000911578943,3.259722E-05,-0.351831317,-0.02622247,-0.289794922,10.80034,0.000142033387,-0.1237401,0.00646245945,-0.0008780127,0.000262778049,-0.350132644,0.0313427821,1.20368516,10.7957478,0.00230386248,0.6345971,0.00267455261,-0.000584099151,0.000313816185,-0.3501744,0.0311758444,1.20284259,10.7980471,0.00245925016,0.63159126,0.00395247433,-0.0005356819,8.617058E-05,-0.3878334,0.131433323,1.06553721,10.7935514,0.002609897,0.5168135,-0.0005656723,0.0009322051,-1.54817826E-07,-0.387876838,0.131162733,1.06541789,10.7957687,0.00266343378,0.516375363,0.0009890392,0.00102903857,-0.7725475,4.18816948,0.789205,4.331332
3,0.059999978741496596,3,0,0,0,0,0,1.53623831,0,0.239058346,0,0,0,0,0,0,1,-0.0307247546,-0.5360413,-0.004781165,0,0,0,0.148989916,-0.532544434,-0.0174007211,0.07593763,10.4887152,-1.01858521,0.0133826286,-1.19463742,0.152095541,0.243037984,-0.53884697,0.358912319,-1.28488159,15.4078856,0.543006659,2.446908,0.15125598,-2.217433,0.2861081,-0.5335279,-0.3834707,0.480009645,15.4278231,0.6410517,-2.787408,0.06609103,-1.92881632,0.0558948368,-0.5387435,0.143881008,0.257181227,14.91997,1.00487947,-0.532797933,0.504358232,0.9262713,0.06848327,-0.52554667,-0.0227163285,3.20185447,14.9528809,1.21563482,1.98426974,0.5020349,0.7303494,-0.113615751,-0.5084347,-0.005447343,0.644334853,14.2755394,0.845488,-0.379719079,-0.00411345949,0.8382231,-0.137105137,-0.6196072,0.308209062,2.563827,14.2630777,1.02172673,1.55029666,-0.0214689318,0.7296331,-0.771621644,4.19888,0.789568,4.341591
4,0.0799999716553288,3,0,0,0,0,0,1.7894901,0,0.437210023,0,0,0,0,0,0,1,-0.0357897878,-0.726265669,-0.008744197,0,0,0,0.132554561,-0.7210056,-0.00159999728,0.0227276254,6.064632,-1.14959717,0.0470843241,-1.74309468,0.5229313,0.105123132,-0.737297058,0.25826636,-1.5112,14.9415636,0.647199333,1.72292948,-0.991849542,-1.36940169,0.184019729,-0.732447267,-0.241443664,0.540808558,14.9463158,0.8781261,-1.8361479,-1.041674,-1.25025845,0.124421909,-0.7147274,0.275812984,-0.2883911,14.8380909,1.13107979,0.06421739,-0.132994026,0.1056056,0.164159745,-0.706873834,-0.105092809,4.70177555,14.9012842,1.61101913,1.134517,-0.131010413,0.0843575,0.0287361965,-0.6553931,0.136600763,-0.08389282,14.9021015,1.24764562,-0.5970191,0.383076131,0.4864044,0.0122995973,-0.7960289,0.2060768,4.30833864,14.94974,1.73618257,1.62946343,0.406793326,0.263639569,-0.7707199,4.21340656,0.789953768,4.35555172
5,0.099999964569160993,3,0,0,0,0,0,1.55255389,0,0.497424334,0,0,0,0,0,0,1,-0.0310510658,-0.918994844,-0.009948483,0,0,0,0.08887323,-0.908594131,0.007618843,0.0121615846,3.7424593,-0.776123047,0.0504178032,-1.235155,0.5398782,0.025355354,-0.9237778,0.120747983,-1.38833618,13.1293993,0.6555259,0.674184144,-1.84227085,-0.45299083,0.06595939,-0.9217565,-0.111126751,0.42493242,13.1227036,0.880334556,-0.6522536,-1.8526845,-0.428694963,0.09498255,-0.916730344,0.2850066,0.0402249545,13.3621874,0.962425232,0.6829248,-1.39614058,-0.295052141,0.148431167,-0.9108686,-0.08508908,5.53131628,13.4531126,1.35114264,0.461067349,-1.35802972,-0.31299454,0.201527208,-0.9117809,0.331895322,-0.196502686,13.8631382,1.30195737,-0.02144165,-1.07229245,-0.08619096,0.2399864,-0.960338,0.0532916337,5.400123,14.0466108,1.81872034,0.8029841,-0.9740708,-0.315648347,-0.770033062,4.23178434,0.7902125,4.373258
6,0.11999995748299319,4,0,0,0,0,0,1.3112,0,0.482499331,0,0,0,0,0,0,1,-0.0262239911,-1.113633,-0.009649983,0,0,0,0.06355878,-1.10393548,0.006930065,0.0296443813,2.63252378,-0.4192505,0.0434270538,-0.773049355,0.393759251,0.011185674,-1.11530721,0.07460928,-1.23876953,10.9252186,0.649501145,0.2693062,-2.01528358,-0.152967364,0.03767528,-1.11443567,-0.05245871,0.4250836,10.9199705,0.8178399,-0.148110479,-2.0121696,-0.182740763,0.07180993,-1.11461949,0.266508549,0.860165656,11.1336546,0.777496636,0.885519564,-1.9658438,-0.3564487,0.119851805,-1.11470866,-0.0619243979,5.585284,11.195487,0.98510915,-0.0458762757,-1.96301937,-0.2945075,0.272072434,-1.161458,0.4170195,0.393696159,11.4574537,1.18090987,0.557591438,-2.07606816,-0.364850461,0.3326324,-1.126036,-0.0556017123,5.63279772,11.5751152,1.48843932,0.037234433,-2.0952847,-0.4586434,-0.772065938,4.200344,0.78932786,4.343042
7,0.13999995039682539,5,0,0,0,0,0,1.080918,0,0.4298252,0,0,0,0,0,0,1,-0.02161835,-1.31005847,-0.0085965,0,0,0,0.04504006,-1.29881752,0.003850472,0.0390250422,1.711291,-0.131408691,0.0307696089,-0.790119767,0.290089726,0.006765357,-1.31068635,0.0433052853,-1.03665161,8.927233,0.565625,0.107142463,-1.76694584,-0.06733372,0.02182256,-1.310309,-0.025687525,0.406544536,8.924124,0.653719842,0.00646195933,-1.75972366,-0.104970008,0.0688990951,-1.30957329,0.249678835,1.89304459,9.007479,0.5304585,0.9305055,-1.83218861,-0.388313532,0.110377721,-1.31333756,-0.06296782,5.46554756,9.033363,0.5965055,-0.158578873,-1.8353014,-0.304416478,0.263290018,-1.37434733,0.442124516,1.33866215,9.051758,0.87776,0.8192473,-2.02545547,-0.476038754,0.3250701,-1.30822742,-0.08889453,5.51487064,9.081524,0.9906045,-0.21275194,-2.05158687,-0.4534409,-0.7722442,4.19877625,0.7892685,4.34154654
8,0.15999994331065759,5,0,0,0,0,0,0.887618959,0,0.391825616,0,0,0,0,0,0,1,-0.0177523717,-1.50662315,-0.0078365095,0,0,0,0.0328226052,-1.49368477,0.00312027335,0.047857523,0.8745759,0.08725726,0.0223997086,-0.694118,0.2113009,0.0129513247,-1.50699866,0.0374618471,-0.8467102,7.21105528,0.4248791,0.0556183,-1.51651728,-0.07209556,0.0248103589,-1.50678277,-0.0234148167,0.3494636,7.211335,0.456075758,0.0154078212,-1.50856745,-0.09221293,0.06545208,-1.5028187,0.231542483,2.924695,7.22399664,0.271062762,0.8636892,-1.53780842,-0.351555347,0.100328594,-1.50951231,-0.06138835,5.31484842,7.233931,0.274395317,-0.1627188,-1.53522992,-0.254591823,0.215240926,-1.56653547,0.4301909,2.36787343,7.135641,0.4964109,0.877347,-1.63149571,-0.451656282,0.270675182,-1.49815059,-0.0853717,5.26619,7.133224,0.5186922,-0.254570723,-1.63346243,-0.359077841,-0.771886349,4.22890759,0.78939724,4.370654
9,0.17999993622448979,6,0,0,0,0,0,0.7045974,0,0.36203292,0,0,0,0,0,0,1,-0.0140919425,-1.70227349,-0.00724065537,0,0,0,0.02326145,-1.68926609,0.00208890927,0.0546833724,0.171624586,0.249008536,0.0154319927,-0.57493645,0.147403136,0.0167450681,-1.70254529,0.0353494734,-0.665893555,5.774515,0.25215888,0.040388912,-1.268709,-0.08073364,0.0260775313,-1.70237851,-0.02297797,0.260583967,5.778027,0.255500585,0.0062541943,-1.262083,-0.0802866146,0.0552593954,-1.69568563,0.2144244,3.88770318,5.765152,0.0357625,0.7782559,-1.25930572,-0.295114756,0.08521474,-1.7041347,-0.05578761,5.17203474,5.772211,0.0292736869,-0.125375926,-1.25381768,-0.2003052,0.16117695,-1.75175369,0.400125,3.35094786,5.6487937,0.133226424,0.840674639,-1.27784836,-0.365465522,0.211030185,-1.69196987,-0.07313716,4.9979744,5.650473,0.140755489,-0.22481975,-1.267355,-0.251464844,-0.772486567,4.18748236,0.7891913,4.330654
10,0.19999992913832199,7,0,0,0,0,0,0.5373569,0,0.3348721,0,0,0,0,0,0,1,-0.0107471338,-1.89662576,-0.00669743959,0,0,0,0.0157445,-1.88458991,0.000873366138,0.05926838,-0.3912964,0.361792326,0.0102624483,-0.4542401,0.09568477,0.0160795785,-1.896837,0.0361070856,-0.4788208,4.591184,0.07790069,0.05239627,-1.04516375,-0.0763471052,0.0236211941,-1.8966682,-0.0211962387,0.161956564,4.596768,0.0790573,0.004172546,-1.04073358,-0.05886215,0.0398877934,-1.88916385,0.195039883,4.67653847,4.57157564,-0.158477783,0.623358667,-1.029027,-0.226856709,0.06608,-1.89741206,-0.0475007333,5.05001068,4.58197165,-0.146087646,-0.07225789,-1.02402806,-0.149556175,0.114567965,-1.93368638,0.3529823,4.18517,4.463289,-0.171417236,0.71833384,-1.02142119,-0.269696623,0.159827992,-1.88681233,-0.0598446466,4.75243473,4.479044,-0.138336182,-0.180271879,-1.01148224,-0.166950524,-0.7724885,4.19007254,0.789195061,4.33316
11,0.21999992205215418,11,0,0,0,0,0,0.3949008,0,0.2988378,0,0,0,0,0,0,1,-0.007898013,-2.08954167,-0.005976754,0,0,0,0.009843249,-2.07893419,-0.000156326569,0.06182679,-0.8222351,0.433132023,0.006614939,-0.342776984,0.0544581749,0.0111137265,-2.08976245,0.0452673361,-0.2345581,3.625216,-0.07696533,0.112451516,-0.8537605,-0.06405835,0.01921508,-2.08954453,-0.0184236821,0.06959737,3.631139,-0.0601806641,0.008159313,-0.8515812,-0.0336422361,0.0238677859,-2.08519173,0.170032769,5.06014156,3.59626579,-0.306213379,0.322529316,-0.8395499,-0.1520504,0.0468411669,-2.08958244,-0.03853803,4.95297,3.6108675,-0.264160156,-0.0341315232,-0.837043166,-0.104410984,0.0823916,-2.1103828,0.266046882,4.68191862,3.501309,-0.406982422,0.420364648,-0.8284847,-0.172634289,0.117424011,-2.081166,-0.04687451,4.54276466,3.52885032,-0.333190918,-0.135889962,-0.8232943,-0.103992239,-0.772513449,4.18797636,0.789185464,4.33113575
12,0.23999991496598638,16,0,0,0,0,0,0.28125307,0,0.246963888,0,0,0,0,0,0,1,-0.00562505936,-2.281023,-0.004939276,0,0,0,0.00516031263,-2.27200365,-0.0007784826,0.06314125,-1.135315,0.470327467,0.00441015931,-0.244895279,0.0222907253,0.006547955,-2.28111959,0.0427338257,0.0142570194,2.84156179,-0.201782227,0.114880927,-0.6933263,-0.04077509,0.0143053513,-2.28101754,-0.0150429085,-0.008666992,2.846354,-0.16116333,0.0147400787,-0.692378,-0.0102110375,0.0112459539,-2.2771697,0.132953286,5.33071,2.80507088,-0.412445068,0.232770413,-0.6804306,-0.1044129,0.0297007672,-2.28066158,-0.0298636872,4.879853,2.82134843,-0.337249756,-0.008369273,-0.6816157,-0.06702972,0.0562682822,-2.293537,0.1932784,5.014292,2.72395587,-0.5772705,0.277944177,-0.670100451,-0.1054394,0.0824083462,-2.27441335,-0.03529337,4.36975765,2.75587153,-0.4602356,-0.09688261,-0.671194434,-0.05622612,-0.7725375,4.18187857,0.789170742,4.32524157
13,0.25999990787981858,21,0,0,0,0,0,0.192180648,0,0.194178522,0,0,0,0,0,0,1,-0.00384361157,-2.47114038,-0.003883569,0,0,0,0.00125353364,-2.46364546,-0.0012185378,0.0633434,-1.34408569,0.4810466,0.00279487786,-0.15913865,-0.00153653324,0.00304059614,-2.47113848,0.0335864648,0.221602932,2.21370125,-0.2939148,0.08601198,-0.5560865,-0.01649623,0.009397286,-2.47114658,-0.0114200609,-0.07055664,2.21658731,-0.228851318,0.0213749222,-0.5555496,0.008687561,0.00138191413,-2.46793365,0.095959425,5.516242,2.17099285,-0.480285645,0.162485465,-0.5454717,-0.06523807,0.01536793,-2.47050428,-0.0219216421,4.82780552,2.18751073,-0.376281738,0.008635034,-0.548046,-0.03777822,0.034419205,-2.47846,0.1352763,5.224234,2.10135078,-0.6888733,0.183358461,-0.537906945,-0.0532926619,0.0537745357,-2.46617866,-0.0253951624,4.230108,2.13439584,-0.534301758,-0.0641010851,-0.540807,-0.02030265,-0.7725283,4.188303,0.7891784,4.331453
14,0.27999990079365078,26,0,0,0,0,0,0.124704957,0,0.147149339,0.124704957,0,0.147149339,1,0,0,1,-0.00249409815,-2.66000247,-0.00294298562,0,0,0,-0.00185300445,-2.65389323,-0.00154380512,0.062501885,-1.463623,0.471481919,0.00153485965,-0.08629629,-0.0185821764,0.000387460925,-2.65997958,0.0235065,0.376482874,1.71717525,-0.354827881,0.05259765,-0.4402373,0.00376189128,0.00513213454,-2.660027,-0.008134162,-0.115814209,1.71796632,-0.269012451,0.02596675,-0.439669937,0.0220110044,-0.00616275053,-2.65758371,0.0632773861,5.635716,1.67047858,-0.5142822,0.106129706,-0.431504428,-0.032921426,0.00383352861,-2.65922117,-0.0149247395,4.79459524,1.68639123,-0.3894043,0.0206968263,-0.434285134,-0.0149776377,0.0168008562,-2.66379166,0.087120384,5.340401,1.61102843,-0.749542236,0.112103045,-0.425720841,-0.0118294135,0.0306235235,-2.65653539,-0.017023854,4.119122,1.643385,-0.567443848,-0.0368640274,-0.428790331,0.006672607,-0.7725302,4.19107151,0.789178,4.33413029
15,0.299999893707483,31,0,0,0,0,0,-0.04885456,0,-0.03933,-0.04885456,0,-0.03933,1,0,0,1,0.0009770908,-2.84772754,0.000786599645,0,0,0,-0.00171209662,-2.84278941,0.00116452458,0.06089284,-1.51016235,0.447063237,0.0006238809,-0.02704738,-0.03019221,0.0008705484,-2.8477354,0.0173597671,0.481718838,1.3291713,-0.388061523,0.0229495615,-0.3443523,0.0193325076,0.00413927343,-2.84776831,-0.00242803385,-0.145812988,1.32803142,-0.287231445,0.0284830183,-0.343594581,0.0306338668,-0.0092262,-2.84614682,0.038680248,5.702037,1.28121448,-0.519989,0.06018021,-0.337017059,-0.00688366964,-0.00266152434,-2.84684229,-0.00612220028,4.77738571,1.29577565,-0.383026123,0.0289048627,-0.339574933,0.00248511322,0.005610546,-2.849023,0.050204888,5.38135242,1.23188007,-0.7675476,0.05569601,-0.331913382,0.0204850137,0.0147821344,-2.845527,-0.00720678736,4.03218,1.26170921,-0.569213867,-0.0143184736,-0.334944785,0.0266537964,-0.7725432,4.191742,0.7891646,4.33477831
16,0.31999988662131518,36,0,0,0,0,0,-0.0335736424,0,-0.031856712,-0.0335736424,0,-0.031856712,1,0,0,1,0.0006714726,-3.03441834,0.000637134,0,0,0,-0.004341917,-3.03044963,0.000256520638,0.0587349981,-1.49984741,0.412635863,-7.59279355E-05,0.0189015679,-0.03732502,-0.00159023947,-3.03447676,0.00898868,0.544278562,1.02915025,-0.39831543,-0.00114092138,-0.2664659,0.0305512361,0.000414832262,-3.0344696,-0.0009627871,-0.162597656,1.02642691,-0.288574219,0.0295024514,-0.265508473,0.03568529,-0.0139931031,-3.03358221,0.015528271,5.725819,0.98238343,-0.503570557,0.0231749639,-0.260341585,0.0130872522,-0.0103214756,-3.033459,-0.00212402,4.773261,0.9950717,-0.362609863,0.0340194255,-0.262446672,0.0152275451,-0.005378617,-3.033857,0.017264137,5.361946,0.943200231,-0.751617432,0.0113545582,-0.255588651,0.0442465,-0.000138033181,-3.033256,-0.00246706931,3.96466136,0.969054759,-0.547821045,0.00397769734,-0.2583988,0.0405861549,-0.7725403,4.18516254,0.789168,4.32841635
17,0.33999987953514738,41,0,0,0,0,0,0.00132280018,0,-0.00231944025,0.00132280018,0,-0.00231944025,1,0,0,1,-2.64559931E-05,0,4.63887845E-05,0,0,0,-0.002298972,0.7638898,0.0124363285,-0.0874023438,-1.53140259,0.4930934,-0.112937734,-0.009789258,0.09984587,-0.00181497983,1.05560184,0.0276586637,0.672275543,0.7632596,-0.43649292,0.0842392147,-0.23599866,0.009017296,-0.012011095,1.05436754,0.0209704265,-0.0352172852,0.762114346,-0.225311279,0.1577224,-0.233648762,0.06810084,-0.02151212,1.02022648,0.07672264,5.832808,0.8618784,-0.4571228,0.128484145,-0.135344923,0.0152922571,-0.03387733,1.0192256,0.0670037344,4.898679,0.750198066,-0.3430481,0.148705289,-0.204988122,0.0105124265,-0.05403303,0.2505622,0.000376053154,1.45530868,1.24505,0.3280593,-0.78496784,-0.0902585462,-3.5334332,0.004776585,0.101802826,0.03607819,1.25714052,0.9509743,-0.1862793,-1.58663869,0.02535069,1.07741475,-0.772539,4.17926836,0.7891686,4.32271767
18,0.35999987244897957,46,0,0,0,0,0,-0.00558063854,0,-0.0053189965,-0.00558063854,0,-0.0053189965,1,0,0,1,0.000111612724,0,0.000106379885,0,0,0,0.0188684054,0.4808812,0.0195923038,-0.1038208,-1.440094,0.546371,0.007171247,0.115484558,0.0233926661,-0.008189469,0.2318275,0.00791214,0.7400403,0.5897588,-0.407226563,0.01271676,-0.16166833,0.056213215,-0.000295881182,0.2331227,0.00847213,0.00234389747,0.5786378,-0.240448,0.06836004,-0.168250129,0.01876482,-0.02871323,0.290316582,0.03570903,5.978563,0.6321575,-0.459960938,0.0830379,-0.186533228,0.0216192976,-0.0227599461,0.285343945,0.0429152325,5.027456,0.5515413,-0.3213501,0.127124622,-0.1907723,0.02484639,-0.0165862,0.259336382,0.0170043278,1.81649327,0.8322537,0.03715455,2.1044004,-0.5460242,0.111875057,-0.0415326878,0.2356377,0.0605899133,1.54808617,0.527689934,-0.09335327,2.32819271,-0.259251982,0.336926222,-0.7725394,4.18109,0.7891694,4.324479
19,0.37999986536281177,50,0,0,0,0,0,0.0028157,0,-0.00193417072,0.0028157,0,-0.00193417072,1,0,0,1,-5.63139765E-05,0,3.86834E-05,0,0,0,-0.01399398,0.08995104,-0.0007143207,-0.11807251,-1.30487061,0.542638659,-0.00183408242,0.12083663,-0.007896892,-0.009450328,0.04542388,0.005810271,0.8082424,0.458648,-0.375915527,0.0211922657,-0.1148621,0.0487450361,-0.00610250374,0.0454808176,0.0123918429,0.07449448,0.445748031,-0.2374878,0.08078503,-0.114027306,0.0252332687,-0.027859766,0.0486176722,0.00527681224,5.979544,0.451151758,-0.412261963,0.00202389155,-0.145522773,0.0396192148,-0.0251039639,0.04871856,0.03242979,5.09513,0.4220325,-0.280822754,0.0554612353,-0.11149238,0.0307242721,-0.009609675,0.0317899436,-0.0197089259,1.56103551,0.569594145,-0.0447692871,0.203217983,-0.19415313,-0.06063906,-0.0279625878,0.0319846645,0.02691036,1.33553815,0.429490924,-0.118927,0.281504661,-0.08089295,0.04754165,-0.772539139,4.180956,0.7891685,4.3243494
20,0.39999985827664397,52,0,0,0,0,0,0.00117855752,0,-0.00276026363,0.00117855752,0,-0.00276026363,1,0,0,1,-2.35711414E-05,1.49011612E-08,5.520525E-05,0,0,0,-0.00837681349,0.004098013,0.0006581269,-0.1305542,-1.16204834,0.529036939,-0.008653495,0.124537446,-0.0141780414,-0.008762927,0.007619232,-0.00275246333,0.8377336,0.3748997,-0.335479736,-0.009579728,-0.07544937,0.0489249676,-0.008370053,0.00764073431,0.009715966,0.141414464,0.362818956,-0.21572876,0.06024756,-0.07239236,0.0317551121,-0.02255017,0.004758045,-0.01959194,5.92233944,0.334892273,-0.365203857,-0.0441513322,-0.103932492,0.0408480354,-0.0176263656,0.005459249,0.01677547,5.110891,0.3542363,-0.259796143,0.0151356421,-0.0576379932,0.015699774,-0.0138121657,-0.00193847716,-0.03898579,1.40538514,0.338554174,-0.0717468262,-0.0260707829,-0.160620913,-0.02507617,-0.009241948,-0.0008006841,0.00464023463,1.15581763,0.440445542,-0.17590332,-0.0467434525,-0.0229352862,-0.05276005,-0.7725386,4.181013,0.7891679,4.32440424
21,0.41999985119047617,52,0,0,0,0,0,5.417155E-05,0,-0.002579669,5.417155E-05,0,-0.002579669,1,0,0,1,-1.08343056E-06,0,5.159336E-05,0,0,0,-0.00652281148,0.00228559971,0.000663838466,-0.142211914,-1.02542114,0.495696336,-0.00721804053,0.120217115,-0.0286341645,-0.00674400432,0.001290977,-0.008758095,0.819879055,0.3111178,-0.2902832,-0.03735184,-0.05749256,0.0446986333,-0.00476505654,0.00144481659,0.00371565064,0.17730543,0.3028457,-0.198547363,0.0239813253,-0.0528448336,0.0198025517,-0.0195826031,0.0002888292,-0.0348998979,5.843244,0.274037063,-0.309631348,-0.06815804,-0.0567769781,0.0477191135,-0.0121624107,0.001486361,0.00591505133,5.113213,0.308168828,-0.240203857,0.0181148462,-0.03935812,0.015985636,-0.0186499655,-0.003914207,-0.0572684258,1.33526683,0.276991367,-0.07556152,-0.028530376,-0.05245029,-0.00864239,-0.00675763143,-0.004526764,-0.00303260749,1.09009874,0.450007558,-0.220245361,-0.0129997162,0.00794569,0.00391761865,-0.772537947,4.180979,0.78916657,4.324371
22,0.43999984410430837,52,0,0,0,0,0,0.000210356025,0,-0.00212909072,0.000210356025,0,-0.00212909072,1,0,0,1,-4.20711876E-06,0,4.25818E-05,0,0,0,-0.007695212,0.00281858444,-0.0004604868,-0.151092529,-0.898498535,0.45817396,-0.004733298,0.111608975,-0.0314302221,-0.00548031833,0.00018261373,-0.01333854,0.7692057,0.262404233,-0.243804932,-0.05875207,-0.0434410237,0.0427861176,-0.00277069863,0.000420123339,-0.000146637671,0.1886786,0.257633477,-0.1854248,0.00132981432,-0.0399210937,0.0134394811,-0.0178731717,6.578863E-05,-0.04500432,5.749137,0.238814682,-0.249908447,-0.0814036354,-0.0372465476,0.0513897538,-0.008254449,0.00212571025,-0.00158820348,5.10430765,0.273281276,-0.224884033,0.0249852072,-0.03915727,0.0140504558,-0.0207774453,-0.00358852744,-0.06752697,1.299362,0.2569313,-0.07623291,-0.0135550918,-0.0212683138,0.008691696,-0.0067019756,-0.00363898277,-0.00655277353,1.09235978,0.394368976,-0.190246582,0.0478912368,-0.069065474,0.06037827,-0.772537231,4.180972,0.7891656,4.324364
23,0.45999983701814057,53,0,0,0,0,0,-8.027756E-05,0,-0.00177929341,-8.027756E-05,0,-0.00177929341,1,0,0,1,1.60555055E-06,1.49011612E-08,3.55858538E-05,0,0,0,-0.008044337,0.00128354132,-0.0011429562,-0.157531738,-0.782897949,0.418954819,-0.003011168,0.101416945,-0.03204775,-0.00481632445,-9.892881E-05,-0.0160320364,0.6991224,0.224639907,-0.195983887,-0.070974566,-0.0335163325,0.042153284,-0.002172531,0.000157400966,-0.00230546575,0.1853848,0.2217933,-0.173583984,-0.010864567,-0.03149011,0.0123368446,-0.01689589,8.85576E-05,-0.05032388,5.64831,0.210843816,-0.188873291,-0.07760237,-0.0301871821,0.052475512,-0.00675534643,0.00236904621,-0.005247877,5.09120369,0.235089809,-0.208068848,0.0310509112,-0.0282524042,0.0131827444,-0.02048041,-0.00329832733,-0.07257761,1.276459,0.23607029,-0.07192993,-0.00698739244,-0.01991481,0.0161989089,-0.00398721,-0.002641499,-0.009992585,1.10895467,0.3832446,-0.21887207,0.03804536,-0.0415841863,0.0502073765,-0.7725393,4.18113947,0.789169431,4.324527
24,0.47999982993197277,57,0,0,0,0,0,6.49569556E-05,0,-0.0015057713,6.49569556E-05,0,-0.0015057713,1,0,0,1,-1.2991386E-06,1.49011612E-08,3.01154141E-05,0,0,0,-0.007924574,0.000102341175,-0.00150868122,-0.162200928,-0.678710938,0.379746079,-0.00178050855,0.09129005,-0.0315969847,-0.004447467,-0.000151693821,-0.0171581749,0.620110452,0.195171773,-0.147613525,-0.07560151,-0.0260115843,0.0409355164,-0.0016708991,8.787215E-05,-0.0030708483,0.175179273,0.1942193,-0.163116455,-0.01605123,-0.02417418,0.009959165,-0.01582179,7.520616E-05,-0.0519964844,5.54582357,0.189569145,-0.129455566,-0.064099364,-0.02428626,0.05102304,-0.006103018,0.002282098,-0.00676539773,5.07777643,0.204566777,-0.192260742,0.0341291577,-0.02050322,0.0138886273,-0.01919573,-0.00342552364,-0.0740345344,1.24968791,0.216932222,-0.06750488,-0.008902383,-0.0172387045,0.0158243738,-0.005136963,-0.002788648,-0.0143394917,1.09902036,0.380569428,-0.188751221,0.0297466,0.00339420885,0.0471335873,-0.7725393,4.18113947,0.789169431,4.324527
25,0.49999982284580496,62,0,0,0,0,0,3.97300428E-05,0,-0.00127460086,3.97300428E-05,0,-0.00127460086,1,0,0,1,-7.946005E-07,-8.34465E-06,2.54920069E-05,0,0,0,-0.00758601725,-0.0005456358,-0.00171367486,-0.165496826,-0.5854187,0.3419347,-0.0008203322,0.08170826,-0.0300842375,-0.00402705045,-0.00014410913,-0.0172773115,0.5383424,0.172178075,-0.1005249,-0.0756050348,-0.020048216,0.03840664,-0.00172596821,6.340444E-05,-0.0035447902,0.162155449,0.173728645,-0.151611328,-0.0189816244,-0.0179569069,0.0101242978,-0.01449936,0.000376448035,-0.051006373,5.446586,0.172554284,-0.07336426,-0.04991272,-0.0192046054,0.04796696,-0.00595847238,0.00215746462,-0.00840532,5.060477,0.189230859,-0.175567627,0.0328800641,-0.0155882174,0.0143623352,-0.01730349,-0.002970457,-0.07204088,1.22872174,0.202575579,-0.06661987,-0.00641139969,-0.0125602186,0.0140248174,-0.00494377874,-0.0027474165,-0.015884582,1.09809709,0.3702458,-0.178314209,0.0271064341,0.00270714262,0.043394506,-0.7725393,4.18113947,0.7891695,4.324527
26,0.51999981575963716,68,0,0,0,0,0,6.02121872E-05,0,-0.00127045915,6.02121872E-05,0,-0.00127045915,1,0,0,1,-1.20424329E-06,-3.56137753E-06,2.54091719E-05,0,0,0,-0.00710176677,-0.0009327233,-0.00179733639,-0.167724609,-0.502655,0.306405932,-3.60840932E-06,0.0725036,-0.0279018823,-0.003561606,-0.000110730529,-0.01655603,0.458437562,0.15394859,-0.0559997559,-0.07211555,-0.0156514067,0.03488141,-0.00176187418,6.09308481E-05,-0.00382322632,0.147439733,0.157840669,-0.139038086,-0.0207631327,-0.0139260534,0.0102416836,-0.0128771849,0.000542208552,-0.0480762571,5.353198,0.1608885,-0.0224914551,-0.03622326,-0.0147235943,0.0435295179,-0.00589186745,0.00215896964,-0.00916979648,5.041927,0.176574,-0.158630371,0.03391163,-0.0129141286,0.0144904442,-0.0152800707,-0.00293432176,-0.0678707138,1.20475638,0.192991316,-0.06713867,-0.006719704,-0.007810554,0.01319142,-0.00455699442,-0.002652213,-0.0165768284,1.09871614,0.35868755,-0.172973633,0.0263526253,0.002459629,0.0393267833,-0.7725393,4.18113947,0.789169431,4.324527
27,0.53999980867346942,73,0,0,0,0,0,6.330891E-05,0,-0.00115740427,6.330891E-05,0,-0.00115740427,1,0,0,1,-1.26617761E-06,-2.26348639E-05,2.31480772E-05,0,0,0,-0.00653806,-0.00118662417,-0.00181392266,-0.169067383,-0.429748535,0.273707241,0.0006491663,0.0638482943,-0.02530946,-0.003014248,-9.34898853E-05,-0.0153950388,0.383164018,0.139180839,-0.0155334473,-0.06684379,-0.01248125,0.0306033939,-0.00173965818,4.48226929E-05,-0.003898227,0.13217783,0.145100415,-0.1260376,-0.0213271882,-0.0111682713,0.01002531,-0.0112041058,0.0009176731,-0.0437856242,5.26865339,0.151007444,0.0227010958,-0.0219943561,-0.0118975388,0.0385281667,-0.00570450351,0.00217570364,-0.009279028,5.02334261,0.166153416,-0.142120361,0.03574682,-0.0107633853,0.0141164213,-0.0130061712,-0.00245676935,-0.061731346,1.18829727,0.186081827,-0.06915283,-0.00227719778,-0.00480205473,0.0134459678,-0.00415958744,-0.00252583623,-0.0166181736,1.09798312,0.347469926,-0.1699524,0.02513646,0.002341688,0.03526212,-0.7725393,4.18114,0.7891695,4.32452726
28,0.55999980158730156,79,0,0,0,0,0,0.000201995936,0,-0.0010150132,0.000201995936,0,-0.0010150132,1,0,0,1,-4.03991726E-06,-1.78664923E-05,2.03002564E-05,0,0,0,-0.005951729,-0.001348272,-0.00178631907,-0.16973877,-0.365936279,0.244114265,0.00117759872,0.0558830835,-0.0225434937,-0.00249542529,-6.06477261E-05,-0.0138580818,0.314922273,0.126982629,0.0203079712,-0.0599175543,-0.0101463255,0.0260546934,-0.00166664575,4.74452972E-05,-0.003840704,0.117077865,0.134558991,-0.113220215,-0.0211494416,-0.009242629,0.009465839,-0.009460845,0.00111696124,-0.038638968,5.193941,0.143944114,0.06133774,-0.008852776,-0.00946254,0.03296168,-0.005407401,0.0021893084,-0.00891976152,5.00568771,0.157649055,-0.126525879,0.0382029824,-0.008956775,0.0133522376,-0.0107855257,-0.00238539279,-0.0547549129,1.16986978,0.181027666,-0.0716247559,-0.00142633962,-0.0023196335,0.01367821,-0.00375374965,-0.00243484974,-0.0160284825,1.09669232,0.3377692,-0.167388916,0.0244422145,0.00238479,0.03239565,-0.772539258,4.18114,0.7891695,4.32452726
29,0.57999979450113381,86,0,0,0,0,0,7.048112E-05,0,-0.00101350085,7.048112E-05,0,-0.00101350085,1,0,0,1,-1.40962175E-06,-1.78664923E-05,2.02700085E-05,0,0,0,-0.005352237,-0.00145874918,-0.00172125688,-0.169891357,-0.31036377,0.217633143,0.00161215058,0.0486640148,-0.0198142342,-0.00194635126,-3.400445E-05,-0.0121835973,0.25467214,0.116675176,0.05105884,-0.0525377,-0.008460497,0.0214299615,-0.00155270868,5.07235527E-05,-0.00365317147,0.102780409,0.125576958,-0.100921631,-0.0203077719,-0.007888984,0.008793676,-0.007830521,0.00143913925,-0.0330625549,5.13024569,0.137146488,0.0937961042,0.00379950786,-0.00800916553,0.0275617447,-0.00507536763,0.002225548,-0.008204347,4.989358,0.150294587,-0.111999512,0.0406637155,-0.00779870432,0.01241526,-0.008552225,-0.00198827684,-0.047066465,1.15838456,0.177074373,-0.074798584,0.0029292996,-0.0007382778,0.01445943,-0.00330022676,-0.00234003365,-0.0149973072,1.095316,0.32864508,-0.165008545,0.0242681578,0.00230948231,0.0307572335,-0.7725393,4.18114,0.789169431,4.32452726
30,0.599999787414966,92,0,0,0,0,0,0.0003388284,0,-0.0009775835,0.0003388284,0,-0.0009775835,1,0,0,1,-6.776565E-06,-1.31130219E-05,1.95516623E-05,0,0,0,-0.004798373,-0.00152398646,-0.00164041761,-0.169586182,-0.2621765,0.1942185,0.00196653046,0.0421899632,-0.017139839,-0.00147475884,-1.16527081E-05,-0.0104072569,0.203231514,0.107793964,0.07671272,-0.0446989276,-0.00721135363,0.0169199519,-0.00144135149,5.5462122E-05,-0.00339246867,0.08971771,0.117695741,-0.0895385742,-0.0190582089,-0.006943756,0.007913714,-0.006272048,0.00161294639,-0.0273992568,5.07742929,0.131872058,0.119961612,0.014924828,-0.0066171186,0.02218872,-0.004714545,0.002264008,-0.00725108,4.975057,0.143818349,-0.09875488,0.0433372222,-0.006896221,0.0112922937,-0.00649773469,-0.001916334,-0.03951431,1.14546657,0.1739637,-0.07833862,0.00381489657,-0.000139285577,0.0141521264,-0.00283971266,-0.00224585831,-0.0136416759,1.09419227,0.320280015,-0.162719727,0.0242019463,0.00226386986,0.02925396,-0.772539258,4.18114,0.7891695,4.32452726
31,0.61999978032879821,99,0,0,0,0,0,-2.951698E-06,0,-0.001001919,-2.951698E-06,0,-0.001001919,1,0,0,1,5.90339369E-08,-1.78664923E-05,2.00383729E-05,0,0,0,-0.004248811,-0.00157482922,-0.00154775137,-0.16897583,-0.220550537,0.173620835,0.00222810032,0.03643789,-0.0147169707,-0.0009989699,-9.834766E-07,-0.00868761353,0.160534367,0.09998439,0.0974891856,-0.03714961,-0.006304159,0.0128029492,-0.00129679951,5.438924E-05,-0.00307132467,0.07826834,0.110616758,-0.07897949,-0.01746263,-0.0062616067,0.00714014424,-0.00490955263,0.00186255574,-0.0219396558,5.035064,0.126356512,0.1406469,0.024692338,-0.00611938024,0.01740693,-0.004354514,0.00230556726,-0.00615188573,4.96282768,0.137962237,-0.08685303,0.0457585342,-0.006241091,0.0101731643,-0.0045121056,-0.00162738562,-0.03214666,1.1377846,0.1695903,-0.0834960938,0.007392657,-0.000613502343,0.0146559943,-0.00237656781,-0.00215595961,-0.0121149514,1.09341645,0.312415063,-0.160552979,0.0242276788,0.002181998,0.0280701779,-0.7725393,4.18113947,0.7891695,4.324527
32,0.63999977324263035,104,0,0,0,0,0,0.0002517828,0,-0.00096644,0.0002517828,0,-0.00096644,1,0,0,1,-5.035654E-06,-2.2649765E-05,1.93287924E-05,0,0,0,-0.00377399754,-0.00160638988,-0.00145428407,-0.168151855,-0.184753418,0.155677855,0.002436274,0.03134096,-0.0124361152,-0.0005937011,3.874302E-06,-0.007055982,0.126244649,0.0929404,0.113478221,-0.0300416872,-0.00568395434,0.008880237,-0.00117607368,5.19305468E-05,-0.0027356334,0.06856342,0.104098171,-0.06958008,-0.0157613438,-0.00580154,0.00620961,-0.003671417,0.00203374028,-0.0168756489,5.002333,0.120290957,0.156165943,0.032881435,-0.00583726261,0.0130117051,-0.0040026647,0.00234666467,-0.004988921,4.953035,0.13254416,-0.07626343,0.0481953621,-0.00574195525,0.008999623,-0.00275584613,-0.00146758556,-0.02540338,1.13157916,0.1633349,-0.09161377,0.0100674713,-0.00101212761,0.0150133967,-0.00194682484,-0.00206762552,-0.0105013112,1.09297526,0.305096984,-0.158538818,0.0242590252,0.00211109873,0.026885815,-0.772539258,4.18113947,0.7891695,4.324527
33,0.65999976615646261,111,0,0,0,0,0,0.000111248388,0,-0.0008618509,0.000111248388,0,-0.0008618509,1,0,0,1,-2.224967E-06,-2.26348639E-05,1.7237011E-05,0,0,0,-0.00332890661,-0.00161634386,-0.0013664061,-0.1671753,-0.154052734,0.140106559,0.00255834474,0.02687386,-0.0103998519,-0.000253876147,8.583069E-06,-0.00556693925,0.0999211,0.0865488946,0.125433058,-0.0234563816,-0.005147924,0.005633384,-0.00106976589,5.1394105E-05,-0.00238571339,0.06077551,0.09803989,-0.06109619,-0.013893554,-0.005422579,0.005510998,-0.00261856243,0.002096638,-0.0124104135,4.9778266,0.115452543,0.167265952,0.0392857157,-0.00495076925,0.009247635,-0.00374214258,0.002338171,-0.00387010071,4.94509649,0.1272424,-0.06677246,0.049960874,-0.00556343654,0.008033372,-0.00135236781,-0.001579091,-0.01966823,1.12286639,0.158345431,-0.0990905762,0.0107008237,-0.000472662156,0.0156710185,-0.00157017168,-0.002110228,-0.00900269,1.08971143,0.2970221,-0.1590271,0.02298028,0.00195142475,0.02563513,-0.7725393,4.18113947,0.789169431,4.324527
34,0.67999975907029475,117,0,0,0,0,0,0.000308421237,0,-0.000944909,0.000308421237,0,-0.000944909,1,0,0,1,-6.16842226E-06,-2.2649765E-05,1.88981721E-05,0,0,0,-0.00295121339,-0.00161847472,-0.00127039663,-0.166046143,-0.1277771,0.126692921,0.002676033,0.02300101,-0.008578955,3.02584958E-05,1.28299E-05,-0.00432027224,0.08022938,0.08071044,0.133691251,-0.018087836,-0.00466457,0.00280207372,-0.0009625279,5.41806221E-05,-0.002071158,0.0548312925,0.09245695,-0.0536193848,-0.0123547111,-0.00501401676,0.00469225226,-0.00183792715,0.002242297,-0.008649439,4.960558,0.109966367,0.175073713,0.0446570627,-0.004705428,0.006359387,-0.00308727543,0.00237439573,-0.00314170728,4.93804836,0.127071977,-0.0593261719,0.05075834,-0.0044597513,0.00633170828,-0.000206914614,-0.00145585835,-0.0146670546,1.11890793,0.152863324,-0.108001709,0.0141577739,-0.000650709961,0.0166272633,-0.0002571653,-0.00204707682,-0.00776057132,1.09236491,0.288119227,-0.1708374,0.0259375684,0.00117299263,0.01960012,-0.772539258,4.18113947,0.78916955,4.324527
35,0.699999751984127,122,0,0,0,0,0,9.919715E-05,0,-0.000969433633,9.919715E-05,0,-0.000969433633,1,0,0,1,-1.98394218E-06,-2.2649765E-05,1.93886644E-05,0,0,0,-0.00259702443,-0.00161771476,-0.00118139689,-0.164916992,-0.1053772,0.115128547,0.00272729644,0.0196171459,-0.00700949226,0.000249984325,1.51693821E-05,-0.00326228375,0.0663287342,0.0753372163,0.139093965,-0.0134938825,-0.0043114787,0.000720490236,-0.0007175975,5.5745244E-05,-0.00184426,0.0498376749,0.08718055,-0.0476989746,-0.0113029229,-0.00479424745,0.00353169488,-0.00131313526,0.00233313441,-0.0056091547,4.94870043,0.104520343,0.1804923,0.0482965633,-0.004281542,0.00432048924,-0.00262989639,0.0024086982,-0.00228885747,4.932591,0.121792823,-0.0530090332,0.05265818,-0.005058513,0.005336825,0.0005638966,-0.00143888593,-0.0107347192,1.11680019,0.1476856,-0.117645264,0.01691166,-0.00041594106,0.0170295183,0.000112792448,-0.00205555558,-0.00662344554,1.09142661,0.279683381,-0.1711731,0.0285097882,0.000524252653,0.0240521729,-0.7725393,4.18113947,0.7891695,4.324527
36,0.71999974489795915,125,0,0,0,0,0,0.000236608234,0,-0.000939400343,0.000236608234,0,-0.000939400343,1,0,0,1,-4.732163E-06,-1.30981207E-05,1.8788E-05,0,0,0,-0.002302625,-0.00160557032,-0.00109992479,-0.1637268,-0.08630371,0.105225548,0.00275147636,0.0166738369,-0.005613568,0.000366912718,2.48402357E-05,-0.002436983,0.05710988,0.07039116,0.142386109,-0.009905092,-0.00398093974,-0.000754286069,-0.0005883897,6.504357E-05,-0.00162641774,0.04582594,0.082150206,-0.04284668,-0.0101837246,-0.00459065568,0.0027539786,-0.000998141,0.00238184631,-0.00331917335,4.94111347,0.100048967,0.184314772,0.05096427,-0.00358987832,0.00291652046,-0.002355716,0.00243204832,-0.00154603017,4.928953,0.116675295,-0.0475463867,0.054181736,-0.004517285,0.00463200733,0.0009743766,-0.00147663057,-0.00779587775,1.11628759,0.144160062,-0.125274658,0.0195556711,0.000232860824,0.01763467,0.0002992079,-0.002036795,-0.00539763831,1.086901,0.2735859,-0.165649414,0.03284648,-0.00130136823,0.0222426169,-0.7725393,4.18113947,0.7891695,4.324527
37,0.7399997378117914,131,0,0,0,0,0,9.42658E-05,0,-0.00104664068,9.42658E-05,0,-0.00104664068,1,0,0,1,-1.88531521E-06,-3.56137753E-06,2.09328064E-05,0,0,0,-0.00203693,-0.0015874505,-0.00101719121,-0.162567139,-0.0701293945,0.09673711,0.00275978562,0.0141696222,-0.00443128729,0.0004034383,3.46303E-05,-0.0018371155,0.0511601344,0.06579989,0.144860074,-0.007291698,-0.00370159047,-0.00143901864,-0.0005154131,7.455051E-05,-0.00142595707,0.0427459031,0.0774460062,-0.03857422,-0.009153529,-0.00430555455,0.002386243,-0.000663768966,0.002440527,-0.0011498211,4.93782,0.0957891047,0.186033741,0.0539623126,-0.00355593488,0.0010867957,-0.002224499,0.0024484694,-0.000922585954,4.92651463,0.112197489,-0.0426330566,0.0550498478,-0.00376684,0.00420085341,0.00116975349,-0.00145095587,-0.00461284444,1.11410356,0.14100793,-0.117492676,0.0233694669,-0.0008890249,0.0240705684,0.000416107563,-0.00201442838,-0.00408605346,1.08104777,0.270357281,-0.157104492,0.03802474,-0.00361845922,0.0183985829,-0.7725393,4.18113947,0.7891695,4.324527
38,0.75999973072562355,136,0,0,0,0,0,9.383319E-05,0,-0.00105294178,9.383319E-05,0,-0.00105294178,1,0,0,1,-1.876663E-06,-2.2649765E-05,2.10588278E-05,0,0,0,-0.0018152917,-0.00158472359,-0.000946532353,-0.161437988,-0.0563659668,0.08948087,0.002738322,0.012056875,-0.00338917831,0.000455148867,1.78217888E-05,-0.00123880233,0.04850868,0.0616095,0.146213591,-0.00463012047,-0.003356485,-0.002309992,-0.000485884433,5.86807728E-05,-0.00125178532,0.04056738,0.07313682,-0.03466797,-0.008205142,-0.00395391369,0.00214721612,-0.000485480821,0.00249403715,0.0005616549,4.938054,0.09176846,0.186349735,0.0553805828,-0.00256533083,7.21607357E-05,-0.00218915124,0.0024741143,-0.000381420075,4.92514,0.108562566,-0.0380859375,0.055658523,-0.00294682081,0.00394527242,0.00113876024,-0.00135362148,-0.00250751735,1.10855865,0.141514078,-0.108398438,0.0249674823,-0.00111006387,0.0225937851,0.000317929545,-0.00198142231,-0.00364827737,1.07491958,0.2700412,-0.147338867,0.03596703,-0.00243840553,0.0188407265,-0.7725394,4.18113947,0.7891695,4.324527
39,0.7799997236394558,142,0,0,0,0,0,0.000152506545,0,-0.00115740474,0.000152506545,0,-0.00115740474,1,0,0,1,-3.05012964E-06,-2.26348639E-05,2.31480863E-05,0,0,0,-0.00163269707,-0.001575172,-0.000877064536,-0.160369873,-0.04458618,0.0833021253,0.00271765073,0.0103124995,-0.00249644462,0.000477524125,1.77770853E-05,-0.000815402,0.0483038537,0.05793606,0.146728277,-0.00277504348,-0.002914454,-0.00288051,-0.000491500366,5.888939E-05,-0.00113358418,0.0390146039,0.0693660453,-0.0309143066,-0.00759032974,-0.00348647637,0.002088882,-0.000420012337,0.002504304,0.00167531171,4.94043446,0.08843019,0.18605192,0.05577578,-0.00188114739,-0.000459957868,-0.00222954154,0.00247952342,-0.000121560093,4.92411,0.105964839,-0.0334777832,0.0556485951,-0.00218035327,0.003937006,0.00108089985,-0.00132453442,-0.0013896731,1.101737,0.143800125,-0.09979248,0.0231963079,0.00152231089,0.0237767659,0.00020612395,-0.00195892155,-0.00342276949,1.07040477,0.271717221,-0.1387024,0.03434536,-0.00165008521,0.0184196569,-0.7725393,4.18113947,0.789169431,4.324527
40,0.79999971655328794,148,0,0,0,0,0,0.000155431975,0,-0.00115236081,0.000155431975,0,-0.00115236081,1,0,0,1,-3.10863834E-06,-2.2649765E-05,2.30472069E-05,0,0,0,-0.00147790031,-0.00155052543,-0.000820220564,-0.159332275,-0.0344848633,0.07803161,0.00266817282,0.008886137,-0.00170987018,0.0004822435,1.81943178E-05,-0.000561956433,0.04967115,0.05483629,0.146761879,-0.00161118479,-0.002433491,-0.00317667075,-0.000511477,5.95897436E-05,-0.00106691057,0.0378742181,0.06618052,-0.027130127,-0.007190594,-0.00299066887,0.00214154762,-0.0004049928,0.00250074267,0.00219289865,4.943457,0.0857536,0.185541078,0.05509777,-0.00182415021,-0.0006523747,-0.00230288,0.00248511136,-4.156391E-06,4.9230237,0.104224622,-0.0287475586,0.0554228351,-0.00155604607,0.00402754545,0.00113411178,-0.00134390593,-0.0010058179,1.09324729,0.143834844,-0.09341431,0.0224603489,0.002333362,0.0254065618,0.000108363209,-0.001930207,-0.00330220815,1.06748855,0.274520457,-0.13180542,0.0331861,-0.00124709622,0.01745288,-0.7725393,4.18113947,0.789169431,4.324527
41,0.8199997094671202,154,0,0,0,0,0,0.000158043054,0,-0.00114829245,0.000158043054,0,-0.00114829245,1,0,0,1,-3.16085971E-06,-2.26348639E-05,2.296584E-05,0,0,0,-0.001345544,-0.00154358149,-0.000769392936,-0.15838623,-0.0257568359,0.0735406056,0.00261056237,0.00769753056,-0.00105711,0.000484306947,1.8581748E-05,-0.000479872455,0.0516172722,0.0522242971,0.146572381,-0.00124809856,-0.00202828972,-0.00326464232,-0.000530627,5.9992075E-05,-0.00104012166,0.0369364023,0.06353457,-0.023223877,-0.007006974,-0.002537454,0.00222248817,-0.000339424,0.00249439478,0.002219391,4.94636,0.08307473,0.185002282,0.05411742,-0.00197876641,-0.0007878803,-0.0023566077,0.002484724,5.251605E-05,4.92218637,0.102633588,-0.0238952637,0.0555215962,-0.00120762456,0.004069632,0.001358208,-0.00140377879,-0.00107727363,1.08299613,0.141528144,-0.0920105,0.0234538559,0.00233305269,0.0290192254,6.27396148E-05,-0.00189982355,-0.00321355183,1.06567156,0.277744,-0.125305176,0.03223684,-0.00108316832,0.0168054532,-0.7725393,4.18113947,0.789169431,4.324527
42,0.83999970238095234,160,0,0,0,0,0,0.000158393377,0,-0.00113864662,0.000158393377,0,-0.00113864662,1,0,0,1,-3.16786623E-06,-2.2649765E-05,2.27729233E-05,0,0,0,-0.00123349752,-0.00153718889,-0.000723827747,-0.157531738,-0.0182189941,0.06970141,0.00254923245,0.006691359,-0.000491233,0.0005220924,1.83284283E-05,-0.0005226113,0.0533711538,0.04998389,0.146220788,-0.00151514332,-0.0017052386,-0.00338087045,-0.0005353568,5.99622726E-05,-0.00102781493,0.0360865854,0.0613468736,-0.0192260742,-0.00692226924,-0.00214355742,0.00224074069,-0.000201137853,0.00248450041,0.00194282352,4.948194,0.08060897,0.18435131,0.0529173575,-0.0016780172,-0.000869747251,-0.00236172182,0.00248976052,9.18645746E-05,4.92152166,0.101168253,-0.0191040039,0.0556711368,-0.000954059,0.004023712,0.00146210054,-0.00168080628,-0.00136600854,1.07444346,0.139672369,-0.08911133,0.02892321,0.00240578712,0.0297406875,4.711807E-05,-0.00185796618,-0.003136792,1.06451464,0.2809816,-0.118835449,0.0313567668,-0.00106097735,0.0161294658,-0.7725393,4.18113947,0.789169431,4.324527
43,0.85999969529478459,166,0,0,0,0,0,0.000245932839,0,-0.00112283719,0.000245932839,0,-0.00112283719,1,0,0,1,-4.91865467E-06,-8.329749E-06,2.24567339E-05,0,0,0,-0.00114479032,-0.00152146816,-0.0006838192,-0.156738281,-0.0116271973,0.066440776,0.002487893,0.00585545646,-3.91958747E-06,0.0005548521,3.167987E-05,-0.000631585252,0.05452257,0.04810693,0.1457629,-0.00208003912,-0.00138302078,-0.00345125562,-0.0005368695,7.33286142E-05,-0.001003289,0.0353268422,0.0595860854,-0.0152282715,-0.0068100933,-0.00178592745,0.00216869661,-9.161842E-05,0.00247786939,0.00158098759,4.94924545,0.07865998,0.183677837,0.05223658,-0.00126797543,-0.0008726865,-0.00232544285,0.002491042,0.000115834984,4.920651,0.100037776,-0.0144042969,0.055491928,-0.00105598918,0.00388830155,0.00147548667,-0.00194355845,-0.00168774952,1.069192,0.13860935,-0.085357666,0.03435915,0.00247895462,0.0285669528,0.000130548928,-0.001807943,-0.00310535124,1.06284928,0.28181532,-0.1149292,0.03086253,-0.001429975,0.0160062648,-0.772539258,4.18113947,0.789169431,4.324527
44,0.87999968820861674,172,0,0,0,0,0,0.0001592354,0,-0.00101916038,0.0001592354,0,-0.00101916038,1,0,0,1,-3.18470666E-06,-2.2649765E-05,2.03832E-05,0,0,0,-0.00106124009,-0.00151976943,-0.0006537933,-0.156036377,-0.005859375,0.06364249,0.002408146,0.005154275,0.000417282339,0.0005798087,1.92523E-05,-0.000745898869,0.05509012,0.04657236,0.145352185,-0.00258535566,-0.00108194374,-0.00341259083,-0.000504608732,6.145239E-05,-0.0009996246,0.0346037671,0.05816409,-0.0113525391,-0.006787377,-0.00149820163,0.00202384824,-4.857094E-05,0.0024971664,0.00125666475,4.949567,0.07714094,0.18310982,0.0517807975,-0.00090954185,-0.0007625986,-0.00224025128,0.00249679387,0.000124218379,4.919837,0.09896552,-0.009918213,0.0555488244,-0.0011096776,0.00371686183,0.001429901,-0.00208966434,-0.00194614264,1.06717825,0.138202384,-0.08163452,0.03816603,0.00258158729,0.0267076679,0.000228066754,-0.00178605318,-0.00307081081,1.06114221,0.2810035,-0.11227417,0.0307278372,-0.00164380437,0.0166538879,-0.7725393,4.18114,0.789169431,4.32452726
45,0.899999681122449,178,0,0,0,0,0,0.000127366671,0,-0.00112982234,0.000127366671,0,-0.00112982234,1,0,0,1,-2.54733254E-06,-1.78813934E-05,2.25964377E-05,0,0,0,-0.0009910401,-0.00150632858,-0.0006148497,-0.155395508,-0.0008239746,0.0612388626,0.00236603431,0.004548802,0.0007515688,0.000583615154,2.34693289E-05,-0.0008187742,0.055167526,0.045327805,0.14505446,-0.002977205,-0.000829905039,-0.00332168117,-0.000460725481,6.55055046E-05,-0.00098617,0.0338165164,0.05700209,-0.007659912,-0.00684054336,-0.00127627433,0.00181247725,-6.609727E-05,0.002490297,0.00103005662,4.949335,0.07594776,0.182743415,0.0514975,-0.000624482753,-0.0005952697,-0.0021346102,0.002492398,0.0001352883,4.918892,0.0979705,-0.005645752,0.0555169731,-0.00105885416,0.00353929773,0.0013445355,-0.002162978,-0.00210601836,1.06733441,0.138296545,-0.078704834,0.0399878621,0.00268989615,0.0246286429,0.000287743431,-0.001831755,-0.00305883447,1.05980372,0.279422551,-0.110046387,0.03153717,-0.001672059,0.0166199356,-0.7725393,4.18113947,0.789169431,4.324527
46,0.91999967403628113,185,0,0,0,0,0,0.00018690688,0,-0.00100991421,0.00018690688,0,-0.00100991421,1,0,0,1,-3.73813623E-06,-2.26348639E-05,2.01982766E-05,0,0,0,-0.0009360919,-0.00150439143,-0.000592383964,-0.154846191,0.003608368,0.0591865331,0.002293683,0.004018082,0.00105816359,0.000570124248,1.938641E-05,-0.0008755248,0.0549920239,0.0443167947,0.144858792,-0.003176864,-0.0006300689,-0.003234711,-0.0004205327,6.16312E-05,-0.0009848817,0.0330358967,0.05603566,-0.004180908,-0.006841208,-0.0011095081,0.0015666401,-0.000121608638,0.0025010556,0.000911444658,4.949058,0.07500366,0.1825888,0.0516034551,-0.000425944483,-0.000437878072,-0.002037599,0.00249640644,0.000154968977,4.91797829,0.097087495,-0.00155639648,0.05561078,-0.0009832953,0.00336946175,0.00125446275,-0.00215286016,-0.0021686093,1.06864822,0.138627067,-0.0769348145,0.0403439552,0.00274691475,0.0228074044,0.000329519069,-0.00186395645,-0.003038654,1.05890894,0.2774316,-0.108032227,0.0321876,-0.00164665608,0.0164913069,-0.7725393,4.18113947,0.7891695,4.324527
47,0.93999966695011339,191,0,0,0,0,0,0.000158549636,0,-0.00101452088,0.000158549636,0,-0.00101452088,1,0,0,1,-3.17099148E-06,-2.2649765E-05,2.029041E-05,0,0,0,-0.0008856368,-0.00150407851,-0.0005670343,-0.15435791,0.007499576,0.0574207157,0.00224023173,0.00355378352,0.00130760111,0.000552676851,1.92672014E-05,-0.0008946733,0.054715436,0.0434971936,0.144806281,-0.00324048568,-0.000468025857,-0.003116008,-0.000382868166,6.16014E-05,-0.0009751093,0.03224394,0.05522417,-0.000885009766,-0.00684539927,-0.0009770719,0.00138166291,-0.000187658778,0.00250156224,0.000880177366,4.948727,0.0742288,0.182604834,0.0516864844,-0.000291511475,-0.000305142254,-0.00195832085,0.002500832,0.00018829912,4.91712046,0.09629378,0.00234359549,0.0557298958,-0.000908499351,0.00323148817,0.00118380482,-0.00211788714,-0.002168083,1.07018387,0.139008939,-0.07632446,0.0398141965,0.002781983,0.0216065571,0.0003603623,-0.00188469887,-0.00300622219,1.05826855,0.275224417,-0.106109619,0.03255831,-0.00160039915,0.0163471624,-0.7725393,4.18113947,0.7891695,4.324527
48,0.95999965986394553,197,0,0,0,0,0,0.000158596114,0,-0.00112945575,0.000158596114,0,-0.00112945575,1,0,0,1,-3.171921E-06,-2.2649765E-05,2.25891054E-05,0,0,0,-0.000842788431,-0.001495868,-0.000537113461,-0.153900146,0.0109151471,0.0558999553,0.00221050554,0.00314289518,0.00151498453,0.000534401857,1.92075968E-05,-0.000883891,0.05443917,0.0428259075,0.144862965,-0.00322006643,-0.000343634572,-0.00302708661,-0.000353320065,6.16312E-05,-0.00095258106,0.031454023,0.054527808,0.00227869116,-0.00683052465,-0.0008775648,0.001223562,-0.000244315481,0.002498597,0.000900590559,4.94840956,0.07358136,0.1827432,0.05173958,-0.00019950261,-0.00021420978,-0.001894293,0.0025061965,0.000230756734,4.91625261,0.0955798,0.006115887,0.0557690933,-0.000839157554,0.00311401859,0.00113891135,-0.00207513571,-0.00213619741,1.07150626,0.139356017,-0.07650757,0.03899724,0.00280111632,0.0210056044,0.000381152437,-0.00189512968,-0.00297139958,1.05786514,0.272928923,-0.104248047,0.0328040645,-0.00154411164,0.0161311775,-0.7725393,4.18113947,0.789169431,4.324527
49,0.97999965277777779,203,0,0,0,0,0,0.000160589218,0,-0.00112938916,0.000160589218,0,-0.00112938916,1,0,0,1,-3.21178322E-06,-2.2649765E-05,2.25877739E-05,0,0,0,-0.0008062895,-0.001498133,-0.00051632023,-0.153503418,0.0139110619,0.05458538,0.00216524373,0.00277881976,0.00170252379,0.0005214088,1.92970037E-05,-0.000869038748,0.0542558767,0.0422665961,0.144979119,-0.00313605764,-0.000251228368,-0.002980248,-0.000328557915,6.16014E-05,-0.000932901748,0.0307337679,0.0539161,0.00531014,-0.00676363474,-0.0008055827,0.00108047063,-0.000280515727,0.00249829888,0.000944841362,4.948209,0.07303423,0.182942182,0.05182699,-0.000138353236,-0.000174548477,-0.00184232858,0.00250253081,0.000280391832,4.915438,0.094932735,0.00976882,0.0558326431,-0.0007800224,0.00300905854,0.00112112821,-0.00203552842,-0.002091288,1.07240009,0.139608622,-0.07727051,0.0381882153,0.00280253147,0.020921737,0.000394022354,-0.00190602243,-0.00293102372,1.05761385,0.2706146,-0.102508545,0.0328822471,-0.00148169091,0.0158705,-0.7725393,4.18113947,0.789169431,4.324527
50,0.99999964569160993,209,0,0,0,0,0,0.0001618132,0,-0.00112908136,0.0001618132,0,-0.00112908136,1,0,0,1,-3.2362625E-06,-2.26348639E-05,2.25816184E-05,0,0,0,-0.0007749155,-0.00149062276,-0.0004982451,-0.1531372,0.0165347885,0.05345337,0.002124928,0.00245621824,0.00186132058,0.0005152283,1.93119049E-05,-0.0008538741,0.0541632436,0.0417929664,0.145116165,-0.00306089688,-0.00018054567,-0.002964857,-0.000305978727,6.16759062E-05,-0.000919350656,0.0300558768,0.0533678643,0.00823590253,-0.006721816,-0.000748996,0.0009573484,-0.000294261263,0.00249792635,0.0009927177,4.94812775,0.07256786,0.1831421,0.05191279,-9.45157954E-05,-0.000176806,-0.00179928145,0.002508998,0.0003367541,4.914903,0.0943470746,0.0133121405,0.0560861528,-0.0007099773,0.00291259959,0.00112569553,-0.00200767815,-0.00204768241,1.07280278,0.1397488,-0.0781860352,0.0375624672,0.002792189,0.0212074481,0.000395388051,-0.00190776587,-0.002878331,1.05734742,0.268428,-0.100769043,0.0328311622,-0.00136611855,0.0155895948,-0.7725393,4.18113947,0.789169431,4.324527
51,1.0199996386054422,215,0,0,0,0,0,0.0001629777,0,-0.00112550927,0.0001629777,0,-0.00112550927,1,0,0,1,-3.25955261E-06,-2.2649765E-05,2.25101758E-05,0,0,0,-0.0007477217,-0.00149060786,-0.0004825691,-0.152832031,0.0188312344,0.0524766,0.00208702614,0.002173181,0.00199720054,0.000514001353,1.92821026E-05,-0.000838111155,0.0541592762,0.0413889177,0.145241752,-0.00298784627,-0.0001238993,-0.002974155,-0.0002895405,6.1661005E-05,-0.0008936458,0.0294860732,0.0528729521,0.0110702487,-0.00661150226,-0.0007012759,0.000848657335,-0.000289355143,0.00249831378,0.001031168,4.9480505,0.07215505,0.183305457,0.051887393,-5.78073377E-05,-0.000206673518,-0.001762295,0.00250698626,0.000394763978,4.9142313,0.09381977,0.016754305,0.0560043268,-0.0006575325,0.00282235444,0.00114473433,-0.00199189782,-0.00202101143,1.07291985,0.1398113,-0.07901001,0.0372692831,0.00278664939,0.0216873065,0.000402170728,-0.00191640854,-0.00283990335,1.057156,0.266304046,-0.09915161,0.03284555,-0.00130505068,0.015292462,-0.7725393,4.18114,0.789169431,4.32452726
52,1.0399996315192743,221,0,0,0,0,0,0.0001349617,0,-0.00112540042,0.0001349617,0,-0.00112540042,1,0,0,1,-2.699233E-06,-1.78813934E-05,2.2508E-05,0,0,0,-0.000722996541,-0.00149035454,-0.000468837068,-0.152557373,0.02084457,0.0516312569,0.00205231667,0.00192691491,0.002103053,0.000519815949,2.34693289E-05,-0.0008324233,0.05418899,0.041045025,0.145346373,-0.00296840817,-7.420554E-05,-0.00299179414,-0.0002710919,6.57588243E-05,-0.0008757189,0.0289968122,0.0524262935,0.0138295395,-0.00654122233,-0.0006577785,0.0007529964,-0.000274569175,0.0024959892,0.00105646439,4.94815636,0.07179978,0.183420032,0.05200605,-2.2605831E-05,-0.000241877511,-0.00172857125,0.00250858068,0.000450228574,4.913785,0.0933350548,0.0201027188,0.0561680868,-0.000605598849,0.002741348,0.00116588781,-0.00199224055,-0.00199903827,1.07272065,0.139809147,-0.07962036,0.03708481,0.00277137943,0.0221454762,0.000402555539,-0.00191913545,-0.00279216212,1.05695593,0.264275223,-0.0975647,0.03276825,-0.00120897347,0.01500833,-0.7725393,4.18113947,0.789169431,4.324527
53,1.0599996244331065,227,0,0,0,0,0,0.000164721772,0,-0.00112505048,0.000164721772,0,-0.00112505048,1,0,0,1,-3.29443424E-06,-3.57627869E-06,2.2501E-05,0,0,0,-0.000704822771,-0.00147773325,-0.0004567352,-0.152313232,0.0226103067,0.0509022139,0.00202243868,0.00171162933,0.00221393676,0.000524270348,3.71783972E-05,-0.000829314347,0.05422334,0.0407511331,0.14540644,-0.00296688452,-3.30727562E-05,-0.00302772317,-0.000256816769,7.91102648E-05,-0.0008582105,0.0285764541,0.05202278,0.016501233,-0.006474791,-0.0006196568,0.0006501286,-0.00025498282,0.00249929726,0.00106834876,4.94827843,0.0714941,0.183484837,0.0520185232,9.78891148E-06,-0.0002833642,-0.00169632328,0.00250805914,0.0005045964,4.913432,0.09290155,0.0233600177,0.0562526248,-0.0005509013,0.00265602767,0.00118705188,-0.00199314952,-0.00199288968,1.07243,0.1397721,-0.07998657,0.037145108,0.00275926758,0.0225298032,0.000402629521,-0.00192204118,-0.00274802442,1.05676436,0.262373924,-0.09603882,0.0327131934,-0.00111752364,0.0147241466,-0.7725393,4.18113947,0.789169431,4.324527
54,1.0799996173469388,233,0,0,0,0,0,0.0001965145,0,-0.00112461613,0.0001965145,0,-0.00112461613,1,0,0,1,-3.93028859E-06,-2.26348639E-05,2.24923133E-05,0,0,0,-0.000689204433,-0.0014873594,-0.000446005433,-0.152099609,0.0241624173,0.0502834953,0.00199848088,0.001525179,0.00229258323,0.0005281787,1.93566084E-05,-0.0008292965,0.05424702,0.0405012444,0.145425513,-0.00297811162,3.95621828E-06,-0.003059463,-0.000243471266,6.206334E-05,-0.000841931,0.0282204319,0.0516582541,0.019091852,-0.00641487539,-0.0005831684,0.0005510305,-0.000235319021,0.002500534,0.00106830383,4.94839334,0.07123624,0.1834982,0.05200868,4.174847E-05,-0.000320404768,-0.00166359125,0.00252175331,0.000553679769,4.91317558,0.092513,0.02651893,0.0563255847,-0.000499169866,0.00257024541,0.00120369182,-0.00200127065,-0.00199605036,1.07214618,0.139714569,-0.080078125,0.03729653,0.00275293179,0.0227967724,0.000404548482,-0.00191606581,-0.00270817452,1.05667257,0.2605926,-0.09454346,0.0327406563,-0.00102633215,0.0144635122,-0.7725393,4.18113947,0.789169431,4.324527
55,1.099999610260771,238,0,0,0,0,0,0.000169110688,0,-0.00112441415,0.000169110688,0,-0.00112441415,1,0,0,1,-3.38221253E-06,-2.2649765E-05,2.24882751E-05,0,0,0,-0.00067369797,-0.00149016082,-0.000437070819,-0.1519165,0.0255280528,0.0497414768,0.00197284343,0.00136415439,0.002372514,0.0005320746,1.92672014E-05,-0.000823831651,0.054300148,0.0402929038,0.145431221,-0.00295336777,3.908639E-05,-0.00307087926,-0.00022822454,6.173551E-05,-0.0008230981,0.0279474966,0.0513318181,0.0216216948,-0.00633966643,-0.000547561969,0.00046656,-0.000220670147,0.0024959743,0.00106181984,4.94828844,0.07102936,0.183482885,0.05181737,8.117677E-05,-0.000338360667,-0.001632158,0.00251045823,0.00059930206,4.91291237,0.09215883,0.02959056,0.0563073345,-0.000467921345,0.00249481574,0.00121291564,-0.00201560557,-0.00201160181,1.07200634,0.1397075,-0.07992554,0.0375148,0.00276813447,0.0229269937,0.000410821638,-0.00193071365,-0.002672463,1.05660057,0.258818775,-0.09313965,0.03269012,-0.000982376,0.0142040309,-0.7725393,4.18113947,0.789169431,4.324527
56,1.1199996031746031,243,0,0,0,0,0,0.000169869571,0,-0.001124212,0.000169869571,0,-0.001124212,1,0,0,1,-3.39739017E-06,-2.26348639E-05,2.24842315E-05,0,0,0,-0.000660619,-0.00148415565,-0.000428804371,-0.151763916,0.0267317072,0.0492770635,0.00195253175,0.001223392,0.00243639876,0.0005358017,1.9416213E-05,-0.0008281859,0.0543339178,0.04012266,0.145424381,-0.002978973,6.97498E-05,-0.00308322115,-0.000214497064,6.201863E-05,-0.000804435636,0.0277601145,0.05103838,0.02407877,-0.00626729941,-0.000517417851,0.000375702744,-0.000213369276,0.00249689817,0.001053629,4.94828749,0.07086821,0.183462173,0.051881548,0.00010938631,-0.0003428366,-0.001601175,0.00251469016,0.0006413629,4.91265869,0.09183002,0.0325808041,0.05627913,-0.000442648336,0.00242011063,0.001213315,-0.00201620162,-0.002015391,1.0719676,0.139700726,-0.07977295,0.0375918448,0.00275971764,0.0228809938,0.000417853124,-0.00192889571,-0.002640808,1.056601,0.2570499,-0.09182739,0.0326887,-0.000940205937,0.0139720757,-0.7725393,4.18113947,0.789169431,4.324527
57,1.1399995960884353,248,0,0,0,0,0,0.000170581348,0,-0.00112394965,0.000170581348,0,-0.00112394965,1,0,0,1,-3.41162558E-06,-2.2649765E-05,2.24789837E-05,0,0,0,-0.0006499909,-0.00149196386,-0.000422065321,-0.151641846,0.0277946983,0.0488731153,0.00193349645,0.00110168743,0.00249716779,0.000536666,1.90138817E-05,-0.000830925361,0.054348208,0.03998461,0.1454118,-0.00299256155,9.582165E-05,-0.00308417948,-0.000200094917,6.169081E-05,-0.0007902661,0.0276300181,0.05077378,0.0264652073,-0.00621787272,-0.000491859,0.000286905561,-0.000211516817,0.00249637663,0.00104828877,4.948259,0.07073657,0.18343924,0.0518748239,0.000133825175,-0.000342745334,-0.00156973477,0.00251801312,0.0006783821,4.912512,0.0915246457,0.0354851857,0.0563256,-0.000439180963,0.00234589726,0.00121089,-0.00201804936,-0.00201924471,1.07197225,0.139707446,-0.0795898438,0.0376227945,0.00275889738,0.02280688,0.000425665174,-0.00192889571,-0.00259978487,1.056437,0.255156368,-0.0906677246,0.0328089856,-0.0008348622,0.0137683749,-0.7725393,4.18113947,0.789169431,4.324527
58,1.1599995890022676,253,0,0,0,0,0,0.000172250991,0,-0.001126995,0.000172250991,0,-0.001126995,1,0,0,1,-3.44501836E-06,-2.2649765E-05,2.253989E-05,0,0,0,-0.000640428159,-0.00148612261,-0.000415748917,-0.151519775,-1.17126465,0.0485294051,0.00191858015,0.0009942491,0.002541109,0.0005382198,1.93417072E-05,-0.0008390767,0.0543159,-1.16012573,0.145402268,-0.003034627,0.000117785516,-0.00308205979,-0.0001839888,6.188452E-05,-0.000782088551,0.0275164079,-1.1494751,0.0287827551,-0.00620142138,-0.000470840983,0.000197221292,-0.000213326784,0.0024959147,0.00104570633,4.948426,-1.129364,0.183426186,0.0520455763,0.00014942592,-0.0003372468,-0.00153743126,0.00251458585,0.000709044165,4.91255236,-1.10876465,0.0383061431,0.0564492866,-0.0004539305,0.00227430835,0.001206552,-0.00201849639,-0.00201384956,1.07189393,-1.06030273,-0.07949829,0.03756326,0.00274333,0.0227018222,0.000432287983,-0.00193494558,-0.00254513836,1.05592287,-0.946960449,-0.08950806,0.0331874527,-0.000611440337,0.0135991462,-0.797180235,4.10872126,0.9797679,4.298492
59,1.1799995819160998,258,0,0,0,0,0,0.01752102,0,0.003200334,0.01752102,0,0.003200334,1,0,0,1,-0.000350420247,-2.26348639E-05,-6.400666E-05,0,0,0,-0.0259579085,-0.000837937,-0.006367908,-0.14944458,-4.025238,0.176864088,0.002152225,0.0182390418,0.0110661574,-0.0251775943,9.922683E-05,-0.0583916567,0.177924559,-3.97973633,0.04105184,-0.298840672,0.0608201623,0.218099117,-0.0500377677,0.000109165907,0.0389231928,-0.09921265,-3.97232056,-0.0731506348,0.284312248,0.07036469,0.220174849,-0.004303253,0.005350247,-0.0127224568,5.130994,-3.95001221,0.0369207226,0.20718506,0.0475558341,-0.122218892,-0.0119774584,-0.000765576959,0.008489489,4.72010231,-3.94332886,-0.09820557,-0.105522215,0.03775159,-0.11895524,0.007322648,0.000930815935,0.002212469,1.0063318,-3.954773,-0.0412597656,0.00415433664,0.00144317851,0.049723208,0.01052009,-0.00483514369,-0.0154463677,1.07330418,-3.87564087,-0.0639648438,0.00656681834,0.00913704652,0.0399615467,-0.821385562,3.88326073,1.42257464,4.216409
60,1.1999995748299319,263,0,0,0,0,0,0.04492999,0,0.00855513848,0.04492999,0,0.00855513848,1,0,0,1,-0.0008985994,0,-0.0001711027,0,0,0,-0.06849021,-0.000257283449,-0.0142037328,-0.138580322,-4.858124,0.443036258,-0.00414264575,0.156829983,-0.009286872,-0.06924695,-0.0002654493,-0.145599,0.430881321,-5.212036,-0.191345215,-0.7658344,0.282105178,0.553021669,-0.124598369,-0.00031542778,0.103132173,-0.379486084,-5.210266,-0.282684326,0.725262463,0.305756748,0.5740795,-0.0194301736,0.0096488595,-0.057181742,5.50655842,-5.218689,-0.300628662,0.364198357,0.1806635,-0.269457072,-0.0414053462,-0.004808128,0.035653878,4.28426361,-5.213745,-0.40322876,-0.271277,0.1577483,-0.27915436,0.0124954544,0.004015416,0.0112495851,1.1224823,-5.211853,-0.09790039,0.110551856,0.134952173,-0.0246658921,0.0217395481,-0.008265525,-0.028975457,0.983022,-5.228668,-0.07015991,-0.0618745126,0.105402224,0.007271059,-0.8257256,3.68989,1.69750559,4.144712
61,1.2199995677437641,267,0,0,0,0,0,0.0312276836,0,0.004661322,0.0312276836,0,0.004661322,1,0,0,1,-0.0006245534,0,-9.322641E-05,0,0,0,-0.0560955852,-0.00105370581,-0.01006114,-0.140930176,-4.55505371,0.473645657,-0.005184412,0.5327486,-0.103845872,-0.0478086,-0.000911518931,-0.0933043063,0.4958133,-5.893585,-0.26385498,-0.5119541,0.5078828,0.376530439,-0.0797706842,-0.000939101,0.06882837,-0.467254639,-5.89682,-0.342681885,0.4891664,0.519425,0.3852244,-0.0311059244,0.00560635328,-0.08951081,5.595345,-5.953827,-0.427856445,0.0857747,0.311718881,-0.09712265,-0.06600475,4.36157E-05,0.06249183,4.09598255,-5.97790527,-0.5046692,0.0442363024,0.281527162,-0.07878019,-0.0162168071,0.001714617,-0.05483671,1.25491738,-6.027588,-0.12411499,0.09976901,0.277390867,-0.0183466468,-0.030962348,-0.005000785,0.01684608,0.8086496,-6.172516,-0.185974121,-0.05657011,0.201379418,-0.0123070441,-0.825270057,3.47242427,1.94053411,4.06256962
62,1.2399995606575964,272,0,0,0,0,0,0.0246693119,0,0.00274933851,0.0246693119,0,0.00274933851,1,0,0,1,-0.000493386062,1.49011612E-08,-5.49867473E-05,0,0,0,-0.05479882,-0.0002848357,-0.009187836,-0.141571045,-4.8711853,0.4476102,-2.73678452E-05,0.5177985,-0.12649329,-0.0421193838,-0.000893935561,-0.07995872,0.5461873,-6.82342529,-0.325439453,-0.413174927,0.6846776,0.3017845,-0.06626659,-0.00088237226,0.0607246421,-0.534729,-6.83380127,-0.395385742,0.39545548,0.6937672,0.302622259,-0.0297298785,0.00241935253,-0.09939732,5.59849,-6.915802,-0.482513428,0.00644761138,0.525251031,-0.0509309061,-0.06471546,0.002757728,0.0705139,4.012299,-6.941437,-0.5476074,0.1333886,0.553036332,-0.025392171,-0.042407155,-0.0017503649,-0.114493094,1.23737717,-7.07592773,-0.1659851,0.0139834015,0.469202936,0.0282455944,-0.08825173,-0.00318337977,0.0460767373,0.797092,-7.010376,-0.1182251,0.0409636647,0.607123137,0.08720646,-0.795506954,3.22099829,2.17196274,3.96548653
63,1.2599995535714286,277,0,0,0,0,0,0.02978231,0,0.00299153221,0.02978231,0,0.00299153221,1,0,0,1,-0.000595646,0,-5.983062E-05,0,0,0,-0.06376801,5.16474247E-05,-0.00924313,-0.139984131,-4.48522949,0.441089928,-0.0008461941,0.59893477,-0.1387053,-0.0513336174,-0.00131395459,-0.09747257,0.595659852,-7.20578,-0.409454346,-0.5214617,0.772318959,0.364505321,-0.07776563,-0.00128214061,0.07473911,-0.6251831,-7.21731567,-0.464294434,0.4848394,0.788609,0.3716626,-0.0319964,0.002617985,-0.116746768,5.61254072,-7.276642,-0.5720825,0.0210133,0.633443654,-0.0753458,-0.07371419,0.00285729766,0.0810607,3.93115425,-7.27279663,-0.60736084,0.118791386,0.64314276,-0.035372965,-0.0579856038,-0.00209027529,-0.1303049,1.23757207,-7.35168457,-0.14239502,0.0207515322,0.66978693,0.0443999954,-0.109834976,-0.00420178473,0.0577937737,0.806729555,-7.23339844,-0.08532715,0.09023772,0.7131471,0.0522116274,-0.764261663,3.066783,2.29298019,3.90474224
64,1.2799995464852607,283,0,0,0,0,0,0.024308484,0,0.00203714147,0.024308484,0,0.00203714147,1,0,0,1,-0.000486169476,1.49011612E-08,-4.07428124E-05,0,0,0,-0.0613964722,-0.000230357051,-0.008126833,-0.137756348,-3.96847534,0.388753533,0.003147995,0.5376834,-0.1451059,-0.04817709,-0.00130020082,-0.09091264,0.586096466,-7.033722,-0.448883057,-0.452816516,0.909476161,0.307805836,-0.07140197,-0.00129045546,0.06940157,-0.6560364,-7.04556274,-0.489685059,0.4126081,0.9228693,0.3207902,-0.03834287,0.00130657852,-0.130197346,5.559737,-7.119995,-0.596466064,-0.04393239,0.7712398,-0.0262169354,-0.08443492,0.00318472087,0.09074962,3.92405438,-7.10437,-0.612731934,0.178912535,0.7638943,0.0224767178,-0.0742336,-0.00276127458,-0.153356373,1.23398411,-7.2046814,-0.127716064,0.0104379,0.7527292,0.0376395881,-0.131782472,-0.00426059961,0.0741911158,0.8427935,-7.137665,-0.0454406738,0.07880248,0.744515955,0.0408705361,-0.7428182,2.91088486,2.395559,3.84236026
65,1.2999995393990929,288,0,0,0,0,0,0.017083047,0,0.00101728586,0.017083047,0,0.00101728586,1,0,0,1,-0.0003416608,0,-2.034571E-05,0,0,0,-0.0525594428,-0.00062301755,-0.00661726529,-0.134552,-3.57797241,0.305975765,0.00585219264,0.404232264,-0.135528967,-0.03937608,-0.001028195,-0.07594149,0.522865832,-6.518402,-0.4404297,-0.351564348,0.956116736,0.228769466,-0.05872762,-0.00101214647,0.05571311,-0.632171631,-6.53039551,-0.470275879,0.305403471,0.9661053,0.246897936,-0.0401779748,-0.0004913658,-0.133191466,5.436912,-6.612549,-0.5534363,-0.0972738639,0.8628157,0.0263936352,-0.08654199,0.00417388976,0.09336101,4.01971865,-6.602844,-0.559814453,0.249811381,0.8577549,0.07740803,-0.09175263,-0.0046787113,-0.171407908,1.20969427,-6.70645142,-0.113800049,-0.00575026032,0.852628231,0.0374404825,-0.149231225,-0.00207875669,0.09076056,0.8774562,-6.65426636,-0.06188965,0.07103186,0.8459889,0.00716603361,-0.7277361,2.775682,2.47196174,3.78742719
66,1.3199995323129252,294,0,0,0,0,0,0.0115985945,0,0.00045295764,0.0115985945,0,0.00045295764,1,0,0,1,-0.00023197179,1.49011612E-08,-9.059149E-06,0,0,0,-0.0423845276,-0.0009717643,-0.005174351,-0.131317139,-3.60910034,0.217441469,0.00658448972,0.283548534,-0.115053512,-0.031151101,-0.0007200539,-0.06245309,0.421356738,-6.12231445,-0.398834229,-0.2731981,0.923635066,0.167265236,-0.04694639,-0.0006856322,0.0429010764,-0.5749512,-6.13375854,-0.420196533,0.219402954,0.931123,0.18704246,-0.0398288555,-0.00129362941,-0.1279722,5.274881,-6.202301,-0.469238281,-0.105387665,0.8750507,0.06209964,-0.08227021,0.004981309,0.09032404,4.1966753,-6.200592,-0.473022461,0.273573548,0.869581938,0.1061966,-0.100699909,-0.0056283623,-0.174106985,1.17048514,-6.27502441,-0.106231689,-0.0149956085,0.890295148,0.03540777,-0.154215962,-0.000183194876,0.100593671,0.9312536,-6.246765,-0.09664917,0.06654368,0.8764322,0.009211395,-0.705496252,2.64224744,2.540034,3.7324214
67,1.3399995252267574,299,0,0,0,0,0,0.0117111113,0,0.000414748065,0.0117111113,0,0.000414748065,1,0,0,1,-0.000234222141,0,-8.294958E-06,0,0,0,-0.038182348,-0.0009891987,-0.00407218328,-0.12789917,-3.770813,0.157995611,0.00495913858,0.266305536,-0.0954372138,-0.0317124724,-0.0006316602,-0.061432872,0.3172976,-5.937256,-0.359313965,-0.284095734,0.8467685,0.174634784,-0.04590009,-0.0006658882,0.04480869,-0.5133362,-5.948181,-0.368652344,0.236927643,0.8534797,0.195008174,-0.0399877951,-0.000331327319,-0.118663058,5.138198,-5.983368,-0.401428223,-0.0531517826,0.8056608,0.05425609,-0.07619497,0.003870502,0.08554453,4.30174875,-5.991272,-0.39855957,0.194155,0.8016778,0.08628555,-0.09640987,-0.004626736,-0.158712447,1.11273074,-6.020752,-0.151977539,-0.00987265,0.8383597,0.0306409374,-0.143589571,-0.000411450863,0.0880811661,0.9475902,-6.008362,-0.07989502,0.0370255448,0.8282735,0.03860612,-0.6759119,2.51683474,2.59824443,3.67997122
68,1.3599995181405895,304,0,0,0,0,0,0.013670302,0,0.000205017655,0.013670302,0,0.000205017655,1,0,0,1,-0.000273405924,1.49011612E-08,-4.10035136E-06,0,0,0,-0.0376182422,-0.000957861543,-0.003233262,-0.124023438,-3.70733643,0.126485869,0.003237757,0.303154677,-0.08191998,-0.0360560454,-0.000551089644,-0.06463307,0.227693319,-5.705078,-0.331207275,-0.3145606,0.796288967,0.200776339,-0.0489068627,-0.0006610453,0.0501113869,-0.464263916,-5.71536255,-0.325042725,0.271574557,0.8034646,0.221117347,-0.0410692468,0.0009383261,-0.109481908,5.0431,-5.73464966,-0.365234375,0.00157779525,0.7337694,0.0333454,-0.0710837,0.00293008983,0.07980175,4.35873842,-5.74023438,-0.348236084,0.134002939,0.738633633,0.0585727319,-0.08803622,-0.00385041535,-0.137483791,1.07820928,-5.75509644,-0.182220459,0.0110750282,0.7474767,0.0554847866,-0.126753464,-0.00166977942,0.07412967,0.914268732,-5.71472168,-0.03994751,0.04291034,0.7566762,0.019542709,-0.6504395,2.37798238,2.65214515,3.62101436
69,1.3799995110544216,309,0,0,0,0,0,0.0122288987,0,0.000101418591,0.0122288987,0,0.000101418591,1,0,0,1,-0.000244577881,0,-2.028371E-06,0,0,0,-0.0349088125,-0.00108830631,-0.002545256,-0.120849609,-3.682129,0.09813464,0.00276370649,0.2936218,-0.07228608,-0.0353351869,-0.0004119277,-0.0598044842,0.144177124,-5.48681641,-0.299713135,-0.285352379,0.778225958,0.186188936,-0.04562191,-0.0005439371,0.04713448,-0.416595459,-5.495575,-0.2798767,0.245991752,0.785161257,0.2039903,-0.0411881357,0.00128412247,-0.0995996,4.96002436,-5.520996,-0.330413818,0.0147228725,0.707789242,0.03352715,-0.06571725,0.00273472071,0.07327937,4.404779,-5.52124,-0.300048828,0.1224112,0.715471447,0.0554612055,-0.084064424,-0.003850922,-0.122989461,1.0513202,-5.56210327,-0.20690918,0.0223700535,0.694333255,0.07441257,-0.117596075,-0.00315263867,0.06491587,0.896877468,-5.486603,-0.01864624,0.04631847,0.7154828,0.0193696618,-0.6236332,2.2482245,2.69556284,3.56503725
70,1.399999503968254,313,0,0,0,0,0,0.0119382385,0,8.458689E-05,0.0119382385,0,8.458689E-05,1,0,0,1,-0.000238764682,1.49011612E-08,-1.69173722E-06,0,0,0,-0.03262135,-0.001116544,-0.00188107928,-0.118164063,-3.561493,0.07773902,0.00187074556,0.2816435,-0.0638401657,-0.0344652571,-0.000286296,-0.05519357,0.0743588,-5.18157959,-0.272521973,-0.265465021,0.747121,0.177386358,-0.04257269,-0.000432699919,0.04427325,-0.380767822,-5.188446,-0.239379883,0.228756487,0.753961563,0.193161741,-0.0396284759,0.00158536434,-0.0891426653,4.89216232,-5.21472168,-0.30267334,0.028671829,0.684159,0.0286058132,-0.05977132,0.00277091563,0.06648015,4.43760538,-5.21398926,-0.256469727,0.112679809,0.688716352,0.0489480123,-0.08200337,-0.00397674739,-0.1095821,1.03245354,-5.25906372,-0.2177124,0.03112878,0.6801294,0.09032071,-0.10823673,-0.00367131829,0.0586396679,0.8857398,-5.16159058,-0.028717041,0.06165624,0.6934061,0.005324172,-0.6015138,2.1397984,2.72631812,3.51757956
71,1.4199994968820862,317,0,0,0,0,0,0.0101296352,0,-0.000159576826,0.0101296352,0,-0.000159576826,1,0,0,1,-0.000202592622,1.49011612E-08,3.19153514E-06,0,0,0,-0.0289246533,-0.00121441483,-0.00132829114,-0.116516113,-3.29077148,0.0552771352,0.00155735936,0.246344209,-0.0564358,-0.03101092,-0.000177681446,-0.04750503,0.0104716821,-4.65744,-0.24307251,-0.223259166,0.718241632,0.151860386,-0.0369603224,-0.000312685966,0.0383775868,-0.34664917,-4.662628,-0.1984253,0.190728441,0.7238454,0.164722532,-0.0377899632,0.00161463022,-0.07852534,4.82775974,-4.68792725,-0.268127441,0.0299625881,0.6657114,0.0338875651,-0.0531293526,0.00298242271,0.0603195056,4.474326,-4.690033,-0.211578369,0.118103728,0.6661874,0.0500859432,-0.08008192,-0.00412903726,-0.09847495,0.9996428,-4.73788452,-0.250976563,0.0354859829,0.66231513,0.0992174447,-0.09989918,-0.003820002,0.0550735556,0.8895539,-4.64001465,-0.0439147949,0.07055881,0.663546264,0.0113357678,-0.590325058,2.0592978,2.74492764,3.48192739
72,1.4399994897959183,322,0,0,0,0,0,0.006599502,0,-0.000374350522,0.006599502,0,-0.000374350522,1,0,0,1,-0.000131989989,-5.94556332E-06,7.48700768E-06,0,0,0,-0.0211767,-0.0013679415,-0.000884301437,-0.116790771,-3.034729,0.017324781,0.00301079685,0.329556048,-0.05368717,-0.0219735913,-8.614361E-05,-0.0332088545,-0.0610656738,-4.05014038,-0.198760986,-0.1592111,0.6398109,0.108597122,-0.0259053484,-0.000176936388,0.0259502213,-0.297302246,-4.053711,-0.147583008,0.130784467,0.643980563,0.117967166,-0.0341679268,0.00125801563,-0.06658667,4.745168,-4.07885742,-0.209838867,0.01394361,0.6335594,0.0529401451,-0.0449290834,0.00344617665,0.0527230576,4.538624,-4.0826416,-0.151611328,0.139589727,0.633522153,0.06390675,-0.07923528,-0.00512565672,-0.08879922,0.971627,-4.13015747,-0.2669983,0.0442148075,0.631746769,0.125921115,-0.09263964,-0.00337935984,0.0524566434,0.8958105,-4.036865,-0.0541687,0.0744331256,0.630685747,0.0194097031,-0.584747851,1.97835994,2.75990486,3.44570947
73,1.4599994827097504,327,0,0,0,0,0,0.00342108542,0,-0.0004374222,0.00342108542,0,-0.0004374222,1,0,0,1,-6.842168E-05,-1.31130219E-05,8.74844E-06,0,0,0,-0.0152998334,-0.00142946839,-0.0005732569,-0.11831665,-2.059906,-0.0234375,0.00205697236,0.328028828,-0.04316557,-0.0155746052,-1.94311142E-05,-0.0230420586,-0.131103516,-2.79644775,-0.150146484,-0.101875991,0.57388103,0.06988892,-0.0178802665,-6.324053E-05,0.0172614679,-0.244720459,-2.79879761,-0.09597778,0.0789063647,0.5762514,0.07546996,-0.029038934,0.00133723021,-0.05257686,4.6643157,-2.8135376,-0.144195557,0.0207921863,0.575507,0.0587864667,-0.0353360027,0.00364431739,0.04303729,4.608725,-2.823822,-0.08895874,0.137634084,0.575156331,0.0635959357,-0.07268847,-0.005482748,-0.0755923,0.929822266,-2.8508606,-0.298858643,0.0472353138,0.587773442,0.132661015,-0.08047784,-0.00314255059,0.0460861027,0.9036318,-2.75704956,-0.07199097,0.08268306,0.584113657,0.0203592442,-0.6138779,1.89705384,2.76499629,3.408939
74,1.4799994756235828,331,0,0,0,0,0,-0.00767655764,0,-0.000521226,-0.00767655764,0,-0.000521226,1,0,0,1,0.000153531088,-2.26348639E-05,1.04245155E-05,0,0,0,0.00344207324,-0.00183805823,-0.000346400164,-0.123504639,-1.00448608,-0.129425049,0.001275131,0.2960182,-0.03652241,0.009495517,-8.240342E-06,0.0113864318,-0.2581482,-1.54031372,-0.0440368652,0.0954159349,0.464276135,-0.0761701,0.009462027,0.000164374709,-0.0156670175,-0.123596191,-1.53988647,0.004127297,-0.112219036,0.460908651,-0.07175948,-0.02070358,4.57167625E-05,-0.0338705368,4.497968,-1.55279541,0.00180665986,-0.0491021536,0.466890961,0.1252143,-0.02288051,0.00504668057,0.0271067135,4.774121,-1.55230713,0.03722062,0.2100871,0.462500244,0.122362643,-0.06793314,-0.00736326,-0.06976322,0.883074164,-1.58569336,-0.315856934,0.0410173,0.473293841,0.150144622,-0.0737130046,-0.00209863484,0.0429894179,0.936405063,-1.54586792,-0.0275268555,0.08889633,0.45327732,0.038895417,-0.6488533,1.82712245,2.76490378,3.3769927
75,1.4999994685374149,337,0,0,0,0,0,-0.0118259843,0,-0.000837007945,-0.0118259843,0,-0.000837007945,1,0,0,1,0.0002365196,-3.56137753E-06,1.67401522E-05,0,0,0,0.0139875356,-0.00181399286,5.967496E-05,-0.126861572,-0.764648438,-0.224517822,0.00082169933,0.212396324,-0.0132467216,0.0195293836,-0.000120460987,0.02601282,-0.3786316,-1.18432617,0.0579709522,0.169663534,0.3050441,-0.131850868,0.0214202516,0.000153109431,-0.0289682653,-0.0114440918,-1.182373,0.101226829,-0.185853958,0.298773021,-0.128036365,-0.00694684125,0.000478088856,-0.00991900451,4.34226227,-1.17160034,0.137749076,-0.0160274319,0.322591156,0.116760254,-0.00685191341,0.00528503954,0.00539009459,4.925636,-1.1862793,0.16525425,0.178069666,0.321099281,0.112871349,-0.0466373451,-0.007987082,-0.0472813658,0.844138265,-1.17953491,-0.3295288,0.0412614346,0.35827446,0.145416692,-0.0480631366,-0.00131303072,0.0246166326,0.969284952,-1.13143921,-0.0438842773,0.09800403,0.3608043,-0.0149097275,-0.6488534,1.82712245,2.764904,3.376993
76,1.5199994614512471,343,0,0,0,0,0,-0.00189479545,0,-0.000457221729,-0.00189479545,0,-0.000457221729,1,0,0,1,3.78958939E-05,-8.34465E-06,9.144431E-06,0,0,0,0.00412702654,-0.00140024722,8.117123E-05,-0.127685547,-0.6154175,-0.216125488,0.000755131769,0.129627749,0.015590285,0.0007930137,-4.66406345E-06,0.00105009414,-0.404388428,-0.961395264,0.0785801038,0.0191051289,0.193977952,-0.0155685889,0.00197226182,7.36117363E-05,-0.004116753,0.000237120781,-0.9604187,0.120455727,-0.0340759419,0.1919721,-0.0187457837,0.001303338,0.00299327075,0.004501231,4.340634,-0.9428406,0.146912277,0.134679526,0.191923857,0.0114593245,0.00293629523,0.0027500093,-0.004911997,4.92071056,-0.972167969,0.175965533,0.03144151,0.1777404,0.009103471,-0.01019042,-0.005350262,-0.0122797713,0.754561663,-1.00753784,-0.361236572,0.0377179533,0.1641177,0.14060311,-0.0112151541,-0.00352658331,0.0003651213,1.03245616,-1.02069092,-0.03793335,0.100780152,0.105009377,0.0255115069,-0.6488536,1.82712245,2.764903,3.37699223
77,1.5399994543650792,349,0,0,0,0,0,-0.000324035,0,-0.00058385235,-0.000324035,0,-0.00058385235,1,0,0,1,6.48069727E-06,-3.56137753E-06,1.16770425E-05,0,0,0,0.00280433381,-0.00152809918,0.000142519173,-0.129058838,-0.26361084,-0.199707031,0.000378292578,0.09645909,0.0192967579,-0.00115015241,2.62409449E-05,-0.001223597,-0.415374756,-0.5492554,0.08895628,0.003707513,0.149845734,-0.00245799124,-0.000410494162,6.876886E-05,-0.0004029714,0.00616900763,-0.5491638,0.1283498,-0.0115075512,0.149082989,-0.00517918169,0.003959521,0.00342088938,0.00657950342,4.359192,-0.573547363,0.134465158,0.139851019,0.121943861,-0.00825464353,0.004251025,0.002035737,-0.00285056047,4.90392542,-0.5656128,0.166548058,0.0292408131,0.129864976,-0.00652992027,0.010228117,-0.0056272,0.004200532,0.802430034,-0.723938,-0.345733643,0.09433914,0.07198754,0.161274761,0.0046721613,-0.00362090766,-0.007520474,1.06575263,-0.7304077,-0.103973389,0.04819198,0.05638596,-0.01716408,-0.6604289,1.82712269,2.76216125,3.37699246
78,1.5599994472789116,354,0,0,0,0,0,-0.00349163,0,-0.0007977749,-0.00349163,0,-0.0007977749,1,0,0,1,6.98325748E-05,1.49011612E-08,1.59554911E-05,0,0,0,0.008247473,-0.00163330138,0.000325885252,-0.13092041,0.8987469,-0.207427979,0.000207149656,0.07138456,0.0179676358,0.008215952,-8.606911E-05,0.0114425123,-0.4383545,0.6523343,0.1087299,0.07068148,0.104020581,-0.0546248257,0.009125468,5.05894423E-05,-0.0104528,0.0344764628,0.6530698,0.148371741,-0.06813981,0.102396354,-0.05309238,0.009925979,0.00264820457,0.0115606142,4.34448147,0.605651855,0.140773654,0.0947641358,0.09626909,0.008032468,0.00860010553,0.00285033882,-0.00398544967,4.932714,0.6200814,0.179312825,0.07449223,0.09304984,0.0127188992,0.00811982,-0.006113887,-0.00194200315,0.739738047,0.442068726,-0.2902832,0.0690747052,0.06832933,0.189428285,0.00565740746,-0.00150918961,-0.006337157,1.04537857,0.407928973,-0.109222412,0.0261150468,0.0363738164,0.0307016075,-0.712232351,1.85045457,2.74680734,3.38768458
79,1.5799994401927437,358,0,0,0,0,0,-0.0170583837,0,-0.00138198351,-0.0170583837,0,-0.00138198351,1,0,0,1,0.000341167557,1.49011612E-08,2.763966E-05,0,0,0,0.02855959,-0.00203646719,0.00104500959,-0.132720947,3.083594,-0.3001709,-0.000435479218,0.0242093466,0.0168973915,0.03685663,-0.0004912764,0.0501813963,-0.539489746,2.832197,0.189524069,0.285354942,0.007575847,-0.226927325,0.04133475,-4.929304E-05,-0.0471483245,0.143694192,2.833968,0.231127441,-0.286144137,-0.00186876208,-0.217037737,0.0182298571,0.0008854717,0.023028532,4.19237661,2.79938436,0.246234939,-0.01801099,0.0122921914,0.09296431,0.0175295509,0.00533905625,-0.0156588349,5.09129,2.79247141,0.291936964,0.184807152,0.0124480873,0.09656215,0.003350488,-0.009936333,-0.00262498157,0.82656765,2.58894134,-0.257568359,0.10674113,0.0396662019,0.175183177,0.000454748981,0.0004144609,-0.00213263137,1.02666461,2.57967,-0.100952148,0.0385489464,0.004815569,0.0321241654,-0.8148017,1.89123392,2.71332955,3.406292
80,1.5999994331065759,363,0,0,0,0,0,-0.035290014,0,-0.003345203,-0.035290014,0,-0.003345203,1,0,0,1,0.0007058,-1.78664923E-05,6.690403E-05,0,0,0,0.0595557019,-0.002534762,0.00331476587,-0.128723145,3.93412066,-0.487609863,-0.00191780459,-0.08901155,0.0311944,0.07397805,-0.00144995749,0.107624248,-0.7406616,3.59239984,0.3446957,0.5900105,-0.19288981,-0.470336467,0.0885283053,-0.0005633384,-0.0974610746,0.345465779,3.59734964,0.400086164,-0.599701643,-0.212365627,-0.441488266,0.0335144959,-0.0004749,0.0555514544,3.900681,3.60996628,0.466425151,-0.107175827,-0.13724941,0.194567159,0.0382103622,0.008495569,-0.0443163961,5.38513565,3.60682487,0.5306668,0.284362733,-0.136178643,0.192369819,0.005536335,-0.009464279,0.00161609962,0.8044345,3.53692079,-0.2534485,0.0415678769,-0.00126035511,0.133255869,0.0009613885,0.00234434,-0.0056977123,1.06665313,3.54960251,-0.0765686,0.110012479,0.0048989,0.04150091,-0.859726846,1.92031765,2.6955955,3.41950083
81,1.619999426020408,368,0,0,0,0,0,-0.0212905556,0,-0.00257354183,-0.0212905556,0,-0.00257354183,1,0,0,1,0.000425810926,1.49011612E-08,5.14708154E-05,0,0,0,0.0442894325,-0.00161540508,0.00282937428,-0.1321106,3.48050141,-0.4793396,0.006181225,-0.254204482,0.09728699,0.0430943035,-0.00124762952,0.06615421,-0.7546387,3.50093365,0.367865741,0.3575225,-0.3774437,-0.275636345,0.0546180531,-0.0006876588,-0.0573807471,0.37867856,3.50481319,0.426813841,-0.3556918,-0.3863344,-0.268222272,0.04408585,0.00198082626,0.0783984959,3.80205226,3.57167149,0.5058161,0.135255665,-0.23748064,0.0231634341,0.05265432,0.00402648747,-0.06660554,5.41465569,3.58446574,0.582109153,0.03245441,-0.240393922,0.0395752974,0.0360081345,-0.006416738,0.0541548431,0.7927342,3.65771055,-0.198181152,0.0809914246,-0.138304487,0.1682742,0.03850128,-0.00171378255,-0.0486735962,1.22880626,3.65319586,-0.0271606445,0.105654448,-0.139196068,0.0462541133,-0.8709184,1.92612958,2.69119859,3.42213726
82,1.6399994189342404,373,0,0,0,0,0,-0.009301257,0,-0.00162748026,-0.009301257,0,-0.00162748026,1,0,0,1,0.000186025078,-3.56137753E-06,3.2549593E-05,0,0,0,0.0302473288,-0.00136962533,0.00227040634,-0.136047363,3.0570972,-0.39666748,0.0054187756,-0.185492054,0.103963658,0.0223925766,-0.0005989671,0.0371905454,-0.709289551,3.027917,0.352189839,0.178624272,-0.459117621,-0.126489192,0.0289632678,-0.000328153372,-0.0305761211,0.357018679,3.031116,0.4088538,-0.168739438,-0.461491346,-0.1272523,0.0375144929,0.004444331,0.0827117562,3.89826775,3.12793922,0.461508632,0.279337257,-0.384457618,-0.05809334,0.0504813865,7.139146E-05,-0.0677787438,5.31914425,3.15116286,0.5191531,-0.08510234,-0.384761035,-0.04795628,0.07518331,-0.001761198,0.09198125,0.768267,3.31774426,-0.2947693,0.041479826,-0.303942144,0.03930443,0.08279127,-0.003543064,-0.09081173,1.21523643,3.30455279,-0.0340576172,-0.008496885,-0.332460523,0.002016062,-0.870731354,1.93774843,2.68960619,3.4273932
83,1.6599994118480725,379,0,0,0,0,0,-0.00258138054,0,-0.0009623084,-0.00258138054,0,-0.0009623084,1,0,0,1,5.162759E-05,-2.26348639E-05,1.924616E-05,0,0,0,0.0193876,-0.00140242279,0.001235755,-0.139312744,2.749464,-0.296142578,0.00305713341,-0.2712797,0.09399587,0.0104653817,-0.000272810459,0.0172030311,-0.625762939,2.579139,0.3075048,0.0908938944,-0.3943132,-0.0631018057,0.0135712447,-0.000160992146,-0.01640955,0.284879565,2.58137059,0.354218364,-0.09505152,-0.3945466,-0.06575605,0.0355716757,0.005637303,0.07705423,4.11567068,2.65739822,0.362921953,0.333625674,-0.412321717,-0.102343716,0.046474494,-0.00157149136,-0.0662393346,5.161124,2.66836882,0.40795958,-0.121506527,-0.410395861,-0.08887112,0.0835036337,-0.00132733583,0.1075782,0.8261096,2.75525117,-0.2564392,0.105637431,-0.4678946,0.144812867,0.0972895,-0.004734695,-0.0985004753,1.16629159,2.766113,-0.0395813,-0.03551558,-0.4505142,0.00450511836,-0.870731354,1.93774843,2.68960571,3.42739272
84,1.6799994047619047,386,0,0,0,0,0,-0.00148860167,0,-0.0008880783,-0.00148860167,0,-0.0008880783,1,0,0,1,2.97720217E-05,-1.30981207E-05,1.77615584E-05,0,0,0,0.0154848229,-0.00147344172,0.000970700756,-0.140991211,2.442035,-0.214782715,0.00337087736,-0.270595372,0.0754109845,0.009794291,-0.000195905566,0.0167805981,-0.5385742,2.17712569,0.255644649,0.07985682,-0.352849215,-0.05439381,0.0128608439,-0.00010471046,-0.0165928844,0.1986403,2.17885327,0.296364456,-0.08848249,-0.352787584,-0.0554763079,0.03201343,0.00482043624,0.0685206056,4.290083,2.22387028,0.27364853,0.251387656,-0.367382228,-0.08987371,0.0422967821,-0.0007289052,-0.058916,5.023343,2.23044968,0.30750683,-0.06233398,-0.368190348,-0.0831505358,0.07398049,-0.00146648288,0.0957445353,0.869555056,2.2849052,-0.264190674,0.1103097,-0.4007082,0.158715069,0.0878212,-0.004171282,-0.0875439048,1.09091556,2.28936148,-0.002105713,-0.0295618847,-0.405708373,0.008089793,-0.870731235,1.93774843,2.68960547,3.42739248
85,1.6999993976757368,394,0,0,0,0,0,-0.00129773526,0,-0.0008080503,-0.00129773526,0,-0.0008080503,1,0,0,1,2.59546941E-05,-1.31130219E-05,1.61609987E-05,0,0,0,0.0126214884,-0.00143353641,0.000834588544,-0.141784668,2.15153575,-0.148468018,0.003331996,-0.255624861,0.0605313256,0.009744619,-0.000156655908,0.01700716,-0.4477539,1.82508123,0.1988232,0.07486448,-0.3088615,-0.0510892235,0.01285262,-5.89936972E-05,-0.0164025035,0.1079579,1.82618558,0.2361167,-0.08312461,-0.308959484,-0.05080261,0.0282836743,0.00377625227,0.0580432341,4.4080615,1.8593024,0.197699115,0.182433978,-0.313350081,-0.0737628639,0.0373994522,0.0004156679,-0.05023749,4.90997,1.865375,0.225683838,-0.0140982624,-0.312643379,-0.07062995,0.060702242,-0.00274036825,0.07492692,0.864370763,1.90235567,-0.30480957,0.100430317,-0.322638,0.165681273,0.07264533,-0.00375002623,-0.07043961,1.06376219,1.91049445,0.00263058953,-0.00115594256,-0.324133,-0.0150245614,-0.8707313,1.93774867,2.68960547,3.42739272
86,1.7199993905895692,402,0,0,0,0,0,-0.0007116646,0,-0.000633062969,-0.0007116646,0,-0.000633062969,1,0,0,1,1.42332865E-05,-2.2649765E-05,1.2661254E-05,0,0,0,0.0101140533,-0.00143507123,0.0006890845,-0.142120361,1.88482463,-0.0947876,0.00317418622,-0.234608442,0.04849511,0.00883071,-0.000106558204,0.0147475526,-0.366363525,1.52248073,0.143565223,0.0609781668,-0.2656005,-0.0442487225,0.01165606,-1.52587891E-05,-0.0142289912,0.0250888877,1.52313375,0.1793772,-0.0696325,-0.2655554,-0.0438119322,0.0235062242,0.003357768,0.045769155,4.495119,1.54829812,0.135886922,0.143990055,-0.269151628,-0.0586707667,0.0310415626,0.0012820214,-0.0397374481,4.82297039,1.55570292,0.160872668,0.0198013019,-0.26433742,-0.056961365,0.0506661,-0.003928855,0.05446317,0.852183,1.56850433,-0.334106445,0.09361135,-0.276733935,0.16448909,0.0575481653,-0.00284361839,-0.05547943,1.03676116,1.60653436,0.03258454,0.0105121713,-0.2638372,-0.015410956,-0.870731235,1.93774867,2.68960547,3.42739272
87,1.7399993835034013,410,0,0,0,0,0,-0.000420407625,0,-0.000599007064,-0.000420407625,0,-0.000599007064,1,0,0,1,8.408149E-06,-2.26348639E-05,1.19801371E-05,0,0,0,0.007959735,-0.00145250559,0.0005569593,-0.142150879,1.64430463,-0.0518493652,0.00295088021,-0.211397573,0.03868909,0.00743529,-5.596876E-05,0.0113452328,-0.302703857,1.26520133,0.0952709541,0.0436719656,-0.225875884,-0.03541991,0.009525177,1.90734863E-05,-0.0114028556,-0.0428771973,1.26622224,0.13166675,-0.05399686,-0.22520262,-0.0340085551,0.0185146425,0.00310851634,0.0337564349,4.5564003,1.28420889,0.08734296,0.119717114,-0.230857342,-0.0451699533,0.02390311,0.00167641044,-0.0298764668,4.757228,1.29826319,0.112746492,0.041566506,-0.222528055,-0.0436517149,0.0438552722,-0.004906893,0.0342680961,0.8288663,1.27006125,-0.3374939,0.06526324,-0.241844833,0.13429907,0.0453866944,-0.00293029845,-0.0412944965,1.03035855,1.35530031,0.0218985323,0.0196441766,-0.217489183,-0.0360203758,-0.870731235,1.93774867,2.68960524,3.42739248
88,1.7599993764172335,419,0,0,0,0,0,-0.0003914876,0,-0.000653967,-0.0003914876,0,-0.000653967,1,0,0,1,7.829749E-06,-1.30981207E-05,1.30793351E-05,0,0,0,0.006161566,-0.00146327913,0.000445144251,-0.142120361,1.4300369,-0.0179443359,0.00269714464,-0.18812032,0.0306313019,0.0059561925,-9.49204E-06,0.00780226476,-0.258972168,1.04818642,0.0565888062,0.0268918276,-0.190349072,-0.0265903361,0.00741884671,5.221367E-05,-0.008477079,-0.0946960449,1.05019152,0.09420979,-0.0387419462,-0.189390391,-0.0252072364,0.0144129321,0.00301650167,0.0227273367,4.595839,1.06400478,0.0492916666,0.10219156,-0.1887443,-0.0345017165,0.0171617754,0.00208863616,-0.0205292553,4.71288061,1.0775156,0.0783807859,0.05862222,-0.189209476,-0.0314859673,0.0320966132,-0.00557371974,0.0195781,0.7905986,1.05409563,-0.278564453,0.08260279,-0.1950246,0.167677641,0.033589296,-0.0022726357,-0.0296773314,1.01291156,1.13630152,0.0401409268,0.0219452027,-0.187895328,-0.027410619,-0.870731235,1.93774843,2.68960547,3.42739248
89,1.7799993693310656,427,0,0,0,0,0,-0.0003241988,0,-0.000693759939,-0.0003241988,0,-0.000693759939,1,0,0,1,6.48397327E-06,-1.78813934E-05,1.3875193E-05,0,0,0,0.004635768,-0.00146321952,0.000341507664,-0.142089844,1.24126267,0.008489916,0.002435261,-0.165462136,0.02414718,0.004311525,8.09133053E-06,0.00464921,-0.2321167,0.867814541,0.02846336,0.0130798491,-0.15802902,-0.01767068,0.00524118962,5.74290752E-05,-0.005902662,-0.131134033,0.870276451,0.06729046,-0.02586396,-0.157668367,-0.0166324358,0.009570228,0.00289456546,0.0137912836,4.61712,0.887880266,0.023656588,0.09025007,-0.1518632,-0.0230025556,0.0110190576,0.0022918582,-0.0127861258,4.684584,0.8956629,0.0563215055,0.06973851,-0.157225788,-0.0209841,0.021684587,-0.007168904,0.0100862179,0.787964,0.899483442,-0.208557129,0.114403531,-0.147335887,0.139049411,0.0237921756,-0.00241670012,-0.01909711,1.00895739,0.955378056,0.0385527648,0.0296004973,-0.154631749,-0.039385248,-0.870731235,1.93774867,2.68960547,3.42739272
90,1.799999362244898,434,0,0,0,0,0,-0.000153195433,0,-0.000600882748,-0.000153195433,0,-0.000600882748,1,0,0,1,3.06390757E-06,-2.2649765E-05,1.201765E-05,0,0,0,0.003351545,-0.00147713721,0.000236139647,-0.142150879,1.07658517,0.0287840087,0.00216420926,-0.144060522,0.0189713445,0.00259555876,1.55121088E-05,0.0024065515,-0.217498779,0.7196849,0.0109856958,0.0044216984,-0.1295835,-0.009240425,0.003359044,5.79506159E-05,-0.003625464,-0.154144287,0.7218427,0.0495140776,-0.014920515,-0.12999171,-0.009836491,0.00486019766,0.00288204849,0.008078592,4.62902927,0.7467635,0.0100003369,0.08488572,-0.1178522,-0.0129198469,0.00587707572,0.002508521,-0.00618440751,4.671422,0.742934644,0.0444107428,0.07811643,-0.128818467,-0.0123107284,0.0130682988,-0.00754755735,0.003700845,0.787750363,0.814316154,-0.151947021,0.12629576,-0.0965835452,0.09842436,0.01504442,-0.00213702023,-0.0118061248,0.98878026,0.816366255,0.0419379175,0.0298820883,-0.1252957,-0.0325107649,-0.870731235,1.93774843,2.68960547,3.42739248
91,1.8199993551587301,443,0,0,0,0,0,-6.660947E-05,0,-0.000459973118,-6.660947E-05,0,-0.000459973118,1,0,0,1,1.332189E-06,-3.21865082E-05,9.199459E-06,0,0,0,0.00228556432,-0.00148427486,0.00013533239,-0.1423645,0.934214056,0.0440745428,0.00191227417,-0.124233842,0.0148699647,0.00115596282,1.17272139E-05,0.000960187754,-0.209838867,0.5998386,0.00298829563,-0.000111009285,-0.104758233,-0.00275010872,0.00181503955,4.938245E-05,-0.00188757689,-0.166351318,0.600774169,0.03927089,-0.00702489633,-0.105931871,-0.00461733341,0.001167333,0.00286147,0.00446431153,4.634308,0.6387066,0.004410267,0.08114165,-0.09164093,-0.005412519,0.001840007,0.00259374082,-0.00169500848,4.66743565,0.6191093,0.0402490422,0.0812757462,-0.101308629,-0.00527908839,0.00645640772,-0.007719308,-3.29765026E-05,0.80515933,0.7632638,-0.0933227539,0.1316658,-0.0623614043,0.0629322,0.008047868,-0.00254641473,-0.00740557443,0.9667927,0.725153148,0.03649481,0.0338924043,-0.07896952,-0.0369837955,-0.8707312,1.93774867,2.68960547,3.42739272
92,1.8399993480725623,452,0,0,0,0,0,-0.000174896486,0,-0.00064458116,-0.000174896486,0,-0.00064458116,1,0,0,1,3.49792845E-06,-3.2171607E-05,1.28916181E-05,0,0,0,0.00142207986,-0.0014885366,6.174696E-05,-0.142669678,0.8120767,0.0552718043,0.00174789131,-0.10623692,0.0116073592,-1.16438605E-05,1.40964985E-05,-4.91653918E-05,-0.205291748,0.503881931,0.0014582416,-0.002685612,-0.08380641,0.00222601532,0.000623076,4.902482E-05,-0.0007822593,-0.170959473,0.503552139,0.03548951,-0.00267083151,-0.08496722,-0.000744811841,-0.002265599,0.00287115574,0.002151547,4.632955,0.5518437,0.008732935,0.07964802,-0.0736070052,0.00156068057,-0.000715660048,0.00262546539,0.0007553288,4.667326,0.532513738,0.04068209,0.08141944,-0.0750186741,-0.0009566173,0.00262980233,-0.00732910633,0.000800667563,0.895223,0.7235221,-0.116943359,0.127258882,-0.0236964189,0.0257797316,0.00259746984,-0.00313310325,-0.004262277,0.9657863,0.679451048,0.03309164,0.04399774,-0.0376724154,-0.0339934938,-0.870731235,1.93774843,2.68960547,3.42739248
93,1.8599993409863944,460,0,0,0,0,0,2.21479386E-05,0,-0.0006305711,2.21479386E-05,0,-0.0006305711,1,0,0,1,-4.429586E-07,-3.21865082E-05,1.26114173E-05,0,0,0,0.000707823667,-0.00148944557,-1.7018865E-05,-0.143096924,0.7079968,0.0632283762,0.00159061723,-0.09019834,0.009101414,-0.000872694771,1.1280179E-05,2.1408152E-05,-0.20111084,0.427527279,0.00513957534,-6.268802E-05,-0.06651144,0.004964865,-0.0003375117,4.826486E-05,-0.000136762916,-0.171813965,0.4268532,0.0359540954,-0.0005193318,-0.06719136,0.00217619375,-0.00380497,0.00289158523,0.00323575735,4.63878632,0.478022575,0.01566688,0.0848493651,-0.0563944355,0.00363986753,-0.0029531077,0.00268727541,0.0026235776,4.67195,0.4719237,0.0470549762,0.08305175,-0.0591724925,0.00268939137,0.00106512662,-0.00491191447,-0.00119424623,0.911463559,0.713444531,-0.1227417,0.0771023855,-0.00355118513,0.0283932015,0.0007206334,-0.00309164822,-0.00256249285,0.932076752,0.6394219,-0.026550293,0.0437869951,-0.0156743173,-0.0315151773,-0.870731235,1.93774843,2.68960547,3.42739248
94,1.8799993339002268,468,0,0,0,0,0,-6.829039E-05,0,-0.0006087412,-6.829039E-05,0,-0.0006087412,1,0,0,1,1.36580729E-06,-3.2171607E-05,1.21748189E-05,0,0,0,0.000186160323,-0.00149211287,-7.979404E-05,-0.143554688,0.619300365,0.06850578,0.00147551228,-0.07658521,0.00707929535,-0.00111190835,7.659197E-06,5.76516759E-05,-0.195922852,0.366786242,0.0110119823,0.00159510958,-0.0527972281,0.005127119,-0.0007104509,4.56422567E-05,0.000279246538,-0.169494629,0.365723342,0.0392691568,0.000589393137,-0.05366547,0.00280457316,-0.00375833223,0.00276435912,0.00311109121,4.64298725,0.426124066,0.0215926841,0.0831826851,-0.0431629419,0.00350428559,-0.00311901723,0.00267085433,0.003174549,4.6775527,0.4194842,0.0521714352,0.0808079839,-0.0461378656,0.00273309276,0.000708071631,-0.00447276235,-0.0008728052,0.9256679,0.708129644,-0.130767822,0.0727420747,-0.00299425563,0.02521113,5.74346632E-06,-0.0039575845,-0.00287251733,0.9135395,0.616834641,-0.0542602539,0.05668933,-0.00188433006,-0.0003382014,-0.870731235,1.93774867,2.68960547,3.42739272
95,1.8999993268140589,476,0,0,0,0,0,-9.792024E-05,0,-0.000754343229,-9.792024E-05,0,-0.000754343229,1,0,0,1,1.958404E-06,-2.26348639E-05,1.50868582E-05,0,0,0,-0.000216243483,-0.00149734318,-0.000123999547,-0.144073486,0.543712735,0.07174521,0.001424101,-0.06502958,0.005507961,-0.00100816623,1.46627426E-05,6.37152E-05,-0.190734863,0.3183998,0.0165705569,0.00250406819,-0.0420257822,0.0038252417,-0.000701471465,5.36888838E-05,0.000337367645,-0.166381836,0.317023635,0.04288092,-9.55217547E-05,-0.0429339744,0.00197213842,-0.00328249158,0.002719432,0.0030742446,4.647319,0.384158522,0.0264235251,0.083166,-0.0349331759,0.002969686,-0.00264510978,0.002649352,0.0028003417,4.681247,0.377009243,0.05608171,0.07801841,-0.0367842875,0.00214474835,0.000833557,-0.0041692704,-0.0007077884,0.9291926,0.7000557,-0.134124756,0.07287769,-0.00336529734,0.0289834067,4.85133169E-05,-0.00455717742,-0.003260333,0.903571069,0.598725736,-0.06756592,0.0671540946,0.00324251736,0.0154629629,-0.870731235,1.93774867,2.68960547,3.42739272
96,1.9199993197278911,484,0,0,0,0,0,-0.000207255463,0,-0.000806678843,-0.000207255463,0,-0.000806678843,1,0,0,1,4.1451076E-06,-8.34465E-06,1.613357E-05,0,0,0,-0.000509734033,-0.00148512423,-0.0001625731,-0.1446228,0.479190618,0.07340039,0.00139160571,-0.0553130135,0.004311845,-0.0007933193,2.79545784E-05,-4.001905E-05,-0.186004639,0.279652625,0.0211160909,0.00256752362,-0.0336556435,0.00229281886,-0.0005411561,6.788969E-05,0.000198871683,-0.163848877,0.277996182,0.04589466,-0.00153281679,-0.034610223,0.0007614448,-0.00271833083,0.00270742178,0.00297942967,4.650896,0.350215375,0.03023376,0.0833356157,-0.0292311423,0.00239194185,-0.002015969,0.002653554,0.00225705886,4.6833086,0.341623,0.05880352,0.07662618,-0.0303392317,0.00141183473,0.00109164917,-0.0040756166,-0.000529407349,0.93955195,0.6851459,-0.135742188,0.07008672,-0.00379506219,0.0324621871,0.000435756228,-0.0048404485,-0.00356495846,0.9002318,0.5796773,-0.073638916,0.074082315,0.00414017029,0.0241746642,-0.870731235,1.93774867,2.68960547,3.42739272
97,1.9399993126417232,489,0,1,0.468096137,0,-3.972516,23.4046783,0,-198.626587,2.92557383,0,-24.82823,1,0,0,1,2.75412E-06,-8.329749E-06,1.39829845E-05,0,0,0,-0.000730344444,-0.00148823857,-0.000203249248,-0.1451416,0.4239796,0.07390187,0.00136076368,-0.04717337,0.00342526031,-0.000609876937,2.89231539E-05,-0.0001191389,-0.18182373,0.248347491,0.0246218853,0.0026069202,-0.0272028837,0.000987106,-0.000360070117,7.006526E-05,2.88972078E-05,-0.16217041,0.246419534,0.04799621,-0.00286178268,-0.0282011461,-0.000452845474,-0.00226358743,0.00276382267,0.00294343545,4.65467644,0.3215556,0.03336523,0.08387121,-0.0248482116,0.00193946622,-0.0014243226,0.00267411768,0.0018422571,4.684397,0.3116727,0.06047531,0.07619263,-0.025618773,0.0007029511,0.00131463783,-0.003680274,-0.000582095236,0.949106634,0.666309953,-0.134185791,0.06651155,-0.00330834324,0.0363412537,0.0008481177,-0.00491626561,-0.00372527144,0.900668442,0.5584044,-0.07608032,0.0775366351,0.00359088462,0.0289538726,-0.870731235,1.93774843,2.68960571,3.42739272
98,1.9599993055555556,497,0,1,0.468096137,0,-3.972516,21.2595863,0,-180.423233,2.92555451,0,-24.8282337,1,0,0,1,0.04290459,-2.2649765E-05,-0.364052832,0,0,0,0.04728754,-0.00164464116,-0.410323352,0.09527029,0.376511127,0.07498598,0.2111994,-0.0396825559,0.00283594429,0.0482136421,0.000178679824,-0.416210532,-0.5740967,0.224573523,0.02433945,-0.256978542,-0.020666685,-0.00116914138,0.048623573,0.000221729279,-0.4159642,-0.558959961,0.229691446,0.0469372757,-0.265832,-0.0168830939,-0.00164536387,0.0561650731,0.00136238337,-0.4905033,4.5203867,0.289800584,0.031847138,-0.08601597,-0.0481764823,2.87834555E-05,0.05752073,0.00124657154,-0.493014425,4.540447,0.289325833,0.0602831431,-0.09723205,-0.0270369034,-0.00104001537,0.0602161735,-0.00325249135,-0.481111646,1.04914391,0.473834127,-0.126312256,0.07314096,-0.09292678,0.0705003962,0.0614780225,-0.00459377468,-0.482873,1.04154408,0.469206363,-0.122497559,0.0960521549,-0.038031023,0.027615156,-0.87082,1.93774867,2.69035888,3.42800641
99,1.9799992984693877,505,0,1,0.468096137,0,-3.972516,19.08573,0,-161.976761,2.92551231,0,-24.8282375,1,0,0,1,0.0863816962,-1.30981207E-05,-0.7329821,0,0,0,0.09286695,-0.001545608,-0.797410548,0.470721424,0.334099025,0.0760420859,0.319707364,-0.0333966874,0.00229237229,0.09218745,0.0005225241,-0.786784649,-0.9821167,0.201264322,0.0243606139,-0.2652188,-0.0197995361,-0.00267811865,0.09274142,0.00051254034,-0.7854974,-0.9628601,0.214806825,0.0446565747,-0.2688837,-0.0150976488,-0.004273936,0.109630048,-0.003656447,-0.940581441,4.09163952,0.243871182,0.0331733376,-0.374816537,-0.0295252465,0.00104943663,0.11240539,-0.003918931,-0.941286,4.10725355,0.26841116,0.0537509322,-0.379018426,-0.0170324966,-0.004032381,0.123143,-0.007748097,-1.00243759,1.00872409,0.419741124,-0.151245117,-0.0131227318,-0.0192446262,0.0414322279,0.123266473,-0.008140042,-1.00559688,0.9906647,0.434792578,-0.132171631,-0.0176213272,-0.0258646552,0.06256176,-0.870866656,1.93774867,2.690755,3.42832923
100,1.9999992913832199,513,0,1,0.468096137,0,-3.972516,16.9015369,0,-143.440689,2.92549777,0,-24.82824,1,0,0,1,0.130065531,-2.2649765E-05,-1.10370338,0,0,0,0.137815773,-0.00217212737,-1.17883241,0.9083078,0.297169775,0.0765632,0.382115424,-0.0287913326,0.001690641,0.13730754,0.0009934306,-1.16656244,-1.44430542,0.180615857,0.0223190188,-0.311288923,-0.0175266862,-0.00431400537,0.137299225,0.0008406043,-1.15965509,-1.38644409,0.201648623,0.0396313146,-0.285647869,-0.0138324993,-0.006127611,0.161172062,-0.005177945,-1.3689872,3.506843,0.222907662,0.02829726,-0.5033695,-0.02269457,-0.000295504928,0.162985861,-0.005379334,-1.36428714,3.52167344,0.248904392,0.0453173034,-0.5058949,-0.01836892,-0.00451119244,0.177587956,-0.0107582957,-1.46817935,0.6857858,0.346636772,-0.3513794,-0.0367843,-0.0267080776,0.0589854941,0.178032175,-0.0105748773,-1.46646309,0.852431357,0.379019916,-0.172119141,-0.0381735228,-0.0381153263,0.07140662,-0.87101233,1.93774843,2.69199133,3.42933655
101,2.019999284297052,522,0,1,0.468096137,0,-3.972516,14.7087078,0,-124.83213,2.92545986,0,-24.8282433,1,0,0,1,0.173922092,-1.30981207E-05,-1.47587454,0,0,0,0.182330042,-0.00288937986,-1.55454314,1.371566,0.262102,0.07614442,0.410513878,-0.0278442353,0.0007969439,0.183271974,0.00185002387,-1.552204,-1.99429321,0.158046842,0.0185561646,-0.3820131,-0.0198197216,-0.00498394668,0.181388125,0.00126065314,-1.53254092,-1.82324219,0.1856756,0.0341379344,-0.286917478,-0.0168416183,-0.00462266058,0.209691808,-0.00254710019,-1.77803421,2.854073,0.196983144,0.0263190065,-0.5398414,-0.02797285,0.0005440414,0.207862437,-0.00319090486,-1.75493157,2.88218284,0.224834889,0.0418063365,-0.5017856,-0.0225473,-0.00119844079,0.226077065,-0.0118020028,-1.88317668,0.5272404,0.2638838,-0.41885376,0.06928976,-0.0855055,0.213065863,0.227745473,-0.009375051,-1.86562181,0.6092067,0.3036244,-0.336669922,-0.008932821,-0.0155791994,0.06766572,-0.870927,1.93774843,2.6912663,3.42874575
102,2.0399992772108844,531,0,1,0.468096137,0,-3.972516,12.5096579,0,-106.1692,2.92545176,0,-24.8282452,1,0,0,1,0.217903063,-1.31130219E-05,-1.8491329,0,0,0,0.226561487,-0.00350344181,-1.92592621,1.83112192,0.224547654,0.07464071,0.411457032,-0.0308926664,-0.000445149839,0.2291308,0.00309884548,-1.9389894,-2.632019,0.12857005,0.01641278,-0.455481142,-0.0266326126,-0.00242333114,0.224246547,0.00125469267,-1.89292133,-2.19635,0.162335232,0.0296644457,-0.217725366,-0.0237734877,-0.00241944566,0.256220877,0.002191797,-2.17189455,2.18174171,0.160707116,0.0266426858,-0.509160936,-0.0318171,0.001032792,0.250276268,-0.00070899725,-2.10901332,2.218072,0.198350728,0.03840838,-0.4117665,-0.0262575578,-0.00214352459,0.272013038,-0.00887908,-2.27185369,0.531818,0.201952815,-0.3849182,0.143934369,-0.1029138,0.274402827,0.2698014,-0.009601355,-2.22601342,0.415260553,0.236300781,-0.453552246,0.07693424,-0.08112714,0.2043977,-0.8707324,1.93774843,2.68961549,3.42740059
103,2.0599992701247163,538,0,1,0.468096137,0,-3.972516,10.3081818,0,-87.4827347,2.92553687,0,-24.8282337,1,0,0,1,0.261932582,-2.2649765E-05,-2.222862,0,0,0,0.2705869,-0.00391688943,-2.29403663,2.26592326,0.180906117,0.07209478,0.3924263,-0.0373807922,-0.00208533555,0.275137246,0.004835725,-2.32684779,-3.35641479,0.08965087,0.0174538773,-0.5346005,-0.0361780226,0.00216469914,0.265788943,0.000449672341,-2.23979688,-2.42480469,0.1268516,0.02627105,-0.07606998,-0.0349560156,0.0003408827,0.3025993,0.007301897,-2.56118917,1.50548959,0.117185608,0.0281126387,-0.499261,-0.0380259678,0.000438995659,0.288582772,-3.03983688E-06,-2.43137717,1.50369489,0.152709126,0.03722845,-0.338466763,-0.0380368233,-0.00112009048,0.317235529,-0.003621906,-2.65178871,0.72076875,0.156195149,-0.253051758,0.184205219,-0.102983631,0.270665467,0.304703027,-0.00348845124,-2.546791,0.420608819,0.167756274,-0.397125244,-0.00196021423,-0.06793905,0.04813576,-0.8712441,1.93774843,2.69395781,3.4309392
104,2.0799992630385487,546,0,1,0.468096137,0,-3.972516,8.107387,0,-68.80001,2.92575359,0,-24.828207,1,0,0,1,0.305948466,-1.31130219E-05,-2.59651637,0,0,0,0.31442678,-0.00408189,-2.659646,2.66169882,0.128943548,0.06861672,0.359707415,-0.0459320173,-0.003971949,0.32169798,0.007292062,-2.71723461,-4.17715454,0.0400047824,0.0212005582,-0.628811359,-0.046668753,0.007177934,0.3054447,-0.00122219324,-2.57426429,-2.43527222,0.07851978,0.0258987341,0.1294731,-0.04632962,0.006263055,0.3499804,0.012355268,-2.955911,0.8124992,0.0663500056,0.0275863335,-0.5400598,-0.0437075756,-0.00038164854,0.3227101,-0.0008109212,-2.72297335,0.8360567,0.105686657,0.0367614068,-0.207058713,-0.04271548,-0.000293441117,0.362876,0.00350104272,-3.03950667,0.958901465,0.1194996,-0.112792969,0.171001464,-0.08530288,0.1991652,0.338286579,0.000890210271,-2.83273935,0.420385242,0.110977948,-0.388092041,-0.071212396,-0.0556147434,-0.122694954,-0.8707482,1.93774843,2.68974972,3.42751
105,2.099999255952381,554,0,1,0.468096137,0,-3.972516,5.910168,0,-50.1461945,2.92621565,0,-24.8281555,1,0,0,1,0.349892825,-2.26348639E-05,-2.96959257,0,0,0,0.358129352,-0.00400598347,-3.02325678,3.00963187,0.06727835,0.06426101,0.3184165,-0.05584298,-0.00610561669,0.369117528,0.0107848942,-3.11144686,-5.115631,-0.021484375,0.0260885879,-0.7471744,-0.05718612,0.0116877407,0.343941957,-0.00339783728,-2.899097,-2.17596436,0.016542213,0.02746076,0.381978333,-0.0584619939,0.0129959062,0.398804933,0.0180057585,-3.36404133,0.07029293,0.0106409593,0.02367741,-0.646469355,-0.0500791967,0.00054885447,0.3532047,-0.00330419838,-2.98567128,0.2831516,0.04506062,0.03793089,-0.0129306493,-0.049817495,0.0006960479,0.4093747,0.0106033534,-3.44606972,1.12247753,0.07071125,-0.0328063965,0.156420544,-0.0730165243,0.112567678,0.3686852,0.0007677078,-3.08220363,0.314056933,0.0559495352,-0.522125244,-0.0854835659,-0.06174052,-0.133536875,-0.87090975,1.93774843,2.69112062,3.428627
106,2.1199992488662129,561,0,1,0.468096137,0,-3.972516,3.71904826,0,-31.5460567,2.92704558,0,-24.8280563,1,0,0,1,0.3937152,-1.30981207E-05,-3.34159517,0,0,0,0.401631236,-0.00372415781,-3.38515687,3.30523229,-0.00387573242,0.0593254752,0.2725695,-0.06557017,-0.008243404,0.416941017,0.0157390535,-3.50931168,-6.19125366,-0.0933227539,0.03134916,-0.890251935,-0.06574377,0.0171087682,0.3815587,-0.00521069765,-3.217088,-1.616272,-0.05834961,0.0289327055,0.663825154,-0.0702428743,0.0198481828,0.448566765,0.026203841,-3.78819871,-0.7614136,-0.05795288,0.0237998553,-0.7313261,-0.06663248,0.00456257164,0.37981832,-0.00586411357,-3.22287583,-0.08529663,-0.0301818848,0.04235237,0.246304065,-0.0600019023,0.00360621512,0.460709423,0.017210409,-3.876391,1.32362,-0.0356140137,0.0384313576,0.18584393,-0.110034138,0.0824100748,0.394323021,-0.00210849941,-3.29660439,0.0454536937,-0.0263061523,-0.8183594,-0.122378945,-0.06722787,-0.152383983,-0.8716717,1.93774843,2.69758654,3.43389773
107,2.1399992417800453,569,0,1,0.468096137,0,-3.972516,1.5353924,0,-13.0122232,1.5353924,0,-13.0122232,1,0,0,1,0.4373883,-1.31130219E-05,-3.71227169,0,0,0,0.444752425,-0.00328995287,-3.74559,3.54698229,-0.08151245,0.0544751324,0.224904552,-0.07243919,-0.00983252749,0.464188546,0.02217798,-3.90685463,-7.40487671,-0.171295166,0.0382468663,-1.0373255,-0.07053685,0.0239798725,0.4184474,-0.005482942,-3.53360438,-0.7550659,-0.141937256,0.0307835266,0.9447109,-0.0767596662,0.0271545053,0.499906182,0.03765683,-4.22555256,-1.72546387,-0.142730713,0.03075404,-0.8471934,-0.07389663,0.00704410672,0.40495193,-0.004843101,-3.44280815,-0.193145752,-0.10949707,0.05163901,0.5607298,-0.0613729879,0.003114,0.5159337,0.0446835,-4.32695532,1.59231234,-0.145874023,0.0778334141,-0.14392969,-0.102406748,0.180010289,0.4148506,-0.002384618,-3.47625923,-0.009643555,-0.0545043945,-0.963134766,-0.0571698137,-0.0468734056,-0.1118764,-0.8707495,1.93774843,2.68976021,3.42751861
108,2.1599992346938777,576,0,1,0.468096137,0,-3.972516,0.7497895,0,-6.34583473,0.7497895,0,-6.34583473,1,0,0,1,0.453100353,-2.2649765E-05,-3.84559941,0,0,0,0.459517777,-0.00283449888,-3.87011838,3.74197555,-0.1578064,0.0509264,0.18276912,-0.0717417151,-0.0100584533,0.482595325,0.0295251459,-4.061696,-8.72641,-0.2447815,0.04451547,-1.15311432,-0.06604669,0.02727519,0.428100258,-0.003263235,-3.619813,0.365343243,-0.221740723,0.0297904816,1.18530416,-0.07207989,0.0305511355,0.524645,0.05571878,-4.429092,-2.85827637,-0.227752686,0.03936794,-0.986334443,-0.0644459054,0.00574368238,0.4032001,-0.00249101222,-3.42550755,0.0214571413,-0.19152832,0.05640806,0.9042499,-0.06448737,-0.000166639686,0.544558048,0.102845028,-4.57010126,1.19371951,-0.216064453,0.09733732,-0.7079789,-0.06537179,0.00760599971,0.404924929,-0.0104548633,-3.40831161,-0.00183105469,-0.09753418,-0.9512024,-9.46112E-05,-0.0423605926,0.04505472,-0.871843457,1.93774843,2.69904423,3.43508649
109,2.1799992276077096,584,0,1,0.468096137,0,-3.972516,0.753864944,0,-6.382587,0.753864944,0,-6.382587,1,0,0,1,0.453018844,-2.26348639E-05,-3.84486437,0,0,0,0.457246751,-0.00243474543,-3.862995,3.89560866,-0.212280273,0.0515782833,0.147292182,-0.0512068123,-0.00659724325,0.480133861,0.03381549,-4.055943,-9.991364,-0.287231445,0.04730078,-1.11917818,-0.03806054,0.0250505358,0.424701542,0.00152504444,-3.60420418,1.55396056,-0.267150879,0.0243670046,1.250712,-0.0405803621,0.02919659,0.5312244,0.07610075,-4.48080063,-4.169861,-0.269989,0.0420326628,-1.14132214,-0.03702981,-0.00208193064,0.3896959,0.005278796,-3.30677,0.629630148,-0.238067627,0.0499557033,1.26766551,-0.0493645333,-0.005538434,0.5596622,0.159803033,-4.683741,0.443011045,-0.256347656,0.0907978863,-1.0916847,-0.03802058,-0.01071918,0.384637862,-0.0307075381,-3.22272944,0.0203134343,-0.187591553,-0.7630005,0.0182697177,-0.105170444,0.2908943,-0.8716463,1.93774843,2.69737077,3.43372178
110,2.199999220521542,592,0,1,0.468096137,0,-3.972516,0.756775141,0,-6.411388,0.756775141,0,-6.411388,1,0,0,1,0.45296064,-2.26348639E-05,-3.84428835,0,0,0,0.4551261,-0.00231160223,-3.86319852,3.99924612,-0.230896,0.0554318465,0.09769048,-0.0170776565,-0.00139492378,0.475334764,0.0339321941,-4.03181839,-11.10495,-0.285461426,0.0423970744,-0.9802846,0.0015922226,0.0122245848,0.424676776,0.00630615652,-3.62008619,2.647423,-0.2619934,0.0184996128,1.14929068,0.00434911251,0.024005264,0.5329534,0.09082872,-4.49207735,-5.595459,-0.2779541,0.03613898,-1.22867858,-0.00427589938,-0.0110443532,0.382309854,0.0191976428,-3.2435708,1.6743449,-0.235168457,0.03512962,1.563563,0.00307502225,-0.008141547,0.5660831,0.2030354,-4.74045563,-0.6369934,-0.2755127,0.07717011,-1.36200118,-0.0135390982,-0.017711103,0.374986917,-0.00751027465,-3.08430529,0.0426058061,-0.193023682,-0.8306885,0.24131681,-0.00696729124,0.237747014,-0.871350944,1.93774843,2.69486427,3.431678
111,2.2199992134353739,600,0,1,0.468096137,0,-3.972516,0.749858,0,-6.36382341,0.749858,0,-6.36382341,1,0,0,1,0.453098983,-2.26348639E-05,-3.84523964,0,0,0,0.451751024,-0.00172042847,-3.85505319,4.082948,-0.207000732,0.0614216924,0.05369823,0.0232404247,0.0044278577,0.469130069,0.0297559053,-3.99711585,-12.017334,-0.235565186,0.0279465783,-0.7724776,0.0439313427,-0.00599908829,0.4288688,0.008907363,-3.65879273,3.54446745,-0.200744629,0.0108509306,0.93489325,0.0550525449,0.009663716,0.527359,0.09702446,-4.44741535,-6.985565,-0.241577148,0.021047635,-1.18992627,0.03451664,-0.0201559365,0.387221068,0.0349723548,-3.24491954,3.10428572,-0.190765381,0.0202348549,1.71048748,0.03063513,-0.0168209374,0.5602378,0.228903174,-4.70831156,-1.93185425,-0.253875732,0.05631445,-1.49993622,0.0225196164,-0.0264659822,0.374379277,0.0122845322,-3.01070428,0.8982542,-0.1786499,-0.509277344,0.5218835,-0.0511965044,0.394339561,-0.870756269,1.93774867,2.68981814,3.42756581
112,2.2399992063492062,607,0,1,0.468096137,0,-3.972516,0.745874941,0,-6.339147,0.745874941,0,-6.339147,1,0,0,1,0.453178644,-2.2649765E-05,-3.84573317,0,0,0,0.449236333,-0.00140157342,-3.85358787,4.105399,-0.142150879,0.06835965,0.0100127012,0.06342676,0.0103050582,0.461277246,0.0204689652,-3.94791412,-12.6641846,-0.141815186,0.00444680545,-0.488961071,0.08189248,-0.02580677,0.436655283,0.008285701,-3.71314478,4.15118,-0.08792114,-0.0016784668,0.6367652,0.098944,-0.0141354129,0.513616741,0.0893283859,-4.34106636,-8.183441,-0.161560059,-0.00323486328,-1.0196687,0.07128233,-0.0271585882,0.402021229,0.0447494537,-3.30161715,4.78156471,-0.116912842,-0.0231628418,1.71791637,0.07717517,-0.0271575749,0.5413063,0.2258395,-4.58028173,-3.28335571,-0.188323975,0.0274988785,-1.47765875,0.0598420277,-0.03366056,0.3781811,0.03123048,-3.02461624,1.38860369,-0.162597656,-0.410552979,0.426909119,0.0124363862,0.119860083,-0.8714316,1.93774843,2.69554925,3.43223667
113,2.2599991992630386,615,0,1,0.468096137,0,-3.972516,0.7406804,0,-6.30980968,0.7406804,0,-6.30980968,1,0,0,1,0.453282535,-1.30981207E-05,-3.84632,0,0,0,0.4470074,-0.00126065314,-3.85339713,4.094812,-0.03933716,0.0756763145,-0.0143848462,0.100538239,0.0158997588,0.4521153,0.006439805,-3.88706827,-12.9723206,-0.0101013184,-0.025970459,-0.142718926,0.114203893,-0.04425151,0.446549743,0.004305646,-3.78210068,4.385594,0.06548222,-0.0262146,0.265233129,0.134721458,-0.0401355661,0.491861761,0.06549153,-4.173747,-9.042023,-0.04260254,-0.0351867676,-0.4661628,0.103671819,-0.029940784,0.4201632,0.0462326854,-3.41405153,6.585343,0.00354114966,-0.06448364,1.58350348,0.111016542,-0.0276339054,0.5107516,0.186201274,-4.363975,-4.5118103,-0.0830993652,-0.008331299,-1.28591323,0.0933910161,-0.0378271043,0.3893912,0.0382271856,-3.11901379,1.83819127,-0.136657715,-0.3734131,0.422179073,0.0189443585,0.05531022,-0.8717379,1.93774867,2.698148,3.43435574
114,2.2799991921768705,623,0,1,0.468096137,0,-3.972516,0.7375169,0,-6.292691,0.7375169,0,-6.292691,1,0,0,1,0.4533458,-2.2649765E-05,-3.84666228,0,0,0,0.445310175,-0.00125145912,-3.85360384,4.07191229,0.09314872,0.0821698,-0.0235466082,0.129449621,0.0203342624,0.439588845,-0.0164013356,-3.79327941,-12.7612,0.148463383,-0.05847168,0.369276851,0.136604831,-0.0587660857,0.456098676,-0.00178723037,-3.859995,4.20066738,0.240222991,-0.0559082031,-0.148250982,0.156671122,-0.0585233271,0.464019239,0.0188347548,-3.958728,-10.0157471,0.106143489,-0.0703125,-0.21253942,0.128015712,-0.0300261453,0.4402594,0.04117495,-3.57496643,8.355389,0.14430894,-0.09613037,1.303833,0.1270851,-0.0243088752,0.47901094,0.140502036,-4.142818,-5.83978271,0.05417638,-0.04727173,-1.30698168,0.119975224,-0.0381495655,0.408648819,0.03997396,-3.28566051,2.288202,-0.09802246,-0.35824585,0.420935482,0.02228333,0.0350307077,-0.871286869,1.93774867,2.69432044,3.431235
115,2.2999991850907029,631,0,1,0.468096137,0,-3.972516,0.7398176,0,-6.318798,0.7398176,0,-6.318798,1,0,0,1,0.4532998,-1.30981207E-05,-3.84614015,0,0,0,0.4444011,-0.00129541755,-3.85326982,4.05073643,0.240863979,0.0864928439,-0.0224796142,0.144608974,0.0227750521,0.427895576,-0.0388350636,-3.69620752,-11.9988708,0.316313446,-0.0866394043,0.8841386,0.144272134,-0.06827381,0.46468693,-0.007591009,-3.93737245,3.59456134,0.415297419,-0.08547974,-0.555796266,0.160971135,-0.0695661,0.434896022,-0.0296001285,-3.73145223,-10.8146057,0.269364983,-0.1005249,0.0808055,0.139642283,-0.0243581645,0.463051528,0.0279509574,-3.77121139,9.755731,0.2860347,-0.122375488,0.843361855,0.127938017,-0.0229734629,0.4427131,0.0783954,-3.8843956,-6.999756,0.210507587,-0.0822143555,-1.14602971,0.135477573,-0.0304025114,0.436123431,0.033564,-3.52623487,2.6879952,-0.0479736328,-0.345031738,0.367078543,0.0367169455,0.0478361845,-0.8713238,1.93774867,2.6946342,3.43149066
116,2.3199991780045353,638,0,1,0.468096137,0,-3.972516,0.746161044,0,-6.38114452,0.746161044,0,-6.38114452,1,0,0,1,0.453172922,-1.30981207E-05,-3.84489322,0,0,0,0.4438244,-0.00135141611,-3.852603,4.037423,0.393252283,0.08945294,-0.0167688485,0.150390431,0.0245775431,0.418455958,-0.05429527,-3.6137712,-10.77002,0.482883,-0.1071167,1.31223023,0.144465655,-0.0736558,0.468230754,-0.009057328,-3.97378087,2.80705643,0.58056,-0.11605835,-0.7554899,0.15690285,-0.07768923,0.4060594,-0.07390265,-3.50094652,-11.1656189,0.433970958,-0.119995117,0.5717363,0.141942829,-0.0163719878,0.489282131,-0.00759641826,-3.99978614,9.675042,0.427756518,-0.1486206,-0.102582969,0.1468911,-0.0205908157,0.40259403,-0.00567921251,-3.583083,-7.733673,0.3720104,-0.10647583,-0.750714362,0.140537187,-0.0178176761,0.477069259,-0.007655397,-3.9523077,2.713719,0.151055515,-0.1906128,0.0358907059,0.135952592,0.104796164,-0.8717394,1.93774843,2.69816041,3.43436575
117,2.3399991709183672,646,0,1,0.468096137,0,-3.972516,0.7566902,0,-6.472614,0.7566902,0,-6.472614,1,0,0,1,0.452962339,-1.78813934E-05,-3.84306383,0,0,0,0.443184018,-0.00141350925,-3.85139155,4.03418,0.546917856,0.0924108252,-0.009694693,0.152581289,0.0265614018,0.410677761,-0.06168276,-3.54529285,-9.166809,0.6448944,-0.117980957,1.65817976,0.1423898,-0.0763654,0.473205417,-0.0100094825,-4.030637,1.74910629,0.7387303,-0.147125244,-1.05818331,0.152489811,-0.0803203,0.37874195,-0.110130891,-3.27521372,-10.9915771,0.5954494,-0.127288818,1.11368084,0.140560314,-0.009805545,0.5157697,-0.0350835323,-4.27273035,8.886025,0.5848821,-0.167419434,-0.700536847,0.13870731,-0.0133752376,0.362735838,-0.09753335,-3.26591778,-7.89709473,0.5321118,-0.1171875,-0.2315786,0.1408358,-0.00620219857,0.5187982,-0.0382871926,-4.37646,2.37897849,0.305311441,-0.109130859,-0.261262476,0.118475243,0.08362791,-0.871381164,1.93774867,2.69512129,3.43188787
118,2.3599991638321995,654,0,1,0.468096137,0,-3.972516,0.763590932,0,-6.532588,0.763590932,0,-6.532588,1,0,0,1,0.452824324,-3.57627869E-06,-3.84186435,0,0,0,0.4437564,-0.00145857036,-3.85044479,4.038121,0.687284648,0.09275122,-0.00484141335,0.140585974,0.0257522129,0.4060673,-0.06053701,-3.49275684,-7.290436,0.7821056,-0.113616943,1.91003239,0.122857623,-0.07496807,0.479302347,-0.008207351,-4.096617,0.345269978,0.871710062,-0.174224854,-1.39360464,0.12885657,-0.07608354,0.354845822,-0.131532833,-3.06927681,-10.2289734,0.7370379,-0.116607666,1.651665,0.12396241,-0.0008368492,0.540568054,-0.0506904125,-4.5411396,7.45786047,0.7236067,-0.180755615,-1.24620366,0.127231568,-0.00456547737,0.326154023,-0.182522416,-2.956286,-7.37857056,0.67996943,-0.109802246,0.363963932,0.12999773,0.006484933,0.557267,-0.0566041023,-4.76186848,1.84669042,0.498359263,-0.07974243,-0.431422919,0.149398163,0.06677779,-0.8714182,1.93774843,2.695435,3.43214345
119,2.3799991567460315,662,0,1,0.468096137,0,-3.972516,0.768933,0,-6.57499075,0.768933,0,-6.57499075,1,0,0,1,0.452717483,-1.30981207E-05,-3.84101629,0,0,0,0.445274979,-0.00146597624,-3.84953117,4.04531527,0.798054159,0.090175584,-0.00254414417,0.11307288,0.0227552466,0.404218554,-0.051708892,-3.460116,-5.253601,0.8748191,-0.09307861,2.04917383,0.08683303,-0.0676266253,0.484416842,-0.00182665884,-4.152373,-1.36938477,0.9642063,-0.194549561,-1.66599429,0.0891017541,-0.06378776,0.336125821,-0.134707,-2.89816523,-8.853973,0.8400369,-0.08682251,2.140067,0.09036686,0.00631657243,0.5610674,-0.0477628857,-4.77077341,5.49894476,0.8541375,-0.1918335,-1.70329714,0.103758611,0.002566278,0.29641223,-0.250237852,-2.67532825,-6.10821533,0.8011844,-0.08581543,0.994645,0.104117148,0.015846163,0.5896953,-0.05840546,-5.085743,1.26874316,0.7029268,-0.0682373047,-0.4443035,0.162936792,0.082503885,-0.871534348,1.93774843,2.69642115,3.4329474
120,2.3999991496598638,669,0,1,0.468096137,0,-3.972516,0.7717508,0,-6.594112,0.7717508,0,-6.594112,1,0,0,1,0.452661127,-1.30981207E-05,-3.84063387,0,0,0,0.447584,-0.00143609941,-3.84877348,4.052716,0.8658258,0.08490762,-0.002605603,0.07233359,0.0177984089,0.405342162,-0.0376208872,-3.44978356,-3.18441772,0.9088395,-0.06121826,2.06778932,0.03709782,-0.0568954051,0.4888328,0.008763015,-4.18865252,-3.308197,1.00150967,-0.213653564,-1.83055925,0.0377563164,-0.0484394133,0.323256761,-0.119935513,-2.77210546,-6.87265,0.8793971,-0.0404968262,2.55695748,0.0354942,0.0116491318,0.5740225,-0.0254288316,-4.936003,3.15258265,0.9218146,-0.2079773,-2.029537,0.07155521,0.0150598288,0.274449766,-0.312260658,-2.45144916,-4.76425171,0.8425338,0.0588333569,1.19651842,0.042889148,0.101884812,0.6109751,-0.0440005064,-5.31857252,0.235895842,0.893734,-0.5939636,-0.328101784,0.177085578,0.08617222,-0.8719057,1.93774843,2.69957161,3.43551683
121,2.4199991425736962,676,0,1,0.468096137,0,-3.972516,0.7760766,0,-6.61798954,0.7760766,0,-6.61798954,1,0,0,1,0.4525746,-1.31130219E-05,-3.84015632,0,0,0,0.450344384,-0.001399979,-3.84746528,4.059658,0.8810528,0.07742055,-0.003198823,0.0224273466,0.0115096122,0.4083043,-0.0212894529,-3.465469,-1.22061157,0.8767037,-0.0203552246,1.94847333,-0.0195868909,-0.03897667,0.490442485,0.0218174756,-4.198706,-5.336151,0.979396641,-0.221679688,-1.86010683,-0.0195764862,-0.02429986,0.3160489,-0.0811954141,-2.706351,-4.367584,0.856005669,0.0133504048,2.83849478,-0.0213915054,0.012172401,0.5775484,0.0251754075,-5.014587,0.6165661,0.9445061,-0.21295166,-2.189095,-0.001987867,0.02870661,0.259877771,-0.261936635,-2.27743077,-2.53070068,0.811315358,0.110323548,2.04482532,-0.0445709638,-0.044726938,0.6223425,0.09648217,-5.43122864,-0.675628662,0.8969871,-0.830444336,-1.22420454,0.0420597047,0.0934318453,-0.871319056,1.93774843,2.69459414,3.431458
122,2.4399991354875281,682,0,1,0.468096137,0,-3.972516,0.770613849,0,-6.55706167,0.770613849,0,-6.55706167,1,0,0,1,0.452683866,-1.78813934E-05,-3.84137487,0,0,0,0.453745335,-0.00134710968,-3.84768367,4.06228542,0.837238431,0.06786623,-0.006364574,-0.0339692,0.003940339,0.412996352,-0.007103145,-3.49681067,0.575747967,0.7753595,0.0210962519,1.7556653,-0.08081413,-0.0195028186,0.48836118,0.03227882,-4.174949,-7.25869751,0.89173007,-0.211547852,-1.70647991,-0.08148638,0.00835827,0.3142455,-0.035787344,-2.70705462,-1.48278809,0.794078648,0.07140193,2.92809844,-0.0574642345,0.0133568645,0.5718139,0.075361535,-5.00272274,-1.93588257,0.880039155,-0.194763184,-2.2025938,-0.05408439,0.04344952,0.2522324,-0.207467258,-2.23147941,-0.5583496,0.8105671,-0.009490967,1.76907372,-0.000922318548,-0.0744738,0.627304852,0.19522357,-5.454391,-2.258789,0.8915568,-1.21212769,-1.71844208,-0.0236941352,-0.00727823377,-0.872005761,1.93774843,2.70042253,3.43621087
123,2.4599991284013605,689,0,1,0.468096137,0,-3.972516,0.765092969,0,-6.494274,0.765092969,0,-6.494274,1,0,0,1,0.452794284,-2.2649765E-05,-3.84263062,0,0,0,0.456913859,-0.00128751993,-3.847748,4.06104136,0.737217665,0.0579914078,-0.009368647,-0.08809881,-0.00329629285,0.417953968,0.00366455317,-3.54793382,2.0989635,0.6166304,0.0623756424,1.46505332,-0.133538768,0.007798493,0.484769464,0.037465632,-4.129358,-8.955017,0.7448256,-0.176635742,-1.44272208,-0.1358269,0.0395218432,0.312574565,0.023889035,-2.77032948,1.600063,0.6973261,0.141061157,2.85916185,-0.08676992,0.025841713,0.562896967,0.113195889,-4.91085768,-4.33023071,0.7549109,-0.1671753,-2.06129956,-0.118573189,0.0489320159,0.2506171,-0.0216353834,-2.3055408,-0.026763916,0.817919731,-0.476623535,0.444365174,0.00537076,-0.21558623,0.6171482,0.276219428,-5.3407774,-3.64147949,0.7836036,-1.06466675,-1.87810183,-0.113331988,0.150117263,-0.871967435,1.93774867,2.70009732,3.43594575
124,2.4799991213151928,696,0,1,0.468096137,0,-3.972516,0.7580343,0,-6.41750336,0.7580343,0,-6.41750336,1,0,0,1,0.452935457,-1.31130219E-05,-3.844166,0,0,0,0.459870636,-0.00122353435,-3.84835815,4.0554285,0.587847352,0.04839303,-0.0121707,-0.136149764,-0.0101229185,0.424210548,0.008309573,-3.62533474,3.22475576,0.413723469,0.114240639,1.04842126,-0.174719021,0.0422988534,0.4814477,0.03453736,-4.06456661,-10.3163452,0.5451232,-0.133789063,-1.07894051,-0.1784376,0.05738817,0.323516458,0.0560480356,-2.91969967,4.67622471,0.528097332,0.221978009,2.59585071,-0.159070715,0.02446264,0.546712339,0.127179742,-4.737053,-6.381317,0.5587679,-0.1288147,-1.57226658,-0.168013856,0.0548785031,0.2771841,0.02985534,-2.44388247,1.06156671,0.766261041,-0.26272583,0.6980193,-0.0404871367,0.16479516,0.59165585,0.290725976,-5.1149435,-5.22479248,0.5751545,-0.889678955,-1.7074784,-0.160761863,0.177399024,-0.8718519,1.93774867,2.69911742,3.43514633
125,2.4999991142290248,703,0,1,0.468096137,0,-3.972516,0.7507089,0,-6.34178162,0.7507089,0,-6.34178162,1,0,0,1,0.453081965,-1.30981207E-05,-3.84568048,0,0,0,0.4622991,-0.0011793375,-3.84901643,4.047521,0.399545431,0.03980603,-0.0139809754,-0.174037158,-0.0158080067,0.4357673,0.00688491762,-3.71848154,3.84998655,0.187975258,0.161771446,0.555182457,-0.2023567,0.0577520579,0.4734016,0.02140607,-3.971552,-11.1758728,0.310864031,-0.08364868,-0.5717764,-0.204507977,0.07516529,0.353267431,0.0755862743,-3.120048,7.584594,0.3489674,0.245593652,2.22797227,-0.163393378,0.001181066,0.5219293,0.110319793,-4.49311829,-8.247528,0.3397714,-0.07324219,-0.9837204,-0.1901317,0.0554137528,0.3061101,0.06865473,-2.65136266,1.942829,0.6897725,-0.2532959,0.684556544,-0.0412642,0.0287299156,0.564210832,0.275253057,-4.829234,-6.87390137,0.36888656,-0.715911865,-1.65769744,-0.168123,0.166512966,-0.8715277,1.93774843,2.69636536,3.43290186
126,2.5199991071428571,710,0,1,0.468096137,0,-3.972516,0.7478881,0,-6.307378,0.7478881,0,-6.307378,1,0,0,1,0.453138381,-2.2649765E-05,-3.84636855,0,0,0,0.463631481,-0.00114558637,-3.84927583,4.039132,0.19026877,0.0339340642,-0.0140678007,-0.195033625,-0.0191960447,0.4493177,0.00116984546,-3.81580663,3.947113,-0.0380249023,0.1890429,0.0445765145,-0.211830631,0.062524274,0.460192084,-0.002716869,-3.84652638,-11.343689,0.06474025,-0.03164673,0.09186599,-0.212105155,0.0866396651,0.384174764,0.07433469,-3.35594249,10.21715,0.1522405,0.252450138,1.80424058,-0.17647621,-0.007752627,0.493671834,0.06696374,-4.216176,-10.2657776,0.106183745,-0.0130615234,-0.8538511,-0.2001312,0.05393979,0.346336961,0.07822186,-2.92895818,2.8158474,0.5449095,-0.2889099,0.715193748,-0.08011408,-0.00067846477,0.5387281,0.250255883,-4.54617262,-8.70663452,0.147764549,-0.552948,-1.78393734,-0.178542688,0.150668636,-0.871863663,1.93774867,2.69921637,3.43522716
127,2.5399991000566891,718,0,1,0.468096137,0,-3.972516,0.7547605,0,-6.356647,0.7547605,0,-6.356647,1,0,0,1,0.453000933,-8.34465E-06,-3.84538317,0,0,0,0.4641968,-0.00112909079,-3.84840679,4.033963,-0.02444458,0.03029288,-0.0115931574,-0.202186257,-0.021417778,0.457527548,-0.00260311365,-3.86252046,3.79452443,-0.253204346,0.201148108,-0.213342413,-0.2093398,0.06185306,0.4480474,-0.0247749537,-3.74060464,-10.8999329,-0.178619385,0.017005723,0.6463109,-0.20906508,0.09434809,0.421349227,0.0363692641,-3.62609124,10.9633694,-0.05355835,0.236988619,0.61264956,-0.186993092,-0.0145606622,0.4649081,0.0194561481,-3.938391,-11.75177,-0.129486084,0.0408194959,-0.306981325,-0.200776383,0.0435003042,0.4118801,0.0380453542,-3.42694259,3.34244132,0.3092065,-0.243865967,0.408931822,-0.164656341,0.07299897,0.5059462,0.179376274,-4.194097,-10.1880188,-0.07833862,-0.409332275,-1.46098924,-0.181744471,0.123336434,-0.8715037,1.93774843,2.69616175,3.432736
128,2.5599990929705214,725,0,1,0.468096137,0,-3.972516,0.7640186,0,-6.430652,0.7640186,0,-6.430652,1,0,0,1,0.452815771,-2.26348639E-05,-3.843903,0,0,0,0.464952826,-0.00116048753,-3.847033,4.0342536,-0.242584229,0.0262137912,-0.007916382,-0.207053676,-0.02454347,0.468791962,-0.00760741532,-3.93221664,3.30456281,-0.464874268,0.202144936,-0.589386761,-0.209129259,0.0607515872,0.437894017,-0.0416273326,-3.65039825,-9.946075,-0.4196167,0.0585422665,1.114649,-0.2066788,0.09853709,0.464290947,-0.00554288924,-3.953581,10.8598776,-0.270080566,0.210405573,-0.10671448,-0.191595271,-0.0172313787,0.4352318,-0.03446597,-3.65890145,-12.6380005,-0.366638184,0.08508471,0.332015485,-0.202126056,0.03385943,0.4756294,-0.008237824,-3.94108033,3.32477784,0.0382474326,-0.187286377,0.00288217235,-0.190966621,0.07273897,0.468388915,0.0733594745,-3.812784,-11.1525269,-0.307525635,-0.2881775,-0.959402561,-0.18598327,0.09682129,-0.871687,1.93774867,2.69771743,3.43400455
129,2.5799990858843538,733,0,1,0.468096137,0,-3.972516,0.7695827,0,-6.476941,0.7695827,0,-6.476941,1,0,0,1,0.4527045,-1.31130219E-05,-3.84297729,0,0,0,0.464646339,-0.00116305053,-3.8463068,4.03812,-0.4506836,0.0244623646,-0.00561749656,-0.198595062,-0.0250590947,0.480390757,-0.0118274838,-4.018322,2.35878372,-0.658447266,0.197438017,-1.03356767,-0.191977665,0.0626318455,0.427898139,-0.0513079,-3.57495141,-8.576355,-0.6380005,0.0841610655,1.49780154,-0.187188789,0.0984634757,0.5069763,-0.0437204242,-4.28684139,9.96532,-0.481170654,0.185978159,-0.783558369,-0.178851083,-0.0174621344,0.405871928,-0.08368775,-3.391558,-12.8352356,-0.587615967,0.109003171,0.9967905,-0.189383611,0.0196032226,0.536216736,-0.0482718945,-4.422526,2.88365746,-0.210449219,-0.15423584,-0.350272954,-0.1908742,0.07183551,0.428424329,-0.047122702,-3.42915225,-11.42688,-0.528533936,-0.19708252,-0.327148527,-0.180919379,0.06751251,-0.8714844,1.93774843,2.69599724,3.43260169
130,2.5999990787981857,742,0,1,0.468096137,0,-3.972516,0.7741514,0,-6.51302576,0.7741514,0,-6.51302576,1,0,0,1,0.452613115,-1.78664923E-05,-3.84225559,0,0,0,0.4632729,-0.00116595626,-3.84592366,4.04343033,-0.6314087,0.0257261638,-0.00472584,-0.173472419,-0.0230359118,0.49061507,-0.01185596,-4.099292,0.9630935,-0.814483643,0.193021461,-1.43766654,-0.155316517,0.0604842,0.419176251,-0.05258161,-3.51794577,-6.89889526,-0.81073,0.08923788,1.77370977,-0.1492282,0.09147066,0.546437,-0.0658656657,-4.59023952,8.375024,-0.662414551,0.1694114,-1.38079369,-0.153612763,-0.0175175369,0.378169835,-0.119319692,-3.151691,-12.289917,-0.7684326,0.1055124,1.63642132,-0.1572715,0.00492844,0.5896443,-0.0730353743,-4.848895,2.18499136,-0.451507568,-0.107696533,-0.561122656,-0.190109655,0.08298738,0.386823833,-0.163865656,-3.06503916,-10.9038086,-0.7194824,-0.144012451,0.375657231,-0.158661455,0.0379923,-0.8709438,1.93774843,2.69140959,3.42886233
131,2.6199990717120181,749,0,1,0.468096137,0,-3.972516,0.7776606,0,-6.549182,0.7776606,0,-6.549182,1,0,0,1,0.452542931,-2.2649765E-05,-3.84153247,0,0,0,0.461095273,-0.0011729151,-3.84569621,4.0488596,-0.7694702,0.02978666,-0.00460391,-0.13361153,-0.01906654,0.497714967,-0.005972132,-4.16241932,-0.797454834,-0.9168701,0.192723215,-1.73986351,-0.103659436,0.05426243,0.413004518,-0.04601775,-3.48330641,-5.03994751,-0.91973877,0.07374155,1.92380726,-0.09671283,0.0780761838,0.5790087,-0.0641492158,-4.83779573,6.222707,-0.7988281,0.1667268,-1.86378229,-0.109386444,-0.0183947086,0.3540305,-0.135039449,-2.95491838,-10.9996338,-0.8883972,0.07519651,2.20365381,-0.10701146,-0.005846679,0.6343091,-0.07510015,-5.191347,1.45856476,-0.629455566,-0.08666992,-0.5771315,-0.167055026,0.09466111,0.345024765,-0.259933174,-2.74158955,-9.542786,-0.8570862,-0.131011963,1.08963561,-0.116568968,0.0145435631,-0.8715899,1.93774843,2.69689274,3.433332
132,2.6399990646258504,757,0,1,0.468096137,0,-3.972516,0.777474344,0,-6.55905247,0.777474344,0,-6.55905247,1,0,0,1,0.452546656,-1.31130219E-05,-3.841335,0,0,0,0.458220929,-0.00118617713,-3.84613562,4.05291176,-0.852172852,0.03652582,-0.005635109,-0.08121987,-0.013137253,0.501353443,0.005039841,-4.200435,-2.79937744,-0.953216553,0.189622641,-1.90302372,-0.0394220762,0.039106667,0.4102341,-0.03420165,-3.47237468,-3.13208,-0.950256348,0.04077858,1.94720614,-0.0324127637,0.05759859,0.6005847,-0.0402516276,-5.004964,3.69131637,-0.877197266,0.169820577,-2.18865013,-0.06285046,-0.0189000368,0.337295771,-0.1301437,-2.81147718,-9.000366,-0.92477417,0.0171956755,2.66942859,-0.04472626,-0.0146780014,0.6661576,-0.06111823,-5.426428,0.276307225,-0.8518677,-0.5758667,-0.5009592,-0.156061888,0.0483619347,0.30589,-0.341575384,-2.48800468,-7.93692,-0.937042236,0.045897346,1.4170382,-0.0758733,0.169401586,-0.8711195,1.93774843,2.6929,3.430077
133,2.6599990575396824,765,0,1,0.468096137,0,-3.972516,0.7772404,0,-6.568291,0.7772404,0,-6.568291,1,0,0,1,0.452551335,-1.31130219E-05,-3.84115028,0,0,0,0.454883575,-0.00119832158,-3.84636927,4.05617428,-0.8721924,0.04520685,-0.00634191744,-0.0217189863,-0.006041694,0.5007974,0.0186879337,-4.20933247,-4.888977,-0.9205322,0.184236765,-1.91573834,0.0232929736,0.0172078013,0.410657436,-0.0195261836,-3.489207,-1.32501221,-0.9014282,-0.00244140625,1.82418227,0.0341675431,0.037140727,0.613655,0.0147689581,-5.07338858,0.9969344,-0.8979187,0.175524637,-2.32311058,-0.00235080346,-0.0330435634,0.324769646,-0.09555879,-2.73467255,-6.405731,-0.895050049,-0.0405273438,2.97626066,0.0335904434,-0.0109677911,0.676543653,0.08558735,-5.524126,-0.9397278,-0.9233093,-0.3373108,-1.27102923,-0.0556520447,0.189413369,0.2746063,-0.293773681,-2.28959823,-5.281494,-0.883758545,0.0031290513,2.386659,0.02835869,-0.04239282,-0.87136054,1.93774843,2.69494629,3.431745
134,2.6799990504535147,771,0,1,0.468096137,0,-3.972516,0.7698107,0,-6.522062,0.7698107,0,-6.522062,1,0,0,1,0.452699929,-1.31130219E-05,-3.84207487,0,0,0,0.451455116,-0.00123275816,-3.84793544,4.05587864,-0.826477051,0.05531134,-0.008547375,0.040928334,0.00181732641,0.495440632,0.0296719819,-4.180865,-6.84783936,-0.8201904,0.164418176,-1.73044837,0.08772043,-0.0111280382,0.4140667,-0.006964743,-3.52676868,0.2890666,-0.7764282,-0.04611206,1.60154724,0.100360453,0.0152676105,0.6117184,0.06951323,-5.04290438,-1.66357422,-0.8227539,0.159042135,-2.29910851,0.08144038,-0.04524994,0.322864324,-0.06131549,-2.73202419,-3.35879517,-0.7817383,-0.09463501,3.101244,0.09976732,-0.003916979,0.672019362,0.196608573,-5.52242136,-2.601593,-0.866546631,-0.59765625,-1.76476765,0.07860562,0.01074633,0.254452974,-0.313314319,-2.20488286,-2.24823,-0.7741089,0.00305265817,2.66923738,0.09614038,0.0251860619,-0.872083068,1.93774843,2.7010777,3.43674541
135,2.6999990433673466,779,0,1,0.468096137,0,-3.972516,0.7637176,0,-6.48550034,0.7637176,0,-6.48550034,1,0,0,1,0.4528218,-2.2649765E-05,-3.842806,0,0,0,0.4480226,-0.0012627542,-3.84920478,4.053535,-0.717803955,0.06590275,-0.009889566,0.1018403,0.009928482,0.485518128,0.0347171724,-4.13198042,-8.556274,-0.6535034,0.136293218,-1.44033849,0.146305338,-0.0337323844,0.418871373,0.00214134157,-3.577343,1.64554369,-0.5871887,-0.08377075,1.311201,0.158843666,-0.00486144423,0.5968602,0.111287773,-4.9307785,-4.12237549,-0.6524658,0.134576008,-2.11088634,0.141939148,-0.0594328642,0.328025073,-0.00814394653,-2.79818416,-0.0913085938,-0.6278076,-0.127746582,2.98927355,0.132211149,0.009590507,0.6531557,0.2824871,-5.371226,-3.994751,-0.663269043,-0.5265198,-1.94717157,0.144119516,0.0168724656,0.259159744,-0.156728268,-2.26392579,-0.0342407227,-0.75,-0.0799560547,1.81547618,0.01880449,-0.0213686526,-0.8714223,1.93774843,2.69546986,3.43217182
136,2.719999036281179,787,0,1,0.468096137,0,-3.972516,0.7462773,0,-6.35581255,0.7462773,0,-6.35581255,1,0,0,1,0.4531706,-2.26348639E-05,-3.84539986,0,0,0,0.445255816,-0.0013192445,-3.85199165,4.04717,-0.5548096,0.07585447,-0.01311008,0.1542549,0.017045496,0.475700378,0.03133759,-4.06294441,-9.896881,-0.439453125,0.09035454,-1.04125965,0.188198566,-0.06562787,0.426129848,0.00645718,-3.65049982,2.62484312,-0.354400635,-0.10546875,0.920533359,0.202076614,-0.0207730532,0.571884036,0.123305827,-4.73312855,-6.17425537,-0.466003418,0.08218915,-1.47832727,0.169248313,-0.0608141124,0.3413052,0.0456687361,-2.93025327,3.17445087,-0.43572998,-0.138275146,2.74048162,0.166787326,0.0215813518,0.6131762,0.285412371,-5.1154933,-5.566742,-0.504241943,-0.476257324,-1.68493533,0.155584067,0.0235880613,0.271420151,0.0164309144,-2.417084,0.94998306,-0.7041321,-0.231994629,0.706923,0.02957667,-0.07718146,-0.871514559,1.93774867,2.69625258,3.43281
137,2.7399990291950114,796,0,1,0.468096137,0,-3.972516,0.73918134,0,-6.309643,0.73918134,0,-6.309643,1,0,0,1,0.453312516,-1.30981207E-05,-3.84632325,0,0,0,0.443103939,-0.00134001672,-3.8536377,4.037868,-0.351776123,0.08404764,-0.0139701152,0.19313705,0.0226555876,0.4604644,0.0156655014,-3.95389247,-10.6425171,-0.194213867,0.03338124,-0.4465875,0.2140443,-0.08575834,0.434838384,0.005009085,-3.736997,3.15673065,-0.0974731445,-0.109008789,0.462235272,0.228802919,-0.0333493948,0.5361867,0.100176819,-4.46961069,-8.30426,-0.238098145,0.0199835822,-1.09557426,0.198821291,-0.0613280535,0.362939835,0.0547520369,-3.132453,6.274362,-0.230651855,-0.123352051,2.31592655,0.182308123,0.03131354,0.5719571,0.2766084,-4.8356576,-7.368988,-0.290740967,-0.45098877,-1.78563964,0.193562478,0.002049297,0.2961511,0.04129906,-2.659553,1.40013373,-0.6382141,-0.299682617,0.452703685,0.03457745,-0.0204574056,-0.8713001,1.93774867,2.69443226,3.43132615
138,2.7599990221088433,804,0,1,0.468096137,0,-3.972516,0.7394108,0,-6.32250547,0.7394108,0,-6.32250547,1,0,0,1,0.453307927,-1.31130219E-05,-3.846066,0,0,0,0.441962481,-0.00138448179,-3.85364127,4.031927,-0.1295166,0.08894879,-0.0118780835,0.212014914,0.025567811,0.4450361,-0.00690318644,-3.83220243,-10.7068787,0.05858277,-0.0234375,0.196118116,0.218241081,-0.09681645,0.4466179,-8.08984041E-05,-3.8435,3.11519384,0.159620509,-0.0987243652,-0.0947659761,0.232250661,-0.0444801375,0.49803257,0.0605574474,-4.18722725,-10.3152771,0.006191854,-0.04385376,-0.802461445,0.20848079,-0.05540338,0.3927204,0.06830175,-3.379586,9.203046,-0.0179443359,-0.0952148438,1.95669115,0.187049076,0.03316933,0.5259964,0.244852245,-4.52261353,-9.165344,-0.0549926758,-0.443664551,-1.76109946,0.209674329,-0.00519123673,0.327571839,0.07332471,-2.922067,2.31084442,-0.540039063,-0.308959961,0.682613552,0.0465781465,0.03004916,-0.8717871,1.93774867,2.698565,3.434696
139,2.7799990150226757,813,0,1,0.468096137,0,-3.972516,0.7416281,0,-6.34720564,0.7416281,0,-6.34720564,1,0,0,1,0.453263581,-8.329749E-06,-3.845572,0,0,0,0.4415925,-0.001423642,-3.8536973,4.02855825,0.0931896046,0.09102236,-0.009673833,0.214324117,0.0270819552,0.4329494,-0.0269223154,-3.72939682,-10.1802368,0.30007872,-0.07312012,0.734902859,0.2084111,-0.10184142,0.450804025,-0.00277023017,-3.88535333,2.84782624,0.400711834,-0.08325195,-0.3194317,0.22109364,-0.05274058,0.460113347,0.0126952529,-3.902351,-11.7618713,0.244850844,-0.09701538,-0.207646981,0.20269236,-0.04169485,0.428577781,0.03325084,-3.64874268,10.035656,0.207939655,-0.066986084,0.6075793,0.224903792,0.022288233,0.47387594,0.166651189,-4.152572,-10.5675659,0.179163426,-0.4396057,-1.385032,0.207928792,0.00232061744,0.386741251,0.0368513,-3.433535,2.84428525,-0.16229248,-0.2104187,0.403634965,0.219111547,0.09910163,-0.870872855,1.93774843,2.69080734,3.42837167
140,2.799999007936508,821,0,1,0.468096137,0,-3.972516,0.751133561,0,-6.43317938,0.751133561,0,-6.43317938,1,0,0,1,0.453073472,-1.31130219E-05,-3.84385252,0,0,0,0.440624952,-0.001471892,-3.85264,4.030276,0.316181123,0.09396875,-0.00633067731,0.216290265,0.0300898682,0.422157,-0.04153037,-3.64224029,-9.160339,0.534228,-0.113433838,1.18602979,0.203412488,-0.10348618,0.4573683,-0.005881116,-3.94572377,2.30385113,0.6374481,-0.0727539063,-0.6442218,0.217271432,-0.06352709,0.423508763,-0.0401234776,-3.61943579,-12.5601807,0.477348953,-0.137359619,0.461567253,0.198367938,-0.03116769,0.468280375,-0.00585106,-3.9753952,9.90148449,0.465617,-0.0438842773,-0.134432092,0.21943152,0.0157572888,0.421475261,0.0559342653,-3.760368,-11.3958435,0.405710936,-0.431518555,-0.8354346,0.203562,0.0113565177,0.4508546,-0.00873267651,-3.9677875,2.82846761,0.141945824,-0.167602539,-0.00709290151,0.221886292,0.0711955056,-0.871418,1.93774843,2.69543314,3.432142
141,2.81999900085034,829,0,1,0.468096137,0,-3.972516,0.7573429,0,-6.49073362,0.7573429,0,-6.49073362,1,0,0,1,0.4529493,-1.30981207E-05,-3.84270144,0,0,0,0.440956324,-0.00150842965,-3.85178447,4.03555775,0.5257956,0.09439169,-0.00386347831,0.204729736,0.0301717967,0.41475746,-0.0487576723,-3.57078385,-7.75021362,0.7419308,-0.135620117,1.54400957,0.181953117,-0.1013706,0.466943741,-0.008097142,-4.02605057,1.34251821,0.8488952,-0.06814575,-1.05700374,0.192831084,-0.0715616643,0.390322983,-0.08638449,-3.3542552,-12.6305847,0.6892643,-0.156158447,1.13835931,0.181419417,-0.0173222721,0.5068484,-0.0385560542,-4.30788,8.961663,0.696076751,-0.0295715332,-0.8214474,0.197587788,0.0115938932,0.372153044,-0.06620573,-3.37328672,-11.4888,0.6187321,-0.4111328,-0.166726753,0.192011788,0.0236573722,0.50927794,-0.04454343,-4.45423031,2.42458677,0.419641852,-0.131378174,-0.319257826,0.21207042,0.07145655,-0.8715222,1.93774843,2.6963172,3.43286276
142,2.8399989937641723,837,0,1,0.468096137,0,-3.972516,0.7621902,0,-6.52983427,0.7621902,0,-6.52983427,1,0,0,1,0.452852339,-1.78664923E-05,-3.84191942,0,0,0,0.442403436,-0.00150938332,-3.85092521,4.04241371,0.704017,0.0916985944,-0.002830764,0.17574656,0.0277018081,0.4104894,-0.0478040129,-3.519069,-6.06600952,0.9009379,-0.136413574,1.78680944,0.141880155,-0.09290476,0.4764999,-0.00644242764,-4.102088,-0.0417785645,1.01273906,-0.072265625,-1.4348079,0.147623882,-0.07338074,0.3626148,-0.117646515,-3.122057,-11.935791,0.857839465,-0.147644043,1.77283418,0.145928144,-0.00403288,0.540437341,-0.0546689481,-4.605054,7.33475733,0.885520041,-0.0306396484,-1.410374,0.162182182,0.008377135,0.3298314,-0.180729851,-3.012959,-10.7571716,0.7987596,-0.369415283,0.55543226,0.164040059,0.03756532,0.5577487,-0.06377882,-4.872819,1.81726229,0.674664855,-0.0868835449,-0.4828648,0.203047648,0.08393783,-0.8711794,1.93774867,2.69340873,3.430492
143,2.8599989866780042,845,0,1,0.468096137,0,-3.972516,0.766440034,0,-6.55948162,0.766440034,0,-6.55948162,1,0,0,1,0.452767342,-8.34465E-06,-3.84132648,0,0,0,0.444749415,-0.00147929788,-3.84997964,4.04912758,0.8345993,0.08597294,-0.0030510677,0.131353736,0.02306024,0.4085221,-0.03987986,-3.49021626,-4.23471069,0.9930649,-0.115509033,1.9020344,0.08757348,-0.0758973956,0.483588725,0.000355750322,-4.158756,-1.759552,1.11334777,-0.08148193,-1.70370173,0.08772504,-0.06368658,0.341173053,-0.130277559,-2.93775916,-10.4819946,0.971942842,-0.11114502,2.319931,0.100616448,0.00422561169,0.564595044,-0.04857914,-4.838584,5.178982,1.0371995,-0.040802002,-1.86836159,0.113161772,0.009247124,0.299644619,-0.277354628,-2.7029686,-9.24057,0.971623957,-0.486175537,1.30828226,0.138310686,0.0170607865,0.5968984,-0.0622528046,-5.198557,1.19239068,0.891212,-0.08731079,-0.470031083,0.182744935,0.09671639,-0.871347547,1.93774843,2.694836,3.431655
144,2.8799989795918366,853,0,1,0.468096137,0,-3.972516,0.7678005,0,-6.56214,0.7678005,0,-6.56214,1,0,0,1,0.452740133,-1.30981207E-05,-3.84127331,0,0,0,0.4477186,-0.00144077837,-3.84921765,4.05442524,0.9070867,0.0779995248,-0.004373083,0.0762981,0.0168337021,0.410938531,-0.0273434222,-3.487543,-2.40551758,1.0128988,-0.0828552246,1.87740159,0.02535171,-0.0624219477,0.4892211,0.0113461763,-4.19008732,-3.68878174,1.13913548,-0.09780884,-1.83622241,0.0195014179,-0.0499554276,0.331916243,-0.115022674,-2.81005025,-8.350098,1.000614,-0.06640625,2.74810624,0.024617061,0.0016617775,0.5793849,-0.0212418586,-4.98769569,2.67524529,1.08779693,-0.06655884,-2.15826488,0.0623117425,0.0161024034,0.279057,-0.3185517,-2.4549365,-7.32073975,1.02635157,-0.12802124,1.708616,0.06665221,0.310366035,0.6182707,-0.04479368,-5.402609,0.210833922,1.0849756,-0.512207031,-0.372465,0.182095468,0.0444450378,-0.871219754,1.93774843,2.69375134,3.43077087
145,2.899998972505669,861,0,1,0.468096137,0,-3.972516,0.769107342,0,-6.557133,0.769107342,0,-6.557133,1,0,0,1,0.452714,-2.26348639E-05,-3.84137344,0,0,0,0.4511399,-0.00139278173,-3.84827328,4.057942,0.914273858,0.06805597,-0.00572349131,0.01424795,0.009363159,0.4148029,-0.0141101778,-3.50904274,-0.70199585,0.956465364,-0.04397583,1.72648644,-0.0424929149,-0.0416744649,0.491051853,0.023598358,-4.18947,-5.65893555,1.09048414,-0.107879639,-1.80367637,-0.04944371,-0.0255944133,0.326461345,-0.08365044,-2.75230932,-5.64614868,0.954433,-0.0192565918,3.008034,-0.0417562053,-0.00027012825,0.5809264,0.0348414034,-5.030581,0.06742329,1.07304621,-0.08178711,-2.24761844,-0.024126865,0.0291291177,0.269179165,-0.298131764,-2.2873075,-4.555298,0.9700307,-0.0162963867,2.46095061,-0.04605523,0.0444901,0.6291866,0.121438518,-5.47439241,-0.895080566,1.07767642,-0.7319031,-1.38882935,0.0030759275,0.0790023059,-0.8715126,1.93774867,2.69623661,3.43279719
146,2.9199989654195009,868,0,1,0.468096137,0,-3.972516,0.766288042,0,-6.517806,0.766288042,0,-6.517806,1,0,0,1,0.452770382,-1.31130219E-05,-3.84216,0,0,0,0.4547182,-0.00132675469,-3.84814429,4.058059,0.855667055,0.05719028,-0.008025566,-0.04835598,0.00156201608,0.42031312,-0.00344091654,-3.5536356,0.7678584,0.8293201,-0.004638672,1.46390307,-0.106171869,-0.0171462,0.487590015,0.03165351,-4.1537,-7.4675293,0.9721017,-0.09933472,-1.587542,-0.114394344,0.011130631,0.327395469,-0.0516745746,-2.7730968,-2.54901123,0.8523591,0.0314264856,3.07371974,-0.09622708,-0.00260603428,0.5723764,0.08220482,-4.97884274,-2.46884155,0.9784577,-0.0692443848,-2.18423629,-0.0872264,0.0402043164,0.2700231,-0.3226332,-2.227242,-1.43615723,0.898036063,0.0218505785,2.71717,-0.07084671,-0.0233716369,0.636226535,0.2189734,-5.43857145,-2.60745239,1.02132785,-1.18545532,-1.77660823,-0.07165356,0.035410434,-0.8716779,1.93774843,2.697639,3.43394041
147,2.9399989583333332,876,0,1,0.468096137,0,-3.972516,0.7603723,0,-6.45214558,0.7603723,0,-6.45214558,1,0,0,1,0.4528887,-1.31130219E-05,-3.8434732,0,0,0,0.4581417,-0.00126975775,-3.84816432,4.055714,0.736561239,0.0462917723,-0.0102491518,-0.106810287,-0.006137968,0.426839083,0.00375507772,-3.604831,1.96370029,0.6449975,0.0263571125,1.16878533,-0.161300182,0.004884362,0.4844729,0.0339444,-4.097574,-8.998138,0.7880701,-0.0694885254,-1.26759171,-0.172097623,0.0376768261,0.331952959,0.0108189136,-2.84790087,0.738156438,0.729818344,0.07329461,2.93058085,-0.10417676,0.0007482171,0.562342,0.113862105,-4.84398174,-4.74542236,0.808705032,-0.05505371,-1.9536134,-0.15879643,0.0422006845,0.269701421,-0.0917802751,-2.33474469,-0.2164917,0.9008817,-0.44052124,1.03965378,0.00217533857,-0.249021739,0.6184862,0.285685837,-5.259821,-4.050537,0.8384819,-1.00848389,-1.904097,-0.160699189,0.166012317,-0.8716539,1.93774867,2.69743562,3.43377471
148,2.9599989512471656,884,0,1,0.468096137,0,-3.972516,0.7525104,0,-6.367197,0.7525104,0,-6.367197,1,0,0,1,0.453045934,-1.30981207E-05,-3.84517217,0,0,0,0.461179435,-0.00120963156,-3.84895134,4.049223,0.5666375,0.0362251066,-0.0129124094,-0.156279892,-0.0129490681,0.4333657,0.00574037433,-3.68091,2.7689476,0.42142576,0.0598523021,0.7576116,-0.202048168,0.0392309427,0.480277717,0.02763836,-4.02384567,-10.1383667,0.552015662,-0.033996582,-0.8547347,-0.212949142,0.05552853,0.339610338,0.0419348776,-3.009445,3.94494748,0.5588736,0.133878216,2.59400439,-0.173885316,0.0143674016,0.5424617,0.116134815,-4.627779,-6.576996,0.5783518,-0.0254821777,-1.19780564,-0.200580448,0.0415571779,0.2980008,0.004717499,-2.52572012,0.07787694,0.72565335,-0.9385071,0.665691733,-0.03524273,0.102835536,0.589388251,0.2723291,-4.976699,-5.57605,0.6036473,-0.831878662,-1.60469043,-0.1895458,0.174192891,-0.871388435,1.93774843,2.695183,3.431938
149,2.9799989441609975,892,0,1,0.468096137,0,-3.972516,0.7504019,0,-6.33397341,0.7504019,0,-6.33397341,1,0,0,1,0.4530881,-1.30981207E-05,-3.84583664,0,0,0,0.463354081,-0.00116817653,-3.84891367,4.04202366,0.359876335,0.0279941279,-0.013155885,-0.192095339,-0.0181272682,0.4443833,0.003047049,-3.77698874,3.06757736,0.175560683,0.0947845355,0.246550977,-0.226462886,0.0598763376,0.468726933,0.00791356,-3.90067029,-10.6170654,0.286066622,0.006174484,-0.197851837,-0.233777344,0.0698168,0.373526067,0.06347673,-3.23338366,6.87828541,0.322968841,0.1566337,2.12361,-0.190082252,-0.0142270923,0.515107334,0.08168599,-4.354046,-8.738159,0.324804753,0.0189721957,-1.03526521,-0.2206782,0.04546906,0.336875558,0.0453864932,-2.75662231,1.56059873,0.7140926,-0.455078125,0.9216635,-0.07471676,0.438600957,0.5650126,0.2615211,-4.71125937,-7.459961,0.36200586,-0.661529541,-1.8333683,-0.199407086,0.164935946,-0.8713635,1.93774867,2.694972,3.431766
150,2.99999893707483,900,0,1,0.468096137,0,-3.972516,0.7493916,0,-6.317415,0.7493916,0,-6.317415,1,0,0,1,0.4531083,-8.34465E-06,-3.8461678,0,0,0,0.464088649,-0.001144141,-3.848974,4.035788,0.140577108,0.0238389857,-0.0126628941,-0.204994231,-0.0200789627,0.4581017,-0.001951173,-3.86948514,2.8638854,-0.0608215332,0.110580243,-0.236954167,-0.224150479,0.0594934821,0.455619663,-0.0139335692,-3.786757,-10.4439087,0.0222805683,0.04399257,0.403030217,-0.2289084,0.0797621,0.408792228,0.0597599,-3.47996974,9.352493,0.1364801,0.133842826,1.60671866,-0.177343652,-0.0252132416,0.486503184,0.042053923,-4.0757103,-10.5254517,0.0669247,0.06208602,-0.59885186,-0.221542627,0.0364549,0.371106267,0.06210412,-3.0723455,2.401034,0.577740252,-0.328857422,0.682673156,-0.08074573,0.138410032,0.534606457,0.216137022,-4.379047,-9.135986,0.11310903,-0.5085144,-1.64973307,-0.202843443,0.1388075,-0.8715991,1.93774867,2.696971,3.43339586
151,3.0199989299886618,909,0,1,0.468096137,0,-3.972516,0.7551792,0,-6.361785,0.7551792,0,-6.361785,1,0,0,1,0.452992558,-8.329749E-06,-3.84528041,0,0,0,0.464548141,-0.00114643574,-3.84830618,4.032255,-0.07852173,0.0212000012,-0.0103808092,-0.206989229,-0.0220335145,0.4652515,-0.00411197543,-3.905259,2.4785974,-0.283233643,0.110344306,-0.4365477,-0.215355754,0.0575647838,0.444250554,-0.0321818143,-3.69063663,-9.722473,-0.230682373,0.0768876,0.9042722,-0.2197273,0.0854285657,0.44111836,0.0189419389,-3.75843143,9.80997,-0.0955810547,0.111069158,0.361365259,-0.210286915,-0.01613985,0.45643872,-0.00735352933,-3.79306173,-11.7387085,-0.182525635,0.0963211358,0.0195834935,-0.215023309,0.024919603,0.4365397,0.0190015435,-3.61023974,2.76537776,0.243053645,-0.212646484,0.27531594,-0.22018674,0.1181377,0.4976993,0.127381742,-4.00197029,-10.3722229,-0.130493164,-0.3804016,-1.2201767,-0.1988558,0.107367471,-0.871485054,1.93774867,2.6960032,3.4326067
152,3.0399989229024942,917,0,1,0.468096137,0,-3.972516,0.7666606,0,-6.45287275,0.7666606,0,-6.45287275,1,0,0,1,0.452762932,-3.56137753E-06,-3.84345865,0,0,0,0.465046525,-0.00116570294,-3.84667754,4.034334,-0.296630859,0.0181072932,-0.00665789749,-0.20757094,-0.02462104,0.474079221,-0.00664553046,-3.96919346,1.78870368,-0.500427246,0.108795695,-0.780628264,-0.210438684,0.06393591,0.43465808,-0.04407817,-3.60957575,-8.549011,-0.473327637,0.100137562,1.31891215,-0.210686088,0.0876766145,0.480749279,-0.017146647,-4.087178,9.397787,-0.3310852,0.09105594,-0.371478,-0.201885879,-0.0120146349,0.426058,-0.05693564,-3.517478,-12.283905,-0.424438477,0.118874893,0.689218462,-0.208953932,0.0152843,0.499804378,-0.0215335637,-4.130041,2.61264229,-0.0400390625,-0.16595459,-0.111224964,-0.213970035,0.07957538,0.456840456,0.0140552372,-3.6123426,-10.9778137,-0.367950439,-0.278503418,-0.628571749,-0.195800722,0.07988983,-0.8714169,1.93774843,2.69542527,3.43213558
153,3.0599989158163265,925,0,1,0.468096137,0,-3.972516,0.7728669,0,-6.50580168,0.7728669,0,-6.50580168,1,0,0,1,0.4526388,-1.31130219E-05,-3.8424,0,0,0,0.4642179,-0.00116059184,-3.84592962,4.039708,-0.497314453,0.0181244183,-0.00460997038,-0.191861525,-0.023894744,0.4837817,-0.00740389526,-4.04798651,0.6818151,-0.689331055,0.107328042,-1.18201137,-0.1824407,0.0672559142,0.425319076,-0.0482483953,-3.545945,-7.030792,-0.6801758,0.105517849,1.63416326,-0.180282846,0.08577013,0.5206543,-0.0437377542,-4.407519,8.219693,-0.5427551,0.07678219,-1.02554488,-0.1805397,-0.0102971792,0.396998644,-0.09688778,-3.26527667,-12.0933838,-0.6364136,0.118696377,1.34863,-0.1844188,0.001396209,0.5553951,-0.05111198,-4.592957,2.13992834,-0.307769775,-0.122650146,-0.3711218,-0.210861474,0.0826448053,0.414676249,-0.103830546,-3.236012,-10.8153992,-0.58480835,-0.2102356,0.059095636,-0.180120289,0.0503556356,-0.87155807,1.93774843,2.69662285,3.433112
154,3.0799989087301585,933,0,1,0.468096137,0,-3.972516,0.7774073,0,-6.544211,0.7774073,0,-6.544211,1,0,0,1,0.452548,-2.2649765E-05,-3.841632,0,0,0,0.462307632,-0.00117279589,-3.8456223,4.04600573,-0.6617737,0.0215044282,-0.003969175,-0.158114314,-0.0205532331,0.491610616,-0.00376340747,-4.11772633,-0.816864,-0.8286438,0.109799236,-1.52267981,-0.134444356,0.0644773841,0.4178856,-0.0445511937,-3.503684,-5.288788,-0.827697754,0.09086909,1.82822549,-0.1308902,0.07655734,0.5555314,-0.05125904,-4.682573,6.4077363,-0.7103882,0.0744654,-1.56910634,-0.142654389,-0.009432197,0.370831,-0.119960949,-3.051604,-11.14621,-0.7935791,0.09194404,1.95044541,-0.139079854,-0.0106918216,0.602529466,-0.0620889664,-4.978334,1.5475601,-0.545043945,-0.06893921,-0.464854747,-0.198613957,0.0936992,0.372013927,-0.208424956,-2.8943727,-9.820374,-0.757171631,-0.181091309,0.779109359,-0.144861817,0.0233921558,-0.8714853,1.93774843,2.696005,3.43260813
155,3.0999989016439908,942,0,1,0.468096137,0,-3.972516,0.7784921,0,-6.56323671,0.7784921,0,-6.56323671,1,0,0,1,0.4525263,-2.2649765E-05,-3.84125137,0,0,0,0.4596519,-0.00118802488,-3.84587049,4.05131054,-0.7747803,0.02784428,-0.004677759,-0.109552249,-0.01522821,0.495715141,0.00469511747,-4.16564035,-2.604004,-0.901886,0.115206018,-1.73969519,-0.07196537,0.0564608574,0.414012343,-0.0350050628,-3.48441124,-3.45150757,-0.8991089,0.0567573719,1.89687657,-0.0688000247,0.05789733,0.5801566,-0.0374576151,-4.88495,4.136774,-0.8233948,0.08914154,-1.96575451,-0.0864350349,-0.00802058,0.350299776,-0.126063213,-2.88806343,-9.458984,-0.878875732,0.0389975943,2.46424317,-0.08675018,-0.01598227,0.64110297,-0.05419697,-5.26320267,0.6839366,-0.724029541,-0.365478516,-0.404908955,-0.15467307,0.08723146,0.3286826,-0.306752563,-2.618769,-8.629395,-0.931365967,0.07586085,1.30720973,-0.156247288,-0.201914459,-0.870749652,1.93774843,2.68976188,3.42752
156,3.1199988945578232,949,0,1,0.468096137,0,-3.972516,0.7786262,0,-6.576159,0.7786262,0,-6.576159,1,0,0,1,0.452523619,-1.30981207E-05,-3.840993,0,0,0,0.45642525,-0.001196608,-3.84606361,4.055755,-0.826446533,0.03645221,-0.005469548,-0.0513888672,-0.008453599,0.496874839,0.0162979811,-4.187253,-4.5451355,-0.903564453,0.118792117,-1.818281,-0.00521360338,0.0366326571,0.41242975,-0.0215993822,-3.49372864,-1.67596436,-0.889678955,0.0143194981,1.81422532,0.0003042817,0.04268408,0.5964425,0.0005041957,-4.997564,1.59722114,-0.8675537,0.103174411,-2.18485117,-0.03078533,-0.0152184367,0.334070027,-0.09670141,-2.78734016,-7.13021851,-0.8852539,-0.018371582,2.82923937,0.00163248181,-0.0164167881,0.65668416,0.027244851,-5.41262341,-0.219818115,-0.8843994,-0.5802307,-1.11496854,-0.09063634,-0.08539346,0.293829858,-0.267468125,-2.38879156,-6.25750732,-0.898529053,0.0335318819,2.16438317,-0.00180514157,-0.07023829,-0.8719287,1.93774843,2.69976735,3.43567634
157,3.1399988874716551,957,0,1,0.468096137,0,-3.972516,0.7722679,0,-6.534865,0.7722679,0,-6.534865,1,0,0,1,0.4526508,-2.2649765E-05,-3.84181881,0,0,0,0.452873141,-0.00121822953,-3.84743452,4.05676365,-0.8105774,0.04709392,-0.007812411,0.01288278,-0.000445559621,0.4928755,0.0271196067,-4.17308235,-6.43948364,-0.831848145,0.112695225,-1.70549667,0.06279571,0.0112178922,0.41436258,-0.00912149251,-3.52321243,-0.051361084,-0.797668457,-0.0307006836,1.63150942,0.07158549,0.0217734277,0.599153459,0.05609165,-5.002608,-0.9706726,-0.829437256,0.107744329,-2.21658325,0.0568226278,-0.0279248953,0.32847783,-0.06697674,-2.75921559,-4.291107,-0.8015137,-0.07723999,3.016422,0.07318134,-0.0108929276,0.659222543,0.165398449,-5.45663071,-1.61502075,-0.8503113,-0.8659973,-1.60811114,0.029130958,0.0203526914,0.268896043,-0.294181168,-2.27035236,-3.37408447,-0.805786133,0.00524253,2.55193233,0.07339436,-0.0131396055,-0.8713596,1.93774867,2.694938,3.43173838
158,3.1599988803854875,965,0,1,0.468096137,0,-3.972516,0.766890049,0,-6.50584936,0.766890049,0,-6.50584936,1,0,0,1,0.452758342,-2.2649765E-05,-3.84239912,0,0,0,0.449488759,-0.0012511909,-3.84871459,4.05488539,-0.729980469,0.0580323152,-0.009463348,0.07509954,0.007386913,0.484143078,0.0329172164,-4.132104,-8.13031,-0.69052124,0.101773567,-1.45600271,0.123499557,-0.010799557,0.419278741,0.00019697845,-3.57313,1.31693411,-0.6371765,-0.0727539063,1.34543669,0.1325276,0.000678241253,0.589904845,0.09722225,-4.923608,-3.40646362,-0.6789551,0.101948954,-2.09617162,0.1216944,-0.0449445844,0.331097066,-0.0306482464,-2.80640531,-1.1477356,-0.670715332,-0.117126465,2.996666,0.110339895,0.00336432457,0.6474673,0.251154482,-5.3637104,-2.93286133,-0.673706055,-0.7843323,-1.8538357,0.119399667,0.05060163,0.2630758,-0.27127713,-2.26920533,-0.720214844,-0.796295166,-0.13684082,2.354916,0.0394244269,-0.0291353166,-0.8711268,1.93774843,2.692962,3.43012762
159,3.1799988732993194,972,0,1,0.468096137,0,-3.972516,0.755279064,0,-6.42519236,0.755279064,0,-6.42519236,1,0,0,1,0.452990562,-2.74032354E-05,-3.84401226,0,0,0,0.446429849,-0.00130014122,-3.850601,4.050626,-0.591552734,0.06873666,-0.0114343781,0.13102667,0.0148374811,0.4759839,0.0314758867,-4.070919,-9.50766,-0.497406,0.07010352,-1.10185969,0.171057358,-0.0472399,0.4244406,0.00563688576,-3.634508,2.36330914,-0.427063,-0.101104736,1.00750494,0.180649638,-0.0130904019,0.570871532,0.115811191,-4.75948524,-5.51730347,-0.520233154,0.06363789,-1.66950047,0.149985418,-0.0507580638,0.335184276,0.0299825221,-2.90903282,2.09753776,-0.4883423,-0.12600708,2.7995944,0.1629487,0.0281679034,0.6115163,0.275235176,-5.149579,-4.511322,-0.5548401,-0.6862793,-1.722483,0.131886438,0.06967449,0.2660622,-0.0288956463,-2.41373372,-0.03604126,-0.751159668,-0.686859131,0.549591839,0.0293837339,-0.250497669,-0.8717259,1.93774843,2.698046,3.43427253
160,3.1999988662131518,980,0,1,0.468096137,0,-3.972516,0.7457021,0,-6.35791063,0.7457021,0,-6.35791063,1,0,0,1,0.4531821,-2.2649765E-05,-3.845358,0,0,0,0.4438831,-0.00133897364,-3.85249519,4.0433507,-0.405822754,0.07843618,-0.0129383616,0.176738754,0.0213021338,0.4628151,0.0199806988,-3.980003,-10.39035,-0.264648438,0.0238395557,-0.5959898,0.2047965,-0.07112619,0.431420773,0.005492851,-3.71944976,2.98047781,-0.18270874,-0.102478027,0.556433737,0.217582792,-0.01972317,0.5387895,0.104019843,-4.5204587,-7.465576,-0.304595947,0.0152099812,-1.08690453,0.190232962,-0.0514426529,0.354455262,0.0539926,-3.098446,5.19163,-0.2960205,-0.09466553,2.39760923,0.1618544,0.03558266,0.571727157,0.268952727,-4.874582,-6.19979858,-0.353515625,-0.616729736,-1.70509636,0.186398342,0.0393179059,0.2970698,0.0294765532,-2.61742067,1.13161385,-0.6828003,-0.487762451,0.7406979,0.0237679146,0.23219797,-0.871833,1.93774843,2.69895577,3.43501449
161,3.2199988591269841,989,0,1,0.468096137,0,-3.972516,0.7393244,0,-6.316569,0.7393244,0,-6.316569,1,0,0,1,0.453309655,-2.2649765E-05,-3.84618473,0,0,0,0.442493826,-0.00137673318,-3.85365343,4.036071,-0.192993164,0.0849736556,-0.0128637124,0.203112423,0.0249756742,0.446964741,-0.00175490975,-3.85814214,-10.5984192,-0.015625,-0.0247802734,0.05694771,0.216747642,-0.0850454941,0.441837281,0.00140549242,-3.81709456,3.078667,0.0714679062,-0.08218384,0.046503976,0.229445353,-0.03122694,0.5020868,0.06673478,-4.2465663,-9.53595,-0.06484985,-0.0397644043,-0.914816856,0.20660305,-0.0498065948,0.3878204,0.0649233,-3.32837343,8.054264,-0.09335327,-0.08496094,1.97538722,0.195510566,0.022537291,0.5304891,0.2500591,-4.59180737,-8.065399,-0.122283936,-0.5734863,-1.8212899,0.2090672,0.021918714,0.328858823,0.0689358562,-2.87925982,1.85047972,-0.5221863,-0.6713257,0.587595,0.09948717,-0.0347789377,-0.8707932,1.93774843,2.69013143,3.427821
162,3.2399988520408161,997,0,1,0.468096137,0,-3.972516,0.741094649,0,-6.338277,0.741094649,0,-6.338277,1,0,0,1,0.45327425,-1.31130219E-05,-3.84575057,0,0,0,0.441856116,-0.00141116977,-3.85365772,4.03111458,0.0270070639,0.08845406,-0.0108841406,0.211253375,0.0268917456,0.434440166,-0.0220742226,-3.75301886,-10.2015991,0.2282331,-0.0687255859,0.6097986,0.211313441,-0.09274596,0.451623321,-0.002477318,-3.88348961,2.80621743,0.31727463,-0.06893921,-0.305326432,0.224389642,-0.053984426,0.4653223,0.023550868,-3.96888947,-11.0896606,0.174991339,-0.08792114,-0.361720145,0.205154121,-0.0384289622,0.42424,0.0424619168,-3.59048676,9.642544,0.12346179,-0.07424927,0.779460251,0.199277908,0.0136041045,0.4811124,0.185826272,-4.24035168,-9.595612,0.112235136,-0.541748047,-1.5081954,0.211447686,0.02208206,0.373524845,0.04868564,-3.28922844,2.46308017,-0.338562,-0.5263672,0.5305595,0.115096077,0.140189141,-0.871206641,1.93774867,2.69364,3.43068027
163,3.2599988449546484,1005,0,1,0.468096137,0,-3.972516,0.7483813,0,-6.409099,0.7483813,0,-6.409099,1,0,0,1,0.453128517,-2.2649765E-05,-3.84433413,0,0,0,0.441195816,-0.00144788623,-3.85291266,4.03050375,0.246316716,0.09116532,-0.007705046,0.212410524,0.0290516838,0.4238136,-0.03777127,-3.66300154,-9.297089,0.461405545,-0.103912354,1.076599,0.20323585,-0.09592889,0.458643943,-0.005189225,-3.93437386,2.3003943,0.5510172,-0.06985474,-0.5805252,0.2165806,-0.071622625,0.429240674,-0.0270047337,-3.688882,-12.04364,0.4065707,-0.12387085,0.282002956,0.198521316,-0.0268753413,0.462050021,0.002965778,-3.89240575,9.7486105,0.379167765,-0.0553588867,0.06613692,0.222351477,0.0141390152,0.429977179,0.0853187144,-3.85821533,-10.6140137,0.339157045,-0.5111389,-1.0104599,0.206194982,0.0283913612,0.428434342,-0.00517395139,-3.82335973,2.70589542,-0.00201416016,-0.180084229,0.184987053,0.230735615,0.2880033,-0.8710893,1.93774843,2.6926434,3.429868
164,3.2799988378684808,1013,0,1,0.468096137,0,-3.972516,0.756062865,0,-6.47840738,0.756062865,0,-6.47840738,1,0,0,1,0.4529749,-1.31130219E-05,-3.842948,0,0,0,0.441043943,-0.00149276853,-3.8519206,4.03458,0.457044423,0.09272235,-0.00474454276,0.205503359,0.0301314872,0.415599346,-0.0466486365,-3.5880878,-7.979553,0.6746057,-0.124816895,1.455611,0.187481046,-0.0954703838,0.465339631,-0.00725537539,-4.006379,1.43512785,0.7688076,-0.07009888,-0.95482713,0.200048372,-0.07234478,0.395934641,-0.07378346,-3.421505,-12.30365,0.6216727,-0.142089844,0.951190531,0.185257956,-0.01522024,0.4973293,-0.0292980671,-4.21991539,9.028566,0.613852859,-0.03616333,-0.6345624,0.209629223,0.0129499808,0.3810593,-0.03146892,-3.47335315,-10.9422913,0.5532081,-0.473815918,-0.37638092,0.195807964,0.0368860438,0.4929504,-0.0354965776,-4.32182264,2.443723,0.3329774,-0.13659668,-0.216267988,0.234013468,0.0918777,-0.871350765,1.93774843,2.694863,3.431677
165,3.2999988307823127,1020,0,1,0.468096137,0,-3.972516,0.7615867,0,-6.52179956,0.7615867,0,-6.52179956,1,0,0,1,0.4528644,-2.26348639E-05,-3.84208,0,0,0,0.442093939,-0.00151236355,-3.85108852,4.04088259,0.6425532,0.0913494155,-0.00330321747,0.182468608,0.0284981634,0.4106565,-0.0475685149,-3.5316813,-6.36065674,0.8463063,-0.126159668,1.72666979,0.153501526,-0.08990635,0.474143475,-0.00639753044,-4.082091,0.159424126,0.9471398,-0.0736084,-1.33468974,0.1611979,-0.07361969,0.367473841,-0.107792124,-3.18265533,-11.8174744,0.800629,-0.136016846,1.59207141,0.15538846,-0.00273481,0.5317765,-0.0493001938,-4.52462864,7.5903697,0.8200778,-0.032989502,-1.24897921,0.175151139,0.008063346,0.337871552,-0.145838708,-3.108809,-10.4711914,0.7404206,-0.421264648,0.329712242,0.172322541,0.0475147069,0.544904351,-0.0577639937,-4.75814056,1.90593207,0.606672168,-0.0952148438,-0.429612815,0.2130152,0.08311071,-0.872111857,1.93774867,2.70132232,3.436945
166,3.3199988236961451,1028,0,1,0.468096137,0,-3.972516,0.7660854,0,-6.555941,0.7660854,0,-6.555941,1,0,0,1,0.452774435,-1.78813934E-05,-3.84139729,0,0,0,0.4441597,-0.00149086118,-3.85015035,4.047582,0.7857868,0.08682275,-0.00292092538,0.143133834,0.0244589336,0.408284336,-0.0411565,-3.497448,-4.56512451,0.957181334,-0.105682373,1.87231481,0.103779346,-0.07613438,0.4817533,-0.000763043761,-4.143244,-1.46844482,1.06752348,-0.08230591,-1.6297822,0.105824307,-0.06698403,0.345307678,-0.123735204,-2.98762512,-10.5793762,0.9321985,-0.1048584,2.15743113,0.1119298,0.005438894,0.5582109,-0.04852742,-4.774405,5.57973576,0.9759048,-0.04147339,-1.741729,0.124484584,0.00768625736,0.304848,-0.24370493,-2.78652668,-9.134064,0.9128422,-0.389862061,1.06285083,0.143155351,0.0429215729,0.586910367,-0.0610320121,-5.10760832,1.30703485,0.8187885,-0.07489014,-0.459619969,0.179326534,0.093576774,-0.871284544,1.93774867,2.694301,3.431219
167,3.339998816609977,1036,0,1,0.476414651,0,-3.97152758,1.18369353,0,-6.5132165,1.18369353,0,-6.5132165,1,0,0,1,0.4527408,-1.31130219E-05,-3.84126329,0,0,0,0.447006762,-0.00145752728,-3.84942126,4.053308,0.993724763,0.07958679,-0.00401261169,0.09085673,0.0185010619,0.410231471,-0.0296969563,-3.48770142,-2.73345947,1.11635458,-0.07461548,1.88530993,0.0420094766,-0.0649717748,0.487566054,0.009210274,-4.180657,-3.337494,1.23482358,-0.09765625,-1.79457927,0.0387981,-0.0534246564,0.3334016,-0.117312476,-2.84593821,-8.641541,1.09638393,-0.059387207,2.61975074,0.0428176224,0.006709039,0.5749286,-0.0268036723,-4.94424343,3.1777277,1.17437041,-0.06295776,-2.07355046,0.08102319,0.0138247311,0.280495733,-0.3163943,-2.529498,-7.554657,1.101701,-0.08081055,1.40155983,0.0613416433,0.297492683,0.6143096,-0.0461670756,-5.345736,0.250471056,1.15210974,-0.585022,-0.33310467,0.19008109,0.10436219,-0.8767476,1.93774843,2.69104719,3.43005681
168,3.3599988095238094,1045,0,1,0.476414651,0,-3.97152758,0.7817778,0,-6.566217,0.7817778,0,-6.566217,1,0,0,1,0.4607791,-2.501905E-05,-3.84020329,0,0,0,0.460898727,-0.00146904588,-3.84711313,4.05781269,1.01688576,0.0575575642,-0.00519493,0.0299126618,0.0105857793,0.424414665,-0.0166605562,-3.498104,-1.0171814,1.07179606,-0.0230712891,1.78911376,-0.03301754,-0.06772378,0.5031624,0.0217431933,-4.19229746,-5.28103638,1.2065953,-0.1003418,-1.8377564,-0.0347028524,-0.05161646,0.33348015,-0.08635932,-2.769251,-6.123291,1.05841267,0.009237702,2.90688968,-0.0305192769,0.0158760548,0.589625835,0.0240053535,-5.01488972,0.627347946,1.18421507,-0.06573486,-2.19763637,-0.0087488,0.0403010845,0.274853617,-0.2816755,-2.33689213,-5.00338745,1.04957819,0.0155826816,2.28846288,-0.0473318063,0.0210422873,0.634436369,0.09585039,-5.44332743,-0.695922852,1.15180647,-0.7911377,-1.24941432,0.0308251977,0.109338954,-0.8764651,1.93774867,2.6886344,3.42809224
169,3.3799988024376417,1053,0,1,0.476414651,0,-3.97152758,0.779708,0,-6.51941538,0.779708,0,-6.51941538,1,0,0,1,0.4608205,1.49011612E-08,-3.84113932,0,0,0,0.462908059,-0.00131289661,-3.84721923,4.058536,0.9656514,0.0487758741,-0.00768940058,-0.0408275537,0.00571906473,0.427013248,-0.00521823764,-3.540092,0.513661742,0.9456367,0.0192402583,1.53736043,-0.103336304,-0.0272445381,0.497977883,0.0305177122,-4.160572,-7.11859131,1.09198058,-0.09970093,-1.63672674,-0.112603642,-0.00168660283,0.334506422,-0.05562763,-2.76836133,-3.144287,0.947048664,0.0619511232,3.04049253,-0.100635082,-0.00320148468,0.5851501,0.07276474,-4.987764,-1.91986084,1.09784818,-0.06225586,-2.19465423,-0.0784442946,0.03927967,0.276878685,-0.3036368,-2.251179,-2.0831604,0.9372054,0.0825484,2.576584,-0.109550714,-0.02086991,0.6431676,0.19481805,-5.44462967,-2.29901123,1.11913657,-1.1661377,-1.72808516,-0.0469558537,0.0182614326,-0.8770839,1.93774867,2.69379282,3.43229747
170,3.3999987953514736,1061,0,1,0.476414651,0,-3.97152758,0.776318,0,-6.47131443,0.776318,0,-6.47131443,1,0,0,1,0.4608883,0,-3.84210134,0,0,0,0.465975046,-0.00127664208,-3.8470757,4.05657625,0.851143837,0.0402055122,-0.009737545,-0.101557851,-0.00209594052,0.4331028,0.002715394,-3.59135079,1.77778637,0.7598106,0.0518460646,1.24094176,-0.159653857,-0.00272476673,0.4935207,0.034040004,-4.109254,-8.708313,0.911977232,-0.07330322,-1.34135067,-0.170579,0.0334107578,0.3381364,-0.002675593,-2.83306432,0.06502787,0.8223653,0.10538502,2.94333673,-0.105604142,-0.00260418653,0.5752,0.107492156,-4.875206,-4.259674,0.9372789,-0.05117798,-2.01210833,-0.1504498,0.0409083366,0.273722947,-0.148404509,-2.31434178,-0.364624023,0.9425566,-0.2914734,1.472465,-0.0183359683,-0.259122849,0.6348195,0.2696919,-5.301738,-3.677246,0.980435133,-1.02243042,-1.85986245,-0.145514265,0.150511548,-0.877260566,1.93774867,2.69526625,3.433499
171,3.419998788265306,1070,0,1,0.476414651,0,-3.97152758,0.7679078,0,-6.386223,0.7679078,0,-6.386223,1,0,0,1,0.4610565,0,-3.84380317,0,0,0,0.468971819,-0.00122587383,-3.84774828,4.051111,0.684448063,0.0321233422,-0.0122485254,-0.152259856,-0.009386494,0.43909663,0.005916521,-3.66180372,2.67604637,0.534029067,0.08577167,0.8568594,-0.200829551,0.03186184,0.490098149,0.0298380256,-4.040408,-9.941132,0.677483,-0.0401000977,-0.9543175,-0.213424951,0.0506964773,0.342599869,0.0377402753,-2.97231078,3.27082777,0.6658816,0.169774383,2.66602039,-0.164905936,0.0135212541,0.5579566,0.117534071,-4.679684,-6.20529175,0.701400459,-0.0295715332,-1.39123333,-0.203516841,0.0418922,0.293655157,-0.019877553,-2.4876678,0.03774429,0.8001952,-0.805786133,0.3306334,-0.1006608,-0.263954461,0.607691467,0.2750293,-5.04383,-5.21347046,0.726282,-0.850280762,-1.64355683,-0.200097591,0.175901771,-0.876377165,1.93774843,2.68790054,3.427494
172,3.4399987811791384,1078,0,1,0.476414651,0,-3.97152758,0.764507353,0,-6.34271145,0.764507353,0,-6.34271145,1,0,0,1,0.4611245,1.49011612E-08,-3.8446734,0,0,0,0.47135368,-0.00117225945,-3.84785724,4.044148,0.477746338,0.02502967,-0.0130420681,-0.191256821,-0.01543352,0.448802,0.00407458842,-3.753822,3.093851,0.282825172,0.126183257,0.365604,-0.228498474,0.058537975,0.4803036,0.0133463442,-3.92974734,-10.5808716,0.408196,-0.00152587891,-0.359084219,-0.2382138,0.06579157,0.370155424,0.06047377,-3.18355441,6.245912,0.431170464,0.209679931,2.22045183,-0.191065282,-0.004619956,0.5318529,0.09168767,-4.418856,-8.276428,0.44394812,0.0110032354,-1.05318487,-0.224828809,0.0446332246,0.3323532,0.039601624,-2.70530367,1.41536725,0.7923929,-0.383972168,0.862858355,-0.0165773481,0.323802829,0.5824347,0.26559484,-4.773373,-7.01257324,0.4779884,-0.681365967,-1.776651,-0.205637336,0.165801257,-0.8765437,1.93774867,2.68928957,3.428626
173,3.4599987740929703,1087,0,1,0.476414651,0,-3.97152758,0.760946,0,-6.30530357,0.760946,0,-6.30530357,1,0,0,1,0.461195737,0,-3.84542155,0,0,0,0.4723186,-0.0011344552,-3.848166,4.03723145,0.254305452,0.0215264689,-0.0132668857,-0.20800516,-0.018158827,0.462993473,-0.00118939579,-3.85686851,2.95686269,0.0391945168,0.1515467,-0.170887709,-0.229075491,0.0641420856,0.467152447,-0.00874038,-3.81208014,-10.5582581,0.136538357,0.03582059,0.264335155,-0.236498,0.0756812543,0.405978,0.06484468,-3.42131042,9.147591,0.239380017,0.198843732,1.92317927,-0.174254522,-0.0237753689,0.5033275,0.0524644777,-4.141317,-10.1766052,0.179269463,0.0534284748,-0.724214,-0.228131652,0.0380441546,0.3668824,0.066628024,-2.96976471,2.27676368,0.711739063,-0.3703308,0.688653648,-0.0193795878,0.0691349655,0.5535702,0.230462849,-4.459923,-8.762604,0.222811669,-0.5277405,-1.71543539,-0.209357,0.143410936,-0.8764868,1.93774843,2.688815,3.42823935
174,3.4799987670068027,1093,0,1,0.476414651,0,-3.97152758,0.766294,0,-6.34236574,0.766294,0,-6.34236574,1,0,0,1,0.461088777,-5.94556332E-06,-3.84468031,0,0,0,0.472654343,-0.001140058,-3.847635,4.03232241,0.0307205934,0.02015139,-0.01123451,-0.210328609,-0.0200259238,0.4709531,-0.00346162915,-3.89166617,2.62694669,-0.187194824,0.156542316,-0.3656546,-0.2193824,0.05769381,0.455137044,-0.0282029063,-3.711982,-9.962982,-0.1234436,0.06844245,0.787342548,-0.22631523,0.08164176,0.440068334,0.0277796537,-3.68483019,9.821815,0.0118772155,0.174535826,0.5294635,-0.213666752,-0.01892747,0.473285854,0.00484494865,-3.85955167,-11.5245056,-0.0765686,0.0877605,-0.130611345,-0.220842972,0.025557179,0.430133075,0.0294976383,-3.48744154,2.759638,0.357578278,-0.22543335,0.372044623,-0.2244463,0.1238908,0.5175788,0.1508635,-4.091542,-10.1151123,-0.0268554688,-0.397888184,-1.33347952,-0.204445854,0.111814067,-0.8772421,1.93774843,2.69511175,3.433373
175,3.4999987599206346,1101,0,1,0.476414651,0,-3.97152758,0.777912438,0,-6.43480062,0.777912438,0,-6.43480062,1,0,0,1,0.4608564,-1.54972076E-05,-3.84283161,0,0,0,0.473379284,-0.00116150081,-3.84593964,4.033388,-0.194580078,0.0174795073,-0.00742850639,-0.2136319,-0.02343827,0.480020016,-0.00614456832,-3.95009017,2.02869773,-0.4119568,0.1557857,-0.685210168,-0.218623191,0.0617583171,0.445357561,-0.0418685526,-3.6271677,-8.891205,-0.377166748,0.09354784,1.22410154,-0.220592067,0.08466664,0.480371565,-0.009304687,-4.00843763,9.601886,-0.230682373,0.1507655,-0.208019346,-0.2076887,-0.0151986033,0.442478478,-0.0457053632,-3.58121037,-12.22998,-0.32800293,0.112770185,0.530665934,-0.217475131,0.0164401233,0.496191144,-0.0128310472,-4.01349068,2.70032287,0.06777151,-0.174194336,-0.0352915674,-0.217232883,0.07834046,0.47690177,0.0417638719,-3.7034328,-10.8834229,-0.2720642,-0.292511,-0.7782359,-0.202866688,0.08444939,-0.8766763,1.93774843,2.69039536,3.42952728
176,3.5199987528344669,1110,0,1,0.476414651,0,-3.97152758,0.785465837,0,-6.493666,0.785465837,0,-6.493666,1,0,0,1,0.46070534,1.49011612E-08,-3.8416543,0,0,0,0.472765446,-0.00116539,-3.84505939,4.0381465,-0.406494141,0.01754879,-0.004895774,-0.201937154,-0.0235120375,0.490346581,-0.00769169629,-4.02876663,1.02040529,-0.613647461,0.15171738,-1.09037924,-0.1957279,0.06472406,0.4355652,-0.0480550826,-3.55874348,-7.44689941,-0.600616455,0.101693742,1.56693721,-0.194633126,0.08412218,0.522061646,-0.03924924,-4.33426,8.593075,-0.453948975,0.129471824,-0.8807894,-0.190102249,-0.0141242743,0.4125932,-0.08878805,-3.3222034,-12.2157288,-0.5550232,0.116813406,1.19493234,-0.197458416,0.00226515532,0.5546011,-0.0457718819,-4.488991,2.283623,-0.207244873,-0.132843018,-0.32585305,-0.21471113,0.07960491,0.434544146,-0.0764723942,-3.32268,-10.9133,-0.501617432,-0.21875,-0.110685132,-0.190961614,0.05468874,-0.876419544,1.93774867,2.68825483,3.42778277
177,3.5399987457482993,1117,0,1,0.476414651,0,-3.97152758,0.7901463,0,-6.53338671,0.7901463,0,-6.53338671,1,0,0,1,0.460611731,0,-3.84086,0,0,0,0.471062779,-0.00115954876,-3.84468937,4.044401,-0.5860596,0.0208280757,-0.00397183839,-0.171883166,-0.0209067855,0.4992378,-0.00525701046,-4.102303,-0.396698,-0.77041626,0.1491167,-1.45378923,-0.15183349,0.062484473,0.42737782,-0.04622154,-3.51077318,-5.746704,-0.769165039,0.0899655,1.79317522,-0.148697212,0.0767612457,0.559371352,-0.0519249141,-4.62227964,6.91754,-0.639831543,0.118458517,-1.45210779,-0.15718019,-0.0130143464,0.385101646,-0.116504923,-3.09777212,-11.4476318,-0.7320862,0.094094865,1.81384134,-0.156422555,-0.0111168921,0.6049851,-0.06168899,-4.89422,1.69822752,-0.460113525,-0.0818481445,-0.4619799,-0.206974134,0.0904237,0.391320378,-0.185598671,-2.97114158,-10.122406,-0.691803,-0.18371582,0.6048542,-0.160192743,0.0257870853,-0.877275944,1.93774843,2.695394,3.43360329
178,3.5599987386621312,1125,0,1,0.476414651,0,-3.97152758,0.792374,0,-6.560459,0.792374,0,-6.560459,1,0,0,1,0.460567176,-5.96046448E-06,-3.84031844,0,0,0,0.4685726,-0.001178652,-3.84475112,4.050106,-0.717132568,0.0269509088,-0.004348086,-0.1264261,-0.01623849,0.5043046,0.00215488672,-4.156008,-2.128479,-0.8641968,0.1512121,-1.70359886,-0.0929615647,0.0568535626,0.421870619,-0.0379049629,-3.485559,-3.91571045,-0.8652954,0.0578118041,1.89402366,-0.08877377,0.06337708,0.587624252,-0.04299894,-4.84430361,4.73845339,-0.7756653,0.1274764,-1.888712,-0.100439787,-0.0126739144,0.361044675,-0.127507329,-2.9217906,-9.928955,-0.8456421,0.0478779152,2.34824371,-0.0927967653,-0.01775539,0.647159,-0.0577327162,-5.2049613,1.07083392,-0.6045532,-0.158721924,-0.431880444,-0.16572693,0.09679979,0.3507676,-0.2811136,-2.67619514,-8.796997,-0.8373108,-0.547973633,1.37723637,-0.100093663,-0.0258311331,-0.877451,1.93774867,2.69685316,3.43479371
179,3.5799987315759636,1131,0,1,0.476414651,0,-3.97152758,0.7920298,0,-6.567838,0.7920298,0,-6.567838,1,0,0,1,0.460574061,1.49011612E-08,-3.84017086,0,0,0,0.465417475,-0.00117884576,-3.84512186,4.05461359,-0.788299561,0.03553134,-0.00539323734,-0.06958985,-0.009788301,0.507183552,0.0132145286,-4.18453741,-4.0513,-0.888031,0.148875788,-1.81790209,-0.0254438072,0.03545338,0.4205933,-0.0251039565,-3.48801661,-2.11087036,-0.87789917,0.0137054827,1.847787,-0.0182179362,0.0426137745,0.607050538,-0.0138533413,-4.98182058,2.23480153,-0.8417053,0.129656211,-2.15725613,-0.06039451,-0.016291976,0.348133326,-0.1050303,-2.80363679,-7.753357,-0.85446167,-0.0178833,2.75399423,-0.03149809,-0.02719903,0.667373538,-0.0235587358,-5.389565,0.21106033,-0.874023438,-0.456298828,-0.469858438,-0.1514146,-0.257793427,0.312393725,-0.286401033,-2.4333117,-6.727478,-0.858947754,-0.105712891,1.86362052,-0.0147476308,0.356049716,-0.8780558,1.93774843,2.70189524,3.438908
180,3.599998724489796,1136,0,1,0.476414651,0,-3.97152758,0.788686,0,-6.55240059,0.788686,0,-6.55240059,1,0,0,1,0.460640937,-5.96046448E-06,-3.84047961,0,0,0,0.461910367,-0.00121058524,-3.84595466,4.05678034,-0.792999268,0.0459667519,-0.0069344365,-0.006340675,-0.00220151781,0.503824949,0.0248975754,-4.18039036,-5.98703,-0.8390503,0.142019972,-1.75923944,0.0419768766,0.0152074993,0.422084957,-0.0120521039,-3.51214576,-0.435333252,-0.807037354,-0.0371398926,1.68971515,0.0525160432,0.0208584368,0.6126079,0.0430828929,-5.010594,-0.34588623,-0.831359863,0.133000433,-2.22347975,0.0369402543,-0.02902764,0.340084344,-0.07573716,-2.75646162,-5.025299,-0.8015747,-0.08999634,2.99020171,0.0540246665,-0.024138689,0.675431967,0.137483224,-5.453471,-1.03009033,-0.850616455,-0.7836609,-1.49682653,0.009378538,0.01610598,0.2854949,-0.2913949,-2.2868154,-3.96304321,-0.770813,-0.058807373,2.4539783,0.07552452,0.0523076653,-0.877301037,1.93774867,2.695603,3.43377376
181,3.6199987174036279,1143,0,1,0.476414651,0,-3.97152758,0.7827538,0,-6.52086973,0.7827538,0,-6.52086973,1,0,0,1,0.46075958,1.49011612E-08,-3.84111023,0,0,0,0.458471864,-0.0012396276,-3.84729624,4.05595732,-0.731536865,0.05705912,-0.008832158,0.0569047481,0.005581501,0.495848268,0.0322422236,-4.143928,-7.7456665,-0.7171631,0.128592521,-1.53294778,0.10586597,-0.007225573,0.426849723,-0.00177566707,-3.55935526,0.999533534,-0.66293335,-0.0874023438,1.41762757,0.115672722,-0.0008417368,0.6056591,0.08955732,-4.95044565,-2.83389282,-0.70111084,0.12871708,-2.142097,0.107249156,-0.0448223948,0.3399688,-0.04394485,-2.78876734,-1.9387207,-0.685791,-0.1456604,3.02219486,0.100781888,-0.007751584,0.668611,0.237645641,-5.39867449,-2.4475708,-0.690887451,-0.876098633,-1.84805,0.107519679,0.0279019773,0.268431067,-0.3226533,-2.2486,-0.8504944,-0.7502136,-0.117614746,2.740474,0.0609931536,0.0442559719,-0.876930058,1.93774843,2.69251013,3.43125129
182,3.6399987103174603,1150,0,1,0.476414651,0,-3.97152758,0.7713127,0,-6.43978357,0.7713127,0,-6.43978357,1,0,0,1,0.4609884,-5.96046448E-06,-3.842732,0,0,0,0.455293268,-0.00128275156,-3.84917879,4.05245447,-0.609985352,0.06802514,-0.0109505951,0.115026504,0.0131597565,0.487757951,0.03268315,-4.08688354,-9.214966,-0.5392456,0.09719619,-1.19984162,0.15707691,-0.042784512,0.430868715,0.00493735075,-3.61404061,2.146238,-0.4653015,-0.125366211,1.11270285,0.166862115,-0.0130632222,0.5896445,0.114185318,-4.80731,-5.04449463,-0.5553589,0.0908355862,-1.85043716,0.1360151,-0.0547336936,0.339372516,0.0215662122,-2.87013078,1.31279039,-0.508453369,-0.161407471,2.871313,0.1531716,0.0218957067,0.6362345,0.27953887,-5.21356249,-4.01779175,-0.584442139,-0.760162354,-1.823879,0.115693651,0.07684785,0.270179152,-0.0450043678,-2.37161422,-0.068359375,-0.711547852,-0.6300354,0.650514662,0.0283242874,-0.223311454,-0.8767527,1.93774843,2.69103146,3.43004584
183,3.6599987032312922,1157,0,1,0.476414651,0,-3.97152758,0.7602039,0,-6.3636446,0.7602039,0,-6.3636446,1,0,0,1,0.461210579,-5.94556332E-06,-3.84425473,0,0,0,0.4525618,-0.00131234527,-3.85129356,4.045183,-0.4371643,0.07829516,-0.0129987579,0.164560422,0.0199995153,0.4760659,0.0246040374,-4.0090456,-10.2595825,-0.3173828,0.04951082,-0.758453,0.195370078,-0.06942493,0.43674916,0.00602242351,-3.694235,2.88921142,-0.22958374,-0.133605957,0.6852721,0.208069712,-0.0170351714,0.5594862,0.111452207,-4.58413124,-6.89926147,-0.3531494,0.04059175,-1.10518694,0.1794723,-0.05435291,0.353633523,0.0473346859,-3.04293728,4.46205854,-0.322692871,-0.135742188,2.51008773,0.160667121,0.0370816,0.5947419,0.270503372,-4.93518734,-5.62912,-0.399505615,-0.67755127,-1.65510547,0.173331141,0.0501197875,0.296060055,0.01886727,-2.56381726,0.6255235,-0.655273438,-0.707550049,0.653597832,0.0274016112,0.163112879,-0.877363861,1.93774843,2.696126,3.43420029
184,3.6799986961451245,1164,0,1,0.476414651,0,-3.97152758,0.7545653,0,-6.329503,0.7545653,0,-6.329503,1,0,0,1,0.461323351,-5.96046448E-06,-3.84493756,0,0,0,0.4507963,-0.001358822,-3.8523705,4.03783131,-0.230865479,0.085888654,-0.0129194027,0.196816117,0.0244157556,0.4593609,0.00382405519,-3.88626,-10.635498,-0.0715332,-0.00323486328,-0.09895749,0.213967711,-0.0852646455,0.447798,0.00272254646,-3.79055834,3.12343979,0.023010971,-0.1217041,0.178367451,0.227365166,-0.03257523,0.522369146,0.07606479,-4.312917,-9.033722,-0.11932373,-0.018737793,-1.002645,0.202161983,-0.0553497076,0.389358819,0.0635087639,-3.2685492,7.328013,-0.13684082,-0.125946045,2.04024315,0.181990519,0.0194433331,0.554483533,0.25894773,-4.667474,-7.53356934,-0.17578125,-0.625244141,-1.8548485,0.203303784,0.02782178,0.326709062,0.05410731,-2.80786586,1.73162818,-0.5102234,-0.4015503,0.747702,0.10840562,0.302263439,-0.8783615,1.93774867,2.7044425,3.440988
185,3.6999986890589569,1172,0,1,0.476414651,0,-3.97152758,0.75381577,0,-6.33045673,0.75381577,0,-6.33045673,1,0,0,1,0.461338341,0,-3.84491849,0,0,0,0.450133622,-0.00139437616,-3.85270286,4.03231144,-0.0139160156,0.0897534639,-0.011325716,0.208021849,0.02630372,0.445884675,-0.0173879713,-3.77642632,-10.379425,0.172309816,-0.0519714355,0.481108755,0.2108568,-0.09409331,0.459423035,-0.00202387571,-3.87575841,2.893021,0.269495547,-0.112335205,-0.267143965,0.224349618,-0.0529695153,0.4848248,0.0353382826,-4.037163,-10.7267151,0.119565547,-0.0727844238,-0.5133585,0.203907087,-0.04445815,0.42332837,0.0540381372,-3.52107739,9.4964,0.08709495,-0.114898682,1.32028329,0.193252236,0.0167967975,0.505461156,0.206462383,-4.330857,-9.175049,0.0572855249,-0.588470459,-1.61571586,0.210342526,0.0244845152,0.364417136,0.05834098,-3.15273714,2.48837018,-0.368255615,-0.28805542,0.6152306,0.09686027,0.129293442,-0.8767611,1.93774843,2.69110155,3.430103
186,3.7199986819727888,1180,0,1,0.476414651,0,-3.97152758,0.7586229,0,-6.379082,0.7586229,0,-6.379082,1,0,0,1,0.4612422,1.49011612E-08,-3.843946,0,0,0,0.449580967,-0.00143386424,-3.85234475,4.030252,0.2025931,0.09226589,-0.008753641,0.209424987,0.0281746648,0.43460542,-0.03453529,-3.68286848,-9.591248,0.405353934,-0.09240723,0.9690334,0.202308059,-0.0973842,0.463765085,-0.00437794626,-3.91724277,2.463007,0.502012968,-0.106140137,-0.491870731,0.214489564,-0.06201893,0.4475591,-0.0144666135,-3.75692654,-11.8438721,0.3506467,-0.114715576,0.112700343,0.197507426,-0.03190644,0.458202571,0.0136606693,-3.80658269,9.830327,0.314779431,-0.09390259,0.257341146,0.216661662,0.0153081566,0.4532243,0.1133192,-3.9543097,-10.3526917,0.283990443,-0.5549927,-1.16065133,0.205976158,0.029961884,0.4272009,0.0134240687,-3.68925357,2.77259684,-0.0284423828,-0.19430542,0.20975399,0.216088653,0.107180819,-0.8769383,1.93774867,2.69257879,3.43130755
187,3.7399986748866212,1188,0,1,0.476414651,0,-3.97152758,0.767974854,0,-6.462171,0.767974854,0,-6.462171,1,0,0,1,0.46105516,1.49011612E-08,-3.8422842,0,0,0,0.4490322,-0.00146940351,-3.8512094,4.0331645,0.414814353,0.0945492,-0.005468045,0.206793353,0.0300855655,0.4252252,-0.045306623,-3.60401177,-8.36441,0.6246399,-0.120239258,1.37147784,0.191960737,-0.09758938,0.470858365,-0.006814033,-3.98437238,1.70925891,0.7230724,-0.102386475,-0.846431255,0.20351097,-0.0686309338,0.412508368,-0.06310955,-3.48504686,-12.2874146,0.5702427,-0.140838623,0.7810712,0.188638672,-0.0208036155,0.496530771,-0.0217173249,-4.13493443,9.309937,0.555183,-0.0766906738,-0.4640522,0.205330059,0.01159364,0.402285248,-0.00114608556,-3.56797051,-10.8780823,0.500419,-0.51763916,-0.5537507,0.1984043,0.0369335264,0.489045024,-0.026262939,-4.20100927,2.567913,0.2572034,-0.151702881,-0.15706338,0.213071778,0.07463376,-0.876472,1.93774867,2.688692,3.42813921
188,3.7599986678004536,1196,0,1,0.476414651,0,-3.97152758,0.7739562,0,-6.5120244,0.7739562,0,-6.5120244,1,0,0,1,0.460935533,0,-3.84128714,0,0,0,0.449823022,-0.00150080025,-3.850344,4.03905344,0.606676161,0.09385048,-0.003527502,0.188381031,0.0290037729,0.419318527,-0.04823701,-3.54257345,-6.80719,0.8083423,-0.128753662,1.671626,0.162856787,-0.0932681859,0.480172276,-0.00705575943,-4.062219,0.5398636,0.90996784,-0.10333252,-1.24080944,0.170675784,-0.07243529,0.381856918,-0.100966781,-3.23786926,-11.9937134,0.7599735,-0.143310547,1.43332648,0.163983867,-0.007533908,0.532505333,-0.04635705,-4.45024,8.039925,0.76417774,-0.06967163,-1.10464513,0.179083571,0.009298369,0.356076777,-0.117804773,-3.19658613,-10.6234436,0.695820153,-0.467590332,0.141416982,0.179810032,0.0470121652,0.5425424,-0.0539452881,-4.65466928,2.06451178,0.5218386,-0.110626221,-0.3984696,0.206209227,0.07827503,-0.876999,1.93774843,2.69308472,3.43172
189,3.7799986607142855,1205,0,1,0.476414651,0,-3.97152758,0.778951049,0,-6.54822826,0.778951049,0,-6.54822826,1,0,0,1,0.460835636,1.49011612E-08,-3.840563,0,0,0,0.4516401,-0.00148418546,-3.849412,4.045906,0.7605344,0.09001479,-0.00292172283,0.153065741,0.0255358033,0.4163799,-0.0434649438,-3.50256062,-5.042267,0.935878158,-0.116119385,1.84927022,0.116569743,-0.08217496,0.488493681,-0.002728194,-4.12893,-1.00854492,1.04271984,-0.109710693,-1.56670952,0.119310923,-0.06820834,0.3574426,-0.121363521,-3.03058457,-10.94812,0.8998622,-0.119934082,2.02195787,0.121760592,0.00313180685,0.561733246,-0.05110596,-4.71727657,6.155592,0.9284287,-0.07510376,-1.6317116,0.138184085,0.00879389048,0.318567783,-0.21973291,-2.861368,-9.525879,0.856036365,-0.4041443,0.865508437,0.14565587,0.0540717244,0.58585906,-0.06232685,-5.02824,1.46465218,0.761494339,-0.0615234375,-0.4692525,0.193603054,0.092027694,-0.8768549,1.93774867,2.69188356,3.43074059
190,3.7999986536281178,1212,0,1,0.476414651,0,-3.97152758,0.78127414,0,-6.56148434,0.78127414,0,-6.56148434,1,0,0,1,0.460789174,0,-3.840298,0,0,0,0.454329461,-0.0014616251,-3.848676,4.0517664,0.8618986,0.08327251,-0.00363825588,0.103600383,0.0199603662,0.417265832,-0.033109054,-3.4857707,-3.20162964,0.9927327,-0.08984375,1.89966345,0.0563161857,-0.07061499,0.494448781,0.006232962,-4.1729393,-2.83078,1.10700989,-0.1210022,-1.76660764,0.0555977225,-0.0539423823,0.341721833,-0.12325035,-2.8740592,-9.174744,0.9662273,-0.0770568848,2.518405,0.05382343,0.009629607,0.5800967,-0.0346408933,-4.90893,3.835663,1.03604686,-0.08779907,-2.00654745,0.0941577554,0.0154525638,0.287067652,-0.306863576,-2.59164929,-8.215515,0.904788136,-0.0175476074,1.39254189,0.008433595,-0.02679345,0.618679047,-0.0522116721,-5.298671,0.470903277,0.987267,-0.478210449,-0.390487,0.19381161,0.09342709,-0.876946032,1.93774867,2.69264317,3.43136
191,3.8199986465419498,1220,0,1,0.476414651,0,-3.97152758,0.783624053,0,-6.57049656,0.783624053,0,-6.57049656,1,0,0,1,0.460742176,0,-3.84011769,0,0,0,0.457445949,-0.0014064759,-3.84753275,4.0568924,0.902241945,0.07446477,-0.00461517,0.04575684,0.0131536108,0.4190681,-0.0196628571,-3.49704647,-1.43682861,0.972708941,-0.0489807129,1.802434,-0.009242743,-0.0461004972,0.4982076,0.01835744,-4.1896224,-4.785431,1.098596,-0.130523682,-1.82526445,-0.0123131461,-0.0343595743,0.328579128,-0.0932374,-2.78185129,-6.776123,0.9491764,-0.0154418945,2.862102,-0.008189119,0.0161883831,0.589003265,0.008950636,-5.0080533,1.28141141,1.06830978,-0.103271484,-2.19967222,0.0152323246,0.0240035057,0.268999964,-0.2725299,-2.37294436,-5.794403,0.8809359,0.06919662,2.19789243,-0.0374512076,-0.006160766,0.6321481,0.056420356,-5.43038,-0.3942566,1.04362881,-0.720214844,-1.1516453,0.05338061,0.0410042852,-0.8768016,1.93774843,2.69143915,3.4303782
192,3.8399986394557821,1229,0,1,0.476414651,0,-3.97152758,0.7801178,0,-6.52332544,0.7801178,0,-6.52332544,1,0,0,1,0.4608123,-5.94556332E-06,-3.841061,0,0,0,0.46100992,-0.0013474673,-3.84746528,4.058263,0.876992643,0.06403128,-0.007134558,-0.016722206,0.00541561,0.422992051,-0.00774289668,-3.52901435,0.159446627,0.877154946,0.000630134367,1.60405624,-0.0750317,-0.0201894045,0.497805834,0.0286375135,-4.16982365,-6.66836548,1.01588106,-0.129730225,-1.69068813,-0.0804657,-0.006754607,0.325665563,-0.06290233,-2.762906,-3.88925171,0.86604017,0.0498177037,3.02613616,-0.07257654,0.0133184195,0.585404158,0.06203845,-5.00264454,-1.28839111,1.00579441,-0.102386475,-2.21585441,-0.05571306,0.0385024846,0.265687585,-0.297338724,-2.26443052,-2.90899658,0.8102614,0.105094142,2.55315948,-0.084590584,-0.057605,0.6384215,0.174959287,-5.45902967,-1.85714722,1.00732291,-0.9694214,-1.63697171,-0.0108357854,0.0499919057,-0.8765289,1.93774867,2.68916655,3.428526
193,3.8599986323696145,1236,0,1,0.476414651,0,-3.97152758,0.7777679,0,-6.49030447,0.7777679,0,-6.49030447,1,0,0,1,0.4608593,-5.96046448E-06,-3.84172153,0,0,0,0.464477152,-0.00129136443,-3.84714723,4.056906,0.7885886,0.05308922,-0.009124257,-0.07717773,-0.002364627,0.429560035,0.0009964705,-3.57829976,1.49674213,0.7181681,0.0451796576,1.31697249,-0.133285582,0.00139901042,0.493649,0.0336649269,-4.12446,-8.332703,0.867645144,-0.103607178,-1.4268527,-0.14062424,0.02910608,0.33114478,-0.021606788,-2.815443,-0.725982666,0.7556016,0.10594181,2.97780442,-0.09786311,0.008348227,0.5756737,0.100322351,-4.912279,-3.698822,0.889447,-0.0826416,-2.07521439,-0.116379395,0.04346901,0.2639374,-0.222725123,-2.284748,-0.6145935,0.8092682,-0.0115661621,2.05012918,-0.03771154,-0.198050827,0.6343344,0.254543126,-5.349469,-3.20062256,0.9334256,-0.875640869,-1.83461952,-0.103940465,0.115893245,-0.877607763,1.93774867,2.69816017,3.43586
194,3.8799986252834464,1244,0,1,0.476414651,0,-3.97152758,0.770292,0,-6.411412,0.770292,0,-6.411412,1,0,0,1,0.461008817,1.49011612E-08,-3.84329939,0,0,0,0.467649162,-0.00123673677,-3.84751,4.052895,0.645139039,0.0426765867,-0.0113739716,-0.130571008,-0.009516787,0.436001956,0.005710706,-3.642366,2.49469066,0.513226569,0.0865658149,0.9621848,-0.1800408,0.0303225219,0.4907002,0.03183967,-4.05994654,-9.67041,0.660254955,-0.0690002441,-1.06371319,-0.1889717,0.0471166074,0.3340661,0.03357394,-2.93005919,2.50059962,0.626163661,0.172688439,2.754342,-0.129473209,0.0245113373,0.560487747,0.117428891,-4.73703575,-5.763397,0.679347336,-0.0589294434,-1.584676,-0.17955403,0.04727751,0.274298,-0.0216696262,-2.43907619,-0.028717041,0.738294959,-0.6183777,0.4873636,-0.0508484,-0.3041121,0.6089804,0.2761152,-5.11830139,-4.76178,0.7016616,-0.7295532,-1.69251347,-0.178628266,0.157091916,-0.8772313,1.93774843,2.695022,3.43329978
195,3.8999986181972788,1253,0,1,0.476414651,0,-3.97152758,0.7646474,0,-6.34711027,0.7646474,0,-6.34711027,1,0,0,1,0.4611217,-5.94556332E-06,-3.84458542,0,0,0,0.470316082,-0.00117981434,-3.84797454,4.045976,0.457494944,0.0333493128,-0.0131173525,-0.1735913,-0.0156546049,0.444503248,0.00497068465,-3.72960424,3.04405427,0.278171,0.135599434,0.4958759,-0.212233111,0.06088373,0.482237041,0.0186885148,-3.96160674,-10.480835,0.411433071,-0.0270690918,-0.52825433,-0.220628485,0.06573803,0.355175734,0.05722651,-3.12707114,5.54617,0.416557163,0.23819688,2.33804846,-0.181870013,0.0161901712,0.535435,0.101111859,-4.489483,-7.75598145,0.444045275,-0.0145874023,-1.07917333,-0.205839679,0.04861702,0.311005622,0.0341577232,-2.64491749,1.25814354,0.6998355,-0.309112549,0.8044011,-0.0369025,0.238194436,0.583420455,0.269541144,-4.84322739,-6.487274,0.476192,-0.579772949,-1.73005188,-0.188028976,0.148667678,-0.8764547,1.93774843,2.68854761,3.42802119
196,3.9199986111111111,1261,0,1,0.476414651,0,-3.97152758,0.761393,0,-6.307342,0.761393,0,-6.307342,1,0,0,1,0.4611868,-1.54823065E-05,-3.84538078,0,0,0,0.471710384,-0.0011587888,-3.84827161,4.03853369,0.245859355,0.0272635464,-0.0134972809,-0.19717297,-0.0189867057,0.4575312,0.000387012959,-3.82852364,3.06170678,0.0415162556,0.175532848,-0.0224695429,-0.22155112,0.0710343048,0.469152927,-0.00332693756,-3.84026051,-10.6184692,0.149950534,0.016350301,0.116579846,-0.22778739,0.07783658,0.390095681,0.0641819239,-3.35924745,8.419549,0.2260648,0.249313623,1.95667744,-0.171645343,-0.00486880541,0.50707835,0.062998876,-4.21299028,-9.778168,0.192084879,0.03470142,-0.858343244,-0.217147574,0.0457030237,0.34674266,0.063656196,-2.90642571,2.09167385,0.615494668,-0.296875,0.6562772,-0.0394484848,0.04345326,0.5567686,0.245422855,-4.548847,-8.32119751,0.235202447,-0.4390869,-1.791625,-0.199514866,0.133819878,-0.8770225,1.93774843,2.69328165,3.43188047
197,3.9399986040249431,1268,0,1,0.476414651,0,-3.97152758,0.7655743,0,-6.33639336,0.7655743,0,-6.33639336,1,0,0,1,0.461103171,1.49011612E-08,-3.84479976,0,0,0,0.472209454,-0.001137197,-3.847708,4.033284,0.029268045,0.02404026,-0.0116889691,-0.20362,-0.02079754,0.467163056,-0.00300239027,-3.88435936,2.76650524,-0.179718018,0.196666926,-0.323297143,-0.214901522,0.06921493,0.4568048,-0.0235849768,-3.736261,-10.1607056,-0.10458374,0.0558933243,0.6608932,-0.220425934,0.08511716,0.426975,0.0378142446,-3.62110972,9.718712,0.02162742,0.242717847,0.68935436,-0.180774331,-0.009510085,0.4775616,0.0180097371,-3.932771,-11.2714233,-0.057800293,0.0775805563,-0.291937441,-0.214427441,0.0338819548,0.409659028,0.0441220254,-3.34943438,2.68206334,0.4447051,-0.302856445,0.461267084,-0.120016724,0.06263922,0.5225724,0.175954074,-4.18993235,-9.800354,-0.007843018,-0.3166809,-1.4572711,-0.200055778,0.106823444,-0.877654254,1.93774867,2.69854832,3.43617654
198,3.9599985969387754,1276,0,1,0.476414651,0,-3.97152758,0.7749471,0,-6.41020775,0.7749471,0,-6.41020775,1,0,0,1,0.4609157,1.49011612E-08,-3.84332347,0,0,0,0.4728281,-0.00115430355,-3.84643579,4.03279161,-0.188323975,0.0207597446,-0.008413997,-0.206334144,-0.0234444216,0.477366984,-0.00568726659,-3.93652678,2.23084021,-0.39276123,0.202901483,-0.609701633,-0.210492551,0.06315793,0.446468443,-0.0389528126,-3.6477108,-9.203644,-0.351593018,0.08811234,1.11920846,-0.214084372,0.08875179,0.4689955,-0.000465080142,-3.928247,9.719632,-0.19744873,0.218920559,-0.02289037,-0.2020336,-0.0139330924,0.447007924,-0.0329376161,-3.65221477,-12.1499023,-0.3026123,0.110326469,0.358560771,-0.210595548,0.0233134031,0.4762596,-0.002888292,-3.8833847,2.74843621,0.112303175,-0.19744873,0.06952393,-0.2203612,0.101017714,0.4831287,0.07215871,-3.80414,-10.743927,-0.247070313,-0.2164917,-0.9406299,-0.198411614,0.08025603,-0.8771503,1.93774843,2.69434643,3.43274879
199,3.9799985898526073,1285,0,1,0.476414651,0,-3.97152758,0.7835078,0,-6.47660732,0.7835078,0,-6.47660732,1,0,0,1,0.4607445,-5.96046448E-06,-3.84199548,0,0,0,0.4726475,-0.00116805732,-3.84535718,4.03660727,-0.397186279,0.0191032179,-0.005493999,-0.19925864,-0.02431581,0.487858534,-0.00769194961,-4.01056242,1.31756806,-0.5904541,0.2020387,-0.995976746,-0.1954718,0.06429899,0.436811328,-0.0471888036,-3.57477164,-7.84536743,-0.5763855,0.105391212,1.48783588,-0.194952637,0.08851212,0.5119378,-0.03290552,-4.2553277,8.904143,-0.4143982,0.197496071,-0.7162484,-0.185461447,-0.0144506991,0.416947067,-0.07893327,-3.386554,-12.32489,-0.529937744,0.124823749,1.02766728,-0.196422,0.0104605556,0.5401316,-0.0386229,-4.37318,2.40961552,-0.153594971,-0.145904541,-0.260139346,-0.205840781,0.08248575,0.441219777,-0.04577095,-3.41912651,-10.9807739,-0.47454834,-0.1439209,-0.294737458,-0.190181047,0.0533399135,-0.8764614,1.93774867,2.6886034,3.428067
200,3.9999985827664397,1292,0,1,0.476414651,0,-3.97152758,0.7888067,0,-6.521585,0.7888067,0,-6.521585,1,0,0,1,0.460638523,-5.94556332E-06,-3.841096,0,0,0,0.471269459,-0.00116682053,-3.84483862,4.0425415,-0.5793762,0.0207269918,-0.004201429,-0.1745984,-0.02224827,0.497652322,-0.00636214,-4.08578825,-0.006958008,-0.7505188,0.1986976,-1.3723,-0.158456281,0.0611331463,0.4282763,-0.0473765135,-3.52115583,-6.19921875,-0.7537842,0.102833278,1.74578464,-0.155241147,0.08250356,0.5520477,-0.05065173,-4.55442047,7.38689661,-0.6024475,0.180442527,-1.316688,-0.158623159,-0.0161298215,0.388949752,-0.11132364,-3.151641,-11.74939,-0.7150574,0.113174245,1.662951,-0.16198,-0.00354701281,0.594839931,-0.05951467,-4.798617,1.84784031,-0.404418945,-0.0958251953,-0.442957729,-0.201828569,0.08812162,0.3983552,-0.159227192,-3.05785275,-10.4096069,-0.669891357,-0.106750488,0.415956438,-0.1651367,0.0257754326,-0.8769791,1.93774867,2.69292021,3.43158579
201,4.0199985756802716,1300,0,1,0.476414651,0,-3.97152758,0.792219043,0,-6.555524,0.792219043,0,-6.555524,1,0,0,1,0.460570276,0,-3.84041715,0,0,0,0.469005466,-0.0011703968,-3.84469986,4.0485487,-0.717987061,0.0254431218,-0.00414460525,-0.1337445,-0.0180064756,0.5040727,-0.000113770366,-4.144786,-1.67169189,-0.85446167,0.1973408,-1.6529789,-0.105095431,0.05470836,0.422232419,-0.0404050946,-3.49032259,-4.390564,-0.864349365,0.08089754,1.876945,-0.0996062756,0.07007897,0.584055,-0.0471535325,-4.79496956,5.31905174,-0.7460327,0.178606287,-1.79172862,-0.109674305,-0.0178827941,0.364825666,-0.125227824,-2.96279,-10.425293,-0.8342285,0.07647923,2.217179,-0.107682332,-0.0135777593,0.6408168,-0.0603999346,-5.13523245,1.25047827,-0.5648804,-0.110687256,-0.4529064,-0.170025334,0.09612258,0.3562129,-0.254894257,-2.7424984,-8.965698,-0.8029175,-0.12008667,1.1504333,-0.117277622,0.001150012,-0.877814949,1.93774867,2.69988728,3.43726921
202,4.039998568594104,1309,0,1,0.476414651,0,-3.97152758,0.7917124,0,-6.561234,0.7917124,0,-6.561234,1,0,0,1,0.4605804,1.49011612E-08,-3.840303,0,0,0,0.466043562,-0.00117777288,-3.84518886,4.05310965,-0.7998352,0.03294676,-0.00521023571,-0.0799886361,-0.0118064713,0.5077198,0.0102314353,-4.179821,-3.56082153,-0.8916626,0.190934226,-1.80105972,-0.0399155132,0.03619024,0.419849515,-0.0286722928,-3.48455882,-2.56207275,-0.8934326,0.0432072245,1.87456262,-0.0319347754,0.05044031,0.605932951,-0.022975266,-4.95408964,2.88071084,-0.825286865,0.174159065,-2.10293913,-0.0667135,-0.0206472278,0.349326223,-0.115488261,-2.82834864,-8.408539,-0.870422363,0.0131470859,2.66567278,-0.0373829976,-0.0244857669,0.6694429,-0.04320863,-5.3566947,0.238780826,-0.8173523,-0.568634033,-0.295598179,-0.16817303,0.123165652,0.3186938,-0.317036718,-2.49374461,-7.26260376,-0.8315735,-0.0199279785,1.50213122,-0.05251715,0.141826391,-0.8766527,1.93774867,2.69019842,3.42936683
203,4.0599985615079364,1317,0,1,0.476414651,0,-3.97152758,0.790305734,0,-6.56495333,0.790305734,0,-6.56495333,1,0,0,1,0.460608542,0,-3.84022856,0,0,0,0.462676227,-0.00119969249,-3.84557152,4.056439,-0.8175659,0.04237063,-0.006192782,-0.01913929,-0.00457566045,0.50639385,0.0222591013,-4.18469954,-5.51416,-0.858428955,0.178626642,-1.79225612,0.0251457952,0.0143442154,0.421066,-0.0151529312,-3.50449657,-0.847503662,-0.840362549,-0.00473022461,1.73665738,0.0365566351,0.0283667743,0.615800738,0.0296756327,-5.01141167,0.305039942,-0.843994141,0.174500585,-2.21979952,0.0135869533,-0.0311719179,0.339305878,-0.08451684,-2.76230669,-5.805908,-0.8391113,-0.0541381836,2.950188,0.02537455,-0.0206421614,0.6797361,0.10671258,-5.44462872,-0.7934265,-0.8433838,-0.764984131,-1.32328033,-0.01562734,0.0625709146,0.2931168,-0.2873786,-2.31322813,-4.628601,-0.841583252,-0.0740356445,2.35352659,0.0007435158,-0.005773008,-0.8772007,1.93774843,2.694767,3.43309188
204,4.0799985544217687,1326,0,1,0.476414651,0,-3.97152758,0.7837254,0,-6.5245533,0.7837254,0,-6.5245533,1,0,0,1,0.460740149,0,-3.84103656,0,0,0,0.459299743,-0.00123113394,-3.847042,4.056257,-0.769989,0.0528625548,-0.008417093,0.04319329,0.003156911,0.4988788,0.0308741033,-4.154345,-7.32791138,-0.7531738,0.1604225,-1.59682918,0.0890390649,-0.005117923,0.4256772,-0.004048422,-3.54638839,0.651356757,-0.7133179,-0.0543823242,1.49226785,0.10032326,0.00397565961,0.611245632,0.07796119,-4.97246,-2.22454834,-0.742126465,0.16695556,-2.17866778,0.09415615,-0.04646641,0.3396664,-0.05275388,-2.77232981,-2.778778,-0.744506836,-0.117248535,3.04603577,0.08717987,-0.0133277774,0.6797959,0.207048357,-5.42827654,-2.47369385,-0.716949463,-1.20993042,-1.75550377,0.09660855,-0.0290461779,0.271672666,-0.310395956,-2.243298,-1.62832642,-0.7965088,0.037362203,2.625004,0.052111607,0.100297928,-0.8768301,1.93774867,2.691677,3.43057227
205,4.0999985473356011,1334,0,1,0.476414651,0,-3.97152758,0.7771301,0,-6.485226,0.7771301,0,-6.485226,1,0,0,1,0.460872054,1.49011612E-08,-3.841823,0,0,0,0.455836952,-0.00125493109,-3.848332,4.054029,-0.6593933,0.0640126,-0.009877551,0.104210205,0.0113704223,0.490126,0.0333618671,-4.102837,-8.880188,-0.5857849,0.131902471,-1.29346,0.145119369,-0.0353300869,0.429909527,0.003599137,-3.59647179,1.89450514,-0.5229187,-0.09640503,1.20475054,0.158561975,-0.013309896,0.5983925,0.110997424,-4.85069275,-4.520691,-0.586181641,0.128506884,-1.97216392,0.128461838,-0.06291801,0.343313873,0.00253418088,-2.84661317,0.436538845,-0.579589844,-0.1559143,2.89771914,0.138983741,0.004393995,0.6537117,0.2798818,-5.269561,-3.873169,-0.5975342,-1.05883789,-1.89909744,0.108572327,0.0937131345,0.276030362,-0.108172834,-2.33719468,-0.008422852,-0.7637634,-0.159332275,1.3219918,0.0230262876,-0.10109888,-0.8770034,1.93774843,2.69312143,3.43174982
206,4.1199985402494326,1342,0,1,0.476414651,0,-3.97152758,0.7620114,0,-6.376841,0.7620114,0,-6.376841,1,0,0,1,0.461174428,-5.96046448E-06,-3.8439908,0,0,0,0.453217328,-0.00131754577,-3.850854,4.047845,-0.4965515,0.07400516,-0.0126403086,0.154719651,0.0180807076,0.480765074,0.0278856754,-4.032994,-10.0587769,-0.375549316,0.08264615,-0.8921959,0.1843735,-0.06886637,0.4366865,0.00627452135,-3.67253017,2.74323,-0.294158936,-0.12109375,0.7996121,0.198153049,-0.0240207613,0.5723378,0.116399154,-4.647788,-6.40045166,-0.4060669,0.07157478,-1.29129732,0.163881451,-0.06194815,0.350696117,0.04310307,-2.99457335,3.605479,-0.3812256,-0.15057373,2.615744,0.176452667,0.035130918,0.6106144,0.273112833,-5.00451374,-5.40249634,-0.450439453,-0.9333801,-1.62583745,0.151705429,0.0897790343,0.2804384,-0.000940084457,-2.518702,0.129109338,-0.714386,-0.7989807,0.1050275,0.0777117759,-0.447599173,-0.8773953,1.93774867,2.69638777,3.434414
207,4.1399985331632649,1350,0,1,0.476414651,0,-3.97152758,0.756273,0,-6.34132862,0.756273,0,-6.34132862,1,0,0,1,0.4612892,1.49011612E-08,-3.844701,0,0,0,0.451095372,-0.00133396685,-3.85204029,4.04029846,-0.295196533,0.08238859,-0.0130399289,0.1917539,0.0234322753,0.4647977,0.009777814,-3.91823125,-10.6140442,-0.134918213,0.0231910255,-0.271130264,0.2092347,-0.08777578,0.445368,0.003815949,-3.76724124,3.10069919,-0.04257202,-0.118164063,0.300105065,0.224920541,-0.0300357174,0.5358988,0.08627217,-4.38325644,-8.496277,-0.180633545,0.006020543,-1.03180039,0.195622146,-0.06268698,0.377585053,0.0612151474,-3.21202135,6.53924656,-0.193664551,-0.117767334,2.1641767,0.1706659,0.03199941,0.5697185,0.261786044,-4.738507,-7.2298584,-0.23727417,-0.843688965,-1.79378176,0.198264122,0.05909151,0.313560516,0.0440044552,-2.7417748,1.48542237,-0.5984802,-0.4168396,0.8284734,0.09594453,0.381104767,-0.8769696,1.93774867,2.69284,3.43152046
208,4.1599985260770973,1358,0,0,0,0,0,-23.0687885,0,192.263916,-4.16956949,0,34.7507477,1,0,0,1,0.4613756,0,-3.84527683,0,0,0,0.450353831,-0.001386717,-3.85287571,4.033551,-0.07928467,0.0868083462,-0.0122460872,0.206429735,0.0256102942,0.450335473,-0.0122051835,-3.803029,-10.5125427,0.108611509,-0.0335693359,0.3408511,0.209894836,-0.0976370946,0.457672983,-0.00150367618,-3.86881852,2.912167,0.204948619,-0.103973389,-0.225744814,0.224152192,-0.0448560864,0.49779278,0.0464962274,-4.1074214,-10.3302,0.05687175,-0.05670166,-0.655018,0.202270254,-0.0531587452,0.410933644,0.06322271,-3.45215583,9.261036,0.0227575246,-0.10043335,1.85958934,0.186623782,0.02609858,0.5221211,0.221364871,-4.419654,-8.934082,-0.00482177734,-0.77835083,-1.67480111,0.212543517,0.0469127,0.345514745,0.06549537,-3.01979041,2.33158684,-0.482910156,-0.3302307,0.6826397,0.07640274,0.12743777,-0.8767885,1.93774843,2.69132948,3.43028879
209,4.17999851899093,1365,0,0,0,0,0,-18.1525078,0,151.235474,-4.1710453,0,34.750576,1,0,0,1,0.36305,1.49011612E-08,-3.02470827,0,0,0,0.351771742,-0.00152559578,-3.03431678,4.052978,0.137077391,0.08923505,0.00635526562,0.208821476,0.0273809265,0.34048894,-0.0301843584,-2.88846374,-9.87027,0.342550784,-0.08224487,0.837306,0.202122033,-0.101249143,0.363237053,-0.00362358987,-3.08390236,2.53831887,0.4390521,-0.09176636,-0.416885942,0.21502775,-0.0552425236,0.363087863,0.000507488847,-3.02026439,-11.6330261,0.288425773,-0.107543945,-0.07704237,0.196997553,-0.0398298465,0.349292636,0.0221513361,-2.91442871,9.793431,0.2503301,-0.07614136,0.423832983,0.223046973,0.019197762,0.3735521,0.141342655,-3.2476027,-10.2310791,0.222982168,-0.722686768,-1.283345,0.209506154,0.0474238247,0.311399,0.0230637342,-2.75062132,2.74665952,-0.103637695,-0.20690918,0.305728167,0.229249775,0.126668811,-0.8770133,1.93774843,2.6932025,3.431816
210,4.199998511904762,1373,0,0,0,0,0,-13.2340155,0,110.201996,-4.17312145,0,34.7503242,1,0,0,1,0.2646802,-5.94556332E-06,-2.204039,0,0,0,0.254240423,-0.00168611109,-2.215933,4.103047,0.337385148,0.0890677348,0.0284465,0.195130318,0.0270906426,0.237193257,-0.0367309153,-2.019895,-8.97168,0.5462002,-0.115570068,1.08180726,0.177021414,-0.09832101,0.2702676,-0.005112067,-2.30444026,2.016973,0.6455865,-0.08065796,-0.62527585,0.189648077,-0.0619177669,0.234203279,-0.04084088,-1.97277713,-12.3034973,0.496496052,-0.138397217,0.5713903,0.176506862,-0.0233716443,0.289924622,-0.01560542,-2.42043066,9.393295,0.4871584,-0.0537109375,-0.3546542,0.1978235,0.0157872736,0.228274852,0.03838645,-2.082863,-10.9190063,0.433339953,-0.6651001,-0.713243842,0.194462687,0.0549456142,0.280089051,-0.0210690647,-2.475386,2.60355663,0.189234748,-0.16015625,-0.107717648,0.214135885,0.0807631,-0.8768032,1.93774867,2.6914506,3.43038774
211,4.2199985048185935,1382,0,0,0,0,0,-8.31995,0,69.228775,-4.17626667,0,34.7499466,1,0,0,1,0.166398942,1.49011612E-08,-1.384575,0,0,0,0.1580789,-0.00178749859,-1.39834416,4.176099,0.5024142,0.08555402,0.0453443676,0.162321016,0.0237923786,0.138258174,-0.0357454121,-1.182265,-7.98764038,0.695436954,-0.128875732,1.15710318,0.130927473,-0.08626675,0.179390118,-0.00584197044,-1.53609753,1.23432148,0.797577441,-0.0730285645,-0.8705619,0.139108837,-0.0622139275,0.11390809,-0.0705980957,-0.986757159,-12.2669067,0.6574635,-0.143859863,1.1390903,0.136434779,-0.007126987,0.226137325,-0.04295595,-1.8958987,8.228292,0.6686443,-0.04156494,-1.00074911,0.152852371,0.0130073875,0.09306918,-0.06876291,-0.970764637,-10.8403015,0.6070625,-0.5958252,-0.0349033661,0.162132263,0.0650571957,0.237094924,-0.0518438667,-2.10673451,2.12286425,0.4378534,-0.11340332,-0.378083318,0.186873257,0.0809961259,-0.876492262,1.93774867,2.68885946,3.42827559
212,4.2399984977324259,1390,0,0,0,0,0,-3.41345477,0,28.3592453,-3.41345477,0,28.3592453,1,0,0,1,0.06826907,0,-0.5671847,0,0,0,0.06272287,-0.001797244,-0.582405448,4.26161528,0.6180253,0.07983989,0.0552093461,0.115867481,0.01877507,0.04186921,-0.0306155682,-0.368366539,-7.03292847,0.7779827,-0.123321533,1.11150539,0.07385866,-0.06672554,0.088002786,-0.00449517369,-0.7636649,0.178178683,0.882013142,-0.07043457,-1.0753696,0.07648243,-0.0543628633,0.00269189477,-0.0866355449,-0.06680995,-11.5752563,0.754763544,-0.126068115,1.55902731,0.0829055,0.00445663929,0.153831646,-0.0520917922,-1.30489922,6.517696,0.789603949,-0.0425109863,-1.46546853,0.098191984,0.0112074316,-0.0281840526,-0.158702448,0.0615128875,-10.0029907,0.723791957,-0.5112915,0.608130336,0.112337694,0.0712533146,0.179373384,-0.0620124936,-1.61614168,1.53031385,0.6352289,-0.0662231445,-0.468534023,0.1542215,0.08717983,-0.8764208,1.93774843,2.68826342,3.42778969
213,4.2599984906462582,1398,0,0,0,0,0,-0.00433093961,0,0.00240797177,-0.00433093961,0,0.00240797177,1,0,0,1,8.661876E-05,-5.96046448E-06,-4.81594179E-05,0,0,0,-0.004080217,-0.00166533887,-0.00139050465,4.103814,0.677044034,0.0696476,-0.102851011,0.06191253,0.01201909,-0.0284810811,-0.02985464,0.228577584,-5.81311035,0.787658334,-0.09429932,1.2279067,0.01065851,-0.0410075933,0.01869219,-0.0006119907,-0.1778926,-0.7190552,0.8865738,-0.06484985,-0.951500833,0.004502043,-0.0361244678,-0.08579689,-0.102836177,0.670964,-10.2836,0.7834103,-0.08987427,1.96561766,0.02280717,0.0123301446,0.08339584,-0.0410122722,-0.747507453,4.658235,0.852064669,-0.0453186035,-1.54612124,0.0439626947,0.0167489648,-0.120835617,-0.222943962,0.885148168,-8.526764,0.7815513,-0.4237976,1.09316969,0.05444868,0.0681919754,0.123790644,-0.05496013,-1.11416507,0.595186651,0.807039,-0.422637939,-0.4222313,0.103111356,0.0442484431,-0.876362145,1.93774843,2.687776,3.42739248
214,4.2799984835600906,1406,0,0,0,0,0,-0.00427865377,0,0.0127312141,-0.00427865377,0,0.0127312141,1,0,0,1,8.557304E-05,-1.54823065E-05,-0.000254624174,0,0,0,-0.00472556241,0.0005812943,0.0280631129,3.96335816,0.682159245,0.059139695,-0.09841204,0.00738163665,0.00565254875,-0.0258472934,-0.022990182,0.216538414,-4.65280151,0.7351341,-0.0623168945,1.13603723,-0.0444602668,-0.0195012838,0.020827312,0.00224222243,-0.180105627,-1.69049072,0.8269297,-0.0609130859,-0.9296662,-0.054100208,-0.0199467242,-0.09673289,-0.106348336,0.761097431,-8.402069,0.734971941,-0.0435180664,2.30145621,-0.0366448946,0.017737329,0.0768005848,-0.0181837827,-0.700176358,3.02735567,0.8199564,-0.0501098633,-1.38974977,-0.0312934965,0.0202676654,-0.136894852,-0.305361032,1.08156943,-6.756439,0.680004835,-0.636047363,1.47324431,-0.02862589,-0.263912171,0.106591769,-0.0199969113,-0.994861066,0.0952107459,0.8024205,-0.6769104,-0.464568973,0.0288864,-0.3524689,-0.876362264,1.93774867,2.687777,3.42739344
215,4.299998476473923,1414,0,0,0,0,0,-0.00213991082,0,0.0108501557,-0.00213991082,0,0.0108501557,1,0,0,1,4.27982E-05,0,-0.00021700302,0,0,0,-0.00384436152,0.00137890875,0.0397073664,3.777478,0.638330162,0.049103342,-0.146855429,-0.03935636,0.0008497946,-0.02264889,-0.0158805847,0.193209514,-3.61056519,0.636456549,-0.0266723633,0.9858872,-0.08679964,0.000246867537,0.0182095282,0.0048558116,-0.158123076,-2.58999634,0.719833553,-0.0495605469,-0.794426858,-0.09793458,0.003820449,-0.09536457,-0.08642608,0.7904012,-6.06607056,0.6507506,0.00325587043,2.45199728,-0.0774826556,0.00381577015,0.0609249175,0.00540806353,-0.5873774,1.70640862,0.731978834,-0.0360107422,-0.9938232,-0.08165373,0.0228854716,-0.142474249,-0.29669255,1.19745648,-4.552185,0.692752957,-0.123016357,1.93506455,-0.0381378643,0.4084313,0.0929965,0.04161614,-0.8196571,-0.318145752,0.7380463,-0.839477539,-0.5994557,-0.035318166,0.0565291233,-0.876362145,1.93774867,2.687777,3.42739344
216,4.3199984693877553,1422,0,0,0,0,0,-0.001031212,0,0.008883469,-0.001031212,0,0.008883469,1,0,0,1,2.0624233E-05,1.49011612E-08,-0.00017766931,0,0,0,-0.00297088246,0.00162254274,0.0470219925,3.55478978,0.5573737,0.0406838059,-0.183095053,-0.07441199,-0.00251080468,-0.0183673054,-0.0102914572,0.166063175,-2.70285034,0.508262157,0.00513112126,0.822787166,-0.114628166,0.0115382522,0.0134235909,0.004977882,-0.110150807,-3.248291,0.580152154,-0.0339660645,-0.533846557,-0.126808167,0.019253321,-0.09096639,-0.06250805,0.7713172,-3.464569,0.542050242,0.0226699077,2.43185139,-0.104322366,-0.0024356842,0.04466313,0.0149499774,-0.437878966,0.5227175,0.598626137,-0.0155334473,-0.5910022,-0.108691618,0.0193300918,-0.141836017,-0.276989073,1.22706628,-1.99295044,0.574395359,0.07329448,2.23725247,-0.09018851,0.0585932136,0.07393432,0.06335311,-0.641456544,-0.9098511,0.6680864,-0.9517517,-0.677778244,-0.0869771242,0.105491407,-0.876362145,1.93774843,2.687776,3.42739248
217,4.3399984623015868,1431,0,0,0,0,0,0.000394373783,0,0.00572572835,0.000394373783,0,0.00572572835,1,0,0,1,-7.887473E-06,-5.96046448E-06,-0.000114514522,0,0,0,-0.002210251,0.00161805749,0.0513545945,3.30777144,0.451090872,0.0343245,-0.207550943,-0.09887833,-0.004878711,-0.0151265487,-0.00609946251,0.141910732,-1.90615845,0.364134759,0.026404785,0.679721236,-0.129671961,0.0220385641,0.00718853064,0.0027385056,-0.04885007,-3.57232666,0.421976417,-0.01550293,-0.210328475,-0.142774433,0.0295411162,-0.0872916952,-0.0239835232,0.7040726,-0.8597107,0.420051932,0.046753943,2.20452023,-0.08584553,0.00493407249,0.02754352,0.01216422,-0.282538325,-0.6039734,0.4542713,0.007418777,-0.43587634,-0.132985055,0.0203200579,-0.136360034,-0.154205918,1.1159544,-0.369934082,0.5660626,-0.2956848,1.39574611,-0.023376666,-0.206074521,0.0551709943,0.0643317848,-0.465613,-1.53085327,0.518443942,-0.987426758,-0.6780997,-0.123825282,0.152825743,-0.876362145,1.93774867,2.687776,3.42739272
218,4.3599984552154192,1439,0,0,0,0,0,0.00149181567,0,0.00317369238,0.00149181567,0,0.00317369238,1,0,0,1,-2.98363011E-05,0,-6.34738244E-05,0,0,0,-0.00286040781,0.001472503,0.0532187074,3.0472312,0.3445456,0.0333212465,-0.221736014,-0.09944247,-0.00355809554,-0.0159512572,-0.00362324715,0.1286695,-1.14941406,0.2388489,0.04422777,0.6096648,-0.114344835,0.0340466052,0.00270488532,0.0011087805,-0.0181379616,-3.72940063,0.2790984,-0.000457763672,-0.053574644,-0.128655583,0.0350853875,-0.082563,0.003840819,0.6124188,1.489559,0.322251171,0.08363836,1.85051322,-0.08465183,0.0138956606,0.0136051252,0.008168861,-0.151584879,-1.3828125,0.305589557,0.02580374,-0.118196115,-0.123694934,0.0129345395,-0.119109675,-0.0381841063,0.9423438,-0.0272521973,0.541304946,-0.522644043,0.285052568,-0.0101308078,-0.08975771,0.03456921,0.0422479361,-0.275194973,-1.93417358,0.376348555,-0.973114,-0.464058429,-0.121637851,0.132343918,-0.876362,1.93774843,2.68777514,3.42739177
219,4.3799984481292515,1448,0,0,0,0,0,0.00177295227,0,0.00180724158,0.00177295227,0,0.00180724158,1,0,0,1,-3.545903E-05,-5.94556332E-06,-3.614482E-05,0,0,0,-0.00316318357,0.00120294094,0.0533475652,2.78218412,0.244945869,0.0338485427,-0.227306321,-0.09282776,-0.00291885063,-0.0153668476,-0.00173209608,0.108094633,-0.498168945,0.134220183,0.06762257,0.5066096,-0.09697143,0.04159622,-0.00015945523,-0.00039704144,0.00298412144,-3.760376,0.158084959,0.0133288326,0.0521434322,-0.109200433,0.035292767,-0.0735095143,0.0145278126,0.5128842,3.458651,0.2356404,0.116759606,1.51109338,-0.08507791,0.0157263279,0.00180771109,0.00262761116,-0.04339444,-1.77670288,0.186225265,0.04055969,0.1746051,-0.1055304,0.008387361,-0.09520541,-0.009471938,0.787455142,0.05430716,0.447057247,-0.7715149,0.26938653,-0.0162825622,0.106403142,0.0158101115,0.0108772963,-0.097439304,-2.0171814,0.2448982,-1.00039673,-0.177839354,-0.107064642,0.08991502,-0.8763621,1.93774867,2.68777514,3.427392
220,4.3999984410430839,1456,0,0,0,0,0,0.0017025558,0,0.0009181549,0.0017025558,0,0.0009181549,1,0,0,1,-3.40511033E-05,-5.96046448E-06,-1.83630909E-05,0,0,0,-0.003377534,0.0008970052,0.05221302,2.519825,0.155746,0.0353732519,-0.22607781,-0.08312005,-0.00234293938,-0.0125440769,-0.000350952148,0.08568364,0.03411281,0.0479235835,0.09056408,0.395183682,-0.08095873,0.0386183262,-0.002352688,-0.00149910152,0.0202639624,-3.684204,0.05910649,0.0249119457,0.137106746,-0.0895461738,0.03307143,-0.0555840358,0.0246358365,0.415357679,5.07211637,0.145644024,0.136753827,1.2061826,-0.07894679,-0.000650197268,-0.00748313125,-0.00248914957,0.044906307,-1.82720947,0.09117727,0.05053691,0.4087722,-0.0861395,0.00405810028,-0.06868381,0.0091548115,0.6518716,0.924183965,0.418831557,-0.408477783,0.520373344,-0.06713023,0.3746908,0.000124348328,-0.0177809447,0.0505690053,-1.768219,0.1328839,-1.07852173,0.09230261,-0.08881965,0.06655178,-0.8763621,1.93774843,2.68777514,3.42739177
221,4.4199984339569163,1465,0,0,0,0,0,0.00179347547,0,-0.000292924815,0.00179347547,0,-0.000292924815,1,0,0,1,-3.58694961E-05,-1.54972076E-05,5.85849375E-06,0,0,0,-0.003475539,0.0005646348,0.0501932055,2.26576018,0.0779351741,0.0373162962,-0.219855383,-0.0728882253,-0.00198422,-0.009238687,0.000273644924,0.0810366347,0.5316477,-0.0218505859,0.1016622,0.371431321,-0.06650399,0.0230413228,-0.004010888,-0.00242209435,0.0338550732,-3.522766,-0.021270752,0.0346822068,0.203335628,-0.07347579,0.0305496529,-0.0363297462,0.0196403116,0.3238114,5.95825624,0.0720860139,0.114723913,0.6345273,-0.06924014,-0.0136773288,-0.0146814752,-0.006344676,0.117373392,-1.58700562,-0.00314331055,0.0568958223,0.594615638,-0.07452063,-0.000330880284,-0.0481783934,0.013705,0.4666199,1.24829984,0.287150741,-0.191925049,0.2560702,-0.08298464,0.186609089,-0.0105463788,-0.0422951877,0.173142821,-1.24685669,0.0336988121,-1.170227,0.316432476,-0.09132959,0.039496474,-0.8763621,1.93774867,2.68777514,3.427392
222,4.4399984268707477,1473,0,0,0,0,0,0.00165754242,0,-0.0012473925,0.00165754242,0,-0.0012473925,1,0,0,1,-3.31508345E-05,0,2.494784E-05,0,0,0,-0.003314208,0.000248759985,0.0475776754,2.0235517,0.009003884,0.0389530025,-0.210087955,-0.064832285,-0.00214976445,-0.005909683,0.0007009804,0.06832749,0.96876204,-0.07998657,0.0973939747,0.306812853,-0.05577963,0.0132708251,-0.004788344,-0.00304491818,0.0442818776,-3.29241943,-0.08895874,0.0416230522,0.254214138,-0.0615154877,0.0265320837,-0.0232784115,0.0138220638,0.227807552,6.4254055,0.0017287829,0.09932474,0.407604337,-0.0476114228,-0.0118098557,-0.0196965523,-0.00924781,0.174595654,-1.111023,-0.0678710938,0.055105038,0.7318476,-0.0523966625,-0.004775077,-0.0269841831,0.00751028955,0.2963649,1.40291655,0.250777155,-0.143005371,0.12994197,-0.0116840526,0.0649691,-0.0225615539,-0.06295791,0.2708731,-0.506958,-0.008911133,-1.29382324,0.491073042,-0.05853855,0.00374836475,-0.8763621,1.93774843,2.687776,3.42739248
223,4.45999841978458,1481,0,0,0,0,0,0.00157033547,0,-0.00207421253,0.00157033547,0,-0.00207421253,1,0,0,1,-3.14066965E-05,-5.96046448E-06,4.14842361E-05,0,0,0,-0.003404359,-4.08887863E-05,0.04451879,1.79574645,-0.0487060547,0.04117481,-0.197906256,-0.0543991923,-0.00163977221,-0.00291652652,0.0007633716,0.046284195,1.28662741,-0.1227417,0.08707534,0.198663339,-0.0418123156,0.009184856,-0.004754083,-0.00341618061,0.0555354021,-2.991516,-0.141082764,0.03470926,0.3065845,-0.0477102436,0.0160980448,-0.01173575,0.009678096,0.136213616,6.67508554,-0.0407409668,0.08497706,0.221061975,-0.03532554,-0.0112901311,-0.0229153447,-0.00703072548,0.215854287,-0.467407227,-0.134918213,0.05285498,0.803099751,-0.0504763648,-0.00438416,-0.0119539145,0.00354331732,0.163037822,1.47930849,0.213311955,-0.11114502,0.0709265247,-0.009344093,0.0475225151,-0.03186139,-0.0494399071,0.3180763,-0.07446289,-0.09579468,-1.27752686,0.357809722,-0.0617058575,0.0257720351,-0.876362,1.93774867,2.68777514,3.427392
224,4.4799984126984125,1490,0,0,0,0,0,0.00134786952,0,-0.00242099678,0.00134786952,0,-0.00242099678,1,0,0,1,-2.695738E-05,1.49011612E-08,4.84199154E-05,0,0,0,-0.003616563,-0.000296130776,0.0411355756,1.58368993,-0.0925598145,0.0438025855,-0.184293345,-0.0413603857,-0.0008454025,-0.000490324339,0.000475600362,0.0231844485,1.4698751,-0.148986816,0.0752728656,0.08789166,-0.0267748982,0.00726134144,-0.00540855,-0.00332608819,0.0610760152,-2.65267944,-0.1751709,0.0253821779,0.329294443,-0.0319000334,0.01101464,-0.00327102467,0.005484745,0.0583442226,6.75756931,-0.07070923,0.07441374,0.07617996,-0.0290451534,-0.00897555,-0.0230751056,-0.005201131,0.237442315,0.251467,-0.177459717,0.04170156,0.8220822,-0.0434810854,-0.0100902021,-2.33473256E-05,-0.000406518579,0.05821193,1.507393,0.1482519,-0.111297607,0.0301936883,-0.0232080929,0.03721459,-0.03466543,-0.0396669358,0.342547834,0.0542338826,-0.184112549,-0.92767334,0.299189955,-0.0684784651,0.6256502,-0.876362145,1.93774867,2.687776,3.42739272
225,4.4999984056122448,1497,0,0,0,0,0,0.00123230251,0,-0.00241774926,0.00123230251,0,-0.00241774926,1,0,0,1,-2.464604E-05,1.49011612E-08,4.83549666E-05,0,0,0,-0.00375633268,-0.000534653664,0.03768274,1.38838029,-0.122772217,0.04619429,-0.169870913,-0.0284298845,-0.000161081553,0.00142262364,3.76403332E-05,0.00318234414,1.52825212,-0.160888672,0.06483655,-0.00659269746,-0.0129240956,0.005704799,-0.006124947,-0.00288568437,0.06193495,-2.303772,-0.1932373,0.0166465845,0.3283528,-0.0166075714,0.008684769,0.00156190246,0.00252655149,0.00405139476,6.73672867,-0.0803833,0.06956814,-0.0122112324,-0.006444458,-0.00359629467,-0.02260712,-0.0009932965,0.244950831,1.00206041,-0.1920166,0.0212657917,0.816487968,-0.0120626837,-0.0159079283,0.001219969,-0.002675563,-0.002698604,1.51418388,0.153577372,-0.0871582,0.036301516,0.00545852259,0.0339937061,-0.03047635,-0.0227480382,0.350507975,0.0746391639,-0.1819458,-0.860534668,0.220298558,-0.03499929,0.477420151,-0.876362,1.93774843,2.68777514,3.42739177
226,4.5199983985260772,1506,0,0,0,0,0,0.00109194382,0,-0.0023774812,0.00109194382,0,-0.0023774812,1,0,0,1,-2.18388668E-05,-5.94556332E-06,4.75496054E-05,0,0,0,-0.00387219712,-0.0007286817,0.034240298,1.20988953,-0.139801025,0.048338674,-0.155256227,-0.0162629485,0.00049829483,0.00183942425,-0.000284254551,-0.009507939,1.50495684,-0.160186768,0.0598946176,-0.06430062,-0.00185690168,0.007455918,-0.005665678,-0.00237292051,0.0601425432,-1.96200562,-0.196563721,0.004064807,0.3141276,-0.00367609132,0.00284919888,0.00338202156,0.0005710721,-0.03096994,6.652654,-0.101318359,0.06993976,-0.06933425,-0.02239766,-0.0009710882,-0.0209132675,0.00190579891,0.241483718,1.7531873,-0.196105957,-0.00131225586,0.787331,-0.00204462558,-0.0180905461,0.009038348,-0.00400298834,-0.0473833457,1.51804161,0.0359805934,-0.105651855,0.00251841825,-0.06304269,0.0349662527,-0.0265021343,-0.014740169,0.346214473,0.07914253,-0.181396484,-0.8578491,0.277976185,-0.03684043,0.4856845,-0.876362145,1.93774843,2.687776,3.42739248
227,4.5399983914399087,1513,0,0,0,0,0,0.000871541735,0,-0.002379477,0.000871541735,0,-0.002379477,1,0,0,1,-1.74308279E-05,1.49011612E-08,4.758952E-05,0,0,0,-0.00373534882,-0.0008902252,0.03094875,1.0480051,-0.147766113,0.0495741256,-0.140818387,-0.00783653,0.0006865747,0.00230261637,-0.000453546643,-0.0169225968,1.43169665,-0.154663086,0.0591286346,-0.09748819,0.003517096,0.006907736,-0.004716456,-0.00182834268,0.0563522875,-1.63674927,-0.1918335,-0.0114135742,0.291218847,0.003690956,-0.0025947094,0.00761081045,-0.00114651024,-0.0564785339,6.5165143,-0.105499268,0.06742703,-0.1172444,0.000566033646,-0.00339423865,-0.0180927869,0.00477905571,0.230144233,2.482443,-0.1947937,-0.0247192383,0.7412985,-0.00152802619,-0.0198968947,0.0150420088,-0.00539106131,-0.08441071,1.48584926,0.0301615261,-0.110534668,-0.0157186147,0.001494363,0.002952135,-0.0239022225,-0.0111494064,0.3322996,0.192255676,-0.200378418,-0.797699,0.309459716,-0.0331562757,0.513258457,-0.8763621,1.93774843,2.687776,3.42739248
228,4.5599983843537411,1521,0,0,0,0,0,0.0002607497,0,-0.0023104602,0.0002607497,0,-0.0023104602,1,0,0,1,-5.21499169E-06,-5.96046448E-06,4.62091848E-05,0,0,0,-0.00359396753,-0.00102448463,0.02775822,0.9018126,-0.148468018,0.05039274,-0.126894027,-0.00113086449,0.0009652581,0.0033106762,-0.0005736053,-0.0227298923,1.32065725,-0.143127441,0.05679595,-0.12344832,0.009208781,0.00324309431,-0.003909585,-0.00135478377,0.0517753772,-1.334259,-0.181304932,-0.0289917,0.264962,0.009065175,-0.00621554628,0.0110145267,-0.00219604373,-0.07459056,6.34363174,-0.09844971,0.06258281,-0.148998216,0.00646533258,-0.00504582375,-0.0149239991,0.00702877343,0.21305716,3.16758561,-0.191558838,-0.0488586426,0.6801591,0.00410702173,-0.0216636583,0.0183870569,-0.006170079,-0.108147882,1.44136333,0.02509714,-0.117004395,-0.0222319067,0.002363085,0.004709625,-0.0201122016,-0.007594019,0.308606416,0.367842883,-0.200561523,-0.7234802,0.296173,-0.005422909,0.475716949,-0.876362145,1.93774843,2.687776,3.42739248
229,4.5799983772675734,1530,0,0,0,0,0,0.0001822453,0,-0.002221583,0.0001822453,0,-0.002221583,1,0,0,1,-3.64490461E-06,-1.54972076E-05,4.443164E-05,0,0,0,-0.00344865164,-0.00113625824,0.0248011537,0.770838261,-0.143493652,0.0508272648,-0.113722533,0.004145508,0.00127831288,0.00396187231,-0.000615313649,-0.02650021,1.18270826,-0.127929688,0.0528326,-0.139587075,0.0127557069,0.000146415085,-0.0029904698,-0.000948876143,0.0463586152,-1.05975342,-0.166412354,-0.04800415,0.234911829,0.0131259076,-0.009713028,0.0127972206,-0.002760917,-0.08572402,6.15034962,-0.08807373,0.05747932,-0.167367458,0.009448698,-0.00511774048,-0.0112546757,0.008473948,0.191700682,3.78903627,-0.181518555,-0.07537842,0.60903,0.009028163,-0.0233184248,0.01995587,-0.006703034,-0.121996291,1.38535988,0.0211977065,-0.124664307,-0.0266044885,0.00268309563,0.005654769,-0.0160834417,-0.00452446938,0.277953982,0.587080956,-0.190338135,-0.6057739,0.271254838,0.0134263579,0.40352574,-0.876362145,1.93774867,2.687776,3.42739272
230,4.5999983701814058,1538,0,-1,-0.476414651,0,3.97152758,-23.8207169,0,198.574234,-2.977621,0,24.8220425,1,0,0,1,-4.968033E-07,0,4.46914637E-05,0,0,0,-0.00329742325,-0.001216054,0.0220122039,0.6538649,-0.134094238,0.05102716,-0.101305135,0.008354447,0.00159278326,0.00421617273,-0.000567764044,-0.0286548436,1.02878392,-0.110321045,0.0482432,-0.147727549,0.0152624026,-0.00174374133,-0.00280579086,-0.000722885132,0.04638343,-0.7861328,-0.14831543,-0.06832886,0.232490718,0.016186459,-0.0125502124,0.0133356191,-0.00261351466,-0.09066871,5.94948,-0.07546997,0.0530838445,-0.157942235,0.0113594048,-0.004532039,-0.00790966,0.00633806,0.166163579,4.17700052,-0.16619873,-0.102233887,0.38454026,0.011394362,-0.0234049782,0.0202166289,-0.00659152865,-0.127340749,1.33380854,0.0187760033,-0.1289978,-0.0228217319,0.0028338565,0.009208453,-0.009481971,-0.00406777859,0.2255346,0.7962267,-0.185150146,-0.4772644,0.211036637,0.031240195,0.301092356,-0.876362145,1.93774867,2.687776,3.42739272
231,4.6199983630952381,1546,0,-1,-0.476414651,0,3.97152758,-21.6275654,0,180.289963,-2.97764921,0,24.8220387,1,0,0,1,-0.04386349,1.49011612E-08,0.3657297,0,0,0,-0.0523018166,-0.000862926245,0.43032974,0.3111979,-0.120666504,0.05129462,-0.2973726,0.0112277847,0.00158581883,-0.0454122946,0.00039575994,0.3874564,1.26466775,-0.09338379,0.0451664627,0.10745395,0.0140150907,-0.00198167935,-0.0521398336,-0.0011947155,0.458194256,-0.137969971,-0.1381836,-0.08859253,0.465282351,0.0105659757,-0.01317548,-0.0450878739,0.0006663501,0.3961662,5.866027,-0.0687561,0.04891176,0.0177453589,0.00811284,-0.00377374352,-0.0640955046,0.00580441952,0.63239187,4.59747,-0.15814209,-0.130065918,0.43753767,0.00699986937,-0.0225317962,-0.0360469073,-0.006821394,0.34245488,1.24048889,0.00598690473,-0.119354248,-0.0380573571,-0.002463497,0.015773572,-0.0613963641,-0.00316159427,0.6671449,0.8961217,-0.184936523,-0.409088135,0.1384598,0.03641797,0.17675738,-0.8762992,1.93774843,2.68725157,3.42696524
232,4.6399983560090705,1554,0,-1,-0.476414651,0,3.97152758,-19.406517,0,161.770218,-2.97773671,0,24.8220272,1,0,0,1,-0.08828446,-5.96046448E-06,0.736124456,0,0,0,-0.099386856,-0.00124186277,0.816159368,-0.15246582,-0.09466553,0.05315221,-0.394032925,0.02137232,0.00318315625,-0.09295951,0.000969290733,0.7762419,1.61583245,-0.06399536,0.03929082,0.209822148,0.0263464376,-0.003109105,-0.09479812,2.89082527E-06,0.806203246,0.3819278,-0.114990234,-0.110290527,0.345273644,0.023931656,-0.0149751343,-0.100477353,0.008942023,0.861182034,5.956089,-0.05117798,0.0414458476,0.339712977,0.0176399015,-0.00627736747,-0.113168396,0.0140097886,1.03940654,5.248594,-0.1456604,-0.158844,0.6931635,0.0140754562,-0.0231594,-0.09798078,0.00192064047,0.863417864,1.26594067,-0.00473022461,-0.121673584,0.0308900364,-0.00191779493,0.0127855949,-0.115971081,0.00571352243,1.13302183,1.03617167,-0.185913086,-0.367645264,0.1556656,0.0109505281,0.0993336141,-0.8762704,1.93774843,2.68701124,3.42676926
233,4.659998348922902,1562,0,-1,-0.476414651,0,3.97152758,-17.1710644,0,143.128967,-2.97787619,0,24.8220119,1,0,0,1,-0.13299349,-5.96046448E-06,1.10894942,0,0,0,-0.145358711,-0.0020057708,1.19699478,-0.6650696,-0.0620422363,0.05392071,-0.444766551,0.0280750412,0.00368679315,-0.140363231,0.00194680691,1.17247307,2.09449649,-0.0278930664,0.0336684324,0.3340036,0.0329455,-0.00744441152,-0.1374129,0.0005734563,1.161732,0.809742033,-0.08566284,-0.130462646,0.252877533,0.030612,-0.0192464,-0.154287741,0.0154707283,1.31815493,6.24072,-0.0282592773,0.0314143263,0.5378046,0.022782959,-0.007359512,-0.1559662,0.0179514289,1.40541112,5.93180656,-0.134979248,-0.191589355,0.6515861,0.0173586868,-0.0249801353,-0.155997664,0.007782772,1.35297835,1.35080671,-0.01373291,-0.119812012,0.07525673,-0.00197229232,0.0141100287,-0.16259338,0.0116617829,1.522036,1.21363306,-0.1897583,-0.327667236,0.178293437,0.0134195089,0.08608635,-0.8761291,1.93774867,2.6858325,3.42580914
234,4.6799983418367344,1569,0,-1,-0.476414651,0,3.97152758,-14.9234781,0,124.38929,-2.977994,0,24.8219986,1,0,0,1,-0.1779452,1.49011612E-08,1.48374283,0,0,0,-0.190514892,-0.00289581716,1.57299244,-1.19064331,-0.02709961,0.05370529,-0.46207124,0.0307451561,0.003977895,-0.187050655,0.003229931,1.5657872,2.676833,0.009052717,0.0268659368,0.4306459,0.0340826772,-0.0119295344,-0.18012777,0.0007571876,1.5220561,1.17084992,-0.0564880371,-0.152313232,0.176622882,0.0321414433,-0.0241971668,-0.2056607,0.0220675915,1.75917113,6.70397329,-0.00326538086,0.0189340077,0.6884775,0.0242515467,-0.009140894,-0.195052877,0.0176789016,1.73942149,6.52942038,-0.119293213,-0.224853516,0.5105205,0.022104796,-0.0251620337,-0.211083859,0.01333344,1.82079566,1.48681056,-0.0208740234,-0.113952637,0.115679428,-0.00223953556,0.0155511759,-0.202519745,0.0118168145,1.842004,1.37821221,-0.173553467,-0.276000977,0.166831821,0.0232158713,0.078783676,-0.876212,1.93774867,2.686524,3.42637253
235,4.6999983347505667,1576,0,-1,-0.476414651,0,3.97152758,-12.6686954,0,105.589264,-2.97816324,0,24.8219776,1,0,0,1,-0.223040864,0,1.85974312,0,0,0,-0.235010564,-0.00363400578,1.94520807,-1.70150757,0.00603879662,0.0527046248,-0.453320622,0.0294618215,0.0040593,-0.232857227,0.00460918248,1.95200419,3.31648088,0.04179656,0.0185766444,0.482783735,0.0303731747,-0.0147063285,-0.2230396,0.0006542802,1.88241208,1.46204019,-0.03161621,-0.1749878,0.09697409,0.0295080263,-0.0261338931,-0.255557239,0.0289019644,2.18115163,7.31881,0.020851491,0.007265155,0.803290844,0.0220419057,-0.009252161,-0.233056843,0.0151712745,2.05130839,6.96874571,-0.09915161,-0.2534485,0.376098245,0.0200666245,-0.0222617835,-0.263750225,0.0189512074,2.26609468,1.67455852,-0.0258178711,-0.116821289,0.158105016,-0.00273825321,0.009210981,-0.237901613,0.009003848,2.12335873,1.5094924,-0.161071777,-0.2453003,0.132709458,0.021138899,0.0674929246,-0.875900149,1.93774843,2.6839242,3.42425466
236,4.7199983276643991,1583,0,-1,-0.476414651,0,3.97152758,-10.411356,0,86.767395,-2.978424,0,24.8219452,1,0,0,1,-0.2681876,-5.94556332E-06,2.23618031,0,0,0,-0.278872639,-0.00415223837,2.314565,-2.17816162,0.0322987773,0.0509654954,-0.425928146,0.0228791051,0.003743492,-0.2775316,0.00563813746,2.32829142,3.953151,0.0639045462,0.0105258869,0.478902668,0.02055366,-0.0149128959,-0.2663913,0.000366061926,2.24423,1.683742,-0.016784668,-0.195465088,0.0260206182,0.0207393244,-0.0240569748,-0.303133518,0.0355123878,2.58024883,8.055984,0.037410304,-0.00378417969,0.880754054,0.0150680281,-0.00930014253,-0.27121228,0.0108747482,2.35536623,7.2245326,-0.08578491,-0.275604248,0.2206984,0.0128524136,-0.0180469081,-0.313554555,0.0246481,2.68593454,1.92063892,-0.0293273926,-0.123687744,0.207343832,-0.003721085,0.005108103,-0.271813,0.004298866,2.39142728,1.59137535,-0.151000977,-0.22845459,0.08916362,0.0193514954,0.05917433,-0.8758045,1.93774867,2.683126,3.42360449
237,4.7399983205782314,1590,0,-1,-0.476414651,0,3.97152758,-8.154858,0,67.9569244,-2.97863984,0,24.8219185,1,0,0,1,-0.313317567,0,2.61238956,0,0,0,-0.322203875,-0.004364699,2.681658,-2.60806274,0.0456538275,0.04885248,-0.386407942,0.010362383,0.003092751,-0.3206683,0.0057335645,2.69168139,4.514463,0.06875519,0.00306576886,0.4066509,0.004294933,-0.0128331557,-0.310403377,0.000154450536,2.61108255,1.85871923,-0.0179443359,-0.21194458,-0.014309126,0.00550008472,-0.0188271087,-0.3477049,0.0405371636,2.951706,8.886865,0.041118823,-0.01473999,0.9157479,0.00343909767,-0.00969474,-0.3104427,0.00620636344,2.66700268,7.308719,-0.08413696,-0.292816162,0.07672418,0.0028019445,-0.0142679382,-0.3597977,0.0296771228,3.07508254,2.22061825,-0.0326843262,-0.132904053,0.2516722,-0.005152989,0.0032537356,-0.30701074,-0.000807181,2.66816258,1.62104678,-0.137420654,-0.212921143,0.0456599668,0.0200606342,0.0541191325,-0.875458062,1.93774843,2.68023825,3.4212532
238,4.7599983134920629,1597,0,-1,-0.476414651,0,3.97152758,-5.902464,0,49.1829948,-2.97888136,0,24.8218918,1,0,0,1,-0.358365417,-5.94556332E-06,2.987868,0,0,0,-0.365055025,-0.004308328,3.04695964,-2.983673,0.0401262045,0.0467408448,-0.3394652,-0.00817542151,0.00197245181,-0.3618716,0.00414630771,3.03939486,4.91537,0.0501925051,-0.00393676758,0.2539659,-0.0180644579,-0.008321058,-0.355396271,0.0002399832,2.98733473,2.035363,-0.0401306152,-0.2241211,0.0006324728,-0.0157768466,-0.0109501444,-0.388540238,0.04232961,3.28943229,9.805479,0.0267810486,-0.0261535645,0.89666146,-0.0126449205,-0.010430336,-0.3524322,0.00267870724,3.00115943,7.26783276,-0.09677124,-0.30569458,-0.0269554611,-0.012249995,-0.010797454,-0.4017482,0.03299634,3.42732525,2.55763,-0.0376281738,-0.144195557,0.2808923,-0.007209205,0.00151818246,-0.3452061,-0.00474499166,2.9739747,1.60894823,-0.1322937,-0.208435059,0.0106255738,0.014373729,0.0475587174,-0.87549895,1.93774843,2.68057871,3.42153025
239,4.7799983064058953,1605,0,-1,-0.476414651,0,3.97152758,-3.65572429,0,30.46261,-2.9788,0,24.8219,1,0,0,1,-0.4033002,-5.94556332E-06,3.3622756,0,0,0,-0.4074925,-0.00403821468,3.410728,-3.30166626,0.009910056,0.0450028181,-0.288759738,-0.0327703431,0.000340186059,-0.402218968,0.00136978924,3.381272,5.123385,0.00230896636,-0.0110778809,0.07137822,-0.0464472249,-0.00160619337,-0.401727021,0.0008595288,3.37658739,2.28514338,-0.08862305,-0.23236084,0.09109882,-0.0436746553,-0.000837240368,-0.4245653,0.0332589746,3.58611774,10.4270773,-0.0102539063,-0.0387268066,0.54048866,-0.03283916,-0.0113457888,-0.398516148,0.00166536868,3.37131023,7.178942,-0.130310059,-0.3152771,-0.0637644,-0.0317913145,-0.008141946,-0.433947,0.0257683843,3.69896436,2.851357,-0.0446472168,-0.146759033,0.234063417,-0.008905977,0.00999380648,-0.388151884,-0.006311238,3.32744431,1.57702446,-0.138916016,-0.212615967,-0.004119851,0.00229721051,0.0377632156,-0.875720143,1.93774843,2.682423,3.423032
240,4.7999982993197277,1613,0,-1,-0.476414651,0,3.97152758,-1.41501033,0,11.7986965,-1.41501033,0,11.7986965,1,0,0,1,-0.448114455,-5.96046448E-06,3.73555374,0,0,0,-0.449538,-0.003581956,3.77341056,-3.560669,-0.0512390137,0.0438328348,-0.236625,-0.06353227,-0.00195535645,-0.439944685,-0.00365124643,3.70302653,5.04728937,-0.0812072754,-0.0187988281,-0.212998942,-0.08070102,0.007655237,-0.44954282,0.0023227185,3.78063822,2.692799,-0.168396,-0.237945557,0.2666164,-0.0777632,0.010918282,-0.454430223,0.0180322975,3.82939959,10.7434235,-0.07559204,-0.0529785156,0.259356678,-0.05769231,-0.0122531541,-0.44990766,0.004849866,3.788297,7.144105,-0.190185547,-0.32321167,0.04053967,-0.05505762,-0.0064127557,-0.458058178,0.0131801367,3.90161586,3.02252054,-0.0574035645,-0.151824951,0.130711883,-0.0112461466,0.0131015889,-0.440201253,-0.00455805659,3.74310541,1.55601633,-0.1574707,-0.209136963,0.008318373,-0.0397112444,0.0543220341,-0.875491858,1.93774867,2.680521,3.42148352
241,4.81999829223356,1621,0,-1,-0.476414651,0,3.97152758,-0.7428366,0,6.2045,-0.7428366,0,6.2045,1,0,0,1,-0.461557925,1.49011612E-08,3.84743762,0,0,0,-0.460491061,-0.00309827924,3.876306,-3.7694397,-0.144165039,0.0439195856,-0.191338733,-0.0953137055,-0.00453211,-0.444225729,-0.0101915,3.74582529,4.59494448,-0.199737549,-0.0272521973,-0.5880009,-0.113692068,0.0196493864,-0.468928874,0.00543655455,3.94725347,3.38536286,-0.27734375,-0.243804932,0.564555,-0.112016186,0.0231106877,-0.447370678,-0.003793329,3.763979,10.7042437,-0.170257568,-0.06851196,-0.05174949,-0.08288145,-0.0128249228,-0.47813803,0.0104999542,4.001904,6.9862113,-0.273529053,-0.3289795,0.2220774,-0.0849552453,-0.002697669,-0.443757385,-0.005620301,3.78339648,3.01120734,-0.07836914,-0.157440186,-0.0233930871,-0.0138431005,0.018936716,-0.470176369,-0.00262460113,3.951496,1.56782317,-0.246459961,-0.135620117,0.0306382179,-0.0726854056,0.06723858,-0.8754023,1.93774843,2.67977381,3.420875
242,4.8399982851473924,1629,0,-1,-0.476414651,0,3.97152758,-0.745539665,0,6.236663,-0.745539665,0,6.236663,1,0,0,1,-0.461503863,0,3.84679437,0,0,0,-0.4592874,-0.00268091261,3.86923051,-3.92962646,-0.25378418,0.0464836136,-0.152026579,-0.1123175,-0.00613736734,-0.4359892,-0.0148931444,3.67907166,3.79653263,-0.331512451,-0.037902832,-0.9372953,-0.1252623,0.0306892842,-0.477679253,0.0104239434,4.00610161,4.3908596,-0.395965576,-0.251281738,0.8794638,-0.126525164,0.0388133526,-0.4234611,-0.0277232826,3.55994415,10.2205982,-0.2793579,-0.083984375,-0.435544431,-0.09327589,-0.0123861283,-0.498742968,0.0205155462,4.135044,6.8784976,-0.376312256,-0.326477051,0.459852546,-0.0851153657,0.001943104,-0.412200063,-0.0315894037,3.50525713,2.73315525,-0.108398438,-0.191925049,-0.284497738,-0.01341903,-0.0159990937,-0.49036172,0.00270731747,4.091087,1.58155525,-0.2746277,-0.1592102,0.0488386,-0.05005762,0.037080124,-0.875827253,1.93774867,2.68331766,3.42376065
243,4.8599982780612239,1636,0,-1,-0.476414651,0,3.97152758,-0.750564337,0,6.282749,-0.750564337,0,6.282749,1,0,0,1,-0.46140337,0,3.84587264,0,0,0,-0.4598177,-0.00266942382,3.869438,-4.04577637,-0.360870361,0.0505197644,-0.09259508,-0.110351987,-0.0072978083,-0.429881662,-0.0159287155,3.62434673,2.72324061,-0.45111084,-0.0461425781,-1.21052086,-0.112559736,0.03860335,-0.48450014,0.0169121921,4.04767942,5.614635,-0.499603271,-0.259521484,1.09929383,-0.116905794,0.04775828,-0.399358034,-0.0476869345,3.354363,9.253328,-0.381347656,-0.09371948,-0.848647356,-0.08949879,-0.0105046481,-0.518339336,0.040188238,4.27026844,6.97271633,-0.466796875,-0.327209473,0.7852367,-0.08587708,0.00387185812,-0.3781323,-0.05017914,3.21273661,2.34531665,-0.153381348,-0.142913818,-0.348128259,-0.05604193,0.10393773,-0.517773867,0.0192739367,4.270273,1.80227113,-0.379974365,-0.09994507,0.184286445,-0.07196837,0.0352311,-0.8756031,1.93774867,2.68144846,3.42223859
244,4.8799982709750562,1644,0,-1,-0.476414651,0,3.97152758,-0.7502037,0,6.28114,-0.7502037,0,6.28114,1,0,0,1,-0.461410582,1.49011612E-08,3.84590483,0,0,0,-0.459210932,-0.001929909,3.856862,-4.129883,-0.450744629,0.0546135381,-0.05071503,-0.09415009,-0.007744752,-0.425116718,-0.0134535581,3.58125114,1.422514,-0.54208374,-0.05050659,-1.42018366,-0.08401588,0.03974572,-0.490359962,0.024069041,4.07353067,6.97424,-0.5757446,-0.264099121,1.2278372,-0.0933094248,0.0563524961,-0.378884137,-0.0558189,3.17355275,7.855142,-0.4649353,-0.09674072,-1.21596181,-0.08101043,-0.00507164,-0.537116051,0.0611463338,4.390679,7.403658,-0.540740967,-0.321228027,1.13211942,-0.05878427,0.009540528,-0.351709843,-0.0594864339,2.9538765,1.824784,-0.270568848,-0.0365905762,-0.4337225,-0.0802735761,0.09866453,-0.5402705,0.0363300145,4.44850159,2.1613884,-0.400421143,-0.12802124,0.312150866,-0.0140952207,-0.00371736288,-0.8756853,1.93774843,2.68213367,3.42279625
245,4.8999982638888886,1652,0,-1,-0.476414651,0,3.97152758,-0.760706067,0,6.36576653,-0.760706067,0,6.36576653,1,0,0,1,-0.461200535,1.49011612E-08,3.84421229,0,0,0,-0.460107356,-0.0014616996,3.85274029,-4.151001,-0.509124756,0.05799894,-0.00525524374,-0.06465527,-0.00709725,-0.424136639,-0.0076366663,3.553759,-0.0170288086,-0.587036133,-0.0479431152,-1.53125525,-0.04190335,0.04177782,-0.492609143,0.03032729,4.07766247,8.362415,-0.6078186,-0.265075684,1.24695647,-0.0532479361,0.05648008,-0.366447359,-0.0505265146,3.03975844,6.13509035,-0.530639648,-0.07867432,-1.489716,-0.0517911464,0.00252223015,-0.5484663,0.0850086659,4.47815657,8.224126,-0.5751343,-0.3187561,1.45064092,-0.0299815889,0.0114526153,-0.3253007,-0.0565515459,2.76308656,1.32129693,-0.359619141,-0.08856201,-0.4053658,-0.0622456744,0.02067383,-0.5609939,0.0568147451,4.604912,2.70427728,-0.426452637,-0.163299561,0.480493933,-0.0231033489,0.00168380886,-0.875726938,1.93774867,2.68248129,3.42307949
246,4.919998256802721,1660,0,-1,-0.476414651,0,3.97152758,-0.7697809,0,6.43646955,-0.7697809,0,6.43646955,1,0,0,1,-0.461019039,0,3.84279823,0,0,0,-0.461418778,-0.00124172866,3.85003138,-4.1423645,-0.5270691,0.0601468049,0.0170202479,-0.0256284736,-0.00548416,-0.4254137,-3.46750021E-05,3.54842234,-1.49191284,-0.5800781,-0.0428161621,-1.52534068,0.006312482,0.0334999561,-0.491336524,0.0335358977,4.0609026,9.664772,-0.588134766,-0.2635498,1.15152979,-0.005825363,0.04937604,-0.359071434,-0.0344186574,2.97588682,4.24637461,-0.537261963,-0.06460571,-1.62862647,-0.01205913,0.001832366,-0.553347349,0.107045412,4.52254868,9.436652,-0.571929932,-0.316070557,1.69975531,0.00374975614,0.0160687268,-0.315069079,-0.0444842875,2.66475368,0.465901,-0.4881897,-0.496643066,-0.301739037,-0.06711829,0.0735140741,-0.5750786,0.07715753,4.718674,3.45253825,-0.451629639,-0.195922852,0.6575888,-0.00705053471,-0.00312206149,-0.8754841,1.93774843,2.68045664,3.42143083
247,4.9399982497165533,1668,0,-1,-0.476414651,0,3.97152758,-0.7794234,0,6.5079236,-0.7794234,0,6.5079236,1,0,0,1,-0.4608262,0,3.84136915,0,0,0,-0.462867826,-0.00121022761,3.84787464,-4.125641,-0.499969482,0.0610617176,0.02346742,0.0184050314,-0.00288852165,-0.429661274,0.00723305345,3.56561875,-2.87988281,-0.519378662,-0.04071045,-1.40107667,0.05523007,0.020211786,-0.486907482,0.0320272148,4.02398252,10.7720079,-0.5161438,-0.257904053,0.948269844,0.04413502,0.0376415253,-0.362117469,-0.007176727,2.98943353,2.36617756,-0.5173645,-0.04510498,-1.61415374,0.0355706364,0.00177919865,-0.5505157,0.122917369,4.51579237,10.9909239,-0.528717041,-0.3109436,1.84268916,0.0384047143,0.020935595,-0.3203078,0.0124398768,2.68434286,0.0961376652,-0.539520264,-0.9406433,-0.6499433,0.00089340657,-0.141364217,-0.5811921,0.09484635,4.772612,4.39222431,-0.47265625,-0.223815918,0.816989,-0.00447156234,0.008045509,-0.8755522,1.93774867,2.681024,3.421893
248,4.9599982426303857,1676,0,-1,-0.476414651,0,3.97152758,-0.7832441,0,6.52745,-0.7832441,0,6.52745,1,0,0,1,-0.460749775,0,3.84097862,0,0,0,-0.4643997,-0.00127206743,3.84686732,-4.11099243,-0.427368164,0.0609055832,0.0225228257,0.0632381,0.0004928368,-0.437747329,0.0114976615,3.61213422,-4.032318,-0.4071045,-0.04034424,-1.13208842,0.09989488,0.0051792264,-0.479969442,0.0247008651,3.969956,11.5833921,-0.3968506,-0.24710083,0.648549259,0.09110688,0.023006618,-0.373570949,0.0207488984,3.08714223,0.6719485,-0.4277954,-0.0289306641,-1.45597231,0.08393553,-0.00590392947,-0.5401133,0.128599524,4.45504665,12.7905722,-0.447601318,-0.301300049,1.85520983,0.0707756057,0.02517733,-0.335019,0.0881890655,2.78262329,-0.715026855,-0.4953003,-1.0647583,-0.971509933,0.0607902519,0.09303846,-0.577835739,0.106912307,4.75620842,5.478522,-0.4845581,-0.242462158,0.933037043,-0.00124829449,0.02270031,-0.876037538,1.93774843,2.68507,3.42518783
249,4.9799982355442172,1684,0,-1,-0.476414651,0,3.97152758,-0.781606436,0,6.50686264,-0.781606436,0,6.50686264,1,0,0,1,-0.460782528,1.49011612E-08,3.84139037,0,0,0,-0.465752423,-0.00133159757,3.846844,-4.100281,-0.315246582,0.0596456,0.0196396448,0.10261856,0.004293143,-0.447426647,0.0109796971,3.6779623,-4.839813,-0.255981445,-0.0451660156,-0.772018433,0.135043919,-0.01265794,-0.471185923,0.0115569085,3.902515,12.0182619,-0.242492676,-0.231536865,0.274247259,0.129286736,0.006455496,-0.392914832,0.0318119675,3.248928,-0.7114258,-0.291778564,-0.02645874,-1.03755569,0.13217932,-0.01109454,-0.5230227,0.120262675,4.341773,14.7049141,-0.334136963,-0.285552979,1.72495174,0.09490432,0.0276927054,-0.363450736,0.106066726,2.97746539,-1.66726685,-0.338134766,-1.22174072,-1.01062918,0.132531464,0.0541232377,-0.564394534,0.1098492,4.663947,6.62607527,-0.493438721,-0.251281738,0.972403765,0.0026170474,0.0320405662,-0.8756033,1.93774843,2.68145037,3.42224
250,4.9999982284580495,1693,0,-1,-0.476414651,0,3.97152758,-0.780865848,0,6.48968458,-0.780865848,0,6.48968458,1,0,0,1,-0.46079734,-5.96046448E-06,3.841734,0,0,0,-0.46685037,-0.00138238072,3.84682655,-4.093872,-0.1711731,0.0578575842,0.0165654775,0.13500154,0.008299576,-0.458585262,0.00576870143,3.75877666,-5.21572876,-0.07620239,-0.0539550781,-0.337969959,0.161696836,-0.0285082981,-0.461756259,-0.005524248,3.82588959,12.0231447,-0.0634460449,-0.211303711,-0.1464264,0.159636915,-0.008269463,-0.420298845,0.0276612341,3.46882772,-1.84176636,-0.118682861,-0.0330810547,-0.418404847,0.160361931,-0.011834532,-0.4982288,0.09665277,4.18236,16.5804558,-0.192504883,-0.269012451,1.4534086,0.125975475,0.0235480666,-0.399759,0.0953245461,3.249777,-2.537506,-0.1359253,-1.381012,-0.8950062,0.170368925,0.05756537,-0.537047863,0.100859523,4.497535,7.71056128,-0.410827637,-0.275970459,0.9052337,0.0504187942,0.03690195,-0.875774145,1.93774867,2.6828742,3.42339945
251,5.0199982213718819,1701,0,-1,-0.476414651,0,3.97152758,-0.776960254,0,6.44744873,-0.776960254,0,6.44744873,1,0,0,1,-0.460875452,1.49011612E-08,3.84257865,0,0,0,-0.467593372,-0.00143407285,3.84722018,-4.08987427,-0.00573730469,0.05562917,0.0148998909,0.157045379,0.0119980387,-0.4722956,-0.0046493113,3.87345052,-4.97149658,0.117069013,-0.06491089,0.258967429,0.174784,-0.04424809,-0.4529873,-0.0206277668,3.759985,11.6559439,0.1270576,-0.193664551,-0.5099846,0.177241266,-0.0260463953,-0.450873941,0.007717043,3.72183752,-3.08456421,0.07250542,-0.04852295,-0.283954948,0.157673985,-0.0112191811,-0.4676723,0.0523589328,3.98437071,17.8680344,-0.0263977051,-0.256896973,0.7411723,0.144354478,0.0124534518,-0.436310977,0.0893844441,3.50585556,-3.46188354,-0.0155639648,-1.3085022,-0.9384785,0.145482346,0.1985875,-0.494496226,0.06605258,4.218239,8.484095,-0.296478271,-0.300964355,0.624784052,0.067165,0.04795368,-0.875973,1.93774867,2.68453169,3.42474937
252,5.0399982142857143,1709,0,-1,-0.476414651,0,3.97152758,-0.767536759,0,6.35921,-0.767536759,0,6.35921,1,0,0,1,-0.461063921,1.49011612E-08,3.84434342,0,0,0,-0.4679434,-0.00145129859,3.84848213,-4.08511353,0.1673156,0.053102538,0.0155752264,0.1662976,0.0150912721,-0.483278364,-0.013151899,3.97222471,-4.173401,0.306228,-0.0745239258,0.763322055,0.173586771,-0.0554354638,-0.446050018,-0.0310341865,3.71149731,11.0397654,0.312168151,-0.185089111,-0.78199774,0.1803285,-0.0443071723,-0.481663078,-0.0107177943,3.973216,-3.871704,0.250097841,-0.0557861328,0.190543011,0.157420561,-0.00470528752,-0.4331911,-0.0134492964,3.749264,17.880455,0.142935321,-0.254974365,-0.01546352,0.148202121,-0.0005684127,-0.4790843,0.0483841822,3.81813288,-4.080139,0.134197012,-1.14022827,-0.62760663,0.15233776,0.217985064,-0.435542,-0.00669125468,3.79887581,8.537544,-0.166290283,-0.3126526,0.005643392,0.0700834,0.06258376,-0.8758326,1.93774843,2.68336153,3.42379618
253,5.0599982071995466,1717,0,-1,-0.476414651,0,3.97152758,-0.7602799,0,6.293502,-0.7602799,0,6.293502,1,0,0,1,-0.461209059,0,3.84565759,0,0,0,-0.46829614,-0.00145845115,3.84938955,-4.07885742,0.341168672,0.0514805466,0.016407758,0.1686625,0.0180370975,-0.492082953,-0.0171452463,4.054762,-2.91824341,0.4857875,-0.0798339844,1.18249834,0.16783911,-0.0632490963,-0.437302172,-0.0430867076,3.64479971,10.0853271,0.485290617,-0.189880371,-1.139394,0.176289767,-0.06041974,-0.5105881,-0.0275625885,4.223947,-4.14355469,0.415771782,-0.0590209961,0.7436954,0.1526761,-0.00109384954,-0.39552334,-0.08017996,3.47367716,17.1921062,0.303790361,-0.268463135,-0.612891555,0.145027325,-0.0135902017,-0.523203,-0.00732395053,4.157092,-4.225128,0.294238061,-0.878417969,-0.168255284,0.15102306,0.244387478,-0.377314657,-0.07407804,3.36879754,7.832207,-0.03112793,-0.333465576,-0.5978374,0.0700200051,0.056928698,-0.8753907,1.93774843,2.67967749,3.42079663
254,5.0799982001133781,1726,0,-1,-0.476414651,0,3.97152758,-0.7600638,0,6.28860235,-0.7600638,0,6.28860235,1,0,0,1,-0.46121338,-1.54823065E-05,3.84575558,0,0,0,-0.467901677,-0.00147055089,3.84942865,-4.07327271,0.502683163,0.0497192666,0.0158557054,0.158022448,0.019526992,-0.498773724,-0.0153428912,4.12080145,-1.30245972,0.6397436,-0.07058716,1.51381886,0.148762822,-0.06393951,-0.427508,-0.0526369363,3.57054734,8.736065,0.6298399,-0.209960938,-1.5178268,0.15608874,-0.07375097,-0.537129939,-0.03507489,4.461201,-3.82778931,0.571267068,-0.049041748,1.324324,0.132916078,0.00102257729,-0.3599683,-0.136885539,3.1967833,15.8440752,0.440240741,-0.29901123,-1.17791319,0.126478329,-0.0248553157,-0.56079787,-0.0743318647,4.499657,-4.08136,0.5039247,-0.201416016,0.165557936,0.199914336,0.565906,-0.32501772,-0.130300567,2.96363,6.55322647,0.08937016,-0.346405029,-1.07962668,0.0519813746,0.06902095,-0.875532866,1.93774867,2.680863,3.42176175
255,5.0999981930272105,1735,0,-1,-0.476414651,0,3.97152758,-0.7664907,0,6.34165049,-0.7664907,0,6.34165049,1,0,0,1,-0.461084843,1.49011612E-08,3.84469461,0,0,0,-0.4668375,-0.00147682428,3.84867239,-4.070862,0.63720125,0.04793621,0.0137133645,0.132875845,0.01968856,-0.5025947,-0.007759869,4.16692734,0.5686846,0.7532012,-0.0476989746,1.73970222,0.113164879,-0.0604023635,-0.418667,-0.0553268343,3.50367928,7.026341,0.7287389,-0.2453003,-1.83945811,0.1191249,-0.08081311,-0.561965764,-0.0284077376,4.670131,-2.859314,0.686980963,-0.0349731445,1.8842231,0.09611192,0.00745916367,-0.330350578,-0.170329839,2.94774246,13.9214077,0.5360704,-0.345794678,-1.67013526,0.09711653,-0.0315707028,-0.597259,-0.107633114,4.824022,-3.20681763,0.5829163,0.027763797,0.8109556,0.09767535,0.144570529,-0.2862586,-0.1645186,2.61044836,4.958663,0.207017869,-0.314880371,-1.34572542,0.06841127,0.12715207,-0.8761042,1.93774843,2.68562555,3.42564034
256,5.1199981859410428,1742,0,-1,-0.476414651,0,3.97152758,-0.775949955,0,6.42528772,-0.775949955,0,6.42528772,1,0,0,1,-0.460895658,0,3.84302187,0,0,0,-0.4652555,-0.0014796108,3.84770417,-4.072357,0.730974138,0.0463476442,0.010846151,0.09407566,0.0184907634,-0.5042204,0.00376056135,4.190678,2.57713532,0.810942054,-0.0145568848,1.846814,0.06451963,-0.0504468977,-0.412131369,-0.0499163121,3.45410562,5.046803,0.7699856,-0.290496826,-2.05836844,0.0696222857,-0.07821846,-0.580858648,-0.0104765445,4.835751,-1.231781,0.7637507,-0.00204467773,2.37471557,0.0679758638,0.00680142641,-0.31089884,-0.173526466,2.751205,11.5545835,0.58873713,-0.397705078,-2.04951143,0.06494063,-0.0274367929,-0.623971462,-0.158557132,5.1113286,-1.75454712,0.7457717,0.08780627,1.31731653,0.125550061,0.0144575536,-0.2642451,-0.169535175,2.34074783,3.36053944,0.357810438,-0.202178955,-1.35215926,0.08380214,0.153195351,-0.875454,1.93774867,2.68020582,3.42122674
257,5.1399981788548752,1750,0,-1,-0.476414651,0,3.97152758,-0.784591138,0,6.50345325,-0.784591138,0,6.50345325,1,0,0,1,-0.460722834,1.49011612E-08,3.84145856,0,0,0,-0.4632974,-0.00148609281,3.846849,-4.07769775,0.7730055,0.0451518632,0.008375885,0.0442549847,0.0158968177,-0.504031837,0.0169024169,4.194465,4.620942,0.803335667,0.0218108427,1.8467766,0.005013272,-0.035589397,-0.409128278,-0.03716004,3.42886257,2.92494273,0.749805748,-0.334655762,-2.14476,0.0136471651,-0.06208515,-0.5973983,0.0311096013,4.94090366,0.970156,0.8059889,0.0471850336,2.711877,0.0365398526,0.01424706,-0.305903375,-0.147327691,2.62876534,8.91568851,0.634256542,-0.431854248,-2.28037953,0.040561825,-0.00670069456,-0.6419759,-0.09227058,5.29406738,-0.269012451,0.8917842,-0.648407,1.64579439,0.0958733559,-0.104728371,-0.263253361,-0.1453957,2.18039,2.040179,0.5786448,-0.103668213,-1.1304239,0.166480929,0.114484064,-0.8754716,1.93774867,2.68035221,3.421346
258,5.1599981717687076,1759,0,-1,-0.476414651,0,3.97152758,-0.787079632,0,6.536367,-0.787079632,0,6.536367,1,0,0,1,-0.460673064,1.49011612E-08,3.84080029,0,0,0,-0.461303264,-0.00147272646,3.84684634,-4.084137,0.757448733,0.0447800532,0.007755925,-0.0119841844,0.0122228228,-0.5009618,0.02823627,4.173419,6.5658946,0.729432344,0.06237801,1.71228468,-0.0530958846,-0.01996231,-0.411481768,-0.0204209983,3.43441248,0.808351,0.6720901,-0.3614807,-2.07439923,-0.04474616,-0.0279111862,-0.59925884,0.08643027,4.97012663,3.57589388,0.7569234,0.101611346,2.86362314,-0.0644652843,0.000669419765,-0.319027841,-0.104021639,2.60051227,6.21363354,0.608772933,-0.4376831,-2.33445263,-0.0356910527,0.0235960484,-0.6389196,0.03243959,5.36993265,1.20466328,0.877977,-0.319854736,1.03410637,-0.011358425,0.2789114,-0.268138915,-0.1131939,2.1406312,0.4481743,0.5827991,-0.553009033,-0.9606213,0.0414437279,-0.0511344969,-0.8759825,1.93774843,2.68461132,3.42481422
259,5.179998164682539,1766,0,-1,-0.476414651,0,3.97152758,-0.788054168,0,6.5577054,-0.788054168,0,6.5577054,1,0,0,1,-0.460653573,0,3.84037352,0,0,0,-0.4592754,-0.00144584477,3.8471396,-4.089691,0.682041,0.0451846719,0.008186406,-0.07053792,0.007538948,-0.4934661,0.0333005339,4.12376928,8.245301,0.5978479,0.0922181457,1.4283421,-0.10988947,-0.0102796853,-0.4172552,-0.00443400443,3.466309,-1.16107178,0.5378714,-0.354919434,-1.87240732,-0.106614247,0.01430279,-0.587400138,0.123375759,4.923477,6.41782856,0.6449754,0.110098533,2.87655163,-0.09563636,-0.0240026116,-0.335103065,-0.0428130925,2.66674566,3.650255,0.5209782,-0.405792236,-2.20339966,-0.09672847,0.0365965664,-0.633913934,0.0874677151,5.36763144,2.25760937,0.845411062,-0.22668457,0.873233557,-0.0186412334,0.07753357,-0.284816235,0.0155383646,2.238971,-0.6376648,0.5739954,-0.210784912,-1.02981567,-0.07423933,0.3201354,-0.8756504,1.93774867,2.6818428,3.42255974
260,5.1999981575963714,1773,0,-1,-0.476414651,0,3.97152758,-0.7857698,0,6.551709,-0.7857698,0,6.551709,1,0,0,1,-0.46069926,1.49011612E-08,3.84049344,0,0,0,-0.457746446,-0.00140026212,3.8477428,-4.09371948,0.554219246,0.04693501,0.009447411,-0.122029573,0.00268775318,-0.483704537,0.0302639753,4.052591,9.5353775,0.424402982,0.09961066,1.0336237,-0.156538248,-0.00112397969,-0.424007177,0.007029906,3.53457737,-2.79031372,0.353123665,-0.3269348,-1.49675,-0.154432282,0.04057899,-0.5737821,0.1462299,4.81018734,9.397354,0.5104449,0.106919065,2.75541759,-0.122081228,-0.0328785777,-0.356334955,0.0104486644,2.82820415,1.41998553,0.346625328,-0.3838501,-1.83656466,-0.155055642,0.04549533,-0.6224692,0.11764963,5.28576,3.48784184,0.7991792,-0.202148438,1.02752519,-0.0225848947,0.0125792623,-0.314801663,0.121055871,2.41528487,-1.99362183,0.367071,0.0115817329,-1.18326247,-0.13083221,0.113347813,-0.8753975,1.93774843,2.67973423,3.420843
261,5.2199981505102038,1782,0,-1,-0.476414651,0,3.97152758,-0.7801774,0,6.5178895,-0.7801774,0,6.5178895,1,0,0,1,-0.4608111,0,3.84116983,0,0,0,-0.456763148,-0.00135949254,3.84885955,-4.09460449,0.386572033,0.0495947227,0.0113266241,-0.161671057,-0.00216377457,-0.473438531,0.019537583,3.96813822,10.3555183,0.223730966,0.091518186,0.5703105,-0.188607723,0.01223965,-0.434090465,0.0110399574,3.6191287,-3.97460938,0.13870801,-0.283752441,-1.04735613,-0.1824291,0.0692751259,-0.5554294,0.152496159,4.63927,12.3631544,0.348686755,0.09164377,2.48096013,-0.14296715,-0.0374485254,-0.387459219,0.0346939266,3.0526495,-0.375427246,0.173677251,-0.326507568,-1.15140593,-0.159634382,0.05597742,-0.6027887,0.1363152,5.122302,4.921298,0.737013,-0.205230713,1.18821454,-0.0271816067,-0.0118649006,-0.350487947,0.134750962,2.703503,-3.39440918,0.26689294,0.07031607,-1.17450714,-0.1094224,-0.005102664,-0.8758151,1.93774867,2.683216,3.423678
262,5.2399981434240361,1790,0,-1,-0.476414651,0,3.97152758,-0.7757279,0,6.491854,-0.7757279,0,6.491854,1,0,0,1,-0.4609001,1.49011612E-08,3.84169054,0,0,0,-0.456145257,-0.00132589042,3.849636,-4.09371948,0.192769542,0.0524954721,0.0125080971,-0.188362285,-0.00682346476,-0.461814523,0.00338439643,3.87676,10.6648283,0.00693610543,0.0692907646,0.07491773,-0.210581392,0.0221983418,-0.448260665,0.00667373836,3.73844862,-4.52545166,-0.0897827148,-0.228607178,-0.425997466,-0.197843537,0.0906126648,-0.5391891,0.137655079,4.422262,15.1475306,0.150274634,0.0792056,2.06443858,-0.186061233,-0.0217210054,-0.4227929,0.0317799151,3.3312397,-2.32992554,-0.02746582,-0.2536621,-0.835686,-0.187500536,0.06424637,-0.593368053,0.138118818,4.87942457,6.41454124,0.464626253,-0.0915527344,1.23145175,-0.183893025,0.0217653215,-0.3823799,0.147401214,2.9994278,-4.893738,0.0576872975,0.07093471,-1.27563763,-0.170668781,-0.019382149,-0.8754824,1.93774867,2.68044233,3.42141938
263,5.2599981363378685,1798,0,-1,-0.476414651,0,3.97152758,-0.7662687,0,6.422987,-0.7662687,0,6.422987,1,0,0,1,-0.461089283,1.49011612E-08,3.843068,0,0,0,-0.455970883,-0.00130414963,3.85096288,-4.090393,-0.0131225586,0.0551408865,0.0141806947,-0.201874673,-0.0109963249,-0.455441415,-0.0117117763,3.80132747,10.5472317,-0.214874268,0.0578043573,-0.33557418,-0.219484076,0.0482081473,-0.4635442,-0.00248014927,3.86146426,-4.39123535,-0.3223877,-0.168731689,0.205225527,-0.202712789,0.106204122,-0.519882,0.09497725,4.170758,17.11887,-0.0565185547,0.0818889,1.177006,-0.1838624,-0.000965565443,-0.454585642,0.0180510134,3.619201,-4.00717163,-0.258361816,-0.17980957,-0.48620376,-0.190740824,0.056033507,-0.563805461,0.107489511,4.518661,7.66088,0.2844541,-0.02142334,1.00396657,-0.13401787,-0.00242432952,-0.409650922,0.13094911,3.32845116,-6.24414063,-0.113922119,0.0188579243,-1.14628327,-0.172106639,-0.0327330232,-0.8753759,1.93774843,2.67955446,3.4206965
264,5.2799981292517009,1807,0,-1,-0.476414651,0,3.97152758,-0.7541466,0,6.330397,-0.7541466,0,6.330397,1,0,0,1,-0.461331725,0,3.84491968,0,0,0,-0.4559468,-0.001283735,3.852625,-4.08410645,-0.220916748,0.0568379462,0.0163204353,-0.206135675,-0.0147260725,-0.45125097,-0.0218443274,3.75203,10.1779184,-0.42755127,0.0617771149,-0.6113904,-0.216818392,0.06991689,-0.4749779,-0.0105191767,3.96413326,-3.68234253,-0.5491028,-0.117462158,0.72664094,-0.200427085,0.108791053,-0.4939698,0.0216011778,3.88758373,17.4489479,-0.2565918,0.0985209942,0.259847939,-0.182757825,0.015817754,-0.48329103,-0.001039803,3.90641665,-5.110626,-0.4694214,-0.130157471,0.104017943,-0.195520312,0.04212427,-0.5123209,0.0252177566,3.99960876,8.090471,0.09473557,0.0296108611,0.3012109,-0.132781222,-0.0018786937,-0.447870672,0.08442725,3.7048285,-7.14849854,-0.363098145,0.0445206761,-0.7387164,-0.196044818,-0.0130602866,-0.876192868,1.93774867,2.68636513,3.426243
265,5.2999981221655323,1815,0,-1,-0.476414651,0,3.97152758,-0.7437426,0,6.249931,-0.7437426,0,6.249931,1,0,0,1,-0.4615398,1.49011612E-08,3.846529,0,0,0,-0.455854774,-0.00125579536,3.85403275,-4.07550049,-0.425354,0.0572503,0.0177912433,-0.204739526,-0.0178922173,-0.4437696,-0.03473015,3.679999,9.443873,-0.6246338,0.0828514844,-0.9968849,-0.208071887,0.0884262845,-0.484899163,-0.0142693371,4.049621,-2.50033569,-0.7633972,-0.08319092,1.15833783,-0.19154349,0.10857594,-0.460451961,-0.0544180721,3.56572866,16.9488583,-0.442230225,0.132024691,-0.4467765,-0.1718943,0.03080171,-0.5126781,-0.0196597725,4.18573046,-5.574951,-0.684448242,-0.09353638,0.74976337,-0.177945465,0.02823481,-0.458546758,-0.0522403121,3.490389,7.616156,-0.07571411,0.05186615,-0.415560842,-0.113777906,-0.01827506,-0.4843945,0.02226352,4.09515,-7.43185425,-0.5143738,-0.037322998,-0.20045802,-0.138817087,-0.0561330765,-0.876313746,1.93774843,2.68737268,3.427064
266,5.3199981150793647,1822,0,-1,-0.476414651,0,3.97152758,-0.741936564,0,6.23626947,-0.741936564,0,6.23626947,1,0,0,1,-0.461575925,-5.96046448E-06,3.84680223,0,0,0,-0.45647037,-0.0012575984,3.854157,-4.06771851,-0.610687256,0.0580472574,0.017001817,-0.187502876,-0.0191290453,-0.434979945,-0.0458965,3.598096,8.270628,-0.784790039,0.120852686,-1.41183162,-0.17902182,0.101909608,-0.493266076,-0.0124625266,4.116931,-0.947296143,-0.93963623,-0.0713806152,1.49357867,-0.160724834,0.101504773,-0.424622059,-0.11998339,3.25177026,15.6973906,-0.5949707,0.184618518,-1.09016716,-0.1455943,0.0422683954,-0.537441,-0.0310165435,4.4421277,-5.33898926,-0.8544922,-0.0930480957,1.39007211,-0.15076378,0.007706821,-0.4059986,-0.117079943,3.02840447,6.46647549,-0.222625732,0.07066168,-0.9842582,-0.09312463,-0.0272090733,-0.523259342,-0.0470523,4.47294569,-6.9901123,-0.6513672,-0.104949951,0.417944849,-0.132826522,-0.0149615258,-0.8753221,1.93774867,2.67910624,3.42033172
267,5.3399981079931971,1830,0,-1,-0.476414651,0,3.97152758,-0.747320354,0,6.281426,-0.747320354,0,6.281426,1,0,0,1,-0.46146825,1.49011612E-08,3.845899,0,0,0,-0.4575617,-0.001251325,3.85318875,-4.06369,-0.760681152,0.05886269,0.014288513,-0.154257059,-0.0188723728,-0.4268587,-0.0502859056,3.5249474,6.69591475,-0.8904114,0.174634755,-1.76153445,-0.132490963,0.106535494,-0.498692155,-0.005157873,4.16186237,0.8596377,-1.05728149,-0.0852355957,1.7111274,-0.114068374,0.08622122,-0.3900694,-0.160107464,2.9776938,13.813262,-0.699584961,0.254056454,-1.632596,-0.111974686,0.04687509,-0.5595449,-0.0309511423,4.66114855,-4.37496948,-0.976501465,-0.123931885,1.98588848,-0.112387888,-0.00522425771,-0.354309559,-0.157235,2.63951063,4.93356371,-0.3814392,0.04673683,-1.31212068,-0.09945703,-0.05052516,-0.563392937,-0.119282223,4.820421,-5.811493,-0.7993469,-0.114532471,1.02956057,-0.122636408,0.0406565964,-0.876116633,1.93774867,2.6857295,3.42572522
268,5.3599981009070294,1838,0,-1,-0.476414651,0,3.97152758,-0.759728551,0,6.377926,-0.759728551,0,6.377926,1,0,0,1,-0.4612201,0,3.843969,0,0,0,-0.458924979,-0.00129568577,3.851317,-4.065094,-0.8623352,0.0592974834,0.0104204807,-0.1082466,-0.0173043273,-0.4204272,-0.0461695045,3.4715004,4.82438374,-0.9329834,0.23692432,-1.99378824,-0.0752121359,0.09904429,-0.500898361,0.00573143363,4.18128872,2.78724241,-1.10464478,-0.119812012,1.79711092,-0.0576472841,0.0669587851,-0.358616978,-0.16728279,2.76851368,11.4561462,-0.7595215,0.3262985,-2.03707123,-0.06680544,0.0412361026,-0.57889545,-0.0179661363,4.830569,-2.688324,-1.03878784,-0.173828125,2.50436378,-0.06319,-0.00567102432,-0.309949428,-0.165278479,2.352958,3.36080861,-0.520568848,0.0268318858,-1.35047209,-0.08953159,-0.03201568,-0.6070173,-0.18721202,5.12173653,-3.971283,-0.9635315,-0.0193786621,1.59286451,-0.114334717,0.105083883,-0.8758921,1.93774843,2.683858,3.42420053
269,5.3799980938208618,1846,0,-1,-0.476414651,0,3.97152758,-0.777654648,0,6.518295,-0.777654648,0,6.518295,1,0,0,1,-0.460861564,-5.94556332E-06,3.84116173,0,0,0,-0.460502267,-0.00133569539,3.848642,-4.07278442,-0.9060974,0.0592552051,0.00615183776,-0.05280336,-0.0143234376,-0.4167032,-0.0347058922,3.44461751,2.80021882,-0.9111328,0.2962593,-2.078702,-0.0140773244,0.07905406,-0.5005736,0.0171224326,4.17411661,4.696516,-1.082428,-0.164978027,1.74824572,0.00123905763,0.0497460365,-0.332683176,-0.142966449,2.64525676,8.824645,-0.798187256,0.3816465,-2.26994348,-0.0354504436,0.01893717,-0.597397566,0.00639073551,4.939912,-0.324188232,-1.0657959,-0.2135315,2.91054463,-0.008163255,0.01354754,-0.26993686,-0.1421688,2.19375968,2.05009484,-0.712768555,0.00752369873,-1.1301291,-0.13277936,0.00254058838,-0.6525386,-0.23031044,5.358769,-1.64926147,-1.08398438,0.146662369,2.29973674,-0.0756811351,-0.271226168,-0.8757633,1.93774867,2.682784,3.423326
270,5.3999980867346933,1853,0,-1,-0.476414651,0,3.97152758,-0.7861811,0,6.581154,-0.7861811,0,6.581154,1,0,0,1,-0.460691035,-5.96046448E-06,3.83990455,0,0,0,-0.462489665,-0.00139676034,3.84687471,-4.08380127,-0.88583374,0.0587172434,0.00430368772,0.009801369,-0.009877303,-0.41648975,-0.0194140077,3.45093226,0.7868925,-0.826660156,0.3328462,-1.99576414,0.05211845,0.04597172,-0.5025852,0.02707003,4.15315533,6.520418,-0.9934082,-0.191558838,1.62040532,0.0663456544,0.0510009527,-0.3196566,-0.101500213,2.626061,6.14917326,-0.7659302,0.416927427,-2.30764532,0.0396494567,0.00124758482,-0.6120966,0.0700296462,4.97227049,2.532797,-0.971466064,-0.220977783,3.05078149,0.06451335,0.03898412,-0.251959115,-0.106680155,2.16594887,0.4835495,-0.774292,-0.5697632,-0.8449032,-0.0067877546,0.00146880746,-0.66901505,-0.0502001643,5.43029928,0.77889365,-1.06222534,-0.108764648,1.85710824,0.009278722,-0.122528657,-0.8751594,1.93774867,2.67774963,3.4192276
271,5.4199980796485256,1862,0,-1,-0.476414651,0,3.97152758,-0.7863271,0,6.566789,-0.7863271,0,6.566789,1,0,0,1,-0.4606881,1.49011612E-08,3.84019184,0,0,0,-0.464610964,-0.00142163038,3.84639883,-4.092865,-0.800231934,0.0574347824,0.00608593971,0.07350859,-0.004614619,-0.419429,-0.004643306,3.48521447,-1.07241821,-0.6805725,0.344756,-1.77933955,0.113522843,0.00521990657,-0.498226583,0.0314459056,4.10520744,8.099643,-0.835845947,-0.196258545,1.34415948,0.132667243,0.03895536,-0.315764755,-0.0415760577,2.70648336,3.6458714,-0.6566162,0.428295225,-2.149138,0.09053961,-0.0289621949,-0.6034492,0.115806289,4.92033052,5.581885,-0.8937988,-0.2333374,3.00446677,0.09500931,0.04002607,-0.258250535,0.013577193,2.28397727,-0.6166687,-0.7384949,-0.15612793,-1.040225,0.05226357,0.303157181,-0.6651768,0.0707444251,5.39566374,2.00157619,-1.061554,-0.183868408,1.00021315,-0.00188079849,-0.0288321823,-0.875970066,1.93774843,2.68450737,3.42472959
272,5.439998072562358,1870,0,-1,-0.476414651,0,3.97152758,-0.7851842,0,6.540849,-0.7851842,0,6.540849,1,0,0,1,-0.460710973,0,3.84071064,0,0,0,-0.466169566,-0.00142769516,3.846257,-4.09771729,-0.65914917,0.05462301,0.00890071,0.127765745,0.0005984248,-0.426082015,0.00555036962,3.55557966,-2.58206177,-0.493164063,0.328179955,-1.38982463,0.159708142,-0.03785315,-0.488309979,0.0273737013,4.03147554,9.280224,-0.629425049,-0.189331055,0.935641468,0.180220664,0.0170609951,-0.326238483,0.009188622,2.88265371,1.50918365,-0.5187073,0.382888347,-1.70716417,0.144415081,-0.05007261,-0.5841603,0.137161165,4.795324,8.714638,-0.743469238,-0.231781,2.83155012,0.133489609,0.0453426838,-0.28245458,0.116374493,2.48160958,-1.94088745,-0.6291809,0.0663004741,-1.14253247,0.09388659,0.0584925562,-0.6510072,0.108586766,5.289462,3.19884133,-1.04776,-0.23336792,0.991576433,0.003497002,-0.0003978014,-0.8762525,1.93774867,2.68686247,3.42664814
273,5.45999806547619,1878,0,-1,-0.476414651,0,3.97152758,-0.781996846,0,6.503191,-0.781996846,0,6.503191,1,0,0,1,-0.46077472,0,3.8414638,0,0,0,-0.467227638,-0.00142781436,3.84650564,-4.09838867,-0.478057861,0.05086381,0.0118539464,0.16769062,0.005811454,-0.436800271,0.008492544,3.64321041,-3.6300354,-0.2772522,0.289096057,-0.920892358,0.190873861,-0.06607437,-0.476297945,0.0156905949,3.94408441,9.978645,-0.395813,-0.174469,0.458268017,0.2108458,-0.00592958927,-0.352425873,0.0300952941,3.12140155,-0.2854004,-0.317626953,0.3283977,-0.9820994,0.188805133,-0.0556770265,-0.556836545,0.142077357,4.61141825,11.7823925,-0.559845,-0.217102051,2.508585,0.172144055,0.04892236,-0.3129977,0.128491819,2.7843442,-3.26351929,-0.379821777,0.0775686949,-1.11240888,0.185457587,-0.06695986,-0.6316634,0.12784788,5.10357761,4.56054735,-0.9215698,-0.173858643,1.12061918,0.07026346,0.0552178919,-0.875618637,1.93774867,2.68157768,3.42234373
274,5.4799980583900227,1886,0,-1,-0.476414651,0,3.97152758,-0.7791373,0,6.466737,-0.7791373,0,6.466737,1,0,0,1,-0.4608319,1.49011612E-08,3.842193,0,0,0,-0.467900336,-0.00144486129,3.84674144,-4.096344,-0.27130127,0.04717516,0.0137333339,0.193711326,0.0107951546,-0.452366978,0.003213957,3.77294016,-3.98135376,-0.0455322266,0.2369768,-0.245920211,0.207563668,-0.0866514,-0.464733332,-0.000584438443,3.85124254,10.1606274,-0.15145874,-0.152832031,-0.0421236269,0.2263137,-0.0223797634,-0.385337085,0.0247208178,3.40380669,-2.29046631,-0.104217529,0.2569492,-0.8637026,0.190284342,-0.06275591,-0.527014852,0.126176432,4.383961,14.6164665,-0.3394165,-0.182220459,2.04669762,0.192649662,0.0521959662,-0.34566927,0.148190409,3.06374979,-4.74578857,-0.180145264,0.0570256636,-1.27202523,0.166374415,-0.0555368662,-0.600316346,0.129064828,4.84263325,5.96881866,-0.7341614,-0.1449585,1.15183592,0.113853693,0.028706938,-0.8758318,1.93774843,2.68335533,3.42379117
275,5.4999980513038542,1894,0,-1,-0.476414651,0,3.97152758,-0.7709253,0,6.389656,-0.7709253,0,6.389656,1,0,0,1,-0.460996151,-5.96046448E-06,3.8437345,0,0,0,-0.467974633,-0.00146131217,3.847818,-4.09130859,-0.0585632324,0.0433968455,0.0158996563,0.2016923,0.0147546418,-0.465165854,-0.00459200144,3.886807,-3.694397,0.179542974,0.181511313,0.335894,0.20409517,-0.100135192,-0.4570319,-0.0148701072,3.77653933,9.923699,0.08595614,-0.118835449,-0.44552353,0.225920618,-0.02838853,-0.419776767,0.0132536441,3.686117,-3.82757568,0.100484319,0.186597019,-0.368516833,0.182385758,-0.05800529,-0.486657649,0.08331294,4.12642527,16.5715828,-0.07470703,-0.148162842,1.117923,0.216756329,0.0264525414,-0.389512777,0.120517194,3.40842772,-5.98547363,0.005483763,0.0457264446,-1.04881132,0.160210282,-0.0356594026,-0.529663742,0.09816368,4.467976,7.11253548,-0.395111084,-0.285552979,0.9130306,0.221197426,-0.018279165,-0.8758867,1.93774867,2.68381262,3.42416382
276,5.5199980442176866,1902,0,-1,-0.476414651,0,3.97152758,-0.7624957,0,6.310632,-0.7624957,0,6.310632,1,0,0,1,-0.461164743,1.49011612E-08,3.845315,0,0,0,-0.468362927,-0.00146147609,3.84891963,-4.083832,0.15355961,0.0415505841,0.01759471,0.203651845,0.01881322,-0.47611478,-0.0105168372,3.98243237,-2.87380981,0.3958695,0.1271308,0.8231145,0.198592722,-0.107784741,-0.449140936,-0.02334866,3.73166323,9.460049,0.3132735,-0.103546143,-0.696806133,0.222003,-0.0536436141,-0.457236171,-0.00430046,3.970183,-4.79803467,0.3167568,0.125895813,0.247917682,0.181795672,-0.04516889,-0.441945732,0.0102201477,3.84085822,16.7931423,0.146382868,-0.144317627,0.165714547,0.191711709,-0.000687092543,-0.448569566,0.0704943,3.7887063,-6.748352,0.178312421,0.06899974,-0.6230632,0.1462583,0.006303653,-0.4505021,0.0146028847,3.93436241,7.4244976,-0.195709229,-0.317047119,0.200260162,0.120649971,0.06852905,-0.875734031,1.93774843,2.68253946,3.4231267
277,5.5399980371315189,1909,0,-1,-0.476414651,0,3.97152758,-0.754288137,0,6.23885632,-0.754288137,0,6.23885632,1,0,0,1,-0.4613289,-5.96046448E-06,3.8467505,0,0,0,-0.468549967,-0.00147172809,3.84997082,-4.07489,0.358076841,0.0408459455,0.0185050778,0.1982067,0.02175561,-0.486330628,-0.0121525973,4.062149,-1.61273193,0.593967259,0.08785334,1.22509539,0.18496649,-0.103954718,-0.4389611,-0.0342579633,3.66304684,8.654473,0.5172224,-0.10949707,-1.06141388,0.2064126,-0.07528216,-0.4967899,-0.0195194632,4.242489,-5.11148071,0.507081866,0.09440303,0.898903668,0.1680408,-0.02505213,-0.396363646,-0.06210626,3.51956487,16.17403,0.340286583,-0.163696289,-0.5485045,0.175324962,-0.0201625824,-0.5027962,0.00661768,4.175386,-6.871002,0.339483678,0.08405859,-0.07254825,0.1516555,-0.0225977562,-0.3790795,-0.0614134,3.42297626,6.86152744,-0.0205078125,-0.3388977,-0.468674242,0.10073933,0.0661935359,-0.8757222,1.93774867,2.68244123,3.42304683
278,5.5599980300453513,1917,0,-1,-0.476414651,0,3.97152758,-0.7548782,0,6.24019146,-0.7548782,0,6.24019146,1,0,0,1,-0.4613171,0,3.84672379,0,0,0,-0.4678039,-0.00146754086,3.85002351,-4.06735229,0.539542854,0.03999451,0.0173255056,0.177250668,0.0227412935,-0.493961126,-0.008395746,4.122554,-0.0171813965,0.7521975,0.07334817,1.52453518,0.153380319,-0.09268542,-0.427865267,-0.04312557,3.58519864,7.43157053,0.6778212,-0.13583374,-1.45278049,0.171952412,-0.09046644,-0.531523,-0.0267786086,4.48751736,-4.710602,0.666703939,0.09100712,1.53166032,0.141865164,-0.008741379,-0.3558934,-0.121141881,3.21190548,14.8141909,0.495438278,-0.205841064,-1.18198645,0.144398555,-0.0351279676,-0.5526559,-0.06357254,4.54527473,-6.2729187,0.5010676,0.07985957,0.540784061,0.140453786,-0.0252782032,-0.31996,-0.120759904,2.97085023,5.691177,0.126828551,-0.3456726,-0.973282456,0.08075755,0.08937277,-0.875431657,1.93774843,2.68001842,3.42107415
279,5.5799980229591837,1926,0,-1,-0.476414651,0,3.97152758,-0.762112737,0,6.3028,-0.762112737,0,6.3028,1,0,0,1,-0.4611724,-5.94556332E-06,3.84547162,0,0,0,-0.466373652,-0.00148248672,3.84933233,-4.06393433,0.681824148,0.0392223522,0.0142581072,0.140304923,0.0222258288,-0.4984039,4.67896461E-05,4.159623,1.78926921,0.8524053,0.0822421,1.70065415,0.105739467,-0.0772747546,-0.418376356,-0.0453357846,3.51782465,5.83608532,0.777211,-0.180450439,-1.77107108,0.120222643,-0.09629595,-0.559288442,-0.022549957,4.691815,-3.57489014,0.77731514,0.112029,2.10967565,0.09903238,0.00111907721,-0.324816942,-0.153065,2.95117664,12.85224,0.5953043,-0.267120361,-1.69767308,0.106635451,-0.0417422354,-0.5932095,-0.13397719,4.88132668,-4.962738,0.647559762,0.0673805,1.14976823,0.122165911,-0.0225751847,-0.2803194,-0.153260037,2.60160732,4.221083,0.287891239,-0.277191162,-1.2247982,0.09812102,0.1430794,-0.875910342,1.93774867,2.68401,3.42432451
280,5.599998015873016,1934,0,-1,-0.476414651,0,3.97152758,-0.775014162,0,6.416931,-0.775014162,0,6.416931,1,0,0,1,-0.460914373,0,3.843189,0,0,0,-0.464487016,-0.00149253011,3.84798479,-4.066345,0.7723148,0.0389368832,0.0100702289,0.09093813,0.0202921424,-0.499530941,0.0109576583,4.17078,3.67050028,0.885499835,0.107469879,1.74280262,0.0494457,-0.0600739121,-0.41202718,-0.039610818,3.471919,3.98125935,0.8094835,-0.236236572,-1.9642365,0.0614537336,-0.0896073,-0.5769212,-0.00625611842,4.843897,-1.72109985,0.832369149,0.144059956,2.59870815,0.05086638,-0.00271576643,-0.3099403,-0.152585566,2.76157284,10.4648485,0.677334845,-0.320892334,-2.06080222,0.08350323,-0.0246854126,-0.619347751,-0.198210835,5.167723,-3.04223633,0.805494547,0.0470820777,1.68288171,0.1179086,-0.0134698451,-0.270527542,-0.153556272,2.342427,2.79222941,0.5462733,-0.134857178,-1.20228994,0.184954792,0.1356932,-0.8757079,1.93774867,2.682322,3.42294979
281,5.6199980087868475,1943,0,-1,-0.476414651,0,3.97152758,-0.7890004,0,6.54353142,-0.7890004,0,6.54353142,1,0,0,1,-0.460634649,0,3.840657,0,0,0,-0.462317,-0.00149479508,3.846491,-4.07443237,0.802771151,0.0393001437,0.006234657,0.03299406,0.01697532,-0.497251034,0.0213460326,4.15695953,5.50155735,0.8513645,0.1393296,1.65438473,-0.01166451,-0.04390669,-0.4117574,-0.02747722,3.454306,2.019267,0.777111053,-0.278686523,-2.00354981,-0.00285992771,-0.0593720675,-0.58442533,0.0303427875,4.92683,0.7559747,0.8529905,0.171824425,2.91403079,-0.003313981,-0.014541924,-0.312151164,-0.123732358,2.662893,7.86209249,0.6855886,-0.3522644,-2.24371338,0.005758494,-0.004710436,-0.6345448,-0.178447634,5.373816,0.204063833,0.9035735,0.0228114836,2.745882,0.04755295,-0.036683917,-0.263771355,-0.125283718,2.21651053,1.65695119,0.6514899,-0.06881714,-0.9649946,0.0894725,0.09946667,-0.876291037,1.93774843,2.68718338,3.42690969
282,5.63999800170068,1951,0,-1,-0.476414651,0,3.97152758,-0.7878977,0,6.54831171,-0.7878977,0,6.54831171,1,0,0,1,-0.4606567,0,3.84056139,0,0,0,-0.460162282,-0.00150175393,3.84701371,-4.083313,0.76793617,0.0402821973,0.00619912241,-0.03105859,0.0123344027,-0.493463427,0.0295822173,4.1355505,7.225959,0.747820258,0.164900064,1.50947285,-0.08099443,-0.0302107632,-0.414148927,-0.0126409978,3.47006178,0.103630751,0.6730522,-0.299407959,-1.88204944,-0.07423136,-0.0258545578,-0.5888151,0.08889495,4.937955,3.62174964,0.7772935,0.1990569,2.988845,-0.0664577,-0.0142235756,-0.321962774,-0.08254346,2.67116427,5.277787,0.6307889,-0.3722229,-2.226131,-0.0623753145,0.01165688,-0.638198733,0.0282668471,5.371354,1.38005483,0.8841659,-0.09329224,1.01089692,-0.011514537,-0.09497352,-0.27982837,-0.116612628,2.23043847,0.171018288,0.637674153,0.05436394,-1.14247167,-0.0215602443,-0.115801036,-0.8762069,1.93774867,2.68648148,3.426338
283,5.6599979946145123,1958,0,-1,-0.476414651,0,3.97152758,-0.7878843,0,6.56059027,-0.7878843,0,6.56059027,1,0,0,1,-0.460656971,0,3.84031582,0,0,0,-0.458208352,-0.0014410764,3.84740639,-4.09011841,0.67009753,0.04234888,0.00730787963,-0.0924686,0.00711534452,-0.4860807,0.0299122334,4.074095,8.62488,0.5857147,0.179043233,1.16298211,-0.1385462,-0.0122444928,-0.420912564,0.000281304121,3.51424456,-1.60177612,0.5114235,-0.2951355,-1.61840284,-0.131643534,0.0167858,-0.5813649,0.121439546,4.856639,6.62424135,0.6661248,0.218831837,2.90393066,-0.1027558,-0.0202528834,-0.347690016,-0.0235507935,2.774662,2.92050362,0.519349,-0.350311279,-2.026947,-0.112726226,0.041210264,-0.636050344,0.08736116,5.32992458,2.45806026,0.8790878,-0.114959717,0.8778618,0.0009931475,-0.0375286341,-0.299477071,0.04663068,2.37411714,-0.4449768,0.561858058,-0.283294678,-0.846539855,-0.0355450436,-0.104628533,-0.875325561,1.93774867,2.67913485,3.420355
284,5.6799979875283446,1966,0,-1,-0.476414651,0,3.97152758,-0.7833275,0,6.537118,-0.7833275,0,6.537118,1,0,0,1,-0.4607481,0,3.84078526,0,0,0,-0.4569745,-0.00139147043,3.84831572,-4.093811,0.522017539,0.045844797,0.009546734,-0.142075241,0.001995041,-0.477809221,0.0225086957,3.99562454,9.593281,0.3846407,0.183779433,0.7291279,-0.180329114,0.009342641,-0.4297962,0.007622361,3.59044242,-2.927063,0.307994574,-0.2669983,-1.20480919,-0.17510809,0.04835376,-0.5686767,0.136536747,4.71243048,9.68718052,0.511341631,0.229690164,2.69267344,-0.1475124,-0.0254868269,-0.373943359,0.01703851,2.97284317,0.9664879,0.32796964,-0.309265137,-1.44651985,-0.173678279,0.0468201935,-0.6178205,0.114002004,5.201609,3.66298962,0.782560468,-0.177520752,0.9935675,-0.05521304,-0.04777862,-0.3332583,0.111304194,2.60103846,-1.81277466,0.376840383,0.0297234654,-1.178747,-0.14734073,0.197536588,-0.8754215,1.93774867,2.6799345,3.421006
285,5.699997980442177,1974,0,-1,-0.476414651,0,3.97152758,-0.7778901,0,6.50701761,-0.7778901,0,6.50701761,1,0,0,1,-0.460856855,0,3.84138727,0,0,0,-0.4561336,-0.00134952366,3.84926844,-4.09436035,0.3371349,0.04975836,0.0115372762,-0.178806826,-0.003174724,-0.4677541,0.008881092,3.90725279,10.0701342,0.159612164,0.180190444,0.246200547,-0.208799839,0.027019009,-0.442232043,0.00758332,3.69320035,-3.711029,0.07657035,-0.221313477,-0.6635368,-0.201835692,0.07569423,-0.5480473,0.133598387,4.514796,12.6377764,0.314353079,0.2239444,2.32482624,-0.173664436,-0.029738307,-0.407202721,0.0284499675,3.22823739,-0.8965454,0.126249611,-0.25100708,-0.918533146,-0.188599288,0.0541389138,-0.591472,0.126019686,4.99334669,5.00230837,0.646464,-0.238800049,1.09669852,-0.07351935,-0.03033711,-0.366178185,0.140643656,2.89091,-3.27923584,0.187671274,0.07190563,-1.22837794,-0.159968033,-0.02384165,-0.875790358,1.93774843,2.68300962,3.4235096
286,5.7199979733560085,1982,0,-1,-0.476414651,0,3.97152758,-0.7697317,0,6.44836664,-0.7697317,0,6.44836664,1,0,0,1,-0.461020023,0,3.84256029,0,0,0,-0.4559931,-0.00132383406,3.85046315,-4.09213257,0.133709267,0.0539815947,0.0134605663,-0.1979979,-0.00761835836,-0.456248075,-0.00877715647,3.81093383,10.0105171,-0.06781006,0.171599478,-0.272587746,-0.218755782,0.0407923162,-0.457595766,0.00105628371,3.818761,-3.8147583,-0.16104126,-0.169250488,-0.01745706,-0.2082446,0.0930401757,-0.52712667,0.113489851,4.28001976,15.4462833,0.105859086,0.21258001,1.95138752,-0.182370991,-0.016515851,-0.440743953,0.0209595114,3.50951838,-2.73440552,-0.0932312,-0.185089111,-0.691204965,-0.19199644,0.0549112074,-0.578151643,0.129233718,4.72325,6.25320625,0.436893135,-0.281799316,1.030222,-0.1339232,-0.08017383,-0.398059726,0.145261034,3.190538,-4.75479126,0.00648089033,0.0496271327,-1.25306082,-0.164327323,-0.0297115147,-0.8755746,1.93774867,2.681211,3.42204523
287,5.7399979662698408,1991,0,-1,-0.476414651,0,3.97152758,-0.760555565,0,6.38126373,-0.760555565,0,6.38126373,1,0,0,1,-0.461203545,1.49011612E-08,3.84390235,0,0,0,-0.456162483,-0.00129370391,3.85167766,-4.087311,-0.07254028,0.05749618,0.0152202267,-0.20312649,-0.0115412734,-0.450517535,-0.01827465,3.76215,9.669407,-0.28338623,0.164162546,-0.543623149,-0.214282423,0.0541359223,-0.4706563,-0.006328389,3.92540812,-3.32061768,-0.391204834,-0.119384766,0.5268339,-0.203919,0.102130711,-0.5019515,0.05391147,4.018772,16.60064,-0.105926514,0.216490656,0.6045136,-0.187779546,0.001496017,-0.473016977,0.007015556,3.79131675,-4.051758,-0.3138733,-0.124816895,-0.141889542,-0.194236979,0.049362652,-0.533880532,0.06139142,4.269078,7.201766,0.222552136,-0.05783081,0.729464769,-0.178907648,0.1271874,-0.436920017,0.107709005,3.54928732,-5.88058472,-0.219482422,0.0503203645,-0.9386561,-0.186637163,-0.0162829757,-0.8762648,1.93774843,2.686965,3.42673159
288,5.7599979591836732,1999,0,-1,-0.476414651,0,3.97152758,-0.748560131,0,6.28603935,-0.748560131,0,6.28603935,1,0,0,1,-0.461443454,-1.54823065E-05,3.84580684,0,0,0,-0.4559099,-0.00129391253,3.85341477,-4.07959,-0.279541016,0.05869696,0.0171675012,-0.20606944,-0.0156227546,-0.4450134,-0.0274436176,3.710216,9.083274,-0.487915039,0.171076789,-0.831668437,-0.210582435,0.07154997,-0.4817473,-0.0108065754,4.015009,-2.328949,-0.6158447,-0.0746459961,0.981268048,-0.200306982,0.109142452,-0.4704063,-0.0174522251,3.71724,16.50147,-0.297332764,0.230006486,-0.106829569,-0.173607171,0.0154310595,-0.503290534,-0.009713739,4.071678,-4.77645874,-0.541046143,-0.0746459961,0.48694545,-0.188944355,0.03658685,-0.477530748,-0.0159393474,3.73442936,7.183105,0.0447299965,0.0203770287,-0.0500617959,-0.125276387,0.02777887,-0.469951928,0.05166439,3.93501067,-6.455536,-0.388641357,-0.0177307129,-0.456454545,-0.15384312,-0.0540081859,-0.875281,1.93774843,2.67876339,3.42005253
289,5.7799979520975056,2008,0,-1,-0.476414651,0,3.97152758,-0.742271841,0,6.240561,-0.742271841,0,6.240561,1,0,0,1,-0.46156922,-5.94556332E-06,3.8467164,0,0,0,-0.456263125,-0.00125731528,3.8541398,-4.07131958,-0.47555542,0.059772294,0.0174884573,-0.19683893,-0.0177518651,-0.437087476,-0.0379220247,3.63630176,8.119004,-0.664825439,0.19194673,-1.2153306,-0.190896839,0.08638224,-0.4904028,-0.01040709,4.08789349,-0.936920166,-0.8138733,-0.04888916,1.34671235,-0.178609416,0.104718029,-0.4347936,-0.0852893,3.39836764,15.5986767,-0.4635315,0.2600271,-0.791045845,-0.152408987,0.0273590535,-0.5278108,-0.0218635947,4.33518839,-4.82720947,-0.7315979,-0.0603942871,1.12972832,-0.167834848,0.0142222643,-0.422921181,-0.08410424,3.24473834,6.388536,-0.0993652344,0.058452066,-0.682667,-0.09223024,-0.004549682,-0.506633759,-0.0145916343,4.31698847,-6.348236,-0.538085938,-0.08389282,0.133008391,-0.134760037,-0.0356929526,-0.8759495,1.93774843,2.68433666,3.42459035
290,5.7999979450113379,2016,0,-1,-0.476414651,0,3.97152758,-0.7450405,0,6.263342,-0.7450405,0,6.263342,1,0,0,1,-0.461513847,-1.54972076E-05,3.84626079,0,0,0,-0.457212746,-0.00126373768,3.85359216,-4.06552124,-0.6430969,0.06104842,0.0155515848,-0.170324847,-0.0182221532,-0.428938657,-0.0443334877,3.56126976,6.75018072,-0.794158936,0.227359653,-1.58283067,-0.151702255,0.09452219,-0.496260226,-0.00478810072,4.139798,0.7438501,-0.9598694,-0.0504760742,1.601436,-0.1374915,0.09060454,-0.3997439,-0.1342446,3.10700774,14.006608,-0.5892334,0.307296365,-1.38089406,-0.126611933,0.03375423,-0.5499276,-0.0247221142,4.56630754,-4.15881348,-0.879394531,-0.0798645,1.74196231,-0.1352784,-0.00198188424,-0.368706852,-0.133022532,2.82303762,5.097957,-0.266876221,0.0392414,-1.102315,-0.107972212,-0.04186073,-0.546615958,-0.08608662,4.67503643,-5.51602173,-0.7092285,-0.09008789,0.7373315,-0.144231424,0.02993919,-0.8754486,1.93774867,2.680161,3.42119026
291,5.8199979379251694,2025,0,-1,-0.476414651,0,3.97152758,-0.7552731,0,6.345346,-0.7552731,0,6.345346,1,0,0,1,-0.4613092,0,3.8446207,0,0,0,-0.458510339,-0.00128145516,3.851973,-4.06466675,-0.767272949,0.06198933,0.0119708953,-0.129123017,-0.017279651,-0.4220194,-0.04329051,3.50117278,5.05007267,-0.864563,0.2731038,-1.85530984,-0.09939431,0.091391,-0.499278963,0.0048148334,4.16694832,2.585278,-1.03924561,-0.0760498047,1.72825468,-0.08418758,0.07230806,-0.3669643,-0.153531626,2.8727107,11.8771143,-0.676147461,0.3607227,-1.84073079,-0.08763661,0.0311736465,-0.5701988,-0.0157958716,4.751758,-2.76177979,-0.973114,-0.120697021,2.28856826,-0.08816798,-0.005980611,-0.321252316,-0.152857751,2.495958,3.63594484,-0.425079346,0.0180147737,-1.25075912,-0.104019396,-0.0271646678,-0.5892799,-0.155281812,4.9922204,-4.00296,-0.8870239,-0.0158081055,1.31980062,-0.13293834,0.0827699,-0.8761473,1.93774867,2.68598485,3.42593312
292,5.8399979308390018,2032,0,-1,-0.476414651,0,3.97152758,-0.7717523,0,6.47310257,-0.7717523,0,6.47310257,1,0,0,1,-0.4609796,0,3.84206557,0,0,0,-0.4600426,-0.00132003427,3.84953141,-4.07006836,-0.8364563,0.06237982,0.007612072,-0.0766489059,-0.0149719268,-0.417506427,-0.0347992033,3.46511722,3.1472137,-0.8718872,0.320243925,-1.99139965,-0.04075868,0.07624632,-0.4996954,0.0156566948,4.167716,4.449921,-1.04879761,-0.116546631,1.72037446,-0.02573092,0.0548794568,-0.338219553,-0.141133636,2.718522,9.400328,-0.7441406,0.4013339,-2.136455,-0.0585847124,0.0110314488,-0.589584947,0.00452321768,4.88017941,-0.667114258,-1.02615356,-0.15826416,2.733684,-0.0378819555,0.00864315,-0.275390267,-0.141354576,2.29062939,2.31920028,-0.6357422,-0.0124511719,-1.13002574,-0.145522177,-0.00283110142,-0.6346892,-0.214132816,5.25104475,-1.955658,-1.05944824,0.09582584,1.82395983,-0.09461868,0.108823061,-0.8759165,1.93774867,2.68406129,3.42436624
293,5.8599979237528341,2040,0,-1,-0.476414651,0,3.97152758,-0.7828745,0,6.5547967,-0.7828745,0,6.5547967,1,0,0,1,-0.460757166,0,3.84043169,0,0,0,-0.461913347,-0.001372084,3.847507,-4.07992554,-0.8432617,0.06207478,0.004958296,-0.0159568116,-0.0111882985,-0.415785521,-0.0214220881,3.460379,1.20343518,-0.816040039,0.351773858,-1.96536362,0.0242321752,0.04588431,-0.5014159,0.02554755,4.15067625,6.25115538,-0.9902649,-0.145080566,1.61549425,0.0398002453,0.05310768,-0.320686519,-0.105827957,2.66222739,6.80049038,-0.745910645,0.429713517,-2.245745,0.005883973,-0.00568127632,-0.604581952,0.0580930859,4.933933,1.971721,-0.9647217,-0.171447754,2.94323945,0.04267184,0.0292508,-0.2565063,-0.108672768,2.21704054,1.29348338,-0.7354431,0.0017832563,-0.843013048,-0.0592605472,0.02276647,-0.655500352,-0.08077827,5.37154055,0.632745564,-1.03704834,-0.112731934,2.035818,0.007532768,-0.08366063,-0.8756385,1.93774843,2.68174338,3.42247844
294,5.8799979166666665,2049,0,-1,-0.476414651,0,3.97152758,-0.782537758,0,6.541004,-0.782537758,0,6.541004,1,0,0,1,-0.4607639,0,3.84070754,0,0,0,-0.464124441,-0.0014103204,3.84712934,-4.088501,-0.784088135,0.0610886924,0.00628076773,0.04832982,-0.006254966,-0.4178747,-0.007518828,3.48532939,-0.6403198,-0.6983032,0.35768643,-1.79662657,0.0894413143,0.008223742,-0.498103261,0.0308660567,4.1122613,7.8577075,-0.8583069,-0.156280518,1.38721418,0.10974323,0.04001251,-0.314669639,-0.0604529232,2.7072556,4.28722858,-0.6663513,0.426462144,-2.15892339,0.09183842,-0.0274497867,-0.598729134,0.105885535,4.90814734,4.87873,-0.9049988,-0.194366455,2.95439625,0.07929632,0.029302001,-0.256573737,-0.09430912,2.29424024,0.2649024,-0.6439514,-0.2770691,-0.932925642,0.09006162,-0.2082501,-0.6545502,0.0578921139,5.35874128,1.80075359,-1.03933716,-0.186157227,0.9679451,-0.00291818287,-0.0263262987,-0.876078665,1.93774843,2.68541312,3.42546725
295,5.8999979095804989,2056,0,-1,-0.476414651,0,3.97152758,-0.787137747,0,6.56183,-0.787137747,0,6.56183,1,0,0,1,-0.4606719,-1.54823065E-05,3.840291,0,0,0,-0.465820968,-0.001425162,3.84612346,-4.09494,-0.664978,0.0586787947,0.00766732544,0.107025839,-0.00105552073,-0.424400568,0.00347067416,3.54184985,-2.2102356,-0.526062,0.341497779,-1.46874642,0.144223109,-0.0279344916,-0.488750219,0.02841349,4.04394054,9.100957,-0.6683655,-0.159454346,1.00965214,0.164372355,0.01687175,-0.323924333,-0.00714482367,2.853912,2.08504319,-0.5118408,0.400796145,-1.85307837,0.120649971,-0.04890123,-0.5819131,0.129627,4.804053,7.913289,-0.767456055,-0.204467773,2.829554,0.123795733,0.03526801,-0.2710712,0.07203817,2.46801424,-0.8754883,-0.582397461,-0.07015991,-1.04174626,0.0507212579,0.129674688,-0.6443103,0.09924212,5.28103638,2.91160917,-1.03033447,-0.238677979,0.922034,0.00236837287,-0.00251971185,-0.8755784,1.93774867,2.681242,3.4220705
296,5.9199979024943312,2064,0,-1,-0.476414651,0,3.97152758,-0.785069466,0,6.53022766,-0.785069466,0,6.53022766,1,0,0,1,-0.460713267,1.49011612E-08,3.840923,0,0,0,-0.466985136,-0.00144137442,3.84615874,-4.09802246,-0.500457764,0.0549303144,0.0101550305,0.151700556,0.003998542,-0.433141083,0.00809589,3.62546182,-3.346283,-0.323577881,0.300915718,-1.01811385,0.177729383,-0.0645904243,-0.4772009,0.0183798969,3.96028686,9.886573,-0.4446411,-0.1538086,0.5517044,0.200010777,-0.006091334,-0.344335616,0.0265526175,3.07778072,0.339680851,-0.3577881,0.336834252,-1.1556071,0.162858859,-0.05918938,-0.557038,0.138653755,4.63879538,10.9391985,-0.5952759,-0.201843262,2.557539,0.163148478,0.0397039056,-0.305464,0.12944521,2.730492,-2.26351929,-0.4248352,0.08280211,-1.15548873,0.135037735,0.015096277,-0.627866566,0.121050231,5.12290668,4.19228029,-0.9259033,-0.190917969,1.05700159,0.0604582429,0.05183935,-0.8759408,1.93774867,2.68426347,3.424531
297,5.9399978954081627,2071,0,-1,-0.476414651,0,3.97152758,-0.7806438,0,6.482997,-0.7806438,0,6.482997,1,0,0,1,-0.46080178,0,3.84186769,0,0,0,-0.4677701,-0.001449272,3.84658957,-4.09744263,-0.305938721,0.0508598164,0.0126899956,0.1819227,0.009011358,-0.447875619,0.004843861,3.742979,-3.85708618,-0.100616455,0.246430323,-0.4037469,0.199522823,-0.08449969,-0.46572113,0.00294773281,3.8697288,10.1681223,-0.205596924,-0.1408081,0.0603475869,0.2198185,-0.0239622034,-0.376545817,0.02653648,3.347625,-1.59048462,-0.148742676,0.26637882,-0.8623722,0.1887647,-0.0644002557,-0.529219,0.127679035,4.42586327,13.7885876,-0.3824768,-0.179046631,2.13992667,0.184187561,0.0448827744,-0.336990863,0.151411176,3.01215768,-3.80014038,-0.201080322,0.07856039,-1.2931267,0.172830746,-0.06476569,-0.602784753,0.126140952,4.88629961,5.55748749,-0.7823181,-0.129760742,1.1186142,0.0793817937,0.05152282,-0.8752576,1.93774843,2.67856884,3.41989422
298,5.9599978883219951,2080,0,-1,-0.476414651,0,3.97152758,-0.773988962,0,6.41641855,-0.773988962,0,6.41641855,1,0,0,1,-0.460934877,1.49011612E-08,3.84319925,0,0,0,-0.46796006,-0.00145149231,3.84745765,-4.09353638,-0.0999755859,0.0467103161,0.0150642209,0.194793209,0.013141172,-0.4616355,-0.00265271962,3.861352,-3.71136475,0.122699015,0.188030019,0.204047173,0.201776,-0.09845995,-0.456239253,-0.014322415,3.77798247,9.941149,0.0309438631,-0.113464355,-0.4306882,0.223613709,-0.0291464478,-0.410842538,0.0162066817,3.626532,-3.221283,0.054737445,0.1927557,-0.482929528,0.181020111,-0.06127934,-0.491903931,0.09789908,4.18159151,16.2977257,-0.127716064,-0.151611328,1.67080069,0.213804051,0.0271308422,-0.377629071,0.133498371,3.334754,-5.165283,-0.0184021,0.0623403564,-1.15209913,0.155543357,-0.0461447835,-0.54223907,0.113117181,4.585279,6.813588,-0.445220947,-0.2951355,1.02105582,0.221954912,-0.038443327,-0.8761449,1.93774843,2.68596482,3.425917
299,5.9799978812358274,2088,0,-1,-0.476414651,0,3.97152758,-0.7664147,0,6.34588242,-0.7664147,0,6.34588242,1,0,0,1,-0.461086363,-5.96046448E-06,3.84461,0,0,0,-0.468185663,-0.00146125257,3.84842634,-4.08706665,0.106420085,0.04391492,0.0168469381,0.197747841,0.0171246249,-0.473038316,-0.009140581,3.960968,-3.00811768,0.3369269,0.130618438,0.712305665,0.195959538,-0.106834807,-0.4498381,-0.02096659,3.743746,9.526341,0.256441742,-0.101776123,-0.6266751,0.2192643,-0.0531350821,-0.4479881,0.000120267272,3.90688276,-4.309204,0.264089465,0.1290743,0.09965086,0.17649208,-0.0481324978,-0.4499818,0.0277028382,3.91530561,16.7317066,0.0897792056,-0.15032959,0.344663829,0.188597724,-0.00168517232,-0.434309542,0.0869493,3.70258927,-6.091156,0.138869762,0.07659708,-0.762300849,0.134664938,-0.000302195549,-0.464914441,0.0335892662,4.06233072,7.362171,-0.2543335,-0.3189392,0.378413,0.114358038,0.0741972,-0.8762257,1.93774843,2.686639,3.426466
300,5.99999787414966,2096,0,-1,-0.476414651,0,3.97152758,-0.7556024,0,6.249919,-0.7556024,0,6.249919,1,0,0,1,-0.4613026,-1.54823065E-05,3.84652925,0,0,0,-0.468640953,-0.00147131085,3.84982347,-4.07821655,0.309793353,0.0429175645,0.0185780358,0.196849167,0.0206181873,-0.483944446,-0.011781767,4.04417849,-1.84399414,0.5386492,0.08606632,1.1329602,0.187660009,-0.104302526,-0.4409901,-0.0311334729,3.682409,8.819364,0.463739485,-0.109008789,-0.9594403,0.2088506,-0.07352623,-0.4872231,-0.0154305995,4.17997265,-4.77267456,0.4543499,0.0909315646,0.736900866,0.168970063,-0.0303199664,-0.405214,-0.0445662439,3.59914541,16.3101845,0.2850176,-0.169830322,-0.3798845,0.176982611,-0.0203316659,-0.488057256,0.0255723447,4.085315,-6.40863037,0.300154984,0.08192706,-0.23768954,0.149501324,-0.0251068845,-0.392622054,-0.04395543,3.54275036,6.98403358,-0.0799560547,-0.3416748,-0.3143942,0.100452244,0.0662588,-0.8759339,1.93774867,2.68420553,3.42448378
301,6.0199978670634922,2104,0,-1,-0.476414651,0,3.97152758,-0.7539469,0,6.235161,-0.7539469,0,6.235161,1,0,0,1,-0.461335719,-5.94556332E-06,3.84682441,0,0,0,-0.4681306,-0.00147724152,3.8500886,-4.06973267,0.495513141,0.0418016538,0.0179507155,0.181167752,0.02210586,-0.492104828,-0.009225115,4.10918236,-0.32144165,0.7071265,0.06444199,1.457428,0.1615877,-0.09577261,-0.430101037,-0.0410098881,3.604504,7.70070267,0.6336308,-0.13458252,-1.356322,0.1801825,-0.08943722,-0.5224382,-0.0241811723,4.430055,-4.544739,0.622665942,0.07829073,1.36956489,0.147891968,-0.0140870512,-0.363978982,-0.107737526,3.28582072,15.1244946,0.44758153,-0.209686279,-1.03276563,0.150869086,-0.03474751,-0.539191,-0.0432502478,4.456845,-6.02249146,0.4584944,0.08282124,0.362354219,0.1415901,-0.0239616483,-0.331886649,-0.107485846,3.07794,5.948147,0.07128888,-0.3517456,-0.859227061,0.08520589,0.08761594,-0.8754432,1.93774843,2.6801157,3.42115331
302,6.0399978599773236,2112,0,-1,-0.476414651,0,3.97152758,-0.75984925,0,6.28575325,-0.75984925,0,6.28575325,1,0,0,1,-0.461217672,0,3.84581256,0,0,0,-0.466828167,-0.00147375464,3.849506,-4.064972,0.6465312,0.0406564958,0.0153198484,0.148610547,0.0219832864,-0.497195125,-0.00170238316,4.1518755,1.4412694,0.8220313,0.06612941,1.66358435,0.1177935,-0.081973,-0.420250624,-0.0449939519,3.53342152,6.191761,0.746608257,-0.1777649,-1.69789422,0.1328458,-0.0968897939,-0.55168134,-0.0222571045,4.64337158,-3.5932312,0.745744348,0.09152287,1.95859253,0.110318452,-0.002548635,-0.331093,-0.146548063,3.01239944,13.303441,0.559281,-0.268219,-1.57711565,0.116542995,-0.04184112,-0.581915855,-0.113614835,4.79963636,-4.92398071,0.613816738,0.06765297,0.970295846,0.129153192,-0.0225012749,-0.2891263,-0.1466849,2.68786144,4.53713369,0.2376548,-0.291442871,-1.17337775,0.102368265,0.137830079,-0.875737667,1.93774867,2.68257022,3.423152
303,6.059997852891156,2119,0,-1,-0.476414651,0,3.97152758,-0.771648,0,6.389239,-0.771648,0,6.389239,1,0,0,1,-0.4609817,1.49011612E-08,3.84374285,0,0,0,-0.4650367,-0.00148624182,3.8482933,-4.06564331,0.7492089,0.03996987,0.011337325,0.102608979,0.0204643589,-0.499096721,0.008831829,4.16925144,3.311375,0.8721682,0.0857434049,1.73819256,0.06379764,-0.06537911,-0.413208,-0.0411401242,3.48174763,4.392985,0.7950064,-0.233306885,-1.92400992,0.07701199,-0.09260732,-0.5716675,-0.008363768,4.807741,-1.92297363,0.8150424,0.119032986,2.46871781,0.06365685,-0.00309467316,-0.313843042,-0.1537991,2.80416369,11.0124073,0.654874444,-0.320098877,-1.97869909,0.0963095948,-0.02505058,-0.6114549,-0.179147437,5.09743738,-3.19311523,0.7749667,0.04392649,1.52066016,0.122526944,-0.012891531,-0.276787966,-0.154657066,2.40025949,3.08879232,0.506499231,-0.1446228,-1.21672463,0.190891013,0.136695176,-0.875658333,1.93774843,2.68190885,3.42261338
304,6.0799978458049884,2127,0,-1,-0.476414651,0,3.97152758,-0.7869977,0,6.523421,-0.7869977,0,6.523421,1,0,0,1,-0.4606747,1.49011612E-08,3.84105921,0,0,0,-0.462904543,-0.00149232149,3.84670782,-4.072418,0.794347942,0.0399052054,0.00697465753,0.04721431,0.017535219,-0.497260064,0.0193973184,4.15957069,5.15288,0.8570133,0.114527412,1.67293847,0.00508409739,-0.0497416258,-0.4120556,-0.0304014683,3.45671725,2.44813538,0.77975297,-0.277160645,-2.002205,0.0142495781,-0.0648389459,-0.580189943,0.02160059,4.90675545,0.396076918,0.8446785,0.140495256,2.832317,0.008000106,-0.0161857,-0.312788576,-0.131058589,2.682118,8.452567,0.683976769,-0.3534546,-2.20683837,0.0230066851,-0.00681436062,-0.629159451,-0.1881825,5.334507,0.0245145522,0.868656456,0.0633197,2.64269423,0.05100681,0.177662432,-0.267155826,-0.132208258,2.241482,1.88721144,0.633255661,-0.0678405762,-1.02597523,0.101680264,0.103749722,-0.8759136,1.93774867,2.68403673,3.42434621
305,6.0999978387188207,2135,0,-1,-0.476414651,0,3.97152758,-0.787230134,0,6.539979,-0.787230134,0,6.539979,1,0,0,1,-0.460670054,1.49011612E-08,3.840728,0,0,0,-0.460688442,-0.00150221586,3.84695935,-4.08126831,0.774788737,0.0403761677,0.00621055,-0.0161480159,0.0131496266,-0.494560778,0.0287369937,4.145256,6.92718,0.7690211,0.138986737,1.56630206,-0.06666735,-0.0348766744,-0.414537966,-0.0157445818,3.46470475,0.514259,0.6938194,-0.3005371,-1.91821468,-0.05624613,-0.0281627178,-0.5892838,0.08174294,4.93738174,3.16513872,0.7959373,0.17409429,2.95155072,-0.05304543,-0.009351194,-0.324957252,-0.09107292,2.66428566,5.856576,0.6444411,-0.3645935,-2.237926,-0.0435932837,0.019995898,-0.6369004,0.0183345079,5.351055,1.21520245,0.858210742,-0.09918213,1.02119792,-0.007884342,-0.121095449,-0.2731515,-0.104235649,2.21743035,0.4140185,0.634598136,-0.49395752,-0.9349776,0.006409541,-0.124423027,-0.875615239,1.93774867,2.68155,3.42232132
306,6.1199978316326531,2144,0,-1,-0.476414651,0,3.97152758,-0.786879957,0,6.5497303,-0.786879957,0,6.5497303,1,0,0,1,-0.460677058,1.49011612E-08,3.840533,0,0,0,-0.4586271,-0.0014552772,3.84747028,-4.08816528,0.690556,0.04191249,0.00727166142,-0.0793409646,0.008051287,-0.4881071,0.0306586027,4.088746,8.403616,0.618476868,0.158139631,1.24413753,-0.126970991,-0.0146875679,-0.420238882,-0.00222468376,3.501038,-1.25830078,0.546553552,-0.294219971,-1.69344,-0.121350266,0.0136433542,-0.582316339,0.117255919,4.872437,6.08996725,0.6678972,0.1908202,2.900137,-0.104608729,-0.0214741826,-0.3420659,-0.0353383124,2.74570274,3.43511534,0.5456733,-0.338134766,-2.07797623,-0.112258673,0.0324143171,-0.6338991,0.0823480338,5.33434963,2.270925,0.829250336,-0.08627319,0.852582455,-0.01957741,-0.0194743127,-0.289756119,0.0193927288,2.33435154,-0.6465149,0.5866962,-0.195800781,-1.00101984,-0.112755209,0.2771944,-0.8757234,1.93774843,2.68245173,3.42305541
307,6.1399978245464846,2151,0,-1,-0.476414651,0,3.97152758,-0.7839638,0,6.54068232,-0.7839638,0,6.54068232,1,0,0,1,-0.460735381,-5.96046448E-06,3.840714,0,0,0,-0.4572074,-0.0014129281,3.84813452,-4.092621,0.5525103,0.04499833,0.008991107,-0.132243827,0.0029736557,-0.479715,0.0248772949,4.01411963,9.47240448,0.424455762,0.165052056,0.8303354,-0.173055366,0.00424279273,-0.427086651,0.006629348,3.57214761,-2.67843628,0.347990125,-0.26953125,-1.30323267,-0.169618726,0.03915061,-0.570047557,0.135017738,4.74409533,9.120943,0.5190385,0.196980417,2.73206615,-0.134396031,-0.0273584127,-0.364222527,0.0115665048,2.92288017,1.38364673,0.3507354,-0.3215332,-1.62021077,-0.167592451,0.03885269,-0.6214048,0.110077776,5.226375,3.43108916,0.7855801,-0.09906006,0.9602306,-0.0239421129,-0.045882985,-0.3235736,0.1146183,2.53444028,-1.94094849,0.376622319,0.0290535577,-1.11494327,-0.139069021,0.113453113,-0.874889731,1.93774843,2.67550159,3.41739821
308,6.1599978174603169,2159,0,-1,-0.476414651,0,3.97152758,-0.778331161,0,6.506064,-0.778331161,0,6.506064,1,0,0,1,-0.460848033,1.49011612E-08,3.84140635,0,0,0,-0.456341743,-0.00136457384,3.849213,-4.093689,0.375359863,0.04886078,0.011215969,-0.171081036,-0.002126165,-0.469780028,0.012386471,3.92770576,10.0617409,0.206235841,0.16161406,0.356631666,-0.2021647,0.0214787275,-0.437995732,0.008492649,3.662929,-3.62307739,0.121769577,-0.2312622,-0.8224002,-0.195761666,0.06721704,-0.5509893,0.136207834,4.55885124,12.08503,0.345629573,0.191028759,2.40307951,-0.155802771,-0.0304200053,-0.396893054,0.029010281,3.162436,-0.39352417,0.167573914,-0.270904541,-0.93871665,-0.174028009,0.0482645929,-0.5984949,0.124925919,5.03857946,4.752899,0.713266253,-0.132781982,1.08596146,-0.0455407947,-0.06288034,-0.358508378,0.128186688,2.82983565,-3.26263428,0.241676852,0.0580022074,-1.109548,-0.126847118,-0.0225109756,-0.875841,1.93774867,2.68343139,3.4238534
309,6.1799978103741493,2167,0,-1,-0.476414651,0,3.97152758,-0.771969855,0,6.464412,-0.771969855,0,6.464412,1,0,0,1,-0.46097526,1.49011612E-08,3.84223938,0,0,0,-0.456007,-0.00132906437,3.85016441,-4.09225464,0.175757825,0.05294349,0.0129075749,-0.194093,-0.00675365143,-0.458307564,-0.0042386204,3.835632,10.136508,-0.0199279785,0.147218779,-0.141380921,-0.21682173,0.0331395753,-0.453569978,0.00279508531,3.79113173,-3.88168335,-0.113830566,-0.1835022,-0.159497529,-0.206339136,0.0867693052,-0.5319411,0.117937177,4.332371,14.8412981,0.14265047,0.185377464,1.96446967,-0.190411255,-0.0176900029,-0.4315651,0.0225902945,3.44158816,-2.34231567,-0.0431518555,-0.208374023,-0.8159353,-0.1893787,0.0542975366,-0.5813259,0.123020753,4.777923,6.057451,0.4562695,-0.118682861,1.09310842,-0.171269387,-0.0238835216,-0.389076769,0.144339442,3.11077571,-4.710846,0.0581917241,0.0516357273,-1.23873258,-0.158648521,-0.0244337916,-0.875627756,1.93774867,2.681654,3.422406
310,6.1999978032879817,2175,0,-1,-0.476414651,0,3.97152758,-0.7619816,0,6.391206,-0.7619816,0,6.391206,1,0,0,1,-0.461175025,0,3.84370351,0,0,0,-0.456103057,-0.00130330026,3.85150385,-4.0880127,-0.03060913,0.05652592,0.0148217687,-0.202555582,-0.0107930228,-0.45159933,-0.0170976073,3.768825,9.83229351,-0.24005127,0.139742568,-0.505511761,-0.216833964,0.0523620173,-0.46741578,-0.004715085,3.90132046,-3.520996,-0.3451538,-0.134613037,0.403649539,-0.204090476,0.09921217,-0.507997,0.07056578,4.074514,16.5367279,-0.06454468,0.187144652,0.88728404,-0.182366088,-0.000163435936,-0.464401,0.0107655078,3.72134328,-3.78994751,-0.259155273,-0.146484375,-0.2917433,-0.190372333,0.05004727,-0.5465406,0.0851056948,4.383767,7.12232971,0.27554667,-0.023651123,0.829648,-0.136766478,0.0217362344,-0.4265144,0.113120079,3.45834064,-5.880188,-0.141296387,0.0423623472,-0.9865398,-0.173994035,-0.0163566172,-0.8755752,1.93774867,2.681216,3.42204928
311,6.219997796201814,2182,0,-1,-0.476414651,0,3.97152758,-0.751346648,0,6.30941629,-0.751346648,0,6.30941629,1,0,0,1,-0.461387724,0,3.8453393,0,0,0,-0.45603478,-0.00128756464,3.852983,-4.08111572,-0.236755371,0.0584207848,0.016656369,-0.204800189,-0.0146739651,-0.4468169,-0.02558799,3.722318,9.30079651,-0.446136475,0.145116657,-0.764465034,-0.210737273,0.06978831,-0.4789442,-0.0102031082,3.99458337,-2.64312744,-0.569000244,-0.09048462,0.8776535,-0.200043708,0.1063461,-0.479246527,-0.0014045462,3.78707767,16.6323872,-0.257202148,0.201462463,0.05781898,-0.174681515,0.0148635637,-0.497231364,-0.006194815,4.00297832,-4.67236328,-0.486175537,-0.0905456543,0.325417668,-0.194550008,0.04482265,-0.491761118,0.00245593488,3.85233951,7.30735826,0.09866495,0.0354483537,0.100365795,-0.121305093,0.00484537333,-0.467131048,0.062250644,3.83919239,-6.55838,-0.377227783,0.03348096,-0.550013363,-0.198806763,-0.0168395787,-0.875856638,1.93774843,2.68356228,3.42395973
312,6.2399977891156464,2190,0,-1,-0.476414651,0,3.97152758,-0.743368566,0,6.24637842,-0.743368566,0,6.24637842,1,0,0,1,-0.4615473,-5.94556332E-06,3.8466,0,0,0,-0.4561172,-0.00127056241,3.854066,-4.072876,-0.435638428,0.0592529662,0.0175088216,-0.199397057,-0.0175061431,-0.4393517,-0.03603144,3.65320373,8.422797,-0.629943848,0.165532053,-1.12898314,-0.1963058,0.08558107,-0.489205331,-0.0111400187,4.07175159,-1.33905029,-0.775634766,-0.05606079,1.26657379,-0.185179,0.11024037,-0.4445914,-0.07128907,3.46911931,15.9055252,-0.429718018,0.2318043,-0.6411856,-0.158650219,0.0280715227,-0.525786757,-0.01997666,4.27208233,-4.89736938,-0.699768066,-0.0545043945,0.971024156,-0.1782361,0.0282342434,-0.436901659,-0.069613,3.35091329,6.657947,-0.054473877,0.06420752,-0.5618051,-0.09895341,-0.01767908,-0.5007695,-0.001123786,4.2242074,-6.59066772,-0.5422363,-0.04324341,0.009280962,-0.145628631,-0.0529244766,-0.8755696,1.93774867,2.681169,3.422011
313,6.2599977820294779,2198,0,-1,-0.476414651,0,3.97152758,-0.743750036,0,6.25404358,-0.743750036,0,6.25404358,1,0,0,1,-0.461539656,1.49011612E-08,3.84644675,0,0,0,-0.456942022,-0.00124783814,3.85379815,-4.066345,-0.6106262,0.06043525,0.0160330124,-0.177349418,-0.018249888,-0.4311897,-0.04375425,3.57698345,7.138384,-0.7711792,0.200884745,-1.50770366,-0.162189364,0.09597939,-0.4962822,-0.006754026,4.129251,0.283495039,-0.937438965,-0.0444030762,1.55113375,-0.147918552,0.100417674,-0.409234077,-0.125891551,3.169173,14.4606066,-0.5661011,0.279237449,-1.25524831,-0.136400014,0.0353212357,-0.5474998,-0.0254627317,4.51280928,-4.4105835,-0.8597412,-0.059387207,1.5946629,-0.140574932,0.00516185164,-0.381871223,-0.124359831,2.912284,5.44879675,-0.231658936,0.0413139723,-1.03360689,-0.114250548,-0.0460582376,-0.5370065,-0.07056267,4.58999729,-5.90805054,-0.665039063,-0.109130859,0.6163117,-0.101201,-0.0274433643,-0.874988437,1.93774843,2.6763258,3.41806865
314,6.27999777494331,2206,0,-1,-0.476414651,0,3.97152758,-0.7523495,0,6.32115841,-0.7523495,0,6.32115841,1,0,0,1,-0.461367667,-5.94556332E-06,3.84510446,0,0,0,-0.458166867,-0.00127820671,3.85244513,-4.06427,-0.745574951,0.0614712574,0.0128862578,-0.139454558,-0.0176472738,-0.4238571,-0.0445755571,3.51248932,5.50024843,-0.8559265,0.248113856,-1.80685818,-0.112751924,0.0956794,-0.4994558,0.0020532012,4.162942,2.100033,-1.03353882,-0.0602722168,1.71095264,-0.09590183,0.0799771249,-0.3753393,-0.15258947,2.91966081,12.4397793,-0.665039063,0.334402055,-1.74815786,-0.09818222,0.0345959663,-0.5663302,-0.0194794238,4.7111063,-3.19403076,-0.9611511,-0.09719849,2.16103482,-0.100028656,-0.00566363335,-0.332836241,-0.151534066,2.56095076,3.99085617,-0.393432617,0.0231163632,-1.2468816,-0.107117377,-0.02959904,-0.5795303,-0.140675485,4.918781,-4.5300293,-0.843475342,-0.0493469238,1.19634748,-0.133451283,0.07393384,-0.8755667,1.93774867,2.68114519,3.42199159
315,6.2999977678571426,2214,0,-1,-0.476414651,0,3.97152758,-0.767129958,0,6.438949,-0.767129958,0,6.438949,1,0,0,1,-0.461072057,-5.96046448E-06,3.84274864,0,0,0,-0.45964393,-0.00131732225,3.850182,-4.06817627,-0.8283386,0.0620021634,0.008734085,-0.08974372,-0.0156432167,-0.418706268,-0.03764619,3.4702127,3.625838,-0.8789978,0.299250543,-1.97769952,-0.0561350062,0.08342582,-0.5000533,0.0129104108,4.170371,3.974505,-1.0604248,-0.09713745,1.73691332,-0.039726112,0.059779048,-0.344508052,-0.147294328,2.74494529,10.0234938,-0.744537354,0.378989756,-2.08537483,-0.07140489,0.0153466463,-0.5862868,-0.00183036923,4.85475969,-1.26751709,-1.02780151,-0.135192871,2.63540864,-0.0513624921,0.006330192,-0.282546163,-0.147134453,2.325419,2.60921645,-0.6157532,-0.0240478516,-1.18484342,-0.151764929,-0.0138445795,-0.6240597,-0.203155279,5.194079,-2.57595825,-1.02761841,0.06052959,1.716364,-0.1308226,0.09921831,-0.8760867,1.93774867,2.68547988,3.42552185
316,6.319997760770975,2222,0,-1,-0.476414651,0,3.97152758,-0.7814917,0,6.546738,-0.7814917,0,6.546738,1,0,0,1,-0.460784823,1.49011612E-08,3.84059286,0,0,0,-0.461384952,-0.00135537982,3.84785628,-4.07727051,-0.8507385,0.06185911,0.00524024572,-0.03122525,-0.0122330831,-0.415588617,-0.0250083953,3.45747662,1.670934,-0.840362549,0.33559373,-1.99190331,0.00746867061,0.0536252856,-0.5013165,0.02315116,4.155469,5.79704762,-1.01895142,-0.128753662,1.645981,0.024803184,0.0549193025,-0.3227258,-0.115820765,2.66386461,7.425558,-0.759979248,0.408640146,-2.24111056,-0.00554825366,-0.00225400925,-0.6018196,0.0411971658,4.927113,1.25279129,-0.9861145,-0.154632568,2.913621,0.0309291072,0.023506403,-0.2599996,-0.117573529,2.21998024,1.5244683,-0.7201233,-0.0140686035,-0.9174023,-0.0676587746,0.029849723,-0.650325358,-0.137970746,5.365576,0.298628181,-1.00848389,-0.161956787,2.432153,0.007237166,-0.060028553,-0.8757317,1.93774843,2.68252015,3.423111
317,6.3399977536848073,2230,0,-1,-0.476414651,0,3.97152758,-0.782569051,0,6.54503345,-0.782569051,0,6.54503345,1,0,0,1,-0.460763276,-5.94556332E-06,3.840627,0,0,0,-0.46362564,-0.0014179945,3.84721732,-4.086609,-0.8069153,0.0612200052,0.00573670724,0.0333892331,-0.00741100125,-0.416747123,-0.0108162463,3.47598481,-0.217590332,-0.7366333,0.346164554,-1.85401344,0.075649336,0.0166000724,-0.499681771,0.0302472264,4.12666273,7.4788847,-0.902160645,-0.14453125,1.46832561,0.09606044,0.0438878238,-0.31475836,-0.07360868,2.68613958,4.87133074,-0.691803,0.414137363,-2.19872832,0.0705934241,-0.0212568641,-0.600591838,0.09573865,4.92473745,4.11689234,-0.9305115,-0.177978516,2.967877,0.067964755,0.0262178779,-0.2548424,-0.110780805,2.26009059,0.311933577,-0.696777344,-0.255828857,-1.05255044,0.05374117,-0.2756132,-0.651022136,0.03952676,5.36414862,1.52615035,-1.01373291,-0.23034668,1.01455,-0.00354214339,-0.0124202967,-0.8760202,1.93774843,2.68492532,3.42507
318,6.3599977465986388,2238,0,-1,-0.476414651,0,3.97152758,-0.7868412,0,6.562593,-0.7868412,0,6.562593,1,0,0,1,-0.460677832,-5.96046448E-06,3.84027576,0,0,0,-0.465428233,-0.00142069161,3.84625244,-4.09384155,-0.7010498,0.05916301,0.00705339434,0.0940707251,-0.0023136274,-0.422673881,0.00139531493,3.524429,-1.87472534,-0.5751953,0.336952567,-1.56544042,0.133261383,-0.017830044,-0.490751,0.029819876,4.062996,8.825126,-0.721984863,-0.152374268,1.11395812,0.155248344,0.0197941959,-0.320860326,-0.0170335621,2.80834484,2.574644,-0.5474243,0.398896128,-1.9691689,0.116237588,-0.04373777,-0.583895743,0.124843858,4.83711529,7.125716,-0.805297852,-0.199981689,2.87399,0.1163581,0.0275353789,-0.265472323,0.0587586462,2.41302776,-0.7496338,-0.6086426,-0.07467651,-0.986870646,0.03534904,0.09357275,-0.643085241,0.091821894,5.30938625,2.6095283,-1.01116943,-0.26953125,0.894846,0.000957995653,0.0152467489,-0.876053751,1.93774843,2.685205,3.42529774
319,6.3799977395124712,2246,0,-1,-0.476414651,0,3.97152758,-0.7851291,0,6.533339,-0.7851291,0,6.533339,1,0,0,1,-0.460712075,-5.94556332E-06,3.84086084,0,0,0,-0.466734231,-0.00144129992,3.84619784,-4.097687,-0.545928955,0.0556992777,0.009686658,0.142290026,0.00278874114,-0.43072632,0.007700041,3.60365868,-3.12631226,-0.379119873,0.30259,-1.135071,0.1710699,-0.0566680431,-0.479192734,0.021542564,3.98249054,9.731601,-0.5019531,-0.1538086,0.671473861,0.194813728,-0.00536867976,-0.338235527,0.0224833041,3.01601052,0.7056974,-0.408721924,0.339239955,-1.34127057,0.150176972,-0.056743443,-0.5601842,0.1381092,4.68630934,10.1698008,-0.6399536,-0.209228516,2.64223337,0.157850713,0.0320870876,-0.296773165,0.128766954,2.65022421,-2.12362671,-0.4963379,0.09524078,-1.15651071,0.103648134,0.0142910928,-0.628474534,0.116976254,5.17163563,3.84694028,-0.9272461,-0.2265625,1.02344739,0.0548417941,0.0617260933,-0.875948,1.93774843,2.68432379,3.42458
320,6.3999977324263035,2254,0,-1,-0.476414651,0,3.97152758,-0.7811713,0,6.489887,-0.7811713,0,6.489887,1,0,0,1,-0.46079123,-5.94556332E-06,3.84172988,0,0,0,-0.467603356,-0.00144127011,3.84656525,-4.0975647,-0.35736084,0.05165589,0.012408697,0.175889879,0.007827566,-0.4442476,0.00637899339,3.71063519,-3.80987549,-0.159881592,0.25215587,-0.5719295,0.195876211,-0.07847124,-0.467522264,0.00713035464,3.89311051,10.1420221,-0.262908936,-0.1486206,0.185267985,0.218005687,-0.0251533259,-0.368654251,0.0285731256,3.27454758,-1.16748047,-0.206329346,0.274516344,-0.8939442,0.187641367,-0.06181684,-0.533151448,0.132283926,4.48394775,13.0815058,-0.430328369,-0.197875977,2.25940251,0.183827668,0.0383306742,-0.328646183,0.1448324,2.93900824,-3.59783936,-0.261566162,0.08381387,-1.24315715,0.176072061,-0.0678906739,-0.6061488,0.1263668,4.95375729,5.205923,-0.79119873,-0.167205811,1.11568713,0.08237826,0.06296101,-0.8761637,1.93774843,2.68612218,3.426045
321,6.4199977253401359,2261,0,-1,-0.476414651,0,3.97152758,-0.7760602,0,6.4357543,-0.7760602,0,6.4357543,1,0,0,1,-0.460893452,-5.96046448E-06,3.84281254,0,0,0,-0.467947334,-0.001458019,3.84718537,-4.09436035,-0.152404785,0.04757314,0.0145772621,0.193235055,0.0122471526,-0.4587302,-0.000712201,3.833065,-3.82269287,0.06547989,0.1954396,0.0599305443,0.203183949,-0.09414221,-0.4568547,-0.0112828761,3.79370666,10.0004492,-0.022064209,-0.129425049,-0.345636964,0.225879669,-0.0322087258,-0.402730584,0.0192629844,3.55433965,-2.92938232,0.000149097032,0.201800108,-0.616596937,0.1836648,-0.06154406,-0.497706681,0.109530263,4.24742031,15.8890047,-0.181121826,-0.17868042,1.92502367,0.209641248,0.0248247683,-0.36735487,0.139692783,3.24588013,-5.014282,-0.07345581,0.0626243,-1.20345867,0.158983186,-0.0501084924,-0.552981138,0.1231974,4.691614,6.54568243,-0.4954834,-0.318328857,1.09745324,0.196777418,-0.0274286717,-0.875176847,1.93774867,2.677895,3.41934586
322,6.4399977182539683,2270,0,-1,-0.476414651,0,3.97152758,-0.769108832,0,6.36897326,-0.769108832,0,6.36897326,1,0,0,1,-0.46103248,1.49011612E-08,3.84414816,0,0,0,-0.468059927,-0.00145760179,3.848094,-4.08865356,0.0542475432,0.04428817,0.0162173286,0.197376713,0.0161397252,-0.470558077,-0.007797703,3.93722773,-3.25149536,0.2823642,0.138699442,0.5920386,0.197756767,-0.1039158,-0.450549573,-0.0184934735,3.75704718,9.64986,0.20611006,-0.122009277,-0.5537337,0.220751435,-0.0542513132,-0.4400225,0.00440301,3.83501959,-4.162964,0.211521834,0.138290316,-0.05573752,0.178465679,-0.0480784476,-0.457558721,0.0460680351,3.9896307,16.70753,0.03402173,-0.180541992,0.51939714,0.1879229,-0.00289849937,-0.4233576,0.09855338,3.605981,-6.050354,0.08621535,0.0789190456,-0.8624194,0.1364542,-0.0005675405,-0.4795006,0.0546860769,4.19596624,7.317238,-0.31451416,-0.334411621,0.5659853,0.106529705,0.08306761,-0.8759871,1.93774843,2.68464947,3.42484522
323,6.4599977111678,2278,0,-1,-0.476414651,0,3.97152758,-0.7572594,0,6.264677,-0.7572594,0,6.264677,1,0,0,1,-0.461269468,-5.96046448E-06,3.846234,0,0,0,-0.4686178,-0.00146648288,3.84962273,-4.080261,0.259851158,0.0430998653,0.0182290748,0.1985444,0.0199757479,-0.4821628,-0.0116288364,4.0246253,-2.1953125,0.489324361,0.09339446,1.03483939,0.191896692,-0.102031246,-0.442680031,-0.0282909274,3.70080781,9.036406,0.417872876,-0.131011963,-0.863096952,0.212589353,-0.0734007359,-0.4797136,-0.0121460557,4.11201954,-4.793335,0.405442446,0.09892717,0.5756679,0.17412588,-0.031229727,-0.4137526,-0.02675134,3.68021226,16.4925156,0.231549844,-0.200622559,-0.203959674,0.179216415,-0.020707041,-0.476860851,0.0406013057,3.988611,-6.51919556,0.262827158,0.073516205,-0.369804561,0.156976342,-0.026797846,-0.4063879,-0.0258423835,3.66903687,7.14767551,-0.141784668,-0.35144043,-0.147994414,0.0979223251,0.07340783,-0.8756433,1.93774867,2.68178344,3.42251134
324,6.4799977040816321,2286,0,-1,-0.476414651,0,3.97152758,-0.7537398,0,6.23215675,-0.7537398,0,6.23215675,1,0,0,1,-0.461339861,-5.94556332E-06,3.84688449,0,0,0,-0.468319148,-0.001471594,3.85010743,-4.07150269,0.451706082,0.04202267,0.0182912555,0.186772868,0.0219060648,-0.4909754,-0.0104695112,4.09473658,-0.7527466,0.6685613,0.0697822049,1.38636827,0.170439377,-0.0952734053,-0.432162881,-0.03894268,3.62403655,8.02283,0.5969324,-0.156616211,-1.25907218,0.188652769,-0.08938497,-0.5158319,-0.0232063979,4.36979055,-4.74465942,0.5840093,0.0821676552,1.21453834,0.1543877,-0.0148966014,-0.3718435,-0.09369633,3.36201215,15.488245,0.401586682,-0.23916626,-0.8775257,0.1576555,-0.03480664,-0.5294777,-0.0264852643,4.36515856,-6.30215454,0.4140704,0.0877396241,0.218334436,0.142236441,-0.0213308968,-0.34435463,-0.09354265,3.18914557,6.25560427,0.0145480977,-0.362915039,-0.736805558,0.09826363,0.09850654,-0.875800669,1.93774843,2.68309546,3.42357945
325,6.4999976969954645,2294,0,-1,-0.476414651,0,3.97152758,-0.757696033,0,6.26731157,-0.757696033,0,6.26731157,1,0,0,1,-0.461260736,-1.54972076E-05,3.84618139,0,0,0,-0.467192829,-0.00148139894,3.8497324,-4.06552124,0.6127287,0.0408628024,0.0161496513,0.158024684,0.0221608356,-0.496826351,-0.004120007,4.14353371,0.962040365,0.798175156,0.06934492,1.6244235,0.130128369,-0.0827881247,-0.422071218,-0.0447356552,3.54979849,6.60433245,0.723390937,-0.199066162,-1.62149787,0.145831123,-0.0981439352,-0.5468949,-0.0243618041,4.5939827,-3.97598267,0.7180621,0.09359902,1.8185854,0.121453054,-0.00155168772,-0.33736524,-0.1395889,3.075941,13.8130865,0.5258296,-0.295257568,-1.45210767,0.128616482,-0.041546762,-0.5744387,-0.0970827,4.7171483,-5.367737,0.5757831,0.06946607,0.8282728,0.133589327,-0.0247713327,-0.29864502,-0.139690071,2.7772758,4.909061,0.1980222,-0.300598145,-1.11669123,0.112546027,0.135131776,-0.875727,1.93774867,2.68248081,3.42307925
326,6.5199976899092968,2302,0,-1,-0.476414651,0,3.97152758,-0.768608153,0,6.35869741,-0.768608153,0,6.35869741,1,0,0,1,-0.4610425,0,3.84435368,0,0,0,-0.4654919,-0.00148805976,3.848664,-4.0647583,0.7285544,0.0400244668,0.0123848449,0.115079165,0.0209381673,-0.499452025,0.00592722,4.167505,2.819081,0.865086138,0.08836333,1.73306,0.07798666,-0.0669015944,-0.414670736,-0.0428343266,3.492414,4.86596537,0.78618145,-0.252349854,-1.88007665,0.0902488,-0.09452361,-0.5693932,-0.0135495067,4.772027,-2.48242188,0.8005401,0.122349635,2.35275483,0.07515997,0.00145769119,-0.31507197,-0.155025825,2.84928036,11.6224537,0.6067075,-0.35635376,-1.89315116,0.08329332,-0.0385550857,-0.6077514,-0.164433122,5.02821541,-3.77044678,0.729082942,0.04728184,1.40196741,0.120823212,-0.0155372918,-0.269461036,-0.155473113,2.46227384,3.4379065,0.355958849,-0.218200684,-1.23486483,0.09951303,0.145616427,-0.875345945,1.93774843,2.67930412,3.42049265
327,6.5399976828231292,2311,0,-1,-0.476414651,0,3.97152758,-0.783896744,0,6.49364233,-0.783896744,0,6.49364233,1,0,0,1,-0.460736722,1.49011612E-08,3.84165478,0,0,0,-0.463395655,-0.00149001181,3.84707379,-4.07019043,0.7881727,0.03971657,0.007882742,0.061194092,0.0183182545,-0.498193383,0.0167782456,4.16539669,4.680232,0.8659966,0.11788182,1.70663941,0.0203071423,-0.05294457,-0.410906583,-0.03366205,3.46012163,2.94237876,0.781431437,-0.306182861,-1.99777269,0.0283933766,-0.07787478,-0.579224,0.008801043,4.892927,-0.301513672,0.8363229,0.14557071,2.77828479,0.02303357,-0.013150692,-0.30802387,-0.139091879,2.704081,9.110143,0.661147058,-0.4028015,-2.16675115,0.05277256,-0.0176174641,-0.628477037,-0.201278836,5.27930164,-1.58581543,0.86303,0.211649492,2.22190952,0.0858439952,0.20442313,-0.2659804,-0.140365377,2.26887,2.15483665,0.584963739,-0.109741211,-1.08641231,0.1711959,0.119842522,-0.8762334,1.93774867,2.686703,3.4265182
328,6.5599976757369616,2319,0,-1,-0.476414651,0,3.97152758,-0.790180564,0,6.55963659,-0.790180564,0,6.55963659,1,0,0,1,-0.460611045,0,3.840335,0,0,0,-0.461180568,-0.00150769949,3.84647751,-4.07955933,0.7845844,0.0400788337,0.005639912,-0.000305637717,0.0143537335,-0.495462,0.0265283585,4.14843225,6.47073126,0.7959403,0.145610929,1.59408474,-0.0487793051,-0.03716147,-0.413064629,-0.0194291919,3.4598968,0.9938576,0.712600231,-0.3406372,-1.951425,-0.036567267,-0.0405556858,-0.5895687,0.0676671,4.93784952,2.38914871,0.82630074,0.180735737,2.95308113,-0.0283798873,-0.00685602427,-0.320519179,-0.102231517,2.659171,6.503946,0.6428144,-0.4152832,-2.249083,-0.03206515,0.0134778023,-0.642671645,-0.0510598123,5.37530756,0.8193481,0.906616032,0.0296953153,1.837218,0.03343125,-0.148537159,-0.26741308,-0.107509628,2.208612,0.785986662,0.5913777,-0.4267578,-0.8243468,0.0647207,0.0565630421,-0.876063764,1.93774843,2.68528867,3.425366
329,6.5799976686507931,2327,0,-1,-0.476414651,0,3.97152758,-0.787633955,0,6.5522337,-0.787633955,0,6.5522337,1,0,0,1,-0.460661978,1.49011612E-08,3.840483,0,0,0,-0.4591488,-0.00147877634,3.84727049,-4.087372,0.7166223,0.041444838,0.00689645763,-0.06347368,0.00942944,-0.490377337,0.0309253186,4.106085,8.040172,0.661126435,0.168793768,1.34194577,-0.111896709,-0.0183193088,-0.418119043,-0.00535906851,3.488173,-0.8363342,0.578777134,-0.3441162,-1.768484,-0.104328416,0.00146412849,-0.5872246,0.1107595,4.90012169,5.31889868,0.710656464,0.2059651,2.943245,-0.09192745,-0.0143176317,-0.335699826,-0.0507506,2.71416855,4.01644659,0.551654458,-0.4067688,-2.13717,-0.0838035345,0.0287743211,-0.6415542,0.0661478639,5.355288,1.97404611,0.8765373,-0.016998291,0.9513451,-0.01726899,-0.0737752,-0.28997305,-0.0310272574,2.30138636,-0.00531005859,0.5961439,-0.4663391,-1.0243361,-0.0389855132,0.294718653,-0.8762389,1.93774843,2.68674827,3.42655516
330,6.5999976615646254,2334,0,-1,-0.476414651,0,3.97152758,-0.7854301,0,6.55073166,-0.7854301,0,6.55073166,1,0,0,1,-0.460706055,-5.94556332E-06,3.840513,0,0,0,-0.457530677,-0.00141578913,3.84785748,-4.092407,0.591549158,0.0441385955,0.00851135,-0.119513646,0.00429344,-0.482780665,0.0272021741,4.03583241,9.230114,0.4755477,0.181822553,0.950491965,-0.163289577,0.002329737,-0.425345421,0.004982233,3.55183053,-2.360382,0.39356795,-0.323577881,-1.41244781,-0.1563437,0.03415373,-0.5779337,0.1322964,4.786565,8.359281,0.5702748,0.225708723,2.798777,-0.1283398,-0.01832515,-0.3597592,0.0002616942,2.87170434,1.85966122,0.3852451,-0.378234863,-1.7844193,-0.1625045,0.0421462059,-0.6320821,0.103457138,5.266817,3.11288,0.83386755,-0.0470275879,0.9421634,-0.0228524581,-0.07080092,-0.3168565,0.08929874,2.477933,-1.30914307,0.383984983,-0.0497436523,-1.14800656,-0.168544888,0.282873631,-0.8760029,1.93774867,2.684782,3.42495346
331,6.6199976544784578,2342,0,-1,-0.476414651,0,3.97152758,-0.7804933,0,6.520405,-0.7804933,0,6.520405,1,0,0,1,-0.4608048,1.49011612E-08,3.84111953,0,0,0,-0.456473142,-0.001383692,3.84886885,-4.09423828,0.422723979,0.04777485,0.0106587075,-0.162773564,-0.000906090951,-0.473578751,0.01622434,3.95123768,9.952373,0.2596886,0.186859384,0.4856685,-0.197392136,0.0227039456,-0.4353729,0.00876306,3.63586783,-3.44631958,0.173063532,-0.284423828,-0.9631169,-0.189812943,0.0641651,-0.5609174,0.138474911,4.61336374,11.3673887,0.400963128,0.232911155,2.50554681,-0.162139028,-0.0237608552,-0.390521944,0.0274001211,3.09775972,0.154467732,0.197875366,-0.329772949,-1.07821739,-0.16785422,0.0505208671,-0.6084773,0.12313439,5.098543,4.41556931,0.715768,-0.130828857,1.07017028,-0.07413615,-0.08738529,-0.355471641,0.123644114,2.76005363,-2.65945435,0.268549442,0.09539579,-1.12424433,-0.118694559,0.0320144147,-0.8759978,1.93774843,2.68473864,3.424918
332,6.63999764739229,2351,0,-1,-0.476414651,0,3.97152758,-0.7743183,0,6.48278236,-0.7743183,0,6.48278236,1,0,0,1,-0.4609283,0,3.841872,0,0,0,-0.4559852,-0.00133356452,3.8498075,-4.09347534,0.226429015,0.0518258139,0.0124979485,-0.1904842,-0.0056851455,-0.4626995,0.000437214971,3.860349,10.1680927,0.03306732,0.183594227,-0.00741879176,-0.214206472,0.0372116,-0.450470656,0.00468157232,3.75869179,-3.88336182,-0.06100464,-0.233459473,-0.325146943,-0.203992933,0.0871070549,-0.535204,0.1248295,4.39525127,14.1760378,0.202378154,0.2198948,2.07064247,-0.174541742,-0.0302428,-0.426399022,0.024988547,3.37375641,-1.824585,-0.0004272461,-0.261505127,-0.858370543,-0.185224652,0.0594327524,-0.5754236,0.126251757,4.853155,5.77218056,0.5816271,-0.202270508,1.10785842,-0.07496357,-0.05603586,-0.38504076,0.148164988,3.03895569,-4.16772461,0.0966468751,0.0614676476,-1.28100932,-0.14858076,-0.04399696,-0.8763498,1.93774843,2.687673,3.42730856
333,6.6599976403061225,2358,0,-1,-0.476414651,0,3.97152758,-0.7646206,0,6.410029,-0.7646206,0,6.410029,1,0,0,1,-0.461122245,0,3.843327,0,0,0,-0.456146032,-0.001309529,3.851162,-4.089691,0.0214276351,0.0558576621,0.0144363688,-0.2006497,-0.009681112,-0.450836867,-0.0153823644,3.77750778,9.918549,-0.186035156,0.166741952,-0.456042081,-0.2140891,0.0404625535,-0.465086758,-0.0029169172,3.87550259,-3.66894531,-0.291809082,-0.1796875,0.271979749,-0.203045368,0.100751609,-0.5101804,0.0890306458,4.14495134,16.4010849,-0.0141906738,0.20380637,1.39420426,-0.189958155,-0.0150409639,-0.4593257,0.0145682842,3.65359879,-3.40759277,-0.211883545,-0.1937561,-0.42648983,-0.189697519,0.05626393,-0.554176748,0.104376346,4.51556444,6.95375729,0.312888384,-0.07015991,0.9538319,-0.191546708,0.0381379426,-0.420963,0.125998273,3.37032223,-5.46112061,-0.1088562,0.0556142256,-1.09357607,-0.1725888,-0.0199275911,-0.875296831,1.93774867,2.67889571,3.42016029
334,6.679997633219954,2366,0,-1,-0.476414651,0,3.97152758,-0.7546681,0,6.335273,-0.7546681,0,6.335273,1,0,0,1,-0.4613213,1.49011612E-08,3.84482217,0,0,0,-0.456106573,-0.00128729641,3.85250854,-4.08346558,-0.183929443,0.0581809655,0.0161649026,-0.203529373,-0.0136957485,-0.4472006,-0.0227648765,3.73846674,9.46385,-0.3942871,0.160240009,-0.676607966,-0.210339576,0.0585269779,-0.4773808,-0.00926743448,3.97318244,-2.90853882,-0.5161438,-0.128356934,0.7695777,-0.199458256,0.109798044,-0.484095871,0.0174596161,3.86957741,16.7178421,-0.211608887,0.207072183,0.245155171,-0.176640972,0.00491607934,-0.490071118,-0.00202235579,3.93552065,-4.4375,-0.4416809,-0.132873535,0.168515533,-0.1889633,0.04443024,-0.5015672,0.0224296227,3.988093,7.3814187,0.122306809,0.0136992512,0.286196619,-0.134374231,0.02566839,-0.452391952,0.0783396661,3.74568844,-6.29937744,-0.2848816,-0.0126342773,-0.688679,-0.161288649,-0.0506053865,-0.875122964,1.93774843,2.67744637,3.4189806
335,6.6999976261337864,2374,0,-1,-0.476414651,0,3.97152758,-0.74393183,0,6.25132561,-0.74393183,0,6.25132561,1,0,0,1,-0.46153602,0,3.846501,0,0,0,-0.456019461,-0.00125622749,3.85398936,-4.07513428,-0.3859253,0.05894008,0.0175974052,-0.202073872,-0.0169918,-0.440580636,-0.03310743,3.67419,8.696371,-0.5860901,0.1703172,-1.0218662,-0.2011657,0.07657817,-0.486437023,-0.0114182681,4.054767,-1.69790649,-0.7272339,-0.09136963,1.1805681,-0.189772382,0.107660383,-0.450660735,-0.05416438,3.55161619,16.1897583,-0.3909912,0.226695508,-0.4711728,-0.162735909,0.0197841153,-0.5156773,-0.01696214,4.20909166,-4.83016968,-0.6418152,-0.103912354,0.810191751,-0.177566752,0.0240253955,-0.446634829,-0.0526732355,3.47291827,6.91006374,-0.03326416,0.04773872,-0.412143826,-0.102966294,-0.007352732,-0.490012318,0.0172203034,4.131014,-6.516144,-0.45010376,-0.07128906,-0.145525739,-0.1604963,-0.020946838,-0.8758198,1.93774843,2.68325543,3.42370987
336,6.7199976190476187,2382,0,-1,-0.476414651,0,3.97152758,-0.742774,0,6.24231339,-0.742774,0,6.24231339,1,0,0,1,-0.461559176,1.49011612E-08,3.84668136,0,0,0,-0.4566545,-0.00125277042,3.85404634,-4.06765747,-0.568847656,0.0600176863,0.0167399365,-0.184774175,-0.018238388,-0.432421744,-0.0423275828,3.59651518,7.518061,-0.7411499,0.196383268,-1.41372955,-0.172526821,0.08988789,-0.493598163,-0.008347541,4.11757946,-0.141448975,-0.899719238,-0.0803833,1.49295509,-0.1596439,0.09769553,-0.415552557,-0.114574939,3.24209976,14.9126339,-0.539306641,0.264546663,-1.11121368,-0.13961038,0.03037396,-0.5398661,-0.0248164684,4.457416,-4.523346,-0.8135681,-0.105682373,1.44115126,-0.154193938,0.007127613,-0.393178582,-0.11312893,3.01595521,5.81148958,-0.180541992,0.0619591065,-0.939006269,-0.102252573,-0.03576234,-0.5286384,-0.05231061,4.50224829,-6.02633667,-0.6274719,-0.0965881348,0.446993738,-0.153857112,0.0130517259,-0.8756821,1.93774867,2.68210745,3.422775
337,6.7399976119614511,2390,0,-1,-0.476414651,0,3.97152758,-0.74932605,0,6.297674,-0.74932605,0,6.297674,1,0,0,1,-0.461428136,1.49011612E-08,3.84557414,0,0,0,-0.45781076,-0.00127018988,3.85290265,-4.064209,-0.7156677,0.06116644,0.01386097,-0.150723472,-0.0179275572,-0.424972,-0.04521863,3.52724361,5.96138525,-0.842254639,0.2369227,-1.74162173,-0.126413614,0.09396537,-0.498416454,-0.0004388839,4.15728331,1.64084184,-1.01287842,-0.09454346,1.684849,-0.112184346,0.08273074,-0.382039666,-0.149287015,2.97645617,13.01992,-0.6451111,0.3166701,-1.638454,-0.1104932,0.0330811441,-0.5616045,-0.0217518061,4.666737,-3.48953247,-0.9362793,-0.134155273,2.02419853,-0.111507282,-0.00324460864,-0.342392981,-0.148117676,2.6392765,4.380482,-0.358764648,0.02430658,-1.22308838,-0.111853167,-0.0437093675,-0.569369853,-0.12276388,4.841282,-4.828491,-0.793487549,-0.07485962,1.04662752,-0.135130227,0.0575483441,-0.8757094,1.93774843,2.68233466,3.42296
338,6.7599976048752835,2398,0,-1,-0.476414651,0,3.97152758,-0.7628593,0,6.404748,-0.7628593,0,6.404748,1,0,0,1,-0.461157471,1.49011612E-08,3.84343266,0,0,0,-0.459242135,-0.00130210817,3.85083127,-4.06652832,-0.8128967,0.061896842,0.009820103,-0.103533611,-0.0162695758,-0.419424266,-0.0401975363,3.478329,4.13289738,-0.882843,0.285757869,-1.94923723,-0.07192162,0.08613208,-0.50014025,0.0102204531,4.171218,3.51522136,-1.05633545,-0.127380371,1.74426961,-0.0553428344,0.06466967,-0.349663317,-0.152047962,2.78043246,10.6822929,-0.7414856,0.359881431,-2.01845765,-0.085794434,0.0155653656,-0.581144154,-0.00668852031,4.824727,-1.73797607,-1.00219727,-0.175598145,2.52424979,-0.0617622733,0.0009057522,-0.288157433,-0.151579589,2.37218714,2.94471645,-0.5921936,-0.0380859375,-1.23004079,-0.158098847,-0.0241750777,-0.614309847,-0.187656879,5.13107967,-3.0145874,-0.971984863,0.04071388,1.585667,-0.128292978,0.114973068,-0.8754769,1.93774867,2.6803968,3.42138219
339,6.7799975977891158,2406,0,-1,-0.476414651,0,3.97152758,-0.7792342,0,6.53088331,-0.7792342,0,6.53088331,1,0,0,1,-0.460829973,0,3.84091,0,0,0,-0.460891664,-0.00133636594,3.8482995,-4.074707,-0.851501465,0.0619514361,0.00573786441,-0.04696624,-0.0132303191,-0.415010661,-0.0286935121,3.45725417,2.1806047,-0.8627014,0.321933061,-2.00604939,-0.009542745,0.0574303269,-0.5008812,0.0207185745,4.159283,5.35361242,-1.03076172,-0.162567139,1.67074263,0.00756930932,0.0556740761,-0.323194236,-0.125909269,2.67387986,8.104484,-0.7649231,0.3850104,-2.22220159,-0.0154952109,-0.00381481647,-0.5976727,0.0270896256,4.91470146,0.6486095,-0.99508667,-0.200927734,2.86301851,0.0142797641,0.0166292787,-0.261337072,-0.126802683,2.2328732,1.78148115,-0.694030762,-0.0229797363,-0.9969415,-0.06676085,0.03369403,-0.647203863,-0.179984421,5.34690237,0.09585903,-0.9682312,-0.131622314,2.70092869,-0.04403398,0.0190318823,-0.8755395,1.93774843,2.680918,3.42180657
340,6.7999975907029473,2413,0,-1,-0.476414651,0,3.97152758,-0.781829953,0,6.54096842,-0.781829953,0,6.54096842,1,0,0,1,-0.460778058,1.49011612E-08,3.84070826,0,0,0,-0.4630846,-0.0014036,3.84740686,-4.08435059,-0.8244629,0.0615110844,0.00557155441,0.0171582252,-0.008671489,-0.415271431,-0.014451012,3.46877551,0.2595008,-0.775177,0.332545221,-1.90234327,0.0611438826,0.0222815573,-0.501167953,0.029342249,4.13963938,7.10232925,-0.9322815,-0.183013916,1.54203773,0.0765905,0.04817018,-0.3146047,-0.08591312,2.67120171,5.51849461,-0.7156372,0.394541532,-2.22825384,0.0472886562,-0.0164483786,-0.604107559,0.0857617557,4.93479156,3.45461464,-0.930969238,-0.216583252,2.962549,0.05904818,0.0299264789,-0.251957834,-0.100970164,2.23047352,0.37805292,-0.7546387,-0.447967529,-0.949525952,0.0127495751,-0.198435009,-0.651941955,0.0248897374,5.35701656,1.28154516,-0.9734192,-0.271057129,1.008233,-0.00168639421,-0.04899119,-0.8753664,1.93774867,2.67947578,3.4206326
341,6.81999758361678,2422,0,-1,-0.476414651,0,3.97152758,-0.784799755,0,6.55151844,-0.784799755,0,6.55151844,1,0,0,1,-0.460718662,0,3.84049726,0,0,0,-0.465052,-0.00141689181,3.84657621,-4.09182739,-0.7331848,0.0598909,0.00684321532,0.07970341,-0.00358088035,-0.420558542,-0.00128567219,3.50866151,-1.47680664,-0.6265564,0.326330155,-1.65621209,0.120244585,-0.0101590455,-0.4936012,0.0307214558,4.080118,8.540792,-0.765716553,-0.190338135,1.20865679,0.14090547,0.0279427767,-0.3171253,-0.0284716189,2.7674346,3.13706183,-0.6054077,0.3906492,-2.04374862,0.09670685,-0.04004824,-0.589041233,0.119976364,4.86265039,6.410438,-0.830108643,-0.240020752,2.89719272,0.1029045,0.0270629525,-0.259976,0.03440988,2.36051416,-0.703369141,-0.6911316,-0.1295166,-1.01390827,0.03862054,0.242226392,-0.646330535,0.0855898559,5.32872343,2.35041833,-0.9763794,-0.287994385,0.8686057,-0.00124608888,0.03628692,-0.876002133,1.93774843,2.68477464,3.42494726
342,6.839997576530612,2430,0,-1,-0.476414651,0,3.97152758,-0.7847774,0,6.53476954,-0.7847774,0,6.53476954,1,0,0,1,-0.4607191,1.49011612E-08,3.84083223,0,0,0,-0.466452956,-0.00142163038,3.84627724,-4.096344,-0.5894165,0.0567127541,0.00922973,0.131195158,0.001497023,-0.4281013,0.006755352,3.58204484,-2.84234619,-0.438812256,0.2968226,-1.25205088,0.162883446,-0.049248755,-0.482544839,0.02428551,4.00334835,9.561096,-0.553527832,-0.192169189,0.7856777,0.185209066,0.00267867744,-0.331230044,0.0155697763,2.95523477,1.14361012,-0.468811035,0.335433781,-1.53004742,0.146824449,-0.0562395155,-0.568218231,0.1365398,4.72733545,9.452165,-0.6567688,-0.245178223,2.70947051,0.147129446,0.03464973,-0.289410651,0.120075688,2.57402039,-2.0307312,-0.566375732,0.07214412,-1.13298726,0.09507041,0.05452794,-0.632839561,0.112535,5.21067142,3.53766418,-0.933624268,-0.327301025,0.984522045,0.0265462715,0.03542337,-0.8761623,1.93774843,2.68611,3.42603517
343,6.8599975694444444,2437,0,-1,-0.476414651,0,3.97152758,-0.781745,0,6.496682,-0.781745,0,6.496682,1,0,0,1,-0.460779756,-5.94556332E-06,3.841594,0,0,0,-0.467432976,-0.00144591928,3.84655285,-4.09695435,-0.408081055,0.052771572,0.011853721,0.168671489,0.00658690371,-0.440308273,0.007530242,3.67774677,-3.701233,-0.223297119,0.249731869,-0.7434187,0.192177743,-0.072956115,-0.471006364,0.0110738426,3.91561556,10.0963516,-0.31817627,-0.186096191,0.3073271,0.212456733,-0.0175870433,-0.360398322,0.02917473,3.201512,-0.6651001,-0.2685547,0.275211334,-0.923659444,0.186412424,-0.059073478,-0.5415586,0.1355924,4.536608,12.4063864,-0.469146729,-0.235656738,2.36293626,0.16728887,0.03746915,-0.321239382,0.1339947,2.86797976,-3.40338135,-0.328369141,0.07749275,-1.15384448,0.17926313,-0.0653743744,-0.610102832,0.125718862,5.01273,4.8761,-0.853057861,-0.3043518,1.10236788,0.0633406341,0.09726724,-0.875592649,1.93774843,2.68136144,3.42216754
344,6.8799975623582768,2446,0,-1,-0.476414651,0,3.97152758,-0.7777694,0,6.45214558,-0.7777694,0,6.45214558,1,0,0,1,-0.460859269,-5.96046448E-06,3.84248471,0,0,0,-0.4679354,-0.00144989789,3.8469646,-4.094757,-0.205291748,0.04874202,0.01388524,0.190759718,0.01124444,-0.455622882,0.001245603,3.80384827,-3.87799072,0.00387731,0.194869027,-0.0895595849,0.204568,-0.0897278,-0.45975408,-0.006241098,3.820676,10.1041536,-0.07714844,-0.169708252,-0.202701211,0.2248988,-0.0309139416,-0.394442022,0.0216490179,3.48107648,-2.552246,-0.0595092773,0.204053283,-0.7496814,0.185944349,-0.061438024,-0.5075512,0.115720809,4.306943,15.1826553,-0.237243652,-0.218841553,1.95559382,0.221349359,0.03450668,-0.357149661,0.142930076,3.15740418,-4.84100342,-0.136138916,0.0577349439,-1.228093,0.1614285,-0.05297157,-0.575977,0.123832583,4.75140858,6.22489452,-0.483276367,-0.229797363,1.10307026,0.224668846,0.08244923,-0.87628,1.93774867,2.68709135,3.42683482
345,6.8999975552721082,2454,0,-1,-0.476414651,0,3.97152758,-0.7691565,0,6.374922,-0.7691565,0,6.374922,1,0,0,1,-0.461031526,-5.94556332E-06,3.84402919,0,0,0,-0.4681595,-0.00146591663,3.84800339,-4.08953857,0.00309163122,0.04525592,0.0159917362,0.198599339,0.01536263,-0.4680564,-0.006203562,3.91213155,-3.446289,0.226225853,0.138242215,0.464526147,0.202423632,-0.101432383,-0.4542157,-0.01707314,3.76471,9.791297,0.158159077,-0.14654541,-0.51033,0.2242561,-0.0380366,-0.4316985,0.008696154,3.76095,-3.92865,0.156280354,0.140416652,-0.213008434,0.182737336,-0.0485731363,-0.472987264,0.06332062,4.048995,16.6040878,0.0293249842,-0.195007324,0.671270669,0.214670837,0.016463995,-0.412323147,0.108272053,3.507932,-5.965851,0.0278858226,0.07938608,-0.944974065,0.139671892,0.00031247735,-0.5068924,0.0827161,4.32070065,7.0785594,-0.186065674,-0.509094238,0.6754146,0.224712372,-0.109912127,-0.876209855,1.93774867,2.68650675,3.42635846
346,6.9199975481859406,2461,0,-1,-0.476414651,0,3.97152758,-0.759952068,0,6.288817,-0.759952068,0,6.288817,1,0,0,1,-0.461215615,0,3.84575129,0,0,0,-0.468603522,-0.00146594644,3.849253,-4.081665,0.2117279,0.04357745,0.01774012,0.200921178,0.0192368776,-0.480202049,-0.0110472292,4.0033555,-2.50753784,0.4395382,0.0936105549,0.9292055,0.19717288,-0.0998516157,-0.44561097,-0.026474297,3.71280861,9.230188,0.379221618,-0.144165039,-0.797408164,0.217782289,-0.06311256,-0.471499026,-0.008100495,4.04052448,-4.72613525,0.3583236,0.09868867,0.409611583,0.182250768,-0.03309136,-0.430741549,-0.0107820481,3.75358629,16.5975037,0.21556741,-0.194061279,-0.0272530019,0.164776117,-0.00508428365,-0.465180039,0.0558473468,3.8875742,-6.604431,0.234832153,0.09072025,-0.4938274,0.171065837,-0.04081735,-0.432945579,-0.01244282,3.79873085,7.21918631,-0.09338379,-0.3753357,0.07703046,0.0289849788,0.196639717,-0.875935,1.93774867,2.684215,3.42449164
347,6.939997541099773,2468,0,-1,-0.476414651,0,3.97152758,-0.7542002,0,6.238177,-0.7542002,0,6.238177,1,0,0,1,-0.461330652,0,3.846764,0,0,0,-0.468450129,-0.00146603584,3.84999585,-4.07312,0.408863,0.0423242673,0.0181365758,0.191596791,0.02157393,-0.489671022,-0.0112556666,4.078331,-1.1557312,0.629558861,0.06943039,1.30596268,0.179835677,-0.09445313,-0.4363506,-0.03690003,3.64131212,8.306611,0.568549156,-0.154663086,-1.17040253,0.194661066,-0.0775408447,-0.5063395,-0.0209476948,4.305276,-4.861328,0.5576733,0.0720469,1.0518949,0.174255148,-0.0234593451,-0.387806356,-0.07857341,3.43679976,15.7830286,0.38665542,-0.216552734,-0.7161988,0.156610325,-0.0211127847,-0.515177965,-0.00763057172,4.26814032,-6.5743103,0.4754008,0.0615518577,0.06837999,0.185150266,-0.0339445956,-0.365911543,-0.07888399,3.302943,6.507973,0.0372919552,-0.352294922,-0.590562463,0.0639372841,0.100617513,-0.8759773,1.93774843,2.68456745,3.42477846
348,6.9599975340136053,2475,0,-1,-0.476414651,0,3.97152758,-0.7566306,0,6.255057,-0.7566306,0,6.255057,1,0,0,1,-0.461282045,1.49011612E-08,3.84642649,0,0,0,-0.467535138,-0.00147874653,3.84985757,-4.06658936,0.579308033,0.04116354,0.01664459,0.167008758,0.0222857054,-0.495002836,-0.00618286431,4.133091,0.4999823,0.776911855,0.0608441,1.57451963,0.1429429,-0.0894412249,-0.4262005,-0.0440060347,3.56622624,6.977849,0.7108016,-0.18170166,-1.54247737,0.156080619,-0.0877949,-0.5387064,-0.0254109651,4.53959,-4.28356934,0.7135191,0.0726368,1.66868,0.130055815,-0.00464221835,-0.350263,-0.130607247,3.141498,14.2636509,0.523156345,-0.2591858,-1.31902945,0.12735,-0.03360939,-0.5668298,-0.07961854,4.6283946,-5.80444336,0.586436749,0.0753134862,0.688702166,0.09563014,0.0188751221,-0.3121831,-0.1304541,2.871998,5.25346947,0.160374567,-0.345916748,-1.04437244,0.07642655,0.118888855,-0.8760575,1.93774867,2.68523669,3.42532372
349,6.9799975269274377,2482,0,-1,-0.476414651,0,3.97152758,-0.765183866,0,6.33188725,-0.765183866,0,6.33188725,1,0,0,1,-0.461110979,0,3.84488988,0,0,0,-0.465970039,-0.00148436427,3.84898257,-4.064514,0.707486331,0.04020876,0.0132982722,0.126992866,0.021453023,-0.499009252,0.00312779844,4.163613,2.33216214,0.86243,0.0751068145,1.71711433,0.09240514,-0.0716424,-0.417562485,-0.043985948,3.50431037,5.30645,0.7899736,-0.224456787,-1.82867765,0.102542765,-0.09035021,-0.5639937,-0.0177715421,4.730803,-2.976593,0.8144439,0.09916052,2.22525954,0.0948112756,0.000329017639,-0.322629333,-0.153869927,2.89877987,12.1864252,0.604906,-0.317047119,-1.796247,0.09430526,-0.03585419,-0.6009438,-0.149274841,4.952424,-4.346649,0.783983946,0.0544713736,1.27707183,0.137391686,-0.0109978914,-0.278638572,-0.154421136,2.53059816,3.78514028,0.333827585,-0.240234375,-1.22249568,0.10045886,0.153728575,-0.876063049,1.93774867,2.685283,3.42536139
350,6.9999975198412692,2489,0,-1,-0.476414651,0,3.97152758,-0.779390633,0,6.45685434,-0.779390633,0,6.45685434,1,0,0,1,-0.460826844,0,3.84239054,0,0,0,-0.464023441,-0.00149078667,3.84750342,-4.06848145,0.7824331,0.03991559,0.008957815,0.07604177,0.0192673691,-0.498749733,0.0140627921,4.168185,4.20411062,0.882103443,0.10148026,1.72543621,0.035160616,-0.0572363138,-0.4123593,-0.03640884,3.46552849,3.41442752,0.8033031,-0.274505615,-1.98282242,0.0436951555,-0.07959777,-0.5783906,0.00142657757,4.867689,-0.9656372,0.854468763,0.12795864,2.68492746,0.03225999,-0.00636452436,-0.3114022,-0.1452815,2.73191285,9.736343,0.6771793,-0.3625183,-2.114037,0.06782667,-0.0172689557,-0.6237966,-0.210062832,5.22241,-2.33096313,0.882335365,0.08908447,1.77275956,0.08436522,0.01709789,-0.27148205,-0.146406755,2.30506873,2.436144,0.575116038,-0.120117188,-1.14029312,0.178002357,0.126892209,-0.87606746,1.93774867,2.68531966,3.42539144
351,7.0199975127551015,2496,0,-1,-0.476414651,0,3.97152758,-0.789773762,0,6.555214,-0.789773762,0,6.555214,1,0,0,1,-0.460619181,1.49011612E-08,3.84042335,0,0,0,-0.461773843,-0.001501292,3.84641051,-4.077301,0.7954983,0.04011933,0.005896166,0.0160482451,0.0155665707,-0.496542633,0.0241800547,4.152902,6.0162077,0.8293984,0.131853223,1.625683,-0.0317306779,-0.039760232,-0.413237929,-0.0230737776,3.45690536,1.46118212,0.7523226,-0.308227539,-1.97733319,-0.0212947167,-0.046014607,-0.588084936,0.0496828556,4.93143225,1.61330378,0.8495232,0.165165424,2.928211,-0.02381104,-0.008187175,-0.318711221,-0.111835435,2.66016173,7.133865,0.6725439,-0.376281738,-2.24746752,-0.0148552582,0.008230627,-0.6379513,-0.113307089,5.37228441,0.5056093,0.9258411,0.0165860541,2.292234,0.0165195167,-0.07116458,-0.2684735,-0.114831105,2.212747,1.37165022,0.6408412,-0.129974365,-0.878517747,0.07830597,0.08437073,-0.8760223,1.93774843,2.68494272,3.425084
352,7.0399975056689339,2503,0,-1,-0.476414651,0,3.97152758,-0.7878262,0,6.54952765,-0.7878262,0,6.54952765,1,0,0,1,-0.460658133,0,3.840537,0,0,0,-0.459664464,-0.00149098039,3.84718728,-4.085449,0.743577063,0.0411698781,0.00662953965,-0.04771447,0.0107540237,-0.491934717,0.0305189639,4.120599,7.66189957,0.71009165,0.157683909,1.42439067,-0.0970903561,-0.0239399076,-0.416267455,-0.008657441,3.47882867,-0.411773682,0.6318706,-0.318023682,-1.82659709,-0.09042917,-0.0112605989,-0.586908758,0.100901365,4.917963,4.49889469,0.7463031,0.186373383,2.96109581,-0.08096425,-0.0171185136,-0.3303639,-0.06726645,2.691304,4.593374,0.599311054,-0.384460449,-2.18382454,-0.0726119652,0.0244405866,-0.6386812,0.0483294129,5.363044,1.68842626,0.897215068,-0.0454101563,0.9899053,-0.0151996557,-0.07280748,-0.291553319,-0.0909444541,2.26912045,0.289166272,0.620413,-0.131164551,-0.939533532,-0.0225714967,-0.209002942,-0.8757255,1.93774843,2.682469,3.42306924
353,7.0599974985827663,2511,0,-1,-0.476414651,0,3.97152758,-0.7875982,0,6.5656805,-0.7875982,0,6.5656805,1,0,0,1,-0.4606627,1.49011612E-08,3.840214,0,0,0,-0.457874328,-0.00142450631,3.8474772,-4.09164429,0.6317205,0.0435008034,0.00765893236,-0.10639213,0.005637158,-0.48422274,0.0288419574,4.05504942,8.957264,0.5363443,0.169956833,1.05789268,-0.151989609,-0.006196797,-0.424344867,0.003015712,3.532402,-2.03158569,0.459760755,-0.299865723,-1.51681793,-0.1439648,0.0318563581,-0.5785248,0.127231747,4.821425,7.51981,0.6162529,0.20324707,2.850866,-0.119191185,-0.0219988823,-0.3573895,-0.0115869492,2.82411528,2.33842659,0.4708867,-0.343200684,-1.93495965,-0.120423459,0.0479716063,-0.631584346,0.095413655,5.296839,2.78614187,0.8570667,-0.07247925,0.906825662,-0.0212962739,-0.0583279878,-0.310060084,0.06922376,2.430477,-0.831176758,0.605892539,-0.05368042,-1.02668786,-0.0189022124,0.0245361626,-0.8757596,1.93774843,2.682753,3.42330074
354,7.0799974914965986,2518,0,-1,-0.476414651,0,3.97152758,-0.782279968,0,6.53494835,-0.782279968,0,6.53494835,1,0,0,1,-0.460769057,0,3.84082866,0,0,0,-0.456790924,-0.00139227509,3.848463,-4.094757,0.47355938,0.0471352376,0.009911726,-0.1521203,0.000585647533,-0.475326747,0.0195460767,3.973234,9.802805,0.328674436,0.172461018,0.6073665,-0.188976079,0.0137340277,-0.4330334,0.008528754,3.614194,-3.23205566,0.249693736,-0.2626648,-1.07810009,-0.18123734,0.0575424433,-0.563240469,0.138177544,4.662632,10.5533266,0.4542776,0.208130538,2.598308,-0.147270128,-0.02650845,-0.3845371,0.02475503,3.03873372,0.5216628,0.284744054,-0.303588867,-1.255278,-0.1826792,0.0528108329,-0.613383532,0.119011238,5.149535,4.044181,0.792222261,-0.1048584,1.03665245,-0.04508916,-0.0712870061,-0.3469076,0.129965216,2.68041945,-2.21612549,0.336784035,0.06703008,-1.16144586,-0.172653586,0.03071633,-0.8758992,1.93774867,2.683917,3.424249
355,7.099997484410431,2525,0,-1,-0.476414651,0,3.97152758,-0.775769651,0,6.49180651,-0.775769651,0,6.49180651,1,0,0,1,-0.460899264,0,3.84169149,0,0,0,-0.456105173,-0.00134143233,3.84958553,-4.094452,0.2833727,0.05101597,0.01210332,-0.184219658,-0.00445562368,-0.464956641,0.004717186,3.88361621,10.147768,0.104609296,0.167306453,0.118425459,-0.210951224,0.0305813253,-0.446952879,0.00632724166,3.7269063,-3.83648682,0.0164841786,-0.211303711,-0.489817,-0.203530475,0.0837688446,-0.540682733,0.129795089,4.45476151,13.43222,0.270370573,0.198766083,2.197853,-0.173031285,-0.03154376,-0.4185571,0.0278002769,3.30311012,-1.39080811,0.07097042,-0.2354126,-0.8846052,-0.191825658,0.0595573261,-0.582510352,0.126576424,4.92327738,5.399511,0.644459248,-0.203765869,1.10825455,-0.0785778537,-0.0681181848,-0.375995159,0.1484758,2.96657753,-3.723053,0.145266935,0.07174639,-1.26937866,-0.167137548,-0.0306878984,-0.876174867,1.93774867,2.6862154,3.426121
356,7.1199974773242625,2532,0,-1,-0.476414651,0,3.97152758,-0.7676634,0,6.432655,-0.7676634,0,6.432655,1,0,0,1,-0.4610614,1.49011612E-08,3.84287453,0,0,0,-0.456096619,-0.00131089985,3.8507514,-4.091339,0.0795448944,0.055063054,0.0140666058,-0.1988599,-0.00866366,-0.45187965,-0.0136849582,3.78532386,9.946507,-0.118621826,0.149985373,-0.409404933,-0.21653524,0.03733699,-0.461644351,-0.0009461045,3.84790635,-3.77609253,-0.2184143,-0.156219482,0.131271213,-0.20606786,0.0977921039,-0.5179591,0.105165988,4.21405363,16.186512,0.05038333,0.184288785,1.912927,-0.190792143,-0.0187188089,-0.450606018,0.0180239826,3.5834446,-3.09915161,-0.145233154,-0.168365479,-0.5574503,-0.192321226,0.05598831,-0.5686871,0.120317608,4.64658356,6.709412,0.3837015,-0.0847473145,1.07140958,-0.185564846,0.0248856843,-0.410061717,0.13695924,3.28243518,-5.118805,-0.054473877,0.06355926,-1.18340981,-0.171237752,-0.02247867,-0.8760114,1.93774843,2.68485165,3.42501
357,7.1399974702380948,2540,0,-1,-0.476414651,0,3.97152758,-0.7585186,0,6.36667252,-0.7585186,0,6.36667252,1,0,0,1,-0.4612443,1.49011612E-08,3.84419417,0,0,0,-0.456193864,-0.00128899515,3.851945,-4.08587646,-0.125152588,0.0579996742,0.01555809,-0.2023601,-0.0125478953,-0.4494072,-0.0197043568,3.75472116,9.569712,-0.330596924,0.142187133,-0.5862248,-0.212352872,0.0558434129,-0.4743388,-0.007989749,3.95006371,-3.14346313,-0.445892334,-0.104309082,0.652499437,-0.201637879,0.106707394,-0.494170725,0.0367571935,3.95275784,16.72784,-0.151275635,0.187523723,0.435652971,-0.1806455,0.00352485478,-0.480895668,0.00237704813,3.865531,-4.27047729,-0.3753357,-0.108459473,0.01522065,-0.1896899,0.04357094,-0.5176489,0.0426655859,4.12504435,7.38319826,0.184795767,0.009699463,0.474803865,-0.141520292,0.0297518373,-0.440780222,0.0933848247,3.65030766,-6.10522461,-0.2255249,-0.00186157227,-0.8184572,-0.159427226,-0.049506247,-0.8756609,1.93774843,2.68193054,3.422631
358,7.1599974631519272,2548,0,-1,-0.476414651,0,3.97152758,-0.745359361,0,6.25980139,-0.745359361,0,6.25980139,1,0,0,1,-0.461507469,-5.94556332E-06,3.8463316,0,0,0,-0.455889046,-0.00128334761,3.85386753,-4.077606,-0.330596924,0.0586506948,0.0176517125,-0.205007762,-0.0164949521,-0.443319649,-0.0297306478,3.69603348,8.917851,-0.531311035,0.150960475,-0.9088815,-0.208100513,0.07453796,-0.483461857,-0.0113324672,4.035884,-2.036621,-0.665679932,-0.06512451,1.08532071,-0.1970172,0.105438173,-0.461578518,-0.0356872454,3.63658738,16.4058743,-0.338928223,0.205908746,-0.2948251,-0.170007572,0.0191807263,-0.5071379,-0.0136254728,4.14293051,-4.826294,-0.5821533,-0.07702637,0.6510615,-0.184734881,0.0253540576,-0.462385118,-0.0345099568,3.59892654,7.104095,0.0208694525,0.044758,-0.251144558,-0.110258356,-0.00757306069,-0.478330523,0.03469128,4.03584671,-6.50109863,-0.404968262,-0.048614502,-0.298736244,-0.1678966,-0.0208972022,-0.8760725,1.93774867,2.68536234,3.425426
359,7.17999745606576,2555,0,-1,-0.476414651,0,3.97152758,-0.741646,0,6.234994,-0.741646,0,6.234994,1,0,0,1,-0.461581737,0,3.84682775,0,0,0,-0.456402719,-0.00124703348,3.85420752,-4.06930542,-0.5216675,0.0597422123,0.0174351782,-0.192395434,-0.0180680156,-0.435073644,-0.0402203947,3.61737919,7.85409546,-0.70022583,0.174888417,-1.31129384,-0.184320062,0.0894124061,-0.491346538,-0.009601682,4.10387468,-0.5566101,-0.852874756,-0.0509643555,1.42539394,-0.171650514,0.0979929,-0.426147431,-0.100997582,3.31913114,15.3077707,-0.499389648,0.241803914,-0.9575878,-0.149023488,0.0306577235,-0.5322585,-0.0238164365,4.398713,-4.69631958,-0.768463135,-0.07354736,1.28739047,-0.163829,0.007909477,-0.4084769,-0.09976295,3.12635088,6.140036,-0.127807617,0.06687002,-0.824903965,-0.105865896,-0.03410834,-0.5162308,-0.0336823,4.412207,-6.201538,-0.5779419,-0.09112549,0.290492654,-0.15755102,-0.0006390959,-0.87484163,1.93774867,2.67510223,3.41707325
360,7.1999974489795919,2564,0,-1,-0.476414651,0,3.97152758,-0.746944845,0,6.27696753,-0.746944845,0,6.27696753,1,0,0,1,-0.46147576,0,3.84598827,0,0,0,-0.4574637,-0.00126160681,3.85331655,-4.06436157,-0.6803589,0.0610150956,0.0148318559,-0.161959961,-0.01816491,-0.427182466,-0.04515603,3.54381,6.38980341,-0.8176575,0.21416682,-1.665749,-0.141191959,0.0961750746,-0.496945828,-0.00276847184,4.149733,1.18094158,-0.9838867,-0.06210327,1.64926052,-0.126809686,0.08463353,-0.391735345,-0.143288136,3.03899312,13.5574512,-0.6175537,0.293657,-1.516437,-0.122714207,0.03498417,-0.554731965,-0.0237054378,4.61896753,-3.84378052,-0.90625,-0.09970093,1.88512838,-0.125017464,-0.004826516,-0.355852753,-0.142050847,2.726366,4.7622304,-0.314361572,0.0271112714,-1.17712569,-0.117109925,-0.0471987128,-0.5564835,-0.104657874,4.760711,-5.18359375,-0.7510681,-0.08300781,0.894202,-0.142219424,0.04319963,-0.8762328,1.93774867,2.686698,3.42651415
361,7.2199974418934234,2571,0,-1,-0.476414651,0,3.97152758,-0.7587749,0,6.372168,-0.7587749,0,6.372168,1,0,0,1,-0.461239159,1.49011612E-08,3.84408426,0,0,0,-0.458855629,-0.00129009783,3.85145,-4.065094,-0.7921448,0.06191359,0.0109602511,-0.117327556,-0.0168529451,-0.4207688,-0.042180568,3.48866,4.619866,-0.8736267,0.2624276,-1.90865827,-0.0856890753,0.09020516,-0.4994825,0.0074647367,4.170284,3.04495358,-1.04574585,-0.09387207,1.74223089,-0.07067396,0.06689328,-0.360018551,-0.154423431,2.82256746,11.3146133,-0.696411133,0.34849143,-1.93755162,-0.07633284,0.0307016075,-0.574808836,-0.01163201,4.79084635,-2.26773071,-0.9857178,-0.143432617,2.409248,-0.07513919,-0.00487953424,-0.311748415,-0.153851986,2.4273932,3.29854369,-0.459472656,0.0194524638,-1.25326812,-0.09953137,-0.018275857,-0.600581646,-0.171804756,5.06441,-3.51495361,-0.930145264,0.0143423481,1.45631623,-0.130536586,0.09809297,-0.87596035,1.93774867,2.68442631,3.42466354
362,7.2399974348072558,2579,0,-1,-0.476414651,0,3.97152758,-0.7761422,0,6.508889,-0.7761422,0,6.508889,1,0,0,1,-0.4608918,1.49011612E-08,3.84134984,0,0,0,-0.4604787,-0.00133250654,3.848827,-4.07208252,-0.8463135,0.0622399449,0.00646892749,-0.0621354654,-0.0141099105,-0.417046666,-0.03208874,3.45943713,2.68414354,-0.864654541,0.3095312,-2.00682187,-0.0244147032,0.07219252,-0.499940544,0.0181640387,4.163833,4.89683437,-1.03729248,-0.135040283,1.69778633,-0.010204073,0.0533118248,-0.333857059,-0.1347548,2.69107366,8.777256,-0.748168945,0.3897508,-2.18784142,-0.0443788059,0.0100873113,-0.5938838,0.0131732374,4.90129232,-0.0132446289,-1.02001953,-0.178161621,2.81328344,-0.0105743036,0.0130393505,-0.27086547,-0.1351736,2.2551353,2.05070972,-0.656311035,-0.000610351563,-1.07211483,-0.13639915,0.004064232,-0.6418368,-0.192051828,5.30631065,-0.943634033,-1.03048706,-0.141448975,2.43252659,-0.0483842045,-0.0118846893,-0.876096547,1.93774867,2.68556213,3.42558885
363,7.2599974277210881,2586,0,-1,-0.476414651,0,3.97152758,-0.7826108,0,6.549778,-0.7826108,0,6.549778,1,0,0,1,-0.460762441,0,3.840532,0,0,0,-0.4624839,-0.00138886273,3.84740639,-4.082245,-0.836364746,0.06182825,0.00505250972,0.000401698053,-0.010032462,-0.416633248,-0.01807557,3.46317029,0.7436,-0.792114258,0.336732239,-1.9400351,0.0420182459,0.0407521129,-0.501574457,0.0276737958,4.14682865,6.68115473,-0.9604187,-0.160980225,1.58777571,0.0573218055,0.05102408,-0.320509374,-0.09685895,2.662263,6.17465258,-0.7297058,0.4148863,-2.24498272,0.0273405686,-0.00556314,-0.6055141,0.07402782,4.93874454,2.7252233,-0.9511719,-0.185882568,2.96008,0.0464534052,0.0308117867,-0.253416032,-0.102086186,2.21439,0.64295,-0.736358643,-0.4658203,-0.80247,-0.0239959732,0.009184867,-0.651836455,-0.0196788013,5.36775732,0.9497884,-1.0218811,-0.245178223,1.48039734,0.00178963691,-0.009419322,-0.8754109,1.93774843,2.67984629,3.420934
364,7.2799974206349205,2594,0,-1,-0.476414651,0,3.97152758,-0.7837373,0,6.54756069,-0.7837373,0,6.54756069,1,0,0,1,-0.4607399,-5.94556332E-06,3.84057641,0,0,0,-0.464596868,-0.00141826272,3.84682131,-4.09036255,-0.761047363,0.0605208129,0.00646302756,0.06406118,-0.00494487537,-0.4196377,-0.0043631047,3.494811,-1.05795288,-0.658081055,0.340980649,-1.73677135,0.103908941,0.00254449248,-0.496016532,0.0311229378,4.097349,8.21084,-0.8117676,-0.169830322,1.30418086,0.125804842,0.03410244,-0.316795975,-0.043348,2.73249936,3.71938252,-0.635009766,0.4168334,-2.10754657,0.0898073,-0.0319311619,-0.5928906,0.114130877,4.889003,5.66150665,-0.87197876,-0.214355469,2.93034172,0.0900932848,0.0240486264,-0.259175539,-0.007923394,2.32126379,-0.3260193,-0.67401123,-0.298706055,-1.03847075,0.0406379849,0.250534773,-0.6477988,0.0737709254,5.34881973,2.07146764,-1.02307129,-0.265197754,0.915361,-0.00246270513,0.0291401744,-0.876065731,1.93774867,2.685305,3.42537951
365,7.2999974135487529,2602,0,-1,-0.476414651,0,3.97152758,-0.7850978,0,6.54305458,-0.7850978,0,6.54305458,1,0,0,1,-0.4607127,0,3.84066653,0,0,0,-0.466155767,-0.00142522156,3.84627438,-4.095764,-0.6294861,0.0577260926,0.00849373452,0.119114839,0.000192423118,-0.426248759,0.005325809,3.5615685,-2.529663,-0.479553223,0.320231974,-1.36284137,0.151771873,-0.0382791162,-0.48533082,0.0267088264,4.02470827,9.348471,-0.610351563,-0.174041748,0.9026461,0.175096691,0.00762836635,-0.326310366,0.006194353,2.90132236,1.61708546,-0.4951477,0.370078743,-1.70308137,0.136462361,-0.0547170043,-0.572695136,0.13406691,4.76918,8.70663452,-0.7250366,-0.231292725,2.77515316,0.135397255,0.0286548734,-0.2819825,0.103865847,2.509898,-1.63775635,-0.5626831,0.01757611,-1.13889992,0.08323641,0.162970975,-0.636095047,0.106666364,5.250375,3.22338128,-0.992126465,-0.274902344,0.956331134,0.0302272215,0.04918033,-0.8756764,1.93774867,2.68206,3.42273641
366,7.3199974064625843,2610,0,-1,-0.476414651,0,3.97152758,-0.782928169,0,6.507828,-0.782928169,0,6.507828,1,0,0,1,-0.4607561,1.49011612E-08,3.841371,0,0,0,-0.467219472,-0.00143235922,3.84646273,-4.097351,-0.456329346,0.05383889,0.0111771245,0.1604027,0.00526126567,-0.436302453,0.008214489,3.646265,-3.55532837,-0.270568848,0.277030945,-0.908020735,0.18490842,-0.0677896142,-0.473381579,0.0149590224,3.93885231,10.01266,-0.379241943,-0.172271729,0.43293342,0.207237512,-0.01583185,-0.3523763,0.02895771,3.1336813,-0.0238037109,-0.308410645,0.311881,-0.9848864,0.17558594,-0.0572406948,-0.546913266,0.138125032,4.5905056,11.70262,-0.5346985,-0.230743408,2.46459746,0.1763848,0.03566432,-0.3141256,0.1228283,2.80731964,-2.950653,-0.362091064,0.0738538,-1.08157778,0.161944747,-0.03630379,-0.619274735,0.124190576,5.071532,4.54344273,-0.855072,-0.207611084,1.087633,0.08685318,0.07539511,-0.8757006,1.93774843,2.682261,3.4229
367,7.3399973993764167,2618,0,-1,-0.476414651,0,3.97152758,-0.7797438,0,6.471803,-0.7797438,0,6.471803,1,0,0,1,-0.460819781,0,3.84209156,0,0,0,-0.46794638,-0.00144842267,3.8466785,-4.0961,-0.2559204,0.04993946,0.0132061858,0.187966943,0.0102415886,-0.451958358,0.00316727161,3.77307272,-3.90628052,-0.04373169,0.222770482,-0.246879071,0.203392535,-0.0868359953,-0.462382317,-0.00126455724,3.84729528,10.1682367,-0.136901855,-0.16229248,-0.0611647069,0.22330603,-0.03082554,-0.385744065,0.02344215,3.41446781,-2.02420044,-0.101104736,0.239928678,-0.8392019,0.185075343,-0.0632003844,-0.519745052,0.122039959,4.36768246,14.4787426,-0.317474365,-0.207336426,2.013828,0.187101111,0.041808486,-0.3463484,0.147806451,3.08211327,-4.44024658,-0.173034668,0.0600929037,-1.26462328,0.156841889,-0.0591384768,-0.59194845,0.124784745,4.8168335,5.90496254,-0.707061768,-0.136566162,1.11412871,0.08368793,0.06314689,-0.875898063,1.93774843,2.683907,3.42424059
368,7.3599973922902491,2626,0,-1,-0.476414651,0,3.97152758,-0.771171153,0,6.393137,-0.771171153,0,6.393137,1,0,0,1,-0.460991234,-1.54823065E-05,3.843665,0,0,0,-0.468005866,-0.00146237016,3.84778571,-4.0914917,-0.04864502,0.04581656,0.0156343058,0.196591824,0.0141521767,-0.464951783,-0.0045337677,3.88759136,-3.61413574,0.177375451,0.166272,0.337969661,0.200455859,-0.0997835845,-0.455196917,-0.0159562677,3.770327,9.894319,0.095878005,-0.13684082,-0.475660563,0.221259847,-0.03328082,-0.419971168,0.0126145482,3.69296741,-3.53805542,0.099771075,0.16930671,-0.358617,0.1788786,-0.0582339,-0.4827986,0.08128796,4.11463261,16.4781265,-0.0664672852,-0.1796875,1.1728363,0.2103989,0.02193302,-0.389664471,0.119093217,3.41913748,-5.665161,0.0068966886,0.0481358469,-1.03322423,0.15489237,-0.0381574035,-0.5250627,0.09651597,4.4580307,7.02423143,-0.379943848,-0.2849121,0.895988464,0.212736785,-0.0262597054,-0.8756654,1.93774867,2.68196869,3.422662
369,7.3799973852040814,2634,0,-1,-0.476414651,0,3.97152758,-0.7628578,0,6.31710529,-0.7628578,0,6.31710529,1,0,0,1,-0.4611575,0,3.84518552,0,0,0,-0.4683618,-0.001470536,3.84885025,-4.084259,0.158165544,0.0436322726,0.0173575617,0.198672652,0.0181819536,-0.47592476,-0.0102906674,3.98286343,-2.78964233,0.3896795,0.111369856,0.8233969,0.194839552,-0.107048638,-0.448257565,-0.023837924,3.728003,9.404789,0.316940546,-0.126403809,-0.7128697,0.2164697,-0.0553766042,-0.4570878,-0.00429713726,3.97323847,-4.49276733,0.3125052,0.108743593,0.24560748,0.178582221,-0.0453273878,-0.440389842,0.009048402,3.83505225,16.6954269,0.14615266,-0.179077148,0.161035448,0.1848587,-0.00330930762,-0.448027343,0.0694480762,3.79368377,-6.41506958,0.1772834,0.06767757,-0.611533344,0.143946126,0.00358019769,-0.448427677,0.0139642432,3.9303062,7.33434868,-0.193511963,-0.318328857,0.195718423,0.110663638,0.0661193952,-0.875463843,1.93774843,2.68028831,3.42129374
370,7.3999973781179138,2642,0,-1,-0.476414651,0,3.97152758,-0.754513144,0,6.24302864,-0.754513144,0,6.24302864,1,0,0,1,-0.4613244,1.49011612E-08,3.846667,0,0,0,-0.46857208,-0.00146578252,3.84993124,-4.07547,0.3582916,0.0426911041,0.0184023641,0.194077417,0.02118426,-0.486120671,-0.01176472,4.06201124,-1.52761841,0.5847715,0.07146096,1.22259581,0.182032809,-0.10325589,-0.438779026,-0.0342164636,3.66159844,8.58773,0.514957,-0.134674072,-1.06631827,0.201520547,-0.07484618,-0.496365517,-0.0186490417,4.242551,-4.801483,0.500184357,0.07676937,0.888502359,0.164461568,-0.0251277089,-0.396397769,-0.06199421,3.517718,16.0767746,0.332501143,-0.199432373,-0.5484959,0.16896525,-0.0208595246,-0.5021083,0.006538801,4.17589235,-6.5355835,0.328319,0.08897336,-0.0709106848,0.146397591,-0.0221296363,-0.378843069,-0.0611463562,3.42219687,6.774933,-0.02935791,-0.341888428,-0.4657799,0.09147895,0.06509898,-0.875405848,1.93774867,2.67980433,3.42089987
371,7.4199973710317462,2650,0,-1,-0.476414651,0,3.97152758,-0.755189657,0,6.243565,-0.755189657,0,6.243565,1,0,0,1,-0.461310863,0,3.84665632,0,0,0,-0.467831016,-0.00146837533,3.85000134,-4.067932,0.536422849,0.0415724479,0.0172590557,0.174100921,0.02218768,-0.493814617,-0.007929519,4.12196,0.06617965,0.7408083,0.0563737154,1.52010715,0.151327848,-0.09172621,-0.42806375,-0.0427829772,3.584887,7.36123657,0.6706877,-0.1612854,-1.45211208,0.1682322,-0.0887151957,-0.530937552,-0.0251360834,4.48533154,-4.405365,0.6568022,0.07352903,1.51567984,0.140894115,-0.009085298,-0.356964916,-0.120051846,3.2126174,14.7218637,0.481909454,-0.240325928,-1.1779989,0.139064908,-0.03418067,-0.551372766,-0.0627042651,4.54251242,-5.949066,0.498033822,0.074786596,0.529787838,0.142668009,-0.0268650353,-0.322003782,-0.1196588,2.973193,5.61767769,0.108980812,-0.349823,-0.9617348,0.085233286,0.102971107,-0.8759954,1.93774843,2.68471861,3.42490149
372,7.4399973639455776,2658,0,-1,-0.476414651,0,3.97152758,-0.7625389,0,6.30702,-0.7625389,0,6.30702,1,0,0,1,-0.461163878,1.49011612E-08,3.84538722,0,0,0,-0.466405451,-0.00148661435,3.8492775,-4.06454468,0.6763771,0.0405234173,0.0142713077,0.138094455,0.02170072,-0.4982085,0.0005354881,4.158746,1.86907506,0.840114,0.06459773,1.69528449,0.104716882,-0.07675865,-0.418804735,-0.04481049,3.51818,5.767006,0.76682204,-0.204559326,-1.76718414,0.118097328,-0.09373081,-0.5583505,-0.0203587562,4.688129,-3.281433,0.768009,0.09289614,2.0900054,0.09793083,0.0003477037,-0.3267155,-0.151328459,2.953683,12.7683134,0.5788836,-0.2980652,-1.69054258,0.106299877,-0.0384401977,-0.5917619,-0.131939039,4.876233,-4.664276,0.64268744,0.06714059,1.12928832,0.122763455,-0.0197652429,-0.283956051,-0.151609033,2.60627437,4.166265,0.284021467,-0.263916016,-1.20758891,0.103822358,0.1453713,-0.875551045,1.93774843,2.68101382,3.42188454
373,7.45999735685941,2666,0,-1,-0.476414651,0,3.97152758,-0.775407553,0,6.42133,-0.775407553,0,6.42133,1,0,0,1,-0.4609065,-5.96046448E-06,3.843101,0,0,0,-0.464524835,-0.00149098039,3.84792948,-4.066925,0.7653933,0.03996554,0.0101359654,0.08953542,0.0198538415,-0.499375463,0.01137501,4.16979027,3.74597836,0.8750784,0.0903871953,1.737277,0.05055466,-0.0595859,-0.412693024,-0.0390545577,3.47269988,3.91643858,0.7978122,-0.2574768,-1.958471,0.060808938,-0.08612871,-0.573770642,-0.0037163496,4.839469,-1.44467163,0.828533232,0.11623615,2.57641268,0.04982836,-0.009533644,-0.312535822,-0.150595278,2.76529169,10.3917246,0.663849354,-0.3458557,-2.0516243,0.0822089538,-0.0206263363,-0.6141502,-0.1950695,5.16129875,-2.782257,0.7995312,0.0573368035,1.65118706,0.106923476,0.00581467152,-0.274095267,-0.151530251,2.348688,2.757664,0.5388568,-0.132781982,-1.18768775,0.184737861,0.13101612,-0.87598896,1.93774867,2.68466449,3.42485762
374,7.4799973497732424,2674,0,-1,-0.476414651,0,3.97152758,-0.7884237,0,6.539669,-0.7884237,0,6.539669,1,0,0,1,-0.460646182,1.49011612E-08,3.84073424,0,0,0,-0.46233356,-0.00149966776,3.84655023,-4.07479858,0.794583857,0.04002297,0.0064189015,0.0317100734,0.01654671,-0.4965781,0.02182144,4.157357,5.57882,0.842018,0.117391519,1.65471625,-0.0130635165,-0.0469015241,-0.412595242,-0.0268898457,3.45557714,1.96173286,0.764481843,-0.295593262,-1.995911,-0.00343000516,-0.0551404357,-0.5827737,0.0354125351,4.921173,1.00381112,0.8467046,0.1426132,2.88125777,-0.0016843304,-0.0148162246,-0.315400869,-0.121953234,2.66744232,7.80093145,0.6718675,-0.3699646,-2.233956,0.00492122769,0.000619232655,-0.6325145,-0.1562953,5.35604763,0.278801829,0.895200431,-0.00143432617,2.56869984,0.05210783,-0.0419471264,-0.267829716,-0.123757482,2.222864,1.63452208,0.6456424,-0.0735168457,-0.9525643,0.09230688,0.09579969,-0.875988364,1.93774867,2.6846602,3.424854
375,7.4999973426870747,2682,0,-1,-0.476414651,0,3.97152758,-0.787572861,0,6.5448904,-0.787572861,0,6.5448904,1,0,0,1,-0.4606632,0,3.84062982,0,0,0,-0.460181564,-0.00149896741,3.847067,-4.083313,0.759042442,0.0407985635,0.00640361663,-0.0317553729,0.0119608305,-0.492953,0.0298143476,4.13398,7.29513741,0.740359366,0.1405076,1.500511,-0.08090007,-0.0313517153,-0.4153805,-0.0122046173,3.47062325,0.0518783219,0.661242545,-0.312469482,-1.87810659,-0.07325282,-0.0193541348,-0.5867288,0.09151405,4.929776,3.82541871,0.7649629,0.16638571,2.95709372,-0.06748514,-0.0161395073,-0.326443672,-0.0795961,2.67444873,5.226653,0.624309242,-0.380645752,-2.21721649,-0.05484408,0.019738704,-0.6357203,0.03385371,5.35977745,1.455005,0.873614669,-0.08547974,0.9960067,-0.0123827569,-0.07508382,-0.283029735,-0.10368219,2.23842859,0.354061067,0.649160743,-0.376281738,-1.11709452,0.00657416135,-0.271400928,-0.8758501,1.93774843,2.68350673,3.42391443
376,7.5199973356009071,2690,0,-1,-0.476414651,0,3.97152758,-0.7869932,0,6.556251,-0.7869932,0,6.556251,1,0,0,1,-0.4606748,1.49011612E-08,3.8404026,0,0,0,-0.458281875,-0.00143130124,3.847498,-4.08972168,0.6614656,0.04277589,0.00752796652,-0.09249243,0.00690093,-0.48582837,0.029998228,4.072948,8.686451,0.5801403,0.153497219,1.15610063,-0.138787776,-0.012832433,-0.42101112,0.0005322844,3.51541471,-1.6529541,0.500915766,-0.304626465,-1.61252427,-0.1321457,0.0170431733,-0.5789306,0.122353643,4.84952164,6.80142069,0.641722,0.179367363,2.879736,-0.109738365,-0.02479595,-0.347241431,-0.0234036744,2.78090072,2.880417,0.505388737,-0.357421875,-2.01384425,-0.130154148,0.0379515,-0.630634248,0.0887493044,5.317651,2.51775813,0.8389794,-0.09573364,0.8733547,-0.01990955,-0.0362278819,-0.302919656,0.0415206552,2.377926,-0.7142029,0.517032564,-0.0397338867,-1.00688589,-0.12117061,0.218106419,-0.8761575,1.93774843,2.68607068,3.426003
377,7.5399973285147386,2698,0,-1,-0.476414651,0,3.97152758,-0.78294605,0,6.536844,-0.78294605,0,6.536844,1,0,0,1,-0.460755736,-5.96046448E-06,3.84079075,0,0,0,-0.456963837,-0.00139966607,3.8483243,-4.093445,0.5129705,0.046031937,0.009545413,-0.1425198,0.0017399732,-0.477184355,0.0224560052,3.9947114,9.646827,0.3793941,0.154949769,0.7234995,-0.181938142,0.00665907562,-0.4302537,0.007774338,3.592156,-2.968933,0.29572928,-0.2735901,-1.19564331,-0.175444439,0.05001013,-0.5664134,0.136821091,4.70683956,9.843953,0.487662345,0.183483243,2.675602,-0.13802439,-0.026873529,-0.374750167,0.0187698156,2.97735262,0.939314842,0.31910193,-0.321228027,-1.44461918,-0.15894495,0.0470614731,-0.619628,0.107951351,5.19089746,3.58756542,0.7879068,-0.197845459,0.8660408,-0.0226278044,-0.120944008,-0.335388869,0.122194335,2.602651,-2.06097412,0.396820962,0.09671084,-1.14742374,-0.106940672,0.020236209,-0.875636935,1.93774867,2.68173146,3.422469
378,7.5599973214285709,2706,0,-1,-0.476414651,0,3.97152758,-0.7774803,0,6.504073,-0.7774803,0,6.504073,1,0,0,1,-0.460865051,1.49011612E-08,3.84144616,0,0,0,-0.456233978,-0.00135533512,3.84931374,-4.09390259,0.3292532,0.0500377752,0.011531652,-0.17769374,-0.00323295966,-0.4673698,0.008659199,3.90573359,10.11566,0.158317775,0.149536476,0.238442838,-0.206775635,0.0258015841,-0.442638,0.007637456,3.69408822,-3.74780273,0.0676952451,-0.227416992,-0.659653664,-0.198165327,0.07672445,-0.5460589,0.134090781,4.508645,12.7699,0.309614748,0.178421065,2.30569553,-0.163069874,-0.0305506587,-0.408359915,0.028953895,3.229884,-0.910339355,0.122068383,-0.260437,-0.91558,-0.186938182,0.0559063181,-0.5913026,0.125168025,4.98633957,5.061261,0.700347364,-0.182098389,1.16016972,-0.0527252741,-0.00865227,-0.366791934,0.139098376,2.89422464,-3.48535156,0.19940865,0.0829741061,-1.20536137,-0.162599728,-0.0436553061,-0.8763512,1.93774843,2.68768477,3.427318
379,7.5799973143424033,2714,0,-1,-0.476414651,0,3.97152758,-0.7700923,0,6.450596,-0.7700923,0,6.450596,1,0,0,1,-0.4610128,-5.96046448E-06,3.84251571,0,0,0,-0.45604226,-0.001325354,3.85043049,-4.09176636,0.12739931,0.0540879853,0.0133678252,-0.19658187,-0.00771735236,-0.455033034,-0.009069502,3.809759,10.0475311,-0.06640625,0.133826315,-0.27888307,-0.216859981,0.0353281945,-0.457783937,0.001009956,3.81904054,-3.84945679,-0.167327881,-0.174438477,-0.0161374025,-0.2059719,0.09357318,-0.525338054,0.112728529,4.274968,15.557725,0.101855449,0.168487176,1.93465281,-0.188783035,-0.0172886848,-0.441585928,0.0207632333,3.51046515,-2.74627686,-0.0958251953,-0.193359375,-0.6911427,-0.1930978,0.056620542,-0.578085542,0.123486452,4.71970129,6.415388,0.448450267,-0.07571411,1.10998058,-0.173614889,0.0117241144,-0.399226427,0.141874492,3.19332552,-4.92025757,-0.00256347656,0.0645906,-1.22576213,-0.172911,-0.0275424421,-0.876155138,1.93774867,2.68605113,3.42598724
380,7.5999973072562357,2722,0,-1,-0.476414651,0,3.97152758,-0.7604125,0,6.37949944,-0.7604125,0,6.37949944,1,0,0,1,-0.4612064,-5.94556332E-06,3.84393764,0,0,0,-0.456143826,-0.00130657852,3.85171318,-4.087036,-0.0781860352,0.05734919,0.0151451267,-0.202491984,-0.0116781909,-0.4510486,-0.0181199759,3.763457,9.713971,-0.282531738,0.127721086,-0.537096143,-0.215069875,0.05577395,-0.471008718,-0.006407127,3.92554426,-3.35375977,-0.3965454,-0.123504639,0.527537167,-0.202715635,0.103852719,-0.5027752,0.0537923127,4.015481,16.65975,-0.100708008,0.174733832,0.591864944,-0.182895347,0.004811898,-0.473960936,0.006747946,3.79195929,-4.061798,-0.313964844,-0.128051758,-0.141653821,-0.186808661,0.0503231473,-0.534383535,0.0648751855,4.254989,7.28451061,0.253170341,0.00488235429,0.657517254,-0.1360013,0.0134535134,-0.437297881,0.104325891,3.5514164,-6.010071,-0.17767334,0.0193451177,-0.913913846,-0.167538822,-0.0208523571,-0.8762211,1.93774843,2.68660069,3.42643476
381,7.619997300170068,2729,0,-1,-0.476414651,0,3.97152758,-0.748212934,0,6.28241539,-0.748212934,0,6.28241539,1,0,0,1,-0.4614504,-5.96046448E-06,3.84587932,0,0,0,-0.455931038,-0.001281932,3.85347033,-4.0793457,-0.2843628,0.0585577674,0.0172325987,-0.2052887,-0.01565992,-0.4457066,-0.02762781,3.70988178,9.127538,-0.4867859,0.137771875,-0.833405435,-0.210702509,0.0750132352,-0.48184377,-0.0109262764,4.01526976,-2.36080933,-0.619171143,-0.07791138,0.982165337,-0.19858323,0.109439939,-0.47241056,-0.0187027529,3.71224451,16.5451488,-0.2935791,0.1947301,-0.119380772,-0.1748038,0.0202098526,-0.5028605,-0.009984553,4.072263,-4.78564453,-0.537780762,-0.08117676,0.48636955,-0.189130247,0.03516233,-0.479325652,-0.0163126737,3.72475314,7.230115,0.0779237449,0.04901905,-0.08017663,-0.117685378,-0.00697501749,-0.4696469,0.0495072752,3.9363873,-6.555969,-0.3598938,-0.0416564941,-0.429030418,-0.160583541,-0.0403499752,-0.875918746,1.93774867,2.68408,3.42438149
382,7.6399972930838995,2737,0,-1,-0.476414651,0,3.97152758,-0.742207766,0,6.23942852,-0.742207766,0,6.23942852,1,0,0,1,-0.4615705,1.49011612E-08,3.846739,0,0,0,-0.45625633,-0.00125665963,3.85416174,-4.070984,-0.479736328,0.0595537946,0.0174978971,-0.196276009,-0.017804265,-0.4378771,-0.038288787,3.63513255,8.156707,-0.663970947,0.163479239,-1.221079,-0.191614747,0.09086002,-0.4902049,-0.0105627626,4.08821,-0.966949463,-0.815704346,-0.0531005859,1.348099,-0.178008512,0.103672862,-0.437363327,-0.0866519362,3.3934505,15.63102,-0.461578369,0.231650487,-0.800771654,-0.157387614,0.032307744,-0.5273306,-0.02219835,4.335649,-4.836731,-0.729980469,-0.068573,1.12859046,-0.170779556,0.0137637854,-0.424153745,-0.08513398,3.23751783,6.41754961,-0.08666992,0.06398158,-0.6984498,-0.114855357,-0.0376113951,-0.507292,-0.0167386234,4.317631,-6.427582,-0.535491943,-0.0875244141,0.144382924,-0.162190825,-0.00672053173,-0.8759031,1.93774843,2.68395,3.4242754
383,7.6599972859977319,2745,0,-1,-0.476414651,0,3.97152758,-0.7450345,0,6.26395,-0.7450345,0,6.26395,1,0,0,1,-0.461513966,1.49011612E-08,3.84624863,0,0,0,-0.45718348,-0.00125664473,3.85359144,-4.06518555,-0.647125244,0.0607723966,0.0154707953,-0.170220748,-0.0182613228,-0.429748982,-0.0447187722,3.559901,6.77985239,-0.7945862,0.2043853,-1.58959866,-0.153383747,0.09929487,-0.4961815,-0.00494599342,4.14014435,0.716223657,-0.9616699,-0.0555419922,1.60341966,-0.1380376,0.09023678,-0.402052581,-0.135437638,3.102676,14.0305624,-0.5923157,0.283977032,-1.38843477,-0.13213408,0.0376437,-0.5500319,-0.0250691921,4.566716,-4.16949463,-0.881317139,-0.08679199,1.74070263,-0.135963351,-0.00139003992,-0.370382428,-0.133970976,2.81718946,5.114929,-0.274047852,0.0329546146,-1.11317635,-0.120293431,-0.0455749035,-0.5466544,-0.0875767544,4.67544842,-5.57949829,-0.708587646,-0.0963439941,0.7492036,-0.146466583,0.0323289633,-0.876053631,1.93774843,2.68520379,3.42529678
384,7.6799972789115643,2753,0,-1,-0.476414651,0,3.97152758,-0.7552269,0,6.345346,-0.7552269,0,6.345346,1,0,0,1,-0.461310118,0,3.8446207,0,0,0,-0.458491385,-0.00128129125,3.85198045,-4.064514,-0.7712097,0.0617684573,0.011870753,-0.1290698,-0.01730002,-0.422723174,-0.043639943,3.49982738,5.07189846,-0.8661194,0.255180478,-1.86195767,-0.100683063,0.09570968,-0.499292135,0.004655272,4.16740751,2.560489,-1.04095459,-0.08154297,1.73072684,-0.08446434,0.07225591,-0.3688916,-0.1544876,2.8689537,11.89421,-0.682312,0.341770321,-1.84680665,-0.0882224143,0.0351642072,-0.570257,-0.016128704,4.75233555,-2.77404785,-0.9741821,-0.127685547,2.28762174,-0.088048175,-0.00585764647,-0.323827684,-0.153644219,2.49097061,3.64433026,-0.426635742,0.023081338,-1.25834918,-0.103564531,-0.023113519,-0.5895077,-0.156387031,4.992599,-4.053772,-0.8872986,-0.01965332,1.32819915,-0.132565215,0.08545038,-0.875938833,1.93774843,2.684248,3.424518
385,7.6999972718253966,2761,0,-1,-0.476414651,0,3.97152758,-0.771819353,0,6.47356749,-0.771819353,0,6.47356749,1,0,0,1,-0.46097827,1.49011612E-08,3.84205627,0,0,0,-0.460031837,-0.00131940842,3.84952116,-4.070038,-0.8401489,0.06219821,0.00758610247,-0.0764552951,-0.0149639538,-0.418131769,-0.03505802,3.4638412,3.16175532,-0.873718262,0.306900352,-1.9975009,-0.0411076769,0.08019823,-0.499756217,0.015538007,4.16832,4.428529,-1.050354,-0.122344971,1.7235291,-0.0258765258,0.0548965931,-0.3400985,-0.141845927,2.71513772,9.411475,-0.7473755,0.387609184,-2.1416955,-0.05838755,0.0150976181,-0.589750648,0.00421994925,4.881002,-0.6808777,-1.0272522,-0.165039063,2.73331237,-0.0381679349,0.008870304,-0.277880758,-0.141966969,2.286295,2.32246852,-0.6364746,-0.0121154785,-1.13472784,-0.144198716,-0.005925834,-0.634879947,-0.2156913,5.25171852,-1.995697,-1.06210327,0.08980904,1.817951,-0.0944528058,0.137764215,-0.875960469,1.93774843,2.68442726,3.42466426
386,7.719997264739229,2769,0,-1,-0.476414651,0,3.97152758,-0.7826838,0,6.55679941,-0.7826838,0,6.55679941,1,0,0,1,-0.460760981,0,3.84039164,0,0,0,-0.461921155,-0.00137351453,3.8474822,-4.079895,-0.8467102,0.0619748,0.004948504,-0.01576097,-0.0111381048,-0.4163367,-0.021589458,3.45918465,1.21135962,-0.8178406,0.342316538,-1.97096717,0.0242155381,0.0492438972,-0.5014959,0.0254566222,4.15121174,6.23299074,-0.9918518,-0.151275635,1.618433,0.0395867042,0.053024888,-0.322483629,-0.106270775,2.65911531,6.806304,-0.7486267,0.4207103,-2.25045085,0.00582002848,-0.001727581,-0.604772151,0.0574359,4.935149,1.95823956,-0.9661255,-0.178070068,2.94506836,0.0425244756,0.0293431282,-0.258941472,-0.109059334,2.21304774,1.28971779,-0.73703,-0.00213623047,-0.846352458,-0.05981022,0.0230954438,-0.655779,-0.08414048,5.373826,0.617385149,-1.03936768,-0.116546631,2.0641613,0.00757236034,-0.08049527,-0.8756863,1.93774867,2.68214273,3.42280388
387,7.7399972576530613,2778,0,-1,-0.476414651,0,3.97152758,-0.782795548,0,6.543019,-0.782795548,0,6.543019,1,0,0,1,-0.460758746,1.49011612E-08,3.84066725,0,0,0,-0.464111537,-0.00141379237,3.84710026,-4.08853149,-0.787261963,0.0610181019,0.006207725,0.048542,-0.0062467833,-0.4183219,-0.007586047,3.48418,-0.6385193,-0.6996765,0.351778954,-1.80193138,0.08969721,0.0112222433,-0.498248845,0.0308766067,4.113077,7.84440756,-0.8597717,-0.162384033,1.39162934,0.109710544,0.04027623,-0.316263974,-0.0606091768,2.704333,4.288107,-0.6681824,0.421830446,-2.16326213,0.0922269747,-0.023837626,-0.5989744,0.105774686,4.90995264,4.86710644,-0.9067383,-0.201293945,2.956877,0.07914133,0.0292320848,-0.258846879,-0.09414056,2.29065633,0.2641619,-0.645050049,-0.2775879,-0.9315311,0.0903345,-0.203863472,-0.6547356,0.0572827458,5.36082172,1.79184079,-1.04159546,-0.188873291,0.973935544,-0.00292403344,-0.0245890766,-0.8763099,1.93774843,2.6873405,3.42703772
388,7.7599972505668928,2785,0,-1,-0.476414651,0,3.97152758,-0.7870573,0,6.563058,-0.7870573,0,6.563058,1,0,0,1,-0.4606735,-5.96046448E-06,3.84026647,0,0,0,-0.465826154,-0.00142236054,3.84610438,-4.09506226,-0.6678467,0.0586627424,0.007622389,0.107282512,-0.00101680122,-0.4247677,0.00348655879,3.54079556,-2.21398926,-0.526824951,0.338456839,-1.47365975,0.144627362,-0.0255764127,-0.488922983,0.0285127312,4.04486656,9.093075,-0.6694946,-0.165466309,1.01454461,0.164468229,0.0170761943,-0.3252581,-0.00709053874,2.85119581,2.08147359,-0.512573242,0.3997723,-1.85675764,0.121488348,-0.0458479822,-0.5821834,0.129759461,4.806168,7.90344858,-0.7691345,-0.2116394,2.83237338,0.12382549,0.035173595,-0.272937864,0.0724660754,2.46447158,-0.879943848,-0.5819092,-0.0693664551,-1.044958,0.05068679,0.128973335,-0.644524157,0.0992167443,5.283452,2.90520215,-1.03259277,-0.241424561,0.9240599,0.0023753806,-0.00170388818,-0.875782,1.93774867,2.68294,3.423453
389,7.7799972434807252,2793,0,-1,-0.476414651,0,3.97152758,-0.7850069,0,6.53021574,-0.7850069,0,6.53021574,1,0,0,1,-0.460714519,-5.94556332E-06,3.84092331,0,0,0,-0.466984659,-0.00144074857,3.84615421,-4.09814453,-0.5029907,0.0549509451,0.0102405054,0.151988238,0.00401449576,-0.433489919,0.008140042,3.62451,-3.355194,-0.323883057,0.30055505,-1.02263927,0.1780049,-0.0623589158,-0.4773387,0.0185166746,3.96126246,9.884196,-0.4454956,-0.159851074,0.5567031,0.200074226,-0.00602477044,-0.345403,0.02670829,3.07513428,0.331139773,-0.3581543,0.3387242,-1.16003287,0.163541988,-0.0568457842,-0.5573384,0.1389294,4.6411376,10.9321251,-0.5963745,-0.209075928,2.56124377,0.163703248,0.0398184061,-0.306788266,0.12987259,2.727041,-2.27203369,-0.422119141,0.0803757161,-1.15914929,0.1360375,0.0147091895,-0.628344834,0.121196188,5.12564564,4.1877327,-0.9255371,-0.192779541,1.05863154,0.0625605956,0.052975297,-0.876199365,1.93774867,2.68641973,3.42628741
390,7.7999972363945576,2801,0,-1,-0.476414651,0,3.97152758,-0.780792832,0,6.483581,-0.780792832,0,6.483581,1,0,0,1,-0.4607988,-5.94556332E-06,3.841856,0,0,0,-0.467763931,-0.00145673752,3.84658432,-4.09744263,-0.308136,0.0508810952,0.0127165429,0.182237029,0.009007444,-0.448153824,0.00490663946,3.741953,-3.87146,-0.100646973,0.248559073,-0.40860185,0.199715465,-0.08255626,-0.465822339,0.00310412049,3.87065816,10.1711016,-0.206207275,-0.146972656,0.06513575,0.219881356,-0.0239821225,-0.377349,0.026755482,3.34510779,-1.6005249,-0.14831543,0.270154774,-0.863839567,0.188903943,-0.06260356,-0.529587567,0.128100783,4.42830849,13.7854462,-0.383361816,-0.186065674,2.14457369,0.184318826,0.045171082,-0.338089019,0.1517019,3.00923276,-3.81130981,-0.199890137,0.0783410743,-1.29512811,0.172681451,-0.06346938,-0.6033558,0.126437426,4.889375,5.55607367,-0.7812195,-0.131286621,1.12130857,0.0801435,0.0523939729,-0.875537634,1.93774867,2.68090248,3.421794
391,7.81999722930839,2809,0,-1,-0.476414651,0,3.97152758,-0.77370286,0,6.41732454,-0.77370286,0,6.41732454,1,0,0,1,-0.4609406,1.49011612E-08,3.84318113,0,0,0,-0.4679787,-0.00145709515,3.847443,-4.09353638,-0.101776123,0.0467829667,0.01504532,0.195089862,0.013208814,-0.4619413,-0.00261610746,3.86059785,-3.729889,0.122752532,0.192227915,0.200584,0.201909542,-0.09678772,-0.456316918,-0.0141905844,3.778718,9.948483,0.030407995,-0.1199646,-0.426846832,0.223659709,-0.0293839723,-0.411517769,0.0163609087,3.6243093,-3.23760986,0.0552334972,0.198128581,-0.487785935,0.181132883,-0.0599142462,-0.492313683,0.09845847,4.18409967,16.3027134,-0.12902832,-0.158355713,1.67885065,0.213400915,0.0274454951,-0.378407359,0.1340497,3.33167124,-5.18203735,-0.0170593262,0.06267253,-1.15697026,0.155624971,-0.0458251536,-0.542922735,0.113616355,4.58896,6.81719875,-0.4454956,-0.295715332,1.02538931,0.221132025,-0.0376682878,-0.8760201,1.93774843,2.684925,3.42506981
392,7.8399972222222223,2817,0,-1,-0.476414651,0,3.97152758,-0.766425133,0,6.34655,-0.766425133,0,6.34655,1,0,0,1,-0.461086154,1.49011612E-08,3.84459662,0,0,0,-0.468184,-0.00144945085,3.84841037,-4.08712769,0.104844563,0.04401626,0.0168040227,0.197957918,0.0171334036,-0.473304927,-0.009135753,3.96041179,-3.02957153,0.336992472,0.13672325,0.709790945,0.196075559,-0.105290927,-0.449896425,-0.020832032,3.74446273,9.537845,0.2558373,-0.108428955,-0.622904241,0.219244555,-0.0532614,-0.448582441,0.0002336055,3.90485239,-4.331482,0.264193,0.135839611,0.09436402,0.176271677,-0.0468636677,-0.450359762,0.02829387,3.917845,16.7426319,0.088340275,-0.156829834,0.349844337,0.1884346,-0.00142476708,-0.434969932,0.0875509,3.69956684,-6.11422729,0.138796389,0.07762159,-0.76783824,0.133589759,0.0002784133,-0.465530157,0.0341509655,4.066043,7.3721323,-0.254608154,-0.319061279,0.383605361,0.114351965,0.0746552646,-0.8756454,1.93774843,2.6818,3.42252469
393,7.8599972151360538,2825,0,-1,-0.476414651,0,3.97152758,-0.7555279,0,6.25005,-0.7555279,0,6.25005,1,0,0,1,-0.4613041,-5.94556332E-06,3.84652662,0,0,0,-0.4686419,-0.00147047639,3.84982944,-4.07827759,0.308410555,0.0430312231,0.0184922982,0.197020322,0.0206437465,-0.4842112,-0.0118391216,4.04378748,-1.86749268,0.538815141,0.09383397,1.13117957,0.1878657,-0.102876633,-0.441021442,-0.03104493,3.6830883,8.834719,0.463189244,-0.115844727,-0.955988169,0.208966613,-0.07374588,-0.487758815,-0.0154246092,4.178194,-4.80102539,0.454097033,0.09906924,0.7316756,0.169238225,-0.0292653143,-0.405494034,-0.0440866947,3.601537,16.3266888,0.283693165,-0.176116943,-0.375129074,0.177051127,-0.02017808,-0.4885587,0.0261775479,4.082505,-6.43817139,0.301999748,0.08048706,-0.243316785,0.150025472,-0.0252671465,-0.39310652,-0.0434869677,3.54618168,6.99901962,-0.07980347,-0.341583252,-0.310245037,0.100842789,0.06648625,-0.875503659,1.93774843,2.68061924,3.42156315
394,7.8799972080498861,2833,0,-1,-0.476414651,0,3.97152758,-0.753821731,0,6.23396873,-0.753821731,0,6.23396873,1,0,0,1,-0.461338222,-1.54972076E-05,3.84684825,0,0,0,-0.468129456,-0.00147755444,3.85009646,-4.069824,0.4943525,0.04193734,0.0180678926,0.181376249,0.0221191961,-0.492344,-0.009347782,4.10898733,-0.346038818,0.7077259,0.07366396,1.456526,0.161987916,-0.09456709,-0.430088222,-0.04100132,3.60508561,7.719163,0.633429348,-0.1416626,-1.35358822,0.180537,-0.0897630751,-0.5229268,-0.0243084133,4.428595,-4.57910156,0.6228083,0.08735222,1.36463,0.1478772,-0.0130789578,-0.364119828,-0.107469052,3.28788877,15.145566,0.446709,-0.215911865,-1.02877212,0.15126963,-0.0347211957,-0.539765537,-0.04265079,4.45428753,-6.05792236,0.457408071,0.08421231,0.357594222,0.140576944,-0.0232690945,-0.3320685,-0.107211068,3.080842,5.96563673,0.07229013,-0.351531982,-0.8571194,0.08436301,0.08578347,-0.876323462,1.93774867,2.68745422,3.42713046
395,7.8999972009637185,2840,0,-1,-0.476414651,0,3.97152758,-0.7597509,0,6.285169,-0.7597509,0,6.285169,1,0,0,1,-0.461219639,0,3.84582424,0,0,0,-0.466836929,-0.00147992373,3.84952259,-4.06485,0.6456727,0.0408075042,0.0153599763,0.14887698,0.0219989922,-0.49743256,-0.00185474753,4.151872,1.41664052,0.8232096,0.07655517,1.66371894,0.118276149,-0.0809285045,-0.420207024,-0.0450586975,3.53381681,6.212399,0.747005641,-0.185211182,-1.69616914,0.133371681,-0.09733197,-0.5522092,-0.0225304812,4.642281,-3.633484,0.745769,0.101912968,1.95428717,0.110906214,-0.00149255991,-0.331052184,-0.146547481,3.013951,13.3279276,0.559031546,-0.274688721,-1.57419527,0.116723344,-0.0421806872,-0.58249855,-0.1131241,4.797413,-4.96402,0.613884,0.0673169643,0.9660282,0.129414409,-0.0228549242,-0.288976461,-0.146658242,2.68996549,4.55445766,0.236779988,-0.2939148,-1.17368782,0.101628974,0.137396827,-0.8749305,1.93774867,2.67584133,3.41767478
396,7.9199971938775509,2848,0,0,0,0,0,23.0491962,0,-192.18869,4.167686,0,-34.7509766,1,0,0,1,-0.460983753,0,3.84377217,0,0,0,-0.465045154,-0.00148423016,3.84831476,-4.06555176,0.7487006,0.0401126631,0.01133515,0.10294351,0.0204862,-0.499298483,0.008688822,4.169444,3.2877624,0.873935342,0.097178556,1.73927879,0.06426573,-0.06457925,-0.413127065,-0.0412594229,3.48193288,4.41453552,0.7960704,-0.24118042,-1.92348981,0.07759393,-0.09314269,-0.5722147,-0.008746758,4.807114,-1.96844482,0.8153527,0.130669177,2.465551,0.06409383,-0.00193810463,-0.31362465,-0.15406999,2.805052,11.0387506,0.6547231,-0.327209473,-1.97714925,0.09694589,-0.0255430937,-0.6121693,-0.178794622,5.09570646,-3.2354126,0.7737494,0.0435531363,1.51844418,0.122040965,-0.0127730668,-0.276543558,-0.154919624,2.40137,3.10324931,0.506354451,-0.145202637,-1.21874952,0.1909908,0.137503237,-0.8756475,1.93774843,2.68181849,3.42253971
397,7.9399971867913832,2856,0,0,0,0,0,18.1036777,0,-150.989761,4.1666584,0,-34.7511024,1,0,0,1,-0.362073421,1.49011612E-08,3.019794,0,0,0,-0.364445627,-0.00164608657,3.02685356,-4.09552,0.793847859,0.03966786,-0.00938626751,0.0471614264,0.0174399763,-0.399029672,0.0194497854,3.341771,5.15055,0.8586359,0.12650533,1.69021308,0.00482477248,-0.0497534871,-0.313701361,-0.0303237,2.6383965,2.48904967,0.7805034,-0.2850952,-1.98735476,0.0139647759,-0.06522536,-0.483533055,0.0212900788,4.09902334,0.379019171,0.8430315,0.1531953,2.85852218,0.007381577,-0.0151126981,-0.21559824,-0.129895955,1.87419236,8.509883,0.6829802,-0.360687256,-2.18030643,0.02218286,-0.00706088543,-0.5340872,-0.190623343,4.5310216,0.00369987357,0.8618773,0.08446133,2.66026068,0.05300775,0.180852592,-0.170494437,-0.131180719,1.43822646,1.90967393,0.629371643,-0.0675964355,-1.01821017,0.09818257,0.103739768,-0.8758115,1.93774843,2.683185,3.42365265
398,7.9599971797052147,2864,0,0,0,0,0,13.1716881,0,-109.876389,4.16588,0,-34.75119,1,0,0,1,-0.263433665,-1.54823065E-05,2.197527,0,0,0,-0.262974828,-0.00185011327,2.20717525,-4.15222168,0.761230946,0.03821878,-0.0279464871,-0.0291835181,0.0118936384,-0.295435131,0.0275269151,2.49088836,6.85475636,0.7528242,0.152996466,1.49960375,-0.0838776156,-0.0324659646,-0.219625443,-0.0147445053,1.849042,0.7276488,0.6771159,-0.304046631,-1.77119958,-0.07383032,-0.0257211924,-0.395499051,0.08273138,3.3135,3.268948,0.7848393,0.191864237,3.04817915,-0.063726306,-0.0069476366,-0.134711385,-0.0883375257,1.07418537,5.994323,0.6328404,-0.3677063,-2.16453171,-0.05438952,0.0237469077,-0.446787655,0.018181622,3.752112,1.21456432,0.8508867,-0.09069824,1.0377115,-0.00901554152,-0.13510932,-0.0808342844,-0.09857567,0.6305708,0.420491874,0.6308532,-0.5218811,-0.813698769,0.004800573,-0.06722635,-0.8759867,1.93774867,2.6846447,3.42484164
399,7.9799971726190471,2873,0,0,0,0,0,8.255833,0,-68.87338,4.16561937,0,-34.7512245,1,0,0,1,-0.1651166,0,1.37746716,0,0,0,-0.163174242,-0.00190004706,1.389743,-4.22579956,0.6646897,0.0397736579,-0.0413927138,-0.09206529,0.00746638328,-0.191765472,0.0291368216,1.61739326,8.296352,0.5874975,0.172355786,1.192453,-0.1415885,-0.00859347,-0.128375709,-0.003051117,1.07299483,-0.8449707,0.5135248,-0.295349121,-1.50903237,-0.137264013,0.0177772343,-0.291903973,0.120968148,2.43930721,6.417671,0.645982,0.211467788,3.00904226,-0.113989726,-0.0207339525,-0.05902158,-0.03676051,0.387071371,3.793774,0.518131435,-0.3421936,-1.89081669,-0.135812163,0.0319397151,-0.348223656,0.08629072,2.93743372,2.312544,0.8196497,-0.08456421,0.884342134,-0.0212996937,-0.0289665312,-0.0116760116,0.00141596794,0.007298216,-0.539978,0.4998064,-0.18258667,-0.877723455,-0.136705235,0.324349672,-0.8763117,1.93774867,2.68735456,3.42704916
400,7.9999971655328794,2881,0,0,0,0,0,3.35765433,0,-28.0025444,3.35765433,0,-28.0025444,1,0,0,1,-0.06715306,1.49011612E-08,0.560050666,0,0,0,-0.06470016,-0.00184138119,0.574086964,-4.29879761,0.526894,0.04367557,-0.0418119244,-0.133110359,0.003435195,-0.08873897,0.0268264562,0.7486912,9.481597,0.39534232,0.1798777,0.9071638,-0.171375275,0.009575501,-0.03764971,0.00433717668,0.3170569,-2.12124634,0.3152118,-0.270782471,-1.17299247,-0.169489339,0.0435230732,-0.185898542,0.147472084,1.52846634,9.709868,0.4972373,0.219756469,2.84419465,-0.133503526,-0.025798738,0.0112458477,0.00529937446,-0.2178896,2.08810425,0.312131047,-0.318786621,-1.29601884,-0.170815423,0.0368677676,-0.242042929,0.121688791,2.04752159,3.59768915,0.7737173,-0.09820557,1.06204736,-0.02486132,-0.05092077,0.0449071527,0.08295879,-0.5318068,-1.58978271,0.2993272,0.0343866274,-0.814388454,-0.137779564,0.116216794,-0.87627244,1.93774843,2.68702745,3.42678261
401,8.0199971584467118,2889,0,0,0,0,0,0.00199441216,0,-1.79160816E-05,0.00199441216,0,-1.79160816E-05,1,0,0,1,-3.98882257E-05,-1.54972076E-05,3.58321472E-07,0,0,0,0.00360144628,-0.00140064955,0.00119109172,-4.12857056,0.370979428,0.0501306057,0.11608512,-0.1506168,0.0002114866,-0.01159955,0.0143018216,0.0944868,10.0604906,0.206917122,0.1743295,0.413505971,-0.171437129,0.0220295042,0.0258755516,0.0086838305,-0.223632008,-3.42449951,0.127091989,-0.238861084,-1.06551683,-0.161700189,0.06367314,-0.09197132,0.148217082,0.723668754,12.852704,0.343339026,0.21531491,2.397789,-0.136717781,-0.0276172757,0.06166813,0.02177602,-0.667290747,0.7645364,0.145675316,-0.272705078,-0.8042769,-0.152863532,0.0424388349,-0.144439727,0.1431377,1.2397846,5.17868567,0.6957562,-0.131652832,1.25873923,-0.04573921,-0.0580709428,0.08644693,0.0780372545,-0.8856988,-2.450592,0.159091324,0.09132017,-0.6539277,-0.127040148,-0.007136941,-0.876361966,1.93774867,2.68777418,3.42739129
402,8.0399971513605433,2897,0,0,0,0,0,0.00378950057,0,-0.009017884,0.00378950057,0,-0.009017884,1,0,0,1,-7.578998E-05,0,0.0001803576,0,0,0,0.006576663,0.000950410962,-0.0260112491,-3.98876953,0.2117049,0.0559295267,0.09888901,-0.152148873,-0.00334331021,-0.00422268268,0.00461281836,0.03847431,10.33341,0.0331366844,0.1618437,0.114586465,-0.163285792,0.02478873,0.0181207359,0.009793818,-0.164419413,-4.40762329,-0.044708252,-0.197631836,-0.7646817,-0.1485664,0.07504806,-0.07103991,0.124681108,0.498681664,15.557518,0.186279073,0.212418467,1.79837108,-0.1452196,-0.0116666257,0.04267726,0.0281529427,-0.5211625,-0.32925415,-0.02255249,-0.2185669,-0.550162435,-0.149262831,0.0465562642,-0.121894822,0.1300898,0.9244664,6.61658144,0.5032686,-0.0561523438,1.17493856,-0.127415,-0.009460926,0.0665066838,0.0672478452,-0.7073885,-3.166809,-0.0191040039,0.113189735,-0.576343834,-0.154271841,0.007952079,-0.876362,1.93774843,2.68777514,3.42739177
403,8.0599971442743765,2905,0,0,0,0,0,0.00422400655,0,-0.00706505356,0.00422400655,0,-0.00706505356,1,0,0,1,-8.44800961E-05,1.49011612E-08,0.000141301018,0,0,0,0.007717385,0.0013051182,-0.0367634371,-3.815033,0.0577439331,0.05861697,0.140829265,-0.1479995,-0.007601753,-0.00249031885,-0.000304535031,0.01257316,10.454771,-0.126708984,0.157588288,-0.0219282284,-0.152983382,0.0373412371,0.0106610619,0.007277325,-0.101556249,-5.036072,-0.20123291,-0.15222168,-0.441815764,-0.135726392,0.0794618,-0.05165471,0.0773211345,0.282596558,16.8607616,0.03216241,0.220490038,0.708627045,-0.139888212,0.00459547341,0.0245100316,0.0260316283,-0.3630653,-1.28533936,-0.178863525,-0.162536621,-0.271105975,-0.137911528,0.0459949449,-0.08189602,0.08068866,0.52263236,7.61779451,0.338335276,0.000239911649,0.793459535,-0.11225988,-0.006688684,0.0455068275,0.06289415,-0.5247303,-3.75823975,-0.189117432,0.195628926,-0.508090854,-0.146689132,0.04081611,-0.876361966,1.93774867,2.68777466,3.42739153
404,8.079997137188208,2913,0,0,0,0,0,0.00421947753,0,-0.006830497,0.00421947753,0,-0.006830497,1,0,0,1,-8.438952E-05,0,0.000136609888,0,0,0,0.00856201,0.00147692859,-0.042956993,-3.6071167,-0.0897522,0.05850098,0.173942909,-0.143295765,-0.0107321274,6.67213462E-05,-0.00624011457,-0.0175803527,10.4393759,-0.273345947,0.164247662,-0.181092113,-0.143344313,0.0489596128,0.00378758227,0.00250439346,-0.03936565,-5.30657959,-0.344818115,-0.106628418,-0.123007625,-0.125051841,0.0802986,-0.0282818489,0.0207316875,0.0576728135,17.0507736,-0.122650146,0.232187241,0.158621013,-0.13901104,0.0106139258,0.008378692,0.018074289,-0.208331779,-2.10525513,-0.316101074,-0.111358643,-0.129011124,-0.126629636,0.0417458639,-0.0331528746,0.0136436522,0.102616966,7.862938,0.147598729,0.0165955666,0.188099653,-0.135370538,-0.03078974,0.0238022637,0.05414152,-0.341155678,-4.063843,-0.33895874,0.448080331,-0.43900153,-0.116585411,0.05385535,-0.876361847,1.93774843,2.6877737,3.42739058
405,8.0999971301020413,2920,0,0,0,0,0,0.00478840433,0,-0.00599524658,0.00478840433,0,-0.00599524658,1,0,0,1,-9.57680459E-05,1.49011612E-08,0.000119904886,0,0,0,0.008824449,0.0014911145,-0.0465094633,-3.37661743,-0.226196289,0.0568506457,0.1966994,-0.133663982,-0.0124890376,0.005769644,-0.0163100362,-0.07169163,10.1299219,-0.402008057,0.179596946,-0.4585029,-0.129137665,0.057233613,-0.00281491317,-0.00273568928,0.017175857,-5.25027466,-0.469818115,-0.06689453,0.16432932,-0.108594567,0.07810455,-0.0010723006,-0.0281618088,-0.151655257,16.7249641,-0.302642822,0.232926875,-0.272993952,-0.164490625,-0.00354311615,-0.00622911,0.006449878,-0.0629634261,-2.74832153,-0.436737061,-0.07144165,0.017061526,-0.105562605,0.03351073,0.02454631,-0.0314866155,-0.194209158,7.6689415,-0.232421875,-0.114196777,-0.1847954,-0.3020177,-0.126018882,0.00481780432,0.0316084027,-0.161442727,-4.171692,-0.443603516,0.6244709,-0.283472151,-0.074363485,0.01982036,-0.8763618,1.93774843,2.6877737,3.42739058
406,8.1199971230158727,2929,0,0,0,0,0,0.00447629,0,-0.0043862923,0.00447629,0,-0.0043862923,1,0,0,1,-8.952577E-05,1.49011612E-08,8.772581E-05,0,0,0,0.007908896,0.00135231018,-0.04835537,-3.13391113,-0.333984375,0.0553117543,0.20969145,-0.106568009,-0.0120196082,0.0112657193,-0.0213322341,-0.104555763,9.639256,-0.494018555,0.186835051,-0.613950431,-0.0936948955,0.04762444,-0.006498415,-0.0048532337,0.041483745,-5.05993652,-0.5534668,-0.0386047363,0.277492583,-0.0710143,0.06893413,0.02777566,-0.0651142448,-0.318029433,15.9856825,-0.416778564,0.226532534,-0.6364148,-0.0860502049,-0.003131628,-0.0172231533,-0.00354602933,0.0532367975,-3.01696777,-0.5218811,-0.0499572754,0.31322822,-0.07538747,0.0222830623,0.0488990024,-0.06767993,-0.4628721,6.992188,-0.337982178,-0.0895385742,-0.5693474,-0.09525636,0.015177466,-0.0114951562,-0.005937144,0.0151316971,-4.084961,-0.543670654,0.7405168,0.005377345,-0.0838762,-0.0271281619,-0.876362,1.93774843,2.68777561,3.42739224
407,8.1399971159297042,2930,0,0,0,0,0,0.00348986778,0,-0.00345711433,0.00348986778,0,-0.00345711433,1,0,0,1,-6.979733E-05,-5.96046448E-06,6.914226E-05,0,0,0,0.00712845335,0.00109960139,-0.0486609153,-2.88717651,-0.410675049,0.0521605425,0.21499522,-0.0770869553,-0.0112782549,0.01629644,-0.0252352357,-0.135874316,8.954041,-0.5440979,0.1919689,-0.7595252,-0.05446212,0.03873007,-0.00788139,-0.005768463,0.05548112,-4.78146362,-0.5977783,-0.0214538574,0.336134046,-0.0363462977,0.0542509258,0.04682149,-0.089644134,-0.446833223,14.94339,-0.458587646,0.235234872,-0.895830631,-0.03705427,0.00374285877,-0.0259359833,-0.0102331489,0.141930863,-2.92666626,-0.582061768,-0.03677368,0.5635783,-0.0394547,0.0172342956,0.0686394349,-0.0908075,-0.6518761,6.074674,-0.343719482,-0.05758667,-0.7772797,-0.00644879043,0.0185537785,-0.03191313,-0.03924361,0.17465049,-3.55905151,-0.578949,0.8721721,0.3066425,-0.0467625223,-0.0434499234,-0.876362145,1.93774867,2.68777561,3.42739224
408,8.1599971088435375,2931,0,0,0,0,0,0.00300839287,0,-0.00157179812,0.00300839287,0,-0.00157179812,1,0,0,1,-6.0167833E-05,1.49011612E-08,3.143595E-05,0,0,0,0.00632849243,0.0008369535,-0.04788075,-2.643097,-0.457763672,0.04812546,0.213874951,-0.0487288833,-0.009726621,0.0198068488,-0.0271285176,-0.162133157,8.094555,-0.5595703,0.199362457,-0.877163768,-0.0210875086,0.0321348459,-0.00917884149,-0.006212905,0.0664400458,-4.43600464,-0.6063843,-0.0133056641,0.3797176,-0.00540960953,0.04110299,0.0592401549,-0.100042164,-0.53555,13.71838,-0.4684143,0.251178622,-1.05497134,-0.01115739,0.00674290955,-0.03427644,-0.0154720992,0.2133098,-2.50738525,-0.594543457,-0.0271911621,0.766426,-0.009348884,0.0167721361,0.0833571851,-0.09869723,-0.7690976,5.08693647,-0.330963135,-0.0325622559,-0.8481965,0.01795699,0.0127081275,-0.0489708446,-0.07122795,0.299420059,-2.74777222,-0.5927429,0.9790417,0.5735849,-0.0173155889,-0.03302911,-0.8763621,1.93774867,2.68777561,3.42739224
409,8.1799971017573689,2937,0,0,0,0,0,0.00236921269,0,-0.0007775506,0.00236921269,0,-0.0007775506,1,0,0,1,-4.73842338E-05,0,1.55510061E-05,0,0,0,0.00552770356,0.000527665,-0.0462205149,-2.406433,-0.477813721,0.0438469537,0.208265528,-0.0227703955,-0.00766984,0.0219080932,-0.02657181,-0.179412022,7.11070967,-0.5472412,0.209578171,-0.949028,0.006610118,0.0257985,-0.01038987,-0.00622367859,0.074294135,-4.039154,-0.585510254,-0.009613037,0.407516956,0.0199166127,0.03063123,0.06710806,-0.0987847,-0.5861072,12.4058237,-0.4576416,0.268200785,-1.13285172,0.007808068,0.00633615255,-0.04034968,-0.0179156214,0.2664559,-1.83068848,-0.579772949,-0.0206604,0.905275,0.0126224076,0.0158578,0.0927547961,-0.09567094,-0.827630937,4.14536762,-0.314361572,-0.0113830566,-0.81513685,0.026974624,0.002040103,-0.06221833,-0.09266321,0.396121144,-1.71081543,-0.5913696,1.10303533,0.7599877,0.006800566,-0.00320766866,-0.876362145,1.93774843,2.68777561,3.42739224
410,8.1999970946712022,2944,0,0,0,0,0,0.00155646761,0,0.000220435861,0.00155646761,0,0.000220435861,1,0,0,1,-3.112934E-05,-5.96046448E-06,-4.40871554E-06,0,0,0,0.00477443729,0.000232040882,-0.043977607,-2.18081665,-0.4743042,0.03976165,0.199184939,-0.000201022252,-0.005406454,0.0229069069,-0.0239401311,-0.186951488,6.060773,-0.5133362,0.220035881,-0.9721627,0.0280321464,0.0183384269,-0.010942826,-0.00590391457,0.0792035758,-3.60473633,-0.5423584,-0.00820922852,0.4213884,0.038698338,0.0204354674,0.07064377,-0.0893598944,-0.6032304,11.0800657,-0.4411316,0.283076733,-1.14642143,0.007832651,0.00304695964,-0.04249479,-0.0182495713,0.3019909,-0.972625732,-0.5542908,-0.0177307129,0.9822313,0.0292416736,0.0113238245,0.09874955,-0.08540562,-0.838870466,3.31814837,-0.378540039,-0.0263977051,-0.7214149,-0.03157858,0.00360102952,-0.07186041,-0.110936537,0.467740178,-0.2911377,-0.534973145,1.45876253,0.932975769,0.005509087,0.0582797825,-0.8763621,1.93774843,2.68777561,3.42739224
