step,fixed_time,frame,input_x,input_y,desired_vx,desired_vy,desired_vz,target_ax,target_ay,target_az,applied_ax,applied_ay,applied_az,grounded,stepped,step_rise,full_rig_acceleration,Player_vx,Player_vy,Player_vz,Player_avx,Player_avy,Player_avz,ChestPhysics_vx,ChestPhysics_vy,ChestPhysics_vz,ChestPhysics_angle_x,ChestPhysics_angle_y,ChestPhysics_angle_z,ChestPhysics_rel_avx,ChestPhysics_rel_avy,ChestPhysics_rel_avz,ThighPhysics_L_vx,ThighPhysics_L_vy,ThighPhysics_L_vz,ThighPhysics_L_angle_x,ThighPhysics_L_angle_y,ThighPhysics_L_angle_z,ThighPhysics_L_rel_avx,ThighPhysics_L_rel_avy,ThighPhysics_L_rel_avz,ThighPhysics_R_vx,ThighPhysics_R_vy,ThighPhysics_R_vz,ThighPhysics_R_angle_x,ThighPhysics_R_angle_y,ThighPhysics_R_angle_z,ThighPhysics_R_rel_avx,ThighPhysics_R_rel_avy,ThighPhysics_R_rel_avz,ShinPhysics_L_vx,ShinPhysics_L_vy,ShinPhysics_L_vz,ShinPhysics_L_angle_x,ShinPhysics_L_angle_y,ShinPhysics_L_angle_z,ShinPhysics_L_rel_avx,ShinPhysics_L_rel_avy,ShinPhysics_L_rel_avz,ShinPhysics_R_vx,ShinPhysics_R_vy,ShinPhysics_R_vz,ShinPhysics_R_angle_x,ShinPhysics_R_angle_y,ShinPhysics_R_angle_z,ShinPhysics_R_rel_avx,ShinPhysics_R_rel_avy,ShinPhysics_R_rel_avz,FootPhysics_L_vx,FootPhysics_L_vy,FootPhysics_L_vz,FootPhysics_L_angle_x,FootPhysics_L_angle_y,FootPhysics_L_angle_z,FootPhysics_L_rel_avx,FootPhysics_L_rel_avy,FootPhysics_L_rel_avz,FootPhysics_R_vx,FootPhysics_R_vy,FootPhysics_R_vz,FootPhysics_R_angle_x,FootPhysics_R_angle_y,FootPhysics_R_angle_z,FootPhysics_R_rel_avx,FootPhysics_R_rel_avy,FootPhysics_R_rel_avz,camera_offset_x,camera_offset_y,camera_offset_z,camera_distance
0,0,1,0,0,0,0,0,0,0,0,0,0,0,0,0,0,1,0,0,0,0,0,0,0,0,0,0,0,0,0,0,0,0,0,0,0,0,0,0,0,0,0,0,0,0,0,0,0,0,0,0,0,0,0,0,0,0,0,0,0,0,0,0,0,0,0,0,0,0,0,0,0,0,0,0,0,0,0,0,0,0,0,0,0,0,0,0.5500003,2.13215256,-2.82050323,3.57824159
1,0.0199999929138322,2,0,0,0,0,0,-0.0403742231,0,0.0182626322,0,0,0,0,0,0,1,0.000807484146,-0.17405583,-0.0003652525,0,0,0,0.009857623,-0.1301699,-0.0007003928,0.024248179,-0.00183105469,0.05631886,0.0187213887,-0.002343124,0.0288325232,0.000854112,-0.17396529,-0.0252742171,-0.134613037,-0.006866455,0.00265029375,-0.127504051,-0.005644791,0.00179940776,0.000884377747,-0.17405583,-0.0260984879,-0.132141113,-0.00598144531,0.00275490549,-0.125954971,-0.004887905,0.00188739772,-6.423013E-05,-0.177589625,0.003823428,0.6381655,-0.00561523438,0.0022319206,0.5639726,-0.00528056035,0.002165905,-5.73790931E-05,-0.177677289,0.00381592615,0.6401472,-0.00491333,0.00228514173,0.5659156,-0.00464290846,0.00221556076,-8.97659047E-05,-0.214666039,0.08460981,0.495589942,-0.00341796875,0.0013098066,0.463403046,-0.0039628474,0.00157798454,-0.000108300992,-0.214778081,0.08477558,0.4957767,-0.00305175781,0.00129645923,0.463962018,-0.00356294122,0.0015696889,-0.550032139,2.13567233,2.738815,3.51635313
2,0.0399999858276644,3,0,0,0,0,0,-0.0129940361,0,0.09765431,0,0,0,0,0,0,1,0.000259880617,-0.351888359,-0.00195308554,0,0,0,0.000643655658,-0.3370413,-0.00436450867,0.03097205,-0.00180053711,0.0141898766,0.00440500351,0.00164289214,0.009993357,-3.84952873E-05,-0.351839185,-0.0272479169,-0.28729248,-0.00183105469,7.586719E-05,-0.123708025,0.005619535,-0.000911578943,3.259722E-05,-0.351831317,-0.02622247,-0.289794922,0.0003491547,0.00014203212,-0.1237401,0.00646245945,-0.0008780127,0.000262778049,-0.350132644,0.0313427821,1.203685,-0.00424194336,0.00230386434,0.6345971,0.00267455261,-0.000584099151,0.000313816185,-0.3501744,0.0311758444,1.20284283,-0.001953125,0.00245925458,0.63159126,0.00395247433,-0.0005356819,8.617058E-05,-0.3878334,0.131433323,1.06553721,-0.006439209,0.00260989787,0.5168135,-0.0005656723,0.0009322051,-1.54817826E-07,-0.387876838,0.131162733,1.06541789,-0.004211426,0.00266342773,0.516375363,0.0009890392,0.00102903857,-0.5500243,2.13918281,2.73884559,3.518509
3,0.059999978741496596,3,0,0,0,0,0,0.016962532,0,0.182640582,0,0,0,0,0,0,1,-0.0003392505,-0.536165,-0.00365281035,0,0,0,0.00377811026,-0.5294402,-0.005076263,0.0352147035,0.00010734309,-0.0168151855,0.00173466967,0.00342093874,0.0256684963,-0.000405945844,-0.5361309,-0.0194920711,-0.392333984,0.00473341439,-0.00100708008,-0.07608647,0.0058571,-0.00231896271,-0.000380633835,-0.536084831,-0.0189552419,-0.3953247,0.007948559,-0.00109863281,-0.07923674,0.00637837965,-0.002100673,0.00032238572,-0.532010853,0.0554984063,1.79063845,0.00323804258,0.000287840929,0.6440741,0.00606228458,-0.00144127815,0.000376976415,-0.5319533,0.0556157678,1.78927517,0.00684082927,0.000332949247,0.643260837,0.00714961626,-0.00156559132,0.000236086256,-0.5667834,0.157963678,1.64964378,0.00147948635,0.00124430913,0.5122212,0.006653043,-0.00173569866,0.0001891312,-0.5666427,0.157803655,1.64884663,0.005477731,0.00132191472,0.5112492,0.008078121,-0.00174421514,-0.550018,2.14989614,2.73891616,3.5250864
4,0.0799999716553288,3,0,0,0,0,0,0.02955512,0,0.249590471,0,0,0,0,0,0,1,-0.0005911022,-0.7254413,-0.00499180751,0,0,0,0.00497202436,-0.720824838,-0.00572526641,0.0343031734,0.0009963715,-0.0380859375,-0.000376521843,0.00282006082,0.0411470644,-0.0004310103,-0.7254353,-0.0120961806,-0.4474182,0.0074511026,-0.00134277344,-0.034021128,0.00217879517,-0.00216127513,-0.000425950333,-0.7253899,-0.012179275,-0.4491577,0.01128664,-0.00155639648,-0.03723325,0.00236452557,-0.00192203757,0.000192342544,-0.7203853,0.07300075,2.3899014,0.00741540268,-0.00146484375,0.62831223,0.00310768723,-0.00129526225,0.000223509662,-0.7203134,0.0730543,2.38951087,0.0116395177,-0.00152587891,0.629046,0.003664702,-0.00141830754,0.000263275957,-0.753759861,0.17624256,2.22173166,0.00737740239,-0.00048828125,0.5079603,0.004430658,-0.0017713001,0.000273940648,-0.753666043,0.176401287,2.22086048,0.0120852413,-0.000396728516,0.508065045,0.005020193,-0.00186937652,-0.5500058,2.16439629,2.739014,3.53402257
5,0.099999964569160993,5,0,0,0,0,0,0.032109078,0,0.299429417,0,0,0,0,0,0,1,-0.0006421813,-0.9184679,-0.00598858576,0,0,0,0.00479388377,-0.9129627,-0.00606817054,0.0298330318,0.00134563027,-0.0489501953,-0.00160961959,0.00221760175,0.05146879,-0.00047478237,-0.9184982,-0.006612938,-0.4625244,0.00741050672,-0.0016784668,-0.0026908468,-0.000199177535,-0.00130828982,-0.00047694004,-0.9184612,-0.00677088276,-0.463409424,0.011469326,-0.00192260742,-0.00426005526,-0.0002720903,-0.00111415214,-1.32694986E-05,-0.912797034,0.08494313,2.989545,0.007857062,-0.00280761719,0.6039705,0.000185727142,-0.00109698938,5.553811E-06,-0.9127469,0.0849227,2.98995519,0.0121860234,-0.0029296875,0.6045682,0.0003180008,-0.0012017549,0.000250896555,-0.9449815,0.1880356,2.77970767,0.008229342,-0.00204467773,0.503749549,0.000560791465,-0.00146754179,0.0002935847,-0.944954038,0.188174546,2.779232,0.0129073774,-0.001953125,0.504285455,0.000576491468,-0.0015936204,-0.550016,2.13233757,2.73881125,3.51432323
6,0.11999995748299319,8,0,0,0,0,0,0.029822113,0,0.334238738,0,0,0,0,0,0,1,-0.000596442,-1.113851,-0.006684772,0,0,0,0.00454531331,-1.10611939,-0.00623880327,0.02297065,0.00174486672,-0.05090332,-0.00227592816,0.00190681138,0.0553413033,-0.000483702839,-1.11391222,-0.00260430877,-0.447784424,0.0061884895,-0.00198364258,0.0203055833,-0.00123192265,-0.0005724343,-0.00048899214,-1.11388338,-0.00269704079,-0.448120117,0.0101647424,-0.00225830078,0.02005082,-0.00148563157,-0.000432542525,-0.00020288481,-1.10770142,0.09225648,3.580016,0.00652158633,-0.00366210938,0.573616445,-0.00117127318,-0.0007710826,-0.000188950173,-1.10767126,0.0922391,3.580679,0.0106591079,-0.00384521484,0.5738401,-0.00130282191,-0.0008649826,0.000108749839,-1.13852358,0.193884119,3.32205653,0.0065299673,-0.00335693359,0.496300876,-0.00138015032,-0.00111734809,0.000163815,-1.1384933,0.193905264,3.32171059,0.0108803995,-0.00335693359,0.496495426,-0.00162376626,-0.00125160406,-0.5500116,2.14020419,2.738858,3.51913762
7,0.13999995039682539,11,0,0,0,0,0,0.0243923,0,0.355948985,0,0,0,0,0,0,1,-0.0004878458,-1.31025314,-0.00711897667,0,0,0,0.00430165231,-1.300335,-0.00631038,0.0150321173,0.00226096972,-0.0455627441,-0.00244035083,0.00157732132,0.05379308,-0.000422784535,-1.31033432,0.0002937608,-0.411590576,0.004512541,-0.00213623047,0.0366741456,-0.00163080357,-6.52553645E-05,-0.000429934822,-1.31031132,0.000228104647,-0.411529541,0.008189895,-0.00244140625,0.03709846,-0.00200318242,2.67493961E-05,-0.000345772161,-1.30374849,0.09571502,4.15291452,0.0046524955,-0.00393676758,0.538187742,-0.00159272924,-0.0003062961,-0.0003356174,-1.30372179,0.09571591,4.153511,0.008415107,-0.004211426,0.538253248,-0.00189388392,-0.000389628723,-0.000133337831,-1.33299744,0.194519058,3.84603548,0.004342282,-0.004272461,0.4846486,-0.00180782273,-0.0005418051,-7.676323E-05,-1.33295178,0.194483221,3.8453896,0.008226651,-0.00430297852,0.484484643,-0.00218522316,-0.0006671631,-0.550015152,2.13467669,2.73882365,3.51575255
8,0.15999994331065759,15,0,0,0,0,0,0.0172419716,0,0.364125073,0,0,0,0,0,0,1,-0.0003448393,-1.50660264,-0.00728249876,0,0,0,0.00400670245,-1.49532139,-0.00631195446,0.00716517633,0.0027754386,-0.0350036621,-0.002160448,0.00116030232,0.0486494675,-0.000322939042,-1.50670409,0.00434782868,-0.350097656,0.00276955334,-0.00207519531,0.0575964265,-0.00168889749,0.0003289049,-0.000333692937,-1.50668657,0.00429623434,-0.3496704,0.00593751576,-0.002380371,0.0583909154,-0.0021889573,0.000371304952,-0.000440091884,-1.500513,0.0956973955,4.652135,0.00280471775,-0.00366210938,0.453825116,-0.00158885552,0.000177177586,-0.00043594875,-1.50049794,0.09570824,4.65237045,0.00601940276,-0.00399780273,0.4537028,-0.00205145078,0.000107297383,-0.000377148972,-1.52596915,0.183997825,4.310486,0.00242636073,-0.00451660156,0.4342681,-0.00164816913,0.00012635476,-0.000324272725,-1.52592146,0.183928892,4.309119,0.00572576653,-0.004638672,0.433846563,-0.00214440539,1.833498E-05,-0.550014555,2.138328,2.73883986,3.51798344
9,0.17999993622448979,19,0,0,0,0,0,0.009804042,0,0.347893417,0,0,0,0,0,0,1,-0.000196080771,-1.702158,-0.00695786532,0,0,0,0.003648819,-1.69053268,-0.006111961,0.00058727,0.00311448821,-0.0216064453,-0.00120343582,0.0006585232,0.04167676,-0.000198913185,-1.7023052,0.015174346,-0.229187012,0.00112319086,-0.00177001953,0.109963454,-0.00162437046,0.0006734262,-0.000224388932,-1.70229328,0.0151031725,-0.228546143,0.00335147046,-0.002105713,0.110900193,-0.002435565,0.000646990549,-0.000485264725,-1.699305,0.09010733,4.88667154,0.00117204047,-0.00289917,0.199434891,-0.00144294673,0.00061987,-0.000493686763,-1.69929349,0.09011656,4.886867,0.00345645356,-0.00329589844,0.199488625,-0.002248998,0.000553464,-0.000558839354,-1.71339738,0.141631126,4.571786,0.0009031706,-0.004058838,0.248194993,-0.00137920771,0.0007317393,-0.0005063942,-1.71335351,0.141597047,4.56983042,0.003319884,-0.004272461,0.247895524,-0.00215979456,0.0006424508,-0.5500152,2.13907218,2.73883867,3.51843476
10,0.19999992913832199,23,0,0,0,0,0,0.003102241,0,0.2982527,0,0,0,0,0,0,1,-6.20448E-05,-1.89652383,-0.00596505171,0,0,0,0.003227832,-1.885444,-0.00546242669,-0.00329589844,0.00307279686,-0.007537842,0.000612765958,8.292281E-05,0.03412218,-8.66137052E-05,-1.89662683,0.017559683,-0.08761597,-0.000457763672,-0.00128173828,0.1167995,-0.00157693832,0.000938942,-0.000121793688,-1.89661789,0.0174621139,-0.0868835449,0.000537463,-0.00161743164,0.117826052,-0.00248156115,0.0008787096,-0.000477023161,-1.89423776,0.0742443651,5.05794954,-0.000305175781,-0.00183105469,0.148171663,-0.0013366217,0.0008795985,-0.000511173741,-1.89421988,0.07425462,5.058315,0.000575259561,-0.00225830078,0.148278669,-0.00249282876,0.0008462226,-0.000643555948,-1.9036001,0.104996473,4.743951,-0.000335693359,-0.00305175781,0.165170968,-0.00118324626,0.00115125661,-0.000583823363,-1.90356934,0.1050109,4.74160576,0.0005456266,-0.00335693359,0.165160418,-0.00247732853,0.00105424738,-0.5500158,2.13822126,2.73882937,3.51791048
11,0.21999992205215418,28,0,0,0,0,0,-0.00238577113,0,0.240550056,0,0,0,0,0,0,1,4.77154026E-05,-2.089481,-0.004810999,0,0,0,0.00273387949,-2.07949448,-0.00463604229,-0.0046081543,0.00272449572,0.0055457917,0.0022138576,-0.000311684766,0.0268418286,-2.14903484E-05,-2.089519,0.0149752395,0.0372434221,-0.00170898438,-0.000762939453,0.09812888,-0.00131850841,0.00114937813,-4.66819256E-05,-2.08951139,0.0149038592,0.037932355,-0.00189208984,-0.00100708008,0.0992415845,-0.00208905,0.00102739572,-0.00042879922,-2.08764267,0.05657039,5.180802,-0.00152587891,-0.0007324219,0.10713467,-0.001090753,0.00091259717,-0.000473187276,-2.08763027,0.0565878041,5.1812,-0.00192260742,-0.00112915039,0.107176021,-0.00218258565,0.000943368941,-0.0006168167,-2.0939548,0.0763980448,4.850618,-0.00134277344,-0.00177001953,0.113036923,-0.0009756838,0.00123449659,-0.0005817727,-2.09392786,0.0764129162,4.8478446,-0.001953125,-0.00213623047,0.112993076,-0.00221833913,0.00118963537,-0.550016165,2.13432312,2.738815,3.5155313
12,0.23999991496598638,33,0,0,0,0,0,-0.006421227,0,0.186024889,0,0,0,0,0,0,1,0.0001284245,-2.28101277,-0.00372049632,0,0,0,0.002195284,-2.272384,-0.00381985656,-0.003967285,0.002207662,0.0165026151,0.00333471387,-0.000507454854,0.02023528,3.23731074E-05,-2.28101063,0.0111919018,0.134827584,-0.00256347656,-0.000152587891,0.0738705844,-0.0009497485,0.00118451461,1.43066718E-05,-2.28100276,0.0111508444,0.135431454,-0.003692627,-0.000335693359,0.0749276,-0.00152049412,0.00104271935,-0.00035079493,-2.27956319,0.04035582,5.265214,-0.00234985352,0.000282895926,0.07387909,-0.000762651849,0.0008603711,-0.000393414579,-2.279567,0.0403795429,5.265579,-0.00372314453,-6.10351563E-05,0.07386708,-0.00159974559,0.0009162795,-0.00052835315,-2.28356433,0.052447997,4.907038,-0.00207519531,-0.0004272461,0.07406546,-0.000728603045,0.00113516918,-0.0005271754,-2.283558,0.05245182,4.90373468,-0.00372314453,-0.0008544922,0.07397963,-0.00160625111,0.001159814,-0.5500163,2.13547587,2.73881555,3.51623178
13,0.25999990787981858,37,0,0,0,0,0,-0.009060982,0,0.138233155,0,0,0,0,0,0,1,0.00018121957,-2.471183,-0.002764662,0,0,0,0.00164739229,-2.46395373,-0.003068225,-0.00192260742,0.00162017741,0.0247563068,0.00400575344,-0.0005714034,0.0144927725,8.0073165E-05,-2.47116756,0.00750957,0.204986468,-0.00302124023,0.000460188079,0.0508162528,-0.000590360141,0.00108600932,6.635796E-05,-2.47115874,0.00747709535,0.205436572,-0.00482177734,0.000323236163,0.0516627952,-0.000965063169,0.0009485903,-0.000251269725,-2.470103,0.0263476633,5.31793356,-0.00280761719,0.00116422388,0.0464994833,-0.000430661516,0.0007483938,-0.000291234057,-2.470083,0.02636985,5.318509,-0.00482177734,0.0009070162,0.0464931466,-0.00101233018,0.0008175594,-0.0004097021,-2.47223973,0.0323364027,4.922111,-0.00250244141,0.000801744754,0.0428064466,-0.000434197078,0.0009592288,-0.000433848763,-2.47221541,0.032373026,4.91855145,-0.004760742,0.000411747256,0.04295415,-0.0009851863,0.00103322347,-0.5500168,2.14311266,2.7388227,3.5208807
14,0.27999990079365078,42,0,0,0,0,0,-0.0105141541,0,0.09802567,-0.0105141541,0,0.09802567,1,0,0,1,0.000210283,-2.660094,-0.00196051272,0,0,0,0.00112468423,-2.65416145,-0.00239909324,0.00100213056,0.00102387345,0.0301727187,0.00429880433,-0.0005577298,0.00968211,0.00011893487,-2.66008162,0.00428951252,0.250712872,-0.00317382813,0.00100226165,0.0308270026,-0.0002916892,0.000915552548,0.000108149005,-2.66007161,0.004275489,0.251048982,-0.005432129,0.0009193011,0.03152196,-0.000498512061,0.000792721345,-0.000143726313,-2.65930676,0.0146625554,5.34520769,-0.0029296875,0.00186164409,0.0242027547,-0.00015280745,0.0005947504,-0.000181390787,-2.65929914,0.0146932052,5.345752,-0.00537109375,0.00169402338,0.0242023245,-0.000526282,0.000672027,-0.000275462866,-2.65995646,0.0158259086,4.903409,-0.0026550293,0.00184942945,0.0182145126,-0.000164923578,0.00074131455,-0.000314043427,-2.65993643,0.0158419535,4.8993516,-0.00524902344,0.00151848525,0.01820162,-0.0004899178,0.0008391679,-0.5500165,2.13716149,2.73881388,3.51725435
15,0.299999893707483,44,0,0,0,0,0,-0.0005454715,0,-0.0325745232,-0.0005454715,0,-0.0325745232,1,0,0,1,1.09094262E-05,-2.84785366,0.0006514902,0,0,0,0.000444980018,-2.8430593,0.000129004125,0.00447079,0.000463290227,0.0329413973,0.004345108,-0.000497571542,0.00577493431,-6.167125E-05,-2.84785247,0.00357581722,0.27582562,-0.003112793,0.001435185,0.0143154832,-6.19774655E-05,0.000711674336,-7.086664E-05,-2.84784079,0.003573005,0.2760885,-0.00561523438,0.00140426564,0.0148505848,-0.000133865688,0.0006102003,-0.000246406824,-2.84730339,0.007162296,5.35234451,-0.00286865234,0.00234163622,0.006444596,5.212454E-05,0.000414468959,-0.000280267879,-2.84729218,0.007186494,5.35284233,-0.005493164,0.0022643432,0.0064279153,-0.000153913919,0.0004899088,-0.000342886255,-2.84679961,0.004555799,4.857378,-0.00256347656,0.002648578,-0.0006758036,3.519666E-05,0.000493198459,-0.0003875281,-2.84677744,0.004556178,4.85282,-0.005340576,0.00240043364,-0.0006674779,-0.000125171733,0.000599004736,-0.5500161,2.16206336,2.73880386,3.532433
16,0.31999988662131518,49,0,0,0,0,0,0.0001273132,0,-0.0256058257,0.0001273132,0,-0.0256058257,1,0,0,1,-2.54626275E-06,-3.0345664,0.0005121163,0,0,0,3.51351337E-05,-3.03071642,-3.87125765E-05,0.008107731,-3.05175781E-05,0.0334356874,0.00414368743,-0.000412230816,0.0026942275,-5.24517673E-05,-3.03457785,0.0008223965,0.2843971,-0.00286865234,0.00174021383,0.00134379417,0.000102872349,0.000503618154,-6.006949E-05,-3.0345645,0.000826164847,0.2846118,-0.005493164,0.0017591489,0.001730361,0.000133535053,0.000421489822,-0.0001613239,-3.03418064,-0.000838842243,5.3437295,-0.00262451172,0.002610811,-0.0071931,0.000185720943,0.000235745043,-0.000189984974,-3.034172,-0.0008244016,5.344128,-0.00531005859,0.002617726,-0.00722655235,0.000111836867,0.0003043319,-0.000219406531,-3.03280759,-0.006341569,4.78970671,-0.00234985352,0.00317809475,-0.014607559,0.000158274881,0.00024832724,-0.000264152419,-3.03278756,-0.006362899,4.78457832,-0.005126953,0.00302275666,-0.0146552268,0.000122980651,0.000349378184,-0.5500161,2.14127231,2.73880863,3.51974964
17,0.33999987953514738,55,0,0,0,0,0,-0.00165281736,0,-0.00336263166,-0.00165281736,0,-0.00336263166,1,0,0,1,3.30563344E-05,0,6.725261E-05,0,0,0,-0.00203271257,0.7623799,0.01365282,-0.155151367,0.0030221825,0.101962529,-0.122450553,0.002983862,0.0986710638,0.009966971,1.05451226,0.023633007,0.412887752,-0.00326538086,-0.07824707,0.116301551,-0.00107695849,-0.0482315943,-5.85710477E-05,1.05366993,0.0267725382,0.431455433,-0.008270264,0.005810307,0.132374808,-0.004063043,0.00125997467,0.0171949323,1.01783609,0.0727665946,5.44182539,0.08442755,0.00746817,0.117051721,0.04686807,-0.009479275,0.00600967463,1.02158475,0.08310013,5.4735713,-0.0758056641,-0.0208740234,0.134663373,-0.03606899,-0.0185986515,-0.0441707,0.24681735,0.008690171,1.29188371,0.185006484,0.4603544,-0.7287155,-0.129990071,-3.41085768,0.004472744,0.007907391,0.0101007707,1.235785,-0.144775391,0.07978612,-0.04699941,-0.00331667881,0.0177507941,-0.5500161,2.13137913,2.73881,3.513741
18,0.35999987244897957,60,0,0,0,0,0,-0.00648266543,0,-0.003745245,-0.00648266543,0,-0.003745245,1,0,0,1,0.000129653257,0,7.490487E-05,0,0,0,0.0237237848,0.480895221,0.0128542539,-0.166412354,0.005768717,0.152511254,0.0114879245,-0.00299014221,0.03263777,-0.00398690626,0.2317307,0.006956069,0.44887498,-0.00317382813,-0.0479125977,0.0271621961,-0.006204595,0.0276926551,0.00236747833,0.232990861,0.006415872,0.479416221,-0.015625,-0.00225830078,0.03514754,-0.01147678,-0.004575659,-0.003116142,0.2883783,0.0401748568,5.58866262,0.03082384,-0.0121765137,0.08500109,-0.0205982141,-0.00466927,0.00582881831,0.2838983,0.0372601636,5.598475,-0.037902832,-0.0308837891,0.0766967759,0.011809025,-0.009272371,0.02543334,0.268406034,0.03874321,1.69785762,0.09969426,0.104035571,1.83350217,-0.0698189139,0.751602352,0.0029818255,0.2337985,0.04552482,1.640375,-0.08843994,-0.008972168,2.28847814,0.0916362852,0.337501,-0.5500161,2.1321497,2.73881,3.51420832
19,0.37999986536281177,64,0,0,0,0,0,0.002200895,0,-0.00282441825,0.002200895,0,-0.00282441825,1,0,0,1,-4.40178846E-05,1.49011612E-08,5.64883449E-05,0,0,0,-0.009627121,0.08945632,0.002718361,-0.176086426,-0.004272461,0.167363048,0.002173417,-0.00996037852,0.012880886,-0.00187006779,0.04547423,0.009583419,0.5106809,-0.01449585,-0.0341186523,0.04180716,-0.007944435,0.0119812144,0.00234597037,0.04554429,0.00701808557,0.534139752,-0.0269165039,-0.016998291,0.0378397778,-0.00746243633,-0.009437412,-0.0006707669,0.048783388,0.0193088036,5.60991335,-6.10351563E-05,-0.0165710449,0.017684361,-0.0182595029,-0.00455295155,0.00239591557,0.04872111,0.017830871,5.623859,-0.0404052734,-0.0302124023,0.0203024223,-0.005101775,0.000260019937,0.010073347,0.03214077,0.0002792254,1.46347892,0.05681561,-0.0007019043,0.245015562,-0.07377467,-0.01941439,-0.00127179618,0.0316818468,0.0009243861,1.43643367,-0.08984375,-0.06225586,0.22760433,0.037988618,0.0277675986,-0.5500161,2.13202047,2.73880982,3.51412988
20,0.39999985827664397,69,0,0,0,0,0,0.0004086132,0,-0.00284874253,0.0004086132,0,-0.00284874253,1,0,0,1,-8.172261E-06,1.49011612E-08,5.69748263E-05,0,0,0,-0.00278784288,0.00373703986,0.00224844017,-0.1836853,-0.006072998,0.178149387,-0.004441576,-0.00189320743,0.008674536,-0.00205665152,0.00774265826,0.00288203126,0.55144465,-0.0103759766,-0.026184082,0.0133101838,0.00295407185,0.0101952,-0.000219787937,0.007690415,0.002966737,0.563340366,-0.02368164,-0.0221252441,0.0130366283,0.00270384783,0.0006087355,-0.00207644678,0.00539174676,-0.0014781747,5.58097124,0.00652298145,-0.0177307129,-0.0202586744,0.00246752985,-0.0005492241,0.00022652559,0.005078912,-0.00268699229,5.58941126,-0.04232788,-0.0317993164,-0.0245449767,0.00113387778,-0.00140329264,-0.0009615747,-0.0011267662,-0.0171279442,1.32184029,0.0500446372,-0.03265381,-0.02152399,0.00168850273,-0.0177127365,-0.000138401287,-0.00141876936,-0.0168348737,1.30926371,-0.09118652,-0.06704712,-0.023783138,-0.00249545276,-0.0155604118,-0.5500161,2.1321435,2.73881,3.51420474
21,0.41999985119047617,72,0,0,0,0,0,-0.000675036863,0,-0.00240708934,-0.000675036863,0,-0.00240708934,1,0,0,1,1.35007322E-05,0,4.81417665E-05,0,0,0,-0.000761488453,0.00203944743,0.00166214944,-0.190490723,-0.00537109375,0.1718951,-0.003440762,0.0007930414,-0.00460159546,-0.00192815659,0.00143390894,-0.002523552,0.553465247,-0.00439453125,-0.0161437988,-0.0131130861,0.0039361096,0.009748643,-0.0005068786,0.00143246353,-0.002982152,0.5604429,-0.01953125,-0.0207519531,-0.0168182477,0.00281677675,0.00231300713,-0.005989473,0.0009059161,-0.0150150042,5.53386831,0.013841982,-0.00250244141,-0.04145376,0.00351817277,0.0105708018,-0.00207587285,0.0008768141,-0.015927732,5.539566,-0.0385131836,-0.025177002,-0.04244229,0.00175718265,0.00416491367,-0.00455192756,-0.00296023488,-0.031518545,1.255976,0.054115802,-0.08026123,-0.0306723658,0.00239603035,-0.0356257856,-0.0009298432,-0.00332163274,-0.0314923637,1.24966,-0.09176636,-0.09011841,-0.021384662,-0.00222448027,-0.012479865,-0.5500161,2.132142,2.73880982,3.51420355
22,0.43999984410430837,74,0,0,0,0,0,-0.00040092392,0,-0.00204046746,-0.00040092392,0,-0.00204046746,1,0,0,1,8.01847546E-06,1.49011612E-08,4.08093329E-05,0,0,0,-0.00200516148,0.00265830755,0.000910872943,-0.194732666,-0.0048828125,0.162111133,-0.001175226,0.000519001042,-0.007288774,-0.002084007,0.0003477931,-0.00681974459,0.5258863,-0.00112915039,-0.00366210938,-0.03487554,0.0020199,0.0106630931,-0.0006260765,0.000377863646,-0.007381504,0.530539,-0.0174560547,-0.016784668,-0.0382042043,0.00138303312,0.00311489985,-0.007374042,0.00105948746,-0.0237343758,5.474082,0.01711089,0.0153376739,-0.0425523743,0.001680594,0.0137619581,-0.00225288933,0.00102452934,-0.0250715017,5.4770813,-0.0370788574,-0.0192260742,-0.0436808467,0.0008214388,0.004299641,-0.00707656424,-0.00250966847,-0.03926595,1.228245,0.0563907027,-0.113128662,-0.00553740049,0.00135479844,-0.0104422318,-0.001274599,-0.002631545,-0.04033761,1.22698343,-0.091796875,-0.10369873,-0.00166192115,-0.00174542575,0.00295936875,-0.550016165,2.13214946,2.73880982,3.514208
23,0.45999983701814057,74,0,0,0,0,0,-0.000209715377,0,-0.00172008923,-0.000209715377,0,-0.00172008923,1,0,0,1,4.194306E-06,1.49011612E-08,3.440177E-05,0,0,0,-0.00259893388,0.00117856264,0.0003679771,-0.196838379,-0.00436401367,0.15054594,0.000356701,0.000430259272,-0.008325156,-0.00226440234,6.07818365E-05,-0.00936118,0.4815488,0.00114879443,0.009946974,-0.0474281572,0.00138684188,0.0114300428,-0.0006398717,9.666383E-05,-0.009833451,0.4835361,-0.01586914,-0.0128173828,-0.0502943061,0.00112425687,0.00309339818,-0.007844079,0.00106778741,-0.0285732467,5.40753937,0.0196926277,0.0330298543,-0.0323746838,0.00124299852,0.0143630877,-0.00189612852,0.00106441975,-0.0303362031,5.406621,-0.03564453,-0.0150146484,-0.0347489864,0.000921322033,0.00326118781,-0.008339402,-0.00278198719,-0.0439994857,1.20602632,0.057371188,-0.132049561,0.003070454,0.0010087532,0.005388262,-0.0011199076,-0.002550438,-0.0458986945,1.21287727,-0.09140015,-0.108947754,0.004877505,-0.00146524375,0.0109724738,-0.5500162,2.132148,2.73880887,3.51420641
24,0.47999982993197277,75,0,0,0,0,0,-0.000111866895,0,-0.00130873942,-0.000111866895,0,-0.00130873942,1,0,0,1,2.237337E-06,1.49011612E-08,2.61747773E-05,0,0,0,-0.00273842062,2.20984221E-05,-3.37156234E-06,-0.197479248,-0.003692627,0.137958154,0.001360296,0.000521404145,-0.008917966,-0.00227058842,-1.962483E-05,-0.0105360616,0.4287848,0.00298011675,0.0238500461,-0.0530358627,0.00112606562,0.0113356812,-0.000556578161,1.21742487E-05,-0.0110012228,0.427899778,-0.0144042969,-0.00936889648,-0.0559769422,0.00108789792,0.00258544344,-0.007852071,0.00112479925,-0.0307191033,5.33877134,0.0226892456,0.0503668077,-0.0236379523,0.00116834091,0.014261554,-0.00160836242,0.0009407699,-0.0328305736,5.33268452,-0.0340576172,-0.0116271973,-0.0263184886,0.00105378148,0.002709262,-0.008565744,-0.00291451812,-0.04609573,1.19049358,0.0582395643,-0.141357422,0.009551207,0.000864614849,0.0151117435,-0.00084873056,-0.00285415351,-0.04875822,1.19204724,-0.0909729,-0.11505127,0.00277904957,-0.00137525669,0.0113915922,-0.5500161,2.13215256,2.73880982,3.51421
25,0.49999982284580496,76,0,0,0,0,0,-9.885505E-05,0,-0.00119179778,-9.885505E-05,0,-0.00119179778,1,0,0,1,1.97710028E-06,1.49011612E-08,2.38359462E-05,0,0,0,-0.002703767,-0.0006095916,-0.000253729231,-0.197052,-0.0029296875,0.125293747,0.002142422,0.0005577431,-0.008794288,-0.0021737502,-3.24249268E-05,-0.0108095957,0.373036563,0.004400703,0.0375329927,-0.0543478057,0.000860862434,0.0108208181,-0.000418715616,-1.50501728E-06,-0.01140363,0.368592381,-0.0131835938,-0.00662231445,-0.0579211228,0.00093303516,0.00189500453,-0.007573336,0.00113394856,-0.0309715383,5.270365,0.025536852,0.0668409,-0.0154541433,0.00113086717,0.0136839878,-0.001169212,0.00106090307,-0.03324689,5.258894,-0.0325927734,-0.009185791,-0.0171600878,0.000950531568,0.001913973,-0.00826078653,-0.00310455263,-0.0461392626,1.17250276,0.05950866,-0.148223877,0.0107229361,0.00092001335,0.0181052033,-0.0003202752,-0.0027667582,-0.0487883277,1.17729616,-0.0902709961,-0.116546631,0.00672780629,-0.00133609341,0.015348875,-0.5500161,2.13215256,2.73880982,3.51421
26,0.51999981575963716,79,0,0,0,0,0,-9.615727E-05,0,-0.00109439972,-9.615727E-05,0,-0.00109439972,1,0,0,1,1.92314474E-06,-5.96046448E-06,2.1887985E-05,0,0,0,-0.002572368,-0.0009795427,-0.0004317195,-0.195861816,-0.00213623047,0.113247789,0.00274354033,0.000524871342,-0.00815438,-0.00200703158,-3.1337142E-05,-0.0106050028,0.317466319,0.0054594446,0.0505075827,-0.05330357,0.000619794067,0.009988306,-0.000281803252,-1.8030405E-06,-0.0111935968,0.3093934,-0.0122070313,-0.004699707,-0.0567934,0.000756137248,0.00123081822,-0.007006824,0.00130917132,-0.0298125967,5.2054,0.028151419,0.08197766,-0.00628889957,0.0009959373,0.0125336424,-0.0007988906,0.00113543868,-0.03206219,5.18860626,-0.0308837891,-0.007507324,-0.00717199,0.000974705967,0.00130321865,-0.0074324375,-0.00296026468,-0.0442167372,1.16031134,0.061149992,-0.151489258,0.0150474962,0.000854056852,0.0212938748,0.0001495991,-0.00279022753,-0.0469704419,1.158286,-0.08944702,-0.121276855,0.0062762876,-0.00129860151,0.0143220909,-0.5500161,2.1321528,2.73881,3.51421022
27,0.53999980867346942,83,0,0,0,0,0,-1.68108345E-05,0,-0.001032199,-1.68108345E-05,0,-0.001032199,1,0,0,1,3.36216544E-07,1.49011612E-08,2.06439727E-05,0,0,0,-0.00238784868,-0.00120815635,-0.0005567161,-0.1940918,-0.00140380859,0.102229074,0.00320153357,0.000459800038,-0.00718846824,-0.001797026,-1.11162663E-05,-0.00999019,0.264650255,0.006242808,0.0624201074,-0.05023759,0.0004260714,0.008913821,-0.000154340029,1.96695328E-05,-0.0106103448,0.25274092,-0.0114440918,-0.00357055664,-0.0538057163,0.0005797607,0.0005854798,-0.00630378164,0.00140698254,-0.0276378617,5.14509869,0.03045501,0.09540813,0.00255036936,0.0009971247,0.0111535545,-0.000368926179,0.00134921074,-0.029708622,5.12398243,-0.0295715332,-0.00674438477,0.00320217339,0.0008105581,0.000510203,-0.00647608936,-0.00295758247,-0.0411774777,1.14591467,0.06323233,-0.1550293,0.01555337,0.000988071,0.021303203,0.0007241317,-0.002577573,-0.0434587263,1.14550638,-0.0884094238,-0.122894287,0.010601419,-0.00133377768,0.0171585381,-0.5500161,2.13215256,2.73881,3.51421022
28,0.55999980158730156,88,0,0,0,0,0,-6.176456E-05,0,-0.0009891839,-6.176456E-05,0,-0.0009891839,1,0,0,1,1.23529071E-06,-5.96046448E-06,1.978367E-05,0,0,0,-0.00216811383,-0.00136865675,-0.000642147148,-0.191925049,-0.0007019043,0.0924209,0.00354201719,0.00038382702,-0.00609161658,-0.00154577265,-7.197261E-06,-0.009183327,0.215959266,0.006837103,0.07303474,-0.046213,0.000292534678,0.00769573264,-4.584081E-05,2.425909E-05,-0.009696928,0.200708628,-0.0108642578,-0.003112793,-0.0491864346,0.000443238823,8.971214E-05,-0.00547371758,0.00160880387,-0.0247806553,5.09146166,0.03258084,0.107010029,0.0118830651,0.0009549303,0.009559789,-3.84477025E-05,0.00148773193,-0.0265630465,5.06634331,-0.0284118652,-0.006713867,0.0131599121,0.0007511863,-7.36688744E-05,-0.00530918874,-0.00272861123,-0.03709003,1.13733745,0.065647155,-0.156158447,0.019375978,0.00101139513,0.0230217278,0.0011900051,-0.00249576569,-0.0391443931,1.13072479,-0.0873718262,-0.126586914,0.0111008985,-0.00140027143,0.0163928587,-0.5500161,2.13215256,2.73881,3.51421022
29,0.57999979450113381,92,0,0,0,0,0,-7.209447E-07,0,-0.0009644943,-7.209447E-07,0,-0.0009644943,1,0,0,1,1.44188874E-08,0,1.92898788E-05,0,0,0,-0.00194738258,-0.00146190822,-0.000697544,-0.189483643,-9.15527344E-05,0.08390244,0.00378266256,0.000308826973,-0.00493946532,-0.00127596362,1.32620335E-05,-0.00820297,0.172531292,0.007311242,0.08215034,-0.0413291268,0.000200480514,0.006333358,5.23395538E-05,4.684925E-05,-0.00864839647,0.154317975,-0.0104064941,-0.00329589844,-0.0439011566,0.0003198838,-0.000407433,-0.00457832729,0.00178594887,-0.02148751,5.045027,0.03460553,0.116596282,0.0206108913,0.00102688337,0.0078683,0.000324131135,0.00171335042,-0.0229470637,5.016809,-0.02758789,-0.00747680664,0.022887595,0.000597101753,-0.000762539334,-0.004139701,-0.00252334774,-0.03250699,1.13111937,0.0684744045,-0.1560669,0.0218320079,0.00117670931,0.0234183129,0.00168093294,-0.0022546947,-0.0340584181,1.122183,-0.08627319,-0.127227783,0.0152424062,-0.00150867028,0.0187475886,-0.5500161,2.13215256,2.73881,3.51421022
30,0.599999787414966,96,0,0,0,0,0,-5.811576E-05,0,-0.00073062646,-5.811576E-05,0,-0.00073062646,1,0,0,1,1.16231467E-06,-5.96046448E-06,1.4612524E-05,0,0,0,-0.001727144,-0.0015347302,-0.000743701938,-0.186920166,0.000471949345,0.07663084,0.00390326278,0.00023090672,-0.00383973517,-0.00101594883,1.12354755E-05,-0.007133254,0.1351697,0.00771836052,0.08984147,-0.0358931161,0.000143578087,0.005082317,0.000152831723,4.656613E-05,-0.007498562,0.11443048,-0.0101013184,-0.00402832031,-0.03800687,0.00020950305,-0.0008583367,-0.00380889676,0.00183656812,-0.0180582553,5.005828,0.0363936871,0.124495074,0.0284423716,0.00113773346,0.00649052532,0.000677348347,0.00189366937,-0.0190719329,4.97574949,-0.0270385742,-0.009033203,0.0317993276,0.0004978129,-0.00141961034,-0.00318262726,-0.00253269076,-0.02794494,1.12069583,0.0717138946,-0.157531738,0.0206340589,0.00143649674,0.0218679234,0.00210934458,-0.00203056633,-0.0287247989,1.116371,-0.0852355957,-0.126281738,0.0177671965,-0.001656526,0.0194996931,-0.5500161,2.1321528,2.73881,3.51421022
31,0.61999978032879821,101,0,0,0,0,0,-3.97691065E-06,0,-0.000731098349,-3.97691065E-06,0,-0.000731098349,1,0,0,1,7.953818E-08,1.49011612E-08,1.46219618E-05,0,0,0,-0.00153061119,-0.001573801,-0.0007594299,-0.184234619,0.000962131831,0.0705410242,0.00399030559,0.000169460589,-0.002796223,-0.000784015632,2.84314156E-05,-0.00610427139,0.1036722,0.008098442,0.0961585,-0.0307611451,0.000118685261,0.00390674267,0.0002137911,6.303191E-05,-0.006283609,0.08140527,-0.009857178,-0.00524902344,-0.03192082,0.000150538559,-0.00118090038,-0.00308160856,0.00203056633,-0.0146626607,4.974,0.0382303745,0.130911246,0.0357480422,0.00118330272,0.00516491756,0.0008513386,0.00197078288,-0.0152365156,4.94278,-0.0264282227,-0.0109863281,0.03942543,0.000488098885,-0.00170364324,-0.00223390013,-0.00229169428,-0.0232366752,1.11651945,0.07523831,-0.156860352,0.02394071,0.00153731159,0.0230952445,0.002331778,-0.0019954145,-0.0236657728,1.10653174,-0.0843811,-0.128540039,0.01659199,-0.00183084724,0.0174379032,-0.5500161,2.13215256,2.73881,3.51421022
32,0.63999977324263035,105,0,0,0,0,0,-6.735268E-05,0,-0.0007423408,-6.735268E-05,0,-0.0007423408,1,0,0,1,1.34705306E-06,-5.96046448E-06,1.48468107E-05,0,0,0,-0.00134934415,-0.00160524249,-0.0007599326,-0.181549072,0.00140583375,0.06550981,0.00402123854,0.000127282532,-0.00187113928,-0.0005641074,2.48402357E-05,-0.005084932,0.0780499354,0.008491361,0.101256348,-0.0256719124,0.000124330923,0.00284204166,0.000264800154,6.170571E-05,-0.00516392058,0.05484476,-0.009643555,-0.00677490234,-0.0263254549,0.000109389992,-0.0014023009,-0.002404592,0.00216181576,-0.0114054829,4.948976,0.0403066725,0.135835171,0.0418890044,0.0013845684,0.00395227131,0.00102360023,0.00215324759,-0.0115895774,4.917567,-0.026184082,-0.0132751465,0.04618005,0.000361970626,-0.00201197271,-0.00144336279,-0.002109468,-0.01879938,1.11438847,0.07926707,-0.155303955,0.0256046858,0.00179833383,0.0230273884,0.002526412,-0.00177669525,-0.0186335444,1.10314286,-0.08355713,-0.127197266,0.02014819,-0.002049455,0.0195363667,-0.5500161,2.1321528,2.73881,3.51421022
33,0.65999976615646261,109,0,0,0,0,0,-1.7481143E-05,0,-0.000765285862,-1.7481143E-05,0,-0.000765285862,1,0,0,1,3.49622724E-07,0,1.53057117E-05,0,0,0,-0.00119624555,-0.00160638988,-0.0007491795,-0.178924561,0.00180511724,0.0614167824,0.00400525238,8.9758476E-05,-0.00104232668,-0.0003770467,3.69995832E-05,-0.004121474,0.0580483638,0.008921028,0.105223738,-0.0208673589,0.000144557824,0.00188592437,0.0003023292,7.492304E-05,-0.004085593,0.03454741,-0.009490967,-0.008544922,-0.02094417,6.985215E-05,-0.00161403185,-0.00185285578,0.00224724412,-0.008408009,4.930066,0.04241124,0.139617488,0.0469061658,0.0015311864,0.0029934065,0.00117975869,0.002285689,-0.008164645,4.8993926,-0.0260620117,-0.0159606934,0.05163734,0.0003185701,-0.00230774283,-0.0008399262,-0.00197410583,-0.0147816613,1.11323786,0.08376023,-0.152740479,0.0264532063,0.00203308673,0.0226547662,0.00261893775,-0.00159715116,-0.014005715,1.10178268,-0.08279419,-0.123626709,0.0216857288,-0.002302614,0.0199685339,-0.5500161,2.13215256,2.73881,3.51421022
34,0.67999975907029475,112,0,0,0,0,0,-8.094524E-05,0,-0.0007897859,-8.094524E-05,0,-0.0007897859,1,0,0,1,1.61890421E-06,-5.96046448E-06,1.57957111E-05,0,0,0,-0.00106064777,-0.00161714852,-0.000730476051,-0.176330566,0.00217890274,0.0581302457,0.00395160075,7.294299E-05,-0.0003564056,-0.000239572342,2.87592411E-05,-0.00325228088,0.04320515,0.009424001,0.108396277,-0.0165194962,0.000197464964,0.00122392189,0.000335114019,6.71744347E-05,-0.0031059403,0.0200078525,-0.009338379,-0.0104675293,-0.0160716865,6.595949E-05,-0.00175753562,-0.00150554266,0.0022623688,-0.00579086971,4.91652727,0.0444372445,0.14271076,0.05096298,0.00167243648,0.002436761,0.0012799364,0.002370283,-0.005049268,4.88800859,-0.025970459,-0.018951416,0.0563479625,0.000347713561,-0.002468059,-0.0004950548,-0.00197507441,-0.0113797449,1.10858953,0.08863727,-0.151306152,0.0248067882,0.00229631434,0.0209200475,0.00255812728,-0.00143675506,-0.009785198,1.10156608,-0.0818481445,-0.117523193,0.02229222,-0.00256393175,0.019918723,-0.5500161,2.1321528,2.73881,3.51421022
35,0.699999751984127,116,0,0,0,0,0,-3.66782369E-05,0,-0.0008189536,-3.66782369E-05,0,-0.0008189536,1,0,0,1,7.33564434E-07,0,1.63790664E-05,0,0,0,-0.0009549821,-0.00160431862,-0.0007056617,-0.17388916,0.0025612344,0.05553131,0.00386835681,9.15717E-05,0.000250752317,-0.000150820415,4.04715538E-05,-0.00254936144,0.03262577,0.0100350445,0.110972866,-0.0129808253,0.000275929837,0.000732025,0.000341053179,7.909536E-05,-0.00223246217,0.0106674461,-0.009063721,-0.0130615234,-0.0117554581,0.000159995165,-0.001839807,-0.00126094662,0.00238253176,-0.00354638463,4.907712,0.0462881327,0.145403028,0.0544097722,0.00166421814,0.00202325964,0.0004049869,0.002436176,-0.00251232949,4.88163471,-0.0250244141,-0.0189819336,0.0592282526,0.000837516156,-3.83762153E-06,-0.000214254047,-0.0017953217,-0.008300678,1.10817981,0.0935018659,-0.148193359,0.0264414586,0.00233928068,0.0213096086,0.000734603265,-0.00130493939,-0.00679548364,1.09861219,-0.08062744,-0.122070313,0.0200391542,-0.00112735759,0.0179692712,-0.5500161,2.13215256,2.73881,3.51421022
36,0.71999974489795915,119,0,0,0,0,0,-8.779528E-05,0,-0.00084802194,-8.779528E-05,0,-0.00084802194,1,0,0,1,1.75590492E-06,-5.96046448E-06,1.69604318E-05,0,0,0,-0.0008675441,-0.00160251558,-0.0006770655,-0.171569824,0.00301289512,0.05349957,0.00376494578,0.00017777938,0.000754831359,-8.177532E-05,3.23951244E-05,-0.00194596814,0.0258216318,0.0108526768,0.113181077,-0.009886533,0.000464797951,0.0003518065,1.529121E-05,7.1272254E-05,-0.00154523214,0.005421677,-0.008605957,-0.01373291,-0.008417567,0.000326324138,-0.000255163352,-0.00102921075,0.00243131816,-0.00174933928,4.90254354,0.0502092019,0.147501528,0.05674447,0.00240425719,0.00161753222,-0.000254532148,0.00247436762,-0.0005447406,4.87903547,-0.0244140625,-0.0177001953,0.0610218048,0.000405821222,0.000804774754,-7.561274E-05,-0.001688987,-0.0058814697,1.10959446,0.09977652,-0.145904541,0.0270471349,0.00295274961,0.0199186169,0.0006513763,-0.00130729377,-0.00411722343,1.09626484,-0.0798645,-0.124694824,0.023739256,-0.000972016132,0.017928049,-0.5500161,2.1321528,2.73881,3.51421022
37,0.7399997378117914,124,0,0,0,0,0,-3.133278E-05,0,-0.000882452761,-3.133278E-05,0,-0.000882452761,1,0,0,1,6.266554E-07,1.49011612E-08,1.76490485E-05,0,0,0,-0.000801641,-0.00158852339,-0.000645775057,-0.169372559,0.00355227129,0.05194181,0.00364539376,0.000267908152,0.001162509,-3.910584E-05,4.20212746E-05,-0.00146935042,0.0219116788,0.0118420618,0.115040213,-0.00744289858,0.0005910992,5.874189E-05,-0.000150570879,8.08835E-05,-0.0009997957,0.0033651772,-0.008056641,-0.0132446289,-0.005780769,0.000371499453,0.00048499988,-0.0009822178,0.002478078,-0.000219044392,4.900489,0.0516561,0.149688646,0.058715526,0.00191669259,0.00159096683,-0.000466766418,0.00250785053,0.000903394248,4.87984371,-0.0239562988,-0.0164489746,0.0621770844,0.000399312325,0.000884607958,-2.752644E-05,-0.00158937275,-0.003845481,1.11001229,0.105256207,-0.141296387,0.0266953874,0.00264464272,0.0198885445,0.000638457946,-0.00133131444,-0.00237381342,1.08634675,-0.07925415,-0.125640869,0.0282016322,-0.000530265854,0.0183471236,-0.5500161,2.13215256,2.73881,3.51421022
38,0.75999973072562355,128,0,0,0,0,0,-9.119541E-05,0,-0.000902608,-9.119541E-05,0,-0.000902608,1,0,0,1,1.8239075E-06,-5.96046448E-06,1.80521529E-05,0,0,0,-0.0007411674,-0.0015770793,-0.0006129218,-0.1673584,0.004137996,0.05073645,0.0035184375,0.000316976046,0.00148366683,-2.495066E-05,3.33637E-05,-0.00106399925,0.0204405338,0.0128731523,0.116877809,-0.005371022,0.000615865458,-1.96430374E-05,-0.000197627262,7.24345446E-05,-0.0006721718,0.00340375351,-0.007537842,-0.012298584,-0.0042050085,0.000385787833,0.000706698862,-0.0009612534,0.002497539,0.0009883118,4.90078354,0.05303492,0.151853442,0.05977887,0.00185126136,0.00156003982,-0.000390682777,0.00251497328,0.00177832122,4.88201761,-0.0237121582,-0.015625,0.0622093752,0.0005130531,0.00052757794,-3.22306951E-05,-0.00151087344,-0.002196907,1.10890722,0.110403664,-0.1368103,0.0275416914,0.00223397277,0.0191934463,0.0007934023,-0.001445964,-0.001909589,1.07809007,-0.0776062,-0.126159668,0.0242296271,0.000653618539,0.0245860256,-0.550016165,2.1321528,2.73881,3.51421022
39,0.7799997236394558,131,0,0,0,0,0,-3.86085558E-05,0,-0.0009223917,-3.86085558E-05,0,-0.0009223917,1,0,0,1,7.721708E-07,1.49011612E-08,1.84478267E-05,0,0,0,-0.000697453041,-0.001556769,-0.0005797734,-0.165527344,0.00472687371,0.0498249419,0.00338550634,0.000323715329,0.00175200414,-2.19459143E-05,4.29302454E-05,-0.0007527238,0.0208242424,0.0138851786,0.118704662,-0.00379284471,0.0005904507,-8.329329E-05,-0.000155691509,8.189678E-05,-0.000494747,0.004613698,-0.00698852539,-0.0115356445,-0.00335704675,0.000369762536,0.0004463823,-0.000943897641,0.00251677632,0.00184051087,4.90310574,0.0544280373,0.15399611,0.06037377,0.001933315,0.00151304726,-0.000230688645,0.0025113076,0.00202403218,4.884278,-0.0233764648,-0.0152282715,0.0611959621,0.0005974087,0.000220894057,-2.7966893E-05,-0.00147047639,-0.00137715484,1.10383224,0.116203867,-0.133026123,0.0266439822,0.00240623881,0.0188702941,0.000940815429,-0.0015784651,-0.00192685041,1.06880534,-0.0759277344,-0.125366211,0.0251098257,0.000943766441,0.0284979772,-0.5500161,2.13215256,2.73881,3.51421022
40,0.79999971655328794,136,0,0,0,0,0,-9.964591E-05,0,-0.0009321316,-9.964591E-05,0,-0.0009321316,1,0,0,1,1.99291753E-06,-5.94556332E-06,1.86426241E-05,0,0,0,-0.0006567083,-0.00155158341,-0.0005471707,-0.163848877,0.00528286956,0.04913567,0.00325283548,0.000297940249,0.00193143473,-8.780193E-06,3.376603E-05,-0.0005697669,0.0223599058,0.0148531655,0.120541126,-0.00286945421,0.000538496242,-0.000128997272,-9.51276E-05,7.30901957E-05,-0.000486669,0.00600890769,-0.006500244,-0.0110473633,-0.00333309686,0.000326975,0.0001644542,-0.0009043055,0.00250737369,0.00223165983,4.9058876,0.0558498651,0.156040758,0.0598782934,0.00179473253,0.00141984934,-8.55007238E-05,0.002507344,0.00190098793,4.88621855,-0.0230102539,-0.0151672363,0.06037861,0.0005543367,1.66006384E-06,2.70583732E-05,-0.00150953233,-0.00102232944,1.09733725,0.1213324,-0.130004883,0.0270262547,0.003439696,0.0208712313,0.00110542448,-0.00169755518,-0.00205719029,1.0611459,-0.07461548,-0.123748779,0.0272719786,0.0009986693,0.03205489,-0.550016165,2.1321528,2.73881,3.51421022
41,0.8199997094671202,141,0,0,0,0,0,-4.314581E-05,0,-0.00116346322,-4.314581E-05,0,-0.00116346322,1,0,0,1,8.6291584E-07,0,2.32692546E-05,0,0,0,-0.00063094,-0.00153002143,-0.000501659932,-0.162261963,0.005778274,0.0486227721,0.0031597307,0.00025057458,0.002092859,-7.36400125E-06,4.33027744E-05,-0.0004924463,0.0242319,0.0157591589,0.1223348,-0.00260091759,0.000448323146,-0.000164075682,-4.9702212E-05,8.277595E-05,-0.0005386545,0.007025003,-0.006072998,-0.0108947754,-0.00370536582,0.000260137633,-8.813633E-05,-0.0006503102,0.00250694156,0.0022466504,4.90884542,0.0583254322,0.157463878,0.0592230372,0.000838268432,0.000666697044,1.9116691E-05,0.00251053274,0.00164532429,4.88742256,-0.02267456,-0.0152893066,0.05962605,0.000462990167,-0.0001474741,0.000618312333,-0.001568228,-0.00123444851,1.08798468,0.120064281,-0.140045166,0.0277029928,0.003005543,0.028614115,0.00123901921,-0.00178620219,-0.00221218728,1.05605948,-0.0737915039,-0.12197876,0.0295307655,0.000922849344,0.0345797054,-0.5500161,2.13215256,2.73881,3.51421022
42,0.83999970238095234,146,0,0,0,0,0,-0.000106351807,0,-0.00116055948,-0.000106351807,0,-0.00116055948,1,0,0,1,2.12703526E-06,-5.94556332E-06,2.32111815E-05,0,0,0,-0.0006023016,-0.00152939558,-0.0004702256,-0.160858154,0.006169897,0.0482331924,0.00303385523,0.000157175644,0.00218326226,0.000119056924,3.38107347E-05,-0.000529700541,0.02590805,0.0164247528,0.12348491,-0.00281825685,0.000229069556,-0.0007410872,-1.26256564E-05,7.389486E-05,-0.0006220405,0.007621024,-0.00573730469,-0.0108947754,-0.004090444,0.0001420745,-0.000216631044,-0.000300263433,0.00249370933,0.001964178,4.91075945,0.0588821135,0.158101648,0.0580320954,0.000474819477,7.10323657E-05,7.571559E-05,0.00250916183,0.00139541435,4.888064,-0.02243042,-0.0154724121,0.0592004359,0.000320475345,-0.000199874863,0.0009834433,-0.00179517269,-0.0015216124,1.07983124,0.118851244,-0.145294189,0.03267752,0.00323248841,0.0364909433,0.00132376,-0.00183849037,-0.00233598519,1.05344832,-0.07342529,-0.120513916,0.0312238652,0.0008107715,0.0359883,-0.550016165,2.1321528,2.73881,3.51421022
43,0.85999969529478459,150,0,0,0,0,0,-5.39586945E-05,0,-0.00115066709,-5.39586945E-05,0,-0.00115066709,1,0,0,1,1.07917344E-06,1.49011612E-08,2.30133319E-05,0,0,0,-0.0005870313,-0.001513496,-0.000441728131,-0.159576416,0.006458296,0.04794674,0.00291211857,6.35848046E-05,0.002272059,0.000231504629,4.297495E-05,-0.0006280107,0.0270496979,0.01689154,0.123926714,-0.00333630829,5.51046251E-05,-0.00130656781,4.800013E-07,8.34316E-05,-0.000678718556,0.007899499,-0.005554199,-0.0110168457,-0.00433971966,4.03177037E-05,-0.0002840606,-1.45090453E-05,0.00249136984,0.00161225023,4.911735,0.059055917,0.1581583,0.0572269447,0.000426314771,-0.000364388921,9.347799E-05,0.00251640379,0.00121223973,4.887991,-0.0222473145,-0.0156555176,0.05872335,0.0001928325,-0.000213017585,0.00120918849,-0.00195984542,-0.001748444,1.07473481,0.118106082,-0.146698,0.03664752,0.00347407768,0.0417543873,0.00136338058,-0.00185455382,-0.00242488924,1.05281568,-0.07336426,-0.119537354,0.03235739,0.0006944273,0.0364666656,-0.5500161,2.13215256,2.73881,3.51421022
44,0.87999968820861674,155,0,0,0,0,0,-0.000113566013,0,-0.00114806986,-0.000113566013,0,-0.00114806986,1,0,0,1,2.27131932E-06,-5.96046448E-06,2.2961387E-05,0,0,0,-0.000571795448,-0.001511246,-0.000415113755,-0.158447266,0.00667510647,0.0477301478,0.00279935636,1.14986688E-06,0.00233124988,0.000307842332,3.360212E-05,-0.0007302683,0.0276189875,0.01723847,0.123910241,-0.003859524,-4.70579544E-05,-0.00164872315,4.11374776E-06,7.44313E-05,-0.0007232575,0.007910021,-0.00540161133,-0.0111694336,-0.00454888865,-1.31034722E-05,-0.000262259651,0.000154011534,0.00249001384,0.001317125,4.91206551,0.0590708777,0.157889366,0.0568187945,0.0004172253,-0.000591170741,8.4190935E-05,0.00251446664,0.0011089684,4.887922,-0.0221252441,-0.0158081055,0.0588054173,0.000123971666,-0.000183617143,0.0013194863,-0.00204007328,-0.00190203509,1.07237887,0.117730021,-0.145751953,0.0390926525,0.003664576,0.0445071347,0.00135978148,-0.00186397135,-0.00245984527,1.05310059,-0.07348633,-0.11895752,0.03284434,0.000631299044,0.036185883,-0.550016165,2.1321528,2.73881,3.51421022
45,0.899999681122449,160,0,0,0,0,0,-5.770786E-05,0,-0.00114009914,-5.770786E-05,0,-0.00114009914,1,0,0,1,1.15415673E-06,1.49011612E-08,2.28019744E-05,0,0,0,-0.000566715666,-0.00149717927,-0.000390649948,-0.157409668,0.006848032,0.04757522,0.00269159325,-3.71510068E-05,0.00237373682,0.000338629819,4.312396E-05,-0.000802828,0.0277649853,0.0175127145,0.123635963,-0.00422275253,-0.000109654204,-0.001827418,-5.489674E-06,8.401275E-05,-0.0007393608,0.00780409575,-0.00531005859,-0.0113220215,-0.004621247,-4.16452858E-05,-0.0002386843,0.000216696877,0.002500683,0.00112072169,4.911918,0.059054222,0.1575232,0.0565874465,0.00042087675,-0.0006608654,6.13778539E-05,0.00252144039,0.00106967834,4.8876586,-0.0220336914,-0.0158996582,0.0587481223,8.810367E-05,-0.000149329018,0.001338226,-0.00205732882,-0.00198637019,1.07199836,0.117636926,-0.143890381,0.0402589329,0.003800763,0.0452811159,0.00134414807,-0.00185292959,-0.002471581,1.05377936,-0.0736084,-0.1187439,0.0329263,0.0005925716,0.0357753746,-0.5500161,2.13215256,2.73881,3.51421022
46,0.91999967403628113,164,0,0,0,0,0,-0.000115430019,0,-0.00113756326,-0.000115430019,0,-0.00113756326,1,0,0,1,2.30859951E-06,-5.96046448E-06,2.27512555E-05,0,0,0,-0.000558905944,-0.00150120258,-0.000368117879,-0.156524658,0.006997949,0.04745013,0.00259246,-5.47852E-05,0.00239090435,0.000345121924,3.390014E-05,-0.000847867748,0.02764747,0.017750999,0.123330727,-0.004440749,-0.000139015916,-0.00183535321,-1.15467192E-05,7.490814E-05,-0.0007467534,0.00763812,-0.005218506,-0.0113830566,-0.00466232141,-4.682435E-05,-0.000184025383,0.000208411278,0.00249938667,0.0010211108,4.911632,0.0590935834,0.1572,0.0566093922,0.00042947437,-0.0006174545,3.787293E-05,0.00251850486,0.00106929056,4.887558,-0.0219421387,-0.0159301758,0.0589224063,8.06992E-05,-0.000106071486,0.001307209,-0.00204412639,-0.00201005768,1.07266641,0.11770013,-0.142059326,0.0404170081,0.00387010188,0.0448674522,0.00133012992,-0.00183306634,-0.002456224,1.05438662,-0.07373047,-0.1187439,0.03257241,0.0005899434,0.0355300047,-0.550016165,2.1321528,2.73881,3.51421022
47,0.93999966695011339,168,0,0,0,0,0,-5.820889E-05,0,-0.00113664032,-5.820889E-05,0,-0.00113664032,1,0,0,1,1.16417732E-06,1.49011612E-08,2.27327982E-05,0,0,0,-0.00055887294,-0.00148880482,-0.000347512279,-0.1557312,0.007134393,0.0473528355,0.002501251,-6.485217E-05,0.002423927,0.000330633484,4.31537628E-05,-0.000867227151,0.027405221,0.0179641824,0.123061642,-0.004531157,-0.000161233984,-0.0017959344,-2.20670245E-05,8.407235E-05,-0.000735110953,0.00752487732,-0.005126953,-0.0114440918,-0.0046089706,-5.11550534E-05,-0.00016445911,0.000165143443,0.002506584,0.0009954078,4.911393,0.0592002124,0.156988651,0.05675206,0.000426125567,-0.0005384524,2.16716126E-05,0.00252202153,0.00108650466,4.887252,-0.0218811035,-0.0159301758,0.0587839,7.750134E-05,-9.054896E-05,0.00125714089,-0.00201551616,-0.001998576,1.07366,0.117825061,-0.14074707,0.0400760025,0.00389144872,0.04395231,0.00131808314,-0.00181996822,-0.00245093438,1.05493772,-0.07382202,-0.118835449,0.0324363932,0.000582299137,0.03528324,-0.5500161,2.13215256,2.73881,3.51421022
48,0.95999965986394553,173,0,0,0,0,0,-0.000115448027,0,-0.00114032091,-0.000115448027,0,-0.00114032091,1,0,0,1,2.30895967E-06,-5.94556332E-06,2.280641E-05,0,0,0,-0.0005535312,-0.00148881972,-0.000328794849,-0.1550293,0.00726244366,0.04726674,0.002419868,-6.97782962E-05,0.00242140773,0.00031580517,3.412366E-05,-0.00086171017,0.0271838363,0.0181616712,0.122908376,-0.004496699,-0.0001742001,-0.0016995616,-2.45776173E-05,7.50124454E-05,-0.000736197748,0.007405471,-0.00503540039,-0.0114440918,-0.00462422241,-4.933332E-05,-0.0001299318,0.000115616233,0.00249928236,0.00101194729,4.91102552,0.0593592,0.1568845,0.0567060225,0.000419328251,-0.000450920634,1.11987711E-05,0.00251808763,0.00110831612,4.88732624,-0.02178955,-0.0159301758,0.0590747036,8.556393E-05,-7.158483E-05,0.00121086021,-0.00199434161,-0.00197888166,1.07463837,0.117962837,-0.140045166,0.03962454,0.003899937,0.04307442,0.00130537117,-0.00181719661,-0.00242952,1.05510616,-0.07385254,-0.118927,0.0321402922,0.0006056377,0.0350981727,-0.550016165,2.1321528,2.73881,3.51421022
49,0.97999965277777779,177,0,0,0,0,0,-5.82243047E-05,0,-0.000912239542,-5.82243047E-05,0,-0.000912239542,1,0,0,1,1.16448564E-06,1.49011612E-08,1.82447839E-05,0,0,0,-0.000555477571,-0.0014821738,-0.000326168141,-0.154449463,0.00737878634,0.0471896119,0.0023062448,-7.942603E-05,0.00244308612,0.00029768204,4.349649E-05,-0.000865523354,0.0270844232,0.0183354225,0.122828335,-0.004399541,-0.000196512337,-0.00163891737,-2.96274629E-05,8.42511654E-05,-0.0007350844,0.007433581,-0.00494384766,-0.0114440918,-0.0045065945,-6.00465864E-05,-0.000134934788,7.46778242E-05,0.00250740349,0.00104796153,4.910863,0.05954421,0.1568717,0.0568787381,0.000399004726,-0.000392681919,6.65740572E-06,0.00252132118,0.0011273066,4.88712549,-0.0217285156,-0.0159301758,0.058884725,7.888566E-05,-7.154528E-05,0.00117764575,-0.00196897984,-0.0019520577,1.07537949,0.118071921,-0.139892578,0.0391724035,0.0038762,0.0423600338,0.00130256638,-0.0018132925,-0.00243094238,1.05526257,-0.07385254,-0.119049072,0.0321540125,0.0006041907,0.03504544,-0.5500161,2.13215256,2.73881,3.51421022
50,0.99999964569160993,182,0,0,0,0,0,-0.00011521238,0,-0.00114095723,-0.00011521238,0,-0.00114095723,1,0,0,1,2.30424666E-06,-5.96046448E-06,2.28191348E-05,0,0,0,-0.0005515023,-0.00148586929,-0.000298649247,-0.153930664,0.007484782,0.04711287,0.00227811746,-8.705935E-05,0.00244525122,0.000289952121,3.40640545E-05,-0.0008441958,0.0269624516,0.0184910223,0.1228351,-0.0044023213,-0.000211946521,-0.00157566485,-2.811326E-05,7.48932362E-05,-0.0007285515,0.00736200949,-0.004852295,-0.0114440918,-0.004592767,-6.258899E-05,-0.000117748888,4.94511842E-05,0.00250118971,0.00108286517,4.910748,0.059727136,0.156904951,0.05692037,0.00037643456,-0.0003515775,6.00896055E-06,0.00252053142,0.00113675906,4.887272,-0.02166748,-0.0158996582,0.05913014,8.44172755E-05,-6.775658E-05,0.001161906,-0.00196057558,-0.00193125871,1.07571518,0.118121028,-0.140075684,0.03882986,0.0038538028,0.0419843048,0.00129844539,-0.00181017816,-0.002418077,1.05515921,-0.07385254,-0.11907959,0.03200895,0.0006283964,0.035032928,-0.550016165,2.1321528,2.73881,3.51421022
51,1.0199996386054422,186,0,0,0,0,0,-5.80966225E-05,0,-0.00114237273,-5.80966225E-05,0,-0.00114237273,1,0,0,1,1.161932E-06,1.49011612E-08,2.28474455E-05,0,0,0,-0.000553085236,-0.00147232413,-0.000284236943,-0.153442383,0.007576711,0.0470495522,0.00221803831,-9.89294349E-05,0.002441082,0.000282442168,4.35262918E-05,-0.0008329412,0.0268980265,0.0186208747,0.122857332,-0.00434770156,-0.000235781627,-0.001565976,-3.01116524E-05,8.420646E-05,-0.0007172498,0.007347159,-0.00479125977,-0.0114440918,-0.00453600474,-7.59496252E-05,-0.000135504422,3.88285371E-05,0.00250533223,0.001107186,4.910709,0.0598831624,0.156959891,0.0569511428,0.000352546631,-0.000344106869,7.31103137E-06,0.00251975656,0.00113919016,4.88709259,-0.0216369629,-0.0158996582,0.05887532,7.097045E-05,-7.493454E-05,0.001157399,-0.00195688,-0.00192130427,1.07584226,0.118145451,-0.140380859,0.0387033522,0.00384028279,0.0418683626,0.00130259572,-0.00181598961,-0.00242660288,1.0551343,-0.07385254,-0.119110107,0.03210385,0.000614442455,0.0350795537,-0.5500161,2.13215256,2.73881,3.51421022
52,1.0399996315192743,191,0,0,0,0,0,-0.000115481496,0,-0.001142758,-0.000115481496,0,-0.001142758,1,0,0,1,2.309629E-06,-5.96046448E-06,2.285515E-05,0,0,0,-0.000549842836,-0.00148706138,-0.000272605044,-0.153045654,0.00765663153,0.0469752625,0.00216531125,-0.000108643915,0.00244203117,0.000283593778,3.39746475E-05,-0.000827697862,0.0268667582,0.0187307131,0.122909471,-0.00432068249,-0.000252938771,-0.00154369685,-2.66462848E-05,7.47591257E-05,-0.000724747253,0.00729892775,-0.00473022461,-0.0114135742,-0.00457464159,-8.392571E-05,-0.000124943763,3.872398E-05,0.00250066817,0.00112250587,4.910711,0.0600125566,0.1570073,0.056976594,0.0003339704,-0.000344763539,9.35836852E-06,0.00251795352,0.00114021,4.887257,-0.0215759277,-0.0158996582,0.05912799,6.88480141E-05,-7.314833E-05,0.00116221642,-0.00195916,-0.00191631,1.07579422,0.118141674,-0.140716553,0.03865089,0.00382730179,0.0419216454,0.001302054,-0.00181701779,-0.00241758861,1.054992,-0.07382202,-0.119110107,0.0320051,0.0006316217,0.03511516,-0.550016165,2.1321528,2.73881,3.51421022
53,1.0599996244331065,195,0,0,0,0,0,-5.81152126E-05,0,-0.00114302139,-5.81152126E-05,0,-0.00114302139,1,0,0,1,1.16230376E-06,0,2.28604185E-05,0,0,0,-0.000551909965,-0.00146862864,-0.000262160756,-0.152709961,0.00772320246,0.04691343,0.00211912533,-0.00012060938,0.00244683377,0.000282802182,4.34666872E-05,-0.0008243539,0.0268518943,0.0188174564,0.122936592,-0.00430679647,-0.0002741101,-0.001566461,-2.84286E-05,8.416176E-05,-0.0007166427,0.00729067158,-0.004699707,-0.0114135742,-0.00453171972,-9.69994144E-05,-0.000142593271,4.36440241E-05,0.00250482559,0.001129322,4.91073227,0.0601070262,0.157044992,0.05698489,0.00031469285,-0.00035859755,1.140825E-05,0.00252065063,0.0011398315,4.887075,-0.02154541,-0.0158996582,0.0588756427,5.62175774E-05,-8.18930857E-05,0.00116863032,-0.001962155,-0.00191633729,1.07566369,0.118129216,-0.140991211,0.0386881866,0.00382209173,0.0420389175,0.00130576547,-0.00181648135,-0.002428096,1.05499017,-0.07382202,-0.119110107,0.0321416333,0.000618345744,0.0351542234,-0.5500161,2.13215256,2.73881,3.51421022
54,1.0799996173469388,201,0,0,0,0,0,-0.000115306742,0,-0.00114322989,-0.000115306742,0,-0.00114322989,1,0,0,1,2.30613387E-06,-5.94556332E-06,2.28645877E-05,0,0,0,-0.0005483234,-0.00148040056,-0.000253292033,-0.152404785,0.00778006157,0.0468460955,0.00207839883,-0.000128550222,0.00243524555,0.0002872166,3.4108758E-05,-0.000824356743,0.0268401634,0.0188899636,0.12297038,-0.004306025,-0.000285763264,-0.00156048662,-2.53378421E-05,7.490814E-05,-0.0007177909,0.00728180725,-0.00466918945,-0.0114135742,-0.004538412,-0.000101738828,-0.000130168948,5.043477E-05,0.00250001252,0.00112963,4.91075754,0.0601781644,0.157062531,0.0569858737,0.000302138826,-0.0003674795,1.24609724E-05,0.00251539052,0.00113842636,4.88702869,-0.0215148926,-0.0158996582,0.05895103,5.1066072E-05,-7.86926248E-05,0.00117694528,-0.00196765363,-0.00191865093,1.07549644,0.118099645,-0.1411438,0.0387402177,0.003819896,0.0421922058,0.00130679854,-0.00182051957,-0.00242490717,1.054984,-0.07382202,-0.119110107,0.03209752,0.0006199166,0.0351738073,-0.550016165,2.1321528,2.73881,3.51421022
55,1.099999610260771,205,0,0,0,0,0,-5.835327E-05,0,-0.00114316028,-5.835327E-05,0,-0.00114316028,1,0,0,1,1.167065E-06,0,2.28631961E-05,0,0,0,-0.000550987432,-0.001474753,-0.00024543074,-0.152130127,0.007827166,0.04678307,0.00204103277,-0.000137646639,0.00245388853,0.000286922674,4.351139E-05,-0.00082472997,0.0268236659,0.0189454071,0.1229719,-0.0043105036,-0.0003014922,-0.00158562954,-2.71799363E-05,8.420646E-05,-0.000721648335,0.00725322,-0.004638672,-0.0114135742,-0.00455521,-0.00011168835,-0.0001473891,5.66534E-05,0.002507031,0.00112570648,4.91077137,0.0602265224,0.157069683,0.0569769256,0.0002904243,-0.000382854865,1.25527122E-05,0.00252263248,0.001139699,4.88707447,-0.021484375,-0.0158996582,0.0590415746,4.80634953E-05,-8.165612E-05,0.00118270412,-0.00196628273,-0.00192373479,1.07539284,0.118076734,-0.141235352,0.0388517976,0.00382074318,0.04231365,0.00130421226,-0.00181554258,-0.002422407,1.05489564,-0.07382202,-0.119140625,0.0320770144,0.000628510432,0.03515135,-0.5500161,2.13215256,2.73881,3.51421022
56,1.1199996031746031,209,0,0,0,0,0,-0.000115269038,0,-0.00114305527,-0.000115269038,0,-0.00114305527,1,0,0,1,2.30538E-06,-5.94556332E-06,2.28610952E-05,0,0,0,-0.0005471174,-0.00148189068,-0.000238540379,-0.151885986,0.007866744,0.0467177,0.00201030145,-0.000143674246,0.00244959723,0.0002913034,3.40342522E-05,-0.0008261933,0.02679987,0.018991027,0.122983083,-0.004317288,-0.000309198746,-0.00157934055,-2.48909218E-05,7.48932362E-05,-0.000723060046,0.00721006934,-0.004638672,-0.0114135742,-0.00456268247,-0.0001140925,-0.000130777218,6.087849E-05,0.00249861181,0.00112162717,4.91077137,0.0602606535,0.157065719,0.05697064,0.0002855902,-0.000384114857,1.23383543E-05,0.00251963735,0.00113902357,4.88709974,-0.021484375,-0.0158996582,0.05904464,4.47133971E-05,-7.73300562E-05,0.00118649669,-0.00197662413,-0.00192510034,1.07525861,0.1180635,-0.141265869,0.03886309,0.00382644939,0.04240599,0.00130555965,-0.00181496143,-0.00242363056,1.054846,-0.0737915039,-0.11907959,0.0321051739,0.0006319214,0.03519171,-0.550016165,2.1321528,2.73881,3.51421022
57,1.1399995960884353,214,0,0,0,0,0,-5.821837E-05,0,-0.0011430264,-5.821837E-05,0,-0.0011430264,1,0,0,1,1.164367E-06,1.49011612E-08,2.28605186E-05,0,0,0,-0.0005491905,-0.00147295,-0.000232501538,-0.151702881,0.007899288,0.0466630347,0.00198196783,-0.000150536231,0.00245405734,0.000289733522,4.34368849E-05,-0.0008267145,0.026770927,0.0190252289,0.122968115,-0.00432202639,-0.000319903658,-0.00159849122,-2.75329712E-05,8.41170549E-05,-0.000722753932,0.00716941245,-0.0046081543,-0.0114135742,-0.00455914252,-0.000121066725,-0.00014441536,6.27559057E-05,0.002506286,0.00111794611,4.9107585,0.0602863058,0.157060191,0.05696282,0.00027745316,-0.000391319772,1.24393437E-05,0.002520606,0.00113806548,4.887116,-0.0214538574,-0.0158996582,0.0590411425,3.911121E-05,-8.311932E-05,0.00118800462,-0.00197157264,-0.00192884461,1.07522535,0.118050873,-0.141265869,0.0389417335,0.00382741517,0.0424432345,0.00130612368,-0.00182078779,-0.00242386223,1.05473375,-0.0737915039,-0.11907959,0.0320905074,0.0006290868,0.03519823,-0.5500161,2.13215256,2.73881,3.51421022
58,1.1599995890022676,218,0,0,0,0,0,-0.000115175048,0,-0.00114313164,-0.000115175048,0,-0.00114313164,1,0,0,1,2.3035E-06,-5.94556332E-06,2.28626232E-05,0,0,0,-0.000545579358,-0.00148066878,-0.000227323137,-0.151519775,0.007927349,0.0466049351,0.00195841445,-0.000153791611,0.00244507473,0.000292438839,3.42875719E-05,-0.0008276365,0.026738219,0.01905469,0.122970738,-0.004325408,-0.000323010667,-0.00158436573,-2.498331E-05,7.51316547E-05,-0.0007161485,0.00716275,-0.0046081543,-0.0114135742,-0.004527344,-0.000120807905,-0.000129679465,6.33415038E-05,0.002499193,0.00111581,4.91073465,0.06030605,0.15705213,0.0569602251,0.000275221129,-0.0003876967,1.24079988E-05,0.00251686573,0.0011361842,4.88692,-0.0214538574,-0.0158996582,0.05886529,3.46101E-05,-7.84618E-05,0.001188677,-0.00197783113,-0.00192877185,1.07516336,0.118042052,-0.141204834,0.0389271341,0.003831446,0.0424688868,0.001309209,-0.00181883574,-0.00243155239,1.05482256,-0.0737915039,-0.119049072,0.0321968123,0.0006189974,0.0352295,-0.550016165,2.1321528,2.73881,3.51421022
59,1.1799995819160998,224,0,0,0,0,0,-5.79546067E-05,0,-0.00114307087,-5.79546067E-05,0,-0.00114307087,1,0,0,1,1.15909165E-06,1.49011612E-08,2.28614081E-05,0,0,0,-0.000548053649,-0.001472801,-0.000222737741,-0.1513977,0.007951456,0.0465521924,0.00193691545,-0.0001577324,0.00246837642,0.0002895161,4.34070826E-05,-0.0008271166,0.0267059729,0.0190768931,0.122953,-0.004324366,-0.000330116018,-0.00159731368,-2.7108641E-05,8.41319561E-05,-0.0007243432,0.00711964769,-0.00457763672,-0.0114135742,-0.004566808,-0.000125652921,-0.000146422724,6.229624E-05,0.00250452757,0.00111531548,4.910708,0.0603224039,0.157047436,0.0569576956,0.000271398225,-0.000391041831,1.22867059E-05,0.00252309442,0.001136744,4.887057,-0.0214538574,-0.0158996582,0.05911833,3.66032473E-05,-8.139324E-05,0.00118751568,-0.00197534263,-0.00192964985,1.0751431,0.11804419,-0.141204834,0.03894939,0.0038327768,0.0424556956,0.001305085,-0.00181783736,-0.002422214,1.05472612,-0.0737915039,-0.11907959,0.0320788622,0.0006340287,0.0351921469,-0.5500161,2.13215256,2.73881,3.51421022
60,1.1999995748299319,229,0,0,0,0,0,-0.000115071678,0,-0.00114305411,-0.000115071678,0,-0.00114305411,1,0,0,1,2.30143269E-06,-5.94556332E-06,2.28610734E-05,0,0,0,-0.000543983537,-0.00148208439,-0.000218921574,-0.151275635,0.007971718,0.0465008877,0.00191913545,-0.0001606772,0.00245678262,0.000291929464,3.43173742E-05,-0.0008274179,0.0266731977,0.0190956034,0.122959025,-0.0043251873,-0.0003322886,-0.00158121786,-2.51349E-05,7.51316547E-05,-0.0007196306,0.00709083444,-0.00457763672,-0.0114135742,-0.00454390747,-0.000125246952,-0.000128299042,6.147161E-05,0.00250034034,0.00111517019,4.910675,0.0603379235,0.157044336,0.056958694,0.000268277654,-0.000384401443,1.17045E-05,0.00251597166,0.0011380912,4.88695,-0.0214538574,-0.0158996582,0.0589570068,3.30740077E-05,-7.718385E-05,0.00118771323,-0.00197570026,-0.00192948966,1.07512593,0.118038274,-0.141174316,0.0389434919,0.00383254886,0.0424575,0.00130769494,-0.00182144344,-0.00242732256,1.05470133,-0.0737915039,-0.119049072,0.03213609,0.0006255063,0.0352218077,-0.550016165,2.1321528,2.73881,3.51421022
61,1.2199995677437641,234,0,0,0,0,0,-5.77342471E-05,0,-0.00114313967,-5.77342471E-05,0,-0.00114313967,1,0,0,1,1.15468447E-06,0,2.28627832E-05,0,0,0,-0.0005459859,-0.00147397816,-0.0002154994,-0.151153564,0.007988716,0.0464610048,0.00190299738,-0.000164059151,0.00246116775,0.000289181218,4.34219837E-05,-0.000823131762,0.0266625118,0.0191091262,0.1229457,-0.00430522347,-0.0003375055,-0.00159517187,-2.75146685E-05,8.417666E-05,-0.0007212856,0.00706046959,-0.00457763672,-0.0114135742,-0.00455087423,-0.000129111257,-0.000143928875,6.062318E-05,0.00250393152,0.001115301,4.91053963,0.0603480153,0.1570429,0.05687085,0.000266681,-0.000387521752,1.18740936E-05,0.00252380967,0.00113725907,4.88696527,-0.0214538574,-0.0158996582,0.05903548,3.21126026E-05,-8.185059E-05,0.00118594442,-0.001975119,-0.00193256233,1.075174,0.118050322,-0.141174316,0.03898633,0.0038400325,0.0424514376,0.00130646408,-0.00181613863,-0.00242652954,1.05467975,-0.0737915039,-0.119049072,0.03214264,0.000631990551,0.0352182537,-0.5500161,2.13215256,2.73881,3.51421022
62,1.2399995606575964,239,0,0,0,0,0,-0.000115071452,0,-0.00114328216,-0.000115071452,0,-0.00114328216,1,0,0,1,2.30142814E-06,-5.96046448E-06,2.28656336E-05,0,0,0,-0.0005424233,-0.00147925317,-0.000212565792,-0.151062012,0.00800334,0.0464130752,0.00189005432,-0.00016567875,0.0024682458,0.000291282282,3.43024731E-05,-0.0008257152,0.0266424213,0.0191212073,0.122954212,-0.00431735441,-0.000338014244,-0.001577526,-2.492062E-05,7.511675E-05,-0.000715037051,0.00705967238,-0.00457763672,-0.0114135742,-0.004520513,-0.00012805211,-0.0001289178,5.966516E-05,0.00250014663,0.00111637951,4.91052246,0.060361132,0.157041848,0.0569572225,0.0002649107,-0.000381755584,1.19218066E-05,0.00251476467,0.00113698526,4.88676167,-0.0214538574,-0.0158996582,0.0588648133,2.842673E-05,-7.72722851E-05,0.00118601951,-0.00197504461,-0.00192867825,1.07516766,0.118049338,-0.141174316,0.0389269739,0.0038328548,0.04242607,0.00130942208,-0.00182263553,-0.00243113562,1.05474412,-0.0737915039,-0.119018555,0.03218145,0.000618673745,0.03523591,-0.550016165,2.1321528,2.73881,3.51421022
63,1.2599995535714286,244,0,0,0,0,0,-5.768311E-05,0,-0.00114318251,-5.768311E-05,0,-0.00114318251,1,0,0,1,1.15366174E-06,1.49011612E-08,2.28636418E-05,0,0,0,-0.000544528244,-0.00147765875,-0.000210138911,-0.150970459,0.008015717,0.046381928,0.00187747786,-0.000168211584,0.002462902,0.000288654468,4.349649E-05,-0.0008255999,0.02661859,0.0191295464,0.12294437,-0.00431794,-0.000341914565,-0.001592299,-2.75039019E-05,8.417666E-05,-0.0007229095,0.00702368654,-0.00457763672,-0.0114135742,-0.00455871457,-0.000130988788,-0.00014375693,5.911465E-05,0.00250555575,0.001117958,4.910495,0.060369242,0.1570445,0.0569613427,0.000260835426,-0.000385354,1.16884166E-05,0.002522543,0.00113877235,4.88689375,-0.02142334,-0.0158996582,0.0591201335,3.17653976E-05,-8.142817E-05,0.00118561648,-0.00197267532,-0.00192853587,1.0751425,0.118044838,-0.141204834,0.0389364921,0.00383153721,0.042418588,0.00130509981,-0.00181901455,-0.00242196652,1.05463016,-0.0737915039,-0.11907959,0.03207431,0.0006354831,0.0351995975,-0.5500161,2.13215256,2.73881,3.51421022
64,1.2799995464852607,249,0,0,0,0,0,-0.000114961447,0,-0.00114307157,-0.000114961447,0,-0.00114307157,1,0,0,1,2.299228E-06,-5.94556332E-06,2.28614226E-05,0,0,0,-0.0005407498,-0.00147923827,-0.000207925041,-0.150909424,0.008026163,0.0463437922,0.00186825718,-0.000169317718,0.00246561412,0.000291276054,3.40640545E-05,-0.0008258093,0.02659405,0.0191368517,0.122955196,-0.00431825873,-0.000342155166,-0.00157718512,-2.4970439E-05,7.48932362E-05,-0.000721964869,0.006981475,-0.00457763672,-0.0114135742,-0.00455456367,-0.000129509048,-0.000128325075,5.931047E-05,0.00250005722,0.00111836044,4.910465,0.060375493,0.157043934,0.05696335,0.000259549764,-0.00038096006,1.103523E-05,0.002518341,0.00114010193,4.886885,-0.02142334,-0.0158996582,0.0590459779,3.21660627E-05,-7.482399E-05,0.001186863,-0.00197564065,-0.00192813715,1.07509649,0.1180339,-0.141204834,0.038926594,0.00383155281,0.0424417742,0.001306468,-0.00181902945,-0.00242512976,1.05455923,-0.07376099,-0.119018555,0.032120917,0.0006357111,0.03523387,-0.550016165,2.1321528,2.73881,3.51421022
65,1.2999995393990929,253,0,0,0,0,0,-5.773932E-05,0,-0.00114306936,-5.773932E-05,0,-0.00114306936,1,0,0,1,1.15478588E-06,0,2.2861379E-05,0,0,0,-0.0005432387,-0.00147382915,-0.000206102428,-0.150848389,0.008034486,0.0463126935,0.00185943383,-0.000171893465,0.00248594768,0.0002885887,4.34666872E-05,-0.0008250742,0.0265712254,0.01914003,0.122945331,-0.00431639841,-0.000346562068,-0.00159107975,-2.79005653E-05,8.419156E-05,-0.000721186865,0.006947585,-0.00457763672,-0.0114135742,-0.00454900041,-0.0001331643,-0.000140874632,5.94581761E-05,0.00250534713,0.00111831143,4.91043234,0.0603770055,0.157046422,0.0569612868,0.000257283362,-0.0003868043,1.14203413E-05,0.002522871,0.00113838771,4.886878,-0.02142334,-0.0158996582,0.05903909,2.89708441E-05,-8.22302754E-05,0.0011868584,-0.00197418034,-0.00192920107,1.075061,0.118032664,-0.141204834,0.038955383,0.0038326066,0.04245081,0.001307192,-0.00181905925,-0.00242709462,1.05450094,-0.07376099,-0.119018555,0.0321481265,0.0006349774,0.03524914,-0.5500161,2.13215256,2.73881,3.51421022
66,1.3199995323129252,257,0,0,0,0,0,-0.000114812516,0,-0.0011431051,-0.000114812516,0,-0.0011431051,1,0,0,1,2.29624948E-06,-5.94556332E-06,2.2862092E-05,0,0,0,-0.0005393984,-0.00148111582,-0.000204534663,-0.150817871,0.008041893,0.04628371,0.001852316,-0.0001720637,0.00247547217,0.000291058968,3.4108758E-05,-0.000825687544,0.0265474673,0.0191444885,0.122954622,-0.004317909,-0.000344415865,-0.00157598418,-2.51088786E-05,7.495284E-05,-0.0007177876,0.00692951027,-0.00457763672,-0.0114135742,-0.004533478,-0.000130168177,-0.000127515275,5.99610721E-05,0.002500534,0.00111776008,4.91039658,0.0603799,0.1570427,0.0569619238,0.0002582329,-0.000383641076,1.17110721E-05,0.00251640379,0.00113697269,4.88676262,-0.02142334,-0.0158996582,0.0589498244,2.7413771E-05,-7.74578657E-05,0.00118818763,-0.00197595358,-0.00192917744,1.07503223,0.1180247,-0.141204834,0.0389529876,0.00383214257,0.04247308,0.001309668,-0.00182273984,-0.002430237,1.05452144,-0.07376099,-0.118988037,0.0321811065,0.0006275162,0.03527462,-0.550016165,2.1321528,2.73881,3.51421022
67,1.3399995252267574,263,0,0,0,0,0,-5.772388E-05,0,-0.00114305562,-5.772388E-05,0,-0.00114305562,1,0,0,1,1.1544771E-06,0,2.28611025E-05,0,0,0,-0.00054165395,-0.00147533417,-0.000203172123,-0.150756836,0.00804797,0.04626322,0.00184538332,-0.00017373795,0.00247953087,0.000289026735,4.34666872E-05,-0.0008250699,0.0265245084,0.0191461053,0.122943752,-0.004316332,-0.0003477977,-0.00159332692,-2.74174745E-05,8.42362642E-05,-0.0007202338,0.00690431753,-0.00457763672,-0.0114135742,-0.00454424461,-0.000133275535,-0.0001433112,5.99633458E-05,0.002505228,0.001117407,4.91035843,0.0603793524,0.157043144,0.0569594,0.0002560924,-0.000386755943,1.21986031E-05,0.00252382457,0.0011366012,4.88676071,-0.02142334,-0.0158996582,0.05903192,2.84118451E-05,-8.28058255E-05,0.00118773035,-0.00197517872,-0.00192999188,1.07501137,0.118021838,-0.141204834,0.03897397,0.00383384968,0.04247533,0.00130800554,-0.001817733,-0.00242844014,1.05452466,-0.07376099,-0.118988037,0.03217156,0.0006337821,0.035259895,-0.5500161,2.13215256,2.73881,3.51421022
68,1.3599995181405895,269,0,0,0,0,0,-0.000114917471,0,-0.00114306668,-0.000114917471,0,-0.00114306668,1,0,0,1,2.29834859E-06,-5.96046448E-06,2.28613244E-05,0,0,0,-0.0005383216,-0.00148056448,-0.00020200669,-0.150726318,0.008053257,0.0462372527,0.00184090633,-0.0001742238,0.00248204428,0.000291530916,3.40789557E-05,-0.000821913534,0.0265203509,0.019148238,0.122952506,-0.00429967744,-0.000346507,-0.00157781667,-2.47744447E-05,7.4878335E-05,-0.0007207021,0.0068704905,-0.00457763672,-0.0114135742,-0.00454742368,-0.000131238718,-0.000128641812,6.03075168E-05,0.002498582,0.00111699756,4.91021538,0.0603794269,0.1570399,0.05687347,0.000258432061,-0.0003829941,1.17048885E-05,0.00251589715,0.00113799353,4.88674545,-0.02142334,-0.0158996582,0.05903739,2.93815647E-05,-7.636253E-05,0.00118785328,-0.001978591,-0.0019324515,1.07503676,0.1180281,-0.141174316,0.0389925651,0.00384058384,0.04249555,0.00130832614,-0.00182443857,-0.00242625247,1.054457,-0.07376099,-0.118988037,0.03212507,0.000632789452,0.0352638476,-0.550016165,2.1321528,2.73881,3.51421022
69,1.3799995110544216,274,0,0,0,0,0,-5.769025E-05,0,-0.00114306866,-5.769025E-05,0,-0.00114306866,1,0,0,1,1.15380453E-06,0,2.28613644E-05,0,0,0,-0.000540664769,-0.00147655606,-0.000201054238,-0.1506958,0.008056417,0.0462191254,0.00183508615,-0.00017633487,0.002496945,0.000288898,4.34666872E-05,-0.0008236313,0.026507834,0.0191470236,0.122941524,-0.004310278,-0.0003502779,-0.00159185322,-2.75055863E-05,8.417666E-05,-0.0007201776,0.00684188,-0.00457763672,-0.0114135742,-0.004542955,-0.000134954884,-0.000142041492,5.945412E-05,0.0025049,0.00111790607,4.910191,0.0603795052,0.157041982,0.0569566451,0.0002558501,-0.000385946478,1.14925188E-05,0.00252223015,0.00113880483,4.886729,-0.02142334,-0.0158996582,0.05903798,2.71487879E-05,-8.1361366E-05,0.00118676154,-0.00197522342,-0.00192946,1.07503426,0.118033834,-0.141174316,0.0389615372,0.003834095,0.0424564257,0.00130761194,-0.00182074308,-0.00242752675,1.054403,-0.07376099,-0.118988037,0.0321512148,0.000635521,0.0352622,-0.5500161,2.13215256,2.73881,3.51421022
70,1.399999503968254,279,0,0,0,0,0,-0.000114810427,0,-0.0011429874,-0.000114810427,0,-0.0011429874,1,0,0,1,2.29620764E-06,-5.94556332E-06,2.285974E-05,0,0,0,-0.0005369263,-0.00148163736,-0.000200162118,-0.150665283,0.00805977453,0.0462033451,0.00183237181,-0.000175857786,0.0024775418,0.000291076169,3.40789557E-05,-0.000824716466,0.0264892224,0.0191483144,0.122951373,-0.0043139467,-0.000347208232,-0.00157539663,-2.49346E-05,7.492304E-05,-0.000720076147,0.00681013,-0.00457763672,-0.0114135742,-0.004544,-0.000131159351,-0.000127682055,5.93979566E-05,0.00249956548,0.0011191821,4.91015625,0.060380742,0.157040581,0.05696355,0.000255722436,-0.000382185623,1.13035367E-05,0.00251761079,0.00113868131,4.88670969,-0.02142334,-0.0158996582,0.05903791,2.98028881E-05,-7.572335E-05,0.00118764606,-0.00197711587,-0.00192826753,1.07498837,0.118023537,-0.141204834,0.03893648,0.003832235,0.0424638055,0.0013085315,-0.00182239711,-0.00242776773,1.05436409,-0.07373047,-0.118988037,0.03215458,0.000635988836,0.0352826454,-0.550016165,2.1321528,2.73881,3.51421022
71,1.4199994968820862,284,0,0,0,0,0,-5.76918064E-05,0,-0.00114296761,-5.76918064E-05,0,-0.00114296761,1,0,0,1,1.15383568E-06,0,2.28593435E-05,0,0,0,-0.0005397863,-0.00147597492,-0.000199461618,-0.150665283,0.00806221552,0.0461901762,0.00182767841,-0.000177162408,0.00249548722,0.0002884814,4.348159E-05,-0.0008240253,0.0264712553,0.0191470273,0.122941367,-0.004312109,-0.000350354938,-0.00158985378,-2.74497252E-05,8.420646E-05,-0.0007198631,0.00678238925,-0.00457763672,-0.0114135742,-0.00454139477,-0.0001341803,-0.000142369769,5.928456E-05,0.002505362,0.00111943891,4.91012,0.0603783652,0.1570425,0.056962382,0.000254336162,-0.000386916683,1.15327748E-05,0.00252263248,0.00113826361,4.886686,-0.02142334,-0.0158996582,0.0590361543,2.69750653E-05,-8.11835052E-05,0.00118747656,-0.00197461247,-0.00192928594,1.07495594,0.118022345,-0.141204834,0.03896702,0.00383254886,0.0424674861,0.0013084712,-0.001820907,-0.00242870743,1.05432451,-0.07373047,-0.118988037,0.0321712568,0.0006368297,0.0352862,-0.5500161,2.13215256,2.73881,3.51421022
72,1.4399994897959183,289,0,0,0,0,0,-0.000114909424,0,-0.001142823,-0.000114909424,0,-0.001142823,1,0,0,1,2.29818761E-06,-5.94556332E-06,2.28564513E-05,0,0,0,-0.000536449137,-0.00148001313,-0.000198806723,-0.150634766,0.008065114,0.0461740419,0.00182584033,-0.000176069108,0.00249207369,0.0002909644,3.4108758E-05,-0.0008315059,0.0264138,0.0191481058,0.122951634,-0.00434764428,-0.00034736516,-0.0015749021,-2.51189049E-05,7.493794E-05,-0.000716376,0.00677073747,-0.00457763672,-0.0114135742,-0.00452555437,-0.000130549233,-0.000126824118,5.94522025E-05,0.002502501,0.00111965043,4.91028357,0.06037986,0.157041788,0.057137046,0.000252779,-0.0003828921,1.17443824E-05,0.002516836,0.001137674,4.88655663,-0.02142334,-0.0158996582,0.0589489,2.72706366E-05,-7.77342357E-05,0.0011902079,-0.001975745,-0.00192348112,1.07479191,0.117992826,-0.141235352,0.0388971753,0.00381960743,0.0424786881,0.0013106917,-0.00182324648,-0.00243158475,1.05435908,-0.07376099,-0.11895752,0.0322039761,0.0006298209,0.0353061967,-0.550016165,2.1321528,2.73881,3.51421022
73,1.4599994827097504,294,0,0,0,0,0,-5.76164457E-05,0,-0.00114284968,-5.76164457E-05,0,-0.00114284968,1,0,0,1,1.15232842E-06,0,2.28569843E-05,0,0,0,-0.000538878434,-0.00147664547,-0.0001983649,-0.150604248,0.008068199,0.04616981,0.00182232226,-0.000176405738,0.00249115168,0.000288871961,4.34666872E-05,-0.000822699745,0.02639627,0.0191480666,0.122940525,-0.004304376,-0.000349007954,-0.00159262482,-2.75847033E-05,8.417666E-05,-0.000718481548,0.0067529087,-0.00457763672,-0.0114135742,-0.00453536864,-0.00013217346,-0.000142522156,6.0811195E-05,0.00250434875,0.00111735717,4.91010427,0.0603721477,0.157039329,0.05687809,0.000253894017,-0.000389591965,1.19668175E-05,0.002522394,0.00113816361,4.88654375,-0.02142334,-0.0158996582,0.05903214,2.88744268E-05,-8.274159E-05,0.00119033491,-0.00197778642,-0.001934409,1.07480466,0.117990263,-0.141204834,0.0390546136,0.00384104415,0.04255834,0.00130867574,-0.00182110071,-0.002428736,1.0543412,-0.07376099,-0.118988037,0.03217043,0.0006354914,0.03528402,-0.5500161,2.13215256,2.73881,3.51421022
74,1.4799994756235828,300,0,0,0,0,0,-0.000115042618,0,-0.00114284817,-0.000115042618,0,-0.00114284817,1,0,0,1,2.30085152E-06,-5.96046448E-06,2.28569552E-05,0,0,0,-0.000535844069,-0.00147971511,-0.000197811314,-0.150604248,0.008070197,0.04615485,0.00182148675,-0.000177111448,0.00249260059,0.000291601667,3.40640545E-05,-0.0008239386,0.0263806581,0.01914784,0.1229477,-0.00431034062,-0.000348558649,-0.00157765811,-2.476724E-05,7.48932362E-05,-0.000719300762,0.00672647264,-0.00457763672,-0.0114135742,-0.004539716,-0.000131440131,-0.000128121668,6.067541E-05,0.002498746,0.00111578975,4.91005945,0.0603701435,0.157035023,0.0569531024,0.000257725827,-0.000383949082,1.14338327E-05,0.002517745,0.00113930984,4.88651943,-0.02142334,-0.0158996582,0.05903809,2.93840876E-05,-7.562522E-05,0.00118991779,-0.00198189914,-0.00193140167,1.07479525,0.11799971,-0.141174316,0.039002303,0.00383920618,0.0425430834,0.00130880554,-0.00182238221,-0.00242794631,1.0543077,-0.07373047,-0.11895752,0.0321596861,0.000637293,0.0352932326,-0.5500161,2.13215256,2.73881,3.51421022
75,1.4999994685374149,305,0,0,0,0,0,-5.763682E-05,0,-0.00114264048,-5.763682E-05,0,-0.00114264048,1,0,0,1,1.15273588E-06,1.49011612E-08,2.28528E-05,0,0,0,-0.0005383756,-0.00147585571,-0.000197500922,-0.150604248,0.008071509,0.04615384,0.00181842316,-0.0001781067,0.00249231746,0.000288905081,4.348159E-05,-0.000830966863,0.02632356,0.01914637,0.122936152,-0.004346321,-0.000350333867,-0.00159225892,-2.76666578E-05,8.420646E-05,-0.0007188549,0.00670313044,-0.00457763672,-0.0114135742,-0.00453648,-0.0001332287,-0.000141555589,5.98769439E-05,0.00250814855,0.00111733039,4.910209,0.0603710227,0.157037035,0.05713006,0.000252100232,-0.0003871947,1.1554971E-05,0.00252231956,0.0011394663,4.886492,-0.02142334,-0.0158996582,0.05903715,2.73472924E-05,-8.193739E-05,0.001190518,-0.00197444856,-0.00192596018,1.0746932,0.117978662,-0.141204834,0.03895482,0.00382313575,0.0425063744,0.00130871288,-0.00182160735,-0.00242869719,1.05426133,-0.07373047,-0.11895752,0.032171756,0.0006380465,0.0352962874,-0.5500161,2.13215256,2.73881,3.51421022
76,1.5199994614512471,310,0,0,0,0,0,-0.000114969087,0,-0.00114257459,-0.000114969087,0,-0.00114257459,1,0,0,1,2.29938087E-06,-5.96046448E-06,2.28514837E-05,0,0,0,-0.000535458,-0.00148077309,-0.000197137648,-0.15057373,0.00807417,0.046142634,0.00181810581,-0.0001762236,0.0024916823,0.000291250879,3.40789557E-05,-0.0008261717,0.0262872241,0.0191477817,0.122944407,-0.004320384,-0.0003470132,-0.00157668651,-2.521255E-05,7.490814E-05,-0.0007189164,0.00667618634,-0.00457763672,-0.0114135742,-0.00453854771,-0.000129329565,-0.0001266742,6.05505847E-05,0.00249943137,0.00111697719,4.91011858,0.0603662655,0.157032534,0.0569639839,0.0002549334,-0.0003846713,1.14821269E-05,0.00251813233,0.00113913976,4.886461,-0.02142334,-0.0158996582,0.05903705,3.12103839E-05,-7.707393E-05,0.00119169988,-0.00198152661,-0.00193153881,1.0746274,0.11796996,-0.141174316,0.0390165225,0.00383717474,0.042574212,0.00130948354,-0.00182253122,-0.00242898939,1.05423629,-0.07373047,-0.118927,0.0321770757,0.0006385818,0.0353133529,-0.550016165,2.1321528,2.73881,3.51421022
77,1.5399994543650792,316,0,0,0,0,0,-5.77733081E-05,0,-0.00114268332,-5.77733081E-05,0,-0.00114268332,1,0,0,1,1.15546572E-06,0,2.28536574E-05,0,0,0,-0.0005381834,-0.00147658587,-0.000196903507,-0.15057373,0.008075459,0.0461394377,0.001815691,-0.000178219358,0.00250203186,0.00028927243,4.349649E-05,-0.000820488436,0.0262849219,0.0191459861,0.122933216,-0.0042941235,-0.000350692455,-0.001593924,-2.74424347E-05,8.420646E-05,-0.000718779338,0.0066534034,-0.00457763672,-0.0114135742,-0.00453596329,-0.000133473484,-0.000142479621,6.068228E-05,0.002504319,0.00111494819,4.90994549,0.06036195,0.157032043,0.05686611,0.000256499159,-0.00038778194,1.16066685E-05,0.00252260268,0.00113870029,4.886427,-0.02142334,-0.0158996582,0.05903543,2.73579353E-05,-8.13635052E-05,0.00119023724,-0.00197945535,-0.00193643151,1.07472026,0.117986396,-0.1411438,0.039094232,0.003846413,0.04258186,0.00130943593,-0.001821816,-0.002429757,1.05420089,-0.07373047,-0.11895752,0.0321886465,0.0006386759,0.03531456,-0.5500161,2.13215256,2.73881,3.51421022
78,1.5599994472789116,321,0,0,0,0,0,-0.000114922841,0,-0.00114251685,-0.000114922841,0,-0.00114251685,1,0,0,1,2.298456E-06,-5.94556332E-06,2.28503268E-05,0,0,0,-0.0005348889,-0.00148040056,-0.000196586174,-0.15057373,0.008076431,0.0461328253,0.00181574014,-0.000177833645,0.00249114027,0.000291291246,3.40640545E-05,-0.000829842233,0.0262371264,0.0191459935,0.122941367,-0.00433953246,-0.000348293135,-0.00157630944,-2.49834848E-05,7.48932362E-05,-0.0007189003,0.00662681,-0.00457763672,-0.0114135742,-0.00453770347,-0.000130826636,-0.000127219231,5.96202553E-05,0.00250162184,0.0011169205,4.91009665,0.060365092,0.157031,0.05712638,0.000255186082,-0.0003821519,1.16504862E-05,0.00251796842,0.00113832054,4.88638973,-0.0214538574,-0.0158996582,0.0590352379,2.92895165E-05,-7.698345E-05,0.00119086681,-0.00197955966,-0.00192579092,1.07461047,0.117972679,-0.141174316,0.0389440171,0.00382641214,0.0425246,0.00131023116,-0.00182335079,-0.002429833,1.05418527,-0.07373047,-0.118927,0.0321891643,0.000638701837,0.0353302471,-0.550016165,2.1321528,2.73881,3.51421022
79,1.5799994401927437,327,0,0,0,0,0,-5.77177634E-05,0,-0.00114245038,-5.77177634E-05,0,-0.00114245038,1,0,0,1,1.15435478E-06,0,2.28489989E-05,0,0,0,-0.000537912769,-0.001476258,-0.00019646126,-0.150543213,0.008078175,0.0461313725,0.0018135776,-0.000177494512,0.00250304514,0.000288423558,4.348159E-05,-0.0008282942,0.02618721,0.01914571,0.122930333,-0.004332115,-0.000349251175,-0.00159039558,-2.74323647E-05,8.416176E-05,-0.00071491464,0.00662343763,-0.00457763672,-0.0114135742,-0.004517341,-0.00013167673,-0.000143232683,5.974865E-05,0.002506867,0.00111804274,4.910105,0.06036251,0.157030687,0.0570498034,0.0002520074,-0.000388277433,1.201582E-05,0.00252024829,0.00113811949,4.88624763,-0.02142334,-0.0158996582,0.0589469671,2.71190038E-05,-8.237751E-05,0.00119210943,-0.00197726488,-0.00192948314,1.07453287,0.1179533,-0.141204834,0.03901465,0.003830014,0.04256656,0.00131085108,-0.0018248409,-0.00243278313,1.0542115,-0.07373047,-0.118927,0.032217212,0.0006321449,0.03532467,-0.5500161,2.13215256,2.73881,3.51421022
80,1.5999994331065759,331,0,0,0,0,0,-0.000115002833,0,-0.00114249939,-0.000115002833,0,-0.00114249939,1,0,0,1,2.30005571E-06,-5.94556332E-06,2.28499775E-05,0,0,0,-0.0005347284,-0.00148074329,-0.0001962086,-0.150543213,0.008080639,0.0461250879,0.00181364862,-0.000176504851,0.0024944935,0.0002911738,3.40789557E-05,-0.0008244088,0.0261612162,0.0191473663,0.122938834,-0.00431125,-0.000346726651,-0.0015765233,-2.48337474E-05,7.490814E-05,-0.0007173758,0.00660805264,-0.00457763672,-0.0114135742,-0.004531064,-0.000129006585,-0.00012875587,6.03714543E-05,0.00249959528,0.00111647951,4.91001272,0.06035834,0.157026708,0.0569585,0.0002562981,-0.000384292856,1.17455638E-05,0.00251755118,0.00113898516,4.88622427,-0.02142334,-0.0158996582,0.0590327419,3.03272973E-05,-7.653948E-05,0.00119253155,-0.00198300183,-0.00193319679,1.07450485,0.117952034,-0.141174316,0.03905602,0.00384072517,0.04261087,0.00130989752,-0.00182347,-0.00242928718,1.05420709,-0.07373047,-0.118927,0.03217902,0.000637637044,0.0353185758,-0.550016165,2.1321528,2.73881,3.51421022
81,1.619999426020408,335,0,0,0,0,0,-5.77721621E-05,0,-0.00114254688,-5.77721621E-05,0,-0.00114254688,1,0,0,1,1.15544276E-06,1.49011612E-08,2.28509289E-05,0,0,0,-0.0005376415,-0.00147670507,-0.000196129273,-0.150543213,0.008081441,0.04612423,0.0018120365,-0.000178634917,0.00250509684,0.000288967625,4.348159E-05,-0.0008193242,0.0261645038,0.0191454682,0.1229275,-0.004288124,-0.000350733579,-0.00159248884,-2.75592683E-05,8.420646E-05,-0.000717827643,0.00659064529,-0.00457763672,-0.0114135742,-0.00453124056,-0.000133446811,-0.000141986689,6.027725E-05,0.00250440836,0.00111538451,4.90983,0.0603553131,0.1570266,0.0568648539,0.0002571536,-0.0003876388,1.15635785E-05,0.00252276659,0.0011401365,4.886191,-0.02142334,-0.0158996582,0.0590371266,2.87303646E-05,-8.161279E-05,0.00119068567,-0.00198033452,-0.001936991,1.07460546,0.117972165,-0.1411438,0.0391129777,0.00384778576,0.04260094,0.00130901113,-0.00182124972,-0.00242945971,1.05417049,-0.07373047,-0.11895752,0.03218577,0.0006401174,0.0353115648,-0.5500161,2.13215256,2.73881,3.51421022
82,1.6399994189342404,340,0,0,0,0,0,-0.000114938259,0,-0.00114251429,-0.000114938259,0,-0.00114251429,1,0,0,1,2.29876423E-06,-5.96046448E-06,2.28502759E-05,0,0,0,-0.0005343259,-0.00148148835,-0.00019594605,-0.150543213,0.008081746,0.0461217761,0.00181241566,-0.00017855539,0.00248814048,0.000291427859,3.4108758E-05,-0.0008221122,0.0261589438,0.0191453546,0.1229373,-0.00430096546,-0.000348396017,-0.00157692609,-2.51071815E-05,7.492304E-05,-0.000717949937,0.00656895,-0.00457763672,-0.0114135742,-0.00453287223,-0.000131095381,-0.000126528161,5.98099577E-05,0.00250065327,0.0011162021,4.909769,0.06035807,0.157025635,0.0569510572,0.0002575169,-0.0003818634,1.13381266E-05,0.00251765549,0.001140147,4.8861537,-0.02142334,-0.0158996582,0.0590378866,2.91097749E-05,-7.64996948E-05,0.0011904391,-0.00197967887,-0.00193285733,1.07465172,0.117976271,-0.141113281,0.03904507,0.00383986766,0.0425638333,0.001309999,-0.0018235594,-0.002429222,1.05414367,-0.07373047,-0.118927,0.0321816839,0.000640407437,0.03533198,-0.550016165,2.1321528,2.73881,3.51421022
83,1.6599994118480725,344,0,0,0,0,0,-5.77512874E-05,0,-0.001142344,-5.77512874E-05,0,-0.001142344,1,0,0,1,1.1550253E-06,0,2.284687E-05,0,0,0,-0.0005376816,-0.00147558749,-0.000195862143,-0.150543213,0.008082001,0.0461192,0.001810734,-0.00017884867,0.0025115842,0.0002883715,4.34666872E-05,-0.0008286284,0.0261124317,0.0191440266,0.122926757,-0.00433444558,-0.000350302376,-0.00158961548,-2.74657577E-05,8.419156E-05,-0.0007176356,0.00655077025,-0.00457763672,-0.0114135742,-0.00453026127,-0.000132934845,-0.000142528384,5.866776E-05,0.002506718,0.001119694,4.90990543,0.0603593625,0.157028183,0.05713139,0.00025289887,-0.000385559455,1.16374313E-05,0.00252263248,0.00113984186,4.8861146,-0.02142334,-0.0158996582,0.05903612,2.8474542E-05,-8.14190862E-05,0.00119057344,-0.00197774172,-0.0019254596,1.0745219,0.1179595,-0.141174316,0.0389540233,0.00382513832,0.042521324,0.00130968785,-0.00182214379,-0.00243018079,1.0541116,-0.07369995,-0.118927,0.0321967155,0.0006411448,0.03533088,-0.5500161,2.13215256,2.73881,3.51421022
84,1.6799994047619047,348,0,0,0,0,0,-0.000114911243,0,-0.00114207983,-0.000114911243,0,-0.00114207983,1,0,0,1,2.298224E-06,-5.96046448E-06,2.28415884E-05,0,0,0,-0.0005341996,-0.00148068368,-0.000195772416,-0.150543213,0.008083436,0.04611737,0.00181156781,-0.0001774392,0.00249193516,0.000290776981,3.40938568E-05,-0.0008271922,0.02606846,0.01914547,0.122937508,-0.00432525435,-0.00034709074,-0.00157441094,-2.516594E-05,7.4878335E-05,-0.000724514364,0.00649081124,-0.00457763672,-0.0114135742,-0.00456627551,-0.000129046617,-0.000126922445,5.931414E-05,0.00250093639,0.00112039829,4.909908,0.0603572354,0.1570272,0.05705398,0.000253139617,-0.0003828261,1.12446187E-05,0.00251868367,0.00114049611,4.88627672,-0.02142334,-0.0158996582,0.0592105836,3.34800025E-05,-7.615438E-05,0.00119299348,-0.00198122859,-0.00192858023,1.07440114,0.117937133,-0.141174316,0.0390011147,0.00383062428,0.0425883979,0.00130860112,-0.00182498991,-0.002423669,1.053947,-0.07369995,-0.118896484,0.0321149,0.0006528075,0.035344962,-0.550016165,2.1321528,2.73881,3.51421022
85,1.6999993976757368,352,0,0,0,0,0,-5.779277E-05,0,-0.00114209624,-5.779277E-05,0,-0.00114209624,1,0,0,1,1.155855E-06,1.49011612E-08,2.28419158E-05,0,0,0,-0.0005372859,-0.00147403777,-0.000195706525,-0.150543213,0.008083673,0.0461181365,0.00181024463,-0.000178911636,0.00250448659,0.000288736424,4.34666872E-05,-0.0008259259,0.0260300264,0.0191433765,0.122927055,-0.00432089064,-0.000351025432,-0.00159137265,-2.7569984E-05,8.419156E-05,-0.000715956965,0.00647456152,-0.00457763672,-0.0114135742,-0.00452164374,-0.000132883928,-0.000141906276,5.989555E-05,0.0025061667,0.00111848058,4.90991068,0.0603515059,0.157027245,0.057045415,0.0002523386,-0.000387628475,1.14876821E-05,0.00252203643,0.00113871589,4.88609648,-0.02142334,-0.0158996582,0.0589532331,2.74586655E-05,-8.143232E-05,0.00119356113,-0.00198076665,-0.00193102646,1.07433,0.11792919,-0.141174316,0.0390563942,0.00383430626,0.04262078,0.00131190836,-0.00182382762,-0.002435362,1.05396438,-0.07369995,-0.118865967,0.0322648622,0.00063885533,0.03537739,-0.5500161,2.13215256,2.73881,3.51421022
86,1.7199993905895692,356,0,0,0,0,0,-0.00011496331,0,-0.00114210893,-0.00011496331,0,-0.00114210893,1,0,0,1,2.29926536E-06,-5.96046448E-06,2.284217E-05,0,0,0,-0.0005343781,-0.00148096681,-0.00019559481,-0.150543213,0.008084696,0.0461150222,0.001810964,-0.000177864829,0.0024931666,0.000291332515,3.40789557E-05,-0.000823070761,0.0260103,0.0191438738,0.122935057,-0.004304944,-0.000347848749,-0.0015769467,-2.49838558E-05,7.48634338E-05,-0.000720517535,0.006438658,-0.00457763672,-0.0114135742,-0.004546036,-0.000129843262,-0.0001275722,6.065766E-05,0.002499029,0.0011167085,4.909806,0.0603475161,0.15702264,0.05695669,0.000255740044,-0.00038458014,1.1765148E-05,0.002517268,0.0011373061,4.886152,-0.02142334,-0.0158996582,0.0591147952,2.96049438E-05,-7.727415E-05,0.001194137,-0.00198587775,-0.00193407317,1.07431924,0.117927127,-0.1411438,0.0390855968,0.00384298619,0.0426588245,0.00131145911,-0.00182761252,-0.00242886064,1.05390811,-0.07369995,-0.118865967,0.03217809,0.000645341643,0.0353816226,-0.550016165,2.1321528,2.73881,3.51421022
87,1.7399993835034013,361,0,0,0,0,0,-5.77998653E-05,0,-0.00114190439,-5.77998653E-05,0,-0.00114190439,1,0,0,1,1.15599687E-06,0,2.283808E-05,0,0,0,-0.000537339947,-0.0014752,-0.000195575238,-0.150543213,0.008084221,0.0461149253,0.0018096061,-0.000179718962,0.00250992924,0.0002890277,4.3541193E-05,-0.000825278868,0.0259790532,0.01914119,0.122923158,-0.0043180217,-0.000351604,-0.00159253145,-2.72714224E-05,8.428097E-05,-0.0007219607,0.00639268244,-0.00457763672,-0.0114135742,-0.004551171,-0.000133789174,-0.000143052472,6.039302E-05,0.00250831246,0.0011156965,4.9098134,0.0603454225,0.1570219,0.05703658,0.000253950479,-0.000387974171,1.20691893E-05,0.00252507627,0.00113770331,4.886182,-0.02142334,-0.0158996582,0.05912056,2.970466E-05,-8.199931E-05,0.00119385927,-0.00197795033,-0.00193322846,1.07433355,0.117926657,-0.1411438,0.03910089,0.0038356958,0.04263383,0.00131061068,-0.00182139874,-0.00243078265,1.05385816,-0.07366943,-0.118865967,0.0322209634,0.0006502477,0.035385184,-0.5500161,2.13215256,2.73881,3.51421022
88,1.7599993764172335,365,0,0,0,0,0,-0.000114936709,0,-0.00114191836,-0.000114936709,0,-0.00114191836,1,0,0,1,2.29873331E-06,-5.96046448E-06,2.28383578E-05,0,0,0,-0.0005341322,-0.00148069859,-0.000195481058,-0.150543213,0.008084409,0.0461137,0.00181049411,-0.0001786188,0.00249201083,0.0002915527,3.40491533E-05,-0.000826264732,0.0259412471,0.0191414021,0.122931413,-0.004321062,-0.0003480877,-0.00157788245,-2.51622787E-05,7.48634338E-05,-0.0007150688,0.00637956476,-0.00457763672,-0.0114135742,-0.00451847725,-0.0001299643,-0.000126509578,6.05055866E-05,0.002499789,0.0011164879,4.909806,0.06034354,0.157018766,0.05704201,0.000255169929,-0.000383429084,1.21062758E-05,0.002515301,0.00113643752,4.8859973,-0.02142334,-0.0158996582,0.05894549,2.71487916E-05,-7.899145E-05,0.00119445438,-0.00198580325,-0.00193124288,1.07426274,0.117918871,-0.1411438,0.0390510038,0.00383746414,0.0426480956,0.00131421164,-0.00182938576,-0.00243594847,1.05391049,-0.07366943,-0.118835449,0.0322639644,0.000635490345,0.0354114138,-0.550016165,2.1321528,2.73881,3.51421022
89,1.7799993693310656,369,0,0,0,0,0,-5.78255822E-05,0,-0.00114208786,-5.78255822E-05,0,-0.00114208786,1,0,0,1,1.15651119E-06,1.49011612E-08,2.28417484E-05,0,0,0,-0.0005375024,-0.00147593021,-0.000195486,-0.1505127,0.00808481,0.04611231,0.00180901377,-0.000178840972,0.00251489482,0.000289011339,4.351139E-05,-0.000818667642,0.025943337,0.0191401783,0.122919381,-0.00428440562,-0.000350163667,-0.00159289909,-2.71399349E-05,8.420646E-05,-0.000716093753,0.00637061428,-0.00457763672,-0.0114135742,-0.004522486,-0.000132851172,-0.000144172562,6.049659E-05,0.0025049,0.00111600943,4.90959167,0.0603391863,0.157017231,0.0568668135,0.0002563351,-0.000388017448,1.20987843E-05,0.002521515,0.00113705569,4.88594341,-0.02142334,-0.0158996582,0.0590256937,2.6063668E-05,-8.185018E-05,0.00119290012,-0.00198160112,-0.00193858624,1.07436585,0.117932156,-0.141113281,0.0391605124,0.00384943676,0.042660106,0.00131208613,-0.0018260628,-0.00243293657,1.05392158,-0.07369995,-0.118865967,0.03223035,0.0006398553,0.0353798456,-0.5500161,2.13215256,2.73881,3.51421022
90,1.799999362244898,374,0,0,0,0,0,-0.000114916016,0,-0.00114181289,-0.000114916016,0,-0.00114181289,1,0,0,1,2.29831949E-06,-5.96046448E-06,2.28362478E-05,0,0,0,-0.0005338076,-0.00148111582,-0.000195394,-0.1505127,0.008084637,0.0461133569,0.001809865,-0.000178893213,0.002488403,0.000291170349,3.40640545E-05,-0.00082726666,0.0259056073,0.0191402435,0.122927934,-0.00432634261,-0.00034830143,-0.00157578557,-2.46291984E-05,7.4878335E-05,-0.0007233937,0.00631655753,-0.00457763672,-0.0114135742,-0.004559766,-0.0001306854,-0.000128947024,5.93767254E-05,0.00250181556,0.00111750362,4.90971231,0.0603428558,0.157016143,0.0571235,0.000255674968,-0.00038170052,1.11920344E-05,0.00251966715,0.00113998482,4.88608646,-0.02142334,-0.0158996582,0.0592074431,3.28822571E-05,-7.43391E-05,0.00119348022,-0.00198254,-0.00192818209,1.074286,0.117921814,-0.1411438,0.0390134826,0.00383064034,0.0426068,0.00130928308,-0.00182461739,-0.00242594187,1.0537957,-0.07366943,-0.118865967,0.03214999,0.0006552053,0.035373006,-0.550016165,2.1321528,2.73881,3.51421022
91,1.8199993551587301,378,0,0,0,0,0,-5.77985265E-05,0,-0.00114168879,-5.77985265E-05,0,-0.00114168879,1,0,0,1,1.15597E-06,1.49011612E-08,2.28337667E-05,0,0,0,-0.0005372531,-0.00147631764,-0.000195460059,-0.1505127,0.008084257,0.0461136922,0.00180898653,-0.000179675815,0.00250463584,0.0002886232,4.34368849E-05,-0.00082527136,0.0258676838,0.019138379,0.122917876,-0.00431760866,-0.000350886054,-0.00159071758,-2.77362124E-05,8.414686E-05,-0.0007177458,0.006287898,-0.00457763672,-0.0114135742,-0.004530222,-0.000132956484,-0.000140931821,5.929375E-05,0.00250561535,0.0011194679,4.909694,0.0603392981,0.157017708,0.05704775,0.0002526606,-0.0003862357,1.11554891E-05,0.00252175331,0.00114017108,4.885994,-0.02142334,-0.0158996582,0.05903986,2.80110962E-05,-8.108906E-05,0.00119372969,-0.00198224187,-0.0019308402,1.07420492,0.11791344,-0.1411438,0.0390601866,0.00383522664,0.042632103,0.00131173513,-0.00182646513,-0.00243275845,1.05374193,-0.07366943,-0.118835449,0.0322320946,0.0006463962,0.03540169,-0.5500161,2.13215256,2.73881,3.51421022
92,1.8399993480725623,382,0,0,0,0,0,-0.000114971634,0,-0.00114174187,-0.000114971634,0,-0.00114174187,1,0,0,1,2.2994318E-06,-5.96046448E-06,2.2834829E-05,0,0,0,-0.000534234452,-0.0014808476,-0.000195346714,-0.1505127,0.008084698,0.0461106561,0.00180961564,-0.000178473958,0.00249743275,0.00029128397,3.40789557E-05,-0.0008215097,0.0258545633,0.0191390011,0.122927681,-0.00429725461,-0.000347857829,-0.00157654542,-2.49795376E-05,7.495284E-05,-0.0007199392,0.00625028368,-0.00457763672,-0.0114135742,-0.00454268558,-0.000129942273,-0.000127363528,5.972173E-05,0.00249961019,0.00111838838,4.909579,0.0603360049,0.157015726,0.0569580272,0.000255864521,-0.000382029277,1.16036772E-05,0.00252039731,0.00113833626,4.886021,-0.02142334,-0.0158996582,0.0591177046,3.130019E-05,-7.662421E-05,0.00119430991,-0.00198557973,-0.00193435466,1.074199,0.1179132,-0.141113281,0.03910351,0.00384342927,0.0426705964,0.001312156,-0.001824081,-0.00243182085,1.05372167,-0.073638916,-0.118804932,0.0322358236,0.000651916664,0.03542523,-0.550016165,2.1321528,2.73881,3.51421022
93,1.8599993409863944,387,0,0,0,0,0,-5.77262872E-05,0,-0.00114178087,-5.77262872E-05,0,-0.00114178087,1,0,0,1,1.15452531E-06,0,2.28356075E-05,0,0,0,-0.0005370569,-0.00147652626,-0.000195379034,-0.1505127,0.008084027,0.0461138636,0.00180834893,-0.000179769631,0.00250229938,0.0002885384,4.349649E-05,-0.0008233336,0.02583239,0.0191369355,0.1229168,-0.00430809939,-0.000351013965,-0.00159021758,-2.75115544E-05,8.416176E-05,-0.0007135182,0.00624823,-0.00457763672,-0.0114135742,-0.00450897729,-0.000133408583,-0.000141968412,5.95099264E-05,0.00250647962,0.00111824519,4.909579,0.06033489,0.157016724,0.0570389256,0.000254442159,-0.000387097185,1.20948389E-05,0.00251996517,0.00113731413,4.885828,-0.02142334,-0.0158996582,0.05894429,2.44268049E-05,-8.31750149E-05,0.0011938801,-0.001981765,-0.00193238782,1.07417572,0.11791233,-0.1411438,0.0390912853,0.00383753725,0.0426463261,0.00131428381,-0.00182916224,-0.00243732845,1.0537653,-0.07366943,-0.118835449,0.0322849229,0.000638014055,0.0354274437,-0.5500161,2.13215256,2.73881,3.51421022
94,1.8799993339002268,390,0,0,0,0,0,-0.00011498946,0,-0.00114174152,-0.00011498946,0,-0.00114174152,1,0,0,1,2.29978832E-06,-5.94556332E-06,2.28348217E-05,0,0,0,-0.0005342821,-0.00148050487,-0.000195309927,-0.1505127,0.008085045,0.0461094975,0.001809488,-0.000177752489,0.002500271,0.000290965341,3.412366E-05,-0.000824684044,0.0258029271,0.0191383846,0.122926608,-0.00431264425,-0.000347014837,-0.00157526555,-2.48625111E-05,7.493794E-05,-0.0007150311,0.00624100445,-0.00457763672,-0.0114135742,-0.00451856339,-0.000129405918,-0.000128291984,5.97837243E-05,0.00250113,0.00111847091,4.909565,0.060334824,0.157015264,0.05704388,0.0002550524,-0.000383302075,1.20332816E-05,0.00251710415,0.00113778526,4.885765,-0.02142334,-0.0158996582,0.0590259247,2.89993732E-05,-7.766678E-05,0.00119521038,-0.001984179,-0.00193176884,1.07412028,0.117898539,-0.1411438,0.0390773639,0.00383655773,0.0426665768,0.00131343817,-0.00182780623,-0.00243367,1.053799,-0.07366943,-0.118835449,0.0322432332,0.000641807739,0.0354151949,-0.550016165,2.1321528,2.73881,3.51421022
95,1.8999993268140589,395,0,0,0,0,0,-5.78019353E-05,0,-0.0011415435,-5.78019353E-05,0,-0.0011415435,1,0,0,1,1.15603825E-06,0,2.28308618E-05,0,0,0,-0.0005370845,-0.00147619843,-0.000195345,-0.1505127,0.008085356,0.04611243,0.00180827954,-0.000178928633,0.002505559,0.000288930984,4.349649E-05,-0.000824022,0.02577328,0.0191371869,0.122916058,-0.00431094132,-0.0003502314,-0.001592561,-2.71881945E-05,8.419156E-05,-0.0007220187,0.00619562,-0.00457763672,-0.0114440918,-0.004551817,-0.000132595829,-0.000143925412,5.97126855E-05,0.00250634551,0.00111827743,4.909546,0.060331814,0.157015279,0.0570416041,0.000254082319,-0.000386220927,1.13421174E-05,0.002524227,0.00114075234,4.885899,-0.02142334,-0.0158996582,0.05920638,3.15730576E-05,-7.96304957E-05,0.00119508232,-0.00198286772,-0.00193280191,1.074083,0.117895633,-0.1411438,0.03910659,0.00383783621,0.0426747352,0.00130954245,-0.00182449818,-0.00242709066,1.05366516,-0.07366943,-0.118835449,0.0321685039,0.000657602039,0.03539088,-0.5500161,2.13215256,2.73881,3.51421022
96,1.9199993197278911,399,0,0,0,0,0,-0.0001149841,0,-0.00114140427,-0.0001149841,0,-0.00114140427,1,0,0,1,2.299681E-06,-5.96046448E-06,2.28280769E-05,0,0,0,-0.000534121646,-0.00148077309,-0.000195276021,-0.1505127,0.008085105,0.0461094119,0.00180950179,-0.000179181865,0.00249637756,0.000291222939,3.412366E-05,-0.000824471063,0.0257423539,0.0191367883,0.122924931,-0.0043122964,-0.000348808564,-0.00157594786,-2.51490183E-05,7.492304E-05,-0.0007203064,0.00614958676,-0.00457763672,-0.0114135742,-0.004543975,-0.000130596221,-0.000126201427,6.03063236E-05,0.002501443,0.00111769431,4.909522,0.0603301749,0.157012165,0.0570418052,0.000254697283,-0.000383977516,1.08365057E-05,0.00251875818,0.001141239,4.885899,-0.02142334,-0.0158996582,0.0591275543,3.11850563E-05,-7.517684E-05,0.00119637977,-0.001984924,-0.00193291833,1.07404327,0.117887214,-0.141113281,0.03910528,0.0038379184,0.0426982753,0.00131175749,-0.00182692707,-0.00243060268,1.05356491,-0.073638916,-0.118804932,0.0322133936,0.0006548221,0.0354310945,-0.550016165,2.1321528,2.73881,3.51421022
97,1.9399993126417232,404,0,0,0,0,0,-5.772713E-05,0,-0.00114142685,-5.772713E-05,0,-0.00114142685,1,0,0,1,1.15454213E-06,0,2.2828528E-05,0,0,0,-0.0005370896,-0.00147661567,-0.000195329136,-0.1505127,0.008084582,0.04611287,0.00180824613,-0.000179649913,0.00250371848,0.0002888965,4.34666872E-05,-0.0008238764,0.025712952,0.0191350076,0.122913286,-0.00431039976,-0.0003507252,-0.00159223552,-2.75383063E-05,8.417666E-05,-0.0007160184,0.00613110233,-0.00457763672,-0.0114135742,-0.004521521,-0.000132820482,-0.0001420085,6.02034052E-05,0.0025061667,0.00111739174,4.909495,0.0603258647,0.157011762,0.0570395254,0.000253648148,-0.000387742853,1.133073E-05,0.00252221525,0.00113880285,4.885799,-0.02142334,-0.0158996582,0.05903251,2.70532182E-05,-8.093255E-05,0.00119595416,-0.00198408961,-0.00193372858,1.074017,0.11788401,-0.141113281,0.0391264632,0.003839544,0.04270077,0.00131373643,-0.00182789564,-0.00243582227,1.05356336,-0.073638916,-0.118804932,0.03227856,0.000648478454,0.0354556255,-0.5500161,2.13215256,2.73881,3.51421022
98,1.9599993055555556,407,0,0,0,0,0,-0.000115016745,0,-0.00114141335,-0.000115016745,0,-0.00114141335,1,0,0,1,2.300334E-06,-5.94556332E-06,2.28282588E-05,0,0,0,-0.0005341405,-0.00148047507,-0.000195241781,-0.1505127,0.008084947,0.04610868,0.00180926861,-0.000178468472,0.00249946932,0.0002913105,3.413856E-05,-0.000820758,0.0257026,0.0191355534,0.122921184,-0.00429342,-0.000347978435,-0.00157661561,-2.499182E-05,7.495284E-05,-0.000718912168,0.00609817449,-0.00457763672,-0.0114135742,-0.00453728531,-0.000130170156,-0.00012719979,6.033558E-05,0.00250016153,0.00111684983,4.90936232,0.060323853,0.157007247,0.05695317,0.000257048028,-0.000383607985,1.180883E-05,0.00251966715,0.001137525,4.88581,-0.02142334,-0.0158996582,0.0591139421,3.00115717E-05,-7.743617E-05,0.00119601772,-0.0019865185,-0.00193650043,1.07404435,0.11788924,-0.141082764,0.0391528569,0.00384614454,0.0427201241,0.00131371384,-0.00182653964,-0.00243339944,1.05355239,-0.073638916,-0.118774414,0.03225687,0.00065260753,0.0354626179,-0.550016165,2.1321528,2.73881,3.51421022
99,1.9799992984693877,410,0,0,0,0,0,-5.77518222E-05,0,-0.00114134245,-5.77518222E-05,0,-0.00114134245,1,0,0,1,1.155036E-06,0,2.282684E-05,0,0,0,-0.000536963,-0.001476571,-0.000195290108,-0.1505127,0.008083967,0.046112407,0.00180808175,-0.000180301809,0.00250301929,0.000288822077,4.34666872E-05,-0.00082237646,0.0256838128,0.0191332083,0.122910067,-0.00430340972,-0.000351346185,-0.00159146707,-2.71759418E-05,8.41319561E-05,-0.0007192107,0.0060628,-0.00457763672,-0.0114135742,-0.00453693653,-0.000133844849,-0.000143389843,5.94058038E-05,0.00250585377,0.00111774658,4.90934753,0.0603227578,0.1570092,0.0570362,0.0002545943,-0.000385787251,1.18984372E-05,0.002521053,0.00113834557,4.88580656,-0.02142334,-0.0158996582,0.0591170453,2.757423E-05,-8.137629E-05,0.00119483727,-0.00198420882,-0.00193333882,1.07403588,0.117892444,-0.141082764,0.03911664,0.00384036917,0.04268185,0.00131328392,-0.0018312633,-0.00243246555,1.0534724,-0.073638916,-0.118774414,0.0322310962,0.0006524864,0.0354577228,-0.5500161,2.13215256,2.73881,3.51421022
100,1.9999992913832199,413,0,0,0,0,0,-0.000114994691,0,-0.00114138715,-0.000114994691,0,-0.00114138715,1,0,0,1,2.299893E-06,-5.94556332E-06,2.28277331E-05,0,0,0,-0.0005341731,-0.00148050487,-0.00019522247,-0.1505127,0.008083779,0.04610849,0.00180930656,-0.00017888422,0.00249969,0.00029118557,3.4108758E-05,-0.000823358365,0.0256593823,0.01913354,0.122920632,-0.0043065683,-0.000348079484,-0.00157585577,-2.507695E-05,7.490814E-05,-0.000712201232,0.006062899,-0.00457763672,-0.0114135742,-0.004503581,-0.0001304022,-0.000126658226,5.95220736E-05,0.002500534,0.00111919537,4.90932226,0.060323406,0.157008931,0.0570433848,0.000255653053,-0.000381772261,1.19332626E-05,0.00251719356,0.001137874,4.885596,-0.02142334,-0.0158996582,0.05894374,2.70593773E-05,-7.828192E-05,0.00119571935,-0.00198607147,-0.00193207443,1.0739882,0.117886081,-0.141113281,0.03909158,0.00383825623,0.04268834,0.00131575484,-0.00182892382,-0.00243942,1.05356038,-0.073638916,-0.118774414,0.03232417,0.00064198114,0.0354743041,-0.550016165,2.1321528,2.73881,3.51421022
101,2.019999284297052,417,0,0,0,0,0,-5.773659E-05,0,-0.00114127866,-5.773659E-05,0,-0.00114127866,1,0,0,1,1.15473131E-06,0,2.28255631E-05,0,0,0,-0.000537039654,-0.00147658587,-0.000195280445,-0.1505127,0.008083915,0.046112407,0.0018078303,-0.000179089882,0.002504095,0.000288584153,4.349649E-05,-0.00082266453,0.0256363284,0.019132819,0.122910388,-0.00430404535,-0.0003498665,-0.00159087183,-2.71786557E-05,8.419156E-05,-0.000720346346,0.00602682959,-0.00457763672,-0.0114440918,-0.00454327744,-0.000132493573,-0.000143965459,5.93161349E-05,0.00250639021,0.00111957476,4.909295,0.0603213422,0.157010153,0.057042487,0.0002537607,-0.00038624357,1.18037151E-05,0.002524227,0.00113894907,4.88572,-0.02142334,-0.0158996582,0.0591981336,2.97416427E-05,-8.096393E-05,0.00119570876,-0.00198353827,-0.00193314441,1.07395363,0.117878847,-0.141113281,0.03912199,0.00383854657,0.04269476,0.00131205388,-0.00182652473,-0.002430075,1.05348253,-0.073638916,-0.118804932,0.03221347,0.0006583497,0.0354482941,-0.5500161,2.13215256,2.73881,3.51421022
102,2.0399992772108844,422,0,0,0,0,0,-0.00011500829,0,-0.00114112685,-0.00011500829,0,-0.00114112685,1,0,0,1,2.30016485E-06,-5.94556332E-06,2.2822529E-05,0,0,0,-0.0005340658,-0.00148049,-0.000195223649,-0.1505127,0.008083717,0.04610817,0.00180909038,-0.000179045746,0.00249956758,0.000291053148,3.413856E-05,-0.000823081646,0.0256117154,0.0191325583,0.122920245,-0.004305376,-0.00034875414,-0.00157500419,-2.495111E-05,7.490814E-05,-0.0007191015,0.00598614942,-0.00457763672,-0.0114135742,-0.00453765132,-0.000130780492,-0.000127041189,5.976692E-05,0.00250151753,0.00111896486,4.909263,0.06031973,0.157008052,0.0570423938,0.00025460546,-0.000383020029,1.12428779E-05,0.00251798332,0.00114071066,4.885703,-0.02142334,-0.0158996582,0.05912402,3.07409246E-05,-7.57147E-05,0.00119694869,-0.00198562443,-0.00193322985,1.07391191,0.117870376,-0.141113281,0.0391219445,0.0038386893,0.0427182764,0.00131312874,-0.00182968378,-0.00243223342,1.053393,-0.0736084,-0.1187439,0.0322335,0.000655817857,0.0354672149,-0.5500161,2.1321528,2.73881,3.51421022
103,2.0599992701247163,426,0,0,0,0,0,-5.7755642E-05,0,-0.00114117831,-5.7755642E-05,0,-0.00114117831,1,0,0,1,1.15511239E-06,0,2.28235567E-05,0,0,0,-0.000537033542,-0.00147652626,-0.000195276167,-0.1505127,0.008083063,0.04611247,0.00180805358,-0.00018000901,0.00250246166,0.0002887907,4.34666872E-05,-0.00082252227,0.02558827,0.0191306248,0.122909442,-0.004303767,-0.0003508914,-0.00159152725,-2.73959686E-05,8.419156E-05,-0.0007146162,0.005974079,-0.00457763672,-0.0114135742,-0.004514134,-0.000133176218,-0.000142496923,5.9852835E-05,0.00250568986,0.0011186623,4.909229,0.060315907,0.157007948,0.05704007,0.000253887585,-0.0003870922,1.15004777E-05,0.00252193213,0.00113950321,4.885589,-0.02142334,-0.0158996582,0.05903163,2.70894743E-05,-8.09669946E-05,0.00119656231,-0.00198566914,-0.00193389226,1.07388115,0.117868334,-0.141113281,0.03913896,0.0038406346,0.04272225,0.001313705,-0.00183089077,-0.00243744068,1.05338871,-0.0736084,-0.118774414,0.03231553,0.000650070957,0.03545898,-0.5500161,2.13215256,2.73881,3.51421022
104,2.0799992630385487,432,0,0,0,0,0,-0.000114995739,0,-0.00114111,-0.000114995739,0,-0.00114111,1,0,0,1,2.29991383E-06,-5.96046448E-06,2.282219E-05,0,0,0,-0.0005342261,-0.00148049,-0.000195211,-0.1505127,0.008083286,0.04610868,0.00180892111,-0.000178691815,0.00249973335,0.0002911775,3.413856E-05,-0.0008230294,0.02556416,0.019131355,0.1229181,-0.00430464325,-0.00034776848,-0.00157598127,-2.4996094E-05,7.493794E-05,-0.0007172514,0.00594859337,-0.00457763672,-0.0114135742,-0.00452880235,-0.000129982858,-0.000127167,6.015889E-05,0.002501279,0.00111821212,4.909192,0.0603153519,0.1570047,0.0570406578,0.000255912018,-0.00038358703,1.14420427E-05,0.002518773,0.001139119,4.885589,-0.02142334,-0.0158996582,0.0591146275,2.980393E-05,-7.64328652E-05,0.00119766966,-0.00198680162,-0.00193401682,1.0738517,0.1178632,-0.141113281,0.03913902,0.00384018477,0.0427400842,0.00131363235,-0.00183027983,-0.00243431539,1.05337036,-0.0736084,-0.118774414,0.03227738,0.0006552329,0.0354718938,-0.550016165,2.1321528,2.73881,3.51421022
105,2.099999255952381,439,0,0,0,0,0,-5.774441E-05,0,-0.00114093022,-5.774441E-05,0,-0.00114093022,1,0,0,1,1.15488774E-06,1.49011612E-08,2.28185963E-05,0,0,0,-0.0005370241,-0.001476571,-0.000195267814,-0.1505127,0.008083005,0.0461125746,0.00180800213,-0.000179402123,0.00250325748,0.000288768439,4.35262918E-05,-0.000825980969,0.0255210381,0.0191299412,0.122907162,-0.00432072673,-0.0003504745,-0.00159161736,-2.75436869E-05,8.422136E-05,-0.000717703835,0.00592008559,-0.00457763672,-0.0114135742,-0.004529651,-0.000132706715,-0.0001419406,6.016333E-05,0.00250826776,0.00111804449,4.90925169,0.0603135675,0.157005474,0.05712492,0.000252795871,-0.0003880313,1.14352479E-05,0.00252342224,0.00113963487,4.88557625,-0.02142334,-0.0158996582,0.05911743,2.89656182E-05,-8.12447252E-05,0.00119815068,-0.00198334455,-0.001932292,1.07378662,0.117849991,-0.141113281,0.03913627,0.00383407553,0.0427352749,0.00131272036,-0.00182959437,-0.00243499666,1.05331993,-0.0736084,-0.118774414,0.0322918631,0.000656815362,0.03546095,-0.5500161,2.13215256,2.73881,3.51421022
106,2.1199992488662129,445,0,0,0,0,0,-0.000114998147,0,-0.000912169,-0.000114998147,0,-0.000912169,1,0,0,1,2.299962E-06,-5.96046448E-06,1.82433723E-05,0,0,0,-0.00053416274,-0.00148046017,-0.000209271326,-0.15057373,0.00808352,0.04610856,0.0017708668,-0.000178622446,0.00249960157,0.000291401346,3.40789557E-05,-0.0008331488,0.0255807266,0.0191303212,0.1229153,-0.00424116524,-0.000348288129,-0.00157655647,-2.50590911E-05,7.4878335E-05,-0.0007308282,0.00596072152,-0.00457763672,-0.0114135742,-0.004481949,-0.000131254346,-0.0001266168,6.05874448E-05,0.00249870121,0.00111908,4.909113,0.06030839,0.157000318,0.0569867678,0.000256260362,-0.0003840297,1.130285E-05,0.0025190413,0.00114104024,4.88558149,-0.02142334,-0.0158996582,0.05914957,2.93273042E-05,-7.630668E-05,0.00119830563,-0.00199179351,-0.00193653163,1.07378542,0.117854275,-0.141082764,0.03917202,0.00384812779,0.0427829251,0.00131321768,-0.00183202326,-0.00243479782,1.05328071,-0.0736084,-0.1187439,0.0322973356,0.000658062,0.0354719833,-0.550016165,2.1321528,2.73881,3.51421022
107,2.1399992417800453,452,0,0,0,0,0,-5.7724752E-05,0,-0.00114017352,-5.7724752E-05,0,-0.00114017352,1,0,0,1,1.15449461E-06,1.49011612E-08,2.28034623E-05,0,0,0,-0.0005370155,-0.00147563219,-0.000196741079,-0.15057373,0.00808290951,0.04611237,0.00180852669,-0.000180100265,0.00250289962,0.0002886232,4.351139E-05,-0.0008269268,0.02553678,0.0191283245,0.122903161,-0.004325389,-0.000351008377,-0.00159070082,-2.75318362E-05,8.422136E-05,-0.0007198292,0.00592161436,-0.00457763672,-0.0114135742,-0.00453961035,-0.00013294816,-0.000141764845,5.96343525E-05,0.00250795484,0.00111865171,4.909179,0.0603080355,0.157001585,0.0571299829,0.000252456957,-0.000387171516,1.13485958E-05,0.00252325833,0.00113984814,4.88555765,-0.02142334,-0.0158996582,0.059125118,2.96594335E-05,-8.09810153E-05,0.00119825127,-0.001984343,-0.00193176232,1.07370973,0.117840774,-0.141113281,0.03913286,0.00383396563,0.04273998,0.00131200231,-0.0018324703,-0.00243587676,1.05320036,-0.07357788,-0.1187439,0.03232189,0.0006601749,0.0354563035,-0.5500161,2.13215256,2.73881,3.51421022
108,2.1599992346938777,459,0,0,0,0,0,-0.000115007744,0,-0.00114438159,-0.000115007744,0,-0.00114438159,1,0,0,1,2.300154E-06,-5.94556332E-06,2.28876233E-05,0,0,0,-0.0005341986,-0.00148046017,-0.0001955507,-0.15057373,0.008083207,0.0461085774,0.00180991238,-0.0001787894,0.00249977433,0.000291316828,3.4108758E-05,-0.000824262446,0.0255008172,0.0191289186,0.122912593,-0.004312456,-0.000347928319,-0.00157671538,-2.51439833E-05,7.492304E-05,-0.0007187079,0.005882296,-0.00457763672,-0.0114135742,-0.00453770161,-0.0001295435,-0.000126404833,6.01827633E-05,0.00250092149,0.0011161255,4.90911865,0.06030464,0.156999022,0.0570397861,0.000255059451,-0.0003830715,1.12123262E-05,0.00251849,0.00113644684,4.88553143,-0.02142334,-0.0158996582,0.0591128431,2.88099945E-05,-7.636756E-05,0.00119916024,-0.00198926032,-0.00193547388,1.07367229,0.1178346,-0.141082764,0.0391748063,0.00384334917,0.0427881256,0.00131347089,-0.00183556974,-0.00243831915,1.05318666,-0.07357788,-0.118713379,0.0323661827,0.0006566452,0.0354690626,-0.550016165,2.1321528,2.73881,3.51421022
109,2.1799992276077096,467,0,0,0,0,0,-5.77284045E-05,0,-0.000912054733,-5.77284045E-05,0,-0.000912054733,1,0,0,1,1.1545676E-06,0,1.82410877E-05,0,0,0,-0.0005369779,-0.00147651136,-0.0002097146,-0.150604248,0.00808262,0.0461124368,0.00177109207,-0.000179888972,0.002503126,0.0002887657,4.351139E-05,-0.0008358276,0.0255458411,0.0191267468,0.122901052,-0.004256164,-0.000351270864,-0.00159088732,-2.72895741E-05,8.422136E-05,-0.000731562264,0.005921129,-0.00457763672,-0.0114135742,-0.004483972,-0.000134384245,-0.000142771853,6.02228429E-05,0.00250659883,0.00111667649,4.909086,0.06030172,0.1569978,0.0570644066,0.0002557626,-0.0003881409,1.14926388E-05,0.00252379477,0.00113714673,4.885523,-0.02142334,-0.0158996582,0.0591415167,2.73719852E-05,-8.06911557E-05,0.00119832531,-0.00198724866,-0.00193621777,1.07369328,0.117843419,-0.141082764,0.03919754,0.00384432077,0.04278025,0.00131223782,-0.00183461607,-0.00243914127,1.05318224,-0.07357788,-0.118713379,0.03238416,0.000658071949,0.03545052,-0.5500161,2.13215256,2.73881,3.51421022
110,2.199999220521542,474,0,0,0,0,0,-0.000114996736,0,-0.00114005886,-0.000114996736,0,-0.00114005886,1,0,0,1,2.29993384E-06,-5.94556332E-06,2.28011686E-05,0,0,0,-0.0005341688,-0.00148050487,-0.000197195157,-0.150604248,0.008082766,0.04610859,0.00181113812,-0.000179100229,0.00249964581,0.000291402015,3.4108758E-05,-0.000825349533,0.0255095381,0.0191271324,0.12291,-0.0043160147,-0.00034813353,-0.00157696207,-2.51743531E-05,7.493794E-05,-0.0007206403,0.005873804,-0.00457763672,-0.0114135742,-0.00454495661,-0.000129922453,-0.0001260484,6.005245E-05,0.00250132382,0.001116278,4.909029,0.0603017919,0.156995758,0.0570438765,0.000254750863,-0.000382476,1.14542663E-05,0.00251829624,0.001136659,4.885485,-0.02142334,-0.0158996582,0.0591196865,2.95982154E-05,-7.72093845E-05,0.00119901844,-0.00198845565,-0.001935174,1.07366168,0.117831811,-0.141052246,0.0391725,0.00384241855,0.0427826568,0.001313003,-0.00183647871,-0.00243808958,1.05314267,-0.07357788,-0.118713379,0.03236591,0.0006581866,0.0354651548,-0.550016165,2.1321528,2.73881,3.51421022
111,2.2199992134353739,481,0,0,0,0,0,-5.77330866E-05,0,-0.0011442008,-5.77330866E-05,0,-0.0011442008,1,0,0,1,1.15466128E-06,0,2.28840072E-05,0,0,0,-0.0005370177,-0.00147654116,-0.000196143941,-0.150604248,0.008082206,0.04611256,0.00181119563,-0.0001797239,0.00250319764,0.000288671,4.34666872E-05,-0.000829929952,0.0254418328,0.0191256087,0.122899093,-0.004342182,-0.000350548245,-0.00159112737,-2.75375369E-05,8.420646E-05,-0.0007188123,0.005836004,-0.00457763672,-0.0114135742,-0.00453674747,-0.000132444242,-0.000141900717,5.946548E-05,0.002507925,0.00111549161,4.909179,0.0602999441,0.1569984,0.05720665,0.000252863974,-0.000386411557,1.14880995E-05,0.00252337754,0.00113468955,4.88545036,-0.02142334,-0.0158996582,0.0591087341,2.701746E-05,-8.154364E-05,0.001199258,-0.001986906,-0.00193078187,1.07354856,0.117818832,-0.141113281,0.039132867,0.00383334816,0.04276566,0.0013126079,-0.00183580816,-0.00244055735,1.05314624,-0.07357788,-0.118713379,0.0324099772,0.0006567885,0.0354523323,-0.5500161,2.13215256,2.73881,3.51421022
112,2.2399992063492062,489,0,0,0,0,0,-0.000114991963,0,-0.0009119718,-0.000114991963,0,-0.0009119718,1,0,0,1,2.29983834E-06,-5.96046448E-06,1.82394288E-05,0,0,0,-0.000534185849,-0.00148047507,-0.000210223312,-0.150634766,0.008083161,0.04610856,0.00177420361,-0.000178041926,0.002499952,0.0002911675,3.413856E-05,-0.0008347011,0.0254889019,0.019126758,0.122908346,-0.004248423,-0.0003475139,-0.00157571759,-2.50217017E-05,7.495284E-05,-0.000728089246,0.005890144,-0.00457763672,-0.0114135742,-0.00446849456,-0.000130420944,-0.000127090112,6.039873E-05,0.00250063837,0.00111575692,4.90901,0.06029587,0.156993687,0.05698357,0.0002565344,-0.0003840804,1.15531575E-05,0.00251783431,0.00113620691,4.88533258,-0.02142334,-0.0158996582,0.0590534955,2.71204E-05,-7.702762E-05,0.00119998818,-0.00199054182,-0.00193963619,1.07359481,0.117821991,-0.141052246,0.0392439626,0.00385109545,0.042835895,0.00131411408,-0.001837343,-0.00244227541,1.05321836,-0.0736084,-0.118713379,0.0324227028,0.000650870963,0.03546281,-0.550016165,2.1321528,2.73881,3.51421022
113,2.2599991992630386,495,0,0,0,0,0,-5.7752437E-05,0,-0.00113986654,-5.7752437E-05,0,-0.00113986654,1,0,0,1,1.15504827E-06,0,2.27973214E-05,0,0,0,-0.0005370136,-0.00147560239,-0.000197808782,-0.150634766,0.008083295,0.0461122841,0.00181301008,-0.000179479568,0.0025029385,0.0002885515,4.3451786E-05,-0.000830881239,0.0254208315,0.0191256013,0.122895978,-0.00434453133,-0.000350186223,-0.00159073842,-2.73967325E-05,8.419156E-05,-0.0007226606,0.005837651,-0.00457763672,-0.0114135742,-0.00455404446,-0.000132137066,-0.000142786375,5.942443E-05,0.00250783563,0.00111558323,4.90915728,0.06029643,0.156993881,0.0572104044,0.000253678183,-0.0003867223,1.15605271E-05,0.00252494216,0.00113740866,4.885411,-0.02142334,-0.0158996582,0.0592036247,3.14921563E-05,-8.107522E-05,0.001199774,-0.00198785961,-0.001930797,1.07348239,0.117808595,-0.141082764,0.0391408168,0.00383364945,0.0427805781,0.00131113129,-0.00183209777,-0.00243527535,1.053139,-0.07357788,-0.118713379,0.0323325768,0.000664679566,0.03544974,-0.5500161,2.13215256,2.73881,3.51421022
114,2.2799991921768705,503,0,0,0,0,0,-0.000115027433,0,-0.00114405062,-0.000115027433,0,-0.00114405062,1,0,0,1,2.30054775E-06,-5.94556332E-06,2.28810022E-05,0,0,0,-0.000534202263,-0.00148043036,-0.000196658351,-0.150634766,0.008083987,0.04610846,0.00181468762,-0.000178203423,0.00249971,0.0002912814,3.415346E-05,-0.0008253984,0.0253734142,0.0191265773,0.122905187,-0.00431766035,-0.000347529247,-0.0015767857,-2.50576868E-05,7.493794E-05,-0.0007191046,0.005791968,-0.00457763672,-0.0114135742,-0.00453978358,-0.000129046515,-0.0001270399,6.03519547E-05,0.00250229239,0.00111314619,4.909063,0.0602937639,0.156989932,0.0570365265,0.000255210762,-0.000383533363,1.11165009E-05,0.00251801312,0.00113650353,4.885364,-0.02142334,-0.0158996582,0.05911516,2.97604456E-05,-7.57928E-05,0.00120120356,-0.00198923051,-0.00193857634,1.07348585,0.1178014,-0.141052246,0.0392448753,0.0038467925,0.042849265,0.00131291174,-0.00183771551,-0.00243912777,1.05310965,-0.07357788,-0.118682861,0.032384038,0.0006582833,0.035464745,-0.5500161,2.1321528,2.73881,3.51421022
115,2.2999991850907029,510,0,0,0,0,0,-5.77458522E-05,0,-0.0009119055,-5.77458522E-05,0,-0.0009119055,1,0,0,1,1.15491662E-06,0,1.82381027E-05,0,0,0,-0.0005369572,-0.00147651136,-0.000210816157,-0.150665283,0.008083623,0.04611227,0.00177564868,-0.000179812967,0.00250307587,0.000289019139,4.349649E-05,-0.000832355,0.0254352037,0.019124575,0.122893885,-0.004238611,-0.000351084454,-0.001592245,-2.752466E-05,8.419156E-05,-0.0007308797,0.005832993,-0.00457763672,-0.0114135742,-0.00448059151,-0.000134397735,-0.000141672572,6.04557936E-05,0.00250443816,0.00111353246,4.908906,0.06028926,0.156989887,0.0569709875,0.000258283,-0.000387630222,1.13883707E-05,0.00252333283,0.0011376515,4.885347,-0.02142334,-0.0158996582,0.05914172,2.66762436E-05,-8.12820945E-05,0.00119886664,-0.00199194252,-0.00194120267,1.07359171,0.11782977,-0.141021729,0.03927381,0.00385674,0.04284047,0.0013121668,-0.001836881,-0.00244005141,1.05310273,-0.07357788,-0.118713379,0.032407295,0.0006587489,0.0354494974,-0.5500161,2.13215256,2.73881,3.51421022
116,2.3199991780045353,517,0,0,0,0,0,-0.000115008334,0,-0.001139782,-0.000115008334,0,-0.001139782,1,0,0,1,2.30016576E-06,-5.94556332E-06,2.27956316E-05,0,0,0,-0.000534147432,-0.00148047507,-0.000198270485,-0.150665283,0.008083699,0.0461082421,0.00181593921,-0.000179186,0.00249966,0.000291055534,3.413856E-05,-0.00083094294,0.0253698546,0.0191252455,0.1229022,-0.004343642,-0.000347855,-0.0015753943,-2.499528E-05,7.498264E-05,-0.0007198258,0.005789449,-0.00457763672,-0.0114135742,-0.0045408993,-0.000129821812,-0.000127070351,5.910699E-05,0.002504602,0.001115463,4.90905142,0.06029495,0.156988487,0.05721087,0.000253941573,-0.0003811426,1.12733242E-05,0.00251896679,0.00113737688,4.885303,-0.02142334,-0.0158996582,0.0591200255,2.98910418E-05,-7.60536641E-05,0.00120009028,-0.00198625028,-0.00193089177,1.07349837,0.117803477,-0.141052246,0.03913925,0.00383196352,0.0427772328,0.00131261931,-0.001836881,-0.002439146,1.05307233,-0.07357788,-0.118682861,0.0323941819,0.00066041766,0.03546426,-0.550016165,2.1321528,2.73881,3.51421022
117,2.3399991709183672,524,0,0,0,0,0,-5.775172E-05,0,-0.001144025,-5.775172E-05,0,-0.001144025,1,0,0,1,1.15503394E-06,0,2.28804911E-05,0,0,0,-0.0005370706,-0.00147655606,-0.000197196845,-0.150634766,0.008083995,0.0461123846,0.00181561161,-0.000178862538,0.00250341278,0.0002885246,4.34666872E-05,-0.000824179,0.0253270268,0.0191247687,0.122891873,-0.004312747,-0.000349563779,-0.00159085786,-2.76061182E-05,8.417666E-05,-0.000717950636,0.005754983,-0.00457763672,-0.0114135742,-0.00453288155,-0.000131587483,-0.000141992219,5.96055725E-05,0.00250583887,0.00111457473,4.908956,0.0602902733,0.15698868,0.0570370853,0.000255019928,-0.0003869236,1.15792136E-05,0.00252304971,0.00113536615,4.885263,-0.02142334,-0.0158996582,0.05910889,2.82873934E-05,-8.190112E-05,0.00119986013,-0.00198951364,-0.00193762057,1.07349479,0.117806971,-0.141052246,0.0392329842,0.00384724326,0.0428286269,0.00131230778,-0.00183755159,-0.0024414272,1.05307364,-0.07357788,-0.118713379,0.03243079,0.0006580858,0.035450276,-0.5500161,2.13215256,2.73881,3.51421022
118,2.3599991638321995,531,0,0,0,0,0,-0.000115036484,0,-0.0009116822,-0.000115036484,0,-0.0009116822,1,0,0,1,2.30072874E-06,-5.94556332E-06,1.82336371E-05,0,0,0,-0.000534160237,-0.00148044527,-0.000211207487,-0.1506958,0.008084842,0.0461083762,0.00177906116,-0.000178271279,0.00249962579,0.000291223463,3.40938568E-05,-0.0008388929,0.0253543723,0.0191257354,0.122901969,-0.004269344,-0.000347731722,-0.00157594483,-2.47904336E-05,7.493794E-05,-0.0007308466,0.005793532,-0.00457763672,-0.0114135742,-0.00448203227,-0.0001308643,-0.000128135318,5.9592563E-05,0.002502054,0.00111613679,4.909004,0.06029152,0.156987742,0.0571494,0.000256704283,-0.0003816871,1.14599907E-05,0.00251914561,0.00113710249,4.88524246,-0.02142334,-0.0158996582,0.059140835,2.80092972E-05,-7.593491E-05,0.00120059249,-0.00199128687,-0.00193443266,1.07345474,0.117804579,-0.141052246,0.03918757,0.00384186534,0.042824287,0.00131304027,-0.00183786452,-0.00244038715,1.05309069,-0.07357788,-0.118682861,0.0324172936,0.000658779347,0.0354648046,-0.550016165,2.1321528,2.73881,3.51421022
119,2.3799991567460315,539,0,0,0,0,0,-5.77652136E-05,0,-0.001139662,-5.77652136E-05,0,-0.001139662,1,0,0,1,1.15530383E-06,1.49011612E-08,2.279323E-05,0,0,0,-0.0005370831,-0.00147561729,-0.000198742026,-0.150665283,0.008085321,0.04611234,0.00181692385,-0.000179065362,0.0025031066,0.000288356474,4.34666872E-05,-0.000827902462,0.02529614,0.0191251636,0.122890569,-0.00432913471,-0.000349674432,-0.00159007462,-2.72621328E-05,8.417666E-05,-0.0007193079,0.00575451553,-0.00457763672,-0.0114135742,-0.00453752046,-0.000131682653,-0.000143729325,5.94054327E-05,0.002507165,0.00111669872,4.909015,0.06028966,0.156988233,0.05712999,0.0002531988,-0.000387132866,1.1689146E-05,0.0025229007,0.00113749166,4.88519669,-0.02142334,-0.0158996582,0.0591190457,2.91871529E-05,-8.101342E-05,0.001200763,-0.001989156,-0.00193419214,1.07337,0.117791466,-0.141082764,0.0391972922,0.00383985043,0.0428255722,0.001312013,-0.00183737278,-0.00243982649,1.05304408,-0.07357788,-0.118713379,0.03240753,0.0006600886,0.0354505256,-0.5500161,2.13215256,2.73881,3.51421022
120,2.3999991496598638,544,0,0,0,0,0,-0.0001150413,0,-0.00114404841,-0.0001150413,0,-0.00114404841,1,0,0,1,2.30082514E-06,-5.96046448E-06,2.28809586E-05,0,0,0,-0.0005341841,-0.00148046017,-0.000197478963,-0.150665283,0.008085917,0.046108447,0.00181864935,-0.000178434959,0.00249972148,0.000291216653,3.40789557E-05,-0.000819807639,0.0252804011,0.0191260334,0.122900613,-0.004289742,-0.00034762267,-0.00157644274,-2.49419973E-05,7.490814E-05,-0.0007178444,0.005718472,-0.00457763672,-0.0114135742,-0.004533446,-0.000129630323,-0.00012758463,6.01367465E-05,0.00249895453,0.00111377751,4.908821,0.06028601,0.156986386,0.05694653,0.0002580869,-0.00038292227,1.16476267E-05,0.00251868367,0.00113573414,4.88515425,-0.02142334,-0.0158996582,0.0591100529,2.95919162E-05,-7.690871E-05,0.00120047713,-0.00199480355,-0.00194106821,1.07343125,0.117804274,-0.141021729,0.0392736644,0.00385691063,0.0428740345,0.0013129377,-0.00183853507,-0.0024411967,1.05305791,-0.07357788,-0.118682861,0.03243036,0.000658794947,0.03546379,-0.550016165,2.1321528,2.73881,3.51421022
121,2.4199991425736962,551,0,0,0,0,0,-5.773254E-05,0,-0.000911626732,-5.773254E-05,0,-0.000911626732,1,0,0,1,1.15465036E-06,0,1.82325275E-05,0,0,0,-0.000536905543,-0.00147651136,-0.000211591716,-0.1506958,0.008084787,0.0461122356,0.00177932659,-0.000180594521,0.00250308076,0.000288762269,4.35262918E-05,-0.000833415834,0.0253392346,0.019123219,0.122890636,-0.00424434943,-0.00035197055,-0.00159060163,-2.73732039E-05,8.417666E-05,-0.0007371319,0.00572481332,-0.00457763672,-0.0114135742,-0.004511214,-0.000135592447,-0.00014201818,5.919372E-05,0.00250676274,0.00111587427,4.90878,0.0602867641,0.156988591,0.05705697,0.0002569877,-0.000385134976,1.124045E-05,0.00252486765,0.00113862986,4.8853364,-0.02142334,-0.0158996582,0.0593153648,2.87179009E-05,-8.03254443E-05,0.00119868875,-0.001988709,-0.001937981,1.07350719,0.117822193,-0.141021729,0.03924106,0.00384872966,0.0428130031,0.001309904,-0.00183784962,-0.00243470212,1.05292022,-0.07354736,-0.118682861,0.03235403,0.000672158145,0.0354460366,-0.5500161,2.13215256,2.73881,3.51421022
122,2.4399991354875281,557,0,0,0,0,0,-0.000114978728,0,-0.00113951,-0.000114978728,0,-0.00113951,1,0,0,1,2.29957368E-06,-5.94556332E-06,2.2790191E-05,0,0,0,-0.000534137769,-0.00148049,-0.000199001835,-0.1506958,0.008084216,0.04610835,0.00181919627,-0.000179767056,0.002499644,0.0002907671,3.412366E-05,-0.00083048275,0.0252729133,0.0191232134,0.12290132,-0.004341553,-0.000348539033,-0.00157374528,-2.50653284E-05,7.496774E-05,-0.0007175747,0.005685471,-0.00457763672,-0.0114135742,-0.004529191,-0.00013030674,-0.000126473256,5.88391267E-05,0.00250455737,0.00111790816,4.90891266,0.06029068,0.156988934,0.0572170727,0.000252104219,-0.000381354184,1.11333848E-05,0.00251831114,0.0011373047,4.885153,-0.02142334,-0.0158996582,0.0590385,2.88861647E-05,-7.598609E-05,0.00120086456,-0.0019864738,-0.00193027849,1.073385,0.117789172,-0.141052246,0.0391387977,0.00383028924,0.04279,0.00131304422,-0.00184074044,-0.00244502025,1.05293214,-0.07354736,-0.118652344,0.0324976146,0.0006586751,0.0354677625,-0.550016165,2.1321528,2.73881,3.51421022
123,2.4599991284013605,562,0,0,0,0,0,-5.77292449E-05,0,-0.001143729,-5.77292449E-05,0,-0.001143729,1,0,0,1,1.15458442E-06,1.49011612E-08,2.287457E-05,0,0,0,-0.000537093263,-0.001476571,-0.000197835543,-0.150665283,0.008084428,0.04611255,0.00181864423,-0.000178920163,0.00250371522,0.00028841375,4.349649E-05,-0.0008266652,0.0252149478,0.01912295,0.122891471,-0.00432489,-0.000349399721,-0.00159044308,-2.75813945E-05,8.414686E-05,-0.0007201066,0.00563968671,-0.00457763672,-0.0114135742,-0.00454361131,-0.000131324327,-0.000142217541,5.970601E-05,0.00250712037,0.00111599779,4.90891266,0.0602857657,0.156988814,0.0571249053,0.000253024,-0.000387651962,1.15009261E-05,0.00252267718,0.00113433355,4.88521147,-0.02142334,-0.0158996582,0.05918916,2.858929E-05,-8.164077E-05,0.00120189786,-0.00198984146,-0.00193546666,1.07330787,0.1177781,-0.141082764,0.03922169,0.003841359,0.0428546667,0.00131127366,-0.00184342265,-0.00244098832,1.052886,-0.07354736,-0.118682861,0.03245262,0.0006632903,0.0354400277,-0.5500161,2.13215256,2.73881,3.51421022
124,2.4799991213151928,568,0,0,0,0,0,-0.000115026793,0,-0.000911336159,-0.000115026793,0,-0.000911336159,1,0,0,1,2.300535E-06,-5.96046448E-06,1.82267158E-05,0,0,0,-0.0005340942,-0.00148043036,-0.000211764243,-0.1506958,0.00808484,0.0461083539,0.00178145908,-0.000178839662,0.00249952823,0.000291237142,3.412366E-05,-0.0008355801,0.0252557155,0.0191231091,0.122900248,-0.0042530084,-0.000348573667,-0.001575771,-2.47208172E-05,7.495284E-05,-0.0007347576,0.00565268472,-0.00457763672,-0.0114135742,-0.00450103171,-0.0001314258,-0.0001281814,6.02810542E-05,0.00250123441,0.0011158355,4.908835,0.0602814965,0.15698494,0.0570642054,0.0002566131,-0.000383564242,1.134064E-05,0.00252154469,0.00113661366,4.885266,-0.02142334,-0.0158996582,0.0592282973,2.996678E-05,-7.535312E-05,0.00120216061,-0.00199356675,-0.00193860172,1.07331729,0.117784679,-0.141021729,0.03925944,0.00384952244,0.0428872555,0.00131144165,-0.00183880329,-0.00244094455,1.05287087,-0.07354736,-0.118652344,0.0324629135,0.000669088855,0.035465546,-0.550016165,2.1321528,2.73881,3.51421022
125,2.4999991142290248,574,0,0,0,0,0,-5.7759964E-05,0,-0.0011395195,-5.7759964E-05,0,-0.0011395195,1,0,0,1,1.15519879E-06,0,2.279038E-05,0,0,0,-0.000536991458,-0.00147560239,-0.000199256436,-0.1506958,0.008084077,0.04611227,0.00181920629,-0.000180473871,0.002503003,0.0002888537,4.348159E-05,-0.000822984031,0.02522578,0.019121049,0.122888416,-0.004305377,-0.000351059367,-0.00159190735,-2.72410289E-05,8.417666E-05,-0.0007164976,0.005624176,-0.00457763672,-0.0114135742,-0.004522539,-0.00013309608,-0.000143133424,5.980597E-05,0.00250501931,0.00111550267,4.90874624,0.06027927,0.156985208,0.05703734,0.000255158229,-0.000386493077,1.18449789E-05,0.00252191722,0.00113537535,4.885084,-0.02142334,-0.0158996582,0.059030477,2.629013E-05,-8.161672E-05,0.00120082183,-0.0019928962,-0.00193798868,1.07331884,0.1177907,-0.141021729,0.0392500944,0.00384975015,0.04286379,0.00131264492,-0.00184378028,-0.00244736369,1.052894,-0.07354736,-0.118652344,0.03254345,0.000656194636,0.03544732,-0.5500161,2.13215256,2.73881,3.51421022
126,2.5199991071428571,579,0,0,0,0,0,-0.000115008515,0,-0.00114378426,-0.000115008515,0,-0.00114378426,1,0,0,1,2.3001694E-06,-5.96046448E-06,2.28756762E-05,0,0,0,-0.0005341744,-0.00148043036,-0.000197938061,-0.150665283,0.008084034,0.0461085141,0.001820666,-0.0001788841,0.00249972637,0.0002912026,3.415346E-05,-0.000825269963,0.0251837559,0.0191218834,0.122897945,-0.00431717373,-0.000347690744,-0.00157622318,-2.50175453E-05,7.495284E-05,-0.0007165207,0.00559668476,-0.00457763672,-0.0114135742,-0.004526472,-0.000129896143,-0.0001270297,5.958817E-05,0.0025036484,0.00111429777,4.90876627,0.06028116,0.156984359,0.0571165346,0.000255898165,-0.0003816635,1.16581177E-05,0.00251793861,0.00113360141,4.885034,-0.02142334,-0.0158996582,0.0591014363,2.75760722E-05,-7.74486252E-05,0.00120156724,-0.001988992,-0.00193632417,1.07331645,0.117782824,-0.141021729,0.0392328,0.00384252518,0.0428508259,0.00131283933,-0.00184391439,-0.00244441419,1.05294359,-0.07354736,-0.118652344,0.0324985124,0.00065746886,0.0354519263,-0.550016165,2.1321528,2.73881,3.51421022
127,2.5399991000566891,586,0,0,0,0,0,-5.774683E-05,0,-0.0009113668,-5.774683E-05,0,-0.0009113668,1,0,0,1,1.15493617E-06,0,1.82273288E-05,0,0,0,-0.0005370162,-0.00147651136,-0.000212006533,-0.1506958,0.008084138,0.0461125,0.00178105081,-0.000179223876,0.00250330963,0.0002884488,4.351139E-05,-0.000838136359,0.0252098385,0.01912096,0.122887149,-0.00426674355,-0.00035013046,-0.00158983632,-2.721939E-05,8.419156E-05,-0.00072931085,0.00564485136,-0.00457763672,-0.0114135742,-0.00447291136,-0.000133595211,-0.000143558733,5.962582E-05,0.00250712037,0.00111661234,4.90879154,0.0602798536,0.156983688,0.0571498834,0.000255369756,-0.000387380278,1.14983595E-05,0.002523616,0.00113758119,4.885001,-0.02142334,-0.0158996582,0.0591386668,2.59825629E-05,-8.057282E-05,0.00120150391,-0.001990676,-0.00193552463,1.073287,0.117783785,-0.141052246,0.0392271876,0.00384271983,0.0428551137,0.00131192571,-0.00183954835,-0.00244254456,1.0529654,-0.07357788,-0.118682861,0.0324664377,0.0006607122,0.0354483537,-0.5500161,2.13215256,2.73881,3.51421022
128,2.5599990929705214,592,0,0,0,0,0,-0.000115022296,0,-0.00113923056,-0.000115022296,0,-0.00113923056,1,0,0,1,2.300445E-06,-5.96046448E-06,2.27846031E-05,0,0,0,-0.000534190156,-0.00148049,-0.000199352478,-0.1506958,0.008085051,0.04610862,0.00182071538,-0.000178520364,0.00249968818,0.000290911034,3.4108758E-05,-0.0008274596,0.0251539182,0.019122256,0.1228965,-0.004325566,-0.0003473481,-0.00157503167,-2.49093227E-05,7.490814E-05,-0.000724830665,0.005571082,-0.00457763672,-0.0114135742,-0.00456599751,-0.000129181324,-0.000127784151,5.96961727E-05,0.002502337,0.00111665169,4.90878868,0.0602793023,0.156982362,0.057130035,0.0002540695,-0.000383015169,1.10416495E-05,0.00252017379,0.00113982323,4.88515,-0.02142334,-0.0158996582,0.0592950322,3.45281223E-05,-7.49403553E-05,0.00120274071,-0.00199197233,-0.00193504768,1.0732,0.117764831,-0.141052246,0.0392175838,0.003841311,0.0428726263,0.00131019182,-0.00183948874,-0.00243457058,1.05280137,-0.07354736,-0.118652344,0.03235948,0.000675074232,0.0354611,-0.550016165,2.1321528,2.73881,3.51421022
129,2.5799990858843538,598,0,0,0,0,0,-5.775421E-05,0,-0.0011435285,-5.775421E-05,0,-0.0011435285,1,0,0,1,1.15508374E-06,0,2.28705612E-05,0,0,0,-0.000536995,-0.00147654116,-0.000198154361,-0.1506958,0.008084474,0.0461125,0.001820182,-0.000179591225,0.00250319159,0.000288674,4.351139E-05,-0.0008253535,0.0251035038,0.0191206224,0.122885749,-0.004318839,-0.000350662653,-0.001591297,-2.766606E-05,8.42362642E-05,-0.0007145584,0.00554720452,-0.00457763672,-0.0114135742,-0.00451523066,-0.000132451532,-0.000141321536,6.00976164E-05,0.00250768661,0.00111393875,4.90878439,0.06027542,0.156982169,0.0571165048,0.000254266954,-0.000387833163,1.14286813E-05,0.00252302,0.00113679713,4.88496351,-0.02142334,-0.0158996582,0.0590289421,2.6877271E-05,-8.182122E-05,0.00120289787,-0.001990974,-0.001937649,1.07318771,0.11776343,-0.141052246,0.0392725132,0.003845331,0.0428969972,0.0013125668,-0.00184205174,-0.002448139,1.052849,-0.07354736,-0.118652344,0.0325617157,0.000658934936,0.03545724,-0.5500161,2.13215256,2.73881,3.51421022
130,2.5999990787981857,604,0,0,0,0,0,-0.000115025978,0,-0.0009112573,-0.000115025978,0,-0.0009112573,1,0,0,1,2.30051864E-06,-5.96046448E-06,1.82251388E-05,0,0,0,-0.0005341606,-0.00148043036,-0.000212050567,-0.150726318,0.008085164,0.04610856,0.00178255327,-0.0001786113,0.00249964977,0.000291268254,3.4108758E-05,-0.0008314957,0.0251669269,0.01912135,0.1228943,-0.00423233351,-0.000348004542,-0.00157610071,-2.47063563E-05,7.48932362E-05,-0.0007353988,0.00556022162,-0.00457763672,-0.0114135742,-0.004504387,-0.0001312097,-0.000128411324,6.032211E-05,0.00249922276,0.00111487578,4.908595,0.0602724,0.1569784,0.0569746569,0.000259266642,-0.000383327977,1.13564665E-05,0.00252011418,0.00113745371,4.88513756,-0.02142334,-0.0158996582,0.05930882,3.02703065E-05,-7.534082E-05,0.00120180217,-0.00199647248,-0.0019420383,1.07327,0.117783956,-0.140991211,0.0393054038,0.00385862542,0.04291385,0.00131056155,-0.00184424222,-0.002438272,1.05276036,-0.07354736,-0.118652344,0.0324360467,0.0006727184,0.0354539864,-0.550016165,2.1321528,2.73881,3.51421022
131,2.6199990717120181,610,0,0,0,0,0,-5.775288E-05,0,-0.00113907841,-5.775288E-05,0,-0.00113907841,1,0,0,1,1.15505713E-06,0,2.278156E-05,0,0,0,-0.000536921667,-0.00147658587,-0.000199503935,-0.1506958,0.008083806,0.0461122878,0.00182019419,-0.0001811568,0.00250305445,0.000288656738,4.351139E-05,-0.0008282929,0.0251098331,0.0191187244,0.122883573,-0.004332147,-0.0003517155,-0.00159065169,-2.72008238E-05,8.420646E-05,-0.000723026635,0.005492521,-0.00457763672,-0.0114135742,-0.00455457531,-0.000133757552,-0.000143012629,5.90047021E-05,0.00250917673,0.00111617986,4.90871668,0.06027564,0.156981021,0.0572073832,0.0002527199,-0.000385096268,1.12768448E-05,0.00252352655,0.00113803253,4.88514376,-0.02142334,-0.0158996582,0.0592096373,2.97267288E-05,-7.98052351E-05,0.0012016776,-0.00198806822,-0.00193301006,1.07321143,0.117768005,-0.141021729,0.0392062068,0.003836127,0.0428406224,0.00131010218,-0.00184497237,-0.0024418,1.05263424,-0.0735168457,-0.118621826,0.0324903019,0.0006722258,0.0354487151,-0.5500161,2.13215256,2.73881,3.51421022
132,2.6399990646258504,617,0,0,0,0,0,-0.000114975774,0,-0.00114331779,-0.000114975774,0,-0.00114331779,1,0,0,1,2.29951456E-06,-5.94556332E-06,2.28663466E-05,0,0,0,-0.0005341841,-0.00148050487,-0.000198188063,-0.1506958,0.008083581,0.0461085439,0.001821553,-0.0001790686,0.00249976362,0.000290867669,3.40938568E-05,-0.0008259698,0.0250559859,0.0191193167,0.122893341,-0.004320517,-0.000347977242,-0.00157454831,-2.5207537E-05,7.490814E-05,-0.00071748253,0.005450331,-0.00457763672,-0.0114135742,-0.004530956,-0.000129621956,-0.000126024781,5.957854E-05,0.00250215828,0.00111554714,4.90870142,0.06027337,0.156978637,0.0571232252,0.000254591956,-0.0003827987,1.15750336E-05,0.00251814723,0.0011340474,4.88505268,-0.02142334,-0.0158996582,0.059106946,2.83082536E-05,-7.779299E-05,0.00120321871,-0.001992792,-0.001936255,1.07314253,0.117757335,-0.141021729,0.0392396227,0.00384361972,0.042892158,0.00131246168,-0.00184936821,-0.00244827732,1.0526588,-0.0735168457,-0.118621826,0.0325909629,0.0006626561,0.0354595,-0.550016165,2.1321528,2.73881,3.51421022
133,2.6599990575396824,623,0,0,0,0,0,-5.77205828E-05,0,-0.0009112183,-5.77205828E-05,0,-0.0009112183,1,0,0,1,1.15441117E-06,1.49011612E-08,1.82243584E-05,0,0,0,-0.0005370134,-0.00147649646,-0.000212178158,-0.150726318,0.008083566,0.04611265,0.00178202661,-0.000179265626,0.00250323722,0.000288459618,4.3451786E-05,-0.0008335848,0.0251043811,0.0191181656,0.122882523,-0.00424407143,-0.000350364367,-0.00158979592,-2.74316972E-05,8.416176E-05,-0.000725705933,0.005515883,-0.00457763672,-0.0114135742,-0.00445465744,-0.00013377062,-0.000142375589,5.93644982E-05,0.00250414014,0.00111703412,4.90861273,0.0602684878,0.15697971,0.0570628121,0.000256510539,-0.00038651083,1.19810511E-05,0.002522543,0.001134452,4.88489246,-0.02142334,-0.0158996582,0.05904506,2.329237E-05,-8.284656E-05,0.00120175141,-0.00199650228,-0.00193872931,1.07314754,0.117773443,-0.141021729,0.0392728522,0.00385319162,0.0429022871,0.00131284446,-0.00184726715,-0.00245127687,1.05277991,-0.07354736,-0.118652344,0.03262601,0.000655966462,0.0354459547,-0.5500161,2.13215256,2.73881,3.51421022
134,2.6799990504535147,630,0,0,0,0,0,-0.000115011426,0,-0.0011391422,-0.000115011426,0,-0.0011391422,1,0,0,1,2.30022761E-06,-5.94556332E-06,2.2782835E-05,0,0,0,-0.0005341642,-0.00148049,-0.000199492235,-0.1506958,0.008084107,0.04610862,0.00182155706,-0.000178910079,0.0024996365,0.000290816417,3.41683626E-05,-0.0008222053,0.0250803344,0.0191191323,0.122892968,-0.0042996984,-0.000347719877,-0.001574267,-2.47115076E-05,7.49975443E-05,-0.0007240343,0.00544932066,-0.00457763672,-0.0114135742,-0.00456156675,-0.00013001269,-0.000128436077,5.93670738E-05,0.002502665,0.00111653446,4.908514,0.0602713451,0.1569797,0.0570392758,0.0002564641,-0.00038223798,1.146678E-05,0.00252202153,0.001136151,4.8850317,-0.02142334,-0.0158996582,0.0592839457,3.259645E-05,-7.56767258E-05,0.00120229623,-0.00199086964,-0.00193886366,1.07317781,0.117769338,-0.141021729,0.0392786525,0.00384801067,0.0428898223,0.00131022907,-0.00184088945,-0.00243958412,1.05271,-0.0735168457,-0.118621826,0.0324664228,0.000675501651,0.0354578272,-0.550016165,2.1321528,2.73881,3.51421022
135,2.6999990433673466,636,0,0,0,0,0,-5.7743604E-05,0,-0.00114334689,-5.7743604E-05,0,-0.00114334689,1,0,0,1,1.1548716E-06,0,2.28669287E-05,0,0,0,-0.000536957057,-0.00147654116,-0.000198292255,-0.1506958,0.00808280148,0.0461125076,0.00182057265,-0.000180548741,0.0025031874,0.00028868427,4.349649E-05,-0.0008267999,0.02502497,0.01911704,0.122884043,-0.00432648836,-0.000351146737,-0.00159099931,-2.744151E-05,8.419156E-05,-0.000713910966,0.005428157,-0.00457763672,-0.0114135742,-0.004511412,-0.000133328867,-0.000142048681,5.92971228E-05,0.00250840187,0.0011155376,4.908626,0.06027149,0.156981945,0.0572016053,0.000253434351,-0.0003856252,1.15896119E-05,0.00252130628,0.00113563472,4.88483047,-0.02142334,-0.0158996582,0.05902487,2.47687876E-05,-8.174916E-05,0.00120262569,-0.00199024379,-0.00193403,1.07311654,0.117758945,-0.141052246,0.0392256342,0.003838665,0.04287083,0.00131265132,-0.001847595,-0.002449704,1.05275452,-0.07354736,-0.118621826,0.0325943045,0.0006572185,0.03544913,-0.5500161,2.13215256,2.73881,3.51421022
136,2.719999036281179,642,0,0,0,0,0,-0.000115007606,0,-0.000910897856,-0.000115007606,0,-0.000910897856,1,0,0,1,2.30015121E-06,-5.96046448E-06,1.821795E-05,0,0,0,-0.0005342029,-0.00148046017,-0.000212179541,-0.150726318,0.008083543,0.0461086743,0.00178323069,-0.0001783085,0.002499709,0.000291000819,3.4108758E-05,-0.0008382979,0.0250476375,0.0191183761,0.122893691,-0.004265904,-0.000347445428,-0.00157498743,-2.48008364E-05,7.48932362E-05,-0.0007341764,0.00544627337,-0.00457763672,-0.0114135742,-0.00449834764,-0.000130598215,-0.0001281501,6.00426756E-05,0.00250287354,0.001117411,4.908626,0.06026951,0.156978846,0.0571542047,0.000255208317,-0.0003836223,1.13634323E-05,0.00252003968,0.00113844022,4.884996,-0.02142334,-0.0158996582,0.0593088828,3.073699E-05,-7.57241942E-05,0.00120420137,-0.00199301541,-0.00193647575,1.073063,0.117748477,-0.141021729,0.03925564,0.00384315359,0.0429145023,0.0013102477,-0.00184582174,-0.00243911217,1.05266929,-0.0735168457,-0.118652344,0.03245691,0.0006739812,0.0354513451,-0.550016165,2.1321528,2.73881,3.51421022
137,2.7399990291950114,649,0,0,0,0,0,-5.77549254E-05,0,-0.00113880855,-5.77549254E-05,0,-0.00113880855,1,0,0,1,1.15509806E-06,1.49011612E-08,2.27761611E-05,0,0,0,-0.0005370003,-0.001476571,-0.000199616989,-0.1506958,0.008083315,0.04611251,0.00182077766,-0.000180050032,0.00250312756,0.000288553536,4.349649E-05,-0.0008260112,0.0249947645,0.0191167518,0.122881711,-0.004319992,-0.000350784016,-0.00159063307,-2.72862035E-05,8.42362642E-05,-0.000721925229,0.00538341329,-0.00457763672,-0.0114135742,-0.00454949075,-0.000132520319,-0.000143042154,6.01423E-05,0.00250725448,0.00111606671,4.908605,0.060265515,0.156977475,0.0571257249,0.000252842874,-0.000388481247,1.12400085E-05,0.00252576172,0.0011391365,4.88499451,-0.02142334,-0.0158996582,0.05921049,3.133687E-05,-7.98551E-05,0.00120430952,-0.00199273229,-0.00193726271,1.07300961,0.117738441,-0.141021729,0.03927867,0.00384453987,0.04292731,0.00130982045,-0.00184229016,-0.00244345027,1.05258024,-0.0735168457,-0.118621826,0.0325314,0.0006758781,0.03545575,-0.5500161,2.13215256,2.73881,3.51421022
138,2.7599990221088433,654,0,0,0,0,0,-0.000115023475,0,-0.00114305841,-0.000115023475,0,-0.00114305841,1,0,0,1,2.30046862E-06,-5.96046448E-06,2.28611589E-05,0,0,0,-0.000534148945,-0.00148050487,-0.000198260474,-0.1506958,0.00808316,0.0461085625,0.00182202959,-0.00017909499,0.00249965,0.000291419856,3.4108758E-05,-0.0008249069,0.0249471422,0.0191169586,0.122890063,-0.004315297,-0.0003483848,-0.00157718221,-2.5008856E-05,7.490814E-05,-0.0007199456,0.005327026,-0.00457763672,-0.0114135742,-0.00454294,-0.000129958789,-0.00012682761,6.03982262E-05,0.002502203,0.00111330638,4.90858364,0.0602626652,0.156974018,0.0571151,0.000255914754,-0.0003831321,1.12944517E-05,0.002518922,0.00113532552,4.884999,-0.02142334,-0.0158996582,0.05919458,2.93305711E-05,-7.630153E-05,0.00120496785,-0.00199528039,-0.00193861,1.07299745,0.117737375,-0.141021729,0.0392949469,0.003848089,0.042951908,0.00131120346,-0.00185097754,-0.00244611385,1.05253935,-0.07348633,-0.118591309,0.0325818844,0.000670536654,0.0354570337,-0.550016165,2.1321528,2.73881,3.51421022
139,2.7799990150226757,660,0,0,0,0,0,-5.775721E-05,0,-0.000910744246,-5.775721E-05,0,-0.000910744246,1,0,0,1,1.15514376E-06,1.49011612E-08,1.82148779E-05,0,0,0,-0.0005369861,-0.00147651136,-0.000212266546,-0.150726318,0.008082659,0.0461125821,0.00178233592,-0.000179889626,0.00250316667,0.000288915,4.349649E-05,-0.000836913,0.0249763466,0.0191152226,0.122878507,-0.004260805,-0.0003509819,-0.00159187091,-2.72320922E-05,8.420646E-05,-0.0007290844,0.0053691417,-0.00457763672,-0.0114135742,-0.00447099656,-0.000134152942,-0.00014309994,6.03059E-05,0.002507344,0.00111505308,4.908582,0.0602604449,0.1569739,0.05714431,0.000255286257,-0.0003875917,1.17916961E-05,0.002523899,0.00113549526,4.88491631,-0.02142334,-0.0158996582,0.0591349974,2.51550027E-05,-8.15609E-05,0.00120411161,-0.00199380517,-0.00193850743,1.07300746,0.117741227,-0.140991211,0.03930068,0.00384796388,0.0429384746,0.00131124142,-0.00184959173,-0.002450689,1.052588,-0.0735168457,-0.118591309,0.0326510221,0.000665473635,0.0354423262,-0.5500161,2.13215256,2.73881,3.51421022
140,2.799999007936508,665,0,0,0,0,0,-0.000115028022,0,-0.0011387933,-0.000115028022,0,-0.0011387933,1,0,0,1,2.30055957E-06,-5.94556332E-06,2.27758574E-05,0,0,0,-0.000534209248,-0.00148049,-0.000199582617,-0.1506958,0.008083504,0.0461087748,0.00182181154,-0.000178557879,0.00249974267,0.000291105942,3.412366E-05,-0.000826217933,0.0249250382,0.0191166569,0.122886389,-0.00431913137,-0.0003471847,-0.00157605531,-2.47823518E-05,7.492304E-05,-0.000717127463,0.00533456961,-0.00457763672,-0.0114135742,-0.00452723866,-0.000129056774,-0.000128385538,6.01379325E-05,0.00250269473,0.00111527636,4.908554,0.06026095,0.156970292,0.0571249053,0.0002557561,-0.000383415347,1.16498813E-05,0.00251826644,0.001135076,4.884821,-0.02142334,-0.0158996582,0.0591102131,2.9634286E-05,-7.656063E-05,0.00120497891,-0.00199432671,-0.00193753594,1.07296324,0.11773029,-0.140991211,0.0392810442,0.003845413,0.0429427065,0.0013116172,-0.00185057521,-0.00244878116,1.052616,-0.0735168457,-0.118591309,0.0326108076,0.000664686551,0.03544749,-0.550016165,2.1321528,2.73881,3.51421022
141,2.81999900085034,671,0,0,0,0,0,-5.78026848E-05,0,-0.00114318542,-5.78026848E-05,0,-0.00114318542,1,0,0,1,1.15605326E-06,1.49011612E-08,2.28637E-05,0,0,0,-0.0005370267,-0.001476571,-0.000198342124,-0.1506958,0.008083624,0.04611266,0.00182092667,-0.000179095732,0.00250323559,0.00028892007,4.351139E-05,-0.000820319634,0.0249002744,0.0191158857,0.122875355,-0.004293299,-0.000349870621,-0.00159271352,-2.716721E-05,8.416176E-05,-0.000714789436,0.00531343976,-0.00457763672,-0.0114135742,-0.00451634731,-0.000132289017,-0.0001439131,5.9946633E-05,0.002505809,0.00111338194,4.90842628,0.060257405,0.156970724,0.0570264421,0.000257064559,-0.0003862678,1.15527946E-05,0.002522096,0.00113486883,4.88473558,-0.02142334,-0.0158996582,0.0591022,2.592056E-05,-8.06510143E-05,0.00120329566,-0.00199486315,-0.00194198778,1.07302094,0.11774566,-0.140991211,0.0393428467,0.00385615719,0.0429499634,0.0013114505,-0.00184971094,-0.00244881283,1.05265069,-0.0735168457,-0.118621826,0.03260328,0.0006621308,0.0354365073,-0.5500161,2.13215256,2.73881,3.51421022
142,2.8399989937641723,677,0,0,0,0,0,-0.00011501593,0,-0.0009108073,-0.00011501593,0,-0.0009108073,1,0,0,1,2.30031765E-06,-5.94556332E-06,1.82161384E-05,0,0,0,-0.0005341181,-0.00148046017,-0.000212225379,-0.150726318,0.008083827,0.0461085849,0.00178359193,-0.000178954579,0.002499502,0.000291027158,3.40789557E-05,-0.000835629064,0.0249414761,0.0191163756,0.122885,-0.00425301353,-0.000348242349,-0.00157475437,-2.47478129E-05,7.4878335E-05,-0.000730565458,0.00534922536,-0.00457763672,-0.0114135742,-0.00447977753,-0.000131811976,-0.000128020067,5.92213728E-05,0.00250168145,0.00111643481,4.908438,0.0602600649,0.156970516,0.05714451,0.000257364,-0.0003811722,1.11333247E-05,0.00251927972,0.00113914243,4.884778,-0.02142334,-0.0158996582,0.0592252277,2.84173366E-05,-7.51106345E-05,0.00120311847,-0.00199574232,-0.0019369286,1.07302535,0.117746472,-0.1409607,0.0392637923,0.00384780858,0.04291533,0.00131094642,-0.00184746087,-0.00244308612,1.05262184,-0.0735168457,-0.118621826,0.0325185,0.000670556037,0.0354552679,-0.550016165,2.1321528,2.73881,3.51421022
143,2.8599989866780042,682,0,0,0,0,0,-5.77309365E-05,0,-0.00113876059,-5.77309365E-05,0,-0.00113876059,1,0,0,1,1.1546183E-06,0,2.27752025E-05,0,0,0,-0.000537023065,-0.00147560239,-0.000199646543,-0.1506958,0.008083564,0.0461125635,0.00182083843,-0.000179947878,0.00250299764,0.0002881243,4.349649E-05,-0.000824472052,0.0248977933,0.0191151332,0.122875169,-0.00431216648,-0.00035038864,-0.001588564,-2.74249669E-05,8.417666E-05,-0.000719639065,0.005300609,-0.00457763672,-0.0114135742,-0.004538136,-0.000132687739,-0.000142442863,5.8652884E-05,0.00250737369,0.00111824286,4.908417,0.0602603853,0.156972766,0.0571278669,0.00025373773,-0.000385655178,1.11518684E-05,0.00252379477,0.00114073581,4.884785,-0.02142334,-0.0158996582,0.05920858,3.05288959E-05,-8.01919E-05,0.0012030811,-0.00199195743,-0.00193621288,1.07297015,0.117737725,-0.140991211,0.0392639637,0.00384373078,0.04290239,0.00130975,-0.00184626877,-0.002442872,1.05250823,-0.0735168457,-0.118621826,0.0325196125,0.0006746832,0.035449,-0.5500161,2.13215256,2.73881,3.51421022
144,2.8799989795918366,686,0,0,0,0,0,-0.000115010014,0,-0.00114297774,-0.000115010014,0,-0.00114297774,1,0,0,1,2.30019941E-06,-5.94556332E-06,2.28595454E-05,0,0,0,-0.000534153252,-0.00148044527,-0.000198294918,-0.1506958,0.008083521,0.0461086072,0.00182219828,-0.000178971721,0.0024995862,0.0002908769,3.4108758E-05,-0.0008233352,0.0248583741,0.0191158149,0.122886695,-0.00430724351,-0.000347962952,-0.00157459406,-2.50551275E-05,7.492304E-05,-0.0007184125,0.00525273569,-0.00457763672,-0.0114135742,-0.004535376,-0.000129915512,-0.0001267169,5.91873031E-05,0.002502516,0.00111628242,4.908397,0.0602598637,0.156972632,0.0571192056,0.000255564781,-0.000381473219,1.11188092E-05,0.00251966715,0.00113808573,4.884791,-0.02142334,-0.0158996582,0.0591981374,3.03755387E-05,-7.587775E-05,0.00120444666,-0.001994297,-0.001937711,1.07293975,0.117731877,-0.140991211,0.0392843671,0.00384646514,0.0429375954,0.00131084421,-0.00184929371,-0.00244564121,1.0524646,-0.07348633,-0.118591309,0.0325760171,0.000673693139,0.0354635641,-0.550016165,2.1321528,2.73881,3.51421022
145,2.899998972505669,692,0,0,0,0,0,-5.77295177E-05,0,-0.000910596631,-5.77295177E-05,0,-0.000910596631,1,0,0,1,1.15458988E-06,0,1.82119256E-05,0,0,0,-0.00053696183,-0.00147649646,-0.000212308325,-0.150726318,0.00808294,0.0461125,0.001782582,-0.000180031158,0.00250314432,0.000288363721,4.348159E-05,-0.000835454965,0.0248948634,0.0191140026,0.122876771,-0.004253539,-0.000351120747,-0.00158908032,-2.72794241E-05,8.419156E-05,-0.000731211971,0.00528263859,-0.00457763672,-0.0114135742,-0.00448148465,-0.0001343772,-0.0001428089,5.94034136E-05,0.00250709057,0.00111776113,4.908396,0.0602571443,0.1569735,0.05714802,0.00025430703,-0.000386981381,1.13399665E-05,0.00252446532,0.001138436,4.88481045,-0.02142334,-0.0158996582,0.0592257865,2.69621778E-05,-8.03752046E-05,0.0012041881,-0.0019942373,-0.00193761382,1.07292914,0.117731467,-0.141021729,0.0392924473,0.003846826,0.0429391041,0.00131006073,-0.00185008347,-0.00244703656,1.0524255,-0.07348633,-0.118591309,0.03260838,0.00067434425,0.03544869,-0.5500161,2.13215256,2.73881,3.51421022
146,2.9199989654195009,698,0,0,0,0,0,-0.0001149996,0,-0.00113856338,-0.0001149996,0,-0.00113856338,1,0,0,1,2.29999114E-06,-5.94556332E-06,2.2771259E-05,0,0,0,-0.0005341545,-0.00148047507,-0.000199605885,-0.1506958,0.008083143,0.04610867,0.0018218722,-0.00017919013,0.00249965745,0.000290905824,3.4108758E-05,-0.0008249522,0.02484942,0.0191145428,0.12288627,-0.00431323145,-0.000348105183,-0.00157471548,-2.49154145E-05,7.493794E-05,-0.000720444834,0.005225668,-0.00457763672,-0.0114135742,-0.00454322761,-0.000129875392,-0.000127341817,5.9654496E-05,0.002502352,0.0011173283,4.908367,0.0602567419,0.156971291,0.0571273752,0.000254438346,-0.0003828219,1.148708E-05,0.00251944363,0.0011372189,4.88480043,-0.02142334,-0.0158996582,0.0592025034,3.10949072E-05,-7.647152E-05,0.0012054845,-0.00199516118,-0.00193717668,1.07286441,0.117718123,-0.141021729,0.03928196,0.00384498737,0.0429544151,0.00131068926,-0.00185224414,-0.00244702864,1.05236578,-0.07348633,-0.118560791,0.0326121,0.0006748795,0.0354609266,-0.550016165,2.1321528,2.73881,3.51421022
147,2.9399989583333332,704,0,0,0,0,0,-5.7730962E-05,0,-0.001142811,-5.7730962E-05,0,-0.001142811,1,0,0,1,1.15461876E-06,1.49011612E-08,2.28562112E-05,0,0,0,-0.000536976,-0.00147661567,-0.000198362046,-0.1506958,0.008082363,0.0461124629,0.00182095147,-0.0001800647,0.00250340533,0.000288625219,4.34666872E-05,-0.0008226652,0.0248105247,0.0191126987,0.122875534,-0.00430546,-0.000350992,-0.00159086054,-2.73785463E-05,8.416176E-05,-0.000718808966,0.00517722731,-0.00457763672,-0.0114135742,-0.00453572767,-0.0001329751,-0.000142434015,5.95930032E-05,0.002506286,0.00111540162,4.908339,0.0602522343,0.1569725,0.057115227,0.000254722516,-0.00038652675,1.173147E-05,0.00252446532,0.00113439083,4.88478851,-0.02142334,-0.0158996582,0.05918993,2.81549146E-05,-8.182774E-05,0.00120471418,-0.00199598074,-0.00193871011,1.072844,0.117723234,-0.140991211,0.0393111855,0.00384966936,0.0429617,0.00131019414,-0.00185246766,-0.00245033437,1.05235445,-0.07348633,-0.118591309,0.0326718539,0.000673163449,0.0354446881,-0.5500161,2.13215256,2.73881,3.51421022
148,2.9599989512471656,710,0,0,0,0,0,-0.000114998009,0,-0.0009104933,-0.000114998009,0,-0.0009104933,1,0,0,1,2.29995931E-06,-5.96046448E-06,1.820986E-05,0,0,0,-0.000534090155,-0.00148044527,-0.000212242114,-0.150726318,0.00808221,0.0461084545,0.0017836428,-0.000179287526,0.00249953312,0.0002910585,3.4108758E-05,-0.000835811545,0.0248466078,0.0191128254,0.122885294,-0.00425398536,-0.000348588335,-0.00157480314,-2.48130636E-05,7.490814E-05,-0.0007281425,0.005220473,-0.00457763672,-0.0114135742,-0.00446728757,-0.000131695168,-0.000127525956,5.98175757E-05,0.00250244141,0.00111707114,4.90833139,0.0602523424,0.156970665,0.0571477525,0.000256912637,-0.0003827201,1.15874382E-05,0.00251784921,0.00113554951,4.88468933,-0.02142334,-0.0158996582,0.0591339022,2.526883E-05,-7.67615857E-05,0.00120531826,-0.00199615955,-0.00193810044,1.07283449,0.117725477,-0.140991211,0.03930064,0.0038477655,0.0429644249,0.0013119,-0.00185620785,-0.00245196023,1.05241191,-0.07348633,-0.118560791,0.0326831639,0.0006662916,0.03545487,-0.550016165,2.1321528,2.73881,3.51421022
149,2.9799989441609975,715,0,0,0,0,0,-5.7723013E-05,0,-0.00113857025,-5.7723013E-05,0,-0.00113857025,1,0,0,1,1.15445982E-06,1.49011612E-08,2.27713972E-05,0,0,0,-0.000537008862,-0.001476571,-0.00019967524,-0.1506958,0.00808227,0.0461124256,0.00182079209,-0.0001796158,0.002504068,0.0002883417,4.349649E-05,-0.0008242359,0.0248028468,0.0191121344,0.122874022,-0.00431066751,-0.000349877548,-0.00158984086,-2.73199439E-05,8.422136E-05,-0.000715766568,0.00519492151,-0.00457763672,-0.0114135742,-0.00451884,-0.000132193411,-0.00014310985,5.95172278E-05,0.00250700116,0.00111704809,4.908298,0.06025124,0.156970948,0.05712487,0.000253730017,-0.0003872824,1.17891059E-05,0.00252462924,0.00113566918,4.88458252,-0.02142334,-0.0158996582,0.0591088645,2.731988E-05,-8.182428E-05,0.00120518613,-0.001994595,-0.00193797844,1.07278872,0.1177163,-0.140991211,0.03930429,0.003846681,0.04296019,0.001310895,-0.0018492192,-0.002451849,1.05246818,-0.07348633,-0.118591309,0.032682322,0.0006683441,0.0354443528,-0.5500161,2.13215256,2.73881,3.51421022
150,2.99999893707483,721,0,0,0,0,0,-0.000115027477,0,-0.00114271219,-0.000115027477,0,-0.00114271219,1,0,0,1,2.30054866E-06,-5.94556332E-06,2.28542358E-05,0,0,0,-0.0005340962,-0.00148049,-0.000198299545,-0.1506958,0.008082596,0.0461083576,0.0018220715,-0.000178699964,0.00249965931,0.000290937925,3.40938568E-05,-0.0008230199,0.0247638356,0.01911301,0.122883253,-0.004305528,-0.000347837631,-0.001574943,-2.477608E-05,7.490814E-05,-0.00072089344,0.005136093,-0.004547119,-0.0114135742,-0.004547638,-0.000129897933,-0.00012810083,5.96725731E-05,0.00250199437,0.0011149568,4.908265,0.0602497868,0.156968445,0.05711562,0.000256588479,-0.00038265012,1.14723443E-05,0.00252081454,0.001135681,4.88468742,-0.02142334,-0.0158996582,0.05927588,3.15558573E-05,-7.598227E-05,0.00120575959,-0.00199693441,-0.00193900941,1.07277811,0.117715828,-0.140991211,0.0393162221,0.00384961767,0.042981118,0.00130985584,-0.00185026228,-0.00244511222,1.05241764,-0.07348633,-0.118560791,0.0325891636,0.000677802658,0.0354523435,-0.550016165,2.1321528,2.73881,3.51421022
151,3.0199989299886618,728,0,0,0,0,0,-5.7737816E-05,0,-0.0009102555,-5.7737816E-05,0,-0.0009102555,1,0,0,1,1.15475586E-06,1.49011612E-08,1.82051026E-05,0,0,0,-0.0005369482,-0.00147652626,-0.000212306462,-0.150726318,0.008081722,0.0461124778,0.00178252184,-0.000180296309,0.00250261649,0.000288659241,4.35262918E-05,-0.000838570239,0.0247816164,0.0191107411,0.122873172,-0.00426919665,-0.0003515424,-0.00159039919,-2.73429778E-05,8.417666E-05,-0.000731105567,0.0051622754,-0.00457763672,-0.0114135742,-0.004480546,-0.000134665243,-0.000142300662,5.950242E-05,0.00250937045,0.00111694355,4.90835333,0.06024885,0.156969681,0.0572319552,0.0002529428,-0.000386322266,1.11350873E-05,0.00252334774,0.00113912381,4.884686,-0.02142334,-0.0158996582,0.05922842,2.70998353E-05,-8.01744463E-05,0.00120590907,-0.00199298561,-0.00193644187,1.07273853,0.117705382,-0.141021729,0.03930094,0.003841928,0.0429640673,0.00130957179,-0.00185370445,-0.002447704,1.05234742,-0.07348633,-0.118591309,0.03262544,0.00067477813,0.0354389362,-0.5500161,2.13215256,2.73881,3.51421022
152,3.0399989229024942,734,0,0,0,0,0,-0.000115007606,0,-0.00113824394,-0.000115007606,0,-0.00113824394,1,0,0,1,2.30015121E-06,-5.96046448E-06,2.276487E-05,0,0,0,-0.00053420855,-0.00148050487,-0.000199627815,-0.1506958,0.008082356,0.04610878,0.00182198931,-0.0001788052,0.00249978923,0.000290976983,3.412366E-05,-0.000825533352,0.0247285478,0.0191118233,0.12288212,-0.00431566173,-0.000347595,-0.00157532119,-2.498721E-05,7.495284E-05,-0.000719527,0.005108445,-0.004547119,-0.0114135742,-0.0045387554,-0.000129188062,-0.000127199441,6.02798755E-05,0.00250254571,0.00111620862,4.90829659,0.0602464862,0.156966552,0.0571273081,0.0002548773,-0.0003841809,1.11428744E-05,0.00252102315,0.00113783777,4.884664,-0.02142334,-0.0158996582,0.0592026263,3.12909469E-05,-7.574965E-05,0.00120735844,-0.00199690461,-0.00193888822,1.07267272,0.11769402,-0.140991211,0.0393251851,0.00384746422,0.043007452,0.001310067,-0.00185130537,-0.002448981,1.0523206,-0.07345581,-0.118530273,0.03266019,0.0006778716,0.0354579873,-0.550016165,2.1321528,2.73881,3.51421022
153,3.0599989158163265,740,0,0,0,0,0,-5.776868E-05,0,-0.00114254758,-5.776868E-05,0,-0.00114254758,1,0,0,1,1.15537318E-06,0,2.28509434E-05,0,0,0,-0.0005369926,-0.00147655606,-0.000198386377,-0.1506958,0.008081903,0.046112664,0.00182100141,-0.000179852839,0.00250319648,0.000288775424,4.349649E-05,-0.0008225841,0.0246882513,0.0191103835,0.12287049,-0.00430471869,-0.000350600749,-0.00159178756,-2.729935E-05,8.416176E-05,-0.000717571762,0.00506541273,-0.004547119,-0.0114135742,-0.00452958141,-0.000132584275,-0.0001429578,6.03583E-05,0.00250723958,0.00111322035,4.90825033,0.06024264,0.156965658,0.0571104251,0.000255363819,-0.000388020562,1.14240038E-05,0.002522841,0.00113544764,4.88464355,-0.02142334,-0.0158996582,0.059190087,2.74226368E-05,-8.070062E-05,0.00120666623,-0.00199641287,-0.00194124831,1.07270133,0.117699459,-0.140991211,0.03936896,0.00385247124,0.0430170335,0.00130988727,-0.00185722113,-0.00245079328,1.05228114,-0.07345581,-0.118560791,0.032687556,0.0006730985,0.03543506,-0.5500161,2.13215256,2.73881,3.51421022
154,3.0799989087301585,746,0,0,0,0,0,-0.000115008152,0,-0.000910181436,-0.000115008152,0,-0.000910181436,1,0,0,1,2.30016212E-06,-5.94556332E-06,1.82036219E-05,0,0,0,-0.000534110062,-0.00148043036,-0.0002122504,-0.150726318,0.008081822,0.04610869,0.00178396341,-0.000179139723,0.002499504,0.000291263044,3.413856E-05,-0.0008355597,0.0247240849,0.01911054,0.1228788,-0.00425257254,-0.000348602043,-0.00157585717,-2.47407679E-05,7.492304E-05,-0.000730307656,0.00509571144,-0.004547119,-0.0114135742,-0.00447795773,-0.000131731722,-0.0001278839,6.02953078E-05,0.00250273943,0.001115026,4.90822458,0.06024269,0.156961754,0.0571427569,0.0002569644,-0.000383312552,1.11875315E-05,0.00251896679,0.00113739527,4.8846426,-0.02142334,-0.0158996582,0.0592221469,2.787392E-05,-7.53670756E-05,0.001206802,-0.001997441,-0.00194008043,1.072726,0.117701426,-0.1409607,0.0393438078,0.0038507632,0.0430099331,0.001310203,-0.001857236,-0.00244990969,1.052271,-0.07348633,-0.118560791,0.0326735564,0.000674783369,0.03544785,-0.550016165,2.1321528,2.73881,3.51421022
155,3.0999989016439908,752,0,0,0,0,0,-5.77222854E-05,0,-0.00113823963,-5.77222854E-05,0,-0.00113823963,1,0,0,1,1.15444527E-06,1.49011612E-08,2.27647834E-05,0,0,0,-0.0005369679,-0.00147658587,-0.000199674017,-0.1506958,0.008081582,0.0461124927,0.00182071875,-0.000179941882,0.002503985,0.000288418,4.3451786E-05,-0.000823346141,0.024682913,0.0191092454,0.122867204,-0.004306422,-0.000350471528,-0.00159000047,-2.73478145E-05,8.414686E-05,-0.0007187978,0.00504846266,-0.00457763672,-0.0114135742,-0.004533512,-0.000132647663,-0.000142697972,5.93866644E-05,0.00250570476,0.00111664925,4.90817738,0.06024064,0.156963959,0.0571222231,0.000254966028,-0.000386591681,1.13588931E-05,0.00252448022,0.00113757711,4.88461447,-0.02142334,-0.0158996582,0.0591999963,2.89810723E-05,-8.069824E-05,0.00120539311,-0.001998216,-0.00193858542,1.0726732,0.117703214,-0.1409607,0.0393184274,0.00385068916,0.0429843962,0.00130927761,-0.00185406208,-0.00245031831,1.05221963,-0.07345581,-0.118560791,0.03268512,0.000677417556,0.03544054,-0.5500161,2.13215256,2.73881,3.51421022
156,3.1199988945578232,758,0,0,0,0,0,-0.000115023337,0,-0.0011424924,-0.000115023337,0,-0.0011424924,1,0,0,1,2.300466E-06,-5.94556332E-06,2.284984E-05,0,0,0,-0.000534083869,-0.00148049,-0.00019831222,-0.1506958,0.008081576,0.0461084321,0.001821989,-0.000179102775,0.0024995862,0.000290955271,3.412366E-05,-0.0008219236,0.02464868,0.0191099048,0.122878186,-0.0043001757,-0.000348050526,-0.00157487567,-2.48548731E-05,7.493794E-05,-0.000717299,0.00500410656,-0.004547119,-0.0114135742,-0.004529329,-0.0001301414,-0.000127521111,5.91992248E-05,0.00250162184,0.00111579208,4.90813637,0.0602417961,0.1569646,0.0571156554,0.0002568776,-0.0003811308,1.11988993E-05,0.00251972675,0.00113558548,4.88458729,-0.02142334,-0.0158996582,0.0591903664,2.91570177E-05,-7.566143E-05,0.00120597577,-0.00199824572,-0.001939116,1.07266974,0.117703982,-0.1409607,0.03932403,0.00385078625,0.04299368,0.00131034537,-0.001856193,-0.00245160633,1.05221856,-0.07345581,-0.118530273,0.0327057429,0.0006750848,0.0354519449,-0.5500161,2.13215256,2.73881,3.51421022
157,3.1399988874716551,764,0,0,0,0,0,-5.7710804E-05,0,-0.000910223753,-5.7710804E-05,0,-0.000910223753,1,0,0,1,1.15421562E-06,0,1.82044678E-05,0,0,0,-0.0005369499,-0.00147651136,-0.0002123059,-0.150726318,0.008080966,0.0461123623,0.001782623,-0.000179996365,0.00250316574,0.000288258161,4.351139E-05,-0.0008338538,0.0246919021,0.0191082247,0.122868739,-0.004245469,-0.0003510253,-0.00158851023,-2.7368058E-05,8.420646E-05,-0.0007262275,0.005059021,-0.00457763672,-0.0114135742,-0.004456247,-0.000134569666,-0.00014226952,5.8958045E-05,0.00250791013,0.00111808779,4.90811634,0.0602405667,0.156966418,0.05714609,0.000254641374,-0.000386000436,1.17652507E-05,0.00252248347,0.00113716745,4.884479,-0.02142334,-0.0158996582,0.05913385,2.42919286E-05,-8.21198046E-05,0.00120540662,-0.00199481845,-0.0019391973,1.07268333,0.117704235,-0.140991211,0.0393377468,0.003849151,0.0429810658,0.00131085841,-0.0018581152,-0.00245422265,1.05227363,-0.07348633,-0.118560791,0.032738775,0.000669414469,0.0354430079,-0.5500161,2.13215256,2.73881,3.51421022
158,3.1599988803854875,768,0,0,0,0,0,-0.000115016657,0,-0.00113815616,-0.000115016657,0,-0.00113815616,1,0,0,1,2.3003322E-06,-5.94556332E-06,2.27631153E-05,0,0,0,-0.0005341689,-0.00148049,-0.000199629925,-0.1506958,0.008081464,0.04610858,0.001821975,-0.000178995091,0.00249971985,0.000290923752,3.4108758E-05,-0.0008232541,0.0246539824,0.019109318,0.122879639,-0.004304478,-0.0003476392,-0.001574881,-2.46840282E-05,7.493794E-05,-0.000721078,0.004999804,-0.004547119,-0.0114135742,-0.004546234,-0.0001297712,-0.000128517451,5.9196067E-05,0.002502218,0.00111823378,4.908072,0.06024178,0.156965464,0.057126604,0.000255732943,-0.0003812904,1.14058366E-05,0.00252123177,0.00113815616,4.8845644,-0.0213928223,-0.0158996582,0.0592847057,3.292447E-05,-7.550684E-05,0.00120649114,-0.00199708343,-0.00193800393,1.07263327,0.117695831,-0.140991211,0.0393126272,0.003847205,0.04299152,0.00130905421,-0.00185336173,-0.00244676368,1.05219626,-0.07345581,-0.118530273,0.0326396637,0.000683154445,0.0354525,-0.550016165,2.1321528,2.73881,3.51421022
159,3.1799988732993194,775,0,0,0,0,0,-5.775281E-05,0,-0.00114247983,-5.775281E-05,0,-0.00114247983,1,0,0,1,1.15505577E-06,1.49011612E-08,2.28495865E-05,0,0,0,-0.000536952459,-0.00147655606,-0.000198375943,-0.1506958,0.008080499,0.0461124666,0.00182086276,-0.000180264891,0.00250315759,0.000288525858,4.349649E-05,-0.0008210031,0.0246222746,0.01910747,0.122869596,-0.004297161,-0.000351010036,-0.001590266,-2.71915069E-05,8.417666E-05,-0.000713786867,0.00497434847,-0.004547119,-0.0114135742,-0.004510243,-0.000133236274,-0.000143199228,5.93726363E-05,0.00250694156,0.00111631083,4.908031,0.0602389425,0.1569665,0.0571146,0.0002546779,-0.00038617797,1.14835939E-05,0.002522111,0.00113689969,4.88442373,-0.0213928223,-0.0158996582,0.05910788,2.5643254E-05,-8.062909E-05,0.00120610872,-0.00199633837,-0.00193986809,1.072637,0.117698714,-0.140991211,0.03934893,0.0038507292,0.043001242,0.00131062954,-0.00185798109,-0.0024542904,1.05220771,-0.07345581,-0.118560791,0.03273775,0.0006702078,0.035443496,-0.5500161,2.13215256,2.73881,3.51421022
160,3.1999988662131518,782,0,0,0,0,0,-0.000114982227,0,-0.000910063565,-0.000114982227,0,-0.000910063565,1,0,0,1,2.29964371E-06,-5.96046448E-06,1.82012645E-05,0,0,0,-0.000534145453,-0.00148044527,-0.000212255225,-0.150726318,0.00808072649,0.04610858,0.00178366154,-0.000178885122,0.00249963743,0.000290946162,3.413856E-05,-0.000837790663,0.0246459041,0.01910829,0.122879587,-0.004263434,-0.0003480102,-0.00157445366,-2.49617988E-05,7.495284E-05,-0.0007284244,0.005017062,-0.004547119,-0.0114135742,-0.004468685,-0.00013133719,-0.000126960513,5.97081125E-05,0.00250455737,0.00111794448,4.90811062,0.0602401271,0.156964749,0.057233613,0.000255325023,-0.0003828097,1.15841922E-05,0.00251972675,0.0011382947,4.88443,-0.02142334,-0.0158996582,0.05921968,2.76212522E-05,-7.719088E-05,0.00120763551,-0.0019955337,-0.00193672068,1.0725807,0.117686145,-0.140991211,0.03931125,0.003842382,0.0430017449,0.001310391,-0.0018568635,-0.0024507877,1.0522294,-0.07345581,-0.118560791,0.03269751,0.0006761414,0.0354543924,-0.550016165,2.1321528,2.73881,3.51421022
161,3.2199988591269841,789,0,0,0,0,0,-5.77447972E-05,0,-0.00113804347,-5.77447972E-05,0,-0.00113804347,1,0,0,1,1.15489547E-06,0,2.27608616E-05,0,0,0,-0.0005370148,-0.00147658587,-0.000199695176,-0.1506958,0.008081154,0.0461125039,0.00182081736,-0.000179322684,0.0025041,0.0002886208,4.349649E-05,-0.0008237055,0.0245992821,0.0191077683,0.122868344,-0.004307696,-0.000349754933,-0.00159134227,-2.73903042E-05,8.420646E-05,-0.0007177032,0.004975579,-0.004547119,-0.0114135742,-0.0045283353,-0.0001317614,-0.0001428037,6.01010943E-05,0.00250682235,0.00111739349,4.90804529,0.0602362528,0.15696387,0.0571262576,0.000253775739,-0.000387824519,1.14550985E-05,0.00252474844,0.00113898749,4.88440132,-0.0213928223,-0.0158996582,0.05920129,3.11181357E-05,-8.098178E-05,0.00120768952,-0.00199756026,-0.00193941966,1.07252681,0.117678076,-0.140991211,0.0393514074,0.00384903257,0.043029245,0.0013091549,-0.00185391307,-0.00245042332,1.05217659,-0.07345581,-0.118560791,0.03269258,0.0006790284,0.035442654,-0.5500161,2.13215256,2.73881,3.51421022
162,3.2399988520408161,794,0,0,0,0,0,-0.000115037757,0,-0.00114224514,-0.000115037757,0,-0.00114224514,1,0,0,1,2.3007542E-06,-5.94556332E-06,2.28448935E-05,0,0,0,-0.0005340958,-0.00148047507,-0.000198313443,-0.1506958,0.008081533,0.0461083874,0.001822368,-0.000178630711,0.00249959552,0.0002910666,3.413856E-05,-0.0008253012,0.0245446358,0.01910868,0.1228765,-0.00431661261,-0.0003477842,-0.00157568057,-2.48980468E-05,7.493794E-05,-0.000716354756,0.0049359547,-0.004547119,-0.0114135742,-0.00452476554,-0.000129597713,-0.000127534557,6.02262371E-05,0.00250345469,0.001114572,4.908092,0.0602352135,0.156961024,0.0571991876,0.000255074352,-0.000383762323,1.126859E-05,0.00251944363,0.001137037,4.88437271,-0.0213928223,-0.0158996582,0.0591922365,2.8813909E-05,-7.598209E-05,0.00120899919,-0.00199833512,-0.00193856412,1.07248187,0.117666766,-0.140991211,0.0393450558,0.00384647469,0.04304699,0.00131046015,-0.001857236,-0.00245150225,1.05216324,-0.07345581,-0.118530273,0.0327111259,0.000676346,0.03545662,-0.550016165,2.1321528,2.73881,3.51421022
163,3.2599988449546484,801,0,0,0,0,0,-5.77618157E-05,0,-0.0009099738,-5.77618157E-05,0,-0.0009099738,1,0,0,1,1.15523585E-06,0,1.819947E-05,0,0,0,-0.000536995649,-0.00147654116,-0.000212320476,-0.150726318,0.008081488,0.0461125523,0.00178268552,-0.0001795389,0.00250272686,0.000288892159,4.349649E-05,-0.0008312176,0.0245974828,0.01910714,0.122864805,-0.00423193257,-0.000350848073,-0.00159186975,-2.73578644E-05,8.417666E-05,-0.0007288775,0.004975457,-0.004547119,-0.0114135742,-0.00446958654,-0.000134187649,-0.000142477817,6.0275197E-05,0.00250524282,0.00111578184,4.907941,0.06022973,0.1569595,0.0570574664,0.000256760075,-0.000387329375,1.16168367E-05,0.00252425671,0.00113857922,4.8843646,-0.0213928223,-0.0158996582,0.05922211,2.70169639E-05,-8.154051E-05,0.00120714353,-0.002000615,-0.00194373517,1.07254577,0.11768464,-0.1409607,0.03941009,0.00386007363,0.04305925,0.0013094102,-0.00185731053,-0.00245203753,1.05215847,-0.07345581,-0.118560791,0.03272662,0.0006782556,0.03544263,-0.5500161,2.13215256,2.73881,3.51421022
164,3.2799988378684808,807,0,0,0,0,0,-0.00011502843,0,-0.00113803474,-0.00011502843,0,-0.00113803474,1,0,0,1,2.30056776E-06,-5.94556332E-06,2.2760687E-05,0,0,0,-0.000534143066,-0.00148049,-0.000199623988,-0.1506958,0.008081544,0.046108596,0.00182190014,-0.000179506227,0.00249955454,0.0002912461,3.413856E-05,-0.000822214934,0.0245664474,0.0191075373,0.12287385,-0.00429951446,-0.000348235131,-0.001576284,-2.476742E-05,7.493794E-05,-0.0007178052,0.004930467,-0.004547119,-0.0114135742,-0.004529531,-0.00013039622,-0.000127864114,5.95991769E-05,0.002502203,0.00111613341,4.90789557,0.06023263,0.156958729,0.0571187548,0.0002572433,-0.0003812773,1.12656162E-05,0.00251925,0.00113861309,4.884329,-0.0213928223,-0.0158996582,0.0592011474,3.0191839E-05,-7.55445653E-05,0.00120700151,-0.00199843943,-0.00193979125,1.0725441,0.1176856,-0.1409607,0.0393489264,0.00385110662,0.0430206358,0.00130973617,-0.00185790658,-0.00245080073,1.05210841,-0.07345581,-0.118530273,0.03270343,0.0006787502,0.0354509652,-0.550016165,2.1321528,2.73881,3.51421022
165,3.2999988307823127,814,0,0,0,0,0,-5.771915E-05,0,-0.00114211161,-5.771915E-05,0,-0.00114211161,1,0,0,1,1.15438252E-06,0,2.28422232E-05,0,0,0,-0.0005369738,-0.001476571,-0.000198374124,-0.1506958,0.008081033,0.0461124443,0.001820941,-0.000179701878,0.00250399415,0.0002882058,4.3541193E-05,-0.000827664859,0.0244980622,0.0191065036,0.122863166,-0.004329805,-0.0003502674,-0.001589067,-2.74123449E-05,8.42511654E-05,-0.000716085953,0.0048939446,-0.004547119,-0.0114135742,-0.004522001,-0.000132472691,-0.000142480261,5.915725E-05,0.002510935,0.00111594691,4.908048,0.0602342,0.156959862,0.0572859123,0.000253036764,-0.000386740139,1.14748664E-05,0.00252448022,0.001136287,4.88429546,-0.0213928223,-0.0158996582,0.0591896027,2.74856848E-05,-8.12800863E-05,0.00120792619,-0.00199259818,-0.00193552847,1.07246518,0.117666848,-0.140991211,0.03931787,0.00383796287,0.04300088,0.00130956736,-0.00185763836,-0.00245387433,1.05211365,-0.07345581,-0.118530273,0.03276154,0.0006780581,0.03544476,-0.5500161,2.13215256,2.73881,3.51421022
166,3.3199988236961451,820,0,0,0,0,0,-0.000115035939,0,-0.0009098174,-0.000115035939,0,-0.0009098174,1,0,0,1,2.30071782E-06,-5.96046448E-06,1.819634E-05,0,0,0,-0.000534133636,-0.00148043036,-0.000212267623,-0.150726318,0.0080821,0.04610842,0.00178368064,-0.000178154121,0.00249962253,0.000291149161,3.4108758E-05,-0.000832087244,0.02454473,0.0191079248,0.122873396,-0.004234396,-0.000347495283,-0.00157578522,-2.48465949E-05,7.4878335E-05,-0.000728905841,0.004929824,-0.004547119,-0.0114135742,-0.004471316,-0.000130620829,-0.0001277965,6.01412E-05,0.00249986351,0.00111712771,4.907882,0.0602298044,0.156956673,0.0570642352,0.000256770785,-0.0003830106,1.1395844E-05,0.002519399,0.00113789912,4.88428068,-0.0213928223,-0.0158996582,0.0592210554,2.83558329E-05,-7.621501E-05,0.001208445,-0.002003014,-0.00194287323,1.07247865,0.117671371,-0.1409607,0.0393917151,0.00385867036,0.0430770442,0.00131006318,-0.00185956061,-0.002452308,1.05211759,-0.07345581,-0.118530273,0.0327342451,0.00067761977,0.0354509465,-0.550016165,2.1321528,2.73881,3.51421022
167,3.339998816609977,826,0,0,0,0,0,-5.77799474E-05,0,-0.0011377699,-5.77799474E-05,0,-0.0011377699,1,0,0,1,1.15559851E-06,1.49011612E-08,2.275539E-05,0,0,0,-0.000536996929,-0.00147658587,-0.000199696544,-0.1506958,0.008082129,0.0461123735,0.00182071212,-0.000179710492,0.00250321371,0.000288767449,4.35262918E-05,-0.0008283735,0.0244763475,0.01910674,0.122862577,-0.004331148,-0.0003503888,-0.00159190188,-2.73419973E-05,8.422136E-05,-0.0007175396,0.004888302,-0.004547119,-0.0114135742,-0.004527134,-0.000132492438,-0.0001428323,5.953758E-05,0.00251077116,0.00111681968,4.908034,0.06023124,0.156958967,0.0572909527,0.0002528663,-0.000385819643,1.159446E-05,0.002524346,0.00113807188,4.88424,-0.0213928223,-0.0158996582,0.05919922,2.9729812E-05,-8.131075E-05,0.00120890164,-0.001994148,-0.00193555676,1.0723896,0.11765337,-0.140991211,0.03932779,0.003838192,0.0430253,0.00130901183,-0.00185762346,-0.00245265686,1.05208027,-0.07345581,-0.118530273,0.0327441,0.0006800705,0.03544033,-0.5500161,2.13215256,2.73881,3.51421022
168,3.3599988095238094,833,0,0,0,0,0,-0.000115030067,0,-0.00114199682,-0.000115030067,0,-0.00114199682,1,0,0,1,2.3006005E-06,-5.96046448E-06,2.28399276E-05,0,0,0,-0.00053417735,-0.00148049,-0.000198326859,-0.1506958,0.008082805,0.0461085849,0.00182213029,-0.000178545321,0.0024998,0.000291049335,3.40938568E-05,-0.0008191704,0.0244486388,0.0191078242,0.122870959,-0.0042856955,-0.0003476481,-0.001575757,-2.48916149E-05,7.4878335E-05,-0.0007194668,0.004829811,-0.004547119,-0.0114135742,-0.00454033166,-0.000129442837,-0.000127673848,6.058777E-05,0.00249926746,0.00111455156,4.90784168,0.0602261871,0.156953961,0.05703065,0.0002572949,-0.000384524639,1.12764828E-05,0.00252062082,0.001136412,4.88430357,-0.0213928223,-0.0158996582,0.0592765957,3.08001181E-05,-7.588709E-05,0.00120921829,-0.00200437,-0.00194423646,1.07240772,0.117661536,-0.1409607,0.0394160524,0.0038613556,0.04310377,0.00130905444,-0.00185891986,-0.00245088176,1.05202723,-0.07342529,-0.118499756,0.0327283032,0.0006837751,0.0354504,-0.5500161,2.1321528,2.73881,3.51421022
169,3.3799988024376417,839,0,0,0,0,0,-5.7745503E-05,0,-0.000909742434,-5.7745503E-05,0,-0.000909742434,1,0,0,1,1.15490957E-06,1.49011612E-08,1.81948417E-05,0,0,0,-0.0005369079,-0.00147652626,-0.000212317056,-0.150726318,0.008081876,0.0461124033,0.001782464,-0.000180252362,0.002503106,0.000288766867,4.3541193E-05,-0.0008356281,0.0244813468,0.0191054177,0.122859925,-0.004254286,-0.000351647963,-0.00159094157,-2.737424E-05,8.420646E-05,-0.0007257965,0.004882123,-0.004547119,-0.0114135742,-0.00445367256,-0.000135114751,-0.000142066929,5.9524973E-05,0.00250922143,0.00111614366,4.907911,0.06022563,0.1569558,0.0572239161,0.000255364837,-0.000385818159,1.14474187E-05,0.002521649,0.00113793171,4.88416862,-0.0213928223,-0.0158996582,0.0591363981,2.35269563E-05,-8.136139E-05,0.00120803935,-0.0019967556,-0.0019393221,1.0724237,0.117667295,-0.1409607,0.0393754281,0.00384823279,0.0430442952,0.00131007,-0.00186385214,-0.002456834,1.05205691,-0.07345581,-0.118530273,0.0328037031,0.0006727126,0.03543578,-0.5500161,2.13215256,2.73881,3.51421022
170,3.3999987953514736,845,0,0,0,0,0,-0.00011501024,0,-0.00113777537,-0.00011501024,0,-0.00113777537,1,0,0,1,2.300204E-06,-5.96046448E-06,2.27555E-05,0,0,0,-0.0005342192,-0.00148049,-0.000199632632,-0.1506958,0.008082858,0.0461086668,0.00182196207,-0.000178517628,0.00249980018,0.0002908474,3.412366E-05,-0.000823095033,0.0244393814,0.0191070531,0.1228689,-0.00430298271,-0.000347044523,-0.00157490373,-2.49737113E-05,7.48932362E-05,-0.0007162727,0.004846511,-0.004547119,-0.0114135742,-0.004522454,-0.000129212582,-0.000127444931,5.96147038E-05,0.002501905,0.0011170035,4.90783072,0.06022644,0.156952888,0.0571249649,0.00025599153,-0.000382593222,1.12246016E-05,0.00251850486,0.00113793812,4.88413429,-0.0213928223,-0.0158996582,0.05919561,3.0395564E-05,-7.615992E-05,0.00120882783,-0.00200024247,-0.00194010593,1.0723784,0.117658213,-0.1409607,0.039367035,0.00385116367,0.043062456,0.00130962254,-0.00186172128,-0.00245258235,1.05203581,-0.07345581,-0.118530273,0.03274255,0.0006786363,0.0354453921,-0.550016165,2.1321528,2.73881,3.51421022
171,3.419998788265306,851,0,0,0,0,0,-5.77751271E-05,0,-0.00114207878,-5.77751271E-05,0,-0.00114207878,1,0,0,1,1.1555021E-06,0,2.28415665E-05,0,0,0,-0.0005369978,-0.00147655606,-0.000198389243,-0.1506958,0.008082597,0.0461125933,0.00182104646,-0.000179651252,0.00250324234,0.00028843974,4.348159E-05,-0.0008198583,0.0244110785,0.0191059429,0.122858964,-0.00429070555,-0.000350296643,-0.00159026484,-2.71870231E-05,8.422136E-05,-0.0007150909,0.004815768,-0.004547119,-0.0114135742,-0.00451704254,-0.0001327709,-0.000143602723,5.941166E-05,0.00250662863,0.001115313,4.907764,0.0602242127,0.156955421,0.05711044,0.000256249885,-0.000386317552,1.12058224E-05,0.00252433121,0.001137383,4.884097,-0.0213928223,-0.0158996582,0.05919033,2.767624E-05,-7.977911E-05,0.001207694,-0.001999423,-0.00194197264,1.07240224,0.117667928,-0.140930176,0.0394010842,0.00385553553,0.04306046,0.00130923931,-0.00185808539,-0.00245381054,1.05202651,-0.07345581,-0.118530273,0.03276216,0.0006789285,0.0354414135,-0.5500161,2.13215256,2.73881,3.51421022
172,3.4399987811791384,856,0,0,0,0,0,-0.000115006238,0,-0.0009097392,-0.000115006238,0,-0.0009097392,1,0,0,1,2.300124E-06,-5.96046448E-06,1.81947762E-05,0,0,0,-0.0005341106,-0.00148046017,-0.0002122547,-0.150726318,0.008082665,0.0461085737,0.00178368634,-0.000179147173,0.00249953452,0.000290881842,3.412366E-05,-0.0008327537,0.0244597048,0.0191063955,0.122869089,-0.00423821947,-0.000348374073,-0.00157407706,-2.481168E-05,7.490814E-05,-0.0007279316,0.00485695759,-0.004547119,-0.0114135742,-0.0044659283,-0.0001318996,-0.000127587846,5.91326825E-05,0.00250214338,0.00111768837,4.90772343,0.06022572,0.156953588,0.0571439974,0.000257109117,-0.0003812457,1.12798516E-05,0.00251957774,0.0011395372,4.88408041,-0.0213928223,-0.0158996582,0.0592232272,2.762624E-05,-7.584563E-05,0.00120793981,-0.00200018287,-0.0019404667,1.07242322,0.117669724,-0.140930176,0.0393716879,0.00385295181,0.0430524573,0.00131016481,-0.00185984373,-0.00245261425,1.0520314,-0.07345581,-0.118530273,0.03274489,0.0006797515,0.0354606025,-0.550016165,2.1321528,2.73881,3.51421022
173,3.4599987740929703,862,0,0,0,0,0,-5.773129E-05,0,-0.00113747059,-5.773129E-05,0,-0.00113747059,1,0,0,1,1.15462535E-06,1.49011612E-08,2.2749402E-05,0,0,0,-0.00053698133,-0.00147660077,-0.00019968953,-0.1506958,0.008082422,0.046112407,0.00182071468,-0.0001799188,0.00250402815,0.0002882364,4.3541193E-05,-0.000828055257,0.0243904442,0.0191052649,0.122859687,-0.00432949234,-0.000350456918,-0.00158925774,-2.73384485E-05,8.42511654E-05,-0.000723518955,0.00478120754,-0.004547119,-0.0114135742,-0.00455681141,-0.000132563364,-0.000142815334,5.87433642E-05,0.00251053274,0.0011188871,4.90786171,0.06022731,0.156956956,0.05729644,0.000251054,-0.0003854657,1.13923325E-05,0.00252713263,0.0011399904,4.884241,-0.0213928223,-0.0158996582,0.059374433,3.32550844E-05,-8.055601E-05,0.00120906869,-0.00199435651,-0.00193468714,1.07230175,0.117640875,-0.140991211,0.0393181629,0.00383683341,0.04302597,0.00130694872,-0.00185599923,-0.00244738371,1.05187011,-0.07342529,-0.118499756,0.0326947123,0.000695209135,0.03544762,-0.5500161,2.13215256,2.73881,3.51421022
174,3.4799987670068027,869,0,0,0,0,0,-0.000115023882,0,-0.00114169088,-0.000115023882,0,-0.00114169088,1,0,0,1,2.30047681E-06,-5.94556332E-06,2.28338085E-05,0,0,0,-0.000534123159,-0.00148047507,-0.000198347174,-0.1506958,0.008082841,0.0461084247,0.00182195625,-0.000178648523,0.002499677,0.000290765078,3.413856E-05,-0.000825319963,0.0243273638,0.0191061161,0.122869305,-0.004316258,-0.00034788702,-0.00157436309,-2.50190915E-05,7.496774E-05,-0.0007136672,0.00474671554,-0.004547119,-0.0114135742,-0.004511178,-0.000129258056,-0.00012703822,5.99236919E-05,0.00250338018,0.00111613155,4.907868,0.06022261,0.15695335,0.0572056621,0.0002533358,-0.000383843231,1.14601135E-05,0.00251816213,0.00113621564,4.88406324,-0.0213928223,-0.0158996582,0.0591082349,2.78211664E-05,-7.694012E-05,0.00121145346,-0.0020006597,-0.00193937938,1.0722127,0.117624104,-0.140991211,0.0393811576,0.00384728378,0.04310862,0.00131074293,-0.00186561048,-0.00245959312,1.05190992,-0.07342529,-0.118469238,0.0328662246,0.000675906544,0.0354587622,-0.5500161,2.13215256,2.73881,3.51421022
175,3.4999987599206346,874,0,0,0,0,0,-5.776333E-05,0,-0.000909580558,-5.776333E-05,0,-0.000909580558,1,0,0,1,1.15526609E-06,1.49011612E-08,1.81916039E-05,0,0,0,-0.000537009561,-0.00147651136,-0.000212308383,-0.150726318,0.008083184,0.0461125076,0.00178255839,-0.000179154347,0.0025032938,0.000288841373,4.349649E-05,-0.0008298969,0.0243842565,0.0191049557,0.122857787,-0.00422475254,-0.000350454822,-0.0015919396,-2.73274454E-05,8.419156E-05,-0.0007272935,0.004795151,-0.004547119,-0.0114135742,-0.00446178671,-0.000133802037,-0.00014289064,6.0688013E-05,0.00250563025,0.001115523,4.90769434,0.0602160357,0.156951383,0.05705491,0.00025782804,-0.00038842918,1.1762203E-05,0.00252366066,0.00113616628,4.88404274,-0.0213928223,-0.0158996582,0.05921267,2.50376888E-05,-8.200422E-05,0.00120969047,-0.002003014,-0.00194613752,1.07229578,0.117648236,-0.140930176,0.03947411,0.00386370532,0.0431343168,0.001309409,-0.00186425447,-0.002456966,1.05194438,-0.07342529,-0.118499756,0.0328355171,0.0006778662,0.0354327559,-0.5500161,2.13215256,2.73881,3.51421022
176,3.5199987528344669,878,0,0,0,0,0,-0.000115051218,0,-0.00113731483,-0.000115051218,0,-0.00113731483,1,0,0,1,2.30102341E-06,-5.96046448E-06,2.27462879E-05,0,0,0,-0.0005341129,-0.00148050487,-0.0001996278,-0.1506958,0.008083316,0.04610844,0.00182198419,-0.000179396171,0.00249959738,0.000291281176,3.415346E-05,-0.000827953,0.0243187062,0.0191052239,0.122866191,-0.004327724,-0.000348423782,-0.00157662143,-2.46739983E-05,7.492304E-05,-0.000723694568,0.004715908,-0.004547119,-0.0114135742,-0.004558717,-0.000130397879,-0.000128403917,6.000776E-05,0.002505377,0.001115622,4.90782833,0.0602206849,0.156949937,0.05728807,0.000254748767,-0.000382366939,1.10695464E-05,0.00252081454,0.00113823137,4.884192,-0.0213928223,-0.0158996582,0.05937103,3.31093979E-05,-7.460678E-05,0.00121082878,-0.001998216,-0.00193675212,1.07221377,0.117628396,-0.1409607,0.0393525846,0.00384136313,0.04307828,0.001307294,-0.00186240673,-0.00244839373,1.05179954,-0.0733947754,-0.118469238,0.03271462,0.0006936737,0.0354465954,-0.550016165,2.1321528,2.73881,3.51421022
177,3.5399987457482993,883,0,0,0,0,0,-5.77538231E-05,0,-0.00114161742,-5.77538231E-05,0,-0.00114161742,1,0,0,1,1.155076E-06,0,2.283234E-05,0,0,0,-0.0005369738,-0.00147655606,-0.000198400259,-0.1506958,0.00808238052,0.04611246,0.00182101445,-0.0001803338,0.00250320463,0.000288739277,4.349649E-05,-0.000817612163,0.0242955051,0.0191031285,0.122854829,-0.00427970476,-0.0003512881,-0.00159148441,-2.74544382E-05,8.420646E-05,-0.000716751732,0.00466656871,-0.004547119,-0.0114135742,-0.00452469,-0.00013324483,-0.000141925819,6.04232737E-05,0.00250472128,0.00111420488,4.90762138,0.060213536,0.156948924,0.05702657,0.000255651219,-0.000388075568,1.13123406E-05,0.00252488256,0.00113593508,4.88410759,-0.0213928223,-0.0158996582,0.0591929071,2.75924085E-05,-8.105792E-05,0.00120954355,-0.00200337172,-0.00194600306,1.07227147,0.117643356,-0.140930176,0.03946569,0.00386390765,0.0431300662,0.00130888284,-0.0018633157,-0.0024587838,1.05180132,-0.0733947754,-0.118469238,0.0328764841,0.0006831733,0.03544456,-0.5500161,2.13215256,2.73881,3.51421022
178,3.5599987386621312,888,0,0,0,0,0,-0.000115015879,0,-0.0009094428,-0.000115015879,0,-0.0009094428,1,0,0,1,2.30031674E-06,-5.94556332E-06,1.81888481E-05,0,0,0,-0.0005340937,-0.00148044527,-0.000212252184,-0.150726318,0.008081974,0.04610845,0.0017835527,-0.000179512543,0.002499506,0.000291076169,3.415346E-05,-0.0008351574,0.0243319087,0.0191031378,0.122864075,-0.00425029127,-0.0003487567,-0.00157491956,-2.456303E-05,7.493794E-05,-0.0007244612,0.00472395355,-0.004547119,-0.0114135742,-0.004448201,-0.000132173911,-0.000128637737,5.97766229E-05,0.00250449777,0.001116144,4.907678,0.0602163225,0.156947657,0.0572240464,0.00025703042,-0.000382362952,1.15937519E-05,0.00251722336,0.00113579654,4.883961,-0.0213928223,-0.0158996582,0.05912836,2.37305867E-05,-7.611137E-05,0.00120977056,-0.00199903548,-0.001939903,1.07229412,0.117642261,-0.140930176,0.03939032,0.00384900556,0.0430830941,0.00131075678,-0.001869902,-0.0024609135,1.05188608,-0.07342529,-0.118469238,0.0328941,0.0006729032,0.0354432277,-0.550016165,2.1321528,2.73881,3.51421022
179,3.5799987315759636,894,0,0,0,0,0,-5.773252E-05,0,-0.00113732868,-5.773252E-05,0,-0.00113732868,1,0,0,1,1.15464991E-06,0,2.27465644E-05,0,0,0,-0.000537010259,-0.00147658587,-0.000199692775,-0.1506958,0.008082039,0.04611246,0.00182072329,-0.000179751951,0.00250404375,0.000288489042,4.348159E-05,-0.0008212498,0.0242959429,0.0191024411,0.122853175,-0.00429530349,-0.000350016751,-0.00159060908,-2.734356E-05,8.420646E-05,-0.000722304161,0.00465671159,-0.004547119,-0.0114135742,-0.00455074338,-0.000132447458,-0.000142855584,5.93532532E-05,0.00250630081,0.00111772621,4.90758657,0.060215,0.156947792,0.0571227558,0.0002549561,-0.000386017025,1.15933408E-05,0.00252757967,0.00113723136,4.88411427,-0.0213928223,-0.0158996582,0.0593645163,3.27101661E-05,-8.13164661E-05,0.00120891421,-0.00200063,-0.00194108579,1.072261,0.1176407,-0.140930176,0.0393986,0.00385360862,0.0430821329,0.00130658667,-0.00185921788,-0.00245122542,1.05178523,-0.0733947754,-0.118499756,0.03277368,0.0006942602,0.03543273,-0.5500161,2.13215256,2.73881,3.51421022
180,3.599998724489796,900,0,0,0,0,0,-0.000115016839,0,-0.0011415414,-0.000115016839,0,-0.0011415414,1,0,0,1,2.30033584E-06,-5.96046448E-06,2.283082E-05,0,0,0,-0.0005340454,-0.00148049,-0.00019832945,-0.1506958,0.008081551,0.0461082049,0.00182236731,-0.000179471128,0.00249956781,0.000290734955,3.412366E-05,-0.0008259461,0.0242340323,0.0191026349,0.122863218,-0.004319924,-0.000348510483,-0.00157378393,-2.4878309E-05,7.48932362E-05,-0.0007126963,0.004627321,-0.004547119,-0.0114135742,-0.004505683,-0.000130429878,-0.000127277963,5.905808E-05,0.00250391662,0.00111689907,4.90771437,0.06021613,0.156948209,0.05728586,0.000254602957,-0.000381571823,1.13924161E-05,0.002516538,0.00113636872,4.883925,-0.0213928223,-0.0158996582,0.05910674,2.57962383E-05,-7.649692E-05,0.00121051853,-0.00200063,-0.00193623768,1.07216036,0.117625877,-0.1409607,0.03934261,0.00384296314,0.0430800878,0.00131073233,-0.00186993182,-0.00246017333,1.0518254,-0.07342529,-0.118469238,0.03288013,0.0006752328,0.0354539,-0.550016165,2.1321528,2.73881,3.51421022
181,3.6199987174036279,905,0,0,0,0,0,-5.7743353E-05,0,-0.0009092368,-5.7743353E-05,0,-0.0009092368,1,0,0,1,1.1548666E-06,0,1.81847281E-05,0,0,0,-0.000537061249,-0.00147652626,-0.000212343351,-0.150726318,0.008082138,0.04611247,0.00178242254,-0.000178887611,0.00250366679,0.000288367068,4.35262918E-05,-0.000836461957,0.02425224,0.0191024821,0.122853704,-0.004256986,-0.0003495681,-0.00158991257,-2.72985635E-05,8.422136E-05,-0.000725842954,0.00468207849,-0.004547119,-0.0114135742,-0.00445473753,-0.000132953952,-0.000143356679,5.96482641E-05,0.0025087297,0.00111848419,4.90773058,0.0602128729,0.156949237,0.05723492,0.000253386184,-0.00038727175,1.16553711E-05,0.002524361,0.00113791507,4.883897,-0.0213928223,-0.0158996582,0.059214104,2.65857525E-05,-8.152792E-05,0.00121126184,-0.00199989974,-0.001939696,1.07210839,0.117614351,-0.1409607,0.03940666,0.00384802488,0.0431179255,0.00130897737,-0.00186407566,-0.00245757634,1.0518651,-0.07342529,-0.118499756,0.032852266,0.0006803817,0.0354336165,-0.5500161,2.13215256,2.73881,3.51421022
182,3.6399987103174603,912,0,0,0,0,0,-0.000115076771,0,-0.001137088,-0.000115076771,0,-0.001137088,1,0,0,1,2.30153455E-06,-5.96046448E-06,2.27417531E-05,0,0,0,-0.000534173334,-0.00148049,-0.000199630769,-0.1506958,0.008083364,0.0461085476,0.001821969,-0.000178334041,0.00249919062,0.000291159144,3.413856E-05,-0.000825298834,0.02419286,0.0191038,0.122862458,-0.004313663,-0.000347428431,-0.00157653412,-2.4756795E-05,7.493794E-05,-0.000722131,0.004609977,-0.004547119,-0.0114135742,-0.004551391,-0.000129154942,-0.00012848241,6.044376E-05,0.00250345469,0.00111651875,4.907724,0.06021147,0.1569447,0.0572082475,0.00025478148,-0.0003837927,1.09108069E-05,0.002520904,0.00114040764,4.88404226,-0.0213928223,-0.0158996582,0.05937322,3.371675E-05,-7.437985E-05,0.00121291063,-0.002002582,-0.0019403561,1.07203,0.117598437,-0.1409607,0.03941469,0.00384913082,0.043152418,0.001307235,-0.0018632859,-0.00244867615,1.051702,-0.0733947754,-0.118469238,0.0327270366,0.000695430732,0.03545034,-0.550016165,2.1321528,2.73881,3.51421022
183,3.6599987032312922,918,0,0,0,0,0,-5.77811552E-05,0,-0.00114155177,-5.77811552E-05,0,-0.00114155177,1,0,0,1,1.15562261E-06,1.49011612E-08,2.28310255E-05,0,0,0,-0.00053698977,-0.001476571,-0.000198387555,-0.1506958,0.008082759,0.04611247,0.00182103808,-0.000179949158,0.00250266818,0.000288904761,4.348159E-05,-0.0008160467,0.0241786856,0.0191016085,0.122850172,-0.00427172752,-0.000351261755,-0.00159238046,-2.7497068E-05,8.419156E-05,-0.0007118848,0.004587388,-0.004547119,-0.0114135742,-0.00450043,-0.00013334438,-0.000141782977,6.08605369E-05,0.002504751,0.0011132044,4.907513,0.06020419,0.156943411,0.05702025,0.000258075655,-0.000388594985,1.13594251E-05,0.00252334774,0.0011377472,4.883852,-0.0213928223,-0.0158996582,0.059108302,2.61669848E-05,-8.137478E-05,0.00121078629,-0.00200566649,-0.00194793474,1.07212329,0.117628224,-0.140899658,0.0395124033,0.00386800687,0.0431778,0.00130967493,-0.00186593831,-0.002461836,1.05175018,-0.0733947754,-0.118469238,0.0329188555,0.000679334567,0.03544912,-0.5500161,2.13215256,2.73881,3.51421022
184,3.6799986961451245,924,0,0,0,0,0,-0.000115012881,0,-0.0009090574,-0.000115012881,0,-0.0009090574,1,0,0,1,2.30025671E-06,-5.96046448E-06,1.81811411E-05,0,0,0,-0.0005341341,-0.00148046017,-0.000212237443,-0.150726318,0.0080826655,0.0461085364,0.00178366387,-0.00017931436,0.00249951,0.000291099772,3.413856E-05,-0.0008377839,0.0241997857,0.0191018973,0.122858472,-0.004263107,-0.000348568981,-0.00157519558,-2.47326934E-05,7.493794E-05,-0.000732642133,0.004602131,-0.004547119,-0.0114135742,-0.00448907074,-0.000131993569,-0.000127917752,5.949089E-05,0.00250560045,0.00111594843,4.90766,0.06020911,0.156942025,0.0573080666,0.000256176369,-0.000381537655,1.12858088E-05,0.00252096355,0.00113864813,4.88402462,-0.0213928223,-0.0158996582,0.05938839,2.9424582E-05,-7.55955261E-05,0.00121123937,-0.00199994445,-0.0019381243,1.07209849,0.11761798,-0.140899658,0.03938624,0.003845121,0.0431076474,0.00130776688,-0.00186721981,-0.00245196349,1.05166268,-0.0733947754,-0.118469238,0.0327953026,0.0006933192,0.0354476,-0.550016165,2.1321528,2.73881,3.51421022
185,3.6999986890589569,930,0,0,0,0,0,-5.77666142E-05,0,-0.00113700633,-5.77666142E-05,0,-0.00113700633,1,0,0,1,1.1553318E-06,1.49011612E-08,2.27401179E-05,0,0,0,-0.0005370301,-0.00147658587,-0.000199707109,-0.1506958,0.008082929,0.0461125,0.00182060257,-0.000179471739,0.0025040044,0.0002883448,4.351139E-05,-0.0008250672,0.0241380148,0.01910129,0.122848235,-0.00431385729,-0.000349883,-0.00159015984,-2.72002326E-05,8.42511654E-05,-0.000713422138,0.004572801,-0.004547119,-0.0114135742,-0.004506462,-0.0001318111,-0.0001437824,5.968925E-05,0.002508834,0.001117312,4.907641,0.06020775,0.156942844,0.05721034,0.000252243248,-0.0003874136,1.16859283E-05,0.00252373517,0.00113816257,4.8838253,-0.0213928223,-0.0158996582,0.0591145456,2.79739033E-05,-8.114368E-05,0.001211937,-0.00199966133,-0.00194017857,1.072027,0.117598489,-0.140930176,0.039418377,0.00384791358,0.0431317836,0.00130933337,-0.00186650455,-0.00246209116,1.05168688,-0.0733947754,-0.118469238,0.03293206,0.000681220437,0.03544711,-0.5500161,2.1321528,2.73881,3.51421022
186,3.7199986819727888,936,0,0,0,0,0,-0.000115053532,0,-0.00114129228,-0.000115053532,0,-0.00114129228,1,0,0,1,2.3010698E-06,-5.96046448E-06,2.28258359E-05,0,0,0,-0.0005341268,-0.00148046017,-0.000198314156,-0.1506958,0.008083735,0.04610848,0.0018221637,-0.000178414179,0.00249969587,0.0002909097,3.413856E-05,-0.000819602,0.0241060648,0.019102592,0.122857109,-0.004287365,-0.00034747328,-0.00157522457,-2.47398657E-05,7.490814E-05,-0.000719963,0.004510777,-0.004547119,-0.0114135742,-0.004542556,-0.0001294487,-0.000128497559,6.032006E-05,0.00250157714,0.00111425889,4.907528,0.0602043346,0.156939134,0.05710992,0.000258154469,-0.000384077226,1.143414E-05,0.00252051651,0.00113590155,4.883969,-0.0213928223,-0.0158996582,0.0593551844,3.14908575E-05,-7.58810856E-05,0.00121217011,-0.00200535357,-0.0019447509,1.07205153,0.117608629,-0.140899658,0.0394716,0.00386023824,0.0431774966,0.00130768213,-0.00186896324,-0.00245386967,1.05161643,-0.0733947754,-0.118438721,0.0328301042,0.0006929933,0.03544485,-0.550016165,2.1321528,2.73881,3.51421022
187,3.7399986748866212,943,0,0,0,0,0,-5.77531173E-05,0,-0.0009089366,-5.77531173E-05,0,-0.0009089366,1,0,0,1,1.15506191E-06,0,1.81787254E-05,0,0,0,-0.000536890235,-0.00147648156,-0.000212325889,-0.150726318,0.008082699,0.046112258,0.001782343,-0.00018048269,0.00250303,0.0002886825,4.351139E-05,-0.000833850936,0.0241415165,0.0191000346,0.122846261,-0.00424508,-0.0003518894,-0.00159056822,-2.72578654E-05,8.420646E-05,-0.0007278665,0.00454547442,-0.004547119,-0.0114135742,-0.00446352,-0.000135250521,-0.000142571575,5.93414661E-05,0.00250804424,0.00111674354,4.907555,0.0602032356,0.156940669,0.05722352,0.000255155115,-0.000385444844,1.13143005E-05,0.00252409279,0.00113826571,4.883891,-0.0213928223,-0.0158996582,0.05922244,2.579494E-05,-8.061429E-05,0.00121078943,-0.002002284,-0.001941117,1.07205856,0.117614165,-0.140899658,0.0394319333,0.00385328918,0.0431324728,0.00130836712,-0.00186896324,-0.00246032537,1.05161142,-0.0733947754,-0.118469238,0.03291854,0.00068547047,0.0354389921,-0.5500161,2.13215256,2.73881,3.51421022
188,3.7599986678004536,950,0,0,0,0,0,-0.000115019109,0,-0.00113696849,-0.000115019109,0,-0.00113696849,1,0,0,1,2.30038131E-06,-5.94556332E-06,2.27393612E-05,0,0,0,-0.000534187653,-0.00148047507,-0.000199625472,-0.1506958,0.008083215,0.04610852,0.00182182924,-0.000178908565,0.00249968865,0.000290708675,3.4108758E-05,-0.00082396,0.024090251,0.0191012416,0.122855991,-0.004307089,-0.000347522262,-0.0015741695,-2.48262877E-05,7.493794E-05,-0.000715267146,0.004508097,-0.004547119,-0.0114135742,-0.00451682042,-0.000129545937,-0.000127997526,5.94074E-05,0.00250305235,0.00111795589,4.90754557,0.0602048971,0.156939745,0.0572090931,0.0002552568,-0.000382384023,1.15737294E-05,0.00251966715,0.00113696815,4.883807,-0.0213928223,-0.0158996582,0.0591932759,2.86240884E-05,-7.668793E-05,0.00121200329,-0.00200299919,-0.00193956657,1.07197964,0.117599674,-0.140930176,0.0394026339,0.0038493555,0.04313756,0.00130936666,-0.00186926126,-0.00246011768,1.05162632,-0.0733947754,-0.118438721,0.03291823,0.000684617669,0.0354523659,-0.5500161,2.13215256,2.73881,3.51421022
189,3.7799986607142855,957,0,0,0,0,0,-5.77855644E-05,0,-0.00114118,-5.77855644E-05,0,-0.00114118,1,0,0,1,1.15571083E-06,1.49011612E-08,2.28235931E-05,0,0,0,-0.00053702,-0.001476571,-0.00019839374,-0.1506958,0.008083212,0.0461124554,0.00182111654,-0.00017950921,0.0025032605,0.0002885247,4.348159E-05,-0.000821673,0.024044903,0.0191003866,0.122846305,-0.00429915171,-0.00035016684,-0.00159092562,-2.72617453E-05,8.417666E-05,-0.0007165953,0.00446423749,-0.004547119,-0.0114135742,-0.00452425936,-0.0001324511,-0.000143348778,5.9235932E-05,0.00250782073,0.00111620256,4.907536,0.0602017827,0.156942,0.0571975969,0.000254099141,-0.000385460618,1.157268E-05,0.00252451,0.00113599526,4.883833,-0.0213928223,-0.0158996582,0.0592701025,2.87684361E-05,-8.112022E-05,0.001211887,-0.00200262666,-0.00194159849,1.0719583,0.117596716,-0.140930176,0.03944509,0.00385321025,0.0431556851,0.00130770355,-0.001868993,-0.00245816121,1.05159652,-0.0733947754,-0.118469238,0.0328935757,0.000688665546,0.0354333,-0.5500161,2.13215256,2.73881,3.51421022
190,3.7999986536281178,963,0,0,0,0,0,-0.000115018927,0,-0.000908752263,-0.000115018927,0,-0.000908752263,1,0,0,1,2.30037767E-06,-5.96046448E-06,1.81750383E-05,0,0,0,-0.000534105755,-0.00148044527,-0.000212266081,-0.150726318,0.008083311,0.0461084321,0.0017837364,-0.000179031354,0.00249951775,0.0002908954,3.412366E-05,-0.000834785751,0.024073936,0.0191005431,0.122855991,-0.004247848,-0.000348703557,-0.0015742965,-2.47336757E-05,7.490814E-05,-0.0007300668,0.00448619155,-0.004547119,-0.0114135742,-0.00447612768,-0.000131743116,-0.000127988373,5.97271428E-05,0.00250379741,0.001117525,4.907545,0.0602016337,0.156938776,0.0572290868,0.000255684019,-0.000382745638,1.11720019E-05,0.002520144,0.00113895186,4.883866,-0.0213928223,-0.0158996582,0.0593072772,2.87545317E-05,-7.534033E-05,0.00121305394,-0.00200361013,-0.00194124435,1.07193959,0.117591195,-0.140899658,0.0394392833,0.00385166961,0.04317085,0.00130821136,-0.00187000632,-0.00245682546,1.051557,-0.0733947754,-0.118438721,0.0328749828,0.000690982852,0.03545101,-0.550016165,2.1321528,2.73881,3.51421022
191,3.8199986465419498,971,0,0,0,0,0,-5.7764486E-05,0,-0.00113672263,-5.7764486E-05,0,-0.00113672263,1,0,0,1,1.15528928E-06,1.49011612E-08,2.27344426E-05,0,0,0,-0.0005370051,-0.00147655606,-0.000199706818,-0.1506958,0.008083091,0.04611243,0.00182059291,-0.000180112882,0.002503197,0.000288499839,4.349649E-05,-0.0008231385,0.0240231473,0.0190990381,0.12284521,-0.00430455664,-0.000350790739,-0.00159063155,-2.733689E-05,8.426607E-05,-0.0007189317,0.00442820741,-0.004547119,-0.0114135742,-0.004533446,-0.000132695161,-0.000142761492,5.992446E-05,0.00250825286,0.001117293,4.907526,0.0601989329,0.1569395,0.0572055653,0.000253546954,-0.000387521664,1.14735421E-05,0.00252772868,0.00113815,4.883868,-0.0213928223,-0.0158996582,0.0592837781,3.07295122E-05,-8.10042E-05,0.0012129189,-0.002002567,-0.00194148032,1.07188237,0.117583752,-0.140930176,0.0394503847,0.0038516894,0.04317182,0.00130708714,-0.00186471641,-0.00245912024,1.05151379,-0.07336426,-0.1184082,0.03293003,0.000695426,0.03544446,-0.5500161,2.13215256,2.73881,3.51421022
192,3.8399986394557821,978,0,0,0,0,0,-0.000115038434,0,-0.00114093733,-0.000115038434,0,-0.00114093733,1,0,0,1,2.30076785E-06,-5.94556332E-06,2.28187382E-05,0,0,0,-0.00053413806,-0.00148049,-0.000198329319,-0.1506958,0.008082986,0.0461085141,0.00182214368,-0.000179078008,0.00249964069,0.000291171833,3.413856E-05,-0.0008219826,0.0239770617,0.0190993138,0.122854158,-0.00429961737,-0.000348455156,-0.00157618825,-2.4841509E-05,7.4878335E-05,-0.000717433635,0.0043720766,-0.004547119,-0.0114135742,-0.004529235,-0.000130170767,-0.000127589839,6.009092E-05,0.002503246,0.00111496751,4.907507,0.0601963848,0.156937093,0.05719589,0.000255840336,-0.0003826879,1.1393302E-05,0.002518639,0.0011354743,4.88386869,-0.0213928223,-0.0158996582,0.0592723265,2.8931885E-05,-7.62741038E-05,0.001213588,-0.00200492144,-0.00194266718,1.07185876,0.117581375,-0.140899658,0.0394640937,0.00385475531,0.0431947336,0.00130820554,-0.00187586248,-0.00245985948,1.051468,-0.07336426,-0.1184082,0.0329363421,0.0006895518,0.035442058,-0.550016165,2.1321528,2.73881,3.51421022
193,3.8599986323696145,985,0,0,0,0,0,-5.776917E-05,0,-0.000908703369,-5.776917E-05,0,-0.000908703369,1,0,0,1,1.155383E-06,0,1.817406E-05,0,0,0,-0.000536950771,-0.00147651136,-0.000212336512,-0.150726318,0.00808236748,0.04611248,0.00178245781,-0.000180183575,0.002503156,0.0002887222,4.35262918E-05,-0.0008305947,0.0240266416,0.0190973543,0.12284337,-0.00422839727,-0.000351338153,-0.0015910099,-2.704317E-05,8.42362642E-05,-0.00072648027,0.00441505574,-0.004547119,-0.0114135742,-0.00445670541,-0.0001346983,-0.000143831086,6.02066721E-05,0.002507344,0.00111627986,4.907405,0.06019339,0.156936988,0.0571380369,0.000256441825,-0.000387457345,1.15109015E-05,0.00252485275,0.0011365026,4.88378429,-0.0213928223,-0.0158996582,0.0592147931,2.482512E-05,-8.047149E-05,0.0012124253,-0.00200428069,-0.00194547954,1.07192791,0.117595077,-0.140899658,0.0395065062,0.00386093231,0.043196056,0.00130813755,-0.00187182426,-0.00246414845,1.0515269,-0.07336426,-0.1184082,0.0330044441,0.0006860802,0.03543073,-0.5500161,2.13215256,2.73881,3.51421022
194,3.8799986252834464,992,0,0,0,0,0,-0.00011500965,0,-0.0011368586,-0.00011500965,0,-0.0011368586,1,0,0,1,2.30019214E-06,-5.94556332E-06,2.2737162E-05,0,0,0,-0.000534140156,-0.00148047507,-0.000199618167,-0.1506958,0.00808236748,0.0461085252,0.00182188337,-0.000179527036,0.002499621,0.000290930329,3.413856E-05,-0.0008188592,0.024004668,0.0190979484,0.122852184,-0.00428206054,-0.000348155852,-0.00157491514,-2.48654032E-05,7.493794E-05,-0.0007144211,0.004382075,-0.004547119,-0.0114135742,-0.00451206043,-0.00013051425,-0.000127413732,5.96666068E-05,0.00250153244,0.00111678184,4.90729427,0.06019461,0.15693523,0.05711585,0.0002574443,-0.000382263359,1.15364937E-05,0.00251925,0.00113646185,4.883688,-0.0213928223,-0.0158996582,0.0591905229,2.7656135E-05,-7.693937E-05,0.00121200527,-0.0020056814,-0.00194374681,1.07194042,0.117598727,-0.140869141,0.03946248,0.00385912368,0.0431740172,0.00130885921,-0.001872763,-0.00246219616,1.05155253,-0.07336426,-0.1184082,0.0329640657,0.0006849611,0.0354409628,-0.550016165,2.1321528,2.73881,3.51421022
195,3.8999986181972788,998,0,0,0,0,0,-5.77367719E-05,0,-0.00114115642,-5.77367719E-05,0,-0.00114115642,1,0,0,1,1.154735E-06,1.49011612E-08,2.28231183E-05,0,0,0,-0.0005369562,-0.00147658587,-0.0001983869,-0.1506958,0.008081504,0.0461123325,0.00182090385,-0.000180244053,0.00250396552,0.000288123469,4.351139E-05,-0.000819607754,0.0239738226,0.01909669,0.1228418,-0.00428926665,-0.000350521528,-0.001588613,-2.70093187E-05,8.417666E-05,-0.0007120192,0.004362652,-0.004547119,-0.0114135742,-0.00450095348,-0.00013328802,-0.0001442833,5.862183E-05,0.00250729918,0.00111720024,4.90729666,0.060194917,0.156937689,0.0571947135,0.000256078085,-0.000385168329,1.158168E-05,0.00252299,0.00113635347,4.883602,-0.0213928223,-0.0158996582,0.05918263,2.57644224E-05,-8.047416E-05,0.001210772,-0.0020031482,-0.00194100081,1.07193434,0.117603622,-0.140899658,0.03943373,0.00385398651,0.04313743,0.00130839471,-0.0018722862,-0.00246214983,1.05158436,-0.0733947754,-0.118438721,0.0329550654,0.0006830967,0.03542708,-0.5500161,2.13215256,2.73881,3.51421022
196,3.9199986111111111,1005,0,0,0,0,0,-0.000115016606,0,-0.000908653135,-0.000115016606,0,-0.000908653135,1,0,0,1,2.30033129E-06,-5.96046448E-06,1.81730557E-05,0,0,0,-0.000534095045,-0.00148044527,-0.000212259562,-0.150726318,0.008081941,0.04610833,0.00178354036,-0.0001786275,0.00249961647,0.000290686,3.413856E-05,-0.000836897932,0.0239918735,0.0190978814,0.122853763,-0.00425810274,-0.0003477975,-0.00157343072,-2.48387114E-05,7.48932362E-05,-0.0007277693,0.00439951243,-0.004547119,-0.0114135742,-0.004464833,-0.000131322144,-0.000127654712,5.838521E-05,0.002505064,0.00112063088,4.907411,0.060198307,0.15693897,0.057319995,0.000254174345,-0.000379736972,1.12586458E-05,0.00251980126,0.00114051683,4.88364458,-0.0213928223,-0.0158996582,0.0593053475,2.91141769E-05,-7.59915856E-05,0.00121274847,-0.0020018518,-0.00193704525,1.07183826,0.11758291,-0.140930176,0.039387174,0.00384331215,0.0431392565,0.00130805629,-0.00187042356,-0.002456445,1.05155385,-0.0733947754,-0.118438721,0.032869745,0.0006908849,0.0354464427,-0.550016165,2.1321528,2.73881,3.51421022
197,3.9399986040249431,1013,0,0,0,0,0,-5.776201E-05,0,-0.00113668584,-5.776201E-05,0,-0.00113668584,1,0,0,1,1.15523972E-06,1.49011612E-08,2.27337077E-05,0,0,0,-0.0005370267,-0.00147655606,-0.000199700968,-0.1506958,0.008082301,0.046112407,0.00182073563,-0.000179517927,0.00250327517,0.0002882083,4.351139E-05,-0.000819370034,0.0239581279,0.0190970749,0.122844636,-0.00428542541,-0.000350125949,-0.0015893745,-2.73161568E-05,8.420646E-05,-0.0007169553,0.004351881,-0.004547119,-0.0114135742,-0.00452379324,-0.000132232191,-0.000143062833,5.94216981E-05,0.00250697136,0.00111958676,4.90727663,0.0601934567,0.156940237,0.05712538,0.0002535688,-0.00038698467,1.11488116E-05,0.00252476335,0.00114195421,4.88365126,-0.0213928223,-0.0158996582,0.059288647,3.170107E-05,-8.000018E-05,0.00121292612,-0.00200371444,-0.00194365485,1.07179952,0.117578335,-0.140930176,0.03948083,0.0038566147,0.0431903526,0.00130666571,-0.00186878443,-0.00245650439,1.05144167,-0.07336426,-0.118438721,0.03287672,0.0006956034,0.0354388766,-0.5500161,2.13215256,2.73881,3.51421022
198,3.9599985969387754,1019,0,0,0,0,0,-0.000115018476,0,-0.001140852,-0.000115018476,0,-0.001140852,1,0,0,1,2.30036858E-06,-5.96046448E-06,2.281703E-05,0,0,0,-0.000534116058,-0.00148049,-0.000198319147,-0.1506958,0.008082154,0.0461083539,0.00182210957,-0.00017935934,0.00249960716,0.00029083353,3.413856E-05,-0.0008237711,0.0239042882,0.0190973543,0.122853972,-0.004308559,-0.0003484745,-0.00157447741,-2.49070945E-05,7.492304E-05,-0.0007158791,0.004304703,-0.004547119,-0.0114135742,-0.00452139229,-0.000130324552,-0.000127242645,5.98155566E-05,0.00250452757,0.001116223,4.90737,0.0601933971,0.156937569,0.05728074,0.000255037972,-0.000383176754,1.12289172E-05,0.00252062082,0.00113906967,4.88365555,-0.0213928223,-0.0158996582,0.05927799,2.929438E-05,-7.59864051E-05,0.00121473894,-0.0020044148,-0.00193987542,1.07174182,0.117566049,-0.140930176,0.0394414254,0.00384815759,0.0432003923,0.001308122,-0.00187183917,-0.002459283,1.05140257,-0.07336426,-0.1184082,0.03293604,0.000694355869,0.03545824,-0.550016165,2.1321528,2.73881,3.51421022
199,3.9799985898526073,1026,0,0,0,0,0,-5.77716273E-05,0,-0.0009084219,-5.77716273E-05,0,-0.0009084219,1,0,0,1,1.15543207E-06,0,1.816843E-05,0,0,0,-0.0005369881,-0.00147651136,-0.000212326122,-0.150726318,0.008081975,0.0461124666,0.00178254908,-0.000179621988,0.002503281,0.00028864725,4.3541193E-05,-0.000834239356,0.0239303373,0.0190959144,0.122843072,-0.00424613245,-0.000350866321,-0.00159092934,-2.71275385E-05,8.419156E-05,-0.000728576852,0.00433494756,-0.004547119,-0.0114135742,-0.004467374,-0.000133973008,-0.0001436776,6.03592925E-05,0.0025087297,0.00111746334,4.907354,0.06018905,0.1569368,0.0572286919,0.0002539633,-0.000388244865,1.15231433E-05,0.00252479315,0.0011394039,4.88367558,-0.0213928223,-0.0158996582,0.05930528,2.72609523E-05,-8.058855E-05,0.00121459225,-0.00200395286,-0.001943079,1.07172322,0.117563382,-0.140930176,0.0394919179,0.00385388732,0.043219775,0.001307195,-0.00187371671,-0.00246055145,1.05135775,-0.07336426,-0.1184082,0.0329631865,0.0006943071,0.0354383364,-0.5500161,2.13215256,2.73881,3.51421022
200,3.9999985827664397,1033,0,0,0,0,0,-0.000115044713,0,-0.00113640237,-0.000115044713,0,-0.00113640237,1,0,0,1,2.30089336E-06,-5.96046448E-06,2.27280379E-05,0,0,0,-0.000534155348,-0.00148049,-0.000199649279,-0.1506958,0.008082502,0.0461084954,0.00182182773,-0.00017913479,0.00249961927,0.000291108619,3.415346E-05,-0.000823170471,0.023879353,0.0190966,0.122850582,-0.004303078,-0.000348044181,-0.00157606986,-2.46762029E-05,7.493794E-05,-0.000717833464,0.00427867472,-0.004547119,-0.0114135742,-0.004529154,-0.000129715438,-0.000128569387,6.084038E-05,0.00250394642,0.00111582573,4.90731668,0.0601878539,0.156931624,0.05720315,0.0002557948,-0.000384967454,1.13641845E-05,0.002520293,0.00113823265,4.88366365,-0.0213928223,-0.0158996582,0.0592822134,3.18274651E-05,-7.558137E-05,0.00121585745,-0.002005443,-0.00194327277,1.07168961,0.117556319,-0.140899658,0.0394936055,0.003853698,0.0432419777,0.001307372,-0.00187493861,-0.00246076775,1.051298,-0.07333374,-0.118377686,0.032969635,0.0006956257,0.0354463942,-0.5500161,2.1321528,2.73881,3.51421022
201,4.0199985756802716,1039,0,0,0,0,0,-5.77814826E-05,0,-0.00114063418,-5.77814826E-05,0,-0.00114063418,1,0,0,1,1.15562921E-06,0,2.28126737E-05,0,0,0,-0.000536976266,-0.00147654116,-0.000198396359,-0.1506958,0.008081943,0.04611248,0.00182095054,-0.000179894414,0.00250321953,0.0002888546,4.351139E-05,-0.00082085107,0.0238356255,0.0190949235,0.122837462,-0.004295193,-0.0003509411,-0.00159231864,-2.729694E-05,8.422136E-05,-0.000716248935,0.004230721,-0.004547119,-0.0114135742,-0.0045218477,-0.000132939051,-0.0001428333,6.04545858E-05,0.002508089,0.00111370359,4.907281,0.0601832867,0.156929567,0.05719052,0.000255073246,-0.000387742242,1.147802E-05,0.002525404,0.00113535509,4.8836503,-0.0213928223,-0.0158996582,0.0592696033,2.75110942E-05,-8.110105E-05,0.00121456222,-0.00200536847,-0.001944813,1.07170534,0.11756067,-0.140899658,0.03951931,0.00385830412,0.04323733,0.0013071,-0.00187505782,-0.0024639233,1.05129039,-0.07333374,-0.1184082,0.0330289528,0.000694074435,0.0354343355,-0.5500161,2.13215256,2.73881,3.51421022
202,4.039998568594104,1046,0,0,0,0,0,-0.000115026247,0,-0.0009083369,-0.000115026247,0,-0.0009083369,1,0,0,1,2.300524E-06,-5.96046448E-06,1.8166731E-05,0,0,0,-0.000534116931,-0.00148046017,-0.0002122675,-0.150726318,0.008082116,0.0461084768,0.00178361859,-0.000179084178,0.0024995408,0.000291074422,3.413856E-05,-0.000833786849,0.0238679647,0.0190953854,0.122845918,-0.004242607,-0.0003484116,-0.00157525588,-2.47396438E-05,7.490814E-05,-0.0007255453,0.0042744074,-0.004547119,-0.0114135742,-0.00445333263,-0.000131566732,-0.000127957421,6.01408065E-05,0.00250349939,0.001115901,4.907266,0.06018354,0.156927645,0.0572237559,0.000257075328,-0.000383124629,1.15213543E-05,0.002518773,0.00113651168,4.8835516,-0.0213928223,-0.0158996582,0.0592135377,2.64557711E-05,-7.649717E-05,0.00121469167,-0.00200647116,-0.001943531,1.07171643,0.117563285,-0.140869141,0.0394930281,0.00385653367,0.0432303,0.00130881811,-0.00187876821,-0.00246569724,1.051346,-0.07336426,-0.118377686,0.03304072,0.000686695741,0.0354429446,-0.550016165,2.1321528,2.73881,3.51421022
203,4.0599985615079364,1051,0,0,0,0,0,-5.776435E-05,0,-0.00113644975,-5.776435E-05,0,-0.00113644975,1,0,0,1,1.15528655E-06,1.49011612E-08,2.27289856E-05,0,0,0,-0.0005370196,-0.00147658587,-0.0001996922,-0.1506958,0.00808252,0.046112448,0.0018206801,-0.000179392446,0.00250409916,0.0002883926,4.3451786E-05,-0.000821647351,0.0238233022,0.0190950371,0.122834727,-0.00429647649,-0.0003496716,-0.00159047765,-2.71934223E-05,8.419156E-05,-0.0007131498,0.004249408,-0.004547119,-0.0114135742,-0.00450481335,-0.000132059344,-0.000143809317,5.91769822E-05,0.00250662863,0.00111745833,4.907228,0.0601826459,0.1569296,0.0572033562,0.000255028222,-0.000385644962,1.183675E-05,0.00252494216,0.00113674568,4.883443,-0.0213928223,-0.0158996582,0.05918865,2.75844523E-05,-8.175074E-05,0.00121357327,-0.002007097,-0.00194201653,1.07165956,0.117561162,-0.140869141,0.0394697674,0.00385592366,0.043209143,0.00130790658,-0.00187280774,-0.002465181,1.05139482,-0.07336426,-0.1184082,0.03303288,0.000688546,0.0354331322,-0.5500161,2.13215256,2.73881,3.51421022
204,4.0799985544217687,1057,0,0,0,0,0,-0.000115079725,0,-0.00114076026,-0.000115079725,0,-0.00114076026,1,0,0,1,2.30159367E-06,-5.96046448E-06,2.28151966E-05,0,0,0,-0.0005341043,-0.00148047507,-0.0001983274,-0.1506958,0.008083178,0.0461083,0.00182207744,-0.00017856354,0.00249964674,0.000291072472,3.412366E-05,-0.0008165657,0.0238051731,0.0190962814,0.1228454,-0.004272134,-0.000347599242,-0.00157592783,-2.46517338E-05,7.4878335E-05,-0.0007147352,0.00421098433,-0.004547119,-0.0114135742,-0.004515938,-0.0001300474,-0.000128741143,5.897623E-05,0.00250078738,0.001116405,4.907094,0.0601824373,0.156929553,0.05710945,0.000258447777,-0.000379601173,1.14968507E-05,0.00252009928,0.00113658793,4.883446,-0.0213928223,-0.0158996582,0.0592688136,2.86589E-05,-7.60143448E-05,0.00121311273,-0.00200898945,-0.00194541086,1.071696,0.117572382,-0.140838623,0.0395064168,0.00386403059,0.0432248153,0.00130814989,-0.00187425315,-0.00246137567,1.05139971,-0.07336426,-0.1184082,0.0329733454,0.0006915077,0.03544614,-0.550016165,2.1321528,2.73881,3.51421022
205,4.0999985473356011,1064,0,0,0,0,0,-5.774814E-05,0,-0.0009082963,-5.774814E-05,0,-0.0009082963,1,0,0,1,1.15496232E-06,1.49011612E-08,1.816592E-05,0,0,0,-0.000536905834,-0.00147652626,-0.000212318671,-0.150726318,0.00808201,0.04611228,0.00178235222,-0.00018071571,0.00250251568,0.000288293377,4.35858965E-05,-0.000831188459,0.0238530859,0.0190938041,0.122836992,-0.00423165038,-0.0003519739,-0.00158857764,-2.713855E-05,8.428097E-05,-0.000731347071,0.00422660867,-0.004547119,-0.0114135742,-0.00448043039,-0.000135733833,-0.000143020166,5.8576E-05,0.00251060724,0.00111866684,4.9071,0.0601842329,0.156933069,0.05722357,0.000254777871,-0.000384441344,1.14899331E-05,0.00252681971,0.00114022545,4.88356161,-0.0213928223,-0.0158996582,0.05939228,2.838672E-05,-8.063886E-05,0.00121264555,-0.00200013816,-0.00194308849,1.07174671,0.117572889,-0.140869141,0.039498128,0.00385351223,0.0431834273,0.00130599341,-0.00187131763,-0.00245791744,1.05131972,-0.07333374,-0.1184082,0.0329394937,0.000701758,0.0354375578,-0.5500161,2.13215256,2.73881,3.51421022
206,4.1199985402494326,1070,0,0,0,0,0,-0.000114991279,0,-0.00113619654,-0.000114991279,0,-0.00113619654,1,0,0,1,2.2998247E-06,-5.96046448E-06,2.27239216E-05,0,0,0,-0.0005341417,-0.00148050487,-0.000199642658,-0.1506958,0.008081587,0.0461084247,0.00182186789,-0.000179915485,0.00249962625,0.000290483847,3.40938568E-05,-0.0008247713,0.0237934459,0.0190939,0.122848213,-0.00431147357,-0.000348674774,-0.00157262548,-2.47278822E-05,7.480383E-05,-0.0007172813,0.00416821055,-0.004547119,-0.0114135742,-0.004525855,-0.000130534128,-0.000127962645,5.885481E-05,0.00250302255,0.00111995987,4.907172,0.0601859652,0.156932682,0.057295382,0.00025303592,-0.0003816945,1.109313E-05,0.002517566,0.00114069856,4.883531,-0.0213928223,-0.0158996582,0.0592881143,3.05002723E-05,-7.50787149E-05,0.0012149465,-0.00200665,-0.00193762523,1.07160771,0.117548905,-0.140899658,0.03940727,0.0038458,0.0431979224,0.00130701018,-0.00188085437,-0.00245992187,1.05118978,-0.07333374,-0.118377686,0.03295836,0.000696337665,0.03544062,-0.550016165,2.1321528,2.73881,3.51421022
207,4.1399985331632649,1077,0,0,0,0,0,-5.77173741E-05,0,-0.00114048575,-5.77173741E-05,0,-0.00114048575,1,0,0,1,1.154347E-06,1.49011612E-08,2.28097051E-05,0,0,0,-0.00053697807,-0.00147658587,-0.000198413589,-0.1506958,0.008081068,0.0461123958,0.00182077126,-0.000179917726,0.002503993,0.00028809483,4.35262918E-05,-0.0008201366,0.0237504113,0.0190926157,0.122837909,-0.00429142453,-0.0003506178,-0.00158866658,-2.73629339E-05,8.42362642E-05,-0.0007147431,0.004126516,-0.004547119,-0.0114135742,-0.004514362,-0.00013263218,-0.00014263374,5.94057274E-05,0.00250892341,0.001117526,4.907127,0.0601795167,0.15693289,0.0571994856,0.00025322818,-0.000387411157,1.12342295E-05,0.00252473354,0.001137606,4.8835125,-0.0213928223,-0.0158996582,0.059272062,2.811879E-05,-8.062125E-05,0.00121510914,-0.00200398266,-0.00194391457,1.07158351,0.1175446,-0.140899658,0.0395174026,0.003855194,0.0432410166,0.00130668352,-0.00187793374,-0.00246442249,1.05116165,-0.07333374,-0.118377686,0.03304652,0.0006960907,0.0354316831,-0.5500161,2.13215256,2.73881,3.51421022
208,4.1599985260770973,1085,0,0,0,0,0,-0.000115020383,0,-0.000908117334,-0.000115020383,0,-0.000908117334,1,0,0,1,2.30040678E-06,-5.94556332E-06,1.816234E-05,0,0,0,-0.000534044,-0.00148043036,-0.000212263083,-0.150726318,0.008081114,0.04610823,0.0017836676,-0.000179189636,0.00249945372,0.000291165343,3.415346E-05,-0.0008327608,0.0237870738,0.0190928038,0.122847825,-0.00423758,-0.000348738715,-0.00157557323,-2.494761E-05,7.495284E-05,-0.000727860839,0.004156719,-0.004547119,-0.0114135742,-0.0044645993,-0.000131807,-0.000126764411,6.0132712E-05,0.002503857,0.00111740548,4.907108,0.0601785444,0.156929716,0.05722556,0.000256598956,-0.000382775936,1.12307462E-05,0.002520606,0.00113822613,4.88350964,-0.0213928223,-0.0158996582,0.0593018234,2.81088687E-05,-7.640326E-05,0.00121598179,-0.0020070076,-0.00194385881,1.07158458,0.117546223,-0.140869141,0.039512407,0.0038561977,0.04325998,0.00130754034,-0.001878947,-0.00246416475,1.05116689,-0.07333374,-0.118377686,0.03304471,0.000696354837,0.0354479365,-0.5500161,2.13215256,2.73881,3.51421022
209,4.17999851899093,1091,0,0,0,0,0,-5.773268E-05,0,-0.00113614451,-5.773268E-05,0,-0.00113614451,1,0,0,1,1.15465309E-06,0,2.27228811E-05,0,0,0,-0.000536950363,-0.00147658587,-0.0001997062,-0.1506958,0.00808072649,0.04611215,0.00182068092,-0.000180198331,0.00250394573,0.000288424984,4.34666872E-05,-0.000820895541,0.0237450786,0.0190912783,0.122835778,-0.00429324433,-0.000350810355,-0.0015901865,-2.72545058E-05,8.417666E-05,-0.00071646343,0.004108804,-0.004547119,-0.0114135742,-0.004520605,-0.000132867892,-0.00014301014,6.00262465E-05,0.00250637531,0.00111769419,4.90706444,0.0601757467,0.15692991,0.0572025627,0.000254713465,-0.000388006127,1.13198E-05,0.00252477825,0.00113785185,4.8834796,-0.0213928223,-0.0158996582,0.0592784248,2.89298223E-05,-8.05274E-05,0.00121507957,-0.00200882554,-0.00194280688,1.07152975,0.117545113,-0.140899658,0.03949332,0.003857072,0.043247547,0.00130648247,-0.00187827647,-0.002464339,1.05111635,-0.07333374,-0.118377686,0.0330487937,0.0006975669,0.03543273,-0.5500161,2.13215256,2.73881,3.51421022
210,4.199998511904762,1098,0,0,0,0,0,-0.000115049712,0,-0.00114038971,-0.000115049712,0,-0.00114038971,1,0,0,1,2.3009934E-06,-5.94556332E-06,2.28077843E-05,0,0,0,-0.0005340852,-0.00148047507,-0.000198328533,-0.1506958,0.008080521,0.04610827,0.0018219027,-0.000179410126,0.00249908958,0.0002911112,3.415346E-05,-0.0008196885,0.0237087887,0.01909168,0.122844838,-0.00428810855,-0.00034841962,-0.0015757716,-2.47066564E-05,7.495284E-05,-0.0007150383,0.004063311,-0.004547119,-0.0113830566,-0.004516759,-0.000130490807,-0.0001280639,5.968009E-05,0.00250315666,0.00111601909,4.90702534,0.0601749346,0.156928048,0.0571944751,0.0002564948,-0.0003816605,1.13775586E-05,0.00252057612,0.00113578455,4.88345,-0.0213928223,-0.0158996582,0.0592688732,2.8719247E-05,-7.59189861E-05,0.001215602,-0.00200761855,-0.001944111,1.0715301,0.117546238,-0.140869141,0.0395134464,0.00385771,0.0432581827,0.001307518,-0.00187963247,-0.00246584066,1.05113161,-0.07333374,-0.118347168,0.0330756046,0.000695832132,0.0354454257,-0.550016165,2.1321528,2.73881,3.51421022
211,4.2199985048185935,1105,0,0,0,0,0,-5.77382925E-05,0,-0.0009081066,-5.77382925E-05,0,-0.0009081066,1,0,0,1,1.15476541E-06,0,1.81621253E-05,0,0,0,-0.000536955544,-0.00147651136,-0.000212328858,-0.150726318,0.00807983,0.0461124443,0.00178251613,-0.000180131829,0.00250317575,0.000288566865,4.35262918E-05,-0.0008317824,0.02374908,0.0190899279,0.122834429,-0.00423412258,-0.000351173163,-0.001590238,-2.71903064E-05,8.422136E-05,-0.0007238597,0.004117575,-0.004547119,-0.0114135742,-0.00444322,-0.000134711881,-0.000143031953,5.9598E-05,0.002508983,0.00111789489,4.90700626,0.0601736866,0.156928614,0.0572243258,0.000255087682,-0.0003863179,1.17378549E-05,0.00252385437,0.001137535,4.88333941,-0.0213928223,-0.0158996582,0.0592125,2.39714482E-05,-8.171899E-05,0.001214871,-0.00200486183,-0.00194402575,1.07155216,0.117548369,-0.140869141,0.0395217575,0.00385644054,0.0432429239,0.001307873,-0.001880005,-0.002468309,1.051191,-0.07333374,-0.118377686,0.03310298,0.0006897834,0.0354331359,-0.5500161,2.13215256,2.73881,3.51421022
212,4.2399984977324259,1112,0,0,0,0,0,-0.000115042167,0,-0.00113604253,-0.000115042167,0,-0.00113604253,1,0,0,1,2.30084243E-06,-5.96046448E-06,2.2720842E-05,0,0,0,-0.0005341564,-0.00148049,-0.000199642585,-0.1506958,0.008080337,0.04610852,0.00182188931,-0.000179151015,0.0024991,0.00029078254,3.413856E-05,-0.000821157242,0.0237081219,0.0190909877,0.122843832,-0.00429302128,-0.000347814057,-0.00157435855,-2.45337214E-05,7.496774E-05,-0.0007186768,0.0040578465,-0.004547119,-0.0114135742,-0.0045330287,-0.000129986831,-0.000129132037,5.97385442E-05,0.002503246,0.0011179893,4.90696144,0.06017431,0.1569269,0.0572046,0.000255789317,-0.000382916245,1.13188526E-05,0.00252215564,0.00113870378,4.883422,-0.0213928223,-0.0158996582,0.05936352,3.205673E-05,-7.506615E-05,0.00121577759,-0.002007097,-0.00194294658,1.07150662,0.117539473,-0.140869141,0.03949689,0.003854927,0.0432512946,0.00130630285,-0.00187598169,-0.00246057473,1.05111718,-0.07333374,-0.118377686,0.03299951,0.000703313039,0.0354457833,-0.550016165,2.1321528,2.73881,3.51421022
213,4.2599984906462582,1119,0,0,0,0,0,-5.7732108E-05,0,-0.00114035874,-5.7732108E-05,0,-0.00114035874,1,0,0,1,1.15464172E-06,1.49011612E-08,2.28071658E-05,0,0,0,-0.0005369669,-0.00147655606,-0.0001984035,-0.1506958,0.008079332,0.04611256,0.00182086637,-0.000180377436,0.00250312523,0.000288243871,4.349649E-05,-0.000818842032,0.0236737281,0.0190891363,0.122833081,-0.004285351,-0.000351134164,-0.00158906193,-2.72288671E-05,8.419156E-05,-0.0007113685,0.00403189473,-0.004547119,-0.0114135742,-0.00449698232,-0.000133408437,-0.000142927267,5.95514939E-05,0.00250789523,0.0011162766,4.90691853,0.0601711646,0.156927586,0.0571930259,0.000254778861,-0.0003872553,1.15005842E-05,0.00252304971,0.00113755267,4.88328,-0.0213928223,-0.0158996582,0.0591871142,2.60072447E-05,-8.10832E-05,0.00121517922,-0.00200638175,-0.00194452167,1.07151532,0.117542356,-0.140869141,0.039527785,0.003858207,0.04325575,0.00130767212,-0.00188092887,-0.00246823858,1.05113983,-0.07333374,-0.118377686,0.0331008732,0.0006910311,0.0354354419,-0.5500161,2.13215256,2.73881,3.51421022
214,4.2799984835600906,1126,0,0,0,0,0,-0.000115026662,0,-0.000908039161,-0.000115026662,0,-0.000908039161,1,0,0,1,2.30053229E-06,-5.96046448E-06,1.81607757E-05,0,0,0,-0.0005341445,-0.00148041546,-0.000212250408,-0.150726318,0.008079492,0.0461087525,0.00178368925,-0.000179107534,0.00249875,0.0002908551,3.412366E-05,-0.000831969141,0.0237149112,0.0190899223,0.1228429,-0.004233503,-0.000348195434,-0.0015740972,-2.46246709E-05,7.493794E-05,-0.0007259512,0.00407468248,-0.004547119,-0.0114135742,-0.00445506955,-0.000131717286,-0.000128421,5.954626E-05,0.00250338018,0.00111822586,4.906897,0.06017168,0.1569254,0.0572261,0.000257254753,-0.000382179365,1.1385051E-05,0.00252071023,0.00113904569,4.88328457,-0.0213928223,-0.0158996582,0.05929906,2.67308242E-05,-7.578728E-05,0.001215593,-0.00200760365,-0.0019434843,1.07152,0.117544435,-0.140869141,0.03950824,0.00385661516,0.04325592,0.00130760879,-0.00187900662,-0.00246435381,1.051161,-0.07333374,-0.118377686,0.0330525562,0.0006961325,0.035446357,-0.550016165,2.1321528,2.73881,3.51421022
215,4.299998476473923,1133,0,0,0,0,0,-5.77568244E-05,0,-0.00113587407,-5.77568244E-05,0,-0.00113587407,1,0,0,1,1.155136E-06,0,2.27174733E-05,0,0,0,-0.0005370718,-0.00147655606,-0.000199710223,-0.1506958,0.008079675,0.04611289,0.00182062376,-0.00017965876,0.002503264,0.000288276671,4.35560942E-05,-0.000827333,0.0236373823,0.0190893542,0.122832522,-0.004324887,-0.000349965179,-0.001589756,-2.72027082E-05,8.422136E-05,-0.000715097063,0.00403390033,-0.004547119,-0.0114135742,-0.00451401062,-0.0001321304,-0.000143565834,5.92675824E-05,0.00251176953,0.00111883914,4.907054,0.0601730868,0.156927228,0.05737721,0.0002511251,-0.000386471365,1.14319755E-05,0.00252449512,0.00114017574,4.88325548,-0.0213928223,-0.0158996582,0.0592813045,3.04563073E-05,-8.05671152E-05,0.001216949,-0.00200216472,-0.00193813816,1.07138479,0.117513016,-0.140899658,0.03946155,0.003841327,0.043237105,0.00130622531,-0.00187821686,-0.00246337731,1.05109513,-0.07333374,-0.118377686,0.0330340937,0.0006989596,0.0354324244,-0.5500161,2.13215256,2.73881,3.51421022
216,4.3199984693877553,1139,0,0,0,0,0,-0.00011507827,0,-0.00114010985,-0.00011507827,0,-0.00114010985,1,0,0,1,2.30156456E-06,-5.94556332E-06,2.28021891E-05,0,0,0,-0.0005342474,-0.00148047507,-0.000198342546,-0.1506958,0.008080995,0.0461091362,0.001822077,-0.00017789632,0.00249888585,0.000291041477,3.4108758E-05,-0.0008210907,0.0235854127,0.019091187,0.122841649,-0.004293995,-0.000347041932,-0.00157616951,-2.48159376E-05,7.48932362E-05,-0.000713663059,0.00399478525,-0.004547119,-0.0114135742,-0.004510633,-0.0001287203,-0.000128246131,6.064976E-05,0.00250184536,0.00111576938,4.90697432,0.060167525,0.156923175,0.0571992546,0.000255440478,-0.0003844066,1.12576417E-05,0.0025203228,0.00113836548,4.88322735,-0.0213928223,-0.0158996582,0.0592724755,3.018096E-05,-7.58040842E-05,0.00121837226,-0.00201189518,-0.00194506813,1.07133389,0.117505617,-0.140869141,0.0395423174,0.00385972252,0.0433266945,0.00130748923,-0.00187988579,-0.00246498641,1.05108964,-0.07333374,-0.118347168,0.0330656022,0.0006975353,0.0354498439,-0.550016165,2.1321528,2.73881,3.51421022
217,4.3399984623015868,1146,0,0,0,0,0,-5.777067E-05,0,-0.0009079215,-5.777067E-05,0,-0.0009079215,1,0,0,1,1.155413E-06,1.49011612E-08,1.81584237E-05,0,0,0,-0.0005370013,-0.00147651136,-0.00021233916,-0.150726318,0.008081023,0.04611305,0.0017822783,-0.000179596449,0.00250300951,0.000288863521,4.35262918E-05,-0.0008279841,0.0236433782,0.0190895125,0.122829311,-0.004214833,-0.0003510957,-0.00159189838,-2.72350062E-05,8.419156E-05,-0.000726274448,0.00403549243,-0.004547119,-0.0114135742,-0.00445538759,-0.000134571339,-0.000142952282,6.03680528E-05,0.002506718,0.00111587206,4.9068327,0.0601623356,0.156921968,0.05713279,0.000257782376,-0.000387265347,1.16141346E-05,0.00252518058,0.00113985571,4.88321972,-0.0213928223,-0.0158996582,0.0593024939,2.60958441E-05,-8.14010637E-05,0.00121614011,-0.002010256,-0.001948938,1.07142723,0.117529973,-0.140838623,0.03960192,0.003868393,0.04331734,0.00130672636,-0.00187934935,-0.00246536429,1.05107808,-0.07333374,-0.118377686,0.03307692,0.0006984488,0.0354375578,-0.5500161,2.13215256,2.73881,3.51421022
218,4.3599984552154192,1153,0,0,0,0,0,-0.000115048075,0,-0.00113593636,-0.000115048075,0,-0.00113593636,1,0,0,1,2.30096066E-06,-5.96046448E-06,2.271872E-05,0,0,0,-0.0005341299,-0.00148050487,-0.000199624716,-0.1506958,0.008080995,0.04610887,0.00182185485,-0.000179681825,0.002498862,0.00029093193,3.412366E-05,-0.000819644541,0.0236123819,0.0190898161,0.12283767,-0.004285698,-0.00034845894,-0.00157488952,-2.4646095E-05,7.490814E-05,-0.0007153264,0.003990581,-0.004547119,-0.0113830566,-0.00451594032,-0.000130733766,-0.000128344152,5.95688725E-05,0.00250265,0.00111686066,4.906789,0.06016643,0.15692015,0.0571979135,0.0002580303,-0.0003818811,1.13947353E-05,0.00252017379,0.0011394812,4.88318348,-0.0213928223,-0.0158996582,0.05928078,3.02528042E-05,-7.570979E-05,0.00121581648,-0.002009198,-0.00194381294,1.07141972,0.117533788,-0.140838623,0.03951575,0.00385829061,0.04326857,0.00130691635,-0.00188067555,-0.00246459735,1.051033,-0.07330322,-0.118347168,0.03306431,0.000699790951,0.0354463346,-0.550016165,2.1321528,2.73881,3.51421022
219,4.3799984481292515,1161,0,0,0,0,0,-5.77452738E-05,0,-0.00114002521,-5.77452738E-05,0,-0.00114002521,1,0,0,1,1.154905E-06,1.49011612E-08,2.28004956E-05,0,0,0,-0.0005370386,-0.00147658587,-0.000198408146,-0.1506958,0.008080492,0.0461127944,0.00182073843,-0.000179865659,0.002503412,0.00028819195,4.35560942E-05,-0.000825023337,0.02354405,0.0190888867,0.122827783,-0.004315569,-0.00035034446,-0.001589225,-2.726366E-05,8.42362642E-05,-0.000713531568,0.003954438,-0.004547119,-0.0114135742,-0.004508108,-0.000132635483,-0.000143141224,5.876998E-05,0.00251144171,0.0011172595,4.90694427,0.0601678044,0.156923339,0.0573665574,0.000252194732,-0.000385298248,1.14806335E-05,0.00252473354,0.00113728538,4.88314962,-0.0213928223,-0.0158996582,0.0592692755,2.7743672E-05,-8.103596E-05,0.001216575,-0.002003193,-0.00193939172,1.07133579,0.117510967,-0.140899658,0.0394826643,0.00384511263,0.0432464853,0.00130659761,-0.00188104808,-0.00246710936,1.05102968,-0.07330322,-0.118347168,0.0331093073,0.0006979912,0.0354329944,-0.5500161,2.13215256,2.73881,3.51421022
220,4.3999984410430839,1168,0,0,0,0,0,-0.000115052128,0,-0.0009077259,-0.000115052128,0,-0.0009077259,1,0,0,1,2.3010416E-06,-5.94556332E-06,1.81545111E-05,0,0,0,-0.00053417444,-0.00148044527,-0.000212272134,-0.150726318,0.008081571,0.0461089,0.00178366329,-0.000178234783,0.00249903928,0.00029092055,3.412366E-05,-0.0008294776,0.0235907,0.0190902855,0.122838631,-0.00422033761,-0.0003476462,-0.00157486112,-2.46946674E-05,7.490814E-05,-0.000726401864,0.003990453,-0.004547119,-0.0113830566,-0.00445766235,-0.000130815373,-0.000128467218,5.99953964E-05,0.00250148773,0.00111832249,4.90678072,0.06016388,0.156920567,0.0571444519,0.000257341453,-0.000382914848,1.13236692E-05,0.0025203228,0.00113886781,4.883134,-0.0213928223,-0.0158996582,0.05930089,2.7987553E-05,-7.577705E-05,0.00121729844,-0.00201171637,-0.00194725767,1.07135355,0.117518529,-0.140838623,0.03957005,0.00386489159,0.0433235168,0.00130722369,-0.00188213587,-0.00246606371,1.05104339,-0.07330322,-0.118347168,0.0330940671,0.0006984508,0.035445217,-0.550016165,2.1321528,2.73881,3.51421022
221,4.4199984339569163,1175,0,0,0,0,0,-5.77609862E-05,0,-0.001135849,-5.77609862E-05,0,-0.001135849,1,0,0,1,1.15521925E-06,1.49011612E-08,2.2716973E-05,0,0,0,-0.000536979642,-0.00147658587,-0.000199687231,-0.1506958,0.008081345,0.0461126156,0.00182072562,-0.00018016962,0.00250332057,0.000288449723,4.348159E-05,-0.00081865635,0.0235613137,0.0190887637,0.122827813,-0.00428193668,-0.000350850227,-0.00159031223,-2.71858262E-05,8.419156E-05,-0.0007150081,0.00394948,-0.004547119,-0.0114135742,-0.00451314542,-0.000133297348,-0.000143304453,5.94175326E-05,0.00250789523,0.00111765682,4.906732,0.0601630956,0.1569224,0.0571975932,0.0002555126,-0.000386048167,1.14272789E-05,0.00252516568,0.00113898644,4.883094,-0.0213928223,-0.0158996582,0.0592787378,2.873145E-05,-8.06392854E-05,0.00121611357,-0.002008006,-0.00194475939,1.0713551,0.1175228,-0.140838623,0.03954662,0.00385916559,0.0432852544,0.0013059848,-0.00188016891,-0.002466222,1.0509975,-0.07330322,-0.118347168,0.03309801,0.0007003095,0.0354293324,-0.5500161,2.13215256,2.73881,3.51421022
222,4.4399984268707477,1182,0,0,0,0,0,-0.000115038027,0,-0.00113993988,-0.000115038027,0,-0.00113993988,1,0,0,1,2.30075966E-06,-5.94556332E-06,2.279879E-05,0,0,0,-0.000534146,-0.00148050487,-0.0001983396,-0.1506958,0.00808137748,0.0461086966,0.00182186661,-0.0001790612,0.00249908352,0.000290644442,3.413856E-05,-0.000825185271,0.0234933626,0.019089561,0.1228374,-0.00431496836,-0.0003480213,-0.00157378113,-2.474293E-05,7.48932362E-05,-0.0007131823,0.00391206052,-0.004547119,-0.0113830566,-0.004507615,-0.000130085478,-0.000128180487,5.93201657E-05,0.00250586867,0.00111710012,4.906882,0.0601660162,0.156920671,0.05736709,0.0002542198,-0.000382306956,1.10814644E-05,0.0025178045,0.0011378,4.88305569,-0.0213928223,-0.0158996582,0.0592701957,2.83171939E-05,-7.52436463E-05,0.00121819484,-0.00200669467,-0.001939316,1.0712595,0.117500171,-0.140869141,0.03948067,0.003845579,0.0432793163,0.0013072018,-0.00188672543,-0.002466074,1.05096769,-0.07330322,-0.118347168,0.0330880061,0.0006965819,0.035438735,-0.550016165,2.1321528,2.73881,3.51421022
223,4.45999841978458,1188,0,0,0,0,0,-5.77560968E-05,0,-0.0009075137,-5.77560968E-05,0,-0.0009075137,1,0,0,1,1.15512148E-06,0,1.81502674E-05,0,0,0,-0.000537033367,-0.00147654116,-0.000212342362,-0.150726318,0.008081792,0.04611275,0.00178242452,-0.0001791383,0.00250346074,0.00028844818,4.351139E-05,-0.000832151971,0.0235225279,0.0190887023,0.122827172,-0.00423495937,-0.000350375165,-0.001590253,-2.7307975E-05,8.422136E-05,-0.0007290045,0.0039358,-0.004547119,-0.0114135742,-0.004469297,-0.0001336013,-0.000142980076,6.00839921E-05,0.00250834227,0.00111827755,4.90681458,0.0601600856,0.156920269,0.057228636,0.000253997277,-0.00038789658,1.11494255E-05,0.0025267154,0.00114037981,4.883142,-0.0213928223,-0.0158996582,0.05938847,2.90803255E-05,-8.02012946E-05,0.00121810241,-0.00200897455,-0.00194584369,1.07124162,0.11749801,-0.140869141,0.039575804,0.003859592,0.0433300957,0.00130528561,-0.00187979639,-0.00246385974,1.050908,-0.07330322,-0.118377686,0.03307612,0.000706826861,0.0354357362,-0.5500161,2.13215256,2.73881,3.51421022
224,4.4799984126984125,1196,0,0,0,0,0,-0.0001150564,0,-0.001135415,-0.0001150564,0,-0.001135415,1,0,0,1,2.301127E-06,-5.94556332E-06,2.27082928E-05,0,0,0,-0.000534116465,-0.00148049,-0.00019965395,-0.1506958,0.008082183,0.0461086221,0.00182191445,-0.00017925087,0.00249899388,0.000291186618,3.41683626E-05,-0.000823649,0.0234633777,0.01908904,0.122835308,-0.004305204,-0.0003484914,-0.00157641061,-2.49948316E-05,7.493794E-05,-0.0007190875,0.00386529556,-0.004547119,-0.0113830566,-0.004534725,-0.000130109343,-0.000126798113,6.031212E-05,0.00250524282,0.0011165489,4.90684271,0.0601598471,0.156915843,0.05728607,0.000254778424,-0.000383139,1.10719848E-05,0.0025215,0.0011399762,4.88318348,-0.0213928223,-0.0158996582,0.059370175,3.281786E-05,-7.59018658E-05,0.00121963886,-0.00200867653,-0.00194338209,1.07118392,0.117484555,-0.140869141,0.0395482779,0.00385289686,0.04333694,0.00130574789,-0.00188273191,-0.00246395916,1.05080378,-0.0732727051,-0.11831665,0.03308554,0.000709345564,0.03545257,-0.550016165,2.1321528,2.73881,3.51421022
225,4.4999984056122448,1203,0,0,0,0,0,-5.77665123E-05,0,-0.00113973033,-5.77665123E-05,0,-0.00113973033,1,0,0,1,1.15532976E-06,1.49011612E-08,2.27945984E-05,0,0,0,-0.00053700275,-0.00147654116,-0.0001983991,-0.1506958,0.008081604,0.0461127274,0.00182081189,-0.000180040472,0.0025031534,0.000288712239,4.35262918E-05,-0.000818750239,0.02342328,0.0190872233,0.122823037,-0.004284259,-0.000351108785,-0.00159171375,-2.73401856E-05,8.419156E-05,-0.0007139986,0.00382118416,-0.004547119,-0.0114135742,-0.00451010372,-0.000133001711,-0.000142587742,6.058866E-05,0.00250771642,0.0011141143,4.9067564,0.0601538159,0.156915128,0.05718941,0.000255024643,-0.000388338056,1.14271261E-05,0.0025241226,0.001136258,4.883118,-0.0213928223,-0.0158996582,0.0592692047,2.671328E-05,-8.123939E-05,0.00121859,-0.00201076269,-0.00194775313,1.07121038,0.1174915,-0.140838623,0.0396086536,0.003864006,0.04335847,0.00130635453,-0.0018876493,-0.00247092033,1.05079043,-0.0732727051,-0.11831665,0.0331955068,0.0007004002,0.03543269,-0.5500161,2.13215256,2.73881,3.51421022
226,4.5199983985260772,1210,0,0,0,0,0,-0.000115058625,0,-0.0009073806,-0.000115058625,0,-0.0009073806,1,0,0,1,2.30117166E-06,-5.96046448E-06,1.81476044E-05,0,0,0,-0.000534124149,-0.00148044527,-0.000212279265,-0.150726318,0.008081754,0.04610865,0.00178351463,-0.000179171038,0.00249898131,0.0002912356,3.413856E-05,-0.0008341997,0.0234479215,0.0190876089,0.122831538,-0.004244246,-0.000348568865,-0.0015761269,-2.46080763E-05,7.495284E-05,-0.0007261502,0.00385694369,-0.004547119,-0.0113830566,-0.00445580436,-0.000131767782,-0.0001285345,5.993514E-05,0.002504006,0.00111651968,4.906805,0.0601549223,0.156912819,0.05730625,0.000256766332,-0.000381884834,1.14200921E-05,0.00252074,0.00113662076,4.88308144,-0.0213928223,-0.0158996582,0.0592953153,2.622945E-05,-7.59301547E-05,0.0012188016,-0.00201152265,-0.0019436382,1.07118511,0.117490478,-0.140838623,0.0395455472,0.00385671342,0.0433350429,0.00130699622,-0.00188723207,-0.0024708102,1.05083561,-0.07330322,-0.11831665,0.0331963152,0.000699930242,0.0354416,-0.550016165,2.1321528,2.73881,3.51421022
227,4.5399983914399087,1217,0,0,0,0,0,-5.7786885E-05,0,-0.00113551773,-5.7786885E-05,0,-0.00113551773,1,0,0,1,1.15573721E-06,1.49011612E-08,2.27103446E-05,0,0,0,-0.00053703814,-0.00147654116,-0.000199716218,-0.1506958,0.008081754,0.04611285,0.001820621,-0.000179888157,0.00250320835,0.0002884606,4.349649E-05,-0.0008160499,0.0234260689,0.0190865491,0.122820236,-0.0042684637,-0.000350414863,-0.00159061025,-2.69201519E-05,8.419156E-05,-0.000714528549,0.00381639879,-0.004547119,-0.0114135742,-0.004510809,-0.0001328266,-0.00014480931,5.9539263E-05,0.00250585377,0.00111738651,4.9066143,0.060151577,0.156913683,0.0571147278,0.000256377331,-0.000386161264,1.17249074E-05,0.00252453983,0.00113710132,4.8830204,-0.0213928223,-0.0158996582,0.0592735149,2.79313717E-05,-8.059836E-05,0.00121697434,-0.00201188028,-0.001948282,1.07121289,0.117503226,-0.1408081,0.03960161,0.00386781874,0.0433371477,0.00130613206,-0.001885727,-0.00246968516,1.050821,-0.07330322,-0.11831665,0.033173006,0.000700752,0.03542933,-0.5500161,2.13215256,2.73881,3.51421022
228,4.5599983843537411,1222,0,0,0,0,0,-0.0001150263,0,-0.00113984966,-0.0001150263,0,-0.00113984966,1,0,0,1,2.300525E-06,-5.96046448E-06,2.27969849E-05,0,0,0,-0.000534090854,-0.00148047507,-0.000198327965,-0.1506958,0.008081202,0.046108596,0.00182206032,-0.000179803566,0.002498867,0.000290682161,3.413856E-05,-0.0008163742,0.0234072357,0.0190864876,0.122830376,-0.004271541,-0.000348866539,-0.00157349871,-2.471522E-05,7.495284E-05,-0.0007128602,0.00378044858,-0.004547119,-0.0113830566,-0.004505338,-0.0001314221,-0.000127814928,5.890313E-05,0.002503246,0.00111620687,4.906558,0.06015389,0.1569136,0.05718797,0.000258014334,-0.0003807704,1.15182593E-05,0.00252041221,0.0011361686,4.882965,-0.0213928223,-0.0158996582,0.0592661351,2.738866E-05,-7.658015E-05,0.00121665548,-0.00200991333,-0.0019461097,1.07126343,0.117510989,-0.1408081,0.0395693853,0.00386252534,0.04331002,0.00130729075,-0.00188577175,-0.00247019436,1.05085969,-0.07330322,-0.11831665,0.0331793949,0.0006991756,0.0354460329,-0.550016165,2.1321528,2.73881,3.51421022
229,4.5799983772675734,1229,0,0,0,0,0,-5.77472529E-05,0,-0.0009073592,-5.77472529E-05,0,-0.0009073592,1,0,0,1,1.15494458E-06,1.49011612E-08,1.81471769E-05,0,0,0,-0.000536999,-0.00147651136,-0.000212332,-0.150726318,0.008080491,0.04611285,0.00178233371,-0.000180187068,0.00250316551,0.00028829035,4.35560942E-05,-0.000836051535,0.0234215781,0.0190851372,0.122822583,-0.00425494974,-0.000350898772,-0.00158905843,-2.70886048E-05,8.42511654E-05,-0.0007249458,0.00382554415,-0.004547119,-0.0114135742,-0.004448395,-0.000134669477,-0.000143638987,5.84132067E-05,0.00251187384,0.00112010876,4.906721,0.0601573,0.1569178,0.05739741,0.000252685277,-0.000383897655,1.17382779E-05,0.002525434,0.0011389117,4.882934,-0.0213928223,-0.0158996582,0.059297964,2.578682E-05,-8.135477E-05,0.00121747074,-0.00200420618,-0.00193954632,1.07118952,0.117491007,-0.140869141,0.0395020247,0.00384540576,0.0432730652,0.00130627723,-0.0018838644,-0.00246942858,1.05088151,-0.07330322,-0.118347168,0.033167325,0.0007006339,0.0354323,-0.5500161,2.13215256,2.73881,3.51421022
230,4.5999983701814058,1236,0,0,0,0,0,-0.00011504758,0,-0.00113515463,-0.00011504758,0,-0.00113515463,1,0,0,1,2.30095065E-06,-5.96046448E-06,2.27030832E-05,0,0,0,-0.0005342199,-0.00148050487,-0.0001996595,-0.1506958,0.008081535,0.046109017,0.00182178174,-0.0001785801,0.00249914965,0.00029047695,3.415346E-05,-0.0008237825,0.023355836,0.0190867838,0.122832939,-0.004305217,-0.00034735052,-0.00157330628,-2.463598E-05,7.493794E-05,-0.000720519747,0.0037484928,-0.004547119,-0.0113830566,-0.00454223,-0.000129063177,-0.000128980464,5.96137033E-05,0.00250391662,0.00112004753,4.906725,0.0601552054,0.1569153,0.057296928,0.0002529568,-0.000383520673,1.10813853E-05,0.00252236426,0.00114060449,4.883082,-0.0213928223,-0.0158996582,0.05945283,3.46727247E-05,-7.459516E-05,0.00122027751,-0.002010852,-0.00194177416,1.07105148,0.117465049,-0.140869141,0.0395257138,0.0038511164,0.0433454141,0.00130437023,-0.00188353658,-0.00246167276,1.05073011,-0.0732727051,-0.11831665,0.033067096,0.00071527675,0.03544195,-0.550016165,2.1321528,2.73881,3.51421022
231,4.6199983630952381,1243,0,0,0,0,0,-5.775478E-05,0,-0.001139574,-5.775478E-05,0,-0.001139574,1,0,0,1,1.15509511E-06,0,2.27914716E-05,0,0,0,-0.000536960666,-0.00147658587,-0.000198406109,-0.1506958,0.008080779,0.04611274,0.00182087044,-0.000180282164,0.00250330986,0.000288601965,4.351139E-05,-0.0008139048,0.02333978,0.0190845449,0.122821689,-0.00426031277,-0.00035158277,-0.00159093121,-2.72962516E-05,8.419156E-05,-0.0007137626,0.00370240328,-0.004547119,-0.0114135742,-0.00450853072,-0.00013346909,-0.000142544479,6.03218723E-05,0.00250566,0.001115881,4.90653,0.0601462871,0.156913981,0.05710473,0.000256401516,-0.00038788782,1.1167459E-05,0.002525881,0.00113791565,4.882998,-0.0213928223,-0.0158996582,0.05927423,2.80921249E-05,-8.03686853E-05,0.00121881021,-0.00201407075,-0.00195055152,1.07111514,0.11748714,-0.140838623,0.0396491326,0.00387161528,0.0433925167,0.00130569912,-0.00188562274,-0.002472114,1.05072463,-0.0732727051,-0.118286133,0.033228416,0.0007045693,0.03543464,-0.5500161,2.13215256,2.73881,3.51421022
232,4.6399983560090705,1250,0,0,0,0,0,-0.000115037757,0,-0.000907353766,-0.000115037757,0,-0.000907353766,1,0,0,1,2.3007542E-06,-5.96046448E-06,1.81470677E-05,0,0,0,-0.000534080958,-0.00148044527,-0.000212250976,-0.150726318,0.008080317,0.0461087,0.001783645,-0.000179758645,0.00249887677,0.000291223143,3.41683626E-05,-0.000832339632,0.0233776253,0.0190844834,0.1228308,-0.00423532631,-0.0003489989,-0.00157577009,-2.47129046E-05,7.48932362E-05,-0.00072157837,0.00376191526,-0.004547119,-0.0113830566,-0.00443255669,-0.0001324035,-0.0001277118,5.9792812E-05,0.0025049448,0.00111734355,4.90659,0.0601493157,0.1569126,0.0573036149,0.000256767729,-0.0003815468,1.1524382E-05,0.00251768529,0.00113730121,4.88285,-0.0213928223,-0.0158996582,0.0592086241,2.32220573E-05,-7.671638E-05,0.00121902942,-0.00201021135,-0.001944128,1.07112861,0.117485128,-0.140838623,0.03956402,0.00385649549,0.0433427952,0.00130790763,-0.00189369917,-0.002474466,1.05080855,-0.0732727051,-0.118286133,0.0332528763,0.0006938025,0.0354362428,-0.550016165,2.1321528,2.73881,3.51421022
233,4.659998348922902,1257,0,0,0,0,0,-5.77282553E-05,0,-0.001135232,-5.77282553E-05,0,-0.001135232,1,0,0,1,1.15456464E-06,1.49011612E-08,2.2704633E-05,0,0,0,-0.0005370413,-0.00147660077,-0.000199702656,-0.1506958,0.008080258,0.0461128466,0.00182061677,-0.000179967552,0.00250342721,0.000288215349,4.35262918E-05,-0.0008187326,0.0233412739,0.0190836433,0.122819126,-0.004281805,-0.000350289978,-0.00158939732,-2.72263915E-05,8.417666E-05,-0.000719405652,0.00369682536,-0.004547119,-0.0114135742,-0.00453500729,-0.000132709189,-0.000143280588,5.953645E-05,0.00250780582,0.00111856277,4.90650034,0.0601476654,0.156912148,0.05720249,0.0002548263,-0.000387122185,1.13597562E-05,0.00252731144,0.00113874266,4.883002,-0.0213928223,-0.0158996582,0.0594446734,3.195352E-05,-8.058165E-05,0.00121836946,-0.00201006234,-0.00194559118,1.07110238,0.117483243,-0.140838623,0.03958036,0.00385992671,0.04334122,0.00130355265,-0.00188413262,-0.00246453541,1.05069852,-0.0732727051,-0.11831665,0.0331252366,0.00071453047,0.03542048,-0.5500161,2.13215256,2.73881,3.51421022
234,4.6799983418367344,1264,0,0,0,0,0,-0.000115046169,0,-0.00113942951,-0.000115046169,0,-0.00113942951,1,0,0,1,2.30092246E-06,-5.96046448E-06,2.27885812E-05,0,0,0,-0.0005340683,-0.00148050487,-0.000198347552,-0.1506958,0.008079898,0.0461086221,0.00182190957,-0.000179531678,0.00249948888,0.000290889526,3.415346E-05,-0.000823665468,0.023277726,0.0190839637,0.122829013,-0.004307487,-0.0003485222,-0.00157477858,-2.47602929E-05,7.492304E-05,-0.000709813845,0.00366962515,-0.004547119,-0.0113830566,-0.00449014176,-0.000130445886,-0.0001277854,5.928489E-05,0.002506137,0.00111709663,4.906627,0.0601485334,0.156911463,0.0573646873,0.000254351471,-0.000381277758,1.10193041E-05,0.002517894,0.00113780692,4.882811,-0.0213928223,-0.0158996582,0.0591868125,2.65414674E-05,-7.530528E-05,0.00122000708,-0.00200885534,-0.00194140431,1.07101679,0.1174666,-0.140838623,0.0395368077,0.00384945655,0.0433407053,0.00130739156,-0.00189183652,-0.0024740037,1.05073321,-0.0732727051,-0.118286133,0.0332402848,0.000696355361,0.03544014,-0.550016165,2.1321528,2.73881,3.51421022
235,4.6999983347505667,1271,0,0,0,0,0,-5.77580649E-05,0,-0.0009072729,-5.77580649E-05,0,-0.0009072729,1,0,0,1,1.15516082E-06,1.49011612E-08,1.814545E-05,0,0,0,-0.000537002168,-0.00147652626,-0.000212328814,-0.150726318,0.008080458,0.04611256,0.00178233231,-0.000178941293,0.00250406074,0.000288456271,4.351139E-05,-0.0008270117,0.02333325,0.0190835726,0.122818515,-0.004209107,-0.000349954265,-0.00159034622,-2.71733E-05,8.419156E-05,-0.000723219244,0.00372528262,-0.004547119,-0.0114135742,-0.004440251,-0.000133632726,-0.0001436505,5.99773E-05,0.002505824,0.00111838046,4.90644,0.0601432063,0.156910956,0.0571396537,0.000256648666,-0.000387342152,1.16169276E-05,0.00252538919,0.00113887643,4.88278151,-0.0213928223,-0.0158996582,0.0592936277,2.56056919E-05,-8.130777E-05,0.00121888181,-0.00201413035,-0.00194954337,1.07106507,0.117481053,-0.1408081,0.0396364219,0.0038698162,0.04338863,0.00130605209,-0.001886934,-0.002471729,1.05078483,-0.07330322,-0.11831665,0.03322082,0.0007016473,0.0354278348,-0.5500161,2.13215256,2.73881,3.51421022
236,4.7199983276643991,1279,0,0,0,0,0,-0.000115052717,0,-0.0011350346,-0.000115052717,0,-0.0011350346,1,0,0,1,2.30105343E-06,-5.96046448E-06,2.27006822E-05,0,0,0,-0.0005340557,-0.00148050487,-0.000199633883,-0.1506958,0.00808088947,0.04610832,0.0018218183,-0.000179243711,0.00249953871,0.000290938915,3.41683626E-05,-0.000824316347,0.0232719164,0.0190842934,0.12282788,-0.004308449,-0.000348254078,-0.001575153,-2.477077E-05,7.495284E-05,-0.00071992533,0.00365238078,-0.004547119,-0.0113830566,-0.004538634,-0.000130360742,-0.000127834588,5.94414232E-05,0.002506584,0.00111813925,4.90657043,0.0601475351,0.1569102,0.05736983,0.000254435348,-0.0003815266,1.11935669E-05,0.00252343714,0.0011403251,4.8829217,-0.0213928223,-0.0158996582,0.05945128,3.38884056E-05,-7.553427E-05,0.00122040138,-0.002008453,-0.00194108021,1.07097769,0.117458992,-0.140838623,0.0395367146,0.00384805258,0.0433444567,0.00130431575,-0.00188370049,-0.00246379175,1.05066574,-0.07324219,-0.118286133,0.0331167579,0.0007172094,0.0354452319,-0.550016165,2.1321528,2.73881,3.51421022
237,4.7399983205782314,1285,0,0,0,0,0,-5.77875326E-05,0,-0.00113914278,-5.77875326E-05,0,-0.00113914278,1,0,0,1,1.15575017E-06,1.49011612E-08,2.27828459E-05,0,0,0,-0.0005369647,-0.00147660077,-0.000198418129,-0.1506958,0.008080322,0.0461124144,0.00182084588,-0.0001801448,0.00250348751,0.000288646348,4.349649E-05,-0.0008211395,0.0232136864,0.0190826524,0.122817211,-0.00429595169,-0.00035105244,-0.00159142155,-2.71149183E-05,8.414686E-05,-0.000716128736,0.00359107787,-0.004547119,-0.0114135742,-0.00452041,-0.000132801928,-0.00014366403,6.00137028E-05,0.0025087744,0.00111655123,4.90656233,0.0601421632,0.156909764,0.05728063,0.0002530506,-0.000386960746,1.10801529E-05,0.00252445042,0.00113894732,4.882931,-0.0213928223,-0.0158996582,0.0593604669,2.92830009E-05,-7.94006E-05,0.00122074294,-0.00201143324,-0.0019451977,1.07092261,0.117452107,-0.140838623,0.03959924,0.003857811,0.0433899648,0.00130443927,-0.001891464,-0.00246930658,1.05055654,-0.07324219,-0.118286133,0.03320112,0.0007100972,0.0354237743,-0.5500161,2.13215256,2.73881,3.51421022
238,4.7599983134920629,1292,0,0,0,0,0,-0.000115052353,0,-0.0009070154,-0.000115052353,0,-0.0009070154,1,0,0,1,2.30104615E-06,-5.96046448E-06,1.81403011E-05,0,0,0,-0.0005340624,-0.00148044527,-0.000212274943,-0.150726318,0.008080255,0.0461083949,0.0017834676,-0.000179334253,0.00249894336,0.000291335455,3.415346E-05,-0.0008265929,0.0232742224,0.019082509,0.122825921,-0.00420642132,-0.0003491044,-0.00157638907,-2.469066E-05,7.490814E-05,-0.000725023565,0.00362694,-0.004547119,-0.0113830566,-0.004449615,-0.000132210975,-0.00012782155,6.05387249E-05,0.00250124931,0.00111675472,4.906376,0.0601377673,0.156905845,0.0571347438,0.000258633227,-0.000382977276,1.13171645E-05,0.00252011418,0.00113858539,4.882864,-0.0213928223,-0.0158996582,0.0592994466,2.634101E-05,-7.596748E-05,0.00122014224,-0.00201644,-0.00195064768,1.07100356,0.11747244,-0.140777588,0.03965627,0.00387205,0.0434224941,0.00130642869,-0.00189353526,-0.002473845,1.05058753,-0.07324219,-0.118255615,0.03327599,0.000704469567,0.0354409255,-0.550016165,2.1321528,2.73881,3.51421022
239,4.7799983064058953,1300,0,0,0,0,0,-5.77578467E-05,0,-0.00113493484,-5.77578467E-05,0,-0.00113493484,1,0,0,1,1.1551565E-06,0,2.26986886E-05,0,0,0,-0.0005369682,-0.00147654116,-0.00019969295,-0.1506958,0.008079502,0.04611254,0.00182066462,-0.000180635645,0.002503113,0.000288466254,4.35709953E-05,-0.0008235376,0.0232152045,0.019080773,0.122814544,-0.004306152,-0.0003511495,-0.00159031351,-2.69981847E-05,8.42362642E-05,-0.000716219249,0.00357434223,-0.004547119,-0.0114135742,-0.00451848749,-0.000133465917,-0.00014402924,5.936365E-05,0.00251182914,0.00111750339,4.90650129,0.0601407364,0.156908154,0.0573663823,0.000252634549,-0.000385922118,1.15207658E-05,0.002525255,0.00113786757,4.882882,-0.0213928223,-0.0158996582,0.0593583435,2.93173616E-05,-8.041232E-05,0.00122000673,-0.00200676918,-0.001942226,1.07094455,0.117452763,-0.140838623,0.03956528,0.00384960975,0.04334775,0.00130421808,-0.00189219415,-0.002471096,1.05052423,-0.07324219,-0.118286133,0.033241488,0.0007109023,0.0354197621,-0.5500161,2.13215256,2.73881,3.51421022
240,4.7999982993197277,1307,0,0,0,0,0,-0.00011503257,0,-0.00113910041,-0.00011503257,0,-0.00113910041,1,0,0,1,2.30065052E-06,-5.94556332E-06,2.27819983E-05,0,0,0,-0.0005341643,-0.00148049,-0.00019834764,-0.1506958,0.008079716,0.0461086929,0.00182207534,-0.00017911398,0.00249907863,0.000290725846,3.415346E-05,-0.000821365858,0.0231576879,0.0190817863,0.122823521,-0.0042954497,-0.000347884517,-0.00157429522,-2.48400138E-05,7.495284E-05,-0.0007118898,0.00353655475,-0.004547119,-0.0113830566,-0.004500702,-0.000129700551,-0.000127679246,5.996557E-05,0.00250427425,0.001116267,4.906487,0.06013828,0.156904,0.05728111,0.000255298539,-0.00038352824,1.1183809E-05,0.00251941383,0.00113625254,4.88278866,-0.0213928223,-0.0158996582,0.0592658,2.7268401E-05,-7.60839E-05,0.00122161536,-0.00201261044,-0.00194538932,1.07088709,0.1174438,-0.1408081,0.03959961,0.00385781238,0.04340498,0.00130650867,-0.001894623,-0.00247473246,1.0505482,-0.07324219,-0.118255615,0.0332863666,0.0007028626,0.0354379863,-0.550016165,2.1321528,2.73881,3.51421022
241,4.81999829223356,1314,0,0,0,0,0,-5.7785066E-05,0,-0.000906979,-5.7785066E-05,0,-0.000906979,1,0,0,1,1.15570083E-06,0,1.81395735E-05,0,0,0,-0.000537015963,-0.00147649646,-0.000212344108,-0.150726318,0.00807993952,0.0461129062,0.00178225886,-0.000179236362,0.00250319717,0.000288566254,4.351139E-05,-0.000829154,0.0232017469,0.0190809332,0.122812323,-0.00421986729,-0.000350331538,-0.0015907737,-2.69610118E-05,8.422136E-05,-0.0007200363,0.00360608683,-0.004547119,-0.0114135742,-0.0044239983,-0.000133934154,-0.000144540521,5.99776358E-05,0.002507612,0.00111717277,4.9063983,0.06013385,0.1569037,0.0572198257,0.0002568622,-0.000386989239,1.178179E-05,0.00252455473,0.00113771227,4.88262844,-0.0213623047,-0.0158996582,0.05920649,2.4291774E-05,-8.110651E-05,0.00122020207,-0.00201393664,-0.00194861437,1.07092941,0.117457926,-0.1408081,0.0396486819,0.00386677845,0.04341412,0.00130670052,-0.00189112127,-0.002477669,1.05066812,-0.0732727051,-0.118286133,0.03332184,0.0006977959,0.03542727,-0.5500161,2.13215256,2.73881,3.51421022
242,4.8399982851473924,1322,0,0,0,0,0,-0.000115072085,0,-0.001134941,-0.000115072085,0,-0.001134941,1,0,0,1,2.30144087E-06,-5.96046448E-06,2.269881E-05,0,0,0,-0.00053415657,-0.00148049,-0.000199625327,-0.1506958,0.008080816,0.0461088046,0.001821832,-0.000178903269,0.002499029,0.0002907823,3.413856E-05,-0.000817379332,0.0231746957,0.0190822072,0.122821011,-0.004273512,-0.000347730354,-0.001574545,-2.44201965E-05,7.492304E-05,-0.000718314841,0.00354348449,-0.004547119,-0.0113830566,-0.00453069061,-0.000130153479,-0.000129712527,5.959516E-05,0.0025023222,0.00111748942,4.9063,0.0601362661,0.156901866,0.0571971126,0.000257386273,-0.000382218626,1.14695786E-05,0.002523467,0.00113948144,4.88276768,-0.0213928223,-0.0158996582,0.0594452135,3.267566E-05,-7.518394E-05,0.00122008019,-0.002014652,-0.00194703788,1.07093453,0.117456727,-0.140777588,0.03961058,0.00386427855,0.0433960743,0.00130439154,-0.0018863529,-0.00246610353,1.05058956,-0.07324219,-0.118286133,0.0331670344,0.0007169849,0.035442438,-0.550016165,2.1321528,2.73881,3.51421022
243,4.8599982780612239,1328,0,0,0,0,0,-5.77367464E-05,0,-0.00113902637,-5.77367464E-05,0,-0.00113902637,1,0,0,1,1.15473449E-06,1.49011612E-08,2.27805176E-05,0,0,0,-0.000536932843,-0.00147655606,-0.0001984119,-0.1506958,0.008079527,0.046112705,0.00182074856,-0.00018075871,0.00250309845,0.000288200536,4.351139E-05,-0.0008216461,0.0231183656,0.0190798715,0.122811459,-0.004298955,-0.000351709255,-0.00158882188,-2.73373989E-05,8.41319561E-05,-0.000715019763,0.00348852412,-0.004547119,-0.0114135742,-0.00451433845,-0.0001339604,-0.000142178324,5.88068651E-05,0.002510339,0.00111763086,4.906415,0.0601367429,0.15690583,0.0573615469,0.0002536835,-0.000385182153,1.11338049E-05,0.00252386928,0.00113983557,4.882771,-0.0213623047,-0.0158996582,0.059360452,2.79936285E-05,-8.053711E-05,0.00122004957,-0.002009794,-0.00194238441,1.0708704,0.117450014,-0.140838623,0.0395682938,0.00385238929,0.043361634,0.00130447443,-0.00189360976,-0.00246981368,1.05047345,-0.07324219,-0.118286133,0.0332149342,0.0007108446,0.03542585,-0.5500161,2.13215256,2.73881,3.51421022
244,4.8799982709750562,1336,0,0,0,0,0,-0.000115026705,0,-0.0009067564,-0.000115026705,0,-0.0009067564,1,0,0,1,2.3005332E-06,-5.96046448E-06,1.813512E-05,0,0,0,-0.0005341779,-0.00148046017,-0.00021228526,-0.150726318,0.008079993,0.0461089239,0.00178351672,-0.000178894115,0.002499054,0.0002905885,3.415346E-05,-0.0008331818,0.0231402274,0.019080963,0.122822173,-0.004238545,-0.000347947062,-0.00157318392,-2.47635126E-05,7.493794E-05,-0.000720213633,0.00354937464,-0.004547119,-0.0113830566,-0.00442605,-0.000131064357,-0.000127978827,5.95252532E-05,0.0025049448,0.001119561,4.90641832,0.06013499,0.156904012,0.0573144257,0.000254770683,-0.000382793922,1.12820808E-05,0.00251922,0.00113991275,4.88259554,-0.0213928223,-0.0158996582,0.059213642,2.56668463E-05,-7.608445E-05,0.00122177752,-0.00201243162,-0.0019447261,1.07081723,0.117437154,-0.1408081,0.0395998321,0.00385656161,0.043408677,0.0013071897,-0.00189475715,-0.002477256,1.05056155,-0.07324219,-0.118255615,0.03332309,0.0007001359,0.03544348,-0.550016165,2.1321528,2.73881,3.51421022
245,4.8999982638888886,1343,0,0,0,0,0,-5.777663E-05,0,-0.00113471365,-5.777663E-05,0,-0.00113471365,1,0,0,1,1.15553212E-06,1.49011612E-08,2.26942648E-05,0,0,0,-0.0005370818,-0.00147658587,-0.000199707836,-0.1506958,0.008080822,0.046113,0.00182046008,-0.00017911334,0.00250354572,0.000288287934,4.351139E-05,-0.0008209409,0.0230872966,0.0190808512,0.122811168,-0.004292011,-0.000349610578,-0.00159021572,-2.71520585E-05,8.419156E-05,-0.0007174556,0.00349228829,-0.004547119,-0.0114135742,-0.00452550547,-0.000131822046,-0.000144035148,5.98377337E-05,0.00250934064,0.00111819769,4.906401,0.0601329654,0.156903148,0.0572859719,0.000253733742,-0.000387564418,1.14089908E-05,0.002526328,0.0011400783,4.88273,-0.0213623047,-0.0158996582,0.0594444461,3.17794475E-05,-8.036707E-05,0.00122221978,-0.002012223,-0.00194567372,1.07075942,0.117425717,-0.140838623,0.0396241657,0.00385774812,0.04342586,0.00130327232,-0.00189107656,-0.0024674125,1.05043948,-0.07324219,-0.118286133,0.03319667,0.0007178737,0.0354224145,-0.5500161,2.13215256,2.73881,3.51421022
246,4.919998256802721,1349,0,0,0,0,0,-0.000115094874,0,-0.00113884313,-0.000115094874,0,-0.00113884313,1,0,0,1,2.30189653E-06,-5.96046448E-06,2.27768542E-05,0,0,0,-0.00053410785,-0.00148050487,-0.000198352,-0.1506958,0.008081064,0.0461088121,0.00182195636,-0.000178972245,0.00249893125,0.000291324453,3.412366E-05,-0.0008197097,0.0230387747,0.0190810915,0.122820064,-0.0042872983,-0.000348623551,-0.00157710607,-2.47158277E-05,7.492304E-05,-0.00071501144,0.003434395,-0.004547119,-0.0113830566,-0.004515947,-0.000130360771,-0.0001280767,6.02445361E-05,0.00250376761,0.00111534167,4.90638351,0.060129758,0.1569002,0.0572747476,0.0002557294,-0.000382193859,1.0865052E-05,0.00252068043,0.00113918527,4.88272524,-0.0213623047,-0.0158996582,0.0593595058,3.06013171E-05,-7.457049E-05,0.00122282212,-0.00201566517,-0.00194706884,1.07074118,0.117423415,-0.1408081,0.0396406651,0.0038622173,0.0434535928,0.00130492635,-0.00189436972,-0.002471787,1.05037332,-0.07324219,-0.118255615,0.03325988,0.000713321,0.0354424678,-0.550016165,2.1321528,2.73881,3.51421022
247,4.9399982497165533,1356,0,0,0,0,0,-5.7739453E-05,0,-0.0009067324,-5.7739453E-05,0,-0.0009067324,1,0,0,1,1.15478861E-06,1.49011612E-08,1.813464E-05,0,0,0,-0.0005369412,-0.00147652626,-0.000212340383,-0.150726318,0.008080414,0.04611269,0.00178237911,-0.000180334391,0.002503334,0.000288506853,4.35262918E-05,-0.000824747258,0.023106128,0.019078901,0.1228082,-0.004198388,-0.000351625175,-0.00159002992,-2.725172E-05,8.417666E-05,-0.0007234509,0.00348002743,-0.004547119,-0.0114135742,-0.004440341,-0.000135115552,-0.000142605175,6.02808177E-05,0.00250664353,0.00111656624,4.906182,0.0601252839,0.156899631,0.0571303144,0.000258386775,-0.00038796023,1.13965716E-05,0.00252443552,0.00113927724,4.88264465,-0.0213623047,-0.0158996582,0.0592977,2.48505421E-05,-8.107242E-05,0.00122049893,-0.00201578438,-0.0019525406,1.0708555,0.117453374,-0.14074707,0.0397079028,0.0038750337,0.043451082,0.00130546559,-0.00189626217,-0.00247642677,1.050391,-0.07324219,-0.118255615,0.0333329178,0.0007069994,0.0354300477,-0.5500161,2.13215256,2.73881,3.51421022
248,4.9599982426303857,1363,0,0,0,0,0,-0.000115046532,0,-0.00113470131,-0.000115046532,0,-0.00113470131,1,0,0,1,2.30092974E-06,-5.94556332E-06,2.26940174E-05,0,0,0,-0.00053412,-0.00148049,-0.00019963643,-0.1506958,0.008080437,0.04610867,0.001821786,-0.000179575087,0.00249903975,0.000290877564,3.41683626E-05,-0.0008226737,0.0230525285,0.01907969,0.122817717,-0.004300072,-0.000348129222,-0.001574869,-2.47608623E-05,7.498264E-05,-0.0007117785,0.003448409,-0.004547119,-0.0113830566,-0.00449768,-0.000130521861,-0.000127851439,5.90358759E-05,0.00250634551,0.00111804949,4.906293,0.06013163,0.156899422,0.0573668219,0.000254953542,-0.000380474637,1.15614775E-05,0.00252141058,0.00113795034,4.88255,-0.0213623047,-0.0158996582,0.05927129,2.87093353E-05,-7.683758E-05,0.00122136751,-0.00201059878,-0.00194233,1.07078862,0.117432229,-0.1408081,0.0395715,0.00385129219,0.0433839336,0.00130613917,-0.00189310312,-0.00247616018,1.0504365,-0.07324219,-0.118255615,0.0333295166,0.000707719242,0.0354455225,-0.5500161,2.13215256,2.73881,3.51421022
249,4.9799982355442172,1370,0,0,0,0,0,-5.77661E-05,0,-0.00113886315,-5.77661E-05,0,-0.00113886315,1,0,0,1,1.15532157E-06,0,2.27772543E-05,0,0,0,-0.000537059037,-0.00147658587,-0.000198411915,-0.1506958,0.00808065,0.04611278,0.00182066672,-0.00017931503,0.00250351825,0.000288138719,4.34666872E-05,-0.000819069042,0.0230039544,0.0190793611,0.122807525,-0.004284904,-0.000349830778,-0.0015893376,-2.71207955E-05,8.419156E-05,-0.0007131709,0.00340829277,-0.004547119,-0.0114135742,-0.004505981,-0.000132151283,-0.000144052727,5.90379532E-05,0.00250780582,0.00111821806,4.90626955,0.0601281822,0.156900972,0.0572807826,0.0002546949,-0.000385781226,1.14319355E-05,0.00252568722,0.00113688444,4.882563,-0.0213623047,-0.0158996582,0.0593478419,2.8109429E-05,-8.057432E-05,0.00122115994,-0.002014473,-0.00194540445,1.07072461,0.11743027,-0.1408081,0.03961428,0.003860505,0.0434162579,0.00130471867,-0.00189362466,-0.00247380324,1.05042362,-0.07324219,-0.118255615,0.03329824,0.0007107406,0.0354260541,-0.5500161,2.13215256,2.73881,3.51421022
250,4.9999982284580495,1377,0,0,0,0,0,-0.000115058989,0,-0.000906639965,-0.000115058989,0,-0.000906639965,1,0,0,1,2.301179E-06,-5.96046448E-06,1.81327923E-05,0,0,0,-0.000534097431,-0.00148046017,-0.000212264014,-0.150726318,0.008081056,0.0461086147,0.00178369088,-0.00017895647,0.00249888771,0.000290869968,3.4108758E-05,-0.0008277619,0.02305577,0.0190799348,0.122818395,-0.00421171542,-0.00034848426,-0.00157436868,-2.460111E-05,7.4878335E-05,-0.0007231186,0.00345398323,-0.004547119,-0.0113830566,-0.00444021868,-0.000131938519,-0.000128524436,5.9313792E-05,0.00250211358,0.00111959584,4.906173,0.060126964,0.156900331,0.05722349,0.00025765528,-0.0003810835,1.1314035E-05,0.002519086,0.00113988155,4.88248444,-0.0213623047,-0.0158996582,0.0592989028,2.60466586E-05,-7.568446E-05,0.00122127007,-0.0020173043,-0.00194783672,1.07074118,0.11743845,-0.140777588,0.0396400727,0.00386687671,0.04343826,0.00130620459,-0.00189699233,-0.002474691,1.05044651,-0.07324219,-0.118255615,0.0332971066,0.0007058895,0.03544073,-0.550016165,2.1321528,2.73881,3.51421022
251,5.0199982213718819,1384,0,0,0,0,0,-5.7785066E-05,0,-0.00113455765,-5.7785066E-05,0,-0.00113455765,1,0,0,1,1.15570083E-06,1.49011612E-08,2.26911434E-05,0,0,0,-0.000537021,-0.00147655606,-0.000199714283,-0.1506958,0.008080952,0.046112746,0.00182050141,-0.000179991213,0.00250311126,0.000288150681,4.35709953E-05,-0.0008224138,0.02299783,0.0190788917,0.1228083,-0.004299813,-0.000350480172,-0.00158916786,-2.68246258E-05,8.42511654E-05,-0.000714220339,0.00341109047,-0.004547119,-0.0114135742,-0.00450876961,-0.000132904985,-0.0001452719,5.90092677E-05,0.00251238048,0.00111949665,4.9062705,0.06012952,0.156901941,0.0573704578,0.00025248,-0.000385840074,1.13285441E-05,0.0025267154,0.00114049518,4.882497,-0.0213623047,-0.0158996582,0.059361,3.07792361E-05,-7.915417E-05,0.00122231012,-0.00200803578,-0.00194320688,1.07067311,0.11741697,-0.140838623,0.0396075174,0.0038500533,0.0434058569,0.001303828,-0.00189071894,-0.00247200183,1.05038965,-0.07324219,-0.118255615,0.03326975,0.000715200265,0.035426937,-0.5500161,2.13215256,2.73881,3.51421022
252,5.0399982142857143,1391,0,0,0,0,0,-0.000115070361,0,-0.00113870308,-0.000115070361,0,-0.00113870308,1,0,0,1,2.30140631E-06,-5.96046448E-06,2.27740529E-05,0,0,0,-0.00053415104,-0.00148049,-0.000198346039,-0.1506958,0.00808129,0.0461087376,0.00182175811,-0.0001790315,0.00249896944,0.00029091732,3.40938568E-05,-0.000815951847,0.022966912,0.0190795343,0.122818328,-0.00426833658,-0.000348324451,-0.00157519861,-2.46672244E-05,7.492304E-05,-0.0007171185,0.00334314,-0.004547119,-0.0113830566,-0.004526505,-0.000130211876,-0.000128401109,6.02324035E-05,0.00250116,0.00111713668,4.906136,0.0601245277,0.156899214,0.0571935028,0.000256948668,-0.00038339087,1.114269E-05,0.00252273679,0.0011391,4.88259935,-0.0213623047,-0.0158996582,0.0594421923,3.10312462E-05,-7.514038E-05,0.00122278649,-0.00201925635,-0.001948884,1.070657,0.11742308,-0.140777588,0.03965861,0.00386846042,0.043474365,0.00130426115,-0.00189347565,-0.00247040018,1.05031073,-0.07321167,-0.1182251,0.0332650132,0.0007203956,0.03544802,-0.550016165,2.1321528,2.73881,3.51421022
253,5.0599982071995466,1397,0,0,0,0,0,-5.774684E-05,0,-0.0009063605,-5.774684E-05,0,-0.0009063605,1,0,0,1,1.1549364E-06,1.49011612E-08,1.81272026E-05,0,0,0,-0.00053689105,-0.00147651136,-0.000212331564,-0.150726318,0.008079825,0.0461125746,0.00178241124,-0.000181018171,0.00250292174,0.00028860374,4.35709953E-05,-0.000829948171,0.0230073351,0.019076528,0.12280748,-0.004224726,-0.000352532748,-0.00159016275,-2.71176214E-05,8.420646E-05,-0.0007270315,0.00336516323,-0.004547119,-0.0114135742,-0.00445758551,-0.000135909242,-0.000142871344,5.97280923E-05,0.002510786,0.00111816253,4.906149,0.0601228476,0.156899765,0.0573023036,0.0002545209,-0.000386358646,1.129206E-05,0.00252453983,0.00114018924,4.88260031,-0.0213623047,-0.0158996582,0.0593874641,2.62237481E-05,-8.035386E-05,0.00122210733,-0.00201123953,-0.00194752484,1.07069767,0.117426358,-0.1408081,0.0396662466,0.00386073324,0.0434407443,0.00130392681,-0.00189952552,-0.0024745618,1.05023515,-0.07321167,-0.1182251,0.0333269164,0.0007149762,0.0354238562,-0.5500161,2.13215256,2.73881,3.51421022
254,5.0799982001133781,1403,0,0,0,0,0,-0.000115022791,0,-0.00113431644,-0.000115022791,0,-0.00113431644,1,0,0,1,2.300455E-06,-5.96046448E-06,2.268632E-05,0,0,0,-0.0005341512,-0.00148047507,-0.000199661736,-0.1506958,0.00807964,0.0461087972,0.00182180793,-0.000179896757,0.00249879435,0.000290821219,3.412366E-05,-0.0008200781,0.0229604524,0.01907675,0.122816138,-0.00428717351,-0.0003487065,-0.00157446042,-2.48111464E-05,7.495284E-05,-0.000715607,0.00330663775,-0.004547119,-0.0113830566,-0.004516393,-0.000130580564,-0.000127407358,5.98134138E-05,0.002503246,0.001118782,4.90612555,0.06012234,0.15689677,0.0572863519,0.000255446939,-0.000382786326,1.12802463E-05,0.00252261758,0.00113794766,4.88258,-0.0213623047,-0.0158996582,0.0593596026,3.05362664E-05,-7.617259E-05,0.00122282456,-0.00201639533,-0.00194511679,1.07061815,0.117417358,-0.140777588,0.03961361,0.00385936466,0.04344495,0.00130442251,-0.001896739,-0.00247635157,1.05021715,-0.07321167,-0.11819458,0.0333708934,0.0007173245,0.035439346,-0.550016165,2.1321528,2.73881,3.51421022
255,5.0999981930272105,1410,0,0,0,0,0,-5.77447281E-05,0,-0.00113857142,-5.77447281E-05,0,-0.00113857142,1,0,0,1,1.15489411E-06,1.49011612E-08,2.2771419E-05,0,0,0,-0.0005370182,-0.00147655606,-0.000198405964,-0.1506958,0.008078681,0.04611284,0.0018207737,-0.000180530318,0.0025030314,0.000288355048,4.3541193E-05,-0.000817986031,0.0229190253,0.0190750863,0.122805625,-0.00428021466,-0.0003511471,-0.0015898213,-2.71204135E-05,8.419156E-05,-0.000713668065,0.003258328,-0.004547119,-0.0114135742,-0.00450751232,-0.000133354319,-0.000143396857,5.971099E-05,0.002509877,0.00111674226,4.906101,0.0601196,0.15689826,0.05727464,0.000253827515,-0.000387001579,1.13097676E-05,0.00252442062,0.00113542215,4.88255835,-0.0213623047,-0.0158996582,0.0593467429,2.64952851E-05,-8.04227E-05,0.00122284715,-0.00201247633,-0.00194791285,1.07062912,0.117414422,-0.1408081,0.0396722034,0.00386158237,0.0434587337,0.00130404439,-0.00190237164,-0.00247807475,1.05019033,-0.07321167,-0.1182251,0.03339446,0.0007124899,0.03541366,-0.5500161,2.13215256,2.73881,3.51421022
256,5.1199981859410428,1415,0,0,0,0,0,-0.0001150297,0,-0.0009062794,-0.0001150297,0,-0.0009062794,1,0,0,1,2.30059322E-06,-5.94556332E-06,1.81255818E-05,0,0,0,-0.0005341148,-0.00148044527,-0.000212280662,-0.150726318,0.008078506,0.04610876,0.0017834272,-0.000179452836,0.00249888282,0.000291092176,3.412366E-05,-0.000830944,0.0229527727,0.01907526,0.12281505,-0.004227787,-0.000348857429,-0.00157526508,-2.472429E-05,7.490814E-05,-0.000722790137,0.003303428,-0.004547119,-0.0113830566,-0.00443807524,-0.000132143716,-0.000127655061,5.97206454E-05,0.00250333548,0.0011185864,4.90609741,0.0601180121,0.156895563,0.0573069341,0.000256382424,-0.00038159953,1.12879043E-05,0.00251951814,0.00113745045,4.882455,-0.0213623047,-0.0158996582,0.05929269,2.54375445E-05,-7.622554E-05,0.00122309779,-0.00201758742,-0.00194625894,1.0706017,0.117414489,-0.140777588,0.03963631,0.00386219285,0.043464046,0.00130572985,-0.00190238655,-0.00247967173,1.05025423,-0.07321167,-0.1182251,0.03340591,0.0007073903,0.0354311764,-0.550016165,2.1321528,2.73881,3.51421022
257,5.1399981788548752,1421,0,0,0,0,0,-5.778452E-05,0,-0.00113437639,-5.778452E-05,0,-0.00113437639,1,0,0,1,1.15568992E-06,0,2.268752E-05,0,0,0,-0.0005370584,-0.00147655606,-0.000199708447,-0.1506958,0.008078703,0.04611301,0.00182056869,-0.0001797106,0.00250320719,0.000288290437,4.351139E-05,-0.00081923767,0.0229077078,0.0190747157,0.122804292,-0.00428375276,-0.00034999568,-0.00158995145,-2.686437E-05,8.42511654E-05,-0.000710261,0.00328043359,-0.004547119,-0.0114135742,-0.00448892731,-0.000132415633,-0.000145115249,5.95188867E-05,0.002508983,0.00111903693,4.906069,0.0601172931,0.15689753,0.0572848879,0.000254276325,-0.000386608,1.14944833E-05,0.00252580643,0.00113806315,4.88234329,-0.0213623047,-0.0158996582,0.059268456,2.77641957E-05,-7.992632E-05,0.001222827,-0.00201414526,-0.00194629817,1.07055342,0.117407151,-0.1408081,0.0396478772,0.00386009086,0.04345445,0.00130479212,-0.00189577043,-0.002479042,1.05029988,-0.07321167,-0.1182251,0.0333922058,0.0007094193,0.03542336,-0.5500161,2.1321528,2.73881,3.51421022
258,5.1599981717687076,1427,0,0,0,0,0,-0.00011506008,0,-0.00113850273,-0.00011506008,0,-0.00113850273,1,0,0,1,2.30120077E-06,-5.94556332E-06,2.27700457E-05,0,0,0,-0.000534159248,-0.00148047507,-0.000198347436,-0.1506958,0.008079159,0.0461089537,0.00182188337,-0.0001789431,0.00249894219,0.000290898257,3.413856E-05,-0.0008180486,0.0228672437,0.0190758016,0.122813836,-0.004278737,-0.000347946538,-0.0015751085,-2.46938325E-05,7.496774E-05,-0.0007154267,0.00322429254,-0.004547119,-0.0113830566,-0.004517936,-0.000130159257,-0.000128261992,5.97481E-05,0.00250414014,0.0011168347,4.90604067,0.0601166226,0.156894952,0.05727551,0.000256472325,-0.000382160157,1.12091229E-05,0.00252276659,0.0011381479,4.88244534,-0.0213623047,-0.0158996582,0.05943566,3.08200542E-05,-7.55676E-05,0.00122370129,-0.002016127,-0.00194758875,1.07053936,0.117403723,-0.140777588,0.0396634,0.003862795,0.0434794463,0.00130396825,-0.0018954128,-0.00247251336,1.05025935,-0.07321167,-0.1182251,0.0333069749,0.000719784759,0.03543823,-0.550016165,2.1321528,2.73881,3.51421022
259,5.179998164682539,1433,0,0,0,0,0,-5.77636238E-05,0,-0.000906041532,-5.77636238E-05,0,-0.000906041532,1,0,0,1,1.155272E-06,1.49011612E-08,1.81208234E-05,0,0,0,-0.000536946,-0.00147654116,-0.00021235802,-0.150726318,0.00807852,0.046112746,0.00178236153,-0.000180144722,0.00250322931,0.000288417068,4.35560942E-05,-0.0008336533,0.0228833128,0.0190738533,0.122803576,-0.00424256967,-0.000351529947,-0.0015896532,-2.69462853E-05,8.420646E-05,-0.000725667633,0.00325287064,-0.004547119,-0.0114135742,-0.004451062,-0.000134819609,-0.000144103542,5.974772E-05,0.00251147151,0.00111864414,4.9061327,0.0601156354,0.156895921,0.05739154,0.0002534069,-0.00038699474,1.11491172E-05,0.002524659,0.00114153232,4.88243961,-0.0213623047,-0.0158996582,0.05938805,2.641433E-05,-7.931311E-05,0.001224068,-0.00201247633,-0.00194507954,1.07049942,0.117394388,-0.1408081,0.0396500565,0.003855161,0.0434670635,0.00130375824,-0.00189995766,-0.00247479,1.05018818,-0.07321167,-0.1182251,0.0333375148,0.000716213137,0.0354234539,-0.5500161,2.13215256,2.73881,3.51421022
260,5.1999981575963714,1440,0,0,0,0,0,-0.000115059767,0,-0.001134128,-0.000115059767,0,-0.001134128,1,0,0,1,2.3011944E-06,-5.96046448E-06,2.268255E-05,0,0,0,-0.0005341588,-0.00148050487,-0.000199659422,-0.1506958,0.008079277,0.04610885,0.00182165811,-0.000179025563,0.00249907468,0.000291065982,3.412366E-05,-0.0008170653,0.0228478126,0.0190749,0.122812048,-0.00427157152,-0.000347942085,-0.00157602,-2.48380838E-05,7.493794E-05,-0.0007140024,0.00320213824,-0.004547119,-0.0113830566,-0.00450868672,-0.000129779277,-0.00012759793,6.03205262E-05,0.00250245631,0.00111777289,4.90597773,0.060111843,0.1568915,0.0572002344,0.000255763676,-0.0003831476,1.12143671E-05,0.00252212584,0.00114044885,4.88241529,-0.0213623047,-0.0158996582,0.05936251,3.229198E-05,-7.598067E-05,0.00122459733,-0.00201876462,-0.00194994546,1.07048607,0.117391489,-0.140777588,0.03969601,0.003868089,0.04351613,0.00130410516,-0.0018979758,-0.00247598533,1.0501492,-0.07318115,-0.11819458,0.03336829,0.000718977652,0.03543866,-0.550016165,2.1321528,2.73881,3.51421022
261,5.2199981505102038,1447,0,0,0,0,0,-5.7777288E-05,0,-0.00113835663,-5.7777288E-05,0,-0.00113835663,1,0,0,1,1.15554531E-06,1.49011612E-08,2.27671244E-05,0,0,0,-0.0005369742,-0.00147658587,-0.000198405876,-0.1506958,0.008078568,0.04611272,0.00182077778,-0.000180262054,0.00250327075,0.000288517767,4.3541193E-05,-0.0008200892,0.0227958579,0.0190732647,0.122800052,-0.00429049041,-0.0003510791,-0.00159074122,-2.69528045E-05,8.422136E-05,-0.000712181558,0.00316158612,-0.004547119,-0.0114135742,-0.00450007571,-0.000133247449,-0.0001443062,5.978989E-05,0.002510935,0.00111564819,4.906055,0.0601109155,0.156891614,0.0573547855,0.0002549974,-0.000386658619,1.13200331E-05,0.00252477825,0.001137837,4.882393,-0.0213623047,-0.0158996582,0.05934978,2.67423511E-05,-7.981109E-05,0.00122405414,-0.00201354921,-0.00194652891,1.07047331,0.117390193,-0.140777588,0.039673876,0.00385874347,0.0434818156,0.00130396825,-0.00190235674,-0.0024782964,1.05011785,-0.07318115,-0.11819458,0.033406347,0.000714995549,0.03542031,-0.5500161,2.13215256,2.73881,3.51421022
262,5.2399981434240361,1453,0,0,0,0,0,-0.000115042349,0,-0.0009060298,-0.000115042349,0,-0.0009060298,1,0,0,1,2.300846E-06,-5.96046448E-06,1.81205887E-05,0,0,0,-0.00053411047,-0.00148046017,-0.000212295578,-0.150726318,0.008078893,0.046108678,0.00178341661,-0.000179038325,0.00249893218,0.000291083561,3.4108758E-05,-0.0008276347,0.0228438117,0.0190738924,0.122809552,-0.0042108926,-0.000348460831,-0.001575424,-2.4740315E-05,7.4878335E-05,-0.000725023565,0.003193314,-0.004547119,-0.0113830566,-0.00444931956,-0.000131771085,-0.000127736828,6.014522E-05,0.00250148773,0.00111798057,4.90592337,0.060109362,0.156889066,0.05722097,0.000258222368,-0.000382551021,1.14134627E-05,0.002520889,0.00113937957,4.88238764,-0.0213623047,-0.0158996582,0.0593811423,2.78962416E-05,-7.647992E-05,0.00122389174,-0.00202094018,-0.00194999226,1.07049656,0.1174022,-0.14074707,0.0396922231,0.00387076824,0.04351247,0.00130462158,-0.001902625,-0.00247743144,1.05011785,-0.07318115,-0.11819458,0.03339544,0.000716113,0.0354353637,-0.550016165,2.1321528,2.73881,3.51421022
263,5.2599981363378685,1460,0,0,0,0,0,-5.77417741E-05,0,-0.00113410212,-5.77417741E-05,0,-0.00113410212,1,0,0,1,1.154835E-06,0,2.26820339E-05,0,0,0,-0.0005369584,-0.00147660077,-0.000199714908,-0.1506958,0.008078292,0.0461125523,0.00182051177,-0.000180573916,0.00250320975,0.000288115,4.35262918E-05,-0.0008174402,0.02280956,0.0190722682,0.122798517,-0.00427533174,-0.000351128052,-0.00158862036,-2.700326E-05,8.420646E-05,-0.0007136041,0.00314773759,-0.004547119,-0.0114135742,-0.004504901,-0.000133565,-0.000143930039,5.90921954E-05,0.00250904262,0.0011188864,4.90589666,0.0601092,0.156892,0.0572800972,0.0002544773,-0.000386078,1.1512514E-05,0.00252580643,0.00113953254,4.88235569,-0.0213623047,-0.0158996582,0.0593591034,2.89625186E-05,-8.050499E-05,0.00122276891,-0.002014935,-0.00194716628,1.07047939,0.117399119,-0.140777588,0.03966774,0.0038625875,0.0434667841,0.00130340341,-0.0019004494,-0.002477575,1.0500685,-0.07318115,-0.11819458,0.033399567,0.0007184396,0.0354219377,-0.5500161,2.13215256,2.73881,3.51421022
264,5.2799981292517009,1467,0,0,0,0,0,-0.000115033523,0,-0.00113832112,-0.000115033523,0,-0.00113832112,1,0,0,1,2.30066962E-06,-5.96046448E-06,2.27664132E-05,0,0,0,-0.0005340935,-0.00148050487,-0.000198342517,-0.1506958,0.008078011,0.0461085625,0.001821936,-0.0001796294,0.0024989543,0.00029048344,3.415346E-05,-0.0008169039,0.0227750465,0.0190727487,0.122809149,-0.00427333545,-0.000348512956,-0.00157275959,-2.45162355E-05,7.493794E-05,-0.000712085,0.00310459523,-0.004547119,-0.0113830566,-0.00450072857,-0.0001307454,-0.000128830827,5.90204763E-05,0.00250376761,0.00111805531,4.90586472,0.06010978,0.156891242,0.0572762936,0.000256581145,-0.000381546532,1.13476772E-05,0.00252111256,0.00113752589,4.882325,-0.0213623047,-0.0158996582,0.0593493842,2.80403365E-05,-7.54964E-05,0.00122352457,-0.00201685727,-0.00194718014,1.07046378,0.117398188,-0.14074707,0.0396611653,0.00386302872,0.0434798934,0.00130463729,-0.00190268457,-0.00247903122,1.05007553,-0.07318115,-0.11819458,0.0334246755,0.0007162668,0.03543706,-0.550016165,2.1321528,2.73881,3.51421022
265,5.2999981221655323,1474,0,0,0,0,0,-5.77359751E-05,0,-0.0009060528,-5.77359751E-05,0,-0.0009060528,1,0,0,1,1.154719E-06,0,1.81210489E-05,0,0,0,-0.0005369601,-0.00147649646,-0.000212340354,-0.150726318,0.00807734951,0.046112638,0.00178241963,-0.000180272575,0.002502995,0.0002882003,4.35560942E-05,-0.0008289395,0.02281681,0.0190712176,0.122800268,-0.00421900349,-0.000351150462,-0.00158857566,-2.70446981E-05,8.422136E-05,-0.0007209708,0.003160992,-0.004547119,-0.0114135742,-0.00442757364,-0.0001348955,-0.000143613681,5.90204581E-05,0.00250945985,0.00112027093,4.905853,0.0601088665,0.156893224,0.0573067442,0.0002554009,-0.0003855473,1.17102863E-05,0.00252431631,0.001139158,4.882214,-0.0213623047,-0.0158996582,0.0592930019,2.35688258E-05,-8.14338346E-05,0.0012230787,-0.0020146817,-0.00194723066,1.07046258,0.117401667,-0.140777588,0.0396736972,0.00386213884,0.0434726551,0.00130504067,-0.00190331042,-0.00248150621,1.05012608,-0.07321167,-0.1182251,0.03345332,0.000710165,0.0354247019,-0.5500161,2.13215256,2.73881,3.51421022
266,5.3199981150793647,1481,0,0,0,0,0,-0.000115046532,0,-0.001133989,-0.000115046532,0,-0.001133989,1,0,0,1,2.30092974E-06,-5.96046448E-06,2.267977E-05,0,0,0,-0.000534147141,-0.00148050487,-0.0001996544,-0.1506958,0.008077811,0.0461086854,0.00182178733,-0.000179278039,0.00249893824,0.0002907563,3.412366E-05,-0.0008183937,0.0227768738,0.01907233,0.122810565,-0.004278356,-0.000347947032,-0.00157433969,-2.45896372E-05,7.490814E-05,-0.000715742761,0.003103703,-0.004547119,-0.0113830566,-0.00451711,-0.0001302381,-0.000128675369,5.920025E-05,0.002503723,0.00112019619,4.9058156,0.06010916,0.15689221,0.0572868437,0.000254680577,-0.000381170743,1.11303789E-05,0.00252191722,0.00114048738,4.882297,-0.0213623047,-0.0158996582,0.0594442971,3.23795466E-05,-7.50319959E-05,0.00122426916,-0.00201714039,-0.00194616616,1.07040036,0.117386475,-0.140777588,0.03965112,0.0038606138,0.04348772,0.0013031594,-0.0019005388,-0.00247352128,1.05003726,-0.07318115,-0.11819458,0.03334251,0.000723726,0.03543267,-0.550016165,2.1321528,2.73881,3.51421022
267,5.3399981079931971,1488,0,0,0,0,0,-5.775339E-05,0,-0.00113829877,-5.775339E-05,0,-0.00113829877,1,0,0,1,1.15506737E-06,0,2.27659675E-05,0,0,0,-0.000536968,-0.00147655606,-0.000198413414,-0.1506958,0.008076968,0.0461126529,0.001820637,-0.000180469491,0.00250302,0.000288275332,4.3541193E-05,-0.000816144631,0.0227432363,0.0190705433,0.122800507,-0.00427096337,-0.000351236842,-0.00158936961,-2.713482E-05,8.422136E-05,-0.000708581763,0.00307954918,-0.004547119,-0.0114135742,-0.004481847,-0.0001335653,-0.000143239828,5.940266E-05,0.00250895321,0.00111821678,4.90578,0.0601058938,0.15689373,0.05727474,0.0002553671,-0.000386301836,1.12257831E-05,0.00252464414,0.00113898853,4.882155,-0.0213623047,-0.0158996582,0.0592674166,2.61476634E-05,-8.026674E-05,0.00122378487,-0.00201562047,-0.001948275,1.070393,0.117393412,-0.140777588,0.0396926,0.003863969,0.0434944443,0.00130458991,-0.00190240145,-0.002482091,1.05006588,-0.07318115,-0.11819458,0.033463262,0.000712475041,0.03542743,-0.5500161,2.13215256,2.73881,3.51421022
268,5.3599981009070294,1495,0,0,0,0,0,-0.000115037343,0,-0.0009059667,-0.000115037343,0,-0.0009059667,1,0,0,1,2.300746E-06,-5.96046448E-06,1.81193263E-05,0,0,0,-0.000534132938,-0.00148038566,-0.0002122641,-0.150726318,0.00807725452,0.046108868,0.00178336655,-0.000179088791,0.002498665,0.000290767523,3.41981649E-05,-0.0008295918,0.0227834657,0.01907137,0.122810043,-0.00422070129,-0.000348348,-0.00157381617,-2.454154E-05,7.493794E-05,-0.0007231576,0.003123856,-0.004547119,-0.0113830566,-0.00443988666,-0.0001318885,-0.0001286814,5.96754544E-05,0.00250503421,0.00111925951,4.905763,0.06010636,0.156890482,0.0573064052,0.000255823368,-0.0003825267,1.12911312E-05,0.0025203824,0.00114037213,4.88215828,-0.0213623047,-0.0158996582,0.0593788251,2.63243255E-05,-7.549209E-05,0.00122495031,-0.00201635063,-0.0019478387,1.07039952,0.117385581,-0.140777588,0.0396852419,0.00386217912,0.0435090251,0.001304596,-0.00190396607,-0.00247763121,1.05007,-0.07321167,-0.11819458,0.0334012844,0.000716187,0.0354344621,-0.550016165,2.1321528,2.73881,3.51421022
269,5.3799980938208618,1501,0,0,0,0,0,-5.77738538E-05,0,-0.00113379315,-5.77738538E-05,0,-0.00113379315,1,0,0,1,1.15547664E-06,0,2.26758548E-05,0,0,0,-0.0005370468,-0.00147655606,-0.000199729926,-0.1506958,0.008077455,0.0461130068,0.00182063982,-0.000179649083,0.00250314758,0.000288257259,4.35560942E-05,-0.0008249638,0.0227045361,0.0190706849,0.122799024,-0.004312134,-0.000350184651,-0.00158981339,-2.70868386E-05,8.422136E-05,-0.000712370733,0.00308457366,-0.004547119,-0.0114135742,-0.004499165,-0.0001323225,-0.000143986865,5.95623242E-05,0.002512142,0.0011196424,4.905924,0.06010634,0.15689142,0.05745684,0.000251693127,-0.000386991422,1.13565839E-05,0.00252589583,0.00114143523,4.882128,-0.0213623047,-0.0158996582,0.05936112,3.05066151E-05,-8.021773E-05,0.00122601679,-0.00201292336,-0.00194228394,1.07025,0.1173587,-0.1408081,0.0396307223,0.003848382,0.043489296,0.00130332168,-0.00190018117,-0.00247718,1.05000913,-0.07318115,-0.11819458,0.03339593,0.000720146636,0.0354263969,-0.5500161,2.13215256,2.73881,3.51421022
270,5.3999980867346933,1507,0,0,0,0,0,-0.000115096052,0,-0.00113802054,-0.000115096052,0,-0.00113802054,1,0,0,1,2.30192018E-06,-5.96046448E-06,2.27604014E-05,0,0,0,-0.0005342246,-0.00148049,-0.000198350463,-0.1506958,0.008078894,0.0461090952,0.00182168314,-0.000178035887,0.00249916269,0.00029101636,3.415346E-05,-0.0008188962,0.0226505157,0.0190725736,0.12280751,-0.00428207451,-0.000347141438,-0.00157622527,-2.46657564E-05,7.492304E-05,-0.0007110662,0.00304605649,-0.00451660156,-0.0113830566,-0.00449645845,-0.000128867774,-0.000128858883,6.0899667E-05,0.00250348449,0.001116171,4.90584564,0.0601007976,0.156886816,0.0572783537,0.000255335181,-0.000384815561,1.12292964E-05,0.00252121687,0.00113932067,4.882098,-0.0213623047,-0.0158996582,0.0593518056,2.976194E-05,-7.548615E-05,0.001227581,-0.00202064216,-0.00194979366,1.07021046,0.117350265,-0.140777588,0.03972616,0.003866141,0.04358056,0.00130454567,-0.00190268457,-0.00247878185,1.05000353,-0.07318115,-0.11819458,0.0334258266,0.0007185122,0.03544297,-0.550016165,2.1321528,2.73881,3.51421022
271,5.4199980796485256,1514,0,0,0,0,0,-5.778911E-05,0,-0.000905723544,-5.778911E-05,0,-0.000905723544,1,0,0,1,1.15578177E-06,0,1.81144642E-05,0,0,0,-0.0005369756,-0.00147654116,-0.000212351821,-0.150726318,0.0080790855,0.0461129,0.0017824797,-0.000179403811,0.00250328239,0.0002887741,4.35709953E-05,-0.000829511,0.022685824,0.019071145,0.122794874,-0.00422126474,-0.0003509833,-0.00159177231,-2.7103E-05,8.422136E-05,-0.00072366104,0.00308734737,-0.004547119,-0.0114135742,-0.00444124639,-0.000134331145,-0.00014362736,6.08681039E-05,0.0025101155,0.00111586927,4.905806,0.06009691,0.156884864,0.057297878,0.000256286934,-0.00038862857,1.15956618E-05,0.0025255233,0.00114084315,4.88208866,-0.0213623047,-0.0158996582,0.0593818426,2.69564189E-05,-8.110573E-05,0.001226427,-0.00201739371,-0.00195132056,1.07026625,0.117360473,-0.14074707,0.03976288,0.00386794913,0.0435700752,0.0013037,-0.0019031018,-0.002478867,1.0499922,-0.07318115,-0.11819458,0.0334309,0.000719039,0.0354271941,-0.5500161,2.13215256,2.73881,3.51421022
272,5.439998072562358,1521,0,0,0,0,0,-0.000115099552,0,-0.00113376777,-0.000115099552,0,-0.00113376777,1,0,0,1,2.30199021E-06,-5.94556332E-06,2.26753473E-05,0,0,0,-0.000534146442,-0.00148050487,-0.000199643255,-0.1506958,0.008079938,0.0461089052,0.0018215843,-0.00017901363,0.00249904627,0.00029119337,3.40938568E-05,-0.0008183912,0.0226433538,0.01907214,0.122801855,-0.00427793,-0.000347936439,-0.00157674344,-2.45334413E-05,7.4878335E-05,-0.00071263453,0.0030431773,-0.00451660156,-0.0113830566,-0.004501714,-0.00012999546,-0.000129137479,6.006143E-05,0.00250181556,0.00111676136,4.905746,0.06009707,0.1568812,0.05727885,0.000257498148,-0.000381945021,1.12893949E-05,0.002521053,0.00114055956,4.882051,-0.0213623047,-0.0158996582,0.0593602136,3.05759968E-05,-7.525247E-05,0.00122584635,-0.00202317536,-0.00194838049,1.07022357,0.117362678,-0.14074707,0.0396940447,0.00386771583,0.0435516238,0.00130403752,-0.00190332532,-0.00247825356,1.04994571,-0.07318115,-0.118164063,0.0334207974,0.000720325159,0.03543903,-0.550016165,2.1321528,2.73881,3.51421022
273,5.45999806547619,1527,0,0,0,0,0,-5.779075E-05,0,-0.001138033,-5.779075E-05,0,-0.001138033,1,0,0,1,1.15581452E-06,0,2.276065E-05,0,0,0,-0.0005369983,-0.00147658587,-0.000198412425,-0.1506958,0.008079663,0.04611277,0.00182085438,-0.000179786875,0.002503346,0.000288491778,4.35560942E-05,-0.0008157911,0.0226102918,0.01907097,0.122791432,-0.004268582,-0.00035063058,-0.00159083225,-2.71306253E-05,8.422136E-05,-0.000710970839,0.00300790719,-0.00451660156,-0.0114135742,-0.004494093,-0.000133150825,-0.000143599507,5.93197656E-05,0.00250950456,0.00111633888,4.905692,0.0600967333,0.156884447,0.0572698377,0.000256718165,-0.0003851028,1.1421108E-05,0.00252567232,0.00113828224,4.882016,-0.0213623047,-0.0158996582,0.0593489,2.71419613E-05,-8.07070755E-05,0.00122458232,-0.00201664865,-0.00195021648,1.07026172,0.117373936,-0.14074707,0.039736744,0.00386765343,0.04353075,0.00130371086,-0.001903683,-0.00248074485,1.0499469,-0.07318115,-0.11819458,0.0334669836,0.0007189068,0.0354266167,-0.5500161,2.13215256,2.73881,3.51421022
274,5.4799980583900227,1535,0,0,0,0,0,-0.0001150433,0,-0.0009056871,-0.0001150433,0,-0.0009056871,1,0,0,1,2.30086516E-06,-5.96046448E-06,1.81137348E-05,0,0,0,-0.000534092542,-0.00148044527,-0.000212275787,-0.150726318,0.00807998,0.0461087339,0.00178329216,-0.0001791471,0.0024989408,0.000290822121,3.41683626E-05,-0.000828743156,0.0226533264,0.0190716051,0.122802176,-0.004216262,-0.0003485274,-0.00157416018,-2.47386015E-05,7.492304E-05,-0.000723849342,0.00304483273,-0.00451660156,-0.0113830566,-0.00444327667,-0.000132063826,-0.000127748077,5.92826254E-05,0.00250466168,0.00111885217,4.90566,0.0600992739,0.156882852,0.0573040023,0.0002571329,-0.0003810238,1.12442167E-05,0.00252123177,0.00113987189,4.88199949,-0.0213623047,-0.0158996582,0.059380468,2.77186282E-05,-7.604556E-05,0.00122505939,-0.00201791525,-0.00194857409,1.07028043,0.117372587,-0.14074707,0.03970336,0.003864898,0.043525856,0.001304277,-0.00190494955,-0.00247977744,1.04996073,-0.07318115,-0.118164063,0.03345197,0.0007192196,0.0354373641,-0.5500161,2.13215256,2.73881,3.51421022
275,5.4999980513038542,1542,0,0,0,0,0,-5.778395E-05,0,-0.00113355857,-5.778395E-05,0,-0.00113355857,1,0,0,1,1.15567855E-06,1.49011612E-08,2.26711618E-05,0,0,0,-0.000537038432,-0.00147660077,-0.000199731265,-0.1506958,0.008080218,0.046112705,0.00182053889,-0.000179662165,0.0025034037,0.000288024516,4.35262918E-05,-0.0008239265,0.0225788839,0.0190710519,0.122792408,-0.0043066456,-0.000350091868,-0.0015888206,-2.68922759E-05,8.417666E-05,-0.0007123121,0.00300412672,-0.00451660156,-0.0114135742,-0.004498895,-0.000132336922,-0.000145076046,5.90329E-05,0.00251191854,0.001120106,4.9058094,0.06010067,0.156885445,0.057456173,0.0002518852,-0.000386163243,1.13014394E-05,0.002525553,0.00114008412,4.88195753,-0.0213623047,-0.0158996582,0.05935815,2.92385776E-05,-7.94538937E-05,0.00122637022,-0.00201430917,-0.00194265263,1.070151,0.117344677,-0.140777588,0.0396463759,0.00385012478,0.0435088,0.00130317314,-0.00190360844,-0.00247961329,1.04991508,-0.07318115,-0.11819458,0.0334495232,0.000720667245,0.0354224145,-0.5500161,2.13215256,2.73881,3.51421022
276,5.5199980442176866,1549,0,0,0,0,0,-0.000115055125,0,-0.00113775686,-0.000115055125,0,-0.00113775686,1,0,0,1,2.30110163E-06,-5.94556332E-06,2.27551282E-05,0,0,0,-0.000534145453,-0.00148047507,-0.000198361522,-0.1506958,0.008080985,0.0461087674,0.00182188035,-0.000178721108,0.00249898224,0.000290625641,3.413856E-05,-0.000813931169,0.0225504767,0.0190720744,0.122801758,-0.00425757328,-0.000348042115,-0.00157399534,-2.47765947E-05,7.48932362E-05,-0.0007177118,0.0029278826,-0.00451660156,-0.0113830566,-0.00452914927,-0.000129946508,-0.000127988678,6.01285938E-05,0.00250138342,0.00111739722,4.90562248,0.06009431,0.156881541,0.05719227,0.000257012231,-0.000383915642,1.10654037E-05,0.002522707,0.001139032,4.882121,-0.0213623047,-0.0158996582,0.0595234036,3.28653841E-05,-7.53750646E-05,0.00122684031,-0.00202359259,-0.00195245212,1.070153,0.117352806,-0.14074707,0.03975858,0.003874361,0.0435963646,0.00130216731,-0.001905039,-0.00247491826,1.04979253,-0.0731506348,-0.118164063,0.0334007628,0.0007313538,0.03543415,-0.550016165,2.1321528,2.73881,3.51421022
277,5.5399980371315189,1556,0,0,0,0,0,-5.77753344E-05,0,-0.000905389141,-5.77753344E-05,0,-0.000905389141,1,0,0,1,1.1555062E-06,0,1.81077758E-05,0,0,0,-0.000536860258,-0.00147652626,-0.000212352257,-0.150726318,0.008079569,0.04611242,0.00178212579,-0.00018100068,0.00250309985,0.000288687035,4.35560942E-05,-0.000830479548,0.02258234,0.019069029,0.122791544,-0.004226929,-0.000352665578,-0.00159067137,-2.69214124E-05,8.426607E-05,-0.0007254206,0.00295158243,-0.004547119,-0.0113830566,-0.00444897171,-0.000135958413,-0.000143784855,5.94586782E-05,0.0025113225,0.0011183616,4.905698,0.06009383,0.156883284,0.05738422,0.000254642218,-0.000385146821,1.13006563E-05,0.00252717733,0.0011393833,4.882069,-0.0213623047,-0.0158996582,0.05938459,2.56741841E-05,-7.980581E-05,0.00122614275,-0.00201627612,-0.00194780307,1.07016051,0.117355607,-0.14074707,0.03972281,0.00386133045,0.0435463451,0.00130308792,-0.0019056946,-0.00248367456,1.04979587,-0.0731506348,-0.118133545,0.0335405841,0.00072397117,0.0354298241,-0.5500161,2.13215256,2.73881,3.51421022
278,5.5599980300453513,1564,0,0,0,0,0,-0.000115036572,0,-0.0011334389,-0.000115036572,0,-0.0011334389,1,0,0,1,2.30073056E-06,-5.94556332E-06,2.266877E-05,0,0,0,-0.000534137944,-0.00148049,-0.00019966031,-0.1506958,0.008079745,0.046108596,0.00182168884,-0.000179562325,0.00249906559,0.000290678145,3.41683626E-05,-0.000818079163,0.0225387625,0.0190696325,0.122800626,-0.004276478,-0.00034839625,-0.00157403538,-2.46900145E-05,7.48932362E-05,-0.0007126366,0.00290383445,-0.00451660156,-0.0113830566,-0.00450130273,-0.000130317261,-0.000128172614,6.00065177E-05,0.002504021,0.00111879956,4.90562057,0.06009328,0.1568808,0.057284493,0.0002548979,-0.0003835494,1.14459144E-05,0.00251922,0.00113747839,4.882005,-0.0213623047,-0.0158996582,0.0593531951,2.84186117E-05,-7.64509459E-05,0.00122731854,-0.002020061,-0.00194878015,1.07011485,0.117343962,-0.14074707,0.0397181734,0.00386435958,0.0435724743,0.00130384718,-0.00191310048,-0.00248288712,1.04976344,-0.0731506348,-0.118133545,0.033521805,0.000719445234,0.035424456,-0.550016165,2.1321528,2.73881,3.51421022
279,5.5799980229591837,1571,0,0,0,0,0,-5.77705141E-05,0,-0.00113769423,-5.77705141E-05,0,-0.00113769423,1,0,0,1,1.15540979E-06,0,2.27538767E-05,0,0,0,-0.0005369998,-0.00147655606,-0.0001984092,-0.1506958,0.008079114,0.04611277,0.00182077754,-0.000180224451,0.00250313012,0.0002881128,4.3541193E-05,-0.0008185674,0.02248869,0.0190681517,0.122789286,-0.00428242376,-0.000350966468,-0.00158890057,-2.67688629E-05,8.419156E-05,-0.0007105878,0.00286883721,-0.00451660156,-0.0113830566,-0.004491882,-0.000133286041,-0.000145308833,5.972186E-05,0.00251045823,0.00111679221,4.90565872,0.0600900836,0.1568812,0.0573563,0.0002540567,-0.000387721317,1.16169695E-05,0.0025254786,0.00113596313,4.88194847,-0.0213623047,-0.0158996582,0.0593428,2.62140238E-05,-8.01531E-05,0.00122698862,-0.00201742351,-0.001948329,1.07009459,0.117339306,-0.14074707,0.0397315435,0.003862248,0.043566782,0.00130342273,-0.001908958,-0.002484912,1.04979336,-0.0731506348,-0.118164063,0.0335547961,0.0007188044,0.03541585,-0.5500161,2.13215256,2.73881,3.51421022
280,5.599998015873016,1578,0,0,0,0,0,-0.000115061586,0,-0.0009052689,-0.000115061586,0,-0.0009052689,1,0,0,1,2.30123078E-06,-5.96046448E-06,1.81053711E-05,0,0,0,-0.000534140971,-0.00148041546,-0.000212308878,-0.150726318,0.008079624,0.0461088046,0.001783316,-0.000178809991,0.00249898923,0.000290942728,3.41683626E-05,-0.000832463731,0.0225061644,0.01906902,0.122798771,-0.00423436565,-0.000348262576,-0.00157500536,-2.45943829E-05,7.490814E-05,-0.0007231438,0.002907724,-0.00451660156,-0.0113830566,-0.00443978561,-0.000131487657,-0.000128655418,5.99184277E-05,0.00250530243,0.00111865334,4.905702,0.06008995,0.156878009,0.05739168,0.000255750347,-0.000382446,1.13931274E-05,0.00252069533,0.0011387316,4.881914,-0.0213623047,-0.0158996582,0.0593765564,2.737693E-05,-7.603506E-05,0.00122823147,-0.00202043355,-0.00194730447,1.07004213,0.117331088,-0.14074707,0.03971319,0.003861088,0.0435855836,0.001303986,-0.00190934539,-0.00248258654,1.049831,-0.0731506348,-0.118133545,0.0335113145,0.000719802,0.03543132,-0.550016165,2.1321528,2.73881,3.51421022
281,5.6199980087868475,1586,0,0,0,0,0,-5.77812461E-05,0,-0.0011334531,-5.77812461E-05,0,-0.0011334531,1,0,0,1,1.15562443E-06,1.49011612E-08,2.26690536E-05,0,0,0,-0.000537029642,-0.00147655606,-0.00019970446,-0.1506958,0.008079973,0.0461130254,0.00182047836,-0.000179745053,0.00250319857,0.0002881916,4.349649E-05,-0.000813753635,0.0224818885,0.0190680884,0.122786872,-0.00425591366,-0.000350407354,-0.00158953655,-2.70144665E-05,8.417666E-05,-0.000711361936,0.00287116575,-0.00451660156,-0.0114135742,-0.0044939206,-0.000132771136,-0.000144317775,6.01121064E-05,0.00250637531,0.00111805229,4.905512,0.06008512,0.156877846,0.0571945235,0.0002558668,-0.0003883132,1.1450993E-05,0.00252561271,0.00114003022,4.881858,-0.0213623047,-0.0158996582,0.059356384,2.84440812E-05,-8.040211E-05,0.00122682948,-0.00202295184,-0.00195284234,1.07006276,0.117340423,-0.140716553,0.0397809334,0.00387499249,0.0436064377,0.00130296173,-0.00190618634,-0.002481723,1.049801,-0.0731506348,-0.118164063,0.0334971845,0.0007219877,0.0354207121,-0.5500161,2.13215256,2.73881,3.51421022
282,5.63999800170068,1593,0,0,0,0,0,-0.0001150795,0,-0.00113776559,-0.0001150795,0,-0.00113776559,1,0,0,1,2.30158912E-06,-5.94556332E-06,2.27553028E-05,0,0,0,-0.0005340916,-0.00148047507,-0.000198341761,-0.1506958,0.008079616,0.0461088941,0.00182199583,-0.0001798135,0.00249889074,0.000290920958,3.41683626E-05,-0.000814168,0.02246083,0.0190682765,0.122796252,-0.0042594,-0.000348776579,-0.00157498394,-2.44905714E-05,7.496774E-05,-0.0007097751,0.002838708,-0.00451660156,-0.0113830566,-0.0044888733,-0.0001313291,-0.000128912274,5.935079E-05,0.002504766,0.00111620978,4.90545654,0.06008615,0.156876758,0.0572661571,0.000258203654,-0.0003807821,1.13231054E-05,0.00252147019,0.00113881193,4.881807,-0.0213623047,-0.0158996582,0.0593485348,2.77487579E-05,-7.539938E-05,0.001226248,-0.002019465,-0.00195122766,1.07012379,0.117349908,-0.140716553,0.0397610553,0.00386986625,0.04357578,0.00130401249,-0.00190700591,-0.00248268247,1.04982686,-0.0731506348,-0.118133545,0.0335143656,0.000720936048,0.0354367867,-0.550016165,2.1321528,2.73881,3.51421022
283,5.6599979946145123,1600,0,0,0,0,0,-5.77352257E-05,0,-0.0009051324,-5.77352257E-05,0,-0.0009051324,1,0,0,1,1.154704E-06,0,1.810264E-05,0,0,0,-0.000536938547,-0.00147654116,-0.0002123574,-0.150726318,0.008078743,0.0461129,0.001782329,-0.000180395669,0.002503325,0.0002879224,4.35709953E-05,-0.000833874044,0.0224722642,0.01906647,0.122786738,-0.00424324954,-0.000351497729,-0.00158727611,-2.69740067E-05,8.42511654E-05,-0.0007287511,0.00284880074,-0.004547119,-0.0114135742,-0.00446599349,-0.000135100971,-0.0001439482,5.88725161E-05,0.00251284242,0.00111981761,4.90561867,0.0600892231,0.156879231,0.05747488,0.000253298233,-0.000386116037,1.11100526E-05,0.002528295,0.00114216935,4.881982,-0.0213623047,-0.0158996582,0.0595541,2.91913966E-05,-7.933767E-05,0.00122684985,-0.00201442838,-0.00194454519,1.07005489,0.117334329,-0.14074707,0.03968811,0.00385328382,0.0435354039,0.001301179,-0.00190779567,-0.00247546,1.04968584,-0.0731506348,-0.118164063,0.03342235,0.000733307563,0.03541868,-0.5500161,2.13215256,2.73881,3.51421022
284,5.6799979875283446,1606,0,0,0,0,0,-0.000115069815,0,-0.00113312388,-0.000115069815,0,-0.00113312388,1,0,0,1,2.3013954E-06,-5.96046448E-06,2.26624688E-05,0,0,0,-0.0005341759,-0.00148050487,-0.000199661619,-0.1506958,0.008079658,0.04610906,0.00182170677,-0.000178785442,0.00249919272,0.0002906488,3.413856E-05,-0.000821610738,0.0224038027,0.01906794,0.122796774,-0.00429345574,-0.000347591063,-0.00157428381,-2.4729E-05,7.493794E-05,-0.000709218846,0.0028135695,-0.00451660156,-0.0113830566,-0.004484502,-0.000129228079,-0.0001283393,5.9599206E-05,0.00250434875,0.00112003018,4.90562057,0.06008691,0.156876221,0.05737534,0.00025275402,-0.000382518047,1.12946036E-05,0.00252057612,0.00114115875,4.881794,-0.0213623047,-0.0158996582,0.05927842,3.02653516E-05,-7.589663E-05,0.00122933858,-0.00202174485,-0.00194626115,1.06992161,0.117308222,-0.14074707,0.0397014879,0.003859061,0.0436020233,0.00130423286,-0.00190967321,-0.00248578144,1.04969573,-0.0731506348,-0.118103027,0.03356744,0.0007207098,0.0354421958,-0.550016165,2.1321528,2.73881,3.51421022
285,5.699997980442177,1613,0,0,0,0,0,-5.78077779E-05,0,-0.0011376593,-5.78077779E-05,0,-0.0011376593,1,0,0,1,1.15615512E-06,1.49011612E-08,2.27531782E-05,0,0,0,-0.000537048851,-0.00147660077,-0.000198416892,-0.1506958,0.008080177,0.0461130664,0.00182069791,-0.000179178911,0.00250348379,0.000288407522,4.351139E-05,-0.000811701233,0.0223864522,0.0190674812,0.122785047,-0.004247431,-0.000349939131,-0.00159083959,-2.686846E-05,8.419156E-05,-0.000708329666,0.00279225642,-0.00451660156,-0.0113830566,-0.0044811517,-0.000132279732,-0.000145273676,6.030265E-05,0.00250720978,0.00111615821,4.90542555,0.06007962,0.156875163,0.0571838133,0.000257637323,-0.0003879449,1.15439379E-05,0.002525434,0.0011378309,4.881747,-0.0213623047,-0.0158996582,0.0593417436,2.65535746E-05,-8.021291E-05,0.00122776441,-0.00202311575,-0.00195532036,1.06999493,0.1173301,-0.140716553,0.0398325436,0.00387867028,0.04364382,0.0013033381,-0.00191324949,-0.00248466874,1.04970062,-0.0731506348,-0.118164063,0.0335543156,0.000718936,0.0354126729,-0.5500161,2.13215256,2.73881,3.51421022
286,5.7199979733560085,1619,0,0,0,0,0,-0.000115083363,0,-0.000905165565,-0.000115083363,0,-0.000905165565,1,0,0,1,2.30166643E-06,-5.96046448E-06,1.81033047E-05,0,0,0,-0.000534048537,-0.00148044527,-0.0002122814,-0.150726318,0.008080231,0.0461088941,0.00178339134,-0.0001793111,0.0024987408,0.000291274831,3.415346E-05,-0.000829941244,0.0224225223,0.0190676153,0.122794479,-0.00422220165,-0.000348984642,-0.001576323,-2.460086E-05,7.493794E-05,-0.0007254991,0.00281911576,-0.00451660156,-0.0113830566,-0.004451066,-0.00013258183,-0.0001282552,5.96759928E-05,0.002505973,0.00111778663,4.90548563,0.0600834675,0.156873733,0.0573825836,0.000257403677,-0.0003805717,1.12250755E-05,0.00252296031,0.00114089355,4.88181353,-0.0213623047,-0.0158996582,0.0594659336,2.8540544E-05,-7.55679648E-05,0.00122782285,-0.00201998651,-0.00194851018,1.07001209,0.117330112,-0.140716553,0.03974006,0.00386362267,0.0435913168,0.00130295521,-0.00190746784,-0.00248006615,1.04967928,-0.0731506348,-0.118133545,0.0334957168,0.000729233143,0.03544045,-0.550016165,2.1321528,2.73881,3.51421022
287,5.7399979662698408,1626,0,0,0,0,0,-5.77616229E-05,0,-0.00113316753,-5.77616229E-05,0,-0.00113316753,1,0,0,1,1.155232E-06,1.49011612E-08,2.2663342E-05,0,0,0,-0.0005369956,-0.00147658587,-0.0001997286,-0.1506958,0.008080004,0.04611283,0.0018203134,-0.000180290008,0.00250336039,0.000288055948,4.351139E-05,-0.000816226,0.02238504,0.0190663934,0.122783326,-0.004268372,-0.000350761315,-0.00158873154,-2.711771E-05,8.42362642E-05,-0.0007115463,0.00277714548,-0.00451660156,-0.0113830566,-0.004494491,-0.000133047812,-0.0001436411,5.96570681E-05,0.00250835717,0.001119307,4.90539646,0.0600819923,0.1568746,0.05728178,0.000254815823,-0.000387556647,1.146795E-05,0.00252836943,0.0011405613,4.881739,-0.0213623047,-0.0158996582,0.0593593828,2.938372E-05,-8.07333345E-05,0.00122726371,-0.00202053785,-0.00194985629,1.06998587,0.11732842,-0.140716553,0.03975213,0.003867256,0.0435917154,0.001302785,-0.00190721452,-0.002484034,1.04965639,-0.07312012,-0.118133545,0.03355418,0.0007261828,0.03543047,-0.5500161,2.13215256,2.73881,3.51421022
288,5.7599979591836732,1633,0,0,0,0,0,-0.000115058494,0,-0.0011373061,-0.000115058494,0,-0.0011373061,1,0,0,1,2.301169E-06,-5.94556332E-06,2.27461132E-05,0,0,0,-0.000534123334,-0.00148049,-0.0001983392,-0.1506958,0.008080185,0.0461088568,0.00182204135,-0.000179085779,0.00249898084,0.0002906767,3.413856E-05,-0.000821004563,0.022321837,0.0190672837,0.12279322,-0.00429290533,-0.0003481785,-0.00157414621,-2.47193038E-05,7.48932362E-05,-0.000712751935,0.00272553624,-0.00451660156,-0.0113830566,-0.00450393,-0.000130322951,-0.000128113956,5.907667E-05,0.00250592828,0.00111841445,4.905525,0.0600831881,0.156874239,0.0574449375,0.000254509,-0.0003809913,1.11855989E-05,0.00252078474,0.00113833824,4.881776,-0.0213623047,-0.0158996582,0.05943293,2.86860486E-05,-7.580376E-05,0.00122884964,-0.00202062726,-0.00194512564,1.06988358,0.117310993,-0.14074707,0.0396963432,0.00385692646,0.0435900837,0.00130292517,-0.00191341341,-0.002481906,1.0496037,-0.07312012,-0.118103027,0.0335309,0.000727227365,0.0354302227,-0.550016165,2.1321528,2.73881,3.51421022
289,5.7799979520975056,1640,0,0,0,0,0,-5.779498E-05,0,-0.000904999149,-5.779498E-05,0,-0.000904999149,1,0,0,1,1.1558991E-06,0,1.80999759E-05,0,0,0,-0.000536977954,-0.00147651136,-0.000212351937,-0.150726318,0.008079987,0.0461129434,0.0017821599,-0.000179924682,0.00250301417,0.000288516865,4.3541193E-05,-0.0008243163,0.02237704,0.0190656651,0.122783683,-0.00419516349,-0.000351308467,-0.00159042841,-2.68572E-05,8.42362642E-05,-0.0007259127,0.00274670031,-0.00451660156,-0.0113830566,-0.00445191655,-0.000134706977,-0.000144653925,5.973279E-05,0.0025075078,0.0011196516,4.90534,0.0600768439,0.156874657,0.0572200678,0.0002557344,-0.000386090716,1.10891806E-05,0.00252839923,0.00114043406,4.88182068,-0.0213623047,-0.0158996582,0.0594664142,2.80546683E-05,-7.89296246E-05,0.00122768432,-0.00202272832,-0.00195384724,1.06994283,0.117325068,-0.140716553,0.0398149379,0.00387595757,0.0436347872,0.00130166113,-0.001911357,-0.00248263474,1.04954636,-0.07312012,-0.118133545,0.0335512981,0.000730660744,0.03541857,-0.5500161,2.13215256,2.73881,3.51421022
290,5.7999979450113379,1646,0,0,0,0,0,-0.000115035939,0,-0.00113287137,-0.000115035939,0,-0.00113287137,1,0,0,1,2.30071782E-06,-5.96046448E-06,2.265742E-05,0,0,0,-0.0005340686,-0.00148049,-0.000199659233,-0.1506958,0.008079515,0.04610867,0.00182157825,-0.000180303425,0.00249880925,0.000290653348,3.41683626E-05,-0.000821629365,0.0223157313,0.0190653838,0.12279281,-0.00429447461,-0.0003493271,-0.00157359615,-2.47172575E-05,7.496774E-05,-0.000715459057,0.00267991261,-0.00451660156,-0.0113830566,-0.004514641,-0.000131254841,-0.000127635736,5.94552148E-05,0.002507016,0.001119335,4.90547371,0.06008034,0.1568731,0.05744987,0.000254476035,-0.000382219034,1.140353E-05,0.00252400339,0.00113906793,4.881832,-0.0213623047,-0.0158996582,0.0594438538,3.07515656E-05,-7.632561E-05,0.00122922228,-0.00201921165,-0.00194510445,1.06984067,0.117305286,-0.14074707,0.03970505,0.00385533064,0.0435937755,0.00130229571,-0.00190991163,-0.00248392019,1.04951012,-0.0730896,-0.11807251,0.0335866623,0.0007338086,0.0354403481,-0.550016165,2.1321528,2.73881,3.51421022
291,5.8199979379251694,1653,0,0,0,0,0,-5.77674218E-05,0,-0.001137158,-5.77674218E-05,0,-0.001137158,1,0,0,1,1.155348E-06,0,2.27431519E-05,0,0,0,-0.0005370472,-0.00147654116,-0.0001984312,-0.1506958,0.008079155,0.04611299,0.0018207056,-0.000179908937,0.00250324327,0.000288236915,4.35262918E-05,-0.0008186522,0.0222575516,0.01906439,0.122781873,-0.00428224355,-0.0003505328,-0.00158980943,-2.71384761E-05,8.42362642E-05,-0.0007065412,0.00266008265,-0.00451660156,-0.0113830566,-0.00447166665,-0.000132517365,-0.00014369475,5.991722E-05,0.00251036882,0.0011175659,4.905467,0.060075324,0.1568727,0.05736092,0.000252852478,-0.0003876958,1.17962391E-05,0.00252492726,0.0011353998,4.88163662,-0.0213623047,-0.0158996582,0.0592557043,2.43986469E-05,-8.19883062E-05,0.00122992485,-0.002020374,-0.00194965419,1.06979322,0.117294624,-0.14074707,0.0397788174,0.00386392442,0.0436423942,0.00130399957,-0.00191824138,-0.00249209139,1.04958808,-0.07312012,-0.118103027,0.0336900577,0.0007157999,0.0354127958,-0.5500161,2.13215256,2.73881,3.51421022
292,5.8399979308390018,1660,0,0,0,0,0,-0.00011507723,0,-0.000905045,-0.00011507723,0,-0.000905045,1,0,0,1,2.30154365E-06,-5.94556332E-06,1.81008927E-05,0,0,0,-0.0005341538,-0.00148041546,-0.000212287676,-0.150726318,0.008080046,0.046108935,0.00178336818,-0.0001785055,0.00249897,0.0002911254,3.413856E-05,-0.0008241337,0.0223175436,0.0190654453,0.122790717,-0.004192505,-0.0003480232,-0.00157602364,-2.45428837E-05,7.4878335E-05,-0.0007206763,0.00271341344,-0.00451660156,-0.0113830566,-0.00442740275,-0.000131599489,-0.00012897,6.067718E-05,0.002502352,0.00111744215,4.905281,0.0600716621,0.156868443,0.0572142079,0.000259694352,-0.0003835486,1.1405873E-05,0.00251929462,0.00113832485,4.88159466,-0.0213623047,-0.0158996582,0.0593698919,2.54205061E-05,-7.608958E-05,0.00122924126,-0.00202623,-0.0019552717,1.06987238,0.117315546,-0.140686035,0.03983644,0.00387928123,0.04367722,0.00130366778,-0.00191691518,-0.002485843,1.04963291,-0.0731506348,-0.118133545,0.03358674,0.000719461357,0.03541655,-0.550016165,2.1321528,2.73881,3.51421022
293,5.8599979237528341,1667,0,0,0,0,0,-5.77936153E-05,0,-0.00113284227,-5.77936153E-05,0,-0.00113284227,1,0,0,1,1.15587181E-06,0,2.26568372E-05,0,0,0,-0.00053697417,-0.00147655606,-0.000199711256,-0.1506958,0.00807968,0.04611286,0.00182047731,-0.0001804274,0.00250302115,0.000288351963,4.351139E-05,-0.0008209042,0.0222580265,0.0190638751,0.122779056,-0.004291841,-0.000351106224,-0.00159006752,-2.68758358E-05,8.42511654E-05,-0.0007164818,0.002647509,-0.00451660156,-0.0113830566,-0.00451880461,-0.000133662426,-0.000144664431,5.93449549E-05,0.00251163542,0.00111848733,4.905407,0.060074728,0.156870589,0.05744592,0.000253653765,-0.000385827,1.08863478E-05,0.00253014266,0.001141738,4.881728,-0.0213623047,-0.0158996582,0.05952977,3.20623876E-05,-7.834733E-05,0.00122884545,-0.00201877952,-0.0019460686,1.069802,0.117300533,-0.140716553,0.03972995,0.00385751785,0.0436003,0.00130038359,-0.00190719962,-0.00247842935,1.0495044,-0.07312012,-0.118133545,0.0334921852,0.0007382487,0.0354196467,-0.5500161,2.13215256,2.73881,3.51421022
294,5.8799979166666665,1674,0,0,0,0,0,-0.000115058036,0,-0.00113690912,-0.000115058036,0,-0.00113690912,1,0,0,1,2.30115984E-06,-5.94556332E-06,2.27381734E-05,0,0,0,-0.0005341452,-0.00148047507,-0.000198376947,-0.1506958,0.008079664,0.04610897,0.00182178256,-0.000179408322,0.00249893148,0.0002905712,3.41683626E-05,-0.000818753557,0.02220022,0.0190643966,0.122788377,-0.00428158836,-0.000348541944,-0.00157357648,-2.47037169E-05,7.496774E-05,-0.000713232555,0.00258539617,-0.00451660156,-0.0113830566,-0.00450599939,-0.000130308777,-0.000128082174,5.99042542E-05,0.00250591338,0.00111736206,4.90539455,0.0600727275,0.156867251,0.0573612824,0.0002544527,-0.0003835258,1.09608909E-05,0.00252185762,0.001140397,4.881732,-0.0213623047,-0.0158996582,0.0594413,3.05128378E-05,-7.49386454E-05,0.00123069552,-0.00202150643,-0.00194976083,1.06975579,0.117287166,-0.140716553,0.039777942,0.003863933,0.0436557122,0.00130236684,-0.00191383064,-0.0024836,1.049437,-0.0730896,-0.11807251,0.0335754566,0.0007329178,0.03544017,-0.550016165,2.1321528,2.73881,3.51421022
295,5.8999979095804989,1682,0,0,0,0,0,-5.77779247E-05,0,-0.0009047526,-5.77779247E-05,0,-0.0009047526,1,0,0,1,1.155558E-06,1.49011612E-08,1.80950447E-05,0,0,0,-0.000536965556,-0.00147655606,-0.000212352461,-0.150726318,0.008079252,0.0461128876,0.00178245315,-0.000180098476,0.0025033236,0.000288685755,4.351139E-05,-0.000826586038,0.0222436227,0.0190627072,0.122777507,-0.00420640362,-0.000351343071,-0.00159127021,-2.71337E-05,8.420646E-05,-0.0007214972,0.00262854854,-0.00451660156,-0.0113830566,-0.00442968868,-0.000134710324,-0.000143260608,5.999891E-05,0.002508685,0.0011180545,4.90530634,0.06006756,0.156866446,0.0572993755,0.00025567133,-0.000386310625,1.14251125E-05,0.00252638757,0.00114016212,4.88165855,-0.0213623047,-0.0158996582,0.05937791,2.49393051E-05,-8.09781559E-05,0.00122941588,-0.00202363729,-0.00195310451,1.06979561,0.117297657,-0.140686035,0.0398254171,0.00387351587,0.0436684564,0.00130275846,-0.001917854,-0.00248826621,1.04943848,-0.07312012,-0.118103027,0.0336491838,0.0007253384,0.0354186371,-0.5500161,2.13215256,2.73881,3.51421022
296,5.9199979024943312,1689,0,0,0,0,0,-0.0001150604,0,-0.001132814,-0.0001150604,0,-0.001132814,1,0,0,1,2.30120713E-06,-5.96046448E-06,2.265627E-05,0,0,0,-0.0005341341,-0.00148049,-0.000199652277,-0.1506958,0.008079701,0.0461089462,0.00182156067,-0.000179351526,0.00249898317,0.000290673255,3.413856E-05,-0.0008183046,0.0221967418,0.0190636776,0.122786008,-0.004277115,-0.0003480414,-0.00157419965,-2.46330128E-05,7.493794E-05,-0.0007097955,0.00259480579,-0.00451660156,-0.0113830566,-0.004486924,-0.000130227869,-0.000128563857,5.97540929E-05,0.00250436366,0.00111855078,4.90531,0.0600696877,0.156865358,0.0573634058,0.0002565769,-0.000382698461,1.13962578E-05,0.00252147019,0.00113907165,4.88157129,-0.0213623047,-0.0158996582,0.0593520738,2.922182E-05,-7.614846E-05,0.00122992415,-0.002024129,-0.00194871577,1.06973577,0.117291063,-0.140686035,0.03975754,0.00386510743,0.0436458625,0.00130304019,-0.00191526115,-0.00248787855,1.0494591,-0.07312012,-0.11807251,0.03364134,0.00072654,0.0354298726,-0.5500161,2.1321528,2.73881,3.51421022
297,5.9399978954081627,1696,0,0,0,0,0,-5.779598E-05,0,-0.00113697862,-5.779598E-05,0,-0.00113697862,1,0,0,1,1.15591911E-06,0,2.27395631E-05,0,0,0,-0.000537019048,-0.00147660077,-0.000198427821,-0.1506958,0.008079658,0.0461129323,0.00182068569,-0.000179662311,0.00250347145,0.000288116833,4.35262918E-05,-0.000816729967,0.0221504234,0.0190629754,0.122775517,-0.004272528,-0.0003503005,-0.00158926565,-2.68268413E-05,8.42511654E-05,-0.0007112388,0.002552907,-0.00451660156,-0.0113830566,-0.00449508755,-0.0001327303,-0.0001452595,5.9249498E-05,0.002510339,0.00111766334,4.905306,0.06006734,0.15686737,0.0573563427,0.000254843064,-0.0003860984,1.14026834E-05,0.00252810121,0.001137852,4.88159227,-0.0213623047,-0.0158996582,0.0594285,2.8018505E-05,-7.968284E-05,0.00122951018,-0.00202131271,-0.00195036083,1.06971729,0.11729,-0.140716553,0.0397961773,0.00386673072,0.043649476,0.00130189536,-0.00191451609,-0.00248589017,1.0494405,-0.07312012,-0.118103027,0.03361874,0.0007300808,0.0354173258,-0.5500161,2.13215256,2.73881,3.51421022
298,5.9599978883219951,1703,0,0,0,0,0,-0.000115057352,0,-0.0009045336,-0.000115057352,0,-0.0009045336,1,0,0,1,2.3011462E-06,-5.94556332E-06,1.80906645E-05,0,0,0,-0.000534085266,-0.00148046017,-0.000212300918,-0.150726318,0.008080061,0.0461088456,0.001783338,-0.000179033377,0.00249888259,0.000290762953,3.415346E-05,-0.000829880242,0.02217778,0.0190634932,0.122786149,-0.00422131736,-0.0003486929,-0.00157403608,-2.46219352E-05,7.495284E-05,-0.000724839745,0.002576096,-0.00451660156,-0.0113830566,-0.00444766646,-0.0001319514,-0.000128332555,5.96234677E-05,0.00250583887,0.00111923309,4.90531826,0.06006818,0.1568654,0.0573887154,0.000256141182,-0.00038203632,1.12678517E-05,0.00252215564,0.00114068261,4.88162,-0.0213623047,-0.0158996582,0.05946578,2.88530646E-05,-7.578356E-05,0.00123067817,-0.00202289224,-0.00194970577,1.06969392,0.117284678,-0.140686035,0.03978404,0.003865139,0.04366424,0.00130232028,-0.00191544,-0.00248465152,1.04941165,-0.07312012,-0.11807251,0.0336011723,0.0007324279,0.0354338475,-0.550016165,2.1321528,2.73881,3.51421022
299,5.9799978812358274,1710,0,0,0,0,0,-5.779282E-05,0,-0.00113250094,-5.779282E-05,0,-0.00113250094,1,0,0,1,1.1558559E-06,1.49011612E-08,2.265001E-05,0,0,0,-0.0005370073,-0.00147661567,-0.000199741044,-0.1506958,0.008080153,0.0461127236,0.00182051968,-0.000179974289,0.0025033378,0.000288190669,4.35262918E-05,-0.000818215136,0.0221252833,0.0190623961,0.122775361,-0.00427787751,-0.0003507431,-0.00158955751,-2.68452077E-05,8.426607E-05,-0.000713621965,0.002519556,-0.00451660156,-0.0113830566,-0.00450461032,-0.00013282086,-0.000145047044,5.96761747E-05,0.00250980258,0.0011191183,4.90530252,0.06006568,0.156866118,0.0573654026,0.000252920436,-0.000387119479,1.14989653E-05,0.00253020227,0.00113992894,4.881618,-0.0213623047,-0.0158996582,0.0594420172,3.01158125E-05,-7.99134359E-05,0.00123074534,-0.00202271342,-0.00194970053,1.06963384,0.117271684,-0.140716553,0.03979037,0.0038651966,0.04366954,0.00130127906,-0.00191216171,-0.0024864194,1.04936934,-0.0730896,-0.11807251,0.0336450823,0.0007359339,0.0354251154,-0.5500161,2.13215256,2.73881,3.51421022
300,5.99999787414966,1717,0,0,0,0,0,-0.000115070812,0,-0.00113673089,-0.000115070812,0,-0.00113673089,1,0,0,1,2.30141541E-06,-5.94556332E-06,2.27346081E-05,0,0,0,-0.0005341,-0.00148049,-0.000198368129,-0.1506958,0.008080199,0.0461086631,0.00182183925,-0.000179388953,0.002498974,0.0002909138,3.41683626E-05,-0.0008170261,0.0220775269,0.0190627333,0.122784257,-0.00427288655,-0.000348718226,-0.00157528,-2.46763448E-05,7.490814E-05,-0.000712080568,0.00246544345,-0.00451660156,-0.0113830566,-0.00450011343,-0.000130558445,-0.000128184038,6.008317E-05,0.00250534713,0.00111674319,4.90528727,0.0600632839,0.156862617,0.0573555753,0.000255974039,-0.00038275664,1.14645318E-05,0.00251998,0.00113766373,4.88161469,-0.0213623047,-0.0158996582,0.0594315939,2.88549963E-05,-7.650701E-05,0.00123163965,-0.002024442,-0.00195123046,1.06961644,0.117267907,-0.140716553,0.0398136042,0.0038681312,0.0436973237,0.00130235986,-0.00192211568,-0.00248706783,1.04932606,-0.0730896,-0.118041992,0.033650253,0.000730393338,0.0354230553,-0.550016165,2.1321528,2.73881,3.51421022
301,6.0199978670634922,1724,0,0,0,0,0,-5.77752653E-05,0,-0.00090453506,-5.77752653E-05,0,-0.00090453506,1,0,0,1,1.15550483E-06,1.49011612E-08,1.80906936E-05,0,0,0,-0.000536944252,-0.00147649646,-0.0002123616,-0.150726318,0.008079519,0.0461127423,0.0017821074,-0.000180332136,0.00250297086,0.0002884886,4.351139E-05,-0.000825495052,0.022126032,0.0190607067,0.122772962,-0.004200983,-0.0003516435,-0.00159020931,-2.69163465E-05,8.420646E-05,-0.000720764,0.00251201564,-0.00451660156,-0.0113830566,-0.004425773,-0.000135185241,-0.000144229532,5.99333544E-05,0.002508238,0.00111827173,4.905189,0.0600594543,0.156862631,0.0572978333,0.00025648583,-0.000386750267,1.13674532E-05,0.00252634287,0.00113935512,4.88152838,-0.0213623047,-0.0158996582,0.0593746342,2.412673E-05,-8.025152E-05,0.00123009714,-0.00202557445,-0.001953629,1.06966579,0.117283724,-0.140686035,0.03984335,0.0038753862,0.0436941646,0.00130227592,-0.00192061067,-0.00249056472,1.04934752,-0.0730896,-0.11807251,0.0336976238,0.0007259048,0.03540952,-0.5500161,2.13215256,2.73881,3.51421022
302,6.0399978599773236,1731,0,0,0,0,0,-0.000115069408,0,-0.001132673,-0.000115069408,0,-0.001132673,1,0,0,1,2.30138721E-06,-5.96046448E-06,2.26534521E-05,0,0,0,-0.000534132065,-0.00148050487,-0.000199635659,-0.1506958,0.00807974,0.0461086966,0.00182154065,-0.000179592724,0.00249896082,0.000290621334,3.415346E-05,-0.00081377005,0.0221032929,0.019061422,0.122782029,-0.00425461261,-0.000348325062,-0.00157379662,-2.43800041E-05,7.498264E-05,-0.0007089689,0.00248188549,-0.00451660156,-0.0113830566,-0.00448249048,-0.000130818124,-0.000129630949,5.946026E-05,0.00250351429,0.00111895043,4.9050827,0.06006105,0.156861618,0.057276208,0.0002576479,-0.0003819309,1.13421138E-05,0.002521664,0.001139185,4.88143063,-0.0213623047,-0.0158996582,0.0593509339,2.82572146E-05,-7.519397E-05,0.00122972764,-0.00202532113,-0.001952053,1.06967843,0.117286608,-0.140655518,0.0398078077,0.003872556,0.043670997,0.00130282878,-0.00191666186,-0.00248945132,1.049385,-0.0730896,-0.11807251,0.0336782858,0.000727876,0.03542865,-0.550016165,2.1321528,2.73881,3.51421022
303,6.059997852891156,1738,0,0,0,0,0,-5.77750143E-05,0,-0.00113694719,-5.77750143E-05,0,-0.00113694719,1,0,0,1,1.15549983E-06,1.49011612E-08,2.27389337E-05,0,0,0,-0.000536989945,-0.00147655606,-0.000198408816,-0.1506958,0.008079096,0.0461128131,0.00182074518,-0.000180228322,0.0025031222,0.0002880172,4.35560942E-05,-0.000814714062,0.0220706966,0.019060282,0.122772276,-0.00426280266,-0.000350712333,-0.00158849265,-2.69247321E-05,8.42511654E-05,-0.000706719642,0.00246427534,-0.00451660156,-0.0113830566,-0.004472135,-0.000133592519,-0.000144498772,5.863584E-05,0.00251056254,0.00111871376,4.90508842,0.06006217,0.156864092,0.057353925,0.000255966064,-0.000384715822,1.14696477E-05,0.0025267154,0.001138436,4.88134146,-0.0213623047,-0.0158996582,0.05934169,2.54569113E-05,-8.043626E-05,0.00122902985,-0.00202074647,-0.0019502372,1.06968164,0.117290035,-0.140686035,0.0397968031,0.00386670139,0.04364124,0.00130263565,-0.0019172132,-0.002489677,1.04942989,-0.07312012,-0.118103027,0.033675313,0.0007249521,0.035414584,-0.5500161,2.13215256,2.73881,3.51421022
304,6.0799978458049884,1745,0,0,0,0,0,-0.000115071176,0,-0.0009044185,-0.000115071176,0,-0.0009044185,1,0,0,1,2.30142268E-06,-5.96046448E-06,1.80883635E-05,0,0,0,-0.0005341517,-0.00148043036,-0.000212309329,-0.150726318,0.0080797635,0.0461088233,0.00178324245,-0.000178757778,0.00249899272,0.000290494965,3.41832638E-05,-0.00083214225,0.0220860746,0.0190616641,0.122784108,-0.00423224131,-0.00034792698,-0.00157294737,-2.438296E-05,7.495284E-05,-0.000722672732,0.00250178622,-0.00451660156,-0.0113830566,-0.00443706335,-0.000131517038,-0.000129761975,5.894489E-05,0.00250723958,0.00112159015,4.905204,0.0600650162,0.156864583,0.05747816,0.0002541763,-0.000381098624,1.1218649E-05,0.002521813,0.00114221172,4.881381,-0.0213623047,-0.0158996582,0.05946409,2.86108352E-05,-7.480378E-05,0.00123114779,-0.00202144682,-0.00194621,1.0695914,0.117266148,-0.140716553,0.0397459455,0.003857348,0.04365065,0.00130222517,-0.00191564858,-0.00248414627,1.04941022,-0.07312012,-0.118103027,0.0335933641,0.0007325137,0.0354316346,-0.550016165,2.1321528,2.73881,3.51421022
305,6.0999978387188207,1753,0,0,0,0,0,-5.78081672E-05,0,-0.00113238825,-5.78081672E-05,0,-0.00113238825,1,0,0,1,1.15616285E-06,1.49011612E-08,2.26477569E-05,0,0,0,-0.00053703296,-0.00147655606,-0.000199726084,-0.1506958,0.008080163,0.046113003,0.00182038115,-0.000179759969,0.00250315224,0.000288134179,4.349649E-05,-0.0008144374,0.02205004,0.0190608054,0.122773744,-0.0042588166,-0.0003504982,-0.00158937543,-2.68093081E-05,8.42362642E-05,-0.000715400442,0.00243522786,-0.00451660156,-0.0113830566,-0.00451356,-0.0001326419,-0.000145313214,5.9700058E-05,0.00250788033,0.0011208225,4.9050703,0.060059227,0.1568641,0.05728368,0.0002546196,-0.0003872237,1.103489E-05,0.00252997875,0.00114359823,4.881485,-0.0213623047,-0.0158996582,0.05953361,3.33987664E-05,-7.836015E-05,0.00123099319,-0.002025649,-0.00195220008,1.06954825,0.117267549,-0.140716553,0.039827276,0.00387190655,0.0437008031,0.00129964878,-0.00191290677,-0.00248154439,1.04925525,-0.0730896,-0.11807251,0.0335741676,0.0007436449,0.0354195237,-0.5500161,2.13215256,2.73881,3.51421022
306,6.1199978316326531,1758,0,0,0,0,0,-0.000115063674,0,-0.00113662786,-0.000115063674,0,-0.00113662786,1,0,0,1,2.30127262E-06,-5.96046448E-06,2.2732549E-05,0,0,0,-0.000534086837,-0.00148049,-0.000198363065,-0.1506958,0.008079775,0.0461088233,0.001821823,-0.000179733441,0.002498863,0.000290858035,3.41683626E-05,-0.000818741741,0.0219947025,0.0190607347,0.122783124,-0.004281629,-0.000349069742,-0.00157483493,-2.48143442E-05,7.493794E-05,-0.0007081591,0.00239935657,-0.00451660156,-0.0113830566,-0.00448026648,-0.000130942688,-0.000127330582,5.98304432E-05,0.002506584,0.00111786346,4.905166,0.0600593,0.156862557,0.0574399568,0.0002550556,-0.0003823242,1.10448464E-05,0.00251978636,0.00114037225,4.881367,-0.0213623047,-0.0158996582,0.05935212,2.75383227E-05,-7.58497845E-05,0.00123247528,-0.00202392042,-0.00194854289,1.06949317,0.117255636,-0.140716553,0.03979103,0.003862071,0.0436985753,0.00130291679,-0.00192196667,-0.00249014748,1.04924273,-0.0730896,-0.118041992,0.0336962529,0.000728790765,0.035432335,-0.550016165,2.1321528,2.73881,3.51421022
307,6.1399978245464846,1764,0,0,0,0,0,-5.77778119E-05,0,-0.000904243265,-5.77778119E-05,0,-0.000904243265,1,0,0,1,1.15555576E-06,1.49011612E-08,1.80848583E-05,0,0,0,-0.00053703197,-0.00147652626,-0.000212373357,-0.150726318,0.008079996,0.04611299,0.00178209355,-0.000179451687,0.00250340835,0.000288390176,4.35709953E-05,-0.000829239958,0.0220196228,0.0190599076,0.122771814,-0.004218879,-0.000350570481,-0.0015902532,-2.70877936E-05,8.429587E-05,-0.0007226356,0.00243743928,-0.00451660156,-0.0113830566,-0.00443560677,-0.000133898924,-0.000143887984,6.028525E-05,0.00251074135,0.00111917057,4.905152,0.0600554049,0.156861439,0.0573881455,0.000254216022,-0.00038807292,1.14020413E-05,0.00252883136,0.001140217,4.881393,-0.0213623047,-0.0158996582,0.05945898,2.68025015E-05,-8.067993E-05,0.001232493,-0.00202378631,-0.00195173291,1.069475,0.117250592,-0.140716553,0.03984232,0.00386791164,0.0437222831,0.0013012992,-0.00191897154,-0.00248892559,1.04924273,-0.0730896,-0.11807251,0.0336991474,0.0007347664,0.0354167074,-0.5500161,2.13215256,2.73881,3.51421022
308,6.1599978174603169,1771,0,0,0,0,0,-0.000115105788,0,-0.00113220408,-0.000115105788,0,-0.00113220408,1,0,0,1,2.30211481E-06,-5.96046448E-06,2.26440734E-05,0,0,0,-0.0005341347,-0.00148050487,-0.000199668735,-0.1506958,0.008080863,0.0461090021,0.00182161992,-0.0001789638,0.002499029,0.0002909906,3.41683626E-05,-0.000817975262,0.0219680611,0.0190609079,0.122779839,-0.00427499041,-0.000348079047,-0.00157597847,-2.447598E-05,7.493794E-05,-0.0007125679,0.002383277,-0.00451660156,-0.0113830566,-0.004500618,-0.000129965236,-0.000129439475,6.05580135E-05,0.0025048852,0.00111798884,4.905118,0.0600544065,0.1568574,0.0573632233,0.000255986641,-0.000383736478,1.120542E-05,0.00252172351,0.00114023068,4.881379,-0.0213623047,-0.0158996582,0.0594411679,3.03197339E-05,-7.501203E-05,0.00123340683,-0.00202667713,-0.00195127865,1.069427,0.117243029,-0.140686035,0.039828416,0.00386803946,0.04373766,0.00130170048,-0.00191998482,-0.00248738471,1.04918,-0.0730896,-0.118041992,0.0336696766,0.0007358252,0.0354294963,-0.550016165,2.1321528,2.73881,3.51421022
309,6.1799978103741493,1778,0,0,0,0,0,-5.78000036E-05,0,-0.00113644789,-5.78000036E-05,0,-0.00113644789,1,0,0,1,1.1559996E-06,0,2.272895E-05,0,0,0,-0.0005369761,-0.00147658587,-0.0001984269,-0.1506958,0.008080435,0.04611289,0.00182067987,-0.000180092291,0.00250336737,0.000288519252,4.35560942E-05,-0.000815639854,0.0219240077,0.0190593172,0.122767039,-0.00426707556,-0.000351126335,-0.00159113039,-2.703059E-05,8.42511654E-05,-0.000710826251,0.00233762572,-0.00451660156,-0.0113830566,-0.00449250964,-0.000133309761,-0.000144033562,6.02515465E-05,0.00251016021,0.001115897,4.90508556,0.06005034,0.156855732,0.05735059,0.000255397172,-0.000387484964,1.14258364E-05,0.00252789259,0.00113796326,4.8813653,-0.0213623047,-0.0158996582,0.059429694,2.812318E-05,-8.05349E-05,0.00123237236,-0.0020250082,-0.0019532952,1.06944323,0.117247172,-0.140686035,0.03986798,0.00387194869,0.04373689,0.00130132539,-0.00192147493,-0.00249039684,1.04916835,-0.07305908,-0.118041992,0.0337259546,0.0007348043,0.0354175642,-0.5500161,2.13215256,2.73881,3.51421022
310,6.1999978032879817,1785,0,0,0,0,0,-0.00011506681,0,-0.000904143846,-0.00011506681,0,-0.000904143846,1,0,0,1,2.30133537E-06,-5.94556332E-06,1.808287E-05,0,0,0,-0.000534065766,-0.00148046017,-0.000212288622,-0.1506958,0.008080387,0.046108786,0.00178338971,-0.000179651892,0.00249886955,0.0002910438,3.41832638E-05,-0.00082514243,0.0219749864,0.0190593824,0.122776106,-0.004197681,-0.0003491104,-0.001575305,-2.45862775E-05,7.495284E-05,-0.0007236817,0.002364438,-0.00451660156,-0.0113830566,-0.004441444,-0.000132473215,-0.000128311556,6.01779975E-05,0.00250454247,0.00111754041,4.9049716,0.06005002,0.156853482,0.05729629,0.000258285057,-0.000382429425,1.12424132E-05,0.00252228975,0.001139516,4.88136864,-0.0213623047,-0.0158996582,0.05946113,2.79278629E-05,-7.57344E-05,0.001232035,-0.002026841,-0.00195503049,1.06950879,0.117259838,-0.140655518,0.0398757458,0.0038766698,0.0437401757,0.00130175636,-0.00192159414,-0.002489631,1.04916358,-0.07305908,-0.118041992,0.0337143466,0.000735061767,0.0354258269,-0.550016165,2.1321528,2.73881,3.51421022
311,6.219997796201814,1792,0,0,0,0,0,-5.779134E-05,0,-0.00113209,-5.779134E-05,0,-0.00113209,1,0,0,1,1.15582634E-06,0,2.264179E-05,0,0,0,-0.0005369727,-0.00147660077,-0.0001997223,-0.1506958,0.008079773,0.04611267,0.00182032119,-0.000180516625,0.00250330963,0.000288171257,4.3541193E-05,-0.000819329638,0.0219174922,0.0190578643,0.122765258,-0.00428354973,-0.0003511284,-0.00158927671,-2.67392024E-05,8.42511654E-05,-0.00071215746,0.002313659,-0.00451660156,-0.0113830566,-0.00449678348,-0.000133518392,-0.00014532455,5.918896E-05,0.00251175463,0.00111901248,4.90505362,0.06005171,0.156855822,0.05744595,0.000253486563,-0.000385796739,1.141233E-05,0.00252839923,0.001139412,4.881345,-0.0213623047,-0.0158996582,0.0594381057,2.78493517E-05,-7.952993E-05,0.00123178493,-0.00202196836,-0.00194841437,1.069446,0.117246255,-0.140686035,0.0397993959,0.00386145851,0.04368794,0.00130087591,-0.00192114711,-0.00249006436,1.04911947,-0.07305908,-0.118041992,0.03372762,0.0007371852,0.0354165137,-0.5500161,2.13215256,2.73881,3.51421022
312,6.2399977891156464,1799,0,0,0,0,0,-0.000115072406,0,-0.00113644393,-0.000115072406,0,-0.00113644393,1,0,0,1,2.30144724E-06,-5.94556332E-06,2.272887E-05,0,0,0,-0.000534135965,-0.00148050487,-0.000198353286,-0.1506958,0.008080152,0.04610882,0.001821981,-0.000178991992,0.00249903649,0.000290696044,3.413856E-05,-0.000812609564,0.02188953,0.0190588832,0.122775227,-0.004250433,-0.000348081579,-0.00157438288,-2.46384479E-05,7.490814E-05,-0.0007070921,0.00228508352,-0.00451660156,-0.0113830566,-0.00447520753,-0.000130357512,-0.000128522486,5.96240643E-05,0.00250306726,0.001117854,4.90490866,0.06004881,0.1568533,0.05727149,0.000256895961,-0.0003819793,1.14503982E-05,0.00252024829,0.00113737851,4.88122,-0.0213623047,-0.0158996582,0.0593420044,2.67155028E-05,-7.648426E-05,0.001232127,-0.00202840567,-0.00195430359,1.06946182,0.117249258,-0.140655518,0.03986099,0.00387659972,0.0437418,0.00130291586,-0.00192467868,-0.002493774,1.04917133,-0.0730896,-0.118041992,0.03377062,0.0007277372,0.0354243144,-0.550016165,2.1321528,2.73881,3.51421022
313,6.2599977820294779,1805,0,0,0,0,0,-5.77915671E-05,0,-0.000904165034,-5.77915671E-05,0,-0.000904165034,1,0,0,1,1.15583089E-06,0,1.8083294E-05,0,0,0,-0.0005369493,-0.00147651136,-0.000212355488,-0.1506958,0.008079722,0.04611282,0.00178209215,-0.000180209274,0.00250293431,0.000288163777,4.35560942E-05,-0.000826323347,0.021934662,0.0190573446,0.122765593,-0.004204861,-0.000351271156,-0.00158869766,-2.66349562E-05,8.426607E-05,-0.0007218279,0.00232766848,-0.00451660156,-0.0113830566,-0.00443097251,-0.000135242037,-0.000145679951,5.90668969E-05,0.00251089036,0.00111985521,4.90491343,0.0600488819,0.1568563,0.05738207,0.000256389147,-0.000385365973,1.149889E-05,0.00252774358,0.00114013022,4.88123465,-0.0213623047,-0.0158996582,0.05945732,2.57594638E-05,-7.956631E-05,0.00123102125,-0.00202330947,-0.00195178553,1.06949162,0.117258005,-0.140655518,0.03984464,0.00386958919,0.0437022448,0.00130113284,-0.00192214549,-0.00248977286,1.04917336,-0.0730896,-0.11807251,0.03371574,0.0007343407,0.0354110077,-0.5500161,2.13215256,2.73881,3.51421022
314,6.27999777494331,1813,0,0,0,0,0,-0.000115067174,0,-0.00113193539,-0.000115067174,0,-0.00113193539,1,0,0,1,2.30134265E-06,-5.96046448E-06,2.26386983E-05,0,0,0,-0.0005341276,-0.00148050487,-0.000199666363,-0.1506958,0.008079908,0.0461087748,0.00182150956,-0.000179648428,0.00249896734,0.000290513766,3.415346E-05,-0.0008199186,0.0218728948,0.0190581866,0.122776292,-0.0042849225,-0.000348324422,-0.00157339626,-2.456586E-05,7.496774E-05,-0.0007148141,0.00225998671,-0.00451660156,-0.0113830566,-0.004511425,-0.00013051623,-0.000128761472,5.91110147E-05,0.00250636041,0.00112095161,4.904985,0.06005229,0.156855449,0.05745347,0.000253373117,-0.00038142546,1.10779329E-05,0.002523467,0.00114207331,4.881316,-0.0213623047,-0.0158996582,0.0595296249,3.258248E-05,-7.493423E-05,0.00123327249,-0.00202436745,-0.001947152,1.06937742,0.117231324,-0.140686035,0.03977648,0.003859095,0.0437061079,0.00130034634,-0.001919061,-0.00248498144,1.04905725,-0.07305908,-0.118041992,0.0336516276,0.000744463,0.0354307368,-0.550016165,2.1321528,2.73881,3.51421022
315,6.2999977678571426,1820,0,0,0,0,0,-5.779689E-05,0,-0.00113625871,-5.779689E-05,0,-0.00113625871,1,0,0,1,1.1559373E-06,1.49011612E-08,2.27251658E-05,0,0,0,-0.0005370079,-0.00147655606,-0.000198435358,-0.1506958,0.008079441,0.0461129,0.00182073377,-0.000180094008,0.002503127,0.00028817376,4.3541193E-05,-0.000815110747,0.0218277685,0.0190568,0.122765526,-0.004264298,-0.000350949,-0.001589458,-2.69082666E-05,8.428097E-05,-0.0007069382,0.00223101652,-0.00451660156,-0.0113830566,-0.004472983,-0.0001330355,-0.000144659891,5.966823E-05,0.002509877,0.00111874507,4.904938,0.0600453876,0.156854987,0.05735763,0.000254225743,-0.0003869875,1.131828E-05,0.00252720714,0.001139344,4.881179,-0.0213623047,-0.0158996582,0.0593471639,2.68280437E-05,-7.9835E-05,0.00123310578,-0.00202588737,-0.00195250078,1.06934488,0.117232278,-0.140686035,0.0398637876,0.00387052959,0.0437499657,0.00130189245,-0.0019235909,-0.00249468023,1.04908192,-0.07305908,-0.118011475,0.0337948427,0.000731677865,0.0354196,-0.5500161,2.13215256,2.73881,3.51421022
316,6.319997760770975,1826,0,0,0,0,0,-0.000115092458,0,-0.000903963868,-0.000115092458,0,-0.000903963868,1,0,0,1,2.30184833E-06,-5.94556332E-06,1.807927E-05,0,0,0,-0.000534138933,-0.00148038566,-0.00021229728,-0.1506958,0.008080019,0.04610908,0.00178333011,-0.000178827409,0.0024986905,0.0002909282,3.41683626E-05,-0.000827580167,0.02186395,0.0190576352,0.1227748,-0.00420935173,-0.000348408154,-0.00157505111,-2.441056E-05,7.490814E-05,-0.000721628137,0.002270825,-0.00451660156,-0.0113830566,-0.00443145074,-0.0001317516,-0.000129481938,6.00246567E-05,0.002504766,0.00111926044,4.90492058,0.0600448474,0.156852379,0.05738492,0.0002566681,-0.000382448634,1.12972239E-05,0.00252123177,0.00114028959,4.88118744,-0.0213623047,-0.0158996582,0.05945794,2.72284233E-05,-7.524964E-05,0.00123371813,-0.00202852488,-0.00195223361,1.06933916,0.117230341,-0.140655518,0.0398540571,0.00387124345,0.0437626466,0.00130172889,-0.00192539394,-0.00249052676,1.04908824,-0.07305908,-0.118041992,0.03373724,0.0007351115,0.0354225524,-0.550016165,2.1321528,2.73881,3.51421022
317,6.3399977536848073,1833,0,0,0,0,0,-5.778909E-05,0,-0.00113195239,-5.778909E-05,0,-0.00113195239,1,0,0,1,1.15578132E-06,0,2.26390384E-05,0,0,0,-0.000537018932,-0.001476571,-0.000199727132,-0.1506958,0.008079997,0.0461131,0.001820238,-0.000180185714,0.00250311056,0.000288071227,4.35262918E-05,-0.000815921347,0.02182064,0.0190564319,0.122763008,-0.004266145,-0.000350771879,-0.00158900244,-2.6915648E-05,8.42511654E-05,-0.0007108864,0.00222702278,-0.00451660156,-0.0113830566,-0.004490614,-0.000133077439,-0.000144667283,5.9965023E-05,0.002510354,0.00111905823,4.90487766,0.0600434,0.156852186,0.0573613867,0.000254937331,-0.0003881471,1.13311771E-05,0.00252839923,0.00114101951,4.881161,-0.0213623047,-0.0158996582,0.0594395,2.97263341E-05,-7.986833E-05,0.00123334583,-0.00202521682,-0.00195235386,1.06931436,0.117228284,-0.140655518,0.0398652628,0.00386941456,0.043751128,0.00130050164,-0.00192198157,-0.00249021477,1.04903686,-0.07305908,-0.118041992,0.0337358,0.0007392677,0.0354160778,-0.5500161,2.13215256,2.73881,3.51421022
318,6.3599977465986388,1839,0,0,0,0,0,-0.000115091185,0,-0.00113620365,-0.000115091185,0,-0.00113620365,1,0,0,1,2.30182286E-06,-5.94556332E-06,2.27240635E-05,0,0,0,-0.000534141262,-0.00148047507,-0.000198358233,-0.1506958,0.00808011647,0.0461090319,0.00182175636,-0.000179322771,0.002498988,0.000290807133,3.4108758E-05,-0.000814430357,0.0217836611,0.01905708,0.122771956,-0.0042595733,-0.0003484541,-0.00157485076,-2.44648345E-05,7.4878335E-05,-0.0007094827,0.00218482642,-0.00451660156,-0.0113830566,-0.004486891,-0.000130643166,-0.000129251464,5.94898956E-05,0.00250290334,0.00111782458,4.90483761,0.0600415245,0.156850651,0.057353463,0.0002567643,-0.000381333724,1.12025073E-05,0.00252152979,0.0011392876,4.881136,-0.0213623047,-0.0158996582,0.0594308749,2.83296322E-05,-7.51018742E-05,0.00123327761,-0.00203129649,-0.00195209123,1.06928241,0.117230289,-0.140655518,0.0398439839,0.0038738572,0.04376304,0.00130178174,-0.00192458928,-0.00249130116,1.04902494,-0.07305908,-0.118011475,0.0337521732,0.000736418064,0.03542964,-0.550016165,2.1321528,2.73881,3.51421022
319,6.3799977395124712,1847,0,0,0,0,0,-5.77848368E-05,0,-0.000903866,-5.77848368E-05,0,-0.000903866,1,0,0,1,1.15569628E-06,0,1.80773131E-05,0,0,0,-0.000536959269,-0.00147654116,-0.000212369167,-0.1506958,0.008079605,0.0461129844,0.00178209855,-0.000180243122,0.00250327564,0.000288351875,4.35560942E-05,-0.0008263534,0.0218245946,0.0190554131,0.122762524,-0.00420486974,-0.0003514054,-0.00158966193,-2.69182165E-05,8.42511654E-05,-0.0007218736,0.002222636,-0.00451660156,-0.0113830566,-0.00443104142,-0.000135120674,-0.000144259509,5.901942E-05,0.00251041353,0.0011204523,4.90482044,0.0600410923,0.156853765,0.0573847927,0.000255885039,-0.0003845378,1.14922514E-05,0.002528578,0.00114096748,4.88112974,-0.0213623047,-0.0158996582,0.0594607666,2.603287E-05,-8.051478E-05,0.00123241253,-0.00202555954,-0.00195211382,1.06929958,0.117238328,-0.140655518,0.0398624949,0.00387056288,0.04373938,0.00130089791,-0.00192345679,-0.00249172142,1.04901636,-0.07305908,-0.118041992,0.0337662846,0.0007379884,0.0354169942,-0.5500161,2.13215256,2.73881,3.51421022
320,6.3999977324263035,1854,0,0,0,0,0,-0.000115066585,0,-0.00113186007,-0.000115066585,0,-0.00113186007,1,0,0,1,2.30133082E-06,-5.94556332E-06,2.26371922E-05,0,0,0,-0.0005341265,-0.00148050487,-0.000199658287,-0.1506958,0.008079946,0.0461091027,0.00182150176,-0.000179500072,0.002499022,0.000290395546,3.413856E-05,-0.0008157277,0.0217843652,0.0190562252,0.122772478,-0.00426390441,-0.0003483215,-0.00157283212,-2.43763679E-05,7.493794E-05,-0.000710881839,0.002175061,-0.00451660156,-0.0113830566,-0.004491726,-0.000130543442,-0.000129703913,5.93388068E-05,0.00250534713,0.001120593,4.90477943,0.0600426942,0.156851739,0.0573652871,0.0002555166,-0.000382325961,1.14257828E-05,0.00252145529,0.00114097062,4.88109636,-0.0213623047,-0.0158996582,0.05944007,3.01462715E-05,-7.536066E-05,0.0012336045,-0.002026543,-0.00195120694,1.0692507,0.117226541,-0.140655518,0.0398411341,0.00386799313,0.0437483564,0.00130136078,-0.00192520022,-0.00249058823,1.04897523,-0.07305908,-0.118011475,0.0337475166,0.000739210634,0.0354301073,-0.5500161,2.1321528,2.73881,3.51421022
321,6.4199977253401359,1861,0,0,0,0,0,-5.777754E-05,0,-0.00113613543,-5.777754E-05,0,-0.00113613543,1,0,0,1,1.15555031E-06,0,2.27227E-05,0,0,0,-0.0005369779,-0.00147658587,-0.000198417009,-0.1506958,0.00807933,0.04611301,0.00182079745,-0.000180217816,0.002503294,0.000288088777,4.35262918E-05,-0.0008134753,0.0217507724,0.0190547742,0.1227622,-0.00425624754,-0.000351058872,-0.0015889135,-2.69139655E-05,8.42511654E-05,-0.000708949752,0.00213773479,-0.00451660156,-0.0113830566,-0.00448281,-0.000133533656,-0.00014449592,5.917661E-05,0.00250954926,0.0011186956,4.90474,0.06003921,0.1568528,0.0573532954,0.000255083549,-0.000385880616,1.15919138E-05,0.0025280714,0.00113894988,4.88106537,-0.0213317871,-0.0158996582,0.05942861,2.78481839E-05,-8.06784E-05,0.00123299309,-0.00202672184,-0.001952925,1.06925178,0.1172309,-0.140655518,0.0398741029,0.00387229328,0.043757163,0.00130087463,-0.00192511082,-0.00249326136,1.04896331,-0.07305908,-0.118011475,0.0337936953,0.000737471157,0.0354146,-0.5500161,2.1321528,2.73881,3.51421022
322,6.4399977182539683,1868,0,0,0,0,0,-0.000115065995,0,-0.0009036007,-0.000115065995,0,-0.0009036007,1,0,0,1,2.301319E-06,-5.96046448E-06,1.80720072E-05,0,0,0,-0.000534084567,-0.00148046017,-0.000212314742,-0.1506958,0.008079396,0.04610894,0.00178325141,-0.000179417431,0.00249885488,0.0002906841,3.415346E-05,-0.0008301312,0.0217725765,0.019055197,0.122772947,-0.00422230363,-0.00034891977,-0.00157362781,-2.43461254E-05,7.496774E-05,-0.0007254466,0.00215269532,-0.00451660156,-0.0113830566,-0.00445002224,-0.000132173416,-0.000129537555,5.93467157E-05,0.00250709057,0.00112057547,4.904822,0.0600406863,0.156852335,0.05747252,0.00025481137,-0.0003814848,1.1199344E-05,0.00252380967,0.00114074792,4.88115454,-0.0213623047,-0.0158996582,0.0595474578,2.91871547E-05,-7.472893E-05,0.00123447622,-0.00202597678,-0.00194949389,1.06919754,0.117216416,-0.140686035,0.0398321524,0.00386358239,0.04375577,0.00130050862,-0.00192441046,-0.00248966157,1.04892623,-0.0730285645,-0.117980957,0.0337554365,0.000745351,0.03543068,-0.5500161,2.13215256,2.73881,3.51421022
323,6.4599977111678,1873,0,0,0,0,0,-5.77770843E-05,0,-0.00113169884,-5.77770843E-05,0,-0.00113169884,1,0,0,1,1.15554121E-06,1.49011612E-08,2.26339689E-05,0,0,0,-0.000536975,-0.00147658587,-0.000199739981,-0.1506958,0.00807903,0.0461128242,0.00182037323,-0.000180510135,0.00250328728,0.000288249779,4.35560942E-05,-0.000812524231,0.0217437651,0.0190535448,0.122762196,-0.004249371,-0.000351255672,-0.00158969162,-2.69856246E-05,8.42362642E-05,-0.000711143,0.00210161763,-0.00451660156,-0.0113830566,-0.00449147,-0.000133395966,-0.000144059377,6.0049606E-05,0.002508968,0.00111972552,4.90465736,0.0600355566,0.156851321,0.0572781824,0.000254896062,-0.0003876783,1.12112484E-05,0.0025267154,0.00114069262,4.8811,-0.0213623047,-0.0158996582,0.0594405048,2.785778E-05,-7.987449E-05,0.00123388111,-0.00202742219,-0.0019554114,1.06920493,0.117220774,-0.140655518,0.0399118774,0.00387624488,0.0437883772,0.00130017754,-0.00192911923,-0.002492762,1.04883718,-0.0730285645,-0.117980957,0.03379377,0.0007402584,0.03540985,-0.5500161,2.13215256,2.73881,3.51421022
324,6.4799977040816321,1880,0,0,0,0,0,-0.000115063449,0,-0.00113594416,-0.000115063449,0,-0.00113594416,1,0,0,1,2.301268E-06,-5.96046448E-06,2.27188739E-05,0,0,0,-0.00053406303,-0.00148049,-0.000198355279,-0.1506958,0.00807845,0.0461086929,0.00182180072,-0.000179989918,0.002498878,0.0002909131,3.41832638E-05,-0.0008166825,0.0216965657,0.0190535858,0.12277092,-0.004271165,-0.000349037466,-0.0015750773,-2.46412437E-05,7.495284E-05,-0.0007090361,0.00206021522,-0.00451660156,-0.0113830566,-0.004484127,-0.000131311113,-0.000128042069,5.98329134E-05,0.00250667334,0.0011173737,4.9047246,0.06003651,0.1568487,0.05743546,0.000256256346,-0.000382008264,1.11297431E-05,0.00252147019,0.00113805453,4.88105631,-0.0213623047,-0.0158996582,0.05942737,2.74324939E-05,-7.566486E-05,0.00123479462,-0.00202682614,-0.0019511932,1.06917894,0.117215894,-0.140655518,0.0398592129,0.003866928,0.0437747762,0.00130140292,-0.001929611,-0.002494962,1.04885721,-0.0730285645,-0.117980957,0.0338349044,0.000738267554,0.0354243,-0.550016165,2.1321528,2.73881,3.51421022
325,6.4999976969954645,1887,0,0,0,0,0,-5.77694664E-05,0,-0.0009036561,-5.77694664E-05,0,-0.0009036561,1,0,0,1,1.15538887E-06,0,1.80731149E-05,0,0,0,-0.0005369649,-0.00147651136,-0.00021236125,-0.1506958,0.00807778351,0.0461128764,0.001782134,-0.000180481875,0.00250294758,0.000288399577,4.35262918E-05,-0.000823315466,0.02175048,0.0190519821,0.122759923,-0.004189712,-0.000351378,-0.0015898397,-2.689268E-05,8.42362642E-05,-0.0007212826,0.00209971471,-0.00451660156,-0.0113830566,-0.00442786468,-0.0001350895,-0.000144291073,5.986949E-05,0.00250788033,0.00111965137,4.90458441,0.06003218,0.156848773,0.0572987422,0.000256175845,-0.0003867198,1.13708084E-05,0.00252853334,0.00113975559,4.881035,-0.0213317871,-0.0158996582,0.05945684,2.60501565E-05,-8.01696E-05,0.00123332907,-0.00202976167,-0.001955527,1.069225,0.11722891,-0.140625,0.0399087071,0.003879091,0.0437884927,0.00130051584,-0.001927346,-0.0024948935,1.04887283,-0.0730285645,-0.118011475,0.0338347666,0.0007391753,0.0354107656,-0.5500161,2.13215256,2.73881,3.51421022
326,6.5199976899092968,1894,0,0,0,0,0,-0.000115066723,0,-0.00113154133,-0.000115066723,0,-0.00113154133,1,0,0,1,2.30133355E-06,-5.96046448E-06,2.26308184E-05,0,0,0,-0.000534111052,-0.00148049,-0.0001996647,-0.1506958,0.008077758,0.0461088,0.00182161457,-0.000179769791,0.002498868,0.0002904615,3.41832638E-05,-0.000821414345,0.0216805842,0.0190527011,0.122769065,-0.004292364,-0.000348446862,-0.00157305668,-2.43376671E-05,7.496774E-05,-0.00071025436,0.002054558,-0.00451660156,-0.0113830566,-0.00448824558,-0.000130638888,-0.000129748747,5.91309326E-05,0.00250817835,0.00112049666,4.9047513,0.0600363426,0.156848431,0.05753421,0.0002533698,-0.0003817228,1.14082532E-05,0.00252215564,0.00114017748,4.880987,-0.0213623047,-0.0158996582,0.059437193,2.967813E-05,-7.525299E-05,0.00123522663,-0.00202482939,-0.00194651529,1.06909943,0.117199548,-0.140686035,0.0398001634,0.00385646173,0.04374859,0.00130108022,-0.00192727149,-0.00249338523,1.04885912,-0.0730285645,-0.117980957,0.03380912,0.000740847143,0.0354281478,-0.550016165,2.1321528,2.73881,3.51421022
327,6.5399976828231292,1901,0,0,0,0,0,-5.7805948E-05,0,-0.00113587384,-5.7805948E-05,0,-0.00113587384,1,0,0,1,1.15611851E-06,1.49011612E-08,2.27174678E-05,0,0,0,-0.0005370438,-0.00147655606,-0.000198442169,-0.1506958,0.008077921,0.0461130179,0.00182065286,-0.000179485,0.002503147,0.0002883737,4.348159E-05,-0.000811209,0.021652231,0.0190520119,0.122758523,-0.004244446,-0.0003503509,-0.00159061281,-2.69183547E-05,8.420646E-05,-0.000708067266,0.00202026078,-0.00451660156,-0.0113830566,-0.0044785724,-0.000132713,-0.000144711143,5.98133629E-05,0.002507478,0.00111850968,4.904573,0.0600292273,0.156847373,0.0572713576,0.0002556878,-0.0003864757,1.15360035E-05,0.00252759457,0.00113878865,4.880944,-0.0213317871,-0.0158996582,0.059426602,2.70627461E-05,-8.05894961E-05,0.0012344548,-0.002030775,-0.00195645471,1.06911349,0.11721012,-0.140655518,0.03992935,0.00388030987,0.043817658,0.00130077568,-0.00192837417,-0.00249505066,1.04885578,-0.0730285645,-0.118011475,0.03383535,0.000738289265,0.03541284,-0.5500161,2.13215256,2.73881,3.51421022
328,6.5599976757369616,1908,0,0,0,0,0,-0.000115082592,0,-0.000903596054,-0.000115082592,0,-0.000903596054,1,0,0,1,2.301651E-06,-5.96046448E-06,1.80719144E-05,0,0,0,-0.0005340525,-0.00148044527,-0.000212291256,-0.1506958,0.00807787,0.0461087,0.00178308948,-0.00017967762,0.00249878527,0.0002909518,3.41832638E-05,-0.000825377,0.0217011534,0.019052051,0.122768059,-0.004198823,-0.000349210954,-0.00157473469,-2.42885E-05,7.495284E-05,-0.000720940356,0.002059618,-0.00451660156,-0.0113830566,-0.00442721928,-0.000132845584,-0.000129582157,5.97367762E-05,0.002506107,0.00111911818,4.904553,0.0600303933,0.1568459,0.0573795326,0.000258126238,-0.000381507882,1.15436542E-05,0.00252221525,0.00114109693,4.880922,-0.0213623047,-0.0158996582,0.059460137,2.71463578E-05,-7.563033E-05,0.00123438286,-0.00202786922,-0.001953915,1.06915712,0.117217958,-0.140625,0.03989982,0.003873324,0.0437915772,0.001301433,-0.00192800164,-0.00249383179,1.04887784,-0.0730285645,-0.117980957,0.0338186026,0.000739851967,0.03542976,-0.550016165,2.1321528,2.73881,3.51421022
329,6.5799976686507931,1915,0,0,0,0,0,-5.77930441E-05,0,-0.00113143516,-5.77930441E-05,0,-0.00113143516,1,0,0,1,1.15586045E-06,1.49011612E-08,2.26286938E-05,0,0,0,-0.0005370198,-0.00147655606,-0.000199728442,-0.1506958,0.008077729,0.0461129323,0.001820319,-0.000180204283,0.00250313035,0.00028804256,4.35560942E-05,-0.0008215161,0.0216261465,0.0190511979,0.122757591,-0.004293881,-0.000350540475,-0.00158889976,-2.678698E-05,8.428097E-05,-0.0007092648,0.002021713,-0.00451660156,-0.0113830566,-0.00448223343,-0.0001328596,-0.00014528539,5.9353184E-05,0.002513513,0.00112039025,4.90470362,0.0600325949,0.156848162,0.0575347356,0.000251012156,-0.0003866536,1.15220491E-05,0.00252823532,0.00114147353,4.880876,-0.0213317871,-0.0158996582,0.0594377853,2.94697529E-05,-8.00445E-05,0.0012356753,-0.00202320516,-0.00194742472,1.06903529,0.117184862,-0.140686035,0.03982899,0.003856559,0.04376362,0.00130008126,-0.00192675,-0.00249348441,1.0488354,-0.0730285645,-0.118011475,0.0338128619,0.0007418609,0.03541255,-0.5500161,2.13215256,2.73881,3.51421022
330,6.5999976615646254,1922,0,0,0,0,0,-0.000115074588,0,-0.00113576173,-0.000115074588,0,-0.00113576173,1,0,0,1,2.301491E-06,-5.94556332E-06,2.27152268E-05,0,0,0,-0.0005341885,-0.00148049,-0.000198374866,-0.1506958,0.008078733,0.04610903,0.00182183692,-0.000178489267,0.00249902136,0.000290611642,3.412366E-05,-0.0008116456,0.0215961784,0.01905274,0.122765981,-0.0042449804,-0.00034762462,-0.00157426379,-2.463676E-05,7.490814E-05,-0.000707838451,0.001986052,-0.00451660156,-0.0113830566,-0.00447885552,-0.000129619686,-0.000128732674,6.039049E-05,0.00250196457,0.001117709,4.904516,0.0600258224,0.156842709,0.05727107,0.000257442036,-0.000384269224,1.13012338E-05,0.00252182782,0.00113969669,4.880832,-0.0213317871,-0.0158996582,0.059429016,2.89981235E-05,-7.598812E-05,0.00123604923,-0.00203430653,-0.00195682235,1.06904089,0.117193453,-0.140625,0.039933186,0.00388171966,0.04385337,0.00130140269,-0.00192858279,-0.00249475,1.04884863,-0.0730285645,-0.117980957,0.03383502,0.0007396237,0.0354286879,-0.550016165,2.1321528,2.73881,3.51421022
331,6.6199976544784578,1929,0,0,0,0,0,-5.78149629E-05,0,-0.000903390232,-5.78149629E-05,0,-0.000903390232,1,0,0,1,1.15629882E-06,0,1.8067798E-05,0,0,0,-0.0005369274,-0.00147655606,-0.00021233836,-0.1506958,0.008078322,0.04611279,0.00178224023,-0.000180145173,0.00250322046,0.000288576557,4.35709953E-05,-0.0008281141,0.0216270611,0.0190508831,0.122755162,-0.00421357062,-0.000351610157,-0.00159073889,-2.66741117E-05,8.42362642E-05,-0.0007235298,0.00201286026,-0.00451660156,-0.0113830566,-0.00443894928,-0.0001352433,-0.000145351747,5.956808E-05,0.00251241028,0.00111888687,4.90459156,0.0600260571,0.1568443,0.0574633181,0.000255651074,-0.000385323947,1.10814181E-05,0.00252792239,0.00114237575,4.880913,-0.0213317871,-0.0158996582,0.0595471151,2.7363023E-05,-7.85192E-05,0.00123507238,-0.00202605128,-0.00195222755,1.06905711,0.117196485,-0.140655518,0.03989997,0.00386841013,0.0437975265,0.00129913026,-0.00192989409,-0.00249085343,1.04875875,-0.0730285645,-0.118011475,0.0337831,0.000746302248,0.0354058221,-0.5500161,2.13215256,2.73881,3.51421022
332,6.63999764739229,1936,0,0,0,0,0,-0.000115081362,0,-0.001131333,-0.000115081362,0,-0.001131333,1,0,0,1,2.30162641E-06,-5.96046448E-06,2.262665E-05,0,0,0,-0.000534123858,-0.00148051977,-0.000199687958,-0.1506958,0.008078734,0.0461089052,0.00182152726,-0.0001795215,0.00249894825,0.000290772878,3.41683626E-05,-0.000815575,0.0215823427,0.01905171,0.122764409,-0.00426288275,-0.000348323258,-0.00157476473,-2.4667017E-05,7.493794E-05,-0.0007100798,0.00196417188,-0.00451660156,-0.0113830566,-0.004487432,-0.000130320987,-0.0001282391,6.00547464E-05,0.00250457227,0.00111950992,4.90451574,0.06002669,0.156841576,0.0573639758,0.0002558839,-0.000382885628,1.10288229E-05,0.00252243876,0.00114197389,4.88084936,-0.0213317871,-0.0158996582,0.0594424,3.101756E-05,-7.526503E-05,0.00123615214,-0.002030477,-0.00195300649,1.06900811,0.117188424,-0.140625,0.03988921,0.00387165858,0.0438214839,0.00130049651,-0.00192856789,-0.0024944758,1.04872692,-0.07299805,-0.117950439,0.033840362,0.0007448926,0.03543079,-0.550016165,2.1321528,2.73881,3.51421022
333,6.6599976403061225,1943,0,0,0,0,0,-5.778245E-05,0,-0.001135566,-5.778245E-05,0,-0.001135566,1,0,0,1,1.15564853E-06,1.49011612E-08,2.27113123E-05,0,0,0,-0.0005369769,-0.00147658587,-0.000198422655,-0.1506958,0.008078233,0.0461127572,0.00182050373,-0.000180233968,0.002503291,0.0002881952,4.3541193E-05,-0.0008159114,0.0215322524,0.0190503355,0.122753158,-0.00426812563,-0.0003510443,-0.00158952526,-2.70231158E-05,8.422136E-05,-0.0007108347,0.00191332679,-0.00451660156,-0.0113830566,-0.00449195458,-0.0001333187,-0.000143951,5.95359852E-05,0.00251148641,0.0011179212,4.904555,0.06002363,0.156843066,0.0574361645,0.000254087179,-0.000386477681,1.10919491E-05,0.00252743065,0.00113943557,4.880899,-0.0213317871,-0.0158996582,0.059513256,2.80701752E-05,-7.969874E-05,0.00123565621,-0.00202710927,-0.001952607,1.06897962,0.1171843,-0.140655518,0.0399038643,0.00386929535,0.0438117869,0.00129943155,-0.00193312764,-0.00249374262,1.04864669,-0.07299805,-0.117980957,0.03384185,0.0007457778,0.0354069024,-0.5500161,2.13215256,2.73881,3.51421022
334,6.679997633219954,1950,0,0,0,0,0,-0.000115080227,0,-0.000903181732,-0.000115080227,0,-0.000903181732,1,0,0,1,2.30160367E-06,-5.96046448E-06,1.80636271E-05,0,0,0,-0.000534112158,-0.00148044527,-0.0002123088,-0.1506958,0.008078801,0.0461088344,0.00178327411,-0.000178827744,0.00249896478,0.000290772383,3.415346E-05,-0.0008299068,0.0215493813,0.01905121,0.122762956,-0.004220572,-0.0003483928,-0.00157438009,-2.44997773E-05,7.496774E-05,-0.000717819436,0.00196458143,-0.00451660156,-0.0113830566,-0.00441199867,-0.000131541092,-0.000129030988,5.986244E-05,0.00250637531,0.00111960829,4.904599,0.0600233972,0.156840429,0.05747145,0.00025570998,-0.000382423546,1.13352935E-05,0.002521351,0.00114009983,4.880749,-0.0213317871,-0.0158996582,0.0593734346,2.59297231E-05,-7.575828E-05,0.00123712141,-0.00203019381,-0.00195147889,1.06893086,0.117174886,-0.140625,0.03988726,0.00386782782,0.04383522,0.00130198011,-0.0019325763,-0.00250014872,1.04873443,-0.0730285645,-0.117950439,0.0339289978,0.000736800837,0.0354303047,-0.550016165,2.1321528,2.73881,3.51421022
335,6.6999976261337864,1958,0,0,0,0,0,-5.78249674E-05,0,-0.00113137986,-5.78249674E-05,0,-0.00113137986,1,0,0,1,1.15649891E-06,0,2.26275879E-05,0,0,0,-0.000537050539,-0.00147660077,-0.000199741378,-0.1506958,0.008079727,0.0461128056,0.00182046811,-0.000179276482,0.00250340439,0.000288423675,4.351139E-05,-0.000811193546,0.0215252154,0.0190511,0.122751586,-0.00424173335,-0.000349803,-0.00159119454,-2.690557E-05,8.42362642E-05,-0.000708219944,0.0019344769,-0.00451660156,-0.0113830566,-0.00447742548,-0.0001323128,-0.000145047947,5.996761E-05,0.00250801444,0.00111907662,4.904411,0.0600195,0.156840131,0.0572744273,0.000256642146,-0.000386590575,1.16549791E-05,0.00252871215,0.00113950565,4.880701,-0.0213317871,-0.0158996582,0.05943033,2.79139276E-05,-8.08497643E-05,0.00123564713,-0.002031669,-0.00195731,1.06894994,0.117185608,-0.140625,0.03995886,0.00388140441,0.0438521467,0.00130027975,-0.00192907453,-0.002496501,1.04874337,-0.0730285645,-0.117980957,0.0338797271,0.000741932134,0.0354119875,-0.5500161,2.13215256,2.73881,3.51421022
336,6.7199976190476187,1965,0,0,0,0,0,-0.000115086186,0,-0.00113551586,-0.000115086186,0,-0.00113551586,1,0,0,1,2.30172282E-06,-5.96046448E-06,2.27103083E-05,0,0,0,-0.0005340303,-0.00148050487,-0.000198339811,-0.1506958,0.008079377,0.04610851,0.00182186952,-0.000179895069,0.00249878643,0.00029083612,3.413856E-05,-0.0008115169,0.021503536,0.01905097,0.122760929,-0.0042452896,-0.000349316862,-0.00157464226,-2.44415714E-05,7.492304E-05,-0.0007145037,0.00186262291,-0.00451660156,-0.0113830566,-0.004511111,-0.0001318153,-0.000128916174,5.95394849E-05,0.002504155,0.00111725007,4.90435648,0.06002073,0.156839192,0.0573459528,0.000258325075,-0.00038119845,1.12234793E-05,0.00252474844,0.00113937818,4.880853,-0.0213317871,-0.0158996582,0.0596006364,3.178725E-05,-7.513432E-05,0.00123521988,-0.00203201175,-0.0019549618,1.0689944,0.117195204,-0.140594482,0.03992185,0.003877859,0.04383045,0.00129912514,-0.00192798674,-0.00249106321,1.048663,-0.07299805,-0.117950439,0.0338138938,0.0007535405,0.0354266651,-0.550016165,2.1321528,2.73881,3.51421022
337,6.7399976119614511,1972,0,0,0,0,0,-5.777089E-05,0,-0.0009031111,-5.777089E-05,0,-0.0009031111,1,0,0,1,1.15541729E-06,1.49011612E-08,1.80622155E-05,0,0,0,-0.00053690793,-0.00147649646,-0.000212381274,-0.1506958,0.008078042,0.046112597,0.00178207445,-0.000180981588,0.002502923,0.0002882751,4.35709953E-05,-0.0008310444,0.0215156972,0.0190485474,0.12275172,-0.0042283684,-0.000352133677,-0.00158904667,-2.697067E-05,8.419156E-05,-0.0007177089,0.00191277545,-0.00451660156,-0.0113830566,-0.00440943055,-0.0001357026,-0.000143665457,5.85882844E-05,0.00251322985,0.0011215118,4.904522,0.0600224361,0.156842574,0.0575559363,0.000252883241,-0.000383740524,1.13350852E-05,0.002524197,0.0011415953,4.88068771,-0.0213317871,-0.0158996582,0.05937718,2.23493334E-05,-8.051153E-05,0.00123543269,-0.00202526152,-0.00194821786,1.06891668,0.117180794,-0.140655518,0.0398510881,0.003860296,0.043779742,0.00130111165,-0.00193858147,-0.00249915617,1.04865062,-0.0730285645,-0.117980957,0.03391103,0.0007357126,0.0354081132,-0.5500161,2.13215256,2.73881,3.51421022
338,6.7599976048752835,1980,0,0,0,0,0,-0.0001150705,0,-0.001131094,-0.0001150705,0,-0.001131094,1,0,0,1,2.301409E-06,-5.96046448E-06,2.2621869E-05,0,0,0,-0.0005342504,-0.00148049,-0.000199676157,-0.1506958,0.008079575,0.046108935,0.00182154181,-0.000178298709,0.00249912147,0.0002902105,3.42130661E-05,-0.0008191298,0.0214475617,0.0190510172,0.122761793,-0.004279542,-0.000346786022,-0.00157270487,-2.45875835E-05,7.50124454E-05,-0.0007078277,0.00188070268,-0.00451660156,-0.0113830566,-0.004476944,-0.00012881447,-0.000129377557,5.98608458E-05,0.00250715017,0.00112100353,4.90452528,0.0600219555,0.156839833,0.0574553758,0.0002525898,-0.000384256244,1.14667191E-05,0.00252342224,0.00114057644,4.88063574,-0.0213317871,-0.0158996582,0.0594327934,3.16326E-05,-7.61881456E-05,0.00123877288,-0.00202874839,-0.001951252,1.06879961,0.117147028,-0.140655518,0.03989322,0.003864305,0.0438560732,0.00130069791,-0.00192905962,-0.00249693263,1.04868627,-0.07299805,-0.117950439,0.0338933729,0.0007440678,0.0354270935,-0.550016165,2.1321528,2.73881,3.51421022
339,6.7799975977891158,1987,0,0,0,0,0,-5.784274E-05,0,-0.00113528583,-5.784274E-05,0,-0.00113528583,1,0,0,1,1.1568543E-06,1.49011612E-08,2.2705708E-05,0,0,0,-0.0005369869,-0.00147658587,-0.00019844601,-0.1506958,0.008080093,0.04611268,0.00182056613,-0.000179265771,0.00250389823,0.000288525451,4.3541193E-05,-0.0008127235,0.02140936,0.01905015,0.122750118,-0.00425156951,-0.000350537768,-0.00159156148,-2.67523228E-05,8.422136E-05,-0.000713476329,0.00181557762,-0.00451660156,-0.0113830566,-0.004505444,-0.000132661808,-0.000145633065,6.05134846E-05,0.00250948966,0.00111696019,4.9044323,0.0600143038,0.156837463,0.05734971,0.000256794854,-0.0003877973,1.11874815E-05,0.00252991915,0.00114015979,4.880785,-0.0213317871,-0.0158996582,0.0595999025,3.03254765E-05,-7.887955E-05,0.00123772689,-0.00203222036,-0.00195700442,1.0688169,0.117163189,-0.140625,0.03998071,0.003879004,0.0438940078,0.00129835273,-0.00193037093,-0.00249168486,1.04856849,-0.07299805,-0.117950439,0.03382927,0.000754048757,0.03541249,-0.5500161,2.13215256,2.73881,3.51421022
340,6.7999975907029473,1994,0,0,0,0,0,-0.000115097464,0,-0.000902911066,-0.000115097464,0,-0.000902911066,1,0,0,1,2.30194837E-06,-5.96046448E-06,1.80582138E-05,0,0,0,-0.0005339749,-0.00148046017,-0.00021230572,-0.1506958,0.008079866,0.0461083241,0.00178309763,-0.000179780909,0.00249925721,0.000291291042,3.41683626E-05,-0.00082821,0.0214360636,0.0190496612,0.122758619,-0.00421261555,-0.000349715323,-0.00157651608,-2.46216623E-05,7.48932362E-05,-0.0007212201,0.00184408121,-0.00451660156,-0.0113830566,-0.00442829356,-0.000132869754,-0.000127931518,6.005256E-05,0.00250573456,0.00111850083,4.90447474,0.0600145124,0.15683569,0.05746441,0.0002564723,-0.0003812152,1.10275432E-05,0.00252079964,0.00114193372,4.88071728,-0.0213317871,-0.0158996582,0.0594653152,2.70631044E-05,-7.540431E-05,0.00123779417,-0.00203309953,-0.00195304048,1.0687952,0.117163956,-0.140625,0.039920304,0.00387241133,0.04387137,0.00130065577,-0.00193673372,-0.00249740365,1.048548,-0.07299805,-0.117919922,0.0339066721,0.000744802062,0.0354280174,-0.550016165,2.1321528,2.73881,3.51421022
341,6.81999758361678,2001,0,0,0,0,0,-5.78009567E-05,0,-0.001131123,-5.78009567E-05,0,-0.001131123,1,0,0,1,1.1560187E-06,1.49011612E-08,2.26224511E-05,0,0,0,-0.0005369882,-0.00147655606,-0.000199726041,-0.1506958,0.008079659,0.0461126938,0.00182022178,-0.000180455041,0.00250314665,0.000288310985,4.35262918E-05,-0.0008102772,0.0214160513,0.0190483779,0.122746624,-0.004237614,-0.0003508892,-0.00159022561,-2.691017E-05,8.422136E-05,-0.0007080859,0.00180919911,-0.00451660156,-0.0113830566,-0.0044760867,-0.000133391281,-0.000144586331,5.98600855E-05,0.002507627,0.00111908244,4.904277,0.0600115247,0.1568351,0.0572727956,0.000256222178,-0.0003867456,1.12761218E-05,0.00252759457,0.00114042708,4.880645,-0.0213317871,-0.0158996582,0.0594334677,2.69337561E-05,-7.994634E-05,0.00123620091,-0.00203330815,-0.00195780466,1.06883109,0.117173821,-0.140594482,0.039974533,0.00388315413,0.04387421,0.00129974517,-0.001935035,-0.00249881973,1.04852486,-0.07299805,-0.117950439,0.0339337252,0.000744454563,0.0354086,-0.5500161,2.13215256,2.73881,3.51421022
342,6.839997576530612,2009,0,0,0,0,0,-0.000115094095,0,-0.00113528688,-0.000115094095,0,-0.00113528688,1,0,0,1,2.301881E-06,-5.96046448E-06,2.2705728E-05,0,0,0,-0.0005340954,-0.00148047507,-0.000198357491,-0.1506958,0.00807945,0.0461086445,0.00182176614,-0.00017960355,0.002498976,0.0002905888,3.41832638E-05,-0.0008176658,0.0213601384,0.01904896,0.122756548,-0.00427540764,-0.000348563975,-0.00157378544,-2.4339668E-05,7.49975443E-05,-0.000706706371,0.00177814625,-0.00451660156,-0.0113830566,-0.004472435,-0.000131019158,-0.000129776352,5.901515E-05,0.002508238,0.00111827091,4.90441751,0.0600153655,0.156835839,0.057519678,0.000255620165,-0.000380654819,1.13214764E-05,0.00252358615,0.00113826152,4.880576,-0.0213317871,-0.0158996582,0.0594237149,2.7822407E-05,-7.51663756E-05,0.0012372944,-0.00202830136,-0.00195033173,1.06878316,0.117160141,-0.140625,0.0398885123,0.00386435026,0.043833293,0.00130085251,-0.00193502009,-0.002499724,1.04857457,-0.07299805,-0.117950439,0.03394546,0.000742843142,0.0354249179,-0.550016165,2.1321528,2.73881,3.51421022
343,6.8599975694444444,2016,0,0,0,0,0,-5.778868E-05,0,-0.000903020555,-5.778868E-05,0,-0.000903020555,1,0,0,1,1.15577313E-06,0,1.80604038E-05,0,0,0,-0.000537008047,-0.00147651136,-0.000212377141,-0.1506958,0.008079632,0.04611293,0.0017819925,-0.0001796252,0.00250317482,0.000288059731,4.3541193E-05,-0.0008215976,0.0214168746,0.0190481544,0.122746788,-0.00418023672,-0.00035065983,-0.00158862968,-2.68430922E-05,8.42511654E-05,-0.0007189987,0.00182723091,-0.00451660156,-0.0113830566,-0.00441660546,-0.0001344537,-0.000144935082,5.93566074E-05,0.00250799954,0.00112080376,4.904235,0.06001103,0.156835943,0.05729985,0.0002565755,-0.000386173226,1.15330477E-05,0.00252853334,0.00114056969,4.88053131,-0.0213317871,-0.0158996582,0.0594549552,2.56245585E-05,-8.048199E-05,0.00123613421,-0.00203305483,-0.00195756648,1.06883216,0.117174231,-0.140594482,0.03997455,0.00388273,0.0438731425,0.00130018312,-0.00193284452,-0.00249885279,1.04861069,-0.07299805,-0.117980957,0.0339311138,0.0007432812,0.03541314,-0.5500161,2.13215256,2.73881,3.51421022
344,6.8799975623582768,2022,0,0,0,0,0,-0.000115079318,0,-0.00113084831,-0.000115079318,0,-0.00113084831,1,0,0,1,2.30158548E-06,-5.96046448E-06,2.26169577E-05,0,0,0,-0.0005340871,-0.00148049,-0.000199645379,-0.1506958,0.008079728,0.0461087562,0.00182160735,-0.000179741561,0.00249883,0.000290271739,3.41832638E-05,-0.000818846747,0.0213566422,0.0190486666,0.122757,-0.00427918835,-0.0003487312,-0.00157219474,-2.42516471E-05,7.498264E-05,-0.0007147003,0.00175471848,-0.00451660156,-0.0113830566,-0.004510118,-0.00013100449,-0.0001301628,5.88779E-05,0.00250816345,0.00112108921,4.904371,0.0600153841,0.15683642,0.0575311631,0.00025425505,-0.000381446,1.11367517E-05,0.0025255233,0.0011423172,4.88066769,-0.0213317871,-0.0158996582,0.0596104562,3.29353825E-05,-7.41373442E-05,0.00123776239,-0.00202842057,-0.00194897735,1.068729,0.117151111,-0.140625,0.0398715325,0.00386144361,0.043833,0.00129846786,-0.00193205476,-0.00249085971,1.04847383,-0.07299805,-0.117950439,0.03382579,0.000757506932,0.0354247876,-0.550016165,2.1321528,2.73881,3.51421022
345,6.8999975552721082,2030,0,0,0,0,0,-5.78096442E-05,0,-0.0011349119,-5.78096442E-05,0,-0.0011349119,1,0,0,1,1.15619241E-06,1.49011612E-08,2.26982283E-05,0,0,0,-0.0005369966,-0.00147654116,-0.000198457972,-0.1506958,0.008079185,0.0461129956,0.00182067009,-0.000180258488,0.00250309031,0.000288169162,4.3541193E-05,-0.000815697364,0.02129963,0.0190471243,0.122747689,-0.00426672725,-0.000351307885,-0.00158948044,-2.68023141E-05,8.428097E-05,-0.000711321249,0.00169264269,-0.00451660156,-0.0113830566,-0.00449405145,-0.00013322437,-0.000145031328,5.97032231E-05,0.00251086056,0.00111940829,4.904368,0.0600108281,0.156837031,0.05744182,0.0002527868,-0.000386891246,1.11857644E-05,0.00253072381,0.00113990251,4.88067245,-0.0213317871,-0.0158996582,0.05951836,2.91359E-05,-7.913068E-05,0.001238642,-0.00203084946,-0.00195338577,1.06866515,0.117140748,-0.140655518,0.039941106,0.00387051934,0.04388628,0.00129870791,-0.0019325614,-0.00249850051,1.04843175,-0.07296753,-0.117889404,0.0339578167,0.000754085369,0.03541966,-0.5500161,2.13215256,2.73881,3.51421022
346,6.9199975481859406,2035,0,0,0,0,0,-0.0001150876,0,-0.0009029019,-0.0001150876,0,-0.0009029019,1,0,0,1,2.301751E-06,-5.96046448E-06,1.80580319E-05,0,0,0,-0.00053408544,-0.00148044527,-0.000212291474,-0.1506958,0.008079298,0.04610886,0.0017831875,-0.000179512776,0.0024987692,0.0002910286,3.415346E-05,-0.000821243331,0.021360714,0.0190471523,0.1227566,-0.004177539,-0.000349210866,-0.00157538161,-2.44079711E-05,7.4878335E-05,-0.0007163634,0.00174822845,-0.00451660156,-0.0113830566,-0.00440418627,-0.0001324533,-0.000129149354,6.045878E-05,0.00250335038,0.00111919711,4.904186,0.06000529,0.156832889,0.05729506,0.00025819015,-0.0003830106,1.14887989E-05,0.00251945853,0.00113963825,4.88049746,-0.0213317871,-0.0158996582,0.0593697764,2.360404E-05,-7.609728E-05,0.00123811,-0.002036035,-0.0019592857,1.06873488,0.11715693,-0.140594482,0.0400065854,0.00388580072,0.0439251736,0.00130161119,-0.001945436,-0.002503415,1.048482,-0.07299805,-0.117919922,0.03400656,0.0007364988,0.0354137048,-0.550016165,2.1321528,2.73881,3.51421022
347,6.939997541099773,2042,0,0,0,0,0,-5.77861574E-05,0,-0.00113073015,-5.77861574E-05,0,-0.00113073015,1,0,0,1,1.15572266E-06,0,2.2614593E-05,0,0,0,-0.0005369817,-0.00147655606,-0.000199725007,-0.1506958,0.008078838,0.0461129248,0.00182026334,-0.000180521471,0.002503092,0.000288199,4.36157E-05,-0.000818261469,0.0213018544,0.0190457068,0.122744881,-0.00427757157,-0.000351146737,-0.0015895525,-2.68966178E-05,8.43852758E-05,-0.0007137328,0.00168586941,-0.00451660156,-0.0113830566,-0.00450393045,-0.000133690715,-0.000144504564,5.93825571E-05,0.002515003,0.00111967709,4.904314,0.06000855,0.156834528,0.0575262457,0.0002538859,-0.000386031548,1.13826436E-05,0.00253278017,0.0011398535,4.88063145,-0.0213317871,-0.0158996582,0.0596014559,3.145183E-05,-8.012088E-05,0.00123815145,-0.00202767551,-0.00195047259,1.06867,0.1171432,-0.140625,0.0399099439,0.00386337424,0.0438542664,0.00129743409,-0.0019299984,-0.00249556219,1.04841816,-0.07296753,-0.117919922,0.03392491,0.0007587739,0.0354056433,-0.5500161,2.13215256,2.73881,3.51421022
348,6.9599975340136053,2049,0,0,0,0,0,-0.000115072406,0,-0.00113477325,-0.000115072406,0,-0.00113477325,1,0,0,1,2.30144724E-06,-5.96046448E-06,2.26954562E-05,0,0,0,-0.000534128339,-0.00148047507,-0.000198389,-0.1506958,0.008078878,0.0461088941,0.001821552,-0.000179537616,0.00249895174,0.0002904711,3.41832638E-05,-0.000816138,0.0212437343,0.0190462,0.122754119,-0.00426753052,-0.00034875804,-0.00157326087,-2.445286E-05,7.493794E-05,-0.000711034,0.00162196485,-0.00451660156,-0.0113830566,-0.004493778,-0.00013049168,-0.000129191874,6.0100454E-05,0.00250639021,0.00111835275,4.904303,0.06000596,0.156831235,0.0574409626,0.000253969018,-0.000384035928,1.09838911E-05,0.002522692,0.00113909086,4.88062763,-0.0213317871,-0.0158996582,0.0595160425,2.9130968E-05,-7.457172E-05,0.00123990676,-0.002032429,-0.00195402885,1.06860948,0.11712718,-0.140625,0.0399499945,0.00387123367,0.0439124,0.00129960827,-0.00194127858,-0.00249834149,1.04835153,-0.07296753,-0.117889404,0.03395232,0.00075070723,0.0354220755,-0.550016165,2.1321528,2.73881,3.51421022
349,6.9799975269274377,2055,0,0,0,0,0,-5.77820174E-05,0,-0.0009026167,-5.77820174E-05,0,-0.0009026167,1,0,0,1,1.15563989E-06,1.49011612E-08,1.80523275E-05,0,0,0,-0.000536953448,-0.00147652626,-0.000212372252,-0.1506958,0.008078284,0.04611295,0.00178211159,-0.0001803137,0.00250302,0.0002886216,4.35262918E-05,-0.000824031653,0.021286549,0.0190441646,0.122742876,-0.00419278024,-0.000351792783,-0.00159104588,-2.70864366E-05,8.420646E-05,-0.000719135,0.00166431814,-0.00451660156,-0.0113830566,-0.00441655144,-0.000135213035,-0.000143279671,6.005349E-05,0.00250971317,0.001118879,4.90421534,0.0599998832,0.156830147,0.0573789775,0.000255576917,-0.00038631435,1.14768582E-05,0.00252726674,0.00114014791,4.880548,-0.0213317871,-0.0158996582,0.0594557039,2.47259577E-05,-8.13182851E-05,0.00123855914,-0.00203371048,-0.00195752853,1.06864858,0.117139079,-0.140594482,0.04000349,0.00388058531,0.0439240672,0.00129962293,-0.00194130838,-0.00250262371,1.04836822,-0.07296753,-0.117919922,0.0340192653,0.00074537826,0.03540372,-0.5500161,2.13215256,2.73881,3.51421022
350,6.9999975198412692,2062,0,0,0,0,0,-0.000115076633,0,-0.0009019135,-0.000115076633,0,-0.0009019135,1,0,0,1,2.30153182E-06,-5.94556332E-06,1.80382631E-05,0,0,0,-0.000534116756,-0.00148046017,-0.000213716383,-0.150726318,0.008078686,0.0461089723,0.00178360892,-0.000179620518,0.0024989068,0.000290645636,3.41683626E-05,-0.0008288251,0.0213115811,0.0190448035,0.122751564,-0.00421478227,-0.000348649279,-0.00157366984,-2.42678434E-05,7.498264E-05,-0.0007201237,0.00170460157,-0.00451660156,-0.0113830566,-0.00442266,-0.000131906461,-0.000129993277,5.981306E-05,0.00250644982,0.00112078269,4.904243,0.0600019768,0.156828657,0.057474412,0.0002560601,-0.000382665079,1.14355717E-05,0.00252439082,0.00114150345,4.88048,-0.0213317871,-0.0158996582,0.05946288,2.7058737E-05,-7.53573E-05,0.00123929023,-0.00203305483,-0.00195288542,1.06859994,0.117130555,-0.140594482,0.0399365053,0.00387056614,0.04390092,0.00130007463,-0.00193807483,-0.00250105467,1.04839313,-0.07296753,-0.117919922,0.0339955837,0.000747871469,0.0354214869,-0.550016165,2.1321528,2.73881,3.51421022
351,7.0199975127551015,2069,0,0,0,0,0,-5.78035033E-05,0,-0.00113069045,-5.78035033E-05,0,-0.00113069045,1,0,0,1,1.15606963E-06,0,2.26138E-05,0,0,0,-0.000537025859,-0.00147560239,-0.000200000053,-0.150726318,0.008078608,0.0461131372,0.00182056823,-0.000180232426,0.00250291731,0.000288104056,4.35262918E-05,-0.000813055667,0.0212740656,0.0190438814,0.122740678,-0.004251242,-0.000350635761,-0.00158928463,-2.67941177E-05,8.426607E-05,-0.0007108472,0.00165366626,-0.00451660156,-0.0113830566,-0.00448970124,-0.000132918358,-0.000145194936,5.96842146E-05,0.00250931084,0.00111888023,4.9041357,0.0599989034,0.156829223,0.0573577248,0.000255679624,-0.000386903324,1.1592324E-05,0.00252997875,0.00113972777,4.880497,-0.0213317871,-0.0158996582,0.059517093,2.990548E-05,-8.033182E-05,0.00123847462,-0.00203344226,-0.00195652852,1.06859374,0.117136039,-0.140594482,0.03998741,0.00387859764,0.0439145155,0.001298536,-0.00193546712,-0.002499227,1.0483501,-0.07296753,-0.117919922,0.0339765958,0.0007534423,0.035410177,-0.5500161,2.13215256,2.73881,3.51421022
352,7.0399975056689339,2076,0,0,0,0,0,-0.000115097646,0,-0.00113488967,-0.000115097646,0,-0.00113488967,1,0,0,1,2.301952E-06,-5.94556332E-06,2.26977845E-05,0,0,0,-0.0005341106,-0.00148043036,-0.00019858306,-0.150726318,0.008078503,0.0461090542,0.001822224,-0.0001794838,0.00249883579,0.000290656841,3.41832638E-05,-0.000818045344,0.0212106761,0.0190444868,0.122750081,-0.004277106,-0.000348573434,-0.0015741738,-2.43222039E-05,7.498264E-05,-0.0007067115,0.00161722326,-0.00451660156,-0.0113830566,-0.004472233,-0.000130645989,-0.000129840075,5.93876939E-05,0.002507612,0.00111691351,4.90424538,0.0600007661,0.156827644,0.0575187057,0.0002553417,-0.0003814056,1.13573906E-05,0.002522394,0.001137775,4.880399,-0.0213317871,-0.0158996582,0.05942397,2.71851968E-05,-7.529235E-05,0.00123973668,-0.00203199685,-0.00195207284,1.06854439,0.117121547,-0.140594482,0.0399360955,0.00386791746,0.0439044945,0.00130049489,-0.00194182992,-0.00250262977,1.04838884,-0.07296753,-0.117889404,0.0340158939,0.000744681747,0.03541898,-0.550016165,2.1321528,2.73881,3.51421022
353,7.0599974985827663,2083,0,0,0,0,0,-5.78078252E-05,0,-0.0009026215,-5.78078252E-05,0,-0.0009026215,1,0,0,1,1.156156E-06,0,1.80524221E-05,0,0,0,-0.0005369939,-0.00147655606,-0.000212671177,-0.150726318,0.008078637,0.0461130925,0.00178327179,-0.000179852112,0.00250331615,0.0002884122,4.35262918E-05,-0.0008212471,0.0212667,0.0190435089,0.122739859,-0.00417844672,-0.0003508485,-0.00159031537,-2.67770047E-05,8.422136E-05,-0.0007215392,0.00164988672,-0.00451660156,-0.0113830566,-0.00442894,-0.000134540751,-0.000145119615,5.9733582E-05,0.00250840187,0.00111859769,4.90404129,0.0599957034,0.156827778,0.0572943576,0.000257104228,-0.0003859075,1.13481638E-05,0.00252923369,0.00114022347,4.88043642,-0.0213317871,-0.0158996582,0.0595389456,2.65792532E-05,-7.979924E-05,0.001238064,-0.00203500688,-0.00196029432,1.06862688,0.117140681,-0.140563965,0.04003773,0.0038872757,0.04393738,0.00129870675,-0.00193753839,-0.002499366,1.048372,-0.07296753,-0.117919922,0.03397559,0.000751000654,0.03540399,-0.5500161,2.13215256,2.73881,3.51421022
354,7.0799974914965986,2090,0,0,0,0,0,-0.000115095143,0,-0.00113051839,-0.000115095143,0,-0.00113051839,1,0,0,1,2.301902E-06,-5.96046448E-06,2.26103584E-05,0,0,0,-0.0005340612,-0.00148050487,-0.000200011127,-0.150726318,0.008078473,0.04610891,0.00182253309,-0.000179987313,0.00249880133,0.000290625845,3.41981649E-05,-0.000818393368,0.02120701,0.0190437548,0.122749776,-0.004276981,-0.0003489349,-0.00157382549,-2.42769456E-05,7.498264E-05,-0.0007112038,0.001591505,-0.00451660156,-0.0113830566,-0.00449224934,-0.000131216133,-0.000129843727,5.92699726E-05,0.00250819325,0.00111902622,4.90415764,0.0600010045,0.156827778,0.05752583,0.0002556052,-0.000381176418,1.11675072E-05,0.00252453983,0.00114129612,4.880437,-0.0213317871,-0.0158996582,0.0595232248,3.03761517E-05,-7.449931E-05,0.00123921316,-0.00203038752,-0.001951059,1.06855917,0.117125086,-0.140594482,0.0399202146,0.00386531977,0.0438835174,0.00129914924,-0.00193805993,-0.00249789376,1.04830754,-0.07296753,-0.117889404,0.0339545943,0.000754381064,0.03542505,-0.550016165,2.1321528,2.73881,3.51421022
355,7.099997484410431,2097,0,0,0,0,0,-5.77888859E-05,0,-0.00113467767,-5.77888859E-05,0,-0.00113467767,1,0,0,1,1.15577723E-06,1.49011612E-08,2.26935445E-05,0,0,0,-0.0005370083,-0.001476571,-0.000198805064,-0.1506958,0.008078135,0.0461130068,0.00182200479,-0.00018009411,0.00250333222,0.00028803476,4.35560942E-05,-0.0008150339,0.0211522132,0.0190427862,0.122739024,-0.00426311744,-0.000350720831,-0.00158895832,-2.68971053E-05,8.42362642E-05,-0.0007091973,0.00154192816,-0.00451660156,-0.0113830566,-0.00448344927,-0.000132983187,-0.000144688354,5.950674E-05,0.0025113076,0.00111823075,4.904138,0.0599970147,0.156827182,0.0574381649,0.0002538995,-0.0003867343,1.13952574E-05,0.00252841413,0.00113947433,4.88043737,-0.0213317871,-0.0158996582,0.0595121123,2.816028E-05,-8.01889037E-05,0.00123953866,-0.002031684,-0.0019550994,1.068525,0.11711891,-0.140594482,0.0399834253,0.00387355988,0.0439227149,0.00129869417,-0.0019402504,-0.00250059,1.04826677,-0.07296753,-0.117889404,0.03400347,0.000752666034,0.03540919,-0.5500161,2.13215256,2.73881,3.51421022
356,7.1199974773242625,2104,0,0,0,0,0,-0.000115089366,0,-0.0009023115,-0.000115089366,0,-0.0009023115,1,0,0,1,2.30178648E-06,-5.96046448E-06,1.8046223E-05,0,0,0,-0.000534083345,-0.00148044527,-0.000212677638,-0.150726318,0.008078536,0.04610888,0.00178473245,-0.000179175258,0.002498862,0.000290760334,3.415346E-05,-0.0008273627,0.021177737,0.01904341,0.122748867,-0.004207685,-0.00034875187,-0.00157423562,-2.431823E-05,7.495284E-05,-0.0007220208,0.001565297,-0.00451660156,-0.0113830566,-0.004432326,-0.000131964349,-0.000129718348,5.99089726E-05,0.0025061518,0.00111931167,4.90414429,0.059995722,0.156825274,0.0574666448,0.0002564557,-0.00038241627,1.1253579E-05,0.00252453983,0.00114083581,4.880455,-0.0213317871,-0.0158996582,0.0595430359,2.853218E-05,-7.494421E-05,0.00124037475,-0.00203490257,-0.001954733,1.06850541,0.117117152,-0.140594482,0.03997503,0.00387433055,0.0439413749,0.00129905809,-0.00194145739,-0.00250055385,1.048249,-0.07296753,-0.117889404,0.03400792,0.00075377,0.0354190432,-0.550016165,2.1321528,2.73881,3.51421022
357,7.1399974702380948,2111,0,0,0,0,0,-5.77861319E-05,0,-0.0009015322,-5.77861319E-05,0,-0.0009015322,1,0,0,1,1.1557222E-06,0,1.80306361E-05,0,0,0,-0.000536961,-0.00147655606,-0.000214183485,-0.150756836,0.008078544,0.0461128354,0.00178398157,-0.0001803554,0.00250322046,0.000288218638,4.36007977E-05,-0.0008284379,0.0211977847,0.0190420467,0.122737743,-0.00421404233,-0.000351277471,-0.00158929219,-2.6857213E-05,8.429587E-05,-0.0007236708,0.00158379425,-0.00451660156,-0.0113830566,-0.004438896,-0.00013444075,-0.000144593738,5.971059E-05,0.00251324475,0.00112097466,4.90414762,0.05999368,0.1568256,0.05747483,0.0002534794,-0.0003867729,1.13294354E-05,0.00252974033,0.001142071,4.880467,-0.0213317871,-0.0158996582,0.059551686,2.81753128E-05,-7.99353147E-05,0.00124027731,-0.002032742,-0.0019542533,1.06845891,0.117108345,-0.140594482,0.03997876,0.003872084,0.04393545,0.0012979554,-0.00194013119,-0.002500582,1.04818714,-0.07293701,-0.117889404,0.03401956,0.0007569563,0.035407275,-0.5500161,2.13215256,2.73881,3.51421022
358,7.1599974631519272,2118,0,0,0,0,0,-0.000115076225,0,-0.000901509251,-0.000115076225,0,-0.000901509251,1,0,0,1,2.30152364E-06,-5.96046448E-06,1.80301777E-05,0,0,0,-0.000534073042,-0.00148046017,-0.000214395754,-0.150787354,0.008078843,0.0461087935,0.00178519334,-0.000179686365,0.002498841,0.0002908167,3.415346E-05,-0.000829550845,0.02121337,0.0190424,0.122747011,-0.004218308,-0.000349008973,-0.00157449651,-2.44925759E-05,7.495284E-05,-0.0007244174,0.00159505056,-0.00451660156,-0.0113830566,-0.004443833,-0.000131681736,-0.000128793123,6.011046E-05,0.0025062263,0.00111984869,4.90414953,0.0599922277,0.156822681,0.05747514,0.0002545764,-0.000382858561,1.10659985E-05,0.00252455473,0.00114077074,4.88047552,-0.0213317871,-0.0158996582,0.0595505722,2.9116427E-05,-7.510223E-05,0.00124167558,-0.00203548372,-0.00195433479,1.06840336,0.11709626,-0.140594482,0.0399766564,0.00387257314,0.0439628,0.00129854679,-0.00194379687,-0.00250131381,1.04813933,-0.07293701,-0.117858887,0.0340358354,0.0007567535,0.0354165733,-0.550016165,2.1321528,2.73881,3.51421022
359,7.17999745606576,2126,0,0,0,0,0,-5.778434E-05,0,-0.00090153917,-5.778434E-05,0,-0.00090153917,1,0,0,1,1.15568628E-06,0,1.80307761E-05,0,0,0,-0.0005369625,-0.00147557259,-0.000214658692,-0.150817871,0.008078376,0.04611274,0.0017844619,-0.0001806483,0.0025030626,0.000288127485,4.35858965E-05,-0.000829512544,0.0212268941,0.01904051,0.1227351,-0.00421955856,-0.000351681258,-0.00158874306,-2.66674051E-05,8.429587E-05,-0.0007249143,0.00160616741,-0.00451660156,-0.0113830566,-0.004444962,-0.000134399263,-0.000145418177,6.0099137E-05,0.00251309574,0.00111813657,4.90414953,0.0599873923,0.156822428,0.0574703142,0.0002544616,-0.000388151762,1.13069154E-05,0.002529651,0.0011387259,4.88048124,-0.0213317871,-0.0158996582,0.0595463179,2.74055074E-05,-7.927343E-05,0.00124110864,-0.00203429163,-0.001955809,1.06837,0.117097445,-0.140594482,0.04001055,0.0038752777,0.04396746,0.001297855,-0.001943469,-0.00250355271,1.048103,-0.07293701,-0.117858887,0.03407999,0.000756548543,0.0354011953,-0.5500161,2.13215256,2.73881,3.51421022
360,7.1999974489795919,2132,0,0,0,0,0,-0.000115076953,0,-0.0009015056,-0.000115076953,0,-0.0009015056,1,0,0,1,2.30153819E-06,-5.94556332E-06,1.80301049E-05,0,0,0,-0.00053405884,-0.00148040056,-0.000214877844,-0.150848389,0.00807846,0.0461087562,0.00178643758,-0.0001799893,0.00249883486,0.000290907017,3.41981649E-05,-0.0008308948,0.0212351736,0.01904068,0.122743838,-0.00422514742,-0.000349140639,-0.00157487474,-2.4468849E-05,7.498264E-05,-0.000725754944,0.001609901,-0.00451660156,-0.0113830566,-0.004450402,-0.000131670618,-0.000128815809,6.01344836E-05,0.00250719488,0.001116139,4.90414524,0.0599865,0.156818911,0.0574691631,0.000255015737,-0.0003825981,1.12904017E-05,0.002524361,0.001136816,4.88048172,-0.0213317871,-0.0158996582,0.05954386,2.774274E-05,-7.572243E-05,0.00124209584,-0.00203502178,-0.00195629615,1.06835687,0.117087923,-0.140563965,0.0400154665,0.00387541857,0.04398514,0.00129875459,-0.00194650888,-0.00250401953,1.04808784,-0.07293701,-0.117828369,0.0340871736,0.000755096262,0.03541264,-0.550016165,2.1321528,2.73881,3.51421022
361,7.2199974418934234,2140,0,0,0,0,0,-5.778943E-05,0,-0.0009015115,-5.778943E-05,0,-0.0009015115,1,0,0,1,1.15578814E-06,0,1.80302231E-05,0,0,0,-0.0005369486,-0.00147649646,-0.000215251057,-0.1508789,0.0080778,0.04611283,0.00178664108,-0.000180788658,0.002503001,0.000288383162,4.35709953E-05,-0.0008307397,0.0212417189,0.01903869,0.122731976,-0.00422581146,-0.000351737428,-0.0015899319,-2.67844789E-05,8.428097E-05,-0.0007260295,0.00161468389,-0.00451660156,-0.0113830566,-0.00445043156,-0.000134445567,-0.000144744685,6.00326057E-05,0.002513066,0.0011148667,4.904137,0.05998314,0.156818166,0.0574651174,0.000255158055,-0.000387024047,1.14102559E-05,0.00252944231,0.0011356,4.88047934,-0.0213317871,-0.0158996582,0.059541136,2.65600211E-05,-8.009179E-05,0.00124115264,-0.00203481317,-0.00195705239,1.06835771,0.117092043,-0.140563965,0.0400305465,0.00387797551,0.04397925,0.00129798264,-0.00194527209,-0.0025053008,1.04808259,-0.07293701,-0.117858887,0.03411143,0.000755092,0.0353975333,-0.5500161,2.13215256,2.73881,3.51421022
362,7.2399974348072558,2147,0,0,0,0,0,-0.0001150619,0,-0.0009014892,-0.0001150619,0,-0.0009014892,1,0,0,1,2.30123715E-06,-5.96046448E-06,1.80297775E-05,0,0,0,-0.0005340675,-0.00148139894,-0.000215579537,-0.1508789,0.008077762,0.04610886,0.00178900687,-0.00018002979,0.00249904743,0.000290696655,3.41683626E-05,-0.000831616868,0.0212456156,0.0190389212,0.122740328,-0.004228814,-0.000349030423,-0.00157378567,-2.44254425E-05,7.498264E-05,-0.0007265196,0.00161408761,-0.00451660156,-0.0113830566,-0.004454159,-0.000131639812,-0.000128987769,5.99243976E-05,0.00250646472,0.0011141448,4.904128,0.0599830821,0.156814933,0.05746587,0.0002568659,-0.0003826772,1.12344806E-05,0.00252538919,0.00113474578,4.88047361,-0.0213317871,-0.0158996582,0.05954063,2.7759048E-05,-7.54664143E-05,0.00124154752,-0.00203622878,-0.00195677462,1.06835628,0.117092311,-0.140563965,0.04001922,0.00387794641,0.0439836979,0.00129876158,-0.00194530189,-0.002505361,1.04809952,-0.07293701,-0.117828369,0.0341117531,0.0007545252,0.03541039,-0.550016165,2.1321528,2.73881,3.51421022
363,7.2599974277210881,2153,0,0,0,0,0,-5.780512E-05,0,-0.0009015141,-5.780512E-05,0,-0.0009015141,1,0,0,1,1.15610192E-06,1.49011612E-08,1.80302741E-05,0,0,0,-0.000536981039,-0.00147560239,-0.000215941967,-0.150909424,0.008077311,0.0461130068,0.00178974122,-0.000180715608,0.00250287028,0.0002882104,4.35858965E-05,-0.0008311472,0.021249935,0.01903735,0.122729361,-0.004227824,-0.000351389957,-0.00158908672,-2.65404487E-05,8.428097E-05,-0.0007264303,0.00161633384,-0.00451660156,-0.0113830566,-0.00445242273,-0.000134289512,-0.000145957209,5.93424265E-05,0.00251299143,0.00111401174,4.90411854,0.05998115,0.156816259,0.0574640334,0.00025510593,-0.000385660154,1.13177121E-05,0.00252939761,0.00113452144,4.880469,-0.0213317871,-0.0158996582,0.0595395342,2.60767247E-05,-7.902478E-05,0.00124042667,-0.00203461945,-0.00195710361,1.06836987,0.117094487,-0.140563965,0.0400292873,0.00387890777,0.0439689,0.00129807624,-0.00194507837,-0.00250561815,1.04810381,-0.07293701,-0.117858887,0.0341143869,0.000754025357,0.0353958458,-0.5500161,2.13215256,2.73881,3.51421022
364,7.2799974206349205,2161,0,0,0,0,0,-0.000115070317,0,-0.0009015199,-0.000115070317,0,-0.0009015199,1,0,0,1,2.3014054E-06,-5.94556332E-06,1.803039E-05,0,0,0,-0.000534085,-0.00148132443,-0.000216275628,-0.150939941,0.00807731,0.04610921,0.00179213716,-0.0001800367,0.00249883649,0.0002906615,3.41832638E-05,-0.0008318291,0.0212527066,0.0190378167,0.122739717,-0.004229902,-0.000348832429,-0.00157360162,-2.4372157E-05,7.496774E-05,-0.0007265506,0.0016153492,-0.00451660156,-0.0113830566,-0.004454305,-0.000131630775,-0.000129239314,5.93827863E-05,0.00250706077,0.00111388753,4.90410852,0.05998233,0.156815529,0.0574657656,0.000256445,-0.000381201826,1.13838232E-05,0.00252477825,0.00113464461,4.880463,-0.0213317871,-0.0158996582,0.0595403761,2.73642872E-05,-7.572285E-05,0.00124101946,-0.00203491747,-0.00195678929,1.06837809,0.117090896,-0.140563965,0.0400192477,0.003877644,0.0439722352,0.0012989752,-0.00194580853,-0.002505005,1.04811454,-0.07293701,-0.117828369,0.0341015123,0.000753299857,0.03541044,-0.550016165,2.1321528,2.73881,3.51421022
365,7.2999974135487529,2167,0,0,0,0,0,-5.77780156E-05,0,-0.0009015471,-5.77780156E-05,0,-0.0009015471,1,0,0,1,1.15555986E-06,1.49011612E-08,1.80309344E-05,0,0,0,-0.000537007058,-0.00147557259,-0.00021664644,-0.150939941,0.008076711,0.04611325,0.001792664,-0.000180910443,0.00250278739,0.000288095325,4.36007977E-05,-0.000831192243,0.02125673,0.0190363377,0.122729495,-0.00422809,-0.0003512642,-0.00158850045,-2.6682801E-05,8.428097E-05,-0.000726336264,0.00161818811,-0.00451660156,-0.0113830566,-0.004451969,-0.000134281727,-0.000145251659,5.90688469E-05,0.00251300633,0.0011140717,4.90410042,0.05998076,0.156816617,0.05746428,0.000256140716,-0.0003852271,1.14338645E-05,0.00252942741,0.00113490922,4.88045835,-0.0213317871,-0.0158996582,0.05954024,2.70958E-05,-7.982713E-05,0.00124000292,-0.00203429163,-0.001956887,1.06838989,0.117098205,-0.140563965,0.04002461,0.00387872988,0.0439594425,0.00129792967,-0.001944527,-0.00250520441,1.04811633,-0.07293701,-0.117858887,0.03410435,0.000754186243,0.03539469,-0.5500161,2.13215256,2.73881,3.51421022
366,7.3199974064625843,2174,0,0,0,0,0,-0.000115072631,0,-0.0009015424,-0.000115072631,0,-0.0009015424,1,0,0,1,2.30145179E-06,-5.96046448E-06,1.803084E-05,0,0,0,-0.0005340919,-0.00148135424,-0.000216973654,-0.150970459,0.00807684753,0.0461093374,0.00179499784,-0.000179774623,0.002499054,0.000290575234,3.41683626E-05,-0.0008317792,0.0212598927,0.01903722,0.122740276,-0.00422957353,-0.00034843586,-0.00157324376,-2.42048154E-05,7.496774E-05,-0.0007264554,0.001617696,-0.00451660156,-0.0113830566,-0.00445392169,-0.000131328838,-0.000130135973,5.91869029E-05,0.00250649452,0.00111418241,4.90409231,0.0599827878,0.156816229,0.05746632,0.000257306849,-0.000380903977,1.12369362E-05,0.00252485275,0.00113512436,4.880454,-0.0213317871,-0.0158996582,0.059541367,2.79268788E-05,-7.46639562E-05,0.00124066183,-0.002035439,-0.001956438,1.06838787,0.117098175,-0.140533447,0.04001036,0.00387776433,0.0439647324,0.0012987433,-0.00194516778,-0.00250458345,1.04812729,-0.07293701,-0.117828369,0.03409244,0.0007539601,0.0354096442,-0.550016165,2.1321528,2.73881,3.51421022
367,7.3399973993764167,2180,0,0,0,0,0,-5.77570972E-05,0,-0.000901577,-5.77570972E-05,0,-0.000901577,1,0,0,1,1.15514149E-06,1.49011612E-08,1.80315328E-05,0,0,0,-0.0005369548,-0.00147558749,-0.0002172993,-0.150970459,0.008076526,0.046113044,0.001795769,-0.000180668154,0.00250350218,0.00028779835,4.35709953E-05,-0.00083115435,0.02126425,0.01903615,0.1227301,-0.004227833,-0.000350954448,-0.001587086,-2.67383966E-05,8.426607E-05,-0.000726201746,0.00162123772,-0.00451660156,-0.0113830566,-0.004451381,-0.000134053465,-0.0001450498,5.88968578E-05,0.00251296163,0.0011143866,4.90408564,0.0599816963,0.156817779,0.05746492,0.000255463849,-0.0003858237,1.1326877E-05,0.002529472,0.00113537651,4.880451,-0.0213317871,-0.0158996582,0.0595410168,2.692658E-05,-7.969942E-05,0.001239996,-0.00203420222,-0.001956703,1.06839573,0.11710006,-0.140563965,0.0400200039,0.00387834036,0.04395712,0.00129798718,-0.0019441098,-0.00250486471,1.04812372,-0.07293701,-0.117858887,0.0340977423,0.000754085253,0.03539551,-0.5500161,2.13215256,2.73881,3.51421022
368,7.3599973922902491,2186,0,0,0,0,0,-0.000115070863,0,-0.0009015748,-0.000115070863,0,-0.0009015748,1,0,0,1,2.30141632E-06,-5.94556332E-06,1.803149E-05,0,0,0,-0.000534029,-0.00148132443,-0.000217579436,-0.151000977,0.008076774,0.04610899,0.00179786712,-0.00017962986,0.00249951519,0.000290539261,3.41981649E-05,-0.0008318266,0.0212673452,0.0190371741,0.122741118,-0.00422978261,-0.00034835437,-0.00157308986,-2.42349488E-05,7.49975443E-05,-0.000726375845,0.00162130431,-0.00451660156,-0.0113830566,-0.00445357524,-0.000131256864,-0.000130017419,5.9160895E-05,0.00250710547,0.00111429882,4.904079,0.0599833764,0.156816855,0.0574667566,0.000256570755,-0.000380990445,1.12027155E-05,0.00252483785,0.00113538664,4.88044834,-0.0213317871,-0.0158996582,0.0595418066,2.7942E-05,-7.466158E-05,0.001240781,-0.002034396,-0.00195649336,1.06839931,0.117094673,-0.140563965,0.0400125459,0.003876924,0.0439637341,0.001298744,-0.001944989,-0.0025043448,1.04812825,-0.07293701,-0.117828369,0.03408824,0.0007539467,0.035409525,-0.550016165,2.1321528,2.73881,3.51421022
369,7.3799973852040814,2192,0,0,0,0,0,-5.777172E-05,0,-0.000901608262,-5.777172E-05,0,-0.000901608262,1,0,0,1,1.15543389E-06,0,1.80321586E-05,0,0,0,-0.000536917942,-0.00147557259,-0.00021786234,-0.151000977,0.0080764005,0.046112746,0.00179830636,-0.000180589792,0.00250345888,0.000287997478,4.35560942E-05,-0.0008309138,0.0212726779,0.0190360118,0.122731566,-0.004226675,-0.000351002149,-0.001588057,-2.67363284E-05,8.42362642E-05,-0.0007262206,0.00162486627,-0.00451660156,-0.0113830566,-0.0044514793,-0.000134116635,-0.000145033875,5.888713E-05,0.00251100957,0.0011151433,4.90407467,0.0599815138,0.156820476,0.05746606,0.000256493542,-0.0003850485,1.1357004E-05,0.002529472,0.00113540632,4.880446,-0.0213317871,-0.0158996582,0.0595411733,2.69430857E-05,-7.977965E-05,0.00123952888,-0.00203743577,-0.00195552874,1.06837225,0.117104478,-0.140563965,0.0399947837,0.00387935457,0.0439514033,0.00129802537,-0.00194408,-0.002504859,1.04812407,-0.07293701,-0.117858887,0.0340980627,0.000754303939,0.0353970528,-0.5500161,2.13215256,2.73881,3.51421022
370,7.3999973781179138,2199,0,0,0,0,0,-0.000115056311,0,-0.000901590451,-0.000115056311,0,-0.000901590451,1,0,0,1,2.30112528E-06,-5.94556332E-06,1.8031802E-05,0,0,0,-0.0005340046,-0.00148133934,-0.00021809779,-0.151000977,0.008076573,0.0461087,0.00180029054,-0.0001798211,0.00249952613,0.00029051688,3.42130661E-05,-0.0008317668,0.021276474,0.01903697,0.122742675,-0.004229589,-0.0003484294,-0.0015729157,-2.441607E-05,7.502735E-05,-0.000726428232,0.00162474008,-0.00451660156,-0.0113830566,-0.00445377175,-0.000131396839,-0.0001290638,5.90715354E-05,0.00250826776,0.00111486088,4.904071,0.0599843152,0.156819358,0.05746804,0.00025630134,-0.000380845217,1.11810305E-05,0.002524823,0.00113536126,4.88044357,-0.0213317871,-0.0158996582,0.0595419034,2.80595232E-05,-7.527362E-05,0.00124085241,-0.002032131,-0.00195659022,1.06839073,0.117097192,-0.140563965,0.0400186852,0.003875165,0.04395878,0.00129873888,-0.00194507837,-0.00250427681,1.0481298,-0.07293701,-0.117828369,0.0340875536,0.0007540439,0.03540951,-0.550016165,2.1321528,2.73881,3.51421022
371,7.4199973710317462,2205,0,0,0,0,0,-5.775437E-05,0,-0.0009016181,-5.775437E-05,0,-0.0009016181,1,0,0,1,1.15508692E-06,0,1.8032355E-05,0,0,0,-0.000536907057,-0.00147557259,-0.00021833647,-0.1510315,0.008076172,0.0461125,0.00180012034,-0.000180706571,0.002503553,0.0002878258,4.35709953E-05,-0.0008310625,0.0212811828,0.0190357268,0.12273255,-0.00422747433,-0.000351096649,-0.00158717216,-2.67775249E-05,8.42511654E-05,-0.000726292841,0.00162799261,-0.00451660156,-0.0113830566,-0.00445180526,-0.000134173053,-0.000144798483,5.9048587E-05,0.00251168013,0.00111491652,4.904067,0.0599818341,0.156821012,0.05746584,0.0002556224,-0.000386169064,1.13429687E-05,0.002529472,0.00113536709,4.880441,-0.0213317871,-0.0158996582,0.0595412664,2.66277821E-05,-7.9876736E-05,0.00123991794,-0.002036363,-0.00195594458,1.06836843,0.117101565,-0.140563965,0.0400029123,0.003878722,0.0439560972,0.00129797985,-0.00194397569,-0.00250471057,1.04812586,-0.07293701,-0.117858887,0.0340960659,0.0007543659,0.03539623,-0.5500161,2.13215256,2.73881,3.51421022
372,7.4399973639455776,2211,0,0,0,0,0,-0.000115064948,0,-0.0009015802,-0.000115064948,0,-0.0009015802,1,0,0,1,2.301298E-06,-5.94556332E-06,1.80315965E-05,0,0,0,-0.0005340132,-0.00148135424,-0.000218531291,-0.1510315,0.008076279,0.0461086147,0.00180218508,-0.000179997936,0.00249909121,0.0002906008,3.42279673E-05,-0.0008320025,0.021283716,0.0190365519,0.122743331,-0.004230812,-0.000348525326,-0.0015732873,-2.4379533E-05,7.502735E-05,-0.000726421,0.00162785314,-0.00451660156,-0.0113830566,-0.004453687,-0.000131467736,-0.000129205859,5.933645E-05,0.00250832736,0.00111423607,4.90406275,0.0599836819,0.156819448,0.05746701,0.000256422034,-0.000381307269,1.12232019E-05,0.002524808,0.00113534974,4.88043928,-0.0213317871,-0.0158996582,0.059541814,2.83148365E-05,-7.52824E-05,0.00124108011,-0.00203225017,-0.00195694435,1.06838989,0.117096283,-0.140563965,0.0400251858,0.00387561787,0.0439651161,0.00129886391,-0.00194507837,-0.00250439881,1.04812658,-0.07293701,-0.117828369,0.03408825,0.0007536051,0.0354104564,-0.550016165,2.1321528,2.73881,3.51421022
373,7.45999735685941,2218,0,0,0,0,0,-5.77837927E-05,0,-0.000901605352,-5.77837927E-05,0,-0.000901605352,1,0,0,1,1.15567536E-06,0,1.80321E-05,0,0,0,-0.000536952866,-0.00147557259,-0.000218738831,-0.1510315,0.008075775,0.04611277,0.00180237135,-0.00018077447,0.00250283279,0.0002881328,4.35560942E-05,-0.0008312404,0.021287322,0.019035235,0.122733228,-0.00422841124,-0.0003511517,-0.00158864306,-2.67460437E-05,8.42511654E-05,-0.0007263388,0.00163092907,-0.00451660156,-0.0113830566,-0.00445195753,-0.000134279078,-0.000144888545,5.926561E-05,0.00251103938,0.00111448416,4.90405846,0.05998094,0.156821713,0.0574651659,0.000256149448,-0.000385690655,1.14516724E-05,0.002529487,0.001135243,4.880437,-0.0213317871,-0.0158996582,0.0595410764,2.601035E-05,-8.01068454E-05,0.00123975938,-0.00203736126,-0.00195591967,1.06836426,0.117103778,-0.140563965,0.04000089,0.00387970428,0.0439568274,0.00129817287,-0.00194397569,-0.002504775,1.04812527,-0.07293701,-0.117858887,0.03409784,0.0007542718,0.0353993252,-0.5500161,2.13215256,2.73881,3.51421022
374,7.4799973497732424,2224,0,0,0,0,0,-0.000115078088,0,-0.000901582069,-0.000115078088,0,-0.000901582069,1,0,0,1,2.301561E-06,-5.94556332E-06,1.80316347E-05,0,0,0,-0.0005340716,-0.00148132443,-0.00021890222,-0.1510315,0.008075859,0.04610918,0.00180371525,-0.000179830764,0.00249884184,0.000290675525,3.42279673E-05,-0.0008321159,0.02128926,0.0190361217,0.122743413,-0.004231399,-0.000348477974,-0.00157364551,-2.41828166E-05,7.504225E-05,-0.000726506638,0.00163039623,-0.00451660156,-0.0113830566,-0.00445407862,-0.000131500739,-0.00013015233,5.92764445E-05,0.00250828266,0.00111408846,4.90405464,0.0599830672,0.156819522,0.0574669167,0.000256478554,-0.000380928541,1.12997413E-05,0.00252479315,0.0011352658,4.88043451,-0.0213317871,-0.0158996582,0.05954178,2.78503376E-05,-7.47775848E-05,0.0012409112,-0.00203225017,-0.001956883,1.06839144,0.117097713,-0.140563965,0.0400240719,0.00387571217,0.04396239,0.00129881524,-0.00194507837,-0.00250426959,1.04813051,-0.07293701,-0.117828369,0.0340868346,0.0007539544,0.03541082,-0.550016165,2.1321528,2.73881,3.51421022
375,7.4999973426870747,2231,0,0,0,0,0,-5.77714236E-05,0,-0.0009016126,-5.77714236E-05,0,-0.0009016126,1,0,0,1,1.155428E-06,0,1.80322459E-05,0,0,0,-0.000536977546,-0.00147558749,-0.000219030524,-0.151062012,0.008075525,0.0461131968,0.00180361816,-0.000180577626,0.00250306423,0.000288123672,4.35709953E-05,-0.0008313815,0.0212923288,0.0190349687,0.122733139,-0.004229075,-0.000350993039,-0.00158862979,-2.670217E-05,8.426607E-05,-0.000726335042,0.00163332908,-0.00451660156,-0.0113830566,-0.004451976,-0.000134146874,-0.000145149,5.9190028E-05,0.00251162052,0.00111427426,4.904051,0.0599811263,0.156821147,0.0574650019,0.000255910738,-0.000385527324,1.14356171E-05,0.00252945721,0.00113525835,4.88043261,-0.0213317871,-0.0158996582,0.0595410541,2.68469521E-05,-7.9891E-05,0.00123986718,-0.002036348,-0.001956109,1.068374,0.117102765,-0.140563965,0.04000479,0.003879112,0.04395624,0.00129811978,-0.001943931,-0.00250481372,1.04812551,-0.07293701,-0.117858887,0.0340964645,0.000754096371,0.0353982933,-0.5500161,2.13215256,2.73881,3.51421022
376,7.5199973356009071,2238,0,0,0,0,0,-0.000115078816,0,-0.0009015835,-0.000115078816,0,-0.0009015835,1,0,0,1,2.30157548E-06,-5.94556332E-06,1.80316638E-05,0,0,0,-0.0005340609,-0.00148135424,-0.000219152891,-0.151062012,0.008075804,0.04610929,0.00180509547,-0.000179908719,0.00249903556,0.000290657568,3.42279673E-05,-0.0008322404,0.0212936532,0.0190360844,0.122743547,-0.00423193164,-0.0003482672,-0.00157361908,-2.419607E-05,7.502735E-05,-0.0007265348,0.00163260591,-0.00451660156,-0.0113830566,-0.004454297,-0.0001312836,-0.000130152723,5.954616E-05,0.00250831246,0.00111381523,4.904046,0.0599836633,0.156819284,0.0574665554,0.000257192645,-0.000381666934,1.13002634E-05,0.00252483785,0.001135211,4.8804307,-0.0213317871,-0.0158996582,0.0595417358,2.79953911E-05,-7.480702E-05,0.001241036,-0.00203216076,-0.00195705472,1.06839716,0.117099963,-0.140563965,0.04002543,0.00387571217,0.0439636037,0.00129882875,-0.00194495916,-0.002504282,1.04813254,-0.07293701,-0.117828369,0.03408691,0.0007539059,0.03541099,-0.550016165,2.1321528,2.73881,3.51421022
377,7.5399973285147386,2244,0,0,0,0,0,-5.7776062E-05,0,-0.0009015337,-5.7776062E-05,0,-0.0009015337,1,0,0,1,1.15552075E-06,0,1.8030667E-05,0,0,0,-0.00053695665,-0.00147560239,-0.000219289723,-0.151062012,0.008075599,0.0461130962,0.00180463959,-0.000180373667,0.00250354828,0.000288117473,4.35560942E-05,-0.0008349746,0.021276826,0.0190352723,0.122732975,-0.004246812,-0.00035071274,-0.00158875249,-2.67283922E-05,8.42511654E-05,-0.000726382248,0.00163526076,-0.00451660156,-0.0113830566,-0.004452352,-0.000133757829,-0.000145165555,5.919908E-05,0.00251270831,0.00111441291,4.904144,0.0599821024,0.1568212,0.0575518981,0.000254412123,-0.0003856652,1.14209461E-05,0.002529502,0.00113513437,4.880429,-0.0213317871,-0.0158996582,0.0595409051,2.71312529E-05,-7.990546E-05,0.00124061387,-0.002035737,-0.001953213,1.06832576,0.117092684,-0.140594482,0.0399723649,0.00387256686,0.04395084,0.001298083,-0.00194384158,-0.00250481186,1.04812729,-0.07293701,-0.117858887,0.0340964831,0.0007540026,0.0353971161,-0.5500161,2.13215256,2.73881,3.51421022
378,7.5599973214285709,2251,0,0,0,0,0,-0.000115086325,0,-0.000901588646,-0.000115086325,0,-0.000901588646,1,0,0,1,2.30172554E-06,-5.94556332E-06,1.80317656E-05,0,0,0,-0.0005340292,-0.00148133934,-0.000219372014,-0.151062012,0.008076339,0.0461090878,0.00180605263,-0.00017934473,0.002499618,0.0002907196,3.41683626E-05,-0.0008295444,0.02128913,0.0190366823,0.122742876,-0.004218206,-0.000347979862,-0.00157411816,-2.4235962E-05,7.498264E-05,-0.000726561062,0.00163423037,-0.00451660156,-0.0113830566,-0.00445467327,-0.000130860761,-0.000130138375,5.9759328E-05,0.002505377,0.0011138,4.904021,0.0599808544,0.156818628,0.0573828481,0.0002581146,-0.000381944061,1.12853459E-05,0.002524823,0.00113517139,4.880427,-0.0213317871,-0.0158996582,0.0595417544,2.85053084E-05,-7.485585E-05,0.00124094542,-0.00203672051,-0.001959532,1.06836367,0.11709974,-0.140563965,0.0400510468,0.00388398464,0.04399081,0.00129877124,-0.00194503367,-0.0025042526,1.048137,-0.07293701,-0.117828369,0.0340870358,0.000753962144,0.03540973,-0.550016165,2.1321528,2.73881,3.51421022
379,7.5799973143424033,2258,0,0,0,0,0,-5.77774263E-05,0,-0.000901645748,-5.77774263E-05,0,-0.000901645748,1,0,0,1,1.155548E-06,0,1.8032908E-05,0,0,0,-0.0005368714,-0.00147557259,-0.000219468173,-0.151062012,0.008075748,0.04611278,0.00180592632,-0.000180815361,0.00250340486,0.000288183248,4.35858965E-05,-0.0008306531,0.0212988667,0.0190351438,0.122732416,-0.004225687,-0.000351368362,-0.00158875645,-2.6675254E-05,8.428097E-05,-0.0007264077,0.00163729489,-0.00451660156,-0.0113830566,-0.004452159,-0.0001346546,-0.000145110738,5.908491E-05,0.002512768,0.001113544,4.90402746,0.05998076,0.156820983,0.0574607924,0.000256515865,-0.000385032559,1.14493569E-05,0.00252944231,0.001135216,4.880426,-0.0213317871,-0.0158996582,0.0595411249,2.65065974E-05,-7.98787E-05,0.001239509,-0.00203451514,-0.001956856,1.06839383,0.117108129,-0.140563965,0.04002033,0.003879444,0.04395144,0.00129808555,-0.00194388628,-0.00250473944,1.04812968,-0.07293701,-0.117858887,0.03409472,0.0007538999,0.03539684,-0.5500161,2.13215256,2.73881,3.51421022
380,7.5999973072562357,2265,0,0,0,0,0,-0.00011505872,0,-0.000901537365,-0.00011505872,0,-0.000901537365,1,0,0,1,2.30117348E-06,-5.94556332E-06,1.803074E-05,0,0,0,-0.00053400785,-0.00148133934,-0.0002195395,-0.151062012,0.00807600748,0.0461088,0.00180696847,-0.000179805531,0.00249959133,0.0002905296,3.41683626E-05,-0.000835442042,0.0212827139,0.0190362725,0.122743182,-0.00424785726,-0.000348252681,-0.0015730242,-2.4413097E-05,7.49975443E-05,-0.000726587838,0.00163617055,-0.00451660156,-0.0113830566,-0.004454614,-0.0001312091,-0.0001291264,5.89183874E-05,0.002507493,0.00111482188,4.904129,0.0599845238,0.156820819,0.0575544722,0.0002556661,-0.00038048,1.13526658E-05,0.00252485275,0.00113519223,4.880424,-0.0213317871,-0.0158996582,0.0595417954,2.8059032E-05,-7.570758E-05,0.00124089257,-0.00203427672,-0.00195287052,1.06832874,0.117093533,-0.140563965,0.0399624929,0.003870139,0.0439428724,0.00129885064,-0.00194484,-0.00250411057,1.048137,-0.07293701,-0.117828369,0.0340845324,0.0007539961,0.03541136,-0.550016165,2.1321528,2.73881,3.51421022
381,7.619997300170068,2272,0,0,0,0,0,-5.77880674E-05,0,-0.000901458,-5.77880674E-05,0,-0.000901458,1,0,0,1,1.15576086E-06,1.49011612E-08,1.80291536E-05,0,0,0,-0.0005369639,-0.00147555768,-0.00021963082,-0.151062012,0.008076355,0.0461129732,0.001805904,-0.000179888171,0.00250345632,0.000287940784,4.36306E-05,-0.0008360337,0.0212573223,0.0190359484,0.122733459,-0.00425168825,-0.000350239716,-0.00158815237,-2.67998712E-05,8.434057E-05,-0.00072634354,0.001638636,-0.00451660156,-0.0113830566,-0.00445248839,-0.000133054447,-0.000145095983,5.93458972E-05,0.002515763,0.00111439079,4.904211,0.0599826351,0.1568219,0.05755529,0.000252990139,-0.0003866139,1.14499317E-05,0.00252945721,0.00113525649,4.880423,-0.0213317871,-0.0158996582,0.0595410466,2.80965069E-05,-8.013019E-05,0.00124193449,-0.00203114748,-0.00195464119,1.06827474,0.117076956,-0.140594482,0.0400105268,0.003869907,0.04396914,0.00129803573,-0.00194375217,-0.002504727,1.04813087,-0.07293701,-0.117858887,0.03409357,0.0007540099,0.03539678,-0.5500161,2.13215256,2.73881,3.51421022
382,7.6399972930838995,2279,0,0,0,0,0,-0.000115106879,0,-0.0009014522,-0.000115106879,0,-0.0009014522,1,0,0,1,2.30213664E-06,-5.94556332E-06,1.80290372E-05,0,0,0,-0.000534082763,-0.00148133934,-0.000219674228,-0.151062012,0.008077517,0.04610909,0.00180747337,-0.000178821239,0.0024992,0.000290793745,3.41832638E-05,-0.0008335313,0.0212465264,0.01903757,0.122742638,-0.00423768768,-0.000347715366,-0.00157477288,-2.43069626E-05,7.49975443E-05,-0.000726582948,0.00163748208,-0.00451660156,-0.0113830566,-0.00445505744,-0.000130244443,-0.000130062384,6.04559136E-05,0.00250652432,0.00111222663,4.904181,0.05998033,0.156817243,0.05746643,0.000256937928,-0.000383662962,1.124979E-05,0.00252483785,0.00113516953,4.880421,-0.0213317871,-0.0158996582,0.0595418438,2.86847735E-05,-7.49471146E-05,0.00124304439,-0.00203721225,-0.00195807219,1.06826532,0.117075391,-0.140563965,0.04004673,0.00387930125,0.0440204144,0.00129890989,-0.00194478035,-0.00250412873,1.04813635,-0.07293701,-0.117828369,0.03408456,0.000753759348,0.0354115255,-0.550016165,2.1321528,2.73881,3.51421022
383,7.6599972859977319,2286,0,0,0,0,0,-5.78097461E-05,0,-0.000901507854,-5.78097461E-05,0,-0.000901507854,1,0,0,1,1.15619446E-06,0,1.803015E-05,0,0,0,-0.0005369613,-0.00147560239,-0.0002197288,-0.151062012,0.00807756651,0.046113044,0.00180689665,-0.000180282834,0.002503115,0.0002884569,4.36007977E-05,-0.0008321025,0.02124428,0.0190365687,0.12272992,-0.004232254,-0.000350787624,-0.00159055961,-2.67983323E-05,8.429587E-05,-0.0007264408,0.00164005754,-0.00451660156,-0.0113830566,-0.00445279246,-0.000133755646,-0.000144930425,6.016625E-05,0.002513364,0.00111110869,4.90416145,0.0599776,0.1568156,0.0574590974,0.000256802829,-0.000387052045,1.1485894E-05,0.00252945721,0.00113518548,4.88042,-0.0213317871,-0.0158996582,0.0595411472,2.69842221E-05,-8.029185E-05,0.00124163576,-0.00203551352,-0.00195911364,1.06830633,0.117085904,-0.140563965,0.0400685258,0.00388178858,0.04400591,0.00129824656,-0.001943782,-0.00250467472,1.0481317,-0.07293701,-0.117858887,0.0340943523,0.000753889966,0.0353994928,-0.5500161,2.13215256,2.73881,3.51421022
384,7.6799972789115643,2294,0,0,0,0,0,-0.000115094146,0,-0.000901492254,-0.000115094146,0,-0.000901492254,1,0,0,1,2.301882E-06,-5.96046448E-06,1.80298375E-05,0,0,0,-0.0005340518,-0.00148133934,-0.000219771042,-0.151062012,0.008078074,0.0461091772,0.00180789956,-0.000179396375,0.002499134,0.000290899276,3.41981649E-05,-0.000832601741,0.0212423671,0.0190375727,0.12273857,-0.004233457,-0.000348293775,-0.00157499861,-2.43774666E-05,7.49975443E-05,-0.000726633938,0.00163891644,-0.00451660156,-0.0113830566,-0.004454986,-0.000131224369,-0.000129428227,6.0008435E-05,0.00250695646,0.0011112215,4.904142,0.05997948,0.156813145,0.0574610345,0.000257769017,-0.000382081,1.12954058E-05,0.00252483785,0.00113510736,4.88041925,-0.0213317871,-0.0158996582,0.05954171,2.78899279E-05,-7.546466E-05,0.00124161819,-0.00203594565,-0.00195825868,1.06834,0.117087014,-0.140533447,0.0400446877,0.00388038135,0.0439952724,0.00129893562,-0.001944825,-0.002504187,1.04813838,-0.07293701,-0.117828369,0.0340854228,0.000753824541,0.0354124755,-0.5500161,2.1321528,2.73881,3.51421022
385,7.6999972718253966,2301,0,0,0,0,0,-5.77978644E-05,0,-0.000901521358,-5.77978644E-05,0,-0.000901521358,1,0,0,1,1.15595685E-06,1.49011612E-08,1.803042E-05,0,0,0,-0.000536975742,-0.00147558749,-0.000219828187,-0.151062012,0.008078062,0.04611317,0.00180715206,-0.000180445364,0.00250312383,0.000288160722,4.35858965E-05,-0.0008317117,0.0212432034,0.0190367345,0.122727618,-0.00423034141,-0.000350675546,-0.00158906286,-2.67567157E-05,8.428097E-05,-0.0007264286,0.00164131576,-0.00451660156,-0.0113830566,-0.004452714,-0.000133887268,-0.000145123951,5.92999131E-05,0.00251288712,0.00111220893,4.90412664,0.0599791072,0.15681456,0.0574609451,0.000256463856,-0.000385595165,1.14841023E-05,0.00252944231,0.00113519642,4.8804183,-0.0213317871,-0.0158996582,0.0595411547,2.739905E-05,-8.01375063E-05,0.00124029419,-0.00203493237,-0.0019578787,1.06837058,0.117093377,-0.140533447,0.0400394276,0.003880702,0.043972455,0.00129802339,-0.00194382668,-0.00250464631,1.048136,-0.07293701,-0.117858887,0.034093,0.000754185254,0.03539693,-0.5500161,2.13215256,2.73881,3.51421022
386,7.719997264739229,2307,0,0,0,0,0,-0.000115096329,0,-0.0009015272,-0.000115096329,0,-0.0009015272,1,0,0,1,2.30192563E-06,-5.96046448E-06,1.8030536E-05,0,0,0,-0.0005340567,-0.00148133934,-0.000219834037,-0.151062012,0.008078468,0.0461091176,0.00180804427,-0.0001795585,0.00249912636,0.0002905913,3.41832638E-05,-0.0008320404,0.0212446358,0.01903795,0.12273775,-0.00423063943,-0.000348149653,-0.00157348311,-2.42502483E-05,7.49975443E-05,-0.000726604951,0.0016402452,-0.00451660156,-0.0113830566,-0.00445487071,-0.000131186011,-0.000130070126,5.89715673E-05,0.00250704587,0.00111312827,4.90411329,0.0599816069,0.1568132,0.057464432,0.000257457024,-0.0003802347,1.12924681E-05,0.002524808,0.0011351509,4.880417,-0.0213317871,-0.0158996582,0.05954177,2.80176919E-05,-7.49340761E-05,0.00124062086,-0.00203485787,-0.00195707334,1.06838679,0.11709296,-0.140533447,0.040021766,0.00387858832,0.04396759,0.00129895844,-0.00194476545,-0.00250414782,1.04813945,-0.07293701,-0.117828369,0.0340840742,0.000753638858,0.0354123153,-0.550016165,2.1321528,2.73881,3.51421022
387,7.7399972576530613,2314,0,0,0,0,0,-5.77996834E-05,0,-0.0009015515,-5.77996834E-05,0,-0.0009015515,1,0,0,1,1.15599323E-06,1.49011612E-08,1.80310235E-05,0,0,0,-0.0005369782,-0.00147558749,-0.0002198818,-0.151062012,0.00807829853,0.0461131334,0.00180767954,-0.0001804555,0.00250307517,0.00028814422,4.35858965E-05,-0.0008311641,0.0212486666,0.0190370418,0.122728854,-0.004227683,-0.00035073678,-0.001588935,-2.67592677E-05,8.426607E-05,-0.0007264446,0.00164265616,-0.00451660156,-0.0113830566,-0.004452756,-0.000134043468,-0.000145061233,5.8851092E-05,0.00251297653,0.00111406413,4.90410376,0.05998164,0.156816527,0.05746422,0.0002566887,-0.0003843307,1.15349158E-05,0.00252944231,0.00113518711,4.88041639,-0.0213317871,-0.0158996582,0.0595411174,2.64867413E-05,-8.032285E-05,0.00123960781,-0.00203420222,-0.00195679674,1.0684,0.117100529,-0.140533447,0.04002198,0.00387899717,0.0439527072,0.00129821221,-0.00194375217,-0.00250459858,1.0481348,-0.07293701,-0.117858887,0.03409304,0.0007539489,0.0353991464,-0.5500161,2.13215256,2.73881,3.51421022
388,7.7599972505668928,2322,0,0,0,0,0,-0.000115087547,0,-0.000901556632,-0.000115087547,0,-0.000901556632,1,0,0,1,2.30175E-06,-5.94556332E-06,1.80311254E-05,0,0,0,-0.000534064835,-0.00148135424,-0.000219880909,-0.151062012,0.008078691,0.0461092219,0.00180849549,-0.000179660055,0.002499119,0.0002904948,3.41683626E-05,-0.000831642363,0.0212525334,0.0190381929,0.122739941,-0.0042287265,-0.000348223955,-0.00157295482,-2.42036458E-05,7.498264E-05,-0.00072665466,0.00164136034,-0.00451660156,-0.0113830566,-0.004455069,-0.000131314548,-0.000130264147,5.89359843E-05,0.00250655413,0.00111457636,4.904096,0.0599838421,0.156816289,0.0574670248,0.000257006759,-0.000380468555,1.12451344E-05,0.00252486765,0.00113513914,4.88041544,-0.0213317871,-0.0158996582,0.0595419034,2.86261075E-05,-7.46521255E-05,0.00124044169,-0.0020352155,-0.00195607846,1.06840241,0.11709699,-0.140533447,0.0400047973,0.00387729332,0.0439590253,0.00129882945,-0.00194464624,-0.00250409544,1.04814112,-0.07293701,-0.117828369,0.0340827778,0.000753869768,0.03541094,-0.5500161,2.1321528,2.73881,3.51421022
389,7.7799972434807252,2329,0,0,0,0,0,-5.778827E-05,0,-0.0009015769,-5.778827E-05,0,-0.0009015769,1,0,0,1,1.155765E-06,1.49011612E-08,1.8031531E-05,0,0,0,-0.0005369689,-0.00147555768,-0.000219929439,-0.151062012,0.008078321,0.04611324,0.00180787209,-0.000180629489,0.00250278623,0.000287944858,4.35858965E-05,-0.000830911566,0.0212581139,0.0190370735,0.122730792,-0.004226546,-0.000350975024,-0.00158785074,-2.67283E-05,8.428097E-05,-0.0007264501,0.0016437216,-0.00451660156,-0.0113830566,-0.00445268955,-0.0001342454,-0.000145130834,5.89353E-05,0.00251300633,0.00111499126,4.90409,0.05998294,0.156818822,0.05746587,0.000255968218,-0.0003853287,1.13798733E-05,0.00252945721,0.00113516639,4.880415,-0.0213317871,-0.0158996582,0.0595410652,2.63126549E-05,-7.982395E-05,0.00123972655,-0.0020339638,-0.00195640884,1.06840408,0.11710079,-0.140563965,0.04001556,0.00387794035,0.0439504832,0.00129811093,-0.00194372237,-0.002504737,1.04813552,-0.07293701,-0.117858887,0.034094274,0.0007539606,0.0353979878,-0.5500161,2.13215256,2.73881,3.51421022
390,7.7999972363945576,2336,0,0,0,0,0,-0.000115062081,0,-0.000901576655,-0.000115062081,0,-0.000901576655,1,0,0,1,2.30124078E-06,-5.94556332E-06,1.80315255E-05,0,0,0,-0.0005340868,-0.00148135424,-0.000219915557,-0.151062012,0.008078617,0.0461093,0.001808448,-0.000179781986,0.0024990777,0.000290325668,3.41832638E-05,-0.000831601035,0.0212624017,0.01903804,0.12274126,-0.00422863,-0.000348390342,-0.00157205365,-2.4238725E-05,7.498264E-05,-0.000726672763,0.001642428,-0.00451660156,-0.0113830566,-0.004455088,-0.000131471883,-0.000130031578,5.912022E-05,0.00250709057,0.00111482909,4.904084,0.0599847548,0.1568172,0.05746751,0.000256704341,-0.000381644466,1.12076468E-05,0.00252479315,0.00113508909,4.88041353,-0.0213317871,-0.0158996582,0.0595417656,2.76261871E-05,-7.468847E-05,0.00124083739,-0.002034381,-0.00195631664,1.0684,0.117096841,-0.140563965,0.04000947,0.00387644139,0.04396258,0.00129881862,-0.00194488466,-0.00250404445,1.04814053,-0.07293701,-0.117828369,0.0340828523,0.000753893,0.0354105756,-0.550016165,2.1321528,2.73881,3.51421022
391,7.81999722930839,2343,0,0,0,0,0,-5.77731043E-05,0,-0.000901581254,-5.77731043E-05,0,-0.000901581254,1,0,0,1,1.15546163E-06,0,1.80316183E-05,0,0,0,-0.0005369815,-0.00147558749,-0.0002199568,-0.151092529,0.008078147,0.0461132675,0.00180793193,-0.0001807438,0.00250305422,0.0002879977,4.35858965E-05,-0.0008310866,0.0212672129,0.019036917,0.122731633,-0.00422744872,-0.000350972259,-0.00158810429,-2.67557E-05,8.428097E-05,-0.0007264577,0.00164475734,-0.00451660156,-0.0113830566,-0.004452723,-0.000134204864,-0.000144991864,5.90323034E-05,0.00251302123,0.00111469452,4.90407944,0.05998299,0.156819284,0.05746554,0.00025558623,-0.000385473861,1.13071865E-05,0.00252944231,0.001135207,4.880413,-0.0213317871,-0.0158996582,0.0595412,2.716766E-05,-7.967775E-05,0.00124010956,-0.002034068,-0.00195656274,1.06840456,0.117101274,-0.140563965,0.0400187336,0.00387780834,0.04395739,0.001298018,-0.00194364786,-0.00250460976,1.04813516,-0.07293701,-0.117858887,0.03409147,0.0007540197,0.0353964679,-0.5500161,2.13215256,2.73881,3.51421022
392,7.8399972222222223,2350,0,0,0,0,0,-0.000115076044,0,-0.000901595165,-0.000115076044,0,-0.000901595165,1,0,0,1,2.30152E-06,-5.96046448E-06,1.80318966E-05,0,0,0,-0.00053406466,-0.00148135424,-0.000219953159,-0.151092529,0.008078249,0.0461092368,0.00180867023,-0.000179868337,0.00249903277,0.00029057666,3.412366E-05,-0.0008314375,0.0212719478,0.01903784,0.122742265,-0.00422785431,-0.0003484384,-0.00157327461,-2.42399365E-05,7.495284E-05,-0.0007266687,0.001643365,-0.00451660156,-0.0113830566,-0.004455049,-0.000131455265,-0.000129990236,5.90534728E-05,0.00250452757,0.00111533166,4.90407562,0.0599840842,0.1568192,0.0574681573,0.000257307256,-0.000380587,1.10832816E-05,0.00252483785,0.00113509374,4.88041162,-0.0213317871,-0.0158996582,0.059541747,2.757874E-05,-7.437552E-05,0.00124038139,-0.00203870237,-0.00195514085,1.068365,0.1171021,-0.140563965,0.0399818569,0.00387838273,0.0439604744,0.00129882456,-0.00194464624,-0.00250417,1.04814041,-0.07293701,-0.117828369,0.03408414,0.000753724831,0.0354104266,-0.550016165,2.1321528,2.73881,3.51421022
393,7.8599972151360538,2356,0,0,0,0,0,-5.776885E-05,0,-0.000901591557,-5.776885E-05,0,-0.000901591557,1,0,0,1,1.15537659E-06,1.49011612E-08,1.80318239E-05,0,0,0,-0.0005369703,-0.00147557259,-0.000219972426,-0.151092529,0.008077803,0.046113126,0.00180780119,-0.000180745,0.002503024,0.0002879798,4.36455E-05,-0.0008311268,0.0212770253,0.0190366823,0.122732684,-0.004227722,-0.000351036055,-0.001587968,-2.67635623E-05,8.434057E-05,-0.0007265032,0.00164554932,-0.00451660156,-0.0113830566,-0.00445289025,-0.0001343159,-0.000144901249,5.892834E-05,0.00251479447,0.00111498206,4.90407228,0.05998369,0.156821087,0.0574663542,0.000254632061,-0.000385288877,1.14636869E-05,0.00252941251,0.00113510236,4.88041162,-0.0213317871,-0.0158996582,0.059541,2.62387057E-05,-8.016664E-05,0.00124024018,-0.00203083456,-0.00195702631,1.068395,0.11709927,-0.140563965,0.0400322,0.00387593638,0.04395335,0.00129819277,-0.00194376707,-0.00250463258,1.04813707,-0.07293701,-0.117858887,0.03409333,0.0007539483,0.035399,-0.5500161,2.13215256,2.73881,3.51421022
394,7.8799972080498861,2364,0,0,0,0,0,-0.000115065537,0,-0.000901592546,-0.000115065537,0,-0.000901592546,1,0,0,1,2.30131E-06,-5.96046448E-06,1.80318439E-05,0,0,0,-0.000534052,-0.00148135424,-0.000219974288,-0.151092529,0.008077865,0.0461090319,0.001808998,-0.00017987944,0.00249900063,0.000290429365,3.415346E-05,-0.000831643,0.02128072,0.01903739,0.122742862,-0.00422895374,-0.000348594447,-0.00157249358,-2.41895323E-05,7.495284E-05,-0.0007266813,0.00164416328,-0.00451660156,-0.0113830566,-0.00445506256,-0.000131531837,-0.000130201326,5.93025652E-05,0.002504617,0.00111495482,4.90406847,0.05998342,0.156819507,0.057467714,0.000257431559,-0.000381814723,1.13685946E-05,0.00252479315,0.00113512063,4.88041,-0.0213317871,-0.0158996582,0.0595418438,2.85262158E-05,-7.495133E-05,0.00124048255,-0.00203858316,-0.00195527,1.06835628,0.117100582,-0.140563965,0.039985396,0.00387840834,0.0439629853,0.00129884738,-0.00194478035,-0.00250406959,1.04814136,-0.07293701,-0.117858887,0.03408202,0.0007537601,0.03541084,-0.550016165,2.1321528,2.73881,3.51421022
395,7.8999972009637185,2371,0,0,0,0,0,-5.777149E-05,0,-0.00090159144,-5.777149E-05,0,-0.00090159144,1,0,0,1,1.15542935E-06,1.49011612E-08,1.8031822E-05,0,0,0,-0.0005369718,-0.00147557259,-0.000220002,-0.151092529,0.008077398,0.0461130179,0.00180786976,-0.0001808022,0.00250303932,0.00028799873,4.36604023E-05,-0.000831394864,0.0212844852,0.0190362483,0.122733168,-0.004229081,-0.0003510198,-0.001588048,-2.67171017E-05,8.434057E-05,-0.0007264698,0.00164647447,-0.00451660156,-0.0113830566,-0.00445269467,-0.000134241156,-0.0001451187,5.898066E-05,0.002515331,0.00111438159,4.90406466,0.0599829629,0.156821653,0.0574655049,0.0002545034,-0.0003853827,1.15752664E-05,0.00252942741,0.001135174,4.88041,-0.0213317871,-0.0158996582,0.0595411025,2.63865313E-05,-8.03175062E-05,0.00124038733,-0.0020300597,-0.00195747614,1.06839216,0.117097914,-0.140563965,0.0400409363,0.003875906,0.0439561754,0.00129827,-0.00194360316,-0.00250458531,1.04813468,-0.07293701,-0.117858887,0.0340916477,0.0007537528,0.03539988,-0.5500161,2.13215256,2.73881,3.51421022
396,7.9199971938775509,2378,0,0,0,0,0,-0.000115080089,0,-0.0009015799,-0.000115080089,0,-0.0009015799,1,0,0,1,2.301601E-06,-5.96046448E-06,1.8031591E-05,0,0,0,-0.0005340527,-0.00148133934,-0.000220004818,-0.151092529,0.008077524,0.04610899,0.001808895,-0.000179906288,0.00249902,0.000290656026,3.413856E-05,-0.000831915764,0.0212867446,0.0190370716,0.122743532,-0.004230287,-0.000348505622,-0.00157363224,-2.41748E-05,7.493794E-05,-0.0007267084,0.00164492475,-0.00451660156,-0.0113830566,-0.004455202,-0.00013138,-0.000130283792,5.94132362E-05,0.00250466168,0.00111430534,4.90406,0.05998331,0.156819865,0.05746676,0.000257378037,-0.000381325139,1.12765047E-05,0.00252486765,0.00113508548,4.880409,-0.0213317871,-0.0158996582,0.05954186,2.85629521E-05,-7.466119E-05,0.00124070235,-0.00203852355,-0.00195557531,1.06836009,0.11709895,-0.140563965,0.03998938,0.00387860462,0.0439672172,0.00129885192,-0.00194463134,-0.00250410847,1.04814184,-0.07293701,-0.117828369,0.03408306,0.000753842236,0.03541122,-0.550016165,2.1321528,2.73881,3.51421022
397,7.9399971867913832,2385,0,0,0,0,0,-5.77823121E-05,0,-0.00090159,-5.77823121E-05,0,-0.00090159,1,0,0,1,1.1556458E-06,1.49011612E-08,1.80317929E-05,0,0,0,-0.0005369389,-0.00147552788,-0.00022000185,-0.151092529,0.00807696,0.0461129472,0.00180823077,-0.000180853967,0.00250323652,0.0002881507,4.36455E-05,-0.0008315304,0.0212896,0.0190358758,0.122732975,-0.004229801,-0.0003510615,-0.00158877473,-2.670785E-05,8.434057E-05,-0.0007265296,0.00164700963,-0.00451660156,-0.0113830566,-0.00445296569,-0.00013424136,-0.000145130442,5.925539E-05,0.00251473486,0.0011140469,4.9040556,0.0599825568,0.156820282,0.05746497,0.000255462219,-0.000385644118,1.13908145E-05,0.00252941251,0.00113512587,4.88040829,-0.0213317871,-0.0158996582,0.0595411733,2.616983E-05,-7.98078254E-05,0.00124029117,-0.00203099847,-0.00195738324,1.068396,0.117100231,-0.140563965,0.0400378555,0.00387660973,0.04395674,0.00129811349,-0.00194367766,-0.00250455015,1.04814017,-0.07293701,-0.117858887,0.0340919346,0.0007541319,0.03539829,-0.5500161,2.13215256,2.73881,3.51421022
398,7.9599971797052147,2392,0,0,0,0,0,-0.000115085277,0,-0.0009015941,-0.000115085277,0,-0.0009015941,1,0,0,1,2.30170463E-06,-5.96046448E-06,1.80318748E-05,0,0,0,-0.000534059945,-0.00148135424,-0.000220005226,-0.151092529,0.008077127,0.0461089835,0.00180894264,-0.000179794282,0.002499063,0.000290726835,3.415346E-05,-0.000831961632,0.0212915931,0.0190367121,0.122742943,-0.0042305626,-0.0003485016,-0.00157395261,-2.42069182E-05,7.493794E-05,-0.000726680737,0.00164563814,-0.00451660156,-0.0113830566,-0.00445503043,-0.000131448,-0.00013008446,5.944694E-05,0.002504617,0.00111429556,4.904052,0.05998289,0.15681915,0.0574668534,0.000257279637,-0.00038119682,1.12044781E-05,0.00252483785,0.00113512774,4.88040733,-0.0213317871,-0.0158996582,0.05954184,2.7893213E-05,-7.459471E-05,0.001240513,-0.00203856826,-0.001955479,1.06836379,0.117100194,-0.140563965,0.0399874374,0.00387872034,0.0439641476,0.00129890814,-0.001944676,-0.00250403374,1.04814517,-0.07293701,-0.117828369,0.0340821855,0.000753609347,0.03541105,-0.550016165,2.1321528,2.73881,3.51421022
399,7.9799971726190471,2398,0,0,0,0,0,-5.77755382E-05,0,-0.000901591848,-5.77755382E-05,0,-0.000901591848,1,0,0,1,1.15551029E-06,1.49011612E-08,1.803183E-05,0,0,0,-0.00053697417,-0.00147557259,-0.000220024856,-0.151092529,0.008076664,0.0461129546,0.00180824,-0.000180769377,0.00250307284,0.00028805522,4.36604023E-05,-0.0008315835,0.0212943144,0.0190356113,0.122733124,-0.004230044,-0.000350964285,-0.00158831466,-2.67342475E-05,8.434057E-05,-0.0007264846,0.0016479115,-0.00451660156,-0.0113830566,-0.00445276033,-0.000134163827,-0.000145015685,5.92392171E-05,0.002515331,0.001114023,4.90404749,0.0599824153,0.156821609,0.05746505,0.000254975836,-0.000385866471,1.14729391E-05,0.00252942741,0.001135216,4.88040733,-0.0213317871,-0.0158996582,0.0595412478,2.7126398E-05,-8.006213E-05,0.00124029326,-0.0020300597,-0.00195755786,1.06840146,0.117099218,-0.140563965,0.04004101,0.00387615664,0.0439547263,0.00129805668,-0.00194358826,-0.00250452827,1.04814053,-0.07293701,-0.117858887,0.03409037,0.0007540186,0.0353970043,-0.5500161,2.13215256,2.73881,3.51421022
400,7.9999971655328794,2405,0,0,0,0,0,-0.000115079412,0,-0.000901517342,-0.000115079412,0,-0.000901517342,1,0,0,1,2.3015873E-06,-5.96046448E-06,1.803034E-05,0,0,0,-0.0005340803,-0.00148133934,-0.00022001419,-0.151092529,0.008076948,0.04610913,0.00180884951,-0.000179717317,0.002499134,0.000290648168,3.413856E-05,-0.0008356283,0.0212762337,0.01903677,0.122743279,-0.004248641,-0.000348169,-0.00157373364,-2.42208516E-05,7.495284E-05,-0.0007266585,0.00164646481,-0.00451660156,-0.0113830566,-0.00445508864,-0.0001309543,-0.0001301839,5.94807534E-05,0.002506286,0.00111425761,4.904145,0.05998403,0.156819642,0.057553567,0.000256317959,-0.000381597376,1.1275979E-05,0.00252485275,0.001135156,4.88040733,-0.0213317871,-0.0158996582,0.0595418774,2.83573536E-05,-7.478133E-05,0.00124143646,-0.00203692913,-0.0019528761,1.06831694,0.11708907,-0.140594482,0.03996124,0.00387158012,0.0439593457,0.00129880663,-0.00194457173,-0.00250404258,1.048144,-0.07293701,-0.117858887,0.0340813771,0.0007537968,0.035410542,-0.550016165,2.1321528,2.73881,3.51421022
401,8.0199971584467118,2412,0,0,0,0,0,-5.77758219E-05,0,-0.000901600637,-5.77758219E-05,0,-0.000901600637,1,0,0,1,1.155516E-06,1.49011612E-08,1.80320058E-05,0,0,0,-0.0005369753,-0.00147557259,-0.000220033544,-0.151092529,0.00807706453,0.04611294,0.00180809747,-0.000180022718,0.0025036044,0.000288137468,4.35858965E-05,-0.000828926743,0.0212896839,0.01903611,0.122732855,-0.00421645259,-0.000350528338,-0.00158895773,-2.67983341E-05,8.426607E-05,-0.0007264955,0.0016484349,-0.00451660156,-0.0113830566,-0.004453089,-0.00013361231,-0.000144924081,5.9592E-05,0.00251181424,0.00111386576,4.904022,0.0599796548,0.156821027,0.0573811531,0.000256620435,-0.0003864389,1.15101757E-05,0.00252944231,0.00113512843,4.88040733,-0.0213317871,-0.0158996582,0.0595410727,2.698311E-05,-8.03506555E-05,0.00124024577,-0.00203557312,-0.00195990736,1.06836569,0.117102034,-0.140563965,0.0400631,0.00388487638,0.0439840853,0.00129832374,-0.00194352865,-0.002504587,1.04813826,-0.07293701,-0.117858887,0.0340920165,0.000753709,0.0354004875,-0.5500161,2.13215256,2.73881,3.51421022
402,8.0399971513605433,2419,0,0,0,0,0,-0.000115084913,0,-0.000901634048,-0.000115084913,0,-0.000901634048,1,0,0,1,2.30169735E-06,-5.96046448E-06,1.80326733E-05,0,0,0,-0.000533970539,-0.00148132443,-0.000220009708,-0.151092529,0.008077178,0.0461087,0.00180903124,-0.00018006537,0.00249946839,0.0002907378,3.415346E-05,-0.0008312668,0.0212982967,0.0190367624,0.122742705,-0.004227266,-0.000348685164,-0.00157389184,-2.4173436E-05,7.496774E-05,-0.000726765546,0.00164703839,-0.00451660156,-0.0113830566,-0.0044553387,-0.000131815323,-0.000130132816,5.9266793E-05,0.00250574946,0.001113471,4.90402842,0.0599828437,0.156819224,0.05746247,0.000258412736,-0.0003806508,1.13668939E-05,0.00252483785,0.00113508245,4.88040638,-0.0213317871,-0.0158996582,0.0595419779,2.72760553E-05,-7.4964446E-05,0.0012402616,-0.002036631,-0.00195633573,1.06837785,0.117107287,-0.140563965,0.0400035828,0.00387900556,0.04396016,0.001298943,-0.00194472075,-0.00250396645,1.0481447,-0.07293701,-0.117858887,0.03408184,0.0007538816,0.03541271,-0.550016165,2.1321528,2.73881,3.51421022
403,8.0599971442743765,2426,0,0,0,0,0,-5.77758328E-05,0,-0.0009015461,-5.77758328E-05,0,-0.0009015461,1,0,0,1,1.1555162E-06,1.49011612E-08,1.80309144E-05,0,0,0,-0.000536924,-0.00147560239,-0.000220039161,-0.151092529,0.008076642,0.04611254,0.00180804194,-0.000180699324,0.00250358577,0.0002879583,4.36157E-05,-0.00083483936,0.0212832671,0.0190357566,0.122733168,-0.00424623257,-0.000350890972,-0.0015878866,-2.66907882E-05,8.428097E-05,-0.000726511,0.00164899626,-0.00451660156,-0.0113830566,-0.004452937,-0.000134045375,-0.000145290236,5.87723953E-05,0.002515003,0.00111482455,4.90413,0.05998364,0.156822845,0.0575525947,0.000254195445,-0.00038500037,1.15478824E-05,0.002529487,0.00113513379,4.88040638,-0.0213317871,-0.0158996582,0.0595411137,2.75388666E-05,-8.012137E-05,0.00124023249,-0.00203147531,-0.001953646,1.06833267,0.11709787,-0.140594482,0.039984908,0.00387039734,0.04393523,0.00129818125,-0.00194352865,-0.002504607,1.04814041,-0.07293701,-0.117858887,0.0340915434,0.0007538399,0.0353985466,-0.5500161,2.13215256,2.73881,3.51421022
404,8.079997137188208,2433,0,0,0,0,0,-0.000115071409,0,-0.000901425665,-0.000115071409,0,-0.000901425665,1,0,0,1,2.30142723E-06,-5.96046448E-06,1.8028506E-05,0,0,0,-0.000534088642,-0.00148133934,-0.000220024784,-0.151092529,0.008077452,0.04610881,0.00180936453,-0.000179202834,0.00249922019,0.000290548836,3.41981649E-05,-0.00083669764,0.02125647,0.0190374833,0.122743569,-0.004253568,-0.000347672147,-0.00157350744,-2.4460438E-05,7.50124454E-05,-0.000726670551,0.00164718507,-0.00451660156,-0.0113830566,-0.004455434,-0.000130328961,-0.000129272259,5.96493264E-05,0.002508849,0.00111419789,4.904211,0.0599847436,0.156819522,0.0575568378,0.000254531973,-0.0003824007,1.14161194E-05,0.00252483785,0.00113505719,4.88040543,-0.0213317871,-0.0158996582,0.05954167,2.83737554E-05,-7.59744144E-05,0.00124273,-0.002033174,-0.00195415737,1.06826568,0.117075846,-0.140594482,0.0399951339,0.00386940688,0.0439788774,0.00129899755,-0.00194466114,-0.00250406517,1.04814458,-0.07293701,-0.117828369,0.0340826772,0.000753578031,0.0354127623,-0.550016165,2.1321528,2.73881,3.51421022
405,8.0999971301020413,2441,0,0,0,0,0,-5.78168729E-05,0,-0.0009014715,-5.78168729E-05,0,-0.0009014715,1,0,0,1,1.156337E-06,1.49011612E-08,1.80294228E-05,0,0,0,-0.0005369799,-0.00147558749,-0.000220053655,-0.151092529,0.008077942,0.0461127348,0.0018082686,-0.000179805851,0.00250349543,0.000288260955,4.35858965E-05,-0.0008328882,0.02124692,0.019036958,0.122732244,-0.00423586741,-0.000350360526,-0.00158980442,-2.68046533E-05,8.429587E-05,-0.0007265074,0.00164908962,-0.00451660156,-0.0113830566,-0.004453378,-0.000133142792,-0.000145120182,6.03924454E-05,0.00251299143,0.00111236132,4.904182,0.05997944,0.156818733,0.05746483,0.000255348219,-0.000388298125,1.14983359E-05,0.00252942741,0.00113512774,4.88040543,-0.0213317871,-0.0158996582,0.05954116,2.79160777E-05,-8.028083E-05,0.00124233577,-0.00203597546,-0.00195843936,1.068269,0.117078543,-0.140594482,0.0400587842,0.00388008659,0.04401317,0.00129807973,-0.00194366276,-0.00250456552,1.04814088,-0.07293701,-0.117858887,0.034091223,0.000753971341,0.0353970937,-0.5500161,2.13215256,2.73881,3.51421022
406,8.1199971230158727,2448,0,0,0,0,0,-0.000115104376,0,-0.0009014897,-0.000115104376,0,-0.0009014897,1,0,0,1,2.30208661E-06,-5.94556332E-06,1.80297866E-05,0,0,0,-0.000534069957,-0.00148132443,-0.0002200322,-0.151092529,0.00807872,0.04610896,0.00180908176,-0.000179235081,0.00249918946,0.000290987373,3.41683626E-05,-0.0008327464,0.0212435,0.0190380458,0.1227403,-0.004234031,-0.000348192465,-0.0015755496,-2.42596034E-05,7.498264E-05,-0.000726715662,0.00164761033,-0.00451660156,-0.0113830566,-0.00445550773,-0.0001309704,-0.000130110391,6.04064335E-05,0.00250692666,0.00111097656,4.90416145,0.0599790737,0.156814814,0.0574607551,0.000257737644,-0.0003828862,1.12676771E-05,0.002524823,0.00113509572,4.880405,-0.0213317871,-0.0158996582,0.05954191,2.79864289E-05,-7.488748E-05,0.00124236126,-0.002036661,-0.001958772,1.06829822,0.117081314,-0.140563965,0.0400567837,0.003880988,0.0440135226,0.00129891839,-0.00194461644,-0.00250402116,1.04814482,-0.07293701,-0.117828369,0.03408151,0.00075365504,0.03541181,-0.550016165,2.1321528,2.73881,3.51421022
407,8.1399971159297042,2455,0,0,0,0,0,-5.78028557E-05,0,-0.0009015104,-5.78028557E-05,0,-0.0009015104,1,0,0,1,1.15605667E-06,1.49011612E-08,1.80302013E-05,0,0,0,-0.000536943844,-0.00147557259,-0.000220053276,-0.151092529,0.008078698,0.0461127721,0.00180823146,-0.0001802932,0.002503585,0.000288350944,4.36007977E-05,-0.000831973564,0.02124281,0.0190370828,0.122728124,-0.00423159,-0.000350740971,-0.00159005,-2.67682735E-05,8.429587E-05,-0.000726530969,0.00164959335,-0.00451660156,-0.0113830566,-0.00445326325,-0.000133849084,-0.000145097729,5.98396255E-05,0.00251337886,0.00111137039,4.904143,0.0599787943,0.156813979,0.0574594662,0.0002573062,-0.0003864467,1.135608E-05,0.00252945721,0.00113511865,4.88040543,-0.0213317871,-0.0158996582,0.05954122,2.723222E-05,-7.983366E-05,0.001240964,-0.002034843,-0.001958544,1.0683434,0.117092311,-0.140533447,0.0400554538,0.00388096739,0.04398789,0.00129807135,-0.00194354355,-0.00250456273,1.04814208,-0.07293701,-0.117858887,0.03409107,0.0007540106,0.0353972465,-0.5500161,2.13215256,2.73881,3.51421022
408,8.1599971088435375,2461,0,0,0,0,0,-0.000115104966,0,-0.00090151187,-0.000115104966,0,-0.00090151187,1,0,0,1,2.30209844E-06,-5.94556332E-06,1.803023E-05,0,0,0,-0.000534012332,-0.00148135424,-0.000220031448,-0.151092529,0.008079255,0.046108745,0.00180892216,-0.0001794999,0.00249961764,0.000290708878,3.41832638E-05,-0.000832320831,0.0212425776,0.0190383513,0.122737877,-0.00423196,-0.000348094676,-0.00157412188,-2.42747228E-05,7.49975443E-05,-0.00072671735,0.00164789206,-0.00451660156,-0.0113830566,-0.004455506,-0.000131115041,-0.0001300078,5.95762831E-05,0.002507016,0.00111219683,4.904127,0.05998106,0.1568133,0.0574628152,0.0002574072,-0.000381482852,1.12125153E-05,0.002524823,0.00113506953,4.88040447,-0.0213317871,-0.0158996582,0.0595418252,2.790334E-05,-7.479172E-05,0.00124103308,-0.002035305,-0.00195765728,1.06836843,0.117090411,-0.140533447,0.040031895,0.003879497,0.0439793169,0.00129885855,-0.00194463134,-0.002504021,1.04814613,-0.07293701,-0.117828369,0.0340816081,0.000753644563,0.0354105346,-0.550016165,2.1321528,2.73881,3.51421022
409,8.1799971017573689,2469,0,0,0,0,0,-5.78055042E-05,0,-0.0009015366,-5.78055042E-05,0,-0.0009015366,1,0,0,1,1.15610965E-06,1.49011612E-08,1.80307252E-05,0,0,0,-0.000536942331,-0.00147558749,-0.000220049638,-0.151092529,0.008078977,0.0461127274,0.00180848874,-0.00018046028,0.00250309682,0.000288235518,4.36007977E-05,-0.0008314124,0.0212451443,0.0190374553,0.1227282,-0.004228862,-0.0003507242,-0.001589422,-2.67754676E-05,8.428097E-05,-0.000726528058,0.00164991454,-0.00451660156,-0.0113830566,-0.004453211,-0.000133987851,-0.000145021055,5.90300333E-05,0.00251297653,0.00111325656,4.90411472,0.0599810667,0.156815588,0.05746288,0.0002565448,-0.000384528685,1.13092628E-05,0.00252941251,0.001135113,4.88040447,-0.0213317871,-0.0158996582,0.05954116,2.71609388E-05,-7.973744E-05,0.001239918,-0.002034396,-0.001957225,1.06839132,0.11709743,-0.140533447,0.0400285237,0.0038795385,0.04396039,0.00129804027,-0.00194366276,-0.00250450545,1.04813886,-0.07293701,-0.117858887,0.0340898558,0.0007539965,0.035396643,-0.5500161,2.13215256,2.73881,3.51421022
410,8.1999970946712022,2476,0,0,0,0,0,-0.000115076771,0,-0.00090154924,-0.000115076771,0,-0.00090154924,1,0,0,1,2.30153455E-06,-5.96046448E-06,1.8030978E-05,0,0,0,-0.0005340516,-0.00148135424,-0.000220020724,-0.151092529,0.008079339,0.04610881,0.00180899713,-0.00017968638,0.00249912078,0.0002903304,3.41683626E-05,-0.0008317565,0.0212481432,0.0190385412,0.122738518,-0.00422925968,-0.0003482587,-0.00157216936,-2.42415263E-05,7.496774E-05,-0.0007267153,0.00164828857,-0.00451660156,-0.0113830566,-0.004455417,-0.000131302644,-0.000130111846,5.90072E-05,0.00250650942,0.00111406855,4.90410471,0.05998327,0.1568145,0.0574660823,0.000257255742,-0.000381246675,1.10924229E-05,0.002524823,0.0011351225,4.880404,-0.0213317871,-0.0158996582,0.0595419519,2.82086239E-05,-7.436489E-05,0.001240483,-0.00203539431,-0.001956452,1.06839514,0.11709515,-0.140533447,0.0400097147,0.00387803977,0.04396222,0.00129875727,-0.00194458663,-0.00250405818,1.04814553,-0.07293701,-0.117828369,0.0340813,0.0007538392,0.035409946,-0.550016165,2.1321528,2.73881,3.51421022
411,8.2199970875850337,2483,0,0,0,0,0,-5.777813E-05,0,-0.0009015704,-5.777813E-05,0,-0.0009015704,1,0,0,1,1.15556213E-06,1.49011612E-08,1.80314019E-05,0,0,0,-0.0005369641,-0.00147560239,-0.000220059272,-0.151092529,0.008079059,0.04611278,0.00180815393,-0.000180556992,0.00250310777,0.0002878927,4.35858965E-05,-0.000830954639,0.02125343,0.0190375578,0.122729324,-0.004226668,-0.000350828,-0.00158767682,-2.67930191E-05,8.428097E-05,-0.0007265191,0.00165030675,-0.00451660156,-0.0113830566,-0.004453122,-0.000134110189,-0.000144894759,5.86324277E-05,0.00251293182,0.0011147589,4.90409756,0.0599825233,0.156817451,0.05746535,0.000256134022,-0.000384664745,1.14915047E-05,0.00252942741,0.0011350764,4.880404,-0.0213317871,-0.0158996582,0.0595409945,2.68243566E-05,-8.029932E-05,0.00123960176,-0.00203414261,-0.00195651874,1.06839991,0.1171011,-0.140563965,0.04001724,0.003878476,0.0439505056,0.00129824155,-0.00194354355,-0.002504599,1.04813623,-0.07293701,-0.117858887,0.0340914652,0.0007535322,0.0353983864,-0.5500161,2.13215256,2.73881,3.51421022
412,8.2399970804988651,2489,0,0,0,0,0,-0.000115080366,0,-0.0009015668,-0.000115080366,0,-0.0009015668,1,0,0,1,2.3016064E-06,-5.94556332E-06,1.803133E-05,0,0,0,-0.0005340513,-0.00148133934,-0.000220022863,-0.151092529,0.00807922,0.04610887,0.001809166,-0.000179729279,0.00249911426,0.000290467724,3.41981649E-05,-0.000831629732,0.0212575775,0.0190385655,0.122740448,-0.004228715,-0.000348378526,-0.00157279219,-2.42044753E-05,7.49975443E-05,-0.0007267496,0.00164859276,-0.00451660156,-0.0113830566,-0.004455515,-0.0001314706,-0.000130229717,5.88258736E-05,0.00250710547,0.00111474132,4.904091,0.0599848032,0.156816408,0.0574674532,0.000256412226,-0.000380316953,1.13221031E-05,0.002524823,0.00113502366,4.88040352,-0.0213317871,-0.0158996582,0.0595417619,2.7413731E-05,-7.49041137E-05,0.00124062842,-0.002034247,-0.00195622863,1.06840158,0.117094964,-0.140563965,0.0400087461,0.00387652754,0.0439596027,0.00129891885,-0.00194470584,-0.00250406913,1.048144,-0.07293701,-0.117858887,0.0340825431,0.0007539209,0.03541309,-0.550016165,2.1321528,2.73881,3.51421022
413,8.2599970734126984,2497,0,0,0,0,0,-5.7771842E-05,0,-0.0009015719,-5.7771842E-05,0,-0.0009015719,1,0,0,1,1.15543639E-06,0,1.8031431E-05,0,0,0,-0.0005369616,-0.00147558749,-0.000220050017,-0.151092529,0.008078766,0.04611298,0.00180843461,-0.000180760879,0.00250284281,0.000287763483,4.35858965E-05,-0.000831001147,0.0212627463,0.0190372523,0.12273068,-0.00422703149,-0.000351132418,-0.00158693222,-2.67273317E-05,8.428097E-05,-0.000726564554,0.00165048137,-0.00451660156,-0.0113830566,-0.004453237,-0.000134325353,-0.000145127022,5.89510128E-05,0.00251300633,0.00111482514,4.904085,0.05998298,0.15681842,0.05746567,0.0002555707,-0.000386062369,1.15349794E-05,0.002529487,0.00113508035,4.88040352,-0.0213317871,-0.0158996582,0.0595411323,2.70161527E-05,-8.020708E-05,0.001239931,-0.002034068,-0.00195647683,1.06840432,0.117098406,-0.140563965,0.0400174931,0.00387791987,0.0439546667,0.0012980965,-0.00194354355,-0.00250457856,1.04814184,-0.07293701,-0.117858887,0.0340913124,0.0007539417,0.03539736,-0.5500161,2.13215256,2.73881,3.51421022
414,8.27999706632653,2504,0,0,0,0,0,-0.000115083545,0,-0.0009015781,-0.000115083545,0,-0.0009015781,1,0,0,1,2.30167E-06,-5.94556332E-06,1.80315546E-05,0,0,0,-0.000534087,-0.00148130953,-0.0002200283,-0.151092529,0.008078923,0.0461091325,0.00180911541,-0.000179880837,0.00249882,0.000290566415,3.41832638E-05,-0.0008316849,0.0212665629,0.0190381482,0.122741342,-0.00422904827,-0.000348457426,-0.00157323456,-2.42004062E-05,7.49975443E-05,-0.0007267183,0.00164884236,-0.00451660156,-0.0113830566,-0.00445531448,-0.0001314835,-0.000130205,5.9064896E-05,0.00250652432,0.001114679,4.90408,0.0599842779,0.156817108,0.0574673265,0.0002568035,-0.0003806539,1.12178714E-05,0.00252485275,0.00113506126,4.88040352,-0.0213317871,-0.0158996582,0.0595418252,2.75693019E-05,-7.461586E-05,0.00124069711,-0.00203529,-0.00195614924,1.0683974,0.117096007,-0.140563965,0.0400062241,0.00387714384,0.0439632423,0.001298931,-0.00194460154,-0.0025040356,1.0481472,-0.07293701,-0.117828369,0.0340816975,0.0007536291,0.03541193,-0.550016165,2.1321528,2.73881,3.51421022
415,8.2999970592403631,2511,0,0,0,0,0,-5.77802675E-05,0,-0.0009016118,-5.77802675E-05,0,-0.0009016118,1,0,0,1,1.15560488E-06,0,1.803223E-05,0,0,0,-0.0005369921,-0.00147557259,-0.000220043468,-0.151092529,0.008078421,0.04611322,0.00180820283,-0.000180825227,0.002502799,0.0002880058,4.3541193E-05,-0.000830818433,0.02127247,0.0190368611,0.122731552,-0.004226169,-0.0003511101,-0.00158810534,-2.67341165E-05,8.42511654E-05,-0.0007265446,0.00165083609,-0.00451660156,-0.0113830566,-0.004453113,-0.000134316535,-0.000145054684,5.86849419E-05,0.002511531,0.00111542549,4.904076,0.0599821471,0.1568205,0.0574665032,0.000256090541,-0.0003844945,1.1335932E-05,0.00252942741,0.00113512087,4.88040352,-0.0213317871,-0.0158996582,0.05954117,2.68857548E-05,-7.97062239E-05,0.001239462,-0.002036631,-0.0019556256,1.06837308,0.117104277,-0.140563965,0.0399988443,0.00387907,0.04394992,0.00129805063,-0.00194358826,-0.00250449032,1.04813981,-0.07293701,-0.117858887,0.0340895057,0.0007539723,0.03539677,-0.5500161,2.13215256,2.73881,3.51421022
416,8.3199970521541946,2518,0,0,0,0,0,-0.000115073723,0,-0.000901581,-0.000115073723,0,-0.000901581,1,0,0,1,2.30147361E-06,-5.94556332E-06,1.80316129E-05,0,0,0,-0.0005340842,-0.00148133934,-0.000220027156,-0.151092529,0.00807847548,0.0461092219,0.00180904334,-0.0001799662,0.002498991,0.000290504133,3.42279673E-05,-0.000831806567,0.0212761816,0.01903777,0.122742727,-0.004229718,-0.000348457223,-0.00157289044,-2.42215556E-05,7.502735E-05,-0.00072669005,0.00164933607,-0.00451660156,-0.0113830566,-0.004455126,-0.000131510547,-0.000130066386,5.910039E-05,0.002508387,0.00111478416,4.90407228,0.0599852763,0.1568192,0.05746795,0.0002562035,-0.000380959536,1.11258805E-05,0.00252479315,0.00113513169,4.880403,-0.0213317871,-0.0158996582,0.0595418364,2.73211117E-05,-7.444461E-05,0.00124095427,-0.00203204155,-0.001956625,1.06839311,0.117096014,-0.140563965,0.0400201157,0.00387500715,0.0439603776,0.00129890814,-0.00194460154,-0.00250405166,1.04814208,-0.07293701,-0.117858887,0.0340813249,0.000753503467,0.03541129,-0.550016165,2.1321528,2.73881,3.51421022
417,8.3399970450680261,2525,0,0,0,0,0,-5.77511637E-05,0,-0.000901611929,-5.77511637E-05,0,-0.000901611929,1,0,0,1,1.1550228E-06,0,1.80322313E-05,0,0,0,-0.000536952633,-0.00147557259,-0.000220042188,-0.151092529,0.008077883,0.0461130925,0.00180808362,-0.000180803137,0.00250353478,0.000287850125,4.35262918E-05,-0.000831056561,0.0212808251,0.0190364774,0.122732431,-0.004227374,-0.000351114519,-0.00158733525,-2.674682E-05,8.42362642E-05,-0.0007265432,0.00165130256,-0.00451660156,-0.0113830566,-0.004453109,-0.000134268033,-0.000145001351,5.90392156E-05,0.00251111388,0.00111493014,4.90406847,0.0599820353,0.156820983,0.0574658774,0.000256087369,-0.000386055268,1.15348421E-05,0.002529472,0.00113509083,4.88040352,-0.0213317871,-0.0158996582,0.0595410764,2.7394859E-05,-8.025666E-05,0.00123974809,-0.00203730166,-0.00195574621,1.06836581,0.117103845,-0.140563965,0.0399989933,0.00387937156,0.04395578,0.0012981554,-0.00194354355,-0.00250461,1.04813731,-0.07293701,-0.117858887,0.0340914167,0.0007538739,0.0353983268,-0.5500161,2.13215256,2.73881,3.51421022
418,8.35999703798186,2530,0,0,0,0,0,-0.000115076546,0,-0.000901579158,-0.000115076546,0,-0.000901579158,1,0,0,1,2.30153E-06,-5.94556332E-06,1.80315765E-05,0,0,0,-0.0005340209,-0.00148132443,-0.000220020665,-0.151092529,0.008078088,0.04610892,0.0018090799,-0.000179794079,0.0024996,0.000290574564,3.42130661E-05,-0.000831983634,0.0212835241,0.01903749,0.122743227,-0.0042305775,-0.0003483625,-0.00157326262,-2.4200348E-05,7.502735E-05,-0.000726751168,0.00164954516,-0.00451660156,-0.0113830566,-0.00445545651,-0.000131353925,-0.000130190121,5.92148281E-05,0.00250832736,0.00111431326,4.904064,0.0599843562,0.156819537,0.05746713,0.00025635038,-0.000381053367,1.12029647E-05,0.002524823,0.00113501423,4.88040257,-0.0213317871,-0.0158996582,0.0595416836,2.76009887E-05,-7.45768557E-05,0.00124089734,-0.00203222036,-0.00195691688,1.068384,0.117096327,-0.140563965,0.04002424,0.003875803,0.0439623669,0.00129891955,-0.00194464624,-0.00250402419,1.04814446,-0.07293701,-0.117858887,0.0340820067,0.0007537575,0.0354121327,-0.550016165,2.1321528,2.73881,3.51421022
419,8.37999703089569,2536,0,0,0,0,0,-5.777158E-05,0,-0.0009015977,-5.777158E-05,0,-0.0009015977,1,0,0,1,1.15543116E-06,0,1.80319475E-05,0,0,0,-0.0005369238,-0.00147557259,-0.000220054528,-0.151092529,0.008077559,0.04611281,0.00180857535,-0.000180728428,0.00250348356,0.000288066134,4.35560942E-05,-0.0008312875,0.0212870464,0.0190363135,0.12273334,-0.0042285067,-0.0003510035,-0.00158841978,-2.674397E-05,8.42511654E-05,-0.00072656275,0.00165140769,-0.00451660156,-0.0113830566,-0.00445321,-0.000134165311,-0.000145018013,5.918391E-05,0.00251160562,0.00111439254,4.90406,0.0599821769,0.156821981,0.0574650466,0.000256056577,-0.000385665859,1.1478809E-05,0.002529487,0.001135016,4.880403,-0.0213317871,-0.0158996582,0.0595409833,2.69724715E-05,-8.010926E-05,0.00123993191,-0.0020365566,-0.00195610849,1.06836581,0.117103182,-0.140563965,0.0400062874,0.00387921976,0.0439587347,0.0012980944,-0.00194352865,-0.00250465563,1.04814053,-0.07293701,-0.117858887,0.0340923071,0.0007538648,0.0353972763,-0.5500161,2.13215256,2.73881,3.51421022
420,8.3999970238095241,2542,0,0,0,0,0,-0.000115082184,0,-0.0009015719,-0.000115082184,0,-0.0009015719,1,0,0,1,2.30164278E-06,-5.94556332E-06,1.8031431E-05,0,0,0,-0.0005340088,-0.00148132443,-0.000220032976,-0.151092529,0.00807774,0.04610865,0.00180897361,-0.000179796625,0.0024995727,0.000290644472,3.42279673E-05,-0.000832200749,0.0212884974,0.0190373156,0.12274377,-0.004231665,-0.0003483618,-0.00157359987,-2.42050028E-05,7.502735E-05,-0.0007267817,0.00164950138,-0.00451660156,-0.0113830566,-0.004455588,-0.000131347842,-0.00013015572,5.95006968E-05,0.00250834227,0.001113851,4.9040556,0.0599844642,0.156819776,0.0574665256,0.00025676217,-0.000381606224,1.129657E-05,0.002524823,0.00113500736,4.880402,-0.0213317871,-0.0158996582,0.0595418066,2.806969E-05,-7.481433E-05,0.00124110118,-0.00203219056,-0.001957084,1.06839132,0.117097981,-0.140563965,0.0400267877,0.00387575012,0.0439655855,0.00129881559,-0.001944676,-0.00250398461,1.04814827,-0.07293701,-0.117858887,0.0340810269,0.000753922563,0.0354109481,-0.550016165,2.1321528,2.73881,3.51421022
421,8.4199970167233555,2549,0,0,0,0,0,-5.7782654E-05,0,-0.0009016061,-5.7782654E-05,0,-0.0009016061,1,0,0,1,1.15565263E-06,0,1.80321149E-05,0,0,0,-0.000536936161,-0.00147561729,-0.000220049056,-0.151092529,0.008077341,0.0461126529,0.00180823356,-0.000180675444,0.00250307447,0.000288179028,4.3541193E-05,-0.0008313744,0.0212914366,0.01903615,0.122732952,-0.00422896072,-0.0003509934,-0.00158896367,-2.67331288E-05,8.42362642E-05,-0.0007265516,0.00165138952,-0.00451660156,-0.0113830566,-0.004453135,-0.000134154281,-0.000145053462,5.922673E-05,0.00251106918,0.00111423119,4.904052,0.0599820949,0.15682061,0.0574648529,0.000255941239,-0.000385465828,1.14908262E-05,0.00252945721,0.00113506929,4.880402,-0.0213317871,-0.0158996582,0.0595410541,2.69079828E-05,-8.011439E-05,0.00123990688,-0.00203733146,-0.00195595762,1.06837177,0.117103755,-0.140563965,0.0400006473,0.00387955,0.0439584665,0.00129813887,-0.00194357336,-0.00250457134,1.04813945,-0.07293701,-0.117858887,0.0340904035,0.0007538389,0.0353981778,-0.5500161,2.13215256,2.73881,3.51421022
422,8.439997009637187,2556,0,0,0,0,0,-0.000115085182,0,-0.0009015788,-0.000115085182,0,-0.0009015788,1,0,0,1,2.30170281E-06,-5.94556332E-06,1.803157E-05,0,0,0,-0.0005340425,-0.00148135424,-0.000220025715,-0.151092529,0.008077462,0.04610879,0.00180911436,-0.000179985829,0.00249909214,0.0002906677,3.42130661E-05,-0.0008321975,0.0212929361,0.0190371126,0.122743234,-0.00423169648,-0.00034838682,-0.00157368626,-2.41962261E-05,7.502735E-05,-0.0007267275,0.0016497561,-0.00451660156,-0.0113830566,-0.004455292,-0.000131388952,-0.0001301714,5.945471E-05,0.00250828266,0.00111398054,4.904047,0.0599842779,0.156819254,0.0574668273,0.00025685993,-0.0003813954,1.12922417E-05,0.002524808,0.00113512215,4.88040161,-0.0213317871,-0.0158996582,0.059542,2.812799E-05,-7.477746E-05,0.00124090863,-0.00203216076,-0.00195689453,1.068397,0.117099769,-0.140563965,0.04002349,0.00387565163,0.0439615138,0.001298816,-0.00194466114,-0.00250399718,1.048146,-0.07293701,-0.117858887,0.03408061,0.000753808941,0.0354106762,-0.550016165,2.1321528,2.73881,3.51421022
423,8.45999700255102,2562,0,0,0,0,0,-5.77885658E-05,0,-0.000901529,-5.77885658E-05,0,-0.000901529,1,0,0,1,1.15577086E-06,0,1.80305724E-05,0,0,0,-0.0005369653,-0.00147557259,-0.000220051443,-0.151092529,0.008077141,0.04611296,0.001808371,-0.000180476782,0.00250287866,0.000288051728,4.35709953E-05,-0.000834933831,0.0212763362,0.0190361142,0.122733168,-0.00424659438,-0.0003508614,-0.00158841675,-2.67437554E-05,8.426607E-05,-0.00072654977,0.001651564,-0.00451660156,-0.0113830566,-0.00445320131,-0.000133934751,-0.000145083555,5.92195174E-05,0.00251327455,0.00111448031,4.90414524,0.0599832945,0.156821951,0.0575519763,0.00025408942,-0.000385926483,1.1488577E-05,0.002529487,0.001135076,4.88040161,-0.0213317871,-0.0158996582,0.0595411025,2.63265247E-05,-8.015529E-05,0.00124073483,-0.002034828,-0.00195348775,1.06832564,0.11709132,-0.140594482,0.03997731,0.00387211679,0.0439509042,0.00129821408,-0.00194340944,-0.0025045767,1.04813874,-0.07293701,-0.117858887,0.0340909734,0.000753830071,0.0353995562,-0.5500161,2.13215256,2.73881,3.51421022
424,8.4799969954648518,2569,0,0,0,0,0,-0.000115087729,0,-0.000901585,-0.000115087729,0,-0.000901585,1,0,0,1,2.30175374E-06,-5.96046448E-06,1.80316929E-05,0,0,0,-0.000534099352,-0.00148135424,-0.000220046553,-0.151092529,0.008077778,0.04610908,0.00180906791,-0.0001794116,0.002499148,0.000290690863,3.41683626E-05,-0.000829587632,0.0212884713,0.019037392,0.122743182,-0.004218401,-0.000348067057,-0.00157398859,-2.41794442E-05,7.495284E-05,-0.0007267262,0.0016497277,-0.00451660156,-0.0113830566,-0.00445551565,-0.000130936969,-0.000130444576,5.978052E-05,0.00250485539,0.0011137696,4.90402174,0.0599816963,0.15681918,0.05738291,0.000257535052,-0.0003821188,1.13412534E-05,0.00252479315,0.00113503775,4.880401,-0.0213317871,-0.0158996582,0.0595417619,2.96076578E-05,-7.479523E-05,0.00124119711,-0.00203752518,-0.00195927685,1.06836426,0.117096804,-0.140563965,0.04004527,0.0038838503,0.0439946167,0.00129874633,-0.001944691,-0.00250408519,1.04814446,-0.07293701,-0.117858887,0.034081392,0.0007537768,0.03540928,-0.550016165,2.1321528,2.73881,3.51421022
425,8.499996988378685,2576,0,0,0,0,0,-5.77812461E-05,0,-0.0009016527,-5.77812461E-05,0,-0.0009016527,1,0,0,1,1.15562443E-06,1.49011612E-08,1.80330462E-05,0,0,0,-0.0005369304,-0.00147558749,-0.0002200398,-0.151092529,0.008077089,0.0461129472,0.001808133,-0.000181025665,0.002503021,0.000288171141,4.36007977E-05,-0.0008305717,0.0212985668,0.0190357734,0.122732922,-0.004225251,-0.0003514275,-0.00158872153,-2.66961179E-05,8.428097E-05,-0.000726605766,0.001651817,-0.00451660156,-0.0113830566,-0.00445318,-0.000134677481,-0.00014503242,5.92028264E-05,0.00251269341,0.00111367949,4.904029,0.05998108,0.1568219,0.0574609227,0.000257169333,-0.000385360356,1.14880249E-05,0.002529502,0.00113507709,4.88040161,-0.0213317871,-0.0158996582,0.0595412068,2.57474112E-05,-8.005826E-05,0.00123945053,-0.002034694,-0.00195689755,1.06838751,0.117109813,-0.140563965,0.04002033,0.0038796817,0.0439508557,0.00129818358,-0.00194354355,-0.002504532,1.04814351,-0.07293701,-0.117858887,0.0340910964,0.00075406133,0.0353996344,-0.5500161,2.13215256,2.73881,3.51421022
426,8.5199969812925165,2583,0,0,0,0,0,-0.000115067953,0,-0.0009015268,-0.000115067953,0,-0.0009015268,1,0,0,1,2.301358E-06,-5.96046448E-06,1.80305287E-05,0,0,0,-0.0005340732,-0.00148133934,-0.000220023969,-0.151092529,0.0080772,0.0461091325,0.00180929783,-0.00017981675,0.002499122,0.000290518627,3.41832638E-05,-0.0008355016,0.0212823357,0.0190369133,0.122743689,-0.004248089,-0.0003482298,-0.00157302036,-2.42241058E-05,7.49975443E-05,-0.0007267149,0.00165000849,-0.00451660156,-0.0113830566,-0.004455283,-0.000131203575,-0.000130104716,5.90046075E-05,0.002508074,0.00111474481,4.90413,0.0599856041,0.1568213,0.05755444,0.000255378953,-0.0003807546,1.14012946E-05,0.002524823,0.00113507325,4.880401,-0.0213317871,-0.0158996582,0.0595417768,2.82353431E-05,-7.51490152E-05,0.00124116638,-0.00203338265,-0.001953003,1.06833065,0.117092922,-0.140594482,0.03996657,0.003869303,0.0439449,0.00129906856,-0.00194460154,-0.00250396482,1.04814649,-0.07293701,-0.117858887,0.0340808034,0.0007533418,0.0354128033,-0.550016165,2.1321528,2.73881,3.51421022
427,8.53999697420635,2590,0,0,0,0,0,-5.77840874E-05,0,-0.0009014457,-5.77840874E-05,0,-0.0009014457,1,0,0,1,1.15568128E-06,1.49011612E-08,1.80289062E-05,0,0,0,-0.0005369988,-0.00147557259,-0.000220068541,-0.151092529,0.00807748549,0.0461130962,0.0018082941,-0.0001799424,0.00250361487,0.000287989184,4.36306E-05,-0.000836063933,0.02125675,0.0190366,0.1227337,-0.00425174832,-0.000350220915,-0.0015884547,-2.67730411E-05,8.432567E-05,-0.000726520841,0.00165164564,-0.00451660156,-0.0113830566,-0.00445342762,-0.00013307645,-0.000145281912,5.95608E-05,0.00251580775,0.00111427146,4.90421152,0.0599832,0.156821623,0.0575550571,0.000253122649,-0.0003870495,1.155497E-05,0.00252945721,0.00113509665,4.880401,-0.0213317871,-0.0158996582,0.059541095,2.70483888E-05,-8.03633156E-05,0.00124202482,-0.00203113258,-0.00195480278,1.06827486,0.117076553,-0.140594482,0.0400126,0.00387002551,0.04397092,0.00129821862,-0.00194354355,-0.00250444748,1.048141,-0.07293701,-0.117858887,0.03408968,0.0007539627,0.0353996754,-0.5500161,2.13215256,2.73881,3.51421022
428,8.5599969671201812,2596,0,0,0,0,0,-0.000115110153,0,-0.000901460939,-0.000115110153,0,-0.000901460939,1,0,0,1,2.30220212E-06,-5.94556332E-06,1.80292118E-05,0,0,0,-0.000534053252,-0.00148132443,-0.000220032962,-0.151092529,0.00807857048,0.0461090021,0.00180899492,-0.000178862945,0.00249965,0.000290837255,3.41832638E-05,-0.00083355367,0.0212458465,0.0190382171,0.12274278,-0.00423774729,-0.000347708527,-0.00157502783,-2.42569458E-05,7.49975443E-05,-0.0007266962,0.00164988521,-0.00451660156,-0.0113830566,-0.00445569074,-0.000130247514,-0.000130360466,6.07313523E-05,0.00250652432,0.001112118,4.904181,0.0599809475,0.156817228,0.05746628,0.000257139036,-0.000384262734,1.12120506E-05,0.002524808,0.00113511074,4.880401,-0.0213317871,-0.0158996582,0.0595419258,2.998832E-05,-7.463511E-05,0.00124312588,-0.00203727186,-0.001958127,1.06826675,0.1170751,-0.140563965,0.0400478356,0.00387927587,0.0440218225,0.00129873166,-0.00194460154,-0.002504065,1.04814494,-0.07293701,-0.117858887,0.03408054,0.0007536692,0.0354087427,-0.550016165,2.1321528,2.73881,3.51421022
429,8.5799969600340127,2603,0,0,0,0,0,-5.781476E-05,0,-0.0009015031,-5.781476E-05,0,-0.0009015031,1,0,0,1,1.15629473E-06,0,1.8030054E-05,0,0,0,-0.0005369319,-0.00147557259,-0.000220043876,-0.151092529,0.008078696,0.046112746,0.00180835871,-0.0001802294,0.00250348682,0.000288494775,4.36157E-05,-0.000832081947,0.0212437119,0.01903725,0.122729763,-0.004232091,-0.000350768154,-0.00159079756,-2.67949381E-05,8.429587E-05,-0.0007265725,0.00165184634,-0.00451660156,-0.0113830566,-0.00445351424,-0.000133713926,-0.000144996258,6.021745E-05,0.00251331925,0.00111113116,4.90416145,0.05997776,0.156815588,0.0574591644,0.000256643863,-0.000387067761,1.13447959E-05,0.002529472,0.00113510445,4.88040161,-0.0213317871,-0.0158996582,0.0595412441,2.65576273E-05,-7.99099944E-05,0.00124161388,-0.00203569233,-0.0019590836,1.06830645,0.117084771,-0.140563965,0.0400680453,0.00388193456,0.0440063253,0.00129823841,-0.00194342434,-0.0025044512,1.04814136,-0.07293701,-0.117858887,0.0340896323,0.00075393467,0.03539995,-0.5500161,2.13215256,2.73881,3.51421022
430,8.5999969529478459,2610,0,0,0,0,0,-0.000115114286,0,-0.000901499065,-0.000115114286,0,-0.000901499065,1,0,0,1,2.30228488E-06,-5.96046448E-06,1.80299739E-05,0,0,0,-0.000534038,-0.00148132443,-0.000220046117,-0.151092529,0.008079196,0.0461088754,0.001809046,-0.000179506664,0.00249910145,0.000290866563,3.41981649E-05,-0.000832577643,0.0212419387,0.0190383065,0.122738473,-0.004233254,-0.0003482251,-0.00157489826,-2.42594288E-05,7.49975443E-05,-0.0007267308,0.00165013492,-0.00451660156,-0.0113830566,-0.00445554359,-0.00013115503,-0.00013006675,6.00678759E-05,0.00250698626,0.00111129822,4.90414238,0.0599805526,0.15681304,0.0574611127,0.0002581827,-0.0003823151,1.11936315E-05,0.002524823,0.00113505358,4.880401,-0.0213317871,-0.0158996582,0.05954176,2.81828579E-05,-7.467831E-05,0.0012417601,-0.002035901,-0.00195825123,1.06833875,0.117088281,-0.140533447,0.04004364,0.00388005865,0.0439958274,0.00129880384,-0.00194457173,-0.002504078,1.0481441,-0.07293701,-0.117858887,0.03408121,0.0007536602,0.0354101956,-0.550016165,2.1321528,2.73881,3.51421022
431,8.6199969458616774,2617,0,0,0,0,0,-5.781019E-05,0,-0.000901524269,-5.781019E-05,0,-0.000901524269,1,0,0,1,1.15620333E-06,1.49011612E-08,1.80304778E-05,0,0,0,-0.0005369674,-0.00147558749,-0.000220051763,-0.151092529,0.008079066,0.0461129136,0.00180829829,-0.000180392672,0.002502871,0.000288171432,4.35709953E-05,-0.000831661629,0.021242965,0.0190373417,0.122727469,-0.00423010439,-0.000350780028,-0.00158909929,-2.67847772E-05,8.426607E-05,-0.0007265722,0.00165194343,-0.00451660156,-0.0113830566,-0.0044534253,-0.000134026559,-0.000144964972,5.929495E-05,0.002512902,0.00111233129,4.904127,0.05997958,0.156814545,0.05746111,0.000256538653,-0.0003855397,1.13375972E-05,0.002529487,0.00113504473,4.88040161,-0.0213317871,-0.0158996582,0.0595410764,2.63541187E-05,-7.987782E-05,0.00124021841,-0.00203493237,-0.00195779186,1.06836724,0.117096327,-0.140533447,0.0400383845,0.00388064375,0.043971017,0.00129819522,-0.00194354355,-0.00250451127,1.04814243,-0.07293701,-0.117858887,0.0340911373,0.0007539244,0.0353988819,-0.5500161,2.13215256,2.73881,3.51421022
432,8.63999693877551,2623,0,0,0,0,0,-0.0001150986,0,-0.0009015256,-0.0001150986,0,-0.0009015256,1,0,0,1,2.301971E-06,-5.94556332E-06,1.80305051E-05,0,0,0,-0.0005341025,-0.00148133934,-0.000220032511,-0.151092529,0.008079467,0.0461092554,0.0018091182,-0.0001797484,0.00249889726,0.0002905908,3.41832638E-05,-0.0008320199,0.0212445986,0.019038463,0.122737832,-0.00423053326,-0.000348206377,-0.00157348672,-2.42111E-05,7.49975443E-05,-0.0007267517,0.00165011722,-0.00451660156,-0.0113830566,-0.00445562275,-0.000131257388,-0.000130280911,5.905874E-05,0.002507016,0.00111333281,4.90411425,0.0599822365,0.156813413,0.0574649461,0.000257272419,-0.000380478,1.11590289E-05,0.002524823,0.0011350381,4.880401,-0.0213317871,-0.0158996582,0.0595418327,2.89203963E-05,-7.44201243E-05,0.00124056381,-0.002034843,-0.00195682771,1.06838739,0.117093228,-0.140533447,0.04001858,0.00387819158,0.04396539,0.00129864737,-0.00194455683,-0.0025040498,1.048147,-0.07293701,-0.117858887,0.0340802222,0.0007538893,0.0354083255,-0.550016165,2.1321528,2.73881,3.51421022
433,8.6599969316893421,2630,0,0,0,0,0,-5.77978426E-05,0,-0.000901562453,-5.77978426E-05,0,-0.000901562453,1,0,0,1,1.1559564E-06,0,1.80312418E-05,0,0,0,-0.0005370109,-0.00147557259,-0.000220051836,-0.151092529,0.008079153,0.0461134464,0.00180818513,-0.000180491261,0.002502816,0.000288104551,4.35709953E-05,-0.0008310878,0.0212490167,0.0190375131,0.122729041,-0.00422730437,-0.0003507988,-0.00158873585,-2.67631931E-05,8.426607E-05,-0.000726576662,0.0016519007,-0.00451660156,-0.0113830566,-0.004453416,-0.000134091155,-0.000145044949,5.87260874E-05,0.00251299143,0.00111423433,4.904105,0.05998202,0.156817317,0.05746447,0.000256041181,-0.000384130835,1.1325802E-05,0.00252945721,0.00113504427,4.880401,-0.0213317871,-0.0158996582,0.0595410168,2.61672631E-05,-7.978487E-05,0.00123963726,-0.00203412771,-0.00195684913,1.06839609,0.117098607,-0.140563965,0.04002147,0.00387899647,0.04395265,0.00129814225,-0.00194345415,-0.00250445958,1.048141,-0.07293701,-0.117858887,0.0340893157,0.0007540328,0.0353988558,-0.5500161,2.13215256,2.73881,3.51421022
434,8.6799969246031736,2638,0,0,0,0,0,-0.000115087823,0,-0.0009015558,-0.000115087823,0,-0.0009015558,1,0,0,1,2.30175556E-06,-5.96046448E-06,1.8031109E-05,0,0,0,-0.000534075953,-0.00148135424,-0.00022003366,-0.151092529,0.008079477,0.0461094119,0.001809143,-0.000179654729,0.002499096,0.000290491444,3.41981649E-05,-0.0008316411,0.02125296,0.0190385953,0.122739978,-0.00422870368,-0.0003482564,-0.00157294876,-2.42519636E-05,7.49975443E-05,-0.000726733531,0.00165015575,-0.00451660156,-0.0113830566,-0.00445548631,-0.000131366149,-0.00013003721,5.89600677E-05,0.00250709057,0.00111453515,4.90409756,0.0599847026,0.156815872,0.0574669056,0.0002573812,-0.000380543323,1.1198319E-05,0.002524823,0.00113507663,4.88040066,-0.0213317871,-0.0158996582,0.05954187,2.82075434E-05,-7.467465E-05,0.00124064088,-0.00203436613,-0.00195642957,1.0684,0.117097631,-0.140563965,0.04001184,0.00387690216,0.0439609773,0.001298778,-0.00194460154,-0.00250406261,1.0481472,-0.07293701,-0.117858887,0.03408142,0.0007537964,0.0354100838,-0.5500161,2.13215256,2.73881,3.51421022
435,8.6999969175170069,2644,0,0,0,0,0,-5.77772444E-05,0,-0.0009015723,-5.77772444E-05,0,-0.0009015723,1,0,0,1,1.1555444E-06,1.49011612E-08,1.80314382E-05,0,0,0,-0.000536983,-0.00147558749,-0.000220054761,-0.151092529,0.008079093,0.04611333,0.0018085062,-0.000180686387,0.00250307028,0.0002879459,4.35858965E-05,-0.00083102705,0.0212580543,0.0190375745,0.122730747,-0.004227046,-0.000350894174,-0.00158791384,-2.67822925E-05,8.428097E-05,-0.000726572,0.0016519957,-0.00451660156,-0.0113830566,-0.004453355,-0.000134176342,-0.000144923324,5.90475174E-05,0.00251302123,0.00111472816,4.904091,0.05998363,0.156818509,0.05746552,0.000255733175,-0.000385646068,1.13090837E-05,0.00252945721,0.00113507675,4.88040066,-0.0213317871,-0.0158996582,0.0595411621,2.62802441E-05,-7.979944E-05,0.00123999629,-0.0020340085,-0.00195648638,1.06840575,0.117100768,-0.140563965,0.0400171578,0.00387774664,0.0439548753,0.00129817659,-0.001943484,-0.00250442582,1.04814112,-0.07293701,-0.117858887,0.03408926,0.000753878034,0.03539847,-0.5500161,2.13215256,2.73881,3.51421022
436,8.7199969104308384,2652,0,0,0,0,0,-0.000115063951,0,-0.0009015712,-0.000115063951,0,-0.0009015712,1,0,0,1,2.301278E-06,-5.94556332E-06,1.80314164E-05,0,0,0,-0.0005340755,-0.00148133934,-0.000220031885,-0.151092529,0.008079249,0.0461093821,0.0018089565,-0.000179795854,0.00249904068,0.000290380558,3.41832638E-05,-0.000831621932,0.0212621056,0.0190385021,0.122740939,-0.004228695,-0.0003484281,-0.00157234655,-2.42406713E-05,7.49975443E-05,-0.000726729049,0.00165032013,-0.00451660156,-0.0113830566,-0.00445540436,-0.0001314831,-0.000130047614,5.92485339E-05,0.00250655413,0.00111475331,4.90408468,0.0599848554,0.1568165,0.05746735,0.000256652449,-0.000381831342,1.12215976E-05,0.00252479315,0.00113508361,4.8804,-0.0213317871,-0.0158996582,0.0595418923,2.82291421E-05,-7.47054146E-05,0.00124082109,-0.0020352453,-0.00195616856,1.06840038,0.117096029,-0.140563965,0.0400057137,0.00387691776,0.0439641476,0.00129881874,-0.00194463134,-0.002504105,1.04814541,-0.07293701,-0.117828369,0.03408162,0.000753766159,0.035411,-0.550016165,2.1321528,2.73881,3.51421022
437,8.7399969033446716,2659,0,0,0,0,0,-5.77721839E-05,0,-0.000901590451,-5.77721839E-05,0,-0.000901590451,1,0,0,1,1.15544321E-06,0,1.8031802E-05,0,0,0,-0.000536954554,-0.00147558749,-0.0002200495,-0.151092529,0.008078843,0.0461131372,0.001808316,-0.000180613148,0.002503513,0.000288010167,4.35858965E-05,-0.000831024663,0.0212672874,0.01903738,0.122731335,-0.00422708737,-0.000350966555,-0.001588204,-2.676963E-05,8.426607E-05,-0.000726565835,0.00165217987,-0.00451660156,-0.0113830566,-0.004453305,-0.000134196787,-0.000144955964,5.91073767E-05,0.002512917,0.00111484609,4.90408,0.059983056,0.156819358,0.0574657172,0.000255689345,-0.000385608,1.13405649E-05,0.00252945721,0.00113507616,4.8804,-0.0213317871,-0.0158996582,0.0595411174,2.62887716E-05,-7.985041E-05,0.00123997941,-0.00203429163,-0.00195644516,1.068401,0.117100209,-0.140563965,0.0400171056,0.00387796666,0.0439559631,0.00129819207,-0.00194354355,-0.00250445632,1.04814065,-0.07293701,-0.117858887,0.0340900347,0.000753893633,0.03539869,-0.5500161,2.13215256,2.73881,3.51421022
438,8.7599968962585031,2666,0,0,0,0,0,-0.000115079907,0,-0.000901601743,-0.000115079907,0,-0.000901601743,1,0,0,1,2.30159731E-06,-5.96046448E-06,1.80320276E-05,0,0,0,-0.000534008839,-0.00148132443,-0.00022002896,-0.151092529,0.008078934,0.046108976,0.00180920586,-0.00017991128,0.002499503,0.000290540134,3.412366E-05,-0.000831383164,0.0212723333,0.0190382935,0.122742079,-0.004227554,-0.000348431029,-0.00157311431,-2.41962734E-05,7.495284E-05,-0.0007267259,0.00165054575,-0.00451660156,-0.0113830566,-0.00445537,-0.000131455614,-0.0001302379,5.892393E-05,0.00250451267,0.00111553655,4.90407658,0.05998421,0.156819567,0.05746854,0.0002573709,-0.000380334968,1.11510726E-05,0.002524823,0.00113509083,4.8804,-0.0213317871,-0.0158996582,0.05954183,2.892186E-05,-7.43653E-05,0.00124028092,-0.00203864276,-0.00195502373,1.06836,0.117102124,-0.140563965,0.0399800651,0.00387823232,0.04395802,0.0012986334,-0.00194455683,-0.00250409218,1.04814494,-0.07293701,-0.117858887,0.0340805352,0.0007538107,0.03540791,-0.550016165,2.1321528,2.73881,3.51421022
439,8.7799968891723346,2672,0,0,0,0,0,-5.77700121E-05,0,-0.0009015981,-5.77700121E-05,0,-0.0009015981,1,0,0,1,1.15539979E-06,1.49011612E-08,1.80319548E-05,0,0,0,-0.0005369181,-0.00147555768,-0.000220045971,-0.151092529,0.008078433,0.046112787,0.0018081133,-0.000180799252,0.00250355387,0.000287933624,4.36455E-05,-0.0008311477,0.02127744,0.01903711,0.122732937,-0.00422778726,-0.000351059483,-0.00158776715,-2.67667529E-05,8.435547E-05,-0.0007265672,0.00165242318,-0.00451660156,-0.0113830566,-0.00445323158,-0.00013425207,-0.0001449111,5.898245E-05,0.00251539052,0.0011149802,4.90407372,0.0599841438,0.156821579,0.0574664064,0.0002547045,-0.000385564228,1.13123369E-05,0.002529487,0.00113510818,4.88040066,-0.0213317871,-0.0158996582,0.0595411845,2.61426067E-05,-7.977408E-05,0.00124024809,-0.00202988088,-0.001957209,1.06839418,0.117098525,-0.140563965,0.04003697,0.00387548981,0.043952018,0.0012982164,-0.00194342434,-0.002504459,1.048142,-0.07293701,-0.117858887,0.03408964,0.0007539328,0.0353996567,-0.5500161,2.1321528,2.73881,3.51421022
440,8.7999968820861678,2678,0,0,0,0,0,-0.00011506195,0,-0.0009015948,-0.00011506195,0,-0.0009015948,1,0,0,1,2.301238E-06,-5.96046448E-06,1.803189E-05,0,0,0,-0.000534002262,-0.00148133934,-0.000220028072,-0.151092529,0.008078511,0.0461087041,0.0018090246,-0.000179874187,0.00249954383,0.000290418975,3.413856E-05,-0.00083173695,0.0212806985,0.0190378614,0.122742914,-0.00422936957,-0.000348551577,-0.0015724774,-2.42188E-05,7.495284E-05,-0.000726744649,0.00165067276,-0.00451660156,-0.0113830566,-0.00445541367,-0.000131484951,-0.000130095112,5.928821E-05,0.00250467658,0.00111474039,4.904069,0.0599841438,0.1568193,0.05746745,0.000257227279,-0.0003818263,1.1101798E-05,0.002524823,0.00113504671,4.8804,-0.0213317871,-0.0158996582,0.0595418066,2.79197156E-05,-7.43419441E-05,0.00124075473,-0.00203852355,-0.00195540744,1.068359,0.117099769,-0.140563965,0.03998749,0.00387818925,0.043966908,0.00129878893,-0.00194455683,-0.00250408286,1.04814458,-0.07293701,-0.117858887,0.0340812579,0.000753691769,0.0354101136,-0.550016165,2.1321528,2.73881,3.51421022
441,8.819996875,2685,0,0,0,0,0,-5.778428E-05,0,-0.000901589636,-5.778428E-05,0,-0.000901589636,1,0,0,1,1.15568514E-06,1.49011612E-08,1.80317857E-05,0,0,0,-0.000536906,-0.00147554278,-0.00022004795,-0.151092529,0.008077939,0.0461126938,0.00180830364,-0.000180761417,0.00250326144,0.0002880483,4.36306E-05,-0.0008313878,0.0212843362,0.0190365855,0.12273322,-0.004229049,-0.000351126742,-0.00158828369,-2.67610667E-05,8.434057E-05,-0.0007265978,0.00165240932,-0.00451660156,-0.0113830566,-0.004453331,-0.000134335321,-0.00014488741,5.918959E-05,0.00251476467,0.00111430069,4.904065,0.05998293,0.1568215,0.057465218,0.0002548046,-0.000385774067,1.14728628E-05,0.002529487,0.00113502052,4.8804,-0.0213317871,-0.0158996582,0.0595410541,2.62809535E-05,-8.018031E-05,0.00124028977,-0.00203114748,-0.00195732224,1.06838953,0.117098086,-0.140563965,0.04003728,0.00387664931,0.0439574644,0.00129822851,-0.00194354355,-0.002504531,1.04814219,-0.07293701,-0.117858887,0.0340912566,0.0007539886,0.0353999361,-0.5500161,2.13215256,2.73881,3.51421022
442,8.8399968679138325,2692,0,0,0,0,0,-0.000115084273,0,-0.000901591557,-0.000115084273,0,-0.000901591557,1,0,0,1,2.30168462E-06,-5.96046448E-06,1.80318239E-05,0,0,0,-0.0005340449,-0.00148133934,-0.000220023619,-0.151092529,0.00807806,0.046108786,0.00180918619,-0.000179972383,0.00249914,0.0002906741,3.413856E-05,-0.000831878744,0.0212867633,0.0190373361,0.12274345,-0.00423010625,-0.000348550326,-0.00157371908,-2.419231E-05,7.493794E-05,-0.000726749655,0.00165063806,-0.00451660156,-0.0113830566,-0.004455409,-0.000131489112,-0.0001301871,5.939576E-05,0.00250457227,0.00111440045,4.90406036,0.05998347,0.156820029,0.057466872,0.00025740877,-0.000381218066,1.131393E-05,0.002524808,0.0011350417,4.8803997,-0.0213317871,-0.0158996582,0.0595417656,2.82388773E-05,-7.481701E-05,0.00124065252,-0.00203867257,-0.00195551,1.0683552,0.117099576,-0.140563965,0.0399880968,0.0038786747,0.0439665541,0.00129880919,-0.00194466114,-0.002504038,1.04814649,-0.07293701,-0.117858887,0.0340809338,0.000753711443,0.0354102738,-0.550016165,2.1321528,2.73881,3.51421022
443,8.859996860827664,2699,0,0,0,0,0,-5.777565E-05,0,-0.0009015958,-5.777565E-05,0,-0.0009015958,1,0,0,1,1.15551256E-06,1.49011612E-08,1.803191E-05,0,0,0,-0.0005369591,-0.00147558749,-0.000220041489,-0.151092529,0.008077514,0.04611288,0.00180824182,-0.00018079282,0.00250312057,0.000288114359,4.36455E-05,-0.0008315603,0.0212895852,0.0190361273,0.122733004,-0.0042299265,-0.000351071038,-0.00158861128,-2.67524665E-05,8.434057E-05,-0.0007265793,0.00165249093,-0.00451660156,-0.0113830566,-0.00445324555,-0.000134249378,-0.000144929523,5.9174E-05,0.002515301,0.0011140093,4.90405655,0.05998281,0.156820685,0.05746496,0.000254822226,-0.0003855419,1.15213106E-05,0.00252944231,0.00113507,4.8803997,-0.0213317871,-0.0158996582,0.0595411137,2.64571645E-05,-8.028151E-05,0.00124042167,-0.0020301193,-0.00195759349,1.068395,0.117097735,-0.140563965,0.04004261,0.00387611,0.0439574234,0.00129831664,-0.00194352865,-0.00250444934,1.04814172,-0.07293701,-0.117858887,0.0340900347,0.0007538004,0.0354005024,-0.5500161,2.13215256,2.73881,3.51421022
444,8.8799968537414955,2706,0,0,0,0,0,-0.000115086594,0,-0.000901595165,-0.000115086594,0,-0.000901595165,1,0,0,1,2.301731E-06,-5.96046448E-06,1.80318966E-05,0,0,0,-0.0005340481,-0.00148135424,-0.00022003,-0.151092529,0.008077646,0.046109,0.00180903578,-0.0001798859,0.00249914685,0.000290706026,3.412366E-05,-0.000832023,0.0212912448,0.0190369561,0.122743063,-0.00423083827,-0.000348478759,-0.00157388032,-2.41865873E-05,7.493794E-05,-0.000726718747,0.00165084726,-0.00451660156,-0.0113830566,-0.00445526047,-0.0001314023,-0.000130217115,5.951461E-05,0.00250464678,0.00111408182,4.904052,0.0599831231,0.156819224,0.0574665181,0.000257481646,-0.000381427264,1.13332326E-05,0.00252483785,0.00113513507,4.8803997,-0.0213317871,-0.0158996582,0.0595419556,2.82668771E-05,-7.485343E-05,0.001240683,-0.00203855336,-0.00195563678,1.06836355,0.117099524,-0.140563965,0.0399899259,0.003878737,0.0439671576,0.00129883422,-0.00194449723,-0.00250399648,1.04814708,-0.07293701,-0.117858887,0.0340800472,0.0007536599,0.035410516,-0.550016165,2.1321528,2.73881,3.51421022
445,8.8999968466553288,2713,0,0,0,0,0,-5.77795181E-05,0,-0.000901595165,-5.77795181E-05,0,-0.000901595165,1,0,0,1,1.15558987E-06,1.49011612E-08,1.80318966E-05,0,0,0,-0.000536968466,-0.00147557259,-0.000220041242,-0.151092529,0.008077203,0.046113044,0.00180827954,-0.000180680727,0.00250312081,0.000288101059,4.36455E-05,-0.0008315982,0.0212937966,0.0190358236,0.122733042,-0.00423010765,-0.000350989518,-0.0015885469,-2.67060132E-05,8.432567E-05,-0.000726567057,0.00165274809,-0.00451660156,-0.0113830566,-0.00445317663,-0.000134205635,-0.000145162412,5.929419E-05,0.00251473486,0.00111400092,4.90404749,0.05998217,0.15682143,0.0574650057,0.000255292369,-0.000385867752,1.141723E-05,0.00252945721,0.00113512634,4.8803997,-0.0213317871,-0.0158996582,0.0595412329,2.61165733E-05,-7.98732362E-05,0.00124017347,-0.00203102827,-0.00195726682,1.06840062,0.11710006,-0.140563965,0.040036,0.00387659739,0.04395471,0.001298185,-0.00194345415,-0.002504436,1.04814148,-0.07293701,-0.117858887,0.0340892933,0.00075400545,0.0353993364,-0.5500161,2.13215256,2.73881,3.51421022
446,8.91999683956916,2720,0,0,0,0,0,-0.000115077317,0,-0.000901516236,-0.000115077317,0,-0.000901516236,1,0,0,1,2.30154546E-06,-5.96046448E-06,1.80303177E-05,0,0,0,-0.000534083752,-0.00148133934,-0.0002200348,-0.151092529,0.008077491,0.0461091548,0.00180929527,-0.0001797718,0.00249912147,0.000290633354,3.415346E-05,-0.00083556294,0.0212760512,0.0190370362,0.122742996,-0.00424829032,-0.0003481352,-0.00157366961,-2.421519E-05,7.496774E-05,-0.0007267135,0.00165098067,-0.00451660156,-0.0113830566,-0.00445537828,-0.000130998174,-0.000130232482,5.923678E-05,0.002506256,0.001114445,4.90414524,0.0599840768,0.156819552,0.0575538427,0.000256268657,-0.0003810026,1.137002E-05,0.00252483785,0.00113508524,4.8803997,-0.0213317871,-0.0158996582,0.0595418327,2.89635063E-05,-7.49975E-05,0.0012412644,-0.00203683972,-0.00195279927,1.06831443,0.117090255,-0.140594482,0.0399591476,0.00387162575,0.0439559929,0.00129885832,-0.00194455683,-0.00250406819,1.04814577,-0.07293701,-0.117858887,0.03408126,0.0007535439,0.0354103856,-0.550016165,2.1321528,2.73881,3.51421022
447,8.9399968324829935,2728,0,0,0,0,0,-5.7780584E-05,0,-0.000901608262,-5.7780584E-05,0,-0.000901608262,1,0,0,1,1.15561124E-06,1.49011612E-08,1.80321586E-05,0,0,0,-0.0005369707,-0.00147558749,-0.000220047747,-0.151092529,0.008077476,0.0461130626,0.00180825638,-0.00018030635,0.00250361743,0.0002881113,4.36157E-05,-0.0008289084,0.0212896746,0.01903633,0.122732766,-0.00421637855,-0.000350582064,-0.00158881268,-2.67566938E-05,8.429587E-05,-0.000726561062,0.001652714,-0.00451660156,-0.0113830566,-0.004453413,-0.00013369,-0.000145121216,5.95342535E-05,0.00251233578,0.00111386308,4.90402269,0.05998017,0.156820819,0.05738109,0.000256535219,-0.000386373547,1.15024832E-05,0.00252941251,0.00113507919,4.8803997,-0.0213317871,-0.0158996582,0.0595411025,2.66142833E-05,-8.021506E-05,0.00124026788,-0.00203473866,-0.00196012622,1.06836581,0.117101967,-0.140563965,0.0400686525,0.00388462725,0.0439840145,0.0012981951,-0.00194367766,-0.00250445469,1.04813933,-0.07293701,-0.117858887,0.0340896472,0.0007539983,0.035399463,-0.5500161,2.13215256,2.73881,3.51421022
448,8.959996825396825,2734,0,0,0,0,0,-0.000115084185,0,-0.0009016392,-0.000115084185,0,-0.0009016392,1,0,0,1,2.3016828E-06,-5.96046448E-06,1.8032777E-05,0,0,0,-0.0005339668,-0.00148132443,-0.00022002458,-0.151092529,0.008077367,0.04610881,0.00180905545,-0.000180090487,0.00249944814,0.0002907209,3.413856E-05,-0.000831287936,0.0212981533,0.019036863,0.122742914,-0.00422740728,-0.0003487804,-0.00157378649,-2.417108E-05,7.495284E-05,-0.0007267883,0.0016511312,-0.00451660156,-0.0113830566,-0.004455426,-0.000131869936,-0.000130129454,5.93476834E-05,0.00250574946,0.00111339462,4.90402842,0.0599829629,0.156819612,0.0574623458,0.000258325948,-0.000380918878,1.13850747E-05,0.00252486765,0.00113505591,4.8803997,-0.0213317871,-0.0158996582,0.05954194,2.82105357E-05,-7.496699E-05,0.00124027766,-0.00203667581,-0.00195634225,1.06837714,0.117107153,-0.140563965,0.0400036,0.0038790137,0.04396053,0.00129888812,-0.00194455683,-0.002504068,1.04814649,-0.07293701,-0.117858887,0.0340819135,0.000753683562,0.0354113467,-0.550016165,2.1321528,2.73881,3.51421022
449,8.9799968183106564,2741,0,0,0,0,0,-5.77731844E-05,0,-0.000901538064,-5.77731844E-05,0,-0.000901538064,1,0,0,1,1.15546322E-06,1.49011612E-08,1.80307543E-05,0,0,0,-0.0005369218,-0.00147558749,-0.00022005447,-0.151092529,0.008076955,0.0461127236,0.00180816976,-0.0001805765,0.00250366051,0.000287991425,4.36007977E-05,-0.000834873237,0.02128306,0.0190359,0.122732781,-0.00424635271,-0.000350862247,-0.001588077,-2.66981933E-05,8.429587E-05,-0.000726577535,0.00165280362,-0.00451660156,-0.0113830566,-0.00445327163,-0.0001340332,-0.000145269689,5.85532871E-05,0.002515033,0.00111476867,4.90413,0.0599833839,0.156822234,0.05755259,0.000253579143,-0.000384339364,1.14479353E-05,0.00252945721,0.00113504368,4.8803997,-0.0213317871,-0.0158996582,0.0595410168,2.62469457E-05,-7.99206755E-05,0.00124025566,-0.0020314604,-0.00195364,1.06833589,0.117095068,-0.140594482,0.03998555,0.00387041876,0.0439363346,0.00129818986,-0.00194352865,-0.00250447588,1.04814136,-0.07293701,-0.117858887,0.0340900123,0.0007539845,0.03539936,-0.5500161,2.13215256,2.73881,3.51421022
450,8.99999681122449,2749,0,0,0,0,0,-0.000115075818,0,-0.0009014347,-0.000115075818,0,-0.0009014347,1,0,0,1,2.30151545E-06,-5.96046448E-06,1.80286861E-05,0,0,0,-0.0005340763,-0.00148132443,-0.000220045447,-0.151092529,0.00807782449,0.0461089239,0.00180905778,-0.000179084687,0.002499269,0.000290476775,3.41981649E-05,-0.0008367136,0.0212561656,0.0190376081,0.1227437,-0.00425362028,-0.000347652327,-0.00157316646,-2.44682778E-05,7.502735E-05,-0.000726697966,0.0016508078,-0.00451660156,-0.0113830566,-0.00445560273,-0.000130280459,-0.000129261345,5.96003338E-05,0.002508834,0.00111412408,4.904211,0.0599847026,0.156820208,0.0575567074,0.0002551945,-0.000382448721,1.13913393E-05,0.002524823,0.00113505684,4.880399,-0.0213317871,-0.0158996582,0.0595417134,3.01002328E-05,-7.58569E-05,0.00124263112,-0.00203309953,-0.00195419369,1.06826675,0.117078371,-0.140594482,0.0399956219,0.00386949279,0.04397716,0.00129878463,-0.00194455683,-0.00250408449,1.04814613,-0.07293701,-0.117858887,0.0340808481,0.000753597065,0.03540939,-0.550016165,2.1321528,2.73881,3.51421022
451,9.0199968041383212,2756,0,0,0,0,0,-5.78156469E-05,0,-0.0009014674,-5.78156469E-05,0,-0.0009014674,1,0,0,1,1.15631246E-06,1.49011612E-08,1.80293409E-05,0,0,0,-0.000537006534,-0.00147557259,-0.00022005997,-0.151092529,0.008078343,0.04611301,0.001808384,-0.0001798824,0.00250293524,0.000288275623,4.36007977E-05,-0.00083287264,0.0212466586,0.0190371741,0.122732177,-0.004235749,-0.000350286718,-0.001589906,-2.68400818E-05,8.428097E-05,-0.000726565253,0.00165244448,-0.00451660156,-0.0113830566,-0.004453708,-0.000133047826,-0.000144975551,6.02690525E-05,0.002512917,0.0011123739,4.904182,0.0599795468,0.156818271,0.0574648231,0.0002553723,-0.000387937,1.14405411E-05,0.00252944231,0.00113505183,4.880399,-0.0213317871,-0.0158996582,0.0595411137,2.729238E-05,-8.02587238E-05,0.001242198,-0.00203612447,-0.00195842376,1.06826842,0.117079273,-0.140594482,0.04005824,0.00388039043,0.0440119244,0.0012981859,-0.00194354355,-0.00250447076,1.04814124,-0.07293701,-0.117858887,0.03409015,0.0007538787,0.0353985354,-0.5500161,2.13215256,2.73881,3.51421022
452,9.0399967970521544,2764,0,0,0,0,0,-0.000115102783,0,-0.000901497668,-0.000115102783,0,-0.000901497668,1,0,0,1,2.30205478E-06,-5.94556332E-06,1.80299467E-05,0,0,0,-0.000534088467,-0.00148132443,-0.000220025875,-0.151092529,0.008078986,0.0461092442,0.001809063,-0.000179360373,0.00249890727,0.000290751515,3.41683626E-05,-0.0008327125,0.0212433618,0.01903812,0.1227403,-0.00423391163,-0.000348322181,-0.00157434063,-2.425833E-05,7.498264E-05,-0.000726741564,0.00165084947,-0.00451660156,-0.0113830566,-0.00445561,-0.000131081324,-0.000130088869,6.05957321E-05,0.00250692666,0.00111109426,4.90416145,0.0599799342,0.156814739,0.05746095,0.000257627165,-0.0003842425,1.12684966E-05,0.00252479315,0.00113506883,4.880399,-0.0213317871,-0.0158996582,0.05954189,2.76494229E-05,-7.490281E-05,0.00124255335,-0.002036661,-0.00195869035,1.06830168,0.117080092,-0.140563965,0.0400551036,0.00388054526,0.0440150127,0.001299002,-0.00194457173,-0.00250407658,1.04814458,-0.07293701,-0.117858887,0.03408175,0.000753492641,0.0354130678,-0.550016165,2.1321528,2.73881,3.51421022
453,9.0599967899659859,2770,0,0,0,0,0,-5.78000472E-05,0,-0.0009015122,-5.78000472E-05,0,-0.0009015122,1,0,0,1,1.15600051E-06,1.49011612E-08,1.80302377E-05,0,0,0,-0.00053700665,-0.00147558749,-0.0002200565,-0.151092529,0.008078899,0.046113234,0.00180827128,-0.000180374,0.00250308728,0.0002883551,4.35858965E-05,-0.0008319645,0.0212427638,0.0190370549,0.122728333,-0.00423158938,-0.000350825663,-0.00159004913,-2.67552932E-05,8.428097E-05,-0.0007265806,0.00165262644,-0.00451660156,-0.0113830566,-0.004453483,-0.000133961425,-0.0001451416,5.99358864E-05,0.00251339376,0.00111143268,4.90414333,0.0599784255,0.156814426,0.0574596226,0.000256911822,-0.000386707921,1.14828836E-05,0.002529472,0.00113507989,4.8803997,-0.0213317871,-0.0158996582,0.059541177,2.70245673E-05,-8.01335E-05,0.00124095241,-0.00203478336,-0.00195850641,1.06834388,0.117089719,-0.140563965,0.04005502,0.00388091384,0.0439876653,0.0012980639,-0.001943484,-0.0025044526,1.048144,-0.07293701,-0.117858887,0.0340892524,0.00075423863,0.0353981,-0.5500161,2.13215256,2.73881,3.51421022
454,9.0799967828798174,2777,0,0,0,0,0,-0.000115101058,0,-0.000901510764,-0.000115101058,0,-0.000901510764,1,0,0,1,2.30202022E-06,-5.94556332E-06,1.80302086E-05,0,0,0,-0.0005340769,-0.00148135424,-0.000220037182,-0.151092529,0.008079319,0.04610929,0.00180921471,-0.000179635579,0.0024991103,0.000290747121,3.41683626E-05,-0.000832314254,0.0212426111,0.0190382488,0.122737713,-0.00423194375,-0.000348146132,-0.00157430768,-2.42608221E-05,7.498264E-05,-0.000726724567,0.00165090279,-0.00451660156,-0.0113830566,-0.004455514,-0.000131125387,-0.00013006985,5.955545E-05,0.00250700116,0.00111226365,4.9041276,0.05998078,0.156812847,0.0574629568,0.000257553154,-0.000381313323,1.12329662E-05,0.002524823,0.00113505754,4.8803997,-0.0213317871,-0.0158996582,0.0595418,2.82995679E-05,-7.480423E-05,0.00124104111,-0.00203529,-0.00195759139,1.06836951,0.117088839,-0.140533447,0.0400314,0.00387934782,0.043979086,0.00129905343,-0.00194448233,-0.00250400743,1.04814756,-0.07293701,-0.117858887,0.03408089,0.0007532768,0.0354125425,-0.550016165,2.1321528,2.73881,3.51421022
455,9.09999677579365,2785,0,0,0,0,0,-5.780745E-05,0,-0.0009015428,-5.780745E-05,0,-0.0009015428,1,0,0,1,1.15614853E-06,1.49011612E-08,1.80308489E-05,0,0,0,-0.000536986045,-0.00147558749,-0.000220055575,-0.151092529,0.008079172,0.04611319,0.00180824741,-0.000180420044,0.00250308681,0.0002882423,4.36007977E-05,-0.0008313964,0.0212452859,0.0190374032,0.12272799,-0.00422877446,-0.0003506719,-0.00158947939,-2.67654832E-05,8.429587E-05,-0.0007265619,0.00165270432,-0.00451660156,-0.0113830566,-0.004453404,-0.000133990252,-0.000145082609,5.91160933E-05,0.00251297653,0.00111327,4.904115,0.0599812269,0.1568151,0.057462845,0.0002570149,-0.000384725485,1.15424336E-05,0.00252942741,0.00113505637,4.8803997,-0.0213317871,-0.0158996582,0.0595410578,2.64062328E-05,-8.036082E-05,0.00123997149,-0.00203436613,-0.00195728568,1.06838989,0.117098324,-0.140533447,0.040029306,0.00387949171,0.04396089,0.00129828206,-0.00194357336,-0.00250448775,1.048139,-0.07293701,-0.117858887,0.0340900831,0.0007537477,0.0354,-0.5500161,2.13215256,2.73881,3.51421022
456,9.1199967687074821,2792,0,0,0,0,0,-0.000115078321,0,-0.000901543535,-0.000115078321,0,-0.000901543535,1,0,0,1,2.30156547E-06,-5.96046448E-06,1.80308634E-05,0,0,0,-0.000534066465,-0.00148135424,-0.000220044865,-0.151092529,0.008079441,0.0461091846,0.00180913648,-0.000179611161,0.00249900785,0.000290345924,3.415346E-05,-0.0008317577,0.0212482736,0.01903853,0.122738205,-0.004229263,-0.000348237721,-0.001572246,-2.416808E-05,7.496774E-05,-0.0007267663,0.00165086857,-0.00451660156,-0.0113830566,-0.00445567165,-0.000131331835,-0.00013047934,5.90652635E-05,0.00250652432,0.00111406075,4.904105,0.05998337,0.156814054,0.0574660562,0.00025724966,-0.000381363585,1.12228818E-05,0.002524823,0.00113502122,4.880399,-0.0213317871,-0.0158996582,0.0595418252,2.86327559E-05,-7.446766E-05,0.0012405375,-0.00203540921,-0.00195647939,1.06839406,0.117096126,-0.140533447,0.0400103256,0.0038780116,0.04396322,0.001298669,-0.00194460154,-0.00250410778,1.048146,-0.07293701,-0.117828369,0.034081243,0.0007540441,0.03540963,-0.550016165,2.1321528,2.73881,3.51421022
457,9.1399967616213154,2797,0,0,0,0,0,-5.777622E-05,0,-0.000901570835,-5.777622E-05,0,-0.000901570835,1,0,0,1,1.15552393E-06,1.49011612E-08,1.803141E-05,0,0,0,-0.0005369546,-0.00147558749,-0.000220041431,-0.151092529,0.008079175,0.04611297,0.00180831866,-0.000180631381,0.00250354642,0.000287901959,4.35858965E-05,-0.0008309818,0.0212534573,0.0190375969,0.122728951,-0.00422677351,-0.0003507918,-0.00158773782,-2.67963E-05,8.428097E-05,-0.000726582948,0.00165260455,-0.00451660156,-0.0113830566,-0.004453461,-0.00013406972,-0.000144891048,5.86256429E-05,0.00251296163,0.00111472921,4.904098,0.0599823035,0.156817108,0.057465408,0.0002560176,-0.00038461457,1.13187652E-05,0.00252945721,0.00113502832,4.880399,-0.0213317871,-0.0158996582,0.0595410541,2.64476585E-05,-7.98577E-05,0.00123956962,-0.002034098,-0.00195649359,1.06840146,0.117101423,-0.140563965,0.0400174037,0.00387848332,0.043950282,0.001298239,-0.00194352865,-0.002504449,1.04814172,-0.07293701,-0.117858887,0.03409004,0.0007537785,0.0353989527,-0.5500161,2.13215256,2.73881,3.51421022
458,9.1599967545351468,2804,0,0,0,0,0,-0.000115079594,0,-0.000901568157,-0.000115079594,0,-0.000901568157,1,0,0,1,2.301591E-06,-5.94556332E-06,1.80313564E-05,0,0,0,-0.00053401856,-0.00148132443,-0.0002200374,-0.151092529,0.008079448,0.04610884,0.00180898316,-0.000179749841,0.002499568,0.000290430937,3.41832638E-05,-0.000831610058,0.02125766,0.0190386865,0.122740194,-0.00422857236,-0.000348295056,-0.00157264376,-2.42562473E-05,7.498264E-05,-0.000726727536,0.00165092468,-0.00451660156,-0.0113830566,-0.00445545651,-0.000131388384,-0.00013000652,5.87306567E-05,0.00250710547,0.001114722,4.904092,0.0599847548,0.156816438,0.05746731,0.000256394269,-0.0003801536,1.11896161E-05,0.002524823,0.001135114,4.880399,-0.0213317871,-0.0158996582,0.0595419146,2.8132712E-05,-7.46702863E-05,0.0012405772,-0.00203427672,-0.00195633364,1.06839943,0.1170955,-0.140563965,0.04000948,0.003876777,0.0439592078,0.0012987951,-0.00194449723,-0.00250400277,1.048147,-0.07293701,-0.117858887,0.03407998,0.0007537001,0.0354100764,-0.550016165,2.1321528,2.73881,3.51421022
459,9.17999674744898,2812,0,0,0,0,0,-5.77651E-05,0,-0.000901579566,-5.77651E-05,0,-0.000901579566,1,0,0,1,1.15530156E-06,0,1.80315837E-05,0,0,0,-0.0005369157,-0.00147555768,-0.000220052229,-0.151092529,0.008078925,0.0461128019,0.00180843822,-0.00018061357,0.00250333385,0.000287728937,4.36007977E-05,-0.0008310464,0.0212625917,0.0190374218,0.122730829,-0.004227221,-0.000351088645,-0.00158678018,-2.67604937E-05,8.429587E-05,-0.000726589642,0.00165276683,-0.00451660156,-0.0113830566,-0.00445339736,-0.000134279151,-0.000144985141,5.909061E-05,0.00251302123,0.00111471955,4.90408564,0.0599835552,0.156818524,0.05746551,0.0002559826,-0.000386532338,1.12594607E-05,0.002529487,0.00113509328,4.880399,-0.0213317871,-0.0158996582,0.0595412441,2.64607115E-05,-7.95881E-05,0.00123999733,-0.00203403831,-0.00195651641,1.06840324,0.117099844,-0.140563965,0.0400179923,0.003877788,0.04395512,0.00129803922,-0.00194333494,-0.002504461,1.048143,-0.07293701,-0.117858887,0.0340888835,0.0007541767,0.03539772,-0.5500161,2.13215256,2.73881,3.51421022
460,9.1999967403628116,2818,0,0,0,0,0,-0.000115079907,0,-0.0009015723,-0.000115079907,0,-0.0009015723,1,0,0,1,2.30159731E-06,-5.94556332E-06,1.80314382E-05,0,0,0,-0.0005340315,-0.00148133934,-0.0002200325,-0.151092529,0.008079138,0.0461088233,0.00180908118,-0.000179939845,0.00249960436,0.000290582859,3.41683626E-05,-0.0008317065,0.0212662723,0.0190383755,0.122741573,-0.00422911253,-0.0003483977,-0.00157335075,-2.42475617E-05,7.49975443E-05,-0.000726719,0.00165109755,-0.00451660156,-0.0113830566,-0.004455352,-0.00013146222,-0.000130002649,5.92244323E-05,0.00250653923,0.00111463759,4.90408,0.0599844158,0.156817436,0.0574672967,0.000256730273,-0.0003810264,1.11058034E-05,0.00252479315,0.001135093,4.880399,-0.0213317871,-0.0158996582,0.059541855,2.752536E-05,-7.445563E-05,0.00124071864,-0.00203537941,-0.00195619534,1.06839871,0.1170963,-0.140563965,0.0400075,0.0038772556,0.0439644,0.00129889266,-0.00194464624,-0.00250402046,1.0481472,-0.07293701,-0.117858887,0.03408127,0.000753659755,0.0354115,-0.550016165,2.1321528,2.73881,3.51421022
461,9.219996733276643,2825,0,0,0,0,0,-5.778843E-05,0,-0.0009016112,-5.778843E-05,0,-0.0009016112,1,0,0,1,1.15576813E-06,0,1.80322168E-05,0,0,0,-0.000536940468,-0.00147560239,-0.000220042159,-0.151092529,0.008078599,0.046112664,0.00180815288,-0.0001807576,0.002503185,0.000288039359,4.35560942E-05,-0.0008308352,0.0212720446,0.019037053,0.122731633,-0.004226258,-0.000351130962,-0.00158826087,-2.675274E-05,8.42362642E-05,-0.000726579747,0.00165294833,-0.00451660156,-0.0113830566,-0.00445329538,-0.0001343697,-0.000144957725,5.8862046E-05,0.00251150131,0.00111531978,4.904076,0.0599826351,0.156820178,0.0574663244,0.0002562877,-0.0003848644,1.15216781E-05,0.00252945721,0.00113506394,4.880399,-0.0213317871,-0.0158996582,0.059541136,2.73404985E-05,-8.02459763E-05,0.00123958569,-0.00203667581,-0.00195569219,1.06837285,0.117104784,-0.140563965,0.0399992839,0.00387898972,0.04395143,0.00129815913,-0.00194343925,-0.0025045455,1.04813969,-0.07293701,-0.117858887,0.0340899043,0.000753795437,0.035398148,-0.5500161,2.13215256,2.73881,3.51421022
462,9.2399967261904763,2831,0,0,0,0,0,-0.000115060131,0,-0.000901576655,-0.000115060131,0,-0.000901576655,1,0,0,1,2.30120168E-06,-5.94556332E-06,1.80315255E-05,0,0,0,-0.0005340726,-0.00148132443,-0.000220039045,-0.151092529,0.0080786515,0.04610906,0.00180923613,-0.000179854775,0.00249915523,0.00029051624,3.42279673E-05,-0.0008318106,0.02127572,0.0190379638,0.122742876,-0.00422970857,-0.0003484488,-0.00157298,-2.41997714E-05,7.502735E-05,-0.0007267541,0.00165114785,-0.00451660156,-0.0113830566,-0.0044554593,-0.000131469817,-0.000130197775,5.92824472E-05,0.002508372,0.00111480244,4.904072,0.05998551,0.156819463,0.0574679561,0.000255853782,-0.000381414866,1.12004236E-05,0.002524808,0.00113502971,4.880399,-0.0213317871,-0.0158996582,0.0595417954,2.71110021E-05,-7.458677E-05,0.00124107453,-0.00203202665,-0.001956644,1.0683949,0.11709442,-0.140563965,0.0400197729,0.003874906,0.0439619347,0.00129897543,-0.00194461644,-0.00250400021,1.04814553,-0.07293701,-0.117858887,0.03408154,0.0007536543,0.0354128368,-0.550016165,2.1321528,2.73881,3.51421022
463,9.2599967191043078,2838,0,0,0,0,0,-5.77733772E-05,0,-0.0009016064,-5.77733772E-05,0,-0.0009016064,1,0,0,1,1.15546709E-06,0,1.803212E-05,0,0,0,-0.0005369304,-0.00147561729,-0.00022004082,-0.151092529,0.00807816349,0.0461126827,0.00180838187,-0.000180854986,0.00250355224,0.0002878541,4.3541193E-05,-0.0008310164,0.0212805625,0.0190366358,0.122732736,-0.00422716374,-0.0003511353,-0.00158734841,-2.67033975E-05,8.42362642E-05,-0.0007265858,0.00165289815,-0.00451660156,-0.0113830566,-0.004453311,-0.0001342858,-0.000145211248,5.932136E-05,0.002511084,0.00111495494,4.90406847,0.0599825941,0.156821266,0.0574658,0.000256468571,-0.000386779662,1.14958657E-05,0.00252945721,0.00113503006,4.880399,-0.0213317871,-0.0158996582,0.0595410131,2.75350631E-05,-8.000343E-05,0.00123995158,-0.00203737617,-0.00195579743,1.06836522,0.117104344,-0.140563965,0.0399989076,0.00387920369,0.04395811,0.00129791489,-0.00194351375,-0.00250462326,1.048139,-0.07293701,-0.117858887,0.03409031,0.0007541358,0.0353956744,-0.5500161,2.13215256,2.73881,3.51421022
464,9.279996712018141,2845,0,0,0,0,0,-0.000115067131,0,-0.0009015835,-0.000115067131,0,-0.0009015835,1,0,0,1,2.30134174E-06,-5.94556332E-06,1.80316638E-05,0,0,0,-0.0005340483,-0.00148132443,-0.00022003919,-0.151092529,0.008078265,0.0461089425,0.00180900458,-0.000179897514,0.00249913079,0.000290603784,3.42279673E-05,-0.000831962738,0.0212834179,0.019037623,0.122743331,-0.004230476,-0.000348388479,-0.00157340616,-2.42342776E-05,7.502735E-05,-0.0007267623,0.00165107788,-0.00451660156,-0.0113830566,-0.004455492,-0.000131391556,-0.0001300146,5.937173E-05,0.00250832736,0.00111442455,4.90406466,0.0599847957,0.156819671,0.05746741,0.000256015541,-0.00038140628,1.11487889E-05,0.00252479315,0.0011350509,4.880399,-0.0213317871,-0.0158996582,0.0595418662,2.74339836E-05,-7.453924E-05,0.00124116591,-0.002032265,-0.001956846,1.06838834,0.11709591,-0.140563965,0.04002308,0.00387530774,0.04396528,0.00129899173,-0.001944691,-0.002503964,1.0481478,-0.07293701,-0.117858887,0.0340815634,0.0007537029,0.0354129076,-0.550016165,2.1321528,2.73881,3.51421022
465,9.2999967049319725,2850,0,0,0,0,0,-5.77807223E-05,0,-0.000901606458,-5.77807223E-05,0,-0.000901606458,1,0,0,1,1.155614E-06,0,1.80321222E-05,0,0,0,-0.0005369333,-0.00147558749,-0.000220042755,-0.151092529,0.008077765,0.0461127125,0.00180815079,-0.000180740171,0.002503588,0.000288101815,4.3541193E-05,-0.0008312625,0.0212870333,0.019036375,0.122733258,-0.004228403,-0.000351062423,-0.00158857915,-2.67477772E-05,8.42511654E-05,-0.0007265847,0.00165288115,-0.00451660156,-0.0113830566,-0.004453298,-0.000134222733,-0.000144982158,5.92981123E-05,0.00251162052,0.00111444562,4.90406036,0.0599820539,0.156821787,0.0574651361,0.000256120664,-0.0003858619,1.14860977E-05,0.00252953172,0.00113509141,4.880399,-0.0213317871,-0.0158996582,0.05954122,2.68614367E-05,-8.014805E-05,0.00123992248,-0.00203646719,-0.00195614342,1.06836569,0.117103741,-0.140563965,0.0400059372,0.00387915364,0.0439577252,0.00129813771,-0.00194332,-0.00250446168,1.04814458,-0.07293701,-0.117858887,0.03408912,0.0007540188,0.0353986137,-0.5500161,2.13215256,2.73881,3.51421022
466,9.319996697845804,2858,0,0,0,0,0,-0.000115081682,0,-0.000901578751,-0.000115081682,0,-0.000901578751,1,0,0,1,2.30163278E-06,-5.94556332E-06,1.80315674E-05,0,0,0,-0.000534029037,-0.00148133934,-0.000220027243,-0.151092529,0.008077841,0.0461087972,0.001809009,-0.000179877839,0.00249907863,0.00029066045,3.42279673E-05,-0.000832175545,0.02128865,0.01903734,0.1227434,-0.00423157029,-0.000348396949,-0.00157366192,-2.4199413E-05,7.502735E-05,-0.000726728,0.00165121024,-0.00451660156,-0.0113830566,-0.0044553075,-0.000131403489,-0.0001301689,5.93828481E-05,0.00250829756,0.00111391908,4.9040556,0.0599843562,0.156819358,0.0574666,0.000256413157,-0.0003812582,1.13020033E-05,0.00252479315,0.00113513751,4.880399,-0.0213317871,-0.0158996582,0.05954194,2.82407236E-05,-7.480428E-05,0.00124113285,-0.00203229487,-0.00195700675,1.06839252,0.117097579,-0.140563965,0.04002555,0.003875701,0.043966148,0.00129881361,-0.00194460154,-0.00250399974,1.04814911,-0.07293701,-0.117858887,0.03408018,0.0007536912,0.0354102775,-0.5500161,2.13215256,2.73881,3.51421022
467,9.3399966907596372,2864,0,0,0,0,0,-5.778968E-05,0,-0.0009015991,-5.778968E-05,0,-0.0009015991,1,0,0,1,1.15579314E-06,0,1.80319748E-05,0,0,0,-0.0005369355,-0.00147558749,-0.0002200526,-0.151092529,0.008077407,0.04611269,0.00180840306,-0.000180776755,0.00250334665,0.00028815,4.35262918E-05,-0.0008313741,0.0212916117,0.0190361235,0.122732937,-0.0042289705,-0.0003510566,-0.001588801,-2.67584037E-05,8.42362642E-05,-0.0007265354,0.0016532141,-0.00451660156,-0.0113830566,-0.004453036,-0.000134181028,-0.000144910839,5.92761971E-05,0.002511084,0.00111426518,4.904052,0.05998206,0.156820849,0.0574649572,0.000255932944,-0.000385677151,1.15032326E-05,0.00252945721,0.00113510143,4.880399,-0.0213317871,-0.0158996582,0.0595410168,2.66211664E-05,-8.024217E-05,0.00123989093,-0.00203730166,-0.00195593038,1.06837153,0.1171032,-0.140563965,0.04000024,0.00387947843,0.04395788,0.00129831024,-0.00194345415,-0.00250452687,1.048138,-0.07293701,-0.117858887,0.0340899453,0.0007534665,0.03539952,-0.5500161,2.13215256,2.73881,3.51421022
468,9.3599966836734687,2871,0,0,0,0,0,-0.000115068906,0,-0.0009015872,-0.000115068906,0,-0.0009015872,1,0,0,1,2.30137721E-06,-5.94556332E-06,1.80317365E-05,0,0,0,-0.000534063147,-0.00148130953,-0.00022002781,-0.151092529,0.008077502,0.0461089723,0.00180907291,-0.000179857569,0.002499092,0.000290663942,3.424287E-05,-0.000832175254,0.0212931875,0.019037094,0.122743025,-0.004231588,-0.0003483823,-0.00157367927,-2.41810048E-05,7.502735E-05,-0.000726771,0.00165141991,-0.00451660156,-0.0113830566,-0.00445550773,-0.000131406559,-0.00013025412,5.930662E-05,0.00250826776,0.00111395179,4.90404749,0.05998402,0.15681909,0.0574666522,0.000256714149,-0.000381024642,1.13089664E-05,0.002524823,0.00113506545,4.880399,-0.0213317871,-0.0158996582,0.05954188,2.77825147E-05,-7.478303E-05,0.001240907,-0.002032265,-0.001956993,1.06839287,0.117099352,-0.140563965,0.0400244445,0.00387588027,0.04396223,0.001298828,-0.00194458663,-0.00250398577,1.048147,-0.07293701,-0.117858887,0.03408075,0.00075406197,0.0354120247,-0.550016165,2.1321528,2.73881,3.51421022
469,9.379996676587302,2878,0,0,0,0,0,-5.77838364E-05,0,-0.0009015224,-5.77838364E-05,0,-0.0009015224,1,0,0,1,1.15567627E-06,0,1.80304414E-05,0,0,0,-0.000536950538,-0.00147560239,-0.000220065063,-0.151092529,0.008077252,0.0461127,0.00180820329,-0.0001805048,0.002503611,0.0002880213,4.35709953E-05,-0.0008350137,0.0212763138,0.0190362129,0.122733086,-0.00424693851,-0.0003507564,-0.00158831035,-2.675507E-05,8.42511654E-05,-0.0007265593,0.001653166,-0.00451660156,-0.0113830566,-0.0044533,-0.000133795867,-0.000145075552,5.922484E-05,0.00251330435,0.00111438357,4.90414524,0.0599835627,0.156821683,0.057552,0.0002544443,-0.00038602206,1.14464592E-05,0.002529487,0.00113507768,4.880399,-0.0213317871,-0.0158996582,0.0595410876,2.68944968E-05,-8.00658E-05,0.001240822,-0.00203476846,-0.00195339043,1.0683279,0.117092282,-0.140594482,0.039976716,0.00387176988,0.0439514443,0.00129826879,-0.00194342434,-0.00250447844,1.04814148,-0.07293701,-0.117858887,0.0340902619,0.0007536453,0.03539896,-0.5500161,2.13215256,2.73881,3.51421022
470,9.3999966695011334,2885,0,0,0,0,0,-0.000115082818,0,-0.000901589,-0.000115082818,0,-0.000901589,1,0,0,1,2.30165551E-06,-5.94556332E-06,1.80317729E-05,0,0,0,-0.000534070539,-0.00148132443,-0.000220037182,-0.151092529,0.008077881,0.0461089723,0.00180909468,-0.000179299532,0.00249914546,0.00029073708,3.41683626E-05,-0.000829538447,0.0212885719,0.0190375112,0.122742891,-0.00421813224,-0.00034805,-0.00157424132,-2.42261558E-05,7.496774E-05,-0.0007267301,0.00165130477,-0.00451660156,-0.0113830566,-0.00445556268,-0.00013089928,-0.00013022848,5.98065053E-05,0.00250485539,0.00111377868,4.904022,0.0599813759,0.156818643,0.0573828258,0.000257680222,-0.000382037135,1.13807364E-05,0.00252479315,0.00113505637,4.880399,-0.0213317871,-0.0158996582,0.0595418,2.90887983E-05,-7.505704E-05,0.0012409481,-0.00203751028,-0.00195941,1.0683614,0.1170975,-0.140563965,0.04004733,0.00388444238,0.0439925157,0.00129887229,-0.00194455683,-0.00250406633,1.04814553,-0.07293701,-0.117858887,0.03408117,0.0007535113,0.03541049,-0.550016165,2.1321528,2.73881,3.51421022
471,9.4199966624149649,2892,0,0,0,0,0,-5.7784222E-05,0,-0.0009016511,-5.7784222E-05,0,-0.0009016511,1,0,0,1,1.155684E-06,1.49011612E-08,1.80330153E-05,0,0,0,-0.000536894,-0.00147557259,-0.000220040209,-0.151092529,0.008077192,0.04611256,0.00180833344,-0.000181077034,0.00250343652,0.0002881585,4.36007977E-05,-0.000830608,0.0212985836,0.019035941,0.12273246,-0.00422540447,-0.0003514,-0.00158867,-2.66934258E-05,8.428097E-05,-0.0007266386,0.00165323389,-0.00451660156,-0.0113830566,-0.004453368,-0.0001346837,-0.000145055979,5.902183E-05,0.00251269341,0.001113659,4.904029,0.05998136,0.15682134,0.0574609376,0.000256656873,-0.00038493477,1.14529294E-05,0.00252944231,0.00113503984,4.880399,-0.0213317871,-0.0158996582,0.0595411547,2.5621408E-05,-7.99573463E-05,0.001239504,-0.002034694,-0.00195677276,1.06838787,0.117107652,-0.140563965,0.0400185063,0.00387943583,0.0439511053,0.00129812234,-0.00194355845,-0.00250447937,1.04814,-0.07293701,-0.117858887,0.03408988,0.0007541152,0.03539889,-0.5500161,2.13215256,2.73881,3.51421022
472,9.4399966553287982,2899,0,0,0,0,0,-0.000115076225,0,-0.0009015337,-0.000115076225,0,-0.0009015337,1,0,0,1,2.30152364E-06,-5.96046448E-06,1.8030667E-05,0,0,0,-0.000534035033,-0.00148135424,-0.000220039074,-0.151092529,0.008077239,0.04610872,0.00180905126,-0.000179889132,0.00249909982,0.000290513068,3.41832638E-05,-0.000835463,0.0212823786,0.0190369226,0.122743316,-0.00424796436,-0.000348374771,-0.00157295307,-2.41609359E-05,7.49975443E-05,-0.0007267386,0.00165135763,-0.00451660156,-0.0113830566,-0.004455369,-0.000131322755,-0.000130384418,5.88851544E-05,0.002508074,0.00111476658,4.90413,0.0599850081,0.156821027,0.05755439,0.000255434832,-0.0003804523,1.13516217E-05,0.002524808,0.00113506441,4.880399,-0.0213317871,-0.0158996582,0.0595418,2.86562572E-05,-7.481441E-05,0.001240947,-0.00203335285,-0.00195309636,1.06832767,0.117092162,-0.140594482,0.03996817,0.00386975543,0.0439427942,0.00129887031,-0.00194455683,-0.002504039,1.04814541,-0.07293701,-0.117858887,0.0340809077,0.0007535594,0.03541059,-0.550016165,2.1321528,2.73881,3.51421022
473,9.45999664824263,2905,0,0,0,0,0,-5.77837E-05,0,-0.000901444233,-5.77837E-05,0,-0.000901444233,1,0,0,1,1.15567354E-06,1.49011612E-08,1.80288771E-05,0,0,0,-0.000537017535,-0.00147560239,-0.000220056318,-0.151092529,0.008077505,0.0461129136,0.00180834718,-0.00017990284,0.00250321534,0.00028794416,4.36157E-05,-0.000836081454,0.0212568045,0.0190365519,0.122733563,-0.004251857,-0.000350256858,-0.00158821279,-2.6765636E-05,8.432567E-05,-0.000726554834,0.00165280269,-0.00451660156,-0.0113830566,-0.004453567,-0.000133082212,-0.000145303959,5.94632875E-05,0.00251580775,0.00111425715,4.90421152,0.05998343,0.156821713,0.05755514,0.00025321875,-0.000386917935,1.14973145E-05,0.002529487,0.00113505672,4.880399,-0.0213317871,-0.0158996582,0.0595410578,2.75101283E-05,-8.016043E-05,0.00124207314,-0.00203111768,-0.00195470545,1.06827462,0.117076769,-0.140594482,0.0400116034,0.0038698,0.0439711474,0.00129807624,-0.00194337964,-0.00250449264,1.04814208,-0.07293701,-0.117858887,0.0340894572,0.0007541024,0.03539803,-0.5500161,2.13215256,2.73881,3.51421022
474,9.4799966411564629,2910,0,0,0,0,0,-0.000115114337,0,-0.000901451858,-0.000115114337,0,-0.000901451858,1,0,0,1,2.30228579E-06,-5.94556332E-06,1.802903E-05,0,0,0,-0.0005340992,-0.00148135424,-0.0002200467,-0.151092529,0.008078638,0.0461088531,0.00180913089,-0.000179000868,0.00249918783,0.0002908464,3.41683626E-05,-0.0008335485,0.02124594,0.0190381613,0.122742459,-0.004237728,-0.0003477157,-0.00157506589,-2.43029153E-05,7.49975443E-05,-0.0007267132,0.00165091362,-0.00451660156,-0.0113830566,-0.00445576059,-0.000130260552,-0.000130117885,6.05517962E-05,0.00250653923,0.00111214584,4.90418148,0.05998052,0.15681681,0.0574663132,0.000257194915,-0.000383746054,1.123019E-05,0.002524808,0.00113506336,4.880399,-0.0213317871,-0.0158996582,0.0595418327,2.89507771E-05,-7.487627E-05,0.00124296173,-0.00203727186,-0.00195811968,1.068266,0.117076404,-0.140563965,0.04004835,0.003879538,0.04402028,0.00129905459,-0.00194457173,-0.00250403723,1.04814661,-0.07293701,-0.117858887,0.0340816043,0.000753286062,0.0354125462,-0.550016165,2.1321528,2.73881,3.51421022
475,9.4999966340702944,2916,0,0,0,0,0,-5.781782E-05,0,-0.000901506,-5.781782E-05,0,-0.000901506,1,0,0,1,1.15635589E-06,0,1.80301122E-05,0,0,0,-0.0005369764,-0.00147555768,-0.000220060552,-0.151092529,0.008078703,0.0461130366,0.00180823239,-0.000180266259,0.00250285212,0.000288421958,4.36007977E-05,-0.0008320891,0.0212437082,0.0190371387,0.122730017,-0.004232161,-0.000350813323,-0.00159040291,-2.67747655E-05,8.431077E-05,-0.000726600236,0.00165276218,-0.00451660156,-0.0113830566,-0.004453616,-0.0001338276,-0.000145064332,6.019768E-05,0.002513364,0.00111112441,4.90416145,0.0599782057,0.156816214,0.0574591458,0.000256395957,-0.000387243665,1.153954E-05,0.00252942741,0.00113505824,4.880399,-0.0213317871,-0.0158996582,0.05954119,2.66911738E-05,-8.036552E-05,0.00124170945,-0.00203554332,-0.001959105,1.06830812,0.117084637,-0.140563965,0.0400676765,0.003881742,0.0440068953,0.00129825855,-0.00194352865,-0.00250444887,1.04814148,-0.07293701,-0.117858887,0.03408975,0.0007538836,0.0353999659,-0.5500161,2.13215256,2.73881,3.51421022
476,9.5199966269841259,2921,0,0,0,0,0,-0.00011511115,0,-0.0009015002,-0.00011511115,0,-0.0009015002,1,0,0,1,2.30222213E-06,-5.96046448E-06,1.80299976E-05,0,0,0,-0.0005340841,-0.00148133934,-0.000220039467,-0.151092529,0.008079165,0.04610913,0.00180903426,-0.000179528026,0.002499097,0.000290886732,3.41981649E-05,-0.00083258067,0.0212419275,0.0190381687,0.122738704,-0.00423326949,-0.0003482414,-0.00157499523,-2.4185043E-05,7.49975443E-05,-0.0007267304,0.0016510475,-0.00451660156,-0.0113830566,-0.00445552962,-0.000131123874,-0.000130438362,6.00815547E-05,0.00250694156,0.00111124245,4.90414238,0.0599801466,0.156813174,0.0574609973,0.0002582475,-0.000382286555,1.1250575E-05,0.002524808,0.00113508513,4.880399,-0.0213317871,-0.0158996582,0.05954192,2.90970966E-05,-7.457427E-05,0.00124165928,-0.00203593075,-0.00195831666,1.06833982,0.117088251,-0.140533447,0.0400449932,0.003880354,0.0439954,0.00129872677,-0.00194449723,-0.00250406982,1.04814553,-0.07293701,-0.117828369,0.0340798944,0.000753753469,0.0354095,-0.550016165,2.1321528,2.73881,3.51421022
477,9.5399966198979591,2926,0,0,0,0,0,-5.780146E-05,0,-0.0009015224,-5.780146E-05,0,-0.0009015224,1,0,0,1,1.1560287E-06,1.49011612E-08,1.80304414E-05,0,0,0,-0.0005369869,-0.00147558749,-0.000220043017,-0.151092529,0.008079038,0.04611305,0.00180838711,-0.000180396921,0.00250306446,0.000288187148,4.35709953E-05,-0.0008316789,0.0212429427,0.0190372951,0.122727588,-0.00423015561,-0.000350706046,-0.00158921268,-2.67596624E-05,8.428097E-05,-0.0007265717,0.0016528113,-0.00451660156,-0.0113830566,-0.0044534523,-0.000133907888,-0.000145122045,5.9366248E-05,0.00251285732,0.00111231219,4.904127,0.0599797741,0.1568144,0.05746107,0.000256453466,-0.000385699561,1.13474207E-05,0.00252944231,0.00113506569,4.880399,-0.0213317871,-0.0158996582,0.05954111,2.63141537E-05,-7.98151E-05,0.00124030176,-0.00203505158,-0.001957765,1.06836951,0.117094174,-0.140533447,0.0400378853,0.0038805746,0.0439722948,0.00129811594,-0.00194354355,-0.00250446238,1.04814053,-0.07293701,-0.117858887,0.0340897068,0.000753991131,0.0353979766,-0.5500161,2.13215256,2.73881,3.51421022
478,9.55999661281179,2931,0,0,0,0,0,-0.00011508914,0,-0.0009015308,-0.00011508914,0,-0.0009015308,1,0,0,1,2.301782E-06,-5.94556332E-06,1.80306088E-05,0,0,0,-0.0005340818,-0.00148133934,-0.000220047965,-0.151092529,0.008079508,0.0461091772,0.00180911436,-0.0001795527,0.00249914755,0.000290576078,3.41832638E-05,-0.0008319868,0.0212447178,0.0190385431,0.122737683,-0.00423031254,-0.000348088215,-0.00157345447,-2.42667938E-05,7.49975443E-05,-0.000726731436,0.00165109453,-0.00451660156,-0.0113830566,-0.004455566,-0.000131166657,-0.000130040615,5.88910771E-05,0.00250695646,0.00111334829,4.90411425,0.05998206,0.156813577,0.05746484,0.000257657,-0.0003800624,1.11857116E-05,0.002524823,0.00113509293,4.880399,-0.0213317871,-0.0158996582,0.059541896,2.81768243E-05,-7.467464E-05,0.00124056032,-0.002034977,-0.00195689546,1.06838417,0.117096111,-0.140533447,0.0400194861,0.00387842953,0.0439661629,0.0012987915,-0.00194455683,-0.0025039746,1.04814684,-0.07293701,-0.117858887,0.0340800323,0.000753818953,0.03541035,-0.550016165,2.1321528,2.73881,3.51421022
479,9.5799966057256238,2935,0,0,0,0,0,-5.77946375E-05,0,-0.0009015613,-5.77946375E-05,0,-0.0009015613,1,0,0,1,1.15589228E-06,1.49011612E-08,1.80312181E-05,0,0,0,-0.0005369609,-0.00147558749,-0.000220054018,-0.151092529,0.00807935,0.0461129658,0.00180823077,-0.0001804099,0.002503537,0.000288095849,4.35709953E-05,-0.0008311215,0.0212490726,0.0190377384,0.122728966,-0.00422739238,-0.0003506644,-0.0015887476,-2.679701E-05,8.426607E-05,-0.0007265622,0.001652845,-0.00451660156,-0.0113830566,-0.00445341,-0.000133992435,-0.0001449315,5.87585855E-05,0.00251299143,0.00111422746,4.904105,0.0599825233,0.156816885,0.05746452,0.000256372354,-0.000384240149,1.13389515E-05,0.002529487,0.00113506627,4.8803997,-0.0213317871,-0.0158996582,0.0595411,2.63560123E-05,-7.991393E-05,0.00123962539,-0.002034083,-0.00195674226,1.06839752,0.11710117,-0.140563965,0.0400206,0.003878791,0.0439519957,0.00129825447,-0.00194333494,-0.00250454363,1.04814,-0.07293701,-0.117858887,0.03409042,0.0007537095,0.0353996679,-0.5500161,2.13215256,2.73881,3.51421022
480,9.5999965986394553,2939,0,0,0,0,0,-0.000115087365,0,-0.000901554362,-0.000115087365,0,-0.000901554362,1,0,0,1,2.30174646E-06,-5.94556332E-06,1.803108E-05,0,0,0,-0.000534014136,-0.00148133934,-0.000220034155,-0.151092529,0.008079594,0.0461088419,0.00180925045,-0.000179762268,0.00249958923,0.000290472119,3.41832638E-05,-0.000831626763,0.0212530363,0.0190388616,0.122740127,-0.004228612,-0.0003482803,-0.001572868,-2.42301376E-05,7.49975443E-05,-0.000726767,0.00165101141,-0.00451660156,-0.0113830566,-0.00445567723,-0.000131362161,-0.000130160726,5.893323E-05,0.00250710547,0.00111458241,4.90409756,0.05998466,0.156816483,0.05746702,0.000256428466,-0.0003805567,1.12570269E-05,0.00252483785,0.00113500806,4.880399,-0.0213317871,-0.0158996582,0.05954177,2.88993269E-05,-7.47365048E-05,0.00124056847,-0.00203430653,-0.00195644726,1.06840134,0.117094271,-0.140563965,0.0400114357,0.003877041,0.04396024,0.0012986681,-0.00194466114,-0.0025041115,1.04814672,-0.07293701,-0.117828369,0.03408172,0.0007539409,0.0354087949,-0.550016165,2.1321528,2.73881,3.51421022
481,9.6199965915532868,2944,0,0,0,0,0,-5.7777972E-05,0,-0.000901576539,-5.7777972E-05,0,-0.000901576539,1,0,0,1,1.155559E-06,1.49011612E-08,1.80315237E-05,0,0,0,-0.0005369272,-0.00147557259,-0.000220045069,-0.151092529,0.008079225,0.0461126,0.00180826313,-0.000180558069,0.00250357157,0.000287946779,4.35858965E-05,-0.0008310157,0.0212581884,0.0190376919,0.122730926,-0.00422701,-0.000350996328,-0.00158790953,-2.67523465E-05,8.429587E-05,-0.0007265812,0.00165282574,-0.00451660156,-0.0113830566,-0.004453387,-0.000134226953,-0.000145057566,5.90471282E-05,0.00251299143,0.00111477519,4.90409136,0.0599835552,0.156818777,0.05746562,0.000255901337,-0.000385626568,1.13381639E-05,0.00252944231,0.00113503984,4.880399,-0.0213317871,-0.0158996582,0.0595410652,2.60689758E-05,-7.979082E-05,0.0012399829,-0.002034068,-0.0019563958,1.0684067,0.117098562,-0.140563965,0.04001634,0.00387765071,0.04395453,0.00129811955,-0.00194360316,-0.00250445656,1.04814088,-0.07293701,-0.117858887,0.0340895653,0.0007539328,0.03539784,-0.5500161,2.13215256,2.73881,3.51421022
482,9.63999658446712,2948,0,0,0,0,0,-0.000115070136,0,-0.000901573,-0.000115070136,0,-0.000901573,1,0,0,1,2.30140176E-06,-5.94556332E-06,1.80314528E-05,0,0,0,-0.000534027757,-0.00148133934,-0.000220042421,-0.151092529,0.008079351,0.04610874,0.00180919352,-0.000179787181,0.002499096,0.000290366355,3.41683626E-05,-0.0008315942,0.0212623011,0.019038558,0.122741185,-0.00422856957,-0.000348467147,-0.00157227227,-2.4238303E-05,7.498264E-05,-0.000726730446,0.001651139,-0.00451660156,-0.0113830566,-0.00445540063,-0.000131513079,-0.000130050277,5.92253746E-05,0.002506569,0.00111479335,4.904085,0.0599848442,0.156816959,0.05746737,0.00025725778,-0.000381785561,1.12805965E-05,0.002524808,0.00113507814,4.880399,-0.0213317871,-0.0158996582,0.05954181,2.84081052E-05,-7.485137E-05,0.00124076568,-0.0020352304,-0.001956228,1.06839788,0.117098577,-0.140563965,0.04000647,0.00387704,0.04396328,0.00129889743,-0.00194458663,-0.00250407285,1.04814494,-0.07293701,-0.117858887,0.0340809636,0.0007535851,0.0354116,-0.550016165,2.1321528,2.73881,3.51421022
483,9.6599965773809515,2953,0,0,0,0,0,-5.77896135E-05,0,-0.000901588937,-5.77896135E-05,0,-0.000901588937,1,0,0,1,1.15579178E-06,0,1.80317711E-05,0,0,0,-0.000536960142,-0.00147558749,-0.000220042624,-0.151092529,0.008078864,0.04611289,0.00180826581,-0.000180901829,0.00250282884,0.000287998584,4.35709953E-05,-0.0008310421,0.0212673433,0.0190373547,0.122731723,-0.00422723964,-0.000351057824,-0.00158810127,-2.67460237E-05,8.428097E-05,-0.0007265714,0.00165298255,-0.00451660156,-0.0113830566,-0.00445327,-0.000134317961,-0.000145021346,5.90664276E-05,0.00251294672,0.00111477775,4.90408,0.0599832274,0.156819776,0.0574655868,0.000255563325,-0.0003855547,1.13414808E-05,0.002529487,0.0011351055,4.8803997,-0.0213317871,-0.0158996582,0.059541218,2.591004E-05,-7.979276E-05,0.0012399666,-0.00203415751,-0.00195649662,1.06840086,0.117102139,-0.140563965,0.04001756,0.0038779648,0.04395546,0.00129819638,-0.00194342434,-0.00250446983,1.04814231,-0.07293701,-0.117858887,0.03408984,0.0007539913,0.0353995822,-0.5500161,2.13215256,2.73881,3.51421022
484,9.6799965702947848,2958,0,0,0,0,0,-0.000115067858,0,-0.0009016014,-0.000115067858,0,-0.0009016014,1,0,0,1,2.30135629E-06,-5.96046448E-06,1.803202E-05,0,0,0,-0.0005340802,-0.00148130953,-0.000220029135,-0.151092529,0.008078913,0.046109166,0.00180894753,-0.000180014293,0.00249888422,0.000290399767,3.413856E-05,-0.0008314192,0.0212721769,0.0190380961,0.122741595,-0.00422780076,-0.000348569185,-0.00157236,-2.423432E-05,7.493794E-05,-0.0007267605,0.00165124517,-0.00451660156,-0.0113830566,-0.00445547374,-0.0001316395,-0.000129994776,5.891476E-05,0.00250452757,0.0011153908,4.904076,0.0599842966,0.156818092,0.0574682765,0.000257468,-0.000380881276,1.13102151E-05,0.00252485275,0.00113503658,4.880399,-0.0213317871,-0.0158996582,0.05954182,2.7715223E-05,-7.495712E-05,0.00124031282,-0.00203867257,-0.00195503654,1.06836033,0.117103793,-0.140563965,0.0399803035,0.00387824839,0.0439586043,0.00129898312,-0.001944527,-0.00250400649,1.04814649,-0.07293701,-0.117858887,0.0340813622,0.000753525645,0.0354122445,-0.550016165,2.1321528,2.73881,3.51421022
485,9.6999965632086163,2964,0,0,0,0,0,-5.778338E-05,0,-0.0009015911,-5.778338E-05,0,-0.0009015911,1,0,0,1,1.15566718E-06,1.49011612E-08,1.80318148E-05,0,0,0,-0.0005369959,-0.00147557259,-0.0002200485,-0.151092529,0.008078302,0.0461131744,0.00180835591,-0.000180749848,0.002503045,0.000288165436,4.36455E-05,-0.0008311906,0.0212771259,0.0190369133,0.122732684,-0.004228036,-0.000351049879,-0.00158890034,-2.67066716E-05,8.434057E-05,-0.000726586848,0.00165299978,-0.00451660156,-0.0113830566,-0.00445331773,-0.000134288988,-0.000145190614,5.889171E-05,0.00251539052,0.00111493026,4.90407276,0.05998389,0.156820938,0.05746644,0.000254301936,-0.000384521671,1.1339489E-05,0.00252945721,0.00113505719,4.880399,-0.0213317871,-0.0158996582,0.0595411658,2.72094985E-05,-7.961486E-05,0.00124018732,-0.00202995539,-0.00195713155,1.06839907,0.117098793,-0.140563965,0.0400371067,0.0038755096,0.04395191,0.00129787927,-0.00194354355,-0.0025044973,1.04814219,-0.07293701,-0.117858887,0.034089148,0.0007542345,0.035394948,-0.5500161,2.13215256,2.73881,3.51421022
486,9.7199965561224477,2970,0,0,0,0,0,-0.000115066221,0,-0.000901593652,-0.000115066221,0,-0.000901593652,1,0,0,1,2.30132355E-06,-5.96046448E-06,1.80318657E-05,0,0,0,-0.000534063554,-0.00148133934,-0.000220022761,-0.151092529,0.008078408,0.0461091846,0.001809181,-0.000179979033,0.00249909353,0.000290410739,3.413856E-05,-0.0008316927,0.0212805849,0.0190376677,0.122743048,-0.0042291563,-0.000348565838,-0.00157242955,-2.42485421E-05,7.495284E-05,-0.0007267416,0.00165127881,-0.00451660156,-0.0113830566,-0.004455382,-0.0001314794,-0.000129934691,5.95097372E-05,0.00250464678,0.00111477019,4.90406847,0.0599842221,0.1568198,0.057467375,0.0002572554,-0.000382419879,1.11921281E-05,0.00252485275,0.00113506778,4.880399,-0.0213317871,-0.0158996582,0.05954181,2.749304E-05,-7.46853E-05,0.0012407226,-0.00203852355,-0.00195544236,1.0683583,0.11709886,-0.140563965,0.0399870872,0.00387830287,0.04396631,0.0012988986,-0.00194448233,-0.00250399648,1.04814661,-0.07293701,-0.117858887,0.03408053,0.000753597938,0.0354114138,-0.550016165,2.1321528,2.73881,3.51421022
487,9.739996549036281,2976,0,0,0,0,0,-5.777456E-05,0,-0.000901594758,-5.777456E-05,0,-0.000901594758,1,0,0,1,1.15549074E-06,1.49011612E-08,1.80318875E-05,0,0,0,-0.000536974636,-0.00147557259,-0.0002200511,-0.151092529,0.008077893,0.0461131372,0.00180819735,-0.000180795658,0.00250304444,0.0002880994,4.36306E-05,-0.0008313719,0.0212843269,0.0190364737,0.122732922,-0.00422894536,-0.0003510379,-0.00158856739,-2.67482737E-05,8.432567E-05,-0.0007265871,0.00165307662,-0.00451660156,-0.0113830566,-0.00445330469,-0.000134238027,-0.000144979669,5.930665E-05,0.00251477957,0.001114382,4.90406466,0.05998309,0.156820536,0.05746539,0.000255235354,-0.000385933148,1.13287806E-05,0.00252945721,0.00113507768,4.880399,-0.0213317871,-0.0158996582,0.0595411137,2.67788109E-05,-7.973477E-05,0.00124038814,-0.00203108788,-0.00195735134,1.06839108,0.117098846,-0.140563965,0.04003772,0.00387648,0.0439583026,0.00129810348,-0.00194351375,-0.00250447937,1.04814243,-0.07293701,-0.117858887,0.0340896547,0.0007540851,0.0353982039,-0.5500161,2.13215256,2.73881,3.51421022
488,9.7599965419501125,2981,0,0,0,0,0,-0.000115077906,0,-0.0009015981,-0.000115077906,0,-0.0009015981,1,0,0,1,2.30155729E-06,-5.96046448E-06,1.80319548E-05,0,0,0,-0.0005340591,-0.00148132443,-0.000220028393,-0.151092529,0.008078,0.0461091734,0.00180893345,-0.00017985965,0.00249900576,0.000290701661,3.413856E-05,-0.0008318558,0.0212869644,0.0190373454,0.122742727,-0.00422997,-0.000348479254,-0.001573875,-2.42254973E-05,7.495284E-05,-0.000726737839,0.00165135029,-0.00451660156,-0.0113830566,-0.00445537549,-0.000131430061,-0.000130040353,5.93238146E-05,0.00250457227,0.00111446192,4.90406,0.0599833541,0.156819046,0.0574670061,0.0002570957,-0.000380951329,1.11989893E-05,0.002524823,0.00113505241,4.880399,-0.0213317871,-0.0158996582,0.0595417731,2.79264659E-05,-7.463346E-05,0.0012407,-0.00203873217,-0.001955445,1.06835723,0.117099404,-0.140563965,0.0399872139,0.00387856574,0.0439671874,0.001298965,-0.00194454193,-0.002504062,1.04814684,-0.07293701,-0.117858887,0.03408173,0.000753442931,0.03541185,-0.550016165,2.1321528,2.73881,3.51421022
489,9.7799965348639457,2982,0,0,0,0,0,-5.77752653E-05,0,-0.000901592255,-5.77752653E-05,0,-0.000901592255,1,0,0,1,1.15550483E-06,1.49011612E-08,1.80318384E-05,0,0,0,-0.000536941341,-0.00147555768,-0.000220039277,-0.151092529,0.00807751,0.0461129248,0.0018083204,-0.000180646079,0.00250344886,0.00028806433,4.36604023E-05,-0.00083153625,0.0212899111,0.0190362055,0.122732885,-0.00422977051,-0.000350992137,-0.00158839731,-2.67122923E-05,8.435547E-05,-0.000726577768,0.00165318232,-0.00451660156,-0.0113830566,-0.0044532693,-0.000134160233,-0.000145163722,5.930821E-05,0.002515316,0.00111404224,4.904056,0.0599827953,0.156821072,0.0574649051,0.000255163322,-0.00038602142,1.14617915E-05,0.00252944231,0.00113508012,4.880399,-0.0213317871,-0.0158996582,0.0595411733,2.73816677E-05,-7.994411E-05,0.00124035,-0.0020301044,-0.00195764145,1.0683949,0.117099032,-0.140563965,0.0400433466,0.00387626328,0.0439566225,0.00129791629,-0.00194360316,-0.00250447681,1.04814124,-0.07293701,-0.117858887,0.0340884,0.0007542368,0.03539582,-0.5500161,2.13215256,2.73881,3.51421022
490,9.7999965277777772,2983,0,0,0,0,0,-0.00011508687,0,-0.000901594467,-0.00011508687,0,-0.000901594467,1,0,0,1,2.30173646E-06,-5.96046448E-06,1.80318821E-05,0,0,0,-0.000534011342,-0.00148133934,-0.000220034126,-0.151092529,0.008077773,0.04610876,0.00180895615,-0.000179808136,0.00249958271,0.000290730473,3.412366E-05,-0.0008320302,0.0212916285,0.01903716,0.122742653,-0.0042308257,-0.000348384958,-0.001574039,-2.42197566E-05,7.493794E-05,-0.00072672707,0.001651457,-0.00451660156,-0.0113830566,-0.00445533777,-0.000131302659,-0.000130083979,5.94159937E-05,0.00250464678,0.00111408229,4.904052,0.0599829741,0.156818554,0.0574664734,0.000257642852,-0.000381086924,1.11366844E-05,0.002524823,0.00113506569,4.880399,-0.0213317871,-0.0158996582,0.0595417954,2.74558788E-05,-7.445952E-05,0.00124053494,-0.00203853846,-0.00195557135,1.06836438,0.117100723,-0.140563965,0.0399895,0.00387881813,0.0439650826,0.00129891862,-0.00194455683,-0.00250407564,1.04814458,-0.07293701,-0.117858887,0.03408183,0.000753490254,0.0354114436,-0.550016165,2.1321528,2.73881,3.51421022
491,9.81999652069161,2989,0,0,0,0,0,-5.77883147E-05,0,-0.000901592255,-5.77883147E-05,0,-0.000901592255,1,0,0,1,1.15576586E-06,1.49011612E-08,1.80318384E-05,0,0,0,-0.0005369169,-0.00147555768,-0.000220041664,-0.151092529,0.008077223,0.0461126976,0.00180837745,-0.000180878,0.002503353,0.000288091484,4.36455E-05,-0.0008315813,0.0212941356,0.0190359876,0.122732513,-0.004230043,-0.000351029856,-0.00158848532,-2.6741609E-05,8.434057E-05,-0.0007266046,0.0016532283,-0.00451660156,-0.0113830566,-0.00445334753,-0.00013425402,-0.000144970283,5.91889948E-05,0.00251472,0.00111399055,4.90404749,0.05998273,0.1568204,0.0574649163,0.000255161372,-0.000385632331,1.14763916E-05,0.002529472,0.0011350998,4.880399,-0.0213317871,-0.0158996582,0.05954129,2.70365017E-05,-8.00988E-05,0.00124020828,-0.00203101337,-0.00195734552,1.06839907,0.117100328,-0.140563965,0.0400358364,0.00387663837,0.0439547449,0.001298097,-0.001943484,-0.002504441,1.04814374,-0.07293701,-0.117858887,0.0340891629,0.0007541777,0.0353983268,-0.5500161,2.13215256,2.73881,3.51421022
492,9.8399965136054419,2994,0,0,0,0,0,-0.00011508,0,-0.000901517342,-0.00011508,0,-0.000901517342,1,0,0,1,2.30159912E-06,-5.96046448E-06,1.803034E-05,0,0,0,-0.0005340845,-0.00148130953,-0.000220039423,-0.151092529,0.008077459,0.0461090542,0.001809189,-0.000179634415,0.002498901,0.0002906217,3.413856E-05,-0.0008355756,0.0212762989,0.01903703,0.122742742,-0.004248406,-0.0003482779,-0.00157357508,-2.42153E-05,7.496774E-05,-0.000726733939,0.00165137008,-0.00451660156,-0.0113830566,-0.00445542438,-0.000131071269,-0.0001301893,5.925022E-05,0.0025062263,0.00111440069,4.90414524,0.0599838942,0.1568196,0.05755377,0.000255861669,-0.000381076825,1.12893877E-05,0.00252485275,0.001135067,4.880399,-0.0213317871,-0.0158996582,0.0595418364,2.834118E-05,-7.48029E-05,0.00124122587,-0.00203691423,-0.001952803,1.068313,0.117089212,-0.140594482,0.03995969,0.00387179013,0.0439563878,0.00129883422,-0.00194448233,-0.00250407238,1.0481472,-0.07293701,-0.117858887,0.0340809971,0.000753589,0.035410475,-0.550016165,2.1321528,2.73881,3.51421022
493,9.8599965065192734,3000,0,0,0,0,0,-5.778054E-05,0,-0.0009016032,-5.778054E-05,0,-0.0009016032,1,0,0,1,1.15561033E-06,1.49011612E-08,1.80320567E-05,0,0,0,-0.0005369939,-0.00147560239,-0.0002200602,-0.151092529,0.008077541,0.04611289,0.00180826429,-0.000180248971,0.00250362861,0.000288062554,4.35858965E-05,-0.0008289376,0.0212897956,0.0190363433,0.122732721,-0.00421651267,-0.000350556074,-0.00158857531,-2.67731157E-05,8.428097E-05,-0.0007265615,0.00165307941,-0.00451660156,-0.0113830566,-0.004453425,-0.000133673209,-0.000145047292,5.94567318E-05,0.00251235068,0.00111382792,4.90402269,0.0599802025,0.156821191,0.05738106,0.000256493979,-0.000386310741,1.15301991E-05,0.00252942741,0.00113505509,4.880399,-0.0213317871,-0.0158996582,0.0595410541,2.67966388E-05,-8.033406E-05,0.00124034984,-0.002034694,-0.00196017744,1.06836545,0.1171019,-0.140563965,0.040069,0.00388454576,0.04398493,0.00129825831,-0.00194360316,-0.00250443025,1.04814053,-0.07293701,-0.117858887,0.0340893641,0.0007538429,0.03539978,-0.5500161,2.13215256,2.73881,3.51421022
494,9.8799964994331066,3007,0,0,0,0,0,-0.000115079958,0,-0.0009016373,-0.000115079958,0,-0.0009016373,1,0,0,1,2.30159822E-06,-5.96046448E-06,1.80327388E-05,0,0,0,-0.0005340068,-0.00148133934,-0.000220024493,-0.151092529,0.008077384,0.04610893,0.00180908444,-0.000180220115,0.00249899668,0.0002907043,3.413856E-05,-0.0008312932,0.0212982278,0.019036863,0.122742996,-0.00422742451,-0.000348782778,-0.00157370768,-2.41398975E-05,7.495284E-05,-0.000726775848,0.00165160326,-0.00451660156,-0.0113830566,-0.00445537129,-0.000131829409,-0.000130291679,5.93163822E-05,0.00250574946,0.00111341767,4.90402842,0.0599829219,0.156819776,0.057462424,0.000258181681,-0.000380887766,1.12094494E-05,0.002524808,0.00113507151,4.880399,-0.0213317871,-0.0158996582,0.05954195,2.86312988E-05,-7.4382755E-05,0.00124028791,-0.002036661,-0.001956298,1.0683794,0.117106184,-0.140563965,0.0400030762,0.00387890916,0.04396043,0.00129866158,-0.00194457173,-0.00250409171,1.04814494,-0.07293701,-0.117858887,0.0340806469,0.0007537994,0.0354083031,-0.550016165,2.1321528,2.73881,3.51421022
495,9.8999964923469381,3013,0,0,0,0,0,-5.77549472E-05,0,-0.000901546446,-5.77549472E-05,0,-0.000901546446,1,0,0,1,1.15509852E-06,1.49011612E-08,1.80309216E-05,0,0,0,-0.0005369505,-0.00147560239,-0.000220049027,-0.151092529,0.008076862,0.0461127721,0.00180822343,-0.000180720061,0.00250359974,0.000287997071,4.36007977E-05,-0.000834854436,0.0212832056,0.0190358683,0.1227329,-0.004246292,-0.000350865128,-0.00158809172,-2.69514185E-05,8.428097E-05,-0.0007265684,0.00165330188,-0.00451660156,-0.0113830566,-0.00445323857,-0.000134021466,-0.000144012549,5.86838869E-05,0.002515003,0.00111479359,4.90413,0.05998387,0.156821862,0.057552617,0.000254395534,-0.000384660118,1.140056E-05,0.00252951682,0.00113506441,4.880399,-0.0213317871,-0.0158996582,0.05954111,2.62202248E-05,-8.066762E-05,0.00124027289,-0.0020314455,-0.00195365632,1.068333,0.117098086,-0.140594482,0.03998481,0.00387025625,0.0439351238,0.00129820406,-0.00194340944,-0.00250448054,1.04814231,-0.07293701,-0.117858887,0.0340899043,0.0007539557,0.03539958,-0.5500161,2.13215256,2.73881,3.51421022
496,9.9199964852607714,3020,0,0,0,0,0,-0.000115068586,0,-0.000901431,-0.000115068586,0,-0.000901431,1,0,0,1,2.30137084E-06,-5.96046448E-06,1.80286133E-05,0,0,0,-0.000534088467,-0.00148135424,-0.000220039932,-0.151092529,0.008077783,0.046108976,0.00180912111,-0.000178985356,0.00249923673,0.0002905186,3.41981649E-05,-0.000836709864,0.0212563686,0.0190376714,0.122743346,-0.004253587,-0.0003476323,-0.00157338125,-2.45336123E-05,7.50124454E-05,-0.000726717233,0.00165121164,-0.00451660156,-0.0113830566,-0.00445570424,-0.000130313827,-0.000128937,5.947328E-05,0.002508834,0.00111417309,4.904211,0.0599845164,0.156819686,0.05755682,0.000254000362,-0.000382036349,1.12491844E-05,0.002524823,0.00113503681,4.880399,-0.0213317871,-0.0158996582,0.059541747,2.8518225E-05,-7.574392E-05,0.00124265742,-0.002033189,-0.00195416575,1.06826615,0.1170745,-0.140594482,0.03999525,0.003869577,0.04397851,0.00129894575,-0.00194454193,-0.00250401022,1.04814684,-0.07293701,-0.117828369,0.0340811461,0.0007535636,0.0354119241,-0.550016165,2.1321528,2.73881,3.51421022
497,9.9399964781746029,3026,0,0,0,0,0,-5.780546E-05,0,-0.0009014675,-5.780546E-05,0,-0.0009014675,1,0,0,1,1.15610874E-06,1.49011612E-08,1.80293428E-05,0,0,0,-0.000536983949,-0.00147560239,-0.000220061091,-0.151092529,0.008078391,0.0461127274,0.001808337,-0.000179834446,0.00250368,0.000288194016,4.36007977E-05,-0.0008328829,0.02124686,0.01903726,0.1227323,-0.004235762,-0.000350250019,-0.00158952666,-2.68471576E-05,8.428097E-05,-0.0007265685,0.00165281468,-0.00451660156,-0.0113830566,-0.004453763,-0.000133032168,-0.000144972146,6.02829532E-05,0.00251294672,0.00111233222,4.904182,0.0599797554,0.156819046,0.0574647151,0.000255753723,-0.000388199434,1.12702483E-05,0.00252944231,0.001135072,4.880399,-0.0213317871,-0.0158996582,0.0595411919,2.771709E-05,-7.98080146E-05,0.001242327,-0.00203606486,-0.00195847731,1.06826735,0.117079593,-0.140594482,0.0400588028,0.00388022745,0.0440132134,0.00129806122,-0.00194345415,-0.002504452,1.04814219,-0.07293701,-0.117858887,0.0340890773,0.0007539999,0.0353969857,-0.5500161,2.13215256,2.73881,3.51421022
498,9.9599964710884343,3033,0,0,0,0,0,-0.000115106239,0,-0.0009015006,-0.000115106239,0,-0.0009015006,1,0,0,1,2.302124E-06,-5.94556332E-06,1.80300049E-05,0,0,0,-0.00053404615,-0.00148132443,-0.000220034563,-0.151092529,0.008079048,0.04610892,0.00180909678,-0.000179330775,0.00249910215,0.000290983939,3.41832638E-05,-0.0008327381,0.0212434512,0.0190383326,0.12274041,-0.004233984,-0.0003482197,-0.00157553889,-2.42943461E-05,7.498264E-05,-0.0007267543,0.00165113527,-0.00451660156,-0.0113830566,-0.004455723,-0.000131007168,-0.000129947133,6.04456727E-05,0.00250691175,0.00111102744,4.90416145,0.0599797256,0.156814709,0.0574608669,0.000257733249,-0.000383015868,1.124691E-05,0.002524808,0.00113503612,4.880399,-0.0213317871,-0.0158996582,0.0595418364,2.8260336E-05,-7.493307E-05,0.00124244322,-0.00203670561,-0.001958711,1.06830025,0.117081411,-0.140563965,0.0400562957,0.00388082513,0.0440146923,0.00129896,-0.00194455683,-0.00250405981,1.04814589,-0.07293701,-0.117858887,0.034081623,0.00075346313,0.0354118235,-0.550016165,2.1321528,2.73881,3.51421022
499,9.9799964640022676,3040,0,0,0,0,0,-5.782447E-05,0,-0.00090151187,-5.782447E-05,0,-0.00090151187,1,0,0,1,1.15648891E-06,1.49011612E-08,1.803023E-05,0,0,0,-0.000536929467,-0.00147558749,-0.000220051821,-0.151092529,0.00807895,0.0461126529,0.00180828909,-0.000180364208,0.0025034,0.000288379437,4.36007977E-05,-0.0008319571,0.0212428067,0.0190372337,0.122728139,-0.004231568,-0.000350884,-0.00159014028,-2.676035E-05,8.429587E-05,-0.000726592552,0.00165290537,-0.00451660156,-0.0113830566,-0.00445352029,-0.0001339896,-0.0001450872,5.983719E-05,0.00251339376,0.00111141137,4.904143,0.0599787124,0.156814009,0.057459522,0.000256946281,-0.0003863735,1.13497736E-05,0.00252944231,0.00113503844,4.880399,-0.0213317871,-0.0158996582,0.0595410764,2.69636639E-05,-7.981064E-05,0.00124092982,-0.002034843,-0.00195852341,1.06834483,0.1170911,-0.140533447,0.04005545,0.00388102978,0.0439878069,0.0012981093,-0.00194351375,-0.00250448659,1.04814148,-0.07293701,-0.117858887,0.0340896659,0.0007540494,0.0353981853,-0.5500161,2.13215256,2.73881,3.51421022
500,9.9999964569160991,3046,0,0,0,0,0,-0.000115099327,0,-0.0009015115,-0.000115099327,0,-0.0009015115,1,0,0,1,2.30198566E-06,-5.94556332E-06,1.80302231E-05,0,0,0,-0.000534078747,-0.00148129463,-0.000220031769,-0.151092529,0.008079311,0.046109125,0.00180898886,-0.000179692812,0.00249888236,0.00029072148,3.41683626E-05,-0.0008323294,0.0212425776,0.0190383289,0.122737877,-0.00423203548,-0.0003482119,-0.00157415634,-2.42570914E-05,7.49975443E-05,-0.000726745,0.00165108091,-0.00451660156,-0.0113830566,-0.00445558643,-0.000131203065,-0.000130065688,5.959362E-05,0.00250700116,0.001112231,4.904127,0.05998098,0.156813249,0.0574629121,0.0002576022,-0.000381485646,1.12010648E-05,0.00252483785,0.00113505381,4.880399,-0.0213317871,-0.0158996582,0.0595418327,2.82416731E-05,-7.469013E-05,0.00124101352,-0.002035305,-0.00195754459,1.06837189,0.117090948,-0.140533447,0.0400309153,0.00387930125,0.0439785048,0.00129879976,-0.00194455683,-0.002504043,1.0481472,-0.07293701,-0.117858887,0.03408089,0.00075375603,0.0354104079,-0.550016165,2.1321528,2.73881,3.51421022
501,10.019996449829932,3053,0,0,0,0,0,-5.78154868E-05,0,-0.000901539461,-5.78154868E-05,0,-0.000901539461,1,0,0,1,1.15630928E-06,0,1.80307816E-05,0,0,0,-0.000537023,-0.001475215,-0.000220045476,-0.151092529,0.008079196,0.0461124554,0.00180857978,-0.000180327959,0.00250589941,0.000288234442,4.35858965E-05,-0.000831373152,0.0212453753,0.0190374479,0.1227282,-0.00422866736,-0.000350722665,-0.00158941234,-2.67875766E-05,8.428097E-05,-0.0007265585,0.001652882,-0.00451660156,-0.0113830566,-0.00445337128,-0.000134009126,-0.0001449525,5.900841E-05,0.00251293182,0.00111333793,4.90411472,0.0599810667,0.156815678,0.05746292,0.0002564576,-0.000384483137,1.13272836E-05,0.00252945721,0.00113503565,4.880399,-0.0213317871,-0.0158996582,0.0595409647,2.63571765E-05,-7.98607944E-05,0.00123988045,-0.00203448534,-0.00195720769,1.06839025,0.11709746,-0.140533447,0.0400276221,0.003879597,0.043959748,0.00129820849,-0.00194345415,-0.00250455085,1.04813981,-0.07293701,-0.117858887,0.0340907723,0.00075364986,0.0353983678,-0.5500161,2.13215256,2.73881,3.51421022
502,10.039996442743764,3060,0,0,0,0,0,-0.000115042712,0,-0.0009015471,-0.000115042712,0,-0.0009015471,1,0,0,1,2.30085334E-06,-5.96046448E-06,1.80309344E-05,0,0,0,-0.0005339593,-0.00148200989,-0.000220061513,-0.151092529,0.008079566,0.0461101457,0.00180896453,-0.000179610477,0.00249430933,0.0002903142,3.41981649E-05,-0.000831756,0.0212484878,0.0190386623,0.12273854,-0.00422918331,-0.000348131463,-0.00157216343,-2.42161677E-05,7.49975443E-05,-0.000726755534,0.001651004,-0.00451660156,-0.0113830566,-0.004455679,-0.000131186927,-0.000130312386,5.89900119E-05,0.002506569,0.001114097,4.90410471,0.059983395,0.156814545,0.057466127,0.00025732725,-0.000381248654,1.11629242E-05,0.00252483785,0.001135014,4.880399,-0.0213317871,-0.0158996582,0.0595418066,2.89279069E-05,-7.44391145E-05,0.00124046113,-0.00203529,-0.00195645588,1.0683943,0.117095083,-0.140533447,0.0400097519,0.00387795642,0.0439614169,0.00129865634,-0.00194458663,-0.00250408682,1.04814565,-0.07293701,-0.117858887,0.0340810157,0.0007539116,0.0354085751,-0.550016165,2.1321528,2.73881,3.51421022
503,10.059996435657595,3066,0,0,0,0,0,-5.783336E-05,0,-0.000901575433,-5.783336E-05,0,-0.000901575433,1,0,0,1,1.15666671E-06,0,1.80315019E-05,0,0,0,-0.0005371088,-0.00147500634,-0.000220023416,-0.151092529,0.008079275,0.0461119339,0.0018084934,-0.000180591451,0.00250744773,0.000287909847,4.35560942E-05,-0.000831018435,0.02125351,0.0190375615,0.122729391,-0.004227052,-0.000350970455,-0.00158767949,-2.67490686E-05,8.42362642E-05,-0.000726601,0.001652765,-0.00451660156,-0.0113830566,-0.00445346441,-0.00013426537,-0.000145030557,5.86792848E-05,0.0025112927,0.00111474178,4.90409756,0.0599826835,0.156817287,0.05746556,0.000256162224,-0.0003847539,1.13324377E-05,0.002529472,0.0011350268,4.880399,-0.0213317871,-0.0158996582,0.0595411,2.60661782E-05,-7.977275E-05,0.00123964041,-0.0020340085,-0.00195651874,1.068402,0.117101461,-0.140563965,0.0400178,0.00387830217,0.04395063,0.00129814679,-0.00194354355,-0.00250448543,1.04814088,-0.07293701,-0.117858887,0.034089867,0.0007540288,0.0353989266,-0.5500161,2.13215256,2.73881,3.51421022
504,10.079996428571429,3072,0,0,0,0,0,-0.00011503166,0,-0.000901566469,-0.00011503166,0,-0.000901566469,1,0,0,1,2.30063233E-06,-5.94556332E-06,1.80313218E-05,0,0,0,-0.0005339866,-0.00148159266,-0.00022004178,-0.151092529,0.00807935,0.04610972,0.00180906348,-0.000179877359,0.00249726139,0.000290467375,3.42130661E-05,-0.0008315977,0.0212578624,0.0190386213,0.122740433,-0.00422849646,-0.00034827707,-0.00157285668,-2.42542283E-05,7.50124454E-05,-0.0007267192,0.001651044,-0.00451660156,-0.0113830566,-0.004455415,-0.00013134515,-0.000130053813,5.881673E-05,0.00250709057,0.00111472281,4.90409136,0.0599847622,0.156816468,0.0574672967,0.000256474566,-0.0003802755,1.12497009E-05,0.002524823,0.00113505963,4.880399,-0.0213317871,-0.0158996582,0.0595418,2.85512178E-05,-7.480699E-05,0.00124060351,-0.00203436613,-0.00195633271,1.068401,0.117095962,-0.140563965,0.0400098041,0.003876834,0.04396016,0.00129883876,-0.00194457173,-0.00250408729,1.04814565,-0.07293701,-0.117858887,0.0340814069,0.0007535478,0.03541016,-0.550016165,2.1321528,2.73881,3.51421022
505,10.09999642148526,3078,0,0,0,0,0,-5.780173E-05,0,-0.0009015827,-5.780173E-05,0,-0.0009015827,1,0,0,1,1.15603416E-06,1.49011612E-08,1.80316474E-05,0,0,0,-0.000537034648,-0.00147530437,-0.000220032918,-0.151092529,0.008078931,0.046112448,0.00180824031,-0.0001807572,0.00250477786,0.000287735631,4.35858965E-05,-0.00083102216,0.02126291,0.01903738,0.122730777,-0.00422714232,-0.0003511111,-0.00158677832,-2.67476025E-05,8.429587E-05,-0.0007266035,0.00165282539,-0.00451660156,-0.0113830566,-0.0044534253,-0.000134354443,-0.000145002254,5.892752E-05,0.00251299143,0.0011147639,4.904085,0.05998343,0.156818688,0.057465516,0.0002557011,-0.000386087137,1.1262031E-05,0.002529472,0.00113504636,4.880399,-0.0213317871,-0.0158996582,0.0595411547,2.5675432E-05,-7.959269E-05,0.0012399985,-0.002034083,-0.00195649918,1.06840289,0.117100537,-0.140563965,0.0400173441,0.00387783162,0.0439552553,0.00129811279,-0.00194342434,-0.00250447774,1.04814184,-0.07293701,-0.117858887,0.03408962,0.000754131062,0.0353989229,-0.5500161,2.13215256,2.73881,3.51421022
506,10.119996414399093,3084,0,0,0,0,0,-0.000115035211,0,-0.000901574444,-0.000115035211,0,-0.000901574444,1,0,0,1,2.30070327E-06,-5.96046448E-06,1.80314819E-05,0,0,0,-0.000533995742,-0.00148159266,-0.000220043323,-0.151092529,0.008079044,0.046109695,0.00180911331,-0.000179755618,0.00249755429,0.00029056,3.41981649E-05,-0.0008317071,0.0212666821,0.0190383829,0.122741632,-0.004229074,-0.000348308618,-0.00157329789,-2.42644965E-05,7.50124454E-05,-0.0007267232,0.001651059,-0.00451660156,-0.0113830566,-0.004455424,-0.0001313554,-0.000129978522,5.92395081E-05,0.00250652432,0.00111464306,4.90408,0.0599846952,0.156817243,0.057467334,0.000257136824,-0.000381115358,1.1236104E-05,0.00252483785,0.00113506243,4.880399,-0.0213317871,-0.0158996582,0.0595417768,2.8546332E-05,-7.480387E-05,0.00124069164,-0.00203531981,-0.00195615739,1.06839681,0.117098242,-0.140563965,0.0400063433,0.00387714,0.0439630039,0.00129884877,-0.00194455683,-0.002504081,1.04814684,-0.07293701,-0.117858887,0.03408133,0.00075354625,0.0354103558,-0.550016165,2.1321528,2.73881,3.51421022
507,10.139996407312925,3089,0,0,0,0,0,-5.78091422E-05,0,-0.000901609,-5.78091422E-05,0,-0.000901609,1,0,0,1,1.15618241E-06,0,1.80321731E-05,0,0,0,-0.000536969863,-0.00147527456,-0.00022003433,-0.151092529,0.008078755,0.0461121835,0.00180829107,-0.0001806087,0.00250577368,0.000287992152,4.35560942E-05,-0.000830838457,0.0212724842,0.0190372746,0.122732021,-0.00422621472,-0.0003509844,-0.00158806716,-2.67632349E-05,8.42362642E-05,-0.000726580969,0.001652875,-0.00451660156,-0.0113830566,-0.00445333729,-0.000134236237,-0.000144938327,5.886525E-05,0.00251150131,0.00111537892,4.904076,0.0599829629,0.156821117,0.057466466,0.0002564067,-0.000385006133,1.13427022E-05,0.002529472,0.00113506988,4.880399,-0.0213317871,-0.0158996582,0.059541136,2.6270036E-05,-7.984592E-05,0.00123958709,-0.00203670561,-0.00195565354,1.06837237,0.117107689,-0.140563965,0.0399988927,0.00387895829,0.0439514555,0.00129819149,-0.00194343925,-0.00250443351,1.04814172,-0.07293701,-0.117858887,0.0340895131,0.000753858243,0.0353985429,-0.5500161,2.13215256,2.73881,3.51421022
508,10.159996400226756,3095,0,0,0,0,0,-0.000115030613,0,-0.000901580555,-0.000115030613,0,-0.000901580555,1,0,0,1,2.30061141E-06,-5.94556332E-06,1.80316038E-05,0,0,0,-0.0005339165,-0.00148198009,-0.000220047077,-0.151092529,0.008078767,0.0461100042,0.00180897431,-0.00017985981,0.00249445578,0.00029031423,3.425777E-05,-0.000831807,0.0212761648,0.0190382134,0.122742742,-0.004229661,-0.0003484219,-0.00157200452,-2.41924918E-05,7.505715E-05,-0.0007267319,0.00165119872,-0.00451660156,-0.0113830566,-0.004455399,-0.000131431822,-0.000130278335,5.92209544E-05,0.002508372,0.00111478614,4.904072,0.0599857233,0.156819269,0.05746792,0.0002556328,-0.0003819915,1.11617264E-05,0.00252483785,0.001135096,4.880399,-0.0213317871,-0.0158996582,0.0595419332,2.88587617E-05,-7.438106E-05,0.00124104193,-0.00203201175,-0.001956671,1.0683912,0.117094994,-0.140563965,0.0400198251,0.0038749862,0.04396155,0.00129864842,-0.00194454193,-0.00250410475,1.04814684,-0.07293701,-0.117858887,0.03408083,0.00075382035,0.0354082026,-0.550016165,2.1321528,2.73881,3.51421022
509,10.179996393140589,3100,0,0,0,0,0,-5.783502E-05,0,-0.0009016068,-5.783502E-05,0,-0.0009016068,1,0,0,1,1.15669991E-06,0,1.803213E-05,0,0,0,-0.000537104,-0.00147496164,-0.000220028887,-0.151092529,0.008078237,0.0461118631,0.00180850876,-0.000180919364,0.002507167,0.0002880605,4.3541193E-05,-0.0008310524,0.0212808065,0.0190367661,0.122733042,-0.00422742171,-0.000351274037,-0.00158829358,-2.67299347E-05,8.42362642E-05,-0.0007265943,0.00165304041,-0.00451660156,-0.0113830566,-0.00445329351,-0.000134420043,-0.000144988488,5.921207E-05,0.00251106918,0.00111495331,4.904068,0.0599828362,0.1568214,0.0574659444,0.000256418425,-0.000385766674,1.13299493E-05,0.002529472,0.00113506685,4.880399,-0.0213317871,-0.0158996582,0.05954116,2.59504523E-05,-7.972496E-05,0.00123990956,-0.00203737617,-0.001955652,1.06836712,0.117105529,-0.140563965,0.0399979278,0.00387900625,0.0439573042,0.00129814784,-0.00194345415,-0.002504456,1.04814148,-0.07293701,-0.117858887,0.0340893269,0.000754038745,0.0353989936,-0.5500161,2.13215256,2.73881,3.51421022
510,10.199996386054421,3106,0,0,0,0,0,-0.000115012968,0,-0.000901589345,-0.000115012968,0,-0.000901589345,1,0,0,1,2.30025853E-06,-5.94556332E-06,1.803178E-05,0,0,0,-0.000533939048,-0.00148193538,-0.000220027228,-0.151092529,0.008078229,0.0461101681,0.001808779,-0.000179864917,0.00249522831,0.000290623,3.424287E-05,-0.0008319676,0.0212836582,0.0190377515,0.1227435,-0.00423047831,-0.0003483365,-0.00157356227,-2.42202841E-05,7.504225E-05,-0.000726726954,0.00165129965,-0.00451660156,-0.0113830566,-0.00445535872,-0.000131359207,-0.000130145709,5.943522E-05,0.00250832736,0.00111437077,4.9040637,0.0599850975,0.156819612,0.057467252,0.000256163534,-0.000381508755,1.11145309E-05,0.002524823,0.00113509665,4.880399,-0.0213317871,-0.0158996582,0.0595419221,2.81070752E-05,-7.436707E-05,0.00124112854,-0.00203219056,-0.00195693318,1.06838584,0.117097095,-0.140563965,0.0400238261,0.0038754493,0.0439647436,0.0012987752,-0.00194454193,-0.00250403467,1.04814756,-0.07293701,-0.117858887,0.0340807363,0.0007537621,0.0354099534,-0.550016165,2.1321528,2.73881,3.51421022
511,10.219996378968254,3112,0,0,0,0,0,-5.78266954E-05,0,-0.000901602849,-5.78266954E-05,0,-0.000901602849,1,0,0,1,1.15653347E-06,0,1.803205E-05,0,0,0,-0.0005370267,-0.00147493184,-0.0002200391,-0.151092529,0.00807794649,0.0461118147,0.00180832238,-0.000180703122,0.00250811712,0.000288137526,4.35709953E-05,-0.000831275363,0.0212871861,0.0190365314,0.122733071,-0.004228475,-0.000351087423,-0.00158872607,-2.67672149E-05,8.426607E-05,-0.000726574042,0.00165313657,-0.00451660156,-0.0113830566,-0.004453246,-0.000134261092,-0.000144853344,5.92460856E-05,0.00251160562,0.00111444283,4.90406,0.05998228,0.156821266,0.057465177,0.000255926658,-0.000385635562,1.14484073E-05,0.00252944231,0.001135056,4.880399,-0.0213317871,-0.0158996582,0.05954106,2.621059E-05,-8.01384E-05,0.00123998628,-0.0020365566,-0.00195611734,1.068367,0.117104046,-0.140563965,0.040006116,0.00387912919,0.0439591967,0.001298209,-0.00194345415,-0.002504498,1.04814053,-0.07293701,-0.117858887,0.034090247,0.000753764063,0.03539868,-0.5500161,2.13215256,2.73881,3.51421022
512,10.239996371882086,3117,0,0,0,0,0,-0.00011504189,0,-0.0009015704,-0.00011504189,0,-0.0009015704,1,0,0,1,2.300837E-06,-5.94556332E-06,1.80314019E-05,0,0,0,-0.0005338918,-0.00148196518,-0.000220047485,-0.151092529,0.00807792,0.0461099222,0.00180927012,-0.000179871058,0.00249467068,0.000290679163,3.424287E-05,-0.0008321862,0.0212888289,0.0190374721,0.122743316,-0.004231574,-0.000348385365,-0.00157380418,-2.41959551E-05,7.505715E-05,-0.0007267597,0.00165132631,-0.00451660156,-0.0113830566,-0.004455499,-0.0001313967,-0.000130229761,5.95322854E-05,0.00250832736,0.00111391756,4.9040556,0.05998437,0.15681912,0.05746666,0.000256478961,-0.00038158425,1.13465485E-05,0.002524823,0.00113503775,4.880399,-0.0213317871,-0.0158996582,0.0595418066,2.82643468E-05,-7.49092142E-05,0.00124102458,-0.00203220546,-0.00195697439,1.06839252,0.117096774,-0.140563965,0.0400253423,0.00387570169,0.0439642631,0.00129886717,-0.00194460154,-0.00250406819,1.04814589,-0.07293701,-0.117858887,0.0340813659,0.000753798755,0.0354118273,-0.550016165,2.1321528,2.73881,3.51421022
513,10.259996364795917,3124,0,0,0,0,0,-5.78278778E-05,0,-0.000901609368,-5.78278778E-05,0,-0.000901609368,1,0,0,1,1.15655712E-06,0,1.803218E-05,0,0,0,-0.0005370681,-0.00147494674,-0.00022003983,-0.151092529,0.008077541,0.046111837,0.00180825137,-0.000180782386,0.00250768755,0.000288152543,4.35560942E-05,-0.0008313363,0.02129182,0.0190361775,0.122733057,-0.00422881963,-0.000351134571,-0.00158876344,-2.67145442E-05,8.42511654E-05,-0.0007266031,0.00165305322,-0.00451660156,-0.0113830566,-0.00445334567,-0.00013427707,-0.000145080485,5.937316E-05,0.00251105428,0.00111430674,4.904052,0.0599819943,0.156821281,0.0574649163,0.00025651796,-0.000385904859,1.15344528E-05,0.00252945721,0.00113504753,4.880399,-0.0213317871,-0.0158996582,0.05954113,2.69211869E-05,-8.0179816E-05,0.00123977615,-0.00203731656,-0.001955993,1.06836951,0.117106088,-0.140563965,0.04000117,0.00387973269,0.04395663,0.00129814283,-0.00194352865,-0.00250448752,1.048142,-0.07293701,-0.117858887,0.0340897255,0.0007540164,0.0353986137,-0.5500161,2.13215256,2.73881,3.51421022
514,10.27999635770975,3131,0,0,0,0,0,-0.000115034207,0,-0.00090158463,-0.000115034207,0,-0.00090158463,1,0,0,1,2.30068326E-06,-5.94556332E-06,1.80316856E-05,0,0,0,-0.0005339207,-0.00148196518,-0.000220042872,-0.151092529,0.00807758048,0.04610996,0.00180884614,-0.000179875977,0.00249476684,0.00029064226,3.424287E-05,-0.0008322199,0.0212933328,0.0190372653,0.1227432,-0.00423176028,-0.000348272122,-0.00157362339,-2.419634E-05,7.505715E-05,-0.0007267322,0.00165130338,-0.00451660156,-0.0113830566,-0.004455361,-0.00013127923,-0.000130236789,5.93153636E-05,0.00250831246,0.00111396471,4.904047,0.0599846169,0.156819329,0.05746687,0.000256018364,-0.000381144753,1.11732033E-05,0.002524823,0.00113508117,4.880399,-0.0213317871,-0.0158996582,0.05954184,2.81697212E-05,-7.44516947E-05,0.00124108663,-0.00203217566,-0.00195688941,1.06839609,0.117097005,-0.140563965,0.0400224328,0.00387540041,0.04396348,0.00129880931,-0.00194454193,-0.00250403746,1.04814827,-0.07293701,-0.117858887,0.0340808779,0.000753722445,0.03541036,-0.550016165,2.1321528,2.73881,3.51421022
515,10.299996350623582,3137,0,0,0,0,0,-5.78273575E-05,0,-0.0009015329,-5.78273575E-05,0,-0.0009015329,1,0,0,1,1.15654666E-06,0,1.803065E-05,0,0,0,-0.0005370879,-0.00147493184,-0.000220030968,-0.151092529,0.008077311,0.0461118929,0.00180831924,-0.000180545889,0.00250767,0.000288076466,4.35709953E-05,-0.000834944833,0.0212766044,0.01903617,0.1227331,-0.004246678,-0.0003509362,-0.00158850581,-2.67634714E-05,8.426607E-05,-0.0007265617,0.001653122,-0.00451660156,-0.0113830566,-0.004453252,-0.000133971378,-0.000144952515,5.92728829E-05,0.00251328945,0.00111441815,4.90414524,0.0599829629,0.156821579,0.05755189,0.0002548567,-0.000385963649,1.14682662E-05,0.00252942741,0.00113508524,4.880399,-0.0213317871,-0.0158996582,0.0595411,2.63823131E-05,-8.016502E-05,0.00124060758,-0.002034828,-0.001953518,1.06832421,0.117093258,-0.140594482,0.0399789475,0.00387235568,0.04394995,0.00129821466,-0.00194354355,-0.00250445749,1.04813933,-0.07293701,-0.117858887,0.0340894572,0.0007536878,0.03539848,-0.5500161,2.13215256,2.73881,3.51421022
516,10.319996343537415,3144,0,0,0,0,0,-0.000115049348,0,-0.000901574735,-0.000115049348,0,-0.000901574735,1,0,0,1,2.30098613E-06,-5.94556332E-06,1.80314873E-05,0,0,0,-0.000533952,-0.00148198009,-0.000220062007,-0.151092529,0.008077888,0.0461099669,0.00180906767,-0.000179459676,0.00249481783,0.0002907237,3.41832638E-05,-0.000829604047,0.0212886818,0.0190375559,0.12274272,-0.0042184256,-0.00034795978,-0.00157422118,-2.42403585E-05,7.498264E-05,-0.0007267462,0.00165113853,-0.00451660156,-0.0113830566,-0.004455665,-0.000130839631,-0.000130200133,5.97023754E-05,0.0025048852,0.00111372885,4.90402174,0.059981782,0.156818286,0.057382863,0.000257407053,-0.000381815946,1.12553225E-05,0.00252486765,0.00113503588,4.880399,-0.0213317871,-0.0158996582,0.059541855,2.91615415E-05,-7.474301E-05,0.00124111644,-0.00203751028,-0.00195932854,1.06836224,0.117096618,-0.140563965,0.0400461666,0.00388406077,0.0439940766,0.00129873841,-0.00194445252,-0.0025040973,1.04814792,-0.07293701,-0.117828369,0.0340813026,0.0007539383,0.0354102552,-0.550016165,2.1321528,2.73881,3.51421022
517,10.339996336451247,3150,0,0,0,0,0,-5.78074832E-05,0,-0.0009016534,-5.78074832E-05,0,-0.0009016534,1,0,0,1,1.15614921E-06,0,1.803306E-05,0,0,0,-0.000537011,-0.00147528946,-0.000220043192,-0.151092529,0.008077179,0.0461125225,0.0018083296,-0.00018099304,0.00250507868,0.000288188836,4.35709953E-05,-0.000830577163,0.0212986227,0.0190358516,0.122732207,-0.004225307,-0.000351519528,-0.0015887724,-2.67468622E-05,8.428097E-05,-0.000726616068,0.0016532517,-0.00451660156,-0.0113830566,-0.00445320737,-0.000134746821,-0.000144743113,5.9018E-05,0.0025126636,0.00111365353,4.904029,0.05998076,0.156820923,0.0574608371,0.000256819243,-0.000384826824,1.1452732E-05,0.00252944231,0.00113502587,4.880399,-0.0213317871,-0.0158996582,0.0595410839,2.5924146E-05,-8.012498E-05,0.0012393283,-0.00203473866,-0.00195688219,1.06838608,0.117108241,-0.140563965,0.04002033,0.00387988333,0.04394976,0.00129828986,-0.00194358826,-0.00250448077,1.04814065,-0.07293701,-0.117858887,0.0340902656,0.0007536225,0.0353993922,-0.5500161,2.13215256,2.73881,3.51421022
518,10.359996329365078,3157,0,0,0,0,0,-0.000115057948,0,-0.000901529333,-0.000115057948,0,-0.000901529333,1,0,0,1,2.301158E-06,-5.96046448E-06,1.803058E-05,0,0,0,-0.0005340461,-0.00148127973,-0.000220036614,-0.151092529,0.008077196,0.0461090766,0.0018092359,-0.000180019371,0.00249901484,0.000290509051,3.41832638E-05,-0.000835505,0.0212822761,0.0190368462,0.122743092,-0.00424816646,-0.0003483428,-0.00157292583,-2.43499489E-05,7.50124454E-05,-0.0007267322,0.00165139511,-0.00451660156,-0.0113830566,-0.004455338,-0.000131316148,-0.00012945151,5.887901E-05,0.00250810385,0.00111473387,4.90413,0.0599851646,0.156820759,0.0575544834,0.0002557627,-0.00038042033,1.12902717E-05,0.002524823,0.00113507011,4.880399,-0.0213317871,-0.0158996582,0.0595417768,2.83804E-05,-7.534787E-05,0.00124092656,-0.00203329325,-0.00195301953,1.06832945,0.117094375,-0.140594482,0.0399678,0.003869611,0.0439421162,0.0012988844,-0.00194455683,-0.002504034,1.04814577,-0.07293701,-0.117858887,0.03408062,0.0007536688,0.0354115777,-0.550016165,2.1321528,2.73881,3.51421022
519,10.379996322278911,3165,0,0,0,0,0,-5.779541E-05,0,-0.000901451858,-5.779541E-05,0,-0.000901451858,1,0,0,1,1.15590774E-06,1.49011612E-08,1.802903E-05,0,0,0,-0.000537044136,-0.00147558749,-0.000220041911,-0.151092529,0.008077383,0.0461131632,0.00180814858,-0.000179998751,0.0025029846,0.00028793863,4.36157E-05,-0.000836072839,0.02125667,0.0190364514,0.122733407,-0.004251856,-0.0003503002,-0.00158814306,-2.68137883E-05,8.432567E-05,-0.0007265568,0.00165286218,-0.00451660156,-0.0113830566,-0.00445355661,-0.000133157635,-0.000145025959,5.93694858E-05,0.00251579285,0.00111429009,4.90421152,0.0599831827,0.156821713,0.0575551838,0.000252948434,-0.00038668944,1.14504728E-05,0.002529487,0.00113504485,4.880399,-0.0213317871,-0.0158996582,0.059541,2.70292767E-05,-8.021587E-05,0.00124196615,-0.00203116238,-0.00195467426,1.06827509,0.117077768,-0.140594482,0.04001108,0.00386991538,0.04396979,0.00129824248,-0.00194339454,-0.0025044682,1.04814208,-0.07293701,-0.117858887,0.0340898968,0.0007539348,0.03540001,-0.5500161,2.1321528,2.73881,3.51421022
520,10.399996315192743,3171,0,0,0,0,0,-0.00011508914,0,-0.0009014543,-0.00011508914,0,-0.0009014543,1,0,0,1,2.301782E-06,-5.94556332E-06,1.8029079E-05,0,0,0,-0.0005341496,-0.00148132443,-0.000220044662,-0.151092529,0.008078563,0.0461095124,0.00180909538,-0.00017886344,0.002499199,0.0002907911,3.41981649E-05,-0.0008335375,0.0212458558,0.0190381035,0.122742541,-0.00423765369,-0.00034765806,-0.00157481653,-2.42995375E-05,7.498264E-05,-0.000726721948,0.00165094691,-0.00451660156,-0.0113830566,-0.00445581647,-0.000130238637,-0.0001301639,6.047316E-05,0.00250653923,0.00111214048,4.90418148,0.0599808544,0.156817079,0.0574662536,0.000256655272,-0.000383732,1.14488221E-05,0.002524823,0.00113506254,4.880399,-0.0213317871,-0.0158996582,0.05954185,2.94359561E-05,-7.541282E-05,0.00124309352,-0.002037242,-0.00195820583,1.06826437,0.117074363,-0.140563965,0.04004819,0.00387950754,0.0440219,0.00129890442,-0.00194455683,-0.00250402582,1.04814792,-0.07293701,-0.117858887,0.0340809152,0.000753561559,0.0354111,-0.550016165,2.1321528,2.73881,3.51421022
521,10.419996308106576,3179,0,0,0,0,0,-5.781769E-05,0,-0.0009015017,-5.781769E-05,0,-0.0009015017,1,0,0,1,1.15635339E-06,0,1.80300267E-05,0,0,0,-0.000536953,-0.00147558749,-0.00022005543,-0.151092529,0.008078687,0.0461130179,0.00180841307,-0.000180239556,0.002503532,0.00028843162,4.36007977E-05,-0.000832107966,0.0212435983,0.019037202,0.122729845,-0.0042322,-0.000350715825,-0.00159049453,-2.67642135E-05,8.429587E-05,-0.000726585451,0.00165282039,-0.00451660156,-0.0113830566,-0.0044536,-0.000133706213,-0.000145157319,6.01648135E-05,0.00251333416,0.00111106306,4.90416145,0.0599781945,0.1568156,0.057459,0.000256968837,-0.0003871148,1.13756214E-05,0.00252945721,0.00113503437,4.880399,-0.0213317871,-0.0158996582,0.05954112,2.62341619E-05,-7.991146E-05,0.00124172936,-0.00203561783,-0.001959139,1.06830585,0.117086239,-0.140563965,0.04006872,0.00388179137,0.0440075956,0.00129822944,-0.001943469,-0.00250449916,1.04814065,-0.07293701,-0.117858887,0.0340900831,0.000753851957,0.0353996977,-0.5500161,2.13215256,2.73881,3.51421022
522,10.439996301020408,3186,0,0,0,0,0,-0.000115107556,0,-0.00090149435,-0.000115107556,0,-0.00090149435,1,0,0,1,2.30215028E-06,-5.96046448E-06,1.802988E-05,0,0,0,-0.0005340656,-0.00148135424,-0.000220041315,-0.151092529,0.0080792,0.0461091,0.001809085,-0.000179440511,0.00249919016,0.00029088842,3.41981649E-05,-0.0008325985,0.02124171,0.0190382712,0.122738488,-0.0042333547,-0.0003482176,-0.0015750149,-2.424397E-05,7.50124454E-05,-0.0007267669,0.001650928,-0.00451660156,-0.0113830566,-0.00445573637,-0.000131129011,-0.000130153741,6.00017956E-05,0.00250695646,0.0011112456,4.904142,0.05998,0.156813085,0.0574611239,0.000257952721,-0.000382083846,1.11204427E-05,0.00252483785,0.00113503251,4.880399,-0.0213317871,-0.0158996582,0.0595418662,2.89660547E-05,-7.440942E-05,0.00124160317,-0.00203597546,-0.00195820816,1.06834078,0.117088333,-0.140533447,0.040044155,0.003880327,0.0439949073,0.0012987362,-0.00194461644,-0.00250405562,1.04814649,-0.07293701,-0.117858887,0.0340809077,0.000753831235,0.03540945,-0.550016165,2.1321528,2.73881,3.51421022
523,10.459996293934241,3193,0,0,0,0,0,-5.77925457E-05,0,-0.000901528634,-5.77925457E-05,0,-0.000901528634,1,0,0,1,1.15585044E-06,1.49011612E-08,1.80305651E-05,0,0,0,-0.000536969,-0.00147558749,-0.00022005738,-0.151092529,0.008079163,0.046112854,0.00180823891,-0.000180320538,0.00250361138,0.000288165582,4.35858965E-05,-0.0008316412,0.0212428849,0.01903745,0.122727454,-0.00422993,-0.0003506449,-0.00158913969,-2.68266049E-05,8.428097E-05,-0.000726577069,0.00165264169,-0.00451660156,-0.0113830566,-0.004453525,-0.000133843612,-0.000144825317,5.932483E-05,0.00251287222,0.00111238752,4.904127,0.0599799678,0.156814337,0.0574611723,0.0002567486,-0.000385636085,1.14286331E-05,0.00252945721,0.00113503367,4.880399,-0.0213317871,-0.0158996582,0.05954105,2.67140313E-05,-8.02262148E-05,0.00124022178,-0.00203500688,-0.00195779046,1.06836843,0.117095709,-0.140533447,0.0400379226,0.00388070615,0.04397111,0.00129825226,-0.00194352865,-0.00250445539,1.04814208,-0.07293701,-0.117858887,0.0340901352,0.000753790548,0.03539922,-0.5500161,2.13215256,2.73881,3.51421022
524,10.479996286848072,3200,0,0,0,0,0,-0.000115086819,0,-0.0009015301,-0.000115086819,0,-0.0009015301,1,0,0,1,2.30173555E-06,-5.94556332E-06,1.80305942E-05,0,0,0,-0.000534028164,-0.00148132443,-0.000220045738,-0.151092529,0.00807958,0.0461088829,0.00180920365,-0.00017948437,0.00249954639,0.0002905532,3.41832638E-05,-0.0008320063,0.0212446079,0.0190387256,0.122737877,-0.004230407,-0.000348097936,-0.00157335133,-2.42326587E-05,7.49975443E-05,-0.0007267192,0.001650967,-0.00451660156,-0.0113830566,-0.004455506,-0.000131175155,-0.000130221888,5.90164054E-05,0.002507031,0.00111335039,4.90411425,0.05998262,0.156813726,0.05746495,0.0002572602,-0.000380480953,1.12624684E-05,0.00252483785,0.00113509386,4.880399,-0.0213317871,-0.0158996582,0.05954188,2.81831235E-05,-7.478459E-05,0.00124067441,-0.002034828,-0.001956861,1.06838834,0.117093831,-0.140533447,0.040019013,0.00387810869,0.0439669639,0.00129880023,-0.00194449723,-0.00250402465,1.0481472,-0.07293701,-0.117858887,0.03408008,0.000753807661,0.0354109034,-0.550016165,2.1321528,2.73881,3.51421022
525,10.499996279761904,3207,0,0,0,0,0,-5.781933E-05,0,-0.0009015587,-5.781933E-05,0,-0.0009015587,1,0,0,1,1.15638613E-06,1.49011612E-08,1.80311672E-05,0,0,0,-0.000536962762,-0.00147525966,-0.00022003612,-0.151092529,0.00807943,0.0461119339,0.001808444,-0.000180478441,0.002506085,0.000288136041,4.36007977E-05,-0.0008310778,0.021249067,0.01903777,0.122728974,-0.00422723,-0.000350822025,-0.00158890279,-2.67920441E-05,8.429587E-05,-0.000726573635,0.00165279489,-0.00451660156,-0.0113830566,-0.0044534374,-0.00013408935,-0.000144907477,5.879346E-05,0.00251297653,0.001114257,4.904105,0.05998213,0.156816944,0.05746444,0.0002561055,-0.00038422193,1.15173343E-05,0.00252945721,0.00113508548,4.880399,-0.0213317871,-0.0158996582,0.05954112,2.66132247E-05,-8.037507E-05,0.00123955065,-0.002034068,-0.00195681979,1.06839681,0.117098115,-0.140563965,0.0400212668,0.00387904467,0.0439514,0.00129832653,-0.00194343925,-0.0025044193,1.04814184,-0.07293701,-0.117858887,0.0340894535,0.000753782457,0.0354006253,-0.5500161,2.13215256,2.73881,3.51421022
526,10.519996272675737,3214,0,0,0,0,0,-0.000115052215,0,-0.000901566,-0.000115052215,0,-0.000901566,1,0,0,1,2.30104342E-06,-5.96046448E-06,1.80313127E-05,0,0,0,-0.000533955346,-0.00148165226,-0.0002200352,-0.151092529,0.008079706,0.0461091176,0.00180895941,-0.000179705385,0.00249734358,0.000290484022,3.42130661E-05,-0.0008316316,0.0212530587,0.0190388765,0.122740075,-0.00422860868,-0.000348212052,-0.00157296937,-2.42053411E-05,7.50124454E-05,-0.000726736558,0.00165102363,-0.00451660156,-0.0113830566,-0.004455557,-0.000131322668,-0.000130321612,5.89914744E-05,0.00250707567,0.00111455109,4.90409756,0.05998455,0.156816378,0.0574668981,0.000257563661,-0.000380624551,1.13815859E-05,0.00252483785,0.00113510189,4.880399,-0.0213317871,-0.0158996582,0.059541896,2.832924E-05,-7.502198E-05,0.00124050654,-0.00203445554,-0.0019563993,1.06839919,0.11709819,-0.140563965,0.0400119536,0.003877146,0.04395991,0.00129888649,-0.001944527,-0.00250403024,1.04814708,-0.07293701,-0.117858887,0.03408076,0.000753743,0.0354118757,-0.550016165,2.1321528,2.73881,3.51421022
527,10.539996265589568,3221,0,0,0,0,0,-5.782256E-05,0,-0.0009015791,-5.782256E-05,0,-0.0009015791,1,0,0,1,1.15645071E-06,1.49011612E-08,1.80315747E-05,0,0,0,-0.0005369823,-0.00147525966,-0.00022004309,-0.151092529,0.008079264,0.0461120345,0.0018084473,-0.000180660922,0.00250514271,0.000287962524,4.35858965E-05,-0.000831014942,0.0212581,0.0190376677,0.122730643,-0.00422707247,-0.000351074879,-0.00158792,-2.672764E-05,8.426607E-05,-0.000726563332,0.00165298756,-0.00451660156,-0.0113830566,-0.00445325067,-0.000134365517,-0.000145112237,5.887383E-05,0.00251300633,0.0011147476,4.904091,0.0599834956,0.1568184,0.0574655272,0.000255414285,-0.000385138876,1.158467E-05,0.00252944231,0.00113511179,4.880399,-0.0213317871,-0.0158996582,0.0595411621,2.62892318E-05,-8.03791845E-05,0.00123988464,-0.0020339936,-0.001956461,1.06840479,0.117099874,-0.140563965,0.0400167666,0.00387786562,0.043953415,0.00129828206,-0.00194358826,-0.00250442838,1.04814112,-0.07293701,-0.117858887,0.03408945,0.0007538578,0.0354002342,-0.5500161,2.13215256,2.73881,3.51421022
528,10.559996258503402,3227,0,0,0,0,0,-0.000115018607,0,-0.0009015719,-0.000115018607,0,-0.0009015719,1,0,0,1,2.30037131E-06,-5.96046448E-06,1.8031431E-05,0,0,0,-0.0005339564,-0.00148200989,-0.000220047223,-0.151092529,0.008079236,0.0461098924,0.00180910481,-0.000179962211,0.0024948183,0.000290353666,3.41981649E-05,-0.0008316266,0.0212621987,0.0190385841,0.122740954,-0.004228676,-0.0003483859,-0.001572263,-2.41630987E-05,7.50124454E-05,-0.000726713566,0.0016513177,-0.00451660156,-0.0113830566,-0.00445535872,-0.0001313935,-0.0001304867,5.914844E-05,0.002506569,0.0011147355,4.90408468,0.0599847436,0.156816617,0.0574673042,0.000257005624,-0.000381612452,1.12575726E-05,0.00252483785,0.001135117,4.880399,-0.0213317871,-0.0158996582,0.0595419034,2.89170221E-05,-7.45399E-05,0.0012406907,-0.0020352602,-0.001956156,1.06839919,0.117097326,-0.140563965,0.04000598,0.00387709821,0.04396266,0.00129868824,-0.00194457173,-0.00250408263,1.04814577,-0.07293701,-0.117858887,0.03408057,0.000753763132,0.03540865,-0.550016165,2.1321528,2.73881,3.51421022
529,10.579996251417233,3233,0,0,0,0,0,-5.78075742E-05,0,-0.000901589752,-5.78075742E-05,0,-0.000901589752,1,0,0,1,1.156151E-06,1.49011612E-08,1.80317875E-05,0,0,0,-0.000537015032,-0.00147494674,-0.000220026879,-0.151092529,0.008078925,0.04611149,0.00180817,-0.000180698,0.00250849454,0.000287966453,4.35858965E-05,-0.000831056735,0.0212671869,0.0190374032,0.122731633,-0.004227307,-0.000351065479,-0.00158791675,-2.695075E-05,8.428097E-05,-0.00072659133,0.00165308767,-0.00451660156,-0.0113830566,-0.004453379,-0.000134298592,-0.000143993966,5.903368E-05,0.00251294672,0.00111475855,4.90408,0.0599835478,0.156819716,0.0574655347,0.000255328952,-0.000385585648,1.14173072E-05,0.002529487,0.0011350608,4.880399,-0.0213317871,-0.0158996582,0.05954113,2.61271944E-05,-8.072033E-05,0.0012400737,-0.00203414261,-0.00195647264,1.06840158,0.117099755,-0.140563965,0.0400164053,0.00387776,0.04395623,0.00129820034,-0.00194342434,-0.00250446168,1.04814172,-0.07293701,-0.117858887,0.03408968,0.0007539968,0.0353995971,-0.5500161,2.13215256,2.73881,3.51421022
530,10.599996244331065,3239,0,0,0,0,0,-0.000115035255,0,-0.000901602034,-0.000115035255,0,-0.000901602034,1,0,0,1,2.30070418E-06,-5.96046448E-06,1.8032033E-05,0,0,0,-0.0005339195,-0.00148163736,-0.000220040136,-0.151092529,0.008078981,0.04610905,0.00180904649,-0.00017986288,0.00249736663,0.000290570344,3.413856E-05,-0.0008314039,0.0212720744,0.01903824,0.122742079,-0.00422766665,-0.00034850213,-0.0015732646,-2.44784333E-05,7.495284E-05,-0.000726751634,0.00165128335,-0.00451660156,-0.0113830566,-0.00445548771,-0.000131540553,-0.000128836211,5.88207E-05,0.00250452757,0.00111546554,4.904076,0.0599838942,0.156819314,0.0574683845,0.000256983883,-0.0003799947,1.12528614E-05,0.00252486765,0.00113506662,4.880399,-0.0213317871,-0.0158996582,0.0595418848,2.75884631E-05,-7.56587E-05,0.00124027475,-0.00203871727,-0.00195505656,1.06836259,0.117100351,-0.140563965,0.039981246,0.00387842,0.0439591445,0.00129894447,-0.001944527,-0.00250402628,1.04814708,-0.07293701,-0.117828369,0.03408154,0.0007535907,0.0354120247,-0.550016165,2.1321528,2.73881,3.51421022
531,10.619996237244898,3245,0,0,0,0,0,-5.778246E-05,0,-0.000901594758,-5.778246E-05,0,-0.000901594758,1,0,0,1,1.15564876E-06,1.49011612E-08,1.80318875E-05,0,0,0,-0.000536939944,-0.00147560239,-0.000220041344,-0.151092529,0.008078312,0.0461128131,0.00180833729,-0.000180904084,0.0025031392,0.0002879465,4.36455E-05,-0.00083114265,0.0212771762,0.0190369226,0.122732952,-0.00422783,-0.000351166062,-0.00158777472,-2.67660871E-05,8.435547E-05,-0.0007265725,0.00165315974,-0.00451660156,-0.0113830566,-0.0044532246,-0.000134363538,-0.000144871,5.89558622E-05,0.00251534581,0.00111496449,4.90407276,0.0599837825,0.156821564,0.05746636,0.0002551981,-0.000385432853,1.13292326E-05,0.00252942741,0.00113504741,4.880399,-0.0213317871,-0.0158996582,0.0595410541,2.71968765E-05,-7.978416E-05,0.00124012644,-0.00202998519,-0.001957148,1.068397,0.117100216,-0.140563965,0.0400368161,0.00387561764,0.0439506248,0.00129809044,-0.00194358826,-0.002504537,1.04813886,-0.07293701,-0.117858887,0.0340900049,0.000753778557,0.035396684,-0.5500161,2.13215256,2.73881,3.51421022
532,10.639996230158729,3252,0,0,0,0,0,-0.000115051218,0,-0.000901593,-0.000115051218,0,-0.000901593,1,0,0,1,2.30102341E-06,-5.96046448E-06,1.8031853E-05,0,0,0,-0.0005340255,-0.00148130953,-0.000220028436,-0.151092529,0.008078436,0.0461089052,0.0018090104,-0.000179838171,0.00249961042,0.000290421769,3.413856E-05,-0.000831693,0.0212806575,0.019037744,0.122742914,-0.004229133,-0.000348497066,-0.0015725079,-2.424412E-05,7.495284E-05,-0.000726780738,0.001651251,-0.00451660156,-0.0113830566,-0.00445561158,-0.000131412875,-0.00012998069,5.92269971E-05,0.00250466168,0.00111479394,4.90406847,0.05998397,0.1568193,0.05746749,0.000256986241,-0.000381660124,1.11711151E-05,0.00252485275,0.00113503309,4.880399,-0.0213317871,-0.0158996582,0.0595418736,2.78710213E-05,-7.459758E-05,0.0012405992,-0.002038449,-0.00195544213,1.06835771,0.117098764,-0.140563965,0.03998719,0.00387844723,0.0439647771,0.0012987901,-0.00194455683,-0.00250399229,1.04814851,-0.07293701,-0.117858887,0.03408102,0.0007539824,0.03541086,-0.550016165,2.1321528,2.73881,3.51421022
533,10.659996223072563,3259,0,0,0,0,0,-5.7784815E-05,0,-0.000901591848,-5.7784815E-05,0,-0.000901591848,1,0,0,1,1.15569583E-06,1.49011612E-08,1.803183E-05,0,0,0,-0.000536897,-0.00147558749,-0.0002200474,-0.151092529,0.008077917,0.0461126,0.00180846977,-0.000180816147,0.00250354828,0.000288006646,4.36455E-05,-0.000831401034,0.0212843,0.0190365873,0.122733377,-0.00422907155,-0.00035103393,-0.001588105,-2.67652031E-05,8.432567E-05,-0.0007265506,0.0016531219,-0.00451660156,-0.0113830566,-0.004453141,-0.00013422934,-0.000144896534,5.92100841E-05,0.00251476467,0.00111433119,4.90406466,0.0599835478,0.1568216,0.05746537,0.000254999119,-0.000385954016,1.13121932E-05,0.00252942741,0.00113507453,4.880399,-0.0213317871,-0.0158996582,0.05954104,2.62703252E-05,-7.97666362E-05,0.00124048372,-0.002031073,-0.00195729616,1.06839156,0.1170981,-0.140563965,0.0400366224,0.00387624768,0.04395907,0.00129822316,-0.001943484,-0.00250454666,1.04813731,-0.07293701,-0.117858887,0.03408985,0.0007535671,0.03539868,-0.5500161,2.13215256,2.73881,3.51421022
534,10.679996215986394,3266,0,0,0,0,0,-0.000115072951,0,-0.0009016039,-0.000115072951,0,-0.0009016039,1,0,0,1,2.30145815E-06,-5.96046448E-06,1.80320712E-05,0,0,0,-0.000534027233,-0.00148130953,-0.000220020622,-0.151092529,0.008078028,0.0461088829,0.00180891738,-0.000179922616,0.002499173,0.0002906871,3.413856E-05,-0.0008318499,0.02128685,0.0190373845,0.122743532,-0.00422995165,-0.000348497153,-0.001573801,-2.42169735E-05,7.495284E-05,-0.0007267783,0.00165121944,-0.00451660156,-0.0113830566,-0.00445557572,-0.000131429842,-0.000130087166,5.94283665E-05,0.00250455737,0.00111444038,4.90406,0.05998336,0.156820044,0.05746688,0.000257746025,-0.0003812536,1.11750323E-05,0.002524823,0.00113501411,4.880399,-0.0213317871,-0.0158996582,0.0595418,2.83921618E-05,-7.452166E-05,0.0012405829,-0.00203870237,-0.00195551012,1.06835485,0.117102206,-0.140563965,0.03998828,0.00387876714,0.0439656265,0.00129883806,-0.00194464624,-0.002504095,1.04814494,-0.07293701,-0.117858887,0.03408232,0.000753754,0.0354107954,-0.550016165,2.1321528,2.73881,3.51421022
535,10.699996208900226,3273,0,0,0,0,0,-5.779207E-05,0,-0.0009015832,-5.779207E-05,0,-0.0009015832,1,0,0,1,1.15584089E-06,1.49011612E-08,1.80316565E-05,0,0,0,-0.000536960259,-0.00147525966,-0.000220045913,-0.151092529,0.00807758048,0.0461120568,0.00180836464,-0.000180706673,0.0025061,0.00028812763,4.36604023E-05,-0.0008315414,0.0212897435,0.0190362353,0.122733042,-0.00422981661,-0.000351028837,-0.00158867438,-2.67260984E-05,8.434057E-05,-0.000726600643,0.001652926,-0.00451660156,-0.0113830566,-0.00445334753,-0.000134268383,-0.000145054641,5.92302167E-05,0.00251534581,0.00111404131,4.904056,0.05998326,0.1568205,0.05746499,0.0002548896,-0.000385656575,1.15224411E-05,0.002529487,0.00113503053,4.880399,-0.0213317871,-0.0158996582,0.0595411025,2.62052818E-05,-8.020768E-05,0.00124043366,-0.0020301342,-0.001957639,1.068394,0.117099635,-0.140563965,0.04004313,0.00387617014,0.04395777,0.00129818986,-0.001943484,-0.00250451942,1.04814255,-0.07293701,-0.117858887,0.034090627,0.00075399346,0.03539947,-0.5500161,2.13215256,2.73881,3.51421022
536,10.719996201814059,3280,0,0,0,0,0,-0.000115067589,0,-0.0009015962,-0.000115067589,0,-0.0009015962,1,0,0,1,2.30135083E-06,-5.96046448E-06,1.80319166E-05,0,0,0,-0.0005339599,-0.00148168206,-0.000220027738,-0.151092529,0.008077704,0.04610928,0.00180901831,-0.000179907773,0.002496905,0.0002907358,3.415346E-05,-0.0008320532,0.02129135,0.0190371033,0.122742958,-0.00423096074,-0.000348437141,-0.0015740589,-2.41897524E-05,7.496774E-05,-0.0007267537,0.00165112328,-0.00451660156,-0.0113830566,-0.004455452,-0.000131348832,-0.000130231711,5.95624078E-05,0.00250467658,0.00111408415,4.904052,0.0599832423,0.156818882,0.0574665368,0.000257296284,-0.00038146798,1.12384241E-05,0.002524808,0.0011350424,4.880399,-0.0213317871,-0.0158996582,0.0595417954,2.84366015E-05,-7.460555E-05,0.001240659,-0.00203850865,-0.00195554039,1.06836641,0.117099725,-0.140563965,0.03998927,0.003878601,0.04396662,0.00129887,-0.00194464624,-0.002504026,1.04814684,-0.07293701,-0.117858887,0.03408094,0.0007536374,0.0354109034,-0.550016165,2.1321528,2.73881,3.51421022
537,10.73999619472789,3286,0,0,0,0,0,-5.77924438E-05,0,-0.000901588937,-5.77924438E-05,0,-0.000901588937,1,0,0,1,1.15584839E-06,1.49011612E-08,1.80317711E-05,0,0,0,-0.0005369529,-0.00147560239,-0.000220054921,-0.151092529,0.008077168,0.0461129956,0.00180818827,-0.000180796953,0.00250321021,0.0002880906,4.36455E-05,-0.000831592362,0.0212938264,0.01903594,0.122732967,-0.004230088,-0.000351037364,-0.001588476,-2.67341984E-05,8.434057E-05,-0.000726588245,0.00165295473,-0.00451660156,-0.0113830566,-0.004453262,-0.000134234768,-0.000144999271,5.93296281E-05,0.00251472,0.00111396878,4.90404749,0.0599826276,0.156821311,0.0574649125,0.000255009567,-0.00038600876,1.137212E-05,0.00252944231,0.00113506964,4.880399,-0.0213317871,-0.0158996582,0.05954118,2.61822643E-05,-7.983741E-05,0.001240329,-0.00203104317,-0.001957378,1.06840074,0.117099196,-0.140563965,0.040036492,0.00387656339,0.0439567678,0.00129823794,-0.00194345415,-0.0025044342,1.04814172,-0.07293701,-0.117858887,0.03408931,0.0007539116,0.03539986,-0.5500161,2.13215256,2.73881,3.51421022
538,10.759996187641724,3294,0,0,0,0,0,-0.000115084091,0,-0.000901520252,-0.000115084091,0,-0.000901520252,1,0,0,1,2.301681E-06,-5.96046448E-06,1.80303978E-05,0,0,0,-0.000534054532,-0.00148129463,-0.0002200333,-0.151092529,0.008077421,0.0461091623,0.00180903263,-0.00017971042,0.00249939319,0.000290652941,3.413856E-05,-0.000835546234,0.021276122,0.0190370269,0.122742847,-0.00424824236,-0.000348230562,-0.0015737426,-2.41974267E-05,7.496774E-05,-0.0007267233,0.00165116647,-0.00451660156,-0.0113830566,-0.00445539225,-0.000131039124,-0.000130291621,5.92771248E-05,0.0025061965,0.0011144632,4.904145,0.0599839166,0.156819388,0.0575538166,0.0002561855,-0.0003810562,1.11727513E-05,0.00252485275,0.00113511086,4.880399,-0.0213317871,-0.0158996582,0.0595419444,2.9007746E-05,-7.4409174E-05,0.00124130165,-0.00203707814,-0.00195278681,1.06831348,0.117089868,-0.140594482,0.03995905,0.003871684,0.04395709,0.00129866763,-0.001944527,-0.00250405981,1.04814827,-0.07293701,-0.117858887,0.03408055,0.0007538963,0.0354087,-0.5500161,2.13215256,2.73881,3.51421022
539,10.779996180555555,3301,0,0,0,0,0,-5.77868377E-05,0,-0.000901601743,-5.77868377E-05,0,-0.000901601743,1,0,0,1,1.1557363E-06,1.49011612E-08,1.80320276E-05,0,0,0,-0.000536965264,-0.00147555768,-0.000220053131,-0.151092529,0.008077466,0.04611321,0.00180839037,-0.000180206756,0.00250333874,0.00028812082,4.36157E-05,-0.0008289108,0.021289736,0.0190362763,0.122732595,-0.004216404,-0.000350611866,-0.00158884493,-2.67763317E-05,8.428097E-05,-0.000726541854,0.00165297976,-0.00451660156,-0.0113830566,-0.00445329165,-0.000133700873,-0.000145007143,5.956922E-05,0.00251239538,0.00111387472,4.90402269,0.0599800758,0.156820565,0.057381127,0.000256506173,-0.000386434171,1.1288791E-05,0.00252938271,0.00113508792,4.880399,-0.0213317871,-0.0158996582,0.0595411062,2.63058737E-05,-7.97138637E-05,0.00124026206,-0.00203458965,-0.00196015951,1.06836689,0.117101409,-0.140563965,0.0400690027,0.00388456113,0.0439834446,0.00129811524,-0.00194360316,-0.00250450615,1.04814065,-0.07293701,-0.117858887,0.0340901539,0.000753874832,0.0353976861,-0.5500161,2.13215256,2.73881,3.51421022
540,10.799996173469387,3307,0,0,0,0,0,-0.000115080729,0,-0.0009016436,-0.000115080729,0,-0.0009016436,1,0,0,1,2.30161368E-06,-5.96046448E-06,1.80328643E-05,0,0,0,-0.000533984159,-0.00148133934,-0.000220018163,-0.151092529,0.00807743,0.04610901,0.00180898258,-0.000180091374,0.00249949167,0.000290724856,3.415346E-05,-0.0008312992,0.0212982055,0.019036822,0.12274272,-0.00422746129,-0.000348761823,-0.00157380512,-2.42126243E-05,7.496774E-05,-0.000726776,0.00165147823,-0.00451660156,-0.0113830566,-0.004455365,-0.000131874869,-0.000129926368,5.93520781E-05,0.00250573456,0.0011134193,4.90402842,0.0599828549,0.156819388,0.0574624538,0.0002581753,-0.0003809107,1.11989084E-05,0.00252479315,0.00113510387,4.880399,-0.0213317871,-0.0158996582,0.05954201,2.77507952E-05,-7.459878E-05,0.00124029093,-0.00203670561,-0.00195625587,1.06837809,0.117105581,-0.140563965,0.04000237,0.00387888681,0.0439603962,0.00129882293,-0.00194457173,-0.00250402023,1.04814541,-0.07293701,-0.117858887,0.03408031,0.0007538169,0.03541122,-0.550016165,2.1321528,2.73881,3.51421022
541,10.81999616638322,3312,0,0,0,0,0,-5.776967E-05,0,-0.0009015384,-5.776967E-05,0,-0.0009015384,1,0,0,1,1.155393E-06,1.49011612E-08,1.80307616E-05,0,0,0,-0.0005369212,-0.00147557259,-0.000220059766,-0.151092529,0.00807694,0.04611296,0.00180835754,-0.00018075257,0.00250363443,0.000287969946,4.36007977E-05,-0.000834849547,0.02128321,0.01903587,0.122732885,-0.00424623629,-0.000350825139,-0.00158797868,-2.675401E-05,8.428097E-05,-0.0007265794,0.00165310258,-0.00451660156,-0.0113830566,-0.004453313,-0.000133981608,-0.000145005688,5.86812021E-05,0.002515003,0.00111487391,4.90413046,0.05998349,0.156822488,0.05755276,0.000254377373,-0.000384708925,1.13233573E-05,0.002529502,0.00113507186,4.880399,-0.0213317871,-0.0158996582,0.0595410839,2.69241627E-05,-7.97223256E-05,0.00124024157,-0.002031505,-0.00195355876,1.06833577,0.117098071,-0.140594482,0.0399843678,0.00387025531,0.04393523,0.00129810977,-0.00194340944,-0.00250448,1.04814208,-0.07293701,-0.117858887,0.03408944,0.000754088,0.0353984274,-0.5500161,2.13215256,2.73881,3.51421022
542,10.839996159297051,3319,0,0,0,0,0,-0.00011508305,0,-0.0009014326,-0.00011508305,0,-0.0009014326,1,0,0,1,2.30166E-06,-5.96046448E-06,1.80286443E-05,0,0,0,-0.000534064253,-0.00148133934,-0.000220046233,-0.151092529,0.008077787,0.04610914,0.001809103,-0.000178983566,0.00249974383,0.000290528522,3.41981649E-05,-0.0008367018,0.021256391,0.019037677,0.122743145,-0.00425355649,-0.000347602239,-0.00157344516,-2.430599E-05,7.50124454E-05,-0.000726695464,0.00165111152,-0.00451660156,-0.0113830566,-0.004455596,-0.0001302923,-0.000130065935,5.946969E-05,0.002508819,0.00111417426,4.90421152,0.0599847771,0.156819016,0.0575568378,0.0002545622,-0.000381974067,1.12222979E-05,0.002524823,0.00113507046,4.880399,-0.0213317871,-0.0158996582,0.05954172,2.84133839E-05,-7.48679E-05,0.00124264392,-0.00203308463,-0.00195419113,1.06826437,0.117076755,-0.140594482,0.03999504,0.003869467,0.0439771749,0.00129892561,-0.00194455683,-0.00250401814,1.04814756,-0.07293701,-0.117858887,0.0340811275,0.0007535872,0.03541176,-0.550016165,2.1321528,2.73881,3.51421022
543,10.859996152210885,3325,0,0,0,0,0,-5.780439E-05,0,-0.000901473337,-5.780439E-05,0,-0.000901473337,1,0,0,1,1.15608736E-06,1.49011612E-08,1.802946E-05,0,0,0,-0.000536957,-0.00147558749,-0.000220049522,-0.151092529,0.008078342,0.04611302,0.00180836511,-0.0001797886,0.002503682,0.00028819748,4.35858965E-05,-0.000832878868,0.0212468728,0.0190372989,0.122732043,-0.004235758,-0.00035024868,-0.00158954458,-2.682527E-05,8.429587E-05,-0.000726561644,0.00165278453,-0.00451660156,-0.0113830566,-0.004453719,-0.000133040754,-0.000145079088,6.021855E-05,0.00251294672,0.00111235864,4.904182,0.0599796735,0.156818852,0.0574647672,0.0002551623,-0.0003880285,1.13208371E-05,0.00252944231,0.00113508315,4.880399,-0.0213317871,-0.0158996582,0.0595411845,2.7728207E-05,-7.987256E-05,0.00124229793,-0.00203607976,-0.00195848057,1.068267,0.117078625,-0.140594482,0.040059045,0.003880314,0.0440134,0.00129807694,-0.00194343925,-0.00250444282,1.04814255,-0.07293701,-0.117858887,0.03408904,0.0007539909,0.03539717,-0.5500161,2.13215256,2.73881,3.51421022
544,10.879996145124716,3331,0,0,0,0,0,-0.000115116018,0,-0.0009014954,-0.000115116018,0,-0.0009014954,1,0,0,1,2.30231944E-06,-5.94556332E-06,1.80299012E-05,0,0,0,-0.000534005347,-0.00148132443,-0.000220044967,-0.151092529,0.008079061,0.0461089127,0.00180905953,-0.00017931941,0.00249965931,0.000290949742,3.41832638E-05,-0.0008327168,0.0212435145,0.0190383755,0.1227403,-0.00423386646,-0.000348208559,-0.00157537358,-2.428409E-05,7.498264E-05,-0.000726754,0.00165108428,-0.00451660156,-0.0113830566,-0.0044557387,-0.00013095171,-0.0001300045,6.03108128E-05,0.00250689685,0.00111102778,4.90416145,0.0599794127,0.156814948,0.0574607737,0.000257807231,-0.000382747676,1.1230949E-05,0.00252479315,0.00113505649,4.880399,-0.0213317871,-0.0158996582,0.0595419034,2.884665E-05,-7.483149E-05,0.00124232844,-0.00203673542,-0.001958762,1.068298,0.117081717,-0.140563965,0.04005686,0.003881088,0.0440135635,0.0012988369,-0.00194457173,-0.00250406144,1.04814661,-0.07293701,-0.117858887,0.0340810232,0.000753573549,0.03541022,-0.550016165,2.1321528,2.73881,3.51421022
545,10.899996138038547,3337,0,0,0,0,0,-5.78088147E-05,0,-0.000901510764,-5.78088147E-05,0,-0.000901510764,1,0,0,1,1.15617581E-06,1.49011612E-08,1.80302086E-05,0,0,0,-0.0005369167,-0.00147557259,-0.000220050424,-0.151092529,0.008078991,0.0461128168,0.00180827046,-0.000180349249,0.00250364863,0.000288334355,4.36007977E-05,-0.000831974263,0.0212428682,0.0190373156,0.122728452,-0.00423162524,-0.000350822957,-0.00158994959,-2.675774E-05,8.428097E-05,-0.0007265962,0.00165283086,-0.00451660156,-0.0113830566,-0.004453572,-0.000133950045,-0.000145128768,5.99267E-05,0.00251339376,0.00111135724,4.90414333,0.0599791929,0.156814441,0.05745942,0.0002573985,-0.000386726577,1.13676906E-05,0.00252944231,0.00113501539,4.880399,-0.0213317871,-0.0158996582,0.0595410727,2.631511E-05,-7.987128E-05,0.00124094565,-0.00203481317,-0.00195850269,1.06834137,0.117092654,-0.140533447,0.04005491,0.00388092571,0.0439874046,0.00129816588,-0.00194352865,-0.00250447262,1.048141,-0.07293701,-0.117858887,0.0340897366,0.0007540205,0.0353991464,-0.5500161,2.13215256,2.73881,3.51421022
546,10.919996130952381,3344,0,0,0,0,0,-0.000115105424,0,-0.0009015115,-0.000115105424,0,-0.0009015115,1,0,0,1,2.30210753E-06,-5.94556332E-06,1.80302231E-05,0,0,0,-0.000534036662,-0.00148133934,-0.00022004194,-0.151092529,0.008079471,0.046108976,0.00180904078,-0.0001795348,0.00249923277,0.0002907446,3.41683626E-05,-0.000832337129,0.0212425534,0.0190384928,0.122737862,-0.00423205551,-0.000348164,-0.00157428894,-2.42344722E-05,7.498264E-05,-0.000726735569,0.00165104261,-0.00451660156,-0.0113830566,-0.00445558,-0.000131175431,-0.000130195869,5.954296E-05,0.002507016,0.00111215853,4.904127,0.0599812679,0.156812981,0.0574626662,0.000257247855,-0.0003813074,1.11885538E-05,0.002524808,0.00113503239,4.880399,-0.0213317871,-0.0158996582,0.0595417731,2.86768827E-05,-7.45823563E-05,0.00124108652,-0.002035305,-0.00195769221,1.06836724,0.117090575,-0.140533447,0.0400327034,0.00387946051,0.0439802967,0.00129884155,-0.00194455683,-0.00250408216,1.048145,-0.07293701,-0.117858887,0.0340812281,0.000753562956,0.0354103334,-0.550016165,2.1321528,2.73881,3.51421022
547,10.939996123866212,3350,0,0,0,0,0,-5.78143845E-05,0,-0.0009015358,-5.78143845E-05,0,-0.0009015358,1,0,0,1,1.15628723E-06,1.49011612E-08,1.80307088E-05,0,0,0,-0.0005369442,-0.00147555768,-0.000220051748,-0.151092529,0.008079275,0.0461130664,0.00180851179,-0.000180486357,0.00250340137,0.000288226351,4.36007977E-05,-0.0008314233,0.0212450977,0.01903759,0.1227282,-0.004228917,-0.0003507377,-0.00158937508,-2.67523974E-05,8.429587E-05,-0.0007265756,0.00165280642,-0.00451660156,-0.0113830566,-0.00445344066,-0.000134060436,-0.000145126367,5.904239E-05,0.00251296163,0.00111321127,4.90411425,0.059981443,0.156815618,0.0574627072,0.0002566007,-0.0003845966,1.14774084E-05,0.002529472,0.00113507384,4.8803997,-0.0213317871,-0.0158996582,0.0595411845,2.61035984E-05,-8.015233E-05,0.00124000665,-0.00203444064,-0.00195725588,1.06838989,0.117098883,-0.140533447,0.0400287434,0.00387947122,0.04396157,0.001298133,-0.00194340944,-0.002504499,1.04814243,-0.07293701,-0.117858887,0.034089908,0.0007540523,0.0353989,-0.5500161,2.13215256,2.73881,3.51421022
548,10.959996116780045,3355,0,0,0,0,0,-0.000115082956,0,-0.00090154825,-0.000115082956,0,-0.00090154825,1,0,0,1,2.30165824E-06,-5.96046448E-06,1.8030958E-05,0,0,0,-0.000534061342,-0.00148130953,-0.00022004226,-0.151092529,0.008079598,0.04610939,0.00180891319,-0.0001797441,0.00249889726,0.000290312222,3.415346E-05,-0.000831754936,0.0212481376,0.0190386642,0.122738607,-0.00422926,-0.000348267349,-0.00157206808,-2.42301976E-05,7.498264E-05,-0.0007267591,0.00165101385,-0.00451660156,-0.0113830566,-0.00445563,-0.000131335342,-0.0001301634,5.901111E-05,0.00250649452,0.00111403957,4.90410471,0.0599836819,0.1568147,0.05746595,0.000257297623,-0.0003813164,1.12757853E-05,0.00252483785,0.001135043,4.880399,-0.0213317871,-0.0158996582,0.05954188,2.90242424E-05,-7.477959E-05,0.0012405673,-0.00203540921,-0.001956486,1.068394,0.117097966,-0.140533447,0.0400096439,0.0038779818,0.04396317,0.00129874225,-0.001944527,-0.00250403769,1.0481478,-0.07293701,-0.117858887,0.0340804644,0.0007537747,0.0354092754,-0.550016165,2.1321528,2.73881,3.51421022
549,10.979996109693877,3362,0,0,0,0,0,-5.77778337E-05,0,-0.0009015671,-5.77778337E-05,0,-0.0009015671,1,0,0,1,1.15555622E-06,1.49011612E-08,1.80313345E-05,0,0,0,-0.0005370007,-0.00147558749,-0.0002200455,-0.151092529,0.00807919,0.04611358,0.00180856767,-0.000180504416,0.002502891,0.0002878689,4.35858965E-05,-0.000830997829,0.0212532934,0.01903767,0.12272954,-0.00422688061,-0.000350864371,-0.00158753945,-2.67752257E-05,8.426607E-05,-0.0007265775,0.001652776,-0.00451660156,-0.0113830566,-0.004453394,-0.000134145317,-0.000144965088,5.85826638E-05,0.00251296163,0.00111471349,4.904097,0.0599828027,0.156817883,0.05746537,0.0002554846,-0.000384629442,1.13228389E-05,0.002529472,0.00113502855,4.880399,-0.0213317871,-0.0158996582,0.0595410019,2.60928027E-05,-7.982193E-05,0.00123971421,-0.00203403831,-0.00195645751,1.06840324,0.1171009,-0.140563965,0.04001604,0.003878128,0.0439511463,0.00129820849,-0.00194345415,-0.00250450429,1.04814112,-0.07293701,-0.117858887,0.03409044,0.00075375,0.0353986621,-0.5500161,2.13215256,2.73881,3.51421022
550,10.999996102607708,3368,0,0,0,0,0,-0.0001150594,0,-0.000901566353,-0.0001150594,0,-0.000901566353,1,0,0,1,2.30118712E-06,-5.94556332E-06,1.803132E-05,0,0,0,-0.0005340621,-0.00148133934,-0.000220042581,-0.151092529,0.008079497,0.0461094864,0.00180898979,-0.000179787487,0.002499601,0.000290258729,3.41981649E-05,-0.0008316006,0.0212575458,0.0190386847,0.122740366,-0.00422853045,-0.000348340749,-0.00157178764,-2.42263122E-05,7.49975443E-05,-0.0007267488,0.00165096647,-0.00451660156,-0.0113830566,-0.004455564,-0.000131384091,-0.000130167871,5.89284828E-05,0.00250712037,0.00111477252,4.904091,0.05998491,0.1568162,0.05746739,0.000256713451,-0.000381315447,1.11499176E-05,0.002524808,0.00113503588,4.880399,-0.0213317871,-0.0158996582,0.05954178,2.809912E-05,-7.447732E-05,0.00124062155,-0.00203426182,-0.00195631851,1.06840146,0.117095388,-0.140563965,0.0400094129,0.00387667026,0.04395958,0.00129882782,-0.00194461644,-0.00250405655,1.04814661,-0.07293701,-0.117858887,0.0340810679,0.0007538073,0.03541122,-0.550016165,2.1321528,2.73881,3.51421022
551,11.019996095521542,3374,0,0,0,0,0,-5.777281E-05,0,-0.000901581,-5.777281E-05,0,-0.000901581,1,0,0,1,1.15545572E-06,0,1.80316129E-05,0,0,0,-0.0005369294,-0.00147558749,-0.0002200485,-0.151092529,0.008079038,0.0461132675,0.00180844183,-0.000180709787,0.002503578,0.000287941832,4.35858965E-05,-0.0008310357,0.0212626681,0.0190375857,0.1227312,-0.004227117,-0.00035095014,-0.00158788334,-2.67757823E-05,8.428097E-05,-0.000726578466,0.00165275263,-0.00451660156,-0.0113830566,-0.004453375,-0.000134207643,-0.000144943464,5.901937E-05,0.00251300633,0.0011148483,4.904085,0.0599836037,0.156818911,0.0574658066,0.000255877734,-0.000385582127,1.14782988E-05,0.002529472,0.001135061,4.880399,-0.0213317871,-0.0158996582,0.0595410876,2.63871516E-05,-8.02271461E-05,0.00123997568,-0.00203403831,-0.00195637159,1.06840682,0.117099978,-0.140563965,0.04001631,0.003877605,0.04395442,0.00129819592,-0.00194351375,-0.00250447355,1.04814243,-0.07293701,-0.117858887,0.03409029,0.000753859349,0.0353986323,-0.5500161,2.13215256,2.73881,3.51421022
552,11.039996088435373,3381,0,0,0,0,0,-0.000115081457,0,-0.0009015777,-0.000115081457,0,-0.0009015777,1,0,0,1,2.30162823E-06,-5.94556332E-06,1.80315474E-05,0,0,0,-0.0005340162,-0.00148132443,-0.000220033166,-0.151092529,0.008079197,0.0461091846,0.00180888735,-0.0001798609,0.00249956967,0.000290571974,3.41683626E-05,-0.000831657962,0.02126655,0.01903852,0.12274193,-0.004228889,-0.0003484211,-0.001573297,-2.420226E-05,7.498264E-05,-0.000726727536,0.00165107264,-0.00451660156,-0.0113830566,-0.00445540249,-0.000131471126,-0.000130228131,5.9236274E-05,0.00250653923,0.00111477822,4.90408,0.05998488,0.156818017,0.05746753,0.000256506872,-0.000381108635,1.13518745E-05,0.002524823,0.00113507523,4.880399,-0.0213317871,-0.0158996582,0.059541855,2.836509E-05,-7.494038E-05,0.001240802,-0.0020352304,-0.0019561497,1.06840086,0.1170954,-0.140563965,0.040005587,0.00387692614,0.04396398,0.00129886356,-0.00194454193,-0.00250408822,1.04814708,-0.07293701,-0.117858887,0.0340811275,0.000753661734,0.03541137,-0.550016165,2.1321528,2.73881,3.51421022
553,11.059996081349206,3387,0,0,0,0,0,-5.77764E-05,0,-0.0009016101,-5.77764E-05,0,-0.0009016101,1,0,0,1,1.15552757E-06,0,1.80321949E-05,0,0,0,-0.0005369154,-0.00147555768,-0.0002200409,-0.151092529,0.00807867851,0.0461129956,0.00180839549,-0.0001806237,0.00250351359,0.000288041454,4.35560942E-05,-0.0008307991,0.021272596,0.0190372486,0.122731954,-0.004226039,-0.000351079419,-0.00158830814,-2.67337218E-05,8.42511654E-05,-0.0007265881,0.00165290781,-0.00451660156,-0.0113830566,-0.004453365,-0.000134315967,-0.000145081023,5.89445044E-05,0.00251151621,0.00111546775,4.904076,0.05998305,0.156820387,0.057466615,0.0002567297,-0.00038507572,1.15726589E-05,0.002529472,0.0011350573,4.880399,-0.0213317871,-0.0158996582,0.0595411249,2.63321217E-05,-8.036099E-05,0.00123963715,-0.00203667581,-0.00195559766,1.06837368,0.117106579,-0.140563965,0.039997898,0.003878729,0.0439512134,0.00129827484,-0.00194345415,-0.00250444282,1.04814184,-0.07293701,-0.117858887,0.0340895951,0.000753848348,0.0354001261,-0.5500161,2.13215256,2.73881,3.51421022
554,11.079996074263038,3394,0,0,0,0,0,-0.000115066585,0,-0.0009015817,-0.000115066585,0,-0.0009015817,1,0,0,1,2.30133082E-06,-5.94556332E-06,1.80316274E-05,0,0,0,-0.000533998653,-0.00148133934,-0.0002200295,-0.151092529,0.008078733,0.0461089,0.0018090544,-0.000180040734,0.00249961414,0.0002903355,3.42279673E-05,-0.000831769255,0.0212764144,0.01903812,0.122742541,-0.00422952557,-0.000348513131,-0.00157205644,-2.41559646E-05,7.502735E-05,-0.00072674203,0.00165118091,-0.00451660156,-0.0113830566,-0.004455393,-0.000131511348,-0.000130406435,5.92436845E-05,0.002508372,0.00111479382,4.90407228,0.0599855222,0.156819046,0.0574678443,0.000255422317,-0.000382001745,1.12480275E-05,0.002524808,0.00113508059,4.880399,-0.0213317871,-0.0158996582,0.0595418364,2.88609863E-05,-7.450422E-05,0.00124109327,-0.00203207135,-0.00195679138,1.06839073,0.117093965,-0.140563965,0.0400214158,0.00387518643,0.04396316,0.00129868044,-0.00194458663,-0.00250409683,1.04814672,-0.07293701,-0.117858887,0.03408083,0.000753762841,0.03540847,-0.550016165,2.1321528,2.73881,3.51421022
555,11.099996067176871,3399,0,0,0,0,0,-5.776885E-05,0,-0.0009016101,-5.776885E-05,0,-0.0009016101,1,0,0,1,1.15537659E-06,0,1.80321949E-05,0,0,0,-0.000536901643,-0.00147557259,-0.000220046088,-0.151092529,0.00807814,0.0461129658,0.00180822483,-0.000180876523,0.00250335387,0.00028806107,4.3541193E-05,-0.0008310689,0.0212809984,0.0190367028,0.122732788,-0.004227468,-0.000351213355,-0.00158834818,-2.69467964E-05,8.42362642E-05,-0.000726587255,0.00165298849,-0.00451660156,-0.0113830566,-0.00445328839,-0.000134347385,-0.000143966521,5.9244263E-05,0.00251106918,0.00111485389,4.90406847,0.05998259,0.156821087,0.0574657321,0.000256438332,-0.000385840656,1.13925871E-05,0.002529487,0.00113506557,4.880399,-0.0213317871,-0.0158996582,0.05954115,2.6052383E-05,-8.064605E-05,0.001239941,-0.002037406,-0.001955782,1.0683639,0.117104448,-0.140563965,0.039999567,0.00387921371,0.0439585149,0.00129815482,-0.00194343925,-0.00250445027,1.04814184,-0.07293701,-0.117858887,0.0340896621,0.00075394084,0.03539839,-0.5500161,2.13215256,2.73881,3.51421022
556,11.119996060090703,3405,0,0,0,0,0,-0.000115062219,0,-0.00090158137,-0.000115062219,0,-0.00090158137,1,0,0,1,2.30124351E-06,-5.94556332E-06,1.803162E-05,0,0,0,-0.0005340454,-0.00148133934,-0.000220030721,-0.151092529,0.008078148,0.0461091,0.00180901331,-0.000179970637,0.00249913684,0.0002906496,3.42130661E-05,-0.000831971469,0.0212836675,0.0190375224,0.122743182,-0.004230588,-0.0003485426,-0.00157357857,-2.44694947E-05,7.502735E-05,-0.0007267437,0.00165124866,-0.00451660156,-0.0113830566,-0.004455364,-0.0001315406,-0.0001288045,5.9416423E-05,0.00250831246,0.00111433666,4.904064,0.05998453,0.156819418,0.057467185,0.000255867169,-0.000381386,1.11940271E-05,0.002524823,0.00113509886,4.880399,-0.0213317871,-0.0158996582,0.0595419444,2.80970125E-05,-7.545384E-05,0.00124110456,-0.00203233957,-0.00195695367,1.06838477,0.117094934,-0.140563965,0.0400245823,0.00387566979,0.04396561,0.001298806,-0.00194455683,-0.00250402652,1.04814756,-0.07293701,-0.117828369,0.0340807661,0.0007537302,0.0354103334,-0.550016165,2.1321528,2.73881,3.51421022
557,11.139996053004534,3412,0,0,0,0,0,-5.777299E-05,0,-0.0009016024,-5.777299E-05,0,-0.0009016024,1,0,0,1,1.15545936E-06,0,1.803204E-05,0,0,0,-0.000536936743,-0.00147558749,-0.0002200414,-0.151092529,0.008077716,0.0461130142,0.0018083,-0.000180682051,0.00250364421,0.000288111041,4.35560942E-05,-0.000831322337,0.0212871227,0.0190362912,0.122733057,-0.004228693,-0.000351041177,-0.00158863747,-2.67926443E-05,8.42362642E-05,-0.000726555241,0.00165308872,-0.00451660156,-0.0113830566,-0.00445316173,-0.000134182061,-0.0001447668,5.938636E-05,0.00251166523,0.001114385,4.90406,0.0599822365,0.156821415,0.0574651323,0.000256491185,-0.000386051834,1.125363E-05,0.002529472,0.00113506487,4.880399,-0.0213317871,-0.0158996582,0.0595410429,2.619982E-05,-7.969685E-05,0.00124003645,-0.00203646719,-0.00195604842,1.06836832,0.117104769,-0.140563965,0.040005587,0.00387880788,0.04395879,0.00129817333,-0.00194345415,-0.00250455039,1.04813993,-0.07293701,-0.117858887,0.0340907536,0.000753709755,0.03539803,-0.5500161,2.13215256,2.73881,3.51421022
558,11.159996045918367,3416,0,0,0,0,0,-0.00011507568,0,-0.000901577354,-0.00011507568,0,-0.000901577354,1,0,0,1,2.30151272E-06,-5.94556332E-06,1.803154E-05,0,0,0,-0.0005340196,-0.00148132443,-0.000220037589,-0.151092529,0.00807789,0.0461091474,0.00180906407,-0.000179816649,0.00249962369,0.0002906891,3.424287E-05,-0.0008321739,0.0212887451,0.0190373324,0.122743033,-0.00423152465,-0.0003483322,-0.001573831,-2.4249799E-05,7.502735E-05,-0.0007267551,0.00165127753,-0.00451660156,-0.0113830566,-0.004455478,-0.000131346591,-0.00012994495,5.94323E-05,0.00250832736,0.00111388066,4.9040556,0.0599840879,0.1568188,0.0574665,0.000256370578,-0.000381291436,1.12282742E-05,0.002524823,0.001135029,4.880399,-0.0213317871,-0.0158996582,0.05954176,2.84373746E-05,-7.475275E-05,0.001241034,-0.00203223526,-0.00195710338,1.06839085,0.117097616,-0.140563965,0.04002647,0.00387592637,0.04396491,0.00129884412,-0.00194461644,-0.00250404933,1.04814541,-0.07293701,-0.117858887,0.0340812728,0.0007536962,0.035410732,-0.550016165,2.1321528,2.73881,3.51421022
559,11.179996038832199,3422,0,0,0,0,0,-5.77802E-05,0,-0.000901602732,-5.77802E-05,0,-0.000901602732,1,0,0,1,1.15560351E-06,0,1.80320476E-05,0,0,0,-0.000536907464,-0.00147555768,-0.0002200416,-0.151092529,0.008077422,0.0461129956,0.00180841563,-0.000180685776,0.002503532,0.0002881495,4.3541193E-05,-0.0008313658,0.021291703,0.019036185,0.122732528,-0.004228898,-0.000350995542,-0.00158882525,-2.67496216E-05,8.42362642E-05,-0.0007265949,0.00165302039,-0.00451660156,-0.0113830566,-0.00445336243,-0.000134158661,-0.00014497443,5.920263E-05,0.002511099,0.00111425854,4.904052,0.05998173,0.15682061,0.0574648567,0.0002561672,-0.000385457941,1.13070009E-05,0.002529472,0.00113504473,4.880399,-0.0213317871,-0.0158996582,0.059541095,2.60524957E-05,-7.970915E-05,0.00123972166,-0.00203730166,-0.00195594085,1.0683701,0.117104463,-0.140563965,0.0400008857,0.00387977855,0.0439562723,0.00129817449,-0.00194349885,-0.00250448938,1.04814112,-0.07293701,-0.117858887,0.0340901874,0.000754053064,0.0353994742,-0.5500161,2.13215256,2.73881,3.51421022
560,11.199996031746032,3428,0,0,0,0,0,-0.000115078365,0,-0.000901582,-0.000115078365,0,-0.000901582,1,0,0,1,2.30156638E-06,-5.94556332E-06,1.80316329E-05,0,0,0,-0.0005339979,-0.00148132443,-0.0002200415,-0.151092529,0.008077546,0.0461089276,0.00180906383,-0.0001798483,0.00249957526,0.00029060556,3.42130661E-05,-0.0008322115,0.0212931558,0.0190371852,0.122743078,-0.00423174258,-0.000348368427,-0.00157339114,-2.42132555E-05,7.502735E-05,-0.000726741331,0.00165127707,-0.00451660156,-0.0113830566,-0.00445539225,-0.000131351408,-0.000130105807,5.93181139E-05,0.00250831246,0.00111398066,4.904047,0.05998443,0.156819463,0.057466872,0.000256044063,-0.0003812564,1.11372974E-05,0.00252479315,0.001135064,4.880399,-0.0213317871,-0.0158996582,0.05954188,2.90770768E-05,-7.437703E-05,0.00124102412,-0.00203216076,-0.00195686612,1.06839693,0.117095388,-0.140563965,0.0400220267,0.0038754344,0.0439624824,0.00129871082,-0.00194466114,-0.00250410731,1.048147,-0.07293701,-0.117858887,0.0340811275,0.0007537236,0.03540877,-0.550016165,2.1321528,2.73881,3.51421022
561,11.219996024659864,3433,0,0,0,0,0,-5.778196E-05,0,-0.0009015329,-5.778196E-05,0,-0.0009015329,1,0,0,1,1.15563876E-06,0,1.803065E-05,0,0,0,-0.0005369187,-0.00147558749,-0.000220049435,-0.151092529,0.008077281,0.0461128727,0.00180821738,-0.000180524861,0.00250365678,0.000288038282,4.35709953E-05,-0.0008349568,0.02127652,0.01903623,0.1227331,-0.0042466484,-0.0003507753,-0.00158839591,-2.67876349E-05,8.42511654E-05,-0.0007265776,0.0016529772,-0.00451660156,-0.0113830566,-0.004453388,-0.000133766982,-0.000144915568,5.92506876E-05,0.00251331925,0.00111446693,4.90414524,0.0599831343,0.156821728,0.05755202,0.000255366554,-0.000386000145,1.14347868E-05,0.002529502,0.00113505288,4.880399,-0.0213317871,-0.0158996582,0.05954111,2.66439856E-05,-8.013103E-05,0.00124062737,-0.00203475356,-0.0019534335,1.06832683,0.117094748,-0.140594482,0.0399780422,0.003872057,0.0439490825,0.00129818451,-0.00194343925,-0.002504448,1.04814208,-0.07293701,-0.117858887,0.03408961,0.0007538699,0.0353985652,-0.5500161,2.13215256,2.73881,3.51421022
562,11.239996017573695,3434,0,0,0,0,0,-0.000115092509,0,-0.0009015871,-0.000115092509,0,-0.0009015871,1,0,0,1,2.30184924E-06,-5.94556332E-06,1.80317347E-05,0,0,0,-0.0005340469,-0.00148133934,-0.00022003804,-0.151092529,0.008077878,0.0461090766,0.00180919748,-0.000179517141,0.00249918224,0.000290712574,3.41832638E-05,-0.0008295612,0.0212887153,0.01903757,0.122743033,-0.00421824772,-0.0003480271,-0.00157410314,-2.42564038E-05,7.496774E-05,-0.0007267143,0.00165116123,-0.00451660156,-0.0113830566,-0.004455467,-0.000130954824,-0.000130060071,5.97991857E-05,0.00250484049,0.00111382443,4.90402174,0.059982,0.156818733,0.0573829971,0.000257574982,-0.000382102269,1.1279265E-05,0.002524808,0.00113506627,4.880399,-0.0213317871,-0.0158996582,0.05954181,2.78129664E-05,-7.492753E-05,0.00124106114,-0.00203751028,-0.0019592694,1.06836319,0.117098421,-0.140563965,0.04004482,0.00388403051,0.0439927243,0.00129901292,-0.00194457173,-0.00250407658,1.04814589,-0.07293701,-0.117858887,0.0340818055,0.000753473,0.03541316,-0.550016165,2.1321528,2.73881,3.51421022
563,11.259996010487528,3435,0,0,0,0,0,-5.77856663E-05,0,-0.0009016512,-5.77856663E-05,0,-0.0009016512,1,0,0,1,1.15571288E-06,1.49011612E-08,1.80330171E-05,0,0,0,-0.0005368828,-0.00147554278,-0.000220045244,-0.151092529,0.008077077,0.04611299,0.00180841412,-0.000180986332,0.002503268,0.000288198149,4.36007977E-05,-0.000830561155,0.0212987736,0.019035846,0.1227325,-0.00422523869,-0.000351523369,-0.00158881687,-2.66948464E-05,8.428097E-05,-0.0007266468,0.00165316882,-0.00451660156,-0.0113830566,-0.004453348,-0.000134809976,-0.000145007682,5.90582422E-05,0.00251272321,0.00111366261,4.904029,0.05998106,0.156821251,0.0574608035,0.000256629253,-0.000384925341,1.15229323E-05,0.00252944231,0.00113506755,4.880399,-0.0213317871,-0.0158996582,0.0595413037,2.6671154E-05,-8.011769E-05,0.00123939419,-0.00203463435,-0.00195695972,1.06838655,0.117109023,-0.140563965,0.0400214978,0.00387987145,0.0439508222,0.00129811082,-0.00194352865,-0.00250440161,1.04814243,-0.07293701,-0.117858887,0.0340885632,0.000754151435,0.03539842,-0.5500161,2.13215256,2.73881,3.51421022
564,11.27999600340136,3439,0,0,0,0,0,-0.000115060859,0,-0.000901534,-0.000115060859,0,-0.000901534,1,0,0,1,2.30121623E-06,-5.96046448E-06,1.80306724E-05,0,0,0,-0.0005340309,-0.00148133934,-0.000220038026,-0.151092529,0.008077224,0.0461091064,0.0018089863,-0.000179862167,0.00249971822,0.000290516968,3.41981649E-05,-0.0008355105,0.0212825071,0.01903688,0.122743316,-0.004248188,-0.000348324626,-0.00157297729,-2.43511313E-05,7.49975443E-05,-0.0007267131,0.00165136566,-0.00451660156,-0.0113830566,-0.00445525674,-0.00013124304,-0.000129453765,5.889448E-05,0.002508074,0.00111473131,4.90413,0.0599851757,0.156821057,0.0575544834,0.000255586841,-0.0003804422,1.11176942E-05,0.002524823,0.00113511656,4.880399,-0.0213317871,-0.0158996582,0.05954188,2.83084337E-05,-7.489387E-05,0.001240967,-0.00203338265,-0.00195295154,1.06833065,0.117094122,-0.140594482,0.03996677,0.00386950863,0.04394262,0.00129882118,-0.00194448233,-0.002504001,1.0481478,-0.07293701,-0.117858887,0.034080077,0.000753644039,0.03541025,-0.550016165,2.1321528,2.73881,3.51421022
565,11.299995996315193,3444,0,0,0,0,0,-5.77785177E-05,0,-0.0009014504,-5.77785177E-05,0,-0.0009014504,1,0,0,1,1.15556986E-06,1.49011612E-08,1.8029E-05,0,0,0,-0.000536975043,-0.00147557259,-0.000220056259,-0.151092529,0.008077459,0.0461132377,0.00180814136,-0.00017996032,0.00250383024,0.000287938135,4.36306E-05,-0.00083607866,0.0212569088,0.0190365911,0.122733563,-0.004251832,-0.000350194634,-0.00158820022,-2.6833568E-05,8.431077E-05,-0.0007265219,0.0016529361,-0.00451660156,-0.0113830566,-0.004453438,-0.000133055786,-0.0001449825,5.939473E-05,0.00251580775,0.00111427542,4.90421152,0.05998329,0.156821892,0.0575551428,0.00025285664,-0.0003867661,1.142307E-05,0.00252945721,0.00113507081,4.880399,-0.0213317871,-0.0158996582,0.0595409721,2.702888E-05,-8.019734E-05,0.00124198548,-0.00203108788,-0.00195473572,1.06827593,0.117076471,-0.140594482,0.0400115773,0.00386994029,0.0439700037,0.001298188,-0.00194343925,-0.00250449846,1.04814065,-0.07293701,-0.117858887,0.03409016,0.000753770466,0.0353983939,-0.5500161,2.13215256,2.73881,3.51421022
566,11.319995989229025,3449,0,0,0,0,0,-0.00011510701,0,-0.000901450752,-0.00011510701,0,-0.000901450752,1,0,0,1,2.30213936E-06,-5.94556332E-06,1.80290081E-05,0,0,0,-0.0005340645,-0.00148132443,-0.000220035581,-0.151092529,0.008078603,0.0461092219,0.0018092636,-0.00017892562,0.00249977433,0.0002908,3.41832638E-05,-0.0008335354,0.0212461259,0.0190382134,0.122742653,-0.00423764437,-0.000347707071,-0.00157485006,-2.4293684E-05,7.498264E-05,-0.000726736849,0.00165101176,-0.00451660156,-0.0113830566,-0.00445589,-0.0001302954,-0.00013017474,6.04760353E-05,0.00250650942,0.00111217739,4.90418148,0.0599807948,0.156817243,0.05746633,0.000256975443,-0.0003836947,1.140922E-05,0.002524823,0.00113503321,4.880399,-0.0213317871,-0.0158996582,0.059541814,2.91625529E-05,-7.529591E-05,0.00124304346,-0.00203730166,-0.00195808616,1.06826687,0.117075182,-0.140563965,0.04004692,0.00387937948,0.0440207534,0.00129886973,-0.00194461644,-0.00250405981,1.04814577,-0.07293701,-0.117858887,0.0340812281,0.0007537785,0.03541174,-0.550016165,2.1321528,2.73881,3.51421022
567,11.339995982142856,3455,0,0,0,0,0,-5.78114159E-05,0,-0.000901510764,-5.78114159E-05,0,-0.000901510764,1,0,0,1,1.15622788E-06,0,1.80302086E-05,0,0,0,-0.0005369228,-0.00147557259,-0.000220053567,-0.151092529,0.008078719,0.0461131148,0.00180831552,-0.0001801698,0.00250356179,0.0002884528,4.36157E-05,-0.0008320905,0.0212439261,0.0190372411,0.122729883,-0.00423212769,-0.000350751448,-0.00159059488,-2.676743E-05,8.431077E-05,-0.0007265965,0.00165286893,-0.00451660156,-0.0113830566,-0.00445364555,-0.000133721711,-0.000145140832,6.01684624E-05,0.002513364,0.00111111,4.90416145,0.05997816,0.156815588,0.0574590638,0.0002570384,-0.000387050939,1.15357234E-05,0.00252942741,0.00113504357,4.880399,-0.0213317871,-0.0158996582,0.05954113,2.73060377E-05,-8.030107E-05,0.00124159036,-0.00203546882,-0.00195917184,1.06830621,0.117086932,-0.140563965,0.0400691926,0.00388191035,0.0440053754,0.00129815261,-0.00194354355,-0.00250447821,1.0481416,-0.07293701,-0.117858887,0.0340895951,0.0007539795,0.0353985764,-0.5500161,2.13215256,2.73881,3.51421022
568,11.359995975056689,3462,0,0,0,0,0,-0.000115114104,0,-0.0009015006,-0.000115114104,0,-0.0009015006,1,0,0,1,2.30228125E-06,-5.96046448E-06,1.80300049E-05,0,0,0,-0.00053401076,-0.00148130953,-0.000220035348,-0.151092529,0.008079286,0.0461090952,0.0018089551,-0.000179489522,0.002499673,0.000290880474,3.41832638E-05,-0.000832617632,0.0212419536,0.0190383643,0.122738518,-0.004233435,-0.000348193076,-0.00157498627,-2.42248534E-05,7.49975443E-05,-0.000726729049,0.001651159,-0.00451660156,-0.0113830566,-0.004455558,-0.000131093228,-0.000130256885,6.001319E-05,0.00250695646,0.00111119146,4.90414238,0.0599803552,0.15681307,0.05746101,0.0002573274,-0.000382157974,1.11724221E-05,0.002524808,0.00113509817,4.880399,-0.0213317871,-0.0158996582,0.0595419034,2.83045119E-05,-7.451768E-05,0.00124173868,-0.00203600526,-0.001958297,1.06833911,0.117084637,-0.140533447,0.04004471,0.00388036342,0.0439972878,0.00129880966,-0.00194451213,-0.00250399718,1.048147,-0.07293701,-0.117858887,0.0340799876,0.00075364724,0.0354100876,-0.550016165,2.1321528,2.73881,3.51421022
569,11.379995967970521,3468,0,0,0,0,0,-5.77971841E-05,0,-0.0009015224,-5.77971841E-05,0,-0.0009015224,1,0,0,1,1.15594321E-06,1.49011612E-08,1.80304414E-05,0,0,0,-0.0005369187,-0.00147557259,-0.000220053,-0.151092529,0.008079108,0.0461130068,0.00180856278,-0.00018021962,0.00250362651,0.000288173556,4.35858965E-05,-0.000831670768,0.0212429333,0.0190374,0.122727484,-0.004230117,-0.000350768765,-0.00158913922,-2.67838222E-05,8.428097E-05,-0.000726586557,0.00165288907,-0.00451660156,-0.0113830566,-0.00445351843,-0.000133983151,-0.0001450006,5.93564218E-05,0.00251287222,0.00111231208,4.90412664,0.05997966,0.1568144,0.0574610829,0.000257339445,-0.000385677122,1.1505057E-05,0.002529502,0.00113507709,4.880399,-0.0213317871,-0.0158996582,0.0595411919,2.65080471E-05,-8.030467E-05,0.00124023715,-0.00203506649,-0.001957748,1.06836843,0.117097326,-0.140533447,0.0400383361,0.00388059765,0.0439713,0.00129824737,-0.00194333494,-0.00250443723,1.04814231,-0.07293701,-0.117858887,0.0340893157,0.000753882341,0.0353998467,-0.5500161,2.13215256,2.73881,3.51421022
570,11.399995960884354,3474,0,0,0,0,0,-0.000115099465,0,-0.0009015301,-0.000115099465,0,-0.0009015301,1,0,0,1,2.30198839E-06,-5.94556332E-06,1.80305942E-05,0,0,0,-0.0005340165,-0.00148133934,-0.000220039947,-0.151092529,0.008079597,0.0461090133,0.00180907734,-0.000179652561,0.00249968166,0.000290577475,3.41683626E-05,-0.000832005346,0.02124468,0.01903867,0.122737609,-0.00423041638,-0.000348109956,-0.00157345657,-2.42386213E-05,7.498264E-05,-0.000726721541,0.00165114622,-0.00451660156,-0.0113830566,-0.00445551332,-0.000131201363,-0.000130175918,5.88897019E-05,0.002507031,0.00111328857,4.90411425,0.0599823669,0.156813353,0.05746476,0.000256718777,-0.000380090642,1.14954591E-05,0.00252479315,0.0011350686,4.880399,-0.0213317871,-0.0158996582,0.0595418252,2.886411E-05,-7.53990753E-05,0.00124062784,-0.00203485787,-0.00195695274,1.06838608,0.117092319,-0.140533447,0.0400198027,0.00387841766,0.0439672321,0.00129893888,-0.00194466114,-0.002504065,1.04814529,-0.07293701,-0.117858887,0.03408114,0.000753553933,0.0354120024,-0.550016165,2.1321528,2.73881,3.51421022
571,11.419995953798185,3481,0,0,0,0,0,-5.78093022E-05,0,-0.000901562744,-5.78093022E-05,0,-0.000901562744,1,0,0,1,1.15618559E-06,0,1.80312472E-05,0,0,0,-0.00053691736,-0.00147557259,-0.000220051908,-0.151092529,0.008079343,0.0461131036,0.00180821656,-0.000180552568,0.00250343885,0.000288105162,4.35858965E-05,-0.0008311203,0.0212489329,0.0190376751,0.122728884,-0.00422745524,-0.000350806979,-0.00158874493,-2.6717702E-05,8.428097E-05,-0.0007265696,0.00165299641,-0.00451660156,-0.0113830566,-0.004453402,-0.000134100308,-0.000145273647,5.87817776E-05,0.00251297653,0.00111418043,4.90410471,0.05998228,0.156816855,0.0574644059,0.000257017353,-0.00038424696,1.14731083E-05,0.00252945721,0.0011350977,4.8803997,-0.0213317871,-0.0158996582,0.05954117,2.621286E-05,-8.00431444E-05,0.00123958825,-0.00203417242,-0.00195676275,1.06839633,0.1171032,-0.140533447,0.0400212333,0.00387889612,0.0439516529,0.001298219,-0.00194352865,-0.00250446587,1.04814112,-0.07293701,-0.117858887,0.03408995,0.0007539547,0.0353996828,-0.5500161,2.13215256,2.73881,3.51421022
572,11.439995946712017,3487,0,0,0,0,0,-0.000115094277,0,-0.0009015569,-0.000115094277,0,-0.0009015569,1,0,0,1,2.30188471E-06,-5.96046448E-06,1.803113E-05,0,0,0,-0.0005340543,-0.00148129463,-0.00022003577,-0.151092529,0.008079552,0.0461094156,0.00180907652,-0.000179754235,0.00249891449,0.000290494,3.41981649E-05,-0.00083165057,0.02125277,0.0190386754,0.122740023,-0.004228798,-0.000348369358,-0.00157292455,-2.42232363E-05,7.50124454E-05,-0.0007267472,0.00165124657,-0.00451660156,-0.0113830566,-0.004455525,-0.000131458524,-0.00013014696,5.891706E-05,0.00250712037,0.00111454644,4.904097,0.0599844344,0.156816334,0.0574669838,0.000256059837,-0.000380459533,1.13243186E-05,0.002524808,0.00113504333,4.8803997,-0.0213317871,-0.0158996582,0.0595417842,2.8547398E-05,-7.491682E-05,0.00124051876,-0.00203435123,-0.00195637136,1.068402,0.1170937,-0.140563965,0.0400105156,0.00387704885,0.04395965,0.00129886437,-0.00194460154,-0.002504087,1.04814541,-0.07293701,-0.117858887,0.0340817422,0.0007535952,0.0354107022,-0.550016165,2.1321528,2.73881,3.51421022
573,11.45999593962585,3494,0,0,0,0,0,-5.77817227E-05,0,-0.000901574444,-5.77817227E-05,0,-0.000901574444,1,0,0,1,1.155634E-06,1.49011612E-08,1.80314819E-05,0,0,0,-0.000536993146,-0.00147557259,-0.000220046117,-0.151092529,0.008079077,0.046113614,0.00180843309,-0.000180732561,0.002502809,0.000287944917,4.35858965E-05,-0.0008309921,0.0212580226,0.0190374535,0.122730859,-0.004226928,-0.000351042923,-0.00158786424,-2.673047E-05,8.428097E-05,-0.0007266053,0.00165293354,-0.00451660156,-0.0113830566,-0.004453475,-0.0001342786,-0.000145136743,5.901358E-05,0.00251299143,0.0011148015,4.904091,0.05998326,0.156818748,0.05746563,0.00025606394,-0.000385541323,1.1391473E-05,0.002529472,0.0011350211,4.8803997,-0.0213317871,-0.0158996582,0.0595410466,2.61027617E-05,-7.986825E-05,0.00123989291,-0.0020340234,-0.00195643818,1.068406,0.117099233,-0.140563965,0.04001653,0.00387779647,0.0439531133,0.00129813654,-0.00194354355,-0.0025044682,1.04814017,-0.07293701,-0.117858887,0.03408994,0.0007539588,0.0353981555,-0.5500161,2.13215256,2.73881,3.51421022
574,11.479995932539682,3501,0,0,0,0,0,-0.000115052986,0,-0.0009015748,-0.000115052986,0,-0.0009015748,1,0,0,1,2.30105888E-06,-5.94556332E-06,1.803149E-05,0,0,0,-0.0005340434,-0.00148135424,-0.00022003628,-0.151092529,0.008079284,0.04610946,0.001808903,-0.000179819763,0.002499871,0.000290348369,3.41832638E-05,-0.0008316062,0.02126221,0.0190384611,0.122741155,-0.004228574,-0.0003483327,-0.00157222047,-2.42412789E-05,7.498264E-05,-0.000726741564,0.00165111863,-0.00451660156,-0.0113830566,-0.004455497,-0.0001313884,-0.000130077766,5.91920871E-05,0.002506569,0.001114824,4.90408468,0.0599848554,0.156816974,0.05746753,0.0002572006,-0.000381745,1.12732141E-05,0.002524823,0.00113506522,4.880399,-0.0213317871,-0.0158996582,0.0595418029,2.8393204E-05,-7.48387756E-05,0.00124077173,-0.0020352155,-0.00195616018,1.068399,0.117098168,-0.140563965,0.04000563,0.003876931,0.04396312,0.00129886088,-0.00194457173,-0.002504027,1.04814553,-0.07293701,-0.117858887,0.03408079,0.000753612,0.03541069,-0.550016165,2.1321528,2.73881,3.51421022
575,11.499995925453515,3507,0,0,0,0,0,-5.77920218E-05,0,-0.0009015908,-5.77920218E-05,0,-0.0009015908,1,0,0,1,1.15584E-06,1.49011612E-08,1.803181E-05,0,0,0,-0.000536927662,-0.00147557259,-0.000220044487,-0.151092529,0.008078756,0.04611347,0.00180817849,-0.000180725969,0.00250278972,0.0002879964,4.36007977E-05,-0.000831045443,0.0212672558,0.0190372933,0.1227317,-0.00422723452,-0.0003510221,-0.00158809265,-2.67504038E-05,8.429587E-05,-0.0007265741,0.00165290514,-0.00451660156,-0.0113830566,-0.00445329538,-0.000134285627,-0.000145005222,5.9077207E-05,0.00251296163,0.00111478369,4.90408,0.0599832572,0.156819731,0.0574656054,0.000255570718,-0.000385585532,1.13262531E-05,0.002529472,0.0011350353,4.8803997,-0.0213317871,-0.0158996582,0.05954106,2.59225926E-05,-7.976452E-05,0.00123997964,-0.00203415751,-0.00195648125,1.06840026,0.1171017,-0.140563965,0.0400174521,0.00387789682,0.0439554825,0.001298194,-0.00194340944,-0.00250458415,1.04813933,-0.07293701,-0.117858887,0.03409109,0.0007538089,0.0353991427,-0.5500161,2.13215256,2.73881,3.51421022
576,11.519995918367346,3513,0,0,0,0,0,-0.000115047806,0,-0.000901592663,-0.000115047806,0,-0.000901592663,1,0,0,1,2.3009552E-06,-5.96046448E-06,1.80318457E-05,0,0,0,-0.0005340455,-0.00148136914,-0.000220024172,-0.151092529,0.008078819,0.0461093225,0.00180937443,-0.00017979939,0.00249982276,0.000290394528,3.413856E-05,-0.0008314138,0.0212721247,0.019038165,0.122741528,-0.004227707,-0.000348449481,-0.00157239137,-2.423499E-05,7.493794E-05,-0.0007267692,0.00165102514,-0.00451660156,-0.0113830566,-0.004455577,-0.000131456633,-0.000130053711,5.89226875E-05,0.00250451267,0.00111542584,4.904076,0.059984263,0.156818017,0.05746836,0.0002575401,-0.0003808999,1.12346488E-05,0.002524823,0.00113501144,4.880399,-0.0213317871,-0.0158996582,0.0595417842,2.89121472E-05,-7.469548E-05,0.00124032726,-0.00203870237,-0.001955044,1.06836092,0.117103405,-0.140563965,0.03998054,0.003878261,0.04395902,0.0012987263,-0.001944676,-0.00250410056,1.048146,-0.07293701,-0.117858887,0.0340817571,0.000753841654,0.0354092754,-0.550016165,2.1321528,2.73881,3.51421022
577,11.539995911281178,3520,0,0,0,0,0,-5.78049476E-05,0,-0.000901599531,-5.78049476E-05,0,-0.000901599531,1,0,0,1,1.15609851E-06,1.49011612E-08,1.80319839E-05,0,0,0,-0.0005369255,-0.00147555768,-0.000220039423,-0.151092529,0.008078471,0.04611336,0.001808181,-0.0001807438,0.0025027832,0.0002881612,4.36455E-05,-0.0008311677,0.0212771762,0.0190370735,0.1227326,-0.004227888,-0.000350991439,-0.00158889778,-2.67696923E-05,8.434057E-05,-0.000726587954,0.00165276544,-0.00451660156,-0.0113830566,-0.004453355,-0.00013420629,-0.00014488984,5.88884068E-05,0.00251537561,0.00111496565,4.90407276,0.0599839762,0.156820878,0.0574664623,0.000254569575,-0.000384511834,1.13127389E-05,0.00252944231,0.00113503507,4.880399,-0.0213317871,-0.0158996582,0.0595410466,2.622646E-05,-7.978533E-05,0.00124014716,-0.00202994049,-0.00195717532,1.068398,0.117099643,-0.140563965,0.0400376,0.0038756514,0.0439515635,0.00129818381,-0.00194352865,-0.00250446983,1.0481416,-0.07293701,-0.117858887,0.0340901427,0.0007538886,0.035398595,-0.5500161,2.13215256,2.73881,3.51421022
578,11.559995904195011,3527,0,0,0,0,0,-0.000115071773,0,-0.0009015977,-0.000115071773,0,-0.0009015977,1,0,0,1,2.30143451E-06,-5.96046448E-06,1.80319475E-05,0,0,0,-0.000534071762,-0.00148132443,-0.000220030284,-0.151092529,0.008078489,0.046109397,0.001809116,-0.000179914685,0.002498816,0.0002904282,3.413856E-05,-0.000831667,0.021280665,0.019037718,0.122742958,-0.00422906829,-0.0003486692,-0.0015724781,-2.42133829E-05,7.493794E-05,-0.0007267416,0.00165110524,-0.00451660156,-0.0113830566,-0.004455362,-0.0001315735,-0.000130078726,5.94784651E-05,0.00250463188,0.00111481489,4.90406847,0.0599840358,0.156819671,0.057467483,0.0002571066,-0.0003822926,1.11005347E-05,0.00252485275,0.00113510492,4.880399,-0.0213317871,-0.0158996582,0.05954197,2.795722E-05,-7.432467E-05,0.001240605,-0.00203853846,-0.00195541419,1.06835771,0.117098525,-0.140563965,0.039986752,0.00387842488,0.0439647734,0.00129877892,-0.00194446743,-0.00250402,1.04814732,-0.07293701,-0.117858887,0.0340803079,0.0007537341,0.0354099572,-0.550016165,2.1321528,2.73881,3.51421022
579,11.579995897108843,3533,0,0,0,0,0,-5.77766732E-05,0,-0.0009015959,-5.77766732E-05,0,-0.0009015959,1,0,0,1,1.155533E-06,1.49011612E-08,1.80319112E-05,0,0,0,-0.0005369963,-0.00147557259,-0.000220039015,-0.151092529,0.008077957,0.04611352,0.00180823053,-0.00018093345,0.00250281,0.000288035168,4.36306E-05,-0.000831385,0.02128443,0.0190364942,0.12273331,-0.00422903057,-0.0003510683,-0.00158823549,-2.675847E-05,8.432567E-05,-0.0007265762,0.001652956,-0.00451660156,-0.0113830566,-0.00445323763,-0.000134308459,-0.000144910824,5.928219E-05,0.00251477957,0.00111437181,4.90406466,0.05998336,0.156821653,0.05746542,0.000255331543,-0.000386046973,1.1418133E-05,0.00252945721,0.00113508978,4.880399,-0.0213317871,-0.0158996582,0.0595411621,2.60281759E-05,-8.002983E-05,0.00124043191,-0.00203104317,-0.001957303,1.0683893,0.117100395,-0.140563965,0.0400368124,0.003876282,0.04395812,0.00129816937,-0.00194345415,-0.00250445446,1.04814172,-0.07293701,-0.117858887,0.0340894274,0.000754027569,0.0353992842,-0.5500161,2.13215256,2.73881,3.51421022
580,11.599995890022676,3540,0,0,0,0,0,-0.000115060764,0,-0.0009015974,-0.000115060764,0,-0.0009015974,1,0,0,1,2.30121441E-06,-5.96046448E-06,1.803194E-05,0,0,0,-0.000534036837,-0.00148135424,-0.000220030459,-0.151092529,0.008078092,0.0461092852,0.00180895242,-0.0001798452,0.00250029936,0.000290695578,3.413856E-05,-0.0008318758,0.02128699,0.01903741,0.122743383,-0.00423003267,-0.00034841412,-0.00157388032,-2.42146689E-05,7.493794E-05,-0.0007267319,0.00165120768,-0.00451660156,-0.0113830566,-0.00445538061,-0.0001313527,-0.000130137778,5.94447447E-05,0.002504602,0.001114445,4.90406,0.05998336,0.15681982,0.05746698,0.000257156818,-0.000381293154,1.13533315E-05,0.002524823,0.00113506464,4.880399,-0.0213317871,-0.0158996582,0.0595418066,2.87157054E-05,-7.497394E-05,0.00124063983,-0.00203864276,-0.00195544725,1.068357,0.117099471,-0.140563965,0.03998742,0.00387859042,0.0439662375,0.0012988653,-0.00194455683,-0.00250406843,1.04814589,-0.07293701,-0.117858887,0.0340811722,0.0007535321,0.0354104862,-0.550016165,2.1321528,2.73881,3.51421022
581,11.619995882936507,3547,0,0,0,0,0,-5.779507E-05,0,-0.0009015893,-5.779507E-05,0,-0.0009015893,1,0,0,1,1.15590092E-06,1.49011612E-08,1.80317784E-05,0,0,0,-0.000536902167,-0.00147554278,-0.00022005121,-0.151092529,0.008077475,0.0461132079,0.00180843635,-0.000180739662,0.00250271359,0.000288117968,4.36604023E-05,-0.0008315335,0.02128989,0.0190362073,0.122732922,-0.00422980543,-0.0003510838,-0.00158861163,-2.67193354E-05,8.434057E-05,-0.000726595055,0.00165302912,-0.00451660156,-0.0113830566,-0.00445330562,-0.000134288479,-0.000145075348,5.924607E-05,0.002515331,0.0011140384,4.904056,0.05998315,0.156820387,0.0574649163,0.0002549494,-0.0003857272,1.15035655E-05,0.00252942741,0.00113504834,4.880399,-0.0213317871,-0.0158996582,0.0595410876,2.61438036E-05,-8.014155E-05,0.00124048907,-0.0020300746,-0.001957646,1.0683955,0.1170981,-0.140563965,0.0400428846,0.00387603464,0.04395791,0.00129819848,-0.00194354355,-0.00250446564,1.04814065,-0.07293701,-0.117858887,0.0340898037,0.000754015055,0.0353996642,-0.5500161,2.13215256,2.73881,3.51421022
582,11.639995875850339,3553,0,0,0,0,0,-0.000115080547,0,-0.000901589636,-0.000115080547,0,-0.000901589636,1,0,0,1,2.30161E-06,-5.96046448E-06,1.80317857E-05,0,0,0,-0.0005340766,-0.00148133934,-0.000220028393,-0.151092529,0.008077595,0.0461093262,0.001809198,-0.000179915,0.00249909,0.0002907275,3.413856E-05,-0.0008320186,0.0212915912,0.0190370176,0.122742891,-0.004230811,-0.0003484853,-0.00157398218,-2.41883154E-05,7.493794E-05,-0.0007267415,0.00165129907,-0.00451660156,-0.0113830566,-0.00445537642,-0.00013141871,-0.0001302102,5.955869E-05,0.00250466168,0.00111408078,4.904052,0.0599831343,0.156818971,0.0574664436,0.000257783948,-0.00038146603,1.138249E-05,0.002524808,0.00113505335,4.880399,-0.0213317871,-0.0158996582,0.0595418,2.86724662E-05,-7.497745E-05,0.00124063226,-0.00203853846,-0.00195565843,1.06836259,0.11710237,-0.140563965,0.0399906449,0.00387882232,0.0439666547,0.00129887543,-0.00194455683,-0.00250407425,1.0481447,-0.07293701,-0.117858887,0.0340812765,0.000753512,0.0354106054,-0.550016165,2.1321528,2.73881,3.51421022
583,11.659995868764172,3560,0,0,0,0,0,-5.77761057E-05,0,-0.0009015985,-5.77761057E-05,0,-0.0009015985,1,0,0,1,1.15552166E-06,1.49011612E-08,1.80319621E-05,0,0,0,-0.000536944368,-0.00147558749,-0.0002200376,-0.151092529,0.008077194,0.0461131521,0.00180821656,-0.00018070513,0.0025035732,0.00028808447,4.36306E-05,-0.0008316246,0.02129401,0.0190360043,0.122732915,-0.004230211,-0.000350897928,-0.00158849673,-2.67023552E-05,8.432567E-05,-0.000726572471,0.00165310537,-0.00451660156,-0.0113830566,-0.004453245,-0.000134123009,-0.0001452099,5.935898E-05,0.00251476467,0.00111391838,4.904047,0.0599829033,0.156821072,0.05746488,0.0002548805,-0.0003861063,1.14402465E-05,0.002529472,0.00113508047,4.880399,-0.0213317871,-0.0158996582,0.05954109,2.618126E-05,-7.99212E-05,0.00124037464,-0.00203099847,-0.001957403,1.06839979,0.117099643,-0.140563965,0.0400367863,0.00387653918,0.043957483,0.00129821047,-0.001943484,-0.00250450475,1.04814255,-0.07293701,-0.117858887,0.0340904631,0.0007540009,0.03539983,-0.5500161,2.13215256,2.73881,3.51421022
584,11.679995861678004,3567,0,0,0,0,0,-0.00011508,0,-0.0009015199,-0.00011508,0,-0.0009015199,1,0,0,1,2.30159912E-06,-5.96046448E-06,1.803039E-05,0,0,0,-0.000534037361,-0.00148133934,-0.000220030633,-0.151092529,0.008077525,0.04610916,0.00180904486,-0.000179603448,0.002499579,0.000290660158,3.415346E-05,-0.0008355908,0.0212761182,0.0190371647,0.12274272,-0.004248424,-0.00034819328,-0.00157380558,-2.42112455E-05,7.496774E-05,-0.000726745755,0.00165125413,-0.00451660156,-0.0113830566,-0.00445553241,-0.000131001434,-0.000130248489,5.92662363E-05,0.0025062263,0.00111433188,4.90414429,0.0599837676,0.156819209,0.0575535931,0.0002558957,-0.000381004036,1.13822562E-05,0.00252485275,0.00113504485,4.880399,-0.0213317871,-0.0158996582,0.0595417842,2.88212468E-05,-7.502362E-05,0.00124129606,-0.002036944,-0.001952845,1.06831491,0.1170885,-0.140594482,0.03996038,0.00387178059,0.0439576432,0.00129888253,-0.00194454193,-0.00250402628,1.04814756,-0.07293701,-0.117858887,0.0340808779,0.0007536168,0.0354109928,-0.550016165,2.1321528,2.73881,3.51421022
585,11.699995854591837,3574,0,0,0,0,0,-5.77885658E-05,0,-0.000901604537,-5.77885658E-05,0,-0.000901604537,1,0,0,1,1.15577086E-06,1.49011612E-08,1.8032084E-05,0,0,0,-0.0005369403,-0.00147557259,-0.000220049929,-0.151092529,0.00807758,0.0461130068,0.00180820643,-0.000180280855,0.00250358181,0.000288092881,4.36157E-05,-0.000828922552,0.0212896615,0.0190364253,0.12273255,-0.00421644142,-0.000350609567,-0.00158871722,-2.67527466E-05,8.428097E-05,-0.0007265556,0.00165296393,-0.00451660156,-0.0113830566,-0.00445338339,-0.000133711452,-0.000145135782,5.95240926E-05,0.00251233578,0.00111385027,4.90402174,0.0599801466,0.15682067,0.0573810935,0.0002568209,-0.0003863802,1.151149E-05,0.00252941251,0.00113504683,4.880399,-0.0213317871,-0.0158996582,0.0595410354,2.6405065E-05,-8.023519E-05,0.00124027545,-0.00203473866,-0.0019601034,1.06836843,0.117102437,-0.140563965,0.0400679857,0.00388448,0.0439833067,0.00129822758,-0.00194358826,-0.00250451663,1.04813957,-0.07293701,-0.117858887,0.03409041,0.000753843167,0.035399612,-0.5500161,2.13215256,2.73881,3.51421022
586,11.719995847505668,3581,0,0,0,0,0,-0.000115082454,0,-0.000901636668,-0.000115082454,0,-0.000901636668,1,0,0,1,2.30164824E-06,-5.96046448E-06,1.80327261E-05,0,0,0,-0.000533964951,-0.00148133934,-0.0002200247,-0.151092529,0.008077405,0.046108827,0.00180920551,-0.000180206829,0.002499518,0.000290713884,3.415346E-05,-0.000831269252,0.0212982316,0.0190369226,0.122742757,-0.0042273174,-0.000348809466,-0.0015737405,-2.417262E-05,7.496774E-05,-0.0007267859,0.00165145,-0.00451660156,-0.0113830566,-0.00445541227,-0.000131876339,-0.000130115644,5.931637E-05,0.00250571966,0.001113488,4.90402746,0.0599830225,0.156819537,0.0574625731,0.000258193555,-0.0003808568,1.11636673E-05,0.002524808,0.00113506871,4.880399,-0.0213317871,-0.0158996582,0.0595419742,2.84259531E-05,-7.436474E-05,0.0012402517,-0.00203669071,-0.00195625518,1.06838036,0.117106959,-0.140563965,0.0400023237,0.00387889077,0.0439596437,0.00129879033,-0.00194455683,-0.00250402652,1.048145,-0.07293701,-0.117828369,0.034080103,0.0007538158,0.0354105569,-0.5500161,2.13215256,2.73881,3.51421022
587,11.739995840419502,3587,0,0,0,0,0,-5.776128E-05,0,-0.0009015461,-5.776128E-05,0,-0.0009015461,1,0,0,1,1.15522516E-06,1.49011612E-08,1.80309144E-05,0,0,0,-0.000536921958,-0.00147555768,-0.000220052723,-0.151092529,0.008076833,0.046112895,0.0018083083,-0.000180757037,0.00250338367,0.00028797242,4.36007977E-05,-0.000834824459,0.0212833025,0.0190358441,0.122732967,-0.004246182,-0.000350963528,-0.00158793,-2.69775046E-05,8.428097E-05,-0.000726568862,0.00165316614,-0.00451660156,-0.0113830566,-0.00445319666,-0.0001341239,-0.000143846875,5.861625E-05,0.00251504779,0.00111487345,4.90412951,0.05998341,0.156822771,0.0575526841,0.000253767474,-0.0003845566,1.15159592E-05,0.002529502,0.00113509467,4.880399,-0.0213317871,-0.0158996582,0.0595411547,2.64187383E-05,-8.105305E-05,0.00124017661,-0.002031371,-0.001953668,1.06833613,0.1170962,-0.140594482,0.039985504,0.003870434,0.0439345837,0.00129824574,-0.00194339454,-0.00250446517,1.04814279,-0.07293701,-0.117858887,0.03409019,0.0007538051,0.0353992768,-0.5500161,2.13215256,2.73881,3.51421022
588,11.759995833333333,3593,0,0,0,0,0,-0.000115084273,0,-0.0009014315,-0.000115084273,0,-0.0009014315,1,0,0,1,2.30168462E-06,-5.96046448E-06,1.80286224E-05,0,0,0,-0.000534088,-0.00148133934,-0.0002200402,-0.151092529,0.008077761,0.04610903,0.00180906663,-0.000178989067,0.00249977969,0.000290507567,3.42130661E-05,-0.0008367191,0.021256458,0.01903761,0.122743569,-0.00425363565,-0.000347609515,-0.00157333561,-2.42537153E-05,7.50124454E-05,-0.000726707338,0.00165108859,-0.00451660156,-0.0113830566,-0.00445565442,-0.000130224769,-0.0001303353,5.95224E-05,0.002508819,0.00111414422,4.90421057,0.05998457,0.156819761,0.0575567633,0.00025477176,-0.0003821676,1.11597265E-05,0.002524808,0.00113506441,4.880399,-0.0213317871,-0.0158996582,0.0595418,2.96775579E-05,-7.450067E-05,0.00124259922,-0.00203312933,-0.001954145,1.06826663,0.1170761,-0.140594482,0.0399950147,0.00386949861,0.0439768173,0.00129866553,-0.00194455683,-0.00250404258,1.04814792,-0.07293701,-0.117858887,0.0340801738,0.0007538794,0.0354085639,-0.550016165,2.1321528,2.73881,3.51421022
589,11.779995826247164,3600,0,0,0,0,0,-5.780041E-05,0,-0.00090146967,-5.780041E-05,0,-0.00090146967,1,0,0,1,1.15600778E-06,1.49011612E-08,1.80293864E-05,0,0,0,-0.0005369643,-0.00147558749,-0.000220066169,-0.151092529,0.008078361,0.0461130254,0.00180828373,-0.000179665862,0.002503713,0.000288214418,4.36007977E-05,-0.0008328809,0.021247,0.0190372262,0.122732431,-0.004235745,-0.000350230635,-0.00158963562,-2.68215335E-05,8.428097E-05,-0.00072655495,0.0016527354,-0.00451660156,-0.0113830566,-0.004453678,-0.000133010079,-0.000145100013,6.026449E-05,0.00251293182,0.00111236959,4.90418148,0.0599796064,0.15681912,0.0574648455,0.000255519524,-0.0003880908,1.12993712E-05,0.00252942741,0.0011350381,4.880399,-0.0213317871,-0.0158996582,0.0595409945,2.6838592E-05,-7.983462E-05,0.00124224112,-0.00203613937,-0.00195838558,1.0682689,0.117079,-0.140594482,0.04005765,0.003880222,0.0440119468,0.00129812886,-0.001943469,-0.00250451127,1.04814065,-0.07293701,-0.117858887,0.03409009,0.000753861,0.0353979133,-0.5500161,2.13215256,2.73881,3.51421022
590,11.799995819160998,3607,0,0,0,0,0,-0.000115114017,0,-0.0009014962,-0.000115114017,0,-0.0009014962,1,0,0,1,2.30227943E-06,-5.94556332E-06,1.80299176E-05,0,0,0,-0.000534019258,-0.00148133934,-0.000220024347,-0.151092529,0.008079085,0.0461088978,0.00180918176,-0.000179410243,0.002499625,0.000290952565,3.41683626E-05,-0.0008327289,0.0212436616,0.0190383326,0.12274085,-0.00423392141,-0.000348190923,-0.00157538918,-2.42734568E-05,7.498264E-05,-0.0007267667,0.001650992,-0.00451660156,-0.0113830566,-0.0044557997,-0.000130977569,-0.000130059765,6.05504E-05,0.00250692666,0.0011110648,4.904161,0.0599801056,0.156815335,0.05746097,0.000257551583,-0.000383396342,1.12145008E-05,0.002524808,0.00113502773,4.880399,-0.0213317871,-0.0158996582,0.05954183,2.84654634E-05,-7.476476E-05,0.00124254043,-0.002036631,-0.00195871573,1.06829989,0.117078818,-0.140563965,0.04005506,0.00388064212,0.0440150164,0.00129883015,-0.00194461644,-0.00250406261,1.048146,-0.07293701,-0.117858887,0.0340812,0.000753809232,0.0354112834,-0.550016165,2.1321528,2.73881,3.51421022
591,11.819995812074829,3614,0,0,0,0,0,-5.780505E-05,0,-0.0009015115,-5.780505E-05,0,-0.0009015115,1,0,0,1,1.15610055E-06,1.49011612E-08,1.80302231E-05,0,0,0,-0.000536917243,-0.00147557259,-0.000220056856,-0.151092529,0.008078919,0.0461128019,0.00180834229,-0.000180355943,0.002503597,0.0002883877,4.36007977E-05,-0.0008319196,0.0212431289,0.0190372169,0.122728683,-0.00423137657,-0.0003508673,-0.00159020093,-2.67790656E-05,8.428097E-05,-0.00072659977,0.00165271782,-0.00451660156,-0.0113830566,-0.00445357431,-0.000133958587,-0.000145014143,5.99930645E-05,0.00251337886,0.00111141417,4.90414238,0.05997848,0.156814918,0.0574594326,0.000257360341,-0.0003867376,1.12967855E-05,0.00252944231,0.00113503926,4.880399,-0.0213317871,-0.0158996582,0.0595411323,2.6956679E-05,-7.97205357E-05,0.00124090817,-0.00203487277,-0.00195865682,1.06834078,0.117091335,-0.140533447,0.0400576033,0.0038812852,0.0439883359,0.00129805692,-0.00194352865,-0.0025044845,1.048142,-0.07293701,-0.117858887,0.0340897441,0.0007540265,0.0353970379,-0.5500161,2.13215256,2.73881,3.51421022
592,11.839995804988662,3621,0,0,0,0,0,-0.000115103241,0,-0.000901511055,-0.000115103241,0,-0.000901511055,1,0,0,1,2.30206388E-06,-5.94556332E-06,1.80302141E-05,0,0,0,-0.0005340177,-0.00148132443,-0.000220040762,-0.151092529,0.008079448,0.04610877,0.00180900993,-0.000179530587,0.00249972288,0.00029076435,3.41832638E-05,-0.0008323468,0.0212429222,0.0190384332,0.122737795,-0.004232087,-0.000348109461,-0.00157439581,-2.42692859E-05,7.49975443E-05,-0.000726726663,0.00165096053,-0.00451660156,-0.0113830566,-0.004455532,-0.00013114934,-0.0001300326,5.95205E-05,0.00250700116,0.00111215154,4.90412664,0.059981253,0.1568126,0.05746272,0.000257868232,-0.000381168356,1.11996151E-05,0.002524823,0.00113507279,4.880399,-0.0213317871,-0.0158996582,0.0595418662,2.825136E-05,-7.472141E-05,0.00124110072,-0.00203533471,-0.00195756787,1.06836748,0.117092386,-0.140533447,0.04003102,0.00387921464,0.0439795181,0.00129884249,-0.00194454193,-0.0025040477,1.04814792,-0.07293701,-0.117858887,0.0340807959,0.0007537732,0.03541143,-0.550016165,2.1321528,2.73881,3.51421022
593,11.859995797902494,3628,0,0,0,0,0,-5.778726E-05,0,-0.000901539461,-5.778726E-05,0,-0.000901539461,1,0,0,1,1.15574471E-06,1.49011612E-08,1.80307816E-05,0,0,0,-0.0005369219,-0.00147555768,-0.000220058835,-0.151092529,0.008079237,0.04611273,0.00180844439,-0.000180374787,0.00250365958,0.0002880157,4.36007977E-05,-0.00083142,0.0212454386,0.019037595,0.122727826,-0.004228878,-0.000350675371,-0.00158835493,-2.67901469E-05,8.429587E-05,-0.0007265705,0.0016527418,-0.00451660156,-0.0113830566,-0.00445344858,-0.000133984475,-0.000144973281,5.912314E-05,0.00251294672,0.00111324573,4.90411425,0.05998158,0.156815037,0.0574628375,0.000256811676,-0.00038554694,1.13234655E-05,0.00252944231,0.00113504194,4.880399,-0.0213317871,-0.0158996582,0.05954105,2.62442827E-05,-7.985738E-05,0.00124001456,-0.002034396,-0.00195724983,1.06839,0.1171007,-0.140533447,0.04002852,0.00387940463,0.04396129,0.00129821,-0.001943469,-0.00250449148,1.04814088,-0.07293701,-0.117858887,0.03409013,0.0007537437,0.03539862,-0.5500161,2.13215256,2.73881,3.51421022
594,11.879995790816325,3635,0,0,0,0,0,-0.000115079638,0,-0.0009015453,-0.000115079638,0,-0.0009015453,1,0,0,1,2.30159185E-06,-5.96046448E-06,1.8030898E-05,0,0,0,-0.000534005463,-0.00148135424,-0.000220032976,-0.151092529,0.008079547,0.04610877,0.00180906034,-0.000179775408,0.00249967258,0.000290312542,3.41683626E-05,-0.0008317641,0.0212483965,0.0190387461,0.122738257,-0.00422928669,-0.0003482192,-0.00157209,-2.420001E-05,7.498264E-05,-0.0007267469,0.00165093865,-0.00451660156,-0.0113830566,-0.004455591,-0.000131338136,-0.000130330416,5.89841657E-05,0.00250649452,0.00111404911,4.90410471,0.05998365,0.156814083,0.05746604,0.000257201522,-0.0003812574,1.11474046E-05,0.002524808,0.00113505812,4.880399,-0.0213317871,-0.0158996582,0.05954188,2.85593469E-05,-7.436591E-05,0.00124049839,-0.002035424,-0.00195646426,1.06839383,0.117098443,-0.140533447,0.0400097258,0.00387806864,0.0439625867,0.00129865028,-0.00194461644,-0.00250409846,1.04814732,-0.07293701,-0.117828369,0.03408088,0.0007540579,0.035409417,-0.550016165,2.1321528,2.73881,3.51421022
595,11.899995783730159,3642,0,0,0,0,0,-5.77854626E-05,0,-0.000901573338,-5.77854626E-05,0,-0.000901573338,1,0,0,1,1.15570879E-06,1.49011612E-08,1.803146E-05,0,0,0,-0.0005369128,-0.00147557259,-0.00022004635,-0.151092529,0.008079242,0.0461128578,0.00180828373,-0.0001805602,0.0025033995,0.0002878622,4.35858965E-05,-0.0008309818,0.0212535486,0.01903774,0.122729219,-0.004226821,-0.000350872462,-0.00158749858,-2.6800848E-05,8.428097E-05,-0.000726579,0.00165273913,-0.00451660156,-0.0113830566,-0.004453401,-0.0001341754,-0.0001448334,5.85561138E-05,0.00251297653,0.00111473072,4.904097,0.0599829219,0.156817481,0.057465408,0.000255346182,-0.000384576677,1.12957023E-05,0.002529472,0.001135071,4.880399,-0.0213317871,-0.0158996582,0.05954111,2.63556321E-05,-7.982006E-05,0.0012397106,-0.00203405321,-0.00195649639,1.06840217,0.117100582,-0.140563965,0.04001645,0.00387824373,0.0439515077,0.00129823515,-0.00194345415,-0.00250442163,1.04814255,-0.07293701,-0.117858887,0.03408942,0.000753775763,0.0353989042,-0.5500161,2.13215256,2.73881,3.51421022
596,11.91999577664399,3649,0,0,0,0,0,-0.000115087365,0,-0.0009015675,-0.000115087365,0,-0.0009015675,1,0,0,1,2.30174646E-06,-5.94556332E-06,1.80313436E-05,0,0,0,-0.0005340505,-0.00148129463,-0.000220037386,-0.151092529,0.008079405,0.0461091921,0.00180910854,-0.000179774826,0.002498913,0.0002904681,3.41832638E-05,-0.0008316063,0.0212577321,0.0190386344,0.122740611,-0.00422861,-0.000348444475,-0.00157278241,-2.42425413E-05,7.49975443E-05,-0.000726729631,0.00165104587,-0.00451660156,-0.0113830566,-0.004455418,-0.0001315138,-0.0001300298,5.896302E-05,0.00250709057,0.001114778,4.904091,0.0599848367,0.156816617,0.0574674271,0.0002572261,-0.000380639249,1.13791884E-05,0.002524808,0.00113509537,4.880399,-0.0213317871,-0.0158996582,0.0595419072,2.83285754E-05,-7.51289044E-05,0.00124053145,-0.00203433633,-0.001956232,1.06840241,0.117099337,-0.140563965,0.04000956,0.00387670775,0.0439587533,0.00129885226,-0.00194457173,-0.00250408286,1.04814708,-0.07293701,-0.117858887,0.0340810977,0.000753676461,0.03541125,-0.550016165,2.1321528,2.73881,3.51421022
597,11.939995769557823,3657,0,0,0,0,0,-5.77647152E-05,0,-0.0009015825,-5.77647152E-05,0,-0.0009015825,1,0,0,1,1.15529383E-06,0,1.8031642E-05,0,0,0,-0.000536983949,-0.00147555768,-0.000220047616,-0.151092529,0.008078887,0.04611338,0.00180837861,-0.000180795425,0.00250286562,0.000287753821,4.35858965E-05,-0.000831010053,0.021262886,0.019037459,0.122730859,-0.0042270394,-0.0003510154,-0.00158691185,-2.67665237E-05,8.426607E-05,-0.000726580736,0.0016528886,-0.00451660156,-0.0113830566,-0.00445334148,-0.000134247646,-0.000144955135,5.89988267E-05,0.00251300633,0.00111483259,4.904085,0.0599838421,0.156818584,0.0574656725,0.000255877763,-0.000386214146,1.15256944E-05,0.002529472,0.00113507744,4.8803997,-0.0213317871,-0.0158996582,0.0595411733,2.650654E-05,-8.0327E-05,0.00123997789,-0.0020340085,-0.00195648381,1.06840384,0.117103972,-0.140563965,0.0400168672,0.003877752,0.0439543352,0.00129829114,-0.00194345415,-0.00250441348,1.048142,-0.07293701,-0.117858887,0.0340895243,0.00075372064,0.0353995152,-0.5500161,2.13215256,2.73881,3.51421022
598,11.959995762471655,3663,0,0,0,0,0,-0.000115082636,0,-0.000901575841,-0.000115082636,0,-0.000901575841,1,0,0,1,2.30165188E-06,-5.94556332E-06,1.803151E-05,0,0,0,-0.0005340828,-0.00148135424,-0.000220033427,-0.151092529,0.008079085,0.04610938,0.00180890737,-0.000179854149,0.002499125,0.000290575059,3.41832638E-05,-0.0008316886,0.0212666746,0.0190384239,0.122741446,-0.00422905,-0.000348399131,-0.00157330278,-2.41893322E-05,7.498264E-05,-0.0007267336,0.001651135,-0.00451660156,-0.0113830566,-0.004455419,-0.000131453,-0.000130284257,5.90695272E-05,0.00250652432,0.00111465552,4.90408,0.0599847622,0.156817123,0.0574672669,0.000256097846,-0.000380669866,1.13237193E-05,0.002524823,0.00113509351,4.8803997,-0.0213317871,-0.0158996582,0.05954188,2.800534E-05,-7.48365637E-05,0.00124073669,-0.00203529,-0.00195620139,1.06839681,0.117096856,-0.140563965,0.0400063545,0.00387719483,0.04396406,0.00129881722,-0.00194454193,-0.00250403513,1.04814732,-0.07293701,-0.117828369,0.0340806432,0.0007538301,0.03541121,-0.550016165,2.1321528,2.73881,3.51421022
599,11.979995755385486,3670,0,0,0,0,0,-5.776892E-05,0,-0.0009016108,-5.776892E-05,0,-0.0009016108,1,0,0,1,1.155378E-06,0,1.803221E-05,0,0,0,-0.000536956941,-0.00147558749,-0.00022004488,-0.151092529,0.008078618,0.04611331,0.00180830958,-0.000180676347,0.00250359555,0.00028800263,4.35560942E-05,-0.0008308428,0.021272473,0.0190372057,0.122731619,-0.004226242,-0.000351042778,-0.0015881334,-2.67640353E-05,8.42362642E-05,-0.0007265727,0.00165294518,-0.00451660156,-0.0113830566,-0.004453296,-0.000134239875,-0.000144949125,5.86902424E-05,0.00251150131,0.00111538637,4.904076,0.0599824227,0.156820551,0.05746649,0.000256066676,-0.000384523446,1.15200437E-05,0.00252945721,0.00113504834,4.8803997,-0.0213317871,-0.0158996582,0.0595410354,2.65015842E-05,-8.030747E-05,0.00123947766,-0.00203672051,-0.00195562677,1.06837237,0.117105052,-0.140563965,0.0399987735,0.00387909357,0.0439503379,0.00129829079,-0.00194345415,-0.00250453153,1.04813921,-0.07293701,-0.117858887,0.03409091,0.0007535259,0.0353990048,-0.5500161,2.13215256,2.73881,3.51421022
600,11.99999574829932,3675,0,0,0,0,0,-0.000115072588,0,-0.000901579566,-0.000115072588,0,-0.000901579566,1,0,0,1,2.30145088E-06,-5.94556332E-06,1.80315837E-05,0,0,0,-0.0005340197,-0.00148132443,-0.000220026413,-0.151092529,0.008078702,0.0461092331,0.0018090409,-0.000179962837,0.002499654,0.000290492375,3.42130661E-05,-0.0008318108,0.0212761573,0.0190381613,0.122742809,-0.004229684,-0.000348407077,-0.00157287135,-2.41940943E-05,7.504225E-05,-0.0007267496,0.00165116868,-0.00451660156,-0.0113830566,-0.004455475,-0.0001314329,-0.000130244836,5.90722739E-05,0.002508387,0.00111479266,4.904072,0.0599855781,0.156819329,0.0574679635,0.000256222382,-0.000380921818,1.14030263E-05,0.002524808,0.00113503961,4.880399,-0.0213317871,-0.0158996582,0.0595417954,2.85167025E-05,-7.505579E-05,0.00124090072,-0.00203199685,-0.001956618,1.06839192,0.117096834,-0.140563965,0.0400195643,0.00387502019,0.0439592078,0.00129889045,-0.00194472075,-0.002504068,1.04814553,-0.07293701,-0.117858887,0.0340819731,0.0007536178,0.0354110152,-0.550016165,2.1321528,2.73881,3.51421022
601,12.019995741213151,3680,0,0,0,0,0,-5.77574174E-05,0,-0.000901608262,-5.77574174E-05,0,-0.000901608262,1,0,0,1,1.15514786E-06,0,1.80321586E-05,0,0,0,-0.000536916137,-0.00147555768,-0.000220046,-0.151092529,0.008078177,0.04611308,0.0018082147,-0.000180775241,0.00250352034,0.0002878365,4.3541193E-05,-0.0008310571,0.0212808028,0.019036876,0.122732565,-0.004227351,-0.000351109571,-0.00158728007,-2.66967891E-05,8.422136E-05,-0.0007266052,0.00165289082,-0.00451660156,-0.0113830566,-0.00445342343,-0.000134258909,-0.000145258877,5.906859E-05,0.00251111388,0.00111493119,4.904068,0.0599827878,0.156821,0.0574658476,0.0002560143,-0.000386179978,1.14564546E-05,0.00252951682,0.00113501947,4.880399,-0.0213317871,-0.0158996582,0.0595410876,2.60971883E-05,-7.99523841E-05,0.00123984367,-0.00203728676,-0.001955735,1.06836438,0.117104024,-0.140563965,0.0399985,0.003879216,0.0439567156,0.0012982022,-0.00194339454,-0.00250448426,1.04814172,-0.07293701,-0.117858887,0.0340900756,0.000753964647,0.0353995748,-0.5500161,2.13215256,2.73881,3.51421022
602,12.039995734126984,3686,0,0,0,0,0,-0.00011507891,0,-0.000901580264,-0.00011507891,0,-0.000901580264,1,0,0,1,2.3015773E-06,-5.94556332E-06,1.80315983E-05,0,0,0,-0.0005340016,-0.00148132443,-0.00022002522,-0.151092529,0.008078328,0.0461089574,0.00180907291,-0.000179776252,0.002499549,0.000290569937,3.42279673E-05,-0.000831967045,0.0212835986,0.01903783,0.122743353,-0.00423050672,-0.0003484148,-0.001573237,-2.41927009E-05,7.502735E-05,-0.000726739934,0.00165112654,-0.00451660156,-0.0113830566,-0.004455395,-0.000131431036,-0.000130226384,5.924318E-05,0.00250831246,0.0011143937,4.904064,0.05998489,0.156819731,0.0574672967,0.000256352942,-0.000381154736,1.13912829E-05,0.002524823,0.00113504473,4.880399,-0.0213317871,-0.0158996582,0.059541788,2.86478735E-05,-7.501104E-05,0.00124102237,-0.00203228,-0.001956833,1.06838727,0.11709787,-0.140563965,0.04002337,0.00387553917,0.04396383,0.00129887857,-0.00194457173,-0.00250408333,1.04814661,-0.07293701,-0.117858887,0.0340813771,0.000753491942,0.035410583,-0.550016165,2.1321528,2.73881,3.51421022
603,12.059995727040816,3691,0,0,0,0,0,-5.77762548E-05,0,-0.0009016039,-5.77762548E-05,0,-0.0009016039,1,0,0,1,1.15552461E-06,0,1.80320712E-05,0,0,0,-0.0005369086,-0.00147557259,-0.0002200593,-0.151092529,0.008077842,0.0461128652,0.00180846441,-0.000180640331,0.002503509,0.000288083625,4.3541193E-05,-0.000831262965,0.0212872289,0.0190365985,0.122733392,-0.00422838842,-0.0003510615,-0.00158850732,-2.67246141E-05,8.42362642E-05,-0.0007265859,0.00165291852,-0.00451660156,-0.0113830566,-0.004453333,-0.00013418484,-0.0001451094,5.92594151E-05,0.00251163542,0.00111447112,4.90406,0.05998262,0.156821787,0.05746519,0.00025596004,-0.000385826163,1.15754483E-05,0.002529472,0.00113504066,4.880399,-0.0213317871,-0.0158996582,0.05954106,2.64317077E-05,-8.03376461E-05,0.00123992271,-0.00203642249,-0.00195612013,1.06836581,0.117103539,-0.140563965,0.0400053523,0.00387908239,0.04395736,0.00129827508,-0.00194351375,-0.00250447472,1.04814219,-0.07293701,-0.117858887,0.0340902358,0.0007538851,0.03540028,-0.5500161,2.13215256,2.73881,3.51421022
604,12.079995719954647,3695,0,0,0,0,0,-0.0001150891,0,-0.000901574444,-0.0001150891,0,-0.000901574444,1,0,0,1,2.301781E-06,-5.94556332E-06,1.80314819E-05,0,0,0,-0.000533997,-0.00148132443,-0.000220032336,-0.151092529,0.008077938,0.04610881,0.0018090792,-0.00017999424,0.00249959342,0.000290669443,3.42130661E-05,-0.0008322108,0.021288665,0.0190375336,0.12274348,-0.004231742,-0.0003484381,-0.0015737057,-2.415216E-05,7.504225E-05,-0.000726739,0.00165122037,-0.00451660156,-0.0113830566,-0.00445536431,-0.000131400127,-0.0001304033,5.93577242E-05,0.00250835717,0.00111387146,4.9040556,0.05998439,0.156819478,0.05746659,0.000256075757,-0.000381176564,1.11897407E-05,0.002524823,0.00113508932,4.880399,-0.0213317871,-0.0158996582,0.0595418476,2.85437018E-05,-7.434923E-05,0.00124109688,-0.002032131,-0.0019570475,1.06839359,0.117095694,-0.140563965,0.0400267951,0.00387570634,0.04396579,0.00129863224,-0.00194458663,-0.00250406121,1.04814851,-0.07293701,-0.117828369,0.0340803564,0.0007539371,0.0354083776,-0.550016165,2.1321528,2.73881,3.51421022
605,12.099995712868481,3701,0,0,0,0,0,-5.776882E-05,0,-0.000901609,-5.776882E-05,0,-0.000901609,1,0,0,1,1.15537591E-06,0,1.80321731E-05,0,0,0,-0.00053690566,-0.00147555768,-0.000220046932,-0.151092529,0.008077419,0.0461128242,0.00180819316,-0.00018079947,0.00250336714,0.0002881358,4.3541193E-05,-0.000831342943,0.0212916769,0.019036226,0.1227331,-0.004228848,-0.000351105322,-0.00158871908,-2.69792927E-05,8.42362642E-05,-0.0007265588,0.00165312656,-0.00451660156,-0.0113830566,-0.00445315056,-0.000134216549,-0.000143806712,5.92521028E-05,0.00251106918,0.00111427589,4.904052,0.05998213,0.156821176,0.0574648678,0.000256758824,-0.00038562165,1.13852311E-05,0.00252945721,0.00113505137,4.880399,-0.0213317871,-0.0158996582,0.05954098,2.65761519E-05,-8.07117758E-05,0.00123981643,-0.00203734636,-0.001955954,1.0683713,0.117107384,-0.140563965,0.04000072,0.0038796335,0.043957,0.0012982653,-0.001943469,-0.002504525,1.04813707,-0.07293701,-0.117858887,0.0340899676,0.000753414934,0.0353983939,-0.5500161,2.13215256,2.73881,3.51421022
606,12.119995705782312,3704,0,0,0,0,0,-0.000115078408,0,-0.000901581254,-0.000115078408,0,-0.000901581254,1,0,0,1,2.30156729E-06,-5.94556332E-06,1.80316183E-05,0,0,0,-0.000534048653,-0.00148133934,-0.000220031012,-0.151092529,0.008077546,0.0461090319,0.00180904311,-0.000179842478,0.002499153,0.000290640921,3.42130661E-05,-0.00083218643,0.0212932825,0.0190372076,0.1227435,-0.00423164433,-0.000348398724,-0.00157355936,-2.42499918E-05,7.502735E-05,-0.000726789236,0.00165118673,-0.00451660156,-0.0113830566,-0.004455596,-0.000131381574,-0.000129904089,5.936574E-05,0.00250828266,0.00111397833,4.904047,0.0599845573,0.156819791,0.05746679,0.000255627063,-0.00038128483,1.115361E-05,0.00252483785,0.00113501959,4.880399,-0.0213317871,-0.0158996582,0.05954182,2.79305314E-05,-7.45770158E-05,0.00124101737,-0.00203223526,-0.001956943,1.06839454,0.1170955,-0.140563965,0.0400228351,0.00387568166,0.0439633,0.00129878754,-0.00194463134,-0.00250400277,1.04814649,-0.07293701,-0.117858887,0.0340813175,0.000754016452,0.03541092,-0.550016165,2.1321528,2.73881,3.51421022
607,12.139995698696145,3710,0,0,0,0,0,-5.77806532E-05,0,-0.000901529,-5.77806532E-05,0,-0.000901529,1,0,0,1,1.15561261E-06,0,1.80305724E-05,0,0,0,-0.0005369731,-0.00147557259,-0.000220048241,-0.151092529,0.008077266,0.0461130925,0.00180820888,-0.000180558345,0.00250313757,0.0002881133,4.35709953E-05,-0.000834973471,0.0212765485,0.01903619,0.122732833,-0.00424676063,-0.000350837741,-0.00158875459,-2.67780288E-05,8.426607E-05,-0.000726569735,0.00165291526,-0.00451660156,-0.0113830566,-0.0044533303,-0.000133861657,-0.000144941543,5.918839E-05,0.00251330435,0.00111439149,4.904145,0.059983097,0.156820565,0.0575518347,0.000255348219,-0.0003856222,1.14723871E-05,0.002529487,0.001135058,4.880399,-0.0213317871,-0.0158996582,0.05954105,2.65571762E-05,-8.020595E-05,0.00124066486,-0.00203478336,-0.00195346214,1.06832671,0.117094614,-0.140594482,0.0399788842,0.00387210329,0.0439501479,0.00129824271,-0.00194349885,-0.002504482,1.04814255,-0.07293701,-0.117858887,0.0340902545,0.000753906264,0.0353998579,-0.5500161,2.13215256,2.73881,3.51421022
608,12.159995691609977,3716,0,0,0,0,0,-0.000115088369,0,-0.000901583931,-0.000115088369,0,-0.000901583931,1,0,0,1,2.30176647E-06,-5.96046448E-06,1.80316711E-05,0,0,0,-0.0005340844,-0.00148133934,-0.000220032845,-0.151092529,0.008077859,0.0461093,0.00180930737,-0.000179406517,0.00249921321,0.00029073676,3.415346E-05,-0.00082955265,0.02128879,0.0190375131,0.122742608,-0.00421821326,-0.000348046276,-0.001574229,-2.420054E-05,7.496774E-05,-0.000726714847,0.00165109185,-0.00451660156,-0.0113830566,-0.00445546955,-0.000130908,-0.0001303496,5.97672552E-05,0.00250482559,0.00111382233,4.90402126,0.0599816628,0.156818241,0.0573829673,0.000257337728,-0.000381938677,1.13785563E-05,0.002524808,0.00113508583,4.880399,-0.0213317871,-0.0158996582,0.0595418178,2.947446E-05,-7.495005E-05,0.00124099408,-0.00203764439,-0.00195926032,1.06836343,0.117097363,-0.140563965,0.0400452167,0.00388422515,0.04399275,0.00129874144,-0.00194457173,-0.0025041094,1.04814768,-0.07293701,-0.117828369,0.0340808071,0.000753761968,0.0354097039,-0.550016165,2.1321528,2.73881,3.51421022
609,12.179995684523808,3722,0,0,0,0,0,-5.77803221E-05,0,-0.000901661057,-5.77803221E-05,0,-0.000901661057,1,0,0,1,1.155606E-06,1.49011612E-08,1.80332136E-05,0,0,0,-0.0005369013,-0.00147557259,-0.000220038288,-0.151092529,0.008077221,0.04611303,0.0018082998,-0.000180996518,0.00250349869,0.0002881573,4.36007977E-05,-0.0008305632,0.0212990455,0.0190359559,0.122732162,-0.004225167,-0.0003513775,-0.00158867007,-2.66909628E-05,8.428097E-05,-0.000726614555,0.00165312551,-0.00451660156,-0.0113830566,-0.00445326138,-0.0001346429,-0.000145078215,5.90246927E-05,0.00251272321,0.001113697,4.90402842,0.0599813759,0.156821042,0.0574608631,0.000256672647,-0.000384943036,1.15230823E-05,0.00252944231,0.0011350452,4.880399,-0.0213317871,-0.0158996582,0.05954113,2.5778314E-05,-8.013551E-05,0.00123947684,-0.00203463435,-0.001956866,1.06838644,0.11710804,-0.140563965,0.04001949,0.0038795867,0.0439509638,0.001298164,-0.001943484,-0.00250450056,1.04814053,-0.07293701,-0.117858887,0.0340900533,0.0007537922,0.0353981741,-0.5500161,2.13215256,2.73881,3.51421022
610,12.199995677437641,3729,0,0,0,0,0,-0.000115072631,0,-0.000901536259,-0.000115072631,0,-0.000901536259,1,0,0,1,2.30145179E-06,-5.96046448E-06,1.80307179E-05,0,0,0,-0.000534018851,-0.00148132443,-0.000220032234,-0.151092529,0.008077349,0.04610901,0.00180908339,-0.000179791692,0.00249961019,0.000290507684,3.41832638E-05,-0.000835482846,0.02128287,0.0190370344,0.122743011,-0.004248003,-0.000348271715,-0.00157295994,-2.41901853E-05,7.49975443E-05,-0.000726744067,0.00165118941,-0.00451660156,-0.0113830566,-0.00445544,-0.000131199427,-0.000130275686,5.890382E-05,0.00250805914,0.001114779,4.90412951,0.05998521,0.1568207,0.0575544648,0.000255788822,-0.000380489626,1.1244425E-05,0.002524823,0.00113504648,4.880399,-0.0213317871,-0.0158996582,0.0595417544,2.8482189E-05,-7.461466E-05,0.00124095345,-0.00203338265,-0.00195299962,1.06832838,0.117094509,-0.140594482,0.0399675258,0.0038695957,0.0439426564,0.00129887275,-0.00194460154,-0.002504045,1.04814649,-0.07293701,-0.117858887,0.0340813175,0.000753653236,0.0354110077,-0.550016165,2.1321528,2.73881,3.51421022
611,12.219995670351473,3731,0,0,0,0,0,-5.77820174E-05,0,-0.000901442,-5.77820174E-05,0,-0.000901442,1,0,0,1,1.15563989E-06,1.49011612E-08,1.80288334E-05,0,0,0,-0.000536967069,-0.00147557259,-0.000220073256,-0.151092529,0.0080776,0.046113044,0.00180822518,-0.000179926734,0.00250365725,0.000287932548,4.36306E-05,-0.000836071,0.0212573241,0.0190367363,0.122733288,-0.004251778,-0.00035020354,-0.00158817042,-2.6799733E-05,8.432567E-05,-0.000726543542,0.00165268837,-0.00451660156,-0.0113830566,-0.00445353659,-0.000133057,-0.000145152735,5.93853256E-05,0.00251580775,0.00111431233,4.90421152,0.0599834174,0.1568216,0.05755521,0.000253023754,-0.0003867415,1.1384388E-05,0.00252945721,0.00113506091,4.880399,-0.0213317871,-0.0158996582,0.05954106,2.70715955E-05,-7.9993144E-05,0.00124197837,-0.00203113258,-0.00195469055,1.06827617,0.117077835,-0.140594482,0.0400113054,0.003869901,0.0439699143,0.00129824551,-0.00194351375,-0.00250446214,1.048142,-0.07293701,-0.117858887,0.0340899229,0.0007539067,0.0353998728,-0.5500161,2.13215256,2.73881,3.51421022
612,12.239995663265306,3732,0,0,0,0,0,-0.000115114381,0,-0.0009014559,-0.000115114381,0,-0.0009014559,1,0,0,1,2.3022867E-06,-5.94556332E-06,1.802911E-05,0,0,0,-0.00053405,-0.00148133934,-0.000220041984,-0.151092529,0.008078727,0.0461088978,0.00180913182,-0.000179004433,0.00249968818,0.000290790573,3.41832638E-05,-0.000833518745,0.0212465934,0.0190383587,0.122742422,-0.004237562,-0.000347716355,-0.00157479336,-2.427541E-05,7.498264E-05,-0.000726715371,0.00165085529,-0.00451660156,-0.0113830566,-0.00445577,-0.000130286207,-0.000130263492,6.04611778E-05,0.00250652432,0.00111216167,4.90418148,0.0599810481,0.156816989,0.0574662,0.0002566892,-0.000383694685,1.11964764E-05,0.002524808,0.00113509409,4.880399,-0.0213317871,-0.0158996582,0.05954191,2.94347883E-05,-7.46553E-05,0.00124305533,-0.002037242,-0.00195817649,1.06826377,0.1170747,-0.140563965,0.0400475264,0.00387950521,0.0440211,0.001298618,-0.00194455683,-0.00250405865,1.04814839,-0.07293701,-0.117828369,0.0340802521,0.000753962435,0.03540825,-0.550016165,2.1321528,2.73881,3.51421022
613,12.259995656179138,3735,0,0,0,0,0,-5.78135077E-05,0,-0.0009015064,-5.78135077E-05,0,-0.0009015064,1,0,0,1,1.15626972E-06,0,1.80301213E-05,0,0,0,-0.000536920736,-0.00147555768,-0.000220059592,-0.151092529,0.008078736,0.0461129844,0.00180827267,-0.00018022838,0.00250337645,0.0002884146,4.36007977E-05,-0.0008321154,0.0212442558,0.019037297,0.122730054,-0.004232288,-0.00035084266,-0.00159037765,-2.68103431E-05,8.431077E-05,-0.000726560655,0.00165290444,-0.00451660156,-0.0113830566,-0.004453432,-0.000133796071,-0.000144898266,6.02385E-05,0.002513349,0.00111104525,4.90416145,0.05997838,0.15681611,0.0574590154,0.000256891915,-0.000387359032,1.1326194E-05,0.00252939761,0.00113507127,4.880399,-0.0213317871,-0.0158996582,0.059541136,2.67018731E-05,-7.99098852E-05,0.0012417254,-0.00203554332,-0.00195915112,1.06830549,0.117086411,-0.140563965,0.0400687866,0.00388174318,0.04400717,0.00129824108,-0.00194357336,-0.00250449637,1.04813886,-0.07293701,-0.117858887,0.034089867,0.0007535419,0.03539835,-0.5500161,2.13215256,2.73881,3.51421022
614,12.279995649092969,3740,0,0,0,0,0,-0.000115110379,0,-0.0009014962,-0.000115110379,0,-0.0009014962,1,0,0,1,2.30220667E-06,-5.96046448E-06,1.80299176E-05,0,0,0,-0.0005340372,-0.00148133934,-0.000220038273,-0.151092529,0.008079291,0.04610897,0.0018089473,-0.000179491035,0.002499683,0.000290894066,3.41832638E-05,-0.000832619669,0.0212422814,0.0190383773,0.122738644,-0.004233443,-0.000348213478,-0.00157504785,-2.42553615E-05,7.49975443E-05,-0.000726762053,0.00165109115,-0.00451660156,-0.0113830566,-0.00445571775,-0.0001311554,-0.00013009875,6.005001E-05,0.00250697136,0.00111119007,4.904142,0.059980195,0.1568133,0.0574609675,0.0002578082,-0.000382194732,1.11783429E-05,0.00252486765,0.001135028,4.880399,-0.0213317871,-0.0158996582,0.0595418364,2.7928636E-05,-7.46317237E-05,0.00124168792,-0.00203602016,-0.00195828918,1.06834,0.117087558,-0.140533447,0.0400453657,0.00388040836,0.0439967625,0.00129879289,-0.00194445252,-0.002504051,1.04814827,-0.07293701,-0.117828369,0.0340812467,0.00075402,0.0354115739,-0.550016165,2.1321528,2.73881,3.51421022
615,12.299995642006802,3745,0,0,0,0,0,-5.77929641E-05,0,-0.0009015268,-5.77929641E-05,0,-0.0009015268,1,0,0,1,1.15585885E-06,1.49011612E-08,1.80305287E-05,0,0,0,-0.0005369236,-0.00147558749,-0.000220050337,-0.151092529,0.008079179,0.0461129844,0.00180834916,-0.000180320756,0.00250366936,0.00028817897,4.35858965E-05,-0.000831674435,0.0212432463,0.0190374516,0.122727573,-0.0042301314,-0.000350731367,-0.00158917648,-2.68125259E-05,8.428097E-05,-0.000726558,0.00165288057,-0.00451660156,-0.0113830566,-0.004453403,-0.000133950729,-0.000144869991,5.934778E-05,0.00251287222,0.00111229077,4.90412664,0.0599797741,0.156814411,0.05746102,0.000256639061,-0.000385663239,1.13075E-05,0.00252944231,0.00113501726,4.8803997,-0.0213317871,-0.0158996582,0.0595409572,2.65005656E-05,-7.98751353E-05,0.00124022947,-0.00203500688,-0.00195781142,1.0683682,0.117094614,-0.140533447,0.040038,0.00388073875,0.04397125,0.00129826367,-0.00194358826,-0.00250454131,1.04813981,-0.07293701,-0.117858887,0.0340909548,0.000753567263,0.035398826,-0.5500161,2.13215256,2.73881,3.51421022
616,12.319995634920634,3750,0,0,0,0,0,-0.000115093913,0,-0.0009015261,-0.000115093913,0,-0.0009015261,1,0,0,1,2.30187743E-06,-5.94556332E-06,1.80305142E-05,0,0,0,-0.0005340155,-0.00148133934,-0.000220042421,-0.151092529,0.008079559,0.0461089462,0.00180929,-0.000179627168,0.00249968958,0.0002905854,3.41832638E-05,-0.000832014368,0.0212449078,0.0190386623,0.122737676,-0.004230459,-0.0003481419,-0.00157349335,-2.42390561E-05,7.498264E-05,-0.0007267503,0.00165106345,-0.00451660156,-0.0113830566,-0.004455638,-0.0001312256,-0.000130170287,5.892893E-05,0.00250700116,0.00111330231,4.904114,0.0599822961,0.156813279,0.0574648045,0.000257602282,-0.000380137615,1.12090929E-05,0.00252479315,0.00113503577,4.880399,-0.0213317871,-0.0158996582,0.0595418,2.84585149E-05,-7.466428E-05,0.00124057685,-0.00203493237,-0.00195685588,1.06838679,0.117095269,-0.140533447,0.0400192179,0.003878313,0.04396618,0.00129890861,-0.00194457173,-0.00250402163,1.04814446,-0.07293701,-0.117858887,0.0340805054,0.000753649569,0.0354118831,-0.550016165,2.1321528,2.73881,3.51421022
617,12.339995627834467,3755,0,0,0,0,0,-5.779782E-05,0,-0.000901560241,-5.779782E-05,0,-0.000901560241,1,0,0,1,1.15595594E-06,1.49011612E-08,1.80311981E-05,0,0,0,-0.0005369261,-0.00147557259,-0.000220052811,-0.151092529,0.008079366,0.0461128,0.00180821249,-0.000180456656,0.00250362558,0.000288095558,4.35858965E-05,-0.0008311172,0.0212492552,0.0190377757,0.122728936,-0.004227406,-0.000350745424,-0.001588724,-2.67686373E-05,8.426607E-05,-0.000726574857,0.00165280525,-0.00451660156,-0.0113830566,-0.00445345044,-0.000134059315,-0.000145047467,5.88022267E-05,0.00251296163,0.00111426,4.90410471,0.0599828772,0.15681684,0.05746456,0.00025607954,-0.000384371728,1.13805463E-05,0.002529487,0.00113507768,4.8803997,-0.0213317871,-0.0158996582,0.0595411323,2.63319635E-05,-7.99469562E-05,0.00123977382,-0.00203412771,-0.00195672852,1.06839871,0.11709962,-0.140563965,0.040019732,0.00387855759,0.0439533852,0.00129824644,-0.001943469,-0.00250449567,1.04814243,-0.07293701,-0.117858887,0.03409053,0.000753930944,0.03540003,-0.5500161,2.13215256,2.73881,3.51421022
618,12.359995620748299,3761,0,0,0,0,0,-0.000115086637,0,-0.0009015592,-0.000115086637,0,-0.0009015592,1,0,0,1,2.301732E-06,-5.94556332E-06,1.80311763E-05,0,0,0,-0.000534008839,-0.00148135424,-0.000220040965,-0.151092529,0.008079654,0.04610887,0.00180912623,-0.000179654453,0.00249968632,0.000290495344,3.41683626E-05,-0.0008316211,0.0212532282,0.01903882,0.122740008,-0.00422859425,-0.000348296831,-0.00157297356,-2.421842E-05,7.498264E-05,-0.0007267533,0.00165102445,-0.00451660156,-0.0113830566,-0.00445559854,-0.00013137277,-0.000130212575,5.89537121E-05,0.00250707567,0.00111458148,4.904097,0.0599842146,0.1568164,0.0574669726,0.000257034961,-0.000380505953,1.126538E-05,0.00252485275,0.00113504345,4.880399,-0.0213317871,-0.0158996582,0.0595418252,2.88643E-05,-7.47255E-05,0.0012404205,-0.00203436613,-0.00195642654,1.06839764,0.1170975,-0.140563965,0.0400116071,0.00387724466,0.043958474,0.00129867054,-0.001944527,-0.00250405655,1.04814768,-0.07293701,-0.117858887,0.03408051,0.00075389276,0.0354086831,-0.550016165,2.1321528,2.73881,3.51421022
619,12.379995613662132,3764,0,0,0,0,0,-5.778052E-05,0,-0.0009015751,-5.778052E-05,0,-0.0009015751,1,0,0,1,1.15560988E-06,0,1.80314946E-05,0,0,0,-0.000536914158,-0.00147558749,-0.0002200467,-0.151092529,0.008079244,0.0461127535,0.00180842949,-0.000180641218,0.002503606,0.0002879466,4.35709953E-05,-0.000830996,0.0212584063,0.0190377273,0.122730814,-0.00422691554,-0.000350947783,-0.001587913,-2.67476426E-05,8.426607E-05,-0.000726578757,0.0016528212,-0.00451660156,-0.0113830566,-0.004453391,-0.000134212925,-0.000145086015,5.90092059E-05,0.002513051,0.00111477671,4.90409136,0.0599836074,0.156818643,0.05746557,0.0002559153,-0.0003855184,1.13606657E-05,0.002529472,0.00113502494,4.880399,-0.0213317871,-0.0158996582,0.059541,2.590385E-05,-7.98466062E-05,0.00123986206,-0.002033949,-0.00195654365,1.068405,0.117100552,-0.140563965,0.0400182679,0.003877967,0.0439533331,0.00129819056,-0.00194343925,-0.00250452361,1.04814088,-0.07293701,-0.117858887,0.03409029,0.00075387,0.0353991948,-0.5500161,2.13215256,2.73881,3.51421022
620,12.399995606575963,3771,0,0,0,0,0,-0.000115069859,0,-0.000901570835,-0.000115069859,0,-0.000901570835,1,0,0,1,2.30139631E-06,-5.94556332E-06,1.803141E-05,0,0,0,-0.0005339949,-0.00148133934,-0.000220035072,-0.151092529,0.008079419,0.04610879,0.00180892588,-0.000179859111,0.00249978364,0.000290373951,3.41832638E-05,-0.000831642246,0.0212623682,0.0190386139,0.122741051,-0.00422880333,-0.000348451955,-0.00157231453,-2.42347742E-05,7.49975443E-05,-0.0007267588,0.00165100838,-0.00451660156,-0.0113830566,-0.00445556268,-0.000131503533,-0.0001300727,5.92034266E-05,0.00250655413,0.0011146887,4.904085,0.059984915,0.156816736,0.057467293,0.000256947736,-0.000381704973,1.1285465E-05,0.002524823,0.00113503193,4.880399,-0.0213317871,-0.0158996582,0.0595418,2.83017434E-05,-7.48597959E-05,0.00124074938,-0.00203529,-0.0019561674,1.06839824,0.117097847,-0.140563965,0.0400062464,0.00387706747,0.0439636447,0.00129887,-0.00194461644,-0.00250404561,1.04814672,-0.07293701,-0.117858887,0.0340812765,0.0007536528,0.03541099,-0.550016165,2.1321528,2.73881,3.51421022
621,12.419995599489795,3777,0,0,0,0,0,-5.7784564E-05,0,-0.0009015846,-5.7784564E-05,0,-0.0009015846,1,0,0,1,1.15569082E-06,0,1.80316838E-05,0,0,0,-0.0005369107,-0.00147555768,-0.0002200421,-0.151092529,0.008078873,0.04611284,0.00180842972,-0.00018080241,0.00250338623,0.000287999,4.35709953E-05,-0.0008310703,0.0212672018,0.0190373845,0.122731574,-0.00422736537,-0.000351070659,-0.00158810045,-2.6748241E-05,8.428097E-05,-0.0007265834,0.00165279128,-0.00451660156,-0.0113830566,-0.00445332937,-0.000134317626,-0.000145014914,5.90607633E-05,0.00251299143,0.00111472956,4.90408,0.0599832,0.156819612,0.0574655533,0.0002555365,-0.000385530642,1.13790138E-05,0.002529472,0.00113506312,4.880399,-0.0213317871,-0.0158996582,0.0595411137,2.61505866E-05,-7.989614E-05,0.00123996357,-0.00203415751,-0.00195650058,1.06840074,0.117101289,-0.140563965,0.0400176868,0.00387796946,0.04395547,0.00129823713,-0.00194351375,-0.0025044675,1.04814243,-0.07293701,-0.117858887,0.0340900831,0.000753912667,0.03539975,-0.5500161,2.13215256,2.73881,3.51421022
622,12.439995592403628,3782,0,0,0,0,0,-0.000115075636,0,-0.0009016024,-0.000115075636,0,-0.0009016024,1,0,0,1,2.30151181E-06,-5.96046448E-06,1.803204E-05,0,0,0,-0.000534026942,-0.00148132443,-0.000220034417,-0.151092529,0.008079014,0.0461089276,0.00180890481,-0.000179912691,0.00249972241,0.0002905568,3.412366E-05,-0.0008314226,0.0212720111,0.0190382376,0.1227423,-0.004227773,-0.000348466448,-0.00157318776,-2.42054412E-05,7.495284E-05,-0.0007267286,0.00165109523,-0.00451660156,-0.0113830566,-0.0044553685,-0.000131482346,-0.000130184126,5.89749252E-05,0.00250452757,0.00111542107,4.904076,0.0599843562,0.156819522,0.0574683622,0.000257443928,-0.0003804293,1.12658154E-05,0.00252483785,0.00113507092,4.880399,-0.0213317871,-0.0158996582,0.05954187,2.88891861E-05,-7.46913138E-05,0.00124029827,-0.00203867257,-0.001955046,1.06836128,0.117103048,-0.140563965,0.0399804525,0.00387831545,0.0439586975,0.00129867112,-0.00194454193,-0.002504104,1.04814792,-0.07293701,-0.117858887,0.03408088,0.0007537848,0.03540845,-0.550016165,2.1321528,2.73881,3.51421022
623,12.45999558531746,3787,0,0,0,0,0,-5.777267E-05,0,-0.0009015948,-5.777267E-05,0,-0.0009015948,1,0,0,1,1.155453E-06,1.49011612E-08,1.803189E-05,0,0,0,-0.0005369073,-0.00147557259,-0.000220044982,-0.151092529,0.00807844,0.04611289,0.00180832366,-0.000180743926,0.00250366074,0.0002879562,4.36604023E-05,-0.00083115,0.0212771,0.0190370549,0.122733057,-0.00422782172,-0.0003510592,-0.00158786867,-2.67396335E-05,8.434057E-05,-0.0007265761,0.00165292143,-0.00451660156,-0.0113830566,-0.00445327256,-0.000134284564,-0.000145035665,5.90290074E-05,0.00251537561,0.00111498579,4.90407276,0.059984263,0.156821638,0.0574664362,0.000254874583,-0.000385611755,1.133264E-05,0.00252942741,0.00113504345,4.880399,-0.0213317871,-0.0158996582,0.0595410243,2.5887859E-05,-7.975164E-05,0.00124026625,-0.00202998519,-0.00195717625,1.06839693,0.117100738,-0.140563965,0.0400369279,0.00387545954,0.04395245,0.0012981433,-0.00194349885,-0.00250450848,1.04814088,-0.07293701,-0.117858887,0.0340901278,0.0007538387,0.0353980735,-0.5500161,2.13215256,2.73881,3.51421022
624,12.479995578231293,3793,0,0,0,0,0,-0.00011505872,0,-0.000901596562,-0.00011505872,0,-0.000901596562,1,0,0,1,2.30117348E-06,-5.96046448E-06,1.80319239E-05,0,0,0,-0.0005340053,-0.00148133934,-0.000220025919,-0.151092529,0.008078493,0.0461089648,0.00180905778,-0.00018002592,0.00249966444,0.000290439144,3.413856E-05,-0.0008316827,0.0212805774,0.0190378372,0.122742943,-0.00422910135,-0.0003485555,-0.00157258066,-2.42299484E-05,7.493794E-05,-0.000726752041,0.00165115029,-0.00451660156,-0.0113830566,-0.004455449,-0.000131500667,-0.000130037646,5.92766155E-05,0.00250467658,0.0011148043,4.90406847,0.05998402,0.156819284,0.0574674569,0.0002569018,-0.0003817442,1.12853395E-05,0.002524823,0.00113505393,4.880399,-0.0213317871,-0.0158996582,0.0595418662,2.82864057E-05,-7.48486E-05,0.00124062924,-0.002038449,-0.00195545843,1.06835806,0.117099315,-0.140563965,0.0399873145,0.00387841673,0.04396512,0.001298907,-0.00194460154,-0.00250405539,1.0481472,-0.07293701,-0.117858887,0.0340813249,0.000753710337,0.0354120471,-0.550016165,2.1321528,2.73881,3.51421022
625,12.499995571145124,3799,0,0,0,0,0,-5.77726969E-05,0,-0.000901593,-5.77726969E-05,0,-0.000901593,1,0,0,1,1.15545345E-06,1.49011612E-08,1.8031853E-05,0,0,0,-0.00053690403,-0.00147554278,-0.000220047659,-0.151092529,0.00807796,0.04611285,0.00180821284,-0.000180788076,0.002503557,0.00028801398,4.36306E-05,-0.0008313966,0.0212842673,0.0190366711,0.122733362,-0.0042290464,-0.00035103588,-0.00158815179,-2.674255E-05,8.432567E-05,-0.0007265801,0.00165297859,-0.00451660156,-0.0113830566,-0.004453286,-0.000134237023,-0.000145016587,5.9236685E-05,0.00251479447,0.00111434131,4.90406466,0.05998365,0.156821579,0.057465408,0.000254982268,-0.00038600745,1.13860842E-05,0.00252945721,0.00113505952,4.880399,-0.0213317871,-0.0158996582,0.0595410839,2.61974055E-05,-7.989866E-05,0.001240477,-0.00203101337,-0.00195729616,1.0683912,0.117098689,-0.140563965,0.0400364362,0.0038762074,0.0439586528,0.0012982511,-0.00194343925,-0.00250443583,1.04814208,-0.07293701,-0.117858887,0.03408938,0.0007538824,0.03539994,-0.5500161,2.13215256,2.73881,3.51421022
626,12.519995564058956,3806,0,0,0,0,0,-0.000115079361,0,-0.000901591848,-0.000115079361,0,-0.000901591848,1,0,0,1,2.30158639E-06,-5.96046448E-06,1.803183E-05,0,0,0,-0.000533996266,-0.00148132443,-0.000220029091,-0.151092529,0.008078103,0.04610884,0.0018091253,-0.0001797414,0.00249965186,0.00029068545,3.413856E-05,-0.0008318626,0.0212868284,0.0190375056,0.122743487,-0.004230001,-0.00034849596,-0.00157380151,-2.41828584E-05,7.493794E-05,-0.000726739061,0.00165126554,-0.00451660156,-0.0113830566,-0.0044554,-0.000131401073,-0.000130267741,5.94456433E-05,0.00250455737,0.00111446821,4.90406,0.0599836074,0.156819984,0.0574670136,0.0002572263,-0.0003813272,1.11824038E-05,0.00252485275,0.00113509875,4.880399,-0.0213317871,-0.0158996582,0.0595419556,2.87728126E-05,-7.441508E-05,0.00124071841,-0.00203873217,-0.00195544655,1.06835747,0.117099315,-0.140563965,0.039987348,0.00387852662,0.0439673625,0.00129867275,-0.001944527,-0.002504054,1.04814863,-0.07293701,-0.117858887,0.03408046,0.000753888744,0.03540874,-0.550016165,2.1321528,2.73881,3.51421022
627,12.539995556972789,3812,0,0,0,0,0,-5.77828141E-05,0,-0.0009015941,-5.77828141E-05,0,-0.0009015941,1,0,0,1,1.15565581E-06,1.49011612E-08,1.80318748E-05,0,0,0,-0.00053689396,-0.00147555768,-0.00022005105,-0.151092529,0.008077698,0.0461127423,0.00180828525,-0.000180737887,0.0025035725,0.000288140756,4.36604023E-05,-0.0008315246,0.0212898068,0.0190363526,0.122732915,-0.00422970345,-0.000351003429,-0.00158877461,-2.67399028E-05,8.434057E-05,-0.000726546452,0.00165320747,-0.00451660156,-0.0113830566,-0.00445310958,-0.0001341834,-0.000145019032,5.92551332E-05,0.002515301,0.00111408089,4.90405655,0.05998293,0.156820312,0.05746503,0.0002552608,-0.000385662075,1.13074993E-05,0.00252942741,0.00113505276,4.880399,-0.0213317871,-0.0158996582,0.05954098,2.61882924E-05,-7.967398E-05,0.001240344,-0.0020301044,-0.0019576312,1.06839585,0.117099151,-0.140563965,0.0400432721,0.003876259,0.0439564958,0.00129809987,-0.00194352865,-0.0025045888,1.04813838,-0.07293701,-0.117858887,0.03409059,0.00075370277,0.0353970155,-0.5500161,2.13215256,2.73881,3.51421022
628,12.55999554988662,3818,0,0,0,0,0,-0.000115083414,0,-0.00090159144,-0.000115083414,0,-0.00090159144,1,0,0,1,2.30166734E-06,-5.96046448E-06,1.8031822E-05,0,0,0,-0.0005339957,-0.00148133934,-0.000220036018,-0.151092529,0.008077834,0.04610875,0.00180904393,-0.0001798459,0.002499681,0.000290732,3.413856E-05,-0.0008320224,0.0212915242,0.01903721,0.122742847,-0.00423081359,-0.000348466,-0.00157401909,-2.42395035E-05,7.493794E-05,-0.000726783,0.00165131036,-0.00451660156,-0.0113830566,-0.004455598,-0.000131404158,-0.00012996672,5.95929559E-05,0.00250467658,0.0011141412,4.904052,0.0599836148,0.156818688,0.05746663,0.000257502135,-0.000381564052,1.11784948E-05,0.002524808,0.00113503681,4.880399,-0.0213317871,-0.0158996582,0.0595419072,2.791878E-05,-7.46024161E-05,0.00124068686,-0.00203850865,-0.00195555645,1.06836534,0.117099963,-0.140563965,0.0399889275,0.00387854851,0.04396656,0.00129879126,-0.001944676,-0.00250397879,1.04814661,-0.07293701,-0.117858887,0.0340807959,0.00075397297,0.03541079,-0.550016165,2.1321528,2.73881,3.51421022
629,12.579995542800454,3824,0,0,0,0,0,-5.779E-05,0,-0.000901592663,-5.779E-05,0,-0.000901592663,1,0,0,1,1.15579951E-06,1.49011612E-08,1.80318457E-05,0,0,0,-0.000536897162,-0.00147555768,-0.0002200426,-0.151092529,0.008077249,0.046112787,0.00180836825,-0.000180882489,0.00250334246,0.0002880948,4.36455E-05,-0.0008315729,0.0212941077,0.0190360043,0.122732833,-0.00423001032,-0.000351075927,-0.00158848916,-2.67442683E-05,8.434057E-05,-0.000726586033,0.00165312749,-0.00451660156,-0.0113830566,-0.00445324369,-0.000134287664,-0.000144942635,5.93320328E-05,0.00251472,0.00111401966,4.90404749,0.0599826872,0.156821162,0.0574649833,0.000254951243,-0.000386007072,1.124968E-05,0.00252945721,0.0011350899,4.880399,-0.0213317871,-0.0158996582,0.0595411621,2.643312E-05,-7.952243E-05,0.00124031445,-0.00203099847,-0.00195737346,1.06839919,0.117099576,-0.140563965,0.0400363244,0.003876537,0.0439563431,0.00129803782,-0.00194352865,-0.00250448566,1.04814267,-0.07293701,-0.117858887,0.0340894,0.000754182169,0.0353977531,-0.5500161,2.13215256,2.73881,3.51421022
630,12.599995535714285,3830,0,0,0,0,0,-0.000115079361,0,-0.0009015195,-0.000115079361,0,-0.0009015195,1,0,0,1,2.30158639E-06,-5.96046448E-06,1.80303832E-05,0,0,0,-0.0005340598,-0.00148133934,-0.0002200401,-0.151092529,0.00807744451,0.04610908,0.00180903624,-0.000179730341,0.00249923067,0.00029066467,3.415346E-05,-0.000835575454,0.0212762617,0.0190370139,0.122742675,-0.00424842862,-0.000348318659,-0.0015737717,-2.42428614E-05,7.495284E-05,-0.0007267204,0.00165135309,-0.00451660156,-0.0113830566,-0.00445535174,-0.000131125038,-0.000130043016,5.926556E-05,0.0025062412,0.00111438474,4.90414524,0.0599837638,0.156819284,0.0575536937,0.000255821069,-0.0003809937,1.11261106E-05,0.00252483785,0.00113509875,4.880399,-0.0213317871,-0.0158996582,0.05954185,2.86290633E-05,-7.444937E-05,0.00124132144,-0.002036944,-0.00195283524,1.06831372,0.117088363,-0.140594482,0.039960552,0.00387173845,0.0439581163,0.00129882258,-0.00194448233,-0.00250405353,1.04814684,-0.07293701,-0.117858887,0.0340806246,0.000753556145,0.0354099944,-0.550016165,2.1321528,2.73881,3.51421022
631,12.619995528628117,3836,0,0,0,0,0,-5.77829742E-05,0,-0.0009016021,-5.77829742E-05,0,-0.0009016021,1,0,0,1,1.155659E-06,1.49011612E-08,1.80320349E-05,0,0,0,-0.0005369579,-0.00147557259,-0.000220048067,-0.151092529,0.008077517,0.0461130179,0.00180831726,-0.000180220173,0.00250365585,0.000288098119,4.36007977E-05,-0.000828925,0.0212897975,0.01903626,0.1227325,-0.004216471,-0.000350609218,-0.00158874027,-2.67922824E-05,8.429587E-05,-0.000726563,0.00165304053,-0.00451660156,-0.0113830566,-0.00445341459,-0.000133699534,-0.0001449369,5.95471465E-05,0.00251233578,0.001113841,4.90402269,0.05998006,0.156820625,0.0573810749,0.000256625732,-0.000386437576,1.14770828E-05,0.00252944231,0.00113508012,4.880399,-0.0213317871,-0.0158996582,0.0595411,2.67759115E-05,-8.025138E-05,0.00124033494,-0.00203475356,-0.00196015975,1.0683651,0.117101341,-0.140563965,0.0400688276,0.00388452434,0.04398455,0.00129823631,-0.001943469,-0.00250443676,1.04814136,-0.07293701,-0.117858887,0.03408932,0.0007538864,0.0353996381,-0.5500161,2.13215256,2.73881,3.51421022
632,12.63999552154195,3842,0,0,0,0,0,-0.000115078408,0,-0.0009016334,-0.000115078408,0,-0.0009016334,1,0,0,1,2.30156729E-06,-5.96046448E-06,1.803266E-05,0,0,0,-0.000533981249,-0.00148132443,-0.0002200299,-0.151092529,0.008077397,0.04610897,0.001809229,-0.000180161573,0.00249955314,0.0002907191,3.415346E-05,-0.0008312796,0.0212983,0.0190368146,0.12274266,-0.0042273514,-0.00034875,-0.00157378439,-2.4143108E-05,7.496774E-05,-0.0007267804,0.001651525,-0.00451660156,-0.0113830566,-0.00445538852,-0.0001318315,-0.000130281231,5.935477E-05,0.00250576437,0.00111342815,4.90402842,0.0599827953,0.156819329,0.0574624054,0.000258375774,-0.000380932965,1.13164751E-05,0.00252483785,0.00113507151,4.880399,-0.0213317871,-0.0158996582,0.05954198,2.83908412E-05,-7.467718E-05,0.00124027766,-0.00203667581,-0.00195636,1.06837785,0.11710678,-0.140563965,0.04000396,0.00387904025,0.04396066,0.0012986639,-0.00194460154,-0.00250408729,1.04814756,-0.07293701,-0.117828369,0.0340808332,0.0007540383,0.0354094878,-0.550016165,2.1321528,2.73881,3.51421022
633,12.659995514455781,3848,0,0,0,0,0,-5.777463E-05,0,-0.0009015468,-5.777463E-05,0,-0.0009015468,1,0,0,1,1.1554921E-06,1.49011612E-08,1.80309289E-05,0,0,0,-0.0005369137,-0.00147557259,-0.000220053917,-0.151092529,0.008076904,0.046112854,0.00180830969,-0.000180684292,0.0025035732,0.000287968229,4.36007977E-05,-0.0008348651,0.0212832633,0.0190358721,0.122732818,-0.004246317,-0.0003508269,-0.00158796366,-2.67461837E-05,8.429587E-05,-0.0007265597,0.00165323156,-0.00451660156,-0.0113830566,-0.00445320457,-0.00013397749,-0.000145036043,5.86239657E-05,0.002515003,0.00111477368,4.90413,0.0599833168,0.156822592,0.05755247,0.000253964274,-0.000384580315,1.15002267E-05,0.00252945721,0.00113501784,4.880399,-0.0213317871,-0.0158996582,0.05954087,2.64913779E-05,-8.018988E-05,0.001240192,-0.00203152,-0.001953612,1.068333,0.117096789,-0.140594482,0.03998495,0.00387041387,0.0439349972,0.00129821873,-0.001943469,-0.00250455574,1.04813969,-0.07293701,-0.117858887,0.0340908244,0.0007536174,0.0353983976,-0.5500161,2.13215256,2.73881,3.51421022
634,12.679995507369615,3854,0,0,0,0,0,-0.000115084687,0,-0.0009014351,-0.000115084687,0,-0.0009014351,1,0,0,1,2.3016928E-06,-5.96046448E-06,1.80286952E-05,0,0,0,-0.0005340684,-0.00148132443,-0.000220040878,-0.151092529,0.008077796,0.046108976,0.00180893554,-0.0001790713,0.00249977224,0.000290519121,3.41981649E-05,-0.0008367048,0.0212564673,0.0190376379,0.122743353,-0.0042535644,-0.000347623019,-0.00157339219,-2.42789829E-05,7.50124454E-05,-0.000726726663,0.00165113,-0.00451660156,-0.0113830566,-0.004455747,-0.000130285465,-0.000130201646,5.957752E-05,0.002508849,0.00111419149,4.904211,0.0599847846,0.156819314,0.05755684,0.000254632148,-0.0003822925,1.13538526E-05,0.002524823,0.00113503356,4.880399,-0.0213317871,-0.0158996582,0.05954175,2.841765E-05,-7.51502157E-05,0.0012426551,-0.00203311443,-0.00195414317,1.068266,0.11707478,-0.140594482,0.03999475,0.00386942,0.0439774953,0.00129904621,-0.00194461644,-0.00250393036,1.04814756,-0.07293701,-0.117858887,0.0340808965,0.000753602362,0.03541343,-0.550016165,2.1321528,2.73881,3.51421022
635,12.699995500283446,3861,0,0,0,0,0,-5.780453E-05,0,-0.0009014719,-5.780453E-05,0,-0.0009014719,1,0,0,1,1.15609009E-06,1.49011612E-08,1.802943E-05,0,0,0,-0.0005369523,-0.00147557259,-0.000220058486,-0.151092529,0.008078306,0.04611296,0.001808272,-0.000179731127,0.00250366516,0.0002882219,4.35858965E-05,-0.0008328778,0.0212469716,0.0190371573,0.122732379,-0.00423575938,-0.000350300863,-0.00158964866,-2.67870728E-05,8.429587E-05,-0.0007265373,0.00165284728,-0.00451660156,-0.0113830566,-0.00445358548,-0.000133108173,-0.000145251746,6.04293127E-05,0.00251294672,0.00111235131,4.904182,0.0599795952,0.156819209,0.05746475,0.000255619,-0.000388495915,1.15671883E-05,0.00252944231,0.001135068,4.880399,-0.0213317871,-0.0158996582,0.0595410131,2.78542E-05,-8.041082E-05,0.00124229875,-0.00203609467,-0.00195846823,1.068267,0.117078714,-0.140594482,0.0400591157,0.003880274,0.04401318,0.00129818288,-0.00194343925,-0.00250461185,1.04813945,-0.07293701,-0.117858887,0.03409076,0.0007536776,0.03539836,-0.5500161,2.13215256,2.73881,3.51421022
636,12.719995493197278,3866,0,0,0,0,0,-0.00011511943,0,-0.0009014907,-0.00011511943,0,-0.0009014907,1,0,0,1,2.30238766E-06,-5.94556332E-06,1.80298066E-05,0,0,0,-0.000534004,-0.00148133934,-0.00022003577,-0.151092529,0.008079021,0.046108827,0.00180912588,-0.0001794162,0.00249970052,0.000290973345,3.41683626E-05,-0.0008327293,0.0212436263,0.019038273,0.1227405,-0.00423393538,-0.000348183676,-0.00157548429,-2.42261176E-05,7.498264E-05,-0.0007267785,0.00165105739,-0.00451660156,-0.0113830566,-0.00445583835,-0.000130944536,-0.000130288274,6.04596971E-05,0.00250691175,0.00111100276,4.90416145,0.05997969,0.156814948,0.05746073,0.000257679058,-0.0003830907,1.12450207E-05,0.00252479315,0.00113499234,4.880399,-0.0213317871,-0.0158996582,0.0595417619,2.87607836E-05,-7.470495E-05,0.001242538,-0.00203675032,-0.00195878069,1.06829917,0.117080666,-0.140563965,0.04005652,0.00388082885,0.044015985,0.00129886833,-0.001944691,-0.00250407,1.04814541,-0.07293701,-0.117858887,0.03408193,0.000753673,0.035410922,-0.550016165,2.1321528,2.73881,3.51421022
637,12.739995486111111,3873,0,0,0,0,0,-5.78134168E-05,0,-0.00090150896,-5.78134168E-05,0,-0.00090150896,1,0,0,1,1.1562679E-06,1.49011612E-08,1.80301722E-05,0,0,0,-0.000536910957,-0.00147557259,-0.000220055692,-0.151092529,0.008078846,0.04611297,0.00180835743,-0.000180375238,0.002503341,0.0002883673,4.35858965E-05,-0.0008319671,0.0212428942,0.0190371331,0.122728258,-0.004231639,-0.000350914954,-0.0015900674,-2.67565065E-05,8.428097E-05,-0.000726590864,0.00165288255,-0.00451660156,-0.0113830566,-0.004453492,-0.0001340347,-0.000145092941,5.979206E-05,0.00251339376,0.00111136481,4.904143,0.0599784143,0.156814441,0.0574594662,0.0002567283,-0.000386300671,1.13277583E-05,0.00252944231,0.00113502669,4.880399,-0.0213317871,-0.0158996582,0.05954112,2.6061738E-05,-7.977024E-05,0.00124094484,-0.002034828,-0.00195855228,1.06834328,0.117090173,-0.140533447,0.0400556438,0.00388103724,0.0439880081,0.001298177,-0.00194352865,-0.002504484,1.04814136,-0.07293701,-0.117858887,0.03409,0.0007540007,0.0353993,-0.5500161,2.13215256,2.73881,3.51421022
638,12.759995479024942,3879,0,0,0,0,0,-0.000115102281,0,-0.0009015112,-0.000115102281,0,-0.0009015112,1,0,0,1,2.30204478E-06,-5.94556332E-06,1.80302159E-05,0,0,0,-0.000534034742,-0.00148132443,-0.000220041111,-0.151092529,0.008079343,0.04610895,0.00180898863,-0.000179541588,0.00249975664,0.000290745753,3.41683626E-05,-0.0008323484,0.02124261,0.0190382656,0.122737713,-0.004232115,-0.0003481534,-0.00157429988,-2.425709E-05,7.49975443E-05,-0.0007267231,0.0016511007,-0.00451660156,-0.0113830566,-0.004455522,-0.000131139575,-0.0001300891,5.96185018E-05,0.00250700116,0.00111218554,4.904127,0.0599811263,0.156812474,0.0574628226,0.00025801087,-0.000381474,1.12269827E-05,0.002524823,0.00113508385,4.880399,-0.0213317871,-0.0158996582,0.0595418774,2.92178811E-05,-7.471918E-05,0.00124108768,-0.00203533471,-0.00195755158,1.068371,0.117091425,-0.140533447,0.04003107,0.003879225,0.0439794622,0.0012987284,-0.00194451213,-0.00250406517,1.048146,-0.07293701,-0.117858887,0.03408019,0.00075363263,0.03540872,-0.550016165,2.1321528,2.73881,3.51421022
639,12.779995471938776,3885,0,0,0,0,0,-5.780189E-05,0,-0.0009015377,-5.780189E-05,0,-0.0009015377,1,0,0,1,1.15603734E-06,0,1.8030747E-05,0,0,0,-0.0005369313,-0.00147557259,-0.000220057118,-0.151092529,0.00807918,0.0461129472,0.0018084771,-0.000180267816,0.0025036945,0.0002882529,4.36007977E-05,-0.000831394,0.0212452784,0.0190374851,0.122727893,-0.004228735,-0.000350624265,-0.00158954458,-2.67940159E-05,8.428097E-05,-0.0007265812,0.00165282167,-0.00451660156,-0.0113830566,-0.004453511,-0.000133894951,-0.000144955731,5.907244E-05,0.00251296163,0.00111330766,4.90411472,0.0599811822,0.1568151,0.05746296,0.0002564619,-0.000384584477,1.13313172E-05,0.002529487,0.00113504822,4.880399,-0.0213317871,-0.0158996582,0.0595411249,2.64554164E-05,-7.988058E-05,0.001239928,-0.00203445554,-0.0019572454,1.06839132,0.1170979,-0.140533447,0.04002839,0.003879599,0.0439607,0.00129822944,-0.00194340944,-0.002504462,1.04814231,-0.07293701,-0.117858887,0.0340898372,0.000753931643,0.03539978,-0.5500161,2.13215256,2.73881,3.51421022
640,12.799995464852607,3891,0,0,0,0,0,-0.000115075636,0,-0.0009015468,-0.000115075636,0,-0.0009015468,1,0,0,1,2.30151181E-06,-5.94556332E-06,1.80309289E-05,0,0,0,-0.0005340067,-0.00148132443,-0.0002200364,-0.151092529,0.008079555,0.046108935,0.00180909073,-0.000179724811,0.00249972637,0.000290330354,3.41981649E-05,-0.000831744052,0.0212483779,0.01903865,0.122738183,-0.00422916654,-0.000348202215,-0.00157219439,-2.424367E-05,7.49975443E-05,-0.000726736151,0.00165105588,-0.00451660156,-0.0113830566,-0.004455537,-0.000131300461,-0.0001301201,5.902212E-05,0.00250650942,0.0011140852,4.90410471,0.0599833839,0.156814083,0.0574660636,0.00025730257,-0.000381278,1.11506652E-05,0.00252483785,0.00113504985,4.880399,-0.0213317871,-0.0158996582,0.0595418178,2.74898757E-05,-7.45597063E-05,0.00124048651,-0.00203537941,-0.00195645029,1.06839526,0.117095642,-0.140533447,0.04000959,0.003878018,0.04396218,0.00129893515,-0.00194455683,-0.00250407355,1.04814565,-0.07293701,-0.117858887,0.0340818167,0.0007534752,0.0354116522,-0.550016165,2.1321528,2.73881,3.51421022
641,12.819995457766439,3897,0,0,0,0,0,-5.7779107E-05,0,-0.000901573745,-5.7779107E-05,0,-0.000901573745,1,0,0,1,1.15558169E-06,0,1.80314673E-05,0,0,0,-0.000536912936,-0.00147555768,-0.0002200489,-0.151092529,0.008079268,0.04611286,0.0018082764,-0.000180554678,0.00250368868,0.000287890667,4.35858965E-05,-0.0008309482,0.0212537255,0.0190376472,0.122729018,-0.0042266245,-0.000350844959,-0.00158766133,-2.67624346E-05,8.428097E-05,-0.000726601749,0.0016527652,-0.00451660156,-0.0113830566,-0.00445353473,-0.00013417138,-0.000145044542,5.863205E-05,0.00251294672,0.00111475855,4.904098,0.0599826351,0.156817079,0.05746534,0.0002561304,-0.000384665676,1.14878112E-05,0.00252944231,0.00113506417,4.880399,-0.0213317871,-0.0158996582,0.0595412143,2.71269473E-05,-8.0175676E-05,0.0012395829,-0.002034098,-0.001956519,1.06839919,0.117101617,-0.140563965,0.0400171056,0.00387844513,0.0439499058,0.00129809475,-0.00194352865,-0.00250441744,1.04814243,-0.07293701,-0.117858887,0.0340886824,0.000754170935,0.0353982374,-0.5500161,2.13215256,2.73881,3.51421022
642,12.839995450680272,3902,0,0,0,0,0,-0.000115080955,0,-0.000901567168,-0.000115080955,0,-0.000901567168,1,0,0,1,2.30161822E-06,-5.96046448E-06,1.80313364E-05,0,0,0,-0.000534000341,-0.00148133934,-0.00022003919,-0.151092529,0.008079483,0.0461089574,0.00180910877,-0.000179702663,0.00249970984,0.000290421332,3.41981649E-05,-0.0008316323,0.0212578643,0.0190387052,0.1227405,-0.004228698,-0.0003483247,-0.00157258,-2.421913E-05,7.49975443E-05,-0.00072672026,0.00165108265,-0.00451660156,-0.0113830566,-0.00445539923,-0.000131397872,-0.00013018382,5.883321E-05,0.00250712037,0.00111471838,4.90409136,0.059984915,0.156816989,0.05746735,0.000256173022,-0.000380469864,1.12966336E-05,0.002524823,0.00113510108,4.880399,-0.0213317871,-0.0158996582,0.0595418476,2.812134E-05,-7.4847856E-05,0.00124065788,-0.00203426182,-0.0019563,1.06839967,0.117094442,-0.140563965,0.0400094539,0.00387661741,0.043960344,0.001298842,-0.00194451213,-0.00250406959,1.04814589,-0.07293701,-0.117858887,0.0340808742,0.0007535553,0.0354104936,-0.550016165,2.1321528,2.73881,3.51421022
643,12.859995443594103,3908,0,0,0,0,0,-5.77800856E-05,0,-0.000901580264,-5.77800856E-05,0,-0.000901580264,1,0,0,1,1.15560124E-06,1.49011612E-08,1.80315983E-05,0,0,0,-0.0005369073,-0.00147558749,-0.000220046379,-0.151092529,0.008079018,0.0461128242,0.00180837768,-0.000180764138,0.00250360765,0.000287969917,4.35858965E-05,-0.000831048936,0.0212628152,0.0190375056,0.122731015,-0.004227216,-0.000351047056,-0.00158799114,-2.67458436E-05,8.428097E-05,-0.0007265894,0.00165286625,-0.00451660156,-0.0113830566,-0.00445340062,-0.000134293368,-0.000145060942,5.89237134E-05,0.00251303613,0.00111472164,4.904085,0.05998315,0.156818733,0.0574655049,0.000255564,-0.000385247724,1.1489301E-05,0.002529472,0.00113505544,4.880399,-0.0213317871,-0.0158996582,0.05954113,2.608832E-05,-8.017687E-05,0.00123995251,-0.00203405321,-0.00195651269,1.06840372,0.1170975,-0.140563965,0.0400183462,0.00387794827,0.0439553559,0.00129819,-0.00194354355,-0.00250445912,1.04813993,-0.07293701,-0.117858887,0.03408967,0.000754012959,0.0353994742,-0.5500161,2.13215256,2.73881,3.51421022
644,12.879995436507937,3914,0,0,0,0,0,-0.000115085415,0,-0.000901576248,-0.000115085415,0,-0.000901576248,1,0,0,1,2.30170735E-06,-5.94556332E-06,1.80315183E-05,0,0,0,-0.000533999351,-0.00148135424,-0.000220029615,-0.151092529,0.008079131,0.046108868,0.00180888246,-0.000179894589,0.00249968539,0.000290593685,3.41832638E-05,-0.0008317048,0.02126646,0.0190383364,0.122741491,-0.00422914373,-0.000348484435,-0.00157337845,-2.4197645E-05,7.49975443E-05,-0.000726748956,0.00165110035,-0.00451660156,-0.0113830566,-0.00445547746,-0.000131496316,-0.0001302302,5.912944E-05,0.00250652432,0.00111460488,4.90407944,0.0599843636,0.156817272,0.05746722,0.000256765634,-0.000380741752,1.13477954E-05,0.002524808,0.00113507581,4.880399,-0.0213317871,-0.0158996582,0.0595418848,2.9026829E-05,-7.488801E-05,0.0012407396,-0.00203534961,-0.00195618486,1.06839824,0.117095016,-0.140563965,0.040006876,0.00387717877,0.04396423,0.001298757,-0.00194458663,-0.002504034,1.04814541,-0.07293701,-0.117858887,0.03408029,0.0007537248,0.03540938,-0.550016165,2.1321528,2.73881,3.51421022
645,12.899995429421768,3919,0,0,0,0,0,-5.778413E-05,0,-0.000901608262,-5.778413E-05,0,-0.000901608262,1,0,0,1,1.15568218E-06,0,1.80321586E-05,0,0,0,-0.000536905369,-0.00147555768,-0.000220046757,-0.151092529,0.008078602,0.04611294,0.00180833472,-0.000180740186,0.00250342069,0.000288035837,4.35560942E-05,-0.0008308517,0.0212722365,0.0190370455,0.12273135,-0.00422634,-0.000351124385,-0.00158825552,-2.67514824E-05,8.42511654E-05,-0.0007265971,0.00165285286,-0.00451660156,-0.0113830566,-0.00445337733,-0.000134329632,-0.000144966543,5.87019458E-05,0.00251151621,0.00111532258,4.90407562,0.05998243,0.15681982,0.0574663654,0.00025628478,-0.000384456682,1.14258219E-05,0.002529502,0.00113504822,4.880399,-0.0213317871,-0.0158996582,0.05954114,2.5936979E-05,-8.0030004E-05,0.0012395496,-0.00203667581,-0.0019556412,1.06837344,0.117104381,-0.140563965,0.03999883,0.00387897785,0.04395093,0.00129819929,-0.00194339454,-0.00250447588,1.048142,-0.07293701,-0.117858887,0.03408999,0.0007540361,0.0353998132,-0.5500161,2.13215256,2.73881,3.51421022
646,12.9199954223356,3925,0,0,0,0,0,-0.000115077179,0,-0.000901579566,-0.000115077179,0,-0.000901579566,1,0,0,1,2.30154274E-06,-5.94556332E-06,1.80315837E-05,0,0,0,-0.0005340438,-0.00148135424,-0.000220022179,-0.151092529,0.008078663,0.0461091,0.00180899748,-0.0001800769,0.00249917456,0.000290524185,3.424287E-05,-0.0008318047,0.0212759078,0.0190379,0.122742407,-0.004229716,-0.000348511327,-0.001572988,-2.42342376E-05,7.502735E-05,-0.000726735045,0.00165114366,-0.00451660156,-0.0113830566,-0.00445535267,-0.000131547058,-0.0001300006,5.90776435E-05,0.002508372,0.001114791,4.904072,0.05998503,0.156818882,0.0574679635,0.000255911174,-0.000380843,1.13825927E-05,0.002524808,0.00113506918,4.880399,-0.0213317871,-0.0158996582,0.0595418066,2.81370467E-05,-7.514445E-05,0.00124087534,-0.00203204155,-0.00195663958,1.0683949,0.117095046,-0.140563965,0.0400204323,0.003875172,0.043959748,0.00129907415,-0.00194457173,-0.00250404165,1.04814649,-0.07293701,-0.117858887,0.0340817161,0.0007532637,0.035412766,-0.550016165,2.1321528,2.73881,3.51421022
647,12.939995415249433,3932,0,0,0,0,0,-5.77571445E-05,0,-0.000901609,-5.77571445E-05,0,-0.000901609,1,0,0,1,1.1551424E-06,0,1.80321731E-05,0,0,0,-0.0005369498,-0.00147558749,-0.000220055925,-0.151092529,0.008078003,0.0461132,0.00180842436,-0.000180800766,0.00250309473,0.000287821545,4.35262918E-05,-0.000831019541,0.02128066,0.019036537,0.122732259,-0.004227224,-0.000351171038,-0.001587164,-2.668821E-05,8.42362642E-05,-0.0007265907,0.00165295647,-0.00451660156,-0.0113830566,-0.0044532977,-0.000134358037,-0.000145262675,5.90599848E-05,0.002511099,0.00111496006,4.904068,0.0599825755,0.1568208,0.0574658252,0.000256323285,-0.000386180618,1.14727509E-05,0.00252945721,0.00113506953,4.880399,-0.0213317871,-0.0158996582,0.05954115,2.604444E-05,-7.997315E-05,0.00123986672,-0.00203734636,-0.001955794,1.06836534,0.117104873,-0.140563965,0.03999893,0.00387926772,0.043956954,0.00129821314,-0.00194351375,-0.00250446983,1.04814172,-0.07293701,-0.117858887,0.0340900235,0.0007539899,0.03539976,-0.5500161,2.13215256,2.73881,3.51421022
648,12.959995408163264,3938,0,0,0,0,0,-0.000115057992,0,-0.000901584164,-0.000115057992,0,-0.000901584164,1,0,0,1,2.301159E-06,-5.94556332E-06,1.80316765E-05,0,0,0,-0.0005340277,-0.00148132443,-0.000220028945,-0.151092529,0.008078129,0.04610915,0.00180881971,-0.000179929513,0.00249969726,0.000290562748,3.42130661E-05,-0.0008319825,0.0212834477,0.0190375056,0.1227431,-0.00423059938,-0.000348393223,-0.00157319149,-2.44064977E-05,7.504225E-05,-0.0007267262,0.00165125937,-0.00451660156,-0.0113830566,-0.00445532659,-0.00013140493,-0.000129165463,5.92470642E-05,0.00250832736,0.00111441372,4.9040637,0.0599847957,0.156819463,0.05746739,0.000256128958,-0.000381191057,1.13921951E-05,0.00252479315,0.00113508129,4.880399,-0.0213317871,-0.0158996582,0.05954184,2.92536151E-05,-7.574469E-05,0.00124108687,-0.00203223526,-0.001956776,1.06838918,0.117097244,-0.140563965,0.04002239,0.0038752933,0.043964006,0.00129877776,-0.00194458663,-0.002504084,1.048147,-0.07293701,-0.117858887,0.0340809152,0.0007536206,0.0354093574,-0.550016165,2.1321528,2.73881,3.51421022
649,12.979995401077097,3944,0,0,0,0,0,-5.77729552E-05,0,-0.0009016032,-5.77729552E-05,0,-0.0009016032,1,0,0,1,1.15545868E-06,0,1.80320567E-05,0,0,0,-0.0005369192,-0.00147557259,-0.000220046262,-0.151092529,0.008077708,0.0461130738,0.00180851191,-0.000180520743,0.00250355154,0.000288089766,4.3541193E-05,-0.000831260055,0.02128713,0.0190363768,0.122733109,-0.00422834232,-0.000350963732,-0.001588559,-2.67689484E-05,8.42511654E-05,-0.0007265804,0.00165304716,-0.00451660156,-0.0113830566,-0.004453325,-0.0001340663,-0.000144911668,5.92935721E-05,0.00251165032,0.00111448159,4.90406,0.05998228,0.1568214,0.0574652031,0.000256359228,-0.0003858802,1.14643981E-05,0.002529472,0.00113507221,4.880399,-0.0213317871,-0.0158996582,0.05954108,2.64610226E-05,-8.017569E-05,0.00123988953,-0.00203646719,-0.0019561334,1.06836772,0.117105357,-0.140563965,0.04000612,0.00387917669,0.0439573079,0.00129819871,-0.00194345415,-0.00250443746,1.048142,-0.07293701,-0.117858887,0.0340895578,0.0007538517,0.0353986658,-0.5500161,2.13215256,2.73881,3.51421022
650,12.999995393990929,3949,0,0,0,0,0,-0.0001150835,0,-0.000901576539,-0.0001150835,0,-0.000901576539,1,0,0,1,2.30166916E-06,-5.94556332E-06,1.80315237E-05,0,0,0,-0.000534004939,-0.00148132443,-0.000220033049,-0.151092529,0.008077984,0.0461090542,0.00180907431,-0.000179919138,0.002499588,0.0002906487,3.42279673E-05,-0.000832201855,0.0212887228,0.0190374851,0.122743249,-0.004231644,-0.000348288857,-0.001573646,-2.42259339E-05,7.504225E-05,-0.0007267313,0.00165133772,-0.00451660156,-0.0113830566,-0.00445537549,-0.000131322,-0.000130072265,5.938719E-05,0.00250832736,0.00111390871,4.904055,0.0599847957,0.15681912,0.057466656,0.0002562384,-0.000381306774,1.12889065E-05,0.00252479315,0.001135064,4.880399,-0.0213317871,-0.0158996582,0.0595418252,2.75062775E-05,-7.488155E-05,0.00124119036,-0.00203225017,-0.001956933,1.06839442,0.1170976,-0.140563965,0.04002435,0.00387544744,0.04396617,0.00129900884,-0.00194457173,-0.00250407658,1.04814541,-0.07293701,-0.117858887,0.03408186,0.0007534988,0.0354132,-0.550016165,2.1321528,2.73881,3.51421022
651,13.019995386904762,3955,0,0,0,0,0,-5.77779247E-05,0,-0.000901605759,-5.77779247E-05,0,-0.000901605759,1,0,0,1,1.155558E-06,0,1.80321076E-05,0,0,0,-0.000536909269,-0.00147555768,-0.0002200529,-0.151092529,0.00807752,0.0461129658,0.00180830969,-0.000180702977,0.00250354,0.000288128649,4.35262918E-05,-0.0008313436,0.0212917589,0.019036293,0.122733057,-0.004228792,-0.0003510137,-0.00158871838,-2.67330615E-05,8.42362642E-05,-0.0007266081,0.00165308116,-0.00451660156,-0.0113830566,-0.004453432,-0.000134171336,-0.000145064914,5.937004E-05,0.002511084,0.00111431046,4.9040513,0.0599822067,0.156821176,0.0574650057,0.000256164465,-0.000385976,1.15114526E-05,0.00252945721,0.00113506056,4.880399,-0.0213317871,-0.0158996582,0.05954117,2.71866738E-05,-8.016145E-05,0.00123986,-0.00203728676,-0.00195599278,1.06837249,0.1171046,-0.140563965,0.0400008447,0.00387959275,0.04395746,0.00129806739,-0.00194351375,-0.002504412,1.04814243,-0.07293701,-0.117858887,0.0340890028,0.0007541125,0.03539723,-0.5500161,2.13215256,2.73881,3.51421022
652,13.039995379818594,3961,0,0,0,0,0,-0.000115085546,0,-0.000901586,-0.000115085546,0,-0.000901586,1,0,0,1,2.30171E-06,-5.94556332E-06,1.80317129E-05,0,0,0,-0.000533991,-0.00148133934,-0.00022003171,-0.151092529,0.00807766151,0.04610887,0.0018089615,-0.000179861992,0.00249968166,0.000290661381,3.424287E-05,-0.0008321726,0.0212934315,0.0190372877,0.122743145,-0.00423155958,-0.000348374946,-0.0015736589,-2.41968373E-05,7.502735E-05,-0.0007267355,0.00165137881,-0.00451660156,-0.0113830566,-0.00445534475,-0.000131366178,-0.000130175089,5.9332433E-05,0.00250828266,0.00111400615,4.90404654,0.0599844977,0.156819209,0.0574668571,0.000256224535,-0.0003811251,1.11466952E-05,0.002524808,0.00113512611,4.880399,-0.0213317871,-0.0158996582,0.0595419742,2.81472931E-05,-7.43923156E-05,0.00124100549,-0.00203222036,-0.001956926,1.068396,0.117097378,-0.140563965,0.04002306,0.00387558551,0.0439627469,0.00129879988,-0.00194451213,-0.00250399159,1.04814756,-0.07293701,-0.117858887,0.03407985,0.000753693865,0.0354101621,-0.550016165,2.1321528,2.73881,3.51421022
653,13.059995372732425,3967,0,0,0,0,0,-5.77844039E-05,0,-0.0009015285,-5.77844039E-05,0,-0.0009015285,1,0,0,1,1.15568764E-06,0,1.80305633E-05,0,0,0,-0.0005369231,-0.00147554278,-0.000220044676,-0.151092529,0.008077303,0.0461129956,0.00180837477,-0.0001806264,0.002503384,0.000288071024,4.35560942E-05,-0.0008349394,0.0212768018,0.01903626,0.122733034,-0.004246611,-0.000350856542,-0.0015885313,-2.67680425E-05,8.426607E-05,-0.000726577069,0.00165308057,-0.00451660156,-0.0113830566,-0.004453352,-0.000133897382,-0.000144981634,5.926994E-05,0.00251327455,0.00111442525,4.904145,0.0599831,0.156821549,0.0575518981,0.000254904153,-0.000385973079,1.14894328E-05,0.00252951682,0.00113505556,4.880399,-0.0213317871,-0.0158996582,0.0595411025,2.641367E-05,-8.022994E-05,0.001240606,-0.00203481317,-0.001953524,1.068324,0.117093615,-0.140594482,0.0399791449,0.00387233961,0.0439498648,0.00129826809,-0.00194332,-0.00250450312,1.04814136,-0.07293701,-0.117858887,0.0340901949,0.000753791246,0.03540006,-0.5500161,2.13215256,2.73881,3.51421022
654,13.079995365646258,3973,0,0,0,0,0,-0.000115087416,0,-0.0009015835,-0.000115087416,0,-0.0009015835,1,0,0,1,2.30174737E-06,-5.94556332E-06,1.80316638E-05,0,0,0,-0.0005340484,-0.00148132443,-0.00022004229,-0.151092529,0.008077925,0.046109084,0.00180916814,-0.000179347786,0.00249971123,0.000290705182,3.41683626E-05,-0.000829597644,0.0212888382,0.0190375932,0.122742757,-0.00421844,-0.0003480264,-0.00157407427,-2.41947218E-05,7.496774E-05,-0.000726748665,0.00165111583,-0.00451660156,-0.0113830566,-0.00445564929,-0.000130930319,-0.000130377375,5.96900027E-05,0.00250485539,0.00111371384,4.90402126,0.05998206,0.156818464,0.0573828146,0.00025742242,-0.0003818423,1.13845726E-05,0.002524823,0.00113502564,4.880399,-0.0213317871,-0.0158996582,0.0595417731,2.935181E-05,-7.4956406E-05,0.00124120689,-0.00203754,-0.00195934717,1.06836212,0.11709819,-0.140563965,0.0400461853,0.003883998,0.043995332,0.00129871164,-0.00194461644,-0.00250407518,1.04814756,-0.07293701,-0.117858887,0.0340809859,0.000753832865,0.0354090929,-0.550016165,2.1321528,2.73881,3.51421022
655,13.09999535856009,3978,0,0,0,0,0,-5.77801075E-05,0,-0.0009016534,-5.77801075E-05,0,-0.0009016534,1,0,0,1,1.15560169E-06,1.49011612E-08,1.803306E-05,0,0,0,-0.0005368706,-0.00147557259,-0.0002200477,-0.151092529,0.008077212,0.046112854,0.00180829491,-0.0001809635,0.002503568,0.000288155366,4.36007977E-05,-0.000830604,0.0212988,0.01903598,0.122732349,-0.00422538258,-0.000351421884,-0.00158865133,-2.66834286E-05,8.428097E-05,-0.000726608734,0.00165315752,-0.00451660156,-0.0113830566,-0.00445320969,-0.000134694477,-0.00014510355,5.902045E-05,0.00251269341,0.00111362967,4.904028,0.0599812828,0.156821191,0.0574608743,0.0002566996,-0.000384941435,1.15299827E-05,0.00252942741,0.00113503681,4.880399,-0.0213317871,-0.0158996582,0.05954111,2.57158281E-05,-8.01374044E-05,0.00123948953,-0.00203472376,-0.00195684982,1.06838739,0.117109582,-0.140563965,0.0400194265,0.00387959881,0.0439513177,0.00129816763,-0.00194360316,-0.00250451057,1.04813933,-0.07293701,-0.117858887,0.0340903178,0.000753804343,0.0353982523,-0.5500161,2.13215256,2.73881,3.51421022
656,13.119995351473923,3985,0,0,0,0,0,-0.000115075178,0,-0.0009015301,-0.000115075178,0,-0.0009015301,1,0,0,1,2.30150272E-06,-5.96046448E-06,1.80305942E-05,0,0,0,-0.0005340163,-0.00148133934,-0.00022002864,-0.151092529,0.00807731,0.0461089239,0.00180913764,-0.000179944123,0.00249971449,0.0002905022,3.41981649E-05,-0.000835490937,0.0212825891,0.0190370474,0.122743234,-0.00424806541,-0.000348297035,-0.0015729235,-2.41744729E-05,7.50124454E-05,-0.00072675,0.00165122363,-0.00451660156,-0.0113830566,-0.00445545046,-0.000131266075,-0.000130339075,5.88716757E-05,0.002508074,0.00111475668,4.904129,0.05998529,0.156820953,0.057554476,0.000255458115,-0.000380437385,1.12341677E-05,0.00252485275,0.00113502471,4.880399,-0.0213317871,-0.0158996582,0.05954173,2.820748E-05,-7.454749E-05,0.001240957,-0.00203335285,-0.00195299392,1.06832969,0.117093973,-0.140594482,0.0399670079,0.003869578,0.0439425148,0.001298856,-0.00194455683,-0.00250409776,1.04814708,-0.07293701,-0.117828369,0.03408203,0.000753817032,0.0354116671,-0.5500161,2.13215256,2.73881,3.51421022
657,13.139995344387755,3991,0,0,0,0,0,-5.77712854E-05,0,-0.0009014459,-5.77712854E-05,0,-0.0009014459,1,0,0,1,1.15542525E-06,1.49011612E-08,1.80289117E-05,0,0,0,-0.000536981155,-0.00147560239,-0.000220061571,-0.151092529,0.008077472,0.0461131521,0.001808292,-0.0001800481,0.00250321347,0.000287939329,4.36306E-05,-0.000836057647,0.0212570261,0.0190366264,0.122733526,-0.00425177766,-0.000350310642,-0.00158816134,-2.7012964E-05,8.431077E-05,-0.0007265561,0.00165277545,-0.00451660156,-0.0113830566,-0.004453554,-0.000133152775,-0.000144057674,5.938021E-05,0.00251579285,0.00111430138,4.904211,0.0599833019,0.156821832,0.0575551353,0.00025280143,-0.000386723463,1.13758333E-05,0.002529472,0.00113505579,4.880399,-0.0213317871,-0.0158996582,0.0595410541,2.779594E-05,-8.069751E-05,0.00124197023,-0.00203111768,-0.001954738,1.06827581,0.117076449,-0.140594482,0.04001167,0.00386996288,0.0439698175,0.00129808858,-0.001943469,-0.00250439183,1.04814458,-0.07293701,-0.117858887,0.03408844,0.000754040433,0.03539739,-0.5500161,2.13215256,2.73881,3.51421022
658,13.159995337301586,3997,0,0,0,0,0,-0.000115108152,0,-0.000901458,-0.000115108152,0,-0.000901458,1,0,0,1,2.302162E-06,-5.94556332E-06,1.80291536E-05,0,0,0,-0.0005340972,-0.00148133934,-0.00022004389,-0.151092529,0.008078602,0.0461092144,0.001808942,-0.0001789115,0.00249924464,0.000290804426,3.41832638E-05,-0.0008335349,0.0212462284,0.0190382078,0.122742593,-0.004237662,-0.00034774284,-0.00157485146,-2.43391914E-05,7.49975443E-05,-0.000726698549,0.00165097392,-0.00451660156,-0.0113830566,-0.00445568236,-0.000130313,-0.0001299326,6.048593E-05,0.00250650942,0.0011122094,4.904181,0.0599808879,0.156817183,0.0574664362,0.000256972737,-0.000383710925,1.11716236E-05,0.00252483785,0.00113512622,4.880399,-0.0213317871,-0.0158996582,0.0595419258,2.83937134E-05,-7.48448656E-05,0.00124306744,-0.00203733146,-0.00195807358,1.06826651,0.117075287,-0.140563965,0.040046908,0.003879378,0.04402133,0.00129891746,-0.00194449723,-0.00250399136,1.0481503,-0.07293701,-0.117858887,0.0340805463,0.0007535685,0.0354115628,-0.550016165,2.1321528,2.73881,3.51421022
659,13.179995330215419,4002,0,0,0,0,0,-5.78104155E-05,0,-0.00090150896,-5.78104155E-05,0,-0.00090150896,1,0,0,1,1.15620787E-06,0,1.80301722E-05,0,0,0,-0.000536974345,-0.00147560239,-0.000220053713,-0.151092529,0.00807870552,0.046113193,0.00180826231,-0.000180189149,0.00250311545,0.0002884562,4.36157E-05,-0.0008320853,0.021244064,0.0190372,0.12272983,-0.004232115,-0.000350784161,-0.00159060268,-2.67919477E-05,8.429587E-05,-0.0007265586,0.00165300164,-0.00451660156,-0.0113830566,-0.00445345044,-0.000133771362,-0.000145008729,6.017137E-05,0.00251337886,0.00111115177,4.90416145,0.0599781051,0.156815514,0.0574591868,0.000256843865,-0.0003870535,1.14571758E-05,0.00252942741,0.00113509921,4.880399,-0.0213317871,-0.0158996582,0.0595412031,2.75265029E-05,-8.016039E-05,0.00124161574,-0.00203546882,-0.00195911247,1.06830788,0.117085986,-0.140563965,0.0400684178,0.00388177345,0.0440054759,0.00129806681,-0.001943469,-0.00250448124,1.04814076,-0.07293701,-0.117858887,0.0340885967,0.0007537811,0.0353964381,-0.5500161,2.13215256,2.73881,3.51421022
660,13.199995323129251,4007,0,0,0,0,0,-0.000115112241,0,-0.000901494757,-0.000115112241,0,-0.000901494757,1,0,0,1,2.302244E-06,-5.96046448E-06,1.80298885E-05,0,0,0,-0.000534042367,-0.00148133934,-0.000220033719,-0.151092529,0.008079197,0.04610907,0.00180921843,-0.000179601848,0.00249968166,0.000290884869,3.41981649E-05,-0.0008325963,0.021242233,0.0190383065,0.122738458,-0.00423332024,-0.000348184,-0.00157500023,-2.42362821E-05,7.49975443E-05,-0.0007267431,0.00165117229,-0.00451660156,-0.0113830566,-0.004455628,-0.0001310957,-0.000130198619,5.99989653E-05,0.00250698626,0.00111126422,4.90414238,0.0599801131,0.15681304,0.0574611239,0.000257869047,-0.0003820826,1.12826083E-05,0.002524808,0.0011350211,4.880399,-0.0213317871,-0.0158996582,0.0595418066,2.83753961E-05,-7.484372E-05,0.00124159537,-0.00203593075,-0.00195824285,1.0683409,0.117087133,-0.140533447,0.0400443934,0.00388033246,0.043994613,0.00129881874,-0.00194464624,-0.00250411429,1.048144,-0.07293701,-0.117858887,0.0340819545,0.0007536486,0.0354103558,-0.550016165,2.1321528,2.73881,3.51421022
661,13.219995316043084,4012,0,0,0,0,0,-5.78031868E-05,0,-0.000901523163,-5.78031868E-05,0,-0.000901523163,1,0,0,1,1.15606326E-06,1.49011612E-08,1.8030456E-05,0,0,0,-0.000536941167,-0.00147554278,-0.000220057729,-0.151092529,0.008079024,0.0461130776,0.001808382,-0.00018042617,0.00250337669,0.0002881584,4.35709953E-05,-0.000831653,0.0212432817,0.01903735,0.1227275,-0.004230042,-0.00035078518,-0.00158904842,-2.67862233E-05,8.428097E-05,-0.00072660076,0.00165283459,-0.00451660156,-0.0113830566,-0.004453572,-0.000133985915,-0.000144970385,5.9263697E-05,0.00251287222,0.00111233862,4.904127,0.0599797145,0.1568146,0.0574611425,0.000256483356,-0.0003855079,1.152535E-05,0.002529502,0.00113500154,4.880399,-0.0213317871,-0.0158996582,0.0595410764,2.664389E-05,-8.037294E-05,0.00124022225,-0.00203502178,-0.0019578035,1.06836772,0.117094204,-0.140533447,0.04003805,0.0038807,0.0439711,0.001298328,-0.00194352865,-0.00250451639,1.04814243,-0.07293701,-0.117858887,0.0340913646,0.0007538401,0.03540083,-0.5500161,2.13215256,2.73881,3.51421022
662,13.239995308956916,4018,0,0,0,0,0,-0.000115089504,0,-0.000901534338,-0.000115089504,0,-0.000901534338,1,0,0,1,2.30178921E-06,-5.94556332E-06,1.803068E-05,0,0,0,-0.000534051738,-0.00148132443,-0.000220027563,-0.151092529,0.008079475,0.04610911,0.00180910167,-0.0001795805,0.002499688,0.00029058833,3.41832638E-05,-0.000832017744,0.0212449115,0.0190385245,0.122737847,-0.00423048344,-0.000348140049,-0.00157351233,-2.42134265E-05,7.498264E-05,-0.000726760831,0.00165096263,-0.00451660156,-0.0113830566,-0.004455694,-0.0001311896,-0.000130300337,5.91158023E-05,0.00250704587,0.00111328717,4.90411425,0.05998235,0.156813279,0.05746476,0.000258075539,-0.000380596583,1.13457827E-05,0.00252479315,0.00113501167,4.880399,-0.0213317871,-0.0158996582,0.0595418,2.83111185E-05,-7.495037E-05,0.00124054891,-0.00203485787,-0.00195691059,1.068385,0.117095925,-0.140533447,0.04002019,0.00387834385,0.0439655744,0.00129883806,-0.00194464624,-0.002503984,1.0481472,-0.07293701,-0.117858887,0.03408051,0.0007537635,0.0354107954,-0.550016165,2.1321528,2.73881,3.51421022
663,13.259995301870747,4024,0,0,0,0,0,-5.7797617E-05,0,-0.0009015587,-5.7797617E-05,0,-0.0009015587,1,0,0,1,1.15595185E-06,0,1.80311672E-05,0,0,0,-0.0005369351,-0.00147557259,-0.000220048387,-0.151092529,0.0080793,0.046112977,0.00180835556,-0.00018041156,0.002503616,0.000288117328,4.35858965E-05,-0.000831130834,0.0212492,0.01903769,0.122728951,-0.004227456,-0.0003506999,-0.00158883713,-2.67540836E-05,8.428097E-05,-0.0007265737,0.001652703,-0.00451660156,-0.0113830566,-0.00445344765,-0.0001340424,-0.00014512628,5.8801048E-05,0.00251299143,0.001114219,4.90410471,0.059982568,0.156816959,0.0574645028,0.000255835475,-0.000384302984,1.15159755E-05,0.002529472,0.001135076,4.880399,-0.0213317871,-0.0158996582,0.0595411547,2.62578178E-05,-8.02613358E-05,0.00123974658,-0.00203417242,-0.0019567397,1.0683974,0.117098778,-0.140563965,0.0400200561,0.00387866632,0.0439535864,0.00129821524,-0.00194343925,-0.00250445725,1.04814231,-0.07293701,-0.117858887,0.03408967,0.0007539459,0.0353996567,-0.5500161,2.13215256,2.73881,3.51421022
664,13.27999529478458,4029,0,0,0,0,0,-0.000115083778,0,-0.0009015594,-0.000115083778,0,-0.0009015594,1,0,0,1,2.30167461E-06,-5.96046448E-06,1.80311818E-05,0,0,0,-0.0005340208,-0.00148133934,-0.000220037036,-0.151092529,0.00807962,0.04610896,0.00180912029,-0.000179686831,0.00249968143,0.0002904967,3.41981649E-05,-0.000831624842,0.02125314,0.0190387815,0.122740008,-0.004228598,-0.000348252885,-0.00157299871,-2.420586E-05,7.49975443E-05,-0.0007267281,0.00165101385,-0.00451660156,-0.0113830566,-0.00445548771,-0.00013130829,-0.000130292858,5.9045844E-05,0.00250710547,0.00111456518,4.904097,0.05998453,0.156816229,0.057466913,0.0002573603,-0.000380745478,1.12192956E-05,0.00252483785,0.00113508513,4.880399,-0.0213317871,-0.0158996582,0.0595419072,2.91387823E-05,-7.456352E-05,0.00124054984,-0.00203436613,-0.00195648428,1.06839967,0.117098071,-0.140563965,0.0400128029,0.00387717085,0.0439605378,0.00129874365,-0.00194454193,-0.00250408612,1.04814756,-0.07293701,-0.117858887,0.03408093,0.0007536836,0.0354090631,-0.550016165,2.1321528,2.73881,3.51421022
665,13.299995287698412,4034,0,0,0,0,0,-5.77791179E-05,0,-0.0009015777,-5.77791179E-05,0,-0.0009015777,1,0,0,1,1.15558191E-06,1.49011612E-08,1.80315474E-05,0,0,0,-0.0005369125,-0.00147557259,-0.000220055226,-0.151092529,0.008079242,0.0461128168,0.00180835754,-0.00018056827,0.00250355923,0.0002879614,4.35858965E-05,-0.0008310161,0.0212583132,0.0190377478,0.122730494,-0.004226993,-0.000350886432,-0.0015880029,-2.677275E-05,8.426607E-05,-0.0007265635,0.00165289443,-0.00451660156,-0.0113830566,-0.004453331,-0.000134145608,-0.000144975886,5.88969124E-05,0.00251297653,0.00111472525,4.904091,0.0599834546,0.156818256,0.0574654862,0.000255526335,-0.0003852011,1.13086126E-05,0.00252944231,0.00113504368,4.880399,-0.0213317871,-0.0158996582,0.0595410131,2.60886136E-05,-7.977751E-05,0.00123990059,-0.002034068,-0.00195644842,1.06840444,0.117099911,-0.140563965,0.0400164947,0.00387789356,0.0439538434,0.00129818963,-0.00194360316,-0.00250449,1.04813969,-0.07293701,-0.117858887,0.03409019,0.000753771164,0.035398405,-0.5500161,2.13215256,2.73881,3.51421022
666,13.319995280612245,4039,0,0,0,0,0,-0.000115067538,0,-0.000901574444,-0.000115067538,0,-0.000901574444,1,0,0,1,2.30135E-06,-5.94556332E-06,1.80314819E-05,0,0,0,-0.0005340005,-0.00148132443,-0.000220028043,-0.151092529,0.008079432,0.04610878,0.0018088941,-0.000179850962,0.002499624,0.000290337019,3.41832638E-05,-0.0008316174,0.0212623533,0.0190386456,0.122741088,-0.00422865571,-0.0003484314,-0.00157214038,-2.42175374E-05,7.49975443E-05,-0.0007267553,0.00165115634,-0.00451660156,-0.0113830566,-0.00445553847,-0.000131504479,-0.000130166067,5.92266078E-05,0.00250655413,0.00111476518,4.90408468,0.0599848367,0.156817079,0.05746734,0.000257058651,-0.0003818619,1.10864567E-05,0.002524808,0.0011351055,4.880399,-0.0213317871,-0.0158996582,0.0595419742,2.74825943E-05,-7.430712E-05,0.001240677,-0.0020352602,-0.0019561518,1.06839824,0.117097512,-0.140563965,0.0400057547,0.003877081,0.0439622179,0.00129878358,-0.00194455683,-0.00250393921,1.048147,-0.07293701,-0.117858887,0.034079548,0.00075404474,0.0354113877,-0.550016165,2.1321528,2.73881,3.51421022
667,13.339995273526077,4045,0,0,0,0,0,-5.777272E-05,0,-0.0009015879,-5.777272E-05,0,-0.0009015879,1,0,0,1,1.1554539E-06,0,1.80317511E-05,0,0,0,-0.000536904263,-0.00147557259,-0.0002200492,-0.151092529,0.008078894,0.0461127833,0.00180840807,-0.000180661489,0.00250357063,0.000287960545,4.35858965E-05,-0.0008310553,0.0212673545,0.01903747,0.122731768,-0.00422729,-0.000351036957,-0.00158793386,-2.67902251E-05,8.428097E-05,-0.0007265681,0.00165296171,-0.00451660156,-0.0113830566,-0.00445328653,-0.000134321715,-0.00014482846,5.90350755E-05,0.00251296163,0.00111478276,4.90408,0.05998357,0.156819984,0.0574656241,0.000255327584,-0.000385600637,1.14820814E-05,0.002529502,0.00113508047,4.880399,-0.0213317871,-0.0158996582,0.0595411137,2.666342E-05,-8.02765353E-05,0.00124008558,-0.00203414261,-0.00195647683,1.06840038,0.117099926,-0.140563965,0.0400164649,0.00387773174,0.043956317,0.00129829068,-0.00194334984,-0.00250452315,1.04814065,-0.07293701,-0.117858887,0.0340901874,0.000753656437,0.0353998542,-0.5500161,2.13215256,2.73881,3.51421022
668,13.359995266439908,4051,0,0,0,0,0,-0.000115069539,0,-0.000901600637,-0.000115069539,0,-0.000901600637,1,0,0,1,2.30139E-06,-5.96046448E-06,1.80320058E-05,0,0,0,-0.000533988,-0.00148133934,-0.000220025191,-0.151092529,0.008079092,0.04610865,0.00180894637,-0.00017986304,0.00249969936,0.000290383876,3.413856E-05,-0.0008314019,0.02127229,0.0190382712,0.122741647,-0.004227681,-0.000348541624,-0.001572311,-2.4193223E-05,7.495284E-05,-0.0007267514,0.00165117288,-0.00451660156,-0.0113830566,-0.004455486,-0.000131532448,-0.000130235378,5.88157563E-05,0.00250452757,0.00111547345,4.904076,0.0599838756,0.156818524,0.057468418,0.000257145846,-0.000380660727,1.14234654E-05,0.002524823,0.00113502261,4.880399,-0.0213317871,-0.0158996582,0.0595417842,2.86215436E-05,-7.510103E-05,0.00124024972,-0.00203865767,-0.00195503165,1.06836045,0.117100552,-0.140563965,0.03998045,0.00387836667,0.0439582057,0.00129892956,-0.001944676,-0.0025041292,1.04814625,-0.07293701,-0.117858887,0.03408243,0.0007536097,0.0354120359,-0.550016165,2.1321528,2.73881,3.51421022
669,13.379995259353741,4057,0,0,0,0,0,-5.77923638E-05,0,-0.0009015922,-5.77923638E-05,0,-0.0009015922,1,0,0,1,1.1558468E-06,1.49011612E-08,1.80318366E-05,0,0,0,-0.0005369063,-0.00147555768,-0.000220051719,-0.151092529,0.00807849,0.0461128,0.00180842751,-0.000180727235,0.00250341627,0.00028812667,4.36455E-05,-0.0008311546,0.021277383,0.019037025,0.122732952,-0.00422785524,-0.000351107417,-0.00158869231,-2.6697342E-05,8.434057E-05,-0.0007265823,0.00165298046,-0.00451660156,-0.0113830566,-0.004453275,-0.000134344722,-0.000145220038,5.888946E-05,0.00251539052,0.0011149674,4.90407276,0.0599842779,0.156821325,0.05746642,0.000254889252,-0.0003846138,1.15820121E-05,0.00252942741,0.0011350459,4.880399,-0.0213317871,-0.0158996582,0.0595410578,2.6207239E-05,-8.028347E-05,0.00124025648,-0.00202991068,-0.00195718,1.0683974,0.117099404,-0.140563965,0.0400372967,0.00387545628,0.0439523757,0.00129816821,-0.00194366276,-0.00250447239,1.04814065,-0.07293701,-0.117858887,0.03409009,0.0007539085,0.0353984423,-0.5500161,2.1321528,2.73881,3.51421022
670,13.399995252267573,4063,0,0,0,0,0,-0.000115082228,0,-0.0009015959,-0.000115082228,0,-0.0009015959,1,0,0,1,2.30164369E-06,-5.96046448E-06,1.80319112E-05,0,0,0,-0.000534010935,-0.00148132443,-0.0002200279,-0.151092529,0.008078523,0.0461088568,0.00180905662,-0.000180090225,0.00249969237,0.000290679367,3.413856E-05,-0.000831681537,0.0212808978,0.019037731,0.122743212,-0.004229124,-0.0003485875,-0.00157374877,-2.417E-05,7.493794E-05,-0.0007267368,0.00165126845,-0.00451660156,-0.0113830566,-0.004455347,-0.0001315239,-0.000130307439,5.940048E-05,0.00250467658,0.00111477589,4.90406847,0.0599839948,0.156819478,0.0574673675,0.0002573817,-0.000381205318,1.1232024E-05,0.002524808,0.00113507919,4.880399,-0.0213317871,-0.0158996582,0.0595418252,2.81826779E-05,-7.453409E-05,0.00124053936,-0.00203850865,-0.001955453,1.06835806,0.1171006,-0.140563965,0.0399880856,0.00387858273,0.0439645164,0.00129884772,-0.00194455683,-0.002504083,1.04814494,-0.07293701,-0.117828369,0.0340810977,0.0007536733,0.0354111344,-0.550016165,2.1321528,2.73881,3.51421022
671,13.419995245181406,4069,0,0,0,0,0,-5.77589635E-05,0,-0.0009015908,-5.77589635E-05,0,-0.0009015908,1,0,0,1,1.15517878E-06,1.49011612E-08,1.803181E-05,0,0,0,-0.000536904437,-0.00147557259,-0.000220046233,-0.151092529,0.008077866,0.0461127833,0.00180827756,-0.000180907024,0.00250364048,0.000288057461,4.36455E-05,-0.0008313867,0.0212845672,0.01903647,0.122733392,-0.00422906876,-0.0003511258,-0.001588322,-2.696236E-05,8.434057E-05,-0.000726579747,0.00165309559,-0.00451660156,-0.0113830566,-0.00445323065,-0.000134341957,-0.000143884565,5.92638353E-05,0.00251477957,0.00111431035,4.90406466,0.0599833764,0.156821847,0.0574652441,0.000254553073,-0.000385959633,1.13937476E-05,0.002529472,0.00113508757,4.880399,-0.0213317871,-0.0158996582,0.05954116,2.62048834E-05,-8.0695514E-05,0.00124045787,-0.00203102827,-0.001957353,1.06839061,0.117097661,-0.140563965,0.0400369763,0.00387638318,0.04395898,0.001298229,-0.00194349885,-0.00250447425,1.048143,-0.07293701,-0.117858887,0.03409043,0.0007538514,0.0353991464,-0.5500161,2.13215256,2.73881,3.51421022
672,13.439995238095237,4075,0,0,0,0,0,-0.0001150604,0,-0.0009015948,-0.0001150604,0,-0.0009015948,1,0,0,1,2.30120713E-06,-5.96046448E-06,1.803189E-05,0,0,0,-0.0005340066,-0.00148132443,-0.00022003107,-0.151092529,0.00807791948,0.0461088568,0.00180904416,-0.0001799471,0.00249971682,0.000290694355,3.413856E-05,-0.0008318667,0.0212870985,0.0190372616,0.1227435,-0.00423003966,-0.0003485148,-0.00157382223,-2.444923E-05,7.493794E-05,-0.00072676217,0.00165127742,-0.00451660156,-0.0113830566,-0.00445548631,-0.000131430832,-0.000128929445,5.94530247E-05,0.00250454247,0.00111439289,4.90406,0.0599831827,0.156820089,0.05746681,0.000257734733,-0.000381290069,1.12297748E-05,0.00252485275,0.00113504776,4.880399,-0.0213317871,-0.0158996582,0.0595418662,2.88588872E-05,-7.54548237E-05,0.00124061946,-0.00203873217,-0.00195552,1.06835413,0.1171017,-0.140563965,0.0399884768,0.003878783,0.04396644,0.00129867671,-0.001944527,-0.00250405236,1.04814851,-0.07293701,-0.117828369,0.03408051,0.000753896136,0.03540877,-0.550016165,2.1321528,2.73881,3.51421022
673,13.459995231009069,4081,0,0,0,0,0,-5.77746723E-05,0,-0.000901591848,-5.77746723E-05,0,-0.000901591848,1,0,0,1,1.155493E-06,1.49011612E-08,1.803183E-05,0,0,0,-0.0005369024,-0.00147555768,-0.000220044371,-0.151092529,0.008077422,0.0461128466,0.00180828164,-0.0001807688,0.00250359881,0.000288122246,4.36455E-05,-0.000831564,0.0212898981,0.01903617,0.122733019,-0.0042298995,-0.000350964983,-0.001588681,-2.67705036E-05,8.435547E-05,-0.000726570433,0.00165308651,-0.00451660156,-0.0113830566,-0.00445322134,-0.000134161324,-0.000144864593,5.922451E-05,0.002515316,0.00111398846,4.904056,0.0599830225,0.156820491,0.0574648753,0.0002549158,-0.000385658321,1.12408379E-05,0.00252941251,0.00113503612,4.880399,-0.0213317871,-0.0158996582,0.05954102,2.59384487E-05,-7.9606194E-05,0.00124041247,-0.0020300895,-0.00195763959,1.06839275,0.117098913,-0.140563965,0.0400428437,0.00387618574,0.0439572521,0.00129810255,-0.00194358826,-0.002504519,1.04814053,-0.07293701,-0.117858887,0.0340902731,0.000753894856,0.03539761,-0.5500161,2.13215256,2.73881,3.51421022
674,13.479995223922902,4087,0,0,0,0,0,-0.000115080955,0,-0.000901589345,-0.000115080955,0,-0.000901589345,1,0,0,1,2.30161822E-06,-5.96046448E-06,1.803178E-05,0,0,0,-0.000533993763,-0.00148133934,-0.000220029615,-0.151092529,0.008077598,0.046108868,0.00180916814,-0.000179744617,0.00249970658,0.0002907142,3.413856E-05,-0.0008320528,0.0212914385,0.0190370884,0.122743025,-0.0042309477,-0.0003483902,-0.00157395063,-2.42412025E-05,7.493794E-05,-0.0007267493,0.00165130093,-0.00451660156,-0.0113830566,-0.00445544,-0.000131318156,-0.000129978231,5.95323654E-05,0.00250466168,0.00111406634,4.904052,0.0599832423,0.156819075,0.0574664772,0.000257804844,-0.000381439051,1.12028865E-05,0.00252483785,0.001135075,4.880399,-0.0213317871,-0.0158996582,0.059541896,2.89356612E-05,-7.463302E-05,0.00124065741,-0.00203856826,-0.00195558183,1.06836557,0.117102712,-0.140563965,0.03999007,0.00387867377,0.04396689,0.00129876239,-0.00194455683,-0.00250404561,1.04814637,-0.07293701,-0.117858887,0.0340801664,0.000753834,0.0354102328,-0.550016165,2.1321528,2.73881,3.51421022
675,13.499995216836734,4093,0,0,0,0,0,-5.77761275E-05,0,-0.000901592255,-5.77761275E-05,0,-0.000901592255,1,0,0,1,1.15552211E-06,1.49011612E-08,1.80318384E-05,0,0,0,-0.0005369032,-0.00147557259,-0.0002200504,-0.151092529,0.00807721447,0.04611279,0.00180830876,-0.000180648989,0.00250356714,0.000288077834,4.36455E-05,-0.0008315888,0.021294,0.0190361273,0.122733057,-0.00422999449,-0.000350838352,-0.00158848753,-2.67662654E-05,8.434057E-05,-0.0007265837,0.001653103,-0.00451660156,-0.0113830566,-0.00445331633,-0.00013404667,-0.000144911639,5.94029043E-05,0.00251474977,0.001113968,4.90404749,0.0599833429,0.156821072,0.0574648567,0.00025538003,-0.0003862418,1.13252408E-05,0.002529487,0.00113504811,4.880399,-0.0213317871,-0.0158996582,0.0595410876,2.6307207E-05,-7.980004E-05,0.00124038057,-0.00203102827,-0.001957442,1.06839979,0.117102824,-0.140563965,0.0400367863,0.003876563,0.0439571738,0.00129823235,-0.00194340944,-0.00250446913,1.04814279,-0.07293701,-0.117858887,0.0340899341,0.000753955566,0.0353999548,-0.5500161,2.13215256,2.73881,3.51421022
676,13.519995209750567,4099,0,0,0,0,0,-0.000115085546,0,-0.000901520252,-0.000115085546,0,-0.000901520252,1,0,0,1,2.30171E-06,-5.96046448E-06,1.80303978E-05,0,0,0,-0.000534007,-0.00148133934,-0.000220036658,-0.151092529,0.008077575,0.04610879,0.00180905371,-0.000179622715,0.002499749,0.0002906599,3.413856E-05,-0.000835573359,0.0212761369,0.0190373287,0.122742847,-0.00424834,-0.000348164962,-0.00157379953,-2.42366968E-05,7.495284E-05,-0.0007267294,0.00165127253,-0.00451660156,-0.0113830566,-0.004455454,-0.000131045075,-0.0001301148,5.92619763E-05,0.0025062114,0.00111435819,4.904145,0.0599842034,0.156819418,0.0575536042,0.000255866646,-0.000380993733,1.11515565E-05,0.00252483785,0.00113505882,4.880399,-0.0213317871,-0.0158996582,0.05954176,2.76667142E-05,-7.453476E-05,0.001241309,-0.00203704834,-0.00195282535,1.06831336,0.117091708,-0.140563965,0.03995988,0.00387180573,0.04395795,0.00129894586,-0.00194454193,-0.0025040796,1.048147,-0.07293701,-0.117858887,0.03408188,0.0007534962,0.03541197,-0.550016165,2.1321528,2.73881,3.51421022
677,13.539995202664398,4104,0,0,0,0,0,-5.779259E-05,0,-0.000901602441,-5.779259E-05,0,-0.000901602441,1,0,0,1,1.15585135E-06,1.49011612E-08,1.80320421E-05,0,0,0,-0.0005369205,-0.00147555768,-0.000220054382,-0.151092529,0.008077549,0.0461128764,0.0018082849,-0.000180294592,0.00250345748,0.000288113515,4.36007977E-05,-0.0008289279,0.0212895684,0.0190365054,0.122732647,-0.004216508,-0.000350692135,-0.00158879638,-2.67764517E-05,8.428097E-05,-0.0007265786,0.00165298185,-0.00451660156,-0.0113830566,-0.004453471,-0.000133776877,-0.000144995138,5.953026E-05,0.00251235068,0.00111383572,4.904022,0.0599803552,0.156820685,0.0573810525,0.000256123138,-0.000386374,1.15110061E-05,0.00252942741,0.001135063,4.880399,-0.0213317871,-0.0158996582,0.05954117,2.78414354E-05,-8.025823E-05,0.001240266,-0.00203466415,-0.00196014764,1.068366,0.117101245,-0.140563965,0.0400683768,0.00388455624,0.0439833924,0.00129809929,-0.00194360316,-0.00250442256,1.048141,-0.07293701,-0.117858887,0.03408866,0.000753925357,0.0353970528,-0.5500161,2.13215256,2.73881,3.51421022
678,13.559995195578232,4110,0,0,0,0,0,-0.000115080729,0,-0.000901637366,-0.000115080729,0,-0.000901637366,1,0,0,1,2.30161368E-06,-5.96046448E-06,1.803274E-05,0,0,0,-0.000533981249,-0.00148133934,-0.000220026821,-0.151092529,0.008077425,0.04610886,0.00180903263,-0.000180144241,0.00249956152,0.0002907254,3.413856E-05,-0.000831300742,0.0212980155,0.0190369487,0.122742794,-0.00422748551,-0.000348860427,-0.00157378975,-2.41682137E-05,7.495284E-05,-0.0007267601,0.00165151269,-0.00451660156,-0.0113830566,-0.004455263,-0.000131915367,-0.000130125147,5.93427467E-05,0.00250574946,0.00111340184,4.904028,0.0599829555,0.1568195,0.0574623831,0.000258094922,-0.0003809024,1.11431173E-05,0.002524808,0.00113509013,4.880399,-0.0213317871,-0.0158996582,0.0595419221,2.67890846E-05,-7.436657E-05,0.00124028954,-0.002036661,-0.00195628661,1.0683794,0.11710538,-0.140563965,0.04000298,0.00387889775,0.0439604521,0.00129892584,-0.00194457173,-0.00250407658,1.04814434,-0.07293701,-0.117858887,0.03408146,0.0007536434,0.0354125872,-0.550016165,2.1321528,2.73881,3.51421022
679,13.579995188492063,4116,0,0,0,0,0,-5.775569E-05,0,-0.000901546446,-5.775569E-05,0,-0.000901546446,1,0,0,1,1.1551133E-06,1.49011612E-08,1.80309216E-05,0,0,0,-0.0005369095,-0.00147557259,-0.000220044312,-0.151092529,0.008076906,0.04611286,0.00180824962,-0.000180753617,0.00250367168,0.00028797565,4.36157E-05,-0.000834833365,0.0212830268,0.0190358758,0.122732967,-0.00424620369,-0.00035091996,-0.00158796937,-2.69634656E-05,8.428097E-05,-0.0007265771,0.00165319361,-0.00451660156,-0.0113830566,-0.00445327349,-0.000134083049,-0.0001439448,5.868186E-05,0.002515018,0.00111485959,4.90413,0.0599835478,0.156822592,0.05755269,0.0002540461,-0.000384708866,1.15897037E-05,0.002529502,0.00113507651,4.880399,-0.0213317871,-0.0158996582,0.059541177,2.75844923E-05,-8.1160164E-05,0.00124024344,-0.0020314604,-0.001953658,1.06833482,0.117096148,-0.140594482,0.0399851166,0.00387041084,0.0439355075,0.0012981958,-0.001943469,-0.00250448612,1.04814255,-0.07293701,-0.117858887,0.0340899453,0.00075396453,0.03539907,-0.5500161,2.13215256,2.73881,3.51421022
680,13.599995181405895,4122,0,0,0,0,0,-0.000115083138,0,-0.0009014336,-0.000115083138,0,-0.0009014336,1,0,0,1,2.30166188E-06,-5.96046448E-06,1.80286643E-05,0,0,0,-0.0005340636,-0.00148133934,-0.000220042071,-0.151092529,0.008077808,0.04610905,0.00180904078,-0.000179086463,0.00249981182,0.000290517841,3.41981649E-05,-0.00083672133,0.0212561823,0.0190377031,0.122743264,-0.0042536296,-0.000347578025,-0.001573398,-2.427874E-05,7.50124454E-05,-0.000726702739,0.00165112945,-0.00451660156,-0.0113830566,-0.00445565069,-0.0001302194,-0.000130214466,5.94062149E-05,0.002508849,0.0011141448,4.904211,0.0599844567,0.156819344,0.0575567931,0.000254608371,-0.000381835853,1.11636573E-05,0.00252479315,0.00113501039,4.880399,-0.0213317871,-0.0158996582,0.059541598,2.83426234E-05,-7.464609E-05,0.001242605,-0.00203311443,-0.00195416249,1.06826508,0.1170759,-0.140594482,0.0399951637,0.00386951538,0.0439770073,0.00129894423,-0.00194455683,-0.00250407262,1.04814541,-0.07293701,-0.117858887,0.03408176,0.0007534742,0.03541179,-0.550016165,2.1321528,2.73881,3.51421022
681,13.619995174319728,4128,0,0,0,0,0,-5.7803958E-05,0,-0.000901466759,-5.7803958E-05,0,-0.000901466759,1,0,0,1,1.15607872E-06,1.49011612E-08,1.80293282E-05,0,0,0,-0.0005369524,-0.00147558749,-0.0002200575,-0.151092529,0.008078367,0.04611296,0.00180837989,-0.000179669441,0.00250372267,0.000288189331,4.36007977E-05,-0.000832874037,0.0212466773,0.0190372542,0.122732446,-0.00423572958,-0.000350283139,-0.00158950442,-2.68237764E-05,8.428097E-05,-0.0007265771,0.00165275333,-0.00451660156,-0.0113830566,-0.004453779,-0.000133065565,-0.000145079917,6.03305671E-05,0.002512902,0.00111239578,4.904182,0.0599797145,0.1568194,0.057464838,0.000255549065,-0.000388330722,1.14519517E-05,0.00252944231,0.00113501749,4.880399,-0.0213317871,-0.0158996582,0.05954109,2.78265943E-05,-8.02107E-05,0.00124227931,-0.002036184,-0.00195838837,1.06826842,0.117078952,-0.140594482,0.040058136,0.00388027215,0.0440130979,0.00129807054,-0.00194354355,-0.00250448287,1.04814088,-0.07293701,-0.117858887,0.03408968,0.000753985951,0.0353970155,-0.5500161,2.13215256,2.73881,3.51421022
682,13.639995167233559,4135,0,0,0,0,0,-0.000115114337,0,-0.000901506,-0.000115114337,0,-0.000901506,1,0,0,1,2.30228579E-06,-5.94556332E-06,1.80301122E-05,0,0,0,-0.000534014,-0.00148133934,-0.000220017886,-0.151092529,0.00807917,0.04610898,0.00180918246,-0.000179287279,0.0024996826,0.00029095434,3.41683626E-05,-0.0008327018,0.0212434754,0.0190384071,0.122740649,-0.00423376542,-0.0003481507,-0.00157541106,-2.427334E-05,7.498264E-05,-0.0007267512,0.00165106053,-0.00451660156,-0.0113830566,-0.004455742,-0.000130915665,-0.000130074375,6.04053E-05,0.00250694156,0.00111109682,4.90416145,0.0599798933,0.1568152,0.05746093,0.000257759151,-0.000383001927,1.13452907E-05,0.002524808,0.00113505428,4.880399,-0.0213317871,-0.0158996582,0.0595418662,2.86522827E-05,-7.51024345E-05,0.001242473,-0.00203667581,-0.00195874786,1.0683,0.117081128,-0.140563965,0.0400559381,0.00388080161,0.0440145731,0.00129881012,-0.00194458663,-0.002504032,1.04814613,-0.07293701,-0.117858887,0.0340805762,0.0007536809,0.0354102179,-0.550016165,2.1321528,2.73881,3.51421022
683,13.659995160147393,4140,0,0,0,0,0,-5.780522E-05,0,-0.00090151187,-5.780522E-05,0,-0.00090151187,1,0,0,1,1.156104E-06,1.49011612E-08,1.803023E-05,0,0,0,-0.00053690956,-0.00147557259,-0.000220055634,-0.151092529,0.008079054,0.046112854,0.00180828059,-0.000180353949,0.00250363024,0.000288365933,4.36007977E-05,-0.00083194836,0.0212429073,0.0190373622,0.1227284,-0.00423149159,-0.000350832357,-0.00159011118,-2.67899941E-05,8.428097E-05,-0.000726600934,0.001652779,-0.00451660156,-0.0113830566,-0.004453608,-0.000133939,-0.000144973455,5.98122861E-05,0.00251339376,0.00111144956,4.90414333,0.0599788,0.1568144,0.05745963,0.000256958563,-0.0003863506,1.14776312E-05,0.002529472,0.00113503833,4.880399,-0.0213317871,-0.0158996582,0.05954116,2.6464113E-05,-8.02565E-05,0.00124090642,-0.00203479826,-0.00195850921,1.06834352,0.117090814,-0.140533447,0.0400551856,0.00388098345,0.04398716,0.00129827624,-0.00194340944,-0.00250446051,1.04814243,-0.07293701,-0.117858887,0.0340899,0.0007538902,0.035400372,-0.5500161,2.13215256,2.73881,3.51421022
684,13.679995153061224,4146,0,0,0,0,0,-0.000115106785,0,-0.0009015133,-0.000115106785,0,-0.0009015133,1,0,0,1,2.30213482E-06,-5.94556332E-06,1.803026E-05,0,0,0,-0.000534007442,-0.00148133934,-0.0002200342,-0.151092529,0.00807952,0.0461089239,0.0018089494,-0.000179558658,0.00249972683,0.0002907296,3.41832638E-05,-0.0008323158,0.0212427378,0.0190385077,0.122737885,-0.00423194468,-0.000348181464,-0.00157421606,-2.42208625E-05,7.498264E-05,-0.0007267311,0.00165103993,-0.00451660156,-0.0113830566,-0.00445555057,-0.000131188848,-0.0001302644,5.95431338E-05,0.00250700116,0.00111223827,4.9041276,0.0599813759,0.156812921,0.057462845,0.000257712527,-0.000381342368,1.14225513E-05,0.00252483785,0.00113507267,4.880399,-0.0213317871,-0.0158996582,0.059541855,2.86397517E-05,-7.516997E-05,0.00124107115,-0.002035305,-0.00195759721,1.06836927,0.117091119,-0.140533447,0.04003127,0.00387927378,0.0439791381,0.00129896542,-0.001944527,-0.00250403164,1.04814839,-0.07293701,-0.117858887,0.0340809226,0.0007535924,0.0354125425,-0.550016165,2.1321528,2.73881,3.51421022
685,13.699995145975056,4152,0,0,0,0,0,-5.781408E-05,0,-0.000901538,-5.781408E-05,0,-0.000901538,1,0,0,1,1.15628109E-06,1.49011612E-08,1.80307525E-05,0,0,0,-0.0005369186,-0.00147555768,-0.000220053291,-0.151092529,0.008079276,0.0461130664,0.0018085927,-0.000180439,0.00250339671,0.0002882284,4.36007977E-05,-0.0008314096,0.0212453511,0.0190376043,0.122728214,-0.00422885874,-0.000350742,-0.0015893823,-2.67386422E-05,8.428097E-05,-0.0007265543,0.0016529205,-0.00451660156,-0.0113830566,-0.004453339,-0.000134038433,-0.000145195445,5.8987247E-05,0.00251299143,0.00111327064,4.904115,0.05998126,0.156815752,0.0574628673,0.000256348023,-0.000384449871,1.15913626E-05,0.00252941251,0.00113507349,4.880399,-0.0213317871,-0.0158996582,0.0595410839,2.635198E-05,-8.04160663E-05,0.001239937,-0.002034396,-0.00195722678,1.06839085,0.117098071,-0.140533447,0.0400285721,0.00387951685,0.0439607427,0.001298304,-0.00194354355,-0.00250446,1.04813933,-0.07293701,-0.117858887,0.0340895,0.0007536823,0.0354001075,-0.5500161,2.13215256,2.73881,3.51421022
686,13.719995138888889,4157,0,0,0,0,0,-0.0001150785,0,-0.000901546737,-0.0001150785,0,-0.000901546737,1,0,0,1,2.301569E-06,-5.96046448E-06,1.80309271E-05,0,0,0,-0.0005340287,-0.00148132443,-0.000220043614,-0.151092529,0.008079618,0.04610901,0.00180893415,-0.000179710478,0.00249964488,0.0002903006,3.41683626E-05,-0.000831757847,0.0212483555,0.0190386828,0.122738875,-0.00422925642,-0.000348264817,-0.0015720299,-2.41578819E-05,7.498264E-05,-0.00072678,0.00165099232,-0.00451660156,-0.0113830566,-0.00445574848,-0.000131342866,-0.000130532659,5.91325952E-05,0.00250650942,0.00111406436,4.904105,0.0599838,0.156815037,0.0574660376,0.0002575186,-0.000381664169,1.12534271E-05,0.00252485275,0.00113505416,4.880399,-0.0213317871,-0.0158996582,0.0595419444,2.84606849E-05,-7.452504E-05,0.00124056661,-0.00203539431,-0.00195646938,1.06839478,0.117097139,-0.140533447,0.0400097519,0.00387790636,0.043962948,0.00129869557,-0.00194443762,-0.00250405259,1.04814839,-0.07293701,-0.117828369,0.0340807773,0.000754103647,0.03541016,-0.550016165,2.1321528,2.73881,3.51421022
687,13.73999513180272,4163,0,0,0,0,0,-5.776095E-05,0,-0.000901573338,-5.776095E-05,0,-0.000901573338,1,0,0,1,1.15521857E-06,1.49011612E-08,1.803146E-05,0,0,0,-0.0005369203,-0.00147557259,-0.00022004942,-0.151092529,0.008079227,0.04611294,0.001808391,-0.000180531453,0.00250370381,0.0002879241,4.35858965E-05,-0.0008309574,0.0212536231,0.0190376267,0.122729577,-0.004226705,-0.000350910617,-0.001587801,-2.69805314E-05,8.428097E-05,-0.0007265731,0.00165279931,-0.00451660156,-0.0113830566,-0.00445335871,-0.000134224363,-0.000143939775,5.87494469E-05,0.00251293182,0.00111475133,4.904098,0.05998287,0.156817466,0.0574654,0.000255814783,-0.000384897954,1.13920323E-05,0.00252945721,0.00113503134,4.880399,-0.0213317871,-0.0158996582,0.0595410429,2.60914221E-05,-8.073846E-05,0.00123971782,-0.00203414261,-0.00195651827,1.06840026,0.11710082,-0.140563965,0.0400168151,0.003878323,0.0439518,0.00129824039,-0.00194357336,-0.002504497,1.04814076,-0.07293701,-0.117858887,0.03409054,0.0007537104,0.03539891,-0.5500161,2.13215256,2.73881,3.51421022
688,13.759995124716554,4169,0,0,0,0,0,-0.000115062263,0,-0.000901566469,-0.000115062263,0,-0.000901566469,1,0,0,1,2.30124442E-06,-5.94556332E-06,1.80313218E-05,0,0,0,-0.000534016,-0.00148133934,-0.000220032118,-0.151092529,0.008079429,0.04610906,0.00180909177,-0.000179916853,0.0024997138,0.000290299184,3.41683626E-05,-0.0008316283,0.0212578159,0.0190385841,0.122740179,-0.004228692,-0.000348403148,-0.00157196552,-2.42528586E-05,7.498264E-05,-0.000726738537,0.0016510617,-0.00451660156,-0.0113830566,-0.00445547,-0.000131444991,-0.0001300128,5.89465926E-05,0.00250709057,0.001114798,4.90409136,0.05998451,0.15681608,0.0574675873,0.000256481115,-0.0003812429,1.11472746E-05,0.002524808,0.00113506906,4.88039875,-0.0213317871,-0.0158996582,0.05954182,2.86124068E-05,-7.45249563E-05,0.00124061294,-0.00203433633,-0.0019561518,1.068402,0.117094606,-0.140563965,0.0400080346,0.0038764975,0.0439595245,0.001298662,-0.00194458663,-0.002504042,1.04814649,-0.07293701,-0.117858887,0.03408007,0.000753880769,0.03540864,-0.550016165,2.1321528,2.73881,3.51421022
689,13.779995117630385,4175,0,0,0,0,0,-5.777665E-05,0,-0.000901582,-5.777665E-05,0,-0.000901582,1,0,0,1,1.15553257E-06,0,1.80316329E-05,0,0,0,-0.0005369114,-0.00147558749,-0.0002200541,-0.151092529,0.008078911,0.0461129621,0.00180836488,-0.000180683084,0.00250356644,0.000287948962,4.35858965E-05,-0.0008310089,0.02126303,0.0190374237,0.122730792,-0.00422701752,-0.00035100794,-0.00158789312,-2.67784126E-05,8.428097E-05,-0.000726584462,0.00165284728,-0.00451660156,-0.0113830566,-0.00445337966,-0.000134207861,-0.000144904567,5.88972325E-05,0.00251303613,0.001114832,4.90408564,0.0599832833,0.156818435,0.0574656874,0.000255696941,-0.000385236082,1.1277526E-05,0.002529502,0.00113508024,4.880399,-0.0213317871,-0.0158996582,0.0595411658,2.67172727E-05,-7.968373E-05,0.001239962,-0.0020339787,-0.001956488,1.068405,0.117099136,-0.140563965,0.0400174223,0.00387780555,0.04395459,0.00129809673,-0.00194337964,-0.002504491,1.04814374,-0.07293701,-0.117858887,0.03408961,0.00075410126,0.035398297,-0.5500161,2.13215256,2.73881,3.51421022
690,13.799995110544216,4180,0,0,0,0,0,-0.000115081362,0,-0.0009015791,-0.000115081362,0,-0.0009015791,1,0,0,1,2.30162641E-06,-5.94556332E-06,1.80315747E-05,0,0,0,-0.000534003833,-0.00148130953,-0.000220030633,-0.151092529,0.008079103,0.04610903,0.00180887815,-0.000179845127,0.00249968935,0.00029057762,3.41683626E-05,-0.0008316759,0.0212668553,0.0190383457,0.122741543,-0.004228973,-0.0003484321,-0.0015733171,-2.42615333E-05,7.49975443E-05,-0.000726729457,0.00165114226,-0.00451660156,-0.0113830566,-0.00445540342,-0.000131467226,-0.000129923908,5.92454E-05,0.00250655413,0.00111468032,4.90408,0.0599846244,0.156817347,0.0574673,0.000256855943,-0.000381084275,1.12083217E-05,0.00252483785,0.00113509293,4.880399,-0.0213317871,-0.0158996582,0.0595418848,2.75179627E-05,-7.47695449E-05,0.00124072074,-0.002035275,-0.0019562128,1.0683974,0.117095992,-0.140563965,0.0400069579,0.00387716549,0.0439635329,0.00129892991,-0.00194448233,-0.00250399928,1.048149,-0.07293701,-0.117858887,0.0340806469,0.000753595843,0.0354119428,-0.550016165,2.1321528,2.73881,3.51421022
691,13.81999510345805,4186,0,0,0,0,0,-5.77771971E-05,0,-0.0009016108,-5.77771971E-05,0,-0.0009016108,1,0,0,1,1.15554349E-06,0,1.803221E-05,0,0,0,-0.000536907,-0.00147557259,-0.000220040733,-0.151092529,0.008078549,0.0461128838,0.00180841645,-0.000180786548,0.0025036,0.000288041949,4.35560942E-05,-0.0008308176,0.0212728269,0.019037094,0.122731566,-0.00422613556,-0.000351077324,-0.00158830709,-2.675136E-05,8.42511654E-05,-0.0007265672,0.00165301643,-0.00451660156,-0.0113830566,-0.00445325952,-0.000134297166,-0.00014499118,5.88805924E-05,0.00251151621,0.00111539557,4.90407658,0.0599827357,0.156820059,0.057466466,0.000256519153,-0.000384906773,1.131727E-05,0.00252944231,0.00113509677,4.880399,-0.0213317871,-0.0158996582,0.05954115,2.68954045E-05,-7.97097455E-05,0.00123957661,-0.00203667581,-0.0019556398,1.06837344,0.117105812,-0.140563965,0.039998956,0.00387892779,0.0439512134,0.00129805261,-0.00194349885,-0.0025044675,1.04814136,-0.07293701,-0.117858887,0.0340890139,0.000753931061,0.0353966579,-0.5500161,2.13215256,2.73881,3.51421022
692,13.839995096371881,4191,0,0,0,0,0,-0.000115079136,0,-0.000901583931,-0.000115079136,0,-0.000901583931,1,0,0,1,2.30158184E-06,-5.94556332E-06,1.80316711E-05,0,0,0,-0.0005339991,-0.00148132443,-0.000220034242,-0.151092529,0.008078644,0.0461088829,0.00180892053,-0.000179925817,0.00249974942,0.000290518,3.42279673E-05,-0.0008318128,0.0212764889,0.0190380067,0.122742794,-0.00422973558,-0.000348460249,-0.00157296809,-2.42221722E-05,7.504225E-05,-0.0007267435,0.00165125122,-0.00451660156,-0.0113830566,-0.004455413,-0.000131487774,-0.00013007177,5.930045E-05,0.002508387,0.00111473561,4.90407228,0.05998573,0.156819388,0.0574678145,0.0002555017,-0.000381477963,1.10962319E-05,0.002524823,0.0011351,4.880399,-0.0213317871,-0.0158996582,0.0595419221,2.80473487E-05,-7.433624E-05,0.0012411389,-0.00203207135,-0.001956736,1.0683912,0.117093414,-0.140563965,0.04002067,0.00387499761,0.04396328,0.00129877147,-0.00194455683,-0.00250402116,1.04814661,-0.07293701,-0.117858887,0.0340804569,0.000753783,0.035410028,-0.550016165,2.1321528,2.73881,3.51421022
693,13.859995089285714,4197,0,0,0,0,0,-5.776676E-05,0,-0.000901608262,-5.776676E-05,0,-0.000901608262,1,0,0,1,1.15533476E-06,0,1.80321586E-05,0,0,0,-0.0005369036,-0.00147555768,-0.0002200471,-0.151092529,0.008078063,0.0461130254,0.00180832169,-0.000180803108,0.00250337413,0.0002878702,4.35262918E-05,-0.0008310576,0.0212810617,0.0190365668,0.1227326,-0.00422741426,-0.000351238123,-0.00158739788,-2.67591458E-05,8.42362642E-05,-0.0007265815,0.00165312109,-0.00451660156,-0.0113830566,-0.00445325952,-0.000134363348,-0.000144901031,5.929469E-05,0.002511099,0.00111485738,4.90406847,0.0599821135,0.1568212,0.057465706,0.0002560987,-0.000386669446,1.14650238E-05,0.002529487,0.00113508408,4.880399,-0.0213317871,-0.0158996582,0.05954121,2.622704E-05,-8.015793E-05,0.00123992306,-0.00203736126,-0.0019558412,1.06836331,0.117101744,-0.140563965,0.03999991,0.00387933571,0.04395841,0.001298226,-0.00194349885,-0.00250447658,1.04814243,-0.07293701,-0.117858887,0.03409023,0.0007539604,0.03539976,-0.5500161,2.13215256,2.73881,3.51421022
694,13.879995082199546,4203,0,0,0,0,0,-0.00011507218,0,-0.0009015806,-0.00011507218,0,-0.0009015806,1,0,0,1,2.30144269E-06,-5.94556332E-06,1.80316056E-05,0,0,0,-0.000534024439,-0.00148133934,-0.000220023387,-0.151092529,0.008078151,0.0461091362,0.00180915534,-0.000179917261,0.00249967934,0.000290584,3.42130661E-05,-0.000831978163,0.0212837644,0.0190375056,0.122743294,-0.004230575,-0.0003484155,-0.0015732937,-2.41987491E-05,7.502735E-05,-0.0007267328,0.00165136438,-0.00451660156,-0.0113830566,-0.0044553536,-0.000131427645,-0.000130186891,5.93478944E-05,0.00250831246,0.00111430441,4.904064,0.05998457,0.156819791,0.05746709,0.000256532367,-0.000381376449,1.13733067E-05,0.002524808,0.00113509118,4.880399,-0.0213317871,-0.0158996582,0.0595418774,2.86277664E-05,-7.498572E-05,0.00124115474,-0.00203230977,-0.00195699255,1.06838334,0.117097072,-0.140563965,0.0400249958,0.00387564441,0.0439661071,0.00129887415,-0.00194457173,-0.0025040675,1.04814708,-0.07293701,-0.117858887,0.03408122,0.000753511442,0.0354105532,-0.5500161,2.13215256,2.73881,3.51421022
695,13.899995075113377,4209,0,0,0,0,0,-5.777963E-05,0,-0.0009016043,-5.777963E-05,0,-0.0009016043,1,0,0,1,1.15559214E-06,0,1.80320785E-05,0,0,0,-0.0005369109,-0.00147555768,-0.000220051079,-0.151092529,0.00807771552,0.0461130254,0.00180823274,-0.00018071993,0.00250356272,0.0002881268,4.3541193E-05,-0.000831329264,0.021287173,0.01903632,0.122732937,-0.00422870927,-0.000351016672,-0.00158871163,-2.66842053E-05,8.42511654E-05,-0.0007265826,0.00165316474,-0.00451660156,-0.0113830566,-0.0044533005,-0.000134188216,-0.000145305312,5.92562974E-05,0.00251163542,0.00111432327,4.90406,0.0599820763,0.156820983,0.0574650019,0.00025621918,-0.000385684922,1.14456416E-05,0.002529487,0.0011350686,4.880399,-0.0213317871,-0.0158996582,0.0595411174,2.60314373E-05,-7.988525E-05,0.001239958,-0.002036497,-0.001956085,1.068366,0.117104553,-0.140563965,0.04000595,0.00387904653,0.0439584143,0.00129812746,-0.00194343925,-0.002504469,1.0481416,-0.07293701,-0.117858887,0.0340895765,0.0007540846,0.03539882,-0.5500161,2.13215256,2.73881,3.51421022
696,13.919995068027211,4214,0,0,0,0,0,-0.000115061855,0,-0.000901573,-0.000115061855,0,-0.000901573,1,0,0,1,2.30123624E-06,-5.94556332E-06,1.80314528E-05,0,0,0,-0.0005340022,-0.00148132443,-0.000220035232,-0.151092529,0.008077827,0.0461091027,0.00180908456,-0.000179860886,0.00249966141,0.000290661264,3.42279673E-05,-0.0008322172,0.0212885775,0.019037297,0.122743264,-0.00423177565,-0.000348391244,-0.00157367589,-2.44165931E-05,7.502735E-05,-0.0007267408,0.00165142247,-0.00451660156,-0.0113830566,-0.004455393,-0.000131403547,-0.000129105683,5.9545262E-05,0.00250834227,0.00111384981,4.904055,0.0599845834,0.156819075,0.0574665368,0.00025620294,-0.000381693244,1.14084578E-05,0.002524823,0.00113506883,4.880399,-0.0213317871,-0.0158996582,0.05954183,2.87328567E-05,-7.584313E-05,0.00124120363,-0.00203222036,-0.00195702258,1.06839418,0.117096007,-0.140563965,0.040025495,0.00387552683,0.0439665541,0.00129889254,-0.00194455683,-0.00250407052,1.04814625,-0.07293701,-0.117858887,0.0340813324,0.00075347966,0.035410706,-0.550016165,2.1321528,2.73881,3.51421022
697,13.939995060941042,4221,0,0,0,0,0,-5.778295E-05,0,-0.0009016071,-5.778295E-05,0,-0.0009016071,1,0,0,1,1.15565854E-06,0,1.80321349E-05,0,0,0,-0.000536898733,-0.00147557259,-0.000220046262,-0.151092529,0.008077446,0.04611293,0.0018082069,-0.0001806802,0.00250362628,0.000288136,4.35262918E-05,-0.000831351266,0.0212916173,0.0190361738,0.122732975,-0.00422881451,-0.000350945775,-0.001588773,-2.67527867E-05,8.42362642E-05,-0.0007265877,0.00165317487,-0.00451660156,-0.0113830566,-0.004453352,-0.000134089962,-0.000144976017,5.93736331E-05,0.002511099,0.00111428625,4.9040513,0.0599818155,0.15682134,0.0574649,0.000256616448,-0.000385938765,1.15188905E-05,0.002529487,0.00113505265,4.880399,-0.0213317871,-0.0158996582,0.05954111,2.648622E-05,-8.027208E-05,0.00123981829,-0.00203728676,-0.001955995,1.06837356,0.117106341,-0.140563965,0.04000163,0.00387964654,0.043957226,0.00129825494,-0.00194349885,-0.00250447332,1.04814172,-0.07293701,-0.117858887,0.0340901427,0.00075391226,0.0354000442,-0.5500161,2.13215256,2.73881,3.51421022
698,13.959995053854875,4226,0,0,0,0,0,-0.000115080817,0,-0.000901585736,-0.000115080817,0,-0.000901585736,1,0,0,1,2.3016155E-06,-5.94556332E-06,1.80317074E-05,0,0,0,-0.000533998245,-0.00148132443,-0.000220032118,-0.151092529,0.008077589,0.0461089574,0.00180904358,-0.0001798194,0.00249959785,0.000290637079,3.42130661E-05,-0.000832179445,0.02129324,0.01903722,0.122743167,-0.004231585,-0.000348334957,-0.00157354691,-2.4167246E-05,7.504225E-05,-0.0007267462,0.001651425,-0.00451660156,-0.0113830566,-0.00445540948,-0.000131341963,-0.000130334825,5.929172E-05,0.00250828266,0.0011139717,4.90404654,0.0599845164,0.156819344,0.0574667156,0.0002557622,-0.000381107064,1.13669448E-05,0.002524808,0.00113506941,4.880399,-0.0213317871,-0.0158996582,0.0595418774,2.91367469E-05,-7.484412E-05,0.00124105485,-0.00203217566,-0.001956951,1.06839609,0.117095657,-0.140563965,0.0400222242,0.003875564,0.0439630672,0.00129868835,-0.00194457173,-0.00250410265,1.04814661,-0.07293701,-0.117858887,0.0340808,0.000753735658,0.03540851,-0.550016165,2.1321528,2.73881,3.51421022
699,13.979995046768707,4232,0,0,0,0,0,-5.77823375E-05,0,-0.000901528168,-5.77823375E-05,0,-0.000901528168,1,0,0,1,1.15564626E-06,0,1.8030556E-05,0,0,0,-0.0005369195,-0.00147557259,-0.000220046408,-0.151092529,0.008077266,0.046112895,0.00180834869,-0.000180585426,0.00250360346,0.000288045121,4.35560942E-05,-0.000834962,0.021276582,0.01903626,0.122733139,-0.00424668239,-0.000350794842,-0.00158842409,-2.673321E-05,8.42511654E-05,-0.00072658225,0.00165310653,-0.00451660156,-0.0113830566,-0.004453406,-0.0001337901,-0.000145180238,5.92538854E-05,0.00251330435,0.00111443,4.90414429,0.0599831156,0.156821772,0.05755196,0.000255328952,-0.0003859776,1.15398843E-05,0.002529487,0.00113504357,4.880399,-0.0213317871,-0.0158996582,0.0595411062,2.65478E-05,-8.024365E-05,0.0012406446,-0.00203478336,-0.001953444,1.06832647,0.117094949,-0.140594482,0.03997828,0.003872105,0.0439496636,0.00129818486,-0.00194349885,-0.00250448356,1.04814208,-0.07293701,-0.117858887,0.03409,0.0007539771,0.035399273,-0.5500161,2.13215256,2.73881,3.51421022
700,13.999995039682538,4238,0,0,0,0,0,-0.000115093419,0,-0.00090158754,-0.000115093419,0,-0.00090158754,1,0,0,1,2.30186743E-06,-5.94556332E-06,1.80317438E-05,0,0,0,-0.000534020248,-0.00148133934,-0.000220042217,-0.151092529,0.008077911,0.046108935,0.001809176,-0.000179320035,0.00249977,0.000290715019,3.41683626E-05,-0.0008295633,0.0212887973,0.019037595,0.122743063,-0.00421825331,-0.000348033558,-0.00157411711,-2.42233746E-05,7.496774E-05,-0.00072672707,0.00165123458,-0.00451660156,-0.0113830566,-0.004455537,-0.000130910819,-0.000130230314,5.98050829E-05,0.00250485539,0.00111379335,4.904021,0.05998201,0.156818777,0.0573828854,0.0002575859,-0.000382105965,1.11674881E-05,0.002524808,0.00113504787,4.880399,-0.0213317871,-0.0158996582,0.0595417134,2.83923528E-05,-7.449991E-05,0.001241065,-0.00203751028,-0.0019592864,1.06836307,0.117098644,-0.140563965,0.04004513,0.00388402352,0.04399278,0.00129882491,-0.00194455683,-0.0025040966,1.04814613,-0.07293701,-0.117828369,0.0340816341,0.000753591245,0.03541024,-0.550016165,2.1321528,2.73881,3.51421022
701,14.019995032596372,4244,0,0,0,0,0,-5.778925E-05,0,-0.0009016574,-5.778925E-05,0,-0.0009016574,1,0,0,1,1.1557845E-06,1.49011612E-08,1.803314E-05,0,0,0,-0.000536867767,-0.00147552788,-0.000220027345,-0.151092529,0.008077189,0.04611289,0.001808317,-0.000181107665,0.00250337,0.000288192328,4.36007977E-05,-0.000830573554,0.0212988369,0.01903593,0.122732528,-0.00422528246,-0.000351481984,-0.00158880965,-2.67283649E-05,8.428097E-05,-0.000726627535,0.001653305,-0.00451660156,-0.0113830566,-0.00445328327,-0.000134778733,-0.000144853271,5.904427E-05,0.00251270831,0.00111366331,4.904028,0.05998106,0.1568213,0.05746083,0.000256816536,-0.000384883431,1.14721E-05,0.00252944231,0.00113502541,4.880399,-0.0213317871,-0.0158996582,0.05954116,2.5928226E-05,-8.010917E-05,0.00123935682,-0.00203464925,-0.001956897,1.06838763,0.1171101,-0.140563965,0.0400205143,0.00387982861,0.0439499877,0.00129819661,-0.00194352865,-0.0025044647,1.0481416,-0.07293701,-0.117858887,0.03409013,0.000753890432,0.03539881,-0.5500161,2.13215256,2.73881,3.51421022
702,14.039995025510203,4249,0,0,0,0,0,-0.00011507859,0,-0.000901529333,-0.00011507859,0,-0.000901529333,1,0,0,1,2.301571E-06,-5.96046448E-06,1.803058E-05,0,0,0,-0.0005340557,-0.00148130953,-0.000220047659,-0.151092529,0.008077216,0.0461093336,0.00180903019,-0.00017989098,0.00249896059,0.000290513184,3.41981649E-05,-0.0008354886,0.0212826356,0.0190369133,0.122743383,-0.004248093,-0.000348364119,-0.00157293468,-2.418584E-05,7.50124454E-05,-0.000726722647,0.00165146939,-0.00451660156,-0.0113830566,-0.004455266,-0.000131343244,-0.000130248285,5.88798866E-05,0.002508074,0.00111473538,4.904129,0.0599853434,0.156821132,0.0575543828,0.0002554348,-0.000380431418,1.13435053E-05,0.002524823,0.00113508455,4.880399,-0.0213317871,-0.0158996582,0.0595418364,2.83959853E-05,-7.486297E-05,0.00124097511,-0.00203336775,-0.00195300078,1.06833065,0.117094405,-0.140563965,0.039967265,0.00386958965,0.0439429879,0.00129885878,-0.00194448233,-0.00250406587,1.04814577,-0.07293701,-0.117858887,0.0340805054,0.000753608532,0.0354111157,-0.550016165,2.1321528,2.73881,3.51421022
703,14.059995018424036,4255,0,0,0,0,0,-5.778518E-05,0,-0.0009014435,-5.778518E-05,0,-0.0009014435,1,0,0,1,1.1557031E-06,1.49011612E-08,1.80288625E-05,0,0,0,-0.0005370135,-0.00147557259,-0.000220075162,-0.151092529,0.008077437,0.046113532,0.00180826208,-0.00017997688,0.00250348239,0.000287980336,4.36157E-05,-0.0008360566,0.0212571491,0.0190365445,0.122733295,-0.00425175624,-0.000350274582,-0.0015883767,-2.67874384E-05,8.431077E-05,-0.0007265358,0.00165306067,-0.00451660156,-0.0113830566,-0.004453468,-0.00013312207,-0.00014518328,5.93074728E-05,0.002515778,0.00111430336,4.904211,0.0599829964,0.156821221,0.0575551838,0.000252705475,-0.000386407541,1.15664634E-05,0.00252945721,0.00113504659,4.880399,-0.0213317871,-0.0158996582,0.05954097,2.72170328E-05,-8.04351439E-05,0.00124189525,-0.00203117728,-0.00195470313,1.068276,0.117075779,-0.140594482,0.040011473,0.003870103,0.0439693332,0.00129827985,-0.00194351375,-0.00250446843,1.04814112,-0.07293701,-0.117858887,0.0340901054,0.000753879,0.0354003049,-0.5500161,2.13215256,2.73881,3.51421022
704,14.079995011337868,4261,0,0,0,0,0,-0.000115115196,0,-0.0009014565,-0.000115115196,0,-0.0009014565,1,0,0,1,2.302303E-06,-5.94556332E-06,1.80291227E-05,0,0,0,-0.00053407473,-0.00148132443,-0.000220050919,-0.151092529,0.008078567,0.0461094864,0.00180905813,-0.000178905218,0.002499685,0.0002908237,3.41832638E-05,-0.0008335275,0.02124638,0.0190380961,0.122742318,-0.004237633,-0.0003477554,-0.00157494727,-2.42308415E-05,7.498264E-05,-0.000726726139,0.00165111653,-0.00451660156,-0.0113830566,-0.0044558146,-0.000130268352,-0.0001304725,6.04438137E-05,0.00250649452,0.00111220381,4.904181,0.0599804074,0.156816736,0.05746637,0.000257249922,-0.00038351916,1.12401522E-05,0.002524823,0.00113506219,4.880399,-0.0213317871,-0.0158996582,0.0595418774,2.9824696E-05,-7.463697E-05,0.0012428367,-0.00203728676,-0.00195804751,1.06826568,0.117075674,-0.140563965,0.04004699,0.003879592,0.044018127,0.00129868789,-0.00194463134,-0.002504114,1.04814625,-0.07293701,-0.117828369,0.0340811834,0.000753787637,0.0354086347,-0.550016165,2.1321528,2.73881,3.51421022
705,14.0999950042517,4266,0,0,0,0,0,-5.7811234E-05,0,-0.00090150343,-5.7811234E-05,0,-0.00090150343,1,0,0,1,1.15622424E-06,0,1.80300613E-05,0,0,0,-0.0005369411,-0.00147557259,-0.00022005038,-0.151092529,0.008078677,0.0461133048,0.00180825486,-0.00018027371,0.002503612,0.0002883973,4.36157E-05,-0.0008321084,0.021244172,0.0190371554,0.122729979,-0.00423221337,-0.0003507465,-0.00159031246,-2.67741616E-05,8.431077E-05,-0.0007266046,0.00165287917,-0.00451660156,-0.0113830566,-0.004453674,-0.00013371557,-0.000145098689,6.01427164E-05,0.002513364,0.00111110683,4.90416145,0.0599782541,0.15681617,0.0574591868,0.000256435276,-0.00038716814,1.13310016E-05,0.00252944231,0.00113504392,4.880399,-0.0213317871,-0.0158996582,0.05954119,2.64702448E-05,-7.980977E-05,0.00124167779,-0.00203546882,-0.00195909478,1.06830776,0.117083661,-0.140563965,0.0400676727,0.00388171035,0.0440062173,0.00129811023,-0.00194357336,-0.00250446214,1.04814112,-0.07293701,-0.117858887,0.03408966,0.0007539687,0.0353978276,-0.5500161,2.13215256,2.73881,3.51421022
706,14.119994997165533,4272,0,0,0,0,0,-0.000115101604,0,-0.0009014984,-0.000115101604,0,-0.0009014984,1,0,0,1,2.30203113E-06,-5.96046448E-06,1.80299612E-05,0,0,0,-0.000534037768,-0.00148133934,-0.000220043978,-0.151092529,0.008079173,0.0461094342,0.00180904113,-0.000179485534,0.00249970681,0.0002908788,3.41981649E-05,-0.000832600635,0.0212422758,0.0190382246,0.122738674,-0.00423334446,-0.000348195375,-0.00157497334,-2.42677925E-05,7.50124454E-05,-0.000726743368,0.00165110908,-0.00451660156,-0.0113830566,-0.00445561437,-0.000131109438,-0.000130046115,6.007369E-05,0.00250694156,0.00111120474,4.904142,0.05998016,0.156813145,0.0574609526,0.000258251355,-0.000382286351,1.1179668E-05,0.002524808,0.001135063,4.880399,-0.0213317871,-0.0158996582,0.0595418438,2.83487934E-05,-7.465479E-05,0.0012416942,-0.00203597546,-0.00195832131,1.06833959,0.117087267,-0.140533447,0.04004553,0.00388037926,0.04399641,0.00129877776,-0.00194458663,-0.00250403234,1.04814637,-0.07293701,-0.117858887,0.034080565,0.0007537516,0.03541001,-0.550016165,2.1321528,2.73881,3.51421022
707,14.139994990079364,4278,0,0,0,0,0,-5.779584E-05,0,-0.0009015209,-5.779584E-05,0,-0.0009015209,1,0,0,1,1.15591638E-06,1.49011612E-08,1.803041E-05,0,0,0,-0.0005369255,-0.00147557259,-0.000220049988,-0.151092529,0.008079061,0.0461132638,0.00180841715,-0.000180370058,0.002503616,0.000288171781,4.35858965E-05,-0.000831721234,0.0212430637,0.0190374125,0.1227276,-0.00423032837,-0.000350658578,-0.00158916309,-2.681868E-05,8.428097E-05,-0.0007265704,0.00165279058,-0.00451660156,-0.0113830566,-0.00445347372,-0.00013387081,-0.0001448566,5.933487E-05,0.002512917,0.00111218868,4.904126,0.05997964,0.15681453,0.0574609,0.000256643078,-0.000385635474,1.13227143E-05,0.002529487,0.001135036,4.880399,-0.0213317871,-0.0158996582,0.05954105,2.65559484E-05,-7.992758E-05,0.00124027871,-0.00203494728,-0.00195784424,1.06837094,0.117094912,-0.140533447,0.04003955,0.0038806845,0.0439724177,0.00129831419,-0.00194342434,-0.00250456342,1.04814017,-0.07293701,-0.117858887,0.03409109,0.000753621745,0.0354001932,-0.5500161,2.13215256,2.73881,3.51421022
708,14.159994982993197,4285,0,0,0,0,0,-0.000115096191,0,-0.000901523861,-0.000115096191,0,-0.000901523861,1,0,0,1,2.301923E-06,-5.94556332E-06,1.803047E-05,0,0,0,-0.0005340118,-0.00148133934,-0.000220046117,-0.151092529,0.008079531,0.0461091921,0.00180906337,-0.00017951458,0.00249962788,0.000290603755,3.41683626E-05,-0.0008320522,0.02124453,0.01903866,0.122737631,-0.00423064036,-0.00034811793,-0.00157359091,-2.42648075E-05,7.498264E-05,-0.0007267637,0.001650942,-0.00451660156,-0.0113830566,-0.00445572333,-0.0001311965,-0.000130049826,5.90492818E-05,0.00250700116,0.00111318845,4.90411329,0.05998256,0.1568128,0.0574646071,0.000257279375,-0.0003804155,1.12125908E-05,0.002524823,0.00113503728,4.880399,-0.0213317871,-0.0158996582,0.05954188,2.80393779E-05,-7.47530357E-05,0.00124070514,-0.00203488767,-0.001956942,1.06839108,0.11709211,-0.140533447,0.0400199965,0.00387823558,0.04396791,0.00129882619,-0.00194460154,-0.00250396016,1.04814827,-0.07293701,-0.117858887,0.034080442,0.000753900269,0.03541114,-0.5500161,2.1321528,2.73881,3.51421022
709,14.179994975907029,4290,0,0,0,0,0,-5.780571E-05,0,-0.000901560648,-5.780571E-05,0,-0.000901560648,1,0,0,1,1.15611374E-06,0,1.80312054E-05,0,0,0,-0.000536925334,-0.00147558749,-0.000220048882,-0.151092529,0.008079349,0.04611294,0.00180827419,-0.0001804138,0.00250365632,0.000288142182,4.35858965E-05,-0.000831131765,0.0212486647,0.0190377347,0.122728452,-0.004227477,-0.0003507633,-0.0015889483,-2.67738324E-05,8.426607E-05,-0.0007265432,0.00165282527,-0.00451660156,-0.0113830566,-0.004453298,-0.000134064889,-0.000145017417,5.86918068E-05,0.00251299143,0.00111414527,4.904104,0.05998191,0.1568162,0.0574643128,0.000256496918,-0.000383907231,1.13162314E-05,0.00252944231,0.00113510457,4.880399,-0.0213317871,-0.0158996582,0.05954113,2.67956621E-05,-7.976547E-05,0.00123956357,-0.00203412771,-0.00195685122,1.06840169,0.117100686,-0.140533447,0.04002232,0.00387909031,0.0439519919,0.0012981235,-0.00194352865,-0.00250453618,1.04813933,-0.07293701,-0.117858887,0.03408962,0.000753812958,0.0353978463,-0.5500161,2.13215256,2.73881,3.51421022
710,14.199994968820862,4296,0,0,0,0,0,-0.000115070907,0,-0.0009015563,-0.000115070907,0,-0.0009015563,1,0,0,1,2.30141723E-06,-5.94556332E-06,1.80311181E-05,0,0,0,-0.000534034567,-0.00148133934,-0.000220043963,-0.151092529,0.00807957351,0.0461091362,0.0018092,-0.000179679584,0.002499169,0.0002902278,3.41683626E-05,-0.0008316227,0.0212526266,0.01903875,0.1227395,-0.00422864128,-0.000348358677,-0.00157162617,-2.42465867E-05,7.49975443E-05,-0.0007267681,0.00165101944,-0.00451660156,-0.0113830566,-0.00445564557,-0.000131446825,-0.000130053668,5.88473777E-05,0.00250655413,0.00111465,4.9040966,0.0599844158,0.156816259,0.0574672222,0.000256527244,-0.000381168938,1.12274374E-05,0.00252486765,0.00113503577,4.880399,-0.0213317871,-0.0158996582,0.0595418,2.81040175E-05,-7.473913E-05,0.00124049187,-0.0020352453,-0.0019560284,1.06840229,0.1170949,-0.140563965,0.0400032923,0.00387713523,0.0439591035,0.00129883934,-0.00194445252,-0.00250408822,1.04814744,-0.07293701,-0.117828369,0.0340817161,0.0007538471,0.03541159,-0.550016165,2.1321528,2.73881,3.51421022
711,14.219994961734693,4302,0,0,0,0,0,-5.77816863E-05,0,-0.00090158137,-5.77816863E-05,0,-0.00090158137,1,0,0,1,1.1556333E-06,0,1.803162E-05,0,0,0,-0.000536936452,-0.00147557259,-0.000220043017,-0.151092529,0.008079204,0.04611314,0.00180830876,-0.0001807271,0.00250340858,0.000287878123,4.35858965E-05,-0.0008308912,0.021258356,0.019037595,0.122730494,-0.004226414,-0.000350993942,-0.00158754922,-2.67660544E-05,8.428097E-05,-0.0007265778,0.00165283273,-0.00451660156,-0.0113830566,-0.00445336476,-0.0001342648,-0.000144974183,5.867742E-05,0.00251300633,0.00111506414,4.904091,0.05998329,0.1568186,0.0574659854,0.000255861756,-0.000384856539,1.13452415E-05,0.00252944231,0.00113505148,4.880399,-0.0213317871,-0.0158996582,0.05954109,2.620634E-05,-7.985685E-05,0.00123972609,-0.002033949,-0.00195640279,1.06840312,0.117099993,-0.140563965,0.0400150865,0.00387786375,0.0439499877,0.001298192,-0.00194357336,-0.00250444235,1.04814172,-0.07293701,-0.117858887,0.0340897366,0.000753841538,0.0353985056,-0.5500161,2.13215256,2.73881,3.51421022
712,14.239994954648525,4308,0,0,0,0,0,-0.0001150664,0,-0.0009015725,-0.0001150664,0,-0.0009015725,1,0,0,1,2.30132719E-06,-5.96046448E-06,1.80314437E-05,0,0,0,-0.0005340549,-0.00148135424,-0.000220039175,-0.151092529,0.008079235,0.04610933,0.00180911412,-0.000179871291,0.00249911,0.000290304015,3.41981649E-05,-0.00083160447,0.0212625768,0.0190383922,0.122741356,-0.00422865059,-0.0003485257,-0.00157192943,-2.418847E-05,7.49975443E-05,-0.00072673423,0.00165117043,-0.00451660156,-0.0113830566,-0.00445540249,-0.000131544963,-0.000130277316,5.91348471E-05,0.00250712037,0.00111482653,4.904085,0.0599848963,0.156817451,0.05746751,0.000256902771,-0.000381728722,1.11664776E-05,0.002524823,0.00113508909,4.880399,-0.0213317871,-0.0158996582,0.0595418662,2.877917E-05,-7.438647E-05,0.001240704,-0.00203432143,-0.0019563206,1.06839991,0.117096975,-0.140563965,0.0400108136,0.003876643,0.04396159,0.0012986518,-0.00194451213,-0.00250407914,1.04814589,-0.07293701,-0.117858887,0.0340802,0.000753771863,0.0354081467,-0.550016165,2.1321528,2.73881,3.51421022
713,14.259994947562358,4314,0,0,0,0,0,-5.777167E-05,0,-0.0009015843,-5.777167E-05,0,-0.0009015843,1,0,0,1,1.155433E-06,1.49011612E-08,1.80316783E-05,0,0,0,-0.0005369457,-0.00147557259,-0.000220041169,-0.151092529,0.008078788,0.0461132526,0.00180821889,-0.00018080388,0.002503637,0.0002880221,4.35858965E-05,-0.000831104466,0.02126738,0.01903728,0.122731417,-0.004227497,-0.0003509601,-0.00158825517,-2.67467276E-05,8.428097E-05,-0.000726573751,0.00165296125,-0.00451660156,-0.0113830566,-0.0044533303,-0.000134202812,-0.00014505857,5.89829433E-05,0.00251299143,0.00111466413,4.90408,0.05998342,0.156818628,0.0574654974,0.0002557459,-0.000385270541,1.13394926E-05,0.00252945721,0.0011350686,4.880399,-0.0213317871,-0.0158996582,0.0595410727,2.60833567E-05,-7.978005E-05,0.00124008558,-0.00203415751,-0.00195651571,1.068402,0.117101461,-0.140563965,0.0400181748,0.00387782836,0.0439571477,0.00129814772,-0.00194352865,-0.00250447984,1.04814065,-0.07293701,-0.117858887,0.0340899155,0.0007540718,0.03539905,-0.5500161,2.13215256,2.73881,3.51421022
714,14.27999494047619,4320,0,0,0,0,0,-0.0001150755,0,-0.0009015992,-0.0001150755,0,-0.0009015992,1,0,0,1,2.301509E-06,-5.96046448E-06,1.80319767E-05,0,0,0,-0.0005340174,-0.00148133934,-0.0002200352,-0.151092529,0.008078894,0.04610921,0.00180910958,-0.000179805938,0.00249959948,0.000290576048,3.412366E-05,-0.0008314428,0.0212720688,0.01903819,0.122742221,-0.00422784872,-0.000348436763,-0.00157329382,-2.42420374E-05,7.493794E-05,-0.0007267344,0.00165124179,-0.00451660156,-0.0113830566,-0.00445541926,-0.000131441411,-0.000130013432,5.911554E-05,0.00250452757,0.00111535517,4.904076,0.05998419,0.156819269,0.0574682467,0.00025734253,-0.000380734331,1.12533553E-05,0.002524823,0.00113506,4.880399,-0.0213317871,-0.0158996582,0.0595418178,2.8539489E-05,-7.479051E-05,0.0012402935,-0.00203873217,-0.00195507961,1.068365,0.117102,-0.140563965,0.0399817973,0.00387843233,0.04395959,0.00129883573,-0.00194457173,-0.00250407332,1.04814482,-0.07293701,-0.117858887,0.0340812057,0.00075356703,0.03541018,-0.550016165,2.1321528,2.73881,3.51421022
715,14.299994933390023,4326,0,0,0,0,0,-5.777365E-05,0,-0.0009015963,-5.777365E-05,0,-0.0009015963,1,0,0,1,1.15547255E-06,1.49011612E-08,1.80319184E-05,0,0,0,-0.000536912,-0.00147555768,-0.000220039292,-0.151092529,0.008078397,0.04611309,0.00180821191,-0.000180830888,0.002503516,0.0002879501,4.36455E-05,-0.000831126643,0.0212771483,0.0190370791,0.122732937,-0.004227684,-0.000350994436,-0.00158784958,-2.673458E-05,8.432567E-05,-0.0007265802,0.00165304285,-0.00451660156,-0.0113830566,-0.004453316,-0.000134255257,-0.000145076017,5.90619638E-05,0.00251482427,0.00111500279,4.90407276,0.0599844046,0.156821564,0.0574664064,0.000254819577,-0.0003857281,1.13779315E-05,0.002529472,0.0011350736,4.8803997,-0.0213317871,-0.0158996582,0.0595410876,2.607935E-05,-7.985103E-05,0.00124030351,-0.00203074515,-0.001957081,1.06839383,0.117099516,-0.140563965,0.0400322862,0.00387582928,0.0439535119,0.00129818777,-0.00194351375,-0.002504498,1.04814231,-0.07293701,-0.117858887,0.0340902247,0.000754021,0.0353996158,-0.5500161,2.13215256,2.73881,3.51421022
716,14.319994926303854,4333,0,0,0,0,0,-0.000115061353,0,-0.000901597668,-0.000115061353,0,-0.000901597668,1,0,0,1,2.30122623E-06,-5.96046448E-06,1.80319457E-05,0,0,0,-0.000533999468,-0.00148133934,-0.000220030561,-0.151092529,0.008078464,0.0461090356,0.00180902414,-0.000179903815,0.0024995713,0.00029044188,3.412366E-05,-0.000831659359,0.02128085,0.01903782,0.12274278,-0.00422898633,-0.000348580739,-0.00157258776,-2.42276583E-05,7.493794E-05,-0.0007267635,0.00165126,-0.00451660156,-0.0113830566,-0.00445550773,-0.000131495966,-0.000130043263,5.923946E-05,0.002504617,0.00111494935,4.904069,0.0599838234,0.156819358,0.05746776,0.000257007952,-0.0003816271,1.12768867E-05,0.00252485275,0.00113503262,4.880399,-0.0213317871,-0.0158996582,0.05954181,2.83482914E-05,-7.481886E-05,0.00124060176,-0.002038613,-0.001955232,1.06835616,0.117099285,-0.140563965,0.03998473,0.003878188,0.043964304,0.00129885576,-0.001944527,-0.002504017,1.048147,-0.07293701,-0.117858887,0.0340807363,0.00075363525,0.0354106463,-0.550016165,2.1321528,2.73881,3.51421022
717,14.339994919217686,4340,0,0,0,0,0,-5.77761275E-05,0,-0.000901594,-5.77761275E-05,0,-0.000901594,1,0,0,1,1.15552211E-06,1.49011612E-08,1.8031873E-05,0,0,0,-0.0005369042,-0.00147555768,-0.000220043323,-0.151092529,0.00807794649,0.0461128354,0.00180820213,-0.0001807744,0.00250357366,0.0002879999,4.36604023E-05,-0.0008313848,0.0212846138,0.01903662,0.122733288,-0.00422901334,-0.0003510608,-0.00158807368,-2.67463074E-05,8.435547E-05,-0.000726590049,0.00165302365,-0.00451660156,-0.0113830566,-0.00445332332,-0.000134242116,-0.0001449879,5.92062352E-05,0.002515331,0.00111440034,4.904065,0.0599836074,0.156821579,0.05746547,0.0002547597,-0.000385980966,1.1369716E-05,0.00252945721,0.00113504753,4.880399,-0.0213317871,-0.0158996582,0.0595411249,2.61997138E-05,-7.986594E-05,0.00124049769,-0.0020300746,-0.00195753388,1.06839156,0.117097311,-0.140563965,0.0400416553,0.00387584046,0.04395766,0.00129824085,-0.00194345415,-0.00250443141,1.0481416,-0.07293701,-0.117858887,0.03408926,0.0007538909,0.03539981,-0.5500161,2.13215256,2.73881,3.51421022
718,14.359994912131519,4347,0,0,0,0,0,-0.000115082366,0,-0.000901588646,-0.000115082366,0,-0.000901588646,1,0,0,1,2.30164642E-06,-5.96046448E-06,1.80317656E-05,0,0,0,-0.000534003135,-0.00148133934,-0.000220028523,-0.151092529,0.008078116,0.046108827,0.00180918782,-0.000179773589,0.002499717,0.000290698837,3.413856E-05,-0.000831912039,0.0212868564,0.01903742,0.1227434,-0.00423023757,-0.000348511821,-0.00157386577,-2.41820726E-05,7.495284E-05,-0.0007267502,0.00165125181,-0.00451660156,-0.0113830566,-0.004455442,-0.000131415742,-0.00013026275,5.95312777E-05,0.00250466168,0.00111426634,4.90406036,0.0599834472,0.156819642,0.057466615,0.000257526524,-0.000381500169,1.11160034E-05,0.00252483785,0.00113507651,4.880399,-0.0213317871,-0.0158996582,0.0595418923,2.85283841E-05,-7.423782E-05,0.00124074984,-0.002038613,-0.00195566518,1.068358,0.117099859,-0.140563965,0.0399911441,0.00387878157,0.0439689457,0.00129859638,-0.00194455683,-0.00250406866,1.04814756,-0.07293701,-0.117828369,0.0340804234,0.000754011,0.0354080722,-0.550016165,2.1321528,2.73881,3.51421022
719,14.379994905045351,4354,0,0,0,0,0,-5.77864739E-05,0,-0.000901589752,-5.77864739E-05,0,-0.000901589752,1,0,0,1,1.155729E-06,1.49011612E-08,1.80317875E-05,0,0,0,-0.000536906766,-0.00147557259,-0.000220050642,-0.151092529,0.008077605,0.0461128354,0.00180841156,-0.000180822259,0.0025034037,0.000288128358,4.36455E-05,-0.000831559242,0.0212895684,0.019036239,0.122733042,-0.00422989437,-0.000351040624,-0.00158868707,-2.67699979E-05,8.432567E-05,-0.0007265623,0.001653134,-0.00451660156,-0.0113830566,-0.00445317151,-0.000134217771,-0.000144847232,5.92695178E-05,0.00251473486,0.0011139753,4.904056,0.05998255,0.156821072,0.0574648529,0.00025509423,-0.00038573693,1.12603884E-05,0.00252941251,0.001135051,4.8803997,-0.0213317871,-0.0158996582,0.05954101,2.61489386E-05,-7.964349E-05,0.001240286,-0.00203104317,-0.00195741141,1.06839347,0.117099449,-0.140563965,0.0400382727,0.00387672731,0.04395731,0.00129816087,-0.00194361806,-0.00250454131,1.04813838,-0.07293701,-0.117858887,0.0340905078,0.00075371674,0.0353978723,-0.5500161,2.13215256,2.73881,3.51421022
720,14.399994897959184,4361,0,0,0,0,0,-0.000115084506,0,-0.000901594758,-0.000115084506,0,-0.000901594758,1,0,0,1,2.30168916E-06,-5.96046448E-06,1.80318875E-05,0,0,0,-0.000534051331,-0.00148130953,-0.000220040121,-0.151092529,0.008077667,0.0461091176,0.00180906989,-0.000179927039,0.00249883486,0.00029070882,3.415346E-05,-0.000831977231,0.0212914832,0.0190370157,0.122743145,-0.00423062732,-0.0003485203,-0.00157386716,-2.42457754E-05,7.493794E-05,-0.000726773,0.00165128126,-0.00451660156,-0.0113830566,-0.004455495,-0.00013149422,-0.0001298986,5.94763223E-05,0.00250457227,0.0011142568,4.904052,0.0599832758,0.156819418,0.0574667938,0.000257673615,-0.000381319463,1.11079617E-05,0.00252485275,0.001135049,4.880399,-0.0213317871,-0.0158996582,0.0595418438,2.74958E-05,-7.447127E-05,0.00124056754,-0.002038598,-0.00195544143,1.06836319,0.117101565,-0.140563965,0.0399868265,0.00387858,0.0439643934,0.00129896472,-0.00194454193,-0.00250401814,1.04814732,-0.07293701,-0.117858887,0.0340820327,0.000753680768,0.0354125239,-0.550016165,2.1321528,2.73881,3.51421022
721,14.419994890873015,4368,0,0,0,0,0,-5.77839273E-05,0,-0.0009015963,-5.77839273E-05,0,-0.0009015963,1,0,0,1,1.15567809E-06,1.49011612E-08,1.80319184E-05,0,0,0,-0.0005369838,-0.00147557259,-0.000220043818,-0.151092529,0.008077135,0.0461132638,0.00180819875,-0.000180830015,0.00250289217,0.000288078038,4.36604023E-05,-0.0008315719,0.0212941933,0.0190358423,0.122733273,-0.00423002057,-0.000351027033,-0.00158840988,-2.67381038E-05,8.434057E-05,-0.000726581842,0.00165309617,-0.00451660156,-0.0113830566,-0.0044532204,-0.000134293528,-0.000144977443,5.93663135E-05,0.002515331,0.00111399987,4.90404749,0.0599831,0.156821415,0.0574648865,0.000255140476,-0.000386152533,1.14136528E-05,0.00252945721,0.00113506068,4.8803997,-0.0213317871,-0.0158996582,0.0595411472,2.67484411E-05,-7.992886E-05,0.00124037219,-0.0020300597,-0.00195762469,1.06839991,0.11710114,-0.140563965,0.04004155,0.00387610239,0.04395548,0.00129804038,-0.001943469,-0.00250451476,1.04814136,-0.07293701,-0.117858887,0.03408932,0.000754045264,0.0353973322,-0.5500161,2.13215256,2.73881,3.51421022
722,14.439994883786847,4374,0,0,0,0,0,-0.000115062947,0,-0.0009015172,-0.000115062947,0,-0.0009015172,1,0,0,1,2.301258E-06,-5.96046448E-06,1.80303377E-05,0,0,0,-0.0005340754,-0.00148133934,-0.000220033253,-0.151092529,0.008077471,0.04610932,0.00180902472,-0.00017959025,0.00249994663,0.0002906703,3.413856E-05,-0.0008356239,0.0212761983,0.0190370679,0.122743025,-0.004248578,-0.000348129543,-0.00157387555,-2.426098E-05,7.495284E-05,-0.000726728,0.00165121665,-0.00451660156,-0.0113830566,-0.0044554607,-0.000130957385,-0.000130020635,5.93349869E-05,0.002506286,0.00111422094,4.904145,0.05998395,0.156819418,0.0575534441,0.000255710183,-0.0003811644,1.1348603E-05,0.00252485275,0.00113504136,4.880399,-0.0213317871,-0.0158996582,0.05954173,2.85553033E-05,-7.510281E-05,0.0012414098,-0.00203697383,-0.00195295271,1.068315,0.117088735,-0.140594482,0.03996209,0.00387182645,0.0439599343,0.00129904738,-0.001944527,-0.00250405259,1.04814565,-0.07293701,-0.117858887,0.03408176,0.0007532859,0.0354124345,-0.550016165,2.1321528,2.73881,3.51421022
723,14.45999487670068,4380,0,0,0,0,0,-5.78038234E-05,0,-0.0009015981,-5.78038234E-05,0,-0.0009015981,1,0,0,1,1.156076E-06,1.49011612E-08,1.80319548E-05,0,0,0,-0.000536945,-0.00147557259,-0.000220047586,-0.151092529,0.008077492,0.04611332,0.00180848525,-0.000180270261,0.00250286167,0.0002881176,4.35858965E-05,-0.000828931865,0.02128958,0.0190363042,0.122732751,-0.004216508,-0.000350621383,-0.001588817,-2.67323558E-05,8.426607E-05,-0.000726571539,0.00165291689,-0.00451660156,-0.0113830566,-0.00445343833,-0.000133736234,-0.000145215017,5.95756828E-05,0.00251179934,0.00111380976,4.904022,0.0599800423,0.156820819,0.057380978,0.00025680472,-0.00038646927,1.14353224E-05,0.00252939761,0.00113505742,4.880399,-0.0213317871,-0.0158996582,0.0595410764,2.65804483E-05,-7.99763438E-05,0.00124029163,-0.00203563273,-0.00195992342,1.06836557,0.117102928,-0.140563965,0.04006326,0.00388487685,0.0439848229,0.0012981873,-0.00194364786,-0.002504465,1.04813957,-0.07293701,-0.117858887,0.03408989,0.000753981934,0.0353991836,-0.5500161,2.13215256,2.73881,3.51421022
724,14.479994869614512,4385,0,0,0,0,0,-0.000115079274,0,-0.0009016385,-0.000115079274,0,-0.0009016385,1,0,0,1,2.30158457E-06,-5.96046448E-06,1.80327625E-05,0,0,0,-0.0005340383,-0.00148135424,-0.000220038186,-0.151092529,0.008077372,0.0461093,0.00180907629,-0.000180109448,0.00249897572,0.000290723081,3.415346E-05,-0.000831259647,0.0212982316,0.01903681,0.122742906,-0.004227269,-0.000348783331,-0.00157378591,-2.41645139E-05,7.495284E-05,-0.00072677905,0.001651404,-0.00451660156,-0.0113830566,-0.00445537269,-0.000131863344,-0.0001301569,5.93229452E-05,0.00250574946,0.00111351884,4.90402842,0.0599829741,0.156819746,0.05746258,0.000258166227,-0.0003808454,1.13226815E-05,0.00252483785,0.00113508687,4.880399,-0.0213317871,-0.0158996582,0.0595420226,2.87039838E-05,-7.475522E-05,0.00124025636,-0.00203660131,-0.00195628172,1.06837976,0.117107347,-0.140563965,0.04000272,0.00387889287,0.0439597033,0.00129873515,-0.00194455683,-0.00250404235,1.04814541,-0.07293701,-0.117858887,0.0340804532,0.0007537611,0.03540915,-0.550016165,2.1321528,2.73881,3.51421022
725,14.499994862528345,4391,0,0,0,0,0,-5.77691244E-05,0,-0.0009015468,-5.77691244E-05,0,-0.0009015468,1,0,0,1,1.155382E-06,1.49011612E-08,1.80309289E-05,0,0,0,-0.00053695665,-0.00147560239,-0.000220042246,-0.151092529,0.008076924,0.0461131744,0.00180830027,-0.000180739342,0.00250353664,0.0002879905,4.36007977E-05,-0.000834847451,0.0212832857,0.0190359075,0.1227328,-0.0042462144,-0.000350797258,-0.00158809,-2.67398646E-05,8.428097E-05,-0.000726562634,0.001653046,-0.00451660156,-0.0113830566,-0.00445322832,-0.000133954323,-0.000145081416,5.862439E-05,0.002515018,0.00111483771,4.90413046,0.0599836744,0.156821951,0.05755268,0.000254191516,-0.000384520245,1.14730556E-05,0.002529487,0.0011350197,4.880399,-0.0213317871,-0.0158996582,0.0595409237,2.62587873E-05,-8.01013448E-05,0.001240215,-0.0020314455,-0.001953632,1.06833291,0.117097817,-0.140594482,0.03998464,0.003870326,0.0439345539,0.00129820127,-0.00194342434,-0.002504589,1.048139,-0.07293701,-0.117858887,0.03409107,0.000753776,0.03539917,-0.5500161,2.13215256,2.73881,3.51421022
726,14.519994855442176,4397,0,0,0,0,0,-0.000115082774,0,-0.000901432941,-0.000115082774,0,-0.000901432941,1,0,0,1,2.3016546E-06,-5.96046448E-06,1.80286515E-05,0,0,0,-0.000534077757,-0.00148133934,-0.000220045447,-0.151092529,0.008077811,0.04610928,0.00180905592,-0.000179040973,0.00249969168,0.000290497148,3.42130661E-05,-0.0008367128,0.0212564152,0.01903774,0.122743569,-0.004253587,-0.000347587862,-0.00157330278,-2.42881833E-05,7.50124454E-05,-0.000726720435,0.00165093387,-0.00451660156,-0.0113830566,-0.004455735,-0.0001302365,-0.0001301741,5.96437421E-05,0.002508819,0.00111417915,4.90421152,0.0599849969,0.156819865,0.0575568378,0.000254468963,-0.000382526254,1.1403773E-05,0.002524823,0.00113498175,4.880399,-0.0213317871,-0.0158996582,0.05954157,2.90199114E-05,-7.529094E-05,0.00124272984,-0.002033174,-0.00195416063,1.06826556,0.11707557,-0.140594482,0.0399952121,0.00386940851,0.043979,0.00129908975,-0.00194466114,-0.00250405,1.04814482,-0.07293701,-0.117858887,0.03408247,0.000753380358,0.0354133658,-0.550016165,2.1321528,2.73881,3.51421022
727,14.539994848356008,4403,0,0,0,0,0,-5.780544E-05,0,-0.0009014664,-5.780544E-05,0,-0.0009014664,1,0,0,1,1.15610828E-06,1.49011612E-08,1.80293209E-05,0,0,0,-0.0005369671,-0.00147558749,-0.000220062211,-0.151092529,0.008078355,0.046113044,0.001808254,-0.000179719093,0.00250356318,0.000288240321,4.35858965E-05,-0.0008328851,0.0212468747,0.0190373119,0.122732311,-0.004235791,-0.00035028017,-0.00158975075,-2.678714E-05,8.429587E-05,-0.000726582,0.00165246322,-0.00451660156,-0.0113830566,-0.00445381133,-0.000133092981,-0.00014525601,6.036474E-05,0.00251293182,0.00111237948,4.904182,0.059979666,0.156818911,0.05746484,0.000255438063,-0.000388276821,1.15602807E-05,0.002529472,0.00113501714,4.880399,-0.0213317871,-0.0158996582,0.0595411062,2.70564251E-05,-8.042311E-05,0.001242335,-0.00203606486,-0.00195842283,1.0682683,0.117078409,-0.140594482,0.0400585271,0.00388012477,0.0440133773,0.00129823643,-0.00194351375,-0.00250453153,1.04814315,-0.07293701,-0.117858887,0.0340912677,0.0007539742,0.0354000367,-0.5500161,2.13215256,2.73881,3.51421022
728,14.559994841269841,4409,0,0,0,0,0,-0.000115120929,0,-0.000901490042,-0.000115120929,0,-0.000901490042,1,0,0,1,2.30241767E-06,-5.94556332E-06,1.80297939E-05,0,0,0,-0.0005340105,-0.00148133934,-0.0002200355,-0.151092529,0.008079054,0.0461089052,0.00180912192,-0.0001794282,0.00249964371,0.000290981057,3.41683626E-05,-0.0008327175,0.0212435387,0.0190383829,0.122740395,-0.00423387066,-0.0003482267,-0.001575518,-2.42183487E-05,7.498264E-05,-0.000726767757,0.001650715,-0.00451660156,-0.0113830566,-0.004455791,-0.000130958564,-0.000130324523,6.039082E-05,0.00250691175,0.00111102045,4.90416145,0.0599793755,0.156814948,0.0574607775,0.000257789245,-0.000382867438,1.12229582E-05,0.00252479315,0.00113504333,4.880399,-0.0213317871,-0.0158996582,0.059541937,2.92650511E-05,-7.459987E-05,0.00124236825,-0.00203670561,-0.00195877114,1.06829917,0.117081381,-0.140563965,0.04005693,0.00388102629,0.04401399,0.00129875238,-0.00194460154,-0.002504003,1.0481472,-0.07293701,-0.117858887,0.03407973,0.00075369305,0.0354091264,-0.550016165,2.1321528,2.73881,3.51421022
729,14.579994834183672,4415,0,0,0,0,0,-5.78113722E-05,0,-0.0009015096,-5.78113722E-05,0,-0.0009015096,1,0,0,1,1.156227E-06,1.49011612E-08,1.80301849E-05,0,0,0,-0.0005369223,-0.00147557259,-0.000220057787,-0.151092529,0.008078895,0.04611297,0.001808376,-0.000180366493,0.00250334432,0.000288358016,4.35858965E-05,-0.0008319551,0.02124293,0.0190372579,0.122728229,-0.004231562,-0.0003508835,-0.0015900369,-2.677165E-05,8.428097E-05,-0.0007265882,0.00165249035,-0.00451660156,-0.0113830566,-0.00445349654,-0.000133979542,-0.000145034312,5.98347651E-05,0.00251339376,0.001111379,4.904143,0.0599790066,0.1568141,0.0574594252,0.000257217442,-0.0003864228,1.13511824E-05,0.00252944231,0.00113506464,4.880399,-0.0213317871,-0.0158996582,0.0595411621,2.63064976E-05,-7.987194E-05,0.00124096952,-0.002034843,-0.001958537,1.06834424,0.117092319,-0.140533447,0.0400554463,0.003880979,0.0439880863,0.001298228,-0.001943469,-0.00250443886,1.04814172,-0.07293701,-0.117858887,0.0340894349,0.0007539328,0.03539974,-0.5500161,2.13215256,2.73881,3.51421022
730,14.599994827097506,4421,0,0,0,0,0,-0.0001151006,0,-0.0009015114,-0.0001151006,0,-0.0009015114,1,0,0,1,2.30201113E-06,-5.94556332E-06,1.80302213E-05,0,0,0,-0.000534045,-0.00148133934,-0.000220044749,-0.151092529,0.008079401,0.04610898,0.00180905114,-0.000179505951,0.00249967934,0.000290713768,3.41683626E-05,-0.000832330668,0.0212427117,0.0190384425,0.122737966,-0.00423201965,-0.000348149217,-0.00157414388,-2.42572823E-05,7.498264E-05,-0.00072673423,0.001650692,-0.00451660156,-0.0113830566,-0.004455579,-0.000131161476,-0.000130088767,5.9579932E-05,0.002507031,0.00111218728,4.90412664,0.0599811822,0.156813383,0.0574627854,0.0002573333,-0.000381487218,1.12165581E-05,0.002524823,0.00113508408,4.880399,-0.0213317871,-0.0158996582,0.0595419034,2.83231984E-05,-7.472849E-05,0.00124102307,-0.002035275,-0.001957648,1.068368,0.117090359,-0.140533447,0.04003158,0.00387945771,0.04397893,0.00129879755,-0.00194455683,-0.002504023,1.04814744,-0.07293701,-0.117858887,0.034080606,0.0007537353,0.03541022,-0.550016165,2.1321528,2.73881,3.51421022
