time,state,cameraY,chestY,pivotY,cameraSpeed,cameraAcceleration,dt
0.00000,Balanced,27.14650,25.90435,26.56435,74.99974,224.99920,0.33333
0.01458,Balanced,27.14650,25.90435,26.56435,0.00017,5143.93300,0.01458
0.01813,Balanced,27.14650,25.90435,26.56435,0.00056,0.10893,0.00355
0.02205,Balanced,27.14650,25.90435,26.56435,0.00049,0.01611,0.00392
0.02524,Balanced,27.14650,25.90435,26.56435,0.00009,0.12577,0.00319
0.02813,Balanced,27.14650,25.90435,26.56435,0.00010,0.00336,0.00289
0.03134,Balanced,27.14650,25.90434,26.56434,0.00060,0.15582,0.00321
0.03475,Balanced,27.14650,25.90434,26.56435,0.00057,0.01106,0.00341
0.03791,Balanced,27.14650,25.90434,26.56434,0.00061,0.01431,0.00316
0.04119,Balanced,27.14650,25.90434,26.56434,0.00009,0.15859,0.00328
0.04436,Balanced,27.14650,25.90434,26.56434,0.00009,0.00097,0.00317
0.04766,Balanced,27.14650,25.90434,26.56434,0.00009,0.00110,0.00330
0.05091,Balanced,27.14650,25.90434,26.56434,0.00061,0.15952,0.00325
0.05496,Balanced,27.14650,25.90434,26.56434,0.00007,0.13180,0.00406
0.05924,Balanced,27.14650,25.90434,26.56434,0.00008,0.00126,0.00428
0.06403,Balanced,27.14649,25.90434,26.56434,0.00041,0.06947,0.00479
0.06843,Balanced,27.14650,25.90434,26.56434,0.00044,0.00602,0.00440
0.07178,Balanced,27.14649,25.90434,26.56434,0.00058,0.04171,0.00334
0.07550,Balanced,27.14649,25.90434,26.56434,0.00008,0.13352,0.00373
0.07934,Balanced,27.14649,25.90434,26.56434,0.00013,0.01263,0.00383
0.08370,Balanced,27.14649,25.90434,26.56434,0.00044,0.07203,0.00436
0.08782,Balanced,27.14649,25.90434,26.56434,0.00007,0.08976,0.00413
0.09126,Balanced,27.14649,25.90434,26.56434,0.00008,0.00156,0.00344
0.09425,Balanced,27.14649,25.90434,26.56434,0.00009,0.00389,0.00299
0.09703,Balanced,27.14649,25.90434,26.56434,0.00010,0.00229,0.00279
0.10083,Balanced,27.14649,25.90434,26.56434,0.00007,0.00668,0.00379
0.10452,Balanced,27.14649,25.90434,26.56434,0.00052,0.12265,0.00369
0.10876,Balanced,27.14649,25.90434,26.56434,0.00045,0.01615,0.00424
0.11294,Balanced,27.14649,25.90434,26.56434,0.00046,0.00184,0.00418
0.11766,Balanced,27.14649,25.90434,26.56434,0.00006,0.08585,0.00472
0.12134,Balanced,27.14649,25.90434,26.56434,0.00007,0.00431,0.00368
0.12598,Balanced,27.14649,25.90434,26.56433,0.00042,0.07432,0.00463
0.12985,Balanced,27.14649,25.90434,26.56433,0.00007,0.08987,0.00387
0.13342,Balanced,27.14649,25.90434,26.56433,0.00007,0.00160,0.00357
0.13719,Balanced,27.14649,25.90434,26.56433,0.00007,0.00250,0.00377
0.14110,Balanced,27.14649,25.90434,26.56433,0.00003,0.00887,0.00391
0.14498,Balanced,27.14649,25.90434,26.56433,0.00050,0.12028,0.00388
0.14827,Balanced,27.14649,25.90434,26.56433,0.00059,0.02682,0.00329
0.15179,Balanced,27.14649,25.90434,26.56433,0.00055,0.01087,0.00352
0.15613,Balanced,27.14649,25.90434,26.56433,0.00003,0.11952,0.00435
0.16095,Balanced,27.14649,25.90433,26.56433,0.00006,0.00578,0.00482
0.16585,Balanced,27.14648,25.90434,26.56433,0.00039,0.06906,0.00490
0.17011,Balanced,27.14648,25.90433,26.56433,0.00006,0.07770,0.00426
0.17373,Balanced,27.14648,25.90434,26.56433,0.00003,0.00820,0.00362
0.17762,Balanced,27.14648,25.90433,26.56433,0.00007,0.00914,0.00389
0.18097,Balanced,27.14648,25.90433,26.56433,0.00008,0.00336,0.00334
0.18458,Balanced,27.14648,25.90433,26.56433,0.00002,0.01750,0.00361
0.18763,Balanced,27.14648,25.90433,26.56433,0.00063,0.19927,0.00306
0.19088,Balanced,27.14648,25.90433,26.56433,0.00008,0.16936,0.00325
0.19456,Balanced,27.14648,25.90433,26.56433,0.00003,0.01177,0.00368
0.19987,Balanced,27.14648,25.90433,26.56433,0.00005,0.00336,0.00531
0.20588,Balanced,27.14648,25.90433,26.56433,0.00005,0.00011,0.00601
0.20986,Balanced,27.14648,25.90433,26.56433,0.00048,0.10809,0.00398
0.21419,Balanced,27.14648,25.90433,26.56433,0.00006,0.09664,0.00433
0.21774,Balanced,27.14648,25.90433,26.56433,0.00003,0.00788,0.00354
0.22175,Balanced,27.14648,25.90433,26.56433,0.00003,0.00099,0.00402
0.22698,Balanced,27.14648,25.90433,26.56433,0.00005,0.00407,0.00523
0.23089,Balanced,27.14648,25.90433,26.56433,0.00049,0.11174,0.00391
0.23488,Balanced,27.14648,25.90433,26.56433,0.00003,0.11490,0.00399
0.24049,Balanced,27.14648,25.90433,26.56432,0.00034,0.05617,0.00560
0.24493,Balanced,27.14648,25.90433,26.56432,0.00003,0.07148,0.00445
0.24886,Balanced,27.14648,25.90433,26.56432,0.00003,0.00090,0.00393
0.25235,Balanced,27.14648,25.90433,26.56432,0.00003,0.00108,0.00349
0.25596,Balanced,27.14648,25.90433,26.56432,0.00007,0.01107,0.00360
0.26010,Balanced,27.14648,25.90433,26.56432,0.00003,0.01092,0.00414
0.26494,Balanced,27.14648,25.90432,26.56432,0.00002,0.00086,0.00484
0.26891,Balanced,27.14648,25.90432,26.56432,0.00003,0.00137,0.00397
0.27238,Balanced,27.14647,25.90432,26.56432,0.00055,0.14984,0.00347
0.27715,Balanced,27.14647,25.90432,26.56432,0.00004,0.10756,0.00477
0.28116,Balanced,27.14647,25.90432,26.56432,0.00048,0.10934,0.00401
0.28571,Balanced,27.14648,25.90432,26.56432,0.00084,0.08005,0.00455
0.28887,Balanced,27.14647,25.90432,26.56432,0.00061,0.07453,0.00316
0.29227,Balanced,27.14647,25.90432,26.56432,0.00004,0.16764,0.00340
0.29699,Balanced,27.14647,25.90432,26.56432,0.00003,0.00208,0.00472
0.30095,Balanced,27.14647,25.90432,26.56432,0.00003,0.00122,0.00396
0.30534,Balanced,27.14647,25.90432,26.56432,0.00004,0.00242,0.00439
0.30861,Balanced,27.14647,25.90432,26.56432,0.00058,0.16617,0.00327
0.31226,Balanced,27.14647,25.90432,26.56432,0.00003,0.15112,0.00365
0.31623,Balanced,27.14647,25.90432,26.56432,0.00003,0.00066,0.00397
0.31937,Balanced,27.14647,25.90432,26.56432,0.00002,0.00353,0.00315
0.32338,Balanced,27.14647,25.90432,26.56432,0.00004,0.00641,0.00401
0.32673,Balanced,27.14647,25.90432,26.56432,0.00008,0.01047,0.00335
0.32939,Balanced,27.14647,25.90432,26.56432,0.00002,0.02153,0.00266
0.33195,Balanced,27.14647,25.90432,26.56432,0.00005,0.00942,0.00256
0.33488,Balanced,27.14647,25.90432,26.56432,0.00065,0.20523,0.00294
0.33868,Balanced,27.14647,25.90432,26.56432,0.00050,0.03834,0.00379
0.34184,Balanced,27.14647,25.90432,26.56432,0.00060,0.03157,0.00316
0.34552,Balanced,27.14647,25.90432,26.56432,0.00003,0.15525,0.00368
0.34848,Balanced,27.14647,25.90432,26.56432,0.00004,0.00266,0.00296
0.35238,Balanced,27.14647,25.90432,26.56432,0.00003,0.00249,0.00390
0.35565,Balanced,27.14647,25.90432,26.56432,0.00004,0.00183,0.00326
0.35925,Balanced,27.14647,25.90432,26.56432,0.00053,0.13693,0.00360
0.36314,Balanced,27.14647,25.90432,26.56432,0.00049,0.00955,0.00389
0.36648,Balanced,27.14647,25.90432,26.56432,0.00058,0.02479,0.00334
0.36952,Balanced,27.14647,25.90432,26.56432,0.00002,0.18321,0.00304
0.37269,Balanced,27.14647,25.90432,26.56432,0.00004,0.00567,0.00317
0.37570,Balanced,27.14647,25.90432,26.56432,0.00004,0.00066,0.00301
0.37831,Balanced,27.14647,25.90432,26.56431,0.00073,0.26434,0.00261
0.38155,Balanced,27.14647,25.90432,26.56432,0.00059,0.04355,0.00323
0.38474,Balanced,27.14647,25.90432,26.56432,0.00004,0.17328,0.00319
0.38818,Balanced,27.14647,25.90432,26.56432,0.00003,0.00080,0.00344
0.39089,Balanced,27.14647,25.90432,26.56432,0.00004,0.00347,0.00271
0.39432,Balanced,27.14647,25.90432,26.56432,0.00008,0.00983,0.00343
0.39721,Balanced,27.14647,25.90432,26.56432,0.00004,0.01262,0.00289
0.40074,Balanced,27.14647,25.90432,26.56432,0.00003,0.00212,0.00353
0.40424,Balanced,27.14647,25.90432,26.56432,0.00003,0.00006,0.00351
0.40760,Balanced,27.14647,25.90432,26.56432,0.00004,0.00046,0.00335
0.41082,Balanced,27.14647,25.90432,26.56432,0.00004,0.00045,0.00322
0.41407,Balanced,27.14647,25.90431,26.56432,0.00004,0.00011,0.00325
0.41768,Balanced,27.14647,25.90431,26.56431,0.00053,0.13799,0.00361
0.42104,Balanced,27.14647,25.90431,26.56431,0.00057,0.01031,0.00336
0.42482,Balanced,27.14647,25.90431,26.56431,0.00005,0.13798,0.00378
0.42768,Balanced,27.14647,25.90432,26.56432,0.00133,0.44927,0.00286
0.43070,Balanced,27.14647,25.90431,26.56431,0.00063,0.23192,0.00301
0.43425,Balanced,27.14647,25.90432,26.56431,0.00003,0.16903,0.00355
0.43818,Balanced,27.14647,25.90431,26.56431,0.00008,0.01076,0.00393
0.44254,Balanced,27.14647,25.90431,26.56431,0.00003,0.01112,0.00436
0.44557,Balanced,27.14647,25.90431,26.56431,0.00004,0.00398,0.00303
0.44936,Balanced,27.14647,25.90431,26.56431,0.00051,0.12283,0.00379
0.45239,Balanced,27.14647,25.90431,26.56431,0.00004,0.15389,0.00303
0.45609,Balanced,27.14647,25.90431,26.56431,0.00003,0.00195,0.00371
0.45925,Balanced,27.14647,25.90431,26.56431,0.00061,0.18273,0.00316
0.46281,Balanced,27.14646,25.90431,26.56431,0.00107,0.13020,0.00356
0.46617,Balanced,27.14647,25.90431,26.56431,0.00057,0.15000,0.00336
0.46941,Balanced,27.14647,25.90431,26.56431,0.00004,0.16418,0.00324
0.47327,Balanced,27.14647,25.90431,26.56431,0.00003,0.00152,0.00386
0.47643,Balanced,27.14647,25.90431,26.56431,0.00004,0.00216,0.00316
0.47945,Balanced,27.14646,25.90431,26.56431,0.00064,0.19858,0.00302
0.48333,Balanced,27.14646,25.90431,26.56431,0.00005,0.15253,0.00388
0.48697,Balanced,27.14647,25.90431,26.56431,0.00052,0.13130,0.00364
0.49015,Balanced,27.14647,25.90431,26.56431,0.00004,0.15321,0.00318
0.49355,Balanced,27.14646,25.90431,26.56431,0.00056,0.15404,0.00340
0.49752,Balanced,27.14646,25.90431,26.56431,0.00007,0.12462,0.00397
0.50097,Balanced,27.14647,25.90431,26.56431,0.00056,0.14164,0.00345
0.50538,Balanced,27.14646,25.90431,26.56431,0.00086,0.07010,0.00441
0.50944,Balanced,27.14646,25.90431,26.56431,0.00047,0.09681,0.00406
0.51377,Balanced,27.14646,25.90431,26.56431,0.00004,0.09942,0.00433
0.51749,Balanced,27.14646,25.90431,26.56431,0.00003,0.00248,0.00372
0.52094,Balanced,27.14646,25.90431,26.56431,0.00008,0.01311,0.00345
0.52418,Balanced,27.14646,25.90431,26.56431,0.00004,0.01249,0.00324
0.52723,Balanced,27.14646,25.90431,26.56431,0.00004,0.00073,0.00305
0.53049,Balanced,27.14646,25.90431,26.56431,0.00004,0.00074,0.00325
0.53461,Balanced,27.14646,25.90431,26.56431,0.00003,0.00187,0.00412
0.53759,Balanced,27.14646,25.90431,26.56431,0.00004,0.00373,0.00298
0.54140,Balanced,27.14646,25.90431,26.56431,0.00051,0.12221,0.00381
0.54546,Balanced,27.14646,25.90431,26.56431,0.00047,0.00865,0.00406
0.54873,Balanced,27.14646,25.90431,26.56431,0.00058,0.03471,0.00327
0.55241,Balanced,27.14646,25.90431,26.56431,0.00003,0.14988,0.00368
0.55615,Balanced,27.14646,25.90431,26.56431,0.00005,0.00416,0.00373
0.56005,Balanced,27.14646,25.90431,26.56431,0.00007,0.00522,0.00390
0.56434,Balanced,27.14646,25.90431,26.56431,0.00004,0.00620,0.00429
0.56716,Balanced,27.14646,25.90431,26.56431,0.00002,0.00729,0.00282
0.57002,Balanced,27.14646,25.90431,26.56431,0.00004,0.00721,0.00286
0.57325,Balanced,27.14646,25.90431,26.56431,0.00004,0.00149,0.00323
0.57648,Balanced,27.14646,25.90431,26.56431,0.00004,0.00002,0.00323
0.57953,Balanced,27.14646,25.90431,26.56431,0.00004,0.00068,0.00305
0.58358,Balanced,27.14646,25.90431,26.56431,0.00007,0.00662,0.00405
0.58709,Balanced,27.14646,25.90431,26.56431,0.00005,0.00423,0.00351
0.59078,Balanced,27.14646,25.90431,26.56431,0.00003,0.00506,0.00369
0.59433,Balanced,27.14646,25.90431,26.56431,0.00003,0.00038,0.00354
0.59761,Balanced,27.14646,25.90431,26.56431,0.00004,0.00083,0.00328
0.60115,Balanced,27.14646,25.90431,26.56431,0.00003,0.00076,0.00354
0.60521,Balanced,27.14646,25.90431,26.56431,0.00007,0.00979,0.00406
0.60881,Balanced,27.14646,25.90431,26.56431,0.00003,0.01119,0.00360
0.61228,Balanced,27.14646,25.90431,26.56431,0.00003,0.00035,0.00347
0.61527,Balanced,27.14646,25.90431,26.56431,0.00004,0.00185,0.00299
0.61825,Balanced,27.14646,25.90431,26.56431,0.00004,0.00005,0.00298
0.62243,Balanced,27.14646,25.90431,26.56431,0.00003,0.00275,0.00418
0.62600,Balanced,27.14646,25.90431,26.56431,0.00003,0.00137,0.00357
0.62939,Balanced,27.14646,25.90431,26.56431,0.00008,0.01327,0.00340
0.63269,Balanced,27.14646,25.90431,26.56431,0.00004,0.01284,0.00329
0.63650,Balanced,27.14646,25.90431,26.56431,0.00005,0.00279,0.00382
0.63971,Balanced,27.14646,25.90431,26.56431,0.00002,0.00881,0.00321
0.64435,Balanced,27.14646,25.90431,26.56431,0.00041,0.08528,0.00463
0.64756,Balanced,27.14646,25.90431,26.56431,0.00059,0.05613,0.00322
0.65098,Balanced,27.14646,25.90431,26.56431,0.00003,0.16364,0.00342
0.65427,Balanced,27.14646,25.90431,26.56431,0.00058,0.16682,0.00329
0.65758,Balanced,27.14646,25.90431,26.56431,0.00004,0.16581,0.00331
0.66040,Balanced,27.14646,25.90431,26.56430,0.00068,0.22862,0.00281
0.66356,Balanced,27.14646,25.90431,26.56431,0.00060,0.02388,0.00317
0.66628,Balanced,27.14646,25.90431,26.56431,0.00002,0.21384,0.00272
0.66910,Balanced,27.14646,25.90431,26.56431,0.00004,0.00727,0.00281
0.67219,Balanced,27.14646,25.90431,26.56431,0.00004,0.00124,0.00309
0.67568,Balanced,27.14646,25.90431,26.56431,0.00003,0.00126,0.00349
0.67939,Balanced,27.14646,25.90431,26.56430,0.00052,0.13077,0.00371
0.68294,Balanced,27.14646,25.90431,26.56431,0.00054,0.00549,0.00355
0.68628,Balanced,27.14646,25.90431,26.56431,0.00057,0.01023,0.00334
0.68916,Balanced,27.14646,25.90431,26.56431,0.00066,0.03105,0.00289
0.69236,Balanced,27.14646,25.90431,26.56431,0.00004,0.19524,0.00320
0.69529,Balanced,27.14646,25.90431,26.56431,0.00004,0.00119,0.00293
0.69813,Balanced,27.14646,25.90431,26.56431,0.00067,0.22307,0.00284
0.70170,Balanced,27.14646,25.90431,26.56431,0.00053,0.03876,0.00358
0.70473,Balanced,27.14646,25.90430,26.56430,0.00064,0.03345,0.00303
0.70775,Balanced,27.14646,25.90431,26.56431,0.00063,0.00084,0.00302
0.71071,Balanced,27.14646,25.90430,26.56431,0.00004,0.20053,0.00296
0.71329,Balanced,27.14646,25.90431,26.56431,0.00002,0.00667,0.00259
0.71578,Balanced,27.14646,25.90431,26.56431,0.00005,0.01002,0.00249
0.71880,Balanced,27.14646,25.90431,26.56431,0.00004,0.00283,0.00303
0.72231,Balanced,27.14646,25.90431,26.56431,0.00003,0.00155,0.00351
0.72572,Balanced,27.14646,25.90430,26.56431,0.00003,0.00030,0.00341
0.72881,Balanced,27.14646,25.90431,26.56431,0.00002,0.00508,0.00309
0.73178,Balanced,27.14646,25.90431,26.56431,0.00009,0.02370,0.00297
0.73521,Balanced,27.14646,25.90431,26.56431,0.00003,0.01604,0.00342
0.73799,Balanced,27.14646,25.90431,26.56431,0.00004,0.00287,0.00278
0.74129,Balanced,27.14646,25.90431,26.56431,0.00058,0.16291,0.00330
0.74464,Balanced,27.14646,25.90430,26.56430,0.00114,0.16733,0.00335
0.74779,Balanced,27.14646,25.90431,26.56431,0.00121,0.02185,0.00316
0.75079,Balanced,27.14646,25.90431,26.56431,0.00064,0.19063,0.00300
0.75392,Balanced,27.14646,25.90431,26.56431,0.00004,0.19169,0.00313
0.75703,Balanced,27.14646,25.90431,26.56431,0.00009,0.01527,0.00311
0.75981,Balanced,27.14646,25.90431,26.56431,0.00069,0.21535,0.00278
0.76259,Balanced,27.14646,25.90431,26.56431,0.00069,0.00118,0.00278
0.76510,Balanced,27.14646,25.90431,26.56430,0.00076,0.02901,0.00251
0.76837,Balanced,27.14646,25.90431,26.56431,0.00058,0.05459,0.00328
0.77177,Balanced,27.14646,25.90431,26.56431,0.00004,0.16138,0.00339
0.77530,Balanced,27.14646,25.90431,26.56431,0.00003,0.00039,0.00353
0.77811,Balanced,27.14646,25.90431,26.56431,0.00004,0.00302,0.00282
0.78167,Balanced,27.14646,25.90431,26.56430,0.00054,0.13931,0.00356
0.78455,Balanced,27.14646,25.90431,26.56430,0.00009,0.15438,0.00288
0.78767,Balanced,27.14646,25.90431,26.56431,0.00061,0.16748,0.00311
0.79061,Balanced,27.14646,25.90431,26.56431,0.00002,0.20154,0.00295
0.79399,Balanced,27.14646,25.90431,26.56430,0.00057,0.16180,0.00337
0.79715,Balanced,27.14646,25.90431,26.56431,0.00060,0.01167,0.00317
0.80003,Balanced,27.14646,25.90431,26.56431,0.00004,0.19563,0.00287
0.80302,Balanced,27.14646,25.90431,26.56431,0.00064,0.19864,0.00300
0.80548,Balanced,27.14646,25.90431,26.56431,0.00078,0.05737,0.00245
0.80797,Balanced,27.14646,25.90431,26.56431,0.00002,0.30306,0.00249
0.81113,Balanced,27.14646,25.90431,26.56431,0.00004,0.00431,0.00317
0.81362,Balanced,27.14646,25.90431,26.56431,0.00011,0.02790,0.00249
0.81713,Balanced,27.14646,25.90431,26.56431,0.00003,0.02084,0.00351
0.81956,Balanced,27.14646,25.90430,26.56431,0.00002,0.00389,0.00243
0.82391,Balanced,27.14646,25.90430,26.56430,0.00044,0.09556,0.00435
0.82702,Balanced,27.14646,25.90431,26.56431,0.00123,0.25314,0.00311
0.83067,Balanced,27.14646,25.90430,26.56431,0.00052,0.19277,0.00365
0.83357,Balanced,27.14646,25.90430,26.56431,0.00004,0.16603,0.00291
0.83656,Balanced,27.14646,25.90430,26.56431,0.00004,0.00038,0.00299
0.83933,Balanced,27.14646,25.90431,26.56431,0.00002,0.00664,0.00277
0.84234,Balanced,27.14646,25.90430,26.56431,0.00009,0.02216,0.00302
0.84537,Balanced,27.14646,25.90430,26.56430,0.00063,0.17982,0.00302
0.84802,Balanced,27.14646,25.90430,26.56430,0.00002,0.22954,0.00266
0.85047,Balanced,27.14646,25.90430,26.56430,0.00005,0.01078,0.00244
0.85283,Balanced,27.14646,25.90430,26.56430,0.00003,0.00997,0.00237
0.85559,Balanced,27.14646,25.90430,26.56430,0.00004,0.00653,0.00276
0.85855,Balanced,27.14646,25.90430,26.56430,0.00002,0.00779,0.00296
0.86180,Balanced,27.14646,25.90430,26.56430,0.00004,0.00509,0.00325
0.86469,Balanced,27.14646,25.90430,26.56430,0.00004,0.00158,0.00289
0.86771,Balanced,27.14646,25.90430,26.56430,0.00004,0.00058,0.00302
0.87165,Balanced,27.14646,25.90430,26.56430,0.00007,0.00714,0.00394
0.87523,Balanced,27.14646,25.90430,26.56430,0.00003,0.00959,0.00358
0.87811,Balanced,27.14646,25.90430,26.56430,0.00002,0.00438,0.00288
0.88157,Balanced,27.14646,25.90430,26.56430,0.00003,0.00397,0.00346
0.88438,Balanced,27.14646,25.90430,26.56430,0.00004,0.00286,0.00281
0.88739,Balanced,27.14646,25.90430,26.56430,0.00004,0.00095,0.00301
0.89062,Balanced,27.14646,25.90430,26.56430,0.00004,0.00081,0.00322
0.89374,Balanced,27.14646,25.90430,26.56430,0.00002,0.00573,0.00312
0.89649,Balanced,27.14646,25.90430,26.56430,0.00004,0.00880,0.00275
0.89890,Balanced,27.14646,25.90430,26.56430,0.00002,0.00772,0.00241
0.90197,Balanced,27.14646,25.90430,26.56430,0.00009,0.02027,0.00307
0.90473,Balanced,27.14646,25.90430,26.56430,0.00004,0.01584,0.00275
0.90772,Balanced,27.14646,25.90430,26.56430,0.00002,0.00781,0.00300
0.91078,Balanced,27.14646,25.90430,26.56430,0.00004,0.00624,0.00306
0.91404,Balanced,27.14646,25.90430,26.56430,0.00004,0.00073,0.00326
0.91707,Balanced,27.14646,25.90430,26.56430,0.00002,0.00559,0.00303
0.92057,Balanced,27.14646,25.90430,26.56430,0.00003,0.00410,0.00350
0.92421,Balanced,27.14646,25.90430,26.56430,0.00005,0.00417,0.00363
0.92736,Balanced,27.14646,25.90430,26.56430,0.00002,0.00960,0.00316
0.93008,Balanced,27.14646,25.90430,26.56430,0.00010,0.02917,0.00272
0.93283,Balanced,27.14646,25.90430,26.56430,0.00002,0.02778,0.00275
0.93584,Balanced,27.14646,25.90430,26.56430,0.00004,0.00598,0.00301
0.93843,Balanced,27.14646,25.90430,26.56430,0.00005,0.00249,0.00259
0.94150,Balanced,27.14646,25.90430,26.56430,0.00002,0.00868,0.00307
0.94422,Balanced,27.14646,25.90430,26.56430,0.00070,0.25133,0.00272
0.94681,Balanced,27.14646,25.90430,26.56430,0.00074,0.01266,0.00259
0.94952,Balanced,27.14646,25.90430,26.56430,0.00004,0.25516,0.00271
0.95251,Balanced,27.14646,25.90430,26.56430,0.00002,0.00804,0.00298
0.95638,Balanced,27.14646,25.90430,26.56430,0.00005,0.00675,0.00388
0.95945,Balanced,27.14646,25.90430,26.56430,0.00008,0.01110,0.00307
0.96360,Balanced,27.14646,25.90430,26.56430,0.00004,0.00893,0.00415
0.96628,Balanced,27.14646,25.90430,26.56430,0.00002,0.00778,0.00268
0.97027,Balanced,27.14646,25.90430,26.56430,0.00003,0.00192,0.00399
0.97323,Balanced,27.14646,25.90430,26.56430,0.00004,0.00346,0.00297
0.97725,Balanced,27.14646,25.90430,26.56430,0.00003,0.00262,0.00402
0.98043,Balanced,27.14646,25.90430,26.56430,0.00004,0.00248,0.00318
0.98438,Balanced,27.14646,25.90430,26.56430,0.00003,0.00185,0.00395
0.98734,Balanced,27.14646,25.90430,26.56430,0.00004,0.00339,0.00296
0.99062,Balanced,27.14646,25.90430,26.56430,0.00008,0.01248,0.00328
0.99384,Balanced,27.14646,25.90430,26.56430,0.00002,0.01948,0.00322
0.99714,Balanced,27.14646,25.90430,26.56430,0.00004,0.00534,0.00330
0.99982,Balanced,27.14646,25.90430,26.56430,0.00004,0.00318,0.00267
1.00317,Balanced,27.14646,25.90431,26.56431,0.00057,0.15653,0.00335
1.00653,Balanced,27.14646,25.90430,26.56430,0.00057,0.00009,0.00336
1.00981,Balanced,27.14646,25.90430,26.56430,0.00002,0.16789,0.00328
1.01308,Balanced,27.14646,25.90430,26.56430,0.00004,0.00559,0.00327
1.01621,Balanced,27.14646,25.90430,26.56430,0.00009,0.01560,0.00313
1.01954,Balanced,27.14646,25.90430,26.56431,0.00057,0.14717,0.00333
1.02348,Balanced,27.14646,25.90430,26.56430,0.00048,0.02285,0.00394
1.02698,Balanced,27.14646,25.90430,26.56430,0.00003,0.12884,0.00350
1.03072,Balanced,27.14646,25.90430,26.56430,0.00003,0.00059,0.00374
1.03402,Balanced,27.14646,25.90430,26.56430,0.00004,0.00126,0.00331
1.03757,Balanced,27.14646,25.90430,26.56430,0.00003,0.00068,0.00354
1.04188,Balanced,27.14646,25.90430,26.56430,0.00003,0.00139,0.00431
1.04531,Balanced,27.14646,25.90430,26.56430,0.00003,0.00205,0.00344
1.04803,Balanced,27.14646,25.90430,26.56430,0.00010,0.02325,0.00272
1.05098,Balanced,27.14646,25.90430,26.56430,0.00002,0.02635,0.00295
1.05464,Balanced,27.14646,25.90430,26.56430,0.00003,0.00339,0.00366
1.05752,Balanced,27.14646,25.90430,26.56430,0.00004,0.00303,0.00288
1.06097,Balanced,27.14646,25.90430,26.56430,0.00003,0.00195,0.00344
1.06405,Balanced,27.14646,25.90430,26.56430,0.00002,0.00497,0.00308
1.06781,Balanced,27.14646,25.90430,26.56430,0.00003,0.00329,0.00376
1.07087,Balanced,27.14646,25.90430,26.56430,0.00004,0.00234,0.00307
1.07448,Balanced,27.14646,25.90430,26.56430,0.00003,0.00162,0.00361
1.07786,Balanced,27.14646,25.90430,26.56430,0.00008,0.01358,0.00338
1.08142,Balanced,27.14646,25.90430,26.56431,0.00054,0.12896,0.00356
1.08524,Balanced,27.14646,25.90430,26.56430,0.00050,0.00976,0.00382
1.08904,Balanced,27.14646,25.90430,26.56430,0.00003,0.12328,0.00380
1.09222,Balanced,27.14646,25.90430,26.56430,0.00004,0.00194,0.00318
1.09566,Balanced,27.14646,25.90430,26.56430,0.00003,0.00084,0.00344
1.09847,Balanced,27.14646,25.90430,26.56430,0.00002,0.00478,0.00281
1.10211,Balanced,27.14646,25.90430,26.56430,0.00003,0.00317,0.00364
1.10518,Balanced,27.14646,25.90430,26.56430,0.00004,0.00197,0.00307
1.10848,Balanced,27.14646,25.90430,26.56430,0.00008,0.01264,0.00331
1.11152,Balanced,27.14646,25.90430,26.56430,0.00002,0.02010,0.00303
1.11498,Balanced,27.14646,25.90430,26.56430,0.00003,0.00428,0.00346
1.11885,Balanced,27.14646,25.90430,26.56430,0.00003,0.00095,0.00387
1.12255,Balanced,27.14646,25.90430,26.56430,0.00003,0.00039,0.00370
1.12539,Balanced,27.14646,25.90430,26.56430,0.00004,0.00344,0.00284
1.12840,Balanced,27.14646,25.90430,26.56430,0.00004,0.00082,0.00302
1.13118,Balanced,27.14646,25.90430,26.56430,0.00002,0.00650,0.00278
1.13428,Balanced,27.14646,25.90430,26.56430,0.00004,0.00547,0.00310
1.13713,Balanced,27.14646,25.90430,26.56430,0.00009,0.01678,0.00285
1.13993,Balanced,27.14646,25.90430,26.56430,0.00004,0.01560,0.00280
1.14275,Balanced,27.14646,25.90430,26.56430,0.00002,0.00762,0.00282
1.14550,Balanced,27.14646,25.90430,26.56430,0.00004,0.00805,0.00275
1.14816,Balanced,27.14646,25.90430,26.56430,0.00002,0.00785,0.00266
1.15154,Balanced,27.14646,25.90430,26.56430,0.00004,0.00381,0.00338
1.15420,Balanced,27.14646,25.90430,26.56430,0.00004,0.00356,0.00266
1.15758,Balanced,27.14646,25.90430,26.56430,0.00002,0.00803,0.00338
1.16014,Balanced,27.14646,25.90430,26.56430,0.00005,0.01137,0.00255
1.16364,Balanced,27.14646,25.90430,26.56430,0.00003,0.00360,0.00350
1.16641,Balanced,27.14646,25.90430,26.56430,0.00002,0.00453,0.00277
1.16914,Balanced,27.14646,25.90430,26.56430,0.00010,0.02773,0.00274
1.17204,Balanced,27.14646,25.90430,26.56430,0.00002,0.02655,0.00289
1.17463,Balanced,27.14646,25.90430,26.56430,0.00005,0.00977,0.00259
1.17790,Balanced,27.14646,25.90430,26.56430,0.00002,0.00848,0.00327
1.18084,Balanced,27.14646,25.90430,26.56430,0.00004,0.00754,0.00295
1.18420,Balanced,27.14646,25.90431,26.56430,0.00004,0.00147,0.00335
1.18728,Balanced,27.14646,25.90430,26.56430,0.00002,0.00526,0.00308
1.18985,Balanced,27.14646,25.90430,26.56430,0.00005,0.01050,0.00257
1.19231,Balanced,27.14646,25.90430,26.56430,0.00002,0.00899,0.00247
1.19510,Balanced,27.14646,25.90430,26.56430,0.00004,0.00668,0.00279
1.19840,Balanced,27.14646,25.90430,26.56430,0.00007,0.00956,0.00330
1.20166,Balanced,27.14646,25.90430,26.56430,0.00004,0.01159,0.00325
1.20505,Balanced,27.14646,25.90430,26.56430,0.00004,0.00043,0.00339
1.20842,Balanced,27.14646,25.90430,26.56430,0.00004,0.00003,0.00338
1.21259,Balanced,27.14646,25.90430,26.56430,0.00003,0.00160,0.00417
1.21544,Balanced,27.14646,25.90430,26.56430,0.00004,0.00466,0.00285
1.21870,Balanced,27.14646,25.90430,26.56430,0.00058,0.16595,0.00327
1.22227,Balanced,27.14646,25.90430,26.56430,0.00054,0.01366,0.00357
1.22525,Balanced,27.14646,25.90430,26.56430,0.00004,0.16660,0.00297
1.22828,Balanced,27.14646,25.90430,26.56430,0.00004,0.00028,0.00304
1.23155,Balanced,27.14646,25.90430,26.56430,0.00008,0.01105,0.00326
1.23509,Balanced,27.14646,25.90430,26.56430,0.00003,0.01176,0.00355
1.23825,Balanced,27.14646,25.90430,26.56430,0.00004,0.00128,0.00316
1.24184,Balanced,27.14646,25.90430,26.56430,0.00003,0.00125,0.00359
1.24469,Balanced,27.14646,25.90430,26.56430,0.00002,0.00430,0.00284
1.24861,Balanced,27.14646,25.90430,26.56430,0.00003,0.00241,0.00392
1.25166,Balanced,27.14646,25.90430,26.56430,0.00004,0.00285,0.00305
1.25534,Balanced,27.14646,25.90430,26.56430,0.00003,0.00181,0.00368
1.25853,Balanced,27.14646,25.90430,26.56431,0.00060,0.17914,0.00319
1.26251,Balanced,27.14646,25.90430,26.56430,0.00048,0.03109,0.00398
1.26544,Balanced,27.14646,25.90430,26.56430,0.00002,0.15695,0.00293
1.26864,Balanced,27.14646,25.90430,26.56430,0.00004,0.00526,0.00320
1.27196,Balanced,27.14646,25.90430,26.56430,0.00004,0.00038,0.00332
1.27514,Balanced,27.14646,25.90430,26.56430,0.00002,0.00541,0.00319
1.27821,Balanced,27.14646,25.90430,26.56430,0.00004,0.00656,0.00307
1.28128,Balanced,27.14646,25.90430,26.56430,0.00004,0.00002,0.00306
1.28441,Balanced,27.14646,25.90430,26.56430,0.00002,0.00634,0.00313
1.28784,Balanced,27.14646,25.90430,26.56430,0.00003,0.00460,0.00343
1.29124,Balanced,27.14646,25.90430,26.56430,0.00008,0.01286,0.00340
1.29419,Balanced,27.14646,25.90430,26.56430,0.00004,0.01290,0.00296
1.29777,Balanced,27.14646,25.90430,26.56430,0.00002,0.00661,0.00357
1.30082,Balanced,27.14646,25.90430,26.56430,0.00004,0.00731,0.00305
1.30499,Balanced,27.14646,25.90430,26.56430,0.00003,0.00250,0.00417
1.30891,Balanced,27.14646,25.90430,26.56430,0.00003,0.00045,0.00393
1.31197,Balanced,27.14646,25.90430,26.56430,0.00004,0.00283,0.00306
1.31552,Balanced,27.14646,25.90430,26.56430,0.00003,0.00153,0.00355
1.31873,Balanced,27.14646,25.90430,26.56431,0.00060,0.17498,0.00321
1.32265,Balanced,27.14646,25.90430,26.56430,0.00049,0.02671,0.00393
1.32580,Balanced,27.14646,25.90430,26.56430,0.00002,0.14974,0.00315
1.32888,Balanced,27.14646,25.90430,26.56430,0.00004,0.00642,0.00308
1.33163,Balanced,27.14646,25.90430,26.56430,0.00002,0.00620,0.00275
1.33509,Balanced,27.14646,25.90430,26.56430,0.00003,0.00370,0.00346
1.33894,Balanced,27.14646,25.90430,26.56430,0.00003,0.00091,0.00385
1.34236,Balanced,27.14646,25.90431,26.56430,0.00003,0.00113,0.00342
1.34574,Balanced,27.14646,25.90430,26.56430,0.00004,0.00015,0.00338
1.34855,Balanced,27.14646,25.90430,26.56430,0.00002,0.00501,0.00281
1.35321,Balanced,27.14646,25.90430,26.56430,0.00006,0.00913,0.00467
1.35701,Balanced,27.14646,25.90430,26.56430,0.00003,0.00855,0.00380
1.36054,Balanced,27.14646,25.90430,26.56430,0.00002,0.00411,0.00352
1.36446,Balanced,27.14646,25.90430,26.56430,0.00005,0.00732,0.00392
1.36808,Balanced,27.14646,25.90430,26.56430,0.00002,0.00805,0.00362
1.37233,Balanced,27.14646,25.90430,26.56430,0.00004,0.00605,0.00425
1.37543,Balanced,27.14646,25.90430,26.56430,0.00002,0.00738,0.00311
1.37803,Balanced,27.14646,25.90430,26.56430,0.00005,0.01025,0.00260
1.38117,Balanced,27.14646,25.90430,26.56430,0.00002,0.00856,0.00314
1.38443,Balanced,27.14646,25.90430,26.56430,0.00008,0.01922,0.00326
1.38794,Balanced,27.14646,25.90430,26.56430,0.00003,0.01360,0.00351
1.39101,Balanced,27.14646,25.90430,26.56430,0.00002,0.00472,0.00307
1.39481,Balanced,27.14646,25.90430,26.56430,0.00003,0.00313,0.00380
1.39832,Balanced,27.14646,25.90430,26.56430,0.00003,0.00073,0.00351
1.40218,Balanced,27.14646,25.90430,26.56430,0.00003,0.00079,0.00386
1.40543,Balanced,27.14646,25.90430,26.56430,0.00004,0.00179,0.00325
1.40899,Balanced,27.14646,25.90430,26.56430,0.00003,0.00091,0.00356
1.41238,Balanced,27.14646,25.90430,26.56430,0.00002,0.00469,0.00338
1.41593,Balanced,27.14646,25.90430,26.56430,0.00008,0.01619,0.00355
1.42026,Balanced,27.14646,25.90430,26.56430,0.00004,0.00781,0.00433
1.42404,Balanced,27.14646,25.90430,26.56430,0.00002,0.00675,0.00378
1.42686,Balanced,27.14646,25.90430,26.56430,0.00004,0.00934,0.00283
1.42978,Balanced,27.14646,25.90430,26.56430,0.00002,0.00745,0.00292
1.43264,Balanced,27.14646,25.90430,26.56430,0.00004,0.00746,0.00286
1.43610,Balanced,27.14646,25.90430,26.56430,0.00003,0.00211,0.00346
1.43899,Balanced,27.14646,25.90430,26.56430,0.00002,0.00478,0.00289
1.44365,Balanced,27.14646,25.90430,26.56430,0.00004,0.00380,0.00466
1.44798,Balanced,27.14646,25.90430,26.56430,0.00006,0.00537,0.00433
1.45123,Balanced,27.14646,25.90430,26.56430,0.00002,0.01332,0.00324
1.45468,Balanced,27.14646,25.90430,26.56430,0.00003,0.00468,0.00345
1.45759,Balanced,27.14646,25.90430,26.56430,0.00004,0.00217,0.00292
1.46038,Balanced,27.14646,25.90430,26.56430,0.00002,0.00699,0.00279
1.46401,Balanced,27.14646,25.90430,26.56430,0.00003,0.00315,0.00363
1.46730,Balanced,27.14646,25.90430,26.56430,0.00004,0.00105,0.00329
1.47109,Balanced,27.14646,25.90430,26.56430,0.00003,0.00128,0.00379
1.47426,Balanced,27.14646,25.90430,26.56430,0.00002,0.00399,0.00318
1.47734,Balanced,27.14646,25.90430,26.56430,0.00004,0.00648,0.00308
1.48025,Balanced,27.14646,25.90430,26.56430,0.00008,0.01577,0.00291
1.48423,Balanced,27.14646,25.90430,26.56431,0.00048,0.09939,0.00398
1.48726,Balanced,27.14646,25.90430,26.56430,0.00063,0.04909,0.00304
1.49164,Balanced,27.14646,25.90430,26.56430,0.00003,0.13762,0.00437
1.49474,Balanced,27.14646,25.90430,26.56430,0.00004,0.00361,0.00310
1.49821,Balanced,27.14646,25.90430,26.56430,0.00003,0.00118,0.00347
1.50252,Balanced,27.14646,25.90431,26.56430,0.00003,0.00154,0.00431
1.50583,Balanced,27.14646,25.90430,26.56430,0.00002,0.00293,0.00331
1.50877,Balanced,27.14646,25.90430,26.56430,0.00004,0.00770,0.00294
1.51203,Balanced,27.14646,25.90430,26.56430,0.00008,0.01254,0.00327
1.51510,Balanced,27.14646,25.90430,26.56430,0.00002,0.02029,0.00306
1.51790,Balanced,27.14646,25.90430,26.56430,0.00004,0.00819,0.00281
1.52043,Balanced,27.14646,25.90431,26.56430,0.00002,0.00748,0.00253
1.52445,Balanced,27.14646,25.90430,26.56430,0.00003,0.00152,0.00402
1.52765,Balanced,27.14646,25.90430,26.56430,0.00002,0.00344,0.00319
1.53064,Balanced,27.14646,25.90430,26.56430,0.00004,0.00704,0.00300
1.53411,Balanced,27.14646,25.90430,26.56430,0.00003,0.00154,0.00346
1.53722,Balanced,27.14646,25.90430,26.56430,0.00002,0.00491,0.00312
1.54051,Balanced,27.14646,25.90430,26.56430,0.00004,0.00520,0.00329
1.54427,Balanced,27.14646,25.90430,26.56430,0.00007,0.00926,0.00375
1.54764,Balanced,27.14646,25.90430,26.56430,0.00004,0.01057,0.00338
1.55102,Balanced,27.14646,25.90430,26.56430,0.00002,0.00523,0.00338
1.55423,Balanced,27.14646,25.90430,26.56430,0.00004,0.00607,0.00321
1.55749,Balanced,27.14646,25.90430,26.56430,0.00004,0.00016,0.00326
1.56084,Balanced,27.14646,25.90430,26.56430,0.00002,0.00561,0.00336
1.56485,Balanced,27.14646,25.90430,26.56431,0.00048,0.11463,0.00401
1.56828,Balanced,27.14646,25.90430,26.56430,0.00056,0.02340,0.00343
1.57168,Balanced,27.14646,25.90430,26.56430,0.00004,0.15353,0.00340
1.57448,Balanced,27.14646,25.90430,26.56430,0.00002,0.00491,0.00280
1.57714,Balanced,27.14646,25.90430,26.56430,0.00009,0.02679,0.00266
1.58043,Balanced,27.14646,25.90430,26.56430,0.00004,0.01709,0.00329
1.58354,Balanced,27.14646,25.90430,26.56430,0.00004,0.00067,0.00311
1.58629,Balanced,27.14646,25.90430,26.56430,0.00002,0.00605,0.00275
1.58951,Balanced,27.14646,25.90430,26.56430,0.00004,0.00473,0.00323
1.59241,Balanced,27.14646,25.90430,26.56430,0.00002,0.00566,0.00290
1.59546,Balanced,27.14646,25.90430,26.56430,0.00004,0.00611,0.00304
1.59810,Balanced,27.14646,25.90430,26.56430,0.00002,0.00628,0.00264
1.60180,Balanced,27.14646,25.90430,26.56430,0.00003,0.00262,0.00370
1.60461,Balanced,27.14646,25.90430,26.56431,0.00068,0.23035,0.00281
1.60742,Balanced,27.14646,25.90430,26.56430,0.00068,0.00018,0.00282
1.61067,Balanced,27.14646,25.90430,26.56430,0.00008,0.18584,0.00325
1.61397,Balanced,27.14646,25.90430,26.56430,0.00004,0.01200,0.00331
1.61715,Balanced,27.14646,25.90430,26.56430,0.00004,0.00048,0.00317
1.61969,Balanced,27.14646,25.90430,26.56430,0.00002,0.00555,0.00254
1.62277,Balanced,27.14646,25.90430,26.56430,0.00002,0.00134,0.00308
1.62546,Balanced,27.14646,25.90430,26.56430,0.00004,0.00933,0.00269
1.62834,Balanced,27.14646,25.90430,26.56430,0.00002,0.00822,0.00288
1.63170,Balanced,27.14646,25.90430,26.56430,0.00004,0.00440,0.00336
1.63459,Balanced,27.14646,25.90430,26.56430,0.00002,0.00513,0.00289
1.63766,Balanced,27.14646,25.90430,26.56430,0.00004,0.00596,0.00306
1.64042,Balanced,27.14646,25.90430,26.56430,0.00009,0.01808,0.00277
1.64422,Balanced,27.14646,25.90430,26.56430,0.00003,0.01514,0.00379
1.64699,Balanced,27.14646,25.90430,26.56430,0.00002,0.00358,0.00277
1.65029,Balanced,27.14646,25.90430,26.56430,0.00004,0.00444,0.00330
1.65312,Balanced,27.14646,25.90430,26.56430,0.00002,0.00532,0.00283
1.65581,Balanced,27.14646,25.90430,26.56430,0.00004,0.00857,0.00270
1.65868,Balanced,27.14646,25.90430,26.56430,0.00002,0.00817,0.00287
1.66195,Balanced,27.14646,25.90430,26.56430,0.00004,0.00479,0.00327
1.66467,Balanced,27.14646,25.90430,26.56430,0.00002,0.00534,0.00272
1.66784,Balanced,27.14646,25.90430,26.56430,0.00004,0.00498,0.00316
1.67163,Balanced,27.14646,25.90430,26.56430,0.00003,0.00165,0.00380
1.67468,Balanced,27.14646,25.90430,26.56430,0.00002,0.00389,0.00305
1.67823,Balanced,27.14646,25.90430,26.56430,0.00008,0.01571,0.00354
1.68125,Balanced,27.14646,25.90430,26.56431,0.00063,0.18403,0.00302
1.68429,Balanced,27.14646,25.90430,26.56430,0.00125,0.20491,0.00304
1.68715,Balanced,27.14646,25.90430,26.56430,0.00067,0.20543,0.00286
1.68998,Balanced,27.14646,25.90430,26.56430,0.00004,0.22082,0.00283
1.69292,Balanced,27.14646,25.90430,26.56430,0.00002,0.00744,0.00294
1.69609,Balanced,27.14646,25.90430,26.56430,0.00004,0.00551,0.00316
1.69965,Balanced,27.14646,25.90430,26.56430,0.00002,0.00588,0.00357
1.70325,Balanced,27.14646,25.90430,26.56430,0.00003,0.00457,0.00360
1.70678,Balanced,27.14646,25.90430,26.56430,0.00003,0.00018,0.00353
1.70976,Balanced,27.14646,25.90430,26.56430,0.00008,0.01634,0.00298
1.71302,Balanced,27.14646,25.90430,26.56430,0.00004,0.01408,0.00325
1.71625,Balanced,27.14646,25.90430,26.56430,0.00004,0.00006,0.00324
1.72009,Balanced,27.14646,25.90430,26.56430,0.00002,0.00555,0.00384
1.72331,Balanced,27.14646,25.90430,26.56430,0.00004,0.00667,0.00322
1.72714,Balanced,27.14646,25.90430,26.56430,0.00003,0.00152,0.00382
1.73009,Balanced,27.14646,25.90430,26.56430,0.00002,0.00373,0.00295
1.73367,Balanced,27.14646,25.90430,26.56430,0.00003,0.00364,0.00359
1.73693,Balanced,27.14646,25.90430,26.56430,0.00004,0.00103,0.00326
1.74062,Balanced,27.14646,25.90430,26.56430,0.00003,0.00116,0.00369
1.74425,Balanced,27.14646,25.90430,26.56430,0.00007,0.00974,0.00363
1.74788,Balanced,27.14646,25.90430,26.56430,0.00003,0.00960,0.00363
1.75165,Balanced,27.14646,25.90430,26.56430,0.00003,0.00033,0.00377
1.75512,Balanced,27.14646,25.90430,26.56430,0.00003,0.00080,0.00347
1.75829,Balanced,27.14646,25.90430,26.56430,0.00002,0.00491,0.00317
1.76173,Balanced,27.14646,25.90430,26.56430,0.00003,0.00460,0.00344
1.76448,Balanced,27.14646,25.90430,26.56430,0.00002,0.00473,0.00276
1.76743,Balanced,27.14646,25.90430,26.56430,0.00004,0.00641,0.00294
1.77069,Balanced,27.14646,25.90430,26.56430,0.00002,0.00681,0.00326
1.77431,Balanced,27.14646,25.90430,26.56430,0.00007,0.01525,0.00362
1.77731,Balanced,27.14646,25.90430,26.56430,0.00002,0.01792,0.00299
1.78001,Balanced,27.14646,25.90430,26.56430,0.00004,0.00899,0.00270
1.78356,Balanced,27.14646,25.90430,26.56430,0.00054,0.13892,0.00355
1.78674,Balanced,27.14646,25.90430,26.56430,0.00060,0.01977,0.00318
1.79023,Balanced,27.14646,25.90430,26.56430,0.00003,0.16243,0.00349
1.79303,Balanced,27.14646,25.90430,26.56430,0.00002,0.00461,0.00280
1.79617,Balanced,27.14646,25.90430,26.56430,0.00004,0.00528,0.00315
1.79907,Balanced,27.14646,25.90430,26.56430,0.00066,0.21434,0.00290
1.80252,Balanced,27.14646,25.90430,26.56430,0.00055,0.03049,0.00345
1.80552,Balanced,27.14646,25.90430,26.56430,0.00002,0.17807,0.00300
1.80805,Balanced,27.14646,25.90430,26.56430,0.00002,0.00146,0.00253
1.81051,Balanced,27.14646,25.90430,26.56430,0.00010,0.03091,0.00246
1.81316,Balanced,27.14646,25.90430,26.56430,0.00005,0.02067,0.00265
1.81733,Balanced,27.14646,25.90430,26.56430,0.00003,0.00394,0.00417
1.82019,Balanced,27.14646,25.90430,26.56430,0.00067,0.22255,0.00286
1.82393,Balanced,27.14646,25.90430,26.56430,0.00051,0.04130,0.00373
1.82667,Balanced,27.14646,25.90430,26.56430,0.00002,0.17888,0.00274
1.82936,Balanced,27.14646,25.90430,26.56430,0.00004,0.00838,0.00269
1.83226,Balanced,27.14646,25.90430,26.56430,0.00002,0.00819,0.00291
1.83492,Balanced,27.14646,25.90430,26.56430,0.00002,0.00070,0.00266
1.83790,Balanced,27.14646,25.90430,26.56430,0.00004,0.00596,0.00297
1.84068,Balanced,27.14646,25.90431,26.56430,0.00002,0.00671,0.00278
1.84405,Balanced,27.14646,25.90430,26.56430,0.00057,0.16315,0.00337
1.84707,Balanced,27.14646,25.90430,26.56430,0.00063,0.01956,0.00303
1.84970,Balanced,27.14646,25.90430,26.56430,0.00002,0.23096,0.00263
1.85218,Balanced,27.14646,25.90430,26.56430,0.00002,0.00056,0.00248
1.85511,Balanced,27.14646,25.90430,26.56430,0.00004,0.00573,0.00292
1.85817,Balanced,27.14646,25.90430,26.56430,0.00002,0.00696,0.00307
1.86184,Balanced,27.14646,25.90430,26.56430,0.00052,0.13693,0.00367
1.86519,Balanced,27.14646,25.90430,26.56430,0.00057,0.01443,0.00335
1.86800,Balanced,27.14646,25.90430,26.56430,0.00002,0.19550,0.00281
1.87065,Balanced,27.14646,25.90430,26.56430,0.00002,0.00046,0.00265
1.87377,Balanced,27.14646,25.90430,26.56430,0.00004,0.00505,0.00312
1.87661,Balanced,27.14646,25.90430,26.56430,0.00002,0.00607,0.00284
1.87996,Balanced,27.14646,25.90430,26.56430,0.00008,0.01741,0.00336
1.88304,Balanced,27.14646,25.90430,26.56430,0.00002,0.01952,0.00308
1.88619,Balanced,27.14646,25.90430,26.56430,0.00004,0.00586,0.00315
1.88893,Balanced,27.14646,25.90430,26.56430,0.00002,0.00586,0.00274
1.89176,Balanced,27.14646,25.90430,26.56430,0.00002,0.00025,0.00283
1.89491,Balanced,27.14646,25.90430,26.56430,0.00004,0.00529,0.00315
1.89784,Balanced,27.14646,25.90430,26.56430,0.00002,0.00595,0.00293
1.90086,Balanced,27.14646,25.90430,26.56430,0.00004,0.00636,0.00302
1.90405,Balanced,27.14646,25.90430,26.56430,0.00002,0.00653,0.00319
1.90632,Balanced,27.14646,25.90430,26.56430,0.00003,0.00338,0.00226
1.90848,Balanced,27.14646,25.90430,26.56430,0.00003,0.00055,0.00217
1.91078,Balanced,27.14646,25.90430,26.56430,0.00011,0.03460,0.00230
1.91424,Balanced,27.14646,25.90430,26.56430,0.00003,0.02098,0.00345
1.91714,Balanced,27.14646,25.90430,26.56430,0.00002,0.00481,0.00290
1.92048,Balanced,27.14646,25.90430,26.56430,0.00004,0.00453,0.00334
1.92423,Balanced,27.14646,25.90430,26.56430,0.00003,0.00102,0.00374
1.92710,Balanced,27.14646,25.90430,26.56430,0.00002,0.00385,0.00287
1.93030,Balanced,27.14646,25.90430,26.56430,0.00004,0.00514,0.00320
1.93340,Balanced,27.14646,25.90430,26.56430,0.00002,0.00580,0.00310
1.93635,Balanced,27.14646,25.90430,26.56430,0.00002,0.00032,0.00295
1.93936,Balanced,27.14646,25.90431,26.56430,0.00004,0.00648,0.00301
1.94306,Balanced,27.14646,25.90430,26.56430,0.00003,0.00201,0.00370
1.94574,Balanced,27.14646,25.90430,26.56430,0.00002,0.00373,0.00268
1.94795,Balanced,27.14646,25.90430,26.56430,0.00011,0.04025,0.00221
1.95030,Balanced,27.14646,25.90430,26.56430,0.00003,0.03656,0.00235
1.95268,Balanced,27.14646,25.90430,26.56430,0.00003,0.00017,0.00238
1.95560,Balanced,27.14646,25.90430,26.56430,0.00004,0.00541,0.00292
1.95939,Balanced,27.14646,25.90430,26.56430,0.00002,0.00662,0.00379
1.96462,Balanced,27.14646,25.90430,26.56430,0.00003,0.00354,0.00523
1.96830,Balanced,27.14646,25.90430,26.56430,0.00003,0.00049,0.00368
1.97252,Balanced,27.14646,25.90430,26.56430,0.00003,0.00099,0.00422
1.97780,Balanced,27.14646,25.90430,26.56430,0.00002,0.00108,0.00528
1.98183,Balanced,27.14646,25.90430,26.56430,0.00007,0.01081,0.00403
1.98570,Balanced,27.14646,25.90430,26.56430,0.00003,0.00913,0.00387
1.98966,Balanced,27.14646,25.90430,26.56430,0.00003,0.00017,0.00396
1.99268,Balanced,27.14646,25.90430,26.56430,0.00002,0.00345,0.00303
1.99609,Balanced,27.14646,25.90430,26.56430,0.00003,0.00446,0.00341
2.00034,Balanced,27.14646,25.90430,26.56430,0.00003,0.00162,0.00425
2.00578,Balanced,27.14646,25.90430,26.56430,0.00002,0.00113,0.00544
2.00926,Balanced,27.14646,25.90430,26.56430,0.00003,0.00355,0.00348
2.01295,Balanced,27.14646,25.90430,26.56430,0.00002,0.00491,0.00369
2.01652,Balanced,27.14646,25.90430,26.56430,0.00007,0.01642,0.00357
2.02005,Fallen,27.14650,25.90417,26.56435,0.52000,147.34610,0.00353
2.02605,Fallen,27.14663,25.90377,26.56447,0.89137,61.80783,0.00601
2.02911,Fallen,27.14669,25.90356,26.56454,0.88076,3.46623,0.00306
2.03300,Fallen,27.14677,25.90331,26.56462,0.86889,3.05212,0.00389
2.03610,Fallen,27.14683,25.90310,26.56468,0.85457,4.61869,0.00310
2.03942,Fallen,27.14692,25.90288,26.56476,0.83270,6.59313,0.00332
2.04340,Fallen,27.14706,25.90261,26.56491,0.80491,6.97872,0.00398
2.04629,Fallen,27.14716,25.90241,26.56500,0.78492,6.93174,0.00288
2.04910,Fallen,27.14725,25.90222,26.56510,0.76714,6.31807,0.00282
2.05306,Fallen,27.14738,25.90195,26.56523,0.74485,5.62290,0.00396
2.05634,Fallen,27.14748,25.90173,26.56533,0.71962,7.69262,0.00328
2.06006,Fallen,27.14762,25.90149,26.56547,0.68772,8.57739,0.00372
2.06393,Fallen,27.14778,25.90124,26.56563,0.65418,8.67593,0.00387
2.06768,Fallen,27.14793,25.90100,26.56578,0.62498,7.78713,0.00375
2.07068,Fallen,27.14805,25.90081,26.56589,0.59847,8.82472,0.00300
2.07419,Fallen,27.14817,25.90059,26.56602,0.57248,7.41406,0.00351
2.07688,Fallen,27.14827,25.90041,26.56611,0.54748,9.29070,0.00269
2.07976,Fallen,27.14839,25.90023,26.56623,0.51862,10.01771,0.00288
2.08349,Fallen,27.14855,25.90001,26.56639,0.48788,8.23741,0.00373
2.08631,Fallen,27.14866,25.89983,26.56651,0.46111,9.49041,0.00282
2.08910,Fallen,27.14877,25.89966,26.56662,0.43829,8.18672,0.00279
2.09165,Fallen,27.14886,25.89951,26.56671,0.41637,8.58410,0.00255
2.09393,Fallen,27.14894,25.89937,26.56679,0.39659,8.68660,0.00228
2.09644,Fallen,27.14903,25.89921,26.56688,0.37726,7.71592,0.00251
2.09893,Fallen,27.14912,25.89906,26.56697,0.35367,9.43949,0.00250
2.10238,Fallen,27.14926,25.89886,26.56710,0.32479,8.38969,0.00344
2.10484,Fallen,27.14935,25.89872,26.56720,0.30127,9.56583,0.00246
2.10775,Fallen,27.14945,25.89854,26.56730,0.28022,7.23621,0.00291
2.11074,Fallen,27.14956,25.89837,26.56740,0.25720,7.67711,0.00300
2.11351,Fallen,27.14964,25.89820,26.56749,0.23465,8.15080,0.00277
2.11662,Fallen,27.14973,25.89802,26.56758,0.21235,7.16984,0.00311
2.11932,Fallen,27.14981,25.89787,26.56766,0.18690,9.42426,0.00270
2.12319,Fallen,27.14994,25.89764,26.56778,0.15940,7.11306,0.00387
2.12613,Fallen,27.15002,25.89748,26.56787,0.13475,8.36229,0.00295
2.12980,Fallen,27.15012,25.89727,26.56797,0.11096,6.48938,0.00367
2.13273,Fallen,27.15019,25.89710,26.56804,0.08800,7.84580,0.00293
2.13574,Fallen,27.15025,25.89693,26.56810,0.06800,6.64499,0.00301
2.13852,Fallen,27.15031,25.89677,26.56815,0.04757,7.34308,0.00278
2.14159,Fallen,27.15038,25.89660,26.56823,0.03090,5.42487,0.00307
2.14397,Fallen,27.15043,25.89647,26.56828,0.02083,4.22830,0.00238
2.14644,Fallen,27.15048,25.89634,26.56833,0.02413,1.33407,0.00247
2.14932,Fallen,27.15053,25.89618,26.56838,0.03550,3.94756,0.00288
2.15224,Fallen,27.15057,25.89602,26.56842,0.05073,5.23030,0.00291
2.15487,Fallen,27.15060,25.89588,26.56845,0.06635,5.92803,0.00264
2.15786,Fallen,27.15063,25.89572,26.56848,0.08222,5.30851,0.00299
2.16041,Fallen,27.15067,25.89558,26.56852,0.10432,8.66960,0.00255
2.16424,Fallen,27.15071,25.89538,26.56856,0.12169,4.53142,0.00383
2.16727,Fallen,27.15074,25.89522,26.56859,0.14007,6.06382,0.00303
2.17156,Fallen,27.15076,25.89500,26.56861,0.15879,4.36724,0.00428
2.17476,Fallen,27.15077,25.89483,26.56862,0.17790,5.97075,0.00320
2.17849,Fallen,27.15077,25.89463,26.56862,0.19561,4.74148,0.00373
2.18205,Fallen,27.15078,25.89445,26.56863,0.21785,6.25161,0.00356
2.18555,Fallen,27.15078,25.89427,26.56863,0.23401,4.61856,0.00350
2.18874,Fallen,27.15077,25.89411,26.56862,0.24908,4.72502,0.00319
2.19141,Fallen,27.15076,25.89398,26.56860,0.26195,4.81910,0.00267
2.19419,Fallen,27.15074,25.89384,26.56858,0.27370,4.22641,0.00278
2.19722,Fallen,27.15071,25.89368,26.56856,0.28580,3.99279,0.00303
2.20042,Fallen,27.15068,25.89352,26.56853,0.30237,5.17454,0.00320
2.20346,Fallen,27.15066,25.89338,26.56850,0.31602,4.49481,0.00304
2.20693,Fallen,27.15062,25.89322,26.56846,0.32878,3.67334,0.00347
2.20964,Fallen,27.15058,25.89309,26.56843,0.34081,4.45612,0.00270
2.21315,Fallen,27.15053,25.89292,26.56837,0.35233,3.27310,0.00352
2.21590,Fallen,27.15048,25.89279,26.56833,0.36417,4.30887,0.00275
2.21941,Fallen,27.15042,25.89263,26.56827,0.37689,3.62742,0.00351
2.22261,Fallen,27.15036,25.89248,26.56821,0.39106,4.42977,0.00320
2.22583,Fallen,27.15030,25.89233,26.56815,0.40199,3.38690,0.00323
2.22920,Fallen,27.15023,25.89218,26.56808,0.41307,3.29000,0.00337
2.23187,Fallen,27.15017,25.89206,26.56802,0.42282,3.66062,0.00267
2.23522,Fallen,27.15009,25.89191,26.56793,0.43236,2.84672,0.00335
2.23822,Fallen,27.15001,25.89177,26.56786,0.44239,3.34344,0.00300
2.24160,Fallen,27.14993,25.89163,26.56777,0.45471,3.64487,0.00338
2.24604,Fallen,27.14981,25.89143,26.56766,0.46581,2.49959,0.00444
2.24934,Fallen,27.14971,25.89129,26.56756,0.47679,3.32223,0.00331
2.25180,Fallen,27.14964,25.89118,26.56749,0.48443,3.11567,0.00245
2.25524,Fallen,27.14953,25.89103,26.56738,0.49180,2.14124,0.00344
2.25773,Fallen,27.14945,25.89092,26.56730,0.49932,3.02016,0.00249
2.26099,Fallen,27.14935,25.89078,26.56719,0.50822,2.72722,0.00326
2.26447,Fallen,27.14923,25.89064,26.56708,0.51602,2.24451,0.00348
2.26882,Fallen,27.14908,25.89045,26.56693,0.52447,1.94245,0.00435
2.27259,Fallen,27.14894,25.89030,26.56678,0.53300,2.26026,0.00377
2.27599,Fallen,27.14881,25.89015,26.56665,0.54000,2.05874,0.00340
2.27873,Fallen,27.14870,25.89004,26.56655,0.54623,2.27068,0.00274
2.28155,Fallen,27.14859,25.88993,26.56644,0.55249,2.22020,0.00282
2.28440,Fallen,27.14848,25.88981,26.56632,0.55704,1.59672,0.00285
2.28741,Fallen,27.14835,25.88969,26.56620,0.56156,1.50272,0.00300
2.29039,Fallen,27.14822,25.88957,26.56607,0.56599,1.48734,0.00298
2.29306,Fallen,27.14811,25.88946,26.56595,0.56988,1.45658,0.00266
2.29620,Fallen,27.14797,25.88933,26.56581,0.57372,1.22289,0.00314
2.29882,Fallen,27.14785,25.88923,26.56570,0.57775,1.54257,0.00262
2.30259,Fallen,27.14768,25.88908,26.56553,0.58262,1.28665,0.00378
2.30515,Fallen,27.14756,25.88898,26.56540,0.58629,1.43737,0.00255
2.30778,Fallen,27.14743,25.88889,26.56528,0.58878,0.94680,0.00263
2.31094,Fallen,27.14728,25.88876,26.56512,0.59141,0.83328,0.00316
2.31348,Fallen,27.14715,25.88866,26.56500,0.59394,0.99739,0.00254
2.31655,Fallen,27.14700,25.88855,26.56484,0.59614,0.71612,0.00308
2.31946,Fallen,27.14684,25.88844,26.56469,0.59919,1.04669,0.00291
2.32272,Fallen,27.14668,25.88832,26.56452,0.60183,0.81181,0.00325
2.32574,Fallen,27.14652,25.88820,26.56436,0.60374,0.62967,0.00302
2.32891,Fallen,27.14635,25.88809,26.56419,0.60554,0.56812,0.00317
2.33164,Fallen,27.14619,25.88799,26.56404,0.60697,0.52600,0.00273
2.33501,Fallen,27.14601,25.88786,26.56385,0.60810,0.33311,0.00338
2.34039,Fallen,27.14570,25.88766,26.56355,0.61046,0.43890,0.00538
2.34440,Fallen,27.14547,25.88752,26.56331,0.61278,0.57867,0.00401
2.34716,Fallen,27.14530,25.88742,26.56315,0.61375,0.35432,0.00276
2.35003,Fallen,27.14513,25.88733,26.56297,0.61402,0.09268,0.00287
2.35307,Fallen,27.14494,25.88722,26.56279,0.61432,0.09734,0.00305
2.35568,Fallen,27.14478,25.88712,26.56263,0.61447,0.05939,0.00261
2.35872,Fallen,27.14459,25.88702,26.56244,0.61462,0.04922,0.00304
2.36171,Fallen,27.14440,25.88692,26.56225,0.61532,0.23266,0.00299
2.36505,Fallen,27.14419,25.88680,26.56203,0.61501,0.09066,0.00333
2.36780,Fallen,27.14400,25.88671,26.56185,0.61482,0.07162,0.00276
2.37079,Fallen,27.14381,25.88660,26.56166,0.61429,0.17485,0.00299
2.37386,Fallen,27.14360,25.88650,26.56145,0.61376,0.17460,0.00307
2.37690,Fallen,27.14340,25.88640,26.56124,0.61310,0.21689,0.00304
2.38055,Fallen,27.14315,25.88628,26.56100,0.61290,0.05615,0.00365
2.38364,Fallen,27.14293,25.88618,26.56078,0.61230,0.19305,0.00309
2.38631,Fallen,27.14275,25.88609,26.56060,0.61141,0.33305,0.00267
2.38872,Fallen,27.14258,25.88601,26.56042,0.61063,0.32067,0.00241
2.39143,Fallen,27.14239,25.88593,26.56023,0.60945,0.43885,0.00271
2.39461,Fallen,27.14215,25.88582,26.56000,0.60846,0.30922,0.00318
2.39739,Fallen,27.14195,25.88573,26.55980,0.60722,0.44645,0.00278
2.40052,Fallen,27.14172,25.88563,26.55957,0.60645,0.24610,0.00313
2.40335,Fallen,27.14151,25.88554,26.55936,0.60535,0.39015,0.00283
2.40628,Fallen,27.14129,25.88545,26.55914,0.60396,0.47319,0.00293
2.40900,Fallen,27.14109,25.88536,26.55893,0.60265,0.48218,0.00271
2.41197,Fallen,27.14086,25.88527,26.55870,0.60125,0.47237,0.00298
2.41484,Fallen,27.14064,25.88518,26.55848,0.59968,0.54519,0.00287
2.41744,Fallen,27.14043,25.88510,26.55828,0.59835,0.51302,0.00260
2.42048,Fallen,27.14019,25.88501,26.55804,0.59714,0.39664,0.00304
2.42367,Fallen,27.13994,25.88492,26.55779,0.59556,0.49632,0.00320
2.42641,Fallen,27.13972,25.88483,26.55757,0.59394,0.59072,0.00274
2.42901,Fallen,27.13951,25.88476,26.55736,0.59236,0.60944,0.00259
2.43146,Fallen,27.13931,25.88468,26.55716,0.59097,0.56449,0.00246
2.43462,Fallen,27.13905,25.88459,26.55690,0.58902,0.61988,0.00316
2.43723,Fallen,27.13884,25.88451,26.55668,0.58748,0.58623,0.00261
2.43988,Fallen,27.13861,25.88443,26.55646,0.58617,0.49768,0.00265
2.44361,Fallen,27.13830,25.88433,26.55615,0.58425,0.51465,0.00373
2.44631,Fallen,27.13807,25.88425,26.55592,0.58245,0.66532,0.00270
2.44943,Fallen,27.13781,25.88416,26.55565,0.58054,0.61460,0.00311
2.45201,Fallen,27.13758,25.88409,26.55543,0.57885,0.65313,0.00259
2.45507,Fallen,27.13732,25.88400,26.55516,0.57683,0.65700,0.00306
2.45819,Fallen,27.13704,25.88391,26.55489,0.57507,0.56598,0.00311
2.46258,Fallen,27.13665,25.88379,26.55450,0.57296,0.48173,0.00439
2.46556,Fallen,27.13639,25.88371,26.55424,0.57082,0.71643,0.00298
2.46824,Fallen,27.13615,25.88364,26.55399,0.56901,0.67675,0.00268
2.47133,Fallen,27.13587,25.88356,26.55371,0.56702,0.64261,0.00309
2.47395,Fallen,27.13563,25.88348,26.55347,0.56524,0.68063,0.00262
2.47651,Fallen,27.13539,25.88342,26.55324,0.56341,0.71300,0.00256
2.47894,Fallen,27.13517,25.88335,26.55301,0.56187,0.63356,0.00243
2.48214,Fallen,27.13487,25.88326,26.55272,0.56002,0.57844,0.00321
2.48536,Fallen,27.13457,25.88318,26.55241,0.55805,0.61033,0.00322
2.48803,Fallen,27.13431,25.88311,26.55216,0.55613,0.72144,0.00267
2.49120,Fallen,27.13401,25.88303,26.55186,0.55409,0.64434,0.00317
2.49398,Fallen,27.13375,25.88295,26.55159,0.55235,0.62611,0.00278
2.49740,Fallen,27.13341,25.88286,26.55126,0.55023,0.62002,0.00342
2.50009,Fallen,27.13315,25.88280,26.55100,0.54854,0.62738,0.00270
2.50318,Fallen,27.13285,25.88272,26.55070,0.54654,0.64545,0.00309
2.50597,Fallen,27.13258,25.88265,26.55042,0.54479,0.62812,0.00279
2.50918,Fallen,27.13226,25.88257,26.55010,0.54294,0.57545,0.00321
2.51262,Fallen,27.13191,25.88248,26.54976,0.54067,0.66169,0.00344
2.51546,Fallen,27.13163,25.88242,26.54947,0.53886,0.63807,0.00284
2.51845,Fallen,27.13132,25.88234,26.54917,0.53722,0.54878,0.00299
2.52180,Fallen,27.13098,25.88226,26.54883,0.53511,0.62720,0.00336
2.52450,Fallen,27.13070,25.88219,26.54855,0.53343,0.62393,0.00270
2.52738,Fallen,27.13040,25.88213,26.54825,0.53172,0.59561,0.00288
2.53002,Fallen,27.13013,25.88206,26.54798,0.52997,0.66014,0.00264
2.53328,Fallen,27.12979,25.88198,26.54763,0.52812,0.56817,0.00326
2.53607,Fallen,27.12949,25.88192,26.54734,0.52634,0.63793,0.00279
2.53942,Fallen,27.12914,25.88184,26.54699,0.52457,0.52975,0.00335
2.54218,Fallen,27.12885,25.88177,26.54669,0.52286,0.61688,0.00276
2.54531,Fallen,27.12851,25.88171,26.54635,0.52122,0.52583,0.00313
2.54796,Fallen,27.12822,25.88165,26.54607,0.51967,0.58538,0.00264
2.55043,Fallen,27.12795,25.88159,26.54580,0.51807,0.64531,0.00247
2.55376,Fallen,27.12759,25.88151,26.54544,0.51614,0.57941,0.00333
2.55658,Fallen,27.12728,25.88145,26.54513,0.51477,0.48647,0.00282
2.55948,Fallen,27.12696,25.88138,26.54481,0.51303,0.59818,0.00291
2.56257,Fallen,27.12662,25.88132,26.54446,0.51133,0.55274,0.00309
2.56497,Fallen,27.12635,25.88126,26.54420,0.51010,0.51339,0.00239
2.56714,Fallen,27.12611,25.88122,26.54395,0.50883,0.58414,0.00217
2.56937,Fallen,27.12585,25.88117,26.54370,0.50742,0.62904,0.00223
2.57212,Fallen,27.12555,25.88111,26.54339,0.50588,0.56184,0.00275
2.57555,Fallen,27.12515,25.88103,26.54300,0.50451,0.39917,0.00343
2.57852,Fallen,27.12481,25.88097,26.54266,0.50295,0.52415,0.00297
2.58284,Fallen,27.12432,25.88088,26.54216,0.50114,0.42020,0.00433
2.58590,Fallen,27.12396,25.88081,26.54181,0.49950,0.53444,0.00306
2.58906,Fallen,27.12359,25.88075,26.54144,0.49803,0.46604,0.00317
2.59193,Fallen,27.12325,25.88069,26.54110,0.49668,0.47201,0.00287
2.59521,Fallen,27.12287,25.88062,26.54071,0.49499,0.51462,0.00328
2.59779,Fallen,27.12256,25.88057,26.54041,0.49372,0.49124,0.00258
2.60147,Fallen,27.12212,25.88049,26.53997,0.49218,0.41834,0.00368
2.60457,Fallen,27.12175,25.88043,26.53959,0.49072,0.47041,0.00310
2.60747,Fallen,27.12140,25.88037,26.53924,0.48939,0.45981,0.00290
2.61024,Fallen,27.12106,25.88032,26.53891,0.48796,0.51603,0.00277
2.61359,Fallen,27.12065,25.88025,26.53850,0.48667,0.38654,0.00335
2.61661,Fallen,27.12028,25.88019,26.53813,0.48532,0.44546,0.00302
2.61953,Fallen,27.11992,25.88014,26.53777,0.48395,0.46707,0.00293
2.62258,Fallen,27.11954,25.88008,26.53739,0.48277,0.38875,0.00305
2.62546,Fallen,27.11918,25.88003,26.53703,0.48153,0.43191,0.00288
2.62900,Fallen,27.11874,25.87996,26.53658,0.48027,0.35370,0.00355
2.63189,Fallen,27.11838,25.87990,26.53622,0.47865,0.56104,0.00289
2.63492,Fallen,27.11799,25.87985,26.53584,0.47771,0.31115,0.00302
2.63780,Fallen,27.11763,25.87979,26.53547,0.47637,0.46334,0.00289
2.64053,Fallen,27.11728,25.87974,26.53512,0.47548,0.32602,0.00273
2.64404,Fallen,27.11683,25.87968,26.53467,0.47406,0.40662,0.00351
2.64662,Fallen,27.11649,25.87963,26.53434,0.47319,0.33528,0.00258
2.64983,Fallen,27.11608,25.87957,26.53392,0.47186,0.41401,0.00322
2.65252,Fallen,27.11572,25.87952,26.53357,0.47086,0.37271,0.00269
2.65577,Fallen,27.11530,25.87947,26.53315,0.46965,0.37303,0.00325
2.65909,Fallen,27.11486,25.87941,26.53271,0.46850,0.34584,0.00332
2.66217,Fallen,27.11446,25.87935,26.53230,0.46731,0.38475,0.00308
2.66460,Fallen,27.11413,25.87931,26.53198,0.46652,0.32745,0.00243
2.66696,Fallen,27.11382,25.87927,26.53166,0.46592,0.25408,0.00236
2.66999,Fallen,27.11341,25.87922,26.53126,0.46458,0.44118,0.00303
2.67298,Fallen,27.11301,25.87917,26.53086,0.46355,0.34552,0.00299
2.67558,Fallen,27.11266,25.87913,26.53050,0.46264,0.34823,0.00260
2.67858,Fallen,27.11225,25.87908,26.53010,0.46173,0.30481,0.00300
2.68151,Fallen,27.11185,25.87903,26.52970,0.46093,0.27250,0.00293
2.68444,Fallen,27.11145,25.87898,26.52929,0.46002,0.31029,0.00293
2.68713,Fallen,27.11108,25.87894,26.52892,0.45883,0.44129,0.00269
2.69016,Fallen,27.11066,25.87889,26.52851,0.45811,0.23938,0.00302
2.69331,Fallen,27.11022,25.87884,26.52807,0.45702,0.34438,0.00315
2.69621,Fallen,27.10982,25.87879,26.52766,0.45620,0.28545,0.00290
2.69946,Fallen,27.10936,25.87874,26.52721,0.45516,0.31725,0.00325
2.70334,Fallen,27.10882,25.87868,26.52666,0.45448,0.17577,0.00388
2.70668,Fallen,27.10834,25.87862,26.52619,0.45342,0.31672,0.00334
2.70974,Fallen,27.10791,25.87858,26.52575,0.45274,0.22243,0.00306
2.71216,Fallen,27.10756,25.87854,26.52541,0.45181,0.38387,0.00242
2.71456,Fallen,27.10722,25.87850,26.52506,0.45139,0.17429,0.00240
2.71712,Fallen,27.10685,25.87846,26.52469,0.45047,0.36377,0.00256
2.72013,Fallen,27.10641,25.87842,26.52426,0.44939,0.35692,0.00301
2.72377,Fallen,27.10588,25.87836,26.52373,0.44892,0.12804,0.00364
2.72701,Fallen,27.10541,25.87831,26.52326,0.44791,0.31291,0.00325
2.72985,Fallen,27.10500,25.87827,26.52284,0.44725,0.23405,0.00284
2.73323,Fallen,27.10450,25.87822,26.52234,0.44635,0.26576,0.00339
2.73595,Fallen,27.10410,25.87819,26.52194,0.44565,0.25698,0.00272
2.73969,Fallen,27.10354,25.87813,26.52139,0.44490,0.19923,0.00374
2.74311,Fallen,27.10303,25.87808,26.52088,0.44422,0.19961,0.00342
2.74604,Fallen,27.10259,25.87804,26.52044,0.44343,0.27062,0.00293
2.74884,Fallen,27.10217,25.87800,26.52002,0.44281,0.22067,0.00280
2.75142,Fallen,27.10178,25.87797,26.51963,0.44231,0.19485,0.00258
2.75442,Fallen,27.10133,25.87793,26.51917,0.44136,0.31430,0.00300
2.75710,Fallen,27.10092,25.87789,26.51876,0.44071,0.24193,0.00268
2.75942,Fallen,27.10056,25.87786,26.51841,0.44039,0.14068,0.00232
2.76238,Fallen,27.10011,25.87782,26.51796,0.43952,0.29293,0.00296
2.76489,Fallen,27.09972,25.87778,26.51757,0.43908,0.17696,0.00250
2.76771,Fallen,27.09929,25.87775,26.51714,0.43825,0.29158,0.00282
2.77050,Fallen,27.09886,25.87771,26.51670,0.43776,0.17492,0.00279
2.77310,Fallen,27.09845,25.87768,26.51630,0.43733,0.16877,0.00259
2.77640,Fallen,27.09794,25.87763,26.51578,0.43644,0.26729,0.00330
2.77887,Fallen,27.09755,25.87760,26.51540,0.43596,0.19515,0.00246
2.78297,Fallen,27.09691,25.87755,26.51475,0.43529,0.16440,0.00410
2.78575,Fallen,27.09647,25.87752,26.51431,0.43508,0.07410,0.00278
2.78901,Fallen,27.09595,25.87748,26.51380,0.43424,0.25942,0.00326
2.79161,Fallen,27.09553,25.87744,26.51338,0.43385,0.14849,0.00261
2.79465,Fallen,27.09505,25.87741,26.51290,0.43291,0.30933,0.00304
2.79755,Fallen,27.09458,25.87737,26.51243,0.43280,0.03730,0.00289
2.80072,Fallen,27.09407,25.87733,26.51192,0.43220,0.18840,0.00318
2.80476,Fallen,27.09342,25.87729,26.51126,0.43144,0.18975,0.00403
2.80767,Fallen,27.09295,25.87725,26.51079,0.43108,0.12403,0.00291
2.81079,Fallen,27.09244,25.87721,26.51028,0.43039,0.21961,0.00312
2.81362,Fallen,27.09197,25.87718,26.50982,0.42990,0.17276,0.00283
2.81635,Fallen,27.09152,25.87715,26.50937,0.42957,0.12186,0.00272
2.81883,Fallen,27.09112,25.87712,26.50896,0.42887,0.28132,0.00248
2.82310,Fallen,27.09041,25.87707,26.50826,0.42843,0.10270,0.00427
2.82633,Fallen,27.08987,25.87704,26.50772,0.42781,0.19223,0.00323
2.82988,Fallen,27.08928,25.87700,26.50713,0.42747,0.09718,0.00355
2.83305,Fallen,27.08875,25.87696,26.50659,0.42685,0.19422,0.00318
2.83730,Fallen,27.08803,25.87691,26.50588,0.42636,0.11547,0.00425
2.84096,Fallen,27.08741,25.87688,26.50526,0.42603,0.08897,0.00366
2.84510,Fallen,27.08671,25.87683,26.50455,0.42542,0.14847,0.00415
2.84839,Fallen,27.08615,25.87680,26.50399,0.42483,0.17961,0.00329
2.85196,Fallen,27.08553,25.87676,26.50338,0.42450,0.09333,0.00356
2.85578,Fallen,27.08487,25.87672,26.50272,0.42401,0.12758,0.00383
2.85858,Fallen,27.08439,25.87670,26.50224,0.42337,0.22743,0.00279
2.86213,Fallen,27.08377,25.87666,26.50162,0.42312,0.06990,0.00355
2.86568,Fallen,27.08315,25.87663,26.50100,0.42238,0.21097,0.00355
2.86851,Fallen,27.08266,25.87660,26.50051,0.42209,0.10064,0.00283
2.87263,Fallen,27.08194,25.87656,26.49978,0.42135,0.17874,0.00412
2.87542,Fallen,27.08145,25.87653,26.49929,0.42082,0.19024,0.00279
2.87895,Fallen,27.08082,25.87650,26.49867,0.42064,0.05206,0.00352
2.88300,Fallen,27.08010,25.87646,26.49795,0.42001,0.15528,0.00405
2.88640,Fallen,27.07950,25.87643,26.49734,0.41963,0.11037,0.00340
2.88941,Fallen,27.07896,25.87640,26.49680,0.41931,0.10901,0.00301
2.89248,Fallen,27.07841,25.87637,26.49625,0.41856,0.24324,0.00307
2.89561,Fallen,27.07784,25.87634,26.49569,0.41807,0.15583,0.00313
2.89925,Fallen,27.07719,25.87631,26.49504,0.41774,0.09009,0.00364
2.90302,Fallen,27.07650,25.87628,26.49435,0.41731,0.11578,0.00378
2.90578,Fallen,27.07600,25.87626,26.49385,0.41704,0.09756,0.00276
2.90857,Fallen,27.07549,25.87623,26.49334,0.41670,0.11973,0.00279
2.91179,Fallen,27.07490,25.87621,26.49275,0.41603,0.20936,0.00322
2.91559,Fallen,27.07421,25.87617,26.49205,0.41548,0.14430,0.00381
2.91866,Fallen,27.07364,25.87615,26.49149,0.41530,0.05983,0.00306
2.92252,Fallen,27.07293,25.87612,26.49077,0.41500,0.07605,0.00386
2.92608,Fallen,27.07226,25.87609,26.49011,0.41447,0.15002,0.00356
2.92948,Fallen,27.07163,25.87606,26.48948,0.41422,0.07271,0.00340
2.93260,Fallen,27.07105,25.87604,26.48889,0.41346,0.24545,0.00312
2.93630,Fallen,27.07035,25.87601,26.48820,0.41320,0.07043,0.00369
2.93963,Fallen,27.06973,25.87598,26.48758,0.41285,0.10385,0.00333
2.94350,Fallen,27.06900,25.87596,26.48685,0.41235,0.12974,0.00387
2.94673,Fallen,27.06838,25.87593,26.48623,0.41235,0.00140,0.00323
2.94999,Fallen,27.06776,25.87591,26.48561,0.41185,0.15555,0.00326
2.95265,Fallen,27.06726,25.87589,26.48510,0.41138,0.17666,0.00266
2.95563,Fallen,27.06669,25.87587,26.48454,0.41089,0.16196,0.00298
2.95857,Fallen,27.06612,25.87585,26.48397,0.41066,0.07937,0.00294
2.96206,Fallen,27.06545,25.87582,26.48330,0.41005,0.17489,0.00349
2.96512,Fallen,27.06486,25.87580,26.48271,0.41010,0.01612,0.00306
2.96808,Fallen,27.06429,25.87578,26.48214,0.40933,0.26088,0.00296
2.97195,Fallen,27.06354,25.87576,26.48139,0.40909,0.06027,0.00387
2.97555,Fallen,27.06284,25.87573,26.48069,0.40897,0.03530,0.00360
2.97853,Fallen,27.06226,25.87571,26.48011,0.40849,0.15987,0.00298
2.98253,Fallen,27.06148,25.87569,26.47932,0.40836,0.03250,0.00400
2.98544,Fallen,27.06090,25.87567,26.47875,0.40794,0.14486,0.00291
2.98914,Fallen,27.06017,25.87565,26.47802,0.40739,0.14897,0.00370
2.99236,Fallen,27.05954,25.87563,26.47738,0.40731,0.02387,0.00322
2.99573,Fallen,27.05887,25.87561,26.47672,0.40690,0.12234,0.00337
2.99917,Fallen,27.05819,25.87559,26.47603,0.40678,0.03545,0.00344
3.00253,Fallen,27.05751,25.87557,26.47536,0.40620,0.16996,0.00337
3.00579,Fallen,27.05686,25.87555,26.47471,0.40588,0.10108,0.00325
3.00880,Fallen,27.05626,25.87554,26.47411,0.40564,0.07848,0.00301
3.01163,Fallen,27.05569,25.87552,26.47354,0.40484,0.28166,0.00283
3.01408,Fallen,27.05520,25.87551,26.47304,0.40518,0.13638,0.00246
3.01695,Fallen,27.05462,25.87549,26.47247,0.40442,0.26467,0.00287
3.01950,Fallen,27.05410,25.87548,26.47195,0.40459,0.06596,0.00255
3.02291,Fallen,27.05341,25.87546,26.47126,0.40392,0.19581,0.00341
3.02628,Fallen,27.05272,25.87544,26.47057,0.40356,0.10770,0.00337
3.02924,Fallen,27.05212,25.87543,26.46997,0.40309,0.15888,0.00295
3.03251,Fallen,27.05146,25.87542,26.46930,0.40290,0.05724,0.00327
3.03609,Fallen,27.05072,25.87540,26.46857,0.40268,0.06220,0.00358
3.03962,Fallen,27.05000,25.87538,26.46784,0.40242,0.07227,0.00353
3.04427,Fallen,27.04904,25.87536,26.46688,0.40225,0.03776,0.00465
3.04678,Fallen,27.04852,25.87535,26.46636,0.40246,0.08542,0.00251
3.04964,Fallen,27.04793,25.87534,26.46577,0.40144,0.35794,0.00286
3.05345,Fallen,27.04713,25.87532,26.46498,0.40147,0.00832,0.00381
3.05609,Fallen,27.04658,25.87531,26.46443,0.40135,0.04472,0.00264
3.05921,Fallen,27.04593,25.87529,26.46378,0.40070,0.20876,0.00312
3.06241,Fallen,27.04526,25.87528,26.46311,0.40049,0.06547,0.00321
3.06525,Fallen,27.04467,25.87527,26.46251,0.39988,0.21538,0.00284
3.06817,Fallen,27.04405,25.87526,26.46190,0.40021,0.11244,0.00292
3.07077,Fallen,27.04350,25.87525,26.46135,0.39970,0.19409,0.00260
3.07384,Fallen,27.04285,25.87524,26.46070,0.39921,0.15880,0.00307
3.07634,Fallen,27.04232,25.87523,26.46017,0.39916,0.02287,0.00250
3.07920,Fallen,27.04172,25.87522,26.45957,0.39870,0.15901,0.00285
3.08304,Fallen,27.04090,25.87521,26.45875,0.39850,0.05187,0.00384
3.08594,Fallen,27.04029,25.87520,26.45813,0.39804,0.15891,0.00290
3.08896,Fallen,27.03964,25.87519,26.45749,0.39807,0.01070,0.00303
3.09242,Fallen,27.03890,25.87518,26.45675,0.39743,0.18537,0.00346
3.09613,Fallen,27.03810,25.87516,26.45595,0.39767,0.06351,0.00371
3.09892,Fallen,27.03750,25.87515,26.45535,0.39717,0.17891,0.00279
3.10170,Fallen,27.03690,25.87515,26.45475,0.39740,0.08187,0.00278
3.10399,Fallen,27.03641,25.87514,26.45425,0.39655,0.36824,0.00229
3.10633,Fallen,27.03590,25.87513,26.45375,0.39636,0.08264,0.00235
3.10918,Fallen,27.03528,25.87512,26.45313,0.39623,0.04632,0.00284
3.11216,Fallen,27.03464,25.87512,26.45248,0.39575,0.15983,0.00298
3.11564,Fallen,27.03388,25.87510,26.45173,0.39530,0.12940,0.00349
3.11841,Fallen,27.03327,25.87510,26.45112,0.39592,0.22433,0.00277
3.12224,Fallen,27.03244,25.87509,26.45028,0.39485,0.28076,0.00383
3.12503,Fallen,27.03182,25.87508,26.44967,0.39539,0.19256,0.00279
3.12808,Fallen,27.03116,25.87508,26.44900,0.39444,0.31126,0.00304
3.13102,Fallen,27.03051,25.87507,26.44836,0.39427,0.05572,0.00294
3.13395,Fallen,27.02986,25.87506,26.44771,0.39439,0.03933,0.00293
3.13696,Fallen,27.02920,25.87506,26.44704,0.39401,0.12714,0.00301
3.14005,Fallen,27.02851,25.87505,26.44636,0.39340,0.19644,0.00309
3.14303,Fallen,27.02785,25.87504,26.44570,0.39383,0.14374,0.00297
3.14545,Fallen,27.02732,25.87504,26.44516,0.39326,0.23395,0.00242
3.14838,Fallen,27.02666,25.87503,26.44451,0.39287,0.13430,0.00293
3.15145,Fallen,27.02598,25.87503,26.44383,0.39246,0.13243,0.00307
3.15421,Fallen,27.02536,25.87502,26.44321,0.39280,0.12420,0.00277
3.15736,Fallen,27.02465,25.87501,26.44250,0.39230,0.15868,0.00315
3.16010,Fallen,27.02404,25.87501,26.44189,0.39208,0.08086,0.00274
3.16365,Fallen,27.02324,25.87500,26.44109,0.39160,0.13690,0.00356
3.16637,Fallen,27.02263,25.87500,26.44047,0.39194,0.12518,0.00272
3.16924,Fallen,27.02198,25.87500,26.43983,0.39139,0.18902,0.00286
3.17207,Fallen,27.02134,25.87499,26.43919,0.39088,0.18157,0.00284
3.17545,Fallen,27.02057,25.87499,26.43842,0.39066,0.06453,0.00338
3.17875,Fallen,27.01982,25.87499,26.43767,0.39080,0.04277,0.00330
3.18205,Fallen,27.01907,25.87498,26.43692,0.39049,0.09427,0.00330
3.18505,Fallen,27.01839,25.87498,26.43624,0.38999,0.16576,0.00300
3.18817,Fallen,27.01768,25.87498,26.43552,0.38983,0.05153,0.00313
3.19115,Fallen,27.01699,25.87497,26.43484,0.38990,0.02271,0.00298
3.19390,Fallen,27.01637,25.87497,26.43421,0.38938,0.18837,0.00275
3.19680,Fallen,27.01570,25.87497,26.43354,0.38934,0.01529,0.00290
3.19990,Fallen,27.01499,25.87497,26.43283,0.38902,0.10394,0.00309
3.20291,Fallen,27.01429,25.87497,26.43214,0.38886,0.05229,0.00301
3.20620,Fallen,27.01353,25.87496,26.43138,0.38841,0.13665,0.00330
3.20898,Fallen,27.01289,25.87496,26.43073,0.38877,0.12866,0.00278
3.21303,Fallen,27.01195,25.87496,26.42979,0.38805,0.17726,0.00405
3.21586,Fallen,27.01129,25.87496,26.42914,0.38773,0.11233,0.00283
3.21925,Fallen,27.01050,25.87496,26.42835,0.38751,0.06440,0.00340
3.22268,Fallen,27.00970,25.87496,26.42755,0.38760,0.02602,0.00342
3.22555,Fallen,27.00903,25.87496,26.42688,0.38736,0.08416,0.00288
3.22836,Fallen,27.00837,25.87496,26.42622,0.38724,0.04161,0.00281
3.23114,Fallen,27.00772,25.87496,26.42557,0.38663,0.21909,0.00278
3.23408,Fallen,27.00703,25.87496,26.42488,0.38647,0.05552,0.00294
3.23682,Fallen,27.00639,25.87496,26.42423,0.38612,0.12750,0.00274
3.23927,Fallen,27.00581,25.87496,26.42365,0.38625,0.05272,0.00245
3.24203,Fallen,27.00516,25.87496,26.42300,0.38562,0.22752,0.00276
3.24505,Fallen,27.00445,25.87496,26.42229,0.38527,0.11621,0.00302
3.24828,Fallen,27.00368,25.87496,26.42153,0.38514,0.03943,0.00324
3.25106,Fallen,27.00302,25.87496,26.42087,0.38567,0.19123,0.00277
3.25469,Fallen,27.00216,25.87497,26.42001,0.38491,0.21022,0.00363
3.25748,Fallen,27.00150,25.87497,26.41934,0.38459,0.11490,0.00279
3.26116,Fallen,27.00062,25.87497,26.41846,0.38456,0.00943,0.00369
3.26435,Fallen,26.99986,25.87497,26.41770,0.38419,0.11345,0.00319
3.26758,Fallen,26.99908,25.87497,26.41693,0.38392,0.08374,0.00322
3.27049,Fallen,26.99838,25.87498,26.41623,0.38389,0.01143,0.00292
3.27320,Fallen,26.99773,25.87498,26.41558,0.38367,0.07992,0.00271
3.27594,Fallen,26.99708,25.87498,26.41492,0.38357,0.03844,0.00273
3.27893,Fallen,26.99636,25.87498,26.41420,0.38309,0.15928,0.00300
3.28398,Fallen,26.99514,25.87499,26.41298,0.38285,0.04854,0.00505
3.28688,Fallen,26.99444,25.87499,26.41228,0.38308,0.08041,0.00290
3.28948,Fallen,26.99380,25.87500,26.41165,0.38266,0.16269,0.00261
3.29208,Fallen,26.99318,25.87500,26.41102,0.38219,0.18060,0.00259
3.29553,Fallen,26.99234,25.87500,26.41019,0.38202,0.04779,0.00345
3.29829,Fallen,26.99167,25.87501,26.40951,0.38202,0.00006,0.00277
3.30147,Fallen,26.99089,25.87501,26.40874,0.38143,0.18556,0.00318
3.30431,Fallen,26.99020,25.87502,26.40805,0.38150,0.02333,0.00284
3.30684,Fallen,26.98958,25.87502,26.40743,0.38091,0.23199,0.00253
3.30993,Fallen,26.98883,25.87503,26.40667,0.38098,0.02066,0.00309
3.31248,Fallen,26.98820,25.87504,26.40605,0.38085,0.05057,0.00254
3.31548,Fallen,26.98746,25.87504,26.40531,0.38091,0.02173,0.00300
3.31888,Fallen,26.98663,25.87505,26.40448,0.38010,0.23806,0.00340
3.32286,Fallen,26.98565,25.87506,26.40350,0.37987,0.05900,0.00398
3.32613,Fallen,26.98485,25.87506,26.40269,0.37969,0.05577,0.00327
3.32905,Fallen,26.98413,25.87507,26.40197,0.37938,0.10593,0.00292
3.33207,Fallen,26.98338,25.87508,26.40123,0.37909,0.09476,0.00302
3.33570,Fallen,26.98248,25.87508,26.40033,0.37892,0.04637,0.00362
3.33895,Fallen,26.98168,25.87509,26.39952,0.37871,0.06541,0.00325
3.34279,Fallen,26.98072,25.87510,26.39857,0.37841,0.07732,0.00384
3.34642,Fallen,26.97982,25.87511,26.39767,0.37848,0.01915,0.00363
3.34966,Fallen,26.97901,25.87512,26.39686,0.37835,0.04026,0.00323
3.35296,Fallen,26.97819,25.87513,26.39603,0.37798,0.11261,0.00331
3.35591,Fallen,26.97745,25.87513,26.39530,0.37790,0.02834,0.00295
3.35905,Fallen,26.97666,25.87514,26.39451,0.37747,0.13603,0.00314
3.36256,Fallen,26.97578,25.87515,26.39363,0.37704,0.12313,0.00351
3.36580,Fallen,26.97497,25.87516,26.39282,0.37671,0.09926,0.00324
3.36873,Fallen,26.97424,25.87517,26.39208,0.37683,0.03874,0.00293
3.37188,Fallen,26.97344,25.87518,26.39129,0.37691,0.02692,0.00315
3.37462,Fallen,26.97275,25.87519,26.39060,0.37640,0.18786,0.00274
3.37738,Fallen,26.97206,25.87519,26.38990,0.37572,0.24793,0.00276
3.37965,Fallen,26.97148,25.87520,26.38933,0.37567,0.02023,0.00227
3.38263,Fallen,26.97073,25.87521,26.38857,0.37547,0.06610,0.00298
3.38534,Fallen,26.97004,25.87522,26.38789,0.37517,0.11138,0.00271
3.38824,Fallen,26.96931,25.87523,26.38715,0.37504,0.04553,0.00291
3.39099,Fallen,26.96861,25.87524,26.38646,0.37466,0.13919,0.00275
3.39419,Fallen,26.96780,25.87525,26.38564,0.37433,0.10292,0.00320
3.39674,Fallen,26.96715,25.87526,26.38500,0.37441,0.03159,0.00254
3.39997,Fallen,26.96633,25.87527,26.38418,0.37375,0.20409,0.00324
3.40340,Fallen,26.96546,25.87528,26.38330,0.37361,0.03983,0.00343
3.40670,Fallen,26.96462,25.87529,26.38246,0.37345,0.04972,0.00330
3.40949,Fallen,26.96390,25.87530,26.38175,0.37350,0.01995,0.00279
3.41247,Fallen,26.96314,25.87531,26.38099,0.37316,0.11287,0.00298
3.41543,Fallen,26.96239,25.87532,26.38023,0.37275,0.14199,0.00295
3.41872,Fallen,26.96154,25.87534,26.37939,0.37283,0.02663,0.00329
3.42228,Fallen,26.96063,25.87535,26.37847,0.37258,0.07155,0.00356
3.42551,Fallen,26.95980,25.87536,26.37764,0.37236,0.06790,0.00323
3.42856,Fallen,26.95901,25.87537,26.37686,0.37202,0.10963,0.00305
3.43121,Fallen,26.95833,25.87539,26.37617,0.37214,0.04347,0.00265
3.43360,Fallen,26.95771,25.87539,26.37556,0.37187,0.11243,0.00239
3.43636,Fallen,26.95700,25.87540,26.37484,0.37146,0.14794,0.00276
3.43905,Fallen,26.95630,25.87542,26.37415,0.37091,0.20585,0.00269
3.44320,Fallen,26.95523,25.87543,26.37308,0.37079,0.02863,0.00415
3.44612,Fallen,26.95447,25.87545,26.37232,0.37083,0.01262,0.00292
3.44951,Fallen,26.95360,25.87546,26.37144,0.37038,0.13300,0.00339
3.45204,Fallen,26.95294,25.87547,26.37079,0.37038,0.00118,0.00253
3.45549,Fallen,26.95204,25.87549,26.36989,0.37001,0.10647,0.00346
3.45816,Fallen,26.95135,25.87550,26.36919,0.36999,0.00744,0.00267
3.46149,Fallen,26.95048,25.87551,26.36833,0.36962,0.11303,0.00333
3.46436,Fallen,26.94973,25.87552,26.36758,0.36935,0.09208,0.00287
3.46777,Fallen,26.94884,25.87554,26.36669,0.36903,0.09514,0.00341
3.47113,Fallen,26.94797,25.87556,26.36581,0.36915,0.03669,0.00335
3.47375,Fallen,26.94728,25.87557,26.36513,0.36887,0.10608,0.00262
3.47589,Fallen,26.94672,25.87558,26.36456,0.36854,0.15589,0.00214
3.47806,Fallen,26.94615,25.87559,26.36399,0.36856,0.00878,0.00218
3.48117,Fallen,26.94533,25.87560,26.36318,0.36838,0.05845,0.00310
3.48441,Fallen,26.94448,25.87562,26.36233,0.36794,0.13427,0.00325
3.48727,Fallen,26.94373,25.87564,26.36158,0.36758,0.12694,0.00285
3.49050,Fallen,26.94288,25.87565,26.36073,0.36737,0.06526,0.00324
3.49351,Fallen,26.94209,25.87567,26.35994,0.36731,0.01731,0.00301
3.49667,Fallen,26.94126,25.87569,26.35910,0.36713,0.05675,0.00316
3.49959,Fallen,26.94048,25.87570,26.35833,0.36700,0.04641,0.00292
3.50298,Fallen,26.93959,25.87572,26.35744,0.36675,0.07234,0.00338
3.50591,Fallen,26.93881,25.87574,26.35666,0.36647,0.09647,0.00293
3.50855,Fallen,26.93811,25.87575,26.35596,0.36629,0.07043,0.00264
3.51158,Fallen,26.93731,25.87577,26.35516,0.36582,0.15362,0.00303
3.51464,Fallen,26.93650,25.87578,26.35435,0.36594,0.03886,0.00306
3.51796,Fallen,26.93562,25.87580,26.35346,0.36569,0.07508,0.00332
3.52084,Fallen,26.93485,25.87581,26.35270,0.36555,0.04956,0.00288
3.52394,Fallen,26.93403,25.87583,26.35187,0.36526,0.09348,0.00310
3.52627,Fallen,26.93341,25.87585,26.35125,0.36499,0.11569,0.00233
3.52867,Fallen,26.93277,25.87586,26.35061,0.36497,0.00621,0.00240
3.53217,Fallen,26.93184,25.87588,26.34968,0.36428,0.19952,0.00349
3.53483,Fallen,26.93113,25.87589,26.34897,0.36414,0.05055,0.00266
3.53760,Fallen,26.93038,25.87591,26.34823,0.36419,0.01872,0.00278
3.54037,Fallen,26.92964,25.87593,26.34749,0.36404,0.05691,0.00277
3.54325,Fallen,26.92887,25.87594,26.34672,0.36363,0.14208,0.00288
3.54625,Fallen,26.92807,25.87596,26.34592,0.36329,0.11257,0.00299
3.54932,Fallen,26.92725,25.87598,26.34509,0.36318,0.03598,0.00308
3.55284,Fallen,26.92630,25.87600,26.34415,0.36299,0.05451,0.00352
3.55529,Fallen,26.92565,25.87602,26.34349,0.36282,0.06683,0.00244
3.55808,Fallen,26.92490,25.87603,26.34274,0.36272,0.03796,0.00280
3.56123,Fallen,26.92405,25.87605,26.34190,0.36225,0.14749,0.00315
3.56422,Fallen,26.92325,25.87607,26.34109,0.36221,0.01568,0.00298
3.56783,Fallen,26.92227,25.87609,26.34012,0.36194,0.07400,0.00362
3.57082,Fallen,26.92146,25.87611,26.33931,0.36180,0.04560,0.00299
3.57422,Fallen,26.92055,25.87613,26.33840,0.36145,0.10299,0.00339
3.57689,Fallen,26.91983,25.87615,26.33768,0.36153,0.03028,0.00267
3.57954,Fallen,26.91911,25.87617,26.33696,0.36116,0.13929,0.00265
3.58261,Fallen,26.91828,25.87619,26.33613,0.36119,0.00879,0.00307
3.58533,Fallen,26.91754,25.87621,26.33539,0.36085,0.12366,0.00272
3.58856,Fallen,26.91667,25.87623,26.33451,0.36061,0.07516,0.00323
3.59117,Fallen,26.91596,25.87624,26.33381,0.36062,0.00331,0.00261
3.59470,Fallen,26.91500,25.87627,26.33285,0.36028,0.09504,0.00353
3.59756,Fallen,26.91422,25.87629,26.33207,0.35987,0.14403,0.00287
3.60070,Fallen,26.91337,25.87631,26.33121,0.35958,0.09342,0.00314
3.60401,Fallen,26.91247,25.87633,26.33031,0.35956,0.00625,0.00331
3.60720,Fallen,26.91160,25.87635,26.32944,0.35922,0.10629,0.00319
3.61016,Fallen,26.91079,25.87637,26.32864,0.35893,0.09590,0.00296
3.61352,Fallen,26.90988,25.87640,26.32772,0.35889,0.01332,0.00335
3.61682,Fallen,26.90897,25.87642,26.32682,0.35875,0.04095,0.00330
3.61983,Fallen,26.90815,25.87644,26.32600,0.35842,0.10993,0.00301
3.62283,Fallen,26.90733,25.87646,26.32518,0.35836,0.02093,0.00300
3.62536,Fallen,26.90664,25.87648,26.32448,0.35832,0.01646,0.00253
3.62859,Fallen,26.90575,25.87650,26.32360,0.35779,0.16351,0.00323
3.63141,Fallen,26.90498,25.87652,26.32283,0.35738,0.14505,0.00281
3.63399,Fallen,26.90427,25.87654,26.32212,0.35746,0.02895,0.00259
3.63743,Fallen,26.90333,25.87657,26.32117,0.35714,0.09172,0.00344
3.64021,Fallen,26.90257,25.87659,26.32041,0.35685,0.10555,0.00278
3.64380,Fallen,26.90158,25.87661,26.31943,0.35686,0.00254,0.00359
3.64660,Fallen,26.90081,25.87663,26.31866,0.35641,0.16183,0.00280
3.64973,Fallen,26.89995,25.87666,26.31779,0.35608,0.10259,0.00313
3.65260,Fallen,26.89916,25.87668,26.31701,0.35589,0.06609,0.00286
3.65550,Fallen,26.89836,25.87670,26.31620,0.35577,0.04280,0.00291
3.65852,Fallen,26.89753,25.87672,26.31537,0.35555,0.07318,0.00302
3.66174,Fallen,26.89664,25.87675,26.31448,0.35530,0.07591,0.00322
3.66476,Fallen,26.89581,25.87677,26.31365,0.35499,0.10320,0.00301
3.66727,Fallen,26.89511,25.87679,26.31296,0.35482,0.06864,0.00251
3.66957,Fallen,26.89448,25.87681,26.31232,0.35484,0.00964,0.00230
3.67187,Fallen,26.89384,25.87683,26.31169,0.35458,0.11292,0.00230
3.67444,Fallen,26.89313,25.87684,26.31098,0.35429,0.11316,0.00257
3.67770,Fallen,26.89223,25.87687,26.31007,0.35418,0.03537,0.00326
3.68029,Fallen,26.89151,25.87689,26.30935,0.35403,0.05860,0.00259
3.68364,Fallen,26.89058,25.87691,26.30843,0.35381,0.06454,0.00335
3.68643,Fallen,26.88980,25.87694,26.30765,0.35334,0.16852,0.00279
3.68910,Fallen,26.88906,25.87696,26.30691,0.35333,0.00485,0.00267
3.69233,Fallen,26.88817,25.87699,26.30601,0.35336,0.01195,0.00323
3.69503,Fallen,26.88742,25.87701,26.30526,0.35315,0.08037,0.00269
3.69795,Fallen,26.88660,25.87703,26.30445,0.35254,0.20851,0.00293
3.70071,Fallen,26.88584,25.87705,26.30368,0.35248,0.02015,0.00276
3.70453,Fallen,26.88478,25.87708,26.30262,0.35229,0.05022,0.00382
3.70761,Fallen,26.88391,25.87711,26.30176,0.35232,0.01115,0.00308
3.71059,Fallen,26.88308,25.87713,26.30093,0.35217,0.05291,0.00298
3.71311,Fallen,26.88238,25.87715,26.30023,0.35180,0.14716,0.00252
3.71560,Fallen,26.88169,25.87717,26.29953,0.35174,0.02101,0.00249
3.71824,Fallen,26.88095,25.87719,26.29879,0.35148,0.09928,0.00264
3.72268,Fallen,26.87971,25.87723,26.29755,0.35125,0.05192,0.00444
3.72633,Fallen,26.87868,25.87726,26.29653,0.35104,0.05794,0.00365
3.72959,Fallen,26.87777,25.87729,26.29562,0.35097,0.02272,0.00326
3.73306,Fallen,26.87680,25.87732,26.29465,0.35083,0.03788,0.00347
3.73595,Fallen,26.87599,25.87735,26.29383,0.35056,0.09316,0.00290
3.73896,Fallen,26.87514,25.87737,26.29299,0.35042,0.04816,0.00300
3.74235,Fallen,26.87419,25.87740,26.29204,0.35019,0.06902,0.00339
3.74541,Fallen,26.87333,25.87742,26.29118,0.34979,0.12878,0.00306
3.74824,Fallen,26.87253,25.87745,26.29038,0.34969,0.03702,0.00284
3.75100,Fallen,26.87176,25.87747,26.28961,0.34953,0.05755,0.00275
3.75427,Fallen,26.87084,25.87750,26.28868,0.34930,0.07092,0.00327
3.75693,Fallen,26.87009,25.87752,26.28794,0.34890,0.15034,0.00266
3.75936,Fallen,26.86941,25.87755,26.28725,0.34863,0.10998,0.00243
3.76241,Fallen,26.86855,25.87757,26.28639,0.34872,0.02847,0.00305
3.76476,Fallen,26.86788,25.87759,26.28573,0.34812,0.25453,0.00235
3.76764,Fallen,26.86707,25.87762,26.28492,0.34823,0.03909,0.00288
3.77052,Fallen,26.86626,25.87764,26.28411,0.34791,0.11174,0.00287
3.77319,Fallen,26.86551,25.87767,26.28335,0.34754,0.13594,0.00268
3.77641,Fallen,26.86460,25.87770,26.28244,0.34748,0.02058,0.00322
3.77923,Fallen,26.86380,25.87772,26.28165,0.34743,0.01631,0.00282
3.78346,Fallen,26.86260,25.87776,26.28045,0.34706,0.08702,0.00423
3.78609,Fallen,26.86186,25.87778,26.27971,0.34704,0.00930,0.00263
3.78936,Fallen,26.86094,25.87782,26.27878,0.34648,0.17125,0.00327
3.79190,Fallen,26.86022,25.87784,26.27806,0.34647,0.00306,0.00254
3.79520,Fallen,26.85928,25.87787,26.27713,0.34642,0.01450,0.00330
3.79826,Fallen,26.85841,25.87790,26.27626,0.34622,0.06601,0.00306
3.80186,Fallen,26.85739,25.87793,26.27524,0.34597,0.06897,0.00360
3.80521,Fallen,26.85644,25.87796,26.27429,0.34583,0.04191,0.00335
3.80780,Fallen,26.85571,25.87798,26.27355,0.34568,0.06104,0.00258
3.81027,Fallen,26.85501,25.87801,26.27285,0.34544,0.09595,0.00247
3.81271,Fallen,26.85431,25.87803,26.27216,0.34487,0.23097,0.00244
3.81642,Fallen,26.85326,25.87806,26.27111,0.34447,0.10982,0.00371
3.81932,Fallen,26.85243,25.87809,26.27028,0.34468,0.07225,0.00291
3.82294,Fallen,26.85140,25.87812,26.26925,0.34455,0.03483,0.00362
3.82560,Fallen,26.85065,25.87815,26.26850,0.34402,0.19837,0.00266
3.82834,Fallen,26.84987,25.87818,26.26772,0.34395,0.02581,0.00274
3.83135,Fallen,26.84901,25.87821,26.26686,0.34384,0.03613,0.00301
3.83378,Fallen,26.84832,25.87823,26.26617,0.34334,0.20918,0.00242
3.83655,Fallen,26.84753,25.87826,26.26538,0.34339,0.01827,0.00278
3.83926,Fallen,26.84676,25.87828,26.26460,0.34322,0.06256,0.00271
3.84380,Fallen,26.84546,25.87833,26.26331,0.34290,0.07140,0.00454
3.84669,Fallen,26.84464,25.87835,26.26249,0.34262,0.09652,0.00289
3.84959,Fallen,26.84381,25.87838,26.26166,0.34232,0.10045,0.00290
3.85273,Fallen,26.84292,25.87841,26.26077,0.34225,0.02251,0.00313
3.85535,Fallen,26.84217,25.87844,26.26002,0.34194,0.12110,0.00262
3.85765,Fallen,26.84151,25.87846,26.25936,0.34220,0.11368,0.00231
3.86001,Fallen,26.84084,25.87848,26.25868,0.34151,0.29021,0.00236
3.86312,Fallen,26.83995,25.87851,26.25780,0.34146,0.01709,0.00311
3.86619,Fallen,26.83907,25.87854,26.25692,0.34097,0.15931,0.00307
3.86853,Fallen,26.83840,25.87856,26.25625,0.34096,0.00709,0.00234
3.87146,Fallen,26.83757,25.87859,26.25541,0.34079,0.05523,0.00293
3.87421,Fallen,26.83678,25.87862,26.25463,0.34068,0.04261,0.00275
3.87712,Fallen,26.83595,25.87865,26.25379,0.34062,0.01834,0.00292
3.88030,Fallen,26.83504,25.87868,26.25288,0.34024,0.12026,0.00318
3.88378,Fallen,26.83404,25.87872,26.25189,0.33982,0.12215,0.00348
3.88680,Fallen,26.83317,25.87875,26.25102,0.33967,0.04789,0.00302
3.88925,Fallen,26.83247,25.87877,26.25032,0.33988,0.08275,0.00245
3.89182,Fallen,26.83174,25.87880,26.24958,0.33911,0.29989,0.00256
3.89495,Fallen,26.83084,25.87883,26.24868,0.33930,0.06190,0.00313
3.89783,Fallen,26.83001,25.87886,26.24786,0.33883,0.16534,0.00287
3.90066,Fallen,26.82920,25.87889,26.24705,0.33850,0.11296,0.00284
3.90401,Fallen,26.82824,25.87892,26.24609,0.33846,0.01347,0.00335
3.90637,Fallen,26.82756,25.87894,26.24541,0.33851,0.02076,0.00236
3.90880,Fallen,26.82686,25.87897,26.24471,0.33833,0.07187,0.00243
3.91151,Fallen,26.82609,25.87900,26.24393,0.33785,0.17781,0.00271
3.91458,Fallen,26.82520,25.87903,26.24305,0.33773,0.03926,0.00307
3.91703,Fallen,26.82450,25.87905,26.24235,0.33749,0.10053,0.00245
3.92013,Fallen,26.82361,25.87909,26.24146,0.33744,0.01521,0.00310
3.92340,Fallen,26.82267,25.87912,26.24052,0.33709,0.10686,0.00327
3.92705,Fallen,26.82162,25.87916,26.23947,0.33712,0.00872,0.00365
3.93020,Fallen,26.82071,25.87919,26.23856,0.33700,0.03967,0.00315
3.93341,Fallen,26.81979,25.87922,26.23763,0.33659,0.12701,0.00321
3.93626,Fallen,26.81897,25.87925,26.23681,0.33630,0.09962,0.00285
3.93927,Fallen,26.81810,25.87928,26.23595,0.33647,0.05540,0.00301
3.94336,Fallen,26.81692,25.87932,26.23477,0.33628,0.04660,0.00409
3.94683,Fallen,26.81592,25.87936,26.23377,0.33598,0.08579,0.00347
3.94984,Fallen,26.81505,25.87939,26.23290,0.33573,0.08424,0.00301
3.95297,Fallen,26.81415,25.87943,26.23199,0.33566,0.02262,0.00312
3.95577,Fallen,26.81334,25.87945,26.23119,0.33523,0.15190,0.00280
3.95867,Fallen,26.81250,25.87948,26.23035,0.33507,0.05453,0.00290
3.96237,Fallen,26.81143,25.87952,26.22928,0.33478,0.07914,0.00370
3.96538,Fallen,26.81056,25.87956,26.22841,0.33504,0.08742,0.00301
3.96871,Fallen,26.80960,25.87959,26.22745,0.33471,0.09989,0.00333
3.97164,Fallen,26.80875,25.87962,26.22660,0.33439,0.10852,0.00293
3.97539,Fallen,26.80767,25.87967,26.22552,0.33395,0.11926,0.00376
3.97849,Fallen,26.80677,25.87970,26.22462,0.33421,0.08649,0.00309
3.98197,Fallen,26.80576,25.87974,26.22361,0.33369,0.15014,0.00349
3.98512,Fallen,26.80485,25.87977,26.22270,0.33346,0.07230,0.00315
3.98808,Fallen,26.80400,25.87980,26.22184,0.33318,0.09397,0.00296
3.99149,Fallen,26.80301,25.87984,26.22085,0.33321,0.00799,0.00341
3.99458,Fallen,26.80211,25.87987,26.21996,0.33315,0.01954,0.00308
3.99752,Fallen,26.80126,25.87990,26.21911,0.33254,0.20715,0.00294
4.00042,Fallen,26.80042,25.87993,26.21827,0.33235,0.06482,0.00290
4.00362,Fallen,26.79949,25.87997,26.21734,0.33240,0.01393,0.00320
4.00690,Fallen,26.79854,25.88000,26.21639,0.33197,0.13021,0.00328
4.01018,Fallen,26.79759,25.88004,26.21544,0.33197,0.00036,0.00329
4.01370,Fallen,26.79657,25.88008,26.21442,0.33136,0.17505,0.00351
4.01767,Fallen,26.79542,25.88012,26.21326,0.33119,0.04052,0.00397
4.02104,Fallen,26.79444,25.88016,26.21229,0.33117,0.00646,0.00337
4.02506,Fallen,26.79327,25.88020,26.21112,0.33101,0.04092,0.00402
4.02802,Fallen,26.79241,25.88023,26.21026,0.33097,0.01134,0.00296
4.03147,Fallen,26.79141,25.88027,26.20926,0.33056,0.12033,0.00345
4.03462,Fallen,26.79049,25.88031,26.20834,0.33020,0.11466,0.00315
4.03798,Fallen,26.78952,25.88034,26.20737,0.32994,0.07699,0.00336
4.04095,Fallen,26.78866,25.88037,26.20650,0.33000,0.01939,0.00297
4.04419,Fallen,26.78772,25.88041,26.20556,0.32974,0.07889,0.00323
4.04650,Fallen,26.78704,25.88044,26.20489,0.32975,0.00296,0.00231
4.04908,Fallen,26.78629,25.88047,26.20414,0.32886,0.34679,0.00258
4.05166,Fallen,26.78554,25.88050,26.20339,0.32901,0.05871,0.00259
4.05506,Fallen,26.78456,25.88053,26.20240,0.32843,0.16870,0.00340
4.05752,Fallen,26.78384,25.88056,26.20169,0.32855,0.04574,0.00246
4.06047,Fallen,26.78298,25.88059,26.20083,0.32814,0.13720,0.00295
4.06354,Fallen,26.78209,25.88063,26.19994,0.32813,0.00345,0.00307
4.06691,Fallen,26.78111,25.88067,26.19896,0.32793,0.05906,0.00336
4.06966,Fallen,26.78031,25.88070,26.19816,0.32765,0.10116,0.00275
4.07254,Fallen,26.77948,25.88073,26.19732,0.32744,0.07301,0.00288
4.07534,Fallen,26.77866,25.88076,26.19651,0.32694,0.18099,0.00280
4.07814,Fallen,26.77785,25.88079,26.19570,0.32713,0.06856,0.00280
4.08170,Fallen,26.77681,25.88083,26.19466,0.32682,0.08785,0.00356
4.08461,Fallen,26.77597,25.88087,26.19381,0.32662,0.06924,0.00291
4.08785,Fallen,26.77502,25.88090,26.19287,0.32631,0.09289,0.00324
4.09075,Fallen,26.77418,25.88094,26.19203,0.32629,0.00992,0.00290
4.09339,Fallen,26.77341,25.88096,26.19126,0.32592,0.13793,0.00264
4.09587,Fallen,26.77269,25.88099,26.19054,0.32580,0.04726,0.00248
4.09863,Fallen,26.77189,25.88103,26.18974,0.32576,0.01533,0.00275
4.10268,Fallen,26.77071,25.88107,26.18856,0.32510,0.16347,0.00406
4.10555,Fallen,26.76988,25.88110,26.18772,0.32493,0.05894,0.00287
4.10874,Fallen,26.76895,25.88114,26.18680,0.32470,0.07061,0.00319
4.11131,Fallen,26.76820,25.88117,26.18605,0.32465,0.02190,0.00257
4.11418,Fallen,26.76737,25.88120,26.18521,0.32454,0.03738,0.00287
4.11697,Fallen,26.76655,25.88124,26.18440,0.32442,0.04491,0.00279
4.12075,Fallen,26.76546,25.88128,26.18330,0.32394,0.12528,0.00378
4.12417,Fallen,26.76446,25.88132,26.18230,0.32411,0.04999,0.00342
4.12724,Fallen,26.76356,25.88136,26.18141,0.32398,0.04434,0.00307
4.13018,Fallen,26.76271,25.88139,26.18055,0.32358,0.13401,0.00294
4.13302,Fallen,26.76188,25.88142,26.17973,0.32358,0.00241,0.00283
4.13580,Fallen,26.76107,25.88145,26.17892,0.32334,0.08345,0.00279
4.13883,Fallen,26.76019,25.88149,26.17803,0.32290,0.14742,0.00303
4.14178,Fallen,26.75933,25.88152,26.17718,0.32272,0.06141,0.00295
4.14427,Fallen,26.75860,25.88155,26.17645,0.32253,0.07374,0.00250
4.14665,Fallen,26.75791,25.88158,26.17576,0.32200,0.22526,0.00238
4.14960,Fallen,26.75705,25.88161,26.17490,0.32192,0.02535,0.00294
4.15218,Fallen,26.75630,25.88164,26.17415,0.32209,0.06399,0.00258
4.15466,Fallen,26.75558,25.88167,26.17343,0.32196,0.05156,0.00248
4.15767,Fallen,26.75470,25.88171,26.17255,0.32169,0.09090,0.00301
4.16016,Fallen,26.75398,25.88173,26.17183,0.32112,0.22624,0.00249
4.16374,Fallen,26.75294,25.88178,26.17078,0.32093,0.05410,0.00358
4.16635,Fallen,26.75218,25.88181,26.17002,0.32125,0.12394,0.00261
4.16927,Fallen,26.75133,25.88184,26.16917,0.32055,0.24147,0.00292
4.17237,Fallen,26.75043,25.88188,26.16827,0.32058,0.00962,0.00309
4.17519,Fallen,26.74960,25.88191,26.16745,0.32019,0.13576,0.00283
4.17839,Fallen,26.74867,25.88195,26.16652,0.32014,0.01491,0.00320
4.18161,Fallen,26.74773,25.88198,26.16558,0.31996,0.05706,0.00322
4.18464,Fallen,26.74685,25.88202,26.16470,0.31990,0.02008,0.00303
4.18737,Fallen,26.74606,25.88205,26.16390,0.31986,0.01625,0.00273
4.19018,Fallen,26.74524,25.88209,26.16308,0.31963,0.07936,0.00281
4.19269,Fallen,26.74450,25.88212,26.16235,0.31947,0.06365,0.00251
4.19548,Fallen,26.74369,25.88215,26.16154,0.31920,0.09891,0.00279
4.19863,Fallen,26.74277,25.88219,26.16062,0.31882,0.12037,0.00315
4.20180,Fallen,26.74185,25.88222,26.15970,0.31881,0.00302,0.00317
4.20487,Fallen,26.74096,25.88226,26.15880,0.31857,0.07819,0.00307
4.20784,Fallen,26.74009,25.88229,26.15794,0.31840,0.05743,0.00297
4.21047,Fallen,26.73933,25.88232,26.15718,0.31821,0.07036,0.00263
4.21357,Fallen,26.73842,25.88236,26.15627,0.31807,0.04485,0.00310
4.21605,Fallen,26.73770,25.88239,26.15555,0.31808,0.00227,0.00248
4.21942,Fallen,26.73672,25.88243,26.15457,0.31750,0.17168,0.00337
4.22272,Fallen,26.73576,25.88247,26.15360,0.31758,0.02410,0.00330
4.22590,Fallen,26.73483,25.88251,26.15268,0.31721,0.11536,0.00318
4.22850,Fallen,26.73407,25.88254,26.15192,0.31731,0.03914,0.00260
4.23152,Fallen,26.73319,25.88258,26.15104,0.31679,0.17279,0.00302
4.23510,Fallen,26.73215,25.88262,26.15000,0.31668,0.03227,0.00358
4.23826,Fallen,26.73123,25.88265,26.14908,0.31666,0.00566,0.00317
4.24199,Fallen,26.73015,25.88270,26.14799,0.31614,0.13891,0.00372
4.24476,Fallen,26.72934,25.88273,26.14718,0.31630,0.05868,0.00277
4.24727,Fallen,26.72861,25.88276,26.14645,0.31592,0.15135,0.00251
4.24999,Fallen,26.72781,25.88279,26.14566,0.31554,0.14131,0.00273
4.25287,Fallen,26.72698,25.88283,26.14482,0.31580,0.09067,0.00287
4.25575,Fallen,26.72614,25.88286,26.14398,0.31520,0.20619,0.00288
4.25828,Fallen,26.72540,25.88289,26.14325,0.31543,0.08760,0.00253
4.26164,Fallen,26.72442,25.88293,26.14227,0.31470,0.21716,0.00336
4.26443,Fallen,26.72361,25.88297,26.14146,0.31461,0.03174,0.00279
4.26758,Fallen,26.72269,25.88300,26.14054,0.31466,0.01798,0.00314
4.27053,Fallen,26.72184,25.88304,26.13968,0.31447,0.06656,0.00295
4.27359,Fallen,26.72094,25.88308,26.13879,0.31408,0.12496,0.00307
4.27636,Fallen,26.72014,25.88311,26.13799,0.31418,0.03413,0.00276
4.27914,Fallen,26.71933,25.88314,26.13717,0.31374,0.15809,0.00279
4.28268,Fallen,26.71830,25.88318,26.13614,0.31372,0.00590,0.00354
4.28547,Fallen,26.71749,25.88322,26.13533,0.31345,0.09448,0.00279
4.28791,Fallen,26.71677,25.88325,26.13462,0.31361,0.06513,0.00245
4.29035,Fallen,26.71607,25.88328,26.13391,0.31296,0.26796,0.00243
4.29292,Fallen,26.71532,25.88331,26.13317,0.31309,0.05196,0.00257
4.29632,Fallen,26.71433,25.88335,26.13218,0.31267,0.12550,0.00340
4.29948,Fallen,26.71341,25.88339,26.13126,0.31249,0.05630,0.00315
4.30365,Fallen,26.71220,25.88344,26.13004,0.31224,0.05881,0.00418
4.30608,Fallen,26.71149,25.88347,26.12934,0.31233,0.03691,0.00242
4.30890,Fallen,26.71067,25.88350,26.12852,0.31210,0.08174,0.00282
4.31163,Fallen,26.70988,25.88353,26.12772,0.31153,0.20922,0.00274
4.31498,Fallen,26.70890,25.88357,26.12675,0.31182,0.08809,0.00334
4.31788,Fallen,26.70806,25.88361,26.12590,0.31130,0.18054,0.00291
4.32056,Fallen,26.70728,25.88364,26.12513,0.31129,0.00300,0.00268
4.32419,Fallen,26.70622,25.88368,26.12407,0.31114,0.04253,0.00363
4.32687,Fallen,26.70544,25.88372,26.12329,0.31078,0.13332,0.00268
4.32941,Fallen,26.70471,25.88375,26.12255,0.31042,0.14385,0.00254
4.33175,Fallen,26.70403,25.88378,26.12188,0.31034,0.03039,0.00234
4.33440,Fallen,26.70326,25.88381,26.12111,0.31032,0.01051,0.00265
4.33711,Fallen,26.70247,25.88384,26.12032,0.30992,0.14679,0.00271
4.34004,Fallen,26.70162,25.88387,26.11947,0.30969,0.07792,0.00294
4.34305,Fallen,26.70075,25.88391,26.11859,0.30966,0.00962,0.00301
4.34640,Fallen,26.69977,25.88395,26.11762,0.30944,0.06632,0.00335
4.34896,Fallen,26.69903,25.88398,26.11688,0.30945,0.00478,0.00255
4.35211,Fallen,26.69812,25.88402,26.11596,0.30921,0.07699,0.00315
4.35464,Fallen,26.69738,25.88405,26.11523,0.30890,0.12390,0.00253
4.35758,Fallen,26.69653,25.88408,26.11437,0.30894,0.01668,0.00294
4.36023,Fallen,26.69576,25.88412,26.11361,0.30839,0.21022,0.00264
4.36330,Fallen,26.69487,25.88415,26.11272,0.30839,0.00026,0.00307
4.36627,Fallen,26.69401,25.88419,26.11185,0.30834,0.01682,0.00297
4.36900,Fallen,26.69321,25.88422,26.11106,0.30824,0.03533,0.00273
4.37203,Fallen,26.69234,25.88426,26.11018,0.30777,0.15508,0.00303
4.37495,Fallen,26.69149,25.88429,26.10934,0.30767,0.03507,0.00292
4.37809,Fallen,26.69058,25.88433,26.10843,0.30769,0.00485,0.00314
4.38153,Fallen,26.68958,25.88437,26.10743,0.30749,0.05788,0.00344
4.38415,Fallen,26.68882,25.88441,26.10667,0.30714,0.13165,0.00262
4.38654,Fallen,26.68813,25.88443,26.10598,0.30685,0.12155,0.00240
4.38893,Fallen,26.68744,25.88446,26.10528,0.30655,0.12611,0.00239
4.39177,Fallen,26.68662,25.88450,26.10446,0.30634,0.07319,0.00283
4.39502,Fallen,26.68567,25.88454,26.10352,0.30659,0.07520,0.00325
4.39800,Fallen,26.68481,25.88457,26.10266,0.30638,0.06922,0.00298
4.40156,Fallen,26.68378,25.88461,26.10163,0.30584,0.15230,0.00356
4.40416,Fallen,26.68303,25.88465,26.10087,0.30600,0.06093,0.00260
4.40724,Fallen,26.68213,25.88468,26.09998,0.30576,0.07674,0.00308
4.40974,Fallen,26.68141,25.88471,26.09926,0.30555,0.08470,0.00250
4.41277,Fallen,26.68054,25.88475,26.09838,0.30551,0.01266,0.00302
4.41574,Fallen,26.67968,25.88479,26.09752,0.30512,0.12983,0.00297
4.41860,Fallen,26.67885,25.88482,26.09670,0.30465,0.16636,0.00286
4.42189,Fallen,26.67790,25.88486,26.09575,0.30491,0.07878,0.00329
4.42523,Fallen,26.67693,25.88490,26.09478,0.30440,0.15166,0.00335
4.42755,Fallen,26.67626,25.88493,26.09411,0.30457,0.07389,0.00231
4.43019,Fallen,26.67550,25.88496,26.09334,0.30439,0.06946,0.00264
4.43306,Fallen,26.67467,25.88499,26.09252,0.30408,0.10782,0.00286
4.43604,Fallen,26.67381,25.88503,26.09166,0.30358,0.16589,0.00298
4.43910,Fallen,26.67292,25.88507,26.09077,0.30344,0.04636,0.00307
4.44297,Fallen,26.67181,25.88512,26.08965,0.30354,0.02608,0.00387
4.44662,Fallen,26.67075,25.88516,26.08860,0.30345,0.02556,0.00365
4.44976,Fallen,26.66985,25.88520,26.08769,0.30335,0.03017,0.00313
4.45259,Fallen,26.66903,25.88523,26.08688,0.30275,0.21271,0.00283
4.45593,Fallen,26.66806,25.88527,26.08591,0.30290,0.04463,0.00334
4.45863,Fallen,26.66728,25.88531,26.08513,0.30265,0.09430,0.00270
4.46226,Fallen,26.66624,25.88535,26.08408,0.30217,0.13041,0.00363
4.46513,Fallen,26.66541,25.88538,26.08325,0.30249,0.10951,0.00287
4.46806,Fallen,26.66456,25.88542,26.08241,0.30172,0.26306,0.00293
4.47139,Fallen,26.66360,25.88546,26.08145,0.30181,0.02763,0.00333
4.47429,Fallen,26.66277,25.88549,26.08062,0.30144,0.12707,0.00290
4.47682,Fallen,26.66204,25.88552,26.07989,0.30112,0.12561,0.00253
4.47953,Fallen,26.66126,25.88556,26.07911,0.30091,0.07918,0.00272
4.48310,Fallen,26.66023,25.88560,26.07808,0.30081,0.02726,0.00357
4.48588,Fallen,26.65943,25.88563,26.07728,0.30086,0.01804,0.00278
4.48867,Fallen,26.65863,25.88567,26.07648,0.30074,0.04286,0.00279
4.49161,Fallen,26.65778,25.88570,26.07563,0.30025,0.16562,0.00294
4.49434,Fallen,26.65700,25.88573,26.07484,0.30033,0.02739,0.00272
4.49741,Fallen,26.65611,25.88577,26.07396,0.30013,0.06396,0.00308
4.50006,Fallen,26.65535,25.88580,26.07320,0.30000,0.05176,0.00265
4.50367,Fallen,26.65431,25.88585,26.07216,0.29968,0.08745,0.00361
4.50638,Fallen,26.65353,25.88588,26.07138,0.29947,0.07691,0.00271
4.50909,Fallen,26.65276,25.88591,26.07060,0.29957,0.03691,0.00271
4.51182,Fallen,26.65197,25.88594,26.06982,0.29879,0.28693,0.00273
4.51470,Fallen,26.65115,25.88598,26.06899,0.29889,0.03622,0.00288
4.51766,Fallen,26.65029,25.88601,26.06814,0.29894,0.01687,0.00297
4.52042,Fallen,26.64950,25.88604,26.06735,0.29823,0.25680,0.00276
4.52342,Fallen,26.64864,25.88608,26.06649,0.29818,0.01705,0.00300
4.52593,Fallen,26.64792,25.88611,26.06577,0.29843,0.10123,0.00250
4.52867,Fallen,26.64713,25.88614,26.06498,0.29825,0.06836,0.00274
4.53181,Fallen,26.64623,25.88618,26.06408,0.29772,0.16792,0.00314
4.53469,Fallen,26.64541,25.88622,26.06326,0.29786,0.05046,0.00287
4.53802,Fallen,26.64446,25.88626,26.06230,0.29684,0.30586,0.00334
4.54125,Fallen,26.64353,25.88630,26.06138,0.29705,0.06324,0.00323
4.54393,Fallen,26.64277,25.88633,26.06061,0.29684,0.07910,0.00267
4.54700,Fallen,26.64189,25.88636,26.05973,0.29702,0.05893,0.00307
4.54978,Fallen,26.64109,25.88640,26.05894,0.29645,0.20374,0.00278
4.55298,Fallen,26.64018,25.88643,26.05802,0.29625,0.06400,0.00320
4.55564,Fallen,26.63941,25.88647,26.05726,0.29663,0.14512,0.00266
4.55852,Fallen,26.63859,25.88650,26.05644,0.29641,0.07765,0.00287
4.56191,Fallen,26.63762,25.88654,26.05547,0.29614,0.07904,0.00339
4.56544,Fallen,26.63661,25.88659,26.05446,0.29591,0.06445,0.00353
4.56865,Fallen,26.63569,25.88662,26.05354,0.29590,0.00318,0.00321
4.57130,Fallen,26.63493,25.88665,26.05278,0.29572,0.07108,0.00265
4.57368,Fallen,26.63426,25.88668,26.05210,0.29543,0.12142,0.00237
4.57616,Fallen,26.63354,25.88671,26.05139,0.29530,0.05308,0.00249
4.57909,Fallen,26.63271,25.88674,26.05056,0.29471,0.20104,0.00292
4.58290,Fallen,26.63162,25.88679,26.04947,0.29458,0.03363,0.00381
4.58559,Fallen,26.63086,25.88682,26.04870,0.29471,0.04737,0.00269
4.58858,Fallen,26.63000,25.88686,26.04785,0.29447,0.08022,0.00300
4.59137,Fallen,26.62921,25.88689,26.04705,0.29430,0.05943,0.00279
4.59480,Fallen,26.62823,25.88693,26.04608,0.29428,0.00706,0.00343
4.59738,Fallen,26.62749,25.88696,26.04534,0.29385,0.16623,0.00258
4.60111,Fallen,26.62643,25.88701,26.04428,0.29371,0.03751,0.00372
4.60411,Fallen,26.62558,25.88704,26.04342,0.29343,0.09197,0.00301
4.60722,Fallen,26.62469,25.88708,26.04254,0.29308,0.11427,0.00311
4.61012,Fallen,26.62387,25.88711,26.04171,0.29305,0.00859,0.00290
4.61314,Fallen,26.62301,25.88715,26.04085,0.29288,0.05783,0.00302
4.61633,Fallen,26.62210,25.88719,26.03995,0.29298,0.03367,0.00319
4.61922,Fallen,26.62128,25.88722,26.03912,0.29282,0.05778,0.00289
4.62194,Fallen,26.62050,25.88725,26.03835,0.29252,0.10930,0.00272
4.62443,Fallen,26.61980,25.88728,26.03764,0.29237,0.06048,0.00249
4.62716,Fallen,26.61902,25.88731,26.03687,0.29211,0.09319,0.00273
4.63013,Fallen,26.61818,25.88735,26.03602,0.29180,0.10487,0.00297
4.63298,Fallen,26.61737,25.88738,26.03522,0.29142,0.13438,0.00285
4.63719,Fallen,26.61617,25.88743,26.03402,0.29121,0.05042,0.00421
4.64029,Fallen,26.61529,25.88747,26.03314,0.29166,0.14552,0.00310
4.64433,Fallen,26.61415,25.88752,26.03199,0.29125,0.10062,0.00404
4.64771,Fallen,26.61319,25.88755,26.03104,0.29106,0.05644,0.00338
4.65095,Fallen,26.61227,25.88759,26.03012,0.29101,0.01464,0.00324
4.65370,Fallen,26.61149,25.88763,26.02934,0.29085,0.05843,0.00275
4.65671,Fallen,26.61064,25.88766,26.02848,0.29054,0.10290,0.00301
4.65958,Fallen,26.60983,25.88770,26.02767,0.28991,0.22053,0.00287
4.66282,Fallen,26.60891,25.88773,26.02676,0.28997,0.01641,0.00324
4.66567,Fallen,26.60810,25.88777,26.02595,0.28988,0.02835,0.00285
4.66819,Fallen,26.60739,25.88779,26.02523,0.28994,0.02334,0.00253
4.67054,Fallen,26.60672,25.88782,26.02457,0.28965,0.12519,0.00235
4.67292,Fallen,26.60605,25.88785,26.02390,0.28910,0.22940,0.00238
4.67539,Fallen,26.60535,25.88788,26.02320,0.28884,0.10506,0.00247
4.67810,Fallen,26.60459,25.88791,26.02244,0.28858,0.09581,0.00271
4.68113,Fallen,26.60373,25.88794,26.02158,0.28848,0.03317,0.00303
4.68414,Fallen,26.60289,25.88798,26.02073,0.28830,0.06185,0.00300
4.68677,Fallen,26.60215,25.88801,26.01999,0.28793,0.13896,0.00263
4.68940,Fallen,26.60141,25.88804,26.01925,0.28775,0.06882,0.00264
4.69245,Fallen,26.60055,25.88807,26.01839,0.28789,0.04507,0.00305
4.69540,Fallen,26.59972,25.88811,26.01756,0.28779,0.03429,0.00295
4.69861,Fallen,26.59881,25.88815,26.01666,0.28780,0.00304,0.00322
4.70185,Fallen,26.59790,25.88818,26.01575,0.28724,0.17125,0.00323
4.70494,Fallen,26.59703,25.88822,26.01488,0.28714,0.03445,0.00309
4.70789,Fallen,26.59620,25.88825,26.01405,0.28676,0.12908,0.00295
4.71085,Fallen,26.59537,25.88829,26.01322,0.28691,0.05216,0.00296
4.71376,Fallen,26.59455,25.88832,26.01240,0.28700,0.03087,0.00291
4.71639,Fallen,26.59381,25.88835,26.01166,0.28620,0.30565,0.00263
4.71874,Fallen,26.59315,25.88838,26.01100,0.28664,0.19019,0.00235
4.72152,Fallen,26.59237,25.88841,26.01022,0.28583,0.29332,0.00278
4.72393,Fallen,26.59170,25.88844,26.00955,0.28592,0.03938,0.00241
4.72711,Fallen,26.59081,25.88848,26.00865,0.28590,0.00839,0.00319
4.73013,Fallen,26.58996,25.88851,26.00781,0.28552,0.12365,0.00302
4.73330,Fallen,26.58907,25.88855,26.00692,0.28534,0.05792,0.00317
4.73608,Fallen,26.58829,25.88858,26.00614,0.28501,0.11770,0.00277
4.73920,Fallen,26.58742,25.88862,26.00527,0.28513,0.03756,0.00312
4.74253,Fallen,26.58649,25.88865,26.00434,0.28504,0.02868,0.00333
4.74523,Fallen,26.58573,25.88868,26.00358,0.28465,0.14144,0.00271
4.74803,Fallen,26.58495,25.88871,26.00280,0.28469,0.01377,0.00279
4.75111,Fallen,26.58409,25.88875,26.00193,0.28417,0.16786,0.00309
4.75439,Fallen,26.58317,25.88879,26.00102,0.28407,0.03214,0.00328
4.75713,Fallen,26.58241,25.88882,26.00025,0.28421,0.05071,0.00274
4.75980,Fallen,26.58166,25.88885,25.99951,0.28379,0.15448,0.00267
4.76273,Fallen,26.58084,25.88888,25.99869,0.28350,0.09872,0.00293
4.76541,Fallen,26.58010,25.88891,25.99794,0.28359,0.03179,0.00269
4.76876,Fallen,26.57916,25.88895,25.99701,0.28358,0.00174,0.00335
4.77137,Fallen,26.57843,25.88898,25.99628,0.28340,0.07104,0.00260
4.77448,Fallen,26.57756,25.88902,25.99541,0.28326,0.04515,0.00312
4.77722,Fallen,26.57680,25.88905,25.99465,0.28286,0.14498,0.00273
4.77980,Fallen,26.57608,25.88907,25.99393,0.28282,0.01550,0.00258
4.78350,Fallen,26.57505,25.88911,25.99290,0.28225,0.15506,0.00370
4.78627,Fallen,26.57428,25.88914,25.99213,0.28244,0.07030,0.00278
4.78935,Fallen,26.57343,25.88918,25.99127,0.28199,0.14667,0.00307
4.79217,Fallen,26.57264,25.88921,25.99049,0.28195,0.01469,0.00282
4.79530,Fallen,26.57177,25.88925,25.98962,0.28191,0.01182,0.00313
4.79878,Fallen,26.57081,25.88929,25.98865,0.28190,0.00548,0.00348
4.80208,Fallen,26.56989,25.88932,25.98774,0.28133,0.17133,0.00331
4.80513,Fallen,26.56904,25.88936,25.98689,0.28145,0.03950,0.00305
4.80759,Fallen,26.56836,25.88939,25.98621,0.28132,0.05114,0.00246
4.80994,Fallen,26.56771,25.88941,25.98556,0.28078,0.23290,0.00235
4.81219,Fallen,26.56709,25.88943,25.98493,0.28106,0.12574,0.00225
4.81582,Fallen,26.56608,25.88947,25.98392,0.28056,0.13627,0.00364
4.81890,Fallen,26.56522,25.88951,25.98307,0.28066,0.03245,0.00308
4.82225,Fallen,26.56430,25.88955,25.98214,0.28029,0.11158,0.00335
4.82521,Fallen,26.56348,25.88958,25.98133,0.28008,0.07280,0.00296
4.82772,Fallen,26.56278,25.88961,25.98063,0.27993,0.05932,0.00251
4.83117,Fallen,26.56183,25.88964,25.97968,0.28005,0.03541,0.00345
4.83400,Fallen,26.56105,25.88968,25.97889,0.27953,0.18413,0.00283
4.83717,Fallen,26.56017,25.88971,25.97802,0.27963,0.03266,0.00317
4.83974,Fallen,26.55946,25.88974,25.97731,0.27934,0.11481,0.00257
4.84298,Fallen,26.55857,25.88977,25.97641,0.27925,0.02588,0.00325
4.84595,Fallen,26.55775,25.88980,25.97559,0.27876,0.16450,0.00297
4.84879,Fallen,26.55696,25.88984,25.97481,0.27884,0.02787,0.00284
4.85181,Fallen,26.55613,25.88987,25.97398,0.27858,0.08560,0.00302
4.85448,Fallen,26.55540,25.88990,25.97324,0.27837,0.08117,0.00267
4.85705,Fallen,26.55469,25.88993,25.97253,0.27831,0.02068,0.00258
4.85968,Fallen,26.55396,25.88995,25.97181,0.27822,0.03628,0.00262
4.86266,Fallen,26.55314,25.88999,25.97099,0.27789,0.11022,0.00298
4.86561,Fallen,26.55233,25.89002,25.97018,0.27758,0.10452,0.00295
4.86833,Fallen,26.55158,25.89005,25.96943,0.27776,0.06625,0.00272
4.87114,Fallen,26.55081,25.89008,25.96866,0.27736,0.14531,0.00280
4.87381,Fallen,26.55008,25.89011,25.96792,0.27696,0.14946,0.00268
4.87641,Fallen,26.54937,25.89014,25.96721,0.27691,0.01815,0.00259
4.87957,Fallen,26.54850,25.89017,25.96634,0.27662,0.09028,0.00317
4.88305,Fallen,26.54754,25.89021,25.96539,0.27677,0.04224,0.00348
4.88656,Fallen,26.54658,25.89025,25.96443,0.27640,0.10614,0.00352
4.88972,Fallen,26.54572,25.89028,25.96356,0.27620,0.06169,0.00315
4.89298,Fallen,26.54482,25.89031,25.96267,0.27622,0.00617,0.00326
4.89596,Fallen,26.54401,25.89035,25.96185,0.27589,0.11207,0.00298
4.89882,Fallen,26.54323,25.89038,25.96107,0.27579,0.03502,0.00286
4.90225,Fallen,26.54229,25.89041,25.96013,0.27590,0.03142,0.00344
4.90501,Fallen,26.54153,25.89044,25.95938,0.27580,0.03637,0.00275
4.90771,Fallen,26.54080,25.89047,25.95864,0.27500,0.29357,0.00270
4.91029,Fallen,26.54009,25.89050,25.95794,0.27547,0.17930,0.00258
4.91334,Fallen,26.53926,25.89053,25.95711,0.27470,0.25109,0.00305
4.91593,Fallen,26.53855,25.89056,25.95640,0.27466,0.01375,0.00259
4.91819,Fallen,26.53793,25.89058,25.95578,0.27495,0.12771,0.00226
4.92140,Fallen,26.53706,25.89062,25.95491,0.27460,0.11137,0.00320
4.92432,Fallen,26.53626,25.89065,25.95411,0.27435,0.08324,0.00293
4.92818,Fallen,26.53521,25.89069,25.95306,0.27415,0.05392,0.00385
4.93128,Fallen,26.53437,25.89072,25.95222,0.27390,0.07952,0.00311
4.93485,Fallen,26.53340,25.89076,25.95124,0.27368,0.06106,0.00357
4.93793,Fallen,26.53256,25.89079,25.95041,0.27354,0.04637,0.00308
4.94115,Fallen,26.53168,25.89083,25.94953,0.27322,0.09874,0.00322
4.94466,Fallen,26.53073,25.89086,25.94858,0.27341,0.05422,0.00350
4.94759,Fallen,26.52994,25.89089,25.94778,0.27307,0.11503,0.00294
4.95050,Fallen,26.52915,25.89092,25.94699,0.27304,0.01086,0.00291
4.95341,Fallen,26.52836,25.89095,25.94621,0.27293,0.03894,0.00290
4.95616,Fallen,26.52761,25.89098,25.94546,0.27261,0.11413,0.00276
4.95884,Fallen,26.52689,25.89101,25.94473,0.27255,0.02210,0.00267
4.96222,Fallen,26.52597,25.89104,25.94382,0.27213,0.12392,0.00338
4.96501,Fallen,26.52522,25.89108,25.94306,0.27196,0.06276,0.00279
4.96750,Fallen,26.52454,25.89110,25.94239,0.27197,0.00490,0.00249
4.97071,Fallen,26.52367,25.89113,25.94152,0.27171,0.08236,0.00321
4.97336,Fallen,26.52296,25.89116,25.94081,0.27135,0.13378,0.00265
4.97636,Fallen,26.52215,25.89119,25.93999,0.27132,0.01005,0.00300
4.97899,Fallen,26.52144,25.89121,25.93928,0.27136,0.01268,0.00263
4.98291,Fallen,26.52038,25.89125,25.93823,0.27104,0.08186,0.00392
4.98552,Fallen,26.51968,25.89128,25.93752,0.27075,0.10819,0.00261
4.98870,Fallen,26.51882,25.89132,25.93666,0.27071,0.01353,0.00318
4.99166,Fallen,26.51802,25.89135,25.93587,0.27061,0.03343,0.00296
4.99473,Fallen,26.51720,25.89138,25.93504,0.26996,0.21161,0.00306
4.99770,Fallen,26.51640,25.89141,25.93424,0.27020,0.07938,0.00298
5.00084,Fallen,26.51555,25.89144,25.93340,0.27000,0.06466,0.00313
5.00392,Fallen,26.51472,25.89147,25.93257,0.26949,0.16374,0.00308
5.00680,Fallen,26.51395,25.89150,25.93180,0.26964,0.05155,0.00288
5.00929,Fallen,26.51328,25.89152,25.93113,0.26980,0.06333,0.00248
5.01230,Fallen,26.51247,25.89155,25.93032,0.26913,0.22010,0.00302
5.01521,Fallen,26.51169,25.89158,25.92954,0.26921,0.02680,0.00291
5.01883,Fallen,26.51072,25.89162,25.92857,0.26889,0.08947,0.00362
5.02192,Fallen,26.50990,25.89165,25.92774,0.26864,0.08090,0.00309
5.02505,Fallen,26.50906,25.89168,25.92691,0.26837,0.08680,0.00312
5.02748,Fallen,26.50841,25.89170,25.92625,0.26861,0.10143,0.00244
5.03063,Fallen,26.50756,25.89174,25.92541,0.26816,0.14338,0.00315
5.03338,Fallen,26.50683,25.89176,25.92468,0.26792,0.08819,0.00274
5.03604,Fallen,26.50612,25.89179,25.92397,0.26798,0.02155,0.00266
5.03894,Fallen,26.50535,25.89182,25.92319,0.26738,0.20552,0.00290
5.04227,Fallen,26.50446,25.89185,25.92231,0.26746,0.02306,0.00333
5.04455,Fallen,26.50385,25.89187,25.92170,0.26774,0.12317,0.00229
5.04681,Fallen,26.50325,25.89190,25.92109,0.26689,0.37719,0.00226
5.04977,Fallen,26.50246,25.89192,25.92031,0.26667,0.07433,0.00296
5.05351,Fallen,26.50147,25.89196,25.91931,0.26659,0.01981,0.00374
5.05649,Fallen,26.50067,25.89199,25.91852,0.26650,0.03258,0.00298
5.05981,Fallen,26.49979,25.89202,25.91764,0.26663,0.03950,0.00332
5.06309,Fallen,26.49892,25.89206,25.91677,0.26609,0.16443,0.00328
5.06633,Fallen,26.49806,25.89209,25.91591,0.26592,0.05158,0.00323
5.06895,Fallen,26.49736,25.89211,25.91521,0.26585,0.02781,0.00262
5.07184,Fallen,26.49660,25.89214,25.91444,0.26614,0.10020,0.00289
5.07480,Fallen,26.49581,25.89217,25.91366,0.26568,0.15356,0.00296
5.07753,Fallen,26.49509,25.89219,25.91294,0.26555,0.04810,0.00273
5.08049,Fallen,26.49430,25.89223,25.91215,0.26537,0.06188,0.00297
5.08343,Fallen,26.49352,25.89225,25.91137,0.26518,0.06334,0.00294
5.08661,Fallen,26.49268,25.89228,25.91053,0.26490,0.08957,0.00318
5.08947,Fallen,26.49193,25.89231,25.90977,0.26459,0.10580,0.00286
5.09199,Fallen,26.49126,25.89233,25.90911,0.26462,0.01114,0.00252
5.09428,Fallen,26.49066,25.89236,25.90851,0.26438,0.10831,0.00228
5.09658,Fallen,26.49005,25.89238,25.90790,0.26423,0.06114,0.00231
5.09906,Fallen,26.48940,25.89240,25.90724,0.26427,0.01641,0.00248
5.10259,Fallen,26.48847,25.89243,25.90631,0.26421,0.01968,0.00353
5.10513,Fallen,26.48780,25.89246,25.90564,0.26362,0.22920,0.00254
5.10798,Fallen,26.48705,25.89248,25.90489,0.26358,0.01421,0.00285
5.11079,Fallen,26.48631,25.89251,25.90415,0.26355,0.01077,0.00281
5.11389,Fallen,26.48549,25.89254,25.90334,0.26313,0.13591,0.00309
5.11701,Fallen,26.48467,25.89257,25.90252,0.26313,0.00169,0.00312
5.12072,Fallen,26.48370,25.89261,25.90154,0.26305,0.01922,0.00372
5.12611,Fallen,26.48228,25.89265,25.90013,0.26319,0.02483,0.00539
5.13063,Fallen,26.48109,25.89270,25.89894,0.26310,0.01965,0.00451
5.13485,Fallen,26.47998,25.89274,25.89783,0.26289,0.04959,0.00423
5.13855,Fallen,26.47901,25.89277,25.89686,0.26304,0.03915,0.00370
5.14264,Fallen,26.47794,25.89281,25.89578,0.26260,0.10707,0.00408
5.14662,Fallen,26.47689,25.89284,25.89474,0.26254,0.01448,0.00398
5.14954,Fallen,26.47613,25.89287,25.89397,0.26254,0.00061,0.00292
5.15267,Fallen,26.47531,25.89290,25.89315,0.26222,0.10119,0.00313
5.15638,Fallen,26.47433,25.89293,25.89218,0.26163,0.15972,0.00371
5.15943,Fallen,26.47354,25.89296,25.89138,0.26151,0.03811,0.00305
5.16305,Fallen,26.47259,25.89300,25.89044,0.26111,0.11180,0.00362
5.16599,Fallen,26.47183,25.89302,25.88967,0.26087,0.08120,0.00294
5.16895,Fallen,26.47106,25.89305,25.88890,0.26086,0.00227,0.00295
5.17219,Fallen,26.47021,25.89308,25.88806,0.26044,0.13187,0.00325
5.17560,Fallen,26.46932,25.89311,25.88717,0.26038,0.01673,0.00341
5.17876,Fallen,26.46850,25.89314,25.88635,0.26048,0.03115,0.00316
5.18303,Fallen,26.46739,25.89317,25.88524,0.26020,0.06574,0.00427
5.18622,Fallen,26.46656,25.89320,25.88441,0.25970,0.15362,0.00320
5.19055,Fallen,26.46544,25.89324,25.88329,0.25958,0.02821,0.00432
5.19379,Fallen,26.46460,25.89327,25.88244,0.25966,0.02398,0.00325
5.19670,Fallen,26.46384,25.89330,25.88169,0.25967,0.00173,0.00290
5.19970,Fallen,26.46306,25.89333,25.88091,0.25894,0.24277,0.00301
5.20452,Fallen,26.46182,25.89337,25.87966,0.25889,0.01041,0.00482
5.20775,Fallen,26.46098,25.89339,25.87883,0.25881,0.02460,0.00323
5.21096,Fallen,26.46015,25.89342,25.87800,0.25846,0.10697,0.00322
5.21420,Fallen,26.45931,25.89345,25.87716,0.25861,0.04516,0.00323
5.21791,Fallen,26.45835,25.89348,25.87620,0.25848,0.03408,0.00371
5.22188,Fallen,26.45733,25.89352,25.87518,0.25798,0.12545,0.00397
5.22582,Fallen,26.45631,25.89355,25.87416,0.25807,0.02153,0.00394
5.22882,Fallen,26.45554,25.89358,25.87339,0.25767,0.13407,0.00300
5.23234,Fallen,26.45463,25.89361,25.87248,0.25753,0.03804,0.00353
5.23612,Fallen,26.45366,25.89364,25.87151,0.25721,0.08646,0.00378
5.23930,Fallen,26.45284,25.89367,25.87069,0.25738,0.05655,0.00318
5.24242,Fallen,26.45204,25.89370,25.86989,0.25662,0.24535,0.00312
5.24531,Fallen,26.45130,25.89372,25.86915,0.25693,0.10743,0.00289
5.24863,Fallen,26.45045,25.89375,25.86830,0.25649,0.13190,0.00332
5.25156,Fallen,26.44970,25.89377,25.86754,0.25629,0.06801,0.00293
5.25492,Fallen,26.44884,25.89380,25.86668,0.25618,0.03361,0.00336
5.25783,Fallen,26.44809,25.89383,25.86594,0.25587,0.10785,0.00291
5.26168,Fallen,26.44711,25.89386,25.86496,0.25553,0.08767,0.00385
5.26509,Fallen,26.44624,25.89389,25.86408,0.25551,0.00602,0.00341
5.26913,Fallen,26.44521,25.89392,25.86305,0.25534,0.04029,0.00404
5.27240,Fallen,26.44437,25.89395,25.86222,0.25523,0.03522,0.00327
5.27630,Fallen,26.44338,25.89398,25.86122,0.25495,0.07267,0.00390
5.27963,Fallen,26.44253,25.89401,25.86037,0.25488,0.02033,0.00333
5.28335,Fallen,26.44158,25.89404,25.85943,0.25469,0.05066,0.00371
5.28713,Fallen,26.44062,25.89407,25.85847,0.25470,0.00147,0.00378
5.29045,Fallen,26.43977,25.89410,25.85762,0.25438,0.09658,0.00332
5.29295,Fallen,26.43914,25.89412,25.85698,0.25456,0.07369,0.00250
5.29556,Fallen,26.43848,25.89414,25.85632,0.25371,0.32785,0.00260
5.29811,Fallen,26.43783,25.89416,25.85568,0.25363,0.03109,0.00255
5.30135,Fallen,26.43701,25.89419,25.85485,0.25381,0.05739,0.00325
5.30437,Fallen,26.43624,25.89421,25.85409,0.25358,0.07647,0.00302
5.30809,Fallen,26.43530,25.89424,25.85315,0.25294,0.17277,0.00372
5.31148,Fallen,26.43444,25.89427,25.85229,0.25286,0.02515,0.00340
5.31566,Fallen,26.43339,25.89430,25.85123,0.25309,0.05650,0.00418
5.31874,Fallen,26.43261,25.89433,25.85045,0.25273,0.11880,0.00308
5.32233,Fallen,26.43170,25.89436,25.84955,0.25283,0.02822,0.00358
5.32573,Fallen,26.43084,25.89438,25.84869,0.25250,0.09732,0.00340
5.32884,Fallen,26.43006,25.89441,25.84791,0.25230,0.06311,0.00311
5.33192,Fallen,26.42928,25.89443,25.84713,0.25202,0.08922,0.00309
5.33458,Fallen,26.42861,25.89445,25.84646,0.25214,0.04448,0.00266
5.33692,Fallen,26.42802,25.89447,25.84587,0.25189,0.10540,0.00234
5.33944,Fallen,26.42739,25.89449,25.84524,0.25171,0.07518,0.00252
5.34239,Fallen,26.42665,25.89451,25.84450,0.25126,0.15094,0.00295
5.34571,Fallen,26.42582,25.89454,25.84366,0.25117,0.02787,0.00332
5.34837,Fallen,26.42515,25.89456,25.84299,0.25107,0.03641,0.00266
5.35152,Fallen,26.42436,25.89458,25.84220,0.25102,0.01587,0.00316
5.35411,Fallen,26.42371,25.89460,25.84156,0.25072,0.11747,0.00258
5.35805,Fallen,26.42272,25.89463,25.84057,0.25077,0.01428,0.00394
5.36124,Fallen,26.42192,25.89466,25.83977,0.25042,0.11201,0.00319
5.36442,Fallen,26.42113,25.89468,25.83897,0.25057,0.04845,0.00318
5.36734,Fallen,26.42040,25.89471,25.83825,0.24993,0.22040,0.00292
5.37072,Fallen,26.41955,25.89473,25.83740,0.25000,0.02011,0.00338
5.37394,Fallen,26.41875,25.89476,25.83660,0.25010,0.03189,0.00322
5.37756,Fallen,26.41784,25.89478,25.83569,0.24991,0.05120,0.00362
5.38078,Fallen,26.41704,25.89481,25.83489,0.24953,0.11937,0.00321
5.38414,Fallen,26.41620,25.89483,25.83405,0.24965,0.03423,0.00337
5.38667,Fallen,26.41558,25.89485,25.83342,0.24969,0.01844,0.00252
5.38961,Fallen,26.41484,25.89487,25.83269,0.24916,0.18102,0.00294
5.39314,Fallen,26.41397,25.89490,25.83181,0.24903,0.03622,0.00354
5.39609,Fallen,26.41323,25.89492,25.83108,0.24887,0.05410,0.00295
5.39953,Fallen,26.41238,25.89495,25.83022,0.24861,0.07591,0.00344
5.40272,Fallen,26.41158,25.89497,25.82943,0.24879,0.05696,0.00319
5.40629,Fallen,26.41070,25.89500,25.82855,0.24839,0.11197,0.00357
5.40959,Fallen,26.40988,25.89502,25.82773,0.24816,0.06981,0.00330
5.41273,Fallen,26.40911,25.89504,25.82695,0.24801,0.04832,0.00314
5.41567,Fallen,26.40838,25.89507,25.82623,0.24785,0.05437,0.00294
5.41873,Fallen,26.40762,25.89509,25.82547,0.24793,0.02615,0.00306
5.42220,Fallen,26.40676,25.89511,25.82461,0.24742,0.14733,0.00347
5.42520,Fallen,26.40602,25.89513,25.82387,0.24765,0.07732,0.00300
5.42799,Fallen,26.40533,25.89515,25.82318,0.24705,0.21611,0.00279
5.43090,Fallen,26.40462,25.89518,25.82247,0.24694,0.03787,0.00290
5.43327,Fallen,26.40404,25.89519,25.82188,0.24686,0.03422,0.00237
5.43591,Fallen,26.40339,25.89521,25.82123,0.24657,0.10787,0.00264
5.43906,Fallen,26.40261,25.89523,25.82046,0.24643,0.04714,0.00315
5.44324,Fallen,26.40158,25.89526,25.81943,0.24656,0.03229,0.00418
5.44609,Fallen,26.40088,25.89528,25.81873,0.24621,0.12441,0.00285
5.44924,Fallen,26.40011,25.89530,25.81796,0.24648,0.08598,0.00315
5.45176,Fallen,26.39949,25.89532,25.81734,0.24597,0.19947,0.00252
5.45502,Fallen,26.39869,25.89534,25.81654,0.24579,0.05639,0.00326
5.45798,Fallen,26.39797,25.89536,25.81581,0.24587,0.02763,0.00296
5.46130,Fallen,26.39715,25.89539,25.81500,0.24560,0.08270,0.00333
5.46448,Fallen,26.39637,25.89541,25.81422,0.24554,0.01737,0.00318
5.46742,Fallen,26.39565,25.89543,25.81350,0.24574,0.06867,0.00294
5.47082,Fallen,26.39482,25.89545,25.81267,0.24535,0.11458,0.00341
5.47427,Fallen,26.39398,25.89547,25.81182,0.24549,0.04066,0.00345
5.47771,Fallen,26.39314,25.89550,25.81098,0.24511,0.10981,0.00344
5.48092,Fallen,26.39235,25.89552,25.81020,0.24502,0.02841,0.00320
5.48424,Fallen,26.39154,25.89554,25.80939,0.24470,0.09732,0.00332
5.48690,Fallen,26.39090,25.89556,25.80874,0.24466,0.01426,0.00266
5.49019,Fallen,26.39009,25.89558,25.80794,0.24442,0.07211,0.00329
5.49296,Fallen,26.38942,25.89560,25.80727,0.24465,0.07969,0.00277
5.49638,Fallen,26.38859,25.89562,25.80643,0.24408,0.16482,0.00342
5.49933,Fallen,26.38787,25.89564,25.80572,0.24391,0.05782,0.00294
5.50273,Fallen,26.38705,25.89566,25.80489,0.24385,0.01773,0.00340
5.50556,Fallen,26.38636,25.89568,25.80420,0.24401,0.05577,0.00283
5.50815,Fallen,26.38573,25.89570,25.80358,0.24363,0.14543,0.00259
5.51148,Fallen,26.38492,25.89572,25.80277,0.24341,0.06632,0.00332
5.51485,Fallen,26.38411,25.89574,25.80195,0.24321,0.05902,0.00338
5.51802,Fallen,26.38334,25.89576,25.80119,0.24355,0.10794,0.00316
5.52132,Fallen,26.38254,25.89578,25.80038,0.24327,0.08458,0.00331
5.52379,Fallen,26.38194,25.89580,25.79979,0.24286,0.16686,0.00246
5.52625,Fallen,26.38135,25.89581,25.79919,0.24250,0.14812,0.00247
5.52881,Fallen,26.38073,25.89583,25.79858,0.24245,0.01983,0.00255
5.53183,Fallen,26.38000,25.89585,25.79785,0.24257,0.03900,0.00303
5.53468,Fallen,26.37931,25.89586,25.79716,0.24264,0.02634,0.00284
5.53776,Fallen,26.37857,25.89588,25.79642,0.24218,0.14901,0.00308
5.54073,Fallen,26.37786,25.89590,25.79570,0.24222,0.01425,0.00297
5.54413,Fallen,26.37704,25.89592,25.79488,0.24211,0.03215,0.00341
5.54708,Fallen,26.37633,25.89594,25.79417,0.24192,0.06548,0.00295
5.55012,Fallen,26.37560,25.89596,25.79344,0.24170,0.07349,0.00304
5.55319,Fallen,26.37486,25.89598,25.79271,0.24162,0.02644,0.00306
5.55568,Fallen,26.37426,25.89599,25.79211,0.24157,0.01779,0.00249
5.55914,Fallen,26.37343,25.89602,25.79128,0.24156,0.00271,0.00346
5.56269,Fallen,26.37258,25.89604,25.79043,0.24119,0.10398,0.00355
5.56593,Fallen,26.37181,25.89606,25.78965,0.24101,0.05699,0.00323
5.56901,Fallen,26.37107,25.89607,25.78891,0.24089,0.03958,0.00308
5.57186,Fallen,26.37038,25.89609,25.78823,0.24109,0.07005,0.00285
5.57452,Fallen,26.36975,25.89611,25.78759,0.24061,0.17911,0.00267
5.57702,Fallen,26.36915,25.89612,25.78700,0.24068,0.02626,0.00250
5.58038,Fallen,26.36835,25.89614,25.78619,0.24049,0.05592,0.00336
5.58356,Fallen,26.36759,25.89616,25.78544,0.24033,0.04887,0.00317
5.58649,Fallen,26.36689,25.89618,25.78474,0.23995,0.12973,0.00294
5.58933,Fallen,26.36621,25.89619,25.78406,0.24011,0.05446,0.00283
5.59184,Fallen,26.36562,25.89621,25.78346,0.23979,0.12400,0.00251
5.59555,Fallen,26.36473,25.89623,25.78258,0.23941,0.10302,0.00372
5.59858,Fallen,26.36401,25.89625,25.78186,0.23965,0.07765,0.00303
5.60242,Fallen,26.36310,25.89627,25.78095,0.23929,0.09207,0.00384
5.60541,Fallen,26.36239,25.89629,25.78024,0.23967,0.12430,0.00299
5.60864,Fallen,26.36162,25.89631,25.77947,0.23930,0.11281,0.00323
5.61164,Fallen,26.36091,25.89632,25.77876,0.23878,0.17278,0.00300
5.61514,Fallen,26.36008,25.89634,25.77793,0.23917,0.11189,0.00350
5.61866,Fallen,26.35925,25.89636,25.77710,0.23873,0.12710,0.00352
5.62151,Fallen,26.35858,25.89638,25.77642,0.23865,0.02628,0.00285
5.62411,Fallen,26.35796,25.89639,25.77581,0.23872,0.02549,0.00260
5.62705,Fallen,26.35727,25.89641,25.77511,0.23822,0.17091,0.00294
5.63011,Fallen,26.35654,25.89643,25.77439,0.23849,0.08991,0.00306
5.63271,Fallen,26.35593,25.89644,25.77378,0.23790,0.22937,0.00260
5.63576,Fallen,26.35521,25.89646,25.77306,0.23784,0.01787,0.00305
5.63821,Fallen,26.35463,25.89647,25.77248,0.23809,0.10052,0.00245
5.64176,Fallen,26.35380,25.89649,25.77164,0.23767,0.11689,0.00355
5.64488,Fallen,26.35306,25.89650,25.77091,0.23749,0.05800,0.00312
5.64803,Fallen,26.35232,25.89652,25.77017,0.23714,0.11163,0.00315
5.65093,Fallen,26.35164,25.89653,25.76949,0.23749,0.12132,0.00290
5.65358,Fallen,26.35102,25.89655,25.76887,0.23734,0.05576,0.00265
5.65678,Fallen,26.35027,25.89657,25.76812,0.23699,0.11097,0.00319
5.65943,Fallen,26.34965,25.89658,25.76749,0.23686,0.04952,0.00266
5.66260,Fallen,26.34891,25.89660,25.76675,0.23639,0.14752,0.00316
5.66577,Fallen,26.34816,25.89661,25.76601,0.23643,0.01202,0.00317
5.66858,Fallen,26.34751,25.89663,25.76535,0.23640,0.00966,0.00281
5.67094,Fallen,26.34695,25.89664,25.76480,0.23596,0.18692,0.00236
5.67342,Fallen,26.34638,25.89665,25.76422,0.23586,0.04175,0.00248
5.67614,Fallen,26.34574,25.89667,25.76359,0.23601,0.05634,0.00272
5.67936,Fallen,26.34499,25.89668,25.76284,0.23558,0.13530,0.00322
5.68295,Fallen,26.34415,25.89670,25.76200,0.23582,0.06729,0.00359
5.68602,Fallen,26.34344,25.89671,25.76129,0.23546,0.11649,0.00307
5.68878,Fallen,26.34280,25.89673,25.76064,0.23555,0.03186,0.00276
5.69193,Fallen,26.34206,25.89674,25.75991,0.23544,0.03448,0.00315
5.69444,Fallen,26.34148,25.89676,25.75933,0.23536,0.03096,0.00251
5.69741,Fallen,26.34079,25.89677,25.75864,0.23526,0.03361,0.00297
5.70026,Fallen,26.34013,25.89679,25.75797,0.23487,0.13867,0.00285
5.70368,Fallen,26.33934,25.89680,25.75718,0.23488,0.00297,0.00341
5.70677,Fallen,26.33862,25.89682,25.75647,0.23463,0.07837,0.00310
5.70944,Fallen,26.33800,25.89683,25.75585,0.23463,0.00107,0.00267
5.71252,Fallen,26.33729,25.89684,25.75513,0.23454,0.02940,0.00308
5.71520,Fallen,26.33667,25.89685,25.75451,0.23464,0.03622,0.00268
5.71771,Fallen,26.33609,25.89687,25.75393,0.23408,0.22320,0.00251
5.72051,Fallen,26.33544,25.89688,25.75329,0.23408,0.00239,0.00280
5.72351,Fallen,26.33475,25.89689,25.75259,0.23414,0.02050,0.00300
5.72654,Fallen,26.33405,25.89691,25.75190,0.23363,0.17019,0.00303
5.72913,Fallen,26.33345,25.89692,25.75130,0.23354,0.03386,0.00259
5.73195,Fallen,26.33280,25.89693,25.75065,0.23341,0.04654,0.00282
5.73505,Fallen,26.33209,25.89695,25.74994,0.23309,0.10356,0.00310
5.73765,Fallen,26.33149,25.89696,25.74934,0.23354,0.17409,0.00260
5.74053,Fallen,26.33083,25.89697,25.74868,0.23340,0.05048,0.00288
5.74332,Fallen,26.33019,25.89699,25.74803,0.23325,0.05124,0.00280
5.74640,Fallen,26.32948,25.89700,25.74733,0.23258,0.21894,0.00308
5.74921,Fallen,26.32884,25.89701,25.74669,0.23274,0.05765,0.00280
5.75213,Fallen,26.32817,25.89702,25.74602,0.23249,0.08526,0.00292
5.75503,Fallen,26.32751,25.89704,25.74535,0.23265,0.05555,0.00290
5.75774,Fallen,26.32688,25.89705,25.74473,0.23259,0.02160,0.00271
5.76011,Fallen,26.32634,25.89706,25.74419,0.23196,0.26661,0.00237
5.76321,Fallen,26.32563,25.89707,25.74348,0.23215,0.06084,0.00310
5.76614,Fallen,26.32496,25.89708,25.74281,0.23230,0.05164,0.00294
5.76933,Fallen,26.32424,25.89710,25.74208,0.23183,0.14837,0.00318
5.77185,Fallen,26.32366,25.89711,25.74151,0.23171,0.04736,0.00253
5.77499,Fallen,26.32294,25.89712,25.74079,0.23174,0.00881,0.00314
5.77761,Fallen,26.32235,25.89713,25.74020,0.23157,0.06215,0.00261
5.78124,Fallen,26.32152,25.89715,25.73937,0.23131,0.07232,0.00364
5.78469,Fallen,26.32074,25.89716,25.73858,0.23155,0.06818,0.00344
5.78797,Fallen,26.31999,25.89718,25.73784,0.23128,0.08145,0.00328
5.79112,Fallen,26.31928,25.89719,25.73712,0.23096,0.09983,0.00315
5.79427,Fallen,26.31856,25.89720,25.73641,0.23106,0.02965,0.00315
5.79744,Fallen,26.31784,25.89721,25.73569,0.23071,0.10879,0.00317
5.80055,Fallen,26.31714,25.89723,25.73498,0.23095,0.07668,0.00311
5.80377,Fallen,26.31641,25.89724,25.73425,0.23039,0.17407,0.00322
5.80673,Fallen,26.31574,25.89725,25.73358,0.23058,0.06352,0.00296
5.80988,Fallen,26.31503,25.89726,25.73287,0.23014,0.13947,0.00315
5.81269,Fallen,26.31439,25.89727,25.73224,0.22984,0.10560,0.00281
5.81523,Fallen,26.31382,25.89729,25.73166,0.23015,0.12021,0.00254
5.81768,Fallen,26.31327,25.89729,25.73111,0.22968,0.19174,0.00245
5.82016,Fallen,26.31271,25.89730,25.73055,0.22952,0.06376,0.00248
5.82389,Fallen,26.31187,25.89732,25.72972,0.22933,0.05056,0.00373
5.82659,Fallen,26.31126,25.89733,25.72911,0.22940,0.02367,0.00270
5.82974,Fallen,26.31055,25.89734,25.72840,0.22908,0.09953,0.00315
5.83272,Fallen,26.30988,25.89735,25.72773,0.22931,0.07470,0.00298
5.83548,Fallen,26.30926,25.89736,25.72711,0.22918,0.04600,0.00276
5.83869,Fallen,26.30854,25.89737,25.72639,0.22910,0.02461,0.00321
5.84186,Fallen,26.30783,25.89738,25.72568,0.22876,0.10715,0.00317
5.84533,Fallen,26.30705,25.89740,25.72490,0.22856,0.05656,0.00348
5.84815,Fallen,26.30642,25.89741,25.72427,0.22854,0.00944,0.00282
5.85127,Fallen,26.30573,25.89742,25.72357,0.22866,0.04047,0.00312
5.85417,Fallen,26.30508,25.89743,25.72292,0.22829,0.12853,0.00290
5.85668,Fallen,26.30452,25.89744,25.72236,0.22798,0.12348,0.00250
5.85923,Fallen,26.30395,25.89745,25.72179,0.22768,0.11851,0.00256
5.86252,Fallen,26.30322,25.89746,25.72106,0.22786,0.05459,0.00328
5.86594,Fallen,26.30245,25.89747,25.72030,0.22783,0.00924,0.00342
5.86864,Fallen,26.30185,25.89748,25.71970,0.22749,0.12628,0.00270
5.87184,Fallen,26.30114,25.89749,25.71899,0.22759,0.03344,0.00320
5.87462,Fallen,26.30052,25.89750,25.71837,0.22757,0.00931,0.00279
5.87808,Fallen,26.29975,25.89751,25.71760,0.22746,0.03013,0.00346
5.88164,Fallen,26.29896,25.89752,25.71681,0.22728,0.05120,0.00355
5.88471,Fallen,26.29828,25.89753,25.71613,0.22718,0.03156,0.00307
5.88740,Fallen,26.29768,25.89754,25.71553,0.22703,0.05862,0.00269
5.89001,Fallen,26.29711,25.89755,25.71495,0.22684,0.07210,0.00261
5.89296,Fallen,26.29645,25.89756,25.71430,0.22651,0.10990,0.00296
5.89562,Fallen,26.29586,25.89756,25.71371,0.22630,0.07897,0.00266
5.89822,Fallen,26.29529,25.89757,25.71314,0.22663,0.12706,0.00260
5.90183,Fallen,26.29449,25.89758,25.71234,0.22610,0.14771,0.00361
5.90474,Fallen,26.29385,25.89759,25.71170,0.22606,0.01487,0.00291
5.90745,Fallen,26.29325,25.89760,25.71110,0.22571,0.12576,0.00271
5.91018,Fallen,26.29265,25.89761,25.71050,0.22585,0.05105,0.00273
5.91324,Fallen,26.29198,25.89762,25.70983,0.22562,0.07606,0.00306
5.91621,Fallen,26.29133,25.89762,25.70917,0.22546,0.05450,0.00297
5.91935,Fallen,26.29064,25.89763,25.70848,0.22523,0.07302,0.00314
5.92314,Fallen,26.28980,25.89765,25.70765,0.22523,0.00124,0.00380
5.92652,Fallen,26.28906,25.89766,25.70691,0.22520,0.00812,0.00337
5.92932,Fallen,26.28845,25.89766,25.70630,0.22475,0.15914,0.00281
5.93194,Fallen,26.28788,25.89767,25.70572,0.22484,0.03529,0.00262
5.93499,Fallen,26.28721,25.89768,25.70506,0.22462,0.07515,0.00304
5.93765,Fallen,26.28663,25.89769,25.70448,0.22445,0.06179,0.00266
5.94034,Fallen,26.28604,25.89770,25.70389,0.22426,0.06919,0.00269
5.94387,Fallen,26.28527,25.89770,25.70312,0.22449,0.06435,0.00353
5.94751,Fallen,26.28448,25.89771,25.70232,0.22438,0.03153,0.00364
5.95090,Fallen,26.28374,25.89772,25.70158,0.22417,0.06022,0.00339
5.95359,Fallen,26.28315,25.89773,25.70100,0.22388,0.11022,0.00269
5.95624,Fallen,26.28258,25.89774,25.70042,0.22385,0.00992,0.00265
5.95877,Fallen,26.28202,25.89775,25.69987,0.22404,0.07434,0.00253
5.96216,Fallen,26.28129,25.89775,25.69913,0.22325,0.23137,0.00339
5.96480,Fallen,26.28071,25.89776,25.69856,0.22359,0.12738,0.00264
5.96731,Fallen,26.28017,25.89777,25.69802,0.22353,0.02440,0.00250
5.97029,Fallen,26.27953,25.89777,25.69737,0.22285,0.22610,0.00298
5.97293,Fallen,26.27895,25.89778,25.69680,0.22282,0.01347,0.00264
5.97615,Fallen,26.27826,25.89779,25.69610,0.22257,0.07651,0.00322
5.97873,Fallen,26.27770,25.89779,25.69555,0.22283,0.10044,0.00258
5.98199,Fallen,26.27700,25.89780,25.69484,0.22255,0.08503,0.00326
5.98492,Fallen,26.27636,25.89781,25.69421,0.22260,0.01464,0.00293
5.98781,Fallen,26.27574,25.89782,25.69359,0.22203,0.19523,0.00289
5.99081,Fallen,26.27509,25.89782,25.69294,0.22213,0.03188,0.00300
5.99354,Fallen,26.27451,25.89783,25.69235,0.22212,0.00341,0.00273
5.99650,Fallen,26.27387,25.89783,25.69172,0.22172,0.13361,0.00296
5.99963,Fallen,26.27320,25.89784,25.69105,0.22161,0.03537,0.00314
6.00286,Fallen,26.27251,25.89785,25.69035,0.22178,0.05159,0.00322
6.00590,Fallen,26.27185,25.89785,25.68970,0.22184,0.01830,0.00304
6.00860,Fallen,26.27127,25.89786,25.68912,0.22125,0.21701,0.00270
6.01226,Fallen,26.27049,25.89787,25.68834,0.22134,0.02367,0.00366
6.01500,Fallen,26.26990,25.89788,25.68775,0.22119,0.05288,0.00274
6.01818,Fallen,26.26922,25.89788,25.68707,0.22133,0.04258,0.00318
6.02126,Fallen,26.26856,25.89789,25.68641,0.22127,0.02007,0.00308
6.02453,Fallen,26.26786,25.89790,25.68571,0.22071,0.17083,0.00327
6.02700,Fallen,26.26734,25.89790,25.68518,0.22109,0.15778,0.00246
6.02981,Fallen,26.26674,25.89790,25.68458,0.22057,0.18560,0.00282
6.03272,Fallen,26.26612,25.89791,25.68396,0.22063,0.02089,0.00291
6.03536,Fallen,26.26556,25.89791,25.68340,0.22003,0.23003,0.00264
6.03802,Fallen,26.26499,25.89792,25.68284,0.22010,0.02888,0.00266
6.04164,Fallen,26.26422,25.89793,25.68207,0.21987,0.06449,0.00362
6.04399,Fallen,26.26372,25.89793,25.68157,0.21995,0.03425,0.00235
6.04614,Fallen,26.26327,25.89794,25.68111,0.21950,0.21085,0.00215
6.04889,Fallen,26.26268,25.89794,25.68053,0.21984,0.12531,0.00275
6.05193,Fallen,26.26204,25.89795,25.67989,0.21971,0.04263,0.00304
6.05490,Fallen,26.26141,25.89795,25.67926,0.21937,0.11351,0.00297
6.05740,Fallen,26.26088,25.89795,25.67873,0.21925,0.04947,0.00250
6.06015,Fallen,26.26030,25.89796,25.67815,0.21920,0.01702,0.00275
6.06328,Fallen,26.25964,25.89796,25.67749,0.21899,0.06966,0.00314
6.06647,Fallen,26.25897,25.89797,25.67682,0.21862,0.11359,0.00319
6.06926,Fallen,26.25838,25.89797,25.67623,0.21879,0.05946,0.00279
6.07254,Fallen,26.25769,25.89798,25.67554,0.21872,0.02140,0.00328
6.07566,Fallen,26.25703,25.89798,25.67488,0.21831,0.13072,0.00312
6.07875,Fallen,26.25638,25.89799,25.67423,0.21822,0.03022,0.00310
6.08227,Fallen,26.25564,25.89799,25.67349,0.21849,0.07612,0.00352
6.08618,Fallen,26.25482,25.89800,25.67267,0.21833,0.03851,0.00391
6.08907,Fallen,26.25422,25.89800,25.67206,0.21839,0.01903,0.00289
6.09181,Fallen,26.25364,25.89801,25.67149,0.21808,0.11266,0.00274
6.09467,Fallen,26.25304,25.89801,25.67089,0.21779,0.10041,0.00286
6.09736,Fallen,26.25248,25.89802,25.67032,0.21776,0.01171,0.00270
6.09966,Fallen,26.25200,25.89802,25.66984,0.21796,0.08500,0.00229
6.10279,Fallen,26.25134,25.89802,25.66919,0.21714,0.26284,0.00313
6.10551,Fallen,26.25078,25.89803,25.66862,0.21706,0.02872,0.00273
6.10872,Fallen,26.25011,25.89803,25.66795,0.21719,0.04273,0.00321
6.11127,Fallen,26.24957,25.89803,25.66742,0.21731,0.04655,0.00255
6.11485,Fallen,26.24883,25.89804,25.66668,0.21681,0.14181,0.00357
6.11742,Fallen,26.24829,25.89804,25.66614,0.21707,0.10190,0.00257
6.12118,Fallen,26.24751,25.89805,25.66536,0.21664,0.11486,0.00376
6.12460,Fallen,26.24680,25.89805,25.66465,0.21678,0.04285,0.00341
6.12813,Fallen,26.24607,25.89806,25.66392,0.21668,0.02961,0.00353
6.13112,Fallen,26.24545,25.89806,25.66330,0.21618,0.16581,0.00299
6.13438,Fallen,26.24478,25.89806,25.66262,0.21605,0.04046,0.00325
6.13767,Fallen,26.24409,25.89807,25.66194,0.21606,0.00416,0.00329
6.14064,Fallen,26.24348,25.89807,25.66133,0.21592,0.04692,0.00297
6.14414,Fallen,26.24276,25.89807,25.66060,0.21585,0.02109,0.00351
6.14693,Fallen,26.24218,25.89808,25.66003,0.21555,0.10858,0.00278
6.14920,Fallen,26.24171,25.89808,25.65956,0.21573,0.08187,0.00227
6.15151,Fallen,26.24124,25.89808,25.65908,0.21532,0.18107,0.00231
6.15403,Fallen,26.24072,25.89808,25.65856,0.21547,0.06333,0.00252
6.15705,Fallen,26.24010,25.89808,25.65794,0.21479,0.22520,0.00302
6.15943,Fallen,26.23961,25.89808,25.65746,0.21495,0.06649,0.00238
6.16273,Fallen,26.23893,25.89809,25.65678,0.21467,0.08432,0.00330
6.16553,Fallen,26.23836,25.89809,25.65620,0.21490,0.07967,0.00281
6.16831,Fallen,26.23779,25.89809,25.65563,0.21479,0.03912,0.00278
6.17142,Fallen,26.23715,25.89809,25.65499,0.21445,0.10992,0.00311
6.17407,Fallen,26.23661,25.89810,25.65445,0.21443,0.00795,0.00265
6.17716,Fallen,26.23598,25.89810,25.65382,0.21421,0.07052,0.00309
6.18006,Fallen,26.23538,25.89810,25.65323,0.21378,0.14876,0.00290
6.18321,Fallen,26.23474,25.89810,25.65259,0.21376,0.00451,0.00315
6.18582,Fallen,26.23421,25.89811,25.65206,0.21353,0.08852,0.00261
6.18872,Fallen,26.23362,25.89811,25.65147,0.21358,0.01579,0.00289
6.19170,Fallen,26.23301,25.89811,25.65086,0.21343,0.04820,0.00298
6.19445,Fallen,26.23245,25.89811,25.65030,0.21347,0.01375,0.00276
6.19676,Fallen,26.23198,25.89811,25.64983,0.21313,0.14853,0.00231
6.19934,Fallen,26.23146,25.89811,25.64931,0.21303,0.03693,0.00258
6.20210,Fallen,26.23090,25.89811,25.64875,0.21333,0.10673,0.00276
6.20536,Fallen,26.23024,25.89811,25.64809,0.21298,0.10681,0.00325
6.20803,Fallen,26.22970,25.89811,25.64755,0.21249,0.18258,0.00267
6.21087,Fallen,26.22912,25.89812,25.64697,0.21254,0.01540,0.00285
6.21378,Fallen,26.22854,25.89812,25.64638,0.21275,0.07434,0.00290
6.21657,Fallen,26.22797,25.89812,25.64582,0.21234,0.14735,0.00280
6.21983,Fallen,26.22731,25.89812,25.64516,0.21225,0.02866,0.00326
6.22294,Fallen,26.22669,25.89812,25.64453,0.21232,0.02331,0.00311
6.22609,Fallen,26.22605,25.89812,25.64390,0.21182,0.15935,0.00315
6.22862,Fallen,26.22554,25.89812,25.64339,0.21200,0.07305,0.00253
6.23122,Fallen,26.22502,25.89812,25.64287,0.21154,0.17951,0.00260
6.23409,Fallen,26.22444,25.89812,25.64229,0.21200,0.16293,0.00287
6.23691,Fallen,26.22388,25.89812,25.64172,0.21163,0.13151,0.00282
6.23926,Fallen,26.22341,25.89812,25.64125,0.21143,0.08519,0.00235
6.24209,Fallen,26.22284,25.89812,25.64069,0.21136,0.02695,0.00283
6.24462,Fallen,26.22233,25.89812,25.64018,0.21135,0.00268,0.00253
6.24766,Fallen,26.22172,25.89812,25.63957,0.21080,0.18134,0.00304
6.25057,Fallen,26.22114,25.89812,25.63899,0.21123,0.14906,0.00290
6.25376,Fallen,26.22050,25.89812,25.63835,0.21103,0.06309,0.00320
6.25628,Fallen,26.22000,25.89812,25.63785,0.21093,0.04045,0.00252
6.25906,Fallen,26.21945,25.89812,25.63729,0.21035,0.20903,0.00278
6.26226,Fallen,26.21881,25.89812,25.63665,0.21046,0.03542,0.00321
6.26485,Fallen,26.21829,25.89812,25.63614,0.21041,0.01902,0.00259
6.26824,Fallen,26.21762,25.89812,25.63547,0.21006,0.10385,0.00339
6.27147,Fallen,26.21698,25.89812,25.63482,0.21018,0.03849,0.00323
6.27454,Fallen,26.21637,25.89812,25.63421,0.21024,0.01945,0.00307
6.27732,Fallen,26.21581,25.89812,25.63366,0.20988,0.12936,0.00278
6.27998,Fallen,26.21529,25.89812,25.63313,0.20996,0.03030,0.00266
6.28337,Fallen,26.21461,25.89812,25.63246,0.20988,0.02447,0.00339
6.28637,Fallen,26.21402,25.89812,25.63187,0.20932,0.18706,0.00300
6.28947,Fallen,26.21341,25.89812,25.63125,0.20964,0.10419,0.00310
6.29205,Fallen,26.21290,25.89812,25.63074,0.20960,0.01853,0.00258
6.29475,Fallen,26.21236,25.89812,25.63021,0.20949,0.04026,0.00270
6.29740,Fallen,26.21184,25.89811,25.62969,0.20890,0.22404,0.00264
6.30280,Fallen,26.21078,25.89811,25.62862,0.20902,0.02386,0.00540
6.30624,Fallen,26.21010,25.89811,25.62794,0.20892,0.03062,0.00345
6.30942,Fallen,26.20947,25.89811,25.62732,0.20908,0.05016,0.00318
6.31218,Fallen,26.20893,25.89811,25.62678,0.20875,0.11683,0.00276
6.31542,Fallen,26.20829,25.89811,25.62614,0.20850,0.07767,0.00323
6.31834,Fallen,26.20772,25.89811,25.62557,0.20865,0.05127,0.00292
6.32167,Fallen,26.20707,25.89810,25.62491,0.20826,0.11911,0.00333
6.32443,Fallen,26.20653,25.89810,25.62437,0.20803,0.08185,0.00277
6.32722,Fallen,26.20598,25.89810,25.62383,0.20829,0.09347,0.00278
6.33005,Fallen,26.20543,25.89810,25.62327,0.20783,0.16434,0.00283
6.33288,Fallen,26.20487,25.89809,25.62272,0.20773,0.03389,0.00283
6.33525,Fallen,26.20441,25.89809,25.62226,0.20738,0.14931,0.00237
6.33742,Fallen,26.20399,25.89809,25.62184,0.20727,0.04868,0.00216
6.34012,Fallen,26.20346,25.89809,25.62131,0.20734,0.02681,0.00270
6.34397,Fallen,26.20271,25.89809,25.62056,0.20734,0.00190,0.00385
6.34684,Fallen,26.20216,25.89809,25.62000,0.20691,0.14940,0.00287
6.34971,Fallen,26.20160,25.89808,25.61945,0.20705,0.04831,0.00288
6.35269,Fallen,26.20102,25.89808,25.61887,0.20708,0.01145,0.00297
6.35542,Fallen,26.20049,25.89808,25.61834,0.20662,0.16681,0.00274
6.35873,Fallen,26.19985,25.89808,25.61770,0.20646,0.04833,0.00330
6.36232,Fallen,26.19916,25.89808,25.61700,0.20643,0.00816,0.00360
6.36588,Fallen,26.19847,25.89807,25.61631,0.20651,0.02027,0.00356
6.36869,Fallen,26.19792,25.89807,25.61577,0.20649,0.00741,0.00281
6.37183,Fallen,26.19732,25.89806,25.61517,0.20579,0.22173,0.00314
6.37477,Fallen,26.19675,25.89806,25.61460,0.20597,0.06013,0.00294
6.37777,Fallen,26.19617,25.89806,25.61402,0.20582,0.04852,0.00300
6.38086,Fallen,26.19558,25.89805,25.61343,0.20541,0.13157,0.00309
6.38370,Fallen,26.19504,25.89805,25.61288,0.20556,0.05039,0.00284
6.38598,Fallen,26.19460,25.89805,25.61244,0.20570,0.06092,0.00228
6.38829,Fallen,26.19415,25.89805,25.61200,0.20542,0.12105,0.00232
6.39076,Fallen,26.19368,25.89804,25.61153,0.20492,0.20268,0.00247
6.39385,Fallen,26.19309,25.89804,25.61094,0.20471,0.06599,0.00309
6.39625,Fallen,26.19263,25.89804,25.61048,0.20485,0.05720,0.00239
6.39961,Fallen,26.19199,25.89803,25.60983,0.20463,0.06488,0.00337
6.40246,Fallen,26.19144,25.89803,25.60929,0.20482,0.06668,0.00284
6.40567,Fallen,26.19083,25.89803,25.60868,0.20445,0.11463,0.00321
6.40836,Fallen,26.19032,25.89802,25.60817,0.20410,0.13235,0.00270
6.41147,Fallen,26.18973,25.89802,25.60757,0.20421,0.03808,0.00311
6.41461,Fallen,26.18913,25.89801,25.60698,0.20438,0.05457,0.00314
6.41744,Fallen,26.18859,25.89801,25.60644,0.20411,0.09805,0.00283
6.42062,Fallen,26.18799,25.89801,25.60583,0.20402,0.02720,0.00318
6.42432,Fallen,26.18729,25.89800,25.60513,0.20357,0.12166,0.00369
6.42742,Fallen,26.18670,25.89800,25.60455,0.20351,0.02014,0.00310
6.43045,Fallen,26.18612,25.89799,25.60397,0.20383,0.10616,0.00303
6.43310,Fallen,26.18562,25.89799,25.60347,0.20351,0.12098,0.00265
6.43573,Fallen,26.18513,25.89799,25.60297,0.20340,0.04077,0.00263
6.43854,Fallen,26.18460,25.89798,25.60244,0.20296,0.15581,0.00281
6.44230,Fallen,26.18389,25.89797,25.60173,0.20322,0.06798,0.00376
6.44519,Fallen,26.18334,25.89797,25.60119,0.20268,0.18749,0.00290
6.44830,Fallen,26.18276,25.89796,25.60060,0.20265,0.00944,0.00310
6.45068,Fallen,26.18231,25.89796,25.60015,0.20261,0.01369,0.00238
6.45327,Fallen,26.18182,25.89796,25.59967,0.20280,0.07148,0.00259
6.45639,Fallen,26.18124,25.89795,25.59908,0.20223,0.18382,0.00311
6.45909,Fallen,26.18073,25.89795,25.59858,0.20217,0.02164,0.00271
6.46269,Fallen,26.18005,25.89794,25.59790,0.20236,0.05182,0.00360
6.46545,Fallen,26.17954,25.89794,25.59738,0.20232,0.01480,0.00276
6.46848,Fallen,26.17897,25.89793,25.59682,0.20186,0.14955,0.00303
6.47141,Fallen,26.17842,25.89793,25.59627,0.20196,0.03214,0.00294
6.47425,Fallen,26.17789,25.89792,25.59574,0.20203,0.02715,0.00283
6.47743,Fallen,26.17730,25.89791,25.59514,0.20153,0.15701,0.00318
6.48025,Fallen,26.17677,25.89791,25.59462,0.20177,0.08497,0.00282
6.48299,Fallen,26.17626,25.89791,25.59411,0.20120,0.20928,0.00275
6.48589,Fallen,26.17572,25.89790,25.59357,0.20141,0.07429,0.00290
6.48871,Fallen,26.17520,25.89790,25.59304,0.20140,0.00435,0.00282
6.49212,Fallen,26.17456,25.89789,25.59241,0.20075,0.19095,0.00341
6.49500,Fallen,26.17403,25.89788,25.59188,0.20112,0.12707,0.00287
6.49803,Fallen,26.17347,25.89787,25.59131,0.20046,0.21554,0.00303
6.50149,Fallen,26.17283,25.89787,25.59067,0.20072,0.07331,0.00346
6.50476,Fallen,26.17222,25.89786,25.59007,0.20036,0.10912,0.00327
6.50766,Fallen,26.17169,25.89786,25.58953,0.20032,0.01305,0.00290
6.51158,Fallen,26.17096,25.89785,25.58881,0.20043,0.02863,0.00392
6.51445,Fallen,26.17043,25.89784,25.58828,0.19997,0.16312,0.00287
6.51735,Fallen,26.16990,25.89784,25.58774,0.20023,0.09268,0.00290
6.52021,Fallen,26.16937,25.89783,25.58722,0.19980,0.15284,0.00285
6.52345,Fallen,26.16878,25.89782,25.58662,0.19973,0.02001,0.00325
6.52586,Fallen,26.16833,25.89782,25.58618,0.19952,0.08760,0.00241
6.52826,Fallen,26.16789,25.89781,25.58574,0.19951,0.00453,0.00240
6.53142,Fallen,26.16731,25.89780,25.58516,0.19938,0.04312,0.00316
6.53451,Fallen,26.16675,25.89780,25.58459,0.19937,0.00253,0.00309
6.53728,Fallen,26.16624,25.89779,25.58409,0.19948,0.04190,0.00277
6.54032,Fallen,26.16568,25.89778,25.58353,0.19887,0.20289,0.00304
6.54360,Fallen,26.16508,25.89777,25.58293,0.19913,0.07878,0.00328
6.54668,Fallen,26.16452,25.89777,25.58237,0.19902,0.03589,0.00308
6.54891,Fallen,26.16411,25.89776,25.58196,0.19856,0.20308,0.00223
6.55209,Fallen,26.16353,25.89775,25.58138,0.19851,0.01754,0.00318
6.55493,Fallen,26.16302,25.89775,25.58086,0.19841,0.03460,0.00284
6.55784,Fallen,26.16249,25.89774,25.58034,0.19848,0.02398,0.00290
6.56084,Fallen,26.16194,25.89773,25.57979,0.19821,0.08944,0.00300
6.56417,Fallen,26.16134,25.89772,25.57919,0.19795,0.07739,0.00333
6.56697,Fallen,26.16083,25.89772,25.57868,0.19797,0.00653,0.00280
6.56983,Fallen,26.16031,25.89771,25.57816,0.19751,0.16046,0.00286
6.57246,Fallen,26.15984,25.89770,25.57768,0.19750,0.00304,0.00264
6.57509,Fallen,26.15936,25.89770,25.57721,0.19739,0.04341,0.00262
6.57779,Fallen,26.15888,25.89769,25.57672,0.19759,0.07478,0.00270
6.58102,Fallen,26.15829,25.89768,25.57614,0.19710,0.15173,0.00324
6.58409,Fallen,26.15774,25.89767,25.57559,0.19744,0.10926,0.00306
6.58740,Fallen,26.15714,25.89767,25.57499,0.19724,0.05866,0.00331
6.59020,Fallen,26.15664,25.89766,25.57448,0.19725,0.00427,0.00280
6.59315,Fallen,26.15611,25.89765,25.57395,0.19693,0.11058,0.00295
6.59588,Fallen,26.15562,25.89764,25.57346,0.19669,0.08624,0.00273
6.59853,Fallen,26.15514,25.89763,25.57299,0.19669,0.00076,0.00265
6.60222,Fallen,26.15448,25.89762,25.57233,0.19656,0.03621,0.00369
6.60490,Fallen,26.15400,25.89762,25.57185,0.19626,0.11360,0.00268
6.60817,Fallen,26.15342,25.89761,25.57126,0.19624,0.00339,0.00327
6.61119,Fallen,26.15288,25.89760,25.57072,0.19639,0.04976,0.00302
6.61440,Fallen,26.15230,25.89759,25.57015,0.19588,0.16124,0.00322
6.61761,Fallen,26.15173,25.89758,25.56958,0.19589,0.00441,0.00321
6.62032,Fallen,26.15125,25.89757,25.56909,0.19581,0.03008,0.00271
6.62321,Fallen,26.15073,25.89756,25.56858,0.19557,0.08174,0.00289
6.62614,Fallen,26.15021,25.89755,25.56806,0.19535,0.07518,0.00293
6.62918,Fallen,26.14967,25.89754,25.56752,0.19552,0.05680,0.00304
6.63167,Fallen,26.14923,25.89754,25.56708,0.19564,0.04513,0.00249
6.63444,Fallen,26.14874,25.89753,25.56658,0.19537,0.09464,0.00277
6.63730,Fallen,26.14823,25.89752,25.56608,0.19489,0.17015,0.00286
6.63997,Fallen,26.14776,25.89751,25.56561,0.19480,0.03362,0.00268
6.64360,Fallen,26.14712,25.89750,25.56496,0.19477,0.00824,0.00363
6.64622,Fallen,26.14665,25.89749,25.56450,0.19461,0.06051,0.00263
6.64952,Fallen,26.14607,25.89748,25.56392,0.19480,0.05771,0.00329
6.65199,Fallen,26.14564,25.89747,25.56348,0.19448,0.12837,0.00248
6.65482,Fallen,26.14514,25.89746,25.56298,0.19409,0.13727,0.00283
6.65763,Fallen,26.14464,25.89745,25.56249,0.19411,0.00661,0.00281
6.66034,Fallen,26.14417,25.89744,25.56201,0.19433,0.07943,0.00271
6.66364,Fallen,26.14359,25.89743,25.56144,0.19384,0.14794,0.00329
6.66622,Fallen,26.14314,25.89742,25.56098,0.19381,0.01064,0.00259
6.66864,Fallen,26.14271,25.89742,25.56056,0.19358,0.09510,0.00242
6.67119,Fallen,26.14227,25.89741,25.56011,0.19339,0.07333,0.00255
6.67357,Fallen,26.14185,25.89740,25.55970,0.19357,0.07506,0.00238
6.67635,Fallen,26.14136,25.89739,25.55921,0.19331,0.09288,0.00278
6.67940,Fallen,26.14083,25.89738,25.55868,0.19330,0.00394,0.00305
6.68234,Fallen,26.14032,25.89737,25.55816,0.19325,0.01823,0.00294
6.68529,Fallen,26.13980,25.89736,25.55765,0.19277,0.16187,0.00295
6.68774,Fallen,26.13938,25.89735,25.55723,0.19265,0.04850,0.00245
6.69079,Fallen,26.13885,25.89734,25.55669,0.19297,0.10295,0.00306
6.69345,Fallen,26.13839,25.89733,25.55623,0.19266,0.11556,0.00266
6.69637,Fallen,26.13788,25.89732,25.55573,0.19232,0.11678,0.00293
6.69922,Fallen,26.13739,25.89731,25.55523,0.19222,0.03615,0.00284
6.70227,Fallen,26.13686,25.89730,25.55470,0.19227,0.01792,0.00305
6.70546,Fallen,26.13630,25.89729,25.55415,0.19226,0.00199,0.00319
6.70812,Fallen,26.13585,25.89728,25.55369,0.19216,0.03906,0.00266
6.71085,Fallen,26.13537,25.89727,25.55322,0.19213,0.01215,0.00274
6.71358,Fallen,26.13490,25.89726,25.55275,0.19187,0.09346,0.00273
6.71645,Fallen,26.13441,25.89725,25.55225,0.19159,0.09677,0.00287
6.71891,Fallen,26.13398,25.89724,25.55183,0.19173,0.05512,0.00246
6.72211,Fallen,26.13343,25.89723,25.55128,0.19154,0.05840,0.00320
6.72497,Fallen,26.13294,25.89722,25.55079,0.19159,0.01577,0.00286
6.72797,Fallen,26.13243,25.89720,25.55027,0.19126,0.10949,0.00300
6.73053,Fallen,26.13198,25.89720,25.54983,0.19137,0.04410,0.00256
6.73355,Fallen,26.13147,25.89718,25.54931,0.19092,0.15095,0.00302
6.73620,Fallen,26.13101,25.89717,25.54886,0.19090,0.00519,0.00265
6.73993,Fallen,26.13037,25.89716,25.54822,0.19117,0.07154,0.00373
6.74292,Fallen,26.12986,25.89715,25.54771,0.19074,0.14532,0.00299
6.74613,Fallen,26.12931,25.89713,25.54716,0.19096,0.07045,0.00321
6.74917,Fallen,26.12880,25.89712,25.54664,0.19067,0.09632,0.00304
6.75213,Fallen,26.12829,25.89711,25.54614,0.19056,0.03634,0.00296
6.75510,Fallen,26.12778,25.89709,25.54563,0.19056,0.00105,0.00297
6.75816,Fallen,26.12726,25.89708,25.54511,0.19045,0.03777,0.00306
6.76190,Fallen,26.12663,25.89707,25.54447,0.19034,0.02914,0.00374
6.76462,Fallen,26.12616,25.89706,25.54401,0.18990,0.16202,0.00272
6.76695,Fallen,26.12577,25.89705,25.54361,0.19027,0.15809,0.00233
6.76931,Fallen,26.12537,25.89704,25.54321,0.19028,0.00622,0.00236
6.77196,Fallen,26.12492,25.89703,25.54276,0.18961,0.25279,0.00265
6.77518,Fallen,26.12437,25.89701,25.54222,0.18977,0.04818,0.00322
6.77775,Fallen,26.12394,25.89700,25.54178,0.18922,0.21210,0.00258
6.78077,Fallen,26.12343,25.89699,25.54128,0.18914,0.02790,0.00302
6.78418,Fallen,26.12285,25.89698,25.54070,0.18920,0.01882,0.00340
6.78714,Fallen,26.12235,25.89697,25.54020,0.18907,0.04371,0.00297
6.78993,Fallen,26.12189,25.89695,25.53973,0.18931,0.08681,0.00278
6.79254,Fallen,26.12145,25.89694,25.53929,0.18868,0.24105,0.00261
6.79589,Fallen,26.12088,25.89693,25.53873,0.18898,0.08829,0.00335
6.79873,Fallen,26.12041,25.89691,25.53825,0.18901,0.01195,0.00283
6.80281,Fallen,26.11972,25.89689,25.53757,0.18863,0.09534,0.00408
6.80582,Fallen,26.11922,25.89688,25.53706,0.18867,0.01408,0.00301
6.80842,Fallen,26.11878,25.89687,25.53662,0.18876,0.03544,0.00260
6.81115,Fallen,26.11832,25.89686,25.53617,0.18814,0.22901,0.00273
6.81503,Fallen,26.11767,25.89684,25.53552,0.18820,0.01658,0.00388
6.81850,Fallen,26.11709,25.89682,25.53494,0.18826,0.01854,0.00347
6.82171,Fallen,26.11656,25.89681,25.53440,0.18816,0.03084,0.00321
6.82486,Fallen,26.11603,25.89680,25.53388,0.18790,0.08568,0.00315
6.82764,Fallen,26.11557,25.89678,25.53342,0.18772,0.06258,0.00279
6.83081,Fallen,26.11504,25.89677,25.53289,0.18754,0.05789,0.00317
6.83329,Fallen,26.11463,25.89676,25.53248,0.18750,0.01594,0.00248
6.83637,Fallen,26.11412,25.89674,25.53197,0.18719,0.10093,0.00308
6.83926,Fallen,26.11364,25.89673,25.53149,0.18724,0.02006,0.00289
6.84249,Fallen,26.11311,25.89671,25.53095,0.18701,0.07307,0.00323
6.84554,Fallen,26.11260,25.89670,25.53045,0.18673,0.09046,0.00305
6.84853,Fallen,26.11211,25.89669,25.52996,0.18665,0.02940,0.00298
6.85176,Fallen,26.11158,25.89667,25.52942,0.18688,0.07281,0.00323
6.85488,Fallen,26.11106,25.89666,25.52891,0.18643,0.14414,0.00312
6.85817,Fallen,26.11052,25.89664,25.52837,0.18621,0.06826,0.00330
6.86162,Fallen,26.10996,25.89663,25.52780,0.18617,0.01179,0.00345
6.86414,Fallen,26.10954,25.89661,25.52739,0.18623,0.02601,0.00252
6.86658,Fallen,26.10914,25.89660,25.52699,0.18617,0.02608,0.00244
6.86909,Fallen,26.10873,25.89659,25.52658,0.18612,0.01738,0.00251
6.87215,Fallen,26.10823,25.89657,25.52608,0.18591,0.06834,0.00306
6.87514,Fallen,26.10774,25.89655,25.52559,0.18582,0.03266,0.00298
6.87829,Fallen,26.10722,25.89654,25.52507,0.18579,0.00912,0.00316
6.88138,Fallen,26.10672,25.89652,25.52457,0.18556,0.07418,0.00308
6.88417,Fallen,26.10626,25.89651,25.52411,0.18557,0.00382,0.00279
6.88695,Fallen,26.10581,25.89650,25.52366,0.18547,0.03726,0.00278
6.88955,Fallen,26.10539,25.89648,25.52324,0.18482,0.25032,0.00260
6.89266,Fallen,26.10488,25.89647,25.52273,0.18523,0.13246,0.00312
6.89533,Fallen,26.10445,25.89645,25.52229,0.18464,0.22214,0.00267
6.89806,Fallen,26.10401,25.89644,25.52185,0.18475,0.04037,0.00273
6.90142,Fallen,26.10346,25.89642,25.52131,0.18466,0.02504,0.00335
6.90407,Fallen,26.10303,25.89641,25.52088,0.18475,0.03437,0.00266
6.90661,Fallen,26.10262,25.89640,25.52047,0.18452,0.09310,0.00253
6.90937,Fallen,26.10217,25.89638,25.52002,0.18431,0.07356,0.00276
6.91233,Fallen,26.10170,25.89637,25.51954,0.18428,0.01102,0.00296
6.91581,Fallen,26.10114,25.89635,25.51898,0.18398,0.08793,0.00348
6.91880,Fallen,26.10065,25.89634,25.51850,0.18417,0.06340,0.00298
6.92295,Fallen,26.09999,25.89631,25.51783,0.18374,0.10184,0.00415
6.92674,Fallen,26.09938,25.89629,25.51722,0.18387,0.03348,0.00379
6.93021,Fallen,26.09882,25.89627,25.51667,0.18370,0.04844,0.00347
6.93334,Fallen,26.09832,25.89626,25.51616,0.18382,0.03685,0.00313
6.93626,Fallen,26.09785,25.89624,25.51570,0.18370,0.04020,0.00291
6.93919,Fallen,26.09738,25.89622,25.51523,0.18302,0.23306,0.00294
6.94258,Fallen,26.09684,25.89620,25.51468,0.18317,0.04441,0.00339
6.94532,Fallen,26.09640,25.89619,25.51425,0.18294,0.08280,0.00274
6.94842,Fallen,26.09591,25.89617,25.51375,0.18313,0.06218,0.00310
6.95157,Fallen,26.09540,25.89615,25.51325,0.18270,0.13624,0.00315
6.95398,Fallen,26.09502,25.89614,25.51287,0.18284,0.05735,0.00241
6.95651,Fallen,26.09462,25.89612,25.51246,0.18264,0.07921,0.00253
6.95879,Fallen,26.09426,25.89611,25.51210,0.18260,0.01920,0.00228
6.96234,Fallen,26.09369,25.89609,25.51154,0.18214,0.12858,0.00355
6.96591,Fallen,26.09313,25.89607,25.51097,0.18197,0.04891,0.00357
6.96912,Fallen,26.09262,25.89606,25.51047,0.18200,0.01165,0.00321
6.97198,Fallen,26.09217,25.89604,25.51002,0.18187,0.04489,0.00286
6.97512,Fallen,26.09167,25.89602,25.50952,0.18197,0.03165,0.00315
6.97800,Fallen,26.09122,25.89601,25.50906,0.18188,0.03453,0.00287
6.98183,Fallen,26.09061,25.89598,25.50846,0.18137,0.13188,0.00383
6.98493,Fallen,26.09013,25.89597,25.50797,0.18138,0.00412,0.00310
6.98799,Fallen,26.08965,25.89595,25.50749,0.18117,0.07098,0.00306
6.99074,Fallen,26.08921,25.89593,25.50706,0.18125,0.03108,0.00274
6.99343,Fallen,26.08879,25.89592,25.50664,0.18146,0.07641,0.00269
6.99623,Fallen,26.08835,25.89590,25.50620,0.18090,0.20002,0.00280
6.99902,Fallen,26.08792,25.89589,25.50576,0.18102,0.04614,0.00279
7.00241,Fallen,26.08739,25.89586,25.50523,0.18082,0.05977,0.00339
7.00528,Fallen,26.08694,25.89585,25.50478,0.18094,0.04245,0.00287
7.00772,Fallen,26.08655,25.89583,25.50440,0.18071,0.09667,0.00244
7.01081,Fallen,26.08607,25.89581,25.50392,0.18033,0.12312,0.00309
7.01337,Fallen,26.08567,25.89580,25.50352,0.18025,0.03173,0.00256
7.01646,Fallen,26.08519,25.89578,25.50304,0.18029,0.01375,0.00310
7.01972,Fallen,26.08469,25.89576,25.50253,0.17993,0.10992,0.00326
7.02326,Fallen,26.08414,25.89574,25.50198,0.17990,0.01031,0.00354
7.02611,Fallen,26.08369,25.89572,25.50154,0.18008,0.06356,0.00285
7.02874,Fallen,26.08329,25.89570,25.50113,0.17980,0.10378,0.00263
7.03184,Fallen,26.08281,25.89569,25.50065,0.17984,0.01139,0.00310
7.03454,Fallen,26.08239,25.89567,25.50023,0.17938,0.17118,0.00270
7.03806,Fallen,26.08185,25.89565,25.49969,0.17925,0.03557,0.00351
7.04147,Fallen,26.08132,25.89563,25.49917,0.17932,0.01989,0.00341
7.04458,Fallen,26.08084,25.89561,25.49869,0.17938,0.01953,0.00311
7.04758,Fallen,26.08038,25.89559,25.49822,0.17898,0.13303,0.00300
7.05019,Fallen,26.07998,25.89557,25.49782,0.17875,0.08806,0.00261
7.05280,Fallen,26.07958,25.89556,25.49742,0.17864,0.04294,0.00261
7.05531,Fallen,26.07919,25.89554,25.49704,0.17879,0.05942,0.00251
7.05828,Fallen,26.07874,25.89552,25.49658,0.17880,0.00406,0.00297
7.06167,Fallen,26.07822,25.89550,25.49606,0.17832,0.14182,0.00339
7.06543,Fallen,26.07764,25.89547,25.49549,0.17861,0.07614,0.00376
7.06850,Fallen,26.07717,25.89545,25.49502,0.17818,0.13857,0.00307
7.07218,Fallen,26.07661,25.89543,25.49446,0.17808,0.02645,0.00368
7.07520,Fallen,26.07615,25.89541,25.49400,0.17813,0.01427,0.00303
7.07880,Fallen,26.07560,25.89539,25.49345,0.17820,0.02108,0.00360
7.08219,Fallen,26.07508,25.89536,25.49293,0.17786,0.09995,0.00338
7.08497,Fallen,26.07466,25.89535,25.49251,0.17762,0.08893,0.00278
7.08773,Fallen,26.07424,25.89533,25.49209,0.17773,0.04070,0.00276
7.09088,Fallen,26.07376,25.89531,25.49161,0.17780,0.02142,0.00315
7.09329,Fallen,26.07340,25.89529,25.49125,0.17755,0.09980,0.00241
7.09574,Fallen,26.07303,25.89528,25.49087,0.17742,0.05593,0.00245
7.09807,Fallen,26.07268,25.89526,25.49052,0.17697,0.19182,0.00233
7.10147,Fallen,26.07216,25.89524,25.49001,0.17689,0.02550,0.00340
7.10428,Fallen,26.07174,25.89522,25.48959,0.17667,0.07573,0.00281
7.10709,Fallen,26.07132,25.89520,25.48916,0.17681,0.04931,0.00281
7.11007,Fallen,26.07087,25.89518,25.48871,0.17651,0.09987,0.00298
7.11269,Fallen,26.07047,25.89516,25.48832,0.17637,0.05406,0.00262
7.11564,Fallen,26.07003,25.89514,25.48788,0.17663,0.08680,0.00295
7.11807,Fallen,26.06967,25.89513,25.48751,0.17622,0.16697,0.00243
7.12155,Fallen,26.06915,25.89511,25.48699,0.17623,0.00244,0.00347
7.12411,Fallen,26.06876,25.89509,25.48661,0.17625,0.00609,0.00256
7.12751,Fallen,26.06825,25.89506,25.48610,0.17610,0.04184,0.00340
7.13062,Fallen,26.06779,25.89504,25.48563,0.17583,0.08836,0.00312
7.13370,Fallen,26.06733,25.89502,25.48517,0.17574,0.02924,0.00308
7.13696,Fallen,26.06684,25.89500,25.48469,0.17591,0.05135,0.00326
7.13999,Fallen,26.06639,25.89498,25.48424,0.17541,0.16244,0.00303
7.14334,Fallen,26.06589,25.89495,25.48374,0.17537,0.01408,0.00335
7.14604,Fallen,26.06549,25.89494,25.48334,0.17537,0.00009,0.00271
7.14908,Fallen,26.06504,25.89492,25.48289,0.17507,0.09761,0.00304
7.15198,Fallen,26.06461,25.89490,25.48246,0.17504,0.00895,0.00290
7.15462,Fallen,26.06422,25.89488,25.48207,0.17490,0.05417,0.00264
7.15770,Fallen,26.06376,25.89486,25.48161,0.17505,0.04914,0.00308
7.16075,Fallen,26.06331,25.89484,25.48116,0.17494,0.03743,0.00305
7.16412,Fallen,26.06281,25.89481,25.48066,0.17470,0.07138,0.00337
7.16644,Fallen,26.06247,25.89479,25.48032,0.17448,0.09502,0.00232
7.16922,Fallen,26.06206,25.89478,25.47991,0.17438,0.03442,0.00278
7.17216,Fallen,26.06163,25.89476,25.47948,0.17447,0.03054,0.00294
7.17509,Fallen,26.06120,25.89473,25.47905,0.17435,0.04263,0.00293
7.17813,Fallen,26.06075,25.89471,25.47860,0.17427,0.02389,0.00304
7.18140,Fallen,26.06027,25.89469,25.47812,0.17387,0.12479,0.00327
7.18448,Fallen,26.05982,25.89467,25.47767,0.17395,0.02765,0.00308
7.18719,Fallen,26.05943,25.89465,25.47727,0.17388,0.02590,0.00271
7.18967,Fallen,26.05906,25.89463,25.47691,0.17353,0.14192,0.00248
7.19194,Fallen,26.05873,25.89461,25.47658,0.17386,0.14532,0.00227
7.19435,Fallen,26.05838,25.89460,25.47623,0.17324,0.25873,0.00241
7.19727,Fallen,26.05795,25.89458,25.47580,0.17322,0.00651,0.00292
7.20015,Fallen,26.05754,25.89455,25.47538,0.17320,0.00529,0.00288
7.20323,Fallen,26.05709,25.89453,25.47493,0.17326,0.01958,0.00308
7.20692,Fallen,26.05655,25.89450,25.47440,0.17327,0.00115,0.00369
7.20971,Fallen,26.05614,25.89448,25.47399,0.17294,0.11776,0.00279
7.21297,Fallen,26.05567,25.89446,25.47352,0.17307,0.03925,0.00326
7.21562,Fallen,26.05529,25.89444,25.47313,0.17303,0.01470,0.00265
7.21932,Fallen,26.05475,25.89441,25.47260,0.17283,0.05196,0.00370
7.22264,Fallen,26.05427,25.89438,25.47212,0.17266,0.05308,0.00332
7.22609,Fallen,26.05377,25.89436,25.47162,0.17277,0.03199,0.00345
7.22881,Fallen,26.05338,25.89434,25.47122,0.17273,0.01548,0.00272
7.23152,Fallen,26.05299,25.89432,25.47083,0.17234,0.14190,0.00271
7.23444,Fallen,26.05256,25.89430,25.47041,0.17222,0.04230,0.00293
7.23734,Fallen,26.05215,25.89427,25.47000,0.17184,0.13213,0.00290
7.24024,Fallen,26.05173,25.89425,25.46958,0.17209,0.08823,0.00290
7.24323,Fallen,26.05130,25.89423,25.46915,0.17185,0.08136,0.00299
7.24582,Fallen,26.05093,25.89421,25.46878,0.17193,0.03268,0.00259
7.24801,Fallen,26.05062,25.89419,25.46846,0.17162,0.14292,0.00218
7.25032,Fallen,26.05029,25.89417,25.46813,0.17179,0.07326,0.00231
7.25411,Fallen,26.04974,25.89415,25.46759,0.17143,0.09451,0.00379
7.25666,Fallen,26.04938,25.89413,25.46723,0.17153,0.03888,0.00255
7.25972,Fallen,26.04894,25.89410,25.46679,0.17108,0.14696,0.00306
7.26282,Fallen,26.04850,25.89408,25.46635,0.17093,0.04744,0.00310
7.26546,Fallen,26.04813,25.89406,25.46597,0.17101,0.02759,0.00264
7.26867,Fallen,26.04767,25.89403,25.46552,0.17074,0.08253,0.00321
7.27142,Fallen,26.04728,25.89401,25.46513,0.17100,0.09497,0.00275
7.27453,Fallen,26.04684,25.89398,25.46469,0.17052,0.15525,0.00311
7.27717,Fallen,26.04646,25.89396,25.46431,0.17065,0.05058,0.00265
7.28096,Fallen,26.04593,25.89393,25.46377,0.17036,0.07703,0.00379
7.28424,Fallen,26.04546,25.89391,25.46331,0.17053,0.04986,0.00327
7.28669,Fallen,26.04512,25.89389,25.46296,0.17058,0.02317,0.00245
7.28890,Fallen,26.04480,25.89387,25.46265,0.17042,0.07349,0.00221
7.29163,Fallen,26.04442,25.89385,25.46227,0.17001,0.15061,0.00273
7.29483,Fallen,26.04397,25.89383,25.46181,0.17014,0.04104,0.00319
7.29768,Fallen,26.04357,25.89380,25.46141,0.16962,0.18256,0.00285
7.30024,Fallen,26.04321,25.89378,25.46105,0.17000,0.14940,0.00256
7.30364,Fallen,26.04273,25.89375,25.46058,0.16948,0.15298,0.00340
7.30690,Fallen,26.04227,25.89373,25.46012,0.16975,0.08227,0.00326
7.31067,Fallen,26.04174,25.89370,25.45959,0.16942,0.08614,0.00377
7.31456,Fallen,26.04120,25.89367,25.45905,0.16951,0.02299,0.00389
7.31773,Fallen,26.04076,25.89364,25.45860,0.16921,0.09645,0.00317
7.32052,Fallen,26.04037,25.89362,25.45821,0.16916,0.01548,0.00279
7.32386,Fallen,26.03990,25.89359,25.45775,0.16926,0.02847,0.00335
7.32649,Fallen,26.03953,25.89357,25.45738,0.16880,0.17336,0.00263
7.32942,Fallen,26.03913,25.89355,25.45697,0.16905,0.08600,0.00293
7.33246,Fallen,26.03870,25.89352,25.45655,0.16845,0.20058,0.00304
7.33528,Fallen,26.03831,25.89350,25.45616,0.16835,0.03504,0.00282
7.33785,Fallen,26.03796,25.89348,25.45580,0.16850,0.06146,0.00257
7.34053,Fallen,26.03759,25.89346,25.45543,0.16834,0.06007,0.00267
7.34406,Fallen,26.03710,25.89342,25.45494,0.16820,0.04215,0.00353
7.34665,Fallen,26.03674,25.89340,25.45459,0.16814,0.01952,0.00259
7.34947,Fallen,26.03635,25.89338,25.45420,0.16801,0.04746,0.00282
7.35219,Fallen,26.03598,25.89336,25.45382,0.16770,0.11549,0.00272
7.35467,Fallen,26.03563,25.89334,25.45348,0.16755,0.05767,0.00248
7.35758,Fallen,26.03523,25.89331,25.45308,0.16788,0.11124,0.00291
7.36025,Fallen,26.03487,25.89329,25.45271,0.16737,0.18900,0.00267
7.36382,Fallen,26.03438,25.89326,25.45222,0.16734,0.00825,0.00357
7.36685,Fallen,26.03396,25.89323,25.45181,0.16735,0.00264,0.00303
7.36977,Fallen,26.03356,25.89321,25.45141,0.16749,0.04799,0.00292
7.37279,Fallen,26.03315,25.89319,25.45099,0.16738,0.03556,0.00302
7.37581,Fallen,26.03273,25.89316,25.45058,0.16721,0.05741,0.00302
7.37883,Fallen,26.03232,25.89314,25.45017,0.16712,0.03022,0.00301
7.38190,Fallen,26.03190,25.89311,25.44975,0.16692,0.06601,0.00307
7.38439,Fallen,26.03156,25.89309,25.44941,0.16667,0.09713,0.00249
7.38681,Fallen,26.03123,25.89307,25.44908,0.16690,0.09403,0.00242
7.38930,Fallen,26.03089,25.89305,25.44874,0.16682,0.03093,0.00249
7.39231,Fallen,26.03049,25.89302,25.44833,0.16627,0.18511,0.00301
7.39520,Fallen,26.03009,25.89299,25.44794,0.16608,0.06455,0.00289
7.39842,Fallen,26.02966,25.89297,25.44751,0.16604,0.01197,0.00321
7.40144,Fallen,26.02925,25.89294,25.44710,0.16619,0.04748,0.00303
7.40406,Fallen,26.02890,25.89292,25.44674,0.16586,0.12518,0.00261
7.40729,Fallen,26.02846,25.89289,25.44631,0.16585,0.00391,0.00324
7.40997,Fallen,26.02810,25.89287,25.44595,0.16555,0.11198,0.00268
7.41305,Fallen,26.02769,25.89284,25.44553,0.16550,0.01638,0.00308
7.41564,Fallen,26.02734,25.89282,25.44518,0.16561,0.04377,0.00259
7.41854,Fallen,26.02695,25.89279,25.44479,0.16537,0.08133,0.00290
7.42200,Fallen,26.02648,25.89276,25.44433,0.16544,0.01798,0.00346
7.42542,Fallen,26.02602,25.89273,25.44387,0.16544,0.00212,0.00342
7.42884,Fallen,26.02556,25.89270,25.44341,0.16510,0.09984,0.00342
7.43181,Fallen,26.02517,25.89267,25.44301,0.16533,0.07569,0.00297
7.43495,Fallen,26.02475,25.89264,25.44259,0.16510,0.07263,0.00314
7.43782,Fallen,26.02436,25.89262,25.44221,0.16488,0.07523,0.00287
7.44079,Fallen,26.02397,25.89259,25.44181,0.16478,0.03619,0.00297
7.44420,Fallen,26.02351,25.89256,25.44136,0.16488,0.02952,0.00341
7.44797,Fallen,26.02301,25.89253,25.44086,0.16465,0.06033,0.00377
7.45142,Fallen,26.02255,25.89250,25.44040,0.16436,0.08511,0.00345
7.45504,Fallen,26.02207,25.89247,25.43992,0.16431,0.01187,0.00362
7.45789,Fallen,26.02169,25.89244,25.43954,0.16450,0.06488,0.00286
7.46110,Fallen,26.02127,25.89241,25.43911,0.16440,0.03179,0.00320
7.46479,Fallen,26.02078,25.89238,25.43862,0.16391,0.13159,0.00370
7.46761,Fallen,26.02040,25.89235,25.43825,0.16373,0.06465,0.00282
7.47062,Fallen,26.02001,25.89233,25.43785,0.16366,0.02182,0.00301
7.47422,Fallen,26.01954,25.89229,25.43738,0.16357,0.02534,0.00359
7.47772,Fallen,26.01907,25.89226,25.43692,0.16378,0.05990,0.00350
7.48073,Fallen,26.01868,25.89223,25.43652,0.16354,0.07904,0.00301
7.48403,Fallen,26.01824,25.89220,25.43609,0.16358,0.01048,0.00330
7.48710,Fallen,26.01784,25.89217,25.43569,0.16331,0.08731,0.00307
7.49102,Fallen,26.01732,25.89214,25.43517,0.16329,0.00390,0.00392
7.49405,Fallen,26.01693,25.89211,25.43477,0.16323,0.02267,0.00303
7.49747,Fallen,26.01648,25.89208,25.43433,0.16322,0.00078,0.00342
7.50063,Fallen,26.01607,25.89205,25.43391,0.16266,0.17824,0.00316
7.50475,Fallen,26.01553,25.89201,25.43338,0.16285,0.04734,0.00412
7.50757,Fallen,26.01516,25.89198,25.43301,0.16289,0.01177,0.00282
7.51107,Fallen,26.01471,25.89195,25.43255,0.16250,0.10979,0.00350
7.51406,Fallen,26.01432,25.89192,25.43216,0.16244,0.02131,0.00299
7.51776,Fallen,26.01384,25.89188,25.43168,0.16241,0.00784,0.00370
7.52093,Fallen,26.01343,25.89186,25.43127,0.16205,0.11459,0.00317
7.52501,Fallen,26.01290,25.89182,25.43074,0.16193,0.02974,0.00409
7.52844,Fallen,26.01245,25.89178,25.43030,0.16182,0.03029,0.00343
7.53131,Fallen,26.01208,25.89176,25.42993,0.16204,0.07738,0.00287
7.53416,Fallen,26.01171,25.89173,25.42956,0.16198,0.02150,0.00285
7.53728,Fallen,26.01131,25.89170,25.42916,0.16180,0.05813,0.00312
7.54055,Fallen,26.01089,25.89167,25.42874,0.16159,0.06640,0.00327
7.54392,Fallen,26.01046,25.89164,25.42830,0.16123,0.10674,0.00337
7.54722,Fallen,26.01003,25.89160,25.42788,0.16128,0.01593,0.00330
7.55044,Fallen,26.00962,25.89157,25.42747,0.16096,0.09850,0.00322
7.55392,Fallen,26.00918,25.89154,25.42702,0.16110,0.04015,0.00348
7.55718,Fallen,26.00876,25.89151,25.42661,0.16100,0.03174,0.00326
7.56051,Fallen,26.00833,25.89147,25.42618,0.16073,0.07924,0.00333
7.56406,Fallen,26.00788,25.89144,25.42573,0.16065,0.02234,0.00355
7.56758,Fallen,26.00743,25.89141,25.42528,0.16054,0.03208,0.00352
7.57077,Fallen,26.00703,25.89138,25.42487,0.16050,0.01128,0.00319
7.57335,Fallen,26.00670,25.89135,25.42455,0.16036,0.05760,0.00258
7.57612,Fallen,26.00635,25.89132,25.42419,0.16035,0.00274,0.00278
7.57903,Fallen,26.00598,25.89130,25.42382,0.15995,0.13643,0.00291
7.58275,Fallen,26.00551,25.89126,25.42335,0.15996,0.00345,0.00372
7.58610,Fallen,26.00508,25.89122,25.42293,0.15984,0.03664,0.00335
7.58943,Fallen,26.00466,25.89119,25.42251,0.15946,0.11491,0.00333
7.59331,Fallen,26.00418,25.89115,25.42202,0.15955,0.02471,0.00387
7.59655,Fallen,26.00377,25.89112,25.42161,0.15935,0.06342,0.00325
7.60030,Fallen,26.00330,25.89108,25.42114,0.15921,0.03579,0.00375
7.60374,Fallen,26.00286,25.89105,25.42071,0.15921,0.00093,0.00343
7.60671,Fallen,26.00249,25.89102,25.42034,0.15892,0.09831,0.00297
7.60957,Fallen,26.00213,25.89099,25.41998,0.15927,0.12293,0.00286
7.61336,Fallen,26.00166,25.89095,25.41951,0.15888,0.10387,0.00380
7.61659,Fallen,26.00126,25.89092,25.41910,0.15894,0.01971,0.00323
7.62003,Fallen,26.00083,25.89089,25.41867,0.15874,0.05703,0.00344
7.62427,Fallen,26.00030,25.89085,25.41814,0.15867,0.01699,0.00424
7.62721,Fallen,25.99993,25.89082,25.41778,0.15849,0.06072,0.00294
7.62981,Fallen,25.99961,25.89079,25.41746,0.15815,0.13398,0.00260
7.63239,Fallen,25.99929,25.89076,25.41713,0.15851,0.13925,0.00259
7.63614,Fallen,25.99882,25.89073,25.41667,0.15826,0.06660,0.00375
7.63893,Fallen,25.99848,25.89070,25.41632,0.15806,0.07031,0.00279
7.64274,Fallen,25.99800,25.89066,25.41585,0.15778,0.07239,0.00381
7.64545,Fallen,25.99767,25.89063,25.41552,0.15805,0.09821,0.00271
7.64837,Fallen,25.99731,25.89060,25.41516,0.15756,0.16816,0.00292
7.65130,Fallen,25.99695,25.89057,25.41479,0.15758,0.00822,0.00292
7.65455,Fallen,25.99655,25.89054,25.41439,0.15745,0.04056,0.00325
7.65776,Fallen,25.99615,25.89050,25.41400,0.15743,0.00778,0.00321
7.66074,Fallen,25.99579,25.89047,25.41363,0.15716,0.08947,0.00298
7.66500,Fallen,25.99526,25.89043,25.41311,0.15709,0.01728,0.00426
7.66770,Fallen,25.99493,25.89040,25.41278,0.15687,0.07926,0.00270
7.67028,Fallen,25.99462,25.89038,25.41246,0.15702,0.05661,0.00258
7.67308,Fallen,25.99428,25.89035,25.41212,0.15659,0.15237,0.00280
7.67584,Fallen,25.99394,25.89032,25.41179,0.15655,0.01640,0.00276
7.67889,Fallen,25.99357,25.89029,25.41142,0.15672,0.05777,0.00304
7.68220,Fallen,25.99316,25.89025,25.41101,0.15655,0.05190,0.00332
7.68546,Fallen,25.99277,25.89022,25.41061,0.15660,0.01642,0.00325
7.68807,Fallen,25.99245,25.89019,25.41030,0.15608,0.20014,0.00261
7.69128,Fallen,25.99206,25.89016,25.40991,0.15600,0.02494,0.00321
7.69417,Fallen,25.99171,25.89013,25.40956,0.15601,0.00424,0.00290
7.69725,Fallen,25.99134,25.89009,25.40918,0.15618,0.05430,0.00308
7.70015,Fallen,25.99099,25.89006,25.40883,0.15608,0.03295,0.00289
7.70384,Fallen,25.99054,25.89003,25.40839,0.15586,0.06182,0.00369
7.70687,Fallen,25.99017,25.89000,25.40802,0.15579,0.02358,0.00303
7.71014,Fallen,25.98978,25.88996,25.40763,0.15535,0.13248,0.00327
7.71331,Fallen,25.98940,25.88993,25.40725,0.15539,0.01155,0.00317
7.71606,Fallen,25.98907,25.88990,25.40691,0.15546,0.02650,0.00276
7.71848,Fallen,25.98878,25.88987,25.40662,0.15537,0.03701,0.00241
7.72150,Fallen,25.98841,25.88984,25.40626,0.15516,0.06946,0.00302
7.72439,Fallen,25.98807,25.88981,25.40591,0.15508,0.02791,0.00290
7.72736,Fallen,25.98771,25.88977,25.40556,0.15485,0.07879,0.00297
7.72998,Fallen,25.98740,25.88975,25.40525,0.15466,0.07220,0.00262
7.73339,Fallen,25.98699,25.88971,25.40484,0.15464,0.00498,0.00341
7.73597,Fallen,25.98668,25.88968,25.40453,0.15490,0.09919,0.00258
7.73923,Fallen,25.98630,25.88965,25.40414,0.15436,0.16605,0.00326
7.74223,Fallen,25.98594,25.88961,25.40379,0.15421,0.04997,0.00300
7.74620,Fallen,25.98547,25.88957,25.40332,0.15431,0.02501,0.00397
7.74894,Fallen,25.98514,25.88954,25.40299,0.15426,0.01691,0.00275
7.75184,Fallen,25.98480,25.88951,25.40265,0.15424,0.00606,0.00289
7.75500,Fallen,25.98442,25.88948,25.40227,0.15419,0.01576,0.00317
7.75772,Fallen,25.98410,25.88945,25.40195,0.15412,0.02699,0.00272
7.76065,Fallen,25.98376,25.88942,25.40160,0.15406,0.02047,0.00293
7.76385,Fallen,25.98338,25.88938,25.40122,0.15375,0.09568,0.00320
7.76661,Fallen,25.98305,25.88935,25.40090,0.15350,0.09313,0.00276
7.76932,Fallen,25.98273,25.88932,25.40058,0.15344,0.01941,0.00271
7.77200,Fallen,25.98242,25.88929,25.40026,0.15374,0.11081,0.00268
7.77523,Fallen,25.98204,25.88926,25.39989,0.15342,0.10032,0.00323
7.77770,Fallen,25.98175,25.88923,25.39960,0.15313,0.11721,0.00248
7.78090,Fallen,25.98137,25.88919,25.39922,0.15333,0.06312,0.00320
7.78389,Fallen,25.98102,25.88916,25.39887,0.15314,0.06372,0.00299
7.78675,Fallen,25.98069,25.88913,25.39853,0.15297,0.05856,0.00285
7.78979,Fallen,25.98033,25.88910,25.39818,0.15308,0.03568,0.00304
7.79254,Fallen,25.98001,25.88907,25.39786,0.15279,0.10516,0.00275
7.79560,Fallen,25.97965,25.88903,25.39750,0.15255,0.07968,0.00306
7.79834,Fallen,25.97934,25.88900,25.39718,0.15251,0.01369,0.00274
7.80186,Fallen,25.97893,25.88897,25.39677,0.15235,0.04604,0.00352
7.80489,Fallen,25.97857,25.88893,25.39642,0.15263,0.09393,0.00303
7.80763,Fallen,25.97826,25.88890,25.39610,0.15227,0.13110,0.00275
7.81049,Fallen,25.97792,25.88887,25.39577,0.15231,0.01290,0.00286
7.81313,Fallen,25.97762,25.88884,25.39547,0.15219,0.04619,0.00263
7.81643,Fallen,25.97724,25.88880,25.39508,0.15184,0.10529,0.00330
7.81904,Fallen,25.97694,25.88877,25.39478,0.15176,0.03090,0.00262
7.82190,Fallen,25.97661,25.88874,25.39445,0.15187,0.03876,0.00286
7.82423,Fallen,25.97634,25.88872,25.39419,0.15149,0.16314,0.00232
7.82649,Fallen,25.97608,25.88869,25.39392,0.15188,0.16994,0.00226
7.82949,Fallen,25.97573,25.88866,25.39358,0.15163,0.08066,0.00300
7.83248,Fallen,25.97539,25.88862,25.39324,0.15135,0.09643,0.00299
7.83521,Fallen,25.97508,25.88859,25.39292,0.15137,0.00825,0.00273
7.83805,Fallen,25.97475,25.88856,25.39260,0.15142,0.01963,0.00284
7.84092,Fallen,25.97442,25.88853,25.39227,0.15104,0.13359,0.00287
7.84382,Fallen,25.97409,25.88849,25.39194,0.15132,0.09548,0.00291
7.84642,Fallen,25.97379,25.88847,25.39164,0.15127,0.01802,0.00260
7.84932,Fallen,25.97346,25.88843,25.39131,0.15119,0.02642,0.00290
7.85239,Fallen,25.97311,25.88840,25.39095,0.15093,0.08510,0.00307
7.85543,Fallen,25.97276,25.88836,25.39061,0.15059,0.11355,0.00304
7.85844,Fallen,25.97242,25.88833,25.39027,0.15088,0.09796,0.00301
7.86175,Fallen,25.97204,25.88829,25.38989,0.15081,0.02081,0.00331
7.86434,Fallen,25.97175,25.88826,25.38960,0.15059,0.08679,0.00258
7.86679,Fallen,25.97147,25.88824,25.38932,0.15056,0.01304,0.00245
7.86949,Fallen,25.97116,25.88820,25.38901,0.15044,0.04464,0.00271
7.87254,Fallen,25.97082,25.88817,25.38866,0.15041,0.00783,0.00304
7.87513,Fallen,25.97052,25.88814,25.38837,0.15036,0.02122,0.00259
7.87834,Fallen,25.97016,25.88810,25.38801,0.14984,0.15958,0.00322
7.88159,Fallen,25.96980,25.88806,25.38764,0.14997,0.03865,0.00325
7.88486,Fallen,25.96943,25.88803,25.38727,0.14989,0.02591,0.00327
7.88753,Fallen,25.96913,25.88799,25.38697,0.14989,0.00159,0.00267
7.89043,Fallen,25.96880,25.88796,25.38665,0.14985,0.01318,0.00290
7.89333,Fallen,25.96847,25.88793,25.38632,0.14956,0.10119,0.00290
7.89598,Fallen,25.96818,25.88790,25.38602,0.14956,0.00123,0.00265
7.89898,Fallen,25.96784,25.88786,25.38569,0.14953,0.01063,0.00299
7.90239,Fallen,25.96746,25.88782,25.38531,0.14928,0.07179,0.00341
7.90485,Fallen,25.96718,25.88779,25.38503,0.14911,0.07071,0.00246
7.90726,Fallen,25.96692,25.88777,25.38476,0.14918,0.02963,0.00241
7.90961,Fallen,25.96665,25.88774,25.38450,0.14906,0.05166,0.00236
7.91234,Fallen,25.96635,25.88771,25.38420,0.14885,0.07722,0.00272
7.91534,Fallen,25.96601,25.88767,25.38386,0.14911,0.08702,0.00301
7.91902,Fallen,25.96560,25.88763,25.38345,0.14866,0.12172,0.00367
7.92245,Fallen,25.96522,25.88759,25.38307,0.14878,0.03500,0.00343
7.92522,Fallen,25.96492,25.88756,25.38276,0.14862,0.06037,0.00277
7.92856,Fallen,25.96455,25.88752,25.38239,0.14843,0.05613,0.00334
7.93146,Fallen,25.96423,25.88748,25.38207,0.14851,0.02893,0.00289
7.93476,Fallen,25.96386,25.88744,25.38171,0.14845,0.02048,0.00331
7.93779,Fallen,25.96353,25.88741,25.38137,0.14827,0.05732,0.00302
7.94168,Fallen,25.96310,25.88736,25.38094,0.14806,0.05402,0.00390
7.94557,Fallen,25.96267,25.88732,25.38051,0.14820,0.03526,0.00389
7.94872,Fallen,25.96232,25.88728,25.38017,0.14825,0.01514,0.00315
7.95191,Fallen,25.96197,25.88724,25.37982,0.14788,0.11455,0.00320
7.95430,Fallen,25.96171,25.88722,25.37955,0.14765,0.09453,0.00238
7.95697,Fallen,25.96141,25.88718,25.37926,0.14787,0.07936,0.00267
7.95996,Fallen,25.96109,25.88715,25.37893,0.14747,0.13214,0.00298
7.96379,Fallen,25.96067,25.88710,25.37852,0.14753,0.01459,0.00383
7.96672,Fallen,25.96035,25.88707,25.37820,0.14727,0.08751,0.00292
7.97014,Fallen,25.95998,25.88703,25.37782,0.14723,0.01253,0.00343
7.97312,Fallen,25.95965,25.88699,25.37750,0.14723,0.00025,0.00297
7.97666,Fallen,25.95927,25.88695,25.37711,0.14719,0.01238,0.00354
7.97921,Fallen,25.95899,25.88692,25.37684,0.14680,0.15160,0.00255
7.98274,Fallen,25.95861,25.88688,25.37645,0.14686,0.01785,0.00353
7.98536,Fallen,25.95832,25.88684,25.37617,0.14684,0.00834,0.00262
7.98831,Fallen,25.95800,25.88681,25.37585,0.14698,0.04618,0.00295
7.99146,Fallen,25.95766,25.88677,25.37551,0.14656,0.13329,0.00314
7.99451,Fallen,25.95733,25.88673,25.37518,0.14652,0.01325,0.00305
7.99757,Fallen,25.95700,25.88670,25.37485,0.14636,0.05008,0.00306
8.00069,Fallen,25.95667,25.88666,25.37451,0.14654,0.05617,0.00312
8.00385,Fallen,25.95633,25.88662,25.37417,0.14623,0.09885,0.00315
8.00676,Fallen,25.95601,25.88659,25.37386,0.14600,0.07874,0.00291
8.00981,Fallen,25.95568,25.88655,25.37353,0.14620,0.06627,0.00305
8.01293,Fallen,25.95535,25.88651,25.37320,0.14581,0.12429,0.00312
8.01599,Fallen,25.95502,25.88648,25.37287,0.14581,0.00079,0.00306
8.01922,Fallen,25.95468,25.88644,25.37252,0.14561,0.06324,0.00323
8.02270,Fallen,25.95431,25.88639,25.37215,0.14561,0.00053,0.00348
8.02581,Fallen,25.95397,25.88636,25.37182,0.14570,0.02869,0.00310
8.02895,Fallen,25.95364,25.88632,25.37148,0.14560,0.03090,0.00314
8.03208,Fallen,25.95330,25.88628,25.37115,0.14556,0.01187,0.00313
8.03484,Fallen,25.95301,25.88625,25.37086,0.14513,0.15567,0.00277
8.03820,Fallen,25.95265,25.88621,25.37050,0.14527,0.04275,0.00335
8.04134,Fallen,25.95232,25.88617,25.37017,0.14503,0.07901,0.00315
8.04428,Fallen,25.95201,25.88613,25.36986,0.14485,0.05864,0.00294
8.04738,Fallen,25.95168,25.88609,25.36953,0.14503,0.05811,0.00309
8.04996,Fallen,25.95141,25.88606,25.36926,0.14457,0.17977,0.00259
8.05249,Fallen,25.95114,25.88603,25.36899,0.14479,0.08601,0.00253
8.05485,Fallen,25.95089,25.88600,25.36874,0.14485,0.02653,0.00236
8.05747,Fallen,25.95061,25.88597,25.36846,0.14467,0.06781,0.00262
8.06067,Fallen,25.95028,25.88593,25.36812,0.14454,0.04157,0.00320
8.06364,Fallen,25.94996,25.88589,25.36781,0.14428,0.08769,0.00298
8.06663,Fallen,25.94965,25.88585,25.36750,0.14443,0.05052,0.00299
8.06905,Fallen,25.94940,25.88582,25.36724,0.14413,0.12296,0.00242
8.07213,Fallen,25.94907,25.88579,25.36692,0.14393,0.06341,0.00308
8.07487,Fallen,25.94879,25.88575,25.36663,0.14372,0.07799,0.00274
8.07768,Fallen,25.94849,25.88572,25.36634,0.14386,0.04947,0.00281
8.08113,Fallen,25.94813,25.88568,25.36598,0.14384,0.00621,0.00345
8.08540,Fallen,25.94769,25.88562,25.36554,0.14349,0.08051,0.00427
8.08876,Fallen,25.94734,25.88558,25.36519,0.14353,0.01184,0.00336
8.09186,Fallen,25.94702,25.88554,25.36486,0.14356,0.00854,0.00310
8.09490,Fallen,25.94670,25.88550,25.36455,0.14353,0.01012,0.00304
8.09771,Fallen,25.94641,25.88547,25.36426,0.14340,0.04603,0.00281
8.10004,Fallen,25.94617,25.88544,25.36401,0.14331,0.04087,0.00233
8.10265,Fallen,25.94590,25.88540,25.36374,0.14292,0.14682,0.00261
8.10511,Fallen,25.94564,25.88537,25.36349,0.14281,0.04656,0.00246
8.10804,Fallen,25.94534,25.88533,25.36319,0.14308,0.09243,0.00293
8.11053,Fallen,25.94509,25.88530,25.36293,0.14263,0.18121,0.00248
8.11335,Fallen,25.94479,25.88527,25.36264,0.14282,0.06842,0.00283
8.11615,Fallen,25.94451,25.88523,25.36235,0.14282,0.00198,0.00279
8.11842,Fallen,25.94427,25.88520,25.36212,0.14233,0.21558,0.00227
8.12194,Fallen,25.94391,25.88516,25.36176,0.14230,0.00931,0.00352
8.12469,Fallen,25.94363,25.88513,25.36148,0.14240,0.03659,0.00275
8.12810,Fallen,25.94328,25.88508,25.36113,0.14218,0.06212,0.00341
8.13096,Fallen,25.94299,25.88505,25.36083,0.14238,0.06842,0.00286
8.13402,Fallen,25.94267,25.88501,25.36052,0.14214,0.07794,0.00306
8.13693,Fallen,25.94238,25.88497,25.36023,0.14185,0.09998,0.00290
8.13971,Fallen,25.94209,25.88494,25.35994,0.14188,0.01176,0.00279
8.14334,Fallen,25.94172,25.88489,25.35957,0.14188,0.00195,0.00363
8.14642,Fallen,25.94141,25.88485,25.35926,0.14169,0.06078,0.00308
8.14885,Fallen,25.94117,25.88482,25.35901,0.14148,0.08440,0.00243
8.15119,Fallen,25.94093,25.88479,25.35878,0.14137,0.04826,0.00234
8.15387,Fallen,25.94066,25.88475,25.35851,0.14134,0.01328,0.00268
8.15686,Fallen,25.94036,25.88472,25.35820,0.14146,0.04118,0.00299
8.15941,Fallen,25.94010,25.88468,25.35794,0.14112,0.13275,0.00255
8.16339,Fallen,25.93970,25.88463,25.35754,0.14138,0.06629,0.00398
8.16586,Fallen,25.93945,25.88460,25.35729,0.14134,0.01728,0.00247
8.16829,Fallen,25.93920,25.88457,25.35705,0.14128,0.02537,0.00243
8.17159,Fallen,25.93887,25.88453,25.35671,0.14087,0.12520,0.00330
8.17443,Fallen,25.93858,25.88449,25.35643,0.14094,0.02433,0.00284
8.17752,Fallen,25.93827,25.88445,25.35612,0.14099,0.01875,0.00309
8.18029,Fallen,25.93799,25.88442,25.35584,0.14083,0.05745,0.00277
8.18373,Fallen,25.93765,25.88437,25.35549,0.14076,0.02122,0.00344
8.18665,Fallen,25.93735,25.88433,25.35520,0.14081,0.01720,0.00293
8.18920,Fallen,25.93710,25.88430,25.35495,0.14024,0.22350,0.00254
8.19146,Fallen,25.93687,25.88427,25.35472,0.14072,0.20948,0.00226
8.19410,Fallen,25.93661,25.88424,25.35446,0.14007,0.24412,0.00264
8.19656,Fallen,25.93637,25.88421,25.35421,0.14015,0.03079,0.00245
8.19963,Fallen,25.93606,25.88417,25.35390,0.14034,0.06162,0.00308
8.20282,Fallen,25.93574,25.88412,25.35359,0.13992,0.13010,0.00319
8.20618,Fallen,25.93541,25.88408,25.35325,0.13988,0.01367,0.00336
8.20876,Fallen,25.93515,25.88405,25.35300,0.13990,0.00970,0.00258
8.21196,Fallen,25.93484,25.88401,25.35268,0.13960,0.09428,0.00320
8.21472,Fallen,25.93456,25.88397,25.35241,0.13950,0.03500,0.00276
8.21773,Fallen,25.93427,25.88393,25.35211,0.13963,0.04263,0.00301
8.22067,Fallen,25.93398,25.88389,25.35182,0.13948,0.05111,0.00294
8.22403,Fallen,25.93364,25.88385,25.35149,0.13956,0.02261,0.00336
8.22692,Fallen,25.93336,25.88381,25.35120,0.13951,0.01447,0.00290
8.22972,Fallen,25.93308,25.88377,25.35093,0.13953,0.00581,0.00280
8.23276,Fallen,25.93278,25.88374,25.35063,0.13930,0.07513,0.00304
8.23569,Fallen,25.93249,25.88370,25.35034,0.13926,0.01587,0.00293
8.23880,Fallen,25.93219,25.88366,25.35003,0.13908,0.05699,0.00311
8.24249,Fallen,25.93183,25.88361,25.34967,0.13915,0.01789,0.00369
8.24518,Fallen,25.93156,25.88357,25.34941,0.13912,0.01099,0.00270
8.24787,Fallen,25.93130,25.88354,25.34914,0.13893,0.06981,0.00269
8.25039,Fallen,25.93105,25.88350,25.34890,0.13866,0.10520,0.00252
8.25363,Fallen,25.93073,25.88346,25.34858,0.13878,0.03645,0.00324
8.25667,Fallen,25.93044,25.88342,25.34829,0.13840,0.12434,0.00304
8.25982,Fallen,25.93013,25.88338,25.34798,0.13857,0.05397,0.00315
8.26303,Fallen,25.92982,25.88334,25.34767,0.13854,0.01030,0.00321
8.26559,Fallen,25.92957,25.88330,25.34742,0.13811,0.16756,0.00256
8.26845,Fallen,25.92929,25.88326,25.34714,0.13840,0.10150,0.00286
8.27107,Fallen,25.92904,25.88323,25.34689,0.13807,0.12606,0.00262
8.27417,Fallen,25.92874,25.88319,25.34659,0.13775,0.10486,0.00311
8.27692,Fallen,25.92847,25.88315,25.34632,0.13788,0.04794,0.00275
8.27967,Fallen,25.92821,25.88312,25.34606,0.13786,0.00678,0.00274
8.28316,Fallen,25.92787,25.88307,25.34572,0.13775,0.03113,0.00350
8.28595,Fallen,25.92760,25.88303,25.34545,0.13744,0.10951,0.00278
8.28910,Fallen,25.92730,25.88299,25.34515,0.13757,0.03900,0.00315
8.29203,Fallen,25.92702,25.88295,25.34487,0.13760,0.01103,0.00293
8.29440,Fallen,25.92679,25.88292,25.34464,0.13730,0.12614,0.00237
8.29673,Fallen,25.92657,25.88289,25.34442,0.13726,0.01982,0.00233
8.29919,Fallen,25.92633,25.88285,25.34418,0.13707,0.07431,0.00246
8.30271,Fallen,25.92600,25.88281,25.34385,0.13691,0.04564,0.00352
8.30527,Fallen,25.92575,25.88277,25.34360,0.13725,0.13037,0.00257
8.30819,Fallen,25.92547,25.88273,25.34332,0.13695,0.10003,0.00292
8.31092,Fallen,25.92521,25.88270,25.34306,0.13664,0.11529,0.00273
8.31373,Fallen,25.92495,25.88266,25.34279,0.13681,0.05988,0.00280
8.31687,Fallen,25.92465,25.88262,25.34249,0.13688,0.02351,0.00314
8.31941,Fallen,25.92441,25.88259,25.34225,0.13642,0.18068,0.00254
8.32307,Fallen,25.92406,25.88254,25.34191,0.13636,0.01821,0.00367
8.32613,Fallen,25.92377,25.88249,25.34162,0.13655,0.06333,0.00306
8.32912,Fallen,25.92349,25.88245,25.34134,0.13623,0.10585,0.00299
8.33203,Fallen,25.92321,25.88241,25.34106,0.13610,0.04625,0.00291
8.33489,Fallen,25.92295,25.88238,25.34079,0.13615,0.01766,0.00285
8.33710,Fallen,25.92274,25.88235,25.34058,0.13640,0.11263,0.00222
8.33953,Fallen,25.92251,25.88231,25.34035,0.13621,0.07979,0.00242
8.34283,Fallen,25.92220,25.88227,25.34004,0.13590,0.09172,0.00331
8.34600,Fallen,25.92190,25.88223,25.33974,0.13590,0.00140,0.00316
8.34871,Fallen,25.92164,25.88219,25.33949,0.13587,0.01112,0.00272
8.35196,Fallen,25.92134,25.88215,25.33918,0.13589,0.00558,0.00325
8.35462,Fallen,25.92109,25.88211,25.33893,0.13579,0.03457,0.00266
8.35813,Fallen,25.92076,25.88206,25.33861,0.13557,0.06414,0.00351
8.36124,Fallen,25.92047,25.88202,25.33832,0.13524,0.10450,0.00311
8.36436,Fallen,25.92018,25.88198,25.33802,0.13545,0.06489,0.00313
8.36777,Fallen,25.91986,25.88193,25.33771,0.13548,0.00996,0.00341
8.37086,Fallen,25.91957,25.88189,25.33742,0.13533,0.04710,0.00309
8.37416,Fallen,25.91926,25.88184,25.33711,0.13513,0.06173,0.00330
8.37708,Fallen,25.91899,25.88181,25.33684,0.13489,0.08219,0.00292
8.38005,Fallen,25.91872,25.88176,25.33657,0.13487,0.00657,0.00296
8.38355,Fallen,25.91839,25.88172,25.33624,0.13485,0.00666,0.00350
8.38644,Fallen,25.91813,25.88168,25.33597,0.13465,0.06925,0.00289
8.38952,Fallen,25.91784,25.88163,25.33569,0.13466,0.00401,0.00308
8.39190,Fallen,25.91762,25.88160,25.33547,0.13451,0.06381,0.00238
8.39453,Fallen,25.91738,25.88156,25.33523,0.13438,0.04952,0.00263
8.39709,Fallen,25.91714,25.88153,25.33499,0.13464,0.10434,0.00256
8.40017,Fallen,25.91686,25.88148,25.33471,0.13415,0.16123,0.00308
8.40333,Fallen,25.91657,25.88144,25.33442,0.13409,0.01906,0.00316
8.40665,Fallen,25.91627,25.88140,25.33411,0.13430,0.06510,0.00332
8.40915,Fallen,25.91604,25.88136,25.33389,0.13404,0.10467,0.00250
8.41197,Fallen,25.91578,25.88132,25.33363,0.13382,0.07800,0.00282
8.41478,Fallen,25.91552,25.88128,25.33337,0.13389,0.02343,0.00282
8.41795,Fallen,25.91523,25.88124,25.33308,0.13399,0.03086,0.00317
8.42095,Fallen,25.91496,25.88120,25.33281,0.13357,0.13982,0.00300
8.42423,Fallen,25.91466,25.88115,25.33251,0.13377,0.06300,0.00328
8.42743,Fallen,25.91437,25.88111,25.33222,0.13363,0.04588,0.00320
8.43029,Fallen,25.91411,25.88107,25.33196,0.13341,0.07443,0.00286
8.43277,Fallen,25.91389,25.88103,25.33173,0.13322,0.07925,0.00249
8.43516,Fallen,25.91367,25.88100,25.33151,0.13358,0.15343,0.00239
8.43786,Fallen,25.91342,25.88096,25.33127,0.13328,0.11244,0.00269
8.44140,Fallen,25.91310,25.88091,25.33095,0.13304,0.06876,0.00355
8.44466,Fallen,25.91281,25.88087,25.33066,0.13285,0.05802,0.00326
8.44776,Fallen,25.91253,25.88083,25.33038,0.13284,0.00211,0.00309
8.45059,Fallen,25.91228,25.88079,25.33012,0.13285,0.00164,0.00283
8.45330,Fallen,25.91203,25.88075,25.32988,0.13291,0.02413,0.00271
8.45625,Fallen,25.91177,25.88071,25.32961,0.13267,0.08208,0.00295
8.45907,Fallen,25.91151,25.88067,25.32936,0.13274,0.02669,0.00282
8.46255,Fallen,25.91120,25.88062,25.32905,0.13260,0.04258,0.00348
8.46535,Fallen,25.91095,25.88058,25.32879,0.13273,0.04934,0.00280
8.46857,Fallen,25.91066,25.88054,25.32851,0.13232,0.12915,0.00322
8.47154,Fallen,25.91039,25.88049,25.32824,0.13220,0.03993,0.00297
8.47434,Fallen,25.91014,25.88046,25.32799,0.13213,0.02677,0.00280
8.47745,Fallen,25.90987,25.88041,25.32771,0.13204,0.02676,0.00310
8.48015,Fallen,25.90963,25.88037,25.32747,0.13205,0.00477,0.00270
8.48284,Fallen,25.90939,25.88034,25.32724,0.13178,0.10303,0.00269
8.48526,Fallen,25.90917,25.88030,25.32702,0.13186,0.03473,0.00242
8.48783,Fallen,25.90895,25.88027,25.32679,0.13196,0.03840,0.00257
8.49081,Fallen,25.90868,25.88022,25.32653,0.13152,0.14765,0.00298
8.49344,Fallen,25.90845,25.88019,25.32630,0.13153,0.00283,0.00263
8.49686,Fallen,25.90815,25.88014,25.32599,0.13174,0.06053,0.00342
8.49933,Fallen,25.90793,25.88011,25.32577,0.13171,0.01180,0.00247
8.50264,Fallen,25.90763,25.88006,25.32548,0.13139,0.09654,0.00331
8.50558,Fallen,25.90738,25.88002,25.32522,0.13123,0.05427,0.00295
8.50838,Fallen,25.90713,25.87997,25.32498,0.13108,0.05345,0.00280
8.51153,Fallen,25.90685,25.87993,25.32470,0.13112,0.01237,0.00315
8.51428,Fallen,25.90661,25.87989,25.32446,0.13116,0.01518,0.00275
8.51756,Fallen,25.90632,25.87984,25.32417,0.13108,0.02526,0.00328
8.52060,Fallen,25.90606,25.87980,25.32390,0.13109,0.00388,0.00304
8.52391,Fallen,25.90577,25.87975,25.32361,0.13077,0.09599,0.00332
8.52683,Fallen,25.90551,25.87971,25.32336,0.13079,0.00759,0.00292
8.52969,Fallen,25.90526,25.87967,25.32311,0.13084,0.01664,0.00285
8.53243,Fallen,25.90502,25.87963,25.32287,0.13050,0.12184,0.00274
8.53593,Fallen,25.90472,25.87958,25.32256,0.13050,0.00080,0.00350
8.53994,Fallen,25.90437,25.87953,25.32221,0.13038,0.03000,0.00401
8.54487,Fallen,25.90394,25.87946,25.32179,0.13030,0.01743,0.00492
8.54815,Fallen,25.90365,25.87941,25.32150,0.13050,0.06358,0.00329
8.55154,Fallen,25.90336,25.87936,25.32121,0.13035,0.04453,0.00338
8.55444,Fallen,25.90311,25.87932,25.32096,0.13027,0.02748,0.00290
8.55760,Fallen,25.90284,25.87928,25.32068,0.13001,0.08387,0.00316
8.56065,Fallen,25.90257,25.87923,25.32042,0.12979,0.07226,0.00306
8.56401,Fallen,25.90228,25.87918,25.32013,0.12986,0.01982,0.00336
8.56685,Fallen,25.90204,25.87914,25.31989,0.12987,0.00436,0.00283
8.56939,Fallen,25.90182,25.87910,25.31967,0.12975,0.04526,0.00255
8.57173,Fallen,25.90162,25.87907,25.31947,0.12949,0.11153,0.00234
8.57426,Fallen,25.90140,25.87903,25.31925,0.12964,0.05680,0.00253
8.57672,Fallen,25.90119,25.87900,25.31904,0.12964,0.00075,0.00246
8.57947,Fallen,25.90095,25.87896,25.31880,0.12958,0.02192,0.00275
8.58303,Fallen,25.90065,25.87891,25.31849,0.12932,0.07215,0.00356
8.58623,Fallen,25.90038,25.87886,25.31822,0.12907,0.07823,0.00320
8.58927,Fallen,25.90012,25.87882,25.31796,0.12897,0.03383,0.00305
8.59202,Fallen,25.89988,25.87878,25.31773,0.12909,0.04415,0.00275
8.59512,Fallen,25.89962,25.87873,25.31746,0.12876,0.10650,0.00310
8.59752,Fallen,25.89941,25.87870,25.31726,0.12886,0.04169,0.00240
8.60086,Fallen,25.89913,25.87865,25.31698,0.12873,0.03930,0.00335
8.60403,Fallen,25.89886,25.87860,25.31671,0.12846,0.08578,0.00316
8.60730,Fallen,25.89859,25.87856,25.31643,0.12837,0.02714,0.00328
8.60997,Fallen,25.89836,25.87852,25.31621,0.12837,0.00133,0.00267
8.61299,Fallen,25.89811,25.87848,25.31595,0.12835,0.00536,0.00303
8.61586,Fallen,25.89786,25.87844,25.31571,0.12832,0.01051,0.00287
8.61887,Fallen,25.89761,25.87839,25.31546,0.12832,0.00079,0.00300
8.62174,Fallen,25.89737,25.87835,25.31521,0.12820,0.04104,0.00287
8.62474,Fallen,25.89712,25.87831,25.31496,0.12798,0.07313,0.00300
8.62750,Fallen,25.89688,25.87827,25.31473,0.12813,0.05146,0.00276
8.63066,Fallen,25.89662,25.87822,25.31446,0.12796,0.05244,0.00316
8.63467,Fallen,25.89628,25.87816,25.31413,0.12777,0.04650,0.00401
8.63809,Fallen,25.89600,25.87811,25.31384,0.12781,0.00969,0.00341
8.64173,Fallen,25.89569,25.87806,25.31354,0.12754,0.07466,0.00364
8.64489,Fallen,25.89543,25.87801,25.31328,0.12748,0.01726,0.00316
8.64791,Fallen,25.89518,25.87797,25.31302,0.12752,0.01311,0.00302
8.65131,Fallen,25.89490,25.87792,25.31274,0.12723,0.08434,0.00340
8.65429,Fallen,25.89465,25.87787,25.31249,0.12742,0.06307,0.00298
8.65733,Fallen,25.89439,25.87783,25.31224,0.12741,0.00286,0.00305
8.66013,Fallen,25.89416,25.87779,25.31201,0.12692,0.17537,0.00280
8.66352,Fallen,25.89388,25.87774,25.31173,0.12702,0.02853,0.00339
8.66623,Fallen,25.89366,25.87770,25.31150,0.12714,0.04368,0.00271
8.66866,Fallen,25.89346,25.87766,25.31130,0.12688,0.10683,0.00242
8.67125,Fallen,25.89324,25.87762,25.31109,0.12671,0.06663,0.00260
8.67411,Fallen,25.89301,25.87758,25.31085,0.12687,0.05555,0.00286
8.67728,Fallen,25.89275,25.87753,25.31059,0.12643,0.13735,0.00316
8.68011,Fallen,25.89252,25.87749,25.31036,0.12657,0.04930,0.00283
8.68389,Fallen,25.89220,25.87744,25.31005,0.12641,0.04251,0.00379
8.68652,Fallen,25.89199,25.87740,25.30984,0.12643,0.00849,0.00263
8.68928,Fallen,25.89176,25.87736,25.30961,0.12612,0.11285,0.00276
8.69219,Fallen,25.89153,25.87732,25.30937,0.12622,0.03514,0.00291
8.69457,Fallen,25.89133,25.87728,25.30918,0.12637,0.06421,0.00237
8.69779,Fallen,25.89107,25.87724,25.30891,0.12604,0.10379,0.00322
8.70034,Fallen,25.89086,25.87720,25.30871,0.12605,0.00366,0.00255
8.70388,Fallen,25.89057,25.87714,25.30842,0.12583,0.06248,0.00354
8.70665,Fallen,25.89035,25.87710,25.30819,0.12575,0.02890,0.00277
8.70951,Fallen,25.89012,25.87706,25.30796,0.12556,0.06546,0.00285
8.71251,Fallen,25.88987,25.87702,25.30772,0.12570,0.04579,0.00301
8.71540,Fallen,25.88964,25.87697,25.30748,0.12566,0.01206,0.00289
8.71804,Fallen,25.88942,25.87693,25.30727,0.12556,0.04119,0.00264
8.72104,Fallen,25.88918,25.87689,25.30703,0.12534,0.07210,0.00300
8.72379,Fallen,25.88896,25.87685,25.30681,0.12515,0.07044,0.00275
8.72703,Fallen,25.88870,25.87680,25.30655,0.12522,0.02290,0.00324
8.72965,Fallen,25.88849,25.87676,25.30633,0.12537,0.05581,0.00262
8.73299,Fallen,25.88822,25.87671,25.30606,0.12511,0.07712,0.00334
8.73556,Fallen,25.88801,25.87667,25.30586,0.12500,0.04157,0.00256
8.73858,Fallen,25.88777,25.87663,25.30562,0.12494,0.01874,0.00302
8.74192,Fallen,25.88750,25.87658,25.30535,0.12503,0.02462,0.00334
8.74466,Fallen,25.88728,25.87654,25.30513,0.12490,0.04759,0.00273
8.74761,Fallen,25.88704,25.87649,25.30489,0.12484,0.01810,0.00295
8.75054,Fallen,25.88681,25.87645,25.30466,0.12479,0.01687,0.00293
8.75360,Fallen,25.88657,25.87640,25.30441,0.12442,0.12146,0.00307
8.75652,Fallen,25.88633,25.87636,25.30418,0.12461,0.06424,0.00291
8.75950,Fallen,25.88610,25.87632,25.30394,0.12459,0.00527,0.00298
8.76262,Fallen,25.88585,25.87627,25.30369,0.12437,0.07057,0.00312
8.76522,Fallen,25.88564,25.87623,25.30349,0.12414,0.08934,0.00260
8.76761,Fallen,25.88545,25.87619,25.30330,0.12407,0.02995,0.00239
8.76986,Fallen,25.88527,25.87616,25.30312,0.12422,0.06739,0.00226
8.77232,Fallen,25.88508,25.87612,25.30293,0.12414,0.03434,0.00245
8.77535,Fallen,25.88484,25.87608,25.30268,0.12402,0.03826,0.00303
8.77770,Fallen,25.88465,25.87604,25.30250,0.12382,0.08598,0.00235
8.78069,Fallen,25.88442,25.87600,25.30226,0.12381,0.00308,0.00300
8.78389,Fallen,25.88416,25.87595,25.30201,0.12365,0.05066,0.00320
8.78662,Fallen,25.88395,25.87591,25.30180,0.12353,0.04486,0.00272
8.78946,Fallen,25.88373,25.87587,25.30157,0.12351,0.00608,0.00284
8.79173,Fallen,25.88355,25.87583,25.30140,0.12378,0.12078,0.00227
8.79520,Fallen,25.88328,25.87578,25.30112,0.12323,0.16068,0.00347
8.79830,Fallen,25.88304,25.87573,25.30088,0.12319,0.01216,0.00310
8.80215,Fallen,25.88273,25.87567,25.30058,0.12329,0.02765,0.00385
8.80534,Fallen,25.88248,25.87563,25.30033,0.12337,0.02304,0.00319
8.80853,Fallen,25.88224,25.87558,25.30008,0.12301,0.11273,0.00319
8.81151,Fallen,25.88200,25.87553,25.29985,0.12319,0.06146,0.00298
8.81424,Fallen,25.88179,25.87549,25.29964,0.12316,0.01223,0.00274
8.81672,Fallen,25.88160,25.87545,25.29944,0.12284,0.12976,0.00248
8.81920,Fallen,25.88140,25.87542,25.29925,0.12286,0.00778,0.00248
8.82324,Fallen,25.88109,25.87535,25.29894,0.12271,0.03553,0.00403
8.82581,Fallen,25.88089,25.87532,25.29874,0.12264,0.02850,0.00257
8.82992,Fallen,25.88058,25.87526,25.29842,0.12268,0.01084,0.00411
8.83246,Fallen,25.88038,25.87522,25.29823,0.12258,0.04219,0.00254
8.83527,Fallen,25.88016,25.87517,25.29801,0.12254,0.01431,0.00281
8.83803,Fallen,25.87995,25.87513,25.29779,0.12258,0.01684,0.00276
8.84101,Fallen,25.87972,25.87509,25.29757,0.12221,0.12409,0.00298
8.84412,Fallen,25.87948,25.87504,25.29733,0.12207,0.04485,0.00311
8.84668,Fallen,25.87928,25.87500,25.29713,0.12222,0.05702,0.00256
8.85044,Fallen,25.87900,25.87494,25.29684,0.12192,0.07899,0.00377
8.85342,Fallen,25.87877,25.87490,25.29662,0.12187,0.01755,0.00297
8.85612,Fallen,25.87856,25.87486,25.29641,0.12206,0.06868,0.00271
8.85899,Fallen,25.87834,25.87481,25.29619,0.12197,0.02937,0.00286
8.86187,Fallen,25.87812,25.87477,25.29597,0.12160,0.12740,0.00288
8.86447,Fallen,25.87792,25.87473,25.29577,0.12177,0.06458,0.00260
8.86696,Fallen,25.87774,25.87469,25.29558,0.12142,0.14202,0.00249
8.87065,Fallen,25.87745,25.87463,25.29530,0.12139,0.00742,0.00369
8.87390,Fallen,25.87721,25.87458,25.29506,0.12133,0.01818,0.00325
8.87664,Fallen,25.87700,25.87454,25.29485,0.12149,0.05583,0.00274
8.87945,Fallen,25.87679,25.87450,25.29463,0.12129,0.07042,0.00282
8.88217,Fallen,25.87658,25.87446,25.29443,0.12121,0.02879,0.00272
8.88524,Fallen,25.87635,25.87441,25.29420,0.12135,0.04625,0.00307
8.88794,Fallen,25.87614,25.87437,25.29399,0.12103,0.12018,0.00270
8.89108,Fallen,25.87591,25.87432,25.29375,0.12104,0.00560,0.00313
8.89408,Fallen,25.87568,25.87427,25.29353,0.12105,0.00208,0.00300
8.89674,Fallen,25.87548,25.87423,25.29333,0.12080,0.09258,0.00266
8.89988,Fallen,25.87524,25.87419,25.29309,0.12093,0.04095,0.00314
8.90292,Fallen,25.87502,25.87414,25.29286,0.12069,0.07964,0.00305
8.90603,Fallen,25.87478,25.87409,25.29263,0.12055,0.04530,0.00311
8.90879,Fallen,25.87458,25.87405,25.29242,0.12052,0.01089,0.00275
8.91129,Fallen,25.87439,25.87401,25.29224,0.12029,0.08912,0.00251
8.91372,Fallen,25.87421,25.87397,25.29206,0.12041,0.04699,0.00242
8.91646,Fallen,25.87400,25.87393,25.29185,0.12018,0.08280,0.00274
8.91944,Fallen,25.87378,25.87389,25.29163,0.12009,0.03012,0.00297
8.92289,Fallen,25.87353,25.87383,25.29137,0.12020,0.03279,0.00345
8.92597,Fallen,25.87330,25.87379,25.29114,0.12005,0.05146,0.00308
8.92924,Fallen,25.87305,25.87374,25.29090,0.11987,0.05449,0.00327
8.93245,Fallen,25.87282,25.87369,25.29066,0.12003,0.05026,0.00321
8.93583,Fallen,25.87256,25.87364,25.29041,0.12007,0.01209,0.00338
8.93911,Fallen,25.87232,25.87359,25.29017,0.11972,0.10555,0.00328
8.94242,Fallen,25.87208,25.87353,25.28992,0.11968,0.01458,0.00331
8.94527,Fallen,25.87187,25.87349,25.28971,0.11956,0.04042,0.00285
8.94871,Fallen,25.87161,25.87344,25.28946,0.11967,0.03279,0.00344
8.95172,Fallen,25.87139,25.87339,25.28924,0.11938,0.09705,0.00301
8.95415,Fallen,25.87121,25.87335,25.28906,0.11954,0.06403,0.00243
8.95646,Fallen,25.87104,25.87331,25.28889,0.11954,0.00362,0.00230
8.95920,Fallen,25.87084,25.87327,25.28869,0.11941,0.04790,0.00275
8.96345,Fallen,25.87053,25.87321,25.28838,0.11911,0.07168,0.00425
8.96615,Fallen,25.87033,25.87317,25.28818,0.11925,0.05268,0.00271
8.96914,Fallen,25.87012,25.87312,25.28796,0.11895,0.09960,0.00298
8.97176,Fallen,25.86992,25.87308,25.28777,0.11925,0.11429,0.00263
8.97538,Fallen,25.86966,25.87302,25.28750,0.11903,0.06315,0.00362
8.97845,Fallen,25.86943,25.87297,25.28728,0.11877,0.08236,0.00307
8.98227,Fallen,25.86916,25.87291,25.28700,0.11883,0.01575,0.00382
8.98511,Fallen,25.86895,25.87287,25.28680,0.11867,0.05838,0.00284
8.98795,Fallen,25.86874,25.87283,25.28659,0.11861,0.02053,0.00284
8.99082,Fallen,25.86854,25.87278,25.28638,0.11842,0.06565,0.00287
8.99382,Fallen,25.86832,25.87273,25.28617,0.11854,0.04056,0.00300
8.99687,Fallen,25.86810,25.87269,25.28595,0.11822,0.10732,0.00304
8.99959,Fallen,25.86790,25.87264,25.28575,0.11833,0.04193,0.00272
9.00247,Fallen,25.86769,25.87260,25.28554,0.11819,0.05001,0.00288
9.00485,Fallen,25.86752,25.87256,25.28537,0.11824,0.02392,0.00238
9.00753,Fallen,25.86733,25.87252,25.28518,0.11802,0.08271,0.00268
9.01108,Fallen,25.86707,25.87246,25.28492,0.11799,0.00765,0.00355
9.01393,Fallen,25.86687,25.87242,25.28472,0.11789,0.03704,0.00284
9.01712,Fallen,25.86664,25.87237,25.28449,0.11778,0.03528,0.00319
9.01981,Fallen,25.86645,25.87233,25.28430,0.11782,0.01628,0.00269
