time,state,cameraY,chestY,pivotY,cameraSpeed,cameraAcceleration,dt
0.00000,Balanced,2.14659,0.90397,1.56444,0.00000,0.00000,0.33333
0.01944,Balanced,2.14659,0.90397,1.56444,0.00000,0.00000,0.01945
0.02751,Balanced,2.14659,0.90397,1.56444,0.00000,0.00000,0.00807
0.03522,Balanced,2.14659,0.90397,1.56444,0.00000,0.00000,0.00771
0.04179,Balanced,2.14659,0.90397,1.56444,0.00000,0.00000,0.00657
0.04844,Balanced,2.14659,0.90397,1.56444,0.00000,0.00000,0.00665
0.05715,Balanced,2.14659,0.90397,1.56444,0.00000,0.00000,0.00871
0.06461,Balanced,2.14659,0.90397,1.56444,0.00000,0.00000,0.00746
0.07259,Balanced,2.14659,0.90397,1.56444,0.00000,0.00000,0.00798
0.07900,Balanced,2.14659,0.90397,1.56444,0.00000,0.00000,0.00642
0.08679,Balanced,2.14659,0.90397,1.56444,0.00000,0.00000,0.00779
0.09469,Balanced,2.14659,0.90397,1.56444,0.00000,0.00000,0.00790
0.10162,Balanced,2.14659,0.90397,1.56444,0.00000,0.00000,0.00692
0.10835,Balanced,2.14659,0.90397,1.56444,0.00000,0.00000,0.00673
0.11625,Balanced,2.14659,0.90397,1.56444,0.00000,0.00000,0.00790
0.14438,Balanced,2.14659,0.90397,1.56444,0.00000,0.00000,0.02813
0.14862,Balanced,2.14659,0.90397,1.56444,0.00000,0.00000,0.00424
0.15296,Balanced,2.14659,0.90397,1.56444,0.00000,0.00000,0.00434
0.15742,Balanced,2.14659,0.90397,1.56444,0.00000,0.00000,0.00446
0.16254,Balanced,2.14659,0.90397,1.56444,0.00000,0.00000,0.00512
0.16612,Balanced,2.14659,0.90397,1.56444,0.00000,0.00000,0.00359
0.16977,Balanced,2.14659,0.90397,1.56444,0.00000,0.00000,0.00365
0.17250,Balanced,2.14659,0.90397,1.56444,0.00000,0.00000,0.00273
0.17525,Balanced,2.14659,0.90397,1.56444,0.00000,0.00000,0.00275
0.17855,Balanced,2.14659,0.90397,1.56444,0.00000,0.00000,0.00330
0.18229,Balanced,2.14659,0.90397,1.56444,0.00000,0.00000,0.00374
0.18538,Balanced,2.14659,0.90397,1.56444,0.00000,0.00000,0.00309
0.18964,Balanced,2.14659,0.90397,1.56444,0.00000,0.00000,0.00426
0.19353,Balanced,2.14659,0.90397,1.56444,0.00000,0.00000,0.00389
0.19693,Balanced,2.14659,0.90397,1.56444,0.00000,0.00000,0.00341
0.20039,Balanced,2.14659,0.90397,1.56444,0.00000,0.00000,0.00346
0.20378,Balanced,2.14659,0.90397,1.56444,0.00000,0.00000,0.00339
0.20739,Balanced,2.14659,0.90397,1.56444,0.00000,0.00000,0.00361
0.21118,Balanced,2.14659,0.90397,1.56444,0.00000,0.00000,0.00379
0.21469,Balanced,2.14659,0.90397,1.56444,0.00000,0.00000,0.00351
0.21828,Balanced,2.14659,0.90397,1.56444,0.00000,0.00000,0.00359
0.22121,Balanced,2.14659,0.90397,1.56444,0.00000,0.00000,0.00293
0.22432,Balanced,2.14659,0.90397,1.56444,0.00000,0.00000,0.00311
0.22770,Balanced,2.14659,0.90397,1.56444,0.00000,0.00000,0.00338
0.23149,Balanced,2.14659,0.90397,1.56444,0.00000,0.00000,0.00379
0.23500,Balanced,2.14659,0.90397,1.56444,0.00000,0.00000,0.00351
0.23832,Balanced,2.14659,0.90397,1.56444,0.00000,0.00000,0.00332
0.24149,Balanced,2.14659,0.90397,1.56444,0.00000,0.00000,0.00317
0.24505,Balanced,2.14659,0.90397,1.56444,0.00000,0.00000,0.00356
0.24928,Balanced,2.14659,0.90397,1.56444,0.00000,0.00000,0.00423
0.25267,Balanced,2.14659,0.90397,1.56444,0.00000,0.00000,0.00339
0.25619,Balanced,2.14659,0.90397,1.56444,0.00000,0.00000,0.00352
0.25925,Balanced,2.14659,0.90397,1.56444,0.00000,0.00000,0.00306
0.26248,Balanced,2.14659,0.90397,1.56444,0.00000,0.00000,0.00323
0.26686,Balanced,2.14659,0.90397,1.56444,0.00000,0.00000,0.00438
0.27039,Balanced,2.14659,0.90397,1.56444,0.00000,0.00000,0.00352
0.27362,Balanced,2.14659,0.90397,1.56444,0.00000,0.00000,0.00323
0.27810,Balanced,2.14659,0.90397,1.56444,0.00000,0.00000,0.00448
0.28111,Balanced,2.14659,0.90397,1.56444,0.00000,0.00000,0.00301
0.28495,Balanced,2.14659,0.90397,1.56444,0.00000,0.00000,0.00384
0.28901,Balanced,2.14659,0.90397,1.56444,0.00000,0.00000,0.00406
0.29256,Balanced,2.14659,0.90397,1.56444,0.00000,0.00000,0.00354
0.29627,Balanced,2.14659,0.90397,1.56444,0.00000,0.00000,0.00371
0.29977,Balanced,2.14659,0.90397,1.56444,0.00000,0.00000,0.00350
0.30310,Balanced,2.14659,0.90397,1.56444,0.00000,0.00000,0.00333
0.30643,Balanced,2.14659,0.90397,1.56444,0.00000,0.00000,0.00333
0.31043,Balanced,2.14659,0.90397,1.56444,0.00000,0.00000,0.00400
0.31428,Balanced,2.14659,0.90397,1.56444,0.00000,0.00000,0.00385
0.31727,Balanced,2.14659,0.90397,1.56444,0.00000,0.00000,0.00299
0.32070,Balanced,2.14659,0.90397,1.56444,0.00000,0.00000,0.00343
0.32410,Balanced,2.14659,0.90397,1.56444,0.00000,0.00000,0.00340
0.32765,Balanced,2.14659,0.90397,1.56444,0.00000,0.00000,0.00355
0.33234,Balanced,2.14659,0.90397,1.56444,0.00000,0.00000,0.00468
0.33607,Balanced,2.14659,0.90397,1.56444,0.00000,0.00000,0.00373
0.34046,Balanced,2.14659,0.90397,1.56444,0.00000,0.00000,0.00440
0.34379,Balanced,2.14659,0.90397,1.56444,0.00000,0.00000,0.00332
0.34795,Balanced,2.14659,0.90397,1.56444,0.00000,0.00000,0.00416
0.35169,Balanced,2.14659,0.90397,1.56444,0.00000,0.00000,0.00374
0.35546,Balanced,2.14659,0.90397,1.56444,0.00000,0.00000,0.00377
0.35897,Balanced,2.14659,0.90397,1.56444,0.00000,0.00000,0.00351
0.36284,Balanced,2.14659,0.90397,1.56444,0.00000,0.00000,0.00387
0.36594,Balanced,2.14659,0.90397,1.56444,0.00000,0.00000,0.00311
0.36933,Balanced,2.14659,0.90397,1.56444,0.00000,0.00000,0.00338
0.37298,Balanced,2.14659,0.90397,1.56444,0.00000,0.00000,0.00366
0.37662,Balanced,2.14659,0.90397,1.56444,0.00000,0.00000,0.00364
0.38024,Balanced,2.14659,0.90397,1.56444,0.00000,0.00000,0.00362
0.38372,Balanced,2.14659,0.90397,1.56444,0.00000,0.00000,0.00348
0.38757,Balanced,2.14659,0.90397,1.56444,0.00000,0.00000,0.00385
0.39154,Balanced,2.14659,0.90397,1.56444,0.00000,0.00000,0.00398
0.39539,Balanced,2.14659,0.90397,1.56444,0.00000,0.00000,0.00385
0.39903,Balanced,2.14659,0.90397,1.56444,0.00000,0.00000,0.00364
0.40244,Balanced,2.14659,0.90397,1.56444,0.00000,0.00000,0.00341
0.40615,Balanced,2.14659,0.90397,1.56444,0.00000,0.00000,0.00372
0.41014,Balanced,2.14659,0.90397,1.56444,0.00000,0.00000,0.00399
0.41341,Balanced,2.14659,0.90397,1.56444,0.00000,0.00000,0.00327
0.41638,Balanced,2.14659,0.90397,1.56444,0.00000,0.00000,0.00297
0.41901,Balanced,2.14659,0.90397,1.56444,0.00000,0.00000,0.00263
0.42260,Balanced,2.14659,0.90397,1.56444,0.00000,0.00000,0.00359
0.42610,Balanced,2.14659,0.90397,1.56444,0.00000,0.00000,0.00350
0.43069,Balanced,2.14659,0.90397,1.56444,0.00000,0.00000,0.00459
0.43460,Balanced,2.14659,0.90397,1.56444,0.00000,0.00000,0.00391
0.43892,Balanced,2.14659,0.90397,1.56444,0.00000,0.00000,0.00432
0.44231,Balanced,2.14659,0.90397,1.56444,0.00000,0.00000,0.00340
0.44595,Balanced,2.14659,0.90397,1.56444,0.00000,0.00000,0.00364
0.44978,Balanced,2.14659,0.90397,1.56444,0.00000,0.00000,0.00383
0.45343,Balanced,2.14659,0.90397,1.56444,0.00000,0.00000,0.00365
0.45683,Balanced,2.14659,0.90397,1.56444,0.00000,0.00000,0.00340
0.45992,Balanced,2.14659,0.90397,1.56444,0.00000,0.00000,0.00310
0.46323,Balanced,2.14659,0.90397,1.56444,0.00000,0.00000,0.00330
0.46676,Balanced,2.14659,0.90397,1.56444,0.00000,0.00000,0.00353
0.47147,Balanced,2.14659,0.90397,1.56444,0.00000,0.00000,0.00471
0.47500,Balanced,2.14659,0.90397,1.56444,0.00000,0.00000,0.00353
0.47873,Balanced,2.14659,0.90397,1.56444,0.00000,0.00000,0.00374
0.48194,Balanced,2.14659,0.90397,1.56444,0.00000,0.00000,0.00321
0.48608,Balanced,2.14659,0.90397,1.56444,0.00000,0.00000,0.00414
0.49085,Balanced,2.14659,0.90397,1.56444,0.00000,0.00000,0.00476
0.49444,Balanced,2.14659,0.90397,1.56444,0.00000,0.00000,0.00360
0.49823,Balanced,2.14659,0.90397,1.56444,0.00000,0.00000,0.00379
0.50194,Balanced,2.14659,0.90397,1.56444,0.00000,0.00000,0.00371
0.50492,Balanced,2.14659,0.90397,1.56444,0.00000,0.00000,0.00299
0.50857,Balanced,2.14659,0.90397,1.56444,0.00000,0.00000,0.00365
0.51147,Balanced,2.14659,0.90397,1.56444,0.00000,0.00000,0.00290
0.51489,Balanced,2.14659,0.90397,1.56444,0.00000,0.00000,0.00342
0.51785,Balanced,2.14659,0.90397,1.56444,0.00000,0.00000,0.00296
0.52113,Balanced,2.14659,0.90397,1.56444,0.00000,0.00000,0.00327
0.52383,Balanced,2.14659,0.90397,1.56444,0.00000,0.00000,0.00271
0.52761,Balanced,2.14659,0.90397,1.56444,0.00000,0.00000,0.00378
0.53163,Balanced,2.14659,0.90397,1.56444,0.00000,0.00000,0.00402
0.53567,Balanced,2.14659,0.90397,1.56444,0.00000,0.00000,0.00404
0.53956,Balanced,2.14659,0.90397,1.56444,0.00000,0.00000,0.00390
0.54318,Balanced,2.14659,0.90397,1.56444,0.00000,0.00000,0.00361
0.54663,Balanced,2.14659,0.90397,1.56444,0.00000,0.00000,0.00346
0.55046,Balanced,2.14659,0.90397,1.56444,0.00000,0.00000,0.00383
0.55343,Balanced,2.14659,0.90397,1.56444,0.00000,0.00000,0.00297
0.55629,Balanced,2.14659,0.90397,1.56444,0.00000,0.00000,0.00286
0.55912,Balanced,2.14659,0.90397,1.56444,0.00000,0.00000,0.00283
0.56329,Balanced,2.14659,0.90397,1.56444,0.00000,0.00000,0.00416
0.56647,Balanced,2.14659,0.90397,1.56444,0.00000,0.00000,0.00318
0.57076,Balanced,2.14659,0.90397,1.56444,0.00000,0.00000,0.00429
0.57557,Balanced,2.14659,0.90397,1.56444,0.00000,0.00000,0.00482
0.57911,Balanced,2.14659,0.90397,1.56444,0.00000,0.00000,0.00354
0.58248,Balanced,2.14659,0.90397,1.56444,0.00000,0.00000,0.00337
0.58601,Balanced,2.14659,0.90397,1.56444,0.00000,0.00000,0.00352
0.59004,Balanced,2.14659,0.90397,1.56444,0.00000,0.00000,0.00403
0.59388,Balanced,2.14659,0.90397,1.56444,0.00000,0.00000,0.00384
0.59784,Balanced,2.14659,0.90397,1.56444,0.00000,0.00000,0.00395
0.60217,Balanced,2.14659,0.90397,1.56444,0.00000,0.00000,0.00433
0.60566,Balanced,2.14659,0.90397,1.56444,0.00000,0.00000,0.00349
0.60972,Balanced,2.14659,0.90397,1.56444,0.00000,0.00000,0.00406
0.61324,Balanced,2.14659,0.90397,1.56444,0.00000,0.00000,0.00352
0.61804,Balanced,2.14659,0.90397,1.56444,0.00000,0.00000,0.00480
0.62306,Balanced,2.14659,0.90397,1.56444,0.00000,0.00000,0.00502
0.62660,Balanced,2.14659,0.90397,1.56444,0.00000,0.00000,0.00354
0.63150,Balanced,2.14659,0.90397,1.56444,0.00000,0.00000,0.00490
0.63503,Balanced,2.14659,0.90397,1.56444,0.00000,0.00000,0.00353
0.63858,Balanced,2.14659,0.90397,1.56444,0.00000,0.00000,0.00355
0.64270,Balanced,2.14659,0.90397,1.56444,0.00000,0.00000,0.00412
0.64715,Balanced,2.14659,0.90397,1.56444,0.00000,0.00000,0.00445
0.65093,Balanced,2.14659,0.90397,1.56444,0.00000,0.00000,0.00378
0.65432,Balanced,2.14659,0.90397,1.56444,0.00000,0.00000,0.00339
0.65826,Balanced,2.14659,0.90397,1.56444,0.00000,0.00000,0.00394
0.66239,Balanced,2.14659,0.90397,1.56444,0.00000,0.00000,0.00413
0.66620,Balanced,2.14659,0.90397,1.56444,0.00000,0.00000,0.00382
0.67006,Balanced,2.14659,0.90397,1.56444,0.00000,0.00000,0.00386
0.67379,Balanced,2.14659,0.90397,1.56444,0.00000,0.00000,0.00372
0.67710,Balanced,2.14659,0.90397,1.56444,0.00000,0.00000,0.00331
0.68052,Balanced,2.14659,0.90397,1.56444,0.00000,0.00000,0.00343
0.68390,Balanced,2.14659,0.90397,1.56444,0.00000,0.00000,0.00337
0.68760,Balanced,2.14659,0.90397,1.56444,0.00000,0.00000,0.00370
0.69175,Balanced,2.14659,0.90397,1.56444,0.00000,0.00000,0.00415
0.69479,Balanced,2.14659,0.90397,1.56444,0.00000,0.00000,0.00304
0.69800,Balanced,2.14659,0.90397,1.56444,0.00000,0.00000,0.00320
0.70190,Balanced,2.14659,0.90397,1.56444,0.00000,0.00000,0.00390
0.70496,Balanced,2.14659,0.90397,1.56444,0.00000,0.00000,0.00307
0.70902,Balanced,2.14659,0.90397,1.56444,0.00000,0.00000,0.00406
0.71214,Balanced,2.14659,0.90397,1.56444,0.00000,0.00000,0.00311
0.71551,Balanced,2.14659,0.90397,1.56444,0.00000,0.00000,0.00337
0.71923,Balanced,2.14659,0.90397,1.56444,0.00000,0.00000,0.00373
0.72355,Balanced,2.14659,0.90397,1.56444,0.00000,0.00000,0.00432
0.72659,Balanced,2.14659,0.90397,1.56444,0.00000,0.00000,0.00304
0.73002,Balanced,2.14659,0.90397,1.56444,0.00000,0.00000,0.00343
0.73299,Balanced,2.14659,0.90397,1.56444,0.00000,0.00000,0.00297
0.73657,Balanced,2.14659,0.90397,1.56444,0.00000,0.00000,0.00358
0.73976,Balanced,2.14659,0.90397,1.56444,0.00000,0.00000,0.00319
0.74216,Balanced,2.14659,0.90397,1.56444,0.00000,0.00000,0.00240
0.74460,Balanced,2.14659,0.90397,1.56444,0.00000,0.00000,0.00244
0.74825,Balanced,2.14659,0.90397,1.56444,0.00000,0.00000,0.00365
0.75167,Balanced,2.14659,0.90397,1.56444,0.00000,0.00000,0.00343
0.75483,Balanced,2.14659,0.90397,1.56444,0.00000,0.00000,0.00316
0.75821,Balanced,2.14659,0.90397,1.56444,0.00000,0.00000,0.00337
0.76115,Balanced,2.14659,0.90397,1.56444,0.00000,0.00000,0.00294
0.76493,Balanced,2.14659,0.90397,1.56444,0.00000,0.00000,0.00379
0.76964,Balanced,2.14659,0.90397,1.56444,0.00000,0.00000,0.00471
0.77389,Balanced,2.14659,0.90397,1.56444,0.00000,0.00000,0.00425
0.77766,Balanced,2.14659,0.90397,1.56444,0.00000,0.00000,0.00377
0.78117,Balanced,2.14659,0.90397,1.56444,0.00000,0.00000,0.00351
0.78472,Balanced,2.14659,0.90397,1.56444,0.00000,0.00000,0.00355
0.78822,Balanced,2.14659,0.90397,1.56444,0.00000,0.00000,0.00349
0.79095,Balanced,2.14659,0.90397,1.56444,0.00000,0.00000,0.00273
0.79400,Balanced,2.14659,0.90397,1.56444,0.00000,0.00000,0.00306
0.79758,Balanced,2.14659,0.90397,1.56444,0.00000,0.00000,0.00358
0.80098,Balanced,2.14659,0.90397,1.56444,0.00000,0.00000,0.00340
0.80440,Balanced,2.14659,0.90397,1.56444,0.00000,0.00000,0.00341
0.80737,Balanced,2.14659,0.90397,1.56444,0.00000,0.00000,0.00297
0.81115,Balanced,2.14659,0.90397,1.56444,0.00000,0.00000,0.00379
0.81452,Balanced,2.14659,0.90397,1.56444,0.00000,0.00000,0.00337
0.81811,Balanced,2.14659,0.90397,1.56444,0.00000,0.00000,0.00358
0.82113,Balanced,2.14659,0.90397,1.56444,0.00000,0.00000,0.00303
0.82470,Balanced,2.14659,0.90397,1.56444,0.00000,0.00000,0.00356
0.82864,Balanced,2.14659,0.90397,1.56444,0.00000,0.00000,0.00395
0.83160,Balanced,2.14659,0.90397,1.56444,0.00000,0.00000,0.00295
0.83489,Balanced,2.14659,0.90397,1.56444,0.00000,0.00000,0.00329
0.83838,Balanced,2.14659,0.90397,1.56444,0.00000,0.00000,0.00350
0.84180,Balanced,2.14659,0.90397,1.56444,0.00000,0.00000,0.00342
0.84511,Balanced,2.14659,0.90397,1.56444,0.00000,0.00000,0.00330
0.84931,Balanced,2.14659,0.90397,1.56444,0.00000,0.00000,0.00421
0.85304,Balanced,2.14659,0.90397,1.56444,0.00000,0.00000,0.00372
0.85669,Balanced,2.14659,0.90397,1.56444,0.00000,0.00000,0.00366
0.86119,Balanced,2.14659,0.90397,1.56444,0.00000,0.00000,0.00449
0.86447,Balanced,2.14659,0.90397,1.56444,0.00000,0.00000,0.00328
0.86790,Balanced,2.14659,0.90397,1.56444,0.00000,0.00000,0.00343
0.87133,Balanced,2.14659,0.90397,1.56444,0.00000,0.00000,0.00344
0.87493,Balanced,2.14659,0.90397,1.56444,0.00000,0.00000,0.00360
0.87821,Balanced,2.14659,0.90397,1.56444,0.00000,0.00000,0.00327
0.88135,Balanced,2.14659,0.90397,1.56444,0.00000,0.00000,0.00314
0.88423,Balanced,2.14659,0.90397,1.56444,0.00000,0.00000,0.00288
0.88724,Balanced,2.14659,0.90397,1.56444,0.00000,0.00000,0.00301
0.89047,Balanced,2.14659,0.90397,1.56444,0.00000,0.00000,0.00323
0.89331,Balanced,2.14659,0.90397,1.56444,0.00000,0.00000,0.00284
0.89692,Balanced,2.14659,0.90397,1.56444,0.00000,0.00000,0.00361
0.90023,Balanced,2.14659,0.90397,1.56444,0.00000,0.00000,0.00331
0.90389,Balanced,2.14659,0.90397,1.56444,0.00000,0.00000,0.00366
0.90704,Balanced,2.14659,0.90397,1.56444,0.00000,0.00000,0.00315
0.91127,Balanced,2.14659,0.90397,1.56444,0.00000,0.00000,0.00423
0.91575,Balanced,2.14659,0.90397,1.56444,0.00000,0.00000,0.00448
0.91980,Balanced,2.14659,0.90397,1.56444,0.00000,0.00000,0.00406
0.92335,Balanced,2.14659,0.90397,1.56444,0.00000,0.00000,0.00355
0.92632,Balanced,2.14659,0.90397,1.56444,0.00000,0.00000,0.00297
0.92958,Balanced,2.14659,0.90397,1.56444,0.00000,0.00000,0.00326
0.93290,Balanced,2.14659,0.90397,1.56444,0.00000,0.00000,0.00331
0.93617,Balanced,2.14659,0.90397,1.56444,0.00000,0.00000,0.00327
0.93947,Balanced,2.14659,0.90397,1.56444,0.00000,0.00000,0.00330
0.94294,Balanced,2.14659,0.90397,1.56444,0.00000,0.00000,0.00347
0.94688,Balanced,2.14659,0.90397,1.56444,0.00000,0.00000,0.00394
0.95255,Balanced,2.14659,0.90397,1.56444,0.00000,0.00000,0.00567
0.95671,Balanced,2.14659,0.90397,1.56444,0.00000,0.00000,0.00417
0.96056,Balanced,2.14659,0.90397,1.56444,0.00000,0.00000,0.00384
0.96441,Balanced,2.14659,0.90397,1.56444,0.00000,0.00000,0.00386
0.96835,Balanced,2.14659,0.90397,1.56444,0.00000,0.00000,0.00393
0.97233,Balanced,2.14659,0.90397,1.56444,0.00000,0.00000,0.00398
0.97613,Balanced,2.14659,0.90397,1.56444,0.00000,0.00000,0.00380
0.98125,Balanced,2.14659,0.90397,1.56444,0.00000,0.00000,0.00512
0.98488,Balanced,2.14659,0.90397,1.56444,0.00000,0.00000,0.00363
0.98888,Balanced,2.14659,0.90397,1.56444,0.00000,0.00000,0.00401
0.99351,Balanced,2.14659,0.90397,1.56444,0.00000,0.00000,0.00462
0.99683,Balanced,2.14659,0.90397,1.56444,0.00000,0.00000,0.00333
1.00045,Balanced,2.14659,0.90397,1.56444,0.00000,0.00000,0.00361
1.00369,Balanced,2.14659,0.90397,1.56444,0.00000,0.00000,0.00324
1.00775,Balanced,2.14659,0.90397,1.56444,0.00000,0.00000,0.00406
1.01165,Balanced,2.14659,0.90397,1.56444,0.00000,0.00000,0.00390
1.01539,Balanced,2.14659,0.90397,1.56444,0.00000,0.00000,0.00374
1.01940,Balanced,2.14659,0.90397,1.56444,0.00000,0.00000,0.00401
1.02288,Balanced,2.14659,0.90397,1.56444,0.00000,0.00000,0.00347
1.02610,Balanced,2.14659,0.90397,1.56444,0.00000,0.00000,0.00322
1.02970,Balanced,2.14659,0.90397,1.56444,0.00000,0.00000,0.00360
1.03311,Balanced,2.14659,0.90397,1.56444,0.00000,0.00000,0.00341
1.03662,Balanced,2.14659,0.90397,1.56444,0.00000,0.00000,0.00351
1.03965,Balanced,2.14659,0.90397,1.56444,0.00000,0.00000,0.00303
1.04358,Balanced,2.14659,0.90397,1.56444,0.00000,0.00000,0.00393
1.04676,Balanced,2.14659,0.90397,1.56444,0.00000,0.00000,0.00318
1.05086,Balanced,2.14659,0.90397,1.56444,0.00000,0.00000,0.00409
1.05448,Balanced,2.14659,0.90397,1.56444,0.00000,0.00000,0.00363
1.05780,Balanced,2.14659,0.90397,1.56444,0.00000,0.00000,0.00332
1.06142,Balanced,2.14659,0.90397,1.56444,0.00000,0.00000,0.00362
1.06463,Balanced,2.14659,0.90397,1.56444,0.00007,0.02316,0.00321
1.06846,Balanced,2.14659,0.90397,1.56444,0.00006,0.00316,0.00383
1.07174,Balanced,2.14659,0.90397,1.56444,0.00000,0.01897,0.00328
1.07490,Balanced,2.14659,0.90397,1.56444,0.00000,0.00000,0.00315
1.07799,Balanced,2.14659,0.90397,1.56444,0.00000,0.00000,0.00310
1.08129,Balanced,2.14659,0.90397,1.56444,0.00000,0.00000,0.00330
1.08503,Balanced,2.14659,0.90397,1.56444,0.00000,0.00000,0.00374
1.08900,Balanced,2.14659,0.90397,1.56444,0.00000,0.00000,0.00397
1.09283,Balanced,2.14659,0.90397,1.56444,0.00000,0.00000,0.00384
1.09663,Balanced,2.14659,0.90397,1.56444,0.00000,0.00000,0.00380
1.09999,Balanced,2.14659,0.90397,1.56444,0.00000,0.00000,0.00335
1.10368,Balanced,2.14659,0.90397,1.56444,0.00000,0.00000,0.00369
1.10772,Balanced,2.14659,0.90397,1.56444,0.00000,0.00000,0.00405
1.11166,Balanced,2.14659,0.90397,1.56444,0.00000,0.00000,0.00394
1.11481,Balanced,2.14659,0.90397,1.56444,0.00000,0.00000,0.00315
1.11824,Balanced,2.14659,0.90397,1.56444,0.00000,0.00000,0.00343
1.12169,Balanced,2.14659,0.90397,1.56444,0.00000,0.00000,0.00346
1.12454,Balanced,2.14659,0.90397,1.56444,0.00008,0.02939,0.00285
1.12738,Balanced,2.14659,0.90397,1.56444,0.00008,0.00006,0.00284
1.13134,Balanced,2.14659,0.90397,1.56444,0.00000,0.02117,0.00396
1.13446,Balanced,2.14659,0.90397,1.56444,0.00000,0.00000,0.00312
1.13816,Balanced,2.14659,0.90397,1.56444,0.00000,0.00000,0.00370
1.14153,Balanced,2.14659,0.90397,1.56444,0.00000,0.00000,0.00337
1.14505,Balanced,2.14659,0.90397,1.56444,0.00000,0.00000,0.00351
1.14845,Balanced,2.14659,0.90397,1.56444,0.00000,0.00000,0.00340
1.15198,Balanced,2.14659,0.90397,1.56444,0.00000,0.00000,0.00353
1.15533,Balanced,2.14659,0.90397,1.56444,0.00000,0.00000,0.00335
1.15875,Balanced,2.14659,0.90397,1.56444,0.00000,0.00000,0.00342
1.16215,Balanced,2.14659,0.90397,1.56444,0.00000,0.00000,0.00340
1.16531,Balanced,2.14659,0.90397,1.56444,0.00000,0.00000,0.00316
1.16940,Balanced,2.14659,0.90397,1.56444,0.00000,0.00000,0.00409
1.17201,Balanced,2.14659,0.90397,1.56444,0.00000,0.00000,0.00261
1.17450,Balanced,2.14659,0.90397,1.56444,0.00000,0.00000,0.00249
1.17734,Balanced,2.14659,0.90397,1.56444,0.00000,0.00000,0.00284
1.18079,Balanced,2.14659,0.90397,1.56444,0.00000,0.00000,0.00345
1.18375,Balanced,2.14659,0.90397,1.56444,0.00000,0.00000,0.00296
1.18737,Balanced,2.14659,0.90397,1.56444,0.00000,0.00000,0.00362
1.19077,Balanced,2.14659,0.90397,1.56444,0.00000,0.00000,0.00341
1.19444,Balanced,2.14659,0.90397,1.56444,0.00000,0.00000,0.00366
1.19731,Balanced,2.14659,0.90397,1.56444,0.00000,0.00000,0.00287
1.20096,Balanced,2.14659,0.90397,1.56444,0.00000,0.00000,0.00365
1.20390,Balanced,2.14659,0.90397,1.56444,0.00000,0.00000,0.00294
1.20821,Balanced,2.14659,0.90397,1.56444,0.00000,0.00000,0.00432
1.21199,Balanced,2.14659,0.90397,1.56444,0.00000,0.00000,0.00378
1.21602,Balanced,2.14659,0.90397,1.56444,0.00000,0.00000,0.00403
1.21948,Balanced,2.14659,0.90397,1.56444,0.00000,0.00000,0.00347
1.22278,Balanced,2.14659,0.90397,1.56444,0.00000,0.00000,0.00329
1.22652,Balanced,2.14659,0.90397,1.56444,0.00000,0.00000,0.00374
1.23070,Balanced,2.14659,0.90397,1.56444,0.00000,0.00000,0.00418
1.23409,Balanced,2.14659,0.90397,1.56444,0.00000,0.00000,0.00340
1.23800,Balanced,2.14659,0.90397,1.56444,0.00000,0.00000,0.00390
1.24237,Balanced,2.14659,0.90397,1.56444,0.00000,0.00000,0.00437
1.24607,Balanced,2.14659,0.90397,1.56444,0.00000,0.00000,0.00370
1.25065,Balanced,2.14659,0.90397,1.56444,0.00000,0.00000,0.00459
1.25476,Balanced,2.14659,0.90397,1.56444,0.00000,0.00000,0.00411
1.25844,Balanced,2.14659,0.90397,1.56444,0.00000,0.00000,0.00368
1.26191,Balanced,2.14659,0.90397,1.56444,0.00000,0.00000,0.00347
1.26548,Balanced,2.14659,0.90397,1.56444,0.00000,0.00000,0.00356
1.26976,Balanced,2.14659,0.90397,1.56444,0.00000,0.00000,0.00429
1.27296,Balanced,2.14659,0.90397,1.56444,0.00000,0.00000,0.00320
1.27690,Balanced,2.14659,0.90397,1.56444,0.00000,0.00000,0.00394
1.27987,Balanced,2.14659,0.90397,1.56444,0.00000,0.00000,0.00297
1.28309,Balanced,2.14659,0.90397,1.56444,0.00000,0.00000,0.00322
1.28621,Balanced,2.14659,0.90397,1.56444,0.00000,0.00000,0.00312
1.29026,Balanced,2.14659,0.90397,1.56444,0.00000,0.00000,0.00405
1.29393,Balanced,2.14659,0.90397,1.56444,0.00000,0.00000,0.00367
1.29797,Balanced,2.14659,0.90397,1.56444,0.00000,0.00000,0.00404
1.30152,Balanced,2.14659,0.90397,1.56444,0.00000,0.00000,0.00355
1.30511,Balanced,2.14659,0.90397,1.56444,0.00000,0.00000,0.00359
1.30960,Balanced,2.14659,0.90397,1.56444,0.00000,0.00000,0.00449
1.31385,Balanced,2.14659,0.90397,1.56444,0.00000,0.00000,0.00424
1.31701,Balanced,2.14659,0.90397,1.56444,0.00000,0.00000,0.00317
1.32028,Balanced,2.14659,0.90397,1.56444,0.00000,0.00000,0.00327
1.32379,Balanced,2.14659,0.90397,1.56444,0.00000,0.00000,0.00351
1.32729,Balanced,2.14659,0.90397,1.56444,0.00000,0.00000,0.00350
1.33107,Balanced,2.14659,0.90397,1.56444,0.00000,0.00000,0.00378
1.33431,Balanced,2.14659,0.90397,1.56444,0.00000,0.00000,0.00324
1.33750,Balanced,2.14659,0.90397,1.56444,0.00000,0.00000,0.00319
1.34090,Balanced,2.14659,0.90397,1.56444,0.00000,0.00000,0.00340
1.34393,Balanced,2.14659,0.90397,1.56444,0.00000,0.00000,0.00304
1.34736,Balanced,2.14659,0.90397,1.56444,0.00000,0.00000,0.00342
1.35100,Balanced,2.14659,0.90397,1.56444,0.00000,0.00000,0.00364
1.35452,Balanced,2.14659,0.90397,1.56444,0.00000,0.00000,0.00352
1.35815,Balanced,2.14659,0.90397,1.56444,0.00000,0.00000,0.00363
1.36098,Balanced,2.14659,0.90397,1.56444,0.00000,0.00000,0.00284
1.36376,Balanced,2.14659,0.90397,1.56444,0.00000,0.00000,0.00278
1.36668,Balanced,2.14659,0.90397,1.56444,0.00000,0.00000,0.00291
1.37077,Balanced,2.14659,0.90397,1.56444,0.00000,0.00000,0.00410
1.37480,Balanced,2.14659,0.90397,1.56444,0.00000,0.00000,0.00402
1.37816,Balanced,2.14659,0.90397,1.56444,0.00000,0.00000,0.00337
1.38202,Balanced,2.14659,0.90397,1.56444,0.00000,0.00000,0.00386
1.38606,Balanced,2.14659,0.90397,1.56444,0.00000,0.00000,0.00404
1.39041,Balanced,2.14659,0.90397,1.56444,0.00000,0.00000,0.00435
1.39428,Balanced,2.14659,0.90397,1.56444,0.00000,0.00000,0.00387
1.39768,Balanced,2.14659,0.90397,1.56444,0.00000,0.00000,0.00340
1.40135,Balanced,2.14659,0.90397,1.56444,0.00000,0.00000,0.00367
1.40475,Balanced,2.14659,0.90397,1.56444,0.00000,0.00000,0.00340
1.40816,Balanced,2.14659,0.90397,1.56444,0.00000,0.00000,0.00341
1.41135,Balanced,2.14659,0.90397,1.56444,0.00000,0.00000,0.00319
1.41527,Balanced,2.14659,0.90397,1.56444,0.00000,0.00000,0.00392
1.41880,Balanced,2.14659,0.90397,1.56444,0.00000,0.00000,0.00353
1.42207,Balanced,2.14659,0.90397,1.56444,0.00000,0.00000,0.00327
1.42528,Balanced,2.14659,0.90397,1.56444,0.00000,0.00000,0.00321
1.42865,Balanced,2.14659,0.90397,1.56444,0.00000,0.00000,0.00336
1.43187,Balanced,2.14659,0.90397,1.56444,0.00000,0.00000,0.00322
1.43592,Balanced,2.14659,0.90397,1.56444,0.00000,0.00000,0.00405
1.43895,Balanced,2.14659,0.90397,1.56444,0.00000,0.00000,0.00303
1.44212,Balanced,2.14659,0.90397,1.56444,0.00000,0.00000,0.00317
1.44571,Balanced,2.14659,0.90397,1.56444,0.00000,0.00000,0.00359
1.45012,Balanced,2.14659,0.90397,1.56444,0.00000,0.00000,0.00441
1.45347,Balanced,2.14659,0.90397,1.56444,0.00000,0.00000,0.00335
1.45634,Balanced,2.14659,0.90397,1.56444,0.00000,0.00000,0.00287
1.45887,Balanced,2.14659,0.90397,1.56444,0.00000,0.00000,0.00253
1.46165,Balanced,2.14659,0.90397,1.56444,0.00000,0.00000,0.00278
1.46556,Balanced,2.14659,0.90397,1.56444,0.00000,0.00000,0.00391
1.46935,Balanced,2.14659,0.90397,1.56444,0.00000,0.00000,0.00380
1.47354,Balanced,2.14659,0.90397,1.56444,0.00000,0.00000,0.00419
1.47768,Balanced,2.14659,0.90397,1.56444,0.00000,0.00000,0.00414
1.48136,Balanced,2.14659,0.90397,1.56444,0.00000,0.00000,0.00368
1.48479,Balanced,2.14659,0.90397,1.56444,0.00000,0.00000,0.00343
1.48896,Balanced,2.14659,0.90397,1.56444,0.00000,0.00000,0.00418
1.49215,Balanced,2.14659,0.90397,1.56444,0.00000,0.00000,0.00319
1.49585,Balanced,2.14659,0.90397,1.56444,0.00000,0.00000,0.00370
1.49926,Balanced,2.14659,0.90397,1.56444,0.00000,0.00000,0.00340
1.50251,Balanced,2.14659,0.90397,1.56444,0.00000,0.00000,0.00326
1.50560,Balanced,2.14659,0.90397,1.56444,0.00000,0.00000,0.00309
1.50903,Balanced,2.14659,0.90397,1.56444,0.00000,0.00000,0.00343
1.51255,Balanced,2.14659,0.90397,1.56444,0.00000,0.00000,0.00352
1.51580,Balanced,2.14659,0.90397,1.56444,0.00000,0.00000,0.00325
1.51895,Balanced,2.14659,0.90397,1.56444,0.00000,0.00000,0.00315
1.52222,Balanced,2.14659,0.90397,1.56444,0.00000,0.00000,0.00328
1.52588,Balanced,2.14659,0.90397,1.56444,0.00000,0.00000,0.00365
1.52923,Balanced,2.14659,0.90397,1.56444,0.00000,0.00000,0.00336
1.53259,Balanced,2.14659,0.90397,1.56444,0.00000,0.00000,0.00336
1.53602,Balanced,2.14659,0.90397,1.56444,0.00000,0.00000,0.00343
1.53898,Balanced,2.14659,0.90397,1.56444,0.00000,0.00000,0.00296
1.54201,Balanced,2.14659,0.90397,1.56444,0.00000,0.00000,0.00303
1.54543,Balanced,2.14659,0.90397,1.56444,0.00000,0.00000,0.00342
1.54902,Balanced,2.14659,0.90397,1.56444,0.00000,0.00000,0.00359
1.55204,Balanced,2.14659,0.90397,1.56444,0.00000,0.00000,0.00301
1.55548,Balanced,2.14659,0.90397,1.56444,0.00000,0.00000,0.00344
1.55900,Balanced,2.14659,0.90397,1.56444,0.00000,0.00000,0.00352
1.56248,Balanced,2.14659,0.90397,1.56444,0.00000,0.00000,0.00348
1.56581,Balanced,2.14659,0.90397,1.56444,0.00000,0.00000,0.00333
1.57036,Balanced,2.14659,0.90397,1.56444,0.00000,0.00000,0.00454
1.57439,Balanced,2.14659,0.90397,1.56444,0.00000,0.00000,0.00404
1.57836,Balanced,2.14659,0.90397,1.56444,0.00000,0.00000,0.00397
1.58205,Balanced,2.14659,0.90397,1.56444,0.00000,0.00000,0.00369
1.58526,Balanced,2.14659,0.90397,1.56444,0.00000,0.00000,0.00321
1.58894,Balanced,2.14659,0.90397,1.56444,0.00000,0.00000,0.00369
1.59196,Balanced,2.14659,0.90397,1.56444,0.00000,0.00000,0.00301
1.59486,Balanced,2.14659,0.90397,1.56444,0.00000,0.00000,0.00290
1.59804,Balanced,2.14659,0.90397,1.56444,0.00000,0.00000,0.00318
1.60064,Balanced,2.14659,0.90397,1.56444,0.00000,0.00000,0.00260
1.60302,Balanced,2.14659,0.90397,1.56444,0.00000,0.00000,0.00238
1.60571,Balanced,2.14659,0.90397,1.56444,0.00000,0.00000,0.00270
1.60879,Balanced,2.14659,0.90397,1.56444,0.00000,0.00000,0.00307
1.61202,Balanced,2.14659,0.90397,1.56444,0.00000,0.00000,0.00323
1.61471,Balanced,2.14659,0.90397,1.56444,0.00000,0.00000,0.00269
1.61796,Balanced,2.14659,0.90397,1.56444,0.00000,0.00000,0.00325
1.62085,Balanced,2.14659,0.90397,1.56444,0.00000,0.00000,0.00289
1.62400,Balanced,2.14659,0.90397,1.56444,0.00000,0.00000,0.00315
1.62695,Balanced,2.14659,0.90397,1.56444,0.00000,0.00000,0.00295
1.63032,Balanced,2.14659,0.90397,1.56444,0.00000,0.00000,0.00337
1.63361,Balanced,2.14659,0.90397,1.56444,0.00000,0.00000,0.00329
1.63723,Balanced,2.14659,0.90397,1.56444,0.00000,0.00000,0.00362
1.64033,Balanced,2.14659,0.90397,1.56444,0.00000,0.00000,0.00310
1.64327,Balanced,2.14659,0.90397,1.56444,0.00000,0.00000,0.00295
1.64632,Balanced,2.14659,0.90397,1.56444,0.00000,0.00000,0.00304
1.64942,Balanced,2.14659,0.90397,1.56444,0.00000,0.00000,0.00310
1.65302,Balanced,2.14659,0.90397,1.56444,0.00000,0.00000,0.00360
1.65577,Balanced,2.14659,0.90397,1.56444,0.00000,0.00000,0.00275
1.65851,Balanced,2.14659,0.90397,1.56444,0.00000,0.00000,0.00274
1.66093,Balanced,2.14659,0.90397,1.56444,0.00000,0.00000,0.00242
1.66332,Balanced,2.14659,0.90397,1.56444,0.00000,0.00000,0.00239
1.66672,Balanced,2.14659,0.90397,1.56444,0.00000,0.00000,0.00341
1.66999,Balanced,2.14659,0.90397,1.56444,0.00000,0.00000,0.00326
1.67344,Balanced,2.14659,0.90397,1.56444,0.00000,0.00000,0.00345
1.67635,Balanced,2.14659,0.90397,1.56444,0.00000,0.00000,0.00291
1.67963,Balanced,2.14659,0.90397,1.56444,0.00000,0.00000,0.00328
1.68273,Balanced,2.14659,0.90397,1.56444,0.00000,0.00000,0.00310
1.68567,Balanced,2.14659,0.90397,1.56444,0.00000,0.00000,0.00294
1.68894,Balanced,2.14659,0.90397,1.56444,0.00000,0.00000,0.00328
1.69235,Balanced,2.14659,0.90397,1.56444,0.00000,0.00000,0.00340
1.69553,Balanced,2.14659,0.90397,1.56444,0.00000,0.00000,0.00318
1.69844,Balanced,2.14659,0.90397,1.56444,0.00000,0.00000,0.00292
1.70073,Balanced,2.14659,0.90397,1.56444,0.00000,0.00000,0.00228
1.70327,Balanced,2.14659,0.90397,1.56444,0.00000,0.00000,0.00255
1.70586,Balanced,2.14659,0.90397,1.56444,0.00000,0.00000,0.00259
1.70934,Balanced,2.14659,0.90397,1.56444,0.00000,0.00000,0.00348
1.71205,Balanced,2.14659,0.90397,1.56444,0.00000,0.00000,0.00271
1.71562,Balanced,2.14659,0.90397,1.56444,0.00000,0.00000,0.00356
1.71842,Balanced,2.14659,0.90397,1.56444,0.00000,0.00000,0.00281
1.72172,Balanced,2.14659,0.90397,1.56444,0.00000,0.00000,0.00330
1.72437,Balanced,2.14659,0.90397,1.56444,0.00000,0.00000,0.00265
1.72719,Balanced,2.14659,0.90397,1.56444,0.00000,0.00000,0.00282
1.73071,Balanced,2.14659,0.90397,1.56444,0.00000,0.00000,0.00352
1.73359,Balanced,2.14659,0.90397,1.56444,0.00000,0.00000,0.00288
1.73639,Balanced,2.14659,0.90397,1.56444,0.00000,0.00000,0.00280
1.73920,Balanced,2.14659,0.90397,1.56444,0.00000,0.00000,0.00281
1.74169,Balanced,2.14659,0.90397,1.56444,0.00000,0.00000,0.00249
1.74435,Balanced,2.14659,0.90397,1.56444,0.00000,0.00000,0.00266
1.74785,Balanced,2.14659,0.90397,1.56444,0.00000,0.00000,0.00350
1.75148,Balanced,2.14659,0.90397,1.56444,0.00000,0.00000,0.00363
1.75424,Balanced,2.14659,0.90397,1.56444,0.00000,0.00000,0.00276
1.75715,Balanced,2.14659,0.90397,1.56444,0.00000,0.00000,0.00291
1.75964,Balanced,2.14659,0.90397,1.56444,0.00000,0.00000,0.00250
1.76279,Balanced,2.14659,0.90397,1.56444,0.00000,0.00000,0.00314
1.76582,Balanced,2.14659,0.90397,1.56444,0.00000,0.00000,0.00304
1.76939,Balanced,2.14659,0.90397,1.56444,0.00000,0.00000,0.00357
1.77252,Balanced,2.14659,0.90397,1.56444,0.00000,0.00000,0.00313
1.77716,Balanced,2.14659,0.90397,1.56444,0.00000,0.00000,0.00463
1.78046,Balanced,2.14659,0.90397,1.56444,0.00000,0.00000,0.00330
1.78370,Balanced,2.14659,0.90397,1.56444,0.00000,0.00000,0.00324
1.78674,Balanced,2.14659,0.90397,1.56444,0.00000,0.00000,0.00304
1.78982,Balanced,2.14659,0.90397,1.56444,0.00000,0.00000,0.00307
1.79238,Balanced,2.14659,0.90397,1.56444,0.00000,0.00000,0.00257
1.79495,Balanced,2.14659,0.90397,1.56444,0.00000,0.00000,0.00257
1.79797,Balanced,2.14659,0.90397,1.56444,0.00000,0.00000,0.00302
1.80125,Balanced,2.14659,0.90397,1.56444,0.00000,0.00000,0.00329
1.80417,Balanced,2.14659,0.90397,1.56444,0.00000,0.00000,0.00292
1.80708,Balanced,2.14659,0.90397,1.56444,0.00000,0.00000,0.00290
1.81079,Balanced,2.14659,0.90397,1.56444,0.00000,0.00000,0.00371
1.81391,Balanced,2.14659,0.90397,1.56444,0.00000,0.00000,0.00313
1.81692,Balanced,2.14659,0.90397,1.56444,0.00000,0.00000,0.00301
1.81987,Balanced,2.14659,0.90397,1.56444,0.00000,0.00000,0.00295
1.82253,Balanced,2.14659,0.90397,1.56444,0.00000,0.00000,0.00266
1.82598,Balanced,2.14659,0.90397,1.56444,0.00000,0.00000,0.00345
1.82946,Balanced,2.14659,0.90397,1.56444,0.00000,0.00000,0.00348
1.83241,Balanced,2.14659,0.90397,1.56444,0.00000,0.00000,0.00295
1.83533,Balanced,2.14659,0.90397,1.56444,0.00000,0.00000,0.00292
1.83812,Balanced,2.14659,0.90397,1.56444,0.00000,0.00000,0.00279
1.84054,Balanced,2.14659,0.90397,1.56444,0.00000,0.00000,0.00242
1.84307,Balanced,2.14659,0.90397,1.56444,0.00000,0.00000,0.00253
1.84642,Balanced,2.14659,0.90397,1.56444,0.00000,0.00000,0.00335
1.84983,Balanced,2.14659,0.90397,1.56444,0.00000,0.00000,0.00341
1.85336,Balanced,2.14659,0.90397,1.56444,0.00000,0.00000,0.00352
1.85608,Balanced,2.14659,0.90397,1.56444,0.00000,0.00000,0.00272
1.85891,Balanced,2.14659,0.90397,1.56444,0.00000,0.00000,0.00282
1.86204,Balanced,2.14659,0.90397,1.56444,0.00000,0.00000,0.00314
1.86528,Balanced,2.14659,0.90397,1.56444,0.00000,0.00000,0.00323
1.86885,Balanced,2.14659,0.90397,1.56444,0.00000,0.00000,0.00357
1.87150,Balanced,2.14659,0.90397,1.56444,0.00000,0.00000,0.00265
1.87484,Balanced,2.14659,0.90397,1.56444,0.00000,0.00000,0.00334
1.87752,Balanced,2.14659,0.90397,1.56444,0.00000,0.00000,0.00269
1.88012,Balanced,2.14659,0.90397,1.56444,0.00000,0.00000,0.00260
1.88366,Balanced,2.14659,0.90397,1.56444,0.00000,0.00000,0.00353
1.88660,Balanced,2.14659,0.90397,1.56444,0.00000,0.00000,0.00294
1.88972,Balanced,2.14659,0.90397,1.56444,0.00000,0.00000,0.00313
1.89244,Balanced,2.14659,0.90397,1.56444,0.00000,0.00000,0.00272
1.89559,Balanced,2.14659,0.90397,1.56444,0.00000,0.00000,0.00315
1.89838,Balanced,2.14659,0.90397,1.56444,0.00000,0.00000,0.00279
1.90146,Balanced,2.14659,0.90397,1.56444,0.00000,0.00000,0.00308
1.90429,Balanced,2.14659,0.90397,1.56444,0.00000,0.00000,0.00282
1.90702,Balanced,2.14659,0.90397,1.56444,0.00000,0.00000,0.00273
1.91071,Balanced,2.14659,0.90397,1.56444,0.00000,0.00000,0.00369
1.91353,Balanced,2.14659,0.90397,1.56444,0.00000,0.00000,0.00282
1.91687,Balanced,2.14659,0.90397,1.56444,0.00000,0.00000,0.00334
1.92056,Balanced,2.14659,0.90397,1.56444,0.00000,0.00000,0.00369
1.92430,Balanced,2.14659,0.90397,1.56444,0.00000,0.00000,0.00374
1.92827,Balanced,2.14659,0.90397,1.56444,0.00000,0.00000,0.00397
1.93223,Balanced,2.14659,0.90397,1.56444,0.00000,0.00000,0.00397
1.93516,Balanced,2.14659,0.90397,1.56444,0.00000,0.00000,0.00293
1.93768,Balanced,2.14659,0.90397,1.56444,0.00000,0.00000,0.00252
1.94023,Balanced,2.14659,0.90397,1.56444,0.00000,0.00000,0.00256
1.94340,Balanced,2.14659,0.90397,1.56444,0.00000,0.00000,0.00317
1.94653,Balanced,2.14659,0.90397,1.56444,0.00000,0.00000,0.00313
1.94949,Balanced,2.14659,0.90397,1.56444,0.00000,0.00000,0.00296
1.95262,Balanced,2.14659,0.90397,1.56444,0.00000,0.00000,0.00314
1.95544,Balanced,2.14659,0.90397,1.56444,0.00000,0.00000,0.00282
1.95851,Balanced,2.14659,0.90397,1.56444,0.00000,0.00000,0.00307
1.96111,Balanced,2.14659,0.90397,1.56444,0.00000,0.00000,0.00260
1.96424,Balanced,2.14659,0.90397,1.56444,0.00000,0.00000,0.00314
1.96734,Balanced,2.14659,0.90397,1.56444,0.00000,0.00000,0.00310
1.97051,Balanced,2.14659,0.90397,1.56444,0.00000,0.00000,0.00317
1.97381,Balanced,2.14659,0.90397,1.56444,0.00000,0.00000,0.00330
1.97684,Balanced,2.14659,0.90397,1.56444,0.00000,0.00000,0.00303
1.97992,Balanced,2.14659,0.90397,1.56444,0.00000,0.00000,0.00308
1.98269,Balanced,2.14659,0.90397,1.56444,0.00000,0.00000,0.00278
1.98586,Balanced,2.14659,0.90397,1.56444,0.00000,0.00000,0.00317
1.98919,Balanced,2.14659,0.90397,1.56444,0.00000,0.00000,0.00333
1.99197,Balanced,2.14659,0.90397,1.56444,0.00000,0.00000,0.00278
1.99463,Balanced,2.14659,0.90397,1.56444,0.00000,0.00000,0.00265
1.99775,Balanced,2.14659,0.90397,1.56444,0.00000,0.00000,0.00313
2.00116,Balanced,2.14659,0.90397,1.56444,0.00000,0.00000,0.00341
2.00443,Balanced,2.14659,0.90397,1.56444,0.00000,0.00000,0.00327
2.00795,Fallen,2.14660,0.90380,1.56444,0.34826,99.02354,0.00352
2.01382,Fallen,2.14661,0.90350,1.56445,0.35999,1.99967,0.00587
2.01656,Fallen,2.14661,0.90336,1.56446,0.35657,1.24646,0.00274
2.02000,Fallen,2.14662,0.90318,1.56446,0.35282,1.09177,0.00344
2.02282,Fallen,2.14662,0.90303,1.56447,0.34817,1.64440,0.00282
2.02630,Fallen,2.14662,0.90290,1.56446,0.16694,52.04914,0.00348
2.03231,Fallen,2.14660,0.90273,1.56445,0.01230,25.72877,0.00601
2.03560,Fallen,2.14659,0.90264,1.56443,0.01417,0.56818,0.00329
2.03866,Fallen,2.14658,0.90256,1.56442,0.01533,0.38146,0.00306
2.04202,Fallen,2.14656,0.90247,1.56441,0.01641,0.31971,0.00336
2.04488,Fallen,2.14655,0.90239,1.56440,0.01780,0.48475,0.00287
2.04905,Fallen,2.14654,0.90234,1.56438,0.02162,0.91908,0.00417
2.05158,Fallen,2.14653,0.90231,1.56437,0.02258,0.37639,0.00253
2.05510,Fallen,2.14651,0.90227,1.56436,0.02346,0.25250,0.00352
2.05754,Fallen,2.14650,0.90224,1.56435,0.02422,0.31017,0.00245
2.06035,Fallen,2.14649,0.90220,1.56433,0.02499,0.27260,0.00280
2.06310,Fallen,2.14647,0.90217,1.56432,0.02570,0.25996,0.00275
2.06572,Fallen,2.14646,0.90212,1.56430,0.02643,0.27863,0.00262
2.06945,Fallen,2.14643,0.90204,1.56428,0.02737,0.25141,0.00372
2.07259,Fallen,2.14641,0.90197,1.56426,0.02832,0.30038,0.00315
2.07501,Fallen,2.14639,0.90192,1.56424,0.02928,0.39838,0.00242
2.07736,Fallen,2.14638,0.90186,1.56422,0.02991,0.26755,0.00235
2.07992,Fallen,2.14635,0.90181,1.56420,0.03080,0.34932,0.00256
2.08351,Fallen,2.14632,0.90173,1.56417,0.03175,0.26552,0.00359
2.08636,Fallen,2.14630,0.90166,1.56414,0.03293,0.41196,0.00285
2.09008,Fallen,2.14626,0.90157,1.56411,0.03416,0.33136,0.00372
2.09269,Fallen,2.14623,0.90150,1.56408,0.03535,0.45669,0.00261
2.09583,Fallen,2.14620,0.90142,1.56404,0.03659,0.39221,0.00314
2.09871,Fallen,2.14616,0.90135,1.56401,0.03793,0.46678,0.00288
2.10138,Fallen,2.14613,0.90129,1.56398,0.03919,0.47168,0.00266
2.10447,Fallen,2.14609,0.90121,1.56394,0.04045,0.40661,0.00310
2.10776,Fallen,2.14604,0.90112,1.56389,0.04204,0.48358,0.00329
2.11108,Fallen,2.14600,0.90104,1.56384,0.04380,0.52976,0.00332
2.11372,Fallen,2.14596,0.90097,1.56380,0.04529,0.56545,0.00264
2.11684,Fallen,2.14591,0.90089,1.56375,0.04695,0.53198,0.00312
2.12015,Fallen,2.14585,0.90080,1.56370,0.04877,0.55157,0.00330
2.12281,Fallen,2.14580,0.90073,1.56365,0.05055,0.66832,0.00266
2.12521,Fallen,2.14576,0.90067,1.56361,0.05204,0.62043,0.00240
2.12840,Fallen,2.14570,0.90058,1.56355,0.05379,0.54811,0.00319
2.13199,Fallen,2.14563,0.90047,1.56348,0.05594,0.59766,0.00359
2.13478,Fallen,2.14558,0.90039,1.56343,0.05810,0.77492,0.00279
2.13815,Fallen,2.14551,0.90030,1.56336,0.06016,0.61250,0.00337
2.14088,Fallen,2.14545,0.90022,1.56330,0.06217,0.73628,0.00273
2.14480,Fallen,2.14536,0.90011,1.56321,0.06460,0.61864,0.00392
2.14822,Fallen,2.14529,0.90001,1.56313,0.06721,0.76550,0.00342
2.15186,Fallen,2.14520,0.89990,1.56305,0.06984,0.72234,0.00364
2.15508,Fallen,2.14512,0.89981,1.56297,0.07239,0.79333,0.00321
2.15787,Fallen,2.14505,0.89972,1.56290,0.07469,0.82410,0.00279
2.16054,Fallen,2.14498,0.89964,1.56283,0.07674,0.76570,0.00267
2.16362,Fallen,2.14490,0.89955,1.56275,0.07898,0.72796,0.00308
2.16655,Fallen,2.14483,0.89947,1.56267,0.08131,0.79306,0.00293
2.16980,Fallen,2.14474,0.89937,1.56258,0.08377,0.75748,0.00325
2.17241,Fallen,2.14466,0.89929,1.56251,0.08624,0.94476,0.00261
2.17523,Fallen,2.14458,0.89920,1.56243,0.08844,0.78485,0.00281
2.17806,Fallen,2.14450,0.89912,1.56235,0.09088,0.85879,0.00284
2.18115,Fallen,2.14441,0.89903,1.56226,0.09343,0.82607,0.00308
2.18431,Fallen,2.14432,0.89893,1.56216,0.09613,0.85292,0.00317
2.18736,Fallen,2.14423,0.89884,1.56207,0.09903,0.95381,0.00304
2.19089,Fallen,2.14412,0.89872,1.56196,0.10232,0.93153,0.00353
2.19441,Fallen,2.14401,0.89861,1.56185,0.10615,1.08919,0.00352
2.19717,Fallen,2.14392,0.89852,1.56177,0.10970,1.28037,0.00277
2.20025,Fallen,2.14382,0.89843,1.56167,0.11322,1.14755,0.00307
2.20300,Fallen,2.14373,0.89834,1.56158,0.11686,1.32325,0.00275
2.20594,Fallen,2.14364,0.89824,1.56148,0.12054,1.25208,0.00294
2.20932,Fallen,2.14353,0.89813,1.56137,0.12491,1.28986,0.00339
2.21217,Fallen,2.14344,0.89804,1.56128,0.12939,1.57331,0.00285
2.21507,Fallen,2.14334,0.89794,1.56119,0.13381,1.52567,0.00290
2.21787,Fallen,2.14325,0.89785,1.56110,0.13815,1.54575,0.00281
2.22031,Fallen,2.14317,0.89777,1.56102,0.14232,1.71207,0.00244
2.22276,Fallen,2.14309,0.89769,1.56094,0.14638,1.65802,0.00245
2.22541,Fallen,2.14300,0.89760,1.56085,0.15061,1.59699,0.00265
2.22927,Fallen,2.14288,0.89747,1.56072,0.15627,1.46343,0.00387
2.23183,Fallen,2.14280,0.89738,1.56064,0.16196,2.22628,0.00256
2.23477,Fallen,2.14270,0.89727,1.56055,0.16692,1.68999,0.00293
2.23776,Fallen,2.14260,0.89717,1.56045,0.17233,1.80355,0.00300
2.24073,Fallen,2.14251,0.89706,1.56036,0.17782,1.85262,0.00297
2.24387,Fallen,2.14241,0.89695,1.56026,0.18354,1.82039,0.00314
2.24676,Fallen,2.14232,0.89685,1.56017,0.18923,1.96779,0.00289
2.25034,Fallen,2.14221,0.89671,1.56006,0.19538,1.71586,0.00358
2.25334,Fallen,2.14212,0.89660,1.55996,0.20173,2.11845,0.00300
2.25646,Fallen,2.14202,0.89648,1.55987,0.20763,1.89082,0.00312
2.25974,Fallen,2.14192,0.89636,1.55977,0.21378,1.87581,0.00328
2.26299,Fallen,2.14183,0.89624,1.55967,0.21998,1.91033,0.00325
2.26589,Fallen,2.14174,0.89613,1.55959,0.22593,2.05198,0.00290
2.26896,Fallen,2.14165,0.89600,1.55950,0.23158,1.83920,0.00307
2.27154,Fallen,2.14157,0.89590,1.55942,0.23694,2.07645,0.00258
2.27442,Fallen,2.14149,0.89578,1.55934,0.24211,1.79574,0.00288
2.27797,Fallen,2.14139,0.89564,1.55924,0.24812,1.69576,0.00355
2.28052,Fallen,2.14132,0.89554,1.55917,0.25388,2.25015,0.00256
2.28368,Fallen,2.14123,0.89541,1.55908,0.25912,1.66199,0.00315
2.28674,Fallen,2.14115,0.89528,1.55899,0.26484,1.86961,0.00306
2.29044,Fallen,2.14104,0.89513,1.55889,0.27104,1.67128,0.00371
2.29359,Fallen,2.14096,0.89499,1.55881,0.27737,2.01378,0.00314
2.29684,Fallen,2.14087,0.89485,1.55872,0.28302,1.73707,0.00325
2.30005,Fallen,2.14079,0.89471,1.55863,0.28876,1.78720,0.00321
2.30298,Fallen,2.14071,0.89459,1.55856,0.29408,1.82050,0.00292
2.30618,Fallen,2.14062,0.89445,1.55847,0.29938,1.65453,0.00320
2.30918,Fallen,2.14055,0.89431,1.55839,0.30462,1.74368,0.00301
2.31141,Fallen,2.14049,0.89421,1.55834,0.30904,1.98366,0.00223
2.31368,Fallen,2.14043,0.89410,1.55828,0.31278,1.65051,0.00226
2.31641,Fallen,2.14036,0.89398,1.55821,0.31669,1.42970,0.00273
2.31991,Fallen,2.14027,0.89382,1.55812,0.32182,1.46727,0.00350
2.32350,Fallen,2.14018,0.89366,1.55803,0.32756,1.59668,0.00360
2.32738,Fallen,2.14008,0.89347,1.55793,0.33363,1.56534,0.00388
2.33078,Fallen,2.14000,0.89330,1.55785,0.33940,1.69481,0.00340
2.33400,Fallen,2.13992,0.89315,1.55777,0.34448,1.58076,0.00321
2.33731,Fallen,2.13984,0.89298,1.55768,0.34948,1.51338,0.00331
2.34112,Fallen,2.13974,0.89280,1.55759,0.35486,1.40936,0.00382
2.34395,Fallen,2.13967,0.89266,1.55752,0.35972,1.71868,0.00283
2.34720,Fallen,2.13959,0.89249,1.55744,0.36413,1.35742,0.00325
2.35054,Fallen,2.13951,0.89232,1.55736,0.36881,1.40155,0.00334
2.35363,Fallen,2.13944,0.89215,1.55728,0.37340,1.48558,0.00309
2.35638,Fallen,2.13937,0.89201,1.55722,0.37745,1.47046,0.00275
2.35897,Fallen,2.13931,0.89187,1.55715,0.38102,1.38196,0.00259
2.36124,Fallen,2.13925,0.89175,1.55710,0.38425,1.41743,0.00228
2.36402,Fallen,2.13918,0.89161,1.55703,0.38758,1.20083,0.00277
2.36651,Fallen,2.13912,0.89147,1.55697,0.39095,1.35297,0.00249
2.36920,Fallen,2.13905,0.89132,1.55690,0.39431,1.24851,0.00269
2.37200,Fallen,2.13898,0.89116,1.55683,0.39788,1.27806,0.00280
2.37539,Fallen,2.13890,0.89097,1.55675,0.40186,1.17040,0.00340
2.37910,Fallen,2.13881,0.89076,1.55665,0.40653,1.25971,0.00371
2.38316,Fallen,2.13870,0.89053,1.55655,0.41157,1.24002,0.00406
2.38701,Fallen,2.13861,0.89031,1.55645,0.41672,1.33930,0.00385
2.39080,Fallen,2.13851,0.89008,1.55636,0.42164,1.29747,0.00379
2.39470,Fallen,2.13841,0.88984,1.55626,0.42636,1.21098,0.00390
2.39864,Fallen,2.13831,0.88960,1.55615,0.43129,1.25115,0.00394
2.40212,Fallen,2.13821,0.88939,1.55606,0.43576,1.28551,0.00347
2.40584,Fallen,2.13811,0.88916,1.55596,0.44005,1.15250,0.00372
2.40958,Fallen,2.13801,0.88892,1.55586,0.44454,1.19932,0.00374
2.41292,Fallen,2.13792,0.88870,1.55577,0.44863,1.22507,0.00334
2.41543,Fallen,2.13785,0.88854,1.55570,0.45198,1.33389,0.00251
2.41820,Fallen,2.13778,0.88836,1.55562,0.45490,1.05708,0.00277
2.42102,Fallen,2.13770,0.88818,1.55554,0.45789,1.06163,0.00282
2.42426,Fallen,2.13761,0.88797,1.55545,0.46128,1.04266,0.00324
2.42722,Fallen,2.13752,0.88776,1.55537,0.46472,1.16203,0.00296
2.43112,Fallen,2.13741,0.88749,1.55525,0.46859,0.99368,0.00389
2.43455,Fallen,2.13731,0.88725,1.55515,0.47283,1.23564,0.00343
2.43827,Fallen,2.13719,0.88699,1.55504,0.47690,1.09264,0.00373
2.44155,Fallen,2.13709,0.88676,1.55494,0.48090,1.21998,0.00328
2.44505,Fallen,2.13698,0.88651,1.55483,0.48457,1.04741,0.00350
2.44871,Fallen,2.13687,0.88624,1.55472,0.48863,1.11154,0.00365
2.45234,Fallen,2.13675,0.88596,1.55460,0.49267,1.11315,0.00363
2.45566,Fallen,2.13665,0.88571,1.55449,0.49668,1.20584,0.00332
2.45907,Fallen,2.13653,0.88546,1.55438,0.50035,1.07641,0.00341
2.46245,Fallen,2.13642,0.88520,1.55427,0.50402,1.08655,0.00338
2.46644,Fallen,2.13628,0.88489,1.55413,0.50821,1.04942,0.00399
2.47097,Fallen,2.13612,0.88452,1.55397,0.51317,1.09497,0.00453
2.47470,Fallen,2.13599,0.88422,1.55384,0.51806,1.31133,0.00373
2.47903,Fallen,2.13583,0.88387,1.55368,0.52259,1.04531,0.00433
2.48242,Fallen,2.13571,0.88359,1.55355,0.52707,1.32349,0.00339
2.48595,Fallen,2.13557,0.88330,1.55342,0.53085,1.07200,0.00353
2.48929,Fallen,2.13544,0.88300,1.55329,0.53467,1.14361,0.00334
2.49295,Fallen,2.13530,0.88268,1.55314,0.53856,1.06071,0.00367
2.49606,Fallen,2.13517,0.88241,1.55302,0.54242,1.24146,0.00311
2.49951,Fallen,2.13503,0.88211,1.55288,0.54598,1.03261,0.00345
2.50258,Fallen,2.13490,0.88184,1.55275,0.54975,1.22738,0.00307
2.50550,Fallen,2.13478,0.88157,1.55263,0.55297,1.10488,0.00292
2.50877,Fallen,2.13464,0.88126,1.55249,0.55637,1.03907,0.00328
2.51211,Fallen,2.13449,0.88095,1.55234,0.56026,1.16607,0.00334
2.51557,Fallen,2.13434,0.88062,1.55219,0.56419,1.13261,0.00346
2.51897,Fallen,2.13418,0.88030,1.55203,0.56820,1.18149,0.00340
2.52269,Fallen,2.13401,0.87994,1.55186,0.57245,1.14102,0.00372
2.52583,Fallen,2.13386,0.87964,1.55171,0.57659,1.32166,0.00313
2.52916,Fallen,2.13370,0.87930,1.55155,0.58039,1.14006,0.00334
2.53183,Fallen,2.13357,0.87902,1.55142,0.58402,1.35988,0.00267
2.53480,Fallen,2.13342,0.87872,1.55127,0.58725,1.08828,0.00297
2.53764,Fallen,2.13328,0.87843,1.55113,0.59068,1.20780,0.00284
2.54093,Fallen,2.13311,0.87809,1.55096,0.59439,1.12980,0.00328
2.54406,Fallen,2.13295,0.87777,1.55079,0.59828,1.24269,0.00313
2.54723,Fallen,2.13278,0.87742,1.55063,0.60218,1.22934,0.00317
2.55084,Fallen,2.13258,0.87702,1.55043,0.60648,1.19013,0.00361
2.55370,Fallen,2.13242,0.87671,1.55027,0.61069,1.47349,0.00286
2.55648,Fallen,2.13227,0.87640,1.55011,0.61425,1.27615,0.00279
2.55942,Fallen,2.13210,0.87607,1.54995,0.61779,1.20652,0.00294
2.56266,Fallen,2.13191,0.87571,1.54976,0.62170,1.20875,0.00324
2.56536,Fallen,2.13175,0.87541,1.54960,0.62563,1.45234,0.00270
2.56915,Fallen,2.13152,0.87495,1.54937,0.62978,1.09434,0.00380
2.57191,Fallen,2.13135,0.87462,1.54920,0.63440,1.67496,0.00276
2.57512,Fallen,2.13115,0.87423,1.54900,0.63824,1.19681,0.00321
2.57803,Fallen,2.13096,0.87389,1.54881,0.64237,1.42143,0.00290
2.58093,Fallen,2.13078,0.87354,1.54862,0.64633,1.36492,0.00290
2.58390,Fallen,2.13058,0.87318,1.54843,0.65022,1.31089,0.00297
2.58652,Fallen,2.13040,0.87285,1.54825,0.65396,1.42738,0.00262
2.59032,Fallen,2.13015,0.87235,1.54799,0.65845,1.17971,0.00380
2.59302,Fallen,2.12996,0.87200,1.54780,0.66324,1.77114,0.00270
2.59620,Fallen,2.12973,0.87159,1.54758,0.66728,1.27436,0.00317
2.59912,Fallen,2.12952,0.87121,1.54737,0.67172,1.51635,0.00292
2.60179,Fallen,2.12933,0.87086,1.54717,0.67566,1.47531,0.00267
2.60421,Fallen,2.12915,0.87055,1.54700,0.67928,1.50224,0.00241
2.60700,Fallen,2.12894,0.87016,1.54679,0.68277,1.24887,0.00279
2.61091,Fallen,2.12864,0.86960,1.54649,0.68782,1.29153,0.00391
2.61374,Fallen,2.12842,0.86921,1.54626,0.69314,1.88065,0.00282
2.61719,Fallen,2.12814,0.86872,1.54599,0.69782,1.35757,0.00345
2.62010,Fallen,2.12791,0.86831,1.54575,0.70270,1.67138,0.00292
2.62424,Fallen,2.12756,0.86773,1.54541,0.70817,1.32212,0.00414
2.62727,Fallen,2.12731,0.86727,1.54515,0.71403,1.93374,0.00303
2.63112,Fallen,2.12697,0.86668,1.54482,0.71940,1.39541,0.00385
2.63393,Fallen,2.12673,0.86625,1.54457,0.72482,1.92941,0.00281
2.63691,Fallen,2.12646,0.86579,1.54431,0.72934,1.51975,0.00297
2.63976,Fallen,2.12620,0.86536,1.54405,0.73390,1.59582,0.00285
2.64262,Fallen,2.12594,0.86492,1.54379,0.73839,1.57183,0.00286
2.64584,Fallen,2.12564,0.86441,1.54348,0.74318,1.48747,0.00322
2.64892,Fallen,2.12534,0.86389,1.54319,0.74833,1.67399,0.00308
2.65148,Fallen,2.12509,0.86347,1.54294,0.75293,1.79433,0.00256
2.65382,Fallen,2.12486,0.86307,1.54271,0.75677,1.63787,0.00234
2.65634,Fallen,2.12461,0.86266,1.54246,0.76067,1.55105,0.00252
2.65960,Fallen,2.12428,0.86211,1.54213,0.76516,1.37742,0.00326
2.66240,Fallen,2.12399,0.86164,1.54184,0.77034,1.85006,0.00280
2.66628,Fallen,2.12358,0.86097,1.54143,0.77587,1.42294,0.00389
2.66987,Fallen,2.12320,0.86033,1.54104,0.78249,1.84615,0.00359
2.67348,Fallen,2.12280,0.85967,1.54065,0.78895,1.78718,0.00362
2.67660,Fallen,2.12245,0.85911,1.54030,0.79494,1.92374,0.00311
2.68015,Fallen,2.12205,0.85847,1.53989,0.80078,1.64264,0.00356
2.68284,Fallen,2.12174,0.85799,1.53958,0.80645,2.11228,0.00268
2.68580,Fallen,2.12139,0.85743,1.53923,0.81127,1.62539,0.00297
2.68891,Fallen,2.12101,0.85683,1.53886,0.81659,1.71301,0.00311
2.69196,Fallen,2.12064,0.85623,1.53849,0.82228,1.86505,0.00305
2.69494,Fallen,2.12027,0.85565,1.53812,0.82785,1.86619,0.00299
2.69766,Fallen,2.11993,0.85512,1.53778,0.83322,1.98222,0.00271
2.69993,Fallen,2.11964,0.85467,1.53749,0.83778,2.00355,0.00227
2.70242,Fallen,2.11932,0.85419,1.53717,0.84205,1.71435,0.00249
2.70506,Fallen,2.11897,0.85366,1.53682,0.84676,1.78800,0.00264
2.70846,Fallen,2.11852,0.85294,1.53637,0.85246,1.67380,0.00340
2.71106,Fallen,2.11817,0.85239,1.53602,0.85855,2.34318,0.00260
2.71435,Fallen,2.11772,0.85169,1.53556,0.86430,1.74779,0.00329
2.71693,Fallen,2.11735,0.85114,1.53520,0.87034,2.34445,0.00258
2.71955,Fallen,2.11698,0.85058,1.53483,0.87541,1.93291,0.00262
2.72268,Fallen,2.11653,0.84992,1.53438,0.88111,1.81701,0.00313
2.72573,Fallen,2.11608,0.84924,1.53393,0.88748,2.08880,0.00305
2.72923,Fallen,2.11556,0.84844,1.53341,0.89429,1.94842,0.00350
2.73184,Fallen,2.11516,0.84783,1.53301,0.90095,2.54923,0.00261
2.73489,Fallen,2.11469,0.84713,1.53254,0.90666,1.87353,0.00305
2.73794,Fallen,2.11421,0.84642,1.53206,0.91322,2.15514,0.00305
2.74074,Fallen,2.11377,0.84577,1.53161,0.91947,2.22954,0.00280
2.74307,Fallen,2.11339,0.84523,1.53124,0.92501,2.37252,0.00233
2.74542,Fallen,2.11300,0.84467,1.53085,0.92971,1.99903,0.00235
2.74826,Fallen,2.11253,0.84396,1.53038,0.93501,1.86657,0.00284
2.75126,Fallen,2.11203,0.84320,1.52987,0.94153,2.17359,0.00300
2.75421,Fallen,2.11152,0.84246,1.52937,0.94803,2.20357,0.00295
2.75764,Fallen,2.11092,0.84159,1.52877,0.95529,2.11563,0.00343
2.76026,Fallen,2.11046,0.84093,1.52830,0.96237,2.70450,0.00262
2.76310,Fallen,2.10994,0.84022,1.52779,0.96826,2.07209,0.00284
2.76569,Fallen,2.10947,0.83954,1.52732,0.97443,2.38688,0.00259
2.76930,Fallen,2.10880,0.83855,1.52665,0.98130,1.90307,0.00361
2.77259,Fallen,2.10818,0.83765,1.52602,0.98974,2.56320,0.00329
2.77588,Fallen,2.10754,0.83675,1.52539,0.99751,2.36040,0.00329
2.77889,Fallen,2.10695,0.83592,1.52480,1.00513,2.53466,0.00301
2.78195,Fallen,2.10634,0.83508,1.52419,1.01219,2.30799,0.00306
2.78498,Fallen,2.10572,0.83424,1.52357,1.01946,2.39646,0.00303
2.78818,Fallen,2.10506,0.83329,1.52291,1.02692,2.32864,0.00320
2.79166,Fallen,2.10433,0.83225,1.52218,1.03512,2.35613,0.00348
2.79434,Fallen,2.10376,0.83145,1.52161,1.04284,2.88832,0.00267
2.79679,Fallen,2.10323,0.83072,1.52108,1.04914,2.56411,0.00246
2.79918,Fallen,2.10271,0.83001,1.52055,1.05477,2.36558,0.00238
2.80170,Fallen,2.10214,0.82926,1.51999,1.06067,2.33936,0.00252
2.80524,Fallen,2.10134,0.82818,1.51919,1.06795,2.05496,0.00354
2.80820,Fallen,2.10066,0.82722,1.51851,1.07646,2.87601,0.00296
2.81150,Fallen,2.09989,0.82615,1.51774,1.08452,2.44221,0.00330
2.81410,Fallen,2.09927,0.82530,1.51712,1.09221,2.95199,0.00261
2.81672,Fallen,2.09864,0.82445,1.51649,1.09890,2.55860,0.00261
2.81976,Fallen,2.09790,0.82347,1.51575,1.10602,2.34061,0.00304
2.82226,Fallen,2.09728,0.82265,1.51513,1.11344,2.96639,0.00250
2.82553,Fallen,2.09645,0.82156,1.51430,1.12076,2.23955,0.00327
2.82868,Fallen,2.09565,0.82045,1.51349,1.12941,2.74954,0.00315
2.83162,Fallen,2.09488,0.81941,1.51273,1.13775,2.83329,0.00294
2.83490,Fallen,2.09401,0.81825,1.51186,1.14618,2.57120,0.00328
2.83764,Fallen,2.09327,0.81728,1.51112,1.15465,3.08710,0.00274
2.84019,Fallen,2.09258,0.81638,1.51042,1.16181,2.80812,0.00255
2.84277,Fallen,2.09186,0.81547,1.50971,1.16866,2.65414,0.00258
2.84567,Fallen,2.09105,0.81441,1.50890,1.17600,2.53500,0.00290
2.84936,Fallen,2.08999,0.81299,1.50784,1.18533,2.52586,0.00369
2.85295,Fallen,2.08895,0.81160,1.50679,1.19626,3.04357,0.00359
2.85619,Fallen,2.08798,0.81036,1.50583,1.20636,3.12020,0.00324
2.85891,Fallen,2.08716,0.80931,1.50501,1.21502,3.18266,0.00272
2.86213,Fallen,2.08618,0.80807,1.50402,1.22351,2.63858,0.00322
2.86509,Fallen,2.08526,0.80691,1.50310,1.23262,3.07565,0.00296
2.86861,Fallen,2.08414,0.80544,1.50199,1.24206,2.68318,0.00352
2.87119,Fallen,2.08331,0.80435,1.50116,1.25139,3.60973,0.00258
2.87432,Fallen,2.08229,0.80304,1.50013,1.25979,2.68768,0.00313
2.87733,Fallen,2.08129,0.80178,1.49913,1.26905,3.07511,0.00301
2.88004,Fallen,2.08037,0.80064,1.49822,1.27778,3.22511,0.00271
2.88352,Fallen,2.07918,0.79918,1.49703,1.28703,2.65728,0.00348
2.88619,Fallen,2.07825,0.79800,1.49610,1.29668,3.61991,0.00267
2.88899,Fallen,2.07726,0.79672,1.49511,1.30500,2.96627,0.00280
2.89159,Fallen,2.07633,0.79554,1.49418,1.31331,3.19532,0.00260
2.89438,Fallen,2.07532,0.79426,1.49317,1.32155,2.95211,0.00279
2.89766,Fallen,2.07411,0.79276,1.49195,1.33120,2.94048,0.00328
2.90031,Fallen,2.07311,0.79155,1.49096,1.34086,3.64654,0.00265
2.90344,Fallen,2.07192,0.79012,1.48977,1.34994,2.90383,0.00313
2.90607,Fallen,2.07091,0.78886,1.48875,1.35937,3.58108,0.00263
2.90957,Fallen,2.06953,0.78712,1.48738,1.36914,2.79244,0.00350
2.91230,Fallen,2.06845,0.78576,1.48629,1.37983,3.91869,0.00273
2.91575,Fallen,2.06705,0.78405,1.48490,1.38996,2.93805,0.00345
2.91871,Fallen,2.06583,0.78258,1.48368,1.40106,3.74804,0.00296
2.92197,Fallen,2.06446,0.78095,1.48231,1.41155,3.21411,0.00327
2.92525,Fallen,2.06307,0.77929,1.48091,1.42268,3.39830,0.00327
2.92922,Fallen,2.06134,0.77714,1.47919,1.43546,3.22187,0.00397
2.93262,Fallen,2.05984,0.77530,1.47768,1.44881,3.92535,0.00340
2.93519,Fallen,2.05868,0.77391,1.47653,1.45957,4.17663,0.00258
2.93764,Fallen,2.05756,0.77258,1.47541,1.46796,3.43591,0.00244
2.93998,Fallen,2.05649,0.77132,1.47433,1.47601,3.43666,0.00234
2.94258,Fallen,2.05527,0.76991,1.47312,1.48434,3.20066,0.00260
2.94555,Fallen,2.05386,0.76825,1.47171,1.49385,3.19645,0.00297
2.94840,Fallen,2.05250,0.76657,1.47034,1.50427,3.66110,0.00285
2.95124,Fallen,2.05111,0.76490,1.46896,1.51457,3.62971,0.00284
2.95369,Fallen,2.04990,0.76346,1.46775,1.52417,3.91587,0.00245
2.95657,Fallen,2.04846,0.76176,1.46630,1.53355,3.25298,0.00288
2.95943,Fallen,2.04700,0.76007,1.46485,1.54423,3.73552,0.00286
2.96231,Fallen,2.04552,0.75838,1.46337,1.55482,3.68145,0.00287
2.96564,Fallen,2.04377,0.75636,1.46162,1.56641,3.47747,0.00333
2.96946,Fallen,2.04174,0.75391,1.45958,1.58032,3.63919,0.00382
2.97295,Fallen,2.03984,0.75167,1.45768,1.59505,4.22094,0.00349
2.97665,Fallen,2.03779,0.74930,1.45564,1.60938,3.88037,0.00369
2.97974,Fallen,2.03604,0.74732,1.45389,1.62295,4.38476,0.00310
2.98258,Fallen,2.03442,0.74550,1.45227,1.63446,4.05621,0.00284
2.98583,Fallen,2.03253,0.74335,1.45038,1.64614,3.59876,0.00325
2.98930,Fallen,2.03048,0.74093,1.44832,1.65951,3.84970,0.00347
2.99225,Fallen,2.02870,0.73887,1.44655,1.67265,4.44565,0.00295
2.99476,Fallen,2.02717,0.73712,1.44502,1.68354,4.34554,0.00251
2.99742,Fallen,2.02553,0.73527,1.44338,1.69351,3.74909,0.00266
3.00052,Fallen,2.02359,0.73311,1.44144,1.70496,3.69955,0.00310
3.00300,Fallen,2.02202,0.73138,1.43986,1.71643,4.62378,0.00248
3.00620,Fallen,2.01995,0.72904,1.43780,1.72757,3.47207,0.00321
3.00961,Fallen,2.01772,0.72646,1.43557,1.74147,4.08135,0.00341
3.01305,Fallen,2.01543,0.72385,1.43328,1.75629,4.30776,0.00344
3.01589,Fallen,2.01351,0.72170,1.43135,1.76986,4.77656,0.00284
3.01882,Fallen,2.01149,0.71947,1.42934,1.78194,4.12407,0.00293
3.02220,Fallen,2.00914,0.71691,1.42699,1.79530,3.95668,0.00338
3.02529,Fallen,2.00694,0.71452,1.42479,1.80947,4.57898,0.00309
3.02871,Fallen,2.00448,0.71170,1.42233,1.82359,4.13025,0.00342
3.03155,Fallen,2.00240,0.70936,1.42025,1.83750,4.89897,0.00284
3.03398,Fallen,2.00060,0.70736,1.41845,1.84915,4.79280,0.00243
3.03661,Fallen,1.99863,0.70519,1.41648,1.85980,4.05585,0.00263
3.03978,Fallen,1.99621,0.70257,1.41406,1.87239,3.96292,0.00318
3.04299,Fallen,1.99373,0.69993,1.41157,1.88685,4.50537,0.00321
3.04565,Fallen,1.99164,0.69766,1.40949,1.90032,5.06955,0.00266
3.04927,Fallen,1.98875,0.69441,1.40660,1.91427,3.85364,0.00362
3.05192,Fallen,1.98661,0.69204,1.40446,1.92929,5.67100,0.00265
3.05523,Fallen,1.98389,0.68908,1.40174,1.94282,4.09092,0.00331
3.05802,Fallen,1.98156,0.68658,1.39941,1.95727,5.18036,0.00279
3.06126,Fallen,1.97881,0.68367,1.39666,1.97124,4.30586,0.00325
3.06434,Fallen,1.97616,0.68091,1.39401,1.98632,4.89323,0.00308
3.06756,Fallen,1.97336,0.67780,1.39120,2.00119,4.62608,0.00322
3.07109,Fallen,1.97021,0.67436,1.38806,2.01763,4.64901,0.00354
3.07394,Fallen,1.96764,0.67159,1.38549,2.03369,5.63645,0.00285
3.07653,Fallen,1.96528,0.66907,1.38312,2.04665,5.00628,0.00259
3.07926,Fallen,1.96275,0.66642,1.38060,2.05928,4.63408,0.00273
3.08178,Fallen,1.96038,0.66396,1.37823,2.07197,5.02742,0.00252
3.08490,Fallen,1.95742,0.66090,1.37527,2.08527,4.26747,0.00312
3.08785,Fallen,1.95457,0.65778,1.37242,2.10050,5.15690,0.00295
3.09030,Fallen,1.95218,0.65519,1.37002,2.11415,5.56780,0.00245
3.09267,Fallen,1.94984,0.65269,1.36768,2.12603,5.01914,0.00237
3.09571,Fallen,1.94678,0.64948,1.36463,2.13921,4.32892,0.00305
3.09865,Fallen,1.94379,0.64637,1.36164,2.15467,5.25655,0.00294
3.10153,Fallen,1.94083,0.64334,1.35868,2.16976,5.25383,0.00287
3.10474,Fallen,1.93747,0.63992,1.35531,2.18543,4.86941,0.00322
3.10791,Fallen,1.93410,0.63630,1.35195,2.20231,5.33446,0.00316
3.11102,Fallen,1.93074,0.63273,1.34859,2.21914,5.40263,0.00312
3.11379,Fallen,1.92772,0.62957,1.34557,2.23496,5.72776,0.00276
3.11726,Fallen,1.92386,0.62559,1.34171,2.25152,4.76514,0.00347
3.11998,Fallen,1.92080,0.62248,1.33864,2.26881,6.36749,0.00272
3.12246,Fallen,1.91795,0.61963,1.33580,2.28260,5.53953,0.00249
3.12493,Fallen,1.91511,0.61678,1.33296,2.29562,5.28800,0.00246
3.12786,Fallen,1.91168,0.61314,1.32953,2.30966,4.79296,0.00293
3.13143,Fallen,1.90743,0.60871,1.32528,2.32777,5.06442,0.00358
3.13455,Fallen,1.90366,0.60484,1.32151,2.34718,6.21908,0.00312
3.13840,Fallen,1.89893,0.60006,1.31678,2.36720,5.20087,0.00385
3.14095,Fallen,1.89575,0.59690,1.31360,2.38623,7.47511,0.00255
3.14378,Fallen,1.89217,0.59339,1.31002,2.40085,5.15672,0.00284
3.14699,Fallen,1.88807,0.58917,1.30591,2.41771,5.26441,0.00320
3.15040,Fallen,1.88362,0.58458,1.30146,2.43695,5.63173,0.00342
3.15352,Fallen,1.87949,0.58040,1.29734,2.45634,6.22082,0.00312
3.15624,Fallen,1.87585,0.57675,1.29370,2.47345,6.29567,0.00272
3.15931,Fallen,1.87167,0.57262,1.28951,2.49003,5.38933,0.00308
3.16258,Fallen,1.86717,0.56824,1.28501,2.50875,5.73691,0.00326
3.16585,Fallen,1.86259,0.56371,1.28043,2.52828,5.97733,0.00327
3.16947,Fallen,1.85743,0.55846,1.27528,2.54920,5.77594,0.00362
3.17184,Fallen,1.85400,0.55501,1.27185,2.56800,7.91973,0.00237
3.17417,Fallen,1.85060,0.55164,1.26845,2.58157,5.83115,0.00233
3.17665,Fallen,1.84694,0.54804,1.26479,2.59546,5.60169,0.00248
3.17960,Fallen,1.84253,0.54375,1.26038,2.61135,5.38115,0.00295
3.18248,Fallen,1.83817,0.53958,1.25602,2.62925,6.21476,0.00288
3.18537,Fallen,1.83373,0.53528,1.25158,2.64680,6.06512,0.00289
3.18898,Fallen,1.82812,0.52964,1.24596,2.66703,5.61796,0.00360
3.19242,Fallen,1.82266,0.52425,1.24051,2.69003,6.67724,0.00344
3.19589,Fallen,1.81707,0.51882,1.23492,2.71258,6.50318,0.00347
3.19896,Fallen,1.81205,0.51401,1.22990,2.73393,6.94936,0.00307
3.20220,Fallen,1.80667,0.50893,1.22452,2.75407,6.20701,0.00324
3.20510,Fallen,1.80180,0.50432,1.21964,2.77385,6.82954,0.00290
3.20889,Fallen,1.79532,0.49793,1.21317,2.79538,5.68048,0.00379
3.21155,Fallen,1.79072,0.49345,1.20857,2.81738,8.28618,0.00266
3.21468,Fallen,1.78521,0.48815,1.20306,2.83578,5.86811,0.00314
3.21730,Fallen,1.78055,0.48373,1.19840,2.85493,7.31250,0.00262
3.21966,Fallen,1.77630,0.47975,1.19415,2.87094,6.78162,0.00236
3.22183,Fallen,1.77236,0.47608,1.19020,2.88534,6.62730,0.00217
3.22433,Fallen,1.76777,0.47187,1.18562,2.89977,5.77755,0.00250
3.22701,Fallen,1.76279,0.46703,1.18064,2.91651,6.23984,0.00268
3.23064,Fallen,1.75597,0.46045,1.17382,2.93764,5.83244,0.00362
3.23331,Fallen,1.75086,0.45559,1.16871,2.96021,8.43335,0.00268
3.23641,Fallen,1.74486,0.44995,1.16270,2.97963,6.26039,0.00310
3.23931,Fallen,1.73917,0.44469,1.15702,3.00054,7.21600,0.00290
3.24277,Fallen,1.73229,0.43841,1.15013,3.02254,6.35772,0.00346
3.24563,Fallen,1.72652,0.43308,1.14437,3.04514,7.91215,0.00286
3.24954,Fallen,1.71851,0.42545,1.13635,3.06895,6.08433,0.00391
3.25242,Fallen,1.71252,0.41984,1.13037,3.09435,8.82666,0.00288
3.25565,Fallen,1.70570,0.41353,1.12355,3.11577,6.62786,0.00323
3.25872,Fallen,1.69915,0.40756,1.11700,3.13858,7.43799,0.00307
3.26178,Fallen,1.69253,0.40160,1.11037,3.16046,7.15738,0.00306
3.26471,Fallen,1.68609,0.39586,1.10393,3.18191,7.31284,0.00293
3.26819,Fallen,1.67833,0.38857,1.09618,3.20496,6.61311,0.00348
3.27153,Fallen,1.67081,0.38160,1.08865,3.23053,7.67785,0.00333
3.27435,Fallen,1.66435,0.37571,1.08219,3.25362,8.18267,0.00282
3.27678,Fallen,1.65871,0.37062,1.07656,3.27279,7.87310,0.00243
3.27910,Fallen,1.65328,0.36576,1.07112,3.28961,7.24215,0.00232
3.28138,Fallen,1.64790,0.36100,1.06575,3.30586,7.13225,0.00228
3.28470,Fallen,1.63998,0.35404,1.05782,3.32557,5.94250,0.00332
3.28921,Fallen,1.62903,0.34406,1.04688,3.35656,6.87793,0.00450
3.29280,Fallen,1.62013,0.33609,1.03798,3.38991,9.26963,0.00360
3.29558,Fallen,1.61316,0.32994,1.03101,3.41498,9.01878,0.00278
3.29840,Fallen,1.60601,0.32369,1.02385,3.43580,7.38483,0.00282
3.30131,Fallen,1.59853,0.31724,1.01638,3.45727,7.37114,0.00291
3.30494,Fallen,1.58911,0.30917,1.00696,3.48217,6.87684,0.00362
3.30829,Fallen,1.58025,0.30132,0.99810,3.51001,8.29034,0.00336
3.31158,Fallen,1.57146,0.29363,0.98930,3.53635,8.01099,0.00329
3.31498,Fallen,1.56224,0.28569,0.98009,3.56293,7.82092,0.00340
3.31768,Fallen,1.55484,0.27939,0.97269,3.58745,9.09699,0.00270
3.32023,Fallen,1.54775,0.27341,0.96560,3.60753,7.86110,0.00255
3.32295,Fallen,1.54014,0.26707,0.95799,3.62755,7.37080,0.00272
3.32613,Fallen,1.53113,0.25943,0.94898,3.65021,7.12520,0.00318
3.32940,Fallen,1.52173,0.25138,0.93958,3.67632,7.97306,0.00327
3.33314,Fallen,1.51085,0.24217,0.92870,3.70523,7.73273,0.00374
3.33602,Fallen,1.50236,0.23509,0.92021,3.73328,9.74450,0.00288
3.33923,Fallen,1.49278,0.22718,0.91063,3.75761,7.57462,0.00321
3.34181,Fallen,1.48499,0.22083,0.90284,3.78157,9.28239,0.00258
3.34452,Fallen,1.47675,0.21416,0.89459,3.80208,7.57394,0.00271
3.34778,Fallen,1.46672,0.20577,0.88457,3.82584,7.29901,0.00326
3.35108,Fallen,1.45643,0.19725,0.87428,3.85324,8.30340,0.00330
3.35412,Fallen,1.44683,0.18939,0.86467,3.88011,8.82523,0.00304
3.35688,Fallen,1.43804,0.18228,0.85589,3.90419,8.73653,0.00276
3.36009,Fallen,1.42767,0.17398,0.84552,3.92863,7.60132,0.00322
3.36353,Fallen,1.41646,0.16511,0.83431,3.95668,8.16277,0.00344
3.36637,Fallen,1.40709,0.16619,0.82493,3.98291,9.22812,0.00284
3.36922,Fallen,1.39762,0.17208,0.81546,4.00396,7.39355,0.00285
3.37152,Fallen,1.38990,0.17684,0.80775,4.02177,7.73098,0.00230
3.37466,Fallen,1.37933,0.18333,0.79718,4.03728,4.94377,0.00314
3.37771,Fallen,1.36899,0.18963,0.78684,4.05480,5.74632,0.00305
3.38119,Fallen,1.35712,0.19684,0.77497,4.07060,4.53594,0.00348
3.38387,Fallen,1.34796,0.20237,0.76581,4.08467,5.25780,0.00268
3.38690,Fallen,1.33756,0.20283,0.75541,4.08756,0.95364,0.00304
3.39020,Fallen,1.32628,0.20146,0.74412,4.07387,4.14639,0.00330
3.39307,Fallen,1.31655,0.20027,0.73440,4.04492,10.08708,0.00287
3.39621,Fallen,1.30605,0.19898,0.72390,4.00038,14.21653,0.00313
3.39937,Fallen,1.29562,0.19766,0.71346,3.93983,19.11848,0.00317
3.40256,Fallen,1.28535,0.19635,0.70320,3.86575,23.28903,0.00318
3.40543,Fallen,1.27627,0.19675,0.69411,3.78853,26.84259,0.00288
3.40851,Fallen,1.26674,0.20111,0.68458,3.72009,22.21709,0.00308
3.41161,Fallen,1.25730,0.20551,0.67515,3.66611,17.40944,0.00310
3.41467,Fallen,1.24812,0.20983,0.66597,3.62757,12.60971,0.00306
3.41798,Fallen,1.23826,0.21452,0.65610,3.60257,7.55295,0.00331
3.42099,Fallen,1.22934,0.21878,0.64718,3.59013,4.13368,0.00301
3.42464,Fallen,1.21852,0.22384,0.63637,3.58935,0.21570,0.00365
3.42900,Fallen,1.20562,0.22405,0.62347,3.58554,0.87184,0.00436
3.43228,Fallen,1.19598,0.22420,0.61383,3.56876,5.12117,0.00328
3.43556,Fallen,1.18640,0.22435,0.60424,3.54204,8.13520,0.00328
3.43891,Fallen,1.17675,0.22450,0.59460,3.50576,10.85226,0.00334
3.44278,Fallen,1.16574,0.22468,0.58359,3.45652,12.70990,0.00387
3.44664,Fallen,1.15496,0.22687,0.57281,3.39793,15.16906,0.00386
3.45076,Fallen,1.14370,0.23103,0.56154,3.33704,14.78767,0.00412
3.45403,Fallen,1.13489,0.23435,0.55274,3.28304,16.49533,0.00327
3.45784,Fallen,1.12484,0.23819,0.54268,3.23203,13.40675,0.00380
3.46102,Fallen,1.11655,0.24141,0.53440,3.18398,15.08315,0.00319
3.46374,Fallen,1.10959,0.24416,0.52744,3.14434,14.61672,0.00271
3.46652,Fallen,1.10254,0.24212,0.52039,3.10450,14.29766,0.00279
3.47009,Fallen,1.09372,0.23692,0.51157,3.04895,15.59094,0.00356
3.47357,Fallen,1.08533,0.23183,0.50317,2.97757,20.46423,0.00349
3.47908,Fallen,1.07271,0.22379,0.49056,2.86738,20.02050,0.00550
3.48233,Fallen,1.06563,0.21904,0.48348,2.75342,34.99654,0.00326
3.48602,Fallen,1.05800,0.21638,0.47584,2.65709,26.15141,0.00368
3.48973,Fallen,1.05068,0.21790,0.46853,2.55923,26.33618,0.00372
3.49315,Fallen,1.04425,0.21930,0.46210,2.47347,25.08208,0.00342
3.49624,Fallen,1.03869,0.22056,0.45654,2.40179,23.25067,0.00308
3.49957,Fallen,1.03289,0.22192,0.45073,2.33657,19.53649,0.00334
3.50300,Fallen,1.02716,0.22332,0.44501,2.27377,18.35827,0.00342
3.50642,Fallen,1.02165,0.22302,0.43949,2.21390,17.49927,0.00342
3.51009,Fallen,1.01596,0.22118,0.43381,2.15200,16.85891,0.00367
3.51268,Fallen,1.01209,0.21987,0.42993,2.09742,21.02191,0.00260
3.51528,Fallen,1.00833,0.21856,0.42618,2.05126,17.76047,0.00260
3.51813,Fallen,1.00437,0.21713,0.42222,2.00255,17.10389,0.00285
3.52138,Fallen,1.00004,0.21550,0.41788,1.94791,16.81174,0.00325
3.52421,Fallen,0.99643,0.21407,0.41428,1.89414,19.02651,0.00283
3.52764,Fallen,0.99227,0.21883,0.41011,1.83965,15.88635,0.00343
3.53170,Fallen,0.98762,0.22534,0.40546,1.77787,15.21212,0.00406
3.53539,Fallen,0.98365,0.23127,0.40149,1.71788,16.23286,0.00370
3.53921,Fallen,0.97980,0.23739,0.39764,1.66319,14.33195,0.00382
3.54257,Fallen,0.97661,0.24278,0.39446,1.61420,14.56788,0.00336
3.54612,Fallen,0.97345,0.24828,0.39129,1.56972,12.53940,0.00355
3.54993,Fallen,0.97027,0.25391,0.38812,1.52539,11.64524,0.00381
3.55302,Fallen,0.96786,0.25848,0.38571,1.48674,12.51158,0.00309
3.55576,Fallen,0.96583,0.26254,0.38368,1.45572,11.30540,0.00274
3.55883,Fallen,0.96370,0.26707,0.38154,1.42633,9.58758,0.00307
3.56258,Fallen,0.96125,0.27262,0.37910,1.39399,8.61441,0.00375
3.56569,Fallen,0.95936,0.27702,0.37721,1.36398,9.63501,0.00312
3.57037,Fallen,0.95675,0.28307,0.37460,1.33216,6.80300,0.00468
3.57382,Fallen,0.95499,0.28754,0.37284,1.30227,8.65591,0.00345
3.57734,Fallen,0.95334,0.29209,0.37119,1.27828,6.82413,0.00352
3.58056,Fallen,0.95194,0.29626,0.36979,1.25680,6.66381,0.00322
3.58370,Fallen,0.95068,0.30032,0.36853,1.23785,6.04027,0.00314
3.58658,Fallen,0.94961,0.30367,0.36745,1.22111,5.80676,0.00288
3.59044,Fallen,0.94829,0.30794,0.36614,1.20352,4.55837,0.00386
3.59328,Fallen,0.94741,0.31108,0.36525,1.18784,5.51560,0.00284
3.59694,Fallen,0.94637,0.31512,0.36422,1.17327,3.99207,0.00365
3.59995,Fallen,0.94559,0.31846,0.36344,1.15976,4.47806,0.00302
3.60268,Fallen,0.94495,0.32148,0.36280,1.14875,4.03669,0.00273
3.60516,Fallen,0.94442,0.32410,0.36227,1.13928,3.81452,0.00248
3.60860,Fallen,0.94375,0.32720,0.36160,1.12896,3.00383,0.00344
3.61219,Fallen,0.94313,0.33045,0.36098,1.11809,3.02194,0.00360
3.61571,Fallen,0.94261,0.33362,0.36046,1.10800,2.86886,0.00352
3.61905,Fallen,0.94218,0.33663,0.36003,1.09896,2.70414,0.00334
3.62194,Fallen,0.94186,0.33924,0.35970,1.09129,2.65388,0.00289
3.62507,Fallen,0.94156,0.34196,0.35941,1.08412,2.29189,0.00313
3.62872,Fallen,0.94127,0.34447,0.35912,1.07673,2.02625,0.00364
3.63222,Fallen,0.94106,0.34689,0.35891,1.06970,2.00975,0.00350
3.63517,Fallen,0.94092,0.34892,0.35877,1.06374,2.02097,0.00295
3.63892,Fallen,0.94079,0.35151,0.35864,1.05770,1.61096,0.00375
3.64178,Fallen,0.94073,0.35349,0.35858,1.05247,1.82757,0.00286
3.64508,Fallen,0.94070,0.35565,0.35855,1.04747,1.51510,0.00330
3.64852,Fallen,0.94071,0.35728,0.35855,1.04251,1.43977,0.00344
3.65142,Fallen,0.94074,0.35866,0.35859,1.03821,1.48335,0.00290
3.65745,Fallen,0.94089,0.36153,0.35873,1.03292,0.87706,0.00603
3.66299,Fallen,0.94110,0.36415,0.35895,1.02737,1.00173,0.00554
3.66659,Fallen,0.94128,0.36542,0.35912,1.02284,1.26227,0.00359
3.66964,Fallen,0.94144,0.36622,0.35929,1.01911,1.22160,0.00305
3.67445,Fallen,0.83980,0.36747,0.35959,104.89790,21604.51000,0.00481
3.67868,Fallen,0.83980,0.36856,0.35988,1.33674,24497.01000,0.00423
3.68155,Fallen,0.83980,0.36931,0.36009,1.35513,6.40520,0.00287
3.68427,Fallen,0.83980,0.37001,0.36030,1.36726,4.45854,0.00272
3.68723,Fallen,0.83980,0.37022,0.36053,1.37748,3.44766,0.00296
3.69043,Fallen,0.83980,0.37037,0.36080,1.38686,2.93030,0.00320
3.69374,Fallen,0.83980,0.37053,0.36108,1.39437,2.26800,0.00331
3.69698,Fallen,0.83980,0.37069,0.36135,1.40012,1.77611,0.00324
3.69972,Fallen,0.83980,0.37082,0.36159,1.40377,1.33121,0.00274
3.70273,Fallen,0.83980,0.37096,0.36186,1.40539,0.53724,0.00301
3.70583,Fallen,0.83980,0.37085,0.36213,1.40630,0.29567,0.00310
3.70999,Fallen,0.83980,0.37019,0.36250,1.40451,0.43107,0.00415
3.71366,Fallen,0.83980,0.36960,0.36283,1.40089,0.98565,0.00368
3.71667,Fallen,0.83980,0.36912,0.36310,1.39581,1.68778,0.00301
3.71946,Fallen,0.83980,0.36868,0.36334,1.39003,2.07055,0.00279
3.72262,Fallen,0.83980,0.36818,0.36361,1.38281,2.28620,0.00316
3.72555,Fallen,0.83980,0.36751,0.36386,1.37430,2.90531,0.00293
3.72890,Fallen,0.83980,0.36632,0.36414,1.36429,2.98972,0.00335
3.73173,Fallen,0.83980,0.36531,0.36437,1.35332,3.87649,0.00283
3.73490,Fallen,0.83980,0.36418,0.36462,1.34108,3.85833,0.00317
3.73764,Fallen,0.83980,0.36320,0.36484,1.32849,4.60317,0.00273
3.74019,Fallen,0.83980,0.36229,0.36503,1.31622,4.81506,0.00255
3.74306,Fallen,0.83980,0.36126,0.36523,1.30308,4.57067,0.00288
3.74785,Fallen,0.83980,0.35892,0.36556,1.28263,4.26642,0.00479
3.75089,Fallen,0.83980,0.35725,0.36576,1.26164,6.91286,0.00304
3.75376,Fallen,0.83980,0.35568,0.36593,1.24445,5.99883,0.00287
3.75794,Fallen,0.83980,0.35338,0.36617,1.22225,5.30129,0.00419
3.76101,Fallen,0.83980,0.35170,0.36633,1.19938,7.46730,0.00306
3.76415,Fallen,0.83980,0.34997,0.36648,1.17893,6.49791,0.00315
3.76670,Fallen,0.83980,0.34818,0.36659,1.15978,7.51455,0.00255
3.77022,Fallen,0.83980,0.34562,0.36673,1.13817,6.13596,0.00352
3.77275,Fallen,0.83980,0.34378,0.36682,1.11658,8.56289,0.00252
3.77602,Fallen,0.83980,0.34139,0.36692,1.09461,6.71525,0.00327
3.77920,Fallen,0.83980,0.33907,0.36701,1.07021,7.67612,0.00318
3.78206,Fallen,0.83980,0.33699,0.36707,1.04708,8.08184,0.00286
3.78496,Fallen,0.83980,0.33480,0.36712,1.02442,7.81493,0.00290
3.78874,Fallen,0.83980,0.33141,0.36717,0.99748,7.12279,0.00378
3.79181,Fallen,0.83980,0.32865,0.36718,0.96979,9.02578,0.00307
3.79598,Fallen,0.83980,0.32490,0.36718,0.93923,7.32918,0.00417
3.80010,Fallen,0.83977,0.32120,0.36716,0.93813,0.26706,0.00412
3.80301,Fallen,0.83973,0.31859,0.36712,0.93747,0.22777,0.00291
3.80587,Fallen,0.83968,0.31580,0.36707,0.93652,0.32913,0.00287
3.80880,Fallen,0.83961,0.31272,0.36700,0.93526,0.43154,0.00293
3.81196,Fallen,0.83952,0.30939,0.36691,0.93399,0.40350,0.00316
3.81463,Fallen,0.83944,0.30657,0.36682,0.93273,0.47171,0.00267
3.81803,Fallen,0.83930,0.30298,0.36669,0.93109,0.48254,0.00340
3.82125,Fallen,0.83916,0.29958,0.36654,0.92933,0.54398,0.00322
3.82402,Fallen,0.83903,0.29666,0.36640,0.92746,0.67839,0.00276
3.82694,Fallen,0.83887,0.29324,0.36624,0.92536,0.71800,0.00292
3.83019,Fallen,0.83867,0.28935,0.36604,0.92281,0.78559,0.00325
3.83331,Fallen,0.83847,0.28562,0.36583,0.92001,0.89672,0.00312
3.83698,Fallen,0.83821,0.28122,0.36556,0.91671,0.89872,0.00368
3.84304,Fallen,0.83774,0.27397,0.36507,0.91171,0.82617,0.00606
3.84658,Fallen,0.83743,0.26948,0.36474,0.90641,1.49724,0.00354
3.84984,Fallen,0.83714,0.26515,0.36443,0.90132,1.55983,0.00326
3.85410,Fallen,0.83672,0.25952,0.36399,0.89521,1.43468,0.00425
3.85726,Fallen,0.83640,0.25533,0.36364,0.88892,1.98962,0.00316
3.86093,Fallen,0.83601,0.25047,0.36321,0.88220,1.82695,0.00368
3.86446,Fallen,0.83561,0.24579,0.36278,0.87483,2.09103,0.00353
3.86778,Fallen,0.83522,0.24104,0.36235,0.86722,2.29406,0.00332
3.87092,Fallen,0.83485,0.23653,0.36193,0.85961,2.42497,0.00314
3.87408,Fallen,0.83445,0.23198,0.36149,0.85161,2.53015,0.00316
3.87698,Fallen,0.83408,0.22781,0.36107,0.84359,2.76247,0.00290
3.87989,Fallen,0.83370,0.22363,0.36063,0.83546,2.79103,0.00291
3.88279,Fallen,0.83330,0.21946,0.36019,0.82698,2.92311,0.00290
3.88563,Fallen,0.83291,0.21698,0.35974,0.81835,3.04782,0.00283
3.88931,Fallen,0.83239,0.21718,0.35913,0.80850,2.67658,0.00368
3.89210,Fallen,0.83198,0.21733,0.35865,0.79919,3.33258,0.00279
3.89493,Fallen,0.83155,0.21748,0.35815,0.79096,2.90366,0.00283
3.89754,Fallen,0.83115,0.21762,0.35767,0.78323,2.97112,0.00260
3.90031,Fallen,0.83070,0.21777,0.35714,0.77541,2.81351,0.00278
3.90357,Fallen,0.83017,0.21795,0.35650,0.76675,2.66087,0.00326
3.90603,Fallen,0.82975,0.21859,0.35600,0.75872,3.27158,0.00246
3.90948,Fallen,0.82913,0.21997,0.35526,0.74977,2.58835,0.00346
3.91246,Fallen,0.82858,0.22117,0.35459,0.74032,3.16865,0.00298
3.91581,Fallen,0.82793,0.22251,0.35380,0.73051,2.92736,0.00335
3.91866,Fallen,0.82735,0.22365,0.35310,0.72087,3.38660,0.00285
3.92149,Fallen,0.82675,0.22479,0.35236,0.71162,3.26741,0.00283
3.92467,Fallen,0.82604,0.22600,0.35150,0.70146,3.19507,0.00318
3.92838,Fallen,0.82519,0.22543,0.35045,0.68899,3.36447,0.00371
3.93130,Fallen,0.82450,0.22499,0.34960,0.67561,4.57611,0.00292
3.93395,Fallen,0.82386,0.22458,0.34881,0.66314,4.70962,0.00265
3.93688,Fallen,0.82316,0.22413,0.34793,0.64949,4.66135,0.00293
3.93972,Fallen,0.82248,0.22370,0.34707,0.63438,5.31101,0.00284
3.94225,Fallen,0.82189,0.22331,0.34630,0.61943,5.90941,0.00253
3.94468,Fallen,0.82132,0.22297,0.34557,0.60509,5.91770,0.00242
3.94765,Fallen,0.82065,0.22325,0.34467,0.58862,5.53928,0.00297
3.95117,Fallen,0.81987,0.22358,0.34362,0.56808,5.84285,0.00352
3.95428,Fallen,0.81919,0.22386,0.34269,0.54681,6.83099,0.00311
3.95810,Fallen,0.81839,0.22422,0.34157,0.52380,6.01810,0.00382
3.96101,Fallen,0.81781,0.22449,0.34072,0.50125,7.76226,0.00291
3.96486,Fallen,0.81705,0.22474,0.33960,0.47818,5.98894,0.00385
3.96913,Fallen,0.81627,0.22366,0.33839,0.44933,6.74883,0.00427
3.97286,Fallen,0.81563,0.22271,0.33737,0.42014,7.83114,0.00373
3.97621,Fallen,0.81510,0.22186,0.33648,0.39340,7.99328,0.00335
3.97992,Fallen,0.81458,0.22091,0.33555,0.36649,7.25913,0.00371
3.98298,Fallen,0.81420,0.22013,0.33481,0.34075,8.39094,0.00307
3.98635,Fallen,0.81384,0.21942,0.33404,0.31661,7.17543,0.00336
3.98946,Fallen,0.81355,0.21888,0.33338,0.29287,7.62442,0.00311
3.99282,Fallen,0.81331,0.21829,0.33271,0.27013,6.77087,0.00336
3.99548,Fallen,0.81316,0.21783,0.33221,0.25023,7.47714,0.00266
3.99806,Fallen,0.81305,0.21737,0.33176,0.23397,6.30218,0.00258
4.00051,Fallen,0.81298,0.21695,0.33137,0.21956,5.89559,0.00244
4.00341,Fallen,0.81294,0.21644,0.33093,0.20596,4.68550,0.00290
4.00691,Fallen,0.81295,0.21570,0.33046,0.19195,4.00454,0.00350
4.01009,Fallen,0.81303,0.21497,0.33008,0.18066,3.55017,0.00318
4.01358,Fallen,0.81317,0.21417,0.32973,0.17312,2.15501,0.00350
4.01659,Fallen,0.81336,0.21348,0.32948,0.16988,1.07883,0.00300
4.01998,Fallen,0.81363,0.21271,0.32925,0.17051,0.18604,0.00340
4.02281,Fallen,0.81391,0.21206,0.32911,0.17471,1.48392,0.00283
4.02639,Fallen,0.81433,0.21044,0.32900,0.18279,2.25919,0.00358
4.03002,Fallen,0.81485,0.20801,0.32898,0.19733,4.00472,0.00363
4.03290,Fallen,0.81534,0.20608,0.32903,0.21527,6.21666,0.00288
4.03553,Fallen,0.81585,0.20433,0.32915,0.23371,7.02407,0.00263
4.03836,Fallen,0.81647,0.20244,0.32934,0.25480,7.44943,0.00283
4.04138,Fallen,0.81723,0.20042,0.32965,0.28014,8.39058,0.00302
4.04394,Fallen,0.81794,0.19871,0.32998,0.30628,10.20362,0.00256
4.04702,Fallen,0.81889,0.19790,0.33047,0.33312,8.73422,0.00307
4.05032,Fallen,0.82001,0.19736,0.33110,0.36192,8.72344,0.00330
4.05337,Fallen,0.82113,0.19687,0.33178,0.38848,8.69479,0.00305
4.05637,Fallen,0.82230,0.19638,0.33252,0.41156,7.69435,0.00300
4.05905,Fallen,0.82340,0.19594,0.33325,0.43137,7.39502,0.00268
4.06235,Fallen,0.82482,0.19541,0.33421,0.45015,5.69583,0.00330
4.06512,Fallen,0.82606,0.19494,0.33508,0.46774,6.34128,0.00277
4.06865,Fallen,0.82769,0.19425,0.33625,0.48431,4.70057,0.00353
4.07146,Fallen,0.82903,0.19370,0.33724,0.50008,5.60875,0.00281
4.07455,Fallen,0.83054,0.19309,0.33838,0.51353,4.35697,0.00309
4.07769,Fallen,0.83212,0.19247,0.33959,0.52717,4.33377,0.00315
4.08067,Fallen,0.83364,0.19189,0.34078,0.53994,4.28700,0.00298
4.08388,Fallen,0.83530,0.19126,0.34211,0.55242,3.89329,0.00321
4.08779,Fallen,0.83737,0.19036,0.34379,0.56674,3.65705,0.00391
4.09143,Fallen,0.83932,0.18949,0.34541,0.58221,4.25236,0.00364
4.09410,Fallen,0.83980,0.18886,0.34663,1.94976,513.15210,0.00267
4.09726,Fallen,0.83980,0.18811,0.34812,2.84813,283.70800,0.00317
4.10026,Fallen,0.83980,0.18740,0.34956,2.89265,14.86930,0.00299
4.10364,Fallen,0.83980,0.18659,0.35122,2.93587,12.76418,0.00339
4.10624,Fallen,0.83980,0.18622,0.35253,2.97383,14.64031,0.00259
4.11048,Fallen,0.83980,0.18584,0.35470,3.00680,7.76787,0.00424
4.11349,Fallen,0.83980,0.18556,0.35626,3.03600,9.71193,0.00301
4.11638,Fallen,0.83980,0.18530,0.35778,3.05194,5.50495,0.00289
4.11928,Fallen,0.83980,0.18503,0.35932,3.06254,3.65480,0.00290
4.12234,Fallen,0.83980,0.18476,0.36094,3.06878,2.04388,0.00305
4.12524,Fallen,0.83980,0.18455,0.36250,3.07036,0.54657,0.00290
4.13014,Fallen,0.83980,0.18453,0.36513,3.06164,1.77987,0.00490
4.13298,Fallen,0.83980,0.18452,0.36665,3.04761,4.94013,0.00284
4.13593,Fallen,0.83980,0.18451,0.36822,3.02926,6.22932,0.00295
4.13899,Fallen,0.83980,0.18450,0.36984,3.00549,7.75946,0.00306
4.14152,Fallen,0.83980,0.18449,0.37118,2.98042,9.90687,0.00253
4.14493,Fallen,0.83980,0.18450,0.37296,2.94817,9.44908,0.00341
4.14825,Fallen,0.83980,0.18472,0.37467,2.90775,12.18307,0.00332
4.15142,Fallen,0.83980,0.18492,0.37628,2.86277,14.17542,0.00317
4.15405,Fallen,0.83980,0.18509,0.37759,2.81885,16.72170,0.00263
4.15807,Fallen,0.83980,0.18536,0.37956,2.76157,14.24152,0.00402
4.16130,Fallen,0.83980,0.18557,0.38109,2.69687,20.06391,0.00322
4.16441,Fallen,0.83980,0.18577,0.38254,2.63654,19.39648,0.00311
4.16766,Fallen,0.83980,0.18617,0.38402,2.57185,19.90406,0.00325
4.17109,Fallen,0.83980,0.18659,0.38552,2.49959,21.05511,0.00343
4.17402,Fallen,0.83980,0.18696,0.38677,2.42784,24.46789,0.00293
4.17691,Fallen,0.83980,0.18731,0.38796,2.35935,23.73280,0.00289
4.17947,Fallen,0.83980,0.18763,0.38898,2.29354,25.67497,0.00256
4.18223,Fallen,0.83980,0.18798,0.39005,2.22731,23.97640,0.00276
4.18504,Fallen,0.83980,0.18833,0.39109,2.15669,25.11816,0.00281
4.18846,Fallen,0.83980,0.18877,0.39231,2.07564,23.73291,0.00341
4.19079,Fallen,0.83980,0.18907,0.39310,2.00096,32.01335,0.00233
4.19430,Fallen,0.83980,0.18952,0.39424,1.92242,22.37949,0.00351
4.19714,Fallen,0.83980,0.18988,0.39511,1.83751,29.95044,0.00284
4.20022,Fallen,0.83980,0.19028,0.39601,1.75780,25.86235,0.00308
4.20277,Fallen,0.83980,0.19060,0.39671,1.68202,29.75331,0.00255
4.20557,Fallen,0.83980,0.19096,0.39745,1.60972,25.76685,0.00281
4.20898,Fallen,0.83980,0.19138,0.39828,1.52545,24.70183,0.00341
4.21203,Fallen,0.83980,0.19175,0.39897,1.43906,28.39103,0.00304
4.21507,Fallen,0.83980,0.19213,0.39960,1.35820,26.59769,0.00304
4.21794,Fallen,0.83980,0.19248,0.40016,1.28046,27.07830,0.00287
4.22038,Fallen,0.83980,0.19278,0.40060,1.21170,28.18406,0.00244
4.22269,Fallen,0.83980,0.19307,0.40099,1.15040,26.45008,0.00232
4.22765,Fallen,0.83980,0.19362,0.40172,1.05672,18.91978,0.00495
4.23128,Fallen,0.83980,0.19400,0.40217,0.95057,29.24696,0.00363
4.23419,Fallen,0.83980,0.19431,0.40249,0.87246,26.77985,0.00292
4.23743,Fallen,0.83980,0.19464,0.40280,0.80089,22.08509,0.00324
4.24032,Fallen,0.83980,0.19495,0.40303,0.73164,24.01970,0.00288
4.24351,Fallen,0.83980,0.19528,0.40324,0.66477,20.90460,0.00320
4.24668,Fallen,0.83980,0.19561,0.40341,0.59744,21.29547,0.00316
4.25012,Fallen,0.83980,0.19596,0.40354,0.53019,19.51796,0.00345
4.25299,Fallen,0.83980,0.19625,0.40361,0.46925,21.22093,0.00287
4.25643,Fallen,0.83980,0.19661,0.40366,0.41125,16.85407,0.00344
4.25924,Fallen,0.83980,0.19689,0.40366,0.35708,19.31686,0.00280
4.26230,Fallen,0.83977,0.19721,0.40364,0.34838,2.84788,0.00306
4.26550,Fallen,0.83971,0.19753,0.40357,0.34669,0.52759,0.00320
4.26846,Fallen,0.83962,0.19782,0.40349,0.34513,0.52617,0.00296
4.27070,Fallen,0.83954,0.19803,0.40340,0.34387,0.56336,0.00224
4.27309,Fallen,0.83943,0.19827,0.40330,0.34259,0.53414,0.00239
4.27603,Fallen,0.83928,0.19855,0.40314,0.34091,0.57288,0.00293
4.27909,Fallen,0.83910,0.19885,0.40296,0.33894,0.64095,0.00307
4.28165,Fallen,0.83893,0.19910,0.40278,0.33687,0.81007,0.00256
4.28522,Fallen,0.83866,0.19897,0.40252,0.33393,0.82518,0.00357
4.28864,Fallen,0.83840,0.19684,0.40225,0.32819,1.67677,0.00342
4.29191,Fallen,0.83816,0.19482,0.40200,0.31884,2.85955,0.00327
4.29462,Fallen,0.83799,0.19314,0.40182,0.30782,4.06993,0.00271
4.29797,Fallen,0.83780,0.19106,0.40162,0.29392,4.14593,0.00335
4.30125,Fallen,0.83769,0.18902,0.40149,0.27708,5.13006,0.00328
4.30459,Fallen,0.83763,0.18698,0.40142,0.25934,5.31976,0.00334
4.30781,Fallen,0.83765,0.18773,0.40142,0.24409,4.73513,0.00322
4.31037,Fallen,0.83770,0.18834,0.40145,0.23427,3.83355,0.00256
4.31339,Fallen,0.83778,0.18905,0.40151,0.22729,2.30950,0.00302
4.31634,Fallen,0.83788,0.18974,0.40159,0.22196,1.80848,0.00294
4.31866,Fallen,0.83797,0.19028,0.40166,0.21863,1.43857,0.00232
4.32101,Fallen,0.83805,0.19084,0.40173,0.21638,0.95542,0.00235
4.32341,Fallen,0.83814,0.19140,0.40180,0.21493,0.60374,0.00240
4.32658,Fallen,0.83825,0.19181,0.40188,0.21403,0.28511,0.00317
4.32968,Fallen,0.83834,0.19202,0.40195,0.21347,0.18050,0.00310
4.33256,Fallen,0.83842,0.19221,0.40200,0.21305,0.14652,0.00288
4.33549,Fallen,0.83848,0.19241,0.40203,0.21282,0.07584,0.00293
4.33850,Fallen,0.83852,0.19261,0.40205,0.21268,0.04671,0.00301
4.34180,Fallen,0.83856,0.19284,0.40206,0.21282,0.04133,0.00330
4.34496,Fallen,0.83857,0.19307,0.40205,0.21316,0.10749,0.00316
4.34893,Fallen,0.83856,0.19354,0.40201,0.21339,0.05803,0.00397
4.35200,Fallen,0.83854,0.19391,0.40196,0.21391,0.17160,0.00306
4.35553,Fallen,0.83848,0.19433,0.40188,0.21420,0.07931,0.00354
4.35934,Fallen,0.83840,0.19478,0.40176,0.21449,0.07734,0.00380
4.36267,Fallen,0.83831,0.19518,0.40164,0.21479,0.08975,0.00333
4.36553,Fallen,0.83821,0.19548,0.40152,0.21486,0.02592,0.00286
4.36857,Fallen,0.83810,0.19572,0.40138,0.21451,0.11639,0.00304
4.37119,Fallen,0.83799,0.19592,0.40125,0.21401,0.18836,0.00263
4.37447,Fallen,0.83784,0.19618,0.40107,0.21298,0.31562,0.00328
4.37738,Fallen,0.83769,0.19640,0.40090,0.21158,0.47970,0.00292
4.38033,Fallen,0.83754,0.19663,0.40071,0.20983,0.59381,0.00295
4.38314,Fallen,0.83738,0.19685,0.40053,0.20782,0.71535,0.00280
4.38583,Fallen,0.83723,0.19701,0.40035,0.20555,0.84308,0.00270
4.38925,Fallen,0.83703,0.19715,0.40011,0.20264,0.85155,0.00342
4.39187,Fallen,0.83687,0.19725,0.39993,0.19941,1.23622,0.00262
4.39535,Fallen,0.83666,0.19739,0.39967,0.19565,1.07653,0.00349
4.39844,Fallen,0.83647,0.19752,0.39945,0.19137,1.39000,0.00308
4.40184,Fallen,0.83626,0.19765,0.39919,0.18667,1.38120,0.00340
4.40505,Fallen,0.83607,0.19769,0.39895,0.18163,1.56746,0.00321
4.40892,Fallen,0.83584,0.19712,0.39867,0.17550,1.58564,0.00387
4.41223,Fallen,0.83565,0.19663,0.39843,0.16857,2.08882,0.00332
4.41493,Fallen,0.83551,0.19623,0.39824,0.16237,2.30011,0.00270
4.41734,Fallen,0.83539,0.19587,0.39808,0.15689,2.27151,0.00241
4.41991,Fallen,0.83527,0.19549,0.39791,0.15143,2.13174,0.00256
4.42295,Fallen,0.83514,0.19504,0.39773,0.14492,2.13541,0.00305
4.42586,Fallen,0.83504,0.19481,0.39757,0.13829,2.27803,0.00291
4.42972,Fallen,0.83493,0.19485,0.39739,0.13093,1.90789,0.00385
4.43264,Fallen,0.83486,0.19488,0.39726,0.12408,2.34596,0.00292
4.43584,Fallen,0.83481,0.19491,0.39713,0.11822,1.83415,0.00319
4.43858,Fallen,0.83477,0.19493,0.39703,0.11303,1.88957,0.00274
4.44135,Fallen,0.83474,0.19496,0.39694,0.10857,1.60863,0.00277
4.44467,Fallen,0.83473,0.19499,0.39684,0.10401,1.37444,0.00332
4.44786,Fallen,0.83472,0.19489,0.39676,0.09953,1.40479,0.00319
4.45080,Fallen,0.83473,0.19480,0.39670,0.09586,1.25090,0.00294
4.45347,Fallen,0.83475,0.19471,0.39665,0.09282,1.13558,0.00267
4.45663,Fallen,0.83478,0.19462,0.39659,0.09005,0.87548,0.00316
4.46058,Fallen,0.83483,0.19450,0.39654,0.08716,0.73273,0.00394
4.46329,Fallen,0.83487,0.19441,0.39651,0.08507,0.77071,0.00272
4.46603,Fallen,0.83493,0.19443,0.39649,0.08348,0.58051,0.00274
4.46919,Fallen,0.83500,0.19454,0.39648,0.08204,0.45584,0.00315
4.47244,Fallen,0.83508,0.19467,0.39647,0.08068,0.41991,0.00325
4.47542,Fallen,0.83515,0.19478,0.39646,0.07945,0.41297,0.00298
4.47888,Fallen,0.83525,0.19490,0.39646,0.07828,0.33794,0.00346
4.48192,Fallen,0.83533,0.19502,0.39646,0.07711,0.38243,0.00304
4.48532,Fallen,0.83543,0.19514,0.39646,0.07596,0.33899,0.00340
4.48884,Fallen,0.83553,0.19524,0.39647,0.07469,0.36077,0.00352
4.49204,Fallen,0.83562,0.19534,0.39647,0.07350,0.37115,0.00320
4.49480,Fallen,0.83570,0.19543,0.39647,0.07236,0.41463,0.00276
4.49760,Fallen,0.83578,0.19551,0.39648,0.07130,0.37931,0.00280
4.50062,Fallen,0.83587,0.19560,0.39648,0.07014,0.38438,0.00302
4.50389,Fallen,0.83596,0.19570,0.39648,0.06889,0.38140,0.00327
4.50719,Fallen,0.83604,0.19574,0.39648,0.06758,0.39617,0.00330
4.51046,Fallen,0.83613,0.19576,0.39648,0.06630,0.39164,0.00327
4.51347,Fallen,0.83620,0.19578,0.39647,0.06508,0.40441,0.00301
4.51617,Fallen,0.83627,0.19579,0.39647,0.06403,0.39109,0.00270
4.51879,Fallen,0.83633,0.19581,0.39646,0.06308,0.36026,0.00262
4.52138,Fallen,0.83639,0.19583,0.39646,0.06210,0.37827,0.00259
4.52454,Fallen,0.83646,0.19585,0.39645,0.06111,0.31402,0.00315
4.52788,Fallen,0.83653,0.19587,0.39644,0.05999,0.33553,0.00334
4.53078,Fallen,0.83660,0.19589,0.39643,0.05895,0.35712,0.00291
4.53398,Fallen,0.83666,0.19591,0.39642,0.05792,0.32338,0.00320
4.53642,Fallen,0.83671,0.19593,0.39641,0.05701,0.37317,0.00244
4.53940,Fallen,0.83677,0.19595,0.39639,0.05613,0.29510,0.00298
4.54221,Fallen,0.83682,0.19597,0.39638,0.05521,0.32744,0.00280
4.54515,Fallen,0.83688,0.19598,0.39637,0.05429,0.31337,0.00294
4.54852,Fallen,0.83694,0.19592,0.39635,0.05336,0.27504,0.00337
4.55154,Fallen,0.83699,0.19588,0.39634,0.05236,0.33264,0.00302
4.55457,Fallen,0.83704,0.19583,0.39633,0.05152,0.27646,0.00303
4.55737,Fallen,0.83709,0.19579,0.39631,0.05068,0.30080,0.00280
4.56002,Fallen,0.83714,0.19574,0.39630,0.04992,0.28677,0.00265
4.56256,Fallen,0.83718,0.19570,0.39630,0.04920,0.28187,0.00254
4.56518,Fallen,0.83723,0.19567,0.39629,0.04844,0.28913,0.00262
4.56909,Fallen,0.83730,0.19563,0.39628,0.04758,0.22094,0.00391
4.57178,Fallen,0.83735,0.19561,0.39627,0.04665,0.34671,0.00269
4.57485,Fallen,0.83740,0.19559,0.39627,0.04573,0.29841,0.00307
4.57780,Fallen,0.83746,0.19556,0.39627,0.04490,0.28382,0.00295
4.58070,Fallen,0.83751,0.19553,0.39627,0.04404,0.29472,0.00290
4.58368,Fallen,0.83757,0.19551,0.39627,0.04313,0.30428,0.00298
4.58673,Recovering,0.83763,0.19443,0.39627,0.04252,0.20037,0.00306
4.59235,Recovering,0.83780,0.19167,0.39634,0.04480,0.40525,0.00562
4.59583,Recovering,0.83795,0.18997,0.39643,0.05278,2.29591,0.00348
4.59897,Recovering,0.83813,0.18842,0.39656,0.06312,3.29010,0.00314
4.60176,Recovering,0.83834,0.18705,0.39672,0.07561,4.47021,0.00279
4.60419,Recovering,0.83854,0.18586,0.39689,0.08864,5.36560,0.00243
4.60681,Recovering,0.83881,0.18453,0.39712,0.10310,5.51229,0.00262
4.61352,Recovering,0.83971,0.18112,0.39793,0.13774,5.16264,0.00671
4.61678,Recovering,0.83980,0.17947,0.39845,0.66556,162.20150,0.00325
4.61952,Recovering,0.83980,0.17808,0.39895,0.89369,83.32262,0.00274
4.62278,Recovering,0.83980,0.17642,0.39964,1.00088,32.88696,0.00326
4.62682,Recovering,0.83980,0.17480,0.40062,1.13546,33.27331,0.00404
4.63067,Recovering,0.83980,0.17360,0.40167,1.27793,37.00906,0.00385
4.63395,Recovering,0.83980,0.17257,0.40267,1.40085,37.43418,0.00328
4.63721,Recovering,0.83980,0.17155,0.40375,1.50834,32.97148,0.00326
4.64019,Recovering,0.83980,0.17062,0.40480,1.60688,33.13155,0.00297
4.64382,Recovering,0.83980,0.16948,0.40617,1.70743,27.67280,0.00363
4.64722,Recovering,0.83980,0.16892,0.40754,1.80920,29.92460,0.00340
4.65038,Recovering,0.83980,0.16853,0.40887,1.89702,27.80432,0.00316
4.65293,Recovering,0.83980,0.16822,0.40999,1.96845,28.06159,0.00255
4.65533,Recovering,0.83980,0.16792,0.41108,2.02576,23.89706,0.00240
4.65837,Recovering,0.83980,0.16755,0.41250,2.08446,19.27881,0.00304
4.66139,Recovering,0.83980,0.16717,0.41396,2.14683,20.64585,0.00302
4.66514,Recovering,0.83980,0.16681,0.41583,2.21062,17.01105,0.00375
4.66862,Recovering,0.83980,0.16695,0.41762,2.27323,18.00904,0.00348
4.67167,Recovering,0.83980,0.16707,0.41923,2.32312,16.36790,0.00305
4.67468,Recovering,0.83980,0.16719,0.42084,2.36376,13.48932,0.00301
4.67768,Recovering,0.83980,0.16731,0.42248,2.40004,12.08203,0.00300
4.68097,Recovering,0.83980,0.16744,0.42430,2.43322,10.08088,0.00329
4.68397,Recovering,0.83980,0.16756,0.42598,2.46301,9.93770,0.00300
4.68717,Recovering,0.83980,0.16773,0.42779,2.48762,7.69519,0.00320
4.69056,Recovering,0.83980,0.16792,0.42973,2.50883,6.25771,0.00339
4.69393,Recovering,0.83980,0.16811,0.43168,2.52585,5.04666,0.00337
4.69722,Recovering,0.83980,0.16829,0.43358,2.53832,3.79488,0.00329
4.69982,Recovering,0.83980,0.16843,0.43509,2.54615,3.01283,0.00260
4.70246,Recovering,0.83980,0.16858,0.43664,2.54982,1.38808,0.00265
4.70521,Recovering,0.83980,0.16873,0.43824,2.55141,0.57635,0.00275
4.70876,Recovering,0.83980,0.16895,0.44031,2.54941,0.56174,0.00355
4.71133,Recovering,0.83980,0.16911,0.44181,2.54559,1.48460,0.00257
4.71457,Recovering,0.83980,0.16930,0.44369,2.53727,2.57431,0.00323
4.71710,Recovering,0.83980,0.16945,0.44515,2.52745,3.87407,0.00253
4.71968,Recovering,0.83980,0.16961,0.44664,2.51625,4.33609,0.00258
4.72291,Recovering,0.83980,0.16981,0.44849,2.50117,4.68062,0.00322
4.72582,Recovering,0.83980,0.16999,0.45014,2.48355,6.04722,0.00291
4.72947,Recovering,0.83980,0.17022,0.45220,2.46110,6.15520,0.00365
4.73212,Recovering,0.83980,0.17039,0.45368,2.43758,8.85772,0.00266
4.73518,Recovering,0.83980,0.17059,0.45537,2.41281,8.11781,0.00305
4.73791,Recovering,0.83980,0.17077,0.45686,2.38627,9.70674,0.00273
4.74050,Recovering,0.83980,0.17094,0.45826,2.36022,10.03526,0.00260
4.74330,Recovering,0.83980,0.17112,0.45976,2.33231,9.98558,0.00279
4.74838,Recovering,0.83980,0.17146,0.46241,2.28720,8.87518,0.00508
4.75152,Recovering,0.83980,0.17167,0.46402,2.23922,15.28640,0.00314
4.75446,Recovering,0.83980,0.17187,0.46550,2.20040,13.21614,0.00294
4.75778,Recovering,0.83980,0.17209,0.46714,2.15824,12.70506,0.00332
4.76059,Recovering,0.83980,0.17228,0.46850,2.11589,15.04020,0.00282
4.76438,Recovering,0.83980,0.17254,0.47028,2.06803,12.65490,0.00378
4.76746,Recovering,0.83980,0.17276,0.47170,2.01748,16.39390,0.00308
4.77121,Recovering,0.83980,0.17302,0.47338,1.96354,14.37110,0.00375
4.77406,Recovering,0.83980,0.17322,0.47462,1.91048,18.60122,0.00285
4.77714,Recovering,0.83980,0.17344,0.47592,1.86081,16.14237,0.00308
4.78002,Recovering,0.83980,0.17364,0.47710,1.81004,17.62019,0.00288
4.78360,Recovering,0.83980,0.17389,0.47853,1.75375,15.75317,0.00357
4.78683,Recovering,0.83980,0.17412,0.47977,1.69336,18.66935,0.00323
4.79058,Recovering,0.83980,0.17440,0.48115,1.62891,17.20951,0.00375
4.79329,Recovering,0.83980,0.17459,0.48211,1.56856,22.21405,0.00272
4.79580,Recovering,0.83980,0.17477,0.48297,1.51875,19.83720,0.00251
4.79850,Recovering,0.83980,0.17497,0.48386,1.46812,18.77331,0.00270
4.80128,Recovering,0.83980,0.17517,0.48474,1.41432,19.34759,0.00278
4.80511,Recovering,0.83980,0.17545,0.48590,1.34797,17.31463,0.00383
4.80840,Recovering,0.83980,0.17569,0.48684,1.27585,21.90489,0.00329
4.81180,Recovering,0.83980,0.17594,0.48775,1.20651,20.45388,0.00339
4.81516,Recovering,0.83980,0.17619,0.48860,1.13518,21.21113,0.00336
4.81902,Recovering,0.83980,0.17648,0.48950,1.05753,20.10289,0.00386
4.82172,Recovering,0.83980,0.17667,0.49009,0.98727,26.05438,0.00270
4.82487,Recovering,0.83980,0.17691,0.49073,0.92375,20.12083,0.00316
4.82831,Recovering,0.83980,0.17717,0.49136,0.85143,21.04645,0.00344
4.83129,Recovering,0.83980,0.17739,0.49186,0.77989,23.97949,0.00298
4.83439,Recovering,0.83980,0.17762,0.49233,0.71166,22.05854,0.00309
4.83733,Recovering,0.83980,0.17784,0.49273,0.64309,23.31847,0.00294
4.84033,Recovering,0.83980,0.17806,0.49310,0.57520,22.58087,0.00301
4.84294,Recovering,0.83980,0.17826,0.49337,0.51133,24.50244,0.00261
4.84578,Recovering,0.83980,0.17847,0.49363,0.44875,22.00702,0.00284
4.85132,Recovering,0.83980,0.17889,0.49400,0.34804,18.20019,0.00553
4.85430,Recovering,0.83980,0.17911,0.49412,0.24674,33.92321,0.00299
4.85705,Recovering,0.83980,0.17932,0.49420,0.17948,24.48123,0.00275
4.86044,Recovering,0.83980,0.17957,0.49423,0.10676,21.45236,0.00339
4.86331,Recovering,0.83978,0.17979,0.49421,0.06704,13.85190,0.00287
4.86664,Recovering,0.83970,0.18003,0.49413,0.07909,3.62204,0.00333
4.86975,Recovering,0.83957,0.18026,0.49400,0.09406,4.81204,0.00311
4.87232,Recovering,0.83942,0.18046,0.49385,0.10830,5.53532,0.00257
4.87514,Recovering,0.83921,0.18066,0.49365,0.12221,4.92466,0.00282
4.87803,Recovering,0.83896,0.18088,0.49339,0.13715,5.17834,0.00289
4.88136,Recovering,0.83861,0.18113,0.49303,0.15340,4.87392,0.00333
4.88405,Recovering,0.83828,0.18133,0.49270,0.16895,5.80137,0.00268
4.88710,Recovering,0.83786,0.18155,0.49228,0.18332,4.71039,0.00305
4.89044,Recovering,0.83735,0.18180,0.49175,0.19916,4.73148,0.00335
4.89321,Recovering,0.83687,0.18200,0.49127,0.21384,5.30792,0.00277
4.89612,Recovering,0.83634,0.18221,0.49071,0.22699,4.51447,0.00291
4.89948,Recovering,0.83566,0.18246,0.49002,0.24099,4.16983,0.00336
4.90328,Recovering,0.83483,0.18274,0.48915,0.25634,4.04025,0.00380
4.90653,Recovering,0.83406,0.18313,0.48835,0.27068,4.41220,0.00325
4.91052,Recovering,0.83305,0.18374,0.48728,0.28438,3.43009,0.00400
4.91348,Recovering,0.83225,0.18419,0.48644,0.29679,4.20382,0.00295
4.91676,Recovering,0.83132,0.18470,0.48545,0.30703,3.11453,0.00329
4.91947,Recovering,0.83052,0.18511,0.48459,0.31641,3.46504,0.00271
4.92272,Recovering,0.82952,0.18560,0.48351,0.32503,2.65508,0.00325
4.92586,Recovering,0.82851,0.18614,0.48242,0.33388,2.81165,0.00315
4.92920,Recovering,0.82741,0.18678,0.48121,0.34212,2.47262,0.00334
4.93256,Recovering,0.82626,0.18743,0.47994,0.35004,2.35491,0.00336
4.93545,Recovering,0.82524,0.18798,0.47881,0.35704,2.42150,0.00289
4.93793,Recovering,0.82434,0.18846,0.47782,0.36271,2.28735,0.00248
4.94063,Recovering,0.82336,0.18898,0.47670,0.36797,1.94917,0.00270
4.94393,Recovering,0.82212,0.18962,0.47530,0.37404,1.84308,0.00330
4.94665,Recovering,0.82109,0.19010,0.47412,0.38036,2.32058,0.00272
4.95049,Recovering,0.81960,0.19075,0.47240,0.38709,1.74829,0.00385
4.95332,Recovering,0.81850,0.19124,0.47111,0.39442,2.59868,0.00282
4.95657,Recovering,0.81721,0.19179,0.46959,0.40130,2.11509,0.00325
4.95972,Recovering,0.81595,0.19233,0.46809,0.40928,2.53276,0.00315
4.96306,Recovering,0.81461,0.19291,0.46647,0.41822,2.67848,0.00334
4.96620,Recovering,0.81335,0.19340,0.46493,0.42816,3.16706,0.00314
4.97029,Recovering,0.81170,0.19400,0.46288,0.44048,3.00879,0.00409
4.97318,Recovering,0.81053,0.19443,0.46142,0.45397,4.66442,0.00289
4.97647,Recovering,0.80921,0.19491,0.45974,0.46683,3.90978,0.00329
4.97952,Recovering,0.80798,0.19536,0.45816,0.48149,4.80258,0.00305
4.98226,Recovering,0.80689,0.19576,0.45673,0.49592,5.27310,0.00274
4.98535,Recovering,0.80567,0.19620,0.45511,0.51156,5.05707,0.00309
4.98874,Recovering,0.80434,0.19664,0.45333,0.53041,5.56318,0.00339
4.99140,Recovering,0.80331,0.19699,0.45192,0.54929,7.10444,0.00266
4.99433,Recovering,0.80219,0.19737,0.45036,0.56745,6.20165,0.00293
4.99697,Recovering,0.80119,0.19772,0.44895,0.58658,7.24120,0.00264
5.00007,Recovering,0.80003,0.19812,0.44730,0.60724,6.65700,0.00310
5.00285,Recovering,0.79900,0.19848,0.44581,0.62940,7.96397,0.00278
5.00638,Recovering,0.79773,0.19892,0.44392,0.65403,6.98848,0.00352
5.00973,Recovering,0.79654,0.19933,0.44212,0.68216,8.39314,0.00335
5.01315,Recovering,0.79536,0.19974,0.44029,0.71065,8.33328,0.00342
5.01586,Recovering,0.79444,0.20007,0.43884,0.73716,9.76023,0.00272
5.01882,Recovering,0.79346,0.20043,0.43726,0.76188,8.35458,0.00296
5.02170,Recovering,0.79253,0.20078,0.43572,0.78783,9.03391,0.00287
5.02465,Recovering,0.79159,0.20113,0.43415,0.81405,8.86613,0.00296
5.02838,Recovering,0.79045,0.20157,0.43218,0.84466,8.22530,0.00372
5.03131,Recovering,0.78957,0.20191,0.43063,0.87560,10.54510,0.00293
5.03450,Recovering,0.78864,0.20228,0.42895,0.90392,8.88325,0.00319
5.03728,Recovering,0.78786,0.20260,0.42749,0.93171,9.99105,0.00278
5.03990,Recovering,0.78714,0.20291,0.42612,0.95665,9.51868,0.00262
5.04220,Recovering,0.78653,0.20317,0.42492,0.97949,9.91424,0.00230
5.04451,Recovering,0.78593,0.20344,0.42372,1.00057,9.12567,0.00231
5.04783,Recovering,0.78509,0.20363,0.42201,1.02608,7.69423,0.00332
5.05100,Recovering,0.78432,0.20381,0.42039,1.05609,9.46138,0.00317
5.05429,Recovering,0.78356,0.20400,0.41872,1.08553,8.94605,0.00329
5.05691,Recovering,0.78298,0.20415,0.41739,1.11248,10.27555,0.00262
5.05999,Recovering,0.78233,0.20432,0.41586,1.13774,8.22419,0.00307
5.06327,Recovering,0.78167,0.20451,0.41424,1.16577,8.54551,0.00328
5.06627,Recovering,0.78110,0.20470,0.41277,1.19328,9.15005,0.00301
5.06975,Recovering,0.78048,0.20493,0.41109,1.22104,7.99135,0.00347
5.07286,Recovering,0.77996,0.20513,0.40961,1.24903,8.99217,0.00311
5.07602,Recovering,0.77947,0.20534,0.40812,1.27492,8.19864,0.00316
5.07907,Recovering,0.77904,0.20554,0.40671,1.30009,8.24111,0.00305
5.08284,Recovering,0.77855,0.20579,0.40500,1.32685,7.09025,0.00377
5.08591,Recovering,0.77820,0.20610,0.40363,1.35352,8.70029,0.00307
5.08917,Recovering,0.77787,0.20658,0.40221,1.37693,7.17491,0.00326
5.09191,Recovering,0.77762,0.20699,0.40103,1.39861,7.91421,0.00274
5.09516,Recovering,0.77736,0.20747,0.39966,1.41917,6.32683,0.00325
5.09847,Recovering,0.77715,0.20796,0.39830,1.44115,6.64083,0.00331
5.10125,Recovering,0.77700,0.20837,0.39718,1.46098,7.14973,0.00277
5.10451,Recovering,0.77687,0.20886,0.39590,1.47920,5.58229,0.00326
5.10775,Recovering,0.77678,0.20942,0.39465,1.49835,5.91576,0.00324
5.11123,Recovering,0.77674,0.21004,0.39335,1.51707,5.36815,0.00349
5.11398,Recovering,0.77673,0.21052,0.39235,1.53372,6.05740,0.00275
5.11700,Recovering,0.77676,0.21105,0.39127,1.54787,4.68155,0.00302
5.12004,Recovering,0.77683,0.21158,0.39023,1.56199,4.65237,0.00303
5.12290,Recovering,0.77693,0.21209,0.38926,1.57485,4.50206,0.00286
5.12617,Recovering,0.77707,0.21284,0.38819,1.58711,3.74178,0.00328
5.12944,Recovering,0.77726,0.21378,0.38716,1.59946,3.78208,0.00327
5.13206,Recovering,0.77743,0.21453,0.38635,1.60990,3.98326,0.00262
5.13482,Recovering,0.77765,0.21532,0.38553,1.61833,3.05448,0.00276
5.13822,Recovering,0.77794,0.21629,0.38454,1.62693,2.52933,0.00340
5.14115,Recovering,0.77823,0.21714,0.38372,1.63538,2.87930,0.00294
5.14477,Recovering,0.77862,0.21818,0.38274,1.64261,2.00052,0.00361
5.14825,Recovering,0.77903,0.21937,0.38183,1.64974,2.04404,0.00349
5.15132,Recovering,0.77943,0.22042,0.38106,1.65538,1.83781,0.00307
5.15399,Recovering,0.77980,0.22132,0.38042,1.65945,1.52632,0.00266
5.15678,Recovering,0.78020,0.22227,0.37976,1.66228,1.01503,0.00279
5.15988,Recovering,0.78067,0.22333,0.37906,1.66464,0.75921,0.00311
5.16266,Recovering,0.78112,0.22428,0.37846,1.66649,0.66734,0.00277
5.16575,Recovering,0.78164,0.22538,0.37781,1.66720,0.23199,0.00309
5.16902,Recovering,0.78221,0.22664,0.37715,1.66725,0.01501,0.00327
5.17201,Recovering,0.78276,0.22779,0.37657,1.66675,0.16809,0.00299
5.17516,Recovering,0.78335,0.22899,0.37599,1.66511,0.52377,0.00314
5.17782,Recovering,0.78387,0.23002,0.37552,1.66317,0.72734,0.00266
5.18033,Recovering,0.78438,0.23098,0.37509,1.66063,1.01119,0.00251
5.18305,Recovering,0.78494,0.23203,0.37464,1.65727,1.23413,0.00273
5.18616,Recovering,0.78560,0.23327,0.37416,1.65290,1.40648,0.00311
5.18951,Recovering,0.78632,0.23466,0.37366,1.64744,1.63159,0.00335
5.19343,Recovering,0.78720,0.23629,0.37311,1.64035,1.80618,0.00392
5.19619,Recovering,0.78783,0.23744,0.37275,1.63361,2.44351,0.00276
5.19901,Recovering,0.78849,0.23861,0.37239,1.62687,2.38520,0.00282
5.20172,Recovering,0.78913,0.23973,0.37207,1.61958,2.69863,0.00270
5.20443,Recovering,0.78978,0.24086,0.37176,1.61179,2.86805,0.00271
5.20741,Recovering,0.79051,0.24218,0.37145,1.60314,2.89902,0.00299
5.21067,Recovering,0.79132,0.24363,0.37112,1.59310,3.08058,0.00326
5.21354,Recovering,0.79204,0.24491,0.37085,1.58292,3.55671,0.00286
5.21656,Recovering,0.79280,0.24625,0.37059,1.57235,3.49452,0.00302
5.21915,Recovering,0.79347,0.24740,0.37038,1.56208,3.96157,0.00259
5.22151,Recovering,0.79408,0.24845,0.37021,1.55253,4.05546,0.00235
5.22399,Recovering,0.79473,0.24956,0.37003,1.54270,3.95782,0.00248
5.22696,Recovering,0.79552,0.25096,0.36984,1.53114,3.89088,0.00297
5.23045,Recovering,0.79644,0.25262,0.36963,1.51706,4.03161,0.00349
5.23379,Recovering,0.79734,0.25421,0.36946,1.50189,4.54532,0.00334
5.23724,Recovering,0.79827,0.25585,0.36930,1.48626,4.53942,0.00344
5.24008,Recovering,0.79904,0.25721,0.36919,1.47146,5.21006,0.00284
5.24352,Recovering,0.79999,0.25885,0.36907,1.45585,4.52643,0.00345
5.24664,Recovering,0.80084,0.26039,0.36898,1.43941,5.26996,0.00312
5.25064,Recovering,0.80195,0.26239,0.36890,1.42084,4.64861,0.00399
5.25409,Recovering,0.80291,0.26412,0.36885,1.40135,5.64546,0.00345
5.25727,Recovering,0.80380,0.26571,0.36882,1.38370,5.54987,0.00318
5.26032,Recovering,0.80465,0.26724,0.36882,1.36646,5.64610,0.00305
5.26360,Recovering,0.80557,0.26888,0.36883,1.34878,5.40650,0.00327
5.26676,Recovering,0.80646,0.27053,0.36885,1.33051,5.77049,0.00317
5.27028,Recovering,0.80746,0.27240,0.36891,1.31122,5.48623,0.00352
5.27296,Recovering,0.80822,0.27382,0.36896,1.29351,6.60108,0.00268
5.27564,Recovering,0.80898,0.27524,0.36903,1.27781,5.86236,0.00268
5.27788,Recovering,0.80962,0.27644,0.36910,1.26339,6.43306,0.00224
5.28012,Recovering,0.81026,0.27763,0.36918,1.25012,5.91087,0.00224
5.28302,Recovering,0.81109,0.27916,0.36929,1.23437,5.44865,0.00289
5.28620,Recovering,0.81201,0.28090,0.36944,1.21584,5.82046,0.00318
5.28942,Recovering,0.81294,0.28270,0.36961,1.19658,5.97782,0.00322
5.29252,Recovering,0.81383,0.28443,0.36979,1.17731,6.21184,0.00310
5.29532,Recovering,0.81465,0.28599,0.36997,1.15937,6.41485,0.00280
5.29862,Recovering,0.81561,0.28783,0.37020,1.14071,5.66141,0.00330
5.30133,Recovering,0.81641,0.28934,0.37041,1.12227,6.80140,0.00271
5.30469,Recovering,0.81740,0.29122,0.37070,1.10340,5.61275,0.00336
5.30826,Recovering,0.81846,0.29330,0.37103,1.08189,6.03082,0.00357
5.31130,Recovering,0.81937,0.29508,0.37133,1.06165,6.65900,0.00304
5.31448,Recovering,0.82033,0.29693,0.37167,1.04250,6.01508,0.00318
5.31718,Recovering,0.82115,0.29851,0.37198,1.02438,6.70798,0.00270
5.31954,Recovering,0.82187,0.29989,0.37226,1.00894,6.53668,0.00236
5.32211,Recovering,0.82265,0.30139,0.37259,0.99355,5.98895,0.00257
5.32526,Recovering,0.82362,0.30324,0.37301,0.97584,5.62844,0.00315
5.32894,Recovering,0.82477,0.30548,0.37353,0.95475,5.72764,0.00368
5.33227,Recovering,0.82581,0.30750,0.37404,0.93340,6.41785,0.00333
5.33513,Recovering,0.82672,0.30923,0.37450,0.91463,6.56218,0.00286
5.33820,Recovering,0.82770,0.31110,0.37501,0.89671,5.82906,0.00307
5.34114,Recovering,0.82865,0.31289,0.37553,0.87865,6.13538,0.00294
5.34500,Recovering,0.82990,0.31524,0.37625,0.85801,5.35495,0.00386
5.34843,Recovering,0.83103,0.31739,0.37693,0.83637,6.30093,0.00343
5.35133,Recovering,0.83200,0.31921,0.37753,0.81788,6.38455,0.00290
5.35410,Recovering,0.83293,0.32095,0.37812,0.80148,5.92609,0.00277
5.35692,Recovering,0.83388,0.32272,0.37875,0.78542,5.69478,0.00282
5.36043,Recovering,0.83509,0.32493,0.37958,0.76741,5.12581,0.00351
5.36377,Recovering,0.83624,0.32702,0.38039,0.74831,5.72483,0.00334
5.36642,Recovering,0.83717,0.32872,0.38107,0.73190,6.17647,0.00266
5.36939,Recovering,0.83822,0.33064,0.38185,0.71676,5.10217,0.00297
5.37201,Recovering,0.83916,0.33232,0.38256,0.70213,5.59718,0.00261
5.37505,Recovering,0.83980,0.33429,0.38341,0.40442,97.93731,0.00304
5.37811,Recovering,0.83980,0.33627,0.38431,1.29342,289.66050,0.00307
5.38168,Recovering,0.83980,0.33857,0.38539,1.34303,13.89418,0.00357
5.38445,Recovering,0.83980,0.34036,0.38626,1.39040,17.12301,0.00277
5.38769,Recovering,0.83980,0.34249,0.38731,1.43536,13.90011,0.00323
5.39077,Recovering,0.83980,0.34453,0.38835,1.48408,15.78247,0.00309
5.39378,Recovering,0.83980,0.34651,0.38939,1.53146,15.77706,0.00300
5.39655,Recovering,0.83980,0.34834,0.39038,1.57679,16.32758,0.00278
5.39914,Recovering,0.83980,0.35005,0.39133,1.61890,16.26076,0.00259
5.40185,Recovering,0.83980,0.35184,0.39235,1.66052,15.37092,0.00271
5.40453,Recovering,0.83980,0.35361,0.39339,1.70309,15.85887,0.00268
5.40746,Recovering,0.83980,0.35558,0.39455,1.74795,15.34148,0.00292
5.41118,Recovering,0.83980,0.35808,0.39607,1.80260,14.66381,0.00373
5.41382,Recovering,0.83980,0.35985,0.39718,1.85573,20.19169,0.00263
5.41624,Recovering,0.83980,0.36148,0.39822,1.89717,17.11810,0.00242
5.41870,Recovering,0.83980,0.36314,0.39931,1.93693,16.13028,0.00246
5.42143,Recovering,0.83980,0.36498,0.40053,1.97983,15.71140,0.00273
5.42462,Recovering,0.83980,0.36712,0.40200,2.02897,15.42260,0.00319
5.42811,Recovering,0.83980,0.36951,0.40366,2.08528,16.14853,0.00349
5.43115,Recovering,0.83980,0.37159,0.40514,2.14159,18.47636,0.00305
5.43356,Recovering,0.83980,0.37323,0.40634,2.18792,19.26410,0.00241
5.43674,Recovering,0.83980,0.37541,0.40796,2.23519,14.82972,0.00319
5.43940,Recovering,0.83980,0.37722,0.40933,2.28530,18.90322,0.00265
5.44235,Recovering,0.83980,0.37925,0.41090,2.33282,16.06436,0.00296
5.44518,Recovering,0.83980,0.38118,0.41243,2.38221,17.48816,0.00282
5.44841,Recovering,0.83980,0.38342,0.41423,2.43374,15.93465,0.00323
5.45148,Recovering,0.83980,0.38555,0.41596,2.48869,17.92000,0.00307
5.45421,Recovering,0.83980,0.38744,0.41754,2.53877,18.32868,0.00273
5.45724,Recovering,0.83980,0.38954,0.41933,2.58817,16.31547,0.00303
5.46014,Recovering,0.83980,0.39155,0.42107,2.63935,17.61675,0.00291
5.46258,Recovering,0.83980,0.39324,0.42256,2.68509,18.78183,0.00244
5.46478,Recovering,0.83980,0.39463,0.42393,2.72425,17.80552,0.00220
5.46787,Recovering,0.83980,0.39498,0.42588,2.76684,13.77173,0.00309
5.47110,Recovering,0.83980,0.39535,0.42795,2.81702,15.56697,0.00322
5.47381,Recovering,0.83980,0.39565,0.42972,2.86214,16.64012,0.00271
5.47673,Recovering,0.83980,0.39598,0.43165,2.90189,13.60214,0.00292
5.47954,Recovering,0.83980,0.39630,0.43354,2.94103,13.91560,0.00281
5.48216,Recovering,0.83980,0.39659,0.43532,2.97653,13.54642,0.00262
5.48526,Recovering,0.83980,0.39694,0.43745,3.01110,11.15145,0.00310
5.48987,Recovering,0.83980,0.39746,0.44067,3.05419,9.34939,0.00461
5.49338,Recovering,0.83980,0.39785,0.44316,3.09506,11.64697,0.00351
5.49665,Recovering,0.83980,0.39821,0.44549,3.12285,8.49993,0.00327
5.49991,Recovering,0.83980,0.39858,0.44784,3.14550,6.94337,0.00326
5.50306,Recovering,0.83980,0.39893,0.45013,3.16444,6.01925,0.00315
5.50662,Recovering,0.83980,0.39902,0.45272,3.18062,4.54602,0.00356
5.51001,Recovering,0.83980,0.39889,0.45521,3.19398,3.93805,0.00339
5.51254,Recovering,0.83980,0.39880,0.45707,3.20285,3.49926,0.00253
5.51525,Recovering,0.83980,0.39869,0.45906,3.20696,1.51745,0.00271
5.51793,Recovering,0.83980,0.39859,0.46103,3.20979,1.05680,0.00267
5.52109,Recovering,0.83980,0.39848,0.46336,3.21064,0.26805,0.00317
5.52380,Recovering,0.83980,0.39837,0.46536,3.21033,0.11532,0.00271
5.52712,Recovering,0.83980,0.39817,0.46780,3.20716,0.95465,0.00332
5.52994,Recovering,0.83980,0.39798,0.46988,3.20266,1.59185,0.00282
5.53333,Recovering,0.83980,0.39776,0.47236,3.19514,2.22565,0.00338
5.53612,Recovering,0.83980,0.39757,0.47440,3.18669,3.02398,0.00279
5.53888,Recovering,0.83980,0.39738,0.47641,3.17688,3.55485,0.00276
5.54205,Recovering,0.83980,0.39717,0.47871,3.16468,3.85209,0.00317
5.54530,Recovering,0.83980,0.39698,0.48107,3.15071,4.29477,0.00325
5.54906,Recovering,0.83980,0.39689,0.48377,3.13330,4.63435,0.00376
5.55228,Recovering,0.83980,0.39681,0.48607,3.11480,5.74644,0.00322
5.55559,Recovering,0.83980,0.39672,0.48842,3.09518,5.91838,0.00331
5.55904,Recovering,0.83980,0.39664,0.49086,3.07345,6.29212,0.00345
5.56208,Recovering,0.83980,0.39656,0.49298,3.05178,7.12903,0.00304
5.56535,Recovering,0.83980,0.39650,0.49525,3.02903,6.95402,0.00327
5.56852,Recovering,0.83980,0.39653,0.49743,3.00510,7.55453,0.00317
5.57097,Recovering,0.83980,0.39655,0.49910,2.98348,8.83015,0.00245
5.57371,Recovering,0.83980,0.39657,0.50096,2.96163,7.96570,0.00274
5.57668,Recovering,0.83980,0.39659,0.50295,2.93719,8.23840,0.00297
5.57940,Recovering,0.83980,0.39661,0.50476,2.91262,9.03593,0.00272
5.58296,Recovering,0.83980,0.39663,0.50710,2.88426,7.97319,0.00356
5.58595,Recovering,0.83980,0.39664,0.50905,2.85509,9.73690,0.00300
5.58991,Recovering,0.83980,0.39665,0.51160,2.82204,8.34438,0.00396
5.59269,Recovering,0.83980,0.39665,0.51336,2.79035,11.41818,0.00278
5.59569,Recovering,0.83980,0.39665,0.51525,2.76133,9.67948,0.00300
5.59854,Recovering,0.83980,0.39665,0.51702,2.73163,10.42731,0.00285
5.60130,Recovering,0.83980,0.39665,0.51871,2.70271,10.47200,0.00276
5.60465,Recovering,0.83980,0.39665,0.52075,2.67034,9.64062,0.00336
5.60823,Recovering,0.83980,0.39665,0.52289,2.63385,10.21455,0.00357
5.61088,Recovering,0.83980,0.39665,0.52445,2.60074,12.46729,0.00266
5.61368,Recovering,0.83980,0.39664,0.52609,2.57054,10.77838,0.00280
5.61804,Recovering,0.83980,0.39664,0.52859,2.53005,9.28679,0.00436
5.62160,Recovering,0.83980,0.39663,0.53058,2.48651,12.25722,0.00355
5.62483,Recovering,0.83980,0.39663,0.53238,2.44853,11.73453,0.00324
5.62841,Recovering,0.83980,0.39662,0.53433,2.40940,10.93833,0.00358
5.63161,Recovering,0.83980,0.39662,0.53604,2.37054,12.14436,0.00320
5.63439,Recovering,0.83980,0.39662,0.53751,2.33604,12.39841,0.00278
5.63744,Recovering,0.83980,0.39661,0.53910,2.30164,11.26789,0.00305
5.64027,Recovering,0.83980,0.39661,0.54054,2.26737,12.13239,0.00282
5.64325,Recovering,0.83980,0.39661,0.54204,2.23322,11.46516,0.00298
5.64616,Recovering,0.83980,0.39660,0.54349,2.19876,11.83283,0.00291
5.64981,Recovering,0.83980,0.39660,0.54526,2.15991,10.64875,0.00365
5.65296,Recovering,0.83980,0.39660,0.54677,2.12043,12.53342,0.00315
5.65543,Recovering,0.83980,0.39660,0.54793,2.08766,13.27295,0.00247
5.65774,Recovering,0.83980,0.39660,0.54900,2.05958,12.14771,0.00231
5.66011,Recovering,0.83980,0.39660,0.55009,2.03179,11.72933,0.00237
5.66261,Recovering,0.83980,0.39660,0.55121,2.00334,11.38749,0.00250
5.66564,Recovering,0.83980,0.39660,0.55256,1.97085,10.70719,0.00303
5.66862,Recovering,0.83980,0.39660,0.55386,1.93612,11.67247,0.00297
5.67162,Recovering,0.83980,0.39659,0.55514,1.90172,11.47036,0.00300
5.67445,Recovering,0.83980,0.39659,0.55633,1.86805,11.86931,0.00284
5.67768,Recovering,0.83980,0.39659,0.55766,1.83325,10.78972,0.00323
5.68078,Recovering,0.83980,0.39659,0.55891,1.79743,11.54333,0.00310
5.68381,Recovering,0.83980,0.39659,0.56011,1.76292,11.41123,0.00302
5.68719,Recovering,0.83980,0.39659,0.56142,1.72714,10.57935,0.00338
5.69054,Recovering,0.83980,0.39659,0.56270,1.68977,11.15837,0.00335
5.69351,Recovering,0.83980,0.39659,0.56380,1.65511,11.67113,0.00297
5.69635,Recovering,0.83980,0.39659,0.56484,1.62339,11.16908,0.00284
5.70175,Recovering,0.83980,0.39659,0.56675,1.57838,8.33551,0.00540
5.70482,Recovering,0.83980,0.39659,0.56781,1.53423,14.36179,0.00307
5.70856,Recovering,0.83980,0.39659,0.56906,1.49820,9.64028,0.00374
5.71428,Recovering,0.83980,0.39658,0.57093,1.44885,8.62546,0.00572
5.71723,Recovering,0.83980,0.39658,0.57185,1.40535,14.76947,0.00295
5.72024,Recovering,0.83980,0.39658,0.57279,1.37511,10.02181,0.00302
5.72312,Recovering,0.83980,0.39658,0.57365,1.34573,10.21007,0.00288
5.72642,Recovering,0.83980,0.39658,0.57463,1.31503,9.28830,0.00331
5.73002,Recovering,0.83980,0.39657,0.57566,1.28135,9.37205,0.00359
5.73326,Recovering,0.83980,0.39657,0.57657,1.24852,10.11305,0.00325
5.73679,Recovering,0.83980,0.39657,0.57754,1.21635,9.12025,0.00353
5.74140,Recovering,0.83980,0.39656,0.57875,1.17822,8.27578,0.00461
5.74465,Recovering,0.83980,0.39656,0.57959,1.14274,10.90669,0.00325
5.74841,Recovering,0.83980,0.39656,0.58052,1.11105,8.44897,0.00375
5.75158,Recovering,0.83980,0.39655,0.58129,1.08053,9.60423,0.00318
5.75495,Recovering,0.83980,0.39655,0.58209,1.05176,8.53024,0.00337
5.75834,Recovering,0.83980,0.39654,0.58287,1.02276,8.55712,0.00339
5.76169,Recovering,0.83980,0.39654,0.58362,0.99429,8.49797,0.00335
5.76514,Recovering,0.83980,0.39654,0.58437,0.96605,8.19560,0.00345
5.76927,Recovering,0.83980,0.39653,0.58523,0.93514,7.49217,0.00413
5.77230,Recovering,0.83980,0.39653,0.58585,0.90674,9.34578,0.00304
5.77567,Recovering,0.83980,0.39653,0.58652,0.88142,7.52420,0.00337
5.77916,Recovering,0.83980,0.39652,0.58719,0.85497,7.58386,0.00349
5.78259,Recovering,0.83980,0.39652,0.58783,0.82888,7.60274,0.00343
5.78606,Recovering,0.83980,0.39652,0.58846,0.80326,7.37247,0.00347
5.79015,Recovering,0.83980,0.39651,0.58918,0.77580,6.72289,0.00408
5.79363,Recovering,0.83980,0.39651,0.58977,0.74912,7.67107,0.00348
5.79670,Recovering,0.83980,0.39651,0.59027,0.72635,7.40486,0.00307
5.79963,Recovering,0.83980,0.39651,0.59074,0.70606,6.93498,0.00293
5.80264,Recovering,0.83980,0.39651,0.59121,0.68627,6.57314,0.00301
5.80592,Recovering,0.83980,0.39651,0.59170,0.66568,6.27344,0.00328
5.80956,Recovering,0.83980,0.39650,0.59224,0.64352,6.08609,0.00364
5.81291,Recovering,0.83980,0.39650,0.59271,0.62184,6.46738,0.00335
5.81814,Recovering,0.83980,0.39650,0.59342,0.59576,4.98708,0.00523
5.82141,Recovering,0.83980,0.39650,0.59385,0.57106,7.55437,0.00327
5.82515,Recovering,0.83980,0.39650,0.59432,0.55125,5.30143,0.00374
5.82899,Recovering,0.83980,0.39649,0.59479,0.53032,5.44554,0.00384
5.83263,Recovering,0.83980,0.39648,0.59521,0.51040,5.47116,0.00364
5.83571,Recovering,0.83980,0.39647,0.59557,0.49309,5.63097,0.00307
5.83907,Recovering,0.83980,0.39647,0.59594,0.47692,4.80825,0.00336
5.84244,Recovering,0.83980,0.39646,0.59630,0.46064,4.83331,0.00337
5.84513,Recovering,0.83980,0.39646,0.59658,0.44633,5.31186,0.00269
5.84846,Recovering,0.83980,0.39650,0.59691,0.43237,4.18956,0.00333
5.85154,Recovering,0.83980,0.39653,0.59722,0.41828,4.57360,0.00308
5.85538,Recovering,0.83980,0.39657,0.59758,0.40351,3.85185,0.00383
5.85856,Recovering,0.83980,0.39661,0.59788,0.38918,4.50445,0.00318
5.86234,Recovering,0.83980,0.39665,0.59822,0.37540,3.64900,0.00378
5.86579,Recovering,0.83980,0.39669,0.59851,0.36170,3.97332,0.00345
5.86980,Recovering,0.83980,0.39675,0.59885,0.34848,3.29256,0.00402
5.87390,Recovering,0.83980,0.39681,0.59919,0.33490,3.30771,0.00411
5.87714,Recovering,0.83980,0.39686,0.59945,0.32333,3.57509,0.00324
5.88043,Recovering,0.83980,0.39691,0.59970,0.31377,2.90974,0.00329
5.88336,Recovering,0.83980,0.39696,0.59992,0.30503,2.98260,0.00293
5.88616,Recovering,0.83980,0.39699,0.60013,0.29743,2.71073,0.00281
5.88991,Recovering,0.83980,0.39704,0.60041,0.28930,2.16574,0.00375
5.89252,Recovering,0.83980,0.39708,0.60060,0.28239,2.64961,0.00261
5.89512,Recovering,0.83980,0.39711,0.60078,0.27683,2.14191,0.00260
5.89768,Recovering,0.83980,0.39714,0.60096,0.27191,1.91775,0.00256
5.90041,Recovering,0.83980,0.39718,0.60115,0.26733,1.68113,0.00273
5.90370,Recovering,0.83980,0.39722,0.60138,0.26238,1.50354,0.00329
5.90634,Recovering,0.83980,0.39725,0.60156,0.25819,1.58483,0.00264
5.91011,Recovering,0.83980,0.39730,0.60182,0.25432,1.02737,0.00377
5.91341,Recovering,0.83980,0.39735,0.60205,0.25099,1.01182,0.00330
5.91671,Recovering,0.83980,0.39739,0.60227,0.24869,0.69736,0.00330
5.91952,Recovering,0.83980,0.39743,0.60246,0.24703,0.58855,0.00282
5.92281,Recovering,0.83980,0.39747,0.60269,0.24580,0.37282,0.00329
5.92606,Recovering,0.83980,0.39751,0.60291,0.24533,0.14648,0.00324
5.92946,Recovering,0.83980,0.39756,0.60315,0.24556,0.06940,0.00340
5.93250,Recovering,0.83980,0.39760,0.60336,0.24671,0.37674,0.00304
5.93547,Recovering,0.83980,0.39764,0.60357,0.24832,0.54134,0.00297
5.93907,Recovering,0.83980,0.39768,0.60383,0.25102,0.75193,0.00360
5.94225,Recovering,0.83980,0.39772,0.60407,0.25435,1.04652,0.00318
5.94514,Recovering,0.83980,0.39776,0.60428,0.25783,1.20334,0.00289
5.94962,Recovering,0.83980,0.39782,0.60463,0.26343,1.25168,0.00448
5.95286,Recovering,0.83980,0.39786,0.60488,0.27041,2.14903,0.00325
5.95636,Recovering,0.83980,0.39791,0.60516,0.27740,2.00149,0.00349
5.95975,Recovering,0.83980,0.39795,0.60545,0.28508,2.25905,0.00340
5.96258,Recovering,0.83980,0.39798,0.60569,0.29271,2.70422,0.00282
5.96586,Recovering,0.83980,0.39803,0.60598,0.30071,2.43917,0.00328
5.96912,Recovering,0.83980,0.39806,0.60627,0.31020,2.91332,0.00326
5.97309,Recovering,0.83980,0.39811,0.60664,0.32191,2.94674,0.00397
5.97679,Recovering,0.83980,0.39815,0.60700,0.33561,3.69944,0.00370
5.98022,Recovering,0.83980,0.39819,0.60735,0.34913,3.94044,0.00343
5.98340,Recovering,0.83980,0.39823,0.60768,0.36210,4.08563,0.00318
5.98598,Recovering,0.83980,0.39826,0.60795,0.37374,4.51051,0.00258
5.98903,Recovering,0.83980,0.39829,0.60829,0.38587,3.98032,0.00305
5.99144,Recovering,0.83980,0.39832,0.60856,0.39828,5.14689,0.00241
5.99408,Recovering,0.83980,0.39835,0.60887,0.41025,4.52417,0.00265
5.99686,Recovering,0.83980,0.39838,0.60920,0.42363,4.82384,0.00277
5.99984,Recovering,0.83980,0.39841,0.60957,0.43837,4.93662,0.00299
6.00262,Recovering,0.83980,0.39844,0.60992,0.45373,5.53238,0.00278
6.00630,Recovering,0.83980,0.39848,0.61040,0.47157,4.84830,0.00368
6.00971,Recovering,0.83980,0.39851,0.61087,0.49222,6.05777,0.00341
6.01304,Recovering,0.83980,0.39854,0.61134,0.51275,6.16433,0.00333
6.01681,Recovering,0.83980,0.39857,0.61189,0.53524,5.95734,0.00377
6.02022,Recovering,0.83980,0.39861,0.61240,0.55875,6.91207,0.00340
6.02327,Recovering,0.83980,0.39863,0.61288,0.58005,6.97126,0.00305
6.02700,Recovering,0.83980,0.39867,0.61349,0.60309,6.17638,0.00373
6.03017,Recovering,0.83980,0.39871,0.61402,0.62750,7.69256,0.00317
6.03265,Recovering,0.83980,0.39874,0.61445,0.64755,8.08463,0.00248
6.03496,Recovering,0.83980,0.39876,0.61486,0.66468,7.41664,0.00231
6.03744,Recovering,0.83980,0.39879,0.61530,0.68208,7.01847,0.00248
6.04038,Recovering,0.83980,0.39882,0.61585,0.70211,6.82763,0.00293
6.04304,Recovering,0.83980,0.39885,0.61635,0.72326,7.94579,0.00266
6.04561,Recovering,0.83980,0.39888,0.61685,0.74303,7.67192,0.00258
6.04928,Recovering,0.83980,0.39893,0.61758,0.76746,6.66532,0.00367
6.05212,Recovering,0.83980,0.39897,0.61817,0.79363,9.21079,0.00284
6.05523,Recovering,0.83980,0.39901,0.61883,0.81742,7.65112,0.00311
6.05781,Recovering,0.83980,0.39904,0.61938,0.84063,9.00757,0.00258
6.06125,Recovering,0.83980,0.39908,0.62015,0.86518,7.13944,0.00344
6.06395,Recovering,0.83980,0.39912,0.62076,0.89051,9.34926,0.00271
6.06679,Recovering,0.83980,0.39915,0.62142,0.91322,8.00353,0.00284
6.07026,Recovering,0.83980,0.39919,0.62225,0.93963,7.62584,0.00346
6.07361,Recovering,0.83980,0.39923,0.62307,0.96864,8.64913,0.00335
6.07655,Recovering,0.83980,0.39926,0.62381,0.99530,9.07305,0.00294
6.08003,Recovering,0.83980,0.39930,0.62470,1.02266,7.86913,0.00348
6.08331,Recovering,0.83980,0.39934,0.62556,1.05142,8.75776,0.00328
6.08633,Recovering,0.83980,0.39937,0.62638,1.07816,8.84659,0.00302
6.08924,Recovering,0.83980,0.39942,0.62718,1.10304,8.54435,0.00291
6.09153,Recovering,0.83980,0.39945,0.62782,1.12500,9.59589,0.00229
6.09399,Recovering,0.83980,0.39948,0.62851,1.14437,7.88525,0.00246
6.09709,Recovering,0.83980,0.39953,0.62941,1.16727,7.38662,0.00310
6.09969,Recovering,0.83980,0.39956,0.63017,1.19117,9.17570,0.00260
6.10292,Recovering,0.83980,0.39961,0.63114,1.21496,7.37817,0.00322
6.10540,Recovering,0.83980,0.39964,0.63189,1.23859,9.51031,0.00248
6.10856,Recovering,0.83980,0.39968,0.63287,1.26129,7.18447,0.00316
6.11142,Recovering,0.83980,0.39971,0.63377,1.28573,8.55764,0.00286
6.11414,Recovering,0.83980,0.39974,0.63464,1.30796,8.17485,0.00272
6.11712,Recovering,0.83980,0.39977,0.63561,1.33046,7.54004,0.00298
6.11992,Recovering,0.83980,0.39980,0.63653,1.35314,8.10822,0.00280
6.12360,Recovering,0.83980,0.39984,0.63776,1.37811,6.78522,0.00368
6.12662,Recovering,0.83980,0.39986,0.63879,1.40416,8.63524,0.00302
6.12949,Recovering,0.83980,0.39988,0.63978,1.42611,7.63578,0.00288
6.13186,Recovering,0.83980,0.39990,0.64061,1.44556,8.21415,0.00237
6.13443,Recovering,0.83980,0.39992,0.64152,1.46307,6.80283,0.00257
6.13786,Recovering,0.83980,0.39994,0.64274,1.48412,6.13904,0.00343
6.14065,Recovering,0.83980,0.39996,0.64376,1.50636,7.98583,0.00279
6.14403,Recovering,0.83980,0.39998,0.64500,1.52734,6.19060,0.00339
6.14700,Recovering,0.83980,0.40000,0.64610,1.54896,7.30350,0.00296
6.15077,Recovering,0.83980,0.40001,0.64753,1.57079,5.79032,0.00377
6.15405,Recovering,0.83980,0.40003,0.64878,1.59358,6.92672,0.00329
6.15718,Recovering,0.83980,0.40004,0.64999,1.61320,6.26859,0.00313
6.16018,Recovering,0.83980,0.40005,0.65116,1.63108,5.97162,0.00300
6.16326,Recovering,0.83980,0.40007,0.65238,1.64829,5.57925,0.00308
6.16643,Recovering,0.83980,0.40008,0.65364,1.66523,5.35347,0.00316
6.17003,Recovering,0.83980,0.40010,0.65509,1.68309,4.95795,0.00360
6.17308,Recovering,0.83980,0.40012,0.65633,1.70027,5.62528,0.00305
6.17583,Recovering,0.83980,0.40013,0.65745,1.71406,5.02510,0.00275
6.17834,Recovering,0.83980,0.40015,0.65849,1.72602,4.76913,0.00251
6.18068,Recovering,0.83980,0.40016,0.65946,1.73638,4.41433,0.00235
6.18348,Recovering,0.83980,0.40018,0.66062,1.74692,3.76602,0.00280
6.18733,Recovering,0.83980,0.40020,0.66224,1.76048,3.52481,0.00384
6.19068,Recovering,0.83980,0.40022,0.66365,1.77482,4.28391,0.00335
6.19392,Recovering,0.83980,0.40024,0.66504,1.78702,3.76087,0.00324
6.19670,Recovering,0.83980,0.40026,0.66623,1.79738,3.72470,0.00278
6.19988,Recovering,0.83980,0.40028,0.66759,1.80653,2.87349,0.00318
6.20289,Recovering,0.83980,0.40030,0.66889,1.81591,3.12366,0.00300
6.20599,Recovering,0.83980,0.40031,0.67024,1.82426,2.68972,0.00311
6.20949,Recovering,0.83980,0.40033,0.67176,1.83263,2.39511,0.00349
6.21245,Recovering,0.83980,0.40034,0.67306,1.84039,2.61758,0.00297
6.21570,Recovering,0.83980,0.40036,0.67449,1.84668,1.93735,0.00325
6.21926,Recovering,0.83980,0.40037,0.67606,1.85295,1.75900,0.00357
6.22224,Recovering,0.83980,0.40039,0.67737,1.85872,1.93843,0.00298
6.22524,Recovering,0.83980,0.40040,0.67870,1.86269,1.32230,0.00300
6.22810,Recovering,0.83980,0.40041,0.67997,1.86624,1.23993,0.00286
6.23114,Recovering,0.83980,0.40042,0.68132,1.86884,0.85601,0.00303
6.23456,Recovering,0.83980,0.40043,0.68284,1.87106,0.64898,0.00343
6.23792,Recovering,0.83980,0.40044,0.68434,1.87291,0.55019,0.00336
6.24152,Recovering,0.83980,0.40045,0.68594,1.87414,0.34428,0.00359
6.24446,Recovering,0.83980,0.40046,0.68725,1.87472,0.19588,0.00294
6.24784,Recovering,0.83980,0.40047,0.68876,1.87414,0.17202,0.00338
6.25151,Recovering,0.83980,0.40048,0.69039,1.87276,0.37665,0.00367
6.25442,Recovering,0.83980,0.40048,0.69169,1.87107,0.57921,0.00291
6.25731,Recovering,0.83980,0.40049,0.69297,1.86844,0.91326,0.00288
6.26018,Recovering,0.83980,0.40050,0.69424,1.86537,1.06665,0.00287
6.26343,Recovering,0.83980,0.40050,0.69568,1.86134,1.24236,0.00325
6.26621,Recovering,0.83980,0.40051,0.69691,1.85746,1.39321,0.00278
6.26982,Recovering,0.83980,0.40051,0.69850,1.85203,1.50151,0.00361
6.27242,Recovering,0.83980,0.40052,0.69964,1.84685,1.99349,0.00260
6.27484,Recovering,0.83980,0.40052,0.70070,1.84162,2.16482,0.00242
6.27732,Recovering,0.83980,0.40053,0.70178,1.83622,2.17705,0.00248
6.27979,Recovering,0.83980,0.40053,0.70286,1.83029,2.39770,0.00247
6.28294,Recovering,0.83980,0.40053,0.70422,1.82304,2.30478,0.00315
6.28599,Recovering,0.83980,0.40054,0.70554,1.81538,2.50780,0.00305
6.29015,Recovering,0.83980,0.40054,0.70733,1.80538,2.40441,0.00416
6.29286,Recovering,0.83980,0.40054,0.70849,1.79618,3.39164,0.00271
6.29639,Recovering,0.83980,0.40055,0.70998,1.78593,2.91106,0.00352
6.29921,Recovering,0.83980,0.40055,0.71118,1.77586,3.57074,0.00282
6.30190,Recovering,0.83980,0.40055,0.71231,1.76625,3.56382,0.00270
6.30488,Recovering,0.83980,0.40056,0.71356,1.75595,3.45596,0.00298
6.30825,Recovering,0.83980,0.40064,0.71496,1.74333,3.74640,0.00337
6.31150,Recovering,0.83980,0.40072,0.71629,1.72867,4.51026,0.00325
6.31429,Recovering,0.83980,0.40079,0.71743,1.71407,5.23674,0.00279
6.31691,Recovering,0.83980,0.40086,0.71849,1.69977,5.46184,0.00262
6.31941,Recovering,0.83980,0.40092,0.71950,1.68530,5.79106,0.00250
6.32190,Recovering,0.83980,0.40098,0.72049,1.67053,5.91929,0.00250
6.32496,Recovering,0.83980,0.40105,0.72169,1.65318,5.68103,0.00305
6.32845,Recovering,0.83980,0.40107,0.72305,1.63147,6.20665,0.00350
6.33191,Recovering,0.83980,0.40109,0.72438,1.60690,7.10701,0.00346
6.33459,Recovering,0.83980,0.40111,0.72539,1.58411,8.49674,0.00268
6.33777,Recovering,0.83980,0.40113,0.72657,1.56047,7.43334,0.00318
6.34083,Recovering,0.83980,0.40115,0.72769,1.53492,8.37011,0.00305
6.34404,Recovering,0.83980,0.40118,0.72885,1.50813,8.33486,0.00321
6.34734,Recovering,0.83980,0.40117,0.73001,1.47950,8.67960,0.00330
6.35090,Recovering,0.83980,0.40116,0.73124,1.44816,8.80534,0.00356
6.35412,Recovering,0.83980,0.40115,0.73233,1.41673,9.74685,0.00322
6.35703,Recovering,0.83980,0.40115,0.73330,1.38774,9.97007,0.00291
6.36024,Recovering,0.83980,0.40114,0.73434,1.35811,9.23791,0.00321
6.36305,Recovering,0.83980,0.40113,0.73523,1.32893,10.38056,0.00281
6.36572,Recovering,0.83980,0.40112,0.73606,1.30218,10.02625,0.00267
6.36891,Recovering,0.83980,0.40112,0.73703,1.27293,9.15665,0.00319
6.37143,Recovering,0.83980,0.40111,0.73778,1.24498,11.08219,0.00252
6.37464,Recovering,0.83980,0.40111,0.73871,1.21636,8.92914,0.00320
6.37912,Recovering,0.83980,0.40110,0.73997,1.17787,8.58509,0.00448
6.38243,Recovering,0.83980,0.40110,0.74087,1.13981,11.51009,0.00331
6.38508,Recovering,0.83980,0.40109,0.74157,1.11094,10.88613,0.00265
6.38907,Recovering,0.83980,0.40109,0.74260,1.07825,8.18587,0.00399
6.39198,Recovering,0.83980,0.40109,0.74333,1.04545,11.29095,0.00290
6.39528,Recovering,0.83980,0.40108,0.74413,1.01594,8.92514,0.00331
6.39806,Recovering,0.83980,0.40108,0.74479,0.98765,10.18532,0.00278
6.40151,Recovering,0.83980,0.40107,0.74558,0.95890,8.34434,0.00345
6.40466,Recovering,0.83980,0.40107,0.74628,0.92904,9.47383,0.00315
6.40795,Recovering,0.83980,0.40107,0.74698,0.90039,8.69564,0.00329
6.41112,Recovering,0.83980,0.40106,0.74764,0.87216,8.92454,0.00316
6.41392,Recovering,0.83980,0.40106,0.74821,0.84668,9.08535,0.00280
6.41644,Recovering,0.83980,0.40106,0.74871,0.82438,8.84836,0.00252
6.41926,Recovering,0.83980,0.40106,0.74925,0.80245,7.77989,0.00282
6.42259,Recovering,0.83980,0.40105,0.74987,0.77743,7.52405,0.00332
6.42528,Recovering,0.83980,0.40105,0.75035,0.75377,8.78827,0.00269
6.42879,Recovering,0.83980,0.40105,0.75096,0.72970,6.85413,0.00351
6.43169,Recovering,0.83980,0.40105,0.75145,0.70569,8.26967,0.00290
6.43448,Recovering,0.83980,0.40104,0.75191,0.68476,7.51939,0.00278
6.43782,Recovering,0.83980,0.40104,0.75244,0.66267,6.60297,0.00334
6.44062,Recovering,0.83980,0.40104,0.75287,0.64135,7.62383,0.00280
6.44414,Recovering,0.83980,0.40104,0.75339,0.61971,6.14079,0.00352
6.44710,Recovering,0.83980,0.40103,0.75381,0.59826,7.25314,0.00296
6.45070,Recovering,0.83980,0.40103,0.75431,0.57711,5.86867,0.00360
6.45365,Recovering,0.83980,0.40103,0.75470,0.55677,6.90875,0.00294
6.45661,Recovering,0.83980,0.40103,0.75509,0.53882,6.05034,0.00297
6.45947,Recovering,0.83980,0.40103,0.75544,0.52166,6.00493,0.00286
6.46207,Recovering,0.83980,0.40102,0.75576,0.50607,6.00415,0.00260
6.46450,Recovering,0.83980,0.40102,0.75604,0.49202,5.78166,0.00243
6.46722,Recovering,0.83980,0.40102,0.75635,0.47794,5.17663,0.00272
6.47217,Recovering,0.83980,0.40102,0.75690,0.45744,4.14028,0.00495
6.47506,Recovering,0.83980,0.40102,0.75720,0.43762,6.84659,0.00289
6.47819,Recovering,0.83980,0.40102,0.75752,0.42285,4.73514,0.00312
6.48276,Recovering,0.83980,0.40102,0.75796,0.40449,4.01163,0.00458
6.48640,Recovering,0.83980,0.40102,0.75830,0.38581,5.12721,0.00364
6.48988,Recovering,0.83980,0.40101,0.75860,0.37036,4.44456,0.00348
6.49309,Recovering,0.83980,0.40101,0.75888,0.35616,4.41840,0.00321
6.49568,Recovering,0.83980,0.40101,0.75909,0.34436,4.56869,0.00258
6.49875,Recovering,0.83980,0.40101,0.75934,0.33313,3.65511,0.00307
6.50153,Recovering,0.83980,0.40101,0.75955,0.32196,4.00904,0.00279
6.50445,Recovering,0.83980,0.40101,0.75977,0.31138,3.62934,0.00292
6.50733,Recovering,0.83980,0.40101,0.75998,0.30086,3.65053,0.00288
6.51081,Recovering,0.83980,0.40101,0.76022,0.28977,3.18619,0.00348
6.51329,Recovering,0.83980,0.40101,0.76038,0.27990,3.98341,0.00248
6.51605,Recovering,0.83980,0.40101,0.76056,0.27128,3.12058,0.00276
6.51972,Recovering,0.83980,0.40101,0.76079,0.26113,2.76963,0.00367
6.52259,Recovering,0.83980,0.40101,0.76096,0.25124,3.44286,0.00287
6.52594,Recovering,0.83980,0.40101,0.76116,0.24201,2.75379,0.00335
6.52966,Recovering,0.83980,0.40101,0.76137,0.23196,2.70388,0.00372
6.53504,Recovering,0.83980,0.40101,0.76165,0.21973,2.27233,0.00538
6.53849,Recovering,0.83980,0.40101,0.76182,0.20842,3.28197,0.00344
6.54192,Recovering,0.83980,0.40101,0.76199,0.20000,2.45017,0.00344
6.54521,Recovering,0.83980,0.40101,0.76214,0.19206,2.41402,0.00329
6.54906,Recovering,0.83980,0.40101,0.76231,0.18403,2.08511,0.00385
6.55214,Recovering,0.83980,0.40101,0.76244,0.17652,2.44107,0.00308
6.55525,Recovering,0.83980,0.40101,0.76256,0.17006,2.07681,0.00311
6.55798,Recovering,0.83980,0.40101,0.76267,0.16410,2.18293,0.00273
6.56074,Recovering,0.83980,0.40101,0.76278,0.15875,1.93642,0.00276
6.56398,Recovering,0.83980,0.40101,0.76290,0.15311,1.74153,0.00324
6.56773,Recovering,0.83980,0.40101,0.76303,0.14681,1.68002,0.00375
6.57128,Recovering,0.83980,0.40101,0.76315,0.14043,1.80057,0.00355
6.57485,Recovering,0.83980,0.40101,0.76326,0.13457,1.63931,0.00357
6.57811,Recovering,0.83980,0.40101,0.76336,0.12911,1.67664,0.00326
6.58339,Recovering,0.83980,0.40101,0.76352,0.12260,1.23322,0.00529
6.58709,Recovering,0.83980,0.40101,0.76362,0.11614,1.74596,0.00370
6.59097,Recovering,0.83980,0.40100,0.76372,0.11091,1.34803,0.00388
6.59409,Recovering,0.83980,0.40100,0.76380,0.10632,1.47215,0.00312
6.59714,Recovering,0.83980,0.40100,0.76388,0.10243,1.27575,0.00305
6.59986,Recovering,0.83980,0.40100,0.76394,0.09886,1.31027,0.00273
6.60284,Recovering,0.83980,0.40100,0.76401,0.09557,1.10154,0.00298
6.60568,Recovering,0.83980,0.40100,0.76407,0.09215,1.20511,0.00284
6.60859,Recovering,0.83980,0.40100,0.76414,0.08904,1.07104,0.00291
6.61099,Recovering,0.83980,0.40100,0.76419,0.08630,1.13948,0.00240
6.61360,Recovering,0.83980,0.40100,0.76424,0.08372,0.98996,0.00261
6.61708,Recovering,0.83980,0.40100,0.76431,0.08075,0.85119,0.00349
6.61979,Recovering,0.83980,0.40101,0.76436,0.07781,1.08904,0.00271
6.62352,Recovering,0.83980,0.40101,0.76442,0.07483,0.79863,0.00373
6.62642,Recovering,0.83980,0.40101,0.76447,0.07191,1.00570,0.00290
6.62981,Recovering,0.83980,0.40101,0.76453,0.06925,0.78336,0.00339
6.63276,Recovering,0.83980,0.40101,0.76458,0.06673,0.85689,0.00295
6.63581,Recovering,0.83980,0.40101,0.76463,0.06438,0.77012,0.00305
6.63909,Recovering,0.83980,0.40100,0.76467,0.06200,0.72291,0.00328
6.64242,Recovering,0.83980,0.40100,0.76472,0.05969,0.69556,0.00333
6.64571,Recovering,0.83980,0.40100,0.76477,0.05734,0.71479,0.00329
6.64903,Recovering,0.83980,0.40100,0.76481,0.05520,0.64477,0.00331
6.65200,Recovering,0.83980,0.40100,0.76485,0.05320,0.67323,0.00297
6.65511,Recovering,0.83980,0.40100,0.76489,0.05141,0.57597,0.00311
6.65760,Recovering,0.83980,0.40100,0.76492,0.04971,0.68168,0.00249
6.66015,Recovering,0.83980,0.40100,0.76495,0.04821,0.58813,0.00255
6.66307,Recovering,0.83980,0.40100,0.76498,0.04668,0.52351,0.00292
6.66652,Recovering,0.83980,0.40100,0.76502,0.04500,0.48763,0.00345
6.66974,Recovering,0.83980,0.40100,0.76505,0.04328,0.53345,0.00322
6.67308,Recovering,0.83980,0.40100,0.76509,0.04177,0.45164,0.00334
6.67588,Recovering,0.83980,0.40100,0.76511,0.04029,0.53261,0.00280
6.67917,Recovering,0.83980,0.40100,0.76514,0.03889,0.42240,0.00330
6.68203,Recovering,0.83980,0.40100,0.76517,0.03750,0.48629,0.00286
6.68528,Recovering,0.83980,0.40100,0.76520,0.03629,0.37276,0.00324
6.68893,Recovering,0.83980,0.40100,0.76523,0.03493,0.37274,0.00365
6.69168,Recovering,0.83980,0.40100,0.76525,0.03372,0.43881,0.00275
6.69471,Recovering,0.83980,0.40100,0.76527,0.03266,0.35175,0.00302
6.69770,Recovering,0.83980,0.40100,0.76530,0.03158,0.36240,0.00299
6.70071,Recovering,0.83980,0.40100,0.76532,0.03064,0.31025,0.00301
6.70364,Recovering,0.83980,0.40100,0.76534,0.02970,0.32260,0.00293
6.70602,Recovering,0.83980,0.40100,0.76536,0.02881,0.37078,0.00238
6.70881,Recovering,0.83980,0.40100,0.76538,0.02816,0.23327,0.00279
6.71128,Recovering,0.83980,0.40100,0.76539,0.02739,0.31200,0.00247
6.71435,Recovering,0.83980,0.40100,0.76541,0.02658,0.26456,0.00307
6.71708,Recovering,0.83980,0.40100,0.76543,0.02585,0.26597,0.00273
6.72030,Recovering,0.83980,0.40100,0.76545,0.02516,0.21535,0.00322
6.72300,Recovering,0.83980,0.40100,0.76547,0.02437,0.29269,0.00270
6.72558,Recovering,0.83980,0.40100,0.76548,0.02382,0.21363,0.00258
6.72915,Recovering,0.83980,0.40100,0.76550,0.02309,0.20348,0.00358
6.73503,Recovering,0.83980,0.40100,0.76553,0.02211,0.16654,0.00587
6.73819,Recovering,0.83980,0.40100,0.76555,0.02128,0.26438,0.00317
6.74114,Recovering,0.83980,0.40100,0.76556,0.02064,0.21667,0.00294
6.74438,Recovering,0.83980,0.40100,0.76558,0.02004,0.18408,0.00324
6.74696,Recovering,0.83980,0.40100,0.76559,0.01958,0.17843,0.00258
6.74984,Recovering,0.83980,0.40100,0.76560,0.01912,0.15948,0.00288
6.75266,Recovering,0.83980,0.40100,0.76562,0.01866,0.16537,0.00282
6.75584,Recovering,0.83980,0.40100,0.76563,0.01819,0.14493,0.00318
6.75881,Recovering,0.83980,0.40100,0.76564,0.01768,0.17262,0.00297
6.76190,Recovering,0.83980,0.40100,0.76566,0.01721,0.15096,0.00309
6.76501,Recovering,0.83980,0.40100,0.76567,0.01682,0.12780,0.00311
6.76839,Recovering,0.83980,0.40100,0.76568,0.01636,0.13547,0.00337
6.77129,Recovering,0.83980,0.40100,0.76569,0.01597,0.13450,0.00291
6.77446,Recovering,0.83980,0.40100,0.76571,0.01559,0.11991,0.00316
6.77746,Recovering,0.83980,0.40100,0.76572,0.01516,0.14239,0.00300
6.78027,Recovering,0.83980,0.40100,0.76573,0.01491,0.09114,0.00281
6.78332,Recovering,0.83980,0.40100,0.76574,0.01457,0.11113,0.00305
6.78606,Recovering,0.83980,0.40100,0.76575,0.01423,0.12362,0.00274
6.78929,Recovering,0.83980,0.40100,0.76576,0.01391,0.09979,0.00322
6.79247,Recovering,0.83980,0.40100,0.76577,0.01358,0.10099,0.00319
6.79528,Recovering,0.83980,0.40100,0.76578,0.01324,0.12422,0.00281
6.79785,Recovering,0.83980,0.40100,0.76579,0.01309,0.05791,0.00256
6.80065,Recovering,0.83980,0.40100,0.76580,0.01280,0.10313,0.00280
6.80392,Recovering,0.83980,0.40100,0.76581,0.01248,0.09846,0.00327
6.80692,Recovering,0.83980,0.40100,0.76582,0.01223,0.08258,0.00300
6.81074,Recovering,0.83980,0.40100,0.76583,0.01188,0.09109,0.00382
6.81368,Recovering,0.83980,0.40100,0.76583,0.01165,0.07951,0.00294
6.81672,Recovering,0.83980,0.40100,0.76584,0.01142,0.07599,0.00304
6.81963,Recovering,0.83980,0.40100,0.76585,0.01118,0.08013,0.00291
6.82251,Recovering,0.83980,0.40100,0.76586,0.01099,0.06686,0.00288
6.82754,Recovering,0.83980,0.40100,0.76587,0.01060,0.07804,0.00502
6.83161,Recovering,0.83980,0.40100,0.76588,0.01034,0.06409,0.00407
6.83451,Recovering,0.83980,0.40100,0.76589,0.01008,0.08890,0.00290
6.83744,Recovering,0.83980,0.40100,0.76590,0.00991,0.05912,0.00294
6.84052,Recovering,0.83980,0.40100,0.76590,0.00961,0.09624,0.00308
6.84370,Recovering,0.83980,0.40100,0.76591,0.00948,0.04022,0.00318
6.84721,Recovering,0.83980,0.40100,0.76592,0.00920,0.07893,0.00350
6.85055,Recovering,0.83980,0.40100,0.76593,0.00909,0.03517,0.00335
6.85311,Recovering,0.83980,0.40100,0.76593,0.00888,0.08222,0.00256
6.85555,Recovering,0.83980,0.40100,0.76594,0.00886,0.00711,0.00244
6.85941,Recovering,0.83980,0.40100,0.76595,0.00856,0.07718,0.00386
6.86315,Recovering,0.83980,0.40100,0.76595,0.00839,0.04512,0.00373
6.86655,Recovering,0.83980,0.40100,0.76596,0.00817,0.06463,0.00340
6.86989,Recovering,0.83980,0.40100,0.76597,0.00797,0.05940,0.00334
6.87328,Recovering,0.83980,0.40100,0.76597,0.00783,0.04201,0.00340
6.87644,Recovering,0.83980,0.40101,0.76598,0.00770,0.04317,0.00315
6.87963,Recovering,0.83980,0.40101,0.76599,0.00748,0.06769,0.00320
6.88265,Recovering,0.83980,0.40101,0.76599,0.00744,0.01461,0.00302
6.88613,Recovering,0.83980,0.40101,0.76600,0.00721,0.06583,0.00348
6.88958,Recovering,0.83980,0.40101,0.76600,0.00710,0.03010,0.00345
6.89225,Recovering,0.83980,0.40101,0.76601,0.00687,0.08529,0.00266
6.89471,Recovering,0.83980,0.40101,0.76601,0.00684,0.01482,0.00246
6.89726,Recovering,0.83980,0.40101,0.76602,0.00657,0.10607,0.00255
6.90090,Recovering,0.83980,0.40100,0.76602,0.00658,0.00351,0.00364
6.90400,Recovering,0.83980,0.40100,0.76603,0.00638,0.06453,0.00309
6.90717,Recovering,0.83980,0.40101,0.76603,0.00629,0.02732,0.00317
6.91095,Recovering,0.83980,0.40101,0.76604,0.00618,0.03028,0.00378
6.91386,Recovering,0.83980,0.40101,0.76604,0.00611,0.02242,0.00291
6.91717,Recovering,0.83980,0.40101,0.76605,0.00586,0.07740,0.00331
6.92022,Recovering,0.83980,0.40101,0.76605,0.00587,0.00463,0.00305
6.92355,Recovering,0.83980,0.40101,0.76606,0.00574,0.04141,0.00333
6.92632,Recovering,0.83980,0.40101,0.76606,0.00559,0.05397,0.00277
6.92967,Recovering,0.83980,0.40101,0.76607,0.00551,0.02235,0.00336
6.93244,Recovering,0.83980,0.40101,0.76607,0.00542,0.03351,0.00277
6.93561,Recovering,0.83980,0.40101,0.76607,0.00531,0.03515,0.00317
6.93887,Recovering,0.83980,0.40101,0.76608,0.00514,0.05045,0.00327
6.94144,Recovering,0.83980,0.40101,0.76608,0.00504,0.04081,0.00257
6.94393,Recovering,0.83980,0.40101,0.76608,0.00508,0.01866,0.00249
6.94642,Recovering,0.83980,0.40101,0.76609,0.00499,0.03854,0.00249
6.95005,Recovering,0.83980,0.40101,0.76609,0.00479,0.05330,0.00363
6.95269,Recovering,0.83980,0.40101,0.76610,0.00465,0.05350,0.00265
6.95629,Recovering,0.83980,0.40101,0.76610,0.00470,0.01349,0.00359
6.95913,Recovering,0.83980,0.40101,0.76610,0.00453,0.05917,0.00285
6.96172,Recovering,0.83980,0.40101,0.76611,0.00442,0.04388,0.00259
6.96510,Recovering,0.83980,0.40101,0.76611,0.00435,0.02004,0.00338
6.96880,Recovering,0.83980,0.40101,0.76611,0.00430,0.01293,0.00370
6.97207,Recovering,0.83980,0.40101,0.76612,0.00423,0.02117,0.00327
6.97477,Recovering,0.83980,0.40101,0.76612,0.00415,0.02995,0.00270
6.97799,Recovering,0.83980,0.40101,0.76612,0.00403,0.03819,0.00323
6.98105,Recovering,0.83980,0.40101,0.76613,0.00394,0.02901,0.00305
6.98462,Recovering,0.83980,0.40101,0.76613,0.00394,0.00086,0.00357
6.98819,Recovering,0.83980,0.40101,0.76613,0.00381,0.03580,0.00357
6.99078,Recovering,0.83980,0.40101,0.76614,0.00371,0.03738,0.00259
6.99325,Recovering,0.83980,0.40101,0.76614,0.00369,0.00927,0.00247
6.99631,Recovering,0.83980,0.40101,0.76614,0.00354,0.04860,0.00305
6.99982,Recovering,0.83980,0.40101,0.76614,0.00362,0.02205,0.00352
7.00269,Recovering,0.83980,0.40101,0.76615,0.00348,0.05024,0.00287
7.00588,Recovering,0.83980,0.40101,0.76615,0.00343,0.01588,0.00319
7.00890,Recovering,0.83980,0.40101,0.76615,0.00339,0.01334,0.00301
7.01192,Recovering,0.83980,0.40101,0.76615,0.00330,0.02896,0.00302
7.01469,Recovering,0.83980,0.40101,0.76616,0.00329,0.00128,0.00277
7.01776,Recovering,0.83980,0.40101,0.76616,0.00313,0.05457,0.00307
7.02084,Recovering,0.83980,0.40101,0.76616,0.00307,0.01693,0.00308
7.02447,Recovering,0.83980,0.40101,0.76616,0.00300,0.01988,0.00363
7.02841,Recovering,0.83980,0.40101,0.76617,0.00299,0.00400,0.00393
7.03182,Recovering,0.83980,0.40101,0.76617,0.00285,0.04137,0.00341
7.03476,Recovering,0.83980,0.40101,0.76617,0.00281,0.01307,0.00294
7.03734,Recovering,0.83980,0.40101,0.76617,0.00269,0.04439,0.00258
7.03964,Recovering,0.83980,0.40101,0.76618,0.00281,0.05238,0.00230
7.04223,Recovering,0.83980,0.40101,0.76618,0.00272,0.03455,0.00259
7.04534,Recovering,0.83980,0.40101,0.76618,0.00266,0.02162,0.00311
7.04916,Recovering,0.83980,0.40101,0.76618,0.00254,0.03002,0.00381
7.05223,Recovering,0.83980,0.40101,0.76618,0.00253,0.00401,0.00307
7.05564,Recovering,0.83980,0.40101,0.76619,0.00239,0.04215,0.00341
7.05881,Recovering,0.83980,0.40101,0.76619,0.00241,0.00782,0.00317
7.06204,Recovering,0.83980,0.40101,0.76619,0.00237,0.01226,0.00323
7.06471,Recovering,0.83980,0.40101,0.76619,0.00233,0.01629,0.00267
7.06859,Recovering,0.83980,0.40101,0.76619,0.00228,0.01326,0.00388
7.07134,Recovering,0.83980,0.40101,0.76620,0.00213,0.05282,0.00275
7.07436,Recovering,0.83980,0.40101,0.76620,0.00225,0.04056,0.00302
7.07749,Recovering,0.83980,0.40101,0.76620,0.00214,0.03777,0.00313
7.08017,Recovering,0.83980,0.40101,0.76620,0.00214,0.00058,0.00268
7.08260,Recovering,0.83980,0.40101,0.76620,0.00216,0.00925,0.00243
7.08570,Recovering,0.83980,0.40101,0.76620,0.00197,0.06159,0.00309
7.08974,Recovering,0.83980,0.40101,0.76621,0.00198,0.00232,0.00404
7.09257,Recovering,0.83980,0.40101,0.76621,0.00198,0.00085,0.00283
7.09587,Recovering,0.83980,0.40101,0.76621,0.00195,0.00866,0.00330
7.09865,Recovering,0.83980,0.40101,0.76621,0.00193,0.00725,0.00278
7.10160,Recovering,0.83980,0.40101,0.76621,0.00186,0.02411,0.00295
7.10480,Recovering,0.83980,0.40101,0.76621,0.00178,0.02411,0.00321
7.10821,Recovering,0.83980,0.40101,0.76622,0.00172,0.01931,0.00340
7.11114,Recovering,0.83980,0.40101,0.76622,0.00170,0.00432,0.00294
7.11422,Recovering,0.83980,0.40101,0.76622,0.00170,0.00071,0.00308
7.11745,Recovering,0.83980,0.40101,0.76622,0.00174,0.01033,0.00323
7.12050,Recovering,0.83980,0.40101,0.76622,0.00164,0.03131,0.00305
7.12378,Recovering,0.83980,0.40101,0.76622,0.00163,0.00190,0.00328
7.12669,Recovering,0.83980,0.40101,0.76622,0.00152,0.03904,0.00290
7.12963,Recovering,0.83980,0.40101,0.76623,0.00154,0.00605,0.00294
7.13219,Recovering,0.83980,0.40101,0.76623,0.00149,0.01814,0.00256
7.13477,Recovering,0.83980,0.40101,0.76623,0.00148,0.00606,0.00258
7.13811,Recovering,0.83980,0.40101,0.76623,0.00143,0.01441,0.00334
7.14232,Recovering,0.83980,0.40101,0.76623,0.00142,0.00294,0.00421
7.14576,Recovering,0.83980,0.40101,0.76623,0.00139,0.00803,0.00344
7.14887,Recovering,0.83980,0.40101,0.76623,0.00138,0.00302,0.00311
7.15220,Recovering,0.83980,0.40101,0.76623,0.00136,0.00561,0.00333
7.15518,Recovering,0.83980,0.40101,0.76624,0.00129,0.02475,0.00297
7.15859,Recovering,0.83980,0.40101,0.76624,0.00126,0.00752,0.00341
7.16133,Recovering,0.83980,0.40101,0.76624,0.00118,0.03055,0.00274
7.16442,Recovering,0.83980,0.40101,0.76624,0.00124,0.01883,0.00310
7.16754,Recovering,0.83980,0.40101,0.76624,0.00127,0.00976,0.00311
7.17077,Recovering,0.83980,0.40101,0.76624,0.00119,0.02513,0.00323
7.17372,Recovering,0.83980,0.40101,0.76624,0.00114,0.01648,0.00295
7.17673,Recovering,0.83980,0.40101,0.76624,0.00112,0.00704,0.00301
7.17973,Recovering,0.83980,0.40101,0.76624,0.00108,0.01121,0.00300
7.18238,Recovering,0.83980,0.40101,0.76624,0.00113,0.01796,0.00265
7.18499,Recovering,0.83980,0.40101,0.76625,0.00106,0.02588,0.00261
7.18824,Recovering,0.83980,0.40101,0.76625,0.00100,0.01928,0.00325
7.19090,Recovering,0.83980,0.40101,0.76625,0.00104,0.01680,0.00265
7.19408,Recovering,0.83980,0.40101,0.76625,0.00095,0.02965,0.00318
7.19704,Recovering,0.83980,0.40101,0.76625,0.00102,0.02361,0.00296
7.20045,Recovering,0.83980,0.40101,0.76625,0.00096,0.01853,0.00341
7.20332,Recovering,0.83980,0.40101,0.76625,0.00097,0.00484,0.00287
7.20658,Recovering,0.83980,0.40101,0.76625,0.00086,0.03346,0.00326
7.20985,Recovering,0.83980,0.40101,0.76625,0.00086,0.00047,0.00327
7.21322,Recovering,0.83980,0.40101,0.76625,0.00083,0.00727,0.00338
7.21673,Recovering,0.83980,0.40101,0.76625,0.00087,0.00985,0.00350
7.21995,Recovering,0.83980,0.40101,0.76625,0.00087,0.00115,0.00322
7.22317,Recovering,0.83980,0.40101,0.76626,0.00084,0.01082,0.00322
7.22600,Recovering,0.83980,0.40101,0.76626,0.00078,0.01907,0.00283
7.22893,Recovering,0.83980,0.40101,0.76626,0.00076,0.00691,0.00293
7.23150,Recovering,0.83980,0.40101,0.76626,0.00086,0.03643,0.00257
7.23748,Recovering,0.83980,0.40101,0.76626,0.00073,0.02119,0.00598
7.24111,Recovering,0.83980,0.40101,0.76626,0.00073,0.00151,0.00362
7.24395,Recovering,0.83980,0.40101,0.76626,0.00071,0.00669,0.00284
7.24680,Recovering,0.83980,0.40101,0.76626,0.00067,0.01401,0.00285
7.25029,Recovering,0.83980,0.40101,0.76626,0.00072,0.01593,0.00349
7.25328,Recovering,0.83980,0.40101,0.76626,0.00068,0.01470,0.00299
7.25668,Recovering,0.83980,0.40101,0.76626,0.00068,0.00045,0.00339
7.26008,Recovering,0.83980,0.40101,0.76626,0.00064,0.00965,0.00341
7.26334,Recovering,0.83980,0.40101,0.76626,0.00064,0.00246,0.00325
7.26649,Recovering,0.83980,0.40101,0.76626,0.00065,0.00498,0.00316
7.27028,Recovering,0.83980,0.40101,0.76627,0.00062,0.00917,0.00379
7.27305,Recovering,0.83980,0.40101,0.76627,0.00058,0.01429,0.00277
7.27564,Recovering,0.83980,0.40101,0.76627,0.00069,0.04326,0.00259
7.27821,Recovering,0.83980,0.40101,0.76627,0.00054,0.05877,0.00257
7.28077,Recovering,0.83980,0.40101,0.76627,0.00054,0.00018,0.00256
7.28407,Recovering,0.83980,0.40101,0.76627,0.00057,0.01042,0.00330
7.28695,Recovering,0.83980,0.40101,0.76627,0.00056,0.00334,0.00288
7.29094,Recovering,0.83980,0.40101,0.76627,0.00055,0.00378,0.00399
7.29383,Recovering,0.83980,0.40101,0.76627,0.00060,0.01765,0.00289
7.29743,Recovering,0.83980,0.40101,0.76627,0.00052,0.02300,0.00360
7.30007,Recovering,0.83980,0.40101,0.76627,0.00053,0.00449,0.00264
7.30290,Recovering,0.83980,0.40101,0.76627,0.00054,0.00547,0.00282
7.30578,Recovering,0.83980,0.40101,0.76627,0.00053,0.00287,0.00289
7.30930,Recovering,0.83980,0.40101,0.76627,0.00052,0.00375,0.00352
7.31220,Recovering,0.83980,0.40101,0.76627,0.00053,0.00435,0.00290
7.31500,Recovering,0.83980,0.40101,0.76627,0.00051,0.00836,0.00280
7.31808,Recovering,0.83980,0.40101,0.76627,0.00049,0.00823,0.00308
7.32097,Recovering,0.83980,0.40101,0.76627,0.00053,0.01692,0.00289
7.32380,Recovering,0.83980,0.40101,0.76627,0.00045,0.02860,0.00283
7.32651,Recovering,0.83980,0.40101,0.76627,0.00046,0.00208,0.00271
7.33017,Recovering,0.83980,0.40101,0.76627,0.00047,0.00177,0.00365
7.33331,Recovering,0.83980,0.40101,0.76627,0.00048,0.00553,0.00314
7.33601,Recovering,0.83980,0.40101,0.76628,0.00046,0.00896,0.00269
7.33957,Recovering,0.83980,0.40101,0.76628,0.00043,0.00734,0.00356
7.34237,Recovering,0.83980,0.40101,0.76628,0.00045,0.00709,0.00281
7.34553,Recovering,0.83980,0.40101,0.76628,0.00044,0.00432,0.00315
7.34859,Recovering,0.83980,0.40101,0.76628,0.00044,0.00048,0.00306
7.35142,Recovering,0.83980,0.40101,0.76628,0.00041,0.01014,0.00284
7.35465,Recovering,0.83980,0.40101,0.76628,0.00043,0.00780,0.00323
7.35771,Recovering,0.83980,0.40101,0.76628,0.00040,0.01056,0.00306
7.36069,Recovering,0.83980,0.40101,0.76628,0.00040,0.00118,0.00298
7.36358,Recovering,0.83980,0.40101,0.76628,0.00038,0.00743,0.00289
7.36611,Recovering,0.83980,0.40101,0.76628,0.00038,0.00210,0.00253
7.36914,Recovering,0.83980,0.40101,0.76628,0.00040,0.00805,0.00302
7.37210,Recovering,0.83980,0.40101,0.76628,0.00038,0.00672,0.00296
7.37541,Recovering,0.83980,0.40101,0.76628,0.00040,0.00401,0.00331
7.37820,Recovering,0.83980,0.40101,0.76628,0.00037,0.01092,0.00279
7.38140,Recovering,0.83980,0.40101,0.76628,0.00040,0.01123,0.00320
7.38426,Recovering,0.83980,0.40101,0.76628,0.00038,0.00867,0.00285
7.38764,Recovering,0.83980,0.40101,0.76628,0.00038,0.00103,0.00339
7.39076,Recovering,0.83980,0.40101,0.76628,0.00040,0.00636,0.00312
7.39362,Recovering,0.83980,0.40101,0.76628,0.00036,0.01229,0.00286
7.39642,Recovering,0.83980,0.40101,0.76628,0.00038,0.00538,0.00280
7.39955,Recovering,0.83980,0.40101,0.76628,0.00038,0.00019,0.00313
7.40238,Recovering,0.83980,0.40101,0.76628,0.00036,0.00581,0.00283
7.40522,Recovering,0.83980,0.40101,0.76628,0.00037,0.00133,0.00284
7.40887,Recovering,0.83980,0.40101,0.76628,0.00040,0.00793,0.00365
7.41183,Recovering,0.83980,0.40101,0.76628,0.00038,0.00500,0.00297
7.41461,Recovering,0.83980,0.40101,0.76628,0.00035,0.01037,0.00278
7.41745,Recovering,0.83980,0.40101,0.76628,0.00038,0.00977,0.00283
7.42032,Recovering,0.83980,0.40101,0.76628,0.00038,0.00045,0.00288
7.42345,Recovering,0.83980,0.40101,0.76628,0.00036,0.00527,0.00313
7.42610,Recovering,0.83980,0.40101,0.76628,0.00039,0.00911,0.00265
7.43003,Recovering,0.83980,0.40101,0.76628,0.00037,0.00513,0.00393
7.43271,Recovering,0.83980,0.40101,0.76628,0.00038,0.00473,0.00268
7.43617,Recovering,0.83980,0.40101,0.76628,0.00037,0.00270,0.00347
7.43868,Recovering,0.83980,0.40101,0.76628,0.00040,0.01122,0.00251
7.44146,Recovering,0.83980,0.40101,0.76628,0.00036,0.01426,0.00278
7.44432,Recovering,0.83980,0.40101,0.76628,0.00037,0.00419,0.00286
7.44708,Recovering,0.83980,0.40101,0.76628,0.00037,0.00032,0.00276
7.45050,Recovering,0.83980,0.40101,0.76629,0.00038,0.00213,0.00342
7.45365,Recovering,0.83980,0.40101,0.76629,0.00037,0.00368,0.00315
7.45771,Recovering,0.83980,0.40101,0.76629,0.00036,0.00135,0.00406
7.46070,Recovering,0.83980,0.40101,0.76629,0.00037,0.00224,0.00299
7.46373,Recovering,0.83980,0.40101,0.76629,0.00037,0.00067,0.00302
7.46657,Recovering,0.83980,0.40101,0.76629,0.00039,0.00929,0.00284
7.46965,Recovering,0.83980,0.40101,0.76629,0.00037,0.00870,0.00308
7.47197,Recovering,0.83980,0.40101,0.76629,0.00037,0.00288,0.00231
7.47436,Recovering,0.83980,0.40101,0.76629,0.00037,0.00144,0.00240
7.47749,Recovering,0.83980,0.40101,0.76629,0.00037,0.00036,0.00313
7.48042,Recovering,0.83980,0.40101,0.76629,0.00036,0.00359,0.00293
7.48304,Recovering,0.83980,0.40101,0.76629,0.00038,0.00661,0.00262
7.48618,Recovering,0.83980,0.40101,0.76629,0.00037,0.00329,0.00313
7.48953,Recovering,0.83980,0.40101,0.76629,0.00037,0.00032,0.00335
7.49284,Recovering,0.83980,0.40101,0.76629,0.00037,0.00025,0.00331
7.49571,Recovering,0.83980,0.40101,0.76629,0.00038,0.00564,0.00287
7.49892,Recovering,0.83980,0.40101,0.76629,0.00037,0.00396,0.00321
7.50202,Recovering,0.83980,0.40101,0.76629,0.00039,0.00526,0.00310
7.50551,Recovering,0.83980,0.40101,0.76629,0.00038,0.00314,0.00350
7.50871,Recovering,0.83980,0.40101,0.76629,0.00039,0.00368,0.00320
7.51115,Recovering,0.83980,0.40101,0.76629,0.00037,0.00571,0.00243
7.51343,Recovering,0.83980,0.40101,0.76629,0.00037,0.00297,0.00229
7.51601,Recovering,0.83980,0.40101,0.76629,0.00038,0.00473,0.00257
7.51942,Recovering,0.83980,0.40101,0.76629,0.00039,0.00147,0.00342
7.52229,Recovering,0.83980,0.40101,0.76629,0.00038,0.00227,0.00287
7.52537,Recovering,0.83980,0.40101,0.76629,0.00039,0.00207,0.00308
7.52875,Recovering,0.83980,0.40101,0.76629,0.00039,0.00038,0.00337
7.53175,Recovering,0.83980,0.40101,0.76629,0.00038,0.00218,0.00300
7.53473,Recovering,0.83980,0.40101,0.76629,0.00038,0.00015,0.00298
7.53764,Recovering,0.83980,0.40101,0.76629,0.00038,0.00117,0.00291
7.54083,Recovering,0.83980,0.40101,0.76629,0.00039,0.00516,0.00319
7.54328,Recovering,0.83980,0.40101,0.76629,0.00041,0.00554,0.00246
7.54626,Recovering,0.83980,0.40101,0.76629,0.00038,0.00955,0.00297
7.54981,Recovering,0.83980,0.40101,0.76629,0.00039,0.00233,0.00355
7.55280,Recovering,0.83980,0.40101,0.76629,0.00038,0.00146,0.00299
7.55624,Recovering,0.83980,0.40101,0.76629,0.00039,0.00101,0.00344
7.55916,Recovering,0.83980,0.40101,0.76629,0.00038,0.00092,0.00292
7.56207,Recovering,0.83980,0.40101,0.76629,0.00038,0.00083,0.00292
7.56553,Recovering,0.83980,0.40101,0.76629,0.00039,0.00429,0.00345
7.56961,Recovering,0.83980,0.40101,0.76629,0.00039,0.00121,0.00408
7.57245,Recovering,0.83980,0.40101,0.76629,0.00041,0.00587,0.00285
7.57596,Recovering,0.83980,0.40101,0.76629,0.00039,0.00569,0.00350
7.57853,Recovering,0.83980,0.40101,0.76629,0.00040,0.00360,0.00258
7.58203,Recovering,0.83980,0.40101,0.76629,0.00039,0.00090,0.00349
7.58460,Recovering,0.83980,0.40101,0.76629,0.00041,0.00586,0.00257
7.58883,Recovering,0.83980,0.40101,0.76629,0.00039,0.00378,0.00423
7.59135,Recovering,0.83980,0.40101,0.76629,0.00040,0.00301,0.00252
7.59417,Recovering,0.83980,0.40101,0.76629,0.00041,0.00291,0.00282
7.59703,Recovering,0.83980,0.40101,0.76629,0.00040,0.00129,0.00286
7.59983,Recovering,0.83980,0.40101,0.76629,0.00041,0.00183,0.00280
7.60293,Recovering,0.83980,0.40101,0.76629,0.00040,0.00283,0.00310
7.60566,Recovering,0.83980,0.40101,0.76629,0.00040,0.00124,0.00272
7.60851,Recovering,0.83980,0.40101,0.76629,0.00040,0.00072,0.00285
7.61094,Recovering,0.83980,0.40101,0.76629,0.00040,0.00081,0.00244
7.61330,Recovering,0.83980,0.40101,0.76629,0.00041,0.00111,0.00235
7.61681,Recovering,0.83980,0.40101,0.76629,0.00041,0.00208,0.00351
7.61961,Recovering,0.83980,0.40101,0.76629,0.00040,0.00370,0.00280
7.62378,Recovering,0.83980,0.40101,0.76629,0.00039,0.00251,0.00417
7.62645,Recovering,0.83980,0.40101,0.76629,0.00041,0.00613,0.00267
7.62996,Recovering,0.83980,0.40101,0.76629,0.00042,0.00364,0.00351
7.63273,Recovering,0.83980,0.40101,0.76629,0.00040,0.00794,0.00277
7.63558,Recovering,0.83980,0.40101,0.76629,0.00041,0.00196,0.00285
7.63862,Recovering,0.83980,0.40101,0.76629,0.00040,0.00108,0.00304
7.64136,Recovering,0.83980,0.40101,0.76629,0.00041,0.00376,0.00273
7.64459,Recovering,0.83980,0.40101,0.76629,0.00043,0.00446,0.00324
7.64824,Recovering,0.83980,0.40101,0.76629,0.00042,0.00159,0.00365
7.65066,Recovering,0.83980,0.40101,0.76629,0.00040,0.00974,0.00242
7.65306,Recovering,0.83980,0.40101,0.76629,0.00041,0.00345,0.00240
7.65571,Recovering,0.83980,0.40101,0.76629,0.00040,0.00311,0.00264
7.65910,Recovering,0.83980,0.40101,0.76629,0.00042,0.00764,0.00339
7.66196,Recovering,0.83980,0.40101,0.76629,0.00041,0.00568,0.00286
7.66545,Recovering,0.83980,0.40101,0.76629,0.00043,0.00524,0.00350
7.66876,Recovering,0.83980,0.40101,0.76629,0.00041,0.00435,0.00330
7.67206,Recovering,0.83980,0.40101,0.76629,0.00041,0.00022,0.00330
7.67477,Recovering,0.83980,0.40101,0.76629,0.00041,0.00124,0.00271
7.67765,Recovering,0.83980,0.40101,0.76629,0.00040,0.00137,0.00288
7.68086,Recovering,0.83980,0.40101,0.76629,0.00043,0.00653,0.00321
7.68358,Recovering,0.83980,0.40101,0.76629,0.00040,0.01061,0.00272
7.68681,Recovering,0.83980,0.40101,0.76629,0.00042,0.00849,0.00323
7.69041,Recovering,0.83980,0.40101,0.76629,0.00043,0.00024,0.00360
7.69373,Recovering,0.83980,0.40101,0.76629,0.00042,0.00296,0.00333
7.69668,Recovering,0.83980,0.40101,0.76629,0.00040,0.00428,0.00295
7.69952,Recovering,0.83980,0.40101,0.76629,0.00040,0.00013,0.00284
7.70230,Recovering,0.83980,0.40101,0.76629,0.00040,0.00012,0.00278
7.70514,Recovering,0.83980,0.40101,0.76629,0.00040,0.00023,0.00284
7.70785,Recovering,0.83980,0.40101,0.76629,0.00039,0.00339,0.00271
7.71015,Recovering,0.83980,0.40101,0.76629,0.00041,0.00523,0.00230
7.71342,Recovering,0.83980,0.40101,0.76629,0.00043,0.00609,0.00327
7.71646,Recovering,0.83980,0.40101,0.76629,0.00041,0.00614,0.00304
7.71952,Recovering,0.83980,0.40101,0.76629,0.00040,0.00340,0.00306
7.72272,Recovering,0.83980,0.40101,0.76629,0.00040,0.00224,0.00320
7.72650,Recovering,0.83980,0.40101,0.76629,0.00041,0.00198,0.00378
7.73025,Recovering,0.83980,0.40101,0.76629,0.00042,0.00258,0.00375
7.73350,Recovering,0.83980,0.40101,0.76629,0.00042,0.00054,0.00324
7.73640,Recovering,0.83980,0.40101,0.76629,0.00041,0.00552,0.00291
7.73918,Recovering,0.83980,0.40101,0.76629,0.00039,0.00455,0.00278
7.74219,Recovering,0.83980,0.40101,0.76629,0.00040,0.00244,0.00301
7.74489,Recovering,0.83980,0.40101,0.76629,0.00040,0.00032,0.00270
7.74784,Recovering,0.83980,0.40101,0.76629,0.00040,0.00052,0.00295
7.75039,Recovering,0.83980,0.40101,0.76629,0.00040,0.00038,0.00256
7.75314,Recovering,0.83980,0.40101,0.76629,0.00039,0.00383,0.00274
7.75635,Recovering,0.83980,0.40101,0.76629,0.00040,0.00081,0.00321
7.75888,Recovering,0.83980,0.40101,0.76629,0.00045,0.02202,0.00254
7.76214,Recovering,0.83980,0.40101,0.76629,0.00042,0.01072,0.00326
7.76487,Recovering,0.83980,0.40101,0.76629,0.00045,0.01239,0.00272
7.76799,Recovering,0.83980,0.40101,0.76629,0.00040,0.01687,0.00312
7.77119,Recovering,0.83980,0.40101,0.76629,0.00041,0.00209,0.00320
7.77422,Recovering,0.83980,0.40101,0.76629,0.00044,0.01203,0.00303
7.77740,Recovering,0.83980,0.40101,0.76629,0.00040,0.01272,0.00318
7.78002,Recovering,0.83980,0.40101,0.76629,0.00045,0.01981,0.00262
7.78342,Recovering,0.83980,0.40101,0.76629,0.00041,0.01334,0.00340
7.78623,Recovering,0.83980,0.40101,0.76629,0.00045,0.01453,0.00280
7.79070,Recovering,0.83980,0.40101,0.76629,0.00041,0.00784,0.00448
7.79361,Recovering,0.83980,0.40101,0.76629,0.00045,0.01118,0.00291
7.79608,Recovering,0.83980,0.40101,0.76629,0.00045,0.00370,0.00246
7.79834,Recovering,0.83980,0.40101,0.76629,0.00047,0.00463,0.00226
7.80073,Recovering,0.83980,0.40101,0.76629,0.00046,0.00336,0.00239
7.80359,Recovering,0.83980,0.40101,0.76629,0.00044,0.00482,0.00286
7.80646,Recovering,0.83980,0.40101,0.76629,0.00044,0.00003,0.00286
7.81012,Recovering,0.83980,0.40101,0.76630,0.00041,0.00950,0.00366
7.81283,Recovering,0.83980,0.40101,0.76630,0.00045,0.01429,0.00272
7.81585,Recovering,0.83980,0.40101,0.76630,0.00044,0.00116,0.00302
7.81964,Recovering,0.83980,0.40101,0.76630,0.00042,0.00718,0.00379
7.82290,Recovering,0.83980,0.40101,0.76630,0.00044,0.00593,0.00326
7.82603,Recovering,0.83980,0.40101,0.76630,0.00044,0.00163,0.00313
7.82928,Recovering,0.83980,0.40101,0.76630,0.00044,0.00095,0.00325
7.83244,Recovering,0.83980,0.40101,0.76630,0.00044,0.00097,0.00316
7.83558,Recovering,0.83980,0.40101,0.76630,0.00044,0.00014,0.00313
7.83862,Recovering,0.83980,0.40101,0.76630,0.00044,0.00048,0.00305
7.84178,Recovering,0.83980,0.40101,0.76630,0.00044,0.00054,0.00316
7.84450,Recovering,0.83980,0.40101,0.76630,0.00045,0.00322,0.00272
7.84694,Recovering,0.83980,0.40101,0.76630,0.00045,0.00302,0.00244
7.85012,Recovering,0.83980,0.40101,0.76630,0.00044,0.00483,0.00318
7.85392,Recovering,0.83980,0.40101,0.76630,0.00045,0.00395,0.00379
7.85691,Recovering,0.83980,0.40101,0.76630,0.00044,0.00367,0.00300
7.86061,Recovering,0.83980,0.40101,0.76630,0.00045,0.00317,0.00370
7.86360,Recovering,0.83980,0.40101,0.76630,0.00044,0.00361,0.00299
7.86741,Recovering,0.83980,0.40101,0.76630,0.00045,0.00304,0.00381
7.87071,Recovering,0.83980,0.40101,0.76630,0.00046,0.00291,0.00330
7.87387,Recovering,0.83980,0.40101,0.76630,0.00044,0.00852,0.00316
7.87738,Recovering,0.83980,0.40101,0.76630,0.00046,0.00628,0.00351
7.88072,Recovering,0.83980,0.40101,0.76630,0.00046,0.00093,0.00334
7.88364,Recovering,0.83980,0.40101,0.76630,0.00044,0.00631,0.00292
7.88639,Recovering,0.83980,0.40101,0.76630,0.00045,0.00078,0.00275
7.88974,Recovering,0.83980,0.40101,0.76630,0.00047,0.00565,0.00335
7.89243,Recovering,0.83980,0.40101,0.76630,0.00045,0.00699,0.00269
7.89490,Recovering,0.83980,0.40101,0.76630,0.00045,0.00299,0.00247
7.89752,Recovering,0.83980,0.40101,0.76630,0.00045,0.00215,0.00262
7.90057,Recovering,0.83980,0.40101,0.76630,0.00044,0.00305,0.00305
7.90348,Recovering,0.83980,0.40101,0.76630,0.00044,0.00193,0.00292
7.90667,Recovering,0.83980,0.40101,0.76630,0.00044,0.00224,0.00319
7.91009,Recovering,0.83980,0.40101,0.76630,0.00042,0.00443,0.00342
7.91293,Recovering,0.83980,0.40101,0.76630,0.00044,0.00738,0.00283
7.91600,Recovering,0.83980,0.40101,0.76630,0.00044,0.00081,0.00307
7.91856,Recovering,0.83980,0.40101,0.76630,0.00045,0.00490,0.00256
7.92191,Recovering,0.83980,0.40101,0.76630,0.00041,0.01302,0.00335
7.92485,Recovering,0.83980,0.40101,0.76630,0.00044,0.01084,0.00294
7.92882,Recovering,0.83980,0.40101,0.76630,0.00042,0.00612,0.00397
7.93196,Recovering,0.83980,0.40101,0.76630,0.00044,0.00725,0.00314
7.93490,Recovering,0.83980,0.40101,0.76630,0.00044,0.00053,0.00294
7.93792,Recovering,0.83980,0.40101,0.76630,0.00044,0.00085,0.00302
7.94054,Recovering,0.83980,0.40101,0.76630,0.00045,0.00507,0.00263
7.94329,Recovering,0.83980,0.40101,0.76630,0.00045,0.00185,0.00275
7.94598,Recovering,0.83980,0.40101,0.76630,0.00045,0.00053,0.00269
7.94959,Recovering,0.83980,0.40101,0.76630,0.00041,0.01030,0.00361
7.95263,Recovering,0.83980,0.40101,0.76630,0.00044,0.01070,0.00304
7.95522,Recovering,0.83980,0.40101,0.76630,0.00045,0.00452,0.00259
7.95857,Recovering,0.83980,0.40101,0.76630,0.00040,0.01517,0.00336
7.96163,Recovering,0.83980,0.40101,0.76630,0.00044,0.01317,0.00306
7.96483,Recovering,0.83980,0.40101,0.76630,0.00044,0.00161,0.00319
7.96856,Recovering,0.83980,0.40101,0.76630,0.00042,0.00536,0.00373
7.97176,Recovering,0.83980,0.40101,0.76630,0.00044,0.00708,0.00320
7.97466,Recovering,0.83980,0.40101,0.76630,0.00044,0.00100,0.00290
7.97781,Recovering,0.83980,0.40101,0.76630,0.00044,0.00109,0.00314
7.98070,Recovering,0.83980,0.40101,0.76630,0.00044,0.00126,0.00290
7.98360,Recovering,0.83980,0.40101,0.76630,0.00044,0.00003,0.00290
7.98664,Recovering,0.83980,0.40101,0.76630,0.00044,0.00051,0.00304
7.98963,Recovering,0.83980,0.40101,0.76630,0.00044,0.00063,0.00299
7.99201,Recovering,0.83980,0.40101,0.76630,0.00046,0.00723,0.00237
7.99451,Recovering,0.83980,0.40101,0.76630,0.00045,0.00326,0.00251
7.99744,Recovering,0.83980,0.40101,0.76630,0.00044,0.00303,0.00293
8.00061,Recovering,0.83980,0.40101,0.76630,0.00044,0.00082,0.00317
8.00341,Recovering,0.83980,0.40101,0.76630,0.00045,0.00241,0.00281
8.00718,Recovering,0.83980,0.40101,0.76630,0.00041,0.01086,0.00377
8.01162,Recovering,0.83980,0.40101,0.76630,0.00041,0.00171,0.00443
8.01492,Recovering,0.83980,0.40101,0.76630,0.00044,0.00775,0.00330
8.01788,Recovering,0.83980,0.40101,0.76630,0.00044,0.00095,0.00296
8.02087,Recovering,0.83980,0.40101,0.76630,0.00044,0.00029,0.00299
8.02422,Recovering,0.83980,0.40101,0.76630,0.00043,0.00537,0.00335
8.02749,Recovering,0.83980,0.40101,0.76630,0.00040,0.00838,0.00327
8.03111,Recovering,0.83980,0.40101,0.76630,0.00042,0.00679,0.00362
8.03427,Recovering,0.83980,0.40101,0.76630,0.00044,0.00625,0.00315
8.03762,Recovering,0.83980,0.40101,0.76630,0.00042,0.00651,0.00335
8.04111,Recovering,0.83980,0.40101,0.76630,0.00042,0.00014,0.00349
8.04401,Recovering,0.83980,0.40101,0.76630,0.00045,0.00925,0.00290
8.04704,Recovering,0.83980,0.40101,0.76630,0.00044,0.00127,0.00302
8.05023,Recovering,0.83980,0.40101,0.76630,0.00044,0.00041,0.00319
8.05401,Recovering,0.83980,0.40101,0.76630,0.00041,0.00853,0.00378
8.05735,Recovering,0.83980,0.40101,0.76630,0.00047,0.01692,0.00335
8.06082,Recovering,0.83980,0.40101,0.76630,0.00046,0.00041,0.00347
8.06382,Recovering,0.83980,0.40101,0.76630,0.00044,0.00726,0.00299
8.06764,Recovering,0.83980,0.40101,0.76630,0.00041,0.00834,0.00382
8.07224,Recovering,0.83980,0.40101,0.76630,0.00042,0.00112,0.00460
8.07593,Recovering,0.83980,0.40101,0.76630,0.00046,0.01160,0.00369
8.07956,Recovering,0.83980,0.40101,0.76630,0.00046,0.00004,0.00363
8.08332,Recovering,0.83980,0.40101,0.76630,0.00046,0.00058,0.00377
8.08662,Recovering,0.83980,0.40101,0.76630,0.00044,0.00495,0.00329
8.08993,Recovering,0.83980,0.40101,0.76630,0.00047,0.00773,0.00332
8.09308,Recovering,0.83980,0.40101,0.76630,0.00044,0.00730,0.00315
8.09725,Recovering,0.83980,0.40101,0.76630,0.00042,0.00631,0.00416
8.10083,Recovering,0.83980,0.40101,0.76630,0.00046,0.01241,0.00358
8.10407,Recovering,0.83980,0.40101,0.76630,0.00044,0.00685,0.00324
8.10742,Recovering,0.83980,0.40101,0.76630,0.00047,0.00778,0.00335
8.11120,Recovering,0.83980,0.40101,0.76630,0.00045,0.00283,0.00378
8.11439,Recovering,0.83980,0.40101,0.76630,0.00044,0.00397,0.00319
8.11764,Recovering,0.83980,0.40101,0.76630,0.00044,0.00127,0.00325
8.12116,Recovering,0.83980,0.40101,0.76630,0.00046,0.00695,0.00352
8.12490,Recovering,0.83980,0.40101,0.76630,0.00046,0.00140,0.00373
8.12867,Recovering,0.83980,0.40101,0.76630,0.00042,0.01030,0.00378
8.13261,Recovering,0.83980,0.40101,0.76630,0.00041,0.00222,0.00394
8.13605,Recovering,0.83980,0.40101,0.76630,0.00047,0.01625,0.00344
8.13914,Recovering,0.83980,0.40101,0.76630,0.00044,0.00754,0.00309
8.14261,Recovering,0.83980,0.40101,0.76630,0.00046,0.00531,0.00347
8.14639,Recovering,0.83980,0.40101,0.76630,0.00042,0.01112,0.00378
8.15124,Recovering,0.83980,0.40101,0.76630,0.00042,0.00040,0.00486
8.15441,Recovering,0.83980,0.40101,0.76630,0.00044,0.00668,0.00316
8.15814,Recovering,0.83980,0.40101,0.76630,0.00042,0.00552,0.00373
8.16128,Recovering,0.83980,0.40101,0.76630,0.00040,0.00630,0.00314
8.16455,Recovering,0.83980,0.40101,0.76630,0.00041,0.00229,0.00327
8.16774,Recovering,0.83980,0.40101,0.76630,0.00040,0.00325,0.00320
8.17159,Recovering,0.83980,0.40101,0.76630,0.00042,0.00498,0.00385
8.17477,Recovering,0.83980,0.40101,0.76630,0.00040,0.00624,0.00318
8.17792,Recovering,0.83980,0.40101,0.76630,0.00040,0.00100,0.00314
8.18063,Recovering,0.83980,0.40100,0.76630,0.00045,0.01729,0.00271
8.18356,Recovering,0.83980,0.40100,0.76630,0.00040,0.01620,0.00293
8.18689,Recovering,0.83980,0.40100,0.76630,0.00040,0.00137,0.00333
8.19018,Recovering,0.83980,0.40100,0.76630,0.00040,0.00243,0.00328
8.19363,Recovering,0.83980,0.40100,0.76630,0.00042,0.00447,0.00345
8.19656,Recovering,0.83980,0.40100,0.76630,0.00039,0.00861,0.00293
8.19982,Recovering,0.83980,0.40100,0.76630,0.00040,0.00205,0.00326
8.20259,Recovering,0.83980,0.40100,0.76630,0.00040,0.00137,0.00278
8.20572,Recovering,0.83980,0.40100,0.76630,0.00039,0.00366,0.00313
8.20896,Recovering,0.83980,0.40100,0.76630,0.00040,0.00269,0.00325
8.21177,Recovering,0.83980,0.40100,0.76630,0.00040,0.00228,0.00281
8.21474,Recovering,0.83980,0.40100,0.76630,0.00040,0.00246,0.00297
8.21751,Recovering,0.83980,0.40100,0.76630,0.00040,0.00032,0.00277
8.22082,Recovering,0.83980,0.40100,0.76630,0.00042,0.00512,0.00332
8.22432,Recovering,0.83980,0.40100,0.76630,0.00041,0.00420,0.00349
8.22713,Recovering,0.83980,0.40100,0.76630,0.00040,0.00150,0.00281
8.23015,Recovering,0.83980,0.40100,0.76630,0.00039,0.00240,0.00302
8.23317,Recovering,0.83980,0.40100,0.76630,0.00040,0.00122,0.00302
8.23672,Recovering,0.83980,0.40100,0.76630,0.00042,0.00537,0.00355
8.23961,Recovering,0.83980,0.40100,0.76630,0.00040,0.00434,0.00288
8.24300,Recovering,0.83980,0.40100,0.76630,0.00041,0.00193,0.00340
8.24588,Recovering,0.83980,0.40100,0.76630,0.00040,0.00496,0.00288
8.24967,Recovering,0.83980,0.40100,0.76630,0.00041,0.00228,0.00378
8.25270,Recovering,0.83980,0.40100,0.76630,0.00040,0.00057,0.00303
8.25656,Recovering,0.83980,0.40100,0.76630,0.00041,0.00246,0.00386
8.25954,Recovering,0.83980,0.40100,0.76630,0.00039,0.00710,0.00298
8.26305,Recovering,0.83980,0.40100,0.76630,0.00042,0.00732,0.00351
8.26632,Recovering,0.83980,0.40100,0.76630,0.00042,0.00167,0.00327
8.27064,Recovering,0.83980,0.40100,0.76630,0.00041,0.00370,0.00432
8.27375,Recovering,0.83980,0.40100,0.76630,0.00040,0.00241,0.00312
8.27656,Recovering,0.83980,0.40100,0.76630,0.00040,0.00064,0.00281
8.27919,Recovering,0.83980,0.40100,0.76630,0.00039,0.00287,0.00263
8.28202,Recovering,0.83980,0.40100,0.76630,0.00040,0.00287,0.00283
8.28523,Recovering,0.83980,0.40100,0.76630,0.00041,0.00267,0.00321
8.28846,Recovering,0.83980,0.40100,0.76630,0.00042,0.00280,0.00323
8.29148,Recovering,0.83980,0.40100,0.76630,0.00040,0.00638,0.00302
8.29431,Recovering,0.83980,0.40100,0.76630,0.00040,0.00027,0.00283
8.29764,Recovering,0.83980,0.40100,0.76630,0.00041,0.00233,0.00333
8.30046,Recovering,0.83980,0.40100,0.76630,0.00040,0.00308,0.00282
8.30398,Recovering,0.83980,0.40100,0.76630,0.00041,0.00215,0.00351
8.30700,Recovering,0.83980,0.40100,0.76630,0.00040,0.00258,0.00302
8.31092,Recovering,0.83980,0.40100,0.76630,0.00041,0.00353,0.00392
8.31377,Recovering,0.83980,0.40100,0.76630,0.00039,0.00655,0.00285
8.31667,Recovering,0.83980,0.40100,0.76630,0.00040,0.00312,0.00290
8.32005,Recovering,0.83980,0.40100,0.76630,0.00042,0.00389,0.00338
8.32280,Recovering,0.83980,0.40100,0.76630,0.00039,0.00828,0.00276
8.32517,Recovering,0.83980,0.40100,0.76630,0.00040,0.00164,0.00236
8.32826,Recovering,0.83980,0.40100,0.76630,0.00042,0.00692,0.00309
8.33184,Recovering,0.83980,0.40100,0.76630,0.00041,0.00256,0.00358
8.33495,Recovering,0.83980,0.40100,0.76630,0.00042,0.00356,0.00311
8.33935,Recovering,0.83980,0.40100,0.76630,0.00039,0.00641,0.00440
8.34208,Recovering,0.83980,0.40100,0.76630,0.00040,0.00205,0.00274
8.34520,Recovering,0.83980,0.40100,0.76630,0.00042,0.00752,0.00311
8.34862,Recovering,0.83980,0.40100,0.76630,0.00037,0.01393,0.00342
8.35225,Recovering,0.83980,0.40100,0.76630,0.00039,0.00289,0.00363
8.35512,Recovering,0.83980,0.40100,0.76630,0.00040,0.00618,0.00288
8.35830,Recovering,0.83980,0.40100,0.76630,0.00042,0.00471,0.00317
8.36110,Recovering,0.83980,0.40100,0.76630,0.00039,0.00992,0.00281
8.36383,Recovering,0.83980,0.40100,0.76630,0.00040,0.00397,0.00272
8.36621,Recovering,0.83980,0.40100,0.76630,0.00039,0.00400,0.00238
8.36915,Recovering,0.83980,0.40100,0.76630,0.00040,0.00263,0.00294
8.37172,Recovering,0.83980,0.40100,0.76630,0.00040,0.00129,0.00257
8.37503,Recovering,0.83980,0.40100,0.76630,0.00038,0.00734,0.00331
8.37780,Recovering,0.83980,0.40100,0.76630,0.00039,0.00415,0.00277
8.38098,Recovering,0.83980,0.40100,0.76630,0.00038,0.00286,0.00318
8.38396,Recovering,0.83980,0.40100,0.76630,0.00037,0.00293,0.00298
8.38849,Recovering,0.83980,0.40100,0.76630,0.00039,0.00439,0.00453
8.39220,Recovering,0.83980,0.40100,0.76630,0.00039,0.00110,0.00371
8.39563,Recovering,0.83980,0.40100,0.76630,0.00038,0.00301,0.00343
8.39846,Recovering,0.83980,0.40100,0.76630,0.00037,0.00201,0.00283
8.40173,Recovering,0.83980,0.40100,0.76630,0.00038,0.00362,0.00327
8.40490,Recovering,0.83980,0.40100,0.76630,0.00037,0.00270,0.00318
8.40837,Recovering,0.83980,0.40100,0.76630,0.00038,0.00105,0.00346
8.41160,Recovering,0.83980,0.40100,0.76630,0.00038,0.00141,0.00324
8.41733,Recovering,0.83980,0.40100,0.76630,0.00038,0.00009,0.00572
8.41995,Recovering,0.83980,0.40100,0.76630,0.00040,0.00546,0.00262
8.42234,Recovering,0.83980,0.40100,0.76630,0.00040,0.00088,0.00239
8.42499,Recovering,0.83980,0.40100,0.76630,0.00037,0.01016,0.00265
8.42878,Recovering,0.83980,0.40100,0.76630,0.00038,0.00238,0.00379
8.43148,Recovering,0.83980,0.40100,0.76630,0.00037,0.00391,0.00270
8.43436,Recovering,0.83980,0.40100,0.76630,0.00037,0.00027,0.00288
8.43742,Recovering,0.83980,0.40100,0.76630,0.00038,0.00180,0.00306
8.43995,Recovering,0.83980,0.40100,0.76630,0.00039,0.00764,0.00253
8.44350,Recovering,0.83980,0.40100,0.76630,0.00038,0.00486,0.00355
8.44630,Recovering,0.83980,0.40100,0.76630,0.00037,0.00171,0.00280
8.45037,Recovering,0.83980,0.40100,0.76630,0.00038,0.00290,0.00407
8.45330,Recovering,0.83980,0.40100,0.76630,0.00037,0.00551,0.00293
8.45655,Recovering,0.83980,0.40100,0.76630,0.00038,0.00314,0.00325
8.45952,Recovering,0.83980,0.40100,0.76630,0.00038,0.00007,0.00297
8.46238,Recovering,0.83980,0.40100,0.76630,0.00037,0.00417,0.00287
8.46539,Recovering,0.83980,0.40100,0.76630,0.00037,0.00202,0.00301
8.46855,Recovering,0.83980,0.40100,0.76630,0.00038,0.00317,0.00317
8.47108,Recovering,0.83980,0.40100,0.76630,0.00037,0.00612,0.00252
8.47358,Recovering,0.83980,0.40100,0.76630,0.00036,0.00084,0.00250
8.47636,Recovering,0.83980,0.40100,0.76630,0.00037,0.00087,0.00278
8.47934,Recovering,0.83980,0.40100,0.76630,0.00038,0.00558,0.00298
8.48186,Recovering,0.83980,0.40100,0.76630,0.00037,0.00672,0.00252
8.48516,Recovering,0.83980,0.40100,0.76630,0.00037,0.00158,0.00330
8.48863,Recovering,0.83980,0.40100,0.76630,0.00038,0.00155,0.00347
8.49196,Recovering,0.83980,0.40100,0.76630,0.00038,0.00107,0.00333
8.49468,Recovering,0.83980,0.40100,0.76631,0.00037,0.00492,0.00272
8.49780,Recovering,0.83980,0.40100,0.76631,0.00037,0.00106,0.00311
8.50068,Recovering,0.83980,0.40100,0.76631,0.00037,0.00059,0.00289
8.50356,Recovering,0.83980,0.40100,0.76631,0.00038,0.00241,0.00288
8.50637,Recovering,0.83980,0.40100,0.76631,0.00037,0.00183,0.00281
8.50945,Recovering,0.83980,0.40100,0.76631,0.00038,0.00164,0.00308
8.51191,Recovering,0.83980,0.40100,0.76631,0.00039,0.00518,0.00245
8.51427,Recovering,0.83980,0.40100,0.76631,0.00040,0.00320,0.00236
8.51678,Recovering,0.83980,0.40100,0.76631,0.00036,0.01268,0.00252
8.52004,Recovering,0.83980,0.40100,0.76631,0.00038,0.00500,0.00326
8.52271,Recovering,0.83980,0.40100,0.76631,0.00036,0.00588,0.00268
8.52605,Recovering,0.83980,0.40100,0.76631,0.00038,0.00457,0.00333
8.52918,Recovering,0.83980,0.40100,0.76631,0.00038,0.00054,0.00314
8.53208,Recovering,0.83980,0.40100,0.76631,0.00037,0.00271,0.00289
8.53485,Recovering,0.83980,0.40100,0.76631,0.00037,0.00068,0.00277
8.53745,Recovering,0.83980,0.40100,0.76631,0.00037,0.00079,0.00260
8.54055,Recovering,0.83980,0.40100,0.76631,0.00037,0.00038,0.00310
8.54313,Recovering,0.83980,0.40100,0.76631,0.00037,0.00167,0.00258
8.54610,Recovering,0.83980,0.40100,0.76631,0.00037,0.00037,0.00297
8.54955,Recovering,0.83980,0.40100,0.76631,0.00038,0.00454,0.00345
8.55372,Recovering,0.83980,0.40100,0.76631,0.00037,0.00454,0.00417
8.55683,Recovering,0.83980,0.40100,0.76631,0.00037,0.00266,0.00311
8.55958,Recovering,0.83980,0.40100,0.76631,0.00037,0.00148,0.00275
8.56235,Recovering,0.83980,0.40100,0.76631,0.00037,0.00035,0.00277
8.56529,Recovering,0.83980,0.40100,0.76631,0.00037,0.00094,0.00294
8.56908,Recovering,0.83980,0.40100,0.76631,0.00038,0.00451,0.00379
8.57182,Recovering,0.83980,0.40100,0.76631,0.00037,0.00442,0.00274
8.57539,Recovering,0.83980,0.40100,0.76631,0.00038,0.00177,0.00357
8.57788,Recovering,0.83980,0.40100,0.76631,0.00036,0.00790,0.00249
8.58158,Recovering,0.83980,0.40100,0.76631,0.00038,0.00517,0.00370
8.58467,Recovering,0.83980,0.40100,0.76631,0.00038,0.00096,0.00310
8.58946,Recovering,0.83980,0.40100,0.76631,0.00037,0.00048,0.00478
8.59254,Recovering,0.83980,0.40100,0.76631,0.00038,0.00095,0.00309
8.59638,Recovering,0.83980,0.40100,0.76631,0.00038,0.00148,0.00384
8.59944,Recovering,0.83980,0.40100,0.76631,0.00038,0.00135,0.00306
8.60278,Recovering,0.83980,0.40100,0.76631,0.00037,0.00105,0.00334
8.60578,Fallen,0.83980,0.40099,0.76631,0.00038,0.00164,0.00300
8.60930,Fallen,0.83980,0.40095,0.76631,0.00038,0.00030,0.00352
8.61184,Fallen,0.83980,0.40092,0.76631,0.00040,0.00728,0.00254
8.61465,Fallen,0.83980,0.40089,0.76631,0.00045,0.01699,0.00281
8.61786,Fallen,0.83980,0.40085,0.76631,0.00044,0.00220,0.00321
8.62063,Fallen,0.83980,0.40082,0.76631,0.00043,0.00515,0.00277
8.62375,Fallen,0.83980,0.40079,0.76631,0.00043,0.00142,0.00312
8.62686,Fallen,0.83980,0.40050,0.76631,0.00051,0.02489,0.00311
8.63071,Fallen,0.83979,0.40003,0.76630,0.00118,0.17466,0.00386
8.63350,Fallen,0.83979,0.39968,0.76630,0.00230,0.40299,0.00279
8.63686,Fallen,0.83978,0.39927,0.76629,0.00380,0.44468,0.00336
8.63966,Fallen,0.83976,0.39893,0.76627,0.00563,0.65451,0.00279
8.64277,Fallen,0.83974,0.39854,0.76625,0.00759,0.62863,0.00312
8.64613,Fallen,0.83970,0.39800,0.76621,0.01021,0.78217,0.00335
8.64997,Fallen,0.83965,0.39720,0.76616,0.01383,0.94315,0.00384
8.65319,Fallen,0.83960,0.39653,0.76611,0.01802,1.29621,0.00323
8.65580,Fallen,0.83954,0.39599,0.76605,0.02189,1.48730,0.00260
8.65838,Fallen,0.83948,0.39545,0.76598,0.02559,1.43691,0.00258
8.66107,Fallen,0.83940,0.39489,0.76591,0.02967,1.51134,0.00270
8.66463,Fallen,0.83928,0.39414,0.76578,0.03481,1.44303,0.00356
8.67271,Fallen,0.83891,0.39163,0.76540,0.04747,1.56795,0.00808
8.67611,Fallen,0.83871,0.39057,0.76520,0.06026,3.76570,0.00339
8.67911,Fallen,0.83851,0.38964,0.76499,0.06755,2.42275,0.00301
8.68173,Fallen,0.83832,0.38882,0.76479,0.07416,2.53065,0.00261
8.68447,Fallen,0.83811,0.38797,0.76457,0.08061,2.35066,0.00274
8.68762,Fallen,0.83784,0.38667,0.76429,0.08812,2.38641,0.00315
8.69155,Fallen,0.83746,0.38504,0.76389,0.09795,2.50181,0.00393
8.69389,Fallen,0.83721,0.38406,0.76363,0.10701,3.86784,0.00234
8.69643,Fallen,0.83692,0.38301,0.76333,0.11415,2.81506,0.00253
8.69941,Fallen,0.83656,0.38177,0.76295,0.12251,2.80222,0.00298
8.70220,Fallen,0.83620,0.38061,0.76256,0.13148,3.21243,0.00279
8.70471,Fallen,0.83585,0.37955,0.76219,0.13978,3.31184,0.00251
8.70767,Fallen,0.83542,0.37801,0.76173,0.14865,2.99919,0.00296
8.71012,Fallen,0.83503,0.37673,0.76131,0.15780,3.72224,0.00246
8.71332,Fallen,0.83450,0.37507,0.76074,0.16768,3.09569,0.00319
8.71607,Fallen,0.83401,0.37364,0.76021,0.17846,3.91414,0.00275
8.71894,Fallen,0.83347,0.37215,0.75962,0.18876,3.59024,0.00287
8.72190,Fallen,0.83288,0.37061,0.75898,0.19966,3.68372,0.00296
8.72473,Fallen,0.83228,0.36911,0.75833,0.21064,3.87623,0.00283
8.72835,Fallen,0.83147,0.36685,0.75744,0.22338,3.51659,0.00362
8.73133,Fallen,0.83077,0.36498,0.75666,0.23690,4.54046,0.00298
8.73458,Fallen,0.82995,0.36295,0.75576,0.25000,4.02934,0.00325
8.73738,Fallen,0.82922,0.36120,0.75494,0.26307,4.66452,0.00280
8.74059,Fallen,0.82834,0.35919,0.75396,0.27621,4.10424,0.00320
8.74367,Fallen,0.82745,0.35726,0.75296,0.29032,4.57953,0.00308
8.74656,Fallen,0.82658,0.35524,0.75198,0.30402,4.74276,0.00289
8.75011,Fallen,0.82546,0.35264,0.75071,0.31946,4.33902,0.00356
8.75273,Fallen,0.82460,0.35073,0.74973,0.33476,5.85438,0.00261
8.75530,Fallen,0.82373,0.34884,0.74872,0.34783,5.07424,0.00258
8.75804,Fallen,0.82277,0.34683,0.74762,0.36153,5.00024,0.00274
8.76080,Fallen,0.82176,0.34482,0.74646,0.37611,5.28890,0.00276
8.76407,Fallen,0.82053,0.34242,0.74503,0.39258,5.04258,0.00327
8.76820,Fallen,0.81891,0.33901,0.74312,0.41402,5.19316,0.00413
8.77256,Fallen,0.81710,0.33534,0.74099,0.44025,6.00608,0.00437
8.77606,Fallen,0.81559,0.33240,0.73920,0.46543,7.19434,0.00350
8.77880,Fallen,0.81437,0.33011,0.73774,0.48578,7.43936,0.00273
8.78184,Fallen,0.81297,0.32755,0.73606,0.50509,6.35328,0.00304
8.78477,Fallen,0.81158,0.32507,0.73439,0.52570,7.03329,0.00293
8.78944,Fallen,0.80930,0.32064,0.73161,0.55393,6.04772,0.00467
8.79253,Fallen,0.80772,0.31770,0.72969,0.58411,9.74560,0.00310
8.79543,Fallen,0.80621,0.31496,0.72783,0.60785,8.19432,0.00290
8.79852,Fallen,0.80456,0.31203,0.72578,0.63236,7.93768,0.00309
8.80142,Fallen,0.80297,0.30927,0.72380,0.65781,8.76411,0.00290
8.80404,Fallen,0.80150,0.30678,0.72196,0.68190,9.18857,0.00262
8.80666,Fallen,0.80001,0.30407,0.72008,0.70532,8.96489,0.00261
8.81008,Fallen,0.79800,0.30045,0.71754,0.73364,8.28027,0.00342
8.81349,Fallen,0.79596,0.29684,0.71493,0.76732,9.86987,0.00341
8.81628,Fallen,0.79424,0.29388,0.71273,0.79894,11.31633,0.00279
8.81956,Fallen,0.79218,0.29041,0.71008,0.83070,9.69534,0.00328
8.82263,Fallen,0.79021,0.28715,0.70752,0.86523,11.24249,0.00307
8.82599,Fallen,0.78801,0.28344,0.70464,0.90138,10.76259,0.00336
8.82975,Fallen,0.78549,0.27903,0.70132,0.94324,11.13177,0.00376
8.83303,Fallen,0.78324,0.27519,0.69833,0.98625,13.11528,0.00328
8.83596,Fallen,0.78119,0.27176,0.69560,1.02514,13.27524,0.00293
8.83889,Fallen,0.77911,0.26833,0.69280,1.06269,12.79776,0.00293
8.84174,Fallen,0.77704,0.26498,0.69001,1.10093,13.40300,0.00285
8.84411,Fallen,0.77531,0.26221,0.68764,1.13603,14.82668,0.00237
8.84641,Fallen,0.77360,0.25931,0.68531,1.16795,13.89676,0.00230
8.84946,Fallen,0.77130,0.25539,0.68215,1.20555,12.30954,0.00306
8.85161,Fallen,0.76966,0.25263,0.67989,1.24359,17.71552,0.00215
8.85410,Fallen,0.76773,0.24943,0.67721,1.27747,13.59276,0.00249
8.85680,Fallen,0.76562,0.24597,0.67426,1.31668,14.53683,0.00270
8.85959,Fallen,0.76340,0.24238,0.67115,1.35917,15.22057,0.00279
8.86225,Fallen,0.76126,0.23897,0.66813,1.40240,16.25707,0.00266
8.86609,Fallen,0.75812,0.23386,0.66366,1.45568,13.87624,0.00384
8.86952,Fallen,0.75527,0.22908,0.65958,1.51763,18.08912,0.00342
8.87284,Fallen,0.75246,0.22443,0.65552,1.57630,17.65649,0.00332
8.87583,Fallen,0.74989,0.22025,0.65179,1.63238,18.73438,0.00299
8.87863,Fallen,0.74747,0.21634,0.64824,1.68455,18.67207,0.00279
8.88174,Fallen,0.74473,0.21199,0.64422,1.73877,17.42338,0.00311
8.88533,Fallen,0.74153,0.20688,0.63947,1.80231,17.68243,0.00359
8.88892,Fallen,0.73828,0.20145,0.63461,1.87248,19.54200,0.00359
8.89185,Fallen,0.73559,0.19701,0.63057,1.93741,22.15944,0.00293
8.89488,Fallen,0.73278,0.19243,0.62631,1.99735,19.77743,0.00303
8.89796,Fallen,0.72990,0.18778,0.62192,2.06003,20.39036,0.00307
8.90035,Fallen,0.72763,0.18415,0.61843,2.11723,23.86008,0.00240
8.90288,Fallen,0.72522,0.18032,0.61470,2.16877,20.36231,0.00253
8.90572,Fallen,0.72249,0.17873,0.61047,2.22562,20.06300,0.00283
8.90968,Fallen,0.71865,0.18193,0.60445,2.29760,18.19686,0.00396
8.91214,Fallen,0.71624,0.18393,0.60065,2.36625,27.80481,0.00247
8.91521,Fallen,0.71324,0.18641,0.59587,2.42285,18.43366,0.00307
8.91778,Fallen,0.71074,0.18849,0.59183,2.48109,22.67606,0.00257
8.92071,Fallen,0.70790,0.19085,0.58720,2.53681,19.05823,0.00292
8.92383,Fallen,0.70487,0.19338,0.58221,2.59869,19.78799,0.00313
8.92688,Fallen,0.70195,0.19500,0.57733,2.66221,20.88020,0.00304
8.93035,Fallen,0.69864,0.19654,0.57171,2.72942,19.32174,0.00348
8.93366,Fallen,0.69553,0.19800,0.56634,2.80047,21.49163,0.00331
8.93680,Fallen,0.69260,0.19939,0.56122,2.86812,21.54203,0.00314
8.93964,Fallen,0.68999,0.20065,0.55657,2.93118,22.23637,0.00284
8.94285,Fallen,0.68706,0.20208,0.55128,2.99480,19.80629,0.00321
8.94590,Fallen,0.68432,0.20279,0.54625,3.06208,22.04824,0.00305
8.94883,Fallen,0.68176,0.20268,0.54144,3.12777,22.45120,0.00293
8.95134,Fallen,0.67961,0.20259,0.53731,3.18930,24.42607,0.00252
8.95372,Fallen,0.67765,0.20251,0.53347,3.24563,23.75419,0.00237
8.95719,Fallen,0.67493,0.20238,0.52792,3.31470,19.89831,0.00347
8.96009,Fallen,0.67280,0.20228,0.52338,3.39430,27.45027,0.00290
8.96451,Fallen,0.66984,0.20212,0.51666,3.48840,21.27740,0.00442
8.96727,Fallen,0.66818,0.20396,0.51258,3.58340,34.36969,0.00276
8.97105,Fallen,0.66608,0.20653,0.50713,3.66135,20.63741,0.00378
8.97368,Fallen,0.66473,0.20831,0.50340,3.73610,28.43681,0.00263
8.97699,Fallen,0.66312,0.21055,0.49876,3.79885,18.97743,0.00331
8.97981,Fallen,0.66182,0.21247,0.49482,3.86145,22.16510,0.00282
8.98256,Fallen,0.66060,0.21433,0.49100,3.91453,19.32976,0.00275
8.98537,Fallen,0.65939,0.21574,0.48709,3.96489,17.87605,0.00282
8.98863,Fallen,0.65804,0.21596,0.48258,4.01939,16.71374,0.00326
8.99099,Fallen,0.65711,0.21611,0.47933,4.07154,22.10513,0.00236
8.99337,Fallen,0.65622,0.21627,0.47608,4.11441,18.05790,0.00237
8.99611,Fallen,0.65526,0.21645,0.47236,4.16051,16.83117,0.00274
8.99953,Fallen,0.65416,0.21668,0.46779,4.21713,16.55387,0.00342
9.00241,Fallen,0.65333,0.21687,0.46401,4.27649,20.59721,0.00288
9.00608,Fallen,0.65242,0.21763,0.45928,4.33581,16.16368,0.00367
9.00936,Fallen,0.65172,0.21895,0.45514,4.39758,18.82460,0.00328
9.01263,Fallen,0.65114,0.22028,0.45108,4.45129,16.44624,0.00327
9.01528,Fallen,0.65073,0.22135,0.44783,4.49724,17.30678,0.00266
9.01843,Fallen,0.65032,0.22262,0.44403,4.53782,12.89258,0.00315
9.02157,Fallen,0.64998,0.22390,0.44027,4.57974,13.34425,0.00314
9.02471,Fallen,0.64970,0.22501,0.43655,4.61865,12.40485,0.00314
9.02811,Fallen,0.64947,0.22281,0.43256,4.65679,11.19692,0.00341
9.03080,Fallen,0.64937,0.22108,0.42947,4.69224,13.19486,0.00269
9.03377,Fallen,0.64934,0.21916,0.42612,4.72265,10.22938,0.00297
9.03664,Fallen,0.64941,0.21730,0.42296,4.75383,10.85895,0.00287
9.03901,Fallen,0.64954,0.21578,0.42043,4.78121,11.56876,0.00237
9.04147,Fallen,0.64976,0.21419,0.41787,4.80478,9.56890,0.00246
9.04427,Fallen,0.65012,0.21238,0.41505,4.82937,8.78518,0.00280
9.04805,Fallen,0.65079,0.21306,0.41140,4.85778,7.52236,0.00378
9.05157,Fallen,0.65157,0.21392,0.40816,4.88747,8.44018,0.00352
9.05511,Fallen,0.65250,0.21480,0.40502,4.91124,6.70022,0.00355
9.05835,Fallen,0.65346,0.21560,0.40226,4.93031,5.90029,0.00323
9.06176,Fallen,0.65457,0.21644,0.39944,4.94413,4.05010,0.00341
9.06474,Fallen,0.65562,0.21709,0.39704,4.95488,3.60119,0.00299
9.06862,Fallen,0.65708,0.21637,0.39403,4.96135,1.66854,0.00388
9.07152,Fallen,0.65824,0.21584,0.39184,4.96752,2.12504,0.00290
9.07458,Fallen,0.65953,0.21527,0.38961,4.96875,0.40340,0.00306
9.07770,Fallen,0.66092,0.21469,0.38741,4.96792,0.26458,0.00312
9.08062,Fallen,0.66229,0.21415,0.38543,4.96535,0.88010,0.00292
9.08439,Fallen,0.66415,0.21344,0.38296,4.95849,1.81784,0.00378
9.08751,Fallen,0.66576,0.21383,0.38101,4.95076,2.48167,0.00311
9.09058,Fallen,0.66742,0.21426,0.37917,4.94024,3.42830,0.00307
9.09342,Fallen,0.66901,0.21466,0.37754,4.92803,4.28974,0.00285
9.09687,Fallen,0.67101,0.21514,0.37564,4.91145,4.80820,0.00345
9.09978,Fallen,0.67276,0.21555,0.37412,4.89384,6.04732,0.00291
9.10316,Fallen,0.67486,0.21602,0.37244,4.87247,6.32808,0.00338
9.10625,Fallen,0.67684,0.21713,0.37098,4.84900,7.60283,0.00309
9.10997,Fallen,0.67929,0.21915,0.36932,4.81998,7.80403,0.00372
9.11269,Fallen,0.68113,0.22062,0.36817,4.79190,10.31741,0.00272
9.11594,Fallen,0.68337,0.22238,0.36687,4.76120,9.42648,0.00326
9.11875,Fallen,0.68534,0.22390,0.36580,4.72928,11.37900,0.00281
9.12153,Fallen,0.68733,0.22541,0.36480,4.69715,11.53167,0.00279
9.12462,Fallen,0.68956,0.22707,0.36374,4.66102,11.71285,0.00308
9.12923,Fallen,0.69295,0.22872,0.36227,4.60973,11.11399,0.00461
9.13175,Fallen,0.69482,0.22963,0.36151,4.56372,18.30591,0.00251
9.13448,Fallen,0.69688,0.23061,0.36074,4.52581,13.85715,0.00274
9.13763,Fallen,0.69925,0.23173,0.35989,4.48153,14.08304,0.00314
9.14050,Fallen,0.70143,0.23277,0.35916,4.43548,16.01648,0.00288
9.14378,Fallen,0.70394,0.23394,0.35837,4.38591,15.11309,0.00328
9.14675,Fallen,0.70621,0.23460,0.35770,4.33506,17.14931,0.00297
9.15015,Fallen,0.70882,0.23519,0.35697,4.28051,16.01896,0.00341
9.15315,Fallen,0.71112,0.23571,0.35637,4.22544,18.37512,0.00300
9.15602,Fallen,0.71332,0.23620,0.35583,4.17331,18.15331,0.00287
9.15960,Fallen,0.71606,0.23682,0.35519,4.11395,16.59410,0.00358
9.16288,Fallen,0.71856,0.23739,0.35464,4.05068,19.26234,0.00329
9.16625,Fallen,0.72112,0.23767,0.35412,3.98775,18.70315,0.00336
9.16950,Fallen,0.72357,0.23766,0.35364,3.92441,19.49040,0.00325
9.17245,Fallen,0.72579,0.23765,0.35323,3.86443,20.29985,0.00295
9.17543,Fallen,0.72801,0.23764,0.35284,3.80598,19.61070,0.00298
9.17816,Fallen,0.73003,0.23763,0.35249,3.74960,20.67565,0.00273
9.18091,Fallen,0.73204,0.23762,0.35217,3.69470,19.96045,0.00275
9.18384,Fallen,0.73418,0.23761,0.35184,3.63732,19.57259,0.00293
9.18705,Fallen,0.73648,0.23717,0.35149,3.57484,19.50591,0.00320
9.19032,Fallen,0.73881,0.23661,0.35116,3.50894,20.14394,0.00327
9.19344,Fallen,0.74101,0.23607,0.35086,3.44369,20.87659,0.00313
9.19634,Fallen,0.74302,0.23557,0.35059,3.38219,21.21166,0.00290
9.19966,Fallen,0.74529,0.23500,0.35030,3.31810,19.33916,0.00331
9.20234,Fallen,0.74710,0.23453,0.35007,3.25720,22.71420,0.00268
9.20564,Fallen,0.74929,0.23379,0.34981,3.19545,18.71869,0.00330
9.20871,Fallen,0.75130,0.23277,0.34957,3.13048,21.13249,0.00307
9.21136,Fallen,0.75301,0.23188,0.34936,3.07248,21.89792,0.00265
9.21455,Fallen,0.75503,0.23082,0.34913,3.01278,18.72886,0.00319
9.21757,Fallen,0.75692,0.22981,0.34891,2.95010,20.70216,0.00303
9.22086,Fallen,0.75892,0.22871,0.34868,2.88653,19.35619,0.00328
9.22366,Fallen,0.76060,0.22778,0.34849,2.82609,21.60555,0.00280
9.22615,Fallen,0.76207,0.22671,0.34832,2.77382,20.95166,0.00249
9.22930,Fallen,0.76390,0.22518,0.34811,2.71791,17.74917,0.00315
9.23200,Fallen,0.76543,0.22387,0.34794,2.66106,21.03949,0.00270
9.23571,Fallen,0.76749,0.22207,0.34769,2.59841,16.89263,0.00371
9.23884,Fallen,0.76918,0.22055,0.34749,2.53331,20.77884,0.00313
9.24266,Fallen,0.77119,0.21870,0.34724,2.46732,17.31021,0.00381
9.24565,Fallen,0.77273,0.21760,0.34704,2.40446,21.03208,0.00299
9.24948,Fallen,0.77464,0.21694,0.34678,2.34112,16.53290,0.00383
9.25213,Fallen,0.77593,0.21648,0.34660,2.28280,22.00698,0.00265
9.25533,Fallen,0.77745,0.21593,0.34638,2.22994,16.49173,0.00320
9.25833,Fallen,0.77883,0.21542,0.34616,2.17501,18.34164,0.00299
9.26142,Fallen,0.78021,0.21489,0.34594,2.12171,17.22854,0.00309
9.26441,Fallen,0.78152,0.21437,0.34571,2.06922,17.53367,0.00299
9.26813,Fallen,0.78307,0.21481,0.34542,2.01185,15.44208,0.00372
9.27173,Fallen,0.78452,0.21527,0.34512,1.95083,16.95382,0.00360
9.27468,Fallen,0.78567,0.21565,0.34486,1.89740,18.12286,0.00295
9.27719,Fallen,0.78661,0.21597,0.34464,1.85369,17.40209,0.00251
9.27965,Fallen,0.78750,0.21629,0.34440,1.81429,16.02936,0.00246
9.28293,Fallen,0.78865,0.21671,0.34408,1.76937,13.67313,0.00328
9.28576,Fallen,0.78960,0.21703,0.34378,1.72294,16.42307,0.00283
9.28930,Fallen,0.79073,0.21736,0.34339,1.67547,13.41793,0.00354
9.29213,Fallen,0.79159,0.21763,0.34307,1.62962,16.20126,0.00283
9.29468,Fallen,0.79234,0.21787,0.34276,1.59187,14.78080,0.00255
9.29790,Fallen,0.79325,0.21817,0.34236,1.55207,12.35711,0.00322
9.30108,Fallen,0.79410,0.21847,0.34196,1.50948,13.39632,0.00318
9.30441,Fallen,0.79495,0.21878,0.34151,1.46757,12.58205,0.00333
9.30722,Fallen,0.79563,0.21885,0.34113,1.42927,13.62222,0.00281
9.31408,Fallen,0.79719,0.21899,0.34016,1.37111,8.48722,0.00685
9.31780,Fallen,0.79797,0.21907,0.33962,1.31227,15.80316,0.00372
9.32110,Fallen,0.79864,0.21913,0.33914,1.27491,11.32829,0.00330
9.32400,Fallen,0.79920,0.21919,0.33871,1.24311,10.95901,0.00290
9.32678,Fallen,0.79972,0.21911,0.33829,1.21512,10.06506,0.00278
9.33020,Fallen,0.80033,0.21897,0.33778,1.18539,8.68171,0.00343
9.33369,Fallen,0.80094,0.21882,0.33727,1.15389,9.04186,0.00348
9.33655,Fallen,0.80143,0.21870,0.33685,1.12626,9.64924,0.00286
9.33983,Fallen,0.80198,0.21856,0.33638,1.10035,7.90307,0.00328
9.34249,Fallen,0.80241,0.21845,0.33600,1.07636,9.00211,0.00266
9.34635,Fallen,0.80304,0.21821,0.33547,1.05080,6.63627,0.00385
9.34997,Fallen,0.80361,0.21791,0.33498,1.02300,7.67539,0.00362
9.35411,Fallen,0.80427,0.21756,0.33445,0.99542,6.66165,0.00414
9.35720,Fallen,0.80476,0.21730,0.33406,0.97094,7.90781,0.00310
9.36013,Fallen,0.80523,0.21706,0.33372,0.95142,6.66688,0.00293
9.36325,Fallen,0.80573,0.21679,0.33336,0.93224,6.14940,0.00312
9.36668,Fallen,0.80628,0.21649,0.33300,0.91214,5.86498,0.00343
9.36988,Fallen,0.80680,0.21620,0.33267,0.89271,6.07288,0.00320
9.37232,Fallen,0.80721,0.21598,0.33244,0.87660,6.59559,0.00244
9.37475,Fallen,0.80762,0.21576,0.33222,0.86297,5.60802,0.00243
9.37771,Fallen,0.80812,0.21549,0.33198,0.84811,5.01995,0.00296
9.38117,Fallen,0.80871,0.21517,0.33171,0.83089,4.97966,0.00346
9.38424,Fallen,0.80925,0.21489,0.33150,0.81385,5.55489,0.00307
9.38764,Fallen,0.80986,0.21463,0.33129,0.79723,4.88496,0.00340
9.39073,Fallen,0.81042,0.21440,0.33112,0.78107,5.23475,0.00309
9.39387,Fallen,0.81100,0.21416,0.33097,0.76565,4.91300,0.00314
9.39661,Fallen,0.81152,0.21395,0.33086,0.75132,5.21062,0.00275
9.39980,Fallen,0.81213,0.21371,0.33075,0.73697,4.50645,0.00319
9.40254,Fallen,0.81266,0.21351,0.33067,0.72290,5.12676,0.00274
9.40551,Fallen,0.81324,0.21330,0.33061,0.70925,4.59756,0.00297
9.40892,Fallen,0.81392,0.21310,0.33056,0.69413,4.43644,0.00341
9.41165,Fallen,0.81447,0.21295,0.33054,0.67976,5.26857,0.00273
9.41493,Fallen,0.81514,0.21276,0.33053,0.66554,4.33797,0.00328
9.41782,Fallen,0.81574,0.21259,0.33054,0.65100,5.02413,0.00289
9.42026,Fallen,0.81624,0.21245,0.33056,0.63861,5.07322,0.00244
9.42264,Fallen,0.81674,0.21231,0.33059,0.62713,4.83071,0.00238
9.42531,Fallen,0.81731,0.21218,0.33064,0.61518,4.46515,0.00268
9.42923,Fallen,0.81814,0.21207,0.33073,0.59924,4.07201,0.00391
9.43192,Fallen,0.81871,0.21199,0.33081,0.58359,5.80589,0.00270
9.43475,Fallen,0.81932,0.21191,0.33091,0.57021,4.73830,0.00282
9.43785,Fallen,0.81998,0.21182,0.33102,0.55580,4.65125,0.00310
9.44053,Fallen,0.82056,0.21174,0.33113,0.54164,5.28218,0.00268
9.44399,Fallen,0.82130,0.21165,0.33129,0.52642,4.39399,0.00346
9.44725,Fallen,0.82200,0.21133,0.33145,0.50994,5.05855,0.00326
9.45074,Fallen,0.82275,0.21094,0.33164,0.49378,4.63119,0.00349
9.45372,Fallen,0.82339,0.21061,0.33182,0.47885,5.00999,0.00298
9.45701,Fallen,0.82411,0.21024,0.33203,0.46461,4.32255,0.00329
9.45970,Fallen,0.82469,0.20994,0.33222,0.45157,4.85319,0.00269
9.46283,Fallen,0.82538,0.20959,0.33245,0.43899,4.01447,0.00313
9.46570,Fallen,0.82602,0.20924,0.33269,0.42637,4.39801,0.00287
9.46867,Fallen,0.82668,0.20884,0.33294,0.41455,3.99188,0.00296
9.47126,Fallen,0.82726,0.20849,0.33318,0.40379,4.14600,0.00259
9.47385,Fallen,0.82785,0.20814,0.33344,0.39393,3.80409,0.00259
9.47703,Fallen,0.82858,0.20770,0.33377,0.38340,3.30789,0.00318
9.47994,Fallen,0.82926,0.20731,0.33409,0.37293,3.60523,0.00291
9.48259,Fallen,0.82989,0.20695,0.33441,0.36357,3.53273,0.00265
9.48583,Fallen,0.83066,0.20665,0.33482,0.35416,2.90131,0.00324
9.48926,Fallen,0.83149,0.20654,0.33527,0.34358,3.08643,0.00343
9.49212,Fallen,0.83219,0.20646,0.33567,0.33390,3.38287,0.00286
9.49484,Fallen,0.83286,0.20638,0.33607,0.32535,3.14812,0.00272
9.49815,Fallen,0.83368,0.20628,0.33657,0.31621,2.76062,0.00331
9.50090,Fallen,0.83437,0.20620,0.33700,0.30722,3.26449,0.00275
9.50441,Fallen,0.83525,0.20610,0.33757,0.29818,2.57481,0.00351
9.50743,Fallen,0.83600,0.20579,0.33808,0.28917,2.98108,0.00302
9.51034,Fallen,0.83673,0.20549,0.33858,0.28185,2.51581,0.00291
9.51260,Fallen,0.83730,0.20526,0.33898,0.27613,2.53573,0.00226
9.51529,Fallen,0.83798,0.20498,0.33947,0.27098,1.91109,0.00269
9.51848,Fallen,0.83878,0.20465,0.34006,0.26577,1.63618,0.00318
9.52184,Fallen,0.83963,0.20430,0.34070,0.26102,1.41400,0.00336
9.52488,Fallen,0.83980,0.20402,0.34129,0.90330,211.68210,0.00303
9.52869,Fallen,0.83980,0.20407,0.34206,1.18793,74.58716,0.00382
9.53179,Fallen,0.83980,0.20412,0.34270,1.20462,5.38668,0.00310
9.53503,Fallen,0.83980,0.20416,0.34338,1.21668,3.72491,0.00324
9.53814,Fallen,0.83980,0.20421,0.34404,1.22654,3.17003,0.00311
9.54122,Fallen,0.83980,0.20425,0.34470,1.23388,2.38357,0.00308
9.54455,Fallen,0.83980,0.20429,0.34542,1.23913,1.57439,0.00333
9.54797,Fallen,0.83980,0.20167,0.34618,1.25823,5.58486,0.00342
9.55122,Fallen,0.83980,0.19917,0.34694,1.30250,13.61476,0.00325
9.55441,Fallen,0.83980,0.19673,0.34773,1.36628,20.02890,0.00318
9.55730,Fallen,0.83980,0.19451,0.34849,1.44252,26.36810,0.00289
9.55979,Fallen,0.83980,0.19259,0.34920,1.52126,31.58476,0.00249
9.56214,Fallen,0.83980,0.19079,0.34991,1.59994,33.51179,0.00235
9.56497,Fallen,0.83980,0.18895,0.35082,1.69120,32.27180,0.00283
9.56898,Fallen,0.83980,0.18915,0.35222,1.80063,27.26862,0.00401
9.57208,Fallen,0.83980,0.18931,0.35337,1.89341,29.95865,0.00310
9.57537,Fallen,0.83980,0.18947,0.35464,1.95528,18.81338,0.00329
9.57831,Fallen,0.83980,0.18961,0.35580,2.00071,15.42612,0.00294
9.58230,Fallen,0.83980,0.18981,0.35741,2.03120,7.64337,0.00399
9.58568,Fallen,0.83980,0.18986,0.35879,2.04941,5.38863,0.00338
9.58949,Fallen,0.83980,0.18966,0.36035,2.05440,1.30976,0.00381
9.59338,Fallen,0.83980,0.18946,0.36195,2.05144,0.76065,0.00389
9.59670,Fallen,0.83980,0.18929,0.36331,2.04192,2.86733,0.00332
9.59964,Fallen,0.83980,0.18913,0.36451,2.02821,4.66399,0.00294
9.60272,Fallen,0.83980,0.18897,0.36576,2.01095,5.59332,0.00309
9.60609,Fallen,0.83980,0.18886,0.36711,1.98850,6.67506,0.00336
9.60877,Fallen,0.83980,0.18882,0.36817,1.96552,8.55735,0.00268
9.61143,Fallen,0.83980,0.18879,0.36921,1.94320,8.40901,0.00265
9.61435,Fallen,0.83980,0.18875,0.37035,1.91798,8.62107,0.00293
9.61794,Fallen,0.83980,0.18871,0.37172,1.88687,8.67371,0.00359
9.62100,Fallen,0.83980,0.18867,0.37287,1.85433,10.64228,0.00306
9.62439,Fallen,0.83980,0.18863,0.37413,1.82084,9.86094,0.00340
9.62743,Fallen,0.83980,0.18857,0.37524,1.78703,11.12416,0.00304
9.63112,Fallen,0.83980,0.18849,0.37656,1.75126,9.68899,0.00369
9.63380,Fallen,0.83980,0.18843,0.37750,1.71819,12.33493,0.00268
9.63731,Fallen,0.83980,0.18836,0.37871,1.68499,9.48322,0.00350
9.64032,Fallen,0.83980,0.18829,0.37973,1.65097,11.29174,0.00301
9.64356,Fallen,0.83980,0.18822,0.38081,1.61828,10.08102,0.00324
9.64665,Fallen,0.83980,0.18818,0.38181,1.58562,10.58981,0.00308
9.65002,Fallen,0.83980,0.18814,0.38289,1.55185,10.01390,0.00337
9.65306,Fallen,0.83980,0.18811,0.38385,1.51892,10.82259,0.00304
9.65582,Fallen,0.83980,0.18808,0.38470,1.48886,10.88115,0.00276
9.65855,Fallen,0.83980,0.18805,0.38553,1.46056,10.37122,0.00273
9.66103,Fallen,0.83980,0.18802,0.38627,1.43408,10.68089,0.00248
9.66373,Fallen,0.83980,0.18799,0.38706,1.40765,9.80175,0.00270
9.66702,Fallen,0.83980,0.18798,0.38800,1.37682,9.35147,0.00330
9.66993,Fallen,0.83980,0.18798,0.38882,1.34556,10.75526,0.00291
9.67284,Fallen,0.83980,0.18798,0.38961,1.31555,10.33021,0.00290
9.67552,Fallen,0.83980,0.18798,0.39034,1.28716,10.57672,0.00268
9.67875,Fallen,0.83980,0.18798,0.39119,1.25648,9.50014,0.00323
9.68129,Fallen,0.83980,0.18798,0.39184,1.22715,11.54111,0.00254
9.68443,Fallen,0.83980,0.18798,0.39263,1.19809,9.25690,0.00314
9.68765,Fallen,0.83980,0.18801,0.39342,1.16565,10.06727,0.00322
9.69141,Fallen,0.83980,0.18805,0.39431,1.12938,9.65947,0.00376
9.69450,Fallen,0.83980,0.18808,0.39502,1.09421,11.37576,0.00309
9.69733,Fallen,0.83980,0.18811,0.39566,1.06351,10.86167,0.00283
9.70021,Fallen,0.83980,0.18814,0.39629,1.03409,10.20867,0.00288
9.70315,Fallen,0.83980,0.18818,0.39691,1.00388,10.25421,0.00295
9.70562,Fallen,0.83980,0.18821,0.39742,0.97611,11.25636,0.00247
9.70829,Fallen,0.83980,0.18826,0.39796,0.94970,9.90574,0.00267
9.71069,Fallen,0.83980,0.18830,0.39842,0.92354,10.86996,0.00241
9.71380,Fallen,0.83980,0.18836,0.39901,0.89471,9.29425,0.00310
9.71858,Fallen,0.83980,0.18845,0.39987,0.85339,8.63743,0.00478
9.72194,Fallen,0.83980,0.18851,0.40045,0.81175,12.38405,0.00336
9.72456,Fallen,0.83980,0.18856,0.40088,0.78130,11.62248,0.00262
9.72817,Fallen,0.83980,0.18864,0.40146,0.74964,8.76693,0.00361
9.73076,Fallen,0.83980,0.18869,0.40185,0.71869,11.95421,0.00259
9.73407,Fallen,0.83980,0.18876,0.40233,0.68913,8.94616,0.00330
9.73683,Fallen,0.83980,0.18882,0.40271,0.65904,10.89904,0.00276
9.73951,Fallen,0.83980,0.18887,0.40307,0.63271,9.81752,0.00268
9.74230,Fallen,0.83980,0.18893,0.40342,0.60622,9.47677,0.00280
9.74499,Fallen,0.83980,0.18899,0.40375,0.58034,9.62120,0.00269
9.74854,Fallen,0.83980,0.18904,0.40416,0.55069,8.35392,0.00355
9.75156,Fallen,0.83980,0.18909,0.40449,0.52054,9.99862,0.00302
9.75435,Fallen,0.83980,0.18914,0.40478,0.49438,9.36964,0.00279
9.75706,Fallen,0.83980,0.18918,0.40504,0.47055,8.78868,0.00271
9.75958,Fallen,0.83980,0.18922,0.40527,0.44763,9.09399,0.00252
9.76269,Fallen,0.83980,0.18927,0.40555,0.42387,7.64153,0.00311
9.76568,Fallen,0.83980,0.18932,0.40579,0.39873,8.42035,0.00299
9.76929,Fallen,0.83980,0.18939,0.40606,0.37204,7.38791,0.00361
9.77183,Fallen,0.83980,0.18944,0.40624,0.34804,9.45702,0.00254
9.77474,Fallen,0.83980,0.18949,0.40644,0.32715,7.17590,0.00291
9.77793,Fallen,0.83980,0.18955,0.40663,0.30430,7.15685,0.00319
9.78076,Fallen,0.83980,0.18960,0.40679,0.28247,7.70876,0.00283
9.78423,Fallen,0.83980,0.18966,0.40697,0.26032,6.37952,0.00347
9.78806,Recovering,0.83980,0.18917,0.40715,0.24141,4.94663,0.00382
9.79206,Recovering,0.83980,0.18861,0.40733,0.23495,1.61477,0.00400
9.79519,Recovering,0.83980,0.18817,0.40748,0.23885,1.24369,0.00313
9.79821,Recovering,0.83980,0.18775,0.40763,0.24981,3.63035,0.00302
9.80112,Recovering,0.83980,0.18734,0.40779,0.26627,5.64991,0.00291
9.80366,Recovering,0.83980,0.18698,0.40794,0.28570,7.66528,0.00253
9.80611,Recovering,0.83980,0.18600,0.40810,0.30894,9.47686,0.00245
9.80902,Recovering,0.83980,0.18439,0.40832,0.34498,12.37614,0.00291
9.81209,Recovering,0.83980,0.18270,0.40859,0.39848,17.43451,0.00307
9.81493,Recovering,0.83980,0.18113,0.40888,0.46266,22.56231,0.00284
9.81811,Recovering,0.83980,0.17937,0.40926,0.53878,23.92119,0.00318
9.82062,Recovering,0.83980,0.17799,0.40961,0.61777,31.58997,0.00250
9.82430,Recovering,0.83980,0.17596,0.41021,0.71412,26.14817,0.00368
9.82718,Recovering,0.83980,0.17518,0.41074,0.81921,36.44933,0.00288
9.83063,Recovering,0.83980,0.17435,0.41146,0.91632,28.19487,0.00344
9.83344,Recovering,0.83980,0.17368,0.41211,1.00845,32.81297,0.00281
9.83635,Recovering,0.83980,0.17297,0.41284,1.08915,27.68107,0.00292
9.83921,Recovering,0.83980,0.17229,0.41360,1.16761,27.48867,0.00285
9.84202,Recovering,0.83980,0.17161,0.41441,1.24151,26.22919,0.00282
9.84432,Recovering,0.83980,0.17106,0.41510,1.30617,28.12718,0.00230
9.84661,Recovering,0.83980,0.17055,0.41582,1.36103,24.00583,0.00229
9.84971,Recovering,0.83980,0.16986,0.41684,1.42334,20.10196,0.00310
9.85283,Recovering,0.83980,0.16917,0.41791,1.49326,22.40895,0.00312
9.85743,Recovering,0.83980,0.16816,0.41959,1.57574,17.92537,0.00460
9.86130,Recovering,0.83980,0.16730,0.42108,1.66185,22.25039,0.00387
9.86417,Recovering,0.83980,0.16667,0.42223,1.72516,22.06528,0.00287
9.86716,Recovering,0.83980,0.16659,0.42347,1.77582,16.94628,0.00299
9.87009,Recovering,0.83980,0.16659,0.42471,1.82307,16.09940,0.00293
9.87313,Recovering,0.83980,0.16659,0.42603,1.86669,14.35705,0.00304
9.87610,Recovering,0.83980,0.16660,0.42735,1.90708,13.61676,0.00297
9.87962,Recovering,0.83980,0.16660,0.42894,1.94654,11.19302,0.00353
9.88308,Recovering,0.83980,0.16660,0.43054,1.98551,11.26780,0.00346
9.88640,Recovering,0.83980,0.16669,0.43211,2.01886,10.03440,0.00332
9.89077,Recovering,0.83980,0.16691,0.43419,2.05080,7.31140,0.00437
9.89341,Recovering,0.83980,0.16704,0.43547,2.07651,9.72889,0.00264
9.89578,Recovering,0.83980,0.16716,0.43663,2.09105,6.14113,0.00237
9.89830,Recovering,0.83980,0.16728,0.43786,2.10262,4.58872,0.00252
9.90142,Recovering,0.83980,0.16743,0.43939,2.11380,3.59064,0.00311
9.90430,Recovering,0.83980,0.16758,0.44082,2.12385,3.48752,0.00288
9.90755,Recovering,0.83980,0.16776,0.44243,2.13094,2.17949,0.00325
9.91093,Recovering,0.83980,0.16795,0.44411,2.13478,1.13779,0.00338
9.91464,Recovering,0.83980,0.16816,0.44596,2.13517,0.10460,0.00371
9.91751,Recovering,0.83980,0.16833,0.44738,2.13271,0.85611,0.00288
9.92065,Recovering,0.83980,0.16851,0.44894,2.12716,1.76609,0.00314
9.92368,Recovering,0.83980,0.16868,0.45043,2.11945,2.54784,0.00303
9.92679,Recovering,0.83980,0.16887,0.45196,2.10926,3.27165,0.00312
9.93075,Recovering,0.83980,0.16911,0.45388,2.09349,3.98544,0.00396
9.93396,Recovering,0.83980,0.16930,0.45543,2.07496,5.76292,0.00322
9.93731,Recovering,0.83980,0.16951,0.45703,2.05448,6.11409,0.00335
9.94045,Recovering,0.83980,0.16970,0.45851,2.03206,7.14238,0.00314
9.94362,Recovering,0.83980,0.16989,0.45999,2.00820,7.52434,0.00317
9.94676,Recovering,0.83980,0.17009,0.46143,1.98250,8.19382,0.00314
9.95007,Recovering,0.83980,0.17031,0.46292,1.95298,8.92100,0.00331
9.95272,Recovering,0.83980,0.17048,0.46410,1.92406,10.90586,0.00265
9.95606,Recovering,0.83980,0.17070,0.46556,1.89239,9.49032,0.00334
9.95882,Recovering,0.83980,0.17087,0.46675,1.85906,12.07379,0.00276
9.96164,Recovering,0.83980,0.17106,0.46794,1.82690,11.41097,0.00282
9.96466,Recovering,0.83980,0.17125,0.46919,1.79198,11.54598,0.00302
9.96799,Recovering,0.83980,0.17148,0.47053,1.75186,12.05061,0.00333
9.97129,Recovering,0.83980,0.17170,0.47183,1.70814,13.24834,0.00330
9.97397,Recovering,0.83980,0.17188,0.47286,1.66688,15.39506,0.00268
9.97701,Recovering,0.83980,0.17209,0.47399,1.62586,13.47916,0.00304
9.97978,Recovering,0.83980,0.17228,0.47500,1.58307,15.49779,0.00276
9.98318,Recovering,0.83980,0.17251,0.47620,1.53607,13.78611,0.00341
9.98634,Recovering,0.83980,0.17273,0.47727,1.48513,16.13648,0.00316
9.98935,Recovering,0.83980,0.17294,0.47826,1.43565,16.42003,0.00301
9.99182,Recovering,0.83980,0.17311,0.47904,1.39058,18.32062,0.00246
9.99436,Recovering,0.83980,0.17329,0.47982,1.34809,16.69164,0.00255
9.99734,Recovering,0.83980,0.17350,0.48070,1.30009,16.11866,0.00298
10.00034,Recovering,0.83980,0.17371,0.48155,1.24708,17.63792,0.00301
10.00289,Recovering,0.83980,0.17389,0.48224,1.19780,19.37243,0.00254
10.00604,Recovering,0.83980,0.17411,0.48305,1.14570,16.52545,0.00315
10.00921,Recovering,0.83980,0.17434,0.48383,1.08665,18.62472,0.00317
10.01246,Recovering,0.83980,0.17457,0.48457,1.02514,18.95327,0.00325
10.01528,Recovering,0.83980,0.17478,0.48518,0.96613,20.90721,0.00282
10.01877,Recovering,0.83980,0.17503,0.48588,0.90314,18.03930,0.00349
10.02148,Recovering,0.83980,0.17522,0.48638,0.84137,22.81846,0.00271
10.02446,Recovering,0.83980,0.17544,0.48690,0.78405,19.25259,0.00298
10.02747,Recovering,0.83980,0.17566,0.48737,0.72275,20.33279,0.00302
10.03248,Recovering,0.83980,0.17603,0.48806,0.63633,17.24682,0.00501
10.03586,Recovering,0.83980,0.17627,0.48846,0.54611,26.68016,0.00338
10.03891,Recovering,0.83980,0.17650,0.48876,0.47682,22.72218,0.00305
10.04144,Recovering,0.83980,0.17668,0.48898,0.41647,23.83324,0.00253
10.04386,Recovering,0.83980,0.17686,0.48915,0.36307,22.11951,0.00241
10.04682,Recovering,0.83980,0.17708,0.48933,0.30415,19.85845,0.00297
10.04989,Recovering,0.83980,0.17730,0.48946,0.23717,21.87786,0.00306
10.05298,Recovering,0.83980,0.17753,0.48954,0.16802,22.36055,0.00309
10.05588,Recovering,0.83980,0.17775,0.48957,0.10060,23.20254,0.00291
10.05901,Recovering,0.83978,0.17798,0.48955,0.06092,12.70775,0.00312
10.06201,Recovering,0.83971,0.17820,0.48948,0.07230,3.79352,0.00300
10.06526,Recovering,0.83959,0.17844,0.48936,0.08635,4.31225,0.00326
10.06888,Recovering,0.83938,0.17870,0.48915,0.10336,4.70381,0.00361
10.07164,Recovering,0.83917,0.17890,0.48894,0.11989,5.97831,0.00277
10.07483,Recovering,0.83888,0.17913,0.48864,0.13534,4.84453,0.00319
10.07773,Recovering,0.83857,0.17934,0.48833,0.15125,5.49151,0.00290
10.08107,Recovering,0.83815,0.17958,0.48791,0.16726,4.79324,0.00334
10.08447,Recovering,0.83767,0.17983,0.48742,0.18425,5.00614,0.00339
10.08708,Recovering,0.83726,0.18021,0.48699,0.19887,5.58115,0.00262
10.09000,Recovering,0.83675,0.18065,0.48648,0.21179,4.42988,0.00292
10.09274,Recovering,0.83624,0.18105,0.48595,0.22457,4.66773,0.00274
10.09611,Recovering,0.83557,0.18155,0.48525,0.23774,3.90451,0.00337
10.09878,Recovering,0.83499,0.18195,0.48466,0.25021,4.68238,0.00266
10.10211,Recovering,0.83423,0.18244,0.48386,0.26187,3.49801,0.00333
10.10495,Recovering,0.83354,0.18288,0.48313,0.27329,4.02317,0.00284
10.10841,Recovering,0.83265,0.18354,0.48219,0.28403,3.10544,0.00346
10.11166,Recovering,0.83176,0.18417,0.48125,0.29461,3.25115,0.00325
10.11469,Recovering,0.83090,0.18475,0.48033,0.30365,2.98260,0.00303
10.11778,Recovering,0.82999,0.18535,0.47935,0.31175,2.61920,0.00309
10.12067,Recovering,0.82912,0.18590,0.47840,0.31907,2.53868,0.00288
10.12573,Recovering,0.82751,0.18686,0.47664,0.32795,1.75345,0.00507
10.12961,Recovering,0.82622,0.18755,0.47522,0.33735,2.42257,0.00388
10.13268,Recovering,0.82518,0.18810,0.47405,0.34383,2.11204,0.00307
10.13548,Recovering,0.82421,0.18859,0.47296,0.34893,1.82020,0.00280
10.13801,Recovering,0.82332,0.18904,0.47195,0.35343,1.78017,0.00253
10.14049,Recovering,0.82244,0.18948,0.47094,0.35767,1.71003,0.00248
10.14354,Recovering,0.82134,0.19003,0.46967,0.36241,1.55434,0.00305
10.14673,Recovering,0.82017,0.19055,0.46832,0.36818,1.80530,0.00319
10.14987,Recovering,0.81902,0.19103,0.46696,0.37441,1.98797,0.00313
10.15290,Recovering,0.81789,0.19150,0.46562,0.38097,2.16432,0.00303
10.15580,Recovering,0.81681,0.19194,0.46432,0.38789,2.38784,0.00290
10.15892,Recovering,0.81564,0.19243,0.46290,0.39569,2.49599,0.00313
10.16163,Recovering,0.81462,0.19284,0.46165,0.40417,3.13330,0.00271
10.16501,Recovering,0.81335,0.19336,0.46007,0.41396,2.89512,0.00338
10.16830,Recovering,0.81212,0.19383,0.45851,0.42611,3.68863,0.00329
10.17138,Recovering,0.81097,0.19426,0.45704,0.43893,4.16572,0.00308
10.17444,Recovering,0.80983,0.19470,0.45557,0.45245,4.42559,0.00306
10.17731,Recovering,0.80877,0.19510,0.45418,0.46661,4.92551,0.00287
10.18037,Recovering,0.80764,0.19554,0.45268,0.48199,5.02345,0.00306
10.18311,Recovering,0.80665,0.19592,0.45134,0.49810,5.88275,0.00274
10.18560,Recovering,0.80575,0.19626,0.45011,0.51342,6.16540,0.00249
10.18877,Recovering,0.80461,0.19668,0.44854,0.53088,5.49955,0.00317
10.19209,Recovering,0.80344,0.19712,0.44689,0.55222,6.42723,0.00332
10.19518,Recovering,0.80237,0.19752,0.44535,0.57441,7.19293,0.00309
10.19786,Recovering,0.80145,0.19787,0.44400,0.59512,7.71581,0.00268
10.20146,Recovering,0.80024,0.19835,0.44219,0.61848,6.48056,0.00360
10.20477,Recovering,0.79914,0.19878,0.44053,0.64534,8.13054,0.00330
10.20837,Recovering,0.79797,0.19924,0.43872,0.67295,7.66279,0.00360
10.21130,Recovering,0.79704,0.19961,0.43725,0.69974,9.14700,0.00293
10.21484,Recovering,0.79594,0.20006,0.43547,0.72664,7.59328,0.00354
10.21982,Recovering,0.79444,0.20069,0.43296,0.76331,7.35986,0.00498
10.22318,Recovering,0.79346,0.20112,0.43128,0.80005,10.94678,0.00336
10.22616,Recovering,0.79261,0.20148,0.42978,0.82762,9.26405,0.00298
10.22882,Recovering,0.79187,0.20178,0.42845,0.85205,9.18218,0.00266
10.23119,Recovering,0.79122,0.20206,0.42727,0.87396,9.22349,0.00238
10.23408,Recovering,0.79046,0.20239,0.42583,0.89654,7.82009,0.00289
10.23692,Recovering,0.78972,0.20271,0.42441,0.92147,8.77186,0.00284
10.23927,Recovering,0.78912,0.20298,0.42325,0.94410,9.62563,0.00235
10.24216,Recovering,0.78841,0.20331,0.42182,0.96650,7.77091,0.00288
10.24510,Recovering,0.78771,0.20362,0.42038,0.99161,8.54574,0.00294
10.24897,Recovering,0.78682,0.20381,0.41848,1.02084,7.55420,0.00387
10.25191,Recovering,0.78616,0.20396,0.41704,1.05035,10.01230,0.00295
10.25536,Recovering,0.78543,0.20413,0.41537,1.07734,7.82008,0.00345
10.25804,Recovering,0.78489,0.20427,0.41409,1.10323,9.66903,0.00268
10.26107,Recovering,0.78430,0.20442,0.41265,1.12665,7.73504,0.00303
10.26460,Recovering,0.78365,0.20459,0.41099,1.15329,7.55102,0.00353
10.26862,Recovering,0.78296,0.20475,0.40912,1.18395,7.62100,0.00402
10.27183,Recovering,0.78245,0.20487,0.40765,1.21299,9.05152,0.00321
10.27512,Recovering,0.78196,0.20499,0.40616,1.23827,7.68077,0.00329
10.27817,Recovering,0.78154,0.20511,0.40480,1.26243,7.91602,0.00305
10.28088,Recovering,0.78120,0.20521,0.40361,1.28383,7.90880,0.00271
10.28360,Recovering,0.78088,0.20532,0.40242,1.30353,7.22229,0.00273
10.28615,Recovering,0.78060,0.20555,0.40134,1.32213,7.32111,0.00254
10.28992,Recovering,0.78024,0.20603,0.39975,1.34360,5.69421,0.00377
10.29281,Recovering,0.78000,0.20640,0.39856,1.36637,7.86663,0.00289
10.29577,Recovering,0.77978,0.20677,0.39736,1.38524,6.36886,0.00296
10.29887,Recovering,0.77959,0.20716,0.39613,1.40399,6.06394,0.00309
10.30167,Recovering,0.77945,0.20752,0.39504,1.42172,6.32593,0.00280
10.30472,Recovering,0.77932,0.20790,0.39388,1.43845,5.48872,0.00305
10.30792,Recovering,0.77923,0.20830,0.39269,1.45556,5.33581,0.00321
10.31362,Recovering,0.77917,0.20900,0.39064,1.47861,4.04749,0.00569
10.31742,Recovering,0.77919,0.20947,0.38932,1.50266,6.32299,0.00380
10.32057,Recovering,0.77925,0.20987,0.38826,1.51817,4.91796,0.00315
10.32333,Recovering,0.77933,0.21021,0.38736,1.53025,4.38271,0.00276
10.32606,Recovering,0.77944,0.21055,0.38649,1.54049,3.75091,0.00273
10.33059,Recovering,0.77967,0.21113,0.38509,1.55250,2.64963,0.00453
10.33409,Recovering,0.77990,0.21158,0.38405,1.56558,3.74317,0.00350
10.33708,Recovering,0.78012,0.21196,0.38319,1.57468,3.04058,0.00299
10.34031,Recovering,0.78040,0.21237,0.38229,1.58195,2.25498,0.00322
10.34357,Recovering,0.78071,0.21279,0.38141,1.58865,2.05042,0.00327
10.34701,Recovering,0.78107,0.21353,0.38052,1.59452,1.70886,0.00344
10.35065,Recovering,0.78149,0.21445,0.37961,1.59968,1.41870,0.00364
10.35391,Recovering,0.78190,0.21527,0.37882,1.60390,1.29018,0.00327
10.35715,Recovering,0.78233,0.21609,0.37807,1.60662,0.84006,0.00324
10.36064,Recovering,0.78283,0.21697,0.37729,1.60837,0.50111,0.00349
10.36566,Recovering,0.78360,0.21832,0.37623,1.60904,0.13380,0.00502
10.36929,Recovering,0.78419,0.21954,0.37550,1.60929,0.06977,0.00363
10.37216,Recovering,0.78467,0.22050,0.37495,1.60821,0.37559,0.00287
10.37534,Recovering,0.78524,0.22157,0.37436,1.60605,0.67888,0.00318
10.37843,Recovering,0.78580,0.22260,0.37381,1.60326,0.90464,0.00309
10.38204,Recovering,0.78648,0.22382,0.37320,1.59926,1.10515,0.00362
10.38507,Recovering,0.78707,0.22485,0.37271,1.59494,1.42962,0.00302
10.38920,Recovering,0.78790,0.22643,0.37208,1.58883,1.47989,0.00413
10.39287,Recovering,0.78866,0.22783,0.37155,1.58201,1.85417,0.00368
10.39607,Recovering,0.78934,0.22905,0.37111,1.57500,2.18948,0.00320
10.39947,Recovering,0.79008,0.23035,0.37067,1.56735,2.25042,0.00340
10.40285,Recovering,0.79083,0.23164,0.37026,1.55885,2.51799,0.00338
10.40636,Recovering,0.79162,0.23304,0.36986,1.54947,2.67647,0.00350
10.41050,Recovering,0.79258,0.23478,0.36942,1.53811,2.73795,0.00415
10.41356,Recovering,0.79329,0.23606,0.36912,1.52735,3.52605,0.00305
10.41724,Recovering,0.79417,0.23761,0.36878,1.51584,3.12812,0.00368
10.42016,Recovering,0.79487,0.23884,0.36853,1.50462,3.83647,0.00292
10.42310,Recovering,0.79559,0.24007,0.36829,1.49381,3.67801,0.00294
10.42641,Recovering,0.79640,0.24152,0.36805,1.48163,3.68141,0.00331
10.43037,Recovering,0.79739,0.24333,0.36778,1.46695,3.70857,0.00396
10.43347,Recovering,0.79816,0.24474,0.36759,1.45277,4.56823,0.00310
10.43715,Recovering,0.79909,0.24642,0.36739,1.43803,4.00417,0.00368
10.44028,Recovering,0.79989,0.24785,0.36724,1.42316,4.74544,0.00313
10.44367,Recovering,0.80076,0.24939,0.36710,1.40816,4.42783,0.00339
10.44687,Recovering,0.80159,0.25092,0.36698,1.39274,4.82682,0.00320
10.45080,Recovering,0.80260,0.25285,0.36686,1.37542,4.40908,0.00393
10.45404,Recovering,0.80345,0.25444,0.36678,1.35801,5.37150,0.00324
10.45748,Recovering,0.80435,0.25612,0.36671,1.34098,4.95201,0.00344
10.46053,Recovering,0.80515,0.25762,0.36667,1.32441,5.41864,0.00306
10.46392,Recovering,0.80604,0.25928,0.36664,1.30746,5.00391,0.00339
10.46715,Recovering,0.80689,0.26092,0.36663,1.28965,5.51651,0.00323
10.47046,Recovering,0.80776,0.26263,0.36664,1.27200,5.32452,0.00331
10.47320,Recovering,0.80849,0.26404,0.36666,1.25556,6.00758,0.00274
10.47604,Recovering,0.80924,0.26550,0.36669,1.24011,5.43702,0.00284
10.47915,Recovering,0.81006,0.26709,0.36675,1.22337,5.39343,0.00310
10.48163,Recovering,0.81072,0.26837,0.36680,1.20771,6.30879,0.00248
10.48490,Recovering,0.81159,0.27006,0.36688,1.19109,5.07658,0.00327
10.48987,Recovering,0.81292,0.27277,0.36705,1.16716,4.81424,0.00497
10.49308,Recovering,0.81377,0.27452,0.36718,1.14403,7.20380,0.00321
10.49687,Recovering,0.81479,0.27658,0.36735,1.12353,5.41618,0.00379
10.50049,Recovering,0.81576,0.27855,0.36755,1.10198,5.95813,0.00362
10.50449,Recovering,0.81684,0.28073,0.36779,1.07951,5.61235,0.00400
10.50792,Recovering,0.81778,0.28270,0.36802,1.05762,6.37231,0.00343
10.51144,Recovering,0.81873,0.28471,0.36828,1.03712,5.84057,0.00351
10.51464,Recovering,0.81961,0.28654,0.36854,1.01736,6.17092,0.00320
10.51740,Recovering,0.82037,0.28812,0.36878,0.99978,6.35583,0.00277
10.52018,Recovering,0.82114,0.28971,0.36904,0.98323,5.95326,0.00278
10.52311,Recovering,0.82195,0.29139,0.36933,0.96624,5.79429,0.00293
10.52644,Recovering,0.82288,0.29334,0.36968,0.94747,5.64013,0.00333
10.52957,Recovering,0.82376,0.29520,0.37003,0.92840,6.10119,0.00313
10.53285,Recovering,0.82468,0.29716,0.37042,0.90946,5.77895,0.00328
10.53561,Recovering,0.82547,0.29881,0.37077,0.89177,6.40711,0.00276
10.53874,Recovering,0.82637,0.30068,0.37119,0.87423,5.58825,0.00314
10.54156,Recovering,0.82719,0.30236,0.37159,0.85677,6.20754,0.00281
10.54430,Recovering,0.82799,0.30399,0.37200,0.84039,5.98414,0.00274
10.54761,Recovering,0.82896,0.30603,0.37251,0.82245,5.41924,0.00331
10.55083,Recovering,0.82991,0.30802,0.37304,0.80348,5.89125,0.00322
10.55391,Recovering,0.83084,0.30993,0.37358,0.78514,5.94486,0.00309
10.55691,Recovering,0.83175,0.31178,0.37412,0.76759,5.83990,0.00300
10.55961,Recovering,0.83257,0.31344,0.37463,0.75135,6.03008,0.00269
10.56224,Recovering,0.83339,0.31507,0.37515,0.73595,5.84546,0.00263
10.56531,Recovering,0.83434,0.31698,0.37578,0.71952,5.36163,0.00306
10.56920,Recovering,0.83557,0.31945,0.37661,0.69979,5.07345,0.00389
10.57207,Recovering,0.83649,0.32127,0.37726,0.68107,6.51538,0.00287
10.57555,Recovering,0.83761,0.32348,0.37808,0.66342,5.07452,0.00348
10.57831,Recovering,0.83852,0.32524,0.37875,0.64645,6.13490,0.00277
10.58197,Recovering,0.83973,0.32756,0.37969,0.62908,4.74364,0.00366
10.58699,Recovering,0.83980,0.33078,0.38104,1.07991,89.86007,0.00502
10.59087,Recovering,0.83980,0.33330,0.38214,1.20701,32.79627,0.00388
10.59406,Recovering,0.83980,0.33538,0.38309,1.25819,16.00486,0.00320
10.59735,Recovering,0.83980,0.33752,0.38410,1.30534,14.33131,0.00329
10.60041,Recovering,0.83980,0.33951,0.38507,1.35192,15.27221,0.00305
10.60368,Recovering,0.83980,0.34163,0.38614,1.39842,14.20162,0.00327
10.60633,Recovering,0.83980,0.34338,0.38704,1.44265,16.67333,0.00265
10.61012,Recovering,0.83980,0.34589,0.38837,1.49151,12.89841,0.00379
10.61338,Recovering,0.83980,0.34805,0.38955,1.54665,16.92752,0.00326
10.61617,Recovering,0.83980,0.34991,0.39059,1.59372,16.85393,0.00279
10.61886,Recovering,0.83980,0.35169,0.39162,1.63624,15.78844,0.00269
10.62174,Recovering,0.83980,0.35360,0.39275,1.67993,15.20226,0.00287
10.62496,Recovering,0.83980,0.35574,0.39406,1.72791,14.87074,0.00323
10.62862,Recovering,0.83980,0.35820,0.39558,1.78343,15.18875,0.00366
10.63206,Recovering,0.83980,0.36052,0.39707,1.84189,16.99545,0.00344
10.63515,Recovering,0.83980,0.36260,0.39843,1.89559,17.39457,0.00309
10.63847,Recovering,0.83980,0.36484,0.39995,1.94831,15.85166,0.00333
10.64144,Recovering,0.83980,0.36685,0.40134,2.00053,17.57293,0.00297
10.64514,Recovering,0.83980,0.36934,0.40311,2.05574,14.92478,0.00370
10.64960,Recovering,0.83980,0.37239,0.40532,2.12542,15.62244,0.00446
10.65304,Recovering,0.83980,0.37474,0.40708,2.19343,19.80159,0.00343
10.65582,Recovering,0.83980,0.37664,0.40854,2.24572,18.76773,0.00279
10.65840,Recovering,0.83980,0.37840,0.40991,2.29025,17.26451,0.00258
10.66094,Recovering,0.83980,0.38013,0.41129,2.33263,16.71840,0.00253
10.66369,Recovering,0.83980,0.38201,0.41281,2.37589,15.72356,0.00275
10.66678,Recovering,0.83980,0.38414,0.41456,2.42462,15.74498,0.00309
10.66988,Recovering,0.83980,0.38628,0.41634,2.47692,16.89963,0.00309
10.67289,Recovering,0.83980,0.38836,0.41811,2.52861,17.17119,0.00301
10.67536,Recovering,0.83980,0.39007,0.41959,2.57522,18.83655,0.00247
10.67837,Recovering,0.83980,0.39214,0.42143,2.62075,15.16159,0.00300
10.68100,Recovering,0.83980,0.39396,0.42306,2.66862,18.17970,0.00263
10.68383,Recovering,0.83980,0.39592,0.42484,2.71379,15.96968,0.00283
10.68684,Recovering,0.83980,0.39651,0.42678,2.76173,15.93240,0.00301
10.69052,Recovering,0.83980,0.39665,0.42918,2.81391,14.16485,0.00368
10.69356,Recovering,0.83980,0.39677,0.43121,2.86404,16.48353,0.00304
10.69651,Recovering,0.83980,0.39688,0.43320,2.90514,13.93795,0.00295
10.69992,Recovering,0.83980,0.39701,0.43554,2.94607,11.99571,0.00341
10.70310,Recovering,0.83980,0.39714,0.43775,2.98636,12.68570,0.00318
10.70592,Recovering,0.83980,0.39742,0.43973,3.02027,12.03414,0.00282
10.70909,Recovering,0.83980,0.39795,0.44198,3.04962,9.23791,0.00318
10.71194,Recovering,0.83980,0.39842,0.44402,3.07578,9.20377,0.00284
10.71513,Recovering,0.83980,0.39896,0.44633,3.09767,6.84972,0.00320
10.71801,Recovering,0.83980,0.39943,0.44841,3.11697,6.71582,0.00287
10.72154,Recovering,0.83980,0.40002,0.45100,3.13316,4.58231,0.00353
10.72447,Recovering,0.83980,0.40051,0.45315,3.14716,4.76763,0.00294
10.72779,Recovering,0.83980,0.40044,0.45559,3.15691,2.93792,0.00332
10.73091,Recovering,0.83980,0.40035,0.45789,3.16379,2.20793,0.00312
10.73407,Recovering,0.83980,0.40026,0.46023,3.16763,1.21222,0.00316
10.73688,Recovering,0.83980,0.40018,0.46231,3.16870,0.38284,0.00281
10.73966,Recovering,0.83980,0.40010,0.46436,3.16743,0.45860,0.00278
10.74236,Recovering,0.83980,0.40002,0.46635,3.16451,1.08159,0.00270
10.74525,Recovering,0.83980,0.39988,0.46849,3.15973,1.65320,0.00289
10.74869,Recovering,0.83980,0.39951,0.47102,3.15213,2.20740,0.00344
10.75166,Recovering,0.83980,0.39918,0.47320,3.14341,2.93673,0.00297
10.75445,Recovering,0.83980,0.39888,0.47523,3.13326,3.64183,0.00279
10.75719,Recovering,0.83980,0.39858,0.47723,3.12199,4.11194,0.00274
10.76047,Recovering,0.83980,0.39822,0.47961,3.10798,4.26753,0.00328
10.76375,Recovering,0.83980,0.39787,0.48197,3.09220,4.81846,0.00327
10.76680,Recovering,0.83980,0.39768,0.48416,3.07541,5.49341,0.00306
10.77039,Recovering,0.83980,0.39753,0.48672,3.05574,5.48414,0.00359
10.77312,Recovering,0.83980,0.39741,0.48865,3.03664,6.99701,0.00273
10.77637,Recovering,0.83980,0.39727,0.49094,3.01605,6.33105,0.00325
10.77900,Recovering,0.83980,0.39715,0.49277,2.99590,7.67350,0.00263
10.78254,Recovering,0.83980,0.39700,0.49522,2.97268,6.54798,0.00355
10.78526,Recovering,0.83980,0.39691,0.49708,2.94988,8.40745,0.00271
10.78843,Recovering,0.83980,0.39689,0.49924,2.92624,7.43897,0.00318
10.79143,Recovering,0.83980,0.39688,0.50126,2.90122,8.35961,0.00299
10.79450,Recovering,0.83980,0.39686,0.50331,2.87555,8.36050,0.00307
10.79773,Recovering,0.83980,0.39685,0.50545,2.84826,8.43188,0.00324
10.80084,Recovering,0.83980,0.39683,0.50748,2.82057,8.92235,0.00310
10.80398,Recovering,0.83980,0.39681,0.50951,2.79252,8.93489,0.00314
10.80690,Recovering,0.83980,0.39680,0.51138,2.76500,9.42287,0.00292
10.81015,Recovering,0.83980,0.39679,0.51344,2.73568,9.00650,0.00326
10.81269,Recovering,0.83980,0.39678,0.51503,2.70830,10.78332,0.00254
10.81518,Recovering,0.83980,0.39677,0.51657,2.68346,9.96107,0.00249
10.81834,Recovering,0.83980,0.39676,0.51851,2.65480,9.09051,0.00315
10.82115,Recovering,0.83980,0.39675,0.52021,2.62513,10.54126,0.00281
10.82442,Recovering,0.83980,0.39674,0.52217,2.59407,9.49418,0.00327
10.82695,Recovering,0.83980,0.39673,0.52366,2.56494,11.51075,0.00253
10.83017,Recovering,0.83980,0.39672,0.52554,2.53424,9.53572,0.00322
10.83330,Recovering,0.83980,0.39671,0.52733,2.50095,10.64648,0.00313
10.83644,Recovering,0.83980,0.39671,0.52911,2.46742,10.67991,0.00314
10.83934,Recovering,0.83980,0.39670,0.53074,2.43498,11.19078,0.00290
10.84261,Recovering,0.83980,0.39669,0.53254,2.40135,10.26827,0.00328
10.84575,Recovering,0.83980,0.39668,0.53424,2.36668,11.04940,0.00314
10.84912,Recovering,0.83980,0.39667,0.53604,2.33093,10.60869,0.00337
10.85164,Recovering,0.83980,0.39667,0.53736,2.29880,12.77699,0.00251
10.85415,Recovering,0.83980,0.39666,0.53867,2.27066,11.19993,0.00251
10.85689,Recovering,0.83980,0.39666,0.54007,2.24087,10.88498,0.00274
10.86032,Recovering,0.83980,0.39665,0.54180,2.20599,10.15577,0.00343
10.86361,Recovering,0.83980,0.39664,0.54343,2.16860,11.37116,0.00329
10.86705,Recovering,0.83980,0.39664,0.54511,2.13115,10.88762,0.00344
10.87012,Recovering,0.83980,0.39663,0.54657,2.09474,11.86169,0.00307
10.87331,Recovering,0.83980,0.39663,0.54807,2.05943,11.05321,0.00319
10.87606,Recovering,0.83980,0.39663,0.54934,2.02622,12.10669,0.00274
10.87908,Recovering,0.83980,0.39663,0.55071,1.99361,10.76582,0.00303
10.88212,Recovering,0.83980,0.39662,0.55207,1.95964,11.21202,0.00303
10.88515,Recovering,0.83980,0.39662,0.55340,1.92594,11.08962,0.00304
10.88887,Recovering,0.83980,0.39662,0.55499,1.88822,10.14413,0.00372
10.89316,Recovering,0.83980,0.39662,0.55679,1.84380,10.35842,0.00429
10.89658,Recovering,0.83980,0.39661,0.55819,1.80178,12.26805,0.00342
10.89914,Recovering,0.83980,0.39661,0.55922,1.76929,12.72610,0.00255
10.90151,Recovering,0.83980,0.39661,0.56016,1.74256,11.28717,0.00237
10.90395,Recovering,0.83980,0.39661,0.56111,1.71637,10.70054,0.00245
10.90713,Recovering,0.83980,0.39661,0.56233,1.68561,9.67708,0.00318
10.91040,Recovering,0.83980,0.39660,0.56355,1.65104,10.57031,0.00327
10.91326,Recovering,0.83980,0.39660,0.56460,1.61858,11.35147,0.00286
10.91626,Recovering,0.83980,0.39660,0.56568,1.58756,10.36130,0.00299
10.91882,Recovering,0.83980,0.39660,0.56658,1.55847,11.35268,0.00256
10.92199,Recovering,0.83980,0.39660,0.56768,1.52839,9.49431,0.00317
10.92478,Recovering,0.83980,0.39659,0.56862,1.49797,10.90810,0.00279
10.92851,Recovering,0.83980,0.39659,0.56986,1.46432,9.00921,0.00374
10.93149,Recovering,0.83980,0.39659,0.57083,1.43057,11.32222,0.00298
10.93446,Recovering,0.83980,0.39658,0.57177,1.40079,10.02583,0.00297
10.93795,Recovering,0.83980,0.39658,0.57285,1.36860,9.23851,0.00348
10.94127,Recovering,0.83980,0.39658,0.57385,1.33533,10.01714,0.00332
10.94453,Recovering,0.83980,0.39658,0.57481,1.30359,9.72527,0.00326
10.94757,Recovering,0.83980,0.39657,0.57568,1.27356,9.89561,0.00303
10.95034,Recovering,0.83980,0.39657,0.57646,1.24621,9.88103,0.00277
10.95303,Recovering,0.83980,0.39657,0.57721,1.22058,9.49201,0.00270
10.95612,Recovering,0.83980,0.39656,0.57804,1.19354,8.76881,0.00308
10.95879,Recovering,0.83980,0.39656,0.57874,1.16735,9.81629,0.00267
10.96137,Recovering,0.83980,0.39656,0.57941,1.14352,9.22456,0.00258
10.96446,Recovering,0.83980,0.39656,0.58019,1.11806,8.25152,0.00309
10.96694,Recovering,0.83980,0.39655,0.58081,1.09369,9.79481,0.00249
10.97055,Recovering,0.83980,0.39655,0.58167,1.06681,7.45416,0.00361
10.97295,Recovering,0.83980,0.39655,0.58224,1.04127,10.63526,0.00240
10.97597,Recovering,0.83980,0.39655,0.58293,1.01805,7.69368,0.00302
10.97874,Recovering,0.83980,0.39654,0.58356,0.99380,8.75713,0.00277
10.98135,Recovering,0.83980,0.39654,0.58413,0.97161,8.51413,0.00261
10.98469,Recovering,0.83980,0.39654,0.58484,0.94722,7.28827,0.00335
10.98795,Recovering,0.83980,0.39654,0.58552,0.92092,8.06331,0.00326
10.99047,Recovering,0.83980,0.39654,0.58603,0.89827,9.01239,0.00251
10.99322,Recovering,0.83980,0.39654,0.58658,0.87774,7.44927,0.00276
10.99620,Recovering,0.83980,0.39654,0.58716,0.85569,7.40501,0.00298
10.99964,Recovering,0.83980,0.39653,0.58781,0.83158,7.00672,0.00344
11.00276,Recovering,0.83980,0.39653,0.58838,0.80740,7.76124,0.00312
11.00740,Recovering,0.83980,0.39653,0.58920,0.77928,6.05717,0.00464
11.01129,Recovering,0.83980,0.39653,0.58986,0.74951,7.64367,0.00389
11.01453,Recovering,0.83980,0.39653,0.59039,0.72520,7.52150,0.00323
11.01765,Recovering,0.83980,0.39653,0.59090,0.70387,6.83167,0.00312
11.02049,Recovering,0.83980,0.39653,0.59134,0.68444,6.84295,0.00284
11.02315,Recovering,0.83980,0.39653,0.59174,0.66686,6.60586,0.00266
11.02630,Recovering,0.83980,0.39653,0.59221,0.64854,5.81587,0.00315
11.02941,Recovering,0.83980,0.39653,0.59266,0.62924,6.19205,0.00312
11.03282,Recovering,0.83980,0.39652,0.59313,0.60974,5.72669,0.00341
11.03583,Recovering,0.83980,0.39652,0.59354,0.59107,6.20050,0.00301
11.03855,Recovering,0.83980,0.39651,0.59390,0.57485,5.96709,0.00272
11.04106,Recovering,0.83980,0.39651,0.59423,0.56037,5.76956,0.00251
11.04383,Recovering,0.83980,0.39651,0.59458,0.54590,5.21329,0.00278
11.04697,Recovering,0.83980,0.39653,0.59496,0.53022,5.00766,0.00313
11.05066,Recovering,0.83980,0.39656,0.59540,0.51269,4.74047,0.00370
11.05399,Recovering,0.83980,0.39658,0.59579,0.49535,5.21357,0.00333
11.05654,Recovering,0.83980,0.39660,0.59608,0.48144,5.44249,0.00256
11.05970,Recovering,0.83980,0.39663,0.59642,0.46794,4.27428,0.00316
11.06287,Recovering,0.83980,0.39666,0.59676,0.45364,4.51129,0.00317
11.06588,Recovering,0.83980,0.39669,0.59707,0.44005,4.52781,0.00300
11.06911,Recovering,0.83980,0.39674,0.59740,0.42708,4.00652,0.00324
11.07222,Recovering,0.83980,0.39679,0.59771,0.41437,4.09200,0.00311
11.07572,Recovering,0.83980,0.39684,0.59805,0.40169,3.62240,0.00350
11.07967,Recovering,0.83980,0.39690,0.59842,0.38831,3.39155,0.00395
11.08362,Recovering,0.83980,0.39696,0.59878,0.37468,3.44646,0.00395
11.08649,Recovering,0.83980,0.39700,0.59904,0.36378,3.79366,0.00287
11.08940,Recovering,0.83980,0.39703,0.59929,0.35494,3.04450,0.00291
11.09223,Recovering,0.83980,0.39706,0.59954,0.34690,2.83400,0.00284
11.09560,Recovering,0.83980,0.39711,0.59982,0.33870,2.43187,0.00337
11.09872,Recovering,0.83980,0.39714,0.60008,0.33079,2.54053,0.00311
11.10227,Recovering,0.83980,0.39718,0.60038,0.32334,2.09633,0.00355
11.10525,Recovering,0.83980,0.39722,0.60062,0.31655,2.27518,0.00298
11.10960,Recovering,0.83980,0.39727,0.60097,0.31008,1.49186,0.00434
11.11220,Recovering,0.83980,0.39730,0.60117,0.30473,2.05178,0.00261
11.11582,Recovering,0.83980,0.39735,0.60146,0.30070,1.11414,0.00362
11.11839,Recovering,0.83980,0.39738,0.60166,0.29734,1.30810,0.00257
11.12110,Recovering,0.83980,0.39741,0.60188,0.29466,0.98570,0.00271
11.12411,Recovering,0.83980,0.39744,0.60211,0.29240,0.75111,0.00301
11.12952,Recovering,0.83980,0.39751,0.60254,0.29075,0.30607,0.00540
11.13358,Recovering,0.83980,0.39756,0.60287,0.29056,0.04672,0.00406
11.13624,Recovering,0.83980,0.39759,0.60308,0.29108,0.19565,0.00266
11.13946,Recovering,0.83980,0.39763,0.60334,0.29217,0.33991,0.00322
11.14228,Recovering,0.83980,0.39767,0.60357,0.29381,0.57867,0.00282
11.14545,Recovering,0.83980,0.39771,0.60384,0.29596,0.68089,0.00317
11.14872,Recovering,0.83980,0.39774,0.60411,0.29929,1.01870,0.00327
11.15182,Recovering,0.83980,0.39778,0.60438,0.30354,1.36479,0.00311
11.15450,Recovering,0.83980,0.39781,0.60461,0.30805,1.68692,0.00268
11.15811,Recovering,0.83980,0.39786,0.60493,0.31385,1.60439,0.00361
11.16098,Recovering,0.83980,0.39789,0.60519,0.32039,2.28674,0.00286
11.16453,Recovering,0.83980,0.39793,0.60552,0.32758,2.02245,0.00356
11.16762,Recovering,0.83980,0.39797,0.60581,0.33590,2.69578,0.00308
11.17153,Recovering,0.83980,0.39801,0.60620,0.34599,2.57768,0.00392
11.17502,Recovering,0.83980,0.39805,0.60655,0.35789,3.40850,0.00349
11.17795,Recovering,0.83980,0.39808,0.60686,0.36894,3.77187,0.00293
11.18087,Recovering,0.83980,0.39811,0.60717,0.37927,3.54487,0.00291
11.18384,Recovering,0.83980,0.39814,0.60749,0.39043,3.75198,0.00297
11.18640,Recovering,0.83980,0.39817,0.60778,0.40117,4.20020,0.00256
11.18940,Recovering,0.83980,0.39820,0.60812,0.41286,3.89554,0.00300
11.19265,Recovering,0.83980,0.39823,0.60851,0.42714,4.38419,0.00326
11.19549,Recovering,0.83980,0.39826,0.60886,0.44170,5.14016,0.00283
11.20013,Recovering,0.83980,0.39831,0.60945,0.46102,4.16141,0.00464
11.20348,Recovering,0.83980,0.39834,0.60989,0.48250,6.41930,0.00335
11.20745,Recovering,0.83980,0.39838,0.61043,0.50268,5.07755,0.00398
11.21123,Recovering,0.83980,0.39843,0.61097,0.52552,6.04664,0.00378
11.21444,Recovering,0.83980,0.39847,0.61144,0.54668,6.59627,0.00321
11.21754,Recovering,0.83980,0.39851,0.61191,0.56628,6.31350,0.00310
11.22074,Recovering,0.83980,0.39855,0.61241,0.58641,6.28649,0.00320
11.22357,Recovering,0.83980,0.39858,0.61287,0.60593,6.91996,0.00282
11.22888,Recovering,0.83980,0.39865,0.61376,0.63436,5.35098,0.00531
11.23228,Recovering,0.83980,0.39870,0.61435,0.66569,9.21514,0.00340
11.23477,Recovering,0.83980,0.39873,0.61480,0.68659,8.37787,0.00250
11.23726,Recovering,0.83980,0.39876,0.61526,0.70420,7.06305,0.00249
11.24043,Recovering,0.83980,0.39880,0.61585,0.72467,6.46980,0.00316
11.24324,Recovering,0.83980,0.39884,0.61639,0.74671,7.84889,0.00281
11.24606,Recovering,0.83980,0.39888,0.61695,0.76759,7.40811,0.00282
11.24966,Recovering,0.83980,0.39892,0.61768,0.79214,6.81465,0.00360
11.25244,Recovering,0.83980,0.39895,0.61826,0.81725,9.02513,0.00278
11.25580,Recovering,0.83980,0.39900,0.61898,0.84136,7.17130,0.00336
11.25852,Recovering,0.83980,0.39903,0.61958,0.86556,8.91525,0.00271
11.26215,Recovering,0.83980,0.39907,0.62040,0.89095,6.99301,0.00363
11.26538,Recovering,0.83980,0.39912,0.62115,0.91875,8.60626,0.00323
11.26899,Recovering,0.83980,0.39917,0.62201,0.94680,7.76561,0.00361
11.27178,Recovering,0.83980,0.39921,0.62268,0.97313,9.45490,0.00278
11.27447,Recovering,0.83980,0.39925,0.62336,0.99538,8.24346,0.00270
11.27754,Recovering,0.83980,0.39930,0.62413,1.01880,7.62933,0.00307
11.28059,Recovering,0.83980,0.39934,0.62492,1.04388,8.23536,0.00305
11.28381,Recovering,0.83980,0.39939,0.62578,1.06958,7.98390,0.00322
11.28657,Recovering,0.83980,0.39943,0.62652,1.09409,8.87617,0.00276
11.29035,Recovering,0.83980,0.39947,0.62757,1.12084,7.07932,0.00378
11.29303,Recovering,0.83980,0.39951,0.62832,1.14761,10.00193,0.00268
11.29678,Recovering,0.83980,0.39955,0.62940,1.17380,6.97015,0.00376
11.29956,Recovering,0.83980,0.39959,0.63022,1.20069,9.66987,0.00278
11.30262,Recovering,0.83980,0.39963,0.63113,1.22383,7.57991,0.00305
11.30596,Recovering,0.83980,0.39966,0.63215,1.24932,7.62154,0.00334
11.30965,Recovering,0.83980,0.39970,0.63330,1.27743,7.62576,0.00369
11.31274,Recovering,0.83980,0.39974,0.63428,1.30455,8.77416,0.00309
11.31635,Recovering,0.83980,0.39977,0.63544,1.33077,7.24778,0.00362
11.31925,Recovering,0.83980,0.39980,0.63640,1.35617,8.75750,0.00290
11.32204,Recovering,0.83980,0.39983,0.63732,1.37760,7.68510,0.00279
11.32450,Recovering,0.83980,0.39986,0.63815,1.39708,7.93429,0.00245
11.32704,Recovering,0.83980,0.39987,0.63902,1.41512,7.08712,0.00255
11.33013,Recovering,0.83980,0.39989,0.64009,1.43525,6.51359,0.00309
11.33319,Recovering,0.83980,0.39991,0.64116,1.45747,7.26451,0.00306
11.33593,Recovering,0.83980,0.39993,0.64213,1.47793,7.48911,0.00273
11.33923,Recovering,0.83980,0.39995,0.64332,1.49848,6.22249,0.00330
11.34213,Recovering,0.83980,0.39997,0.64437,1.51966,7.30754,0.00290
11.34559,Recovering,0.83980,0.39999,0.64565,1.54066,6.06983,0.00346
11.34865,Recovering,0.83980,0.40001,0.64680,1.56186,6.91161,0.00307
11.35187,Recovering,0.83980,0.40003,0.64802,1.58134,6.04697,0.00322
11.35479,Recovering,0.83980,0.40004,0.64913,1.60013,6.44902,0.00291
11.35807,Recovering,0.83980,0.40006,0.65040,1.61798,5.43343,0.00329
11.36133,Recovering,0.83980,0.40008,0.65167,1.63667,5.73743,0.00326
11.36423,Recovering,0.83980,0.40009,0.65281,1.65384,5.91626,0.00290
11.36728,Recovering,0.83980,0.40011,0.65403,1.66926,5.06347,0.00305
11.37231,Recovering,0.83980,0.40015,0.65605,1.69049,4.21927,0.00503
11.37532,Recovering,0.83980,0.40017,0.65728,1.71129,6.91031,0.00301
11.37783,Recovering,0.83980,0.40018,0.65831,1.72383,4.98850,0.00251
11.38046,Recovering,0.83980,0.40020,0.65940,1.73449,4.05602,0.00263
11.38292,Recovering,0.83980,0.40022,0.66041,1.74493,4.25105,0.00246
11.38581,Recovering,0.83980,0.40023,0.66162,1.75530,3.58792,0.00289
11.38934,Recovering,0.83980,0.40025,0.66311,1.76757,3.47330,0.00353
11.39230,Recovering,0.83980,0.40027,0.66436,1.77973,4.10634,0.00296
11.39516,Recovering,0.83980,0.40029,0.66557,1.78966,3.47324,0.00286
11.39803,Recovering,0.83980,0.40030,0.66680,1.79849,3.07279,0.00287
11.40107,Recovering,0.83980,0.40032,0.66811,1.80749,2.96049,0.00304
11.40360,Recovering,0.83980,0.40034,0.66920,1.81554,3.19045,0.00252
11.40637,Recovering,0.83980,0.40035,0.67039,1.82235,2.45731,0.00277
11.41009,Recovering,0.83980,0.40036,0.67201,1.83005,2.06570,0.00373
11.41333,Recovering,0.83980,0.40038,0.67343,1.83837,2.56988,0.00324
11.41681,Recovering,0.83980,0.40039,0.67495,1.84508,1.92670,0.00348
11.41963,Recovering,0.83980,0.40040,0.67619,1.85090,2.06440,0.00282
11.42221,Recovering,0.83980,0.40041,0.67733,1.85511,1.63475,0.00257
11.42466,Recovering,0.83980,0.40042,0.67841,1.85843,1.35642,0.00245
11.42835,Recovering,0.83980,0.40043,0.68004,1.86154,0.84131,0.00369
11.43138,Recovering,0.83980,0.40044,0.68138,1.86536,1.26123,0.00303
11.43499,Recovering,0.83980,0.40045,0.68298,1.86744,0.57815,0.00361
11.43790,Recovering,0.83980,0.40046,0.68427,1.86961,0.74428,0.00291
11.44133,Recovering,0.83980,0.40047,0.68580,1.87021,0.17591,0.00343
11.44422,Recovering,0.83980,0.40048,0.68708,1.87087,0.22690,0.00289
11.44732,Recovering,0.83980,0.40049,0.68846,1.87039,0.15566,0.00310
11.45103,Recovering,0.83980,0.40049,0.69010,1.86912,0.34114,0.00371
11.45421,Recovering,0.83980,0.40050,0.69151,1.86738,0.54831,0.00318
11.45725,Recovering,0.83980,0.40051,0.69286,1.86486,0.82681,0.00304
11.45984,Recovering,0.83980,0.40051,0.69401,1.86220,1.03043,0.00258
11.46300,Recovering,0.83980,0.40052,0.69540,1.85844,1.18915,0.00316
11.46587,Recovering,0.83980,0.40052,0.69667,1.85442,1.40150,0.00287
11.46884,Recovering,0.83980,0.40053,0.69797,1.84988,1.52896,0.00297
11.47125,Recovering,0.83980,0.40053,0.69903,1.84530,1.90363,0.00241
11.47374,Recovering,0.83980,0.40054,0.70012,1.84039,1.96837,0.00249
11.47702,Recovering,0.83980,0.40054,0.70155,1.83394,1.96367,0.00328
11.47977,Recovering,0.83980,0.40054,0.70274,1.82756,2.32459,0.00274
11.48366,Recovering,0.83980,0.40055,0.70443,1.81945,2.08266,0.00389
11.48662,Recovering,0.83980,0.40055,0.70570,1.81133,2.73984,0.00296
11.49002,Recovering,0.83980,0.40055,0.70716,1.80242,2.62314,0.00340
11.49301,Recovering,0.83980,0.40056,0.70844,1.79321,3.07643,0.00299
11.49637,Recovering,0.83980,0.40056,0.70986,1.78313,3.00438,0.00336
11.49957,Recovering,0.83980,0.40056,0.71121,1.77248,3.32825,0.00320
11.50263,Recovering,0.83980,0.40056,0.71249,1.76189,3.46266,0.00306
11.50580,Recovering,0.83980,0.40059,0.71382,1.75058,3.56580,0.00317
11.50932,Recovering,0.83980,0.40068,0.71527,1.73685,3.90433,0.00352
11.51247,Recovering,0.83980,0.40075,0.71657,1.72191,4.73211,0.00316
11.51539,Recovering,0.83980,0.40082,0.71775,1.70667,5.22025,0.00292
11.51789,Recovering,0.83980,0.40088,0.71876,1.69211,5.83727,0.00249
11.52024,Recovering,0.83980,0.40094,0.71970,1.67846,5.80324,0.00235
11.52280,Recovering,0.83980,0.40100,0.72071,1.66368,5.77902,0.00256
11.52608,Recovering,0.83980,0.40105,0.72200,1.64508,5.66114,0.00329
11.52913,Recovering,0.83980,0.40108,0.72318,1.62408,6.89590,0.00305
11.53220,Recovering,0.83980,0.40110,0.72436,1.60216,7.13543,0.00307
11.53490,Recovering,0.83980,0.40112,0.72537,1.58051,8.02128,0.00270
11.53897,Recovering,0.83980,0.40115,0.72688,1.55302,6.74785,0.00407
11.54231,Recovering,0.83980,0.40117,0.72810,1.52268,9.09084,0.00334
11.54542,Recovering,0.83980,0.40119,0.72920,1.49509,8.87844,0.00311
11.54869,Recovering,0.83980,0.40118,0.73035,1.46672,8.66545,0.00327
11.55157,Recovering,0.83980,0.40117,0.73134,1.43890,9.65718,0.00288
11.55456,Recovering,0.83980,0.40116,0.73235,1.41136,9.20853,0.00299
11.55912,Recovering,0.83980,0.40115,0.73384,1.37486,8.00929,0.00456
11.56256,Recovering,0.83980,0.40114,0.73494,1.33659,11.13169,0.00344
11.56518,Recovering,0.83980,0.40113,0.73576,1.30742,11.12293,0.00262
11.56801,Recovering,0.83980,0.40113,0.73663,1.28049,9.51409,0.00283
11.57071,Recovering,0.83980,0.40112,0.73743,1.25323,10.11252,0.00270
11.57430,Recovering,0.83980,0.40112,0.73848,1.22181,8.74686,0.00359
11.57698,Recovering,0.83980,0.40111,0.73925,1.19112,11.45906,0.00268
11.57999,Recovering,0.83980,0.40111,0.74008,1.16299,9.32782,0.00302
11.58284,Recovering,0.83980,0.40110,0.74086,1.13414,10.12294,0.00285
11.58583,Recovering,0.83980,0.40110,0.74165,1.10554,9.56010,0.00299
11.59011,Recovering,0.83980,0.40109,0.74274,1.07016,8.26687,0.00428
11.59322,Recovering,0.83980,0.40109,0.74351,1.03515,11.26143,0.00311
11.59646,Recovering,0.83980,0.40109,0.74429,1.00523,9.25415,0.00323
11.59945,Recovering,0.83980,0.40108,0.74499,0.97636,9.63728,0.00300
11.60262,Recovering,0.83980,0.40108,0.74571,0.94802,8.93333,0.00317
11.60562,Recovering,0.83980,0.40108,0.74637,0.92036,9.23130,0.00300
11.60913,Recovering,0.83980,0.40107,0.74711,0.89136,8.27078,0.00351
11.61192,Recovering,0.83980,0.40107,0.74769,0.86420,9.70391,0.00280
11.61444,Recovering,0.83980,0.40107,0.74820,0.84158,8.98006,0.00252
11.61687,Recovering,0.83980,0.40106,0.74868,0.82094,8.50183,0.00243
11.61935,Recovering,0.83980,0.40106,0.74915,0.80074,8.14110,0.00248
11.62227,Recovering,0.83980,0.40106,0.74970,0.77875,7.54710,0.00291
11.62515,Recovering,0.83980,0.40106,0.75022,0.75575,7.97354,0.00288
11.62814,Recovering,0.83980,0.40105,0.75074,0.73301,7.61721,0.00299
11.63137,Recovering,0.83980,0.40105,0.75129,0.70942,7.30480,0.00323
11.63425,Recovering,0.83980,0.40105,0.75176,0.68684,7.83706,0.00288
11.63791,Recovering,0.83980,0.40105,0.75235,0.66326,6.44303,0.00366
11.64080,Recovering,0.83980,0.40104,0.75279,0.64030,7.94013,0.00289
11.64447,Recovering,0.83980,0.40104,0.75333,0.61795,6.09311,0.00367
11.64739,Recovering,0.83980,0.40104,0.75375,0.59630,7.41468,0.00292
11.65103,Recovering,0.83980,0.40104,0.75425,0.57512,5.80878,0.00365
11.65427,Recovering,0.83980,0.40104,0.75468,0.55378,6.59882,0.00323
11.65689,Recovering,0.83980,0.40103,0.75502,0.53605,6.77068,0.00262
11.65927,Recovering,0.83980,0.40103,0.75531,0.52143,6.13631,0.00238
11.66183,Recovering,0.83980,0.40103,0.75563,0.50713,5.57480,0.00257
11.66512,Recovering,0.83980,0.40103,0.75601,0.49060,5.02149,0.00329
11.66874,Recovering,0.83980,0.40103,0.75642,0.47176,5.21228,0.00362
11.67227,Recovering,0.83980,0.40103,0.75680,0.45304,5.30232,0.00353
11.67506,Recovering,0.83980,0.40102,0.75710,0.43703,5.73191,0.00279
11.67878,Recovering,0.83980,0.40102,0.75747,0.42085,4.35009,0.00372
11.68161,Recovering,0.83980,0.40102,0.75775,0.40543,5.46129,0.00282
11.68680,Recovering,0.83980,0.40102,0.75823,0.38695,3.55427,0.00520
11.69051,Recovering,0.83980,0.40102,0.75855,0.36756,5.23957,0.00370
11.69361,Recovering,0.83980,0.40102,0.75882,0.35326,4.60352,0.00311
11.69661,Recovering,0.83980,0.40102,0.75906,0.34085,4.13268,0.00300
11.69972,Recovering,0.83980,0.40102,0.75931,0.32882,3.87213,0.00311
11.70253,Recovering,0.83980,0.40102,0.75952,0.31761,3.98450,0.00281
11.70519,Recovering,0.83980,0.40102,0.75972,0.30758,3.77154,0.00266
11.70815,Recovering,0.83980,0.40102,0.75993,0.29745,3.43194,0.00295
11.71080,Recovering,0.83980,0.40102,0.76011,0.28777,3.65030,0.00265
11.71442,Recovering,0.83980,0.40101,0.76035,0.27720,2.92376,0.00362
11.71731,Recovering,0.83980,0.40101,0.76054,0.26680,3.58809,0.00290
11.72065,Recovering,0.83980,0.40101,0.76075,0.25697,2.94261,0.00334
11.72325,Recovering,0.83980,0.40101,0.76090,0.24796,3.47256,0.00259
11.72618,Recovering,0.83980,0.40101,0.76107,0.24000,2.71283,0.00294
11.72962,Recovering,0.83980,0.40101,0.76126,0.23092,2.64403,0.00343
11.73224,Recovering,0.83980,0.40101,0.76140,0.22264,3.15542,0.00263
11.73563,Recovering,0.83980,0.40101,0.76157,0.21485,2.29985,0.00338
11.73882,Recovering,0.83980,0.40101,0.76173,0.20645,2.63367,0.00319
11.74167,Recovering,0.83980,0.40101,0.76187,0.19904,2.60030,0.00285
11.74456,Recovering,0.83980,0.40101,0.76200,0.19241,2.28954,0.00290
11.74816,Recovering,0.83980,0.40101,0.76216,0.18488,2.09172,0.00360
11.75107,Recovering,0.83980,0.40101,0.76229,0.17775,2.45043,0.00291
11.75383,Recovering,0.83980,0.40101,0.76240,0.17184,2.14787,0.00275
11.75672,Recovering,0.83980,0.40101,0.76252,0.16596,2.03166,0.00289
11.75944,Recovering,0.83980,0.40101,0.76262,0.16049,2.01286,0.00272
11.76269,Recovering,0.83980,0.40101,0.76274,0.15463,1.79666,0.00326
11.76552,Recovering,0.83980,0.40101,0.76284,0.14908,1.96576,0.00282
11.76914,Recovering,0.83980,0.40101,0.76297,0.14340,1.56929,0.00362
11.77171,Recovering,0.83980,0.40101,0.76305,0.13802,2.09023,0.00257
11.77484,Recovering,0.83980,0.40101,0.76316,0.13340,1.47793,0.00313
11.77782,Recovering,0.83980,0.40101,0.76325,0.12850,1.64308,0.00298
11.78048,Recovering,0.83980,0.40101,0.76333,0.12415,1.63318,0.00266
11.78345,Recovering,0.83980,0.40101,0.76341,0.12003,1.38886,0.00296
11.78608,Recovering,0.83980,0.40101,0.76349,0.11621,1.45332,0.00263
11.78979,Recovering,0.83980,0.40101,0.76359,0.11173,1.20818,0.00371
11.79273,Recovering,0.83980,0.40101,0.76366,0.10741,1.46644,0.00294
11.79555,Recovering,0.83980,0.40101,0.76373,0.10371,1.31341,0.00282
11.79856,Recovering,0.83980,0.40101,0.76381,0.10006,1.21264,0.00301
11.80135,Recovering,0.83980,0.40101,0.76387,0.09666,1.21980,0.00279
11.80365,Recovering,0.83980,0.40101,0.76392,0.09370,1.28643,0.00230
11.80624,Recovering,0.83980,0.40101,0.76398,0.09104,1.02741,0.00259
11.80978,Recovering,0.83980,0.40101,0.76405,0.08773,0.93480,0.00354
11.81293,Recovering,0.83980,0.40101,0.76412,0.08424,1.10529,0.00315
11.81560,Recovering,0.83980,0.40101,0.76417,0.08145,1.04749,0.00267
11.81859,Recovering,0.83980,0.40101,0.76423,0.07864,0.94311,0.00298
11.82216,Recovering,0.83980,0.40101,0.76429,0.07564,0.83941,0.00357
11.82578,Recovering,0.83980,0.40101,0.76436,0.07246,0.87587,0.00362
11.82894,Recovering,0.83980,0.40101,0.76441,0.06959,0.90803,0.00317
11.83197,Recovering,0.83980,0.40100,0.76446,0.06712,0.81671,0.00302
11.83485,Recovering,0.83980,0.40100,0.76450,0.06481,0.80429,0.00288
11.83920,Recovering,0.83980,0.40100,0.76457,0.06200,0.64435,0.00435
11.84219,Recovering,0.83980,0.40100,0.76461,0.05946,0.85050,0.00299
11.84501,Recovering,0.83980,0.40100,0.76465,0.05744,0.71793,0.00282
11.84811,Recovering,0.83980,0.40100,0.76469,0.05552,0.61642,0.00310
11.85061,Recovering,0.83980,0.40100,0.76473,0.05363,0.75770,0.00250
11.85415,Recovering,0.83980,0.40100,0.76477,0.05189,0.49013,0.00354
11.85712,Recovering,0.83980,0.40100,0.76481,0.04989,0.67320,0.00297
11.86046,Recovering,0.83980,0.40100,0.76485,0.04814,0.52446,0.00334
11.86422,Recovering,0.83980,0.40100,0.76489,0.04628,0.49500,0.00377
11.86781,Recovering,0.83980,0.40100,0.76493,0.04438,0.52732,0.00359
11.87119,Recovering,0.83980,0.40100,0.76496,0.04269,0.50186,0.00338
11.87427,Recovering,0.83980,0.40100,0.76499,0.04125,0.46701,0.00308
11.87690,Recovering,0.83980,0.40100,0.76502,0.03991,0.51001,0.00263
11.88012,Recovering,0.83980,0.40100,0.76505,0.03874,0.36318,0.00323
11.88295,Recovering,0.83980,0.40101,0.76508,0.03746,0.45415,0.00282
11.88583,Recovering,0.83980,0.40101,0.76510,0.03633,0.39021,0.00288
11.88942,Recovering,0.83980,0.40101,0.76513,0.03508,0.34892,0.00359
11.89289,Recovering,0.83980,0.40101,0.76516,0.03386,0.35267,0.00347
11.89591,Recovering,0.83980,0.40101,0.76518,0.03273,0.37424,0.00302
11.89875,Recovering,0.83980,0.40101,0.76521,0.03175,0.34402,0.00283
11.90149,Recovering,0.83980,0.40101,0.76523,0.03082,0.33982,0.00275
11.90409,Recovering,0.83980,0.40101,0.76525,0.03003,0.30525,0.00259
11.90715,Recovering,0.83980,0.40101,0.76527,0.02923,0.26077,0.00307
11.91064,Recovering,0.83980,0.40101,0.76529,0.02817,0.30372,0.00349
11.91369,Recovering,0.83980,0.40101,0.76531,0.02730,0.28252,0.00305
11.91654,Recovering,0.83980,0.40101,0.76533,0.02654,0.26928,0.00284
11.91985,Recovering,0.83980,0.40101,0.76535,0.02575,0.23818,0.00331
11.92302,Recovering,0.83980,0.40101,0.76537,0.02488,0.27404,0.00318
11.92565,Recovering,0.83980,0.40101,0.76539,0.02428,0.23014,0.00263
11.92907,Recovering,0.83980,0.40101,0.76541,0.02360,0.19867,0.00342
11.93179,Recovering,0.83980,0.40101,0.76542,0.02284,0.27928,0.00272
11.93530,Recovering,0.83980,0.40101,0.76544,0.02215,0.19465,0.00351
11.93814,Recovering,0.83980,0.40101,0.76546,0.02162,0.18922,0.00285
11.94088,Recovering,0.83980,0.40101,0.76547,0.02106,0.20433,0.00273
11.94408,Recovering,0.83980,0.40101,0.76549,0.02037,0.21526,0.00320
11.94690,Recovering,0.83980,0.40101,0.76550,0.01981,0.19585,0.00282
11.95007,Recovering,0.83980,0.40101,0.76552,0.01928,0.17011,0.00317
11.95288,Recovering,0.83980,0.40101,0.76553,0.01884,0.15663,0.00281
11.95674,Recovering,0.83980,0.40101,0.76555,0.01825,0.15276,0.00386
11.95952,Recovering,0.83980,0.40101,0.76556,0.01769,0.19836,0.00278
11.96322,Recovering,0.83980,0.40101,0.76557,0.01720,0.13403,0.00370
11.96599,Recovering,0.83980,0.40101,0.76559,0.01678,0.15042,0.00277
11.97012,Recovering,0.83980,0.40101,0.76560,0.01626,0.12651,0.00413
11.97327,Recovering,0.83980,0.40101,0.76562,0.01579,0.14848,0.00315
11.97645,Recovering,0.83980,0.40101,0.76563,0.01527,0.16318,0.00318
11.97957,Recovering,0.83980,0.40101,0.76564,0.01498,0.09327,0.00311
11.98291,Recovering,0.83980,0.40101,0.76565,0.01455,0.12968,0.00335
11.98639,Recovering,0.83980,0.40101,0.76566,0.01417,0.10964,0.00348
11.98946,Recovering,0.83980,0.40101,0.76567,0.01369,0.15410,0.00307
11.99201,Recovering,0.83980,0.40101,0.76568,0.01352,0.06633,0.00254
11.99484,Recovering,0.83980,0.40101,0.76569,0.01316,0.12814,0.00284
11.99817,Recovering,0.83980,0.40101,0.76570,0.01280,0.10971,0.00332
12.00100,Recovering,0.83980,0.40101,0.76571,0.01244,0.12463,0.00283
12.00433,Recovering,0.83980,0.40101,0.76572,0.01219,0.07657,0.00333
12.00715,Recovering,0.83980,0.40101,0.76573,0.01187,0.11335,0.00282
12.01077,Recovering,0.83980,0.40101,0.76574,0.01156,0.08521,0.00361
12.01386,Recovering,0.83980,0.40101,0.76575,0.01129,0.08657,0.00310
12.01675,Recovering,0.83980,0.40101,0.76576,0.01102,0.09551,0.00289
12.01966,Recovering,0.83980,0.40101,0.76577,0.01081,0.07253,0.00291
12.02267,Recovering,0.83980,0.40101,0.76577,0.01051,0.09780,0.00301
12.02601,Recovering,0.83980,0.40101,0.76578,0.01032,0.05652,0.00334
12.02955,Recovering,0.83980,0.40101,0.76579,0.01003,0.08339,0.00354
12.03272,Recovering,0.83980,0.40101,0.76580,0.00973,0.09286,0.00318
12.03558,Recovering,0.83980,0.40101,0.76581,0.00951,0.07865,0.00285
12.03854,Recovering,0.83980,0.40101,0.76581,0.00932,0.06176,0.00296
12.04115,Recovering,0.83980,0.40101,0.76582,0.00908,0.09337,0.00261
12.04388,Recovering,0.83980,0.40101,0.76583,0.00892,0.05814,0.00273
12.04709,Recovering,0.83980,0.40101,0.76583,0.00868,0.07588,0.00321
12.05058,Recovering,0.83980,0.40101,0.76584,0.00856,0.03339,0.00349
12.05396,Recovering,0.83980,0.40101,0.76585,0.00829,0.07984,0.00338
12.05670,Recovering,0.83980,0.40101,0.76585,0.00814,0.05398,0.00273
12.06010,Recovering,0.83980,0.40101,0.76586,0.00796,0.05308,0.00340
12.06309,Recovering,0.83980,0.40101,0.76587,0.00768,0.09598,0.00299
12.06631,Recovering,0.83980,0.40101,0.76587,0.00765,0.00939,0.00322
12.07006,Recovering,0.83980,0.40101,0.76588,0.00734,0.08261,0.00375
12.07346,Recovering,0.83980,0.40101,0.76589,0.00718,0.04576,0.00340
12.07651,Recovering,0.83980,0.40101,0.76589,0.00696,0.07128,0.00305
12.07966,Recovering,0.83980,0.40101,0.76590,0.00690,0.02153,0.00315
12.08294,Recovering,0.83980,0.40101,0.76590,0.00664,0.07732,0.00329
12.08617,Recovering,0.83980,0.40101,0.76591,0.00654,0.03194,0.00323
12.08950,Recovering,0.83980,0.40101,0.76591,0.00638,0.04877,0.00333
12.09204,Recovering,0.83980,0.40101,0.76592,0.00630,0.02829,0.00254
12.09525,Recovering,0.83980,0.40101,0.76592,0.00612,0.05841,0.00321
12.09793,Recovering,0.83980,0.40101,0.76593,0.00605,0.02416,0.00269
12.10107,Recovering,0.83980,0.40101,0.76593,0.00583,0.07239,0.00314
12.10393,Recovering,0.83980,0.40101,0.76594,0.00582,0.00266,0.00285
12.10638,Recovering,0.83980,0.40101,0.76594,0.00565,0.06951,0.00245
12.10978,Recovering,0.83980,0.40101,0.76594,0.00547,0.05201,0.00341
12.11229,Recovering,0.83980,0.40101,0.76595,0.00546,0.00335,0.00251
12.11523,Recovering,0.83980,0.40101,0.76595,0.00524,0.07625,0.00294
12.11805,Recovering,0.83980,0.40101,0.76596,0.00515,0.02964,0.00282
12.12123,Recovering,0.83980,0.40101,0.76596,0.00502,0.04235,0.00318
12.12422,Recovering,0.83980,0.40101,0.76596,0.00495,0.02178,0.00298
12.12703,Recovering,0.83980,0.40101,0.76597,0.00487,0.03159,0.00281
12.13059,Recovering,0.83980,0.40101,0.76597,0.00475,0.03139,0.00356
12.13347,Recovering,0.83980,0.40101,0.76598,0.00469,0.02080,0.00289
12.13594,Recovering,0.83980,0.40101,0.76598,0.00457,0.05175,0.00247
12.13825,Recovering,0.83980,0.40101,0.76598,0.00452,0.02089,0.00231
12.14067,Recovering,0.83980,0.40101,0.76599,0.00440,0.04690,0.00242
12.14396,Recovering,0.83980,0.40101,0.76599,0.00438,0.00869,0.00329
12.14685,Recovering,0.83980,0.40101,0.76599,0.00431,0.02203,0.00289
12.15052,Recovering,0.83980,0.40101,0.76600,0.00414,0.04675,0.00367
12.15326,Recovering,0.83980,0.40101,0.76600,0.00406,0.02810,0.00274
12.15602,Recovering,0.83980,0.40101,0.76600,0.00399,0.02636,0.00276
12.15938,Recovering,0.83980,0.40101,0.76601,0.00392,0.02126,0.00336
12.16239,Recovering,0.83980,0.40101,0.76601,0.00381,0.03503,0.00301
12.16597,Recovering,0.83980,0.40101,0.76601,0.00375,0.01921,0.00358
12.16906,Recovering,0.83980,0.40101,0.76602,0.00363,0.03813,0.00310
12.17263,Recovering,0.83980,0.40101,0.76602,0.00349,0.03894,0.00356
12.17565,Recovering,0.83980,0.40101,0.76602,0.00355,0.02109,0.00303
12.17885,Recovering,0.83980,0.40101,0.76603,0.00333,0.07010,0.00319
12.18196,Recovering,0.83980,0.40101,0.76603,0.00334,0.00447,0.00311
12.18491,Recovering,0.83980,0.40101,0.76603,0.00323,0.03787,0.00296
12.18814,Recovering,0.83980,0.40101,0.76603,0.00322,0.00404,0.00323
12.19131,Recovering,0.83980,0.40101,0.76604,0.00308,0.04195,0.00317
12.19451,Recovering,0.83980,0.40101,0.76604,0.00306,0.00752,0.00320
12.19738,Recovering,0.83980,0.40101,0.76604,0.00291,0.05328,0.00287
12.20060,Recovering,0.83980,0.40101,0.76604,0.00285,0.01751,0.00322
12.20361,Recovering,0.83980,0.40101,0.76605,0.00289,0.01467,0.00301
12.20674,Recovering,0.83980,0.40101,0.76605,0.00278,0.03674,0.00313
12.20989,Recovering,0.83980,0.40101,0.76605,0.00273,0.01568,0.00314
12.21344,Recovering,0.83980,0.40101,0.76605,0.00261,0.03263,0.00356
12.21611,Recovering,0.83980,0.40101,0.76606,0.00259,0.00739,0.00266
12.21897,Recovering,0.83980,0.40101,0.76606,0.00250,0.03179,0.00286
12.22208,Recovering,0.83980,0.40101,0.76606,0.00242,0.02789,0.00311
12.22656,Recovering,0.83980,0.40101,0.76606,0.00247,0.01242,0.00448
12.23011,Recovering,0.83980,0.40101,0.76607,0.00235,0.03388,0.00355
12.23283,Recovering,0.83980,0.40101,0.76607,0.00232,0.01090,0.00272
12.23550,Recovering,0.83980,0.40101,0.76607,0.00236,0.01557,0.00267
12.23840,Recovering,0.83980,0.40101,0.76607,0.00226,0.03646,0.00290
12.24147,Recovering,0.83980,0.40101,0.76607,0.00214,0.03856,0.00307
12.24420,Recovering,0.83980,0.40101,0.76608,0.00223,0.03184,0.00273
12.24736,Recovering,0.83980,0.40101,0.76608,0.00207,0.04849,0.00317
12.25060,Recovering,0.83980,0.40101,0.76608,0.00207,0.00252,0.00324
12.25371,Recovering,0.83980,0.40101,0.76608,0.00203,0.01048,0.00311
12.25660,Recovering,0.83980,0.40101,0.76608,0.00191,0.04443,0.00289
12.25958,Recovering,0.83980,0.40101,0.76608,0.00192,0.00621,0.00298
12.26259,Recovering,0.83980,0.40101,0.76609,0.00183,0.03135,0.00301
12.26534,Recovering,0.83980,0.40101,0.76609,0.00179,0.01514,0.00275
12.26916,Recovering,0.83980,0.40101,0.76609,0.00182,0.00787,0.00382
12.27203,Recovering,0.83980,0.40101,0.76609,0.00171,0.03584,0.00287
12.27535,Recovering,0.83980,0.40101,0.76609,0.00174,0.00635,0.00332
12.27845,Recovering,0.83980,0.40101,0.76609,0.00159,0.04715,0.00311
12.28104,Recovering,0.83980,0.40101,0.76610,0.00167,0.03193,0.00259
12.28363,Recovering,0.83980,0.40101,0.76610,0.00154,0.05164,0.00259
12.28642,Recovering,0.83980,0.40101,0.76610,0.00168,0.05144,0.00279
12.29049,Recovering,0.83980,0.40101,0.76610,0.00151,0.04136,0.00407
12.29368,Recovering,0.83980,0.40101,0.76610,0.00155,0.01194,0.00319
12.29723,Recovering,0.83980,0.40101,0.76610,0.00147,0.02331,0.00355
12.29982,Recovering,0.83980,0.40101,0.76610,0.00136,0.04042,0.00259
12.30299,Recovering,0.83980,0.40101,0.76611,0.00138,0.00493,0.00318
12.30586,Recovering,0.83980,0.40101,0.76611,0.00140,0.00666,0.00287
12.30960,Recovering,0.83980,0.40101,0.76611,0.00137,0.00859,0.00374
12.31245,Recovering,0.83980,0.40101,0.76611,0.00133,0.01198,0.00285
12.31532,Recovering,0.83980,0.40101,0.76611,0.00132,0.00368,0.00287
12.31818,Recovering,0.83980,0.40101,0.76611,0.00125,0.02453,0.00285
12.32117,Recovering,0.83980,0.40101,0.76611,0.00123,0.00648,0.00300
12.32436,Recovering,0.83980,0.40101,0.76611,0.00124,0.00195,0.00319
12.32773,Recovering,0.83980,0.40101,0.76612,0.00118,0.01683,0.00337
12.33044,Recovering,0.83980,0.40101,0.76612,0.00119,0.00326,0.00271
12.33270,Recovering,0.83980,0.40101,0.76612,0.00111,0.03587,0.00225
12.33531,Recovering,0.83980,0.40101,0.76612,0.00115,0.01409,0.00261
12.33834,Recovering,0.83980,0.40101,0.76612,0.00108,0.02115,0.00303
12.34077,Recovering,0.83980,0.40101,0.76612,0.00109,0.00364,0.00243
12.34374,Recovering,0.83980,0.40101,0.76612,0.00103,0.02004,0.00297
12.34666,Recovering,0.83980,0.40101,0.76612,0.00105,0.00461,0.00292
12.35016,Recovering,0.83980,0.40101,0.76612,0.00100,0.01443,0.00350
12.35334,Recovering,0.83980,0.40101,0.76612,0.00098,0.00416,0.00318
12.35605,Recovering,0.83980,0.40101,0.76613,0.00093,0.01887,0.00271
12.35902,Recovering,0.83980,0.40101,0.76613,0.00093,0.00171,0.00297
12.36183,Recovering,0.83980,0.40101,0.76613,0.00101,0.03014,0.00281
12.36477,Recovering,0.83980,0.40101,0.76613,0.00094,0.02313,0.00294
12.36856,Recovering,0.83980,0.40101,0.76613,0.00089,0.01483,0.00379
12.37134,Recovering,0.83980,0.40101,0.76613,0.00087,0.00545,0.00278
12.37387,Recovering,0.83980,0.40101,0.76613,0.00086,0.00334,0.00253
12.37636,Recovering,0.83980,0.40101,0.76613,0.00091,0.01911,0.00249
12.37960,Recovering,0.83980,0.40101,0.76613,0.00082,0.02764,0.00325
12.38253,Recovering,0.83980,0.40101,0.76613,0.00082,0.00047,0.00293
12.38598,Recovering,0.83980,0.40101,0.76613,0.00080,0.00699,0.00345
12.38955,Recovering,0.83980,0.40101,0.76614,0.00080,0.00041,0.00357
12.39275,Recovering,0.83980,0.40101,0.76614,0.00077,0.00823,0.00320
12.39579,Recovering,0.83980,0.40101,0.76614,0.00080,0.01112,0.00303
12.39835,Recovering,0.83980,0.40101,0.76614,0.00075,0.02020,0.00256
12.40131,Recovering,0.83980,0.40101,0.76614,0.00075,0.00070,0.00296
12.40407,Recovering,0.83980,0.40101,0.76614,0.00073,0.00734,0.00275
12.40706,Recovering,0.83980,0.40101,0.76614,0.00076,0.00723,0.00299
12.41033,Recovering,0.83980,0.40101,0.76614,0.00068,0.02181,0.00327
12.41332,Recovering,0.83980,0.40101,0.76614,0.00068,0.00245,0.00299
12.41641,Recovering,0.83980,0.40101,0.76614,0.00072,0.01357,0.00309
12.41929,Recovering,0.83980,0.40101,0.76614,0.00069,0.01111,0.00289
12.42165,Recovering,0.83980,0.40101,0.76614,0.00077,0.03430,0.00235
12.42419,Recovering,0.83980,0.40101,0.76614,0.00062,0.05816,0.00254
12.42698,Recovering,0.83980,0.40101,0.76614,0.00070,0.02962,0.00279
12.43054,Recovering,0.83980,0.40101,0.76614,0.00064,0.01834,0.00356
12.43334,Recovering,0.83980,0.40101,0.76615,0.00064,0.00154,0.00281
12.43670,Recovering,0.83980,0.40101,0.76615,0.00063,0.00280,0.00336
12.43945,Recovering,0.83980,0.40101,0.76615,0.00061,0.00927,0.00275
12.44280,Recovering,0.83980,0.40101,0.76615,0.00066,0.01620,0.00334
12.44575,Recovering,0.83980,0.40101,0.76615,0.00059,0.02494,0.00295
12.44973,Recovering,0.83980,0.40101,0.76615,0.00061,0.00646,0.00398
12.45251,Recovering,0.83980,0.40101,0.76615,0.00058,0.01024,0.00278
12.45592,Recovering,0.83980,0.40101,0.76615,0.00062,0.01170,0.00340
12.45887,Recovering,0.83980,0.40101,0.76615,0.00063,0.00237,0.00295
12.46188,Recovering,0.83980,0.40101,0.76615,0.00063,0.00180,0.00301
12.46492,Recovering,0.83980,0.40101,0.76615,0.00061,0.00613,0.00304
12.46820,Recovering,0.83980,0.40101,0.76615,0.00058,0.00686,0.00328
12.47115,Recovering,0.83980,0.40101,0.76615,0.00060,0.00683,0.00295
12.47383,Recovering,0.83980,0.40101,0.76615,0.00057,0.01159,0.00268
12.47655,Recovering,0.83980,0.40101,0.76615,0.00056,0.00362,0.00272
12.47929,Recovering,0.83980,0.40101,0.76615,0.00059,0.00843,0.00274
12.48207,Recovering,0.83980,0.40101,0.76615,0.00059,0.00045,0.00278
12.48551,Recovering,0.83980,0.40101,0.76615,0.00058,0.00362,0.00344
12.48906,Recovering,0.83980,0.40101,0.76615,0.00060,0.00721,0.00355
12.49227,Recovering,0.83980,0.40101,0.76616,0.00058,0.00728,0.00321
12.49515,Recovering,0.83980,0.40101,0.76616,0.00057,0.00347,0.00288
12.49830,Recovering,0.83980,0.40101,0.76616,0.00059,0.00671,0.00315
12.50082,Recovering,0.83980,0.40101,0.76616,0.00058,0.00314,0.00252
12.50336,Recovering,0.83980,0.40101,0.76616,0.00058,0.00103,0.00254
12.50631,Recovering,0.83980,0.40101,0.76616,0.00058,0.00191,0.00295
12.50972,Recovering,0.83980,0.40101,0.76616,0.00057,0.00240,0.00341
12.51275,Recovering,0.83980,0.40101,0.76616,0.00058,0.00173,0.00303
12.51556,Recovering,0.83980,0.40101,0.76616,0.00057,0.00262,0.00281
12.51817,Recovering,0.83980,0.40101,0.76616,0.00057,0.00201,0.00261
12.52067,Recovering,0.83980,0.40101,0.76616,0.00058,0.00078,0.00250
12.52321,Recovering,0.83980,0.40101,0.76616,0.00058,0.00085,0.00254
12.52639,Recovering,0.83980,0.40101,0.76616,0.00059,0.00245,0.00318
12.52942,Recovering,0.83980,0.40101,0.76616,0.00057,0.00453,0.00303
12.53257,Recovering,0.83980,0.40101,0.76616,0.00058,0.00184,0.00315
12.53505,Recovering,0.83980,0.40101,0.76616,0.00059,0.00337,0.00248
12.53781,Recovering,0.83980,0.40101,0.76616,0.00058,0.00270,0.00276
12.54063,Recovering,0.83980,0.40101,0.76616,0.00058,0.00071,0.00282
12.54321,Recovering,0.83980,0.40101,0.76616,0.00058,0.00098,0.00258
12.54634,Recovering,0.83980,0.40101,0.76616,0.00057,0.00229,0.00313
12.54929,Recovering,0.83980,0.40101,0.76616,0.00059,0.00523,0.00295
12.55193,Recovering,0.83980,0.40101,0.76616,0.00057,0.00759,0.00264
12.55520,Recovering,0.83980,0.40101,0.76616,0.00059,0.00620,0.00328
12.55845,Recovering,0.83980,0.40101,0.76616,0.00059,0.00129,0.00325
12.56152,Recovering,0.83980,0.40101,0.76616,0.00059,0.00091,0.00306
12.56452,Recovering,0.83980,0.40101,0.76616,0.00060,0.00255,0.00301
12.56803,Recovering,0.83980,0.40101,0.76616,0.00060,0.00090,0.00350
12.57169,Recovering,0.83980,0.40101,0.76616,0.00059,0.00370,0.00366
12.57481,Recovering,0.83980,0.40101,0.76616,0.00059,0.00080,0.00312
12.57770,Recovering,0.83980,0.40101,0.76617,0.00061,0.00694,0.00289
12.58149,Recovering,0.83980,0.40101,0.76617,0.00060,0.00201,0.00379
12.58468,Recovering,0.83980,0.40101,0.76617,0.00060,0.00063,0.00319
12.58887,Recovering,0.83980,0.40101,0.76617,0.00060,0.00091,0.00419
12.59236,Recovering,0.83980,0.40101,0.76617,0.00061,0.00441,0.00349
12.59588,Recovering,0.83980,0.40101,0.76617,0.00061,0.00131,0.00351
12.59939,Recovering,0.83980,0.40101,0.76617,0.00060,0.00198,0.00351
12.60292,Recovering,0.83980,0.40101,0.76617,0.00061,0.00262,0.00353
12.60609,Recovering,0.83980,0.40101,0.76617,0.00061,0.00040,0.00317
12.60978,Recovering,0.83980,0.40101,0.76617,0.00061,0.00045,0.00369
12.61261,Recovering,0.83980,0.40101,0.76617,0.00060,0.00436,0.00283
12.61530,Recovering,0.83980,0.40101,0.76617,0.00062,0.01070,0.00268
12.61796,Recovering,0.83980,0.40101,0.76617,0.00063,0.00356,0.00267
12.62058,Recovering,0.83980,0.40101,0.76617,0.00062,0.00587,0.00262
12.62424,Recovering,0.83980,0.40101,0.76617,0.00063,0.00258,0.00366
12.62730,Recovering,0.83980,0.40101,0.76617,0.00061,0.00587,0.00306
12.63146,Recovering,0.83980,0.40101,0.76617,0.00062,0.00141,0.00416
12.63487,Recovering,0.83980,0.40101,0.76617,0.00063,0.00474,0.00341
12.63818,Recovering,0.83980,0.40101,0.76617,0.00061,0.00715,0.00330
12.64121,Recovering,0.83980,0.40101,0.76617,0.00062,0.00403,0.00303
12.64493,Recovering,0.83980,0.40101,0.76617,0.00063,0.00227,0.00372
12.64897,Recovering,0.83980,0.40101,0.76617,0.00062,0.00345,0.00404
12.65255,Recovering,0.83980,0.40101,0.76617,0.00063,0.00516,0.00358
12.65574,Recovering,0.83980,0.40101,0.76617,0.00061,0.00840,0.00319
12.65939,Recovering,0.83980,0.40101,0.76617,0.00063,0.00517,0.00365
12.66245,Recovering,0.83980,0.40101,0.76617,0.00061,0.00667,0.00305
12.66556,Recovering,0.83980,0.40101,0.76617,0.00061,0.00088,0.00312
12.66925,Recovering,0.83980,0.40101,0.76617,0.00063,0.00626,0.00369
12.67310,Recovering,0.83980,0.40101,0.76617,0.00063,0.00099,0.00385
12.67651,Recovering,0.83980,0.40101,0.76617,0.00061,0.00608,0.00341
12.68020,Recovering,0.83980,0.40101,0.76617,0.00064,0.00981,0.00369
12.68328,Recovering,0.83980,0.40101,0.76617,0.00060,0.01506,0.00307
12.68660,Recovering,0.83980,0.40101,0.76617,0.00061,0.00499,0.00333
12.69060,Recovering,0.83980,0.40101,0.76617,0.00061,0.00116,0.00399
12.69422,Recovering,0.83980,0.40101,0.76617,0.00063,0.00595,0.00362
12.69784,Recovering,0.83980,0.40101,0.76617,0.00062,0.00169,0.00361
12.70107,Recovering,0.83980,0.40101,0.76617,0.00061,0.00521,0.00324
12.70458,Recovering,0.83980,0.40101,0.76617,0.00063,0.00652,0.00351
12.70862,Recovering,0.83980,0.40101,0.76617,0.00062,0.00351,0.00404
12.71159,Recovering,0.83980,0.40101,0.76617,0.00060,0.00708,0.00297
12.71453,Recovering,0.83980,0.40101,0.76618,0.00060,0.00091,0.00294
12.71776,Recovering,0.83980,0.40101,0.76618,0.00061,0.00267,0.00322
12.72135,Recovering,0.83980,0.40101,0.76618,0.00062,0.00364,0.00360
12.72463,Recovering,0.83980,0.40101,0.76618,0.00060,0.00451,0.00328
12.72869,Recovering,0.83980,0.40101,0.76618,0.00061,0.00105,0.00406
12.73171,Recovering,0.83980,0.40101,0.76618,0.00060,0.00332,0.00302
12.73508,Recovering,0.83980,0.40101,0.76618,0.00060,0.00089,0.00337
12.73844,Recovering,0.83980,0.40101,0.76618,0.00061,0.00199,0.00335
12.74206,Recovering,0.83980,0.40101,0.76618,0.00062,0.00375,0.00363
12.74544,Recovering,0.83980,0.40101,0.76618,0.00063,0.00106,0.00338
12.74914,Recovering,0.83980,0.40101,0.76618,0.00059,0.01028,0.00370
12.75248,Recovering,0.83980,0.40101,0.76618,0.00060,0.00507,0.00335
12.75605,Recovering,0.83980,0.40101,0.76618,0.00062,0.00325,0.00357
12.75902,Recovering,0.83980,0.40101,0.76618,0.00059,0.00833,0.00298
12.76267,Recovering,0.83980,0.40101,0.76618,0.00059,0.00026,0.00365
12.76576,Recovering,0.83980,0.40101,0.76618,0.00060,0.00230,0.00308
12.76921,Recovering,0.83980,0.40101,0.76618,0.00062,0.00686,0.00346
12.77201,Recovering,0.83980,0.40101,0.76618,0.00058,0.01711,0.00280
12.77588,Recovering,0.83980,0.40101,0.76618,0.00061,0.00967,0.00387
12.77903,Recovering,0.83980,0.40101,0.76618,0.00059,0.00669,0.00315
12.78364,Recovering,0.83980,0.40101,0.76618,0.00060,0.00133,0.00460
12.78686,Recovering,0.83980,0.40101,0.76618,0.00061,0.00233,0.00323
12.79044,Recovering,0.83980,0.40101,0.76618,0.00059,0.00412,0.00358
12.79320,Recovering,0.83980,0.40101,0.76618,0.00058,0.00393,0.00276
12.79632,Recovering,0.83980,0.40101,0.76618,0.00059,0.00431,0.00311
12.79958,Recovering,0.83980,0.40101,0.76618,0.00061,0.00440,0.00327
12.80220,Recovering,0.83980,0.40101,0.76618,0.00061,0.00037,0.00261
12.80496,Recovering,0.83980,0.40101,0.76618,0.00058,0.01133,0.00276
12.80806,Recovering,0.83980,0.40101,0.76618,0.00060,0.00784,0.00310
12.81098,Recovering,0.83980,0.40101,0.76618,0.00060,0.00076,0.00292
12.81369,Recovering,0.83980,0.40101,0.76618,0.00057,0.00989,0.00271
12.81711,Recovering,0.83980,0.40101,0.76618,0.00059,0.00460,0.00342
12.81972,Recovering,0.83980,0.40101,0.76618,0.00058,0.00429,0.00262
12.82285,Recovering,0.83980,0.40101,0.76618,0.00060,0.00628,0.00313
12.82565,Recovering,0.83980,0.40101,0.76618,0.00058,0.00590,0.00280
12.82882,Recovering,0.83980,0.40101,0.76618,0.00060,0.00736,0.00317
12.83202,Recovering,0.83980,0.40101,0.76618,0.00060,0.00185,0.00320
12.83479,Recovering,0.83980,0.40101,0.76618,0.00058,0.00561,0.00277
12.83835,Recovering,0.83980,0.40101,0.76618,0.00059,0.00101,0.00356
12.84111,Recovering,0.83980,0.40101,0.76618,0.00059,0.00017,0.00276
12.84420,Recovering,0.83980,0.40101,0.76619,0.00058,0.00094,0.00310
12.84757,Recovering,0.83980,0.40101,0.76619,0.00058,0.00217,0.00337
12.85118,Recovering,0.83980,0.40101,0.76619,0.00059,0.00421,0.00361
12.85368,Recovering,0.83980,0.40101,0.76619,0.00057,0.00700,0.00250
12.85641,Recovering,0.83980,0.40101,0.76619,0.00057,0.00144,0.00273
12.85972,Recovering,0.83980,0.40101,0.76619,0.00058,0.00413,0.00330
12.86287,Recovering,0.83980,0.40100,0.76619,0.00059,0.00159,0.00315
12.86616,Recovering,0.83980,0.40100,0.76619,0.00058,0.00269,0.00330
12.86936,Recovering,0.83980,0.40100,0.76619,0.00056,0.00444,0.00319
12.87298,Recovering,0.83980,0.40100,0.76619,0.00059,0.00627,0.00363
12.87627,Recovering,0.83980,0.40100,0.76619,0.00057,0.00464,0.00329
12.87979,Recovering,0.83980,0.40100,0.76619,0.00058,0.00244,0.00352
12.88281,Recovering,0.83980,0.40100,0.76619,0.00058,0.00142,0.00302
12.88599,Recovering,0.83980,0.40100,0.76619,0.00057,0.00406,0.00318
12.88974,Recovering,0.83980,0.40100,0.76619,0.00059,0.00384,0.00375
12.89321,Recovering,0.83980,0.40100,0.76619,0.00058,0.00219,0.00348
12.89640,Recovering,0.83980,0.40100,0.76619,0.00057,0.00409,0.00319
12.89911,Recovering,0.83980,0.40100,0.76619,0.00058,0.00478,0.00271
12.90157,Recovering,0.83980,0.40100,0.76619,0.00057,0.00521,0.00246
12.90414,Recovering,0.83980,0.40100,0.76619,0.00056,0.00150,0.00257
12.90743,Recovering,0.83980,0.40100,0.76619,0.00057,0.00141,0.00329
12.91083,Recovering,0.83980,0.40100,0.76619,0.00058,0.00250,0.00339
12.91387,Recovering,0.83980,0.40100,0.76619,0.00060,0.00893,0.00305
12.91662,Recovering,0.83980,0.40100,0.76619,0.00058,0.00953,0.00275
12.91950,Recovering,0.83980,0.40100,0.76619,0.00058,0.00005,0.00287
12.92261,Recovering,0.83980,0.40100,0.76619,0.00059,0.00471,0.00311
12.92550,Recovering,0.83980,0.40100,0.76619,0.00058,0.00221,0.00290
12.92931,Recovering,0.83980,0.40101,0.76619,0.00059,0.00193,0.00381
12.93185,Recovering,0.83980,0.40101,0.76619,0.00056,0.01092,0.00254
12.93480,Recovering,0.83980,0.40101,0.76619,0.00060,0.01154,0.00295
12.93771,Recovering,0.83980,0.40101,0.76619,0.00059,0.00415,0.00291
12.94065,Recovering,0.83980,0.40101,0.76619,0.00058,0.00240,0.00294
12.94371,Recovering,0.83980,0.40101,0.76619,0.00059,0.00400,0.00306
12.94654,Recovering,0.83980,0.40101,0.76619,0.00057,0.00587,0.00283
12.94954,Recovering,0.83980,0.40101,0.76619,0.00059,0.00414,0.00300
12.95188,Recovering,0.83980,0.40101,0.76619,0.00058,0.00440,0.00234
12.95511,Recovering,0.83980,0.40101,0.76619,0.00063,0.01671,0.00323
12.95875,Recovering,0.83980,0.40101,0.76619,0.00062,0.00435,0.00364
12.96118,Recovering,0.83980,0.40101,0.76619,0.00062,0.00171,0.00243
12.96419,Recovering,0.83980,0.40101,0.76620,0.00065,0.00900,0.00301
12.96710,Recovering,0.83980,0.40101,0.76620,0.00065,0.00197,0.00291
12.97082,Recovering,0.83980,0.40101,0.76620,0.00070,0.01239,0.00372
12.97371,Recovering,0.83980,0.40101,0.76620,0.00071,0.00418,0.00289
12.97693,Recovering,0.83980,0.40101,0.76620,0.00068,0.00906,0.00322
12.97963,Recovering,0.83980,0.40101,0.76620,0.00074,0.02249,0.00270
12.98264,Recovering,0.83980,0.40101,0.76620,0.00076,0.00754,0.00301
12.98554,Recovering,0.83980,0.40101,0.76620,0.00077,0.00095,0.00290
12.98933,Recovering,0.83980,0.40101,0.76620,0.00076,0.00318,0.00379
12.99217,Recovering,0.83980,0.40102,0.76619,0.00073,0.00734,0.00284
12.99468,Recovering,0.83980,0.40102,0.76619,0.00071,0.00772,0.00251
12.99699,Recovering,0.83980,0.40102,0.76619,0.00073,0.00756,0.00231
12.99938,Recovering,0.83980,0.40102,0.76619,0.00072,0.00464,0.00239
13.00210,Recovering,0.83980,0.40102,0.76619,0.00074,0.00622,0.00272
13.00584,Recovering,0.83980,0.40102,0.76619,0.00072,0.00491,0.00374
13.00889,Recovering,0.83980,0.40102,0.76619,0.00072,0.00046,0.00305
13.01230,Recovering,0.83980,0.40102,0.76619,0.00071,0.00217,0.00341
13.01473,Recovering,0.83980,0.40102,0.76619,0.00073,0.00856,0.00242
13.01771,Recovering,0.83980,0.40102,0.76619,0.00073,0.00169,0.00298
13.02058,Recovering,0.83979,0.40102,0.76619,0.00074,0.00345,0.00287
13.02343,Recovering,0.83979,0.40102,0.76619,0.00074,0.00158,0.00285
13.02668,Recovering,0.83979,0.40102,0.76619,0.00076,0.00567,0.00325
13.02985,Recovering,0.83979,0.40102,0.76619,0.00078,0.00417,0.00316
13.03308,Recovering,0.83979,0.40102,0.76619,0.00078,0.00142,0.00323
13.03599,Recovering,0.83979,0.40102,0.76619,0.00078,0.00151,0.00292
13.03854,Recovering,0.83979,0.40102,0.76618,0.00080,0.00853,0.00254
13.04086,Recovering,0.83979,0.40102,0.76618,0.00082,0.00852,0.00232
13.04376,Recovering,0.83979,0.40102,0.76618,0.00082,0.00019,0.00290
13.04707,Recovering,0.83979,0.40102,0.76618,0.00084,0.00569,0.00331
13.05020,Recovering,0.83978,0.40102,0.76618,0.00086,0.00857,0.00313
13.05354,Recovering,0.83978,0.40102,0.76618,0.00085,0.00505,0.00334
13.05645,Recovering,0.83978,0.40102,0.76618,0.00085,0.00267,0.00291
13.05993,Recovering,0.83978,0.40102,0.76618,0.00088,0.00591,0.00348
13.06264,Recovering,0.83978,0.40102,0.76617,0.00089,0.00584,0.00271
13.06645,Recovering,0.83978,0.40102,0.76617,0.00090,0.00345,0.00380
13.06973,Recovering,0.83978,0.40102,0.76617,0.00095,0.01372,0.00328
13.07245,Recovering,0.83978,0.40102,0.76617,0.00092,0.01025,0.00272
13.07548,Recovering,0.83977,0.40102,0.76617,0.00097,0.01502,0.00303
13.07827,Recovering,0.83977,0.40102,0.76617,0.00098,0.00404,0.00279
13.08151,Recovering,0.83977,0.40102,0.76617,0.00100,0.00618,0.00325
13.08450,Recovering,0.83977,0.40102,0.76616,0.00103,0.01117,0.00299
13.08725,Recovering,0.83977,0.40102,0.76616,0.00102,0.00546,0.00274
13.09020,Recovering,0.83977,0.40102,0.76616,0.00106,0.01402,0.00295
13.09325,Recovering,0.83977,0.40102,0.76616,0.00108,0.00608,0.00304
13.09671,Recovering,0.83977,0.40102,0.76616,0.00109,0.00510,0.00347
13.09960,Recovering,0.83977,0.40102,0.76616,0.00110,0.00208,0.00289
13.10302,Recovering,0.83976,0.40102,0.76616,0.00115,0.01407,0.00341
13.10611,Recovering,0.83976,0.40102,0.76615,0.00116,0.00350,0.00309
13.10975,Recovering,0.83976,0.40102,0.76615,0.00118,0.00479,0.00364
13.11337,Recovering,0.83976,0.40102,0.76615,0.00122,0.01191,0.00362
13.11676,Recovering,0.83976,0.40102,0.76615,0.00124,0.00708,0.00339
13.11943,Recovering,0.83976,0.40102,0.76615,0.00123,0.00455,0.00267
13.12236,Recovering,0.83976,0.40102,0.76615,0.00127,0.01250,0.00294
13.12519,Recovering,0.83976,0.40102,0.76615,0.00130,0.00959,0.00283
13.12854,Recovering,0.83976,0.40102,0.76615,0.00133,0.01115,0.00335
13.13133,Recovering,0.83976,0.40102,0.76614,0.00132,0.00528,0.00278
13.13408,Recovering,0.83976,0.40102,0.76614,0.00138,0.02221,0.00275
13.13735,Recovering,0.83976,0.40102,0.76614,0.00143,0.01620,0.00328
13.14016,Recovering,0.83976,0.40102,0.76614,0.00144,0.00210,0.00281
13.14253,Recovering,0.83976,0.40102,0.76614,0.00150,0.02830,0.00237
13.14496,Recovering,0.83976,0.40102,0.76614,0.00149,0.00521,0.00243
13.14770,Recovering,0.83976,0.40102,0.76614,0.00152,0.01189,0.00274
13.15063,Recovering,0.83976,0.40102,0.76614,0.00151,0.00550,0.00292
13.15312,Recovering,0.83976,0.40102,0.76614,0.00155,0.01653,0.00249
13.15594,Recovering,0.83976,0.40102,0.76614,0.00154,0.00215,0.00282
13.15875,Recovering,0.83976,0.40102,0.76614,0.00158,0.01371,0.00282
13.16150,Recovering,0.83976,0.40102,0.76613,0.00157,0.00334,0.00275
13.16479,Recovering,0.83976,0.40102,0.76613,0.00165,0.02433,0.00329
13.16814,Recovering,0.83976,0.40102,0.76613,0.00166,0.00206,0.00335
13.17131,Recovering,0.83976,0.40102,0.76613,0.00167,0.00295,0.00316
13.17445,Recovering,0.83976,0.40102,0.76613,0.00168,0.00346,0.00314
13.17788,Recovering,0.83976,0.40102,0.76613,0.00171,0.00723,0.00343
13.18084,Recovering,0.83976,0.40102,0.76613,0.00171,0.00154,0.00296
13.18342,Recovering,0.83976,0.40102,0.76613,0.00173,0.00667,0.00257
13.18593,Recovering,0.83976,0.40102,0.76613,0.00179,0.02633,0.00251
13.18923,Recovering,0.83976,0.40102,0.76613,0.00175,0.01202,0.00330
13.19251,Recovering,0.83976,0.40102,0.76613,0.00179,0.01229,0.00328
13.19546,Recovering,0.83976,0.40102,0.76613,0.00182,0.01035,0.00295
13.19871,Recovering,0.83976,0.40102,0.76613,0.00181,0.00414,0.00324
13.20160,Recovering,0.83976,0.40102,0.76613,0.00182,0.00207,0.00289
13.20468,Recovering,0.83976,0.40103,0.76613,0.00181,0.00221,0.00308
13.20825,Recovering,0.83976,0.40103,0.76613,0.00182,0.00206,0.00357
13.21113,Recovering,0.83976,0.40103,0.76613,0.00183,0.00357,0.00289
13.21398,Recovering,0.83976,0.40103,0.76613,0.00184,0.00511,0.00285
13.21664,Recovering,0.83976,0.40103,0.76613,0.00185,0.00234,0.00267
13.21943,Recovering,0.83976,0.40103,0.76613,0.00180,0.01667,0.00279
13.22279,Recovering,0.83976,0.40103,0.76613,0.00184,0.01077,0.00336
13.22597,Recovering,0.83976,0.40103,0.76613,0.00187,0.00914,0.00319
13.23011,Recovering,0.83976,0.40103,0.76613,0.00183,0.00983,0.00414
13.23296,Recovering,0.83977,0.40103,0.76613,0.00184,0.00619,0.00285
13.23560,Recovering,0.83977,0.40103,0.76613,0.00179,0.01970,0.00264
13.23826,Recovering,0.83977,0.40103,0.76613,0.00182,0.01120,0.00266
13.24152,Recovering,0.83977,0.40103,0.76613,0.00178,0.01337,0.00326
13.24454,Recovering,0.83977,0.40103,0.76613,0.00181,0.00912,0.00302
13.24763,Recovering,0.83977,0.40103,0.76613,0.00178,0.00893,0.00310
13.25075,Recovering,0.83977,0.40103,0.76613,0.00177,0.00272,0.00312
13.25376,Recovering,0.83977,0.40103,0.76613,0.00178,0.00267,0.00301
13.25662,Recovering,0.83977,0.40103,0.76613,0.00176,0.00473,0.00286
13.25934,Recovering,0.83977,0.40103,0.76613,0.00179,0.00961,0.00272
13.26239,Recovering,0.83977,0.40103,0.76613,0.00179,0.00187,0.00305
13.26562,Recovering,0.83977,0.40103,0.76613,0.00173,0.01763,0.00323
13.26928,Recovering,0.83978,0.40103,0.76613,0.00176,0.00810,0.00365
13.27239,Recovering,0.83978,0.40103,0.76613,0.00173,0.00857,0.00311
13.27558,Recovering,0.83978,0.40103,0.76613,0.00171,0.00781,0.00319
13.27850,Recovering,0.83978,0.40103,0.76613,0.00169,0.00612,0.00293
13.28118,Recovering,0.83978,0.40103,0.76613,0.00165,0.01502,0.00268
13.28404,Recovering,0.83978,0.40103,0.76613,0.00168,0.01018,0.00286
13.28737,Recovering,0.83978,0.40103,0.76613,0.00165,0.00764,0.00333
13.29116,Recovering,0.83978,0.40103,0.76613,0.00160,0.01321,0.00379
13.29394,Recovering,0.83978,0.40103,0.76613,0.00163,0.01097,0.00278
13.29767,Recovering,0.83978,0.40103,0.76613,0.00156,0.01869,0.00373
13.30085,Recovering,0.83978,0.40103,0.76613,0.00159,0.00973,0.00318
13.30422,Recovering,0.83979,0.40103,0.76613,0.00155,0.01320,0.00337
13.30686,Recovering,0.83979,0.40103,0.76613,0.00156,0.00474,0.00265
13.31054,Recovering,0.83979,0.40103,0.76613,0.00151,0.01336,0.00368
13.31319,Recovering,0.83979,0.40103,0.76613,0.00152,0.00258,0.00265
13.31621,Recovering,0.83979,0.40103,0.76614,0.00143,0.03086,0.00302
13.31896,Recovering,0.83979,0.40103,0.76614,0.00144,0.00654,0.00275
13.32193,Recovering,0.83979,0.40103,0.76614,0.00139,0.01667,0.00297
13.32473,Recovering,0.83979,0.40103,0.76614,0.00141,0.00413,0.00280
13.32787,Recovering,0.83979,0.40103,0.76614,0.00140,0.00082,0.00314
13.33027,Recovering,0.83979,0.40103,0.76614,0.00140,0.00093,0.00240
13.33280,Recovering,0.83979,0.40103,0.76614,0.00137,0.01408,0.00253
13.33545,Recovering,0.83980,0.40103,0.76614,0.00133,0.01245,0.00264
13.33877,Recovering,0.83980,0.40103,0.76614,0.00130,0.00889,0.00332
13.34142,Recovering,0.83980,0.40103,0.76614,0.00132,0.00529,0.00266
13.34465,Recovering,0.83980,0.40103,0.76614,0.00126,0.01823,0.00322
13.34803,Recovering,0.83980,0.40103,0.76614,0.00127,0.00434,0.00338
13.35130,Recovering,0.83980,0.40103,0.76614,0.00075,0.16071,0.00328
13.35414,Recovering,0.83980,0.40103,0.76614,0.00082,0.02525,0.00284
13.35722,Recovering,0.83980,0.40103,0.76614,0.00083,0.00424,0.00308
13.36089,Recovering,0.83980,0.40103,0.76614,0.00082,0.00260,0.00367
13.36411,Recovering,0.83980,0.40103,0.76614,0.00086,0.01157,0.00321
13.36707,Recovering,0.83980,0.40103,0.76615,0.00084,0.00545,0.00297
13.37055,Recovering,0.83980,0.40103,0.76615,0.00083,0.00426,0.00348
13.37411,Recovering,0.83980,0.40103,0.76615,0.00090,0.02114,0.00356
13.37689,Recovering,0.83980,0.40103,0.76615,0.00082,0.02885,0.00278
13.37948,Recovering,0.83980,0.40103,0.76615,0.00089,0.02536,0.00259
13.38188,Recovering,0.83980,0.40103,0.76615,0.00083,0.02550,0.00240
13.38465,Recovering,0.83980,0.40103,0.76615,0.00085,0.00841,0.00277
13.38830,Recovering,0.83980,0.40103,0.76615,0.00086,0.00287,0.00365
13.39119,Recovering,0.83980,0.40103,0.76615,0.00092,0.01859,0.00289
13.39420,Recovering,0.83980,0.40103,0.76615,0.00087,0.01465,0.00301
13.39685,Recovering,0.83980,0.40103,0.76615,0.00086,0.00425,0.00265
13.40002,Recovering,0.83980,0.40103,0.76615,0.00085,0.00394,0.00317
13.40273,Recovering,0.83980,0.40103,0.76615,0.00086,0.00346,0.00271
13.40561,Recovering,0.83980,0.40103,0.76615,0.00088,0.00925,0.00288
13.40894,Recovering,0.83980,0.40103,0.76616,0.00090,0.00451,0.00333
13.41162,Recovering,0.83980,0.40103,0.76616,0.00086,0.01529,0.00268
13.41488,Recovering,0.83980,0.40103,0.76616,0.00091,0.01558,0.00326
13.41796,Recovering,0.83980,0.40103,0.76616,0.00093,0.00793,0.00308
13.42074,Recovering,0.83980,0.40103,0.76616,0.00090,0.01313,0.00279
13.42314,Recovering,0.83980,0.40103,0.76616,0.00087,0.01265,0.00240
13.42559,Recovering,0.83980,0.40103,0.76616,0.00090,0.01577,0.00244
13.42941,Recovering,0.83980,0.40103,0.76616,0.00090,0.00171,0.00382
13.43234,Recovering,0.83980,0.40103,0.76616,0.00092,0.00833,0.00293
13.43569,Recovering,0.83980,0.40103,0.76616,0.00089,0.01035,0.00335
13.43832,Recovering,0.83980,0.40103,0.76616,0.00086,0.00950,0.00263
13.44139,Recovering,0.83980,0.40103,0.76616,0.00087,0.00296,0.00308
13.44434,Recovering,0.83980,0.40103,0.76616,0.00092,0.01614,0.00295
13.44721,Recovering,0.83980,0.40103,0.76617,0.00097,0.01682,0.00286
13.45047,Recovering,0.83980,0.40103,0.76617,0.00090,0.02126,0.00327
13.45337,Recovering,0.83980,0.40103,0.76617,0.00093,0.01082,0.00290
13.45653,Recovering,0.83980,0.40103,0.76617,0.00091,0.00497,0.00316
13.45951,Recovering,0.83980,0.40103,0.76617,0.00095,0.01085,0.00298
13.46257,Recovering,0.83980,0.40103,0.76617,0.00092,0.00776,0.00306
13.46588,Recovering,0.83980,0.40103,0.76617,0.00093,0.00299,0.00331
13.46900,Recovering,0.83980,0.40103,0.76617,0.00092,0.00532,0.00311
13.47142,Recovering,0.83980,0.40103,0.76617,0.00091,0.00046,0.00243
13.47379,Recovering,0.83980,0.40103,0.76617,0.00101,0.04171,0.00237
13.47687,Recovering,0.83980,0.40103,0.76617,0.00092,0.03087,0.00309
13.47974,Recovering,0.83980,0.40103,0.76617,0.00092,0.00230,0.00286
13.48254,Recovering,0.83980,0.40103,0.76617,0.00097,0.01722,0.00281
13.48559,Recovering,0.83980,0.40103,0.76618,0.00092,0.01755,0.00304
13.48867,Recovering,0.83980,0.40103,0.76618,0.00089,0.01039,0.00309
13.49234,Recovering,0.83980,0.40103,0.76618,0.00095,0.01599,0.00367
13.49571,Recovering,0.83980,0.40103,0.76618,0.00095,0.00054,0.00337
13.49892,Recovering,0.83980,0.40103,0.76618,0.00095,0.00005,0.00321
13.50208,Recovering,0.83980,0.40103,0.76618,0.00090,0.01484,0.00315
13.50528,Recovering,0.83980,0.40103,0.76618,0.00095,0.01432,0.00320
13.50868,Recovering,0.83980,0.40103,0.76618,0.00094,0.00213,0.00340
13.51173,Recovering,0.83980,0.40103,0.76618,0.00091,0.00927,0.00305
13.51494,Recovering,0.83980,0.40103,0.76618,0.00095,0.01137,0.00321
13.51731,Recovering,0.83980,0.40103,0.76618,0.00097,0.00738,0.00237
13.51963,Recovering,0.83980,0.40103,0.76618,0.00098,0.00428,0.00232
13.52213,Recovering,0.83980,0.40103,0.76619,0.00083,0.05741,0.00250
13.52556,Recovering,0.83980,0.40103,0.76619,0.00093,0.02865,0.00343
13.52885,Recovering,0.83980,0.40103,0.76619,0.00096,0.00810,0.00328
13.53234,Recovering,0.83980,0.40103,0.76619,0.00090,0.01759,0.00350
13.53539,Recovering,0.83980,0.40103,0.76619,0.00091,0.00524,0.00305
13.53860,Recovering,0.83980,0.40103,0.76619,0.00098,0.02006,0.00320
13.54167,Recovering,0.83980,0.40103,0.76619,0.00091,0.02175,0.00307
13.54523,Recovering,0.83980,0.40103,0.76619,0.00096,0.01403,0.00357
13.54842,Recovering,0.83980,0.40103,0.76619,0.00094,0.00508,0.00318
13.55121,Recovering,0.83980,0.40103,0.76619,0.00093,0.00272,0.00279
13.55402,Recovering,0.83980,0.40103,0.76619,0.00096,0.00963,0.00280
13.55719,Recovering,0.83980,0.40103,0.76620,0.00095,0.00443,0.00317
13.56057,Recovering,0.83980,0.40103,0.76620,0.00093,0.00429,0.00338
13.56361,Recovering,0.83980,0.40103,0.76620,0.00091,0.00741,0.00303
13.56635,Recovering,0.83980,0.40103,0.76620,0.00097,0.02303,0.00274
13.56926,Recovering,0.83980,0.40103,0.76620,0.00090,0.02598,0.00292
13.57175,Recovering,0.83980,0.40103,0.76620,0.00096,0.02460,0.00248
13.57481,Recovering,0.83980,0.40103,0.76620,0.00091,0.01559,0.00307
13.57809,Recovering,0.83980,0.40103,0.76620,0.00093,0.00499,0.00327
13.58174,Recovering,0.83980,0.40103,0.76620,0.00094,0.00306,0.00365
13.58448,Recovering,0.83980,0.40103,0.76620,0.00098,0.01415,0.00274
13.58762,Recovering,0.83980,0.40103,0.76620,0.00095,0.00886,0.00314
13.59101,Recovering,0.83980,0.40103,0.76620,0.00090,0.01442,0.00339
13.59504,Recovering,0.83980,0.40103,0.76621,0.00095,0.01258,0.00404
13.59769,Recovering,0.83980,0.40103,0.76621,0.00089,0.02231,0.00264
13.60085,Recovering,0.83980,0.40103,0.76621,0.00094,0.01514,0.00316
13.60384,Recovering,0.83980,0.40103,0.76621,0.00095,0.00464,0.00300
13.60668,Recovering,0.83980,0.40103,0.76621,0.00092,0.01353,0.00283
13.61019,Recovering,0.83980,0.40103,0.76621,0.00091,0.00066,0.00351
13.61281,Recovering,0.83980,0.40103,0.76621,0.00090,0.00555,0.00262
13.61515,Recovering,0.83980,0.40103,0.76621,0.00097,0.02812,0.00234
13.61770,Recovering,0.83980,0.40103,0.76621,0.00091,0.02278,0.00255
13.62001,Recovering,0.83980,0.40103,0.76621,0.00097,0.02596,0.00231
13.62285,Recovering,0.83980,0.40103,0.76621,0.00092,0.01725,0.00284
13.62573,Recovering,0.83980,0.40103,0.76621,0.00097,0.01688,0.00288
13.62936,Recovering,0.83980,0.40103,0.76622,0.00094,0.00628,0.00362
13.63212,Recovering,0.83980,0.40103,0.76622,0.00093,0.00540,0.00277
13.63500,Recovering,0.83980,0.40103,0.76622,0.00093,0.00138,0.00288
13.63824,Recovering,0.83980,0.40103,0.76622,0.00093,0.00046,0.00324
13.64136,Recovering,0.83980,0.40103,0.76622,0.00095,0.00475,0.00313
13.64441,Recovering,0.83980,0.40103,0.76622,0.00090,0.01486,0.00304
13.64716,Recovering,0.83980,0.40103,0.76622,0.00097,0.02236,0.00276
13.65062,Recovering,0.83980,0.40103,0.76622,0.00089,0.02202,0.00346
13.65332,Recovering,0.83980,0.40103,0.76622,0.00098,0.03292,0.00270
13.65584,Recovering,0.83980,0.40103,0.76622,0.00096,0.00892,0.00252
13.65818,Recovering,0.83980,0.40103,0.76622,0.00092,0.01593,0.00234
13.66098,Recovering,0.83980,0.40103,0.76622,0.00096,0.01287,0.00281
13.66326,Recovering,0.83980,0.40103,0.76622,0.00098,0.01062,0.00228
13.66585,Recovering,0.83980,0.40103,0.76623,0.00089,0.03275,0.00259
13.66892,Recovering,0.83980,0.40103,0.76623,0.00090,0.00247,0.00307
13.67160,Recovering,0.83980,0.40103,0.76623,0.00095,0.01710,0.00268
13.67497,Recovering,0.83980,0.40103,0.76623,0.00093,0.00472,0.00337
13.67805,Recovering,0.83980,0.40103,0.76623,0.00095,0.00694,0.00308
13.68068,Recovering,0.83980,0.40103,0.76623,0.00093,0.00833,0.00264
13.68356,Recovering,0.83980,0.40103,0.76623,0.00093,0.00037,0.00287
13.68677,Recovering,0.83980,0.40103,0.76623,0.00093,0.00026,0.00321
13.69036,Recovering,0.83980,0.40103,0.76623,0.00094,0.00351,0.00359
13.69322,Recovering,0.83980,0.40103,0.76623,0.00093,0.00423,0.00287
13.69584,Recovering,0.83980,0.40103,0.76623,0.00089,0.01452,0.00262
13.69909,Recovering,0.83980,0.40103,0.76624,0.00092,0.00921,0.00325
13.70193,Recovering,0.83980,0.40103,0.76624,0.00088,0.01454,0.00284
13.70456,Recovering,0.83980,0.40103,0.76624,0.00088,0.00062,0.00264
13.70842,Recovering,0.83980,0.40103,0.76624,0.00090,0.00405,0.00386
13.71119,Recovering,0.83980,0.40103,0.76624,0.00096,0.02299,0.00277
13.71345,Recovering,0.83980,0.40103,0.76624,0.00098,0.00727,0.00226
13.71571,Recovering,0.83980,0.40103,0.76624,0.00098,0.00003,0.00226
13.71861,Recovering,0.83980,0.40103,0.76624,0.00093,0.01795,0.00290
13.72211,Recovering,0.83980,0.40103,0.76624,0.00096,0.00872,0.00350
13.72487,Recovering,0.83980,0.40103,0.76624,0.00093,0.01012,0.00276
13.72832,Recovering,0.83980,0.40103,0.76624,0.00091,0.00480,0.00344
13.73081,Recovering,0.83980,0.40103,0.76624,0.00092,0.00148,0.00249
13.73461,Recovering,0.83980,0.40103,0.76625,0.00091,0.00307,0.00379
13.73763,Recovering,0.83980,0.40103,0.76625,0.00094,0.01061,0.00302
13.74087,Recovering,0.83980,0.40103,0.76625,0.00092,0.00415,0.00324
13.74383,Recovering,0.83980,0.40103,0.76625,0.00092,0.00275,0.00296
13.74678,Recovering,0.83980,0.40103,0.76625,0.00088,0.01196,0.00294
13.75037,Recovering,0.83980,0.40103,0.76625,0.00094,0.01727,0.00359
13.75330,Recovering,0.83980,0.40103,0.76625,0.00093,0.00617,0.00293
13.75646,Recovering,0.83980,0.40103,0.76625,0.00094,0.00396,0.00316
13.75924,Recovering,0.83980,0.40103,0.76625,0.00096,0.00840,0.00278
13.76173,Recovering,0.83980,0.40103,0.76625,0.00095,0.00408,0.00249
13.76460,Recovering,0.83980,0.40103,0.76625,0.00090,0.01888,0.00288
13.76838,Recovering,0.83980,0.40103,0.76625,0.00094,0.01035,0.00378
13.77105,Recovering,0.83980,0.40103,0.76626,0.00094,0.00211,0.00267
13.77433,Recovering,0.83980,0.40103,0.76626,0.00094,0.00020,0.00328
13.77723,Recovering,0.83980,0.40103,0.76626,0.00093,0.00568,0.00289
13.78003,Recovering,0.83980,0.40103,0.76626,0.00086,0.02491,0.00281
13.78327,Recovering,0.83980,0.40103,0.76626,0.00095,0.02815,0.00324
13.78590,Recovering,0.83980,0.40103,0.76626,0.00099,0.01792,0.00262
13.78944,Recovering,0.83980,0.40103,0.76626,0.00095,0.01275,0.00354
13.79220,Recovering,0.83980,0.40103,0.76626,0.00093,0.00864,0.00276
13.79504,Recovering,0.83980,0.40103,0.76626,0.00093,0.00275,0.00285
13.79811,Recovering,0.83980,0.40103,0.76626,0.00098,0.01688,0.00306
13.80101,Recovering,0.83980,0.40103,0.76626,0.00093,0.01951,0.00290
13.80431,Recovering,0.83980,0.40103,0.76626,0.00091,0.00621,0.00330
13.80710,Fallen,0.83980,0.40100,0.76627,0.00092,0.00336,0.00279
13.81116,Fallen,0.83980,0.40095,0.76627,0.00097,0.01221,0.00406
13.81379,Fallen,0.83980,0.40092,0.76627,0.00089,0.02781,0.00263
13.81663,Fallen,0.83980,0.40088,0.76627,0.00086,0.01271,0.00284
13.81916,Fallen,0.83980,0.40085,0.76627,0.00083,0.01235,0.00253
13.82161,Fallen,0.83980,0.40082,0.76627,0.00078,0.01738,0.00245
13.82464,Fallen,0.83980,0.40077,0.76627,0.00076,0.00663,0.00303
13.82941,Fallen,0.83980,0.40019,0.76627,0.00090,0.02775,0.00477
13.83253,Fallen,0.83979,0.39980,0.76626,0.00168,0.25232,0.00312
13.83532,Fallen,0.83979,0.39946,0.76626,0.00284,0.41328,0.00280
13.83836,Fallen,0.83977,0.39908,0.76624,0.00434,0.49656,0.00303
13.84154,Fallen,0.83975,0.39869,0.76622,0.00631,0.61555,0.00319
13.84513,Fallen,0.83972,0.39820,0.76619,0.00884,0.70650,0.00359
13.84841,Fallen,0.83968,0.39752,0.76615,0.01191,0.93604,0.00328
13.85108,Fallen,0.83964,0.39697,0.76611,0.01512,1.20426,0.00266
13.85364,Fallen,0.83960,0.39644,0.76607,0.01827,1.22670,0.00257
13.85684,Fallen,0.83953,0.39578,0.76600,0.02226,1.25015,0.00319
13.86037,Fallen,0.83944,0.39505,0.76590,0.02734,1.43661,0.00354
13.86358,Fallen,0.83933,0.39439,0.76580,0.03280,1.70006,0.00321
13.86675,Fallen,0.83922,0.39350,0.76568,0.03834,1.74569,0.00317
13.87016,Fallen,0.83907,0.39245,0.76553,0.04475,1.88467,0.00340
13.87327,Fallen,0.83891,0.39148,0.76537,0.05161,2.20477,0.00311
13.87593,Fallen,0.83876,0.39066,0.76521,0.05805,2.42091,0.00266
13.87956,Fallen,0.83853,0.38954,0.76497,0.06547,2.04714,0.00363
13.88212,Fallen,0.83835,0.38874,0.76478,0.07305,2.95858,0.00256
13.88513,Fallen,0.83811,0.38775,0.76454,0.08001,2.30742,0.00301
13.88875,Fallen,0.83780,0.38625,0.76421,0.08890,2.45932,0.00362
13.89174,Fallen,0.83751,0.38501,0.76391,0.09825,3.13093,0.00299
13.89478,Fallen,0.83719,0.38375,0.76357,0.10713,2.91960,0.00304
13.89834,Fallen,0.83678,0.38227,0.76314,0.11726,2.84244,0.00356
13.90140,Fallen,0.83639,0.38100,0.76273,0.12769,3.40443,0.00306
13.90419,Fallen,0.83601,0.37985,0.76233,0.13694,3.31600,0.00279
13.90702,Fallen,0.83560,0.37842,0.76189,0.14608,3.23293,0.00282
13.90985,Fallen,0.83517,0.37695,0.76142,0.15559,3.36343,0.00283
13.91358,Fallen,0.83454,0.37501,0.76075,0.16724,3.12234,0.00373
13.91629,Fallen,0.83406,0.37360,0.76023,0.17898,4.33433,0.00271
13.92111,Fallen,0.83313,0.37109,0.75922,0.19332,2.96900,0.00483
13.92510,Fallen,0.83229,0.36897,0.75831,0.21042,4.29256,0.00398
13.92832,Fallen,0.83157,0.36696,0.75751,0.22456,4.39972,0.00322
13.93051,Fallen,0.83105,0.36558,0.75694,0.23536,4.90732,0.00220
13.93375,Fallen,0.83026,0.36357,0.75606,0.24648,3.44402,0.00323
13.93756,Fallen,0.82926,0.36118,0.75496,0.26163,3.97230,0.00381
13.94229,Fallen,0.82794,0.35822,0.75348,0.28085,4.06161,0.00473
13.94553,Fallen,0.82698,0.35610,0.75239,0.29909,5.62655,0.00324
13.94825,Fallen,0.82614,0.35410,0.75144,0.31280,5.03403,0.00272
13.95066,Fallen,0.82537,0.35234,0.75057,0.32491,5.03625,0.00241
13.95309,Fallen,0.82456,0.35057,0.74965,0.33656,4.80340,0.00242
13.95598,Fallen,0.82357,0.34845,0.74852,0.34983,4.58547,0.00290
13.95898,Fallen,0.82251,0.34626,0.74729,0.36510,5.09102,0.00300
13.96226,Fallen,0.82130,0.34386,0.74589,0.38190,5.11679,0.00328
13.96515,Fallen,0.82019,0.34168,0.74460,0.39888,5.88568,0.00288
13.96860,Fallen,0.81882,0.33879,0.74300,0.41701,5.24834,0.00345
13.97151,Fallen,0.81763,0.33635,0.74159,0.43600,6.53823,0.00290
13.97432,Fallen,0.81644,0.33399,0.74018,0.45358,6.25458,0.00281
13.97727,Fallen,0.81514,0.33151,0.73864,0.47188,6.19033,0.00296
13.97978,Fallen,0.81402,0.32941,0.73730,0.48977,7.13498,0.00251
13.98262,Fallen,0.81271,0.32703,0.73573,0.50772,6.32914,0.00284
13.98543,Fallen,0.81138,0.32458,0.73412,0.52734,6.98153,0.00281
13.98930,Fallen,0.80949,0.32091,0.73182,0.55183,6.33226,0.00387
13.99242,Fallen,0.80790,0.31794,0.72988,0.57885,8.63595,0.00313
13.99519,Fallen,0.80647,0.31532,0.72812,0.60216,8.43440,0.00276
13.99814,Fallen,0.80490,0.31252,0.72618,0.62540,7.86596,0.00295
14.00052,Fallen,0.80361,0.31027,0.72457,0.64788,9.45006,0.00238
14.00340,Fallen,0.80201,0.30754,0.72257,0.67046,7.83472,0.00288
14.00656,Fallen,0.80021,0.30433,0.72032,0.69761,8.60889,0.00315
